Compound,Replica,Offset,Phe389_Score_Sum_Mean,Phe390_Score_Sum_Mean,strength_389,strength_390,strength_combined,quality_score_389,quality_score_390,major_contributor_389,major_contributor_390,avg_angle_389,avg_angle_390,std_angle_389,std_angle_390
20251115_D2_ARI_cryoEM_rebuild,charmm-gui-6318273309_gromacs_replicate_3,-33,1.3928470059982756,2.4574399839473267,3.7852950973920687e-05,6.727518145956381e-05,5.256406621674225e-05,8.043810365605876e-05,0.00011635099338168681,5,5,0.6032154094339565,0.7195733251255237,0.15570162725886508,0.1363333805270339
