Compound,Replica,Offset,Phe389_Score_Sum_Mean,Phe390_Score_Sum_Mean,strength_389,strength_390,strength_combined,quality_score_389,quality_score_390,major_contributor_389,major_contributor_390,avg_angle_389,avg_angle_390,std_angle_389,std_angle_390
20251115_D2_ARI_cryoEM_rebuild,charmm-gui-6318273309_gromacs_replicate_1,-33,2.801448391033369,2.253837832578348,7.434595091585685e-05,6.269064937134284e-05,6.851830014359984e-05,9.324935063109461e-05,0.00012031249273191402,5,5,0.8387295103822314,0.6981977217647505,0.048253608018196024,0.18884587881797132
