Compound,Replica,Offset,Phe389_Score_Sum_Mean,Phe390_Score_Sum_Mean,strength_389,strength_390,strength_combined,quality_score_389,quality_score_390,major_contributor_389,major_contributor_390,avg_angle_389,avg_angle_390,std_angle_389,std_angle_390
20251130_D2_ROT_cryoEM_rebuild,charmm-gui-6464480808_gromacs_replicate_3,-29,1.837021748263433,2.942889111430708,5.6750355688407795e-05,8.910464420836957e-05,7.292749994838868e-05,9.6049450224369e-05,0.00012206676411106005,2,3,0.6937603087570651,0.8154432161079539,0.17341068452856773,0.12258439406664287
