Compound,Replica,Offset,Phe389_Score_Sum_Mean,Phe390_Score_Sum_Mean,strength_389,strength_390,strength_combined,quality_score_389,quality_score_390,major_contributor_389,major_contributor_390,avg_angle_389,avg_angle_390,std_angle_389,std_angle_390
20251122_D2_S10_cryoEM_rebuild,charmm-gui-6378570975_gromacs_replicate_3,-29,3.0091932298196657,3.186580479763127,5.619880559302852e-05,6.137222300781948e-05,5.8785514300424e-05,0.00010312700977779042,0.00012716904252588565,9,9,0.7557070317443136,0.7498600160109348,0.08409076510761766,0.15533959324442626
