Compound,Replica,Offset,Phe389_Score_Sum_Mean,Phe390_Score_Sum_Mean,strength_389,strength_390,strength_combined,quality_score_389,quality_score_390,major_contributor_389,major_contributor_390,avg_angle_389,avg_angle_390,std_angle_389,std_angle_390
20251202_D2_S84_boltz,charmm-gui-6467960487_gromacs_replicate_2,-29,4.128287350050626,3.9988723737968734,5.847675966971305e-05,5.9446135948685536e-05,5.896144780919929e-05,0.00010535111416073679,0.00010216269514880706,9,8,0.7209470116685712,0.667791450704347,0.14891761914002413,0.19029646444736628
