Compound,Replica,Offset,Phe389_Score_Sum_Mean,Phe390_Score_Sum_Mean,strength_389,strength_390,strength_combined,quality_score_389,quality_score_390,major_contributor_389,major_contributor_390,avg_angle_389,avg_angle_390,std_angle_389,std_angle_390
20251123_D2_UNC_Boltz,charmm-gui-6390900267_gromacs_replicate_1,-29,3.0952142627713446,1.3663538696116821,6.343528345167987e-05,3.330998071480691e-05,4.837263208324339e-05,9.96568904838245e-05,6.878411468076782e-05,3,5,0.7310251227801986,0.45814781505741436,0.1335769148814629,0.20555977827930794
