                      :-) GROMACS - gmx mdrun, 2025.2 (-:

Copyright 1991-2025 The GROMACS Authors.
GROMACS is free software; you can redistribute it and/or modify it
under the terms of the GNU Lesser General Public License
as published by the Free Software Foundation; either version 2.1
of the License, or (at your option) any later version.

                         Current GROMACS contributors:
       Mark Abraham           Andrey Alekseenko           Brian Andrews       
      Vladimir Basov              Paul Bauer                Hugh Bird         
      Eliane Briand               Ania Brown              Mahesh Doijade      
      Giacomo Fiorin          Stefan Fleischmann          Sergey Gorelov      
   Gilles Gouaillardet            Alan Gray              M. Eric Irrgang      
   Farzaneh Jalalypour         Petter Johansson          Carsten Kutzner      
    Grzegorz Łazarski         Justin A. Lemkul          Magnus Lundborg      
       Pascal Merz             Vedran Miletić            Dmitry Morozov      
     Lukas Müllender            Julien Nabet             Szilárd Páll      
 Andrea Pasquadibisceglie     Michele Pellegrino         Nicola Piasentin     
     Daniele Rapetti         Muhammad Umair Sadiq         Hubert Santuz       
      Roland Schulz             Michael Shirts           Tatiana Shugaeva     
     Alexey Shvetsov            Philip Turner            Alessandra Villa     
 Sebastian Wingbermühle  

                         Previous GROMACS contributors:
        Emile Apol             Rossen Apostolov           James Barnett       
  Herman J.C. Berendsen         Cathrine Bergh             Par Bjelkmar       
      Christian Blau          Viacheslav Bolnykh            Kevin Boyd        
    Aldert van Buuren          Carlo Camilloni           Rudi van Drunen      
      Anton Feenstra           Oliver Fleetwood            Vytas Gapsys       
       Gaurav Garg             Gerrit Groenhof            Bert de Groot       
      Anca Hamuraru           Vincent Hindriksen          Victor Holanda      
     Aleksei Iupinov              Joe Jordan            Christoph Junghans    
    Prashanth Kanduri        Dimitrios Karkoulis           Peter Kasson       
      Sebastian Kehl           Sebastian Keller             Jiri Kraus        
       Per Larsson              Viveca Lindahl            Erik Marklund       
    Pieter Meulenhoff           Teemu Murtola              Sander Pronk       
      Alfons Sijbers            Balint Soproni         David van der Spoel    
      Peter Tieleman            Carsten Uphoff             Jon Vincent        
     Teemu Virolainen         Christian Wennberg           Maarten Wolf       
      Artem Zhmurov       

                  Coordinated by the GROMACS project leaders:
                           Berk Hess and Erik Lindahl

GROMACS:      gmx mdrun, version 2025.2
Executable:   /home/hongyu/soft/gromacs/2025.2-mpi-cuda/bin/gmx_mpi
Data prefix:  /home/hongyu/soft/gromacs/2025.2-mpi-cuda
Working dir:  /home/hongyu/MD/1_D2_Potency_Project/egnn/predict/Com4
Process ID:   219714
Command line:
  gmx mdrun -v -deffnm /home/hongyu/MD/1_D2_Potency_Project/egnn/predict/Com4/charmm-gui-7053423404/gromacs_replicate_3/step6.3_equilibration

GROMACS version:     2025.2
Precision:           mixed
Memory model:        64 bit
MPI library:         MPI
MPI library version: Open MPI v4.1.6, package: Debian OpenMPI, ident: 4.1.6, repo rev: v4.1.6, Sep 30, 2023
OpenMP support:      enabled (GMX_OPENMP_MAX_THREADS = 128)
GPU support:         CUDA
NBNxM GPU setup:     super-cluster 2x2x2 / cluster 8 (cluster-pair splitting on)
SIMD instructions:   AVX2_256
CPU FFT library:     fftw-3.3.10-sse2-avx-avx2-avx2_128
GPU FFT library:     cuFFT
Multi-GPU FFT:       none
RDTSCP usage:        enabled
TNG support:         enabled
Hwloc support:       disabled
Tracing support:     disabled
C compiler:          /usr/bin/cc GNU 11.4.0
C compiler flags:    -fexcess-precision=fast -funroll-all-loops -mavx2 -mfma -Wno-missing-field-initializers -O3 -DNDEBUG
C++ compiler:        /usr/bin/c++ GNU 11.4.0
C++ compiler flags:  -fexcess-precision=fast -funroll-all-loops -mavx2 -mfma -Wno-missing-field-initializers -Wno-old-style-cast -Wno-cast-qual -Wno-suggest-override -Wno-suggest-destructor-override -Wno-zero-as-null-pointer-constant -Wno-cast-function-type-strict SHELL:-fopenmp -O3 -DNDEBUG
BLAS library:        External - detected on the system
LAPACK library:      External - detected on the system
CUDA compiler:       /usr/local/cuda/bin/nvcc nvcc: NVIDIA (R) Cuda compiler driver;Copyright (c) 2005-2025 NVIDIA Corporation;Built on Wed_Jan_15_19:20:09_PST_2025;Cuda compilation tools, release 12.8, V12.8.61;Build cuda_12.8.r12.8/compiler.35404655_0
CUDA compiler flags: -O3 -DNDEBUG
CUDA driver:         13.10
CUDA runtime:        12.80


Running on 1 node with total 10 cores, 20 processing units, 1 compatible GPU
Hardware detected on host WHY (the node of MPI rank 0):
  CPU info:
    Vendor: Intel
    Brand:  Intel(R) Core(TM) i7-14700KF
    Family: 6   Model: 183   Stepping: 1
    Features: aes apic avx avx2 clfsh cmov cx8 cx16 f16c fma htt intel lahf mmx msr nonstop_tsc pcid pclmuldq pdpe1gb popcnt pse rdrnd rdtscp sha sse2 sse3 sse4.1 sse4.2 ssse3 tdt x2apic
  Hardware topology: Basic
    Packages, cores, and logical processors:
    [indices refer to OS logical processors]
      Package  0: [   0   1] [   2   3] [   4   5] [   6   7] [   8   9] [  10  11] [  12  13] [  14  15] [  16  17] [  18  19]
    CPU limit set by OS: -1   Recommended max number of threads: 20
  GPU info:
    Number of GPUs detected: 1
    #0: NVIDIA NVIDIA GeForce RTX 5070 Ti, compute cap.: 12.0, ECC:  no, stat: compatible


++++ PLEASE READ AND CITE THE FOLLOWING REFERENCE ++++
M. J. Abraham, T. Murtola, R. Schulz, S. Páll, J. C. Smith, B. Hess, E.
Lindahl
GROMACS: High performance molecular simulations through multi-level
parallelism from laptops to supercomputers
SoftwareX (2015)
DOI: 10.1016/j.softx.2015.06.001
-------- -------- --- Thank You --- -------- --------


++++ PLEASE READ AND CITE THE FOLLOWING REFERENCE ++++
S. Páll, M. J. Abraham, C. Kutzner, B. Hess, E. Lindahl
Tackling Exascale Software Challenges in Molecular Dynamics Simulations with
GROMACS
In S. Markidis & E. Laure (Eds.), Solving Software Challenges for Exascale (2015)
DOI: 10.1007/978-3-319-15976-8_1
-------- -------- --- Thank You --- -------- --------


++++ PLEASE READ AND CITE THE FOLLOWING REFERENCE ++++
S. Pronk, S. Páll, R. Schulz, P. Larsson, P. Bjelkmar, R. Apostolov, M. R.
Shirts, J. C. Smith, P. M. Kasson, D. van der Spoel, B. Hess, E. Lindahl
GROMACS 4.5: a high-throughput and highly parallel open source molecular
simulation toolkit
Bioinformatics (2013)
DOI: 10.1093/bioinformatics/btt055
-------- -------- --- Thank You --- -------- --------


++++ PLEASE READ AND CITE THE FOLLOWING REFERENCE ++++
B. Hess, C. Kutzner, D. van der Spoel, E. Lindahl
GROMACS 4: Algorithms for highly efficient, load-balanced, and scalable
molecular simulation
J. Chem. Theory Comput. (2008)
DOI: 10.1021/ct700301q
-------- -------- --- Thank You --- -------- --------


++++ PLEASE READ AND CITE THE FOLLOWING REFERENCE ++++
D. van der Spoel, E. Lindahl, B. Hess, G. Groenhof, A. E. Mark, H. J. C.
Berendsen
GROMACS: Fast, Flexible and Free
J. Comp. Chem. (2005)
DOI: 10.1002/jcc.20291
-------- -------- --- Thank You --- -------- --------


++++ PLEASE READ AND CITE THE FOLLOWING REFERENCE ++++
E. Lindahl, B. Hess, D. van der Spoel
GROMACS 3.0: A package for molecular simulation and trajectory analysis
J. Mol. Mod. (2001)
DOI: 10.1007/s008940100045
-------- -------- --- Thank You --- -------- --------


++++ PLEASE READ AND CITE THE FOLLOWING REFERENCE ++++
H. J. C. Berendsen, D. van der Spoel and R. van Drunen
GROMACS: A message-passing parallel molecular dynamics implementation
Comp. Phys. Comm. (1995)
DOI: 10.1016/0010-4655(95)00042-E
-------- -------- --- Thank You --- -------- --------


++++ PLEASE CITE THE DOI FOR THIS VERSION OF GROMACS ++++
https://doi.org/10.5281/zenodo.15387018
-------- -------- --- Thank You --- -------- --------

Input Parameters:
   integrator                     = md
   tinit                          = 0
   dt                             = 0.001
   nsteps                         = 125000
   init-step                      = 0
   simulation-part                = 1
   mts                            = false
   mass-repartition-factor        = 1
   comm-mode                      = Linear
   nstcomm                        = 100
   bd-fric                        = 0
   ld-seed                        = -873889825
   emtol                          = 10
   emstep                         = 0.01
   niter                          = 20
   fcstep                         = 0
   nstcgsteep                     = 1000
   nbfgscorr                      = 10
   rtpi                           = 0.05
   nstxout                        = 0
   nstvout                        = 0
   nstfout                        = 0
   nstlog                         = 1000
   nstcalcenergy                  = 100
   nstenergy                      = 1000
   nstxout-compressed             = 5000
   compressed-x-precision         = 1000
   cutoff-scheme                  = Verlet
   nstlist                        = 20
   pbc                            = xyz
   periodic-molecules             = false
   verlet-buffer-tolerance        = 0.005
   verlet-buffer-pressure-tolerance = 0.5
   rlist                          = 1.2
   coulombtype                    = PME
   coulomb-modifier               = Potential-shift
   rcoulomb-switch                = 0
   rcoulomb                       = 1.2
   epsilon-r                      = 1
   epsilon-rf                     = inf
   vdw-type                       = Cut-off
   vdw-modifier                   = Force-switch
   rvdw-switch                    = 1
   rvdw                           = 1.2
   DispCorr                       = No
   table-extension                = 1
   fourierspacing                 = 0.12
   fourier-nx                     = 96
   fourier-ny                     = 96
   fourier-nz                     = 120
   pme-order                      = 4
   ewald-rtol                     = 1e-05
   ewald-rtol-lj                  = 0.001
   lj-pme-comb-rule               = Geometric
   ewald-geometry                 = 3d
   epsilon-surface                = 0
   ensemble-temperature-setting   = constant
   ensemble-temperature           = 310.15
   tcoupl                         = V-rescale
   nsttcouple                     = 100
   nh-chain-length                = 0
   print-nose-hoover-chain-variables = false
   pcoupl                         = C-rescale
   pcoupltype                     = Semiisotropic
   nstpcouple                     = 100
   tau-p                          = 5
   compressibility (3x3):
      compressibility[    0]={ 4.50000e-05,  0.00000e+00,  0.00000e+00}
      compressibility[    1]={ 0.00000e+00,  4.50000e-05,  0.00000e+00}
      compressibility[    2]={ 0.00000e+00,  0.00000e+00,  4.50000e-05}
   ref-p (3x3):
      ref-p[    0]={ 1.00000e+00,  0.00000e+00,  0.00000e+00}
      ref-p[    1]={ 0.00000e+00,  1.00000e+00,  0.00000e+00}
      ref-p[    2]={ 0.00000e+00,  0.00000e+00,  1.00000e+00}
   refcoord-scaling               = COM
   posres-com (2x3):
      posres-com[    0]={ 4.80556e-01,  5.00942e-01,  5.40276e-01}
      posres-com[    1]={ 0.00000e+00,  0.00000e+00,  0.00000e+00}
   posres-comB (2x3):
      posres-comB[    0]={ 4.80556e-01,  5.00942e-01,  5.40276e-01}
      posres-comB[    1]={ 0.00000e+00,  0.00000e+00,  0.00000e+00}
   QMMM                           = false
qm-opts:
   ngQM                           = 0
   constraint-algorithm           = Lincs
   continuation                   = true
   Shake-SOR                      = false
   shake-tol                      = 0.0001
   lincs-order                    = 4
   lincs-iter                     = 1
   lincs-warnangle                = 30
   nwall                          = 0
   wall-type                      = 9-3
   wall-r-linpot                  = -1
   wall-atomtype[0]               = -1
   wall-atomtype[1]               = -1
   wall-density[0]                = 0
   wall-density[1]                = 0
   wall-ewald-zfac                = 3
   pull                           = false
   awh                            = false
   rotation                       = false
   interactiveMD                  = false
   disre                          = No
   disre-weighting                = Conservative
   disre-mixed                    = false
   dr-fc                          = 1000
   dr-tau                         = 0
   nstdisreout                    = 100
   orire-fc                       = 0
   orire-tau                      = 0
   nstorireout                    = 100
   free-energy                    = no
   cos-acceleration               = 0
   deform (3x3):
      deform[    0]={ 0.00000e+00,  0.00000e+00,  0.00000e+00}
      deform[    1]={ 0.00000e+00,  0.00000e+00,  0.00000e+00}
      deform[    2]={ 0.00000e+00,  0.00000e+00,  0.00000e+00}
   simulated-tempering            = false
   swapcoords                     = no
   userint1                       = 0
   userint2                       = 0
   userint3                       = 0
   userint4                       = 0
   userreal1                      = 0
   userreal2                      = 0
   userreal3                      = 0
   userreal4                      = 0
   applied-forces:
     electric-field:
       x:
         E0                       = 0
         omega                    = 0
         t0                       = 0
         sigma                    = 0
       y:
         E0                       = 0
         omega                    = 0
         t0                       = 0
         sigma                    = 0
       z:
         E0                       = 0
         omega                    = 0
         t0                       = 0
         sigma                    = 0
     density-guided-simulation:
       active                     = false
       group                      = protein
       similarity-measure         = inner-product
       atom-spreading-weight      = unity
       force-constant             = 1e+09
       gaussian-transform-spreading-width = 0.2
       gaussian-transform-spreading-range-in-multiples-of-width = 4
       reference-density-filename = reference.mrc
       nst                        = 1
       normalize-densities        = true
       adaptive-force-scaling     = false
       adaptive-force-scaling-time-constant = 4
       shift-vector               = 
       transformation-matrix      = 
     qmmm-cp2k:
       active                     = false
       qmgroup                    = System
       qmmethod                   = PBE
       qmfilenames                = 
       qmcharge                   = 0
       qmmultiplicity             = 1
     colvars:
       active                     = false
       configfile                 = 
       seed                       = -1
     nnpot:
       active                     = false
       modelfile                  = model.pt
       input-group                = System
       model-input1               = 
       model-input2               = 
       model-input3               = 
       model-input4               = 
grpopts:
   nrdf:     25212.4      102340      212814
   ref-t:      310.15      310.15      310.15
   tau-t:           1           1           1
annealing:          No          No          No
annealing-npoints:           0           0           0
   acc:	           0           0           0
   nfreeze:           N           N           N
   energygrp-flags[  0]: 0

Changing nstlist from 20 to 100, rlist from 1.2 to 1.285

Update groups can not be used for this system because atoms that are (in)directly constrained together are interdispersed with other atoms

GPU-aware MPI was not detected, will not use direct GPU communication. Check the GROMACS install guide for recommendations for GPU-aware support. If you are certain about GPU-aware support in your MPI library, you can force its use by setting the GMX_FORCE_GPU_AWARE_MPI environment variable.

Local state does not use filler particles

1 GPU selected for this run.
Mapping of GPU IDs to the 2 GPU tasks in the 1 rank on this node:
  PP:0,PME:0
PP tasks will do (non-perturbed) short-ranged interactions on the GPU
PP task will update and constrain coordinates on the GPU
PME tasks will do all aspects on the GPU
Using 1 MPI process
Using 20 OpenMP threads 

System total charge: 0.000
Will do PME sum in reciprocal space for electrostatic interactions.

++++ PLEASE READ AND CITE THE FOLLOWING REFERENCE ++++
U. Essmann, L. Perera, M. L. Berkowitz, T. Darden, H. Lee, L. G. Pedersen 
A smooth particle mesh Ewald method
J. Chem. Phys. (1995)
DOI: 10.1063/1.470117
-------- -------- --- Thank You --- -------- --------

Using a Gaussian width (1/beta) of 0.384195 nm for Ewald
Potential shift: LJ r^-12: -2.648e-01 r^-6: -5.349e-01, Ewald -8.333e-06
Initialized non-bonded Coulomb Ewald tables, spacing: 1.02e-03 size: 1176

Generated table with 1142 data points for 1-4 COUL.
Tabscale = 500 points/nm
Generated table with 1142 data points for 1-4 LJ6.
Tabscale = 500 points/nm
Generated table with 1142 data points for 1-4 LJ12.
Tabscale = 500 points/nm


Using GPU 8x4 nonbonded short-range kernels

NBNxM GPU setup: super-cluster 2x2x2

Using a dual 8x4 pair-list setup updated with dynamic, rolling pruning:
  outer list: updated every 100 steps, buffer 0.085 nm, rlist 1.285 nm
  inner list: updated every  32 steps, buffer 0.003 nm, rlist 1.203 nm
At tolerance 0.005 kJ/mol/ps per atom, equivalent classical 1x1 list would be:
  outer list: updated every 100 steps, buffer 0.209 nm, rlist 1.409 nm
  inner list: updated every  32 steps, buffer 0.069 nm, rlist 1.269 nm

The average pressure is off by at most 0.31 bar due to missing LJ interactions

Pinning threads with an auto-selected logical cpu stride of 1

Initializing LINear Constraint Solver

++++ PLEASE READ AND CITE THE FOLLOWING REFERENCE ++++
B. Hess, H. Bekker, H. J. C. Berendsen, J. G. E. M. Fraaije
LINCS: A Linear Constraint Solver for molecular simulations
J. Comp. Chem. (1997)
DOI: 10.1002/(sici)1096-987x(199709)18:12<1463::aid-jcc4>3.0.co;2-h
-------- -------- --- Thank You --- -------- --------

The number of constraints is 31301

++++ PLEASE READ AND CITE THE FOLLOWING REFERENCE ++++
S. Miyamoto, P. A. Kollman
SETTLE: An Analytical Version of the SHAKE and RATTLE Algorithms for Rigid
Water Models
J. Comp. Chem. (1992)
DOI: 10.1002/jcc.540130805
-------- -------- --- Thank You --- -------- --------


++++ PLEASE READ AND CITE THE FOLLOWING REFERENCE ++++
G. Bussi, D. Donadio, M. Parrinello
Canonical sampling through velocity rescaling
J. Chem. Phys. (2007)
DOI: 10.1063/1.2408420
-------- -------- --- Thank You --- -------- --------


++++ PLEASE READ AND CITE THE FOLLOWING REFERENCE ++++
M. Bernetti, G. Bussi
Pressure control using stochastic cell rescaling
J. Chem. Phys. (2020)
DOI: 10.1063/5.0020514
-------- -------- --- Thank You --- -------- --------

There are: 159253 Atoms

Updating coordinates and applying constraints on the GPU.
Center of mass motion removal mode is Linear
We have the following groups for center of mass motion removal:
  0:  SOLU_MEMB
  1:  SOLV

Started mdrun on rank 0 Mon Feb  9 03:47:39 2026

           Step           Time
              0        0.00000

   Energies (kJ/mol)
           Bond            U-B    Proper Dih.  Improper Dih.      CMAP Dih.
    2.83101e+04    1.32195e+05    9.58106e+04    1.99479e+03   -8.97401e+00
          LJ-14     Coulomb-14        LJ (SR)   Coulomb (SR)   Coul. recip.
    2.14801e+04    1.40926e+05    7.03196e+04   -2.04327e+06    8.78635e+03
 Position Rest.     Dih. Rest.      Potential    Kinetic En.   Total Energy
    2.27045e+03    1.93229e+02   -1.54100e+06    4.44972e+05   -1.09602e+06
  Conserved En.    Temperature Pressure (bar)   Constr. rmsd
   -1.09588e+06    3.14472e+02   -3.82371e+02    0.00000e+00

           Step           Time
           1000        1.00000

   Energies (kJ/mol)
           Bond            U-B    Proper Dih.  Improper Dih.      CMAP Dih.
    2.83864e+04    1.32567e+05    9.57191e+04    1.98395e+03   -1.63199e+02
          LJ-14     Coulomb-14        LJ (SR)   Coulomb (SR)   Coul. recip.
    2.09961e+04    1.40022e+05    7.11056e+04   -2.04436e+06    8.61975e+03
 Position Rest.     Dih. Rest.      Potential    Kinetic En.   Total Energy
    3.21488e+03    2.59128e+02   -1.54165e+06    4.39232e+05   -1.10242e+06
  Conserved En.    Temperature Pressure (bar)   Constr. rmsd
   -1.10045e+06    3.10415e+02   -3.44496e+02    0.00000e+00

step 1500: timed with pme grid 96 96 120, coulomb cutoff 1.200: 1349.7 M-cycles
step 1700: timed with pme grid 84 84 108, coulomb cutoff 1.308: 1121.9 M-cycles
step 1900: timed with pme grid 72 72 96, coulomb cutoff 1.523: 1576.2 M-cycles
           Step           Time
           2000        2.00000

   Energies (kJ/mol)
           Bond            U-B    Proper Dih.  Improper Dih.      CMAP Dih.
    2.85744e+04    1.32595e+05    9.61116e+04    2.05219e+03   -8.57419e+01
          LJ-14     Coulomb-14        LJ (SR)   Coulomb (SR)   Coul. recip.
    2.12913e+04    1.39662e+05    7.04853e+04   -2.03952e+06    4.46647e+03
 Position Rest.     Dih. Rest.      Potential    Kinetic En.   Total Energy
    3.23505e+03    2.95669e+02   -1.54084e+06    4.38004e+05   -1.10283e+06
  Conserved En.    Temperature Pressure (bar)   Constr. rmsd
   -1.09972e+06    3.09548e+02   -2.54505e+02    0.00000e+00

step 2100: timed with pme grid 80 80 96, coulomb cutoff 1.472: 1832.8 M-cycles
step 2300: timed with pme grid 80 80 100, coulomb cutoff 1.413: 1688.3 M-cycles
step 2500: timed with pme grid 80 80 104, coulomb cutoff 1.370: 1529.0 M-cycles
step 2700: timed with pme grid 84 84 104, coulomb cutoff 1.358: 1448.4 M-cycles
step 2900: timed with pme grid 84 84 108, coulomb cutoff 1.308: 1465.2 M-cycles
           Step           Time
           3000        3.00000

   Energies (kJ/mol)
           Bond            U-B    Proper Dih.  Improper Dih.      CMAP Dih.
    2.79750e+04    1.32546e+05    9.58991e+04    2.07257e+03   -1.53091e+02
          LJ-14     Coulomb-14        LJ (SR)   Coulomb (SR)   Coul. recip.
    2.13389e+04    1.39912e+05    6.86494e+04   -2.03934e+06    7.32968e+03
 Position Rest.     Dih. Rest.      Potential    Kinetic En.   Total Energy
    3.20823e+03    2.56446e+02   -1.54031e+06    4.39151e+05   -1.10116e+06
  Conserved En.    Temperature Pressure (bar)   Constr. rmsd
   -1.09892e+06    3.10358e+02   -3.25643e+02    0.00000e+00

step 3100: timed with pme grid 96 96 112, coulomb cutoff 1.261: 1817.4 M-cycles
              optimal pme grid 84 84 108, coulomb cutoff 1.308
           Step           Time
           4000        4.00000

   Energies (kJ/mol)
           Bond            U-B    Proper Dih.  Improper Dih.      CMAP Dih.
    2.83335e+04    1.33171e+05    9.58095e+04    2.32356e+03   -9.87179e+01
          LJ-14     Coulomb-14        LJ (SR)   Coulomb (SR)   Coul. recip.
    2.12179e+04    1.40326e+05    6.92761e+04   -2.04137e+06    6.46426e+03
 Position Rest.     Dih. Rest.      Potential    Kinetic En.   Total Energy
    3.24716e+03    3.07046e+02   -1.54100e+06    4.40408e+05   -1.10059e+06
  Conserved En.    Temperature Pressure (bar)   Constr. rmsd
   -1.09827e+06    3.11247e+02   -4.33844e+02    0.00000e+00

           Step           Time
           5000        5.00000

   Energies (kJ/mol)
           Bond            U-B    Proper Dih.  Improper Dih.      CMAP Dih.
    2.84450e+04    1.33064e+05    9.58104e+04    2.15826e+03   -1.08806e+02
          LJ-14     Coulomb-14        LJ (SR)   Coulomb (SR)   Coul. recip.
    2.10675e+04    1.39789e+05    7.01877e+04   -2.04383e+06    6.37009e+03
 Position Rest.     Dih. Rest.      Potential    Kinetic En.   Total Energy
    3.29910e+03    2.31682e+02   -1.54352e+06    4.40579e+05   -1.10294e+06
  Conserved En.    Temperature Pressure (bar)   Constr. rmsd
   -1.09763e+06    3.11367e+02   -3.64589e+02    0.00000e+00

           Step           Time
           6000        6.00000

   Energies (kJ/mol)
           Bond            U-B    Proper Dih.  Improper Dih.      CMAP Dih.
    2.82688e+04    1.33198e+05    9.61210e+04    2.34508e+03   -1.29317e+02
          LJ-14     Coulomb-14        LJ (SR)   Coulomb (SR)   Coul. recip.
    2.12583e+04    1.39358e+05    6.91361e+04   -2.04219e+06    6.54054e+03
 Position Rest.     Dih. Rest.      Potential    Kinetic En.   Total Energy
    3.15532e+03    2.51496e+02   -1.54269e+06    4.37065e+05   -1.10562e+06
  Conserved En.    Temperature Pressure (bar)   Constr. rmsd
   -1.09688e+06    3.08884e+02   -3.05650e+02    0.00000e+00

           Step           Time
           7000        7.00000

   Energies (kJ/mol)
           Bond            U-B    Proper Dih.  Improper Dih.      CMAP Dih.
    2.79443e+04    1.33009e+05    9.57878e+04    2.16965e+03   -7.27258e+01
          LJ-14     Coulomb-14        LJ (SR)   Coulomb (SR)   Coul. recip.
    2.15655e+04    1.40174e+05    7.10844e+04   -2.04592e+06    6.36825e+03
 Position Rest.     Dih. Rest.      Potential    Kinetic En.   Total Energy
    3.27499e+03    2.60467e+02   -1.54435e+06    4.39984e+05   -1.10437e+06
  Conserved En.    Temperature Pressure (bar)   Constr. rmsd
   -1.09652e+06    3.10947e+02   -7.78203e+01    0.00000e+00

           Step           Time
           8000        8.00000

   Energies (kJ/mol)
           Bond            U-B    Proper Dih.  Improper Dih.      CMAP Dih.
    2.76636e+04    1.32442e+05    9.57393e+04    2.09648e+03   -8.81334e+01
          LJ-14     Coulomb-14        LJ (SR)   Coulomb (SR)   Coul. recip.
    2.13462e+04    1.40148e+05    6.86426e+04   -2.04320e+06    6.32428e+03
 Position Rest.     Dih. Rest.      Potential    Kinetic En.   Total Energy
    3.25167e+03    2.65465e+02   -1.54537e+06    4.38938e+05   -1.10643e+06
  Conserved En.    Temperature Pressure (bar)   Constr. rmsd
   -1.09622e+06    3.10208e+02   -3.09999e+02    0.00000e+00

           Step           Time
           9000        9.00000

   Energies (kJ/mol)
           Bond            U-B    Proper Dih.  Improper Dih.      CMAP Dih.
    2.86059e+04    1.32525e+05    9.63319e+04    2.13844e+03   -1.69138e+02
          LJ-14     Coulomb-14        LJ (SR)   Coulomb (SR)   Coul. recip.
    2.12855e+04    1.39538e+05    7.14650e+04   -2.04458e+06    6.37573e+03
 Position Rest.     Dih. Rest.      Potential    Kinetic En.   Total Energy
    3.22021e+03    2.50417e+02   -1.54301e+06    4.37529e+05   -1.10548e+06
  Conserved En.    Temperature Pressure (bar)   Constr. rmsd
   -1.09566e+06    3.09212e+02   -2.38017e+02    0.00000e+00

           Step           Time
          10000       10.00000

   Energies (kJ/mol)
           Bond            U-B    Proper Dih.  Improper Dih.      CMAP Dih.
    2.86461e+04    1.32157e+05    9.56458e+04    2.12601e+03   -4.39461e+01
          LJ-14     Coulomb-14        LJ (SR)   Coulomb (SR)   Coul. recip.
    2.11753e+04    1.39773e+05    6.85942e+04   -2.04218e+06    6.33654e+03
 Position Rest.     Dih. Rest.      Potential    Kinetic En.   Total Energy
    3.19291e+03    2.58906e+02   -1.54432e+06    4.38611e+05   -1.10571e+06
  Conserved En.    Temperature Pressure (bar)   Constr. rmsd
   -1.09483e+06    3.09977e+02   -2.88312e+02    0.00000e+00

           Step           Time
          11000       11.00000

   Energies (kJ/mol)
           Bond            U-B    Proper Dih.  Improper Dih.      CMAP Dih.
    2.83382e+04    1.33090e+05    9.60834e+04    2.04345e+03   -1.72066e+02
          LJ-14     Coulomb-14        LJ (SR)   Coulomb (SR)   Coul. recip.
    2.12448e+04    1.39248e+05    6.96802e+04   -2.04230e+06    6.59401e+03
 Position Rest.     Dih. Rest.      Potential    Kinetic En.   Total Energy
    3.19149e+03    2.90725e+02   -1.54266e+06    4.39938e+05   -1.10273e+06
  Conserved En.    Temperature Pressure (bar)   Constr. rmsd
   -1.09417e+06    3.10915e+02   -2.51933e+02    0.00000e+00

           Step           Time
          12000       12.00000

   Energies (kJ/mol)
           Bond            U-B    Proper Dih.  Improper Dih.      CMAP Dih.
    2.83529e+04    1.33131e+05    9.55526e+04    2.06200e+03   -2.29057e+01
          LJ-14     Coulomb-14        LJ (SR)   Coulomb (SR)   Coul. recip.
    2.14126e+04    1.39993e+05    6.89122e+04   -2.04186e+06    6.48409e+03
 Position Rest.     Dih. Rest.      Potential    Kinetic En.   Total Energy
    3.32392e+03    2.35040e+02   -1.54242e+06    4.39592e+05   -1.10283e+06
  Conserved En.    Temperature Pressure (bar)   Constr. rmsd
   -1.09332e+06    3.10670e+02   -2.52122e+02    0.00000e+00

           Step           Time
          13000       13.00000

   Energies (kJ/mol)
           Bond            U-B    Proper Dih.  Improper Dih.      CMAP Dih.
    2.82168e+04    1.32400e+05    9.58138e+04    2.06037e+03   -1.67070e+02
          LJ-14     Coulomb-14        LJ (SR)   Coulomb (SR)   Coul. recip.
    2.13152e+04    1.39141e+05    7.00615e+04   -2.04321e+06    6.42200e+03
 Position Rest.     Dih. Rest.      Potential    Kinetic En.   Total Energy
    3.27150e+03    2.78610e+02   -1.54440e+06    4.39780e+05   -1.10462e+06
  Conserved En.    Temperature Pressure (bar)   Constr. rmsd
   -1.09260e+06    3.10803e+02   -2.28106e+02    0.00000e+00

           Step           Time
          14000       14.00000

   Energies (kJ/mol)
           Bond            U-B    Proper Dih.  Improper Dih.      CMAP Dih.
    2.80441e+04    1.31828e+05    9.60954e+04    2.02982e+03   -8.10872e+01
          LJ-14     Coulomb-14        LJ (SR)   Coulomb (SR)   Coul. recip.
    2.12228e+04    1.39290e+05    6.98047e+04   -2.04336e+06    6.43594e+03
 Position Rest.     Dih. Rest.      Potential    Kinetic En.   Total Energy
    3.24501e+03    2.61569e+02   -1.54519e+06    4.37063e+05   -1.10812e+06
  Conserved En.    Temperature Pressure (bar)   Constr. rmsd
   -1.09175e+06    3.08883e+02   -2.29505e+02    0.00000e+00

           Step           Time
          15000       15.00000

   Energies (kJ/mol)
           Bond            U-B    Proper Dih.  Improper Dih.      CMAP Dih.
    2.77553e+04    1.32678e+05    9.60392e+04    2.10791e+03   -1.32502e+02
          LJ-14     Coulomb-14        LJ (SR)   Coulomb (SR)   Coul. recip.
    2.10874e+04    1.39402e+05    6.93154e+04   -2.04377e+06    6.51185e+03
 Position Rest.     Dih. Rest.      Potential    Kinetic En.   Total Energy
    3.42066e+03    2.64526e+02   -1.54532e+06    4.38355e+05   -1.10697e+06
  Conserved En.    Temperature Pressure (bar)   Constr. rmsd
   -1.09136e+06    3.09796e+02   -8.29245e+01    0.00000e+00

           Step           Time
          16000       16.00000

   Energies (kJ/mol)
           Bond            U-B    Proper Dih.  Improper Dih.      CMAP Dih.
    2.81043e+04    1.32878e+05    9.59599e+04    2.21213e+03   -9.56160e+01
          LJ-14     Coulomb-14        LJ (SR)   Coulomb (SR)   Coul. recip.
    2.14409e+04    1.40027e+05    6.71784e+04   -2.04118e+06    6.50196e+03
 Position Rest.     Dih. Rest.      Potential    Kinetic En.   Total Energy
    3.25111e+03    2.63529e+02   -1.54346e+06    4.38621e+05   -1.10484e+06
  Conserved En.    Temperature Pressure (bar)   Constr. rmsd
   -1.09108e+06    3.09984e+02   -2.44848e+02    0.00000e+00

           Step           Time
          17000       17.00000

   Energies (kJ/mol)
           Bond            U-B    Proper Dih.  Improper Dih.      CMAP Dih.
    2.82558e+04    1.32543e+05    9.64303e+04    2.08883e+03   -8.40245e+01
          LJ-14     Coulomb-14        LJ (SR)   Coulomb (SR)   Coul. recip.
    2.14213e+04    1.39654e+05    6.69810e+04   -2.04048e+06    6.39875e+03
 Position Rest.     Dih. Rest.      Potential    Kinetic En.   Total Energy
    3.31343e+03    2.21645e+02   -1.54325e+06    4.41222e+05   -1.10203e+06
  Conserved En.    Temperature Pressure (bar)   Constr. rmsd
   -1.09080e+06    3.11822e+02   -1.83599e+02    0.00000e+00

           Step           Time
          18000       18.00000

   Energies (kJ/mol)
           Bond            U-B    Proper Dih.  Improper Dih.      CMAP Dih.
    2.84595e+04    1.33137e+05    9.62434e+04    2.20785e+03   -2.14850e+02
          LJ-14     Coulomb-14        LJ (SR)   Coulomb (SR)   Coul. recip.
    2.12699e+04    1.39574e+05    6.98978e+04   -2.04373e+06    6.32265e+03
 Position Rest.     Dih. Rest.      Potential    Kinetic En.   Total Energy
    3.24333e+03    2.26451e+02   -1.54336e+06    4.40581e+05   -1.10278e+06
  Conserved En.    Temperature Pressure (bar)   Constr. rmsd
   -1.09018e+06    3.11369e+02   -2.42204e+02    0.00000e+00

           Step           Time
          19000       19.00000

   Energies (kJ/mol)
           Bond            U-B    Proper Dih.  Improper Dih.      CMAP Dih.
    2.82819e+04    1.32947e+05    9.61156e+04    2.19252e+03   -1.60086e+02
          LJ-14     Coulomb-14        LJ (SR)   Coulomb (SR)   Coul. recip.
    2.13482e+04    1.39927e+05    6.80676e+04   -2.04173e+06    6.46928e+03
 Position Rest.     Dih. Rest.      Potential    Kinetic En.   Total Energy
    3.44217e+03    2.77217e+02   -1.54282e+06    4.40967e+05   -1.10186e+06
  Conserved En.    Temperature Pressure (bar)   Constr. rmsd
   -1.08956e+06    3.11642e+02   -3.07749e+02    0.00000e+00

           Step           Time
          20000       20.00000

   Energies (kJ/mol)
           Bond            U-B    Proper Dih.  Improper Dih.      CMAP Dih.
    2.80707e+04    1.32790e+05    9.56973e+04    2.19298e+03   -1.47806e+02
          LJ-14     Coulomb-14        LJ (SR)   Coulomb (SR)   Coul. recip.
    2.12481e+04    1.39793e+05    6.79605e+04   -2.04256e+06    6.34024e+03
 Position Rest.     Dih. Rest.      Potential    Kinetic En.   Total Energy
    3.39616e+03    2.86585e+02   -1.54493e+06    4.40333e+05   -1.10460e+06
  Conserved En.    Temperature Pressure (bar)   Constr. rmsd
   -1.08959e+06    3.11194e+02   -1.16746e+02    0.00000e+00

           Step           Time
          21000       21.00000

   Energies (kJ/mol)
           Bond            U-B    Proper Dih.  Improper Dih.      CMAP Dih.
    2.81556e+04    1.32775e+05    9.58993e+04    2.12503e+03   -1.00260e+02
          LJ-14     Coulomb-14        LJ (SR)   Coulomb (SR)   Coul. recip.
    2.12422e+04    1.39789e+05    6.81074e+04   -2.04117e+06    6.37110e+03
 Position Rest.     Dih. Rest.      Potential    Kinetic En.   Total Energy
    3.35809e+03    2.82376e+02   -1.54317e+06    4.38198e+05   -1.10497e+06
  Conserved En.    Temperature Pressure (bar)   Constr. rmsd
   -1.08878e+06    3.09685e+02   -2.27970e+02    0.00000e+00

           Step           Time
          22000       22.00000

   Energies (kJ/mol)
           Bond            U-B    Proper Dih.  Improper Dih.      CMAP Dih.
    2.83749e+04    1.31897e+05    9.59415e+04    2.24396e+03   -7.26642e+01
          LJ-14     Coulomb-14        LJ (SR)   Coulomb (SR)   Coul. recip.
    2.13409e+04    1.39834e+05    6.93725e+04   -2.04332e+06    6.32847e+03
 Position Rest.     Dih. Rest.      Potential    Kinetic En.   Total Energy
    3.36195e+03    2.31345e+02   -1.54447e+06    4.39303e+05   -1.10516e+06
  Conserved En.    Temperature Pressure (bar)   Constr. rmsd
   -1.08857e+06    3.10466e+02   -2.02449e+02    0.00000e+00

           Step           Time
          23000       23.00000

   Energies (kJ/mol)
           Bond            U-B    Proper Dih.  Improper Dih.      CMAP Dih.
    2.80811e+04    1.33420e+05    9.62389e+04    2.11092e+03   -1.37053e+02
          LJ-14     Coulomb-14        LJ (SR)   Coulomb (SR)   Coul. recip.
    2.11894e+04    1.38913e+05    7.04616e+04   -2.04263e+06    6.45337e+03
 Position Rest.     Dih. Rest.      Potential    Kinetic En.   Total Energy
    3.36896e+03    2.62538e+02   -1.54226e+06    4.41573e+05   -1.10069e+06
  Conserved En.    Temperature Pressure (bar)   Constr. rmsd
   -1.08790e+06    3.12070e+02   -1.26316e+02    0.00000e+00

           Step           Time
          24000       24.00000

   Energies (kJ/mol)
           Bond            U-B    Proper Dih.  Improper Dih.      CMAP Dih.
    2.83811e+04    1.33259e+05    9.66876e+04    2.12074e+03   -1.09183e+02
          LJ-14     Coulomb-14        LJ (SR)   Coulomb (SR)   Coul. recip.
    2.15237e+04    1.39368e+05    6.99762e+04   -2.04335e+06    6.34695e+03
 Position Rest.     Dih. Rest.      Potential    Kinetic En.   Total Energy
    3.38640e+03    2.57406e+02   -1.54215e+06    4.39667e+05   -1.10248e+06
  Conserved En.    Temperature Pressure (bar)   Constr. rmsd
   -1.08753e+06    3.10723e+02   -1.99520e+02    0.00000e+00

           Step           Time
          25000       25.00000

   Energies (kJ/mol)
           Bond            U-B    Proper Dih.  Improper Dih.      CMAP Dih.
    2.81205e+04    1.34187e+05    9.59637e+04    2.08279e+03   -1.37785e+02
          LJ-14     Coulomb-14        LJ (SR)   Coulomb (SR)   Coul. recip.
    2.11728e+04    1.39212e+05    6.85295e+04   -2.04136e+06    6.46058e+03
 Position Rest.     Dih. Rest.      Potential    Kinetic En.   Total Energy
    3.33333e+03    2.38893e+02   -1.54219e+06    4.38732e+05   -1.10346e+06
  Conserved En.    Temperature Pressure (bar)   Constr. rmsd
   -1.08687e+06    3.10062e+02   -1.18014e+02    0.00000e+00

           Step           Time
          26000       26.00000

   Energies (kJ/mol)
           Bond            U-B    Proper Dih.  Improper Dih.      CMAP Dih.
    2.83403e+04    1.33186e+05    9.59684e+04    2.24958e+03   -1.29779e+02
          LJ-14     Coulomb-14        LJ (SR)   Coulomb (SR)   Coul. recip.
    2.13269e+04    1.39548e+05    6.78315e+04   -2.04218e+06    6.27933e+03
 Position Rest.     Dih. Rest.      Potential    Kinetic En.   Total Energy
    3.31693e+03    2.50983e+02   -1.54401e+06    4.39999e+05   -1.10401e+06
  Conserved En.    Temperature Pressure (bar)   Constr. rmsd
   -1.08627e+06    3.10957e+02   -1.62375e+02    0.00000e+00

           Step           Time
          27000       27.00000

   Energies (kJ/mol)
           Bond            U-B    Proper Dih.  Improper Dih.      CMAP Dih.
    2.80305e+04    1.33975e+05    9.60522e+04    2.09017e+03   -3.75282e+01
          LJ-14     Coulomb-14        LJ (SR)   Coulomb (SR)   Coul. recip.
    2.14768e+04    1.39719e+05    6.89137e+04   -2.04311e+06    6.37592e+03
 Position Rest.     Dih. Rest.      Potential    Kinetic En.   Total Energy
    3.30519e+03    2.54991e+02   -1.54296e+06    4.41074e+05   -1.10188e+06
  Conserved En.    Temperature Pressure (bar)   Constr. rmsd
   -1.08581e+06    3.11717e+02   -2.13353e+02    0.00000e+00

           Step           Time
          28000       28.00000

   Energies (kJ/mol)
           Bond            U-B    Proper Dih.  Improper Dih.      CMAP Dih.
    2.82863e+04    1.32731e+05    9.59260e+04    2.06754e+03   -7.47303e+01
          LJ-14     Coulomb-14        LJ (SR)   Coulomb (SR)   Coul. recip.
    2.11987e+04    1.38619e+05    6.81085e+04   -2.04270e+06    6.53688e+03
 Position Rest.     Dih. Rest.      Potential    Kinetic En.   Total Energy
    3.37200e+03    2.51693e+02   -1.54567e+06    4.41056e+05   -1.10462e+06
  Conserved En.    Temperature Pressure (bar)   Constr. rmsd
   -1.08515e+06    3.11705e+02   -2.45017e+02    0.00000e+00

           Step           Time
          29000       29.00000

   Energies (kJ/mol)
           Bond            U-B    Proper Dih.  Improper Dih.      CMAP Dih.
    2.83637e+04    1.33484e+05    9.63376e+04    2.12433e+03   -2.23640e+01
          LJ-14     Coulomb-14        LJ (SR)   Coulomb (SR)   Coul. recip.
    2.11709e+04    1.39422e+05    6.94857e+04   -2.04505e+06    6.42181e+03
 Position Rest.     Dih. Rest.      Potential    Kinetic En.   Total Energy
    3.37404e+03    2.64942e+02   -1.54462e+06    4.41243e+05   -1.10338e+06
  Conserved En.    Temperature Pressure (bar)   Constr. rmsd
   -1.08479e+06    3.11837e+02   -3.16744e+02    0.00000e+00

           Step           Time
          30000       30.00000

   Energies (kJ/mol)
           Bond            U-B    Proper Dih.  Improper Dih.      CMAP Dih.
    2.83564e+04    1.33589e+05    9.60968e+04    2.13716e+03   -1.25921e+02
          LJ-14     Coulomb-14        LJ (SR)   Coulomb (SR)   Coul. recip.
    2.15529e+04    1.39667e+05    6.75964e+04   -2.04302e+06    6.48903e+03
 Position Rest.     Dih. Rest.      Potential    Kinetic En.   Total Energy
    3.35112e+03    2.71937e+02   -1.54404e+06    4.39048e+05   -1.10499e+06
  Conserved En.    Temperature Pressure (bar)   Constr. rmsd
   -1.08445e+06    3.10285e+02   -2.38535e+02    0.00000e+00

           Step           Time
          31000       31.00000

   Energies (kJ/mol)
           Bond            U-B    Proper Dih.  Improper Dih.      CMAP Dih.
    2.83771e+04    1.33367e+05    9.59990e+04    1.99166e+03   -1.29765e+02
          LJ-14     Coulomb-14        LJ (SR)   Coulomb (SR)   Coul. recip.
    2.12880e+04    1.39566e+05    6.72645e+04   -2.04173e+06    6.32535e+03
 Position Rest.     Dih. Rest.      Potential    Kinetic En.   Total Energy
    3.25013e+03    2.66675e+02   -1.54417e+06    4.37718e+05   -1.10645e+06
  Conserved En.    Temperature Pressure (bar)   Constr. rmsd
   -1.08414e+06    3.09346e+02   -2.50802e+02    0.00000e+00

           Step           Time
          32000       32.00000

   Energies (kJ/mol)
           Bond            U-B    Proper Dih.  Improper Dih.      CMAP Dih.
    2.84357e+04    1.32522e+05    9.57074e+04    2.00398e+03   -6.68520e+01
          LJ-14     Coulomb-14        LJ (SR)   Coulomb (SR)   Coul. recip.
    2.12738e+04    1.39879e+05    6.67842e+04   -2.04272e+06    6.36337e+03
 Position Rest.     Dih. Rest.      Potential    Kinetic En.   Total Energy
    3.42526e+03    2.94146e+02   -1.54610e+06    4.39850e+05   -1.10625e+06
  Conserved En.    Temperature Pressure (bar)   Constr. rmsd
   -1.08374e+06    3.10853e+02   -3.10130e+02    0.00000e+00

           Step           Time
          33000       33.00000

   Energies (kJ/mol)
           Bond            U-B    Proper Dih.  Improper Dih.      CMAP Dih.
    2.80411e+04    1.33332e+05    9.59637e+04    2.07333e+03   -1.39632e+02
          LJ-14     Coulomb-14        LJ (SR)   Coulomb (SR)   Coul. recip.
    2.13776e+04    1.39405e+05    6.74094e+04   -2.04412e+06    6.32453e+03
 Position Rest.     Dih. Rest.      Potential    Kinetic En.   Total Energy
    3.27880e+03    2.55838e+02   -1.54680e+06    4.41308e+05   -1.10549e+06
  Conserved En.    Temperature Pressure (bar)   Constr. rmsd
   -1.08329e+06    3.11883e+02   -2.58854e+02    0.00000e+00

           Step           Time
          34000       34.00000

   Energies (kJ/mol)
           Bond            U-B    Proper Dih.  Improper Dih.      CMAP Dih.
    2.79958e+04    1.31405e+05    9.57538e+04    2.02243e+03   -7.20896e+01
          LJ-14     Coulomb-14        LJ (SR)   Coulomb (SR)   Coul. recip.
    2.16789e+04    1.39738e+05    6.85161e+04   -2.04483e+06    6.23949e+03
 Position Rest.     Dih. Rest.      Potential    Kinetic En.   Total Energy
    3.38548e+03    2.41162e+02   -1.54793e+06    4.36915e+05   -1.11101e+06
  Conserved En.    Temperature Pressure (bar)   Constr. rmsd
   -1.08282e+06    3.08778e+02   -2.18316e+02    0.00000e+00

           Step           Time
          35000       35.00000

   Energies (kJ/mol)
           Bond            U-B    Proper Dih.  Improper Dih.      CMAP Dih.
    2.81197e+04    1.32213e+05    9.60517e+04    2.10409e+03   -6.64975e+01
          LJ-14     Coulomb-14        LJ (SR)   Coulomb (SR)   Coul. recip.
    2.13013e+04    1.39393e+05    6.79539e+04   -2.04541e+06    6.29051e+03
 Position Rest.     Dih. Rest.      Potential    Kinetic En.   Total Energy
    3.29333e+03    2.69561e+02   -1.54849e+06    4.38462e+05   -1.11003e+06
  Conserved En.    Temperature Pressure (bar)   Constr. rmsd
   -1.08255e+06    3.09871e+02   -2.69819e+02    0.00000e+00

           Step           Time
          36000       36.00000

   Energies (kJ/mol)
           Bond            U-B    Proper Dih.  Improper Dih.      CMAP Dih.
    2.83046e+04    1.32653e+05    9.62624e+04    2.07010e+03   -9.13068e+01
          LJ-14     Coulomb-14        LJ (SR)   Coulomb (SR)   Coul. recip.
    2.12165e+04    1.39241e+05    6.72936e+04   -2.04542e+06    6.25015e+03
 Position Rest.     Dih. Rest.      Potential    Kinetic En.   Total Energy
    3.35250e+03    2.83743e+02   -1.54859e+06    4.38234e+05   -1.11035e+06
  Conserved En.    Temperature Pressure (bar)   Constr. rmsd
   -1.08182e+06    3.09711e+02   -2.86879e+02    0.00000e+00

           Step           Time
          37000       37.00000

   Energies (kJ/mol)
           Bond            U-B    Proper Dih.  Improper Dih.      CMAP Dih.
    2.81136e+04    1.31431e+05    9.58871e+04    2.17042e+03   -1.40766e+02
          LJ-14     Coulomb-14        LJ (SR)   Coulomb (SR)   Coul. recip.
    2.13277e+04    1.39524e+05    6.82838e+04   -2.04465e+06    6.21483e+03
 Position Rest.     Dih. Rest.      Potential    Kinetic En.   Total Energy
    3.32429e+03    2.64360e+02   -1.54825e+06    4.37180e+05   -1.11107e+06
  Conserved En.    Temperature Pressure (bar)   Constr. rmsd
   -1.08100e+06    3.08965e+02   -1.84180e+02    0.00000e+00

           Step           Time
          38000       38.00000

   Energies (kJ/mol)
           Bond            U-B    Proper Dih.  Improper Dih.      CMAP Dih.
    2.77116e+04    1.32841e+05    9.57437e+04    2.03542e+03   -9.15215e+01
          LJ-14     Coulomb-14        LJ (SR)   Coulomb (SR)   Coul. recip.
    2.12852e+04    1.39352e+05    6.77292e+04   -2.04534e+06    6.30271e+03
 Position Rest.     Dih. Rest.      Potential    Kinetic En.   Total Energy
    3.21506e+03    2.75045e+02   -1.54895e+06    4.39201e+05   -1.10974e+06
  Conserved En.    Temperature Pressure (bar)   Constr. rmsd
   -1.08035e+06    3.10394e+02   -1.48030e+02    0.00000e+00

           Step           Time
          39000       39.00000

   Energies (kJ/mol)
           Bond            U-B    Proper Dih.  Improper Dih.      CMAP Dih.
    2.79336e+04    1.32435e+05    9.58647e+04    2.06621e+03   -1.09553e+02
          LJ-14     Coulomb-14        LJ (SR)   Coulomb (SR)   Coul. recip.
    2.14721e+04    1.39554e+05    6.94546e+04   -2.04818e+06    6.19685e+03
 Position Rest.     Dih. Rest.      Potential    Kinetic En.   Total Energy
    3.38708e+03    3.14183e+02   -1.54961e+06    4.41161e+05   -1.10844e+06
  Conserved En.    Temperature Pressure (bar)   Constr. rmsd
   -1.08003e+06    3.11779e+02   -1.17146e+02    0.00000e+00

           Step           Time
          40000       40.00000

   Energies (kJ/mol)
           Bond            U-B    Proper Dih.  Improper Dih.      CMAP Dih.
    2.85135e+04    1.33738e+05    9.59640e+04    2.05901e+03   -1.06565e+02
          LJ-14     Coulomb-14        LJ (SR)   Coulomb (SR)   Coul. recip.
    2.11732e+04    1.38701e+05    6.73271e+04   -2.04354e+06    6.42294e+03
 Position Rest.     Dih. Rest.      Potential    Kinetic En.   Total Energy
    3.32882e+03    2.60544e+02   -1.54615e+06    4.40151e+05   -1.10600e+06
  Conserved En.    Temperature Pressure (bar)   Constr. rmsd
   -1.07979e+06    3.11065e+02   -3.14804e+02    0.00000e+00

           Step           Time
          41000       41.00000

   Energies (kJ/mol)
           Bond            U-B    Proper Dih.  Improper Dih.      CMAP Dih.
    2.83166e+04    1.32338e+05    9.58179e+04    2.07506e+03    1.55365e+00
          LJ-14     Coulomb-14        LJ (SR)   Coulomb (SR)   Coul. recip.
    2.16506e+04    1.39264e+05    6.68006e+04   -2.04373e+06    6.36373e+03
 Position Rest.     Dih. Rest.      Potential    Kinetic En.   Total Energy
    3.31162e+03    2.73060e+02   -1.54752e+06    4.39555e+05   -1.10797e+06
  Conserved En.    Temperature Pressure (bar)   Constr. rmsd
   -1.07919e+06    3.10644e+02   -1.41753e+02    0.00000e+00

           Step           Time
          42000       42.00000

   Energies (kJ/mol)
           Bond            U-B    Proper Dih.  Improper Dih.      CMAP Dih.
    2.85408e+04    1.32808e+05    9.59643e+04    2.07436e+03   -7.00024e+01
          LJ-14     Coulomb-14        LJ (SR)   Coulomb (SR)   Coul. recip.
    2.11516e+04    1.39091e+05    6.56500e+04   -2.04234e+06    6.28840e+03
 Position Rest.     Dih. Rest.      Potential    Kinetic En.   Total Energy
    3.44567e+03    2.66388e+02   -1.54713e+06    4.38746e+05   -1.10839e+06
  Conserved En.    Temperature Pressure (bar)   Constr. rmsd
   -1.07872e+06    3.10072e+02   -2.39882e+02    0.00000e+00

           Step           Time
          43000       43.00000

   Energies (kJ/mol)
           Bond            U-B    Proper Dih.  Improper Dih.      CMAP Dih.
    2.83646e+04    1.32692e+05    9.60869e+04    1.98990e+03   -7.12489e+01
          LJ-14     Coulomb-14        LJ (SR)   Coulomb (SR)   Coul. recip.
    2.14913e+04    1.39679e+05    6.53372e+04   -2.04393e+06    6.27692e+03
 Position Rest.     Dih. Rest.      Potential    Kinetic En.   Total Energy
    3.31787e+03    2.51964e+02   -1.54851e+06    4.41447e+05   -1.10706e+06
  Conserved En.    Temperature Pressure (bar)   Constr. rmsd
   -1.07802e+06    3.11981e+02   -3.41934e+02    0.00000e+00

           Step           Time
          44000       44.00000

   Energies (kJ/mol)
           Bond            U-B    Proper Dih.  Improper Dih.      CMAP Dih.
    2.81726e+04    1.33274e+05    9.64319e+04    2.18621e+03    1.74299e+00
          LJ-14     Coulomb-14        LJ (SR)   Coulomb (SR)   Coul. recip.
    2.14177e+04    1.39305e+05    6.56099e+04   -2.04576e+06    6.32858e+03
 Position Rest.     Dih. Rest.      Potential    Kinetic En.   Total Energy
    3.34662e+03    2.63067e+02   -1.54942e+06    4.41644e+05   -1.10778e+06
  Conserved En.    Temperature Pressure (bar)   Constr. rmsd
   -1.07732e+06    3.12120e+02   -2.16544e+02    0.00000e+00

           Step           Time
          45000       45.00000

   Energies (kJ/mol)
           Bond            U-B    Proper Dih.  Improper Dih.      CMAP Dih.
    2.81924e+04    1.33493e+05    9.64993e+04    2.04435e+03   -1.19865e+02
          LJ-14     Coulomb-14        LJ (SR)   Coulomb (SR)   Coul. recip.
    2.13117e+04    1.39667e+05    6.58214e+04   -2.04503e+06    6.26780e+03
 Position Rest.     Dih. Rest.      Potential    Kinetic En.   Total Energy
    3.34675e+03    2.52106e+02   -1.54826e+06    4.40042e+05   -1.10821e+06
  Conserved En.    Temperature Pressure (bar)   Constr. rmsd
   -1.07732e+06    3.10988e+02   -1.06453e+02    0.00000e+00

           Step           Time
          46000       46.00000

   Energies (kJ/mol)
           Bond            U-B    Proper Dih.  Improper Dih.      CMAP Dih.
    2.84839e+04    1.32528e+05    9.61949e+04    2.18012e+03   -1.10410e+02
          LJ-14     Coulomb-14        LJ (SR)   Coulomb (SR)   Coul. recip.
    2.14620e+04    1.39871e+05    6.72269e+04   -2.04695e+06    6.30688e+03
 Position Rest.     Dih. Rest.      Potential    Kinetic En.   Total Energy
    3.37131e+03    2.59824e+02   -1.54917e+06    4.40365e+05   -1.10881e+06
  Conserved En.    Temperature Pressure (bar)   Constr. rmsd
   -1.07715e+06    3.11216e+02   -2.75958e+02    0.00000e+00

           Step           Time
          47000       47.00000

   Energies (kJ/mol)
           Bond            U-B    Proper Dih.  Improper Dih.      CMAP Dih.
    2.80687e+04    1.32561e+05    9.58643e+04    2.00228e+03   -8.58817e+01
          LJ-14     Coulomb-14        LJ (SR)   Coulomb (SR)   Coul. recip.
    2.14720e+04    1.40310e+05    6.58033e+04   -2.04597e+06    6.25337e+03
 Position Rest.     Dih. Rest.      Potential    Kinetic En.   Total Energy
    3.38738e+03    2.66552e+02   -1.55007e+06    4.38682e+05   -1.11138e+06
  Conserved En.    Temperature Pressure (bar)   Constr. rmsd
   -1.07663e+06    3.10027e+02   -1.41283e+02    0.00000e+00

           Step           Time
          48000       48.00000

   Energies (kJ/mol)
           Bond            U-B    Proper Dih.  Improper Dih.      CMAP Dih.
    2.78878e+04    1.31631e+05    9.59599e+04    2.12188e+03   -6.81381e+01
          LJ-14     Coulomb-14        LJ (SR)   Coulomb (SR)   Coul. recip.
    2.14957e+04    1.40600e+05    6.83971e+04   -2.04954e+06    6.21527e+03
 Position Rest.     Dih. Rest.      Potential    Kinetic En.   Total Energy
    3.46984e+03    2.64966e+02   -1.55156e+06    4.38173e+05   -1.11339e+06
  Conserved En.    Temperature Pressure (bar)   Constr. rmsd
   -1.07614e+06    3.09667e+02    5.28464e+01    0.00000e+00

           Step           Time
          49000       49.00000

   Energies (kJ/mol)
           Bond            U-B    Proper Dih.  Improper Dih.      CMAP Dih.
    2.83076e+04    1.31567e+05    9.61030e+04    2.19170e+03   -1.13768e+02
          LJ-14     Coulomb-14        LJ (SR)   Coulomb (SR)   Coul. recip.
    2.15416e+04    1.40658e+05    6.85610e+04   -2.05293e+06    6.24012e+03
 Position Rest.     Dih. Rest.      Potential    Kinetic En.   Total Energy
    3.40794e+03    2.62003e+02   -1.55420e+06    4.37625e+05   -1.11658e+06
  Conserved En.    Temperature Pressure (bar)   Constr. rmsd
   -1.07566e+06    3.09280e+02   -1.38043e+02    0.00000e+00

           Step           Time
          50000       50.00000

   Energies (kJ/mol)
           Bond            U-B    Proper Dih.  Improper Dih.      CMAP Dih.
    2.82496e+04    1.31646e+05    9.55587e+04    2.07732e+03   -1.65171e+02
          LJ-14     Coulomb-14        LJ (SR)   Coulomb (SR)   Coul. recip.
    2.14687e+04    1.39905e+05    6.75053e+04   -2.05130e+06    6.10035e+03
 Position Rest.     Dih. Rest.      Potential    Kinetic En.   Total Energy
    3.39015e+03    2.36957e+02   -1.55533e+06    4.37496e+05   -1.11783e+06
  Conserved En.    Temperature Pressure (bar)   Constr. rmsd
   -1.07571e+06    3.09189e+02   -2.49440e+01    0.00000e+00

           Step           Time
          51000       51.00000

   Energies (kJ/mol)
           Bond            U-B    Proper Dih.  Improper Dih.      CMAP Dih.
    2.80818e+04    1.31976e+05    9.61329e+04    2.12046e+03   -1.34665e+02
          LJ-14     Coulomb-14        LJ (SR)   Coulomb (SR)   Coul. recip.
    2.10427e+04    1.40395e+05    6.72664e+04   -2.05070e+06    6.27770e+03
 Position Rest.     Dih. Rest.      Potential    Kinetic En.   Total Energy
    3.49141e+03    2.56185e+02   -1.55380e+06    4.39026e+05   -1.11477e+06
  Conserved En.    Temperature Pressure (bar)   Constr. rmsd
   -1.07544e+06    3.10270e+02   -2.01161e+02    0.00000e+00

           Step           Time
          52000       52.00000

   Energies (kJ/mol)
           Bond            U-B    Proper Dih.  Improper Dih.      CMAP Dih.
    2.86389e+04    1.32802e+05    9.54932e+04    2.11243e+03   -1.14332e+02
          LJ-14     Coulomb-14        LJ (SR)   Coulomb (SR)   Coul. recip.
    2.12286e+04    1.40003e+05    6.75779e+04   -2.05223e+06    6.09825e+03
 Position Rest.     Dih. Rest.      Potential    Kinetic En.   Total Energy
    3.41113e+03    2.39307e+02   -1.55474e+06    4.39125e+05   -1.11561e+06
  Conserved En.    Temperature Pressure (bar)   Constr. rmsd
   -1.07511e+06    3.10340e+02   -1.31194e+02    0.00000e+00

           Step           Time
          53000       53.00000

   Energies (kJ/mol)
           Bond            U-B    Proper Dih.  Improper Dih.      CMAP Dih.
    2.89168e+04    1.32600e+05    9.57827e+04    2.03865e+03   -1.69084e+02
          LJ-14     Coulomb-14        LJ (SR)   Coulomb (SR)   Coul. recip.
    2.11315e+04    1.39887e+05    6.60730e+04   -2.04945e+06    6.01395e+03
 Position Rest.     Dih. Rest.      Potential    Kinetic En.   Total Energy
    3.48646e+03    2.78230e+02   -1.55341e+06    4.37951e+05   -1.11546e+06
  Conserved En.    Temperature Pressure (bar)   Constr. rmsd
   -1.07506e+06    3.09510e+02   -1.87489e+02    0.00000e+00

           Step           Time
          54000       54.00000

   Energies (kJ/mol)
           Bond            U-B    Proper Dih.  Improper Dih.      CMAP Dih.
    2.81959e+04    1.32445e+05    9.57331e+04    1.97909e+03   -1.46431e+02
          LJ-14     Coulomb-14        LJ (SR)   Coulomb (SR)   Coul. recip.
    2.13613e+04    1.39735e+05    6.56091e+04   -2.04921e+06    6.26742e+03
 Position Rest.     Dih. Rest.      Potential    Kinetic En.   Total Energy
    3.35165e+03    2.72432e+02   -1.55441e+06    4.40482e+05   -1.11393e+06
  Conserved En.    Temperature Pressure (bar)   Constr. rmsd
   -1.07528e+06    3.11299e+02   -1.52477e+02    0.00000e+00

           Step           Time
          55000       55.00000

   Energies (kJ/mol)
           Bond            U-B    Proper Dih.  Improper Dih.      CMAP Dih.
    2.83568e+04    1.32401e+05    9.58417e+04    2.16919e+03   -1.43800e+02
          LJ-14     Coulomb-14        LJ (SR)   Coulomb (SR)   Coul. recip.
    2.14842e+04    1.39834e+05    6.73048e+04   -2.05014e+06    6.25785e+03
 Position Rest.     Dih. Rest.      Potential    Kinetic En.   Total Energy
    3.28734e+03    2.39229e+02   -1.55311e+06    4.38708e+05   -1.11440e+06
  Conserved En.    Temperature Pressure (bar)   Constr. rmsd
   -1.07515e+06    3.10045e+02    8.91362e+01    0.00000e+00

           Step           Time
          56000       56.00000

   Energies (kJ/mol)
           Bond            U-B    Proper Dih.  Improper Dih.      CMAP Dih.
    2.85312e+04    1.32672e+05    9.55469e+04    2.20370e+03   -1.71473e+02
          LJ-14     Coulomb-14        LJ (SR)   Coulomb (SR)   Coul. recip.
    2.14169e+04    1.39676e+05    6.78242e+04   -2.05079e+06    6.24739e+03
 Position Rest.     Dih. Rest.      Potential    Kinetic En.   Total Energy
    3.34379e+03    2.82648e+02   -1.55322e+06    4.39162e+05   -1.11406e+06
  Conserved En.    Temperature Pressure (bar)   Constr. rmsd
   -1.07483e+06    3.10366e+02    1.14549e+02    0.00000e+00

           Step           Time
          57000       57.00000

   Energies (kJ/mol)
           Bond            U-B    Proper Dih.  Improper Dih.      CMAP Dih.
    2.82788e+04    1.32652e+05    9.60134e+04    2.10351e+03   -1.26696e+02
          LJ-14     Coulomb-14        LJ (SR)   Coulomb (SR)   Coul. recip.
    2.15928e+04    1.39728e+05    6.64445e+04   -2.05006e+06    6.06082e+03
 Position Rest.     Dih. Rest.      Potential    Kinetic En.   Total Energy
    3.32267e+03    2.61450e+02   -1.55372e+06    4.40300e+05   -1.11342e+06
  Conserved En.    Temperature Pressure (bar)   Constr. rmsd
   -1.07434e+06    3.11171e+02    7.23384e+01    0.00000e+00

           Step           Time
          58000       58.00000

   Energies (kJ/mol)
           Bond            U-B    Proper Dih.  Improper Dih.      CMAP Dih.
    2.84736e+04    1.33063e+05    9.57000e+04    2.23997e+03   -1.20581e+02
          LJ-14     Coulomb-14        LJ (SR)   Coulomb (SR)   Coul. recip.
    2.14900e+04    1.39686e+05    6.77844e+04   -2.05251e+06    6.17112e+03
 Position Rest.     Dih. Rest.      Potential    Kinetic En.   Total Energy
    3.22278e+03    2.72116e+02   -1.55453e+06    4.38996e+05   -1.11553e+06
  Conserved En.    Temperature Pressure (bar)   Constr. rmsd
   -1.07429e+06    3.10249e+02    3.09485e+00    0.00000e+00

           Step           Time
          59000       59.00000

   Energies (kJ/mol)
           Bond            U-B    Proper Dih.  Improper Dih.      CMAP Dih.
    2.82183e+04    1.32335e+05    9.60812e+04    2.09690e+03   -1.21899e+02
          LJ-14     Coulomb-14        LJ (SR)   Coulomb (SR)   Coul. recip.
    2.13962e+04    1.39452e+05    6.71698e+04   -2.05023e+06    6.10083e+03
 Position Rest.     Dih. Rest.      Potential    Kinetic En.   Total Energy
    3.34458e+03    2.92060e+02   -1.55386e+06    4.40901e+05   -1.11296e+06
  Conserved En.    Temperature Pressure (bar)   Constr. rmsd
   -1.07456e+06    3.11595e+02   -2.10842e+01    0.00000e+00

           Step           Time
          60000       60.00000

   Energies (kJ/mol)
           Bond            U-B    Proper Dih.  Improper Dih.      CMAP Dih.
    2.79695e+04    1.32103e+05    9.57895e+04    2.08707e+03   -7.92238e+01
          LJ-14     Coulomb-14        LJ (SR)   Coulomb (SR)   Coul. recip.
    2.13428e+04    1.39520e+05    6.71716e+04   -2.05063e+06    6.26405e+03
 Position Rest.     Dih. Rest.      Potential    Kinetic En.   Total Energy
    3.34402e+03    2.81456e+02   -1.55484e+06    4.38707e+05   -1.11613e+06
  Conserved En.    Temperature Pressure (bar)   Constr. rmsd
   -1.07483e+06    3.10044e+02   -6.12635e+01    0.00000e+00

           Step           Time
          61000       61.00000

   Energies (kJ/mol)
           Bond            U-B    Proper Dih.  Improper Dih.      CMAP Dih.
    2.78693e+04    1.32123e+05    9.56157e+04    2.16255e+03   -7.87446e+01
          LJ-14     Coulomb-14        LJ (SR)   Coulomb (SR)   Coul. recip.
    2.15734e+04    1.39625e+05    6.86551e+04   -2.05240e+06    6.20782e+03
 Position Rest.     Dih. Rest.      Potential    Kinetic En.   Total Energy
    3.36782e+03    2.68121e+02   -1.55501e+06    4.37343e+05   -1.11767e+06
  Conserved En.    Temperature Pressure (bar)   Constr. rmsd
   -1.07450e+06    3.09081e+02    1.54187e+02    0.00000e+00

           Step           Time
          62000       62.00000

   Energies (kJ/mol)
           Bond            U-B    Proper Dih.  Improper Dih.      CMAP Dih.
    2.77640e+04    1.31788e+05    9.58181e+04    2.02564e+03   -1.11707e+02
          LJ-14     Coulomb-14        LJ (SR)   Coulomb (SR)   Coul. recip.
    2.12035e+04    1.39225e+05    6.81300e+04   -2.05430e+06    6.11467e+03
 Position Rest.     Dih. Rest.      Potential    Kinetic En.   Total Energy
    3.30125e+03    2.84580e+02   -1.55875e+06    4.36943e+05   -1.12181e+06
  Conserved En.    Temperature Pressure (bar)   Constr. rmsd
   -1.07449e+06    3.08798e+02    4.23380e+01    0.00000e+00

           Step           Time
          63000       63.00000

   Energies (kJ/mol)
           Bond            U-B    Proper Dih.  Improper Dih.      CMAP Dih.
    2.81883e+04    1.32593e+05    9.60061e+04    2.00264e+03   -1.19205e+02
          LJ-14     Coulomb-14        LJ (SR)   Coulomb (SR)   Coul. recip.
    2.14215e+04    1.38412e+05    6.84880e+04   -2.05426e+06    6.22280e+03
 Position Rest.     Dih. Rest.      Potential    Kinetic En.   Total Energy
    3.43587e+03    2.61739e+02   -1.55735e+06    4.37511e+05   -1.11984e+06
  Conserved En.    Temperature Pressure (bar)   Constr. rmsd
   -1.07439e+06    3.09200e+02   -3.59243e+01    0.00000e+00

           Step           Time
          64000       64.00000

   Energies (kJ/mol)
           Bond            U-B    Proper Dih.  Improper Dih.      CMAP Dih.
    2.83497e+04    1.32185e+05    9.63340e+04    2.00136e+03   -1.62978e+02
          LJ-14     Coulomb-14        LJ (SR)   Coulomb (SR)   Coul. recip.
    2.14267e+04    1.39642e+05    6.92518e+04   -2.05571e+06    6.02410e+03
 Position Rest.     Dih. Rest.      Potential    Kinetic En.   Total Energy
    3.47796e+03    2.55909e+02   -1.55693e+06    4.37846e+05   -1.11908e+06
  Conserved En.    Temperature Pressure (bar)   Constr. rmsd
   -1.07430e+06    3.09436e+02   -2.85241e+01    0.00000e+00

           Step           Time
          65000       65.00000

   Energies (kJ/mol)
           Bond            U-B    Proper Dih.  Improper Dih.      CMAP Dih.
    2.78625e+04    1.32315e+05    9.59273e+04    2.12612e+03   -8.17072e+01
          LJ-14     Coulomb-14        LJ (SR)   Coulomb (SR)   Coul. recip.
    2.12663e+04    1.38891e+05    6.83385e+04   -2.05224e+06    6.16013e+03
 Position Rest.     Dih. Rest.      Potential    Kinetic En.   Total Energy
    3.37375e+03    2.78001e+02   -1.55578e+06    4.38393e+05   -1.11739e+06
  Conserved En.    Temperature Pressure (bar)   Constr. rmsd
   -1.07447e+06    3.09822e+02    1.55974e+01    0.00000e+00

           Step           Time
          66000       66.00000

   Energies (kJ/mol)
           Bond            U-B    Proper Dih.  Improper Dih.      CMAP Dih.
    2.86535e+04    1.32704e+05    9.55651e+04    2.14620e+03   -2.07979e+02
          LJ-14     Coulomb-14        LJ (SR)   Coulomb (SR)   Coul. recip.
    2.14278e+04    1.39267e+05    6.90768e+04   -2.05412e+06    6.24308e+03
 Position Rest.     Dih. Rest.      Potential    Kinetic En.   Total Energy
    3.47763e+03    2.67057e+02   -1.55550e+06    4.37917e+05   -1.11758e+06
  Conserved En.    Temperature Pressure (bar)   Constr. rmsd
   -1.07440e+06    3.09486e+02   -6.01060e+01    0.00000e+00

           Step           Time
          67000       67.00000

   Energies (kJ/mol)
           Bond            U-B    Proper Dih.  Improper Dih.      CMAP Dih.
    2.87312e+04    1.32388e+05    9.57078e+04    2.11423e+03   -1.17839e+02
          LJ-14     Coulomb-14        LJ (SR)   Coulomb (SR)   Coul. recip.
    2.16178e+04    1.39083e+05    6.68269e+04   -2.05255e+06    6.11125e+03
 Position Rest.     Dih. Rest.      Potential    Kinetic En.   Total Energy
    3.48822e+03    2.86799e+02   -1.55631e+06    4.40593e+05   -1.11572e+06
  Conserved En.    Temperature Pressure (bar)   Constr. rmsd
   -1.07399e+06    3.11378e+02   -1.48401e+02    0.00000e+00

           Step           Time
          68000       68.00000

   Energies (kJ/mol)
           Bond            U-B    Proper Dih.  Improper Dih.      CMAP Dih.
    2.80633e+04    1.32766e+05    9.65571e+04    2.15963e+03   -1.48527e+02
          LJ-14     Coulomb-14        LJ (SR)   Coulomb (SR)   Coul. recip.
    2.16369e+04    1.39450e+05    6.75483e+04   -2.05151e+06    6.13307e+03
 Position Rest.     Dih. Rest.      Potential    Kinetic En.   Total Energy
    3.39936e+03    2.75064e+02   -1.55367e+06    4.41990e+05   -1.11168e+06
  Conserved En.    Temperature Pressure (bar)   Constr. rmsd
   -1.07370e+06    3.12365e+02    1.17574e+02    0.00000e+00

           Step           Time
          69000       69.00000

   Energies (kJ/mol)
           Bond            U-B    Proper Dih.  Improper Dih.      CMAP Dih.
    2.83226e+04    1.33790e+05    9.66924e+04    2.13070e+03   -1.75510e+02
          LJ-14     Coulomb-14        LJ (SR)   Coulomb (SR)   Coul. recip.
    2.17085e+04    1.38497e+05    6.63425e+04   -2.04852e+06    6.07114e+03
 Position Rest.     Dih. Rest.      Potential    Kinetic En.   Total Energy
    3.45184e+03    2.95480e+02   -1.55139e+06    4.38788e+05   -1.11260e+06
  Conserved En.    Temperature Pressure (bar)   Constr. rmsd
   -1.07356e+06    3.10102e+02    1.21739e+02    0.00000e+00

           Step           Time
          70000       70.00000

   Energies (kJ/mol)
           Bond            U-B    Proper Dih.  Improper Dih.      CMAP Dih.
    2.86013e+04    1.34176e+05    9.57923e+04    2.24673e+03   -1.71298e+02
          LJ-14     Coulomb-14        LJ (SR)   Coulomb (SR)   Coul. recip.
    2.13984e+04    1.38934e+05    6.85850e+04   -2.05064e+06    6.26264e+03
 Position Rest.     Dih. Rest.      Potential    Kinetic En.   Total Energy
    3.32877e+03    2.51268e+02   -1.55123e+06    4.39963e+05   -1.11127e+06
  Conserved En.    Temperature Pressure (bar)   Constr. rmsd
   -1.07390e+06    3.10932e+02    7.56444e+01    0.00000e+00

           Step           Time
          71000       71.00000

   Energies (kJ/mol)
           Bond            U-B    Proper Dih.  Improper Dih.      CMAP Dih.
    2.85783e+04    1.33455e+05    9.64078e+04    2.12896e+03   -1.11367e+02
          LJ-14     Coulomb-14        LJ (SR)   Coulomb (SR)   Coul. recip.
    2.18157e+04    1.39760e+05    6.67087e+04   -2.04920e+06    6.20570e+03
 Position Rest.     Dih. Rest.      Potential    Kinetic En.   Total Energy
    3.65158e+03    2.69953e+02   -1.55033e+06    4.41931e+05   -1.10839e+06
  Conserved En.    Temperature Pressure (bar)   Constr. rmsd
   -1.07419e+06    3.12323e+02   -5.69117e+01    0.00000e+00

           Step           Time
          72000       72.00000

   Energies (kJ/mol)
           Bond            U-B    Proper Dih.  Improper Dih.      CMAP Dih.
    2.89910e+04    1.33521e+05    9.63643e+04    2.13799e+03   -7.89918e+01
          LJ-14     Coulomb-14        LJ (SR)   Coulomb (SR)   Coul. recip.
    2.15639e+04    1.39330e+05    6.71449e+04   -2.04748e+06    6.16474e+03
 Position Rest.     Dih. Rest.      Potential    Kinetic En.   Total Energy
    3.42726e+03    3.28547e+02   -1.54859e+06    4.41490e+05   -1.10710e+06
  Conserved En.    Temperature Pressure (bar)   Constr. rmsd
   -1.07420e+06    3.12011e+02   -2.66953e+00    0.00000e+00

           Step           Time
          73000       73.00000

   Energies (kJ/mol)
           Bond            U-B    Proper Dih.  Improper Dih.      CMAP Dih.
    2.86622e+04    1.33160e+05    9.58643e+04    2.15727e+03   -8.16931e+01
          LJ-14     Coulomb-14        LJ (SR)   Coulomb (SR)   Coul. recip.
    2.12542e+04    1.39508e+05    6.73594e+04   -2.04842e+06    6.11989e+03
 Position Rest.     Dih. Rest.      Potential    Kinetic En.   Total Energy
    3.39170e+03    2.64384e+02   -1.55076e+06    4.40094e+05   -1.11067e+06
  Conserved En.    Temperature Pressure (bar)   Constr. rmsd
   -1.07396e+06    3.11025e+02   -1.80309e+01    0.00000e+00

           Step           Time
          74000       74.00000

   Energies (kJ/mol)
           Bond            U-B    Proper Dih.  Improper Dih.      CMAP Dih.
    2.82732e+04    1.31608e+05    9.62340e+04    2.01504e+03   -1.06549e+02
          LJ-14     Coulomb-14        LJ (SR)   Coulomb (SR)   Coul. recip.
    2.16473e+04    1.39507e+05    6.84763e+04   -2.05222e+06    5.99957e+03
 Position Rest.     Dih. Rest.      Potential    Kinetic En.   Total Energy
    3.37261e+03    2.52636e+02   -1.55495e+06    4.39771e+05   -1.11518e+06
  Conserved En.    Temperature Pressure (bar)   Constr. rmsd
   -1.07419e+06    3.10797e+02   -2.36285e+00    0.00000e+00

           Step           Time
          75000       75.00000

   Energies (kJ/mol)
           Bond            U-B    Proper Dih.  Improper Dih.      CMAP Dih.
    2.79127e+04    1.33846e+05    9.65946e+04    2.18833e+03   -2.23818e+02
          LJ-14     Coulomb-14        LJ (SR)   Coulomb (SR)   Coul. recip.
    2.14959e+04    1.39069e+05    6.74685e+04   -2.04987e+06    6.13404e+03
 Position Rest.     Dih. Rest.      Potential    Kinetic En.   Total Energy
    3.41734e+03    2.87810e+02   -1.55168e+06    4.40263e+05   -1.11142e+06
  Conserved En.    Temperature Pressure (bar)   Constr. rmsd
   -1.07412e+06    3.11144e+02    7.02552e+01    0.00000e+00

           Step           Time
          76000       76.00000

   Energies (kJ/mol)
           Bond            U-B    Proper Dih.  Improper Dih.      CMAP Dih.
    2.82266e+04    1.33372e+05    9.65251e+04    2.07267e+03   -1.01070e+02
          LJ-14     Coulomb-14        LJ (SR)   Coulomb (SR)   Coul. recip.
    2.15393e+04    1.39257e+05    6.92399e+04   -2.05239e+06    6.27089e+03
 Position Rest.     Dih. Rest.      Potential    Kinetic En.   Total Energy
    3.48836e+03    2.53270e+02   -1.55225e+06    4.37680e+05   -1.11457e+06
  Conserved En.    Temperature Pressure (bar)   Constr. rmsd
   -1.07407e+06    3.09319e+02    1.97738e+02    0.00000e+00

           Step           Time
          77000       77.00000

   Energies (kJ/mol)
           Bond            U-B    Proper Dih.  Improper Dih.      CMAP Dih.
    2.82297e+04    1.32808e+05    9.64338e+04    2.09959e+03   -8.17030e+01
          LJ-14     Coulomb-14        LJ (SR)   Coulomb (SR)   Coul. recip.
    2.13341e+04    1.38841e+05    6.73753e+04   -2.05059e+06    6.24357e+03
 Position Rest.     Dih. Rest.      Potential    Kinetic En.   Total Energy
    3.41149e+03    2.96081e+02   -1.55360e+06    4.38309e+05   -1.11529e+06
  Conserved En.    Temperature Pressure (bar)   Constr. rmsd
   -1.07376e+06    3.09763e+02   -1.00692e+02    0.00000e+00

           Step           Time
          78000       78.00000

   Energies (kJ/mol)
           Bond            U-B    Proper Dih.  Improper Dih.      CMAP Dih.
    2.84422e+04    1.32091e+05    9.57581e+04    2.07979e+03   -1.30034e+02
          LJ-14     Coulomb-14        LJ (SR)   Coulomb (SR)   Coul. recip.
    2.13697e+04    1.40229e+05    6.74813e+04   -2.05413e+06    6.19773e+03
 Position Rest.     Dih. Rest.      Potential    Kinetic En.   Total Energy
    3.36405e+03    2.68768e+02   -1.55698e+06    4.38785e+05   -1.11820e+06
  Conserved En.    Temperature Pressure (bar)   Constr. rmsd
   -1.07340e+06    3.10100e+02    2.50975e+00    0.00000e+00

           Step           Time
          79000       79.00000

   Energies (kJ/mol)
           Bond            U-B    Proper Dih.  Improper Dih.      CMAP Dih.
    2.82283e+04    1.32610e+05    9.61270e+04    2.00699e+03    4.05116e+00
          LJ-14     Coulomb-14        LJ (SR)   Coulomb (SR)   Coul. recip.
    2.14220e+04    1.39933e+05    6.80923e+04   -2.05153e+06    6.19988e+03
 Position Rest.     Dih. Rest.      Potential    Kinetic En.   Total Energy
    3.44487e+03    2.73249e+02   -1.55319e+06    4.36382e+05   -1.11680e+06
  Conserved En.    Temperature Pressure (bar)   Constr. rmsd
   -1.07340e+06    3.08401e+02    9.96035e+01    0.00000e+00

           Step           Time
          80000       80.00000

   Energies (kJ/mol)
           Bond            U-B    Proper Dih.  Improper Dih.      CMAP Dih.
    2.80190e+04    1.32362e+05    9.63518e+04    2.08495e+03   -1.01267e+02
          LJ-14     Coulomb-14        LJ (SR)   Coulomb (SR)   Coul. recip.
    2.14417e+04    1.39882e+05    6.59711e+04   -2.05301e+06    6.13289e+03
 Position Rest.     Dih. Rest.      Potential    Kinetic En.   Total Energy
    3.38916e+03    2.90258e+02   -1.55719e+06    4.38386e+05   -1.11880e+06
  Conserved En.    Temperature Pressure (bar)   Constr. rmsd
   -1.07336e+06    3.09818e+02    2.27780e+02    0.00000e+00

           Step           Time
          81000       81.00000

   Energies (kJ/mol)
           Bond            U-B    Proper Dih.  Improper Dih.      CMAP Dih.
    2.82634e+04    1.32319e+05    9.61251e+04    1.96497e+03   -1.14138e+02
          LJ-14     Coulomb-14        LJ (SR)   Coulomb (SR)   Coul. recip.
    2.16019e+04    1.38815e+05    6.79963e+04   -2.05151e+06    6.12706e+03
 Position Rest.     Dih. Rest.      Potential    Kinetic En.   Total Energy
    3.27865e+03    2.60439e+02   -1.55487e+06    4.39719e+05   -1.11515e+06
  Conserved En.    Temperature Pressure (bar)   Constr. rmsd
   -1.07345e+06    3.10760e+02    1.02921e+02    0.00000e+00

           Step           Time
          82000       82.00000

   Energies (kJ/mol)
           Bond            U-B    Proper Dih.  Improper Dih.      CMAP Dih.
    2.84958e+04    1.32164e+05    9.61987e+04    2.10412e+03   -1.24347e+02
          LJ-14     Coulomb-14        LJ (SR)   Coulomb (SR)   Coul. recip.
    2.14682e+04    1.38478e+05    6.84837e+04   -2.05223e+06    6.17331e+03
 Position Rest.     Dih. Rest.      Potential    Kinetic En.   Total Energy
    3.37615e+03    2.79388e+02   -1.55513e+06    4.38179e+05   -1.11695e+06
  Conserved En.    Temperature Pressure (bar)   Constr. rmsd
   -1.07339e+06    3.09671e+02    7.22436e+01    0.00000e+00

           Step           Time
          83000       83.00000

   Energies (kJ/mol)
           Bond            U-B    Proper Dih.  Improper Dih.      CMAP Dih.
    2.83743e+04    1.31883e+05    9.62463e+04    2.25482e+03   -1.75070e+02
          LJ-14     Coulomb-14        LJ (SR)   Coulomb (SR)   Coul. recip.
    2.18021e+04    1.38917e+05    6.93605e+04   -2.05395e+06    6.08815e+03
 Position Rest.     Dih. Rest.      Potential    Kinetic En.   Total Energy
    3.32663e+03    2.79643e+02   -1.55559e+06    4.40090e+05   -1.11550e+06
  Conserved En.    Temperature Pressure (bar)   Constr. rmsd
   -1.07377e+06    3.11022e+02    1.70406e+02    0.00000e+00

           Step           Time
          84000       84.00000

   Energies (kJ/mol)
           Bond            U-B    Proper Dih.  Improper Dih.      CMAP Dih.
    2.80999e+04    1.32827e+05    9.61195e+04    2.13579e+03   -3.87722e+01
          LJ-14     Coulomb-14        LJ (SR)   Coulomb (SR)   Coul. recip.
    2.11469e+04    1.38733e+05    6.64719e+04   -2.04864e+06    6.11923e+03
 Position Rest.     Dih. Rest.      Potential    Kinetic En.   Total Energy
    3.40376e+03    2.56271e+02   -1.55337e+06    4.38682e+05   -1.11469e+06
  Conserved En.    Temperature Pressure (bar)   Constr. rmsd
   -1.07389e+06    3.10027e+02   -1.86234e+02    0.00000e+00

           Step           Time
          85000       85.00000

   Energies (kJ/mol)
           Bond            U-B    Proper Dih.  Improper Dih.      CMAP Dih.
    2.82731e+04    1.31351e+05    9.63036e+04    2.05555e+03   -1.65895e+02
          LJ-14     Coulomb-14        LJ (SR)   Coulomb (SR)   Coul. recip.
    2.13372e+04    1.39601e+05    6.68186e+04   -2.05069e+06    6.11316e+03
 Position Rest.     Dih. Rest.      Potential    Kinetic En.   Total Energy
    3.37960e+03    2.43303e+02   -1.55538e+06    4.38831e+05   -1.11655e+06
  Conserved En.    Temperature Pressure (bar)   Constr. rmsd
   -1.07372e+06    3.10133e+02   -2.25019e+02    0.00000e+00

           Step           Time
          86000       86.00000

   Energies (kJ/mol)
           Bond            U-B    Proper Dih.  Improper Dih.      CMAP Dih.
    2.80986e+04    1.32989e+05    9.64480e+04    2.09977e+03   -8.98350e+01
          LJ-14     Coulomb-14        LJ (SR)   Coulomb (SR)   Coul. recip.
    2.14915e+04    1.38392e+05    6.87577e+04   -2.05144e+06    6.11269e+03
 Position Rest.     Dih. Rest.      Potential    Kinetic En.   Total Energy
    3.14695e+03    2.47391e+02   -1.55375e+06    4.37689e+05   -1.11606e+06
  Conserved En.    Temperature Pressure (bar)   Constr. rmsd
   -1.07372e+06    3.09325e+02    8.90973e+01    0.00000e+00

           Step           Time
          87000       87.00000

   Energies (kJ/mol)
           Bond            U-B    Proper Dih.  Improper Dih.      CMAP Dih.
    2.80863e+04    1.31693e+05    9.65251e+04    2.27336e+03   -1.71558e+02
          LJ-14     Coulomb-14        LJ (SR)   Coulomb (SR)   Coul. recip.
    2.16062e+04    1.39335e+05    6.71970e+04   -2.04912e+06    6.13044e+03
 Position Rest.     Dih. Rest.      Potential    Kinetic En.   Total Energy
    3.28981e+03    2.88247e+02   -1.55286e+06    4.41271e+05   -1.11159e+06
  Conserved En.    Temperature Pressure (bar)   Constr. rmsd
   -1.07377e+06    3.11856e+02   -6.03154e+01    0.00000e+00

           Step           Time
          88000       88.00000

   Energies (kJ/mol)
           Bond            U-B    Proper Dih.  Improper Dih.      CMAP Dih.
    2.81942e+04    1.32921e+05    9.62349e+04    2.19722e+03   -1.85647e+02
          LJ-14     Coulomb-14        LJ (SR)   Coulomb (SR)   Coul. recip.
    2.13431e+04    1.38752e+05    6.87303e+04   -2.05089e+06    6.18674e+03
 Position Rest.     Dih. Rest.      Potential    Kinetic En.   Total Energy
    3.39618e+03    2.44849e+02   -1.55288e+06    4.41451e+05   -1.11143e+06
  Conserved En.    Temperature Pressure (bar)   Constr. rmsd
   -1.07414e+06    3.11984e+02   -5.95710e+01    0.00000e+00

           Step           Time
          89000       89.00000

   Energies (kJ/mol)
           Bond            U-B    Proper Dih.  Improper Dih.      CMAP Dih.
    2.77392e+04    1.32975e+05    9.62200e+04    2.21391e+03   -1.12801e+02
          LJ-14     Coulomb-14        LJ (SR)   Coulomb (SR)   Coul. recip.
    2.13926e+04    1.38802e+05    6.70573e+04   -2.04900e+06    6.15855e+03
 Position Rest.     Dih. Rest.      Potential    Kinetic En.   Total Energy
    3.26738e+03    2.58287e+02   -1.55302e+06    4.39490e+05   -1.11353e+06
  Conserved En.    Temperature Pressure (bar)   Constr. rmsd
   -1.07360e+06    3.10598e+02    4.35892e+01    0.00000e+00

           Step           Time
          90000       90.00000

   Energies (kJ/mol)
           Bond            U-B    Proper Dih.  Improper Dih.      CMAP Dih.
    2.83997e+04    1.33003e+05    9.60195e+04    2.22601e+03   -1.46068e+02
          LJ-14     Coulomb-14        LJ (SR)   Coulomb (SR)   Coul. recip.
    2.12804e+04    1.39023e+05    6.95698e+04   -2.05260e+06    6.23086e+03
 Position Rest.     Dih. Rest.      Potential    Kinetic En.   Total Energy
    3.26436e+03    2.56814e+02   -1.55347e+06    4.41460e+05   -1.11201e+06
  Conserved En.    Temperature Pressure (bar)   Constr. rmsd
   -1.07337e+06    3.11990e+02    9.75812e+01    0.00000e+00

           Step           Time
          91000       91.00000

   Energies (kJ/mol)
           Bond            U-B    Proper Dih.  Improper Dih.      CMAP Dih.
    2.79589e+04    1.33125e+05    9.58906e+04    2.14550e+03   -7.27125e+01
          LJ-14     Coulomb-14        LJ (SR)   Coulomb (SR)   Coul. recip.
    2.13327e+04    1.39103e+05    6.82205e+04   -2.05026e+06    6.28215e+03
 Position Rest.     Dih. Rest.      Potential    Kinetic En.   Total Energy
    3.25713e+03    2.41079e+02   -1.55277e+06    4.39557e+05   -1.11322e+06
  Conserved En.    Temperature Pressure (bar)   Constr. rmsd
   -1.07324e+06    3.10646e+02    1.57667e+02    0.00000e+00

           Step           Time
          92000       92.00000

   Energies (kJ/mol)
           Bond            U-B    Proper Dih.  Improper Dih.      CMAP Dih.
    2.81798e+04    1.32787e+05    9.53522e+04    2.07093e+03   -1.47680e+02
          LJ-14     Coulomb-14        LJ (SR)   Coulomb (SR)   Coul. recip.
    2.11966e+04    1.39239e+05    6.68840e+04   -2.05153e+06    6.20247e+03
 Position Rest.     Dih. Rest.      Potential    Kinetic En.   Total Energy
    3.47789e+03    2.78566e+02   -1.55601e+06    4.38600e+05   -1.11741e+06
  Conserved En.    Temperature Pressure (bar)   Constr. rmsd
   -1.07325e+06    3.09969e+02   -1.31830e+02    0.00000e+00

           Step           Time
          93000       93.00000

   Energies (kJ/mol)
           Bond            U-B    Proper Dih.  Improper Dih.      CMAP Dih.
    2.84059e+04    1.31365e+05    9.58319e+04    2.05077e+03   -1.65306e+02
          LJ-14     Coulomb-14        LJ (SR)   Coulomb (SR)   Coul. recip.
    2.15119e+04    1.39237e+05    6.63368e+04   -2.05147e+06    6.13192e+03
 Position Rest.     Dih. Rest.      Potential    Kinetic En.   Total Energy
    3.39494e+03    3.28421e+02   -1.55704e+06    4.38582e+05   -1.11846e+06
  Conserved En.    Temperature Pressure (bar)   Constr. rmsd
   -1.07319e+06    3.09956e+02   -1.11300e+02    0.00000e+00

           Step           Time
          94000       94.00000

   Energies (kJ/mol)
           Bond            U-B    Proper Dih.  Improper Dih.      CMAP Dih.
    2.80014e+04    1.31517e+05    9.57842e+04    1.93069e+03   -1.54667e+02
          LJ-14     Coulomb-14        LJ (SR)   Coulomb (SR)   Coul. recip.
    2.15875e+04    1.38900e+05    6.67943e+04   -2.05396e+06    6.08674e+03
 Position Rest.     Dih. Rest.      Potential    Kinetic En.   Total Energy
    3.45302e+03    2.80461e+02   -1.55978e+06    4.36295e+05   -1.12349e+06
  Conserved En.    Temperature Pressure (bar)   Constr. rmsd
   -1.07329e+06    3.08340e+02   -8.05409e+01    0.00000e+00

           Step           Time
          95000       95.00000

   Energies (kJ/mol)
           Bond            U-B    Proper Dih.  Improper Dih.      CMAP Dih.
    2.85988e+04    1.32359e+05    9.57495e+04    2.14351e+03   -1.24715e+02
          LJ-14     Coulomb-14        LJ (SR)   Coulomb (SR)   Coul. recip.
    2.10097e+04    1.38840e+05    6.69831e+04   -2.05250e+06    6.05940e+03
 Position Rest.     Dih. Rest.      Potential    Kinetic En.   Total Energy
    3.34698e+03    2.49810e+02   -1.55729e+06    4.37178e+05   -1.12011e+06
  Conserved En.    Temperature Pressure (bar)   Constr. rmsd
   -1.07318e+06    3.08964e+02   -1.91315e+02    0.00000e+00

           Step           Time
          96000       96.00000

   Energies (kJ/mol)
           Bond            U-B    Proper Dih.  Improper Dih.      CMAP Dih.
    2.81853e+04    1.31780e+05    9.60387e+04    2.12735e+03   -7.96409e+01
          LJ-14     Coulomb-14        LJ (SR)   Coulomb (SR)   Coul. recip.
    2.12069e+04    1.39371e+05    6.99448e+04   -2.05437e+06    6.16543e+03
 Position Rest.     Dih. Rest.      Potential    Kinetic En.   Total Energy
    3.36359e+03    2.67126e+02   -1.55600e+06    4.39690e+05   -1.11631e+06
  Conserved En.    Temperature Pressure (bar)   Constr. rmsd
   -1.07302e+06    3.10739e+02   -4.61149e+01    0.00000e+00

           Step           Time
          97000       97.00000

   Energies (kJ/mol)
           Bond            U-B    Proper Dih.  Improper Dih.      CMAP Dih.
    2.84723e+04    1.31365e+05    9.63186e+04    2.05529e+03   -1.73393e+02
          LJ-14     Coulomb-14        LJ (SR)   Coulomb (SR)   Coul. recip.
    2.15094e+04    1.39400e+05    6.76855e+04   -2.05084e+06    6.12239e+03
 Position Rest.     Dih. Rest.      Potential    Kinetic En.   Total Energy
    3.44545e+03    2.67933e+02   -1.55437e+06    4.38464e+05   -1.11591e+06
  Conserved En.    Temperature Pressure (bar)   Constr. rmsd
   -1.07314e+06    3.09873e+02    8.21732e+01    0.00000e+00

           Step           Time
          98000       98.00000

   Energies (kJ/mol)
           Bond            U-B    Proper Dih.  Improper Dih.      CMAP Dih.
    2.81630e+04    1.32863e+05    9.61556e+04    2.18623e+03   -1.82412e+02
          LJ-14     Coulomb-14        LJ (SR)   Coulomb (SR)   Coul. recip.
    2.14290e+04    1.38285e+05    6.53480e+04   -2.04974e+06    6.01974e+03
 Position Rest.     Dih. Rest.      Potential    Kinetic En.   Total Energy
    3.38017e+03    2.56783e+02   -1.55583e+06    4.38164e+05   -1.11767e+06
  Conserved En.    Temperature Pressure (bar)   Constr. rmsd
   -1.07323e+06    3.09661e+02   -1.33689e+02    0.00000e+00

           Step           Time
          99000       99.00000

   Energies (kJ/mol)
           Bond            U-B    Proper Dih.  Improper Dih.      CMAP Dih.
    2.84063e+04    1.32788e+05    9.58882e+04    2.07156e+03   -1.85020e+02
          LJ-14     Coulomb-14        LJ (SR)   Coulomb (SR)   Coul. recip.
    2.14531e+04    1.38538e+05    6.82487e+04   -2.05249e+06    6.16680e+03
 Position Rest.     Dih. Rest.      Potential    Kinetic En.   Total Energy
    3.39530e+03    2.37508e+02   -1.55548e+06    4.37048e+05   -1.11843e+06
  Conserved En.    Temperature Pressure (bar)   Constr. rmsd
   -1.07323e+06    3.08872e+02   -9.16109e+00    0.00000e+00

           Step           Time
         100000      100.00000

   Energies (kJ/mol)
           Bond            U-B    Proper Dih.  Improper Dih.      CMAP Dih.
    2.84572e+04    1.32717e+05    9.59923e+04    2.10252e+03   -1.89669e+02
          LJ-14     Coulomb-14        LJ (SR)   Coulomb (SR)   Coul. recip.
    2.13968e+04    1.39117e+05    6.93342e+04   -2.05461e+06    6.02126e+03
 Position Rest.     Dih. Rest.      Potential    Kinetic En.   Total Energy
    3.32376e+03    2.61609e+02   -1.55608e+06    4.40700e+05   -1.11538e+06
  Conserved En.    Temperature Pressure (bar)   Constr. rmsd
   -1.07342e+06    3.11453e+02   -3.11820e+00    0.00000e+00

           Step           Time
         101000      101.00000

   Energies (kJ/mol)
           Bond            U-B    Proper Dih.  Improper Dih.      CMAP Dih.
    2.83374e+04    1.32804e+05    9.59670e+04    2.17821e+03   -1.73812e+02
          LJ-14     Coulomb-14        LJ (SR)   Coulomb (SR)   Coul. recip.
    2.14135e+04    1.38912e+05    7.00985e+04   -2.05361e+06    6.08711e+03
 Position Rest.     Dih. Rest.      Potential    Kinetic En.   Total Energy
    3.33830e+03    2.38216e+02   -1.55441e+06    4.39775e+05   -1.11464e+06
  Conserved En.    Temperature Pressure (bar)   Constr. rmsd
   -1.07311e+06    3.10799e+02   -1.63570e+00    0.00000e+00

           Step           Time
         102000      102.00000

   Energies (kJ/mol)
           Bond            U-B    Proper Dih.  Improper Dih.      CMAP Dih.
    2.79218e+04    1.32255e+05    9.62592e+04    1.99067e+03   -1.19279e+02
          LJ-14     Coulomb-14        LJ (SR)   Coulomb (SR)   Coul. recip.
    2.13777e+04    1.39171e+05    6.82400e+04   -2.05189e+06    6.24299e+03
 Position Rest.     Dih. Rest.      Potential    Kinetic En.   Total Energy
    3.44204e+03    2.83071e+02   -1.55483e+06    4.39264e+05   -1.11557e+06
  Conserved En.    Temperature Pressure (bar)   Constr. rmsd
   -1.07304e+06    3.10438e+02   -8.04640e+01    0.00000e+00

           Step           Time
         103000      103.00000

   Energies (kJ/mol)
           Bond            U-B    Proper Dih.  Improper Dih.      CMAP Dih.
    2.82879e+04    1.33546e+05    9.57309e+04    2.14422e+03   -1.99817e+02
          LJ-14     Coulomb-14        LJ (SR)   Coulomb (SR)   Coul. recip.
    2.12458e+04    1.38615e+05    6.79441e+04   -2.05157e+06    6.29138e+03
 Position Rest.     Dih. Rest.      Potential    Kinetic En.   Total Energy
    3.31102e+03    3.01021e+02   -1.55435e+06    4.35987e+05   -1.11837e+06
  Conserved En.    Temperature Pressure (bar)   Constr. rmsd
   -1.07315e+06    3.08122e+02   -1.03172e+02    0.00000e+00

           Step           Time
         104000      104.00000

   Energies (kJ/mol)
           Bond            U-B    Proper Dih.  Improper Dih.      CMAP Dih.
    2.80780e+04    1.32262e+05    9.56648e+04    2.14826e+03   -1.47867e+02
          LJ-14     Coulomb-14        LJ (SR)   Coulomb (SR)   Coul. recip.
    2.13348e+04    1.38758e+05    6.83616e+04   -2.05246e+06    6.20344e+03
 Position Rest.     Dih. Rest.      Potential    Kinetic En.   Total Energy
    3.31071e+03    2.44965e+02   -1.55624e+06    4.36998e+05   -1.11924e+06
  Conserved En.    Temperature Pressure (bar)   Constr. rmsd
   -1.07290e+06    3.08837e+02   -5.49443e+00    0.00000e+00

           Step           Time
         105000      105.00000

   Energies (kJ/mol)
           Bond            U-B    Proper Dih.  Improper Dih.      CMAP Dih.
    2.86686e+04    1.32832e+05    9.59092e+04    2.03766e+03   -8.35724e+01
          LJ-14     Coulomb-14        LJ (SR)   Coulomb (SR)   Coul. recip.
    2.14915e+04    1.38976e+05    6.81421e+04   -2.05182e+06    6.15443e+03
 Position Rest.     Dih. Rest.      Potential    Kinetic En.   Total Energy
    3.45317e+03    2.79035e+02   -1.55396e+06    4.39376e+05   -1.11458e+06
  Conserved En.    Temperature Pressure (bar)   Constr. rmsd
   -1.07266e+06    3.10518e+02    5.20968e+01    0.00000e+00

           Step           Time
         106000      106.00000

   Energies (kJ/mol)
           Bond            U-B    Proper Dih.  Improper Dih.      CMAP Dih.
    2.82590e+04    1.33669e+05    9.57660e+04    2.11852e+03   -1.83295e+02
          LJ-14     Coulomb-14        LJ (SR)   Coulomb (SR)   Coul. recip.
    2.16509e+04    1.40274e+05    7.05407e+04   -2.05579e+06    6.24259e+03
 Position Rest.     Dih. Rest.      Potential    Kinetic En.   Total Energy
    3.34228e+03    2.88865e+02   -1.55382e+06    4.39052e+05   -1.11476e+06
  Conserved En.    Temperature Pressure (bar)   Constr. rmsd
   -1.07275e+06    3.10289e+02    1.52002e+02    0.00000e+00

           Step           Time
         107000      107.00000

   Energies (kJ/mol)
           Bond            U-B    Proper Dih.  Improper Dih.      CMAP Dih.
    2.80183e+04    1.31755e+05    9.64191e+04    2.16779e+03   -1.37161e+02
          LJ-14     Coulomb-14        LJ (SR)   Coulomb (SR)   Coul. recip.
    2.16005e+04    1.38788e+05    6.88141e+04   -2.05337e+06    6.08636e+03
 Position Rest.     Dih. Rest.      Potential    Kinetic En.   Total Energy
    3.39301e+03    2.68089e+02   -1.55620e+06    4.39117e+05   -1.11708e+06
  Conserved En.    Temperature Pressure (bar)   Constr. rmsd
   -1.07286e+06    3.10334e+02    2.87010e+01    0.00000e+00

           Step           Time
         108000      108.00000

   Energies (kJ/mol)
           Bond            U-B    Proper Dih.  Improper Dih.      CMAP Dih.
    2.80393e+04    1.32230e+05    9.62270e+04    2.11032e+03   -2.12279e+02
          LJ-14     Coulomb-14        LJ (SR)   Coulomb (SR)   Coul. recip.
    2.14265e+04    1.39476e+05    7.03638e+04   -2.05605e+06    6.08489e+03
 Position Rest.     Dih. Rest.      Potential    Kinetic En.   Total Energy
    3.41485e+03    2.84007e+02   -1.55660e+06    4.36809e+05   -1.11980e+06
  Conserved En.    Temperature Pressure (bar)   Constr. rmsd
   -1.07262e+06    3.08703e+02    1.04194e+02    0.00000e+00

           Step           Time
         109000      109.00000

   Energies (kJ/mol)
           Bond            U-B    Proper Dih.  Improper Dih.      CMAP Dih.
    2.82527e+04    1.32261e+05    9.61250e+04    2.06621e+03   -1.32296e+02
          LJ-14     Coulomb-14        LJ (SR)   Coulomb (SR)   Coul. recip.
    2.15697e+04    1.39331e+05    6.35965e+04   -2.04858e+06    6.00871e+03
 Position Rest.     Dih. Rest.      Potential    Kinetic En.   Total Energy
    3.45687e+03    2.45231e+02   -1.55580e+06    4.38737e+05   -1.11707e+06
  Conserved En.    Temperature Pressure (bar)   Constr. rmsd
   -1.07212e+06    3.10066e+02   -1.45926e+02    0.00000e+00

           Step           Time
         110000      110.00000

   Energies (kJ/mol)
           Bond            U-B    Proper Dih.  Improper Dih.      CMAP Dih.
    2.82534e+04    1.32696e+05    9.61000e+04    2.11432e+03   -6.55108e+01
          LJ-14     Coulomb-14        LJ (SR)   Coulomb (SR)   Coul. recip.
    2.13984e+04    1.39580e+05    6.78705e+04   -2.05398e+06    5.98261e+03
 Position Rest.     Dih. Rest.      Potential    Kinetic En.   Total Energy
    3.44011e+03    2.49950e+02   -1.55636e+06    4.38638e+05   -1.11772e+06
  Conserved En.    Temperature Pressure (bar)   Constr. rmsd
   -1.07196e+06    3.09996e+02    1.37955e+02    0.00000e+00

           Step           Time
         111000      111.00000

   Energies (kJ/mol)
           Bond            U-B    Proper Dih.  Improper Dih.      CMAP Dih.
    2.83624e+04    1.32063e+05    9.63741e+04    2.11427e+03   -7.21077e+01
          LJ-14     Coulomb-14        LJ (SR)   Coulomb (SR)   Coul. recip.
    2.12032e+04    1.39407e+05    6.78394e+04   -2.05396e+06    6.10469e+03
 Position Rest.     Dih. Rest.      Potential    Kinetic En.   Total Energy
    3.42930e+03    2.55188e+02   -1.55688e+06    4.38616e+05   -1.11826e+06
  Conserved En.    Temperature Pressure (bar)   Constr. rmsd
   -1.07177e+06    3.09980e+02    4.10476e+01    0.00000e+00

           Step           Time
         112000      112.00000

   Energies (kJ/mol)
           Bond            U-B    Proper Dih.  Improper Dih.      CMAP Dih.
    2.80882e+04    1.32552e+05    9.60711e+04    1.98710e+03   -8.51343e+01
          LJ-14     Coulomb-14        LJ (SR)   Coulomb (SR)   Coul. recip.
    2.14494e+04    1.38721e+05    6.82224e+04   -2.05626e+06    6.09458e+03
 Position Rest.     Dih. Rest.      Potential    Kinetic En.   Total Energy
    3.47977e+03    2.65282e+02   -1.55941e+06    4.37682e+05   -1.12173e+06
  Conserved En.    Temperature Pressure (bar)   Constr. rmsd
   -1.07201e+06    3.09320e+02    2.61719e+01    0.00000e+00

           Step           Time
         113000      113.00000

   Energies (kJ/mol)
           Bond            U-B    Proper Dih.  Improper Dih.      CMAP Dih.
    2.79064e+04    1.31769e+05    9.58208e+04    2.11363e+03   -1.60437e+02
          LJ-14     Coulomb-14        LJ (SR)   Coulomb (SR)   Coul. recip.
    2.15128e+04    1.38611e+05    6.89122e+04   -2.05585e+06    5.98441e+03
 Position Rest.     Dih. Rest.      Potential    Kinetic En.   Total Energy
    3.59612e+03    2.71716e+02   -1.55952e+06    4.39416e+05   -1.12010e+06
  Conserved En.    Temperature Pressure (bar)   Constr. rmsd
   -1.07211e+06    3.10545e+02    1.06229e+01    0.00000e+00

           Step           Time
         114000      114.00000

   Energies (kJ/mol)
           Bond            U-B    Proper Dih.  Improper Dih.      CMAP Dih.
    2.86918e+04    1.31774e+05    9.64126e+04    2.02961e+03   -1.29230e+02
          LJ-14     Coulomb-14        LJ (SR)   Coulomb (SR)   Coul. recip.
    2.16227e+04    1.39075e+05    6.89504e+04   -2.05465e+06    6.16983e+03
 Position Rest.     Dih. Rest.      Potential    Kinetic En.   Total Energy
    3.50322e+03    2.62942e+02   -1.55629e+06    4.36388e+05   -1.11990e+06
  Conserved En.    Temperature Pressure (bar)   Constr. rmsd
   -1.07216e+06    3.08406e+02   -9.38384e+01    0.00000e+00

           Step           Time
         115000      115.00000

   Energies (kJ/mol)
           Bond            U-B    Proper Dih.  Improper Dih.      CMAP Dih.
    2.78066e+04    1.32093e+05    9.60717e+04    2.04099e+03   -1.44635e+02
          LJ-14     Coulomb-14        LJ (SR)   Coulomb (SR)   Coul. recip.
    2.14121e+04    1.39253e+05    6.89644e+04   -2.05380e+06    6.06793e+03
 Position Rest.     Dih. Rest.      Potential    Kinetic En.   Total Energy
    3.40141e+03    2.56128e+02   -1.55658e+06    4.36278e+05   -1.12030e+06
  Conserved En.    Temperature Pressure (bar)   Constr. rmsd
   -1.07217e+06    3.08328e+02    1.55223e+02    0.00000e+00

           Step           Time
         116000      116.00000

   Energies (kJ/mol)
           Bond            U-B    Proper Dih.  Improper Dih.      CMAP Dih.
    2.80417e+04    1.32084e+05    9.60173e+04    2.10067e+03   -1.04970e+02
          LJ-14     Coulomb-14        LJ (SR)   Coulomb (SR)   Coul. recip.
    2.17323e+04    1.39766e+05    6.95191e+04   -2.05650e+06    6.03953e+03
 Position Rest.     Dih. Rest.      Potential    Kinetic En.   Total Energy
    3.50098e+03    2.40483e+02   -1.55756e+06    4.37665e+05   -1.11990e+06
  Conserved En.    Temperature Pressure (bar)   Constr. rmsd
   -1.07181e+06    3.09309e+02    1.92998e+02    0.00000e+00

           Step           Time
         117000      117.00000

   Energies (kJ/mol)
           Bond            U-B    Proper Dih.  Improper Dih.      CMAP Dih.
    2.86802e+04    1.33053e+05    9.59224e+04    2.10143e+03   -1.34216e+02
          LJ-14     Coulomb-14        LJ (SR)   Coulomb (SR)   Coul. recip.
    2.15000e+04    1.39085e+05    6.62940e+04   -2.05057e+06    6.02928e+03
 Position Rest.     Dih. Rest.      Potential    Kinetic En.   Total Energy
    3.36753e+03    2.80728e+02   -1.55439e+06    4.37170e+05   -1.11722e+06
  Conserved En.    Temperature Pressure (bar)   Constr. rmsd
   -1.07172e+06    3.08959e+02   -6.81144e+00    0.00000e+00

           Step           Time
         118000      118.00000

   Energies (kJ/mol)
           Bond            U-B    Proper Dih.  Improper Dih.      CMAP Dih.
    2.84669e+04    1.33027e+05    9.58970e+04    2.01935e+03   -1.84387e+02
          LJ-14     Coulomb-14        LJ (SR)   Coulomb (SR)   Coul. recip.
    2.14243e+04    1.39056e+05    6.76965e+04   -2.05339e+06    6.01973e+03
 Position Rest.     Dih. Rest.      Potential    Kinetic En.   Total Energy
    3.48228e+03    2.89881e+02   -1.55620e+06    4.38906e+05   -1.11729e+06
  Conserved En.    Temperature Pressure (bar)   Constr. rmsd
   -1.07166e+06    3.10185e+02   -2.33665e+01    0.00000e+00

           Step           Time
         119000      119.00000

   Energies (kJ/mol)
           Bond            U-B    Proper Dih.  Improper Dih.      CMAP Dih.
    2.72408e+04    1.33527e+05    9.58330e+04    2.20238e+03   -1.43007e+02
          LJ-14     Coulomb-14        LJ (SR)   Coulomb (SR)   Coul. recip.
    2.14396e+04    1.40136e+05    6.78831e+04   -2.05351e+06    6.03319e+03
 Position Rest.     Dih. Rest.      Potential    Kinetic En.   Total Energy
    3.50111e+03    2.82411e+02   -1.55557e+06    4.38630e+05   -1.11694e+06
  Conserved En.    Temperature Pressure (bar)   Constr. rmsd
   -1.07164e+06    3.09990e+02    1.76708e+02    0.00000e+00

           Step           Time
         120000      120.00000

   Energies (kJ/mol)
           Bond            U-B    Proper Dih.  Improper Dih.      CMAP Dih.
    2.83140e+04    1.32235e+05    9.61375e+04    2.10762e+03   -1.69872e+02
          LJ-14     Coulomb-14        LJ (SR)   Coulomb (SR)   Coul. recip.
    2.13914e+04    1.39237e+05    6.55127e+04   -2.05182e+06    6.01601e+03
 Position Rest.     Dih. Rest.      Potential    Kinetic En.   Total Energy
    3.45397e+03    2.29350e+02   -1.55736e+06    4.37101e+05   -1.12026e+06
  Conserved En.    Temperature Pressure (bar)   Constr. rmsd
   -1.07186e+06    3.08909e+02   -7.76931e+01    0.00000e+00

           Step           Time
         121000      121.00000

   Energies (kJ/mol)
           Bond            U-B    Proper Dih.  Improper Dih.      CMAP Dih.
    2.83124e+04    1.32464e+05    9.57754e+04    2.13507e+03   -1.12001e+02
          LJ-14     Coulomb-14        LJ (SR)   Coulomb (SR)   Coul. recip.
    2.15612e+04    1.38883e+05    6.80680e+04   -2.05513e+06    6.08966e+03
 Position Rest.     Dih. Rest.      Potential    Kinetic En.   Total Energy
    3.38091e+03    2.76822e+02   -1.55829e+06    4.39994e+05   -1.11830e+06
  Conserved En.    Temperature Pressure (bar)   Constr. rmsd
   -1.07209e+06    3.10954e+02    1.65572e+02    0.00000e+00

           Step           Time
         122000      122.00000

   Energies (kJ/mol)
           Bond            U-B    Proper Dih.  Improper Dih.      CMAP Dih.
    2.83721e+04    1.32827e+05    9.58969e+04    2.06235e+03   -1.79520e+02
          LJ-14     Coulomb-14        LJ (SR)   Coulomb (SR)   Coul. recip.
    2.15161e+04    1.40584e+05    6.70939e+04   -2.05226e+06    6.00717e+03
 Position Rest.     Dih. Rest.      Potential    Kinetic En.   Total Energy
    3.44010e+03    2.79186e+02   -1.55436e+06    4.38021e+05   -1.11634e+06
  Conserved En.    Temperature Pressure (bar)   Constr. rmsd
   -1.07225e+06    3.09560e+02   -1.08731e+02    0.00000e+00

           Step           Time
         123000      123.00000

   Energies (kJ/mol)
           Bond            U-B    Proper Dih.  Improper Dih.      CMAP Dih.
    2.83964e+04    1.33435e+05    9.56729e+04    2.09931e+03   -1.29410e+02
          LJ-14     Coulomb-14        LJ (SR)   Coulomb (SR)   Coul. recip.
    2.12649e+04    1.40019e+05    6.84024e+04   -2.05283e+06    6.14427e+03
 Position Rest.     Dih. Rest.      Potential    Kinetic En.   Total Energy
    3.42780e+03    2.70529e+02   -1.55383e+06    4.40510e+05   -1.11332e+06
  Conserved En.    Temperature Pressure (bar)   Constr. rmsd
   -1.07241e+06    3.11319e+02    4.26079e-01    0.00000e+00

           Step           Time
         124000      124.00000

   Energies (kJ/mol)
           Bond            U-B    Proper Dih.  Improper Dih.      CMAP Dih.
    2.86599e+04    1.32872e+05    9.61586e+04    2.05343e+03   -1.18603e+02
          LJ-14     Coulomb-14        LJ (SR)   Coulomb (SR)   Coul. recip.
    2.13846e+04    1.40015e+05    6.81944e+04   -2.05353e+06    6.10383e+03
 Position Rest.     Dih. Rest.      Potential    Kinetic En.   Total Energy
    3.45450e+03    2.50824e+02   -1.55450e+06    4.39755e+05   -1.11474e+06
  Conserved En.    Temperature Pressure (bar)   Constr. rmsd
   -1.07254e+06    3.10785e+02    5.01076e+01    0.00000e+00

           Step           Time
         125000      125.00000

Writing checkpoint, step 125000 at Mon Feb  9 03:55:49 2026


   Energies (kJ/mol)
           Bond            U-B    Proper Dih.  Improper Dih.      CMAP Dih.
    2.82692e+04    1.33346e+05    9.57727e+04    2.21337e+03   -1.75203e+02
          LJ-14     Coulomb-14        LJ (SR)   Coulomb (SR)   Coul. recip.
    2.18011e+04    1.39757e+05    6.80932e+04   -2.05362e+06    6.09310e+03
 Position Rest.     Dih. Rest.      Potential    Kinetic En.   Total Energy
    3.53347e+03    2.58113e+02   -1.55466e+06    4.41876e+05   -1.11278e+06
  Conserved En.    Temperature Pressure (bar)   Constr. rmsd
   -1.07249e+06    3.12284e+02    8.12367e+01    0.00000e+00


Energy conservation over simulation part #1 of length 125 ps, time 0 to 125 ps
  Conserved energy drift: 1.17e-03 kJ/mol/ps per atom


	<======  ###############  ==>
	<====  A V E R A G E S  ====>
	<==  ###############  ======>

	Statistics over 125001 steps using 1251 frames

   Energies (kJ/mol)
           Bond            U-B    Proper Dih.  Improper Dih.      CMAP Dih.
    2.82533e+04    1.32605e+05    9.59993e+04    2.10280e+03   -1.13572e+02
          LJ-14     Coulomb-14        LJ (SR)   Coulomb (SR)   Coul. recip.
    2.13900e+04    1.39427e+05    6.79504e+04   -2.04856e+06    6.24234e+03
 Position Rest.     Dih. Rest.      Potential    Kinetic En.   Total Energy
    3.36858e+03    2.66146e+02   -1.55107e+06    4.39052e+05   -1.11202e+06
  Conserved En.    Temperature Pressure (bar)   Constr. rmsd
   -1.07895e+06    3.10288e+02   -8.37231e+01    0.00000e+00

          Box-X          Box-Y          Box-Z
    1.07370e+01    1.07370e+01    1.37219e+01

   Total Virial (kJ/mol)
    1.48429e+05    2.04311e+02   -4.66647e+00
    2.04297e+02    1.48470e+05   -1.43817e+02
   -4.68151e+00   -1.43820e+02    1.54480e+05

   Pressure (bar)
   -6.98167e+01   -5.22168e+00    4.41867e-01
   -5.22139e+00   -7.11994e+01    3.55838e+00
    4.42183e-01    3.55844e+00   -1.10153e+02

         T-SOLU         T-MEMB         T-SOLV
    3.10367e+02    3.10397e+02    3.10226e+02


       P P   -   P M E   L O A D   B A L A N C I N G

 PP/PME load balancing changed the cut-off and PME settings:
           particle-particle                    PME
            rcoulomb  rlist            grid      spacing   1/beta
   initial  1.200 nm  1.203 nm      96  96 120   0.118 nm  0.384 nm
   final    1.308 nm  1.311 nm      84  84 108   0.131 nm  0.419 nm
 cost-ratio           1.29             0.69
 (note that these numbers concern only part of the total PP and PME load)


	M E G A - F L O P S   A C C O U N T I N G

 NB=Group-cutoff nonbonded kernels    NxN=N-by-N cluster Verlet kernels
 RF=Reaction-Field  VdW=Van der Waals  QSTab=quadratic-spline table
 W3=SPC/TIP3p  W4=TIP4p (single or pairs)
 V&F=Potential and force  V=Potential only  F=Force only

 Computing:                               M-Number         M-Flops  % Flops
-----------------------------------------------------------------------------
 Pair Search distance check           25192.619936      226733.579     0.0
 NxN Ewald Elec. + LJ [F]          27609659.212608  2153553418.583    97.9
 NxN Ewald Elec. + LJ [V&F]          279110.394496    36005240.890     1.6
 1,4 nonbonded interactions           17919.768357     1612779.152     0.1
 Shift-X                                199.225503        1195.353     0.0
 Bonds                                 2710.271682      159906.029     0.0
 Propers                              20966.667732     4801366.911     0.2
 Impropers                              274.252194       57044.456     0.0
 Dihedral Restr.                         73.000584       14600.117     0.0
 Pos. Restr.                            670.130361       33506.518     0.0
 Virial                                 199.281798        3587.072     0.0
 Stop-CM                                199.225503        1992.255     0.0
 P-Coupling                             199.225503        1195.353     0.0
 Calc-Ekin                              398.451006       10758.177     0.0
 CMAP                                    77.500620      131751.054     0.0
 Urey-Bradley                         12665.476323     2317782.167     0.1
-----------------------------------------------------------------------------
 Total                                              2198932857.668   100.0
-----------------------------------------------------------------------------


      R E A L   C Y C L E   A N D   T I M E   A C C O U N T I N G

On 1 MPI rank, each using 20 OpenMP threads

 Activity:              Num   Num      Call    Wall time         Giga-Cycles
                        Ranks Threads  Count      (s)         total sum    %
--------------------------------------------------------------------------------
 Neighbor search           1   20       1251      16.179       1105.904   3.3
 Launch PP GPU ops.        1   20     248751      12.325        842.442   2.5
 Force                     1   20     125001     395.543      27036.423  80.8
 PME GPU mesh              1   20     125001       9.273        633.855   1.9
 Wait GPU NB local         1   20     125001       0.582         39.774   0.1
 Wait GPU state copy       1   20     256253      39.804       2720.740   8.1
 NB X/F buffer ops.        1   20       1251       1.360         92.978   0.3
 Write traj.               1   20         26       0.245         16.716   0.0
 GPU constr. setup         1   20          1       0.014          0.988   0.0
 Kinetic energy            1   20       2501       2.419        165.330   0.5
 Rest                                             12.077        825.506   2.5
--------------------------------------------------------------------------------
 Total                                           489.823      33480.655 100.0
--------------------------------------------------------------------------------
 Breakdown of PME mesh activities
--------------------------------------------------------------------------------
 Wait PME GPU gather       1   20     125001       0.020          1.390   0.0
 Reduce GPU PME F          1   20     125001       1.089         74.402   0.2
 Launch PME GPU ops.       1   20    1125009       7.958        543.939   1.6
--------------------------------------------------------------------------------

               Core t (s)   Wall t (s)        (%)
       Time:     9796.309      489.823     2000.0
                 (ns/day)    (hour/ns)
Performance:       22.049        1.088
Finished mdrun on rank 0 Mon Feb  9 03:55:49 2026

