Compound,Replica,Offset,Phe389_Score_Sum_Mean,Phe390_Score_Sum_Mean,strength_389,strength_390,strength_combined,quality_score_389,quality_score_390,major_contributor_389,major_contributor_390,avg_angle_389,avg_angle_390,std_angle_389,std_angle_390
20251202_D2_S84_boltz,charmm-gui-6467960487_gromacs_replicate_1,-29,4.40183656867726,4.696906707085101,6.221627741116808e-05,6.818298537566861e-05,6.519963139341834e-05,0.00010263992162957408,0.00011076857975155305,9,8,0.7510369005663929,0.7380348306018489,0.14144159051060654,0.1489316979294399
