Compound,True_Eff,Pred_Diff_Score,Pred_Class,True_Class,Correct
ARI,8.066999912261963,-0.20273486,Weaker,Weaker,1
BRE,0.6914000026881695,-0.35638773,Weaker,Weaker,1
LSD,9.148000180721283,-0.21044897,Weaker,Weaker,1
Lisu,14.830000698566437,-0.16586556,Weaker,Weaker,1
R10,43.48999857902527,-0.19772045,Weaker,Weaker,1
ROT,51.590001583099365,-0.09659319,Weaker,Weaker,1
S10,27.20000147819519,-0.24661203,Weaker,Weaker,1
S84,6.898000091314316,-0.49111158,Weaker,Weaker,1
UNC,43.070000410079956,-0.19747125,Weaker,Weaker,1
