Compound,Efficacy
Dopa,100
ROT,98.92433867
Pramipexole,93.92589498
UNC,87.8380594
R10,86.51809796
S10,75.42082128
(R)-IHCH-7084,73.60406192
Lisuride,65.54775171
(R)-IHCH-7041,64.89447648
(S)-IHCH-7041,58.18702077
LSD,49.97108981
S84,44.83229257
Cariprazine,35.08755471
ARI,33.81247952
BRE,25.17287268
