Compound,Replica,Offset,Phe389_Score_Sum_Mean,Phe390_Score_Sum_Mean,strength_389,strength_390,strength_combined,quality_score_389,quality_score_390,major_contributor_389,major_contributor_390,avg_angle_389,avg_angle_390,std_angle_389,std_angle_390
20251203_D2_R10_cryoEM_rebuild,charmm-gui-6472582697_gromacs_replicate_3,-29,2.3734499611799658,3.7101901229603107,4.510169108018337e-05,7.1105282564282e-05,5.810348682223268e-05,9.074922977687195e-05,0.00010500669449935199,9,9,0.6611906675457344,0.8094038028344679,0.14780464128106824,0.08083456543862418
