Compound,Replica,Offset,Phe389_Score_Sum_Mean,Phe390_Score_Sum_Mean,strength_389,strength_390,strength_combined,quality_score_389,quality_score_390,major_contributor_389,major_contributor_390,avg_angle_389,avg_angle_390,std_angle_389,std_angle_390
20251216_D2_LSD_cryoEM_rebuild,charmm-gui-6586065345_gromacs_replicate_1,-29,3.0948701356917847,3.000606259508573,6.225102217888815e-05,6.230391344272744e-05,6.227746781080779e-05,0.00012000613243741165,0.00011993379306401303,4,4,0.7800242354245824,0.7148325217066798,0.15793099442141037,0.18158209804151362
