#! FIELDS time phi_B d_AB d_BC opes.bias
#! SET min_phi_B -pi
#! SET max_phi_B pi
 0.000000 1.344975 0.515840 0.554109 -40.000000
 1.000000 1.458666 0.508213 0.528568 -40.000000
 2.000000 0.825112 0.499836 0.563435 -19.171197
 3.000000 1.730147 0.583876 0.628933 -21.335533
 4.000000 1.304672 0.534821 0.609859 -7.516585
 5.000000 1.525874 0.532165 0.550340 0.113177
 6.000000 0.924497 0.478459 0.526161 -12.086800
 7.000000 1.639735 0.564908 0.523539 1.281127
 8.000000 0.993277 0.497437 0.585597 -10.254279
 9.000000 1.172252 0.524021 0.541035 -6.402196
 10.000000 0.975444 0.501794 0.568756 -6.562481
 11.000001 1.230721 0.508560 0.594662 -3.445316
 12.000001 0.954806 0.473527 0.603074 -4.716885
 13.000001 0.671106 0.516887 0.580416 -10.037880
 14.000001 1.241744 0.541037 0.596434 -1.184667
 15.000001 1.189382 0.540208 0.601297 0.106283
 16.000001 1.480580 0.504366 0.556784 0.927637
 17.000001 2.284628 0.511081 0.540015 -30.051564
 18.000001 1.410287 0.499231 0.561928 1.834076
 19.000001 1.524725 0.524459 0.617329 2.747562
 20.000001 2.115900 0.560003 0.599934 -21.177934
 21.000001 1.348049 0.517399 0.511087 2.348028
 22.000001 1.965209 0.552536 0.544911 -11.248601
 23.000001 1.239049 0.544796 0.567367 1.257084
 24.000001 1.411686 0.508324 0.535768 2.749500
 25.000001 0.749690 0.560924 0.542025 -9.236749
 26.000001 1.242583 0.550374 0.529851 2.169666
 27.000001 1.114486 0.493842 0.526124 0.320404
 28.000001 0.835157 0.482994 0.570098 -7.285331
 29.000001 0.828237 0.519004 0.547448 -6.434459
 30.000001 0.919353 0.471676 0.551993 -4.576032
 31.000001 0.833929 0.527842 0.538360 -5.077281
 32.000002 2.266231 0.518438 0.548048 -22.842745
 33.000002 1.569357 0.476168 0.574007 2.265743
 34.000002 1.381630 0.540000 0.580533 3.105537
 35.000002 1.493805 0.495547 0.591292 3.344850
 36.000002 0.939959 0.478709 0.537203 -4.110009
 37.000002 1.670762 0.519061 0.556935 0.631732
 38.000002 1.655531 0.560201 0.549963 1.276665
 39.000002 1.005333 0.488278 0.570604 -2.765641
 40.000002 1.225323 0.512330 0.532649 1.418964
 41.000002 1.314342 0.574468 0.551067 2.490792
 42.000002 1.144557 0.510210 0.565931 0.575418
 43.000002 1.060830 0.538417 0.581703 -0.972855
 44.000002 1.022552 0.495797 0.554377 -1.391910
 45.000002 1.117632 0.514284 0.555208 0.558937
 46.000002 1.930535 0.521558 0.533845 -10.518232
 47.000002 1.234506 0.553751 0.575221 1.968771
 48.000002 1.238086 0.524415 0.515883 2.199815
 49.000002 1.604768 0.554962 0.568480 1.469329
 50.000002 1.191639 0.483168 0.563258 1.877907
 51.000002 1.297937 0.566571 0.592625 2.463327
 52.000002 2.034451 0.521167 0.562406 -14.676339
 53.000003 1.011849 0.535427 0.556216 -1.411822
 54.000003 0.787811 0.489430 0.571847 -6.937747
 55.000003 1.207796 0.548238 0.575181 2.277316
 56.000003 0.129106 0.585074 0.664669 -40.000000
 57.000003 -0.029846 0.611294 0.681368 -39.869072
 58.000003 0.235439 0.669017 0.767653 -39.471934
 59.000003 0.276465 0.615504 0.695755 -37.690510
 60.000003 0.277160 0.564896 0.669875 -36.804931
 61.000003 0.253279 0.562044 0.685907 -36.374458
 62.000003 0.269175 0.522631 0.684642 -35.402283
 63.000003 0.193878 0.539317 0.660683 -35.477324
 64.000003 -0.007096 0.648474 0.661814 -38.814456
 65.000003 0.246295 0.620439 0.690814 -34.256837
 66.000003 0.075884 0.587131 0.695783 -36.773218
 67.000003 0.091172 0.668350 0.692290 -35.543455
 68.000003 0.332929 0.589773 0.731015 -32.129331
 69.000003 0.113393 0.544452 0.697825 -34.186610
 70.000003 -0.059777 0.627232 0.706401 -36.936292
 71.000003 0.183899 0.598183 0.732254 -32.660303
 72.000003 0.410128 0.642989 0.775281 -25.269755
 73.000003 0.261021 0.634100 0.722165 -30.102708
 74.000004 -0.160169 0.587825 0.742858 -38.192157
 75.000004 0.252533 0.724085 0.809506 -29.296334
 76.000004 -0.061454 0.624529 0.689653 -35.652010
 77.000004 0.221478 0.623214 0.742898 -28.920062
 78.000004 -0.517334 0.583119 0.716252 -39.999813
 79.000004 -1.376294 0.512783 0.617398 -40.000000
 80.000004 -1.545005 0.525828 0.605522 -39.836073
 81.000004 -1.820873 0.504444 0.610849 -39.994493
 82.000004 -1.522621 0.528762 0.575814 -38.565857
 83.000004 -1.775515 0.526960 0.586058 -38.880300
 84.000004 -1.438391 0.504178 0.574815 -37.805866
 85.000004 -1.772614 0.513011 0.559522 -37.642633
 86.000004 -1.956515 0.486692 0.565832 -39.195325
 87.000004 -1.653364 0.521891 0.634137 -37.529306
 88.000004 -1.727534 0.507099 0.535329 -35.938163
 89.000004 -1.462442 0.508265 0.560981 -36.224899
 90.000004 -1.751995 0.467501 0.528154 -34.628352
 91.000004 -1.952922 0.507591 0.516879 -37.464947
 92.000004 -1.683842 0.549644 0.527811 -33.883840
 93.000004 -1.824152 0.532120 0.562853 -33.717931
 94.000004 -1.696168 0.513553 0.582058 -32.150102
 95.000005 -1.296153 0.521588 0.571961 -37.937064
 96.000005 -1.476382 0.544497 0.600143 -34.536696
 97.000005 -1.567028 0.538474 0.590258 -32.885889
 98.000005 -1.791686 0.534837 0.568315 -31.312061
 99.000005 -1.825142 0.514935 0.574884 -30.579827
 100.000005 -2.001958 0.485004 0.556060 -34.843508
 101.000005 -1.628897 0.514062 0.528297 -30.832104
 102.000005 -1.429171 0.522986 0.568038 -32.877682
 103.000005 -2.070019 0.504456 0.542928 -35.347394
 104.000005 -1.533142 0.517290 0.540473 -30.530834
 105.000005 -1.821368 0.503329 0.608589 -29.310781
 106.000005 -1.380513 0.535144 0.560504 -31.897107
 107.000005 -2.065335 0.586656 0.569407 -33.660669
 108.000005 -1.622858 0.521182 0.550309 -28.933680
 109.000005 -1.966014 0.529840 0.551738 -31.084829
 110.000005 -1.904551 0.511177 0.564444 -28.995035
 111.000005 -1.636008 0.550272 0.572548 -27.683175
 112.000005 -1.650903 0.510382 0.582965 -26.574901
 113.000005 -1.843545 0.494632 0.528148 -27.342669
 114.000005 -1.968598 0.507251 0.592249 -28.070772
 115.000005 -1.800165 0.506738 0.544978 -26.094699
 116.000006 -2.069382 0.582535 0.596419 -29.359648
 117.000006 -1.553215 0.536083 0.559114 -26.363460
 118.000006 -1.391055 0.548908 0.564808 -29.339757
 119.000006 -1.737768 0.546217 0.526838 -24.973459
 120.000006 -1.682361 0.541060 0.547707 -23.912489
 121.000006 -1.543043 0.527120 0.575841 -24.431223
 122.000006 -1.275802 0.530226 0.540116 -31.221389
 123.000006 -1.709832 0.510471 0.596244 -22.574548
 124.000006 -2.347739 0.479949 0.540607 -39.610257
 125.000006 -1.587069 0.541031 0.549877 -22.141455
 126.000006 -1.719210 0.517135 0.547204 -21.232458
 127.000006 -1.515415 0.563876 0.594491 -22.297738
 128.000006 -2.161902 0.518283 0.555942 -30.811938
 129.000006 -1.975355 0.551307 0.570388 -25.938187
 130.000006 -1.923916 0.545280 0.560713 -24.023852
 131.000006 -1.929738 0.513126 0.550087 -22.921664
 132.000006 -1.779615 0.547225 0.583769 -20.670435
 133.000006 -1.357173 0.538506 0.569978 -26.201708
 134.000006 -1.883674 0.556647 0.600654 -20.856969
 135.000006 -1.609690 0.575230 0.549701 -19.871640
 136.000006 -1.423694 0.548103 0.604255 -22.802053
 137.000007 -2.073963 0.542264 0.624202 -24.512522
 138.000007 -1.996027 0.476264 0.532770 -21.381286
 139.000007 -1.629571 0.514088 0.537106 -18.716714
 140.000007 -1.688394 0.524870 0.541814 -17.759467
 141.000007 -1.651445 0.528863 0.547283 -16.666164
 142.000007 -1.072470 0.576109 0.622681 -37.603047
 143.000007 -2.358880 0.559455 0.616599 -36.300320
 144.000007 -1.379000 0.609727 0.599547 -22.683125
 145.000007 -1.245925 0.550607 0.561708 -25.552206
 146.000007 -1.791092 0.494010 0.514919 -17.595705
 147.000007 -1.965052 0.521162 0.553832 -19.605635
 148.000007 -2.286502 0.494714 0.503002 -31.869065
 149.000007 -1.087722 0.527185 0.559105 -30.907248
 150.000007 -1.630202 0.548314 0.573480 -15.757200
 151.000007 -1.821603 0.510998 0.573450 -17.000172
 152.000007 -1.397271 0.496685 0.574854 -21.108904
 153.000007 -2.335272 0.517475 0.607319 -31.897358
 154.000007 -1.201833 0.582776 0.590714 -25.373440
 155.000007 -1.593618 0.525530 0.603720 -15.224530
 156.000007 -1.804672 0.496641 0.551465 -15.836550
 157.000007 -1.699901 0.504153 0.543208 -14.198180
 158.000008 -1.407743 0.548092 0.563120 -19.325366
 159.000008 -1.287179 0.521090 0.551963 -21.076844
 160.000008 -2.186571 0.534837 0.561822 -25.618175
 161.000008 -1.440826 0.529216 0.576830 -17.645615
 162.000008 -1.611905 0.473652 0.521759 -13.410406
 163.000008 -1.636863 0.510012 0.600654 -12.411261
 164.000008 -2.028483 0.507136 0.558415 -19.187496
 165.000008 -1.878278 0.502866 0.587461 -15.577798
 166.000008 -1.441109 0.516748 0.545848 -15.941927
 167.000008 -1.805886 0.568050 0.599600 -13.576685
 168.000008 -1.370266 0.506516 0.543459 -16.394943
 169.000008 -1.637152 0.502531 0.566985 -11.517383
 170.000008 -2.205532 0.567348 0.595501 -23.712426
 171.000008 -1.490863 0.564863 0.654517 -13.373399
 172.000008 -2.081322 0.490184 0.553751 -18.972713
 173.000008 -1.692202 0.591470 0.573951 -10.842687
 174.000008 -2.062139 0.532217 0.641684 -17.550250
 175.000008 -1.721267 0.538142 0.547886 -10.358488
 176.000008 -1.633446 0.538796 0.546277 -9.426324
 177.000008 -1.382980 0.546308 0.547025 -14.081331
 178.000008 -1.547915 0.523098 0.575137 -10.066399
 179.000009 -1.437100 0.522965 0.576653 -11.447792
 180.000009 -1.916479 0.502683 0.556940 -13.790543
 181.000009 -1.753282 0.509493 0.560647 -9.235190
 182.000009 -1.726964 0.510001 0.564277 -8.069823
 183.000009 -2.070301 0.506575 0.574518 -15.988715
 184.000009 -2.017642 0.475890 0.566823 -14.210289
 185.000009 -1.863026 0.523097 0.536758 -9.866647
 186.000009 -1.066048 0.529597 0.586356 -27.427799
 187.000009 -1.639945 0.494737 0.536666 -7.261115
 188.000009 -1.798957 0.536758 0.578676 -7.535065
 189.000009 -1.375494 0.536256 0.610468 -11.655981
 190.000009 -1.913514 0.528957 0.574173 -9.288578
 191.000009 -1.503204 0.519484 0.589359 -8.698421
 192.000009 -1.946499 0.513498 0.593286 -9.191537
 193.000009 -1.614431 0.545732 0.570361 -6.414717
 194.000009 -2.233458 0.509653 0.536934 -19.284593
 195.000009 -1.770056 0.491775 0.534597 -5.967712
 196.000009 -1.172876 0.513692 0.542351 -18.823198
 197.000009 -2.171768 0.501398 0.593038 -15.792924
 198.000009 -1.706858 0.509109 0.561756 -4.822422
 199.000009 -1.782729 0.530591 0.584350 -4.588304
 200.000009 -2.019763 0.485095 0.541400 -9.892506
 201.000010 -1.332217 0.535428 0.573359 -11.149185
 202.000010 -2.042792 0.486617 0.544856 -9.689837
 203.000010 -1.370729 0.586913 0.591681 -9.434042
 204.000010 -1.649523 0.526547 0.578960 -4.206830
 205.000010 -1.622075 0.494152 0.577707 -3.813609
 206.000010 -1.399237 0.557186 0.564770 -8.068432
 207.000010 -1.694988 0.577443 0.647515 -2.765322
 208.000010 -1.404399 0.552848 0.615825 -7.282902
 209.000010 -1.294980 0.545600 0.621314 -8.561682
 210.000010 -1.600171 0.510680 0.554342 -2.744910
 211.000010 -1.363095 0.556239 0.519755 -6.485118
 212.000010 -2.081689 0.596916 0.615708 -9.639257
 213.000010 -2.701494 0.563197 0.677176 -39.994957
 214.000010 -2.675042 0.562089 0.695050 -38.433252
 215.000010 -2.983942 0.652008 0.741424 -39.992242
 216.000010 -3.001151 0.633944 0.631069 -38.361906
 217.000010 -2.733039 0.624017 0.658142 -37.070909
 218.000010 -2.943516 0.607663 0.676442 -37.001423
 219.000010 -3.020741 0.635129 0.653599 -35.686715
 220.000010 -2.824296 0.624238 0.676885 -36.069390
 221.000010 -2.667417 0.654193 0.706718 -35.266122
 222.000011 2.958520 0.625199 0.606845 -39.980720
 223.000011 -3.052649 0.598856 0.646900 -34.296494
 224.000011 -2.903060 0.594115 0.652052 -33.648738
 225.000011 2.887873 0.637370 0.665404 -38.676203
 226.000011 -2.739264 0.613972 0.662172 -33.202642
 227.000011 -2.542464 0.633792 0.649990 -34.690435
 228.000011 -2.776255 0.664059 0.693907 -31.569561
 229.000011 -2.800579 0.634402 0.683489 -30.059071
 230.000011 -2.432722 0.601215 0.620543 -26.240719
 231.000011 -1.731227 0.538911 0.575091 -1.465270
 232.000011 -2.478033 0.487757 0.615165 -26.547068
 233.000011 -2.407110 0.519319 0.613422 -23.167204
 234.000011 -1.898305 0.579053 0.609851 -4.882658
 235.000011 -2.335180 0.501207 0.591048 -18.934949
 236.000011 -2.431226 0.557734 0.591419 -20.357616
 237.000011 -2.652659 0.449019 0.531429 -28.167170
 238.000011 -1.624754 0.512053 0.525998 -0.777876
 239.000011 -1.537514 0.531394 0.564577 -1.650686
 240.000011 -1.419043 0.589123 0.573953 -3.716346
 241.000011 -1.889565 0.545565 0.602500 -3.817627
 242.000011 -1.550764 0.561220 0.574474 -0.551961
 243.000012 -1.831989 0.558514 0.582407 -1.957180
 244.000012 -1.883182 0.543357 0.582108 -1.834761
 245.000012 -1.646654 0.535596 0.596356 0.542406
 246.000012 -1.254478 0.599089 0.585439 -7.147766
 247.000012 -2.183192 0.467265 0.562432 -11.228607
 248.000012 -1.947508 0.483109 0.553872 -2.362488
 249.000012 -1.519002 0.591850 0.560518 -0.035457
 250.000012 -1.460410 0.540247 0.583772 -0.471424
 251.000012 -2.254743 0.498105 0.558986 -12.595112
 252.000012 -2.002445 0.511739 0.600990 -2.897708
 253.000012 -2.109734 0.495716 0.511474 -5.587661
 254.000012 -2.038972 0.497913 0.498189 -2.785510
 255.000012 -1.607004 0.518354 0.556453 1.440884
 256.000012 -1.991908 0.522138 0.589459 -1.390394
 257.000012 -1.432035 0.554326 0.549377 -0.209035
 258.000012 -1.592010 0.510369 0.612332 2.056703
 259.000012 -0.869462 0.518180 0.528932 -33.505972
 260.000012 -1.445257 0.563396 0.557876 0.896671
 261.000012 -1.722148 0.503268 0.554307 1.105825
 262.000012 -1.625927 0.529283 0.555159 2.742015
 263.000012 -2.333985 0.583003 0.594374 -13.863885
 264.000013 -1.803351 0.541514 0.554198 0.279706
 265.000013 -2.125672 0.519019 0.535182 -3.987172
 266.000013 -1.979308 0.519768 0.533210 -0.774131
 267.000013 -1.632615 0.514779 0.579872 3.213755
 268.000013 -2.139999 0.498361 0.598302 -3.609652
 269.000013 -1.743885 0.556935 0.609361 2.089011
 270.000013 -1.784475 0.517451 0.552879 1.900025
 271.000013 -0.960229 0.498742 0.584495 -25.267728
 272.000013 -1.845552 0.502887 0.568329 1.440971
 273.000013 -1.190540 0.555807 0.550439 -9.123388
 274.000013 -1.769427 0.530125 0.554744 2.800065
 275.000013 -2.051281 0.598253 0.561736 -1.341794
 276.000013 -1.510236 0.571929 0.594844 2.083293
 277.000013 -1.962129 0.516903 0.538229 0.214008
 278.000013 -1.959927 0.509689 0.554590 0.783182
 279.000013 -1.996743 0.543135 0.538292 0.988722
 280.000013 -2.521357 0.518864 0.564935 -21.716764
 281.000013 -1.647744 0.527867 0.521442 3.475516
 282.000013 -1.441123 0.510377 0.531609 1.142693
 283.000013 -2.230182 0.532961 0.544258 -6.336456
 284.000013 -1.336015 0.510306 0.523655 -1.465041
 285.000014 -2.289862 0.564137 0.556991 -8.267255
 286.000014 -1.447738 0.555783 0.558001 1.715669
 287.000014 -0.801032 0.536037 0.509918 -32.285047
 288.000014 -1.105593 0.542743 0.548586 -13.049330
 289.000014 -2.014892 0.537236 0.564496 1.026821
 290.000014 -1.788488 0.523156 0.580756 2.764853
 291.000014 -1.922807 0.521766 0.537497 1.737079
 292.000014 -1.893130 0.513219 0.550396 2.294001
 293.000014 -2.372495 0.498604 0.533069 -11.293779
 294.000014 -1.782791 0.521956 0.581772 3.263009
 295.000014 -1.932701 0.519696 0.557400 2.503525
 296.000014 -1.699177 0.527670 0.547214 3.581348
 297.000014 -1.480338 0.546903 0.550353 2.064600
 298.000014 -1.668755 0.532785 0.564752 3.980217
 299.000014 -2.381543 0.499616 0.556039 -11.348300
 300.000014 -1.540959 0.494381 0.597484 3.160522
 301.000014 -1.573000 0.538309 0.608230 3.782799
 302.000014 -1.396544 0.536011 0.602413 1.360619
 303.000014 -1.674625 0.542814 0.569713 4.290823
 304.000014 -1.982876 0.558467 0.577197 1.952296
 305.000014 -1.048221 0.529628 0.595434 -17.169824
 306.000015 -1.767345 0.572111 0.599550 3.769495
 307.000015 -1.201156 0.542485 0.574366 -7.566703
 308.000015 -1.628034 0.521611 0.525813 4.544465
 309.000015 -1.853544 0.488599 0.579912 3.033376
 310.000015 -1.725550 0.515434 0.549848 4.451572
 311.000015 -1.635997 0.525453 0.551819 4.768851
 312.000015 -1.309732 0.507721 0.515930 -1.739904
 313.000015 -1.784604 0.508233 0.555197 4.118105
 314.000015 -2.008361 0.508875 0.526766 1.563346
 315.000015 -2.283983 0.449463 0.513990 -8.569861
 316.000015 -1.566514 0.506515 0.518457 4.165524
 317.000015 -1.758455 0.571884 0.583668 4.479166
 318.000015 -1.915025 0.543152 0.551980 2.639567
 319.000015 -1.928242 0.489177 0.528037 2.767326
 320.000015 -2.018233 0.513610 0.541469 1.747816
 321.000015 -1.760214 0.516458 0.528796 4.570130
 322.000015 -1.691226 0.518384 0.526816 4.943767
 323.000015 -2.261850 0.506583 0.555595 -7.972116
 324.000015 -1.786240 0.506108 0.592981 4.549484
 325.000015 -2.478785 0.517184 0.574745 -15.956950
 326.000015 -1.842366 0.487347 0.528954 3.938008
 327.000016 -1.547571 0.520025 0.565554 3.728275
 328.000016 -2.701379 0.517484 0.600620 -29.776801
 329.000016 -1.200693 0.561243 0.565657 -7.194964
 330.000016 -1.853309 0.490552 0.541082 3.918989
 331.000016 -1.655878 0.504896 0.510999 4.875352
 332.000016 -1.860266 0.528498 0.541476 3.937339
 333.000016 -1.620414 0.520198 0.523949 4.742948
 334.000016 -1.668600 0.529666 0.552256 5.101559
 335.000016 -1.972055 0.525838 0.557001 2.385314
 336.000016 -1.564390 0.563508 0.564477 4.205536
 337.000016 -1.764831 0.492278 0.538141 4.770985
 338.000016 -2.136382 0.512828 0.527368 -3.095751
 339.000016 -2.441409 0.467646 0.543412 -14.399620
 340.000016 -1.654094 0.498667 0.546567 5.142573
 341.000016 -1.456518 0.548340 0.579151 2.021111
 342.000016 -1.744963 0.496806 0.553838 5.012352
 343.000016 -0.902798 0.503582 0.581531 -25.647124
 344.000016 0.232462 0.619927 0.647711 -30.332851
 345.000016 0.026333 0.579322 0.660064 -35.278260
 346.000016 0.191258 0.635432 0.707380 -30.411412
 347.000016 0.121871 0.566266 0.639381 -31.543094
 348.000017 0.339417 0.538874 0.604375 -29.309395
 349.000017 0.353136 0.644689 0.697727 -28.660845
 350.000017 -0.621469 0.583710 0.589359 -39.214351
 351.000017 0.001665 0.628087 0.617722 -34.564807
 352.000017 0.083362 0.654434 0.648838 -31.974202
 353.000017 -0.648867 0.593595 0.587690 -38.196798
 354.000017 -0.318144 0.603591 0.590217 -39.815901
 355.000017 0.319683 0.579618 0.621524 -28.460595
 356.000017 0.295627 0.599433 0.658333 -28.163425
 357.000017 0.429407 0.465396 0.572392 -25.029176
 358.000017 0.576022 0.557373 0.605891 -15.290096
 359.000017 1.419093 0.531363 0.563974 1.165813
 360.000017 1.525762 0.537939 0.558657 0.984396
 361.000017 1.936215 0.552165 0.565891 -12.625547
 362.000017 1.345880 0.516174 0.550784 1.540845
 363.000017 1.439222 0.523864 0.578270 1.676995
 364.000017 1.093331 0.504658 0.531613 -0.463829
 365.000017 1.440627 0.516032 0.553915 1.853604
 366.000017 1.190559 0.545290 0.584552 1.217979
 367.000017 1.297863 0.513857 0.558016 1.922007
 368.000017 1.581750 0.556676 0.572259 0.814988
 369.000018 0.923936 0.548542 0.567836 -4.423092
 370.000018 1.846392 0.529161 0.568640 -8.549759
 371.000018 2.003297 0.483208 0.565310 -14.465674
 372.000018 1.621255 0.496665 0.536092 0.369933
 373.000018 1.209578 0.504744 0.569992 1.710796
 374.000018 0.971699 0.538005 0.564577 -3.029776
 375.000018 1.850171 0.515123 0.580454 -8.687152
 376.000018 1.095029 0.557044 0.581441 -0.008126
 377.000018 1.293537 0.568293 0.575014 2.172671
 378.000018 1.088835 0.497734 0.595784 0.017529
 379.000018 1.036207 0.545026 0.556147 -0.957166
 380.000018 1.473840 0.484452 0.528665 1.906890
 381.000018 1.240089 0.542310 0.559857 2.236678
 382.000018 1.070072 0.479745 0.579039 -0.073527
 383.000018 1.105659 0.485412 0.566287 0.771892
 384.000018 1.193126 0.491893 0.536433 2.084545
 385.000018 1.958854 0.533394 0.530526 -12.962944
 386.000018 1.681663 0.538777 0.540590 -0.886305
 387.000018 1.357148 0.485396 0.538884 2.263926
 388.000018 1.392973 0.514444 0.530310 2.381834
 389.000018 1.394394 0.515120 0.584153 2.552183
 390.000019 1.361725 0.531964 0.543795 2.738170
 391.000019 1.198235 0.511630 0.557368 2.354520
 392.000019 1.185853 0.495672 0.575263 2.394281
 393.000019 1.869099 0.510688 0.538108 -9.582119
 394.000019 1.542053 0.562917 0.550339 1.735286
 395.000019 1.346943 0.526931 0.538959 2.825282
 396.000019 1.178628 0.497142 0.555919 2.418571
 397.000019 1.872620 0.515053 0.537207 -9.634230
 398.000019 1.018615 0.465296 0.537529 -0.794711
 399.000019 0.707741 0.501365 0.505794 -10.494266
 400.000019 1.371945 0.509377 0.514906 3.010938
 401.000019 1.965401 0.516045 0.592025 -12.448623
 402.000019 0.989167 0.510551 0.516433 -1.381907
 403.000019 1.886766 0.480786 0.553095 -9.865012
 404.000019 1.652070 0.524577 0.546178 -0.426136
 405.000019 1.780698 0.571591 0.586139 -4.823285
 406.000019 1.626240 0.551044 0.595961 0.389140
 407.000019 1.175609 0.510736 0.575685 2.639504
 408.000019 2.263205 0.522770 0.546554 -27.066788
 409.000019 1.785732 0.511818 0.537876 -4.776702
 410.000019 1.656112 0.502137 0.565997 -0.086803
 411.000020 2.028522 0.534308 0.563393 -13.895046
 412.000020 1.750083 0.509281 0.575903 -2.810477
 413.000020 0.638298 0.550802 0.578320 -12.381332
 414.000020 1.906562 0.563703 0.572534 -9.527818
 415.000020 0.727982 0.528767 0.614433 -9.722919
 416.000020 2.375320 0.558072 0.544350 -29.544218
 417.000020 1.200534 0.522071 0.535592 3.053166
 418.000020 1.500269 0.543289 0.560780 2.478177
 419.000020 0.826837 0.511451 0.576279 -6.825561
 420.000020 1.107430 0.493140 0.543169 1.830410
 421.000020 1.663523 0.517179 0.514920 0.148834
 422.000020 1.626758 0.527734 0.588891 1.014404
 423.000020 1.941876 0.566729 0.531591 -10.490277
 424.000020 1.944502 0.492061 0.533021 -10.322697
 425.000020 1.585990 0.502468 0.569722 1.737487
 426.000020 1.958494 0.579461 0.541385 -10.474004
 427.000020 1.862700 0.522482 0.602482 -7.451972
 428.000020 1.760804 0.560837 0.579037 -2.601706
 429.000020 1.270901 0.493451 0.565913 3.377448
 430.000020 1.336701 0.558221 0.548916 3.356684
 431.000020 1.052038 0.533177 0.560001 0.632086
 432.000021 1.603475 0.508495 0.592502 1.617746
 433.000021 1.846605 0.511975 0.597265 -6.365584
 434.000021 1.439807 0.497382 0.566141 3.320054
 435.000021 1.660089 0.522153 0.536821 0.861531
 436.000021 1.518054 0.581479 0.590470 2.786322
 437.000021 1.426403 0.533708 0.604017 3.619530
 438.000021 2.160495 0.533306 0.528170 -20.537200
 439.000021 1.751740 0.504984 0.559939 -1.864081
 440.000021 0.805861 0.494215 0.573955 -7.556268
 441.000021 1.413907 0.553132 0.604403 3.833365
 442.000021 1.840693 0.494338 0.551537 -5.524234
 443.000021 1.579858 0.522691 0.546578 2.348414
 444.000021 1.186684 0.501327 0.522217 3.152054
 445.000021 1.725221 0.503530 0.550954 -0.718960
 446.000021 1.389776 0.499789 0.547176 3.892919
 447.000021 1.104447 0.533271 0.521352 1.952978
 448.000021 0.606663 0.495915 0.527658 -13.259591
 449.000021 1.835449 0.534703 0.587197 -4.982197
 450.000021 0.888823 0.527852 0.579097 -4.562899
 451.000021 1.546369 0.528347 0.541273 2.874387
 452.000021 1.386281 0.505531 0.569876 3.859991
 453.000022 1.844063 0.514580 0.549007 -5.294313
 454.000022 1.871688 0.509298 0.547597 -6.096184
 455.000022 1.428395 0.512860 0.592545 4.017222
 456.000022 0.450027 0.481203 0.527790 -23.166994
 457.000022 1.535998 0.522640 0.549631 3.072639
 458.000022 1.389428 0.552058 0.545584 4.088713
 459.000022 1.040579 0.510558 0.564905 0.415792
 460.000022 1.559451 0.515314 0.538981 2.826401
 461.000022 1.259475 0.489293 0.578366 3.597813
 462.000022 1.489305 0.531724 0.550831 3.993883
 463.000022 1.200713 0.514790 0.573525 3.369773
 464.000022 0.811684 0.508312 0.579176 -7.099488
 465.000022 1.754626 0.566047 0.586094 -1.881435
 466.000022 0.983504 0.511701 0.564107 -0.983436
 467.000022 1.569556 0.532422 0.566094 3.140031
 468.000022 0.871796 0.484309 0.555171 -4.924054
 469.000022 0.978982 0.510002 0.558014 -0.950975
 470.000022 0.949568 0.550420 0.579647 -1.664710
 471.000022 2.043338 0.525989 0.513570 -13.224443
 472.000022 1.739401 0.526267 0.564616 -1.161029
 473.000022 1.072048 0.510887 0.528600 1.455807
 474.000023 0.848736 0.499688 0.586565 -5.013804
 475.000023 2.208963 0.578734 0.577218 -23.513863
 476.000023 0.777571 0.506766 0.561336 -6.892714
 477.000023 2.162146 0.509304 0.552290 -19.920885
 478.000023 1.212131 0.504372 0.561597 3.555714
 479.000023 0.928411 0.495209 0.552080 -2.081031
 480.000023 1.211820 0.523181 0.562398 3.713703
 481.000023 1.935616 0.531034 0.535767 -8.303754
 482.000023 1.351973 0.503820 0.568442 4.113199
 483.000023 0.977094 0.494335 0.534528 -0.537664
 484.000023 1.262766 0.544425 0.593566 4.009626
 485.000023 1.445278 0.547959 0.574744 4.433613
 486.000023 1.749039 0.576114 0.588810 -1.484956
 487.000023 1.309954 0.542513 0.537663 4.155436
 488.000023 1.384787 0.567533 0.557740 4.295501
 489.000023 1.915678 0.506565 0.603033 -7.683230
 490.000023 1.405904 0.531504 0.548007 4.444367
 491.000023 1.421199 0.501028 0.570190 4.539848
 492.000023 1.101934 0.495875 0.529680 1.799505
 493.000023 1.585426 0.528198 0.573613 2.584417
 494.000023 1.747678 0.507466 0.564483 -1.679827
 495.000024 1.608020 0.531757 0.562038 2.310123
 496.000024 2.037004 0.512322 0.559192 -12.645208
 497.000024 0.721279 0.480248 0.550801 -8.996870
 498.000024 1.389770 0.507374 0.540949 4.621797
 499.000024 1.946449 0.529270 0.604424 -8.664476
 500.000024 1.768174 0.511226 0.533134 -2.137531
 501.000024 1.130237 0.499859 0.506210 2.464783
 502.000024 0.743770 0.494530 0.535467 -8.054085
 503.000024 0.390997 0.489332 0.527024 -26.431392
 504.000024 1.051559 0.537341 0.557274 1.029433
 505.000024 1.731390 0.513126 0.549608 -0.904180
 506.000024 1.234057 0.546512 0.568550 3.777733
 507.000024 1.330353 0.537885 0.538841 4.302251
 508.000024 1.040783 0.491425 0.549988 0.868633
 509.000024 0.962736 0.506729 0.522084 -0.906231
 510.000024 1.807230 0.540369 0.534800 -3.230461
 511.000024 0.468191 0.481942 0.517716 -22.519422
 512.000024 1.971228 0.538329 0.527009 -9.472874
 513.000024 0.701595 0.492575 0.514455 -9.456349
 514.000024 1.214370 0.506413 0.523398 3.695165
 515.000024 1.476641 0.524931 0.528950 4.209318
 516.000025 1.466554 0.518458 0.518592 4.429576
 517.000025 1.328025 0.538192 0.530025 4.323329
 518.000025 0.513578 0.515466 0.539868 -19.476688
 519.000025 1.861822 0.545707 0.543680 -5.157331
 520.000025 1.700402 0.524387 0.558186 0.025659
 521.000025 0.857635 0.506552 0.516738 -4.636176
 522.000025 1.711412 0.492582 0.532664 -0.125283
 523.000025 1.133738 0.494508 0.532965 2.671584
 524.000025 0.911831 0.481609 0.508743 -2.464661
 525.000025 1.494642 0.506296 0.520372 4.189265
 526.000025 1.510363 0.493948 0.571028 4.078267
 527.000025 1.638805 0.514043 0.572743 1.823991
 528.000025 1.815161 0.545895 0.571654 -3.139701
 529.000025 0.587580 0.485128 0.520003 -15.564428
 530.000025 2.438103 0.523737 0.560647 -35.066867
 531.000025 1.152456 0.498453 0.487269 3.022975
 532.000025 2.004078 0.551627 0.592444 -10.628571
 533.000025 1.471112 0.525320 0.563488 4.661285
 534.000025 1.511163 0.563528 0.580073 4.261813
 535.000025 1.014583 0.542626 0.516832 0.418030
 536.000025 1.156069 0.476793 0.537409 3.131116
 537.000026 1.712625 0.554083 0.523691 0.012445
 538.000026 1.699134 0.528967 0.535643 0.481005
 539.000026 2.091730 0.531009 0.550743 -14.948284
 540.000026 2.275941 0.518860 0.594698 -25.771393
 541.000026 1.377894 0.504107 0.545216 4.871004
 542.000026 1.893470 0.548196 0.549282 -6.063512
 543.000026 1.343134 0.494069 0.511501 4.642867
 544.000026 1.451159 0.498170 0.530068 5.085439
 545.000026 1.821276 0.524744 0.568560 -3.121384
 546.000026 0.499591 0.472658 0.542329 -19.870087
 547.000026 1.738922 0.563204 0.541783 -0.420260
 548.000026 1.734013 0.500476 0.576727 -0.180869
 549.000026 1.371974 0.558132 0.545441 4.948741
 550.000026 1.644755 0.543764 0.543309 1.783738
 551.000026 1.613287 0.556915 0.579564 2.522438
 552.000026 1.711167 0.571430 0.525359 0.576366
 553.000026 1.842549 0.588497 0.591391 -3.652528
 554.000026 1.278024 0.526347 0.532698 4.077063
 555.000026 1.938267 0.553176 0.547211 -7.501306
 556.000026 2.244926 0.564121 0.571385 -24.430183
 557.000026 1.312622 0.585636 0.610554 4.464849
 558.000027 1.564856 0.574738 0.586917 3.434069
 559.000027 1.241012 0.481440 0.509265 3.954280
 560.000027 1.227745 0.542227 0.561962 3.943333
 561.000027 1.427745 0.482754 0.548384 5.148540
 562.000027 2.789219 0.616372 0.599370 -39.783586
 563.000027 2.118250 0.564103 0.598452 -16.723318
 564.000027 1.653387 0.535296 0.520186 1.899213
 565.000027 1.868646 0.512830 0.532460 -4.631629
 566.000027 0.587154 0.518625 0.573835 -15.643749
 567.000027 1.936151 0.602285 0.603849 -7.108518
 568.000027 0.974643 0.491573 0.563101 -0.630244
 569.000027 2.270215 0.594736 0.596587 -25.031374
 570.000027 1.458637 0.520251 0.545390 5.119072
 571.000027 0.495752 0.487881 0.531225 -19.693171
 572.000027 0.489695 0.571462 0.616374 -19.782993
 573.000027 0.882339 0.509212 0.544939 -3.507246
 574.000027 1.443611 0.490334 0.533787 5.293965
 575.000027 1.101577 0.523005 0.575625 2.177612
 576.000027 0.636908 0.485345 0.549003 -13.232413
 577.000027 1.175191 0.519066 0.590044 3.485266
 578.000027 1.811124 0.520996 0.489043 -2.352878
 579.000028 1.277309 0.496568 0.539883 4.314850
 580.000028 1.390550 0.522807 0.540392 5.272201
 581.000028 1.046804 0.515124 0.530637 1.090861
 582.000028 1.429524 0.479332 0.530140 5.417761
 583.000028 1.214315 0.502822 0.560575 3.972265
 584.000028 0.980214 0.483258 0.589212 -0.349342
 585.000028 0.847780 0.547993 0.557423 -4.716506
 586.000028 0.977832 0.498997 0.554337 -0.294403
 587.000028 0.996517 0.508838 0.563369 0.239151
 588.000028 1.534204 0.571007 0.565574 4.088089
 589.000028 2.142461 0.519212 0.588114 -18.340477
 590.000028 2.494186 0.583993 0.580570 -37.489185
 591.000028 -2.629527 0.521471 0.643649 -26.852119
 592.000028 -2.225055 0.469265 0.510850 -8.721979
 593.000028 -2.748071 0.481670 0.553328 -32.321470
 594.000028 -2.293930 0.527073 0.519689 -10.706216
 595.000028 -1.369921 0.541081 0.577030 -2.226090
 596.000028 -1.949013 0.479758 0.537500 0.847525
 597.000028 -2.079728 0.496476 0.570747 -2.303120
 598.000028 -1.197721 0.529707 0.525402 -9.548580
 599.000028 -1.792923 0.551585 0.596293 2.909730
 600.000028 -2.390381 0.520928 0.582128 -13.997742
 601.000029 -1.858657 0.513502 0.525871 2.162355
 602.000029 -1.905897 0.467190 0.522206 1.624963
 603.000029 -1.803231 0.512121 0.529697 2.947835
 604.000029 -1.894959 0.510870 0.565883 1.911937
 605.000029 -2.142880 0.485402 0.539205 -4.957591
 606.000029 -2.152658 0.566379 0.563016 -5.264536
 607.000029 -2.267081 0.507397 0.593569 -9.686954
 608.000029 -1.126746 0.555587 0.562862 -13.040398
 609.000029 -1.716436 0.507092 0.540006 3.472459
 610.000029 -1.582665 0.528416 0.574288 2.717151
 611.000029 -1.381719 0.499787 0.553667 -1.850123
 612.000029 -1.031977 0.526916 0.534495 -18.380850
 613.000029 -1.408121 0.502108 0.509031 -0.868771
 614.000029 -2.012925 0.498997 0.615023 -0.098154
 615.000029 -1.600635 0.539235 0.546637 3.085524
 616.000029 -1.756614 0.501022 0.528999 3.485176
 617.000029 -1.757598 0.582547 0.633391 3.566903
 618.000029 -1.641880 0.543824 0.591261 3.528177
 619.000029 -1.823368 0.497320 0.565266 3.007802
 620.000029 -1.669781 0.486085 0.534226 3.722935
 621.000029 -1.539211 0.514810 0.560400 2.243610
 622.000030 -1.246179 0.501293 0.549857 -7.272711
 623.000030 -1.793790 0.542798 0.574547 3.426631
 624.000030 -1.329952 0.546168 0.549814 -3.430762
 625.000030 -2.211424 0.530878 0.570603 -7.623781
 626.000030 -1.223572 0.580116 0.524710 -8.073124
 627.000030 -1.575830 0.563795 0.577630 2.960763
 628.000030 -1.501583 0.542570 0.557743 1.676286
 629.000030 -1.278051 0.533793 0.555096 -5.457194
 630.000030 -1.419412 0.561567 0.552087 -0.373120
 631.000030 -1.627747 0.484862 0.551509 3.617067
 632.000030 -0.879696 0.569373 0.539334 -29.333860
 633.000030 -2.132796 0.513789 0.564399 -4.363818
 634.000030 -1.757611 0.513443 0.550028 3.687093
 635.000030 -1.201202 0.516018 0.564362 -8.971402
 636.000030 -1.764058 0.531357 0.565244 3.733889
 637.000030 -1.607431 0.528651 0.577769 3.460435
 638.000030 -1.871972 0.537377 0.604909 2.382956
 639.000030 -1.988341 0.510136 0.536030 0.350527
 640.000030 -1.234153 0.547314 0.560835 -7.345540
 641.000030 -2.070609 0.502531 0.573262 -1.832246
 642.000030 -1.962533 0.513239 0.579744 0.955701
 643.000031 -1.409013 0.528429 0.551219 -0.681368
 644.000031 -1.206551 0.557987 0.557082 -8.559554
 645.000031 -1.094087 0.552353 0.527138 -14.319474
 646.000031 -1.625244 0.512050 0.592245 3.676538
 647.000031 -1.040782 0.516774 0.546661 -17.538880
 648.000031 -1.971211 0.519544 0.537448 0.883511
 649.000031 -1.323836 0.521180 0.549041 -3.381494
 650.000031 -0.664171 0.529980 0.577716 -38.808227
 651.000031 -1.730515 0.499362 0.579849 3.893325
 652.000031 -1.325564 0.556936 0.557584 -3.198896
 653.000031 -1.343014 0.602343 0.571984 -2.484844
 654.000031 -1.611082 0.523268 0.572483 3.636062
 655.000031 -2.778915 0.458610 0.548416 -33.097139
 656.000031 -2.995497 0.585949 0.664892 -37.039215
 657.000031 2.982094 0.657252 0.634472 -39.623437
 658.000031 -2.836705 0.589052 0.665003 -34.073430
 659.000031 -2.823859 0.608798 0.670687 -33.581847
 660.000031 2.924510 0.642583 0.695593 -39.274769
 661.000031 -3.064852 0.623356 0.710098 -37.542772
 662.000031 3.103750 0.617290 0.718743 -39.150893
 663.000031 -2.914051 0.667680 0.737030 -35.155825
 664.000032 -2.853036 0.632650 0.692321 -33.554629
 665.000032 -2.997189 0.604814 0.682766 -36.323134
 666.000032 -2.903503 0.607310 0.644741 -34.292882
 667.000032 -2.783475 0.637412 0.664663 -32.336963
 668.000032 -3.062895 0.626453 0.645217 -36.893313
 669.000032 -2.681929 0.637320 0.657564 -30.100447
 670.000032 3.110764 0.546832 0.646866 -38.662304
 671.000032 3.104194 0.625493 0.662364 -38.483260
 672.000032 3.086925 0.671126 0.683424 -38.426960
 673.000032 -2.925353 0.605287 0.693690 -34.478850
 674.000032 -2.788533 0.620188 0.733342 -32.039823
 675.000032 -3.079819 0.640911 0.705605 -36.795015
 676.000032 -2.836253 0.610318 0.693955 -32.427173
 677.000032 -2.852064 0.593582 0.708568 -32.426514
 678.000032 -3.001264 0.644490 0.700053 -35.506328
 679.000032 -3.115511 0.653519 0.685148 -36.917655
 680.000032 -3.063658 0.676340 0.674250 -35.874757
 681.000032 -2.871379 0.552429 0.639951 -32.451114
 682.000032 -2.687783 0.662199 0.712145 -30.007646
 683.000032 -2.735850 0.676528 0.674295 -30.761173
 684.000032 -3.099670 0.678060 0.698203 -36.103438
 685.000033 -2.922208 0.620610 0.649495 -33.307800
 686.000033 -3.089365 0.586411 0.655593 -35.690262
 687.000033 -2.695225 0.668401 0.688438 -29.885047
 688.000033 -3.140469 0.651944 0.658800 -36.228687
 689.000033 -2.875547 0.653939 0.669283 -32.104573
 690.000033 -2.966153 0.681018 0.753930 -33.965411
 691.000033 -2.961154 0.654600 0.658901 -33.569862
 692.000033 -2.667974 0.660639 0.725734 -28.786354
 693.000033 -2.647428 0.621329 0.678962 -27.673389
 694.000033 -2.818090 0.662595 0.705888 -31.099308
 695.000033 -2.508937 0.568842 0.627406 -19.156039
 696.000033 -2.971459 0.604421 0.734285 -33.496473
 697.000033 -2.867822 0.647799 0.685351 -31.432154
 698.000033 -2.849209 0.640988 0.659444 -30.986077
 699.000033 -2.951226 0.593123 0.653600 -32.612215
 700.000033 -2.614138 0.600565 0.666687 -25.009279
 701.000033 -3.077350 0.640963 0.692396 -34.814463
 702.000033 -2.566377 0.606495 0.643006 -21.952675
 703.000033 -3.025420 0.618674 0.653600 -33.750292
 704.000033 -2.871916 0.652313 0.672677 -30.879696
 705.000033 3.011982 0.656243 0.627243 -38.731718
 706.000034 -2.956681 0.674243 0.684306 -32.173489
 707.000034 -2.796633 0.668249 0.730147 -30.288771
 708.000034 -3.061976 0.703759 0.673403 -33.883787
 709.000034 -2.817917 0.607870 0.666563 -30.111507
 710.000034 -2.790131 0.616728 0.646289 -29.815312
 711.000034 -3.075989 0.584899 0.699366 -33.857155
 712.000034 -2.763441 0.582357 0.690157 -29.477407
 713.000034 -2.889727 0.619756 0.690919 -30.425710
 714.000034 -2.851279 0.625821 0.675041 -29.629609
 715.000034 -2.761923 0.625667 0.661864 -29.160894
 716.000034 -2.804526 0.637741 0.659186 -28.988898
 717.000034 3.006934 0.670705 0.665390 -38.466478
 718.000034 -3.104363 0.656426 0.645455 -34.158405
 719.000034 2.991672 0.633547 0.656874 -38.165845
 720.000034 -2.851537 0.609204 0.681863 -29.156072
 721.000034 -2.973680 0.545636 0.638713 -31.980624
 722.000034 -2.699917 0.619745 0.615388 -28.087948
 723.000034 -1.668552 0.530674 0.562242 4.158195
 724.000034 -1.732595 0.542590 0.582391 4.160413
 725.000034 -0.785142 0.623844 0.604161 -33.294797
 726.000034 -0.831259 0.599901 0.561908 -31.089284
 727.000035 -1.365129 0.590154 0.546813 -1.559459
 728.000035 -2.007871 0.601859 0.593748 0.391831
 729.000035 -1.828843 0.510433 0.532749 3.334635
 730.000035 -1.216977 0.607116 0.637320 -7.361633
 731.000035 -1.423585 0.526635 0.554747 0.024029
 732.000035 -1.559912 0.569754 0.594355 3.174428
 733.000035 -1.135173 0.538817 0.572196 -11.354265
 734.000035 -1.363050 0.548223 0.560601 -1.430259
 735.000035 -1.351699 0.525467 0.523799 -1.639709
 736.000035 -2.225088 0.506295 0.536786 -7.956354
 737.000035 -1.899116 0.493372 0.551640 2.279232
 738.000035 -1.930580 0.510962 0.583772 1.896126
 739.000035 -2.146551 0.545332 0.602516 -4.575732
 740.000035 -1.090329 0.543837 0.586432 -13.764274
 741.000035 -1.167096 0.533573 0.550354 -9.577797
 742.000035 -0.612755 0.631799 0.592115 -38.925019
 743.000035 -1.421964 0.563198 0.575068 0.165516
 744.000035 -1.451044 0.531658 0.508842 0.917596
 745.000035 -0.789623 0.579243 0.607629 -32.478890
 746.000035 -1.316802 0.545283 0.558136 -2.484849
 747.000035 -1.289407 0.553067 0.533948 -3.478903
 748.000036 -0.671489 0.625472 0.578335 -37.676055
 749.000036 -1.354303 0.544306 0.575647 -1.087219
 750.000036 -0.966163 0.590185 0.585847 -21.852789
 751.000036 -1.080453 0.541891 0.614706 -13.774315
 752.000036 -1.529171 0.530348 0.556086 2.687787
 753.000036 -1.354953 0.527319 0.554214 -0.972808
 754.000036 -1.267536 0.511313 0.546028 -4.069523
 755.000036 -1.910467 0.473522 0.518460 2.313353
 756.000036 -1.807342 0.500743 0.533747 3.750271
 757.000036 -0.877308 0.506457 0.529094 -27.960916
 758.000036 -2.296530 0.466988 0.527258 -10.166886
 759.000036 -1.133849 0.516616 0.540145 -10.752331
 760.000036 -1.286467 0.512976 0.554858 -3.096463
 761.000036 -1.331835 0.549831 0.556726 -1.444450
 762.000036 -1.695738 0.535196 0.564976 4.322637
 763.000036 -1.764439 0.536165 0.577390 4.244324
 764.000036 -2.406670 0.487966 0.560361 -14.600410
 765.000036 -1.852135 0.546231 0.529856 3.300060
 766.000036 -1.471021 0.547505 0.542334 1.534806
 767.000036 -1.601796 0.505209 0.557087 3.925982
 768.000036 -1.922575 0.566507 0.553587 2.294838
 769.000037 -1.390819 0.541990 0.540017 0.057331
 770.000037 -1.968007 0.494748 0.532639 1.561093
 771.000037 -1.294522 0.497100 0.545397 -2.476599
 772.000037 -1.535184 0.510224 0.524103 2.940310
 773.000037 -1.543659 0.542947 0.546526 3.179048
 774.000037 -1.357115 0.552318 0.571175 -0.600239
 775.000037 -1.063539 0.558378 0.528295 -14.803659
 776.000037 -1.362411 0.561380 0.579084 -0.376092
 777.000037 -1.902186 0.537224 0.585489 2.714768
 778.000037 -1.666974 0.533281 0.544878 4.385455
 779.000037 -1.961530 0.482823 0.543625 1.819321
 780.000037 -1.175482 0.575428 0.542763 -8.182758
 781.000037 -0.815657 0.542193 0.515888 -31.105422
 782.000037 -2.235508 0.466476 0.522098 -8.146523
 783.000037 -1.228523 0.516154 0.561931 -5.093054
 784.000037 -1.041610 0.522888 0.533379 -15.636225
 785.000037 -1.726684 0.521957 0.522553 4.415560
 786.000037 -1.878301 0.567072 0.558614 3.095339
 787.000037 -1.847252 0.535478 0.570940 3.538298
 788.000037 -2.061036 0.520151 0.527852 -0.976191
 789.000037 -2.011573 0.505156 0.577116 0.750846
 790.000038 -2.388194 0.529211 0.624570 -13.834181
 791.000038 -2.111566 0.494419 0.545411 -2.833034
 792.000038 -1.838966 0.529533 0.587533 3.702272
 793.000038 -1.361914 0.572231 0.545337 -0.370610
 794.000038 -1.539541 0.526553 0.574488 3.107471
 795.000038 -1.846464 0.496543 0.565701 3.698885
 796.000038 -1.893784 0.545140 0.582292 3.226167
 797.000038 -1.308997 0.579608 0.542089 -1.691063
 798.000038 -1.955579 0.547137 0.567154 2.199657
 799.000038 -1.729244 0.590485 0.601217 4.435815
 800.000038 -1.310917 0.544637 0.576789 -1.550369
 801.000038 -2.257160 0.558800 0.559912 -8.902916
 802.000038 -2.370206 0.532796 0.526129 -12.929384
 803.000038 -1.943782 0.544154 0.538827 2.502399
 804.000038 -1.717961 0.481820 0.525168 4.504051
 805.000038 -2.034382 0.498553 0.531920 0.269719
 806.000038 -1.976644 0.529673 0.540728 1.943679
 807.000038 -2.488437 0.589797 0.632782 -17.873705
 808.000038 2.976152 0.632812 0.617439 -38.108764
 809.000038 3.072865 0.614995 0.697732 -36.992676
 810.000038 -2.998631 0.623213 0.722374 -32.524623
 811.000039 3.063061 0.681813 0.626897 -36.908314
 812.000039 -2.686320 0.645137 0.710089 -27.745344
 813.000039 -3.015293 0.635781 0.669834 -32.523904
 814.000039 3.060957 0.584194 0.689121 -36.706719
 815.000039 -2.893645 0.640377 0.662839 -29.937271
 816.000039 2.876888 0.653342 0.638520 -38.934504
 817.000039 -3.048901 0.654266 0.610168 -32.693456
 818.000039 2.866701 0.639652 0.667308 -38.791279
 819.000039 3.127109 0.643717 0.614779 -34.991733
 820.000039 2.917435 0.699462 0.638034 -37.998260
 821.000039 3.109220 0.619063 0.619178 -35.148103
 822.000039 -3.134513 0.605464 0.663487 -34.078934
 823.000039 2.814683 0.601077 0.656817 -39.045975
 824.000039 2.913853 0.617452 0.657856 -37.700104
 825.000039 2.868500 0.600390 0.682848 -37.895039
 826.000039 2.799153 0.698886 0.654981 -38.711473
 827.000039 3.059432 0.651603 0.680809 -35.731001
 828.000039 2.853596 0.662022 0.680476 -37.716982
 829.000039 -3.064849 0.575957 0.608935 -32.616410
 830.000039 -2.842021 0.602335 0.652237 -28.945848
 831.000039 2.843245 0.659569 0.660394 -37.566298
 832.000040 -3.132858 0.667510 0.681206 -33.552805
 833.000040 -2.731044 0.641444 0.722195 -28.374252
 834.000040 3.114854 0.681326 0.699685 -33.934046
 835.000040 2.946399 0.598775 0.645509 -37.005042
 836.000040 2.878598 0.670526 0.668136 -36.933536
 837.000040 2.756277 0.681068 0.621492 -38.864386
 838.000040 2.808789 0.672731 0.646906 -37.492726
 839.000040 3.137964 0.606809 0.638541 -33.325384
 840.000040 -2.757723 0.603919 0.668628 -28.322396
 841.000040 -2.677169 0.623650 0.629941 -27.069396
 842.000040 3.012001 0.636701 0.649425 -36.148573
 843.000040 2.992419 0.630636 0.613291 -36.142538
 844.000040 -2.999482 0.604536 0.634485 -31.733283
 845.000040 -2.689159 0.650648 0.609686 -27.143124
 846.000040 -2.678468 0.623847 0.668782 -26.705795
 847.000040 -2.880501 0.641943 0.654431 -29.153591
 848.000040 -3.066729 0.593341 0.615101 -32.121805
 849.000040 2.970332 0.656662 0.618719 -36.048904
 850.000040 -2.724221 0.625490 0.666334 -27.302599
 851.000040 -2.755629 0.618584 0.664561 -27.447808
 852.000040 -2.714097 0.654679 0.677147 -26.812463
 853.000041 2.669597 0.667294 0.666372 -39.789653
 854.000041 -2.874793 0.595140 0.638505 -28.754269
 855.000041 -2.661503 0.623354 0.623335 -25.846453
 856.000041 -3.028854 0.659902 0.668689 -31.517314
 857.000041 -2.723205 0.679486 0.718134 -26.474629
 858.000041 -3.123116 0.592213 0.588425 -32.475483
 859.000041 2.827665 0.685805 0.669920 -36.939519
 860.000041 -3.121227 0.599097 0.667787 -32.186939
 861.000041 -3.118533 0.631643 0.678574 -31.902813
 862.000041 2.862179 0.638988 0.630030 -36.353013
 863.000041 3.013559 0.608258 0.672669 -35.412652
 864.000041 2.687268 0.653801 0.668894 -39.344649
 865.000041 -3.122451 0.584220 0.674261 -31.699360
 866.000041 2.978352 0.594622 0.722317 -35.464476
 867.000041 3.035409 0.605053 0.679274 -34.569134
 868.000041 -2.850939 0.614533 0.718400 -28.106723
 869.000041 3.120294 0.624803 0.691141 -32.064443
 870.000041 3.104086 0.573161 0.633337 -32.181073
 871.000041 3.116609 0.587847 0.691923 -31.677316
 872.000041 2.911561 0.630563 0.679697 -35.628773
 873.000041 3.038298 0.600133 0.638310 -33.575335
 874.000042 -3.111877 0.624472 0.647681 -31.023103
 875.000042 -2.935769 0.649710 0.688933 -29.920839
 876.000042 2.972605 0.623921 0.618153 -34.470671
 877.000042 -3.007904 0.633526 0.654603 -30.852484
 878.000042 -2.954818 0.600947 0.647991 -30.016242
 879.000042 -3.056218 0.621715 0.634087 -30.657818
 880.000042 -2.706873 0.608000 0.637950 -26.097918
 881.000042 -2.732600 0.702972 0.678202 -26.132220
 882.000042 -3.008449 0.666302 0.666572 -30.291401
 883.000042 3.106334 0.684630 0.639011 -31.379648
 884.000042 2.731217 0.718004 0.675231 -38.417043
 885.000042 -2.916186 0.656420 0.652105 -29.008571
 886.000042 2.664193 0.677199 0.644990 -39.028118
 887.000042 -2.947181 0.628479 0.704388 -29.278320
 888.000042 2.931747 0.645911 0.634934 -34.769018
 889.000042 -3.079337 0.660456 0.681727 -30.291976
 890.000042 -3.070967 0.717467 0.689344 -30.011211
 891.000042 -2.864795 0.678430 0.694924 -27.890213
 892.000042 3.027202 0.643428 0.659421 -33.158648
 893.000042 -2.702157 0.648371 0.680725 -25.676636
 894.000042 -2.924084 0.660430 0.688915 -28.574904
 895.000043 2.780413 0.589271 0.661292 -37.111406
 896.000043 -3.004546 0.631303 0.642547 -29.424627
 897.000043 -2.662700 0.656178 0.645538 -25.204682
 898.000043 -3.082845 0.699638 0.690423 -29.707082
 899.000043 -3.085697 0.608212 0.618719 -29.488672
 900.000043 -3.009698 0.618521 0.625732 -29.012910
 901.000043 -2.810921 0.653231 0.678672 -26.939987
 902.000043 2.955350 0.647482 0.670031 -33.931413
 903.000043 -2.821763 0.639600 0.681588 -26.847713
 904.000043 -3.022982 0.678571 0.659439 -28.784383
 905.000043 -2.799285 0.699792 0.711785 -26.330449
 906.000043 3.054339 0.679769 0.685497 -32.209732
 907.000043 -2.659056 0.630551 0.677177 -24.971620
 908.000043 -2.869590 0.676520 0.712491 -27.085669
 909.000043 -2.855362 0.683827 0.701954 -26.681673
 910.000043 -2.864815 0.668551 0.703602 -26.608733
 911.000043 -2.711054 0.607940 0.647273 -25.116638
 912.000043 -2.947341 0.621777 0.711425 -28.010828
 913.000043 -2.693313 0.656244 0.717195 -24.785954
 914.000043 -2.485206 0.619162 0.701196 -17.476318
 915.000043 3.027138 0.639091 0.670756 -32.430102
 916.000044 -2.780040 0.600359 0.674957 -25.545148
 917.000044 -2.648090 0.599283 0.668261 -24.368151
 918.000044 -2.550815 0.594373 0.686055 -20.450739
 919.000044 -2.675833 0.628292 0.728439 -24.261891
 920.000044 -2.582883 0.635242 0.717564 -21.825426
 921.000044 -2.882712 0.665588 0.700974 -26.562248
 922.000044 -2.846277 0.664220 0.694393 -25.907312
 923.000044 3.118428 0.672364 0.644755 -30.362742
 924.000044 2.850638 0.631749 0.645671 -35.622827
 925.000044 2.605337 0.584042 0.606012 -39.351365
 926.000044 -3.039436 0.614037 0.644663 -28.481659
 927.000044 -2.974801 0.629804 0.687883 -27.924906
 928.000044 -2.867960 0.625656 0.656605 -25.879417
 929.000044 -2.902143 0.628178 0.650688 -26.233016
 930.000044 -2.730952 0.590208 0.660237 -24.502076
 931.000044 -2.991474 0.617690 0.661741 -27.715259
 932.000044 -2.810615 0.631561 0.726652 -25.157083
 933.000044 -2.636983 0.623877 0.730442 -23.402369
 934.000044 -2.510401 0.526286 0.602375 -18.328532
 935.000044 2.540416 0.616444 0.579941 -38.733729
 936.000044 2.570827 0.599345 0.579961 -38.806812
 937.000045 2.525170 0.491109 0.575194 -37.952199
 938.000045 2.400714 0.515087 0.593215 -33.171276
 939.000045 -2.689660 0.620152 0.675970 -23.704188
 940.000045 3.026802 0.630017 0.622619 -32.040828
 941.000045 -2.791652 0.599539 0.651539 -24.741188
 942.000045 3.009676 0.597456 0.622380 -32.048720
 943.000045 2.711316 0.596237 0.587428 -37.959649
 944.000045 2.603586 0.582432 0.632726 -38.468375
 945.000045 2.643887 0.627609 0.636813 -38.170749
 946.000045 2.937895 0.592138 0.645829 -33.267964
 947.000045 3.064620 0.583810 0.664608 -31.008964
 948.000045 2.640973 0.600670 0.609271 -37.817337
 949.000045 2.851739 0.650877 0.649958 -35.153341
 950.000045 2.827394 0.624324 0.658013 -35.338892
 951.000045 -2.989366 0.611320 0.735233 -27.397885
 952.000045 2.948545 0.576752 0.645877 -32.595106
 953.000045 -3.102171 0.609629 0.656398 -28.756932
 954.000045 -3.040369 0.612477 0.639399 -27.648328
 955.000045 -2.801894 0.596019 0.632703 -24.586846
 956.000045 -2.839260 0.636597 0.689460 -24.707315
 957.000045 -2.672929 0.657105 0.665124 -23.316124
 958.000046 3.054728 0.608496 0.661253 -30.790385
 959.000046 2.977262 0.565219 0.616537 -31.607152
 960.000046 -2.771946 0.590610 0.567326 -24.050926
 961.000046 2.892722 0.616845 0.625706 -33.488145
 962.000046 3.077667 0.591579 0.609565 -30.192985
 963.000046 2.988786 0.604557 0.637109 -30.826141
 964.000046 2.787481 0.673491 0.620988 -35.742418
 965.000046 3.121304 0.598520 0.614801 -29.338147
 966.000046 -2.898539 0.628144 0.621795 -25.456094
 967.000046 2.411859 0.576973 0.637065 -33.523902
 968.000046 3.040563 0.665467 0.611640 -29.992112
 969.000046 -2.818016 0.543165 0.605967 -24.168744
 970.000046 2.531452 0.619555 0.603611 -37.387003
 971.000046 -3.033247 0.573582 0.650680 -27.388403
 972.000046 -2.736344 0.586294 0.607600 -23.492636
 973.000046 -2.978571 0.640254 0.628168 -26.737929
 974.000046 -2.584388 0.632126 0.684145 -21.279117
 975.000046 -2.810699 0.611285 0.620812 -23.773053
 976.000046 -2.815028 0.633956 0.626792 -23.601812
 977.000046 -2.632500 0.575957 0.641190 -22.519724
 978.000046 -2.578319 0.521209 0.604072 -20.805269
 979.000047 -2.662145 0.597412 0.635954 -22.559990
 980.000047 2.905376 0.632558 0.684192 -32.684949
 981.000047 -2.781885 0.583355 0.639006 -23.175760
 982.000047 -3.035981 0.556589 0.648929 -27.065903
 983.000047 -2.549968 0.564929 0.652507 -19.612142
 984.000047 -3.132246 0.592703 0.599185 -28.531045
 985.000047 2.973117 0.606691 0.658152 -30.627701
 986.000047 -3.141434 0.638682 0.709116 -28.472087
 987.000047 -2.684176 0.576908 0.629642 -22.528706
 988.000047 -2.854775 0.642186 0.652629 -23.801138
 989.000047 2.713335 0.589396 0.625573 -37.062834
 990.000047 2.567631 0.619322 0.596919 -37.495675
 991.000047 -3.060608 0.599961 0.624001 -27.088636
 992.000047 -2.656648 0.571025 0.627978 -22.092014
 993.000047 -3.035724 0.604637 0.633922 -26.648993
 994.000047 2.734273 0.610641 0.680030 -36.503005
 995.000047 -2.625161 0.596528 0.651992 -21.491969
 996.000047 3.002731 0.524827 0.620214 -29.909382
 997.000047 3.103718 0.610324 0.706791 -28.748330
 998.000047 -2.613547 0.623759 0.655467 -21.082610
 999.000047 -2.796942 0.574446 0.645773 -22.956027
 1000.000047 -2.978446 0.598627 0.696341 -26.225209
 1001.000048 -2.780635 0.572372 0.626621 -22.684283
 1002.000048 -2.888011 0.597918 0.651796 -24.179739
 1003.000048 -2.689261 0.607628 0.652814 -21.853732
 1004.000048 3.068289 0.630373 0.688808 -28.964684
 1005.000048 -2.760688 0.623876 0.651834 -22.322517
 1006.000048 -2.678924 0.564671 0.621968 -21.495759
 1007.000048 -3.020736 0.642207 0.664137 -26.195033
 1008.000048 -2.822786 0.588432 0.625421 -22.624255
 1009.000048 -2.843156 0.556122 0.654317 -22.730737
 1010.000048 -2.905002 0.581882 0.670340 -24.078633
 1011.000048 2.761920 0.594330 0.598327 -35.761321
 1012.000048 -2.711447 0.590685 0.625448 -21.610046
 1013.000048 -3.011673 0.619629 0.634886 -25.876516
 1014.000048 -2.737186 0.541162 0.608569 -21.599805
 1015.000048 -2.804748 0.607008 0.611888 -21.869802
 1016.000048 -2.736751 0.585788 0.655411 -21.306347
 1017.000048 3.080696 0.636379 0.624145 -28.591326
 1018.000048 -2.789310 0.560257 0.635438 -21.387230
 1019.000048 3.065688 0.586994 0.621178 -28.452005
 1020.000048 -2.061504 0.497939 0.552899 -0.377301
 1021.000048 -2.354704 0.503783 0.587628 -12.073330
 1022.000049 -3.079422 0.620122 0.627011 -26.540624
 1023.000049 -2.743184 0.603505 0.679317 -21.013593
 1024.000049 -3.069606 0.621314 0.660679 -26.127541
 1025.000049 -2.886514 0.556924 0.635705 -23.131348
 1026.000049 -2.494824 0.552923 0.590743 -17.438977
 1027.000049 -2.494687 0.560683 0.577326 -17.271925
 1028.000049 -2.487645 0.472141 0.629107 -16.861942
 1029.000049 -1.301498 0.533322 0.587562 -1.629862
 1030.000049 -2.345147 0.480946 0.558326 -11.576409
 1031.000049 -2.933026 0.628298 0.664526 -24.332877
 1032.000049 3.128552 0.566843 0.650705 -27.534783
 1033.000049 3.019837 0.611883 0.667737 -28.648864
 1034.000049 2.698167 0.601424 0.623231 -36.391186
 1035.000049 -2.974689 0.566951 0.645367 -24.975252
 1036.000049 2.539198 0.593497 0.673005 -37.029956
 1037.000049 -3.007802 0.521251 0.664841 -25.102413
 1038.000049 -2.851669 0.593109 0.689477 -22.018414
 1039.000049 2.458133 0.504744 0.564459 -35.034256
 1040.000049 2.742233 0.513390 0.624679 -35.603832
 1041.000049 -2.933788 0.600191 0.615186 -23.807643
 1042.000049 -2.599794 0.653626 0.658990 -20.188371
 1043.000050 -2.638786 0.558878 0.643429 -20.521584
 1044.000050 -2.659225 0.569150 0.663610 -20.451899
 1045.000050 -3.017864 0.590896 0.655807 -24.816378
 1046.000050 2.774751 0.601099 0.606543 -34.955735
 1047.000050 2.853829 0.630045 0.588728 -33.533849
 1048.000050 3.052087 0.559727 0.591164 -28.016199
 1049.000050 -2.662146 0.626037 0.611368 -20.291215
 1050.000050 -2.051301 0.522659 0.559130 0.146899
 1051.000050 -2.833020 0.595512 0.613545 -21.450615
 1052.000050 -2.887792 0.562153 0.615397 -22.330992
 1053.000050 -2.523216 0.570848 0.610894 -17.846476
 1054.000050 3.097181 0.489452 0.630641 -27.497439
 1055.000050 -2.823417 0.620374 0.649088 -21.059930
 1056.000050 -2.606910 0.607245 0.641138 -19.690856
 1057.000050 3.082785 0.587446 0.645692 -27.359869
 1058.000050 -2.787898 0.575422 0.645245 -20.632594
 1059.000050 2.805428 0.570643 0.635270 -34.132423
 1060.000050 2.926041 0.584152 0.630914 -31.032920
 1061.000050 2.933524 0.535292 0.610195 -30.477924
 1062.000050 -2.512414 0.534948 0.651127 -17.315509
 1063.000050 -3.006627 0.604398 0.669847 -24.468746
 1064.000051 -2.635293 0.643657 0.591814 -19.732117
 1065.000051 2.514396 0.520480 0.560142 -36.179994
 1066.000051 -2.799648 0.566746 0.620927 -20.509957
 1067.000051 2.452906 0.524394 0.603165 -34.525864
 1068.000051 2.829387 0.586508 0.627857 -33.220983
 1069.000051 2.419912 0.530854 0.580538 -33.329904
 1070.000051 2.806587 0.500164 0.551510 -33.398181
 1071.000051 2.565843 0.507904 0.594070 -36.533750
 1072.000051 2.492913 0.492523 0.581462 -34.922224
 1073.000051 2.472231 0.514109 0.576540 -34.228174
 1074.000051 2.355910 0.460129 0.552490 -30.018784
 1075.000051 2.432470 0.452085 0.518844 -32.864222
 1076.000051 -3.049306 0.554620 0.626154 -24.847434
 1077.000051 2.869313 0.641895 0.632420 -32.054499
 1078.000051 -3.120872 0.622295 0.642311 -26.278718
 1079.000051 -2.889125 0.602308 0.642434 -21.882455
 1080.000051 -2.492734 0.633675 0.657713 -16.621146
 1081.000051 -2.783090 0.634717 0.638515 -20.294064
 1082.000051 -2.788269 0.541522 0.627031 -20.134813
 1083.000051 -2.548724 0.660246 0.641144 -17.975794
 1084.000051 -2.548356 0.597533 0.650199 -17.794607
 1085.000052 -2.796224 0.627359 0.661375 -19.992454
 1086.000052 -2.943432 0.575679 0.604442 -23.130374
 1087.000052 -2.505691 0.540492 0.610536 -16.668123
 1088.000052 -2.665479 0.622035 0.619600 -19.730070
 1089.000052 -2.491126 0.567000 0.568323 -16.183621
 1090.000052 -2.539736 0.560193 0.593613 -17.098366
 1091.000052 -2.820682 0.654078 0.662167 -20.014767
 1092.000052 -2.986133 0.579316 0.664788 -23.729595
 1093.000052 3.102779 0.604804 0.639074 -26.850509
 1094.000052 -2.592594 0.575726 0.626030 -18.235771
 1095.000052 -2.762279 0.606445 0.642682 -19.695733
 1096.000052 -2.848710 0.617772 0.641091 -20.189269
 1097.000052 -2.329424 0.567987 0.620160 -10.934615
 1098.000052 -2.016175 0.498595 0.618398 1.271338
 1099.000052 -2.430012 0.609102 0.653664 -14.255130
 1100.000052 -2.490831 0.638660 0.627496 -15.699991
 1101.000052 -2.812576 0.602030 0.635006 -19.519402
 1102.000052 -2.598096 0.540663 0.557407 -18.102617
 1103.000052 -2.450412 0.590733 0.605751 -14.606663
 1104.000052 -2.733250 0.650544 0.667166 -19.558019
 1105.000052 -2.796186 0.604979 0.633881 -19.141572
 1106.000053 -2.796617 0.646140 0.626189 -18.974002
 1107.000053 -2.604183 0.605590 0.592745 -18.066646
 1108.000053 -2.519719 0.619237 0.626532 -15.946473
 1109.000053 -2.747494 0.570249 0.611842 -19.001740
 1110.000053 -2.350610 0.617646 0.653117 -11.417844
 1111.000053 -2.690146 0.590150 0.653481 -19.131455
 1112.000053 -2.655474 0.607753 0.677369 -18.664392
 1113.000053 -2.778066 0.618304 0.668452 -18.596381
 1114.000053 2.950305 0.592639 0.589445 -29.647123
 1115.000053 -3.121662 0.595796 0.636502 -25.957659
 1116.000053 -2.117747 0.536656 0.573248 -2.358340
 1117.000053 -2.407255 0.573213 0.571495 -13.052062
 1118.000053 -1.747898 0.540040 0.591918 4.657714
 1119.000053 -2.492071 0.531126 0.558255 -15.123406
 1120.000053 -2.944975 0.657525 0.598422 -22.649954
 1121.000053 -2.397279 0.545258 0.574724 -12.584938
 1122.000053 -2.875830 0.633401 0.668873 -20.203284
 1123.000053 -2.286772 0.547272 0.613411 -9.571431
 1124.000053 -2.435838 0.629708 0.665384 -13.471641
 1125.000053 -2.699606 0.476606 0.606381 -18.785698
 1126.000053 -2.393484 0.582723 0.598636 -12.175005
 1127.000054 -3.058093 0.654497 0.622431 -24.494974
 1128.000054 -2.957253 0.589917 0.622519 -22.590853
 1129.000054 -2.569974 0.556664 0.640113 -16.730894
 1130.000054 -2.983005 0.617905 0.646659 -22.926064
 1131.000054 -2.589060 0.531514 0.603711 -17.059883
 1132.000054 -2.776789 0.712132 0.684885 -18.375786
 1133.000054 -2.692943 0.626023 0.600971 -18.470397
 1134.000054 -2.397137 0.611745 0.688559 -12.124772
 1135.000054 -2.586062 0.582294 0.628395 -16.814182
 1136.000054 -2.981860 0.621545 0.619758 -22.711694
 1137.000054 -2.323454 0.543456 0.614513 -10.243016
 1138.000054 -2.957581 0.587330 0.658994 -22.125903
 1139.000054 -3.130351 0.595860 0.614422 -25.713259
 1140.000054 -2.833373 0.604747 0.656732 -18.805616
 1141.000054 -2.949412 0.631075 0.669799 -21.756829
 1142.000054 -2.705076 0.600267 0.636149 -18.283121
 1143.000054 -2.760742 0.571313 0.641003 -18.019430
 1144.000054 -3.017548 0.583683 0.619919 -22.834703
 1145.000054 2.956464 0.563599 0.626556 -29.238050
 1146.000054 -2.683306 0.595254 0.594590 -17.970008
 1147.000054 -2.524779 0.556042 0.626693 -15.266493
 1148.000055 -3.123519 0.623359 0.636109 -25.322454
 1149.000055 -3.042918 0.611684 0.664469 -23.198216
 1150.000055 -2.300136 0.623362 0.654958 -9.607913
 1151.000055 -1.677306 0.551298 0.616588 4.654106
 1152.000055 -1.427132 0.600215 0.663199 0.931916
 1153.000055 -2.409875 0.509227 0.544046 -12.103086
 1154.000055 -2.171906 0.542862 0.596349 -4.894528
 1155.000055 -2.191116 0.519650 0.565246 -5.690524
 1156.000055 -1.417849 0.517465 0.565458 0.914785
 1157.000055 -1.700195 0.532487 0.537673 4.819822
 1158.000055 -1.545155 0.519161 0.550764 3.317567
 1159.000055 -1.882063 0.545902 0.542146 3.558441
 1160.000055 -1.770509 0.564291 0.638621 4.688776
 1161.000055 -0.965613 0.570010 0.570960 -20.777363
 1162.000055 -1.143991 0.556039 0.572876 -9.947642
 1163.000055 -1.579918 0.551055 0.607731 3.929790
 1164.000055 -2.060036 0.496488 0.542678 -0.011296
 1165.000055 -2.000135 0.515378 0.544147 1.732004
 1166.000055 -1.815976 0.470117 0.543550 4.318776
 1167.000055 -1.911779 0.541336 0.587147 3.320304
 1168.000055 -1.891584 0.521210 0.561707 3.668377
 1169.000056 -2.223425 0.528840 0.596545 -7.183454
 1170.000056 -2.059135 0.507123 0.504131 0.196945
 1171.000056 -1.732857 0.558131 0.585365 4.883543
 1172.000056 -1.574817 0.577506 0.595258 3.878181
 1173.000056 -2.245010 0.527248 0.564182 -7.953826
 1174.000056 -1.345893 0.554666 0.530580 -0.470619
 1175.000056 -1.414548 0.526458 0.530057 0.830823
 1176.000056 -2.189173 0.539260 0.574677 -5.499168
 1177.000056 -1.435386 0.614814 0.575655 1.292226
 1178.000056 -1.497055 0.556757 0.585508 2.619990
 1179.000056 -0.170429 0.607289 0.630498 -39.042371
 1180.000056 -0.304107 0.590079 0.581022 -39.681638
 1181.000056 -0.276103 0.617779 0.593575 -39.382400
 1182.000056 -0.052143 0.635418 0.650019 -36.937408
 1183.000056 -0.405917 0.626533 0.697434 -39.775190
 1184.000056 0.011347 0.631801 0.609888 -35.374478
 1185.000056 -0.125568 0.629777 0.605124 -37.961406
 1186.000056 -0.099600 0.607001 0.621150 -37.211178
 1187.000056 -0.350701 0.639488 0.612913 -39.299940
 1188.000056 -0.416390 0.617002 0.648038 -39.378791
 1189.000056 -0.113037 0.652049 0.639943 -37.150208
 1190.000057 -0.099393 0.618523 0.645258 -36.702691
 1191.000057 -0.041490 0.603883 0.684551 -35.814854
 1192.000057 0.066160 0.642453 0.647908 -34.064224
 1193.000057 0.207219 0.590434 0.637665 -31.497511
 1194.000057 0.077571 0.604119 0.631285 -33.550074
 1195.000057 -0.045256 0.605455 0.628039 -35.476411
 1196.000057 -0.167006 0.606124 0.600401 -37.528905
 1197.000057 -0.093267 0.591004 0.641567 -35.850160
 1198.000057 -0.300471 0.626352 0.595193 -38.878020
 1199.000057 -0.208665 0.659529 0.662394 -38.118242
 1200.000057 -0.279322 0.639392 0.654370 -38.518891
 1201.000057 0.009688 0.609449 0.639649 -34.366022
 1202.000057 -0.092827 0.576247 0.628559 -35.442688
 1203.000057 -0.417190 0.593711 0.622289 -39.074501
 1204.000057 -0.254868 0.612970 0.642939 -38.227803
 1205.000057 -0.736514 0.534797 0.583099 -35.375085
 1206.000057 -0.710047 0.540918 0.577655 -36.255366
 1207.000057 -0.579372 0.644989 0.673880 -38.819520
 1208.000057 -0.635278 0.627244 0.616045 -37.786163
 1209.000057 -0.046799 0.608097 0.629357 -34.644100
 1210.000057 0.236775 0.617893 0.607665 -30.993595
 1211.000058 -0.286781 0.609474 0.653266 -37.925694
 1212.000058 -0.186406 0.637233 0.632613 -36.995114
 1213.000058 -0.239558 0.611695 0.636762 -37.451428
 1214.000058 -0.276716 0.608034 0.650109 -37.327076
 1215.000058 -0.334195 0.575156 0.613347 -37.700863
 1216.000058 -0.019820 0.542853 0.659807 -34.162412
 1217.000058 -0.204805 0.693270 0.637579 -36.744503
 1218.000058 0.086811 0.627745 0.620951 -32.985388
 1219.000058 -0.462546 0.648319 0.631113 -39.102660
 1220.000058 -0.427703 0.643879 0.697033 -38.500505
 1221.000058 -0.089255 0.618568 0.664405 -34.706306
 1222.000058 -0.212309 0.646478 0.640507 -36.513161
 1223.000058 -0.249019 0.650568 0.555817 -36.481408
 1224.000058 0.284251 0.648278 0.646449 -30.496550
 1225.000058 -0.030135 0.648720 0.644457 -33.869063
 1226.000058 -0.302478 0.607558 0.621455 -36.684131
 1227.000058 -0.487171 0.659818 0.631200 -38.745297
 1228.000058 0.149881 0.665187 0.651496 -31.701993
 1229.000058 -0.637593 0.593185 0.604648 -37.458795
 1230.000058 0.541769 0.621426 0.660589 -17.722016
 1231.000058 -0.475358 0.610976 0.628567 -38.363058
 1232.000059 0.084089 0.576767 0.647786 -32.522128
 1233.000059 0.134588 0.638121 0.688434 -31.587664
 1234.000059 0.115312 0.604776 0.629196 -31.586743
 1235.000059 -0.756642 0.610479 0.595177 -34.057303
 1236.000059 -0.257232 0.630731 0.628055 -36.073748
 1237.000059 -0.140902 0.650018 0.608215 -35.194519
 1238.000059 -0.103491 0.634859 0.641480 -34.351893
 1239.000059 0.085216 0.636541 0.655243 -31.782599
 1240.000059 -0.465970 0.610713 0.700267 -37.921496
 1241.000059 0.136610 0.598614 0.618874 -31.006782
 1242.000059 0.061417 0.638557 0.621244 -31.798434
 1243.000059 -0.147308 0.605742 0.623007 -34.788374
 1244.000059 -0.095787 0.655219 0.684283 -33.862491
 1245.000059 -0.431724 0.648357 0.614169 -37.584097
 1246.000059 -0.131990 0.572658 0.648791 -34.034803
 1247.000059 0.046140 0.649477 0.629775 -31.858253
 1248.000059 0.154642 0.614108 0.702060 -30.575601
 1249.000059 -0.185953 0.600162 0.616668 -34.803010
 1250.000059 0.071527 0.586050 0.653005 -30.938440
 1251.000059 0.115572 0.599174 0.601253 -30.248398
 1252.000059 -0.051366 0.603226 0.607578 -33.164448
 1253.000060 -0.229455 0.591548 0.591767 -35.175712
 1254.000060 -0.114565 0.644535 0.617409 -33.348355
 1255.000060 0.020923 0.623450 0.626874 -31.674967
 1256.000060 -0.630175 0.555570 0.620414 -37.250844
 1257.000060 0.628396 0.566397 0.625484 -14.013965
 1258.000060 0.321940 0.599348 0.656545 -29.395607
 1259.000060 -0.173617 0.593773 0.622834 -34.000777
 1260.000060 -0.383105 0.606869 0.657966 -37.344439
 1261.000060 -0.240116 0.594144 0.650803 -34.758663
 1262.000060 -0.479984 0.591290 0.592141 -37.461763
 1263.000060 -0.128285 0.575387 0.612363 -33.057818
 1264.000060 -0.357683 0.601914 0.624702 -36.748453
 1265.000060 0.304093 0.609604 0.608179 -29.681252
 1266.000060 -0.492130 0.595530 0.574676 -37.305941
 1267.000060 -0.332356 0.550383 0.617792 -36.081576
 1268.000060 0.153021 0.552914 0.619804 -30.000121
 1269.000060 0.118072 0.597735 0.611241 -29.747444
 1270.000060 0.090228 0.544794 0.599579 -29.746561
 1271.000060 0.300098 0.573664 0.557495 -29.512648
 1272.000060 0.169966 0.638985 0.627831 -29.533628
 1273.000060 0.284389 0.654082 0.685385 -29.401246
 1274.000061 0.333264 0.591284 0.636302 -28.185222
 1275.000061 0.336001 0.623962 0.648167 -27.822609
 1276.000061 -0.325190 0.632770 0.645783 -35.684870
 1277.000061 -0.469051 0.533934 0.626459 -36.738897
 1278.000061 0.834507 0.577326 0.659022 -5.333208
 1279.000061 0.261373 0.531795 0.636336 -28.733980
 1280.000061 -0.053676 0.596340 0.672656 -32.511702
 1281.000061 -0.253520 0.635963 0.647268 -34.479932
 1282.000061 -0.148659 0.630055 0.646102 -32.963268
 1283.000061 0.069549 0.652538 0.650071 -29.818577
 1284.000061 0.022490 0.643793 0.625021 -30.728896
 1285.000061 -0.065801 0.635631 0.672167 -32.051275
 1286.000061 0.417470 0.651708 0.642045 -23.250911
 1287.000061 -0.140804 0.645510 0.657065 -32.449001
 1288.000061 0.110528 0.680329 0.707141 -29.002730
 1289.000061 0.308754 0.588745 0.671960 -27.964645
 1290.000061 -0.567184 0.703773 0.663076 -37.582703
 1291.000061 0.084512 0.593389 0.720652 -29.007715
 1292.000061 -0.071292 0.641118 0.717620 -31.682264
 1293.000061 -0.032511 0.642304 0.622230 -31.062836
 1294.000061 0.168019 0.627762 0.685376 -28.876134
 1295.000062 0.356979 0.664602 0.673627 -26.170192
 1296.000062 -0.552095 0.622313 0.600068 -37.304665
 1297.000062 -0.200980 0.601862 0.627665 -33.154853
 1298.000062 0.328192 0.608658 0.657487 -26.916447
 1299.000062 -0.434753 0.544455 0.639697 -36.271252
 1300.000062 0.212248 0.623309 0.632855 -28.497811
 1301.000062 0.172762 0.574416 0.636839 -28.440710
 1302.000062 -0.024805 0.577306 0.605929 -30.698826
 1303.000062 0.124192 0.540385 0.624440 -28.190504
 1304.000062 -0.305354 0.592990 0.644938 -34.650269
 1305.000062 -0.241944 0.620462 0.622626 -33.491425
 1306.000062 -0.430863 0.553147 0.661073 -35.942966
 1307.000062 -0.371278 0.593361 0.637161 -35.356187
 1308.000062 -0.378228 0.592352 0.646386 -35.101762
 1309.000062 0.307637 0.598772 0.696744 -27.018399
 1310.000062 0.184052 0.589855 0.673109 -28.058671
 1311.000062 -0.021190 0.591834 0.645741 -30.432368
 1312.000062 -0.601289 0.517164 0.572544 -36.906961
 1313.000062 -0.466030 0.568874 0.565157 -35.620238
 1314.000062 0.082873 0.605139 0.621267 -28.317435
 1315.000062 -0.045241 0.584473 0.664403 -30.425239
 1316.000063 -0.152851 0.611756 0.621765 -31.927271
 1317.000063 -0.206729 0.654974 0.614508 -32.547945
 1318.000063 0.261671 0.538758 0.672587 -27.289228
 1319.000063 -0.219724 0.458712 0.641579 -32.498179
 1320.000063 0.259865 0.466946 0.569706 -27.081037
 1321.000063 -0.089229 0.508286 0.671969 -30.706984
 1322.000063 0.258864 0.505318 0.644305 -26.866400
 1323.000063 -0.126859 0.616008 0.619312 -30.924252
 1324.000063 -0.401910 0.540487 0.593135 -34.908842
 1325.000063 -0.665254 0.556200 0.603252 -36.242671
 1326.000063 -0.570763 0.522042 0.612935 -36.582931
 1327.000063 -0.433144 0.546363 0.658161 -34.760072
 1328.000063 -0.195484 0.611889 0.633850 -31.741114
 1329.000063 0.219086 0.618693 0.604065 -27.115905
 1330.000063 -0.611194 0.612787 0.641956 -36.142969
 1331.000063 0.361903 0.596367 0.657056 -25.384699
 1332.000063 -0.381754 0.613461 0.608538 -34.340380
 1333.000063 -0.187603 0.647750 0.622350 -31.385206
 1334.000063 -0.119111 0.624588 0.649511 -30.469474
 1335.000063 -0.122182 0.672925 0.735750 -30.266545
 1336.000063 0.303081 0.663443 0.670244 -26.000970
 1337.000064 0.025346 0.625797 0.678702 -29.203374
 1338.000064 -0.003962 0.617408 0.701478 -29.318355
 1339.000064 0.199869 0.653647 0.660872 -27.016840
 1340.000064 0.236762 0.622967 0.625476 -26.349460
 1341.000064 0.073881 0.637615 0.652709 -28.030286
 1342.000064 0.215779 0.598143 0.642642 -26.367347
 1343.000064 -0.371431 0.600103 0.663060 -33.992793
 1344.000064 -0.544088 0.605606 0.643075 -36.071307
 1345.000064 0.027495 0.645124 0.649605 -28.524444
 1346.000064 -0.335932 0.626285 0.624459 -33.566061
 1347.000064 0.282186 0.595182 0.654022 -25.697906
 1348.000064 -0.555676 0.548393 0.616845 -35.843468
 1349.000064 0.301679 0.563337 0.631200 -25.467601
 1350.000064 -0.466109 0.581085 0.621748 -34.535133
 1351.000064 -0.535092 0.598323 0.642429 -35.342167
 1352.000064 0.047770 0.613594 0.653002 -27.998019
 1353.000064 -0.578154 0.599855 0.603778 -35.321808
 1354.000064 -0.768474 0.521736 0.556957 -33.220328
 1355.000064 -0.388841 0.543305 0.579691 -33.549254
 1356.000064 0.164334 0.626283 0.640289 -26.741977
 1357.000064 0.198797 0.679020 0.683789 -26.044614
 1358.000065 -0.716411 0.578298 0.628512 -34.670399
 1359.000065 -0.189374 0.625993 0.706663 -30.904982
 1360.000065 0.196178 0.622717 0.714586 -25.874392
 1361.000065 -0.455118 0.607674 0.602808 -33.881301
 1362.000065 -0.017067 0.616198 0.658253 -28.593820
 1363.000065 0.011851 0.581725 0.642224 -27.998299
 1364.000065 -0.097017 0.627264 0.627446 -29.534640
 1365.000065 -0.103805 0.600974 0.643278 -29.383363
 1366.000065 -0.254795 0.634457 0.669897 -32.034699
 1367.000065 -0.166547 0.594675 0.648031 -29.995383
 1368.000065 0.194339 0.643834 0.672412 -25.694151
 1369.000065 0.084779 0.639274 0.609629 -27.082110
 1370.000065 -0.610739 0.590160 0.619705 -35.177113
 1371.000065 -0.259070 0.604461 0.636386 -31.668930
 1372.000065 -0.579935 0.600743 0.611769 -34.804090
 1373.000065 -0.196400 0.610369 0.600781 -30.107148
 1374.000065 0.152339 0.641923 0.659656 -26.007818
 1375.000065 -0.144967 0.600159 0.604251 -29.321443
 1376.000065 -0.305287 0.651253 0.643884 -32.304723
 1377.000065 -0.126865 0.642129 0.666783 -28.962262
 1378.000065 0.362675 0.595226 0.649716 -24.854218
 1379.000065 -0.167888 0.614253 0.684409 -29.109142
 1380.000066 -0.012153 0.600518 0.651863 -27.921647
 1381.000066 -0.288148 0.652829 0.631465 -31.630450
 1382.000066 0.285441 0.638698 0.648924 -24.987859
 1383.000066 -0.710053 0.537067 0.594655 -34.488867
 1384.000066 0.345628 0.645629 0.664283 -24.720208
 1385.000066 -0.796422 0.571724 0.642783 -31.714637
 1386.000066 0.070637 0.663763 0.628056 -26.816598
 1387.000066 0.098979 0.603497 0.700964 -26.270404
 1388.000066 -0.494366 0.599998 0.660789 -34.169618
 1389.000066 -0.304804 0.602048 0.716613 -31.695257
 1390.000066 -0.685906 0.570519 0.618415 -34.499045
 1391.000066 -0.762331 0.563290 0.598411 -32.575622
 1392.000066 0.478241 0.574224 0.625278 -20.141150
 1393.000066 -0.750255 0.540147 0.595063 -32.595541
 1394.000066 -0.044980 0.568100 0.651542 -28.044091
 1395.000066 0.187651 0.586184 0.609702 -25.295975
 1396.000066 -0.795468 0.527406 0.651967 -31.261281
 1397.000066 -0.791686 0.598099 0.650969 -31.137778
 1398.000066 -0.091258 0.584891 0.614184 -28.259100
 1399.000066 -0.232111 0.571027 0.646940 -29.928432
 1400.000066 -0.700200 0.510282 0.605608 -33.195152
 1401.000067 -0.506386 0.565185 0.621512 -34.007713
 1402.000067 -0.217187 0.635895 0.686589 -29.385444
 1403.000067 0.308327 0.652483 0.714042 -24.551548
 1404.000067 -0.286768 0.597495 0.594452 -30.725308
 1405.000067 -0.371274 0.640726 0.674344 -32.181543
 1406.000067 -0.671522 0.578648 0.652420 -33.616495
 1407.000067 0.134118 0.594085 0.655217 -25.609354
 1408.000067 -0.762220 0.617671 0.652348 -31.463389
 1409.000067 -0.425659 0.572210 0.634838 -32.793094
 1410.000067 0.340528 0.655575 0.662033 -24.300968
 1411.000067 -0.409381 0.695215 0.680967 -32.336492
 1412.000067 -0.620507 0.588745 0.632640 -34.019841
 1413.000067 -0.609073 0.659892 0.647541 -33.839762
 1414.000067 -0.012403 0.611542 0.656685 -27.322605
 1415.000067 -0.239098 0.644112 0.596139 -29.475249
 1416.000067 0.213610 0.634078 0.666844 -24.804501
 1417.000067 0.073723 0.650907 0.625057 -26.086878
 1418.000067 -0.141427 0.587794 0.716955 -28.230468
 1419.000067 -0.791371 0.488789 0.569764 -30.707905
 1420.000067 0.273594 0.568484 0.641111 -24.251089
 1421.000067 0.066122 0.591395 0.630096 -25.959128
 1422.000068 0.153936 0.662947 0.664132 -24.949776
 1423.000068 0.406629 0.646316 0.676131 -22.823282
 1424.000068 0.332913 0.676865 0.667178 -23.852710
 1425.000068 -0.088993 0.604709 0.604769 -27.757105
 1426.000068 -0.243427 0.600108 0.671148 -29.242507
 1427.000068 -0.424488 0.669967 0.618892 -32.208648
 1428.000068 0.338576 0.641363 0.664990 -23.642046
 1429.000068 -0.050308 0.645850 0.674269 -27.262954
 1430.000068 -0.550495 0.584365 0.608684 -33.724500
 1431.000068 -0.555771 0.616326 0.675957 -33.491489
 1432.000068 -0.425693 0.623752 0.637312 -31.960403
 1433.000068 -0.380077 0.638984 0.656350 -31.389410
 1434.000068 -0.189017 0.611979 0.666946 -28.220384
 1435.000068 0.238747 0.591097 0.630714 -24.105707
 1436.000068 0.280076 0.594046 0.611100 -23.553324
 1437.000068 -0.513034 0.605211 0.608464 -32.863683
 1438.000068 0.305483 0.607555 0.673211 -23.257165
 1439.000068 -0.284983 0.662391 0.662580 -29.708619
 1440.000068 -0.104517 0.618054 0.650907 -27.383937
 1441.000068 -0.282876 0.609628 0.618076 -29.417279
 1442.000068 -0.032826 0.626566 0.668510 -26.783871
 1443.000069 0.294229 0.649418 0.622158 -23.096817
 1444.000069 0.116431 0.631790 0.669801 -24.962072
 1445.000069 -0.266076 0.613848 0.617682 -28.885815
 1446.000069 -0.668408 0.612395 0.650266 -32.931889
 1447.000069 0.118453 0.649599 0.685967 -24.747223
 1448.000069 0.141063 0.603083 0.687904 -24.396490
 1449.000069 0.406235 0.618646 0.638483 -22.490521
 1450.000069 -0.284159 0.625759 0.623772 -28.910754
 1451.000069 -0.257344 0.629198 0.663670 -28.343896
 1452.000069 -0.683975 0.608670 0.628930 -32.429043
 1453.000069 0.142529 0.643033 0.653285 -24.180044
 1454.000069 -0.490143 0.634462 0.658680 -32.332913
 1455.000069 -0.618347 0.625082 0.648872 -32.794450
 1456.000069 -0.765910 0.641046 0.656171 -30.843804
 1457.000069 0.029052 0.619266 0.645164 -25.779910
 1458.000069 0.028462 0.640981 0.684138 -25.555837
 1459.000069 -0.122952 0.689469 0.688193 -27.190038
 1460.000069 0.704650 0.512732 0.611168 -10.030908
 1461.000069 -0.107502 0.611249 0.684851 -26.865571
 1462.000069 -0.387081 0.614406 0.647102 -30.698564
 1463.000069 -0.151566 0.645910 0.688904 -27.052629
 1464.000070 -0.376729 0.615101 0.643865 -30.197754
 1465.000070 -0.490223 0.627066 0.620717 -31.774138
 1466.000070 -0.640317 0.614654 0.644509 -32.375519
 1467.000070 -0.262915 0.547560 0.609106 -28.078851
 1468.000070 -0.231053 0.585488 0.620528 -27.569856
 1469.000070 0.022534 0.515543 0.634596 -25.416021
 1470.000070 -0.277559 0.584906 0.700849 -27.832827
 1471.000070 -0.156792 0.614037 0.755949 -26.764809
 1472.000070 -0.577675 0.645425 0.668865 -32.402532
 1473.000070 0.344386 0.566155 0.595927 -22.889521
 1474.000070 0.179373 0.582319 0.631524 -23.846096
 1475.000070 -0.427211 0.670075 0.753021 -30.576579
 1476.000070 -0.180138 0.592839 0.633460 -26.708981
 1477.000070 -0.753595 0.625846 0.657478 -30.753944
 1478.000070 -0.545997 0.630486 0.662463 -32.061441
 1479.000070 0.097031 0.651113 0.695554 -24.186375
 1480.000070 0.030683 0.640633 0.713271 -24.995977
 1481.000070 -0.808931 0.515229 0.607250 -29.743521
 1482.000070 -0.700626 0.589345 0.622568 -31.157858
 1483.000070 -0.556091 0.622703 0.621833 -31.867318
 1484.000070 -0.071084 0.611021 0.646404 -26.172871
 1485.000071 -0.205641 0.633973 0.626646 -26.710555
 1486.000071 -0.099094 0.608700 0.665072 -26.002071
 1487.000071 -0.229890 0.577758 0.647793 -26.744155
 1488.000071 0.152449 0.582111 0.654507 -23.654510
 1489.000071 0.239112 0.605750 0.624275 -23.228080
 1490.000071 0.278004 0.629796 0.652105 -22.724112
 1491.000071 0.209465 0.623829 0.661360 -23.095741
 1492.000071 -0.708269 0.530918 0.605940 -30.722005
 1493.000071 -0.314618 0.562352 0.638718 -28.092118
 1494.000071 0.241905 0.587251 0.654986 -22.685191
 1495.000071 -0.350869 0.568656 0.635163 -28.778781
 1496.000071 0.206730 0.562154 0.680443 -22.737660
 1497.000071 -0.549651 0.642556 0.664415 -31.600299
 1498.000071 -0.436791 0.592582 0.652928 -30.267590
 1499.000071 -0.634049 0.570445 0.629240 -31.397351
 1500.000071 -0.554999 0.576620 0.635588 -31.274361
 1501.000071 0.246631 0.622152 0.683679 -22.326107
 1502.000071 -0.612282 0.531083 0.563608 -31.143797
 1503.000071 -0.527790 0.572204 0.617395 -30.887220
 1504.000071 0.062386 0.605783 0.680758 -24.233670
 1505.000071 -0.643671 0.602326 0.665328 -30.768689
 1506.000072 0.445073 0.580586 0.651206 -21.166638
 1507.000072 0.079212 0.574085 0.609258 -23.732091
 1508.000072 -0.810387 0.628870 0.632547 -29.441912
 1509.000072 0.077136 0.616923 0.668191 -23.551808
 1510.000072 0.136010 0.603850 0.621458 -22.866580
 1511.000072 -0.654961 0.592912 0.674105 -30.511641
 1512.000072 -0.614068 0.580107 0.605010 -30.437591
 1513.000072 -0.341705 0.578518 0.629689 -28.262215
 1514.000072 -0.034607 0.604558 0.653493 -25.340901
 1515.000072 -0.203076 0.651427 0.686414 -26.253486
 1516.000072 0.118377 0.640546 0.661666 -22.768365
 1517.000072 0.009249 0.655774 0.649376 -24.360605
 1518.000072 -0.050864 0.632479 0.655613 -25.163589
 1519.000072 -0.123741 0.620745 0.675887 -25.590444
 1520.000072 -0.141118 0.669348 0.705232 -25.502121
 1521.000072 0.165148 0.597826 0.657444 -22.419948
 1522.000072 -0.551366 0.615589 0.668247 -30.456661
 1523.000072 -0.543446 0.642131 0.683399 -30.264136
 1524.000072 -0.560540 0.644613 0.677537 -29.996694
 1525.000072 0.378519 0.568096 0.671360 -22.432195
 1526.000072 -0.223760 0.634593 0.701017 -26.077116
 1527.000073 -0.103305 0.626181 0.620026 -25.107105
 1528.000073 -0.109780 0.666064 0.658432 -24.928334
 1529.000073 -0.077314 0.647826 0.688960 -24.682913
 1530.000073 0.430380 0.649485 0.636971 -21.303507
 1531.000073 -0.598102 0.561353 0.611122 -29.815727
 1532.000073 -0.361978 0.654540 0.677483 -28.432933
 1533.000073 -0.333085 0.637797 0.662405 -27.563144
 1534.000073 0.043972 0.625754 0.628512 -23.423563
 1535.000073 -0.065090 0.638183 0.659529 -24.384857
 1536.000073 -0.146722 0.575093 0.655061 -24.719581
 1537.000073 0.214398 0.620286 0.651806 -22.081822
 1538.000073 -0.662456 0.591381 0.664202 -29.824445
 1539.000073 -0.260924 0.649528 0.727336 -26.223916
 1540.000073 -0.186959 0.657378 0.672385 -25.034852
 1541.000073 -0.094436 0.614618 0.645837 -24.074460
 1542.000073 0.286481 0.678835 0.674497 -21.975546
 1543.000073 -0.516356 0.644666 0.656463 -29.882895
 1544.000073 0.117993 0.615732 0.674249 -22.279176
 1545.000073 -0.138059 0.656489 0.688922 -24.121097
 1546.000073 -0.396123 0.606303 0.645407 -28.663260
 1547.000073 -0.260533 0.664848 0.642592 -25.826435
 1548.000074 -0.740651 0.571215 0.667731 -29.629565
 1549.000074 -0.810168 0.592923 0.654153 -29.088798
 1550.000074 -0.773339 0.561188 0.667589 -29.021336
 1551.000074 -0.403830 0.664508 0.704714 -28.592057
 1552.000074 0.300960 0.665804 0.681805 -21.847978
 1553.000074 0.408268 0.593181 0.654981 -21.567048
 1554.000074 -0.026853 0.677319 0.655225 -23.862994
 1555.000074 0.164563 0.667397 0.664732 -21.922318
 1556.000074 -0.688272 0.613480 0.680177 -29.457763
 1557.000074 -0.805497 0.615687 0.636335 -28.691857
 1558.000074 -0.583290 0.650103 0.642006 -29.314657
 1559.000074 -0.059417 0.650400 0.693031 -23.679062
 1560.000074 -0.750914 0.682225 0.625606 -28.690613
 1561.000074 -0.262742 0.615621 0.673491 -25.628329
 1562.000074 0.039964 0.646942 0.686570 -22.998854
 1563.000074 0.011599 0.598899 0.661889 -23.101380
 1564.000074 -0.353136 0.658517 0.685945 -27.121650
 1565.000074 -0.138799 0.707243 0.742746 -23.761183
 1566.000074 0.379861 0.676944 0.679152 -21.739745
 1567.000074 0.430290 0.611916 0.651907 -20.877955
 1568.000074 0.605065 0.642890 0.697522 -14.662962
 1569.000075 0.400333 0.630376 0.639888 -21.139085
 1570.000075 -0.091424 0.648818 0.709604 -23.246441
 1571.000075 0.502530 0.687290 0.685205 -18.677327
 1572.000075 0.344795 0.629402 0.737984 -21.465603
 1573.000075 -0.483087 0.685882 0.659549 -29.476515
 1574.000075 -0.847981 0.601619 0.651071 -27.870529
 1575.000075 -0.853083 0.576363 0.666710 -27.509530
 1576.000075 -0.391568 0.587741 0.681029 -27.749834
 1577.000075 -0.493116 0.723679 0.770559 -29.136018
 1578.000075 -0.300351 0.665280 0.766082 -25.763143
 1579.000075 -0.350678 0.659666 0.650872 -26.442312
 1580.000075 -0.287999 0.672389 0.750827 -25.295521
 1581.000075 -0.006237 0.659529 0.749385 -22.953734
 1582.000075 -0.178210 0.671768 0.778028 -23.990541
 1583.000075 -0.513260 0.720656 0.732124 -28.936875
 1584.000075 0.322984 0.707252 0.774098 -21.323372
 1585.000075 -0.260165 0.709462 0.779535 -24.848521
 1586.000075 -0.201149 0.701420 0.726965 -24.084065
 1587.000075 -0.618819 0.688028 0.731127 -28.972545
 1588.000075 -0.595888 0.657144 0.726981 -28.679039
 1589.000075 0.511171 0.660815 0.750306 -18.190830
 1590.000076 -0.761648 0.648977 0.780298 -28.246315
 1591.000076 0.121325 0.621371 0.669597 -21.826102
 1592.000076 -0.538967 0.664278 0.687093 -28.461916
 1593.000076 -0.368758 0.657302 0.778813 -26.419913
 1594.000076 0.342380 0.643155 0.716286 -21.117692
 1595.000076 0.476492 0.615248 0.686757 -19.140355
 1596.000076 0.375477 0.618820 0.719564 -20.750605
 1597.000076 -0.522962 0.666162 0.782489 -28.300154
 1598.000076 -0.907801 0.488880 0.619686 -24.741046
 1599.000076 -0.799605 0.640163 0.722140 -27.723414
 1600.000076 -0.973924 0.618374 0.671348 -19.887996
 1601.000076 -0.902278 0.623378 0.678207 -24.276652
 1602.000076 -0.945726 0.587787 0.697700 -21.563933
 1603.000076 -0.870443 0.531447 0.619339 -25.244693
 1604.000076 -0.904450 0.579616 0.601831 -23.526993
 1605.000076 -1.213591 0.564478 0.649338 -5.335458
 1606.000076 -0.920018 0.638185 0.650589 -22.593790
 1607.000076 -1.062148 0.617445 0.659470 -14.163992
 1608.000076 -1.040422 0.601814 0.660682 -15.170774
 1609.000076 -0.814979 0.625987 0.724093 -26.495823
 1610.000076 -1.642843 0.598284 0.684089 4.832557
 1611.000077 -0.942389 0.562744 0.655123 -20.830825
 1612.000077 -0.923455 0.599274 0.673526 -21.639660
 1613.000077 -0.798121 0.636082 0.722179 -26.572104
 1614.000077 -1.390997 0.528497 0.637304 0.860526
 1615.000077 -0.785517 0.628679 0.713095 -26.687324
 1616.000077 -0.503666 0.620730 0.702330 -28.164799
 1617.000077 -0.135246 0.695211 0.732695 -23.179886
 1618.000077 -0.065594 0.630012 0.753041 -22.871937
 1619.000077 0.207160 0.684189 0.745385 -21.582271
 1620.000077 -0.738802 0.654034 0.696433 -27.506433
 1621.000077 -0.499238 0.660844 0.734035 -27.941154
 1622.000077 -0.683019 0.609089 0.711082 -28.340532
 1623.000077 -0.407326 0.591314 0.698773 -27.064668
 1624.000077 -0.393459 0.694243 0.755589 -26.590879
 1625.000077 -0.624453 0.679569 0.726711 -28.188770
 1626.000077 -0.097210 0.637944 0.721202 -22.632923
 1627.000077 -0.644621 0.665050 0.719629 -28.028942
 1628.000077 -0.541591 0.638963 0.743414 -27.605626
 1629.000077 0.225323 0.640957 0.727312 -21.355649
 1630.000077 -0.411180 0.651702 0.726655 -26.702300
 1631.000077 0.245935 0.713807 0.730323 -21.113055
 1632.000078 -0.030616 0.625591 0.676600 -22.630031
 1633.000078 0.411775 0.675841 0.752203 -20.200569
 1634.000078 0.063206 0.655091 0.715430 -22.153241
 1635.000078 -0.719735 0.645232 0.716790 -27.435367
 1636.000078 -0.367964 0.676566 0.725919 -25.767191
 1637.000078 -0.271527 0.683808 0.705203 -24.520467
 1638.000078 0.033076 0.656529 0.710993 -22.136494
 1639.000078 -0.088831 0.618344 0.675462 -22.284772
 1640.000078 0.084998 0.620366 0.692263 -21.564395
 1641.000078 0.281494 0.679710 0.729942 -20.782905
 1642.000078 -0.485870 0.693552 0.718006 -27.256099
 1643.000078 -0.530067 0.663621 0.753684 -27.123790
 1644.000078 -0.716587 0.608907 0.630968 -27.234944
 1645.000078 0.116868 0.672882 0.737329 -21.213166
 1646.000078 -0.482501 0.680781 0.730433 -26.853561
 1647.000078 -0.625295 0.648476 0.784953 -27.503163
 1648.000078 -0.679191 0.624633 0.725934 -27.274357
 1649.000078 -0.261669 0.671445 0.720707 -24.249263
 1650.000078 0.191122 0.679361 0.752086 -20.949341
 1651.000078 -0.365897 0.670764 0.749171 -25.358588
 1652.000078 0.204289 0.630899 0.784927 -20.715068
 1653.000079 0.094894 0.637408 0.703980 -21.072356
 1654.000079 0.306281 0.590187 0.742283 -20.497938
 1655.000079 0.057834 0.606256 0.757101 -21.287085
 1656.000079 0.137775 0.582914 0.649833 -20.621813
 1657.000079 0.471392 0.585243 0.656231 -18.997820
 1658.000079 0.464773 0.584898 0.638103 -18.955379
 1659.000079 -0.175080 0.611896 0.697739 -23.109464
 1660.000079 0.569605 0.596444 0.684463 -15.815983
 1661.000079 -0.068455 0.655094 0.715943 -22.028674
 1662.000079 -0.532049 0.565578 0.726905 -26.701666
 1663.000079 -0.631607 0.601215 0.722471 -27.078280
 1664.000079 0.055024 0.657987 0.744035 -21.007615
 1665.000079 0.429943 0.625287 0.734323 -19.347899
 1666.000079 0.217437 0.622313 0.720221 -20.390828
 1667.000079 0.334863 0.637510 0.666210 -20.225148
 1668.000079 0.155337 0.657322 0.697364 -20.315293
 1669.000079 0.064694 0.648407 0.656442 -20.629166
 1670.000079 1.151716 0.566697 0.678382 2.956072
 1671.000079 0.246925 0.655809 0.657759 -20.128820
 1672.000079 -0.660795 0.704824 0.674625 -26.897343
 1673.000079 0.464116 0.618920 0.660300 -18.582941
 1674.000080 -0.211242 0.660300 0.654620 -23.437618
 1675.000080 -0.237138 0.669733 0.714054 -23.546980
 1676.000080 -0.508289 0.673150 0.710664 -26.441043
 1677.000080 -0.414440 0.648259 0.669718 -25.862136
 1678.000080 -0.002492 0.717152 0.641115 -21.309345
 1679.000080 -0.117948 0.674587 0.681447 -21.976813
 1680.000080 0.309541 0.623669 0.668969 -19.993424
 1681.000080 0.009574 0.653722 0.666480 -20.968525
 1682.000080 -0.403042 0.632357 0.645733 -25.513173
 1683.000080 -0.205230 0.654173 0.667049 -22.927134
 1684.000080 0.238563 0.657269 0.641463 -19.866192
 1685.000080 -0.109731 0.676229 0.647832 -21.684853
 1686.000080 0.260721 0.589452 0.653632 -19.676253
 1687.000080 0.256532 0.640446 0.679863 -19.472536
 1688.000080 -0.012392 0.685598 0.639129 -21.020350
 1689.000080 -0.214501 0.663436 0.603623 -22.806799
 1690.000080 0.156950 0.693279 0.708908 -19.894744
 1691.000080 0.327629 0.644049 0.629579 -19.616668
 1692.000080 0.552625 0.656667 0.662776 -16.179453
 1693.000080 0.516091 0.580565 0.662845 -17.035281
 1694.000080 0.276382 0.620644 0.686984 -19.210346
 1695.000081 0.289645 0.656931 0.662205 -19.056293
 1696.000081 0.350532 0.613653 0.721876 -19.333337
 1697.000081 0.121985 0.609789 0.682660 -19.837474
 1698.000081 0.430813 0.660655 0.720580 -18.723197
 1699.000081 0.398185 0.644058 0.752982 -18.974699
 1700.000081 0.380220 0.650040 0.726343 -18.922778
 1701.000081 0.040669 0.559389 0.676751 -20.266949
 1702.000081 0.287018 0.602198 0.690658 -18.719764
 1703.000081 0.213325 0.691114 0.739945 -19.058949
 1704.000081 0.176048 0.647076 0.731280 -19.252824
 1705.000081 0.365687 0.682103 0.743989 -18.712136
 1706.000081 0.284455 0.617903 0.683957 -18.419354
 1707.000081 0.455189 0.634415 0.734091 -17.970870
 1708.000081 0.616936 0.614560 0.774469 -13.861409
 1709.000081 0.475824 0.620615 0.688917 -17.498960
 1710.000081 0.629575 0.580311 0.685809 -13.242950
 1711.000081 0.900496 0.626621 0.699108 -2.786884
 1712.000081 0.683920 0.618631 0.661318 -11.025394
 1713.000081 0.513526 0.541084 0.649949 -16.590144
 1714.000081 0.606856 0.634553 0.704568 -13.776978
 1715.000081 1.110935 0.541636 0.640493 2.313251
 1716.000082 1.375402 0.498581 0.576358 4.933116
 1717.000082 1.113831 0.548227 0.597356 2.438576
 1718.000082 0.667032 0.471848 0.578818 -11.584544
 1719.000082 0.067192 0.594400 0.703178 -19.848708
 1720.000082 0.375874 0.602579 0.673314 -18.368866
 1721.000082 0.485338 0.598840 0.721635 -16.969182
 1722.000082 0.391887 0.571248 0.657153 -18.061086
 1723.000082 0.232427 0.624979 0.705787 -18.523170
 1724.000082 0.452842 0.623025 0.647074 -17.270271
 1725.000082 0.551728 0.635793 0.725209 -15.155587
 1726.000082 0.596044 0.633088 0.756609 -13.701685
 1727.000082 0.140217 0.709615 0.796098 -19.149140
 1728.000082 0.820501 0.611045 0.695862 -5.409847
 1729.000082 0.307095 0.623031 0.734441 -18.064633
 1730.000082 0.212066 0.602183 0.685471 -18.411132
 1731.000082 0.148843 0.650688 0.684677 -18.825783
 1732.000082 0.238582 0.640923 0.682426 -18.004971
 1733.000082 0.499464 0.624827 0.708830 -16.148663
 1734.000082 0.339413 0.680963 0.756872 -17.872997
 1735.000082 -0.548784 0.605005 0.732912 -26.341930
 1736.000082 0.004132 0.631389 0.704093 -20.285334
 1737.000083 -0.142427 0.680436 0.681010 -21.745462
 1738.000083 -0.026480 0.670216 0.720306 -20.547926
 1739.000083 0.340628 0.615526 0.695914 -17.692798
 1740.000083 -0.870466 0.584513 0.703833 -23.488853
 1741.000083 -0.551348 0.690809 0.726377 -26.103623
 1742.000083 -0.083945 0.687183 0.705578 -20.912157
 1743.000083 -0.457949 0.636512 0.756565 -25.792114
 1744.000083 0.684789 0.593522 0.670253 -10.519248
 1745.000083 2.313124 0.627173 0.658602 -27.286137
 1746.000083 2.051713 0.526461 0.603681 -12.792753
 1747.000083 2.008517 0.525062 0.583003 -10.487402
 1748.000083 2.376395 0.569778 0.594785 -30.264700
 1749.000083 1.723682 0.522298 0.647419 -0.010694
 1750.000083 1.511141 0.534330 0.603958 4.371542
 1751.000083 1.331779 0.567416 0.610200 4.443712
 1752.000083 2.035467 0.536659 0.600709 -11.795771
 1753.000083 1.941077 0.559437 0.623820 -7.756830
 1754.000083 1.865010 0.576989 0.623680 -4.787141
 1755.000083 1.656256 0.529665 0.658232 1.361712
 1756.000083 1.155640 0.544158 0.615970 3.044458
 1757.000083 1.225535 0.559186 0.628903 3.725413
 1758.000084 1.901834 0.607030 0.637175 -6.016248
 1759.000084 2.144271 0.563186 0.545956 -18.216562
 1760.000084 1.694481 0.555977 0.666453 0.590700
 1761.000084 1.671104 0.543757 0.654237 1.169211
 1762.000084 0.875142 0.483052 0.556661 -3.757368
 1763.000084 1.967512 0.485737 0.558626 -8.439531
 1764.000084 2.060133 0.498345 0.560347 -12.676870
 1765.000084 2.223370 0.580066 0.604340 -22.360811
 1766.000084 1.226619 0.564311 0.611144 3.759559
 1767.000084 1.027039 0.489200 0.526142 0.496095
 1768.000084 1.869067 0.526379 0.585226 -4.836432
 1769.000084 1.416284 0.508324 0.548731 5.020966
 1770.000084 1.746588 0.554186 0.578882 -0.464668
 1771.000084 1.788866 0.556257 0.594055 -1.730983
 1772.000084 1.647201 0.554703 0.602344 1.680174
 1773.000084 1.273823 0.593434 0.660119 4.021462
 1774.000084 1.892010 0.549072 0.603628 -5.356754
 1775.000084 1.311486 0.542423 0.578797 4.331915
 1776.000084 2.228382 0.533946 0.555585 -22.513639
 1777.000084 1.307618 0.493139 0.588126 4.377026
 1778.000084 1.694060 0.566490 0.557773 0.901669
 1779.000084 1.882777 0.538015 0.586259 -4.967249
 1780.000085 1.726979 0.549732 0.572944 0.306155
 1781.000085 2.200277 0.522799 0.617948 -20.924336
 1782.000085 1.061881 0.545495 0.587637 1.284114
 1783.000085 0.703727 0.647813 0.627414 -10.058161
 1784.000085 0.774580 0.533940 0.545610 -7.092408
 1785.000085 1.284900 0.590530 0.626157 4.318885
 1786.000085 0.861215 0.555439 0.613373 -4.214433
 1787.000085 0.733829 0.547995 0.593002 -8.504791
 1788.000085 1.380301 0.493047 0.561175 4.987641
 1789.000085 1.502106 0.485989 0.550457 4.332205
 1790.000085 1.088798 0.546401 0.571362 1.929867
 1791.000085 0.696069 0.506236 0.644379 -9.966103
 1792.000085 1.294999 0.507534 0.645153 4.468940
 1793.000085 1.149006 0.507321 0.563542 3.063662
 1794.000085 1.145991 0.513002 0.614666 3.099086
 1795.000085 0.693025 0.512938 0.549007 -9.990630
 1796.000085 1.183297 0.501583 0.564624 3.624594
 1797.000085 0.968245 0.496921 0.625676 -0.765213
 1798.000085 1.056905 0.529787 0.582715 1.466928
 1799.000085 1.300315 0.506333 0.599969 4.562987
 1800.000085 1.641327 0.535378 0.599404 1.808652
 1801.000086 1.259152 0.519440 0.566026 4.349949
 1802.000086 1.197242 0.466879 0.559898 3.894262
 1803.000086 0.970890 0.542052 0.565790 -0.536359
 1804.000086 0.986801 0.513322 0.558967 -0.031745
 1805.000086 1.458331 0.559222 0.561180 4.879107
 1806.000086 0.734631 0.529703 0.559457 -8.390461
 1807.000086 1.528147 0.531383 0.570859 3.877229
 1808.000086 1.326049 0.518633 0.538669 4.775998
 1809.000086 1.480139 0.501808 0.568637 4.733497
 1810.000086 0.825707 0.519572 0.544959 -5.082204
 1811.000086 1.047257 0.490898 0.597907 1.494898
 1812.000086 0.907570 0.512788 0.540807 -2.241987
 1813.000086 0.972003 0.522958 0.595468 -0.057909
 1814.000086 0.922008 0.483581 0.564403 -1.495282
 1815.000086 0.851488 0.500762 0.588878 -3.777605
 1816.000086 1.806337 0.504544 0.562746 -2.070618
 1817.000086 0.989478 0.538698 0.597542 0.483558
 1818.000086 1.655707 0.521564 0.635654 1.858705
 1819.000086 0.788531 0.502671 0.582786 -5.862811
 1820.000086 2.007865 0.518420 0.591059 -9.907988
 1821.000086 0.941447 0.480984 0.544352 -0.656832
 1822.000087 1.534599 0.523577 0.627258 4.119390
 1823.000087 0.976442 0.481567 0.546964 0.326601
 1824.000087 1.788075 0.517314 0.571956 -1.312996
 1825.000087 1.447126 0.535010 0.612773 5.366895
 1826.000087 1.108224 0.556672 0.577973 2.762225
 1827.000087 1.038396 0.504728 0.614808 1.563235
 1828.000087 0.927702 0.520000 0.562077 -0.844440
 1829.000087 1.877924 0.504305 0.548651 -4.452439
 1830.000087 1.884602 0.490140 0.532968 -4.572937
 1831.000087 1.120116 0.507990 0.559914 3.056757
 1832.000087 1.685116 0.544412 0.585587 1.413792
 1833.000087 1.999069 0.496804 0.568484 -9.332485
 1834.000087 1.872055 0.535630 0.605667 -4.079699
 1835.000087 0.831286 0.515480 0.556956 -4.044894
 1836.000087 1.531244 0.587838 0.579674 4.277907
 1837.000087 2.005316 0.505729 0.563869 -9.529602
 1838.000087 0.660924 0.566530 0.563478 -11.045172
 1839.000087 1.473777 0.506186 0.558605 5.226844
 1840.000087 2.045682 0.497119 0.573849 -11.543823
 1841.000087 1.709153 0.529446 0.611717 0.998292
 1842.000087 1.849944 0.526226 0.576047 -3.316647
 1843.000088 2.179467 0.525032 0.539413 -19.796067
 1844.000088 2.087897 0.487167 0.591171 -13.751236
 1845.000088 2.451177 0.599229 0.618029 -33.188939
 1846.000088 2.070575 0.536121 0.574962 -12.655775
 1847.000088 2.173630 0.602259 0.593277 -18.628898
 1848.000088 1.910441 0.559690 0.582931 -5.132302
 1849.000088 2.345302 0.537225 0.574640 -29.651413
 1850.000088 1.815939 0.585974 0.561558 -2.093936
 1851.000088 1.861525 0.540839 0.563290 -3.411807
 1852.000088 1.850372 0.509212 0.572040 -2.979724
 1853.000088 1.242979 0.508697 0.534790 4.375254
 1854.000088 1.735279 0.552929 0.586999 0.483659
 1855.000088 1.340629 0.543517 0.540870 5.006761
 1856.000088 1.727412 0.538741 0.585074 0.739837
 1857.000088 2.048623 0.571004 0.571703 -11.425525
 1858.000088 2.343309 0.560442 0.556617 -29.341843
 1859.000088 1.549411 0.532945 0.584147 4.034440
 1860.000088 2.170410 0.555085 0.577030 -18.178545
 1861.000088 1.619731 0.514619 0.592787 2.793876
 1862.000088 2.008392 0.578151 0.588880 -9.331266
 1863.000088 2.032676 0.507624 0.554455 -10.371121
 1864.000089 1.128523 0.517488 0.564786 3.190140
 1865.000089 1.760491 0.560292 0.587098 -0.042452
 1866.000089 1.853893 0.559449 0.585477 -2.909419
 1867.000089 1.416350 0.571253 0.558190 5.455330
 1868.000089 1.345136 0.598666 0.574517 5.106897
 1869.000089 2.015684 0.532770 0.615833 -9.502986
 1870.000089 1.951331 0.510296 0.593367 -6.380287
 1871.000089 1.659025 0.545533 0.540867 2.111556
 1872.000089 1.544161 0.548502 0.549283 4.210263
 1873.000089 1.668368 0.543340 0.621657 2.067179
 1874.000089 1.861174 0.523362 0.543071 -3.063080
 1875.000089 2.050540 0.530091 0.558179 -10.790593
 1876.000089 2.524242 0.639762 0.588482 -35.166811
 1877.000089 2.161921 0.514233 0.559472 -17.263430
 1878.000089 1.123547 0.524654 0.546758 3.135246
 1879.000089 1.263917 0.512389 0.568715 4.550691
 1880.000089 1.703812 0.571036 0.585349 1.486835
 1881.000089 1.937357 0.579165 0.608554 -5.595472
 1882.000089 2.011613 0.586832 0.587029 -8.822494
 1883.000089 2.298513 0.640026 0.604192 -26.036807
 1884.000089 2.237133 0.608582 0.672969 -21.497035
 1885.000090 1.435933 0.608597 0.591981 5.532336
 1886.000090 1.739369 0.541533 0.559349 0.804883
 1887.000090 1.737456 0.562608 0.545186 0.940064
 1888.000090 1.704120 0.531077 0.578499 1.694041
 1889.000090 1.823644 0.539183 0.570776 -1.704298
 1890.000090 2.192179 0.536172 0.586799 -18.894379
 1891.000090 1.146381 0.498724 0.596668 3.530692
 1892.000090 1.434974 0.546528 0.568574 5.579693
 1893.000090 1.662243 0.546076 0.602700 2.359626
 1894.000090 1.096728 0.532331 0.570805 2.802116
 1895.000090 0.915395 0.544531 0.546760 -1.305910
 1896.000090 1.117479 0.494195 0.543823 3.236856
 1897.000090 1.240029 0.541510 0.599389 4.413397
 1898.000090 1.638898 0.558791 0.578632 2.748693
 1899.000090 1.523076 0.514751 0.538313 4.654868
 1900.000090 1.750113 0.631585 0.596762 0.825060
 1901.000090 0.976415 0.524196 0.596159 0.350927
 1902.000090 0.511990 0.492654 0.553139 -16.287409
 1903.000090 1.902491 0.548974 0.598770 -4.151058
 1904.000090 1.438216 0.517741 0.561032 5.601858
 1905.000090 1.740687 0.512308 0.593236 1.153090
 1906.000091 1.207226 0.541573 0.566602 4.201147
 1907.000091 1.165418 0.516148 0.604840 3.903755
 1908.000091 1.579471 0.512522 0.578019 3.761583
 1909.000091 1.822504 0.548616 0.598916 -1.500046
 1910.000091 1.845927 0.533413 0.578315 -2.181561
 1911.000091 1.182883 0.496092 0.530497 4.125606
 1912.000091 0.969462 0.525628 0.544842 0.228458
 1913.000091 1.083921 0.509446 0.498719 2.729969
 1914.000091 1.566114 0.526821 0.571130 4.027923
 1915.000091 1.630373 0.562201 0.596518 3.077814
 1916.000091 1.141945 0.531015 0.559294 3.797975
 1917.000091 1.985921 0.546711 0.572697 -7.599812
 1918.000091 1.014761 0.545168 0.555407 1.268608
 1919.000091 1.800262 0.524000 0.585431 -0.649663
 1920.000091 1.181995 0.511957 0.604482 4.222141
 1921.000091 2.276620 0.536066 0.556411 -23.671692
 1922.000091 0.694128 0.539319 0.581944 -10.063598
 1923.000091 1.260290 0.508567 0.591586 4.637218
 1924.000091 1.815112 0.507041 0.580578 -1.068045
 1925.000091 2.844875 0.598546 0.631228 -32.620241
 1926.000091 -2.383216 0.553908 0.648916 -11.899965
 1927.000092 -1.320712 0.565971 0.597387 -1.283100
 1928.000092 -1.948748 0.524063 0.600452 2.357327
 1929.000092 -2.307970 0.484677 0.537398 -9.909105
 1930.000092 -1.551314 0.512212 0.553468 3.179974
 1931.000092 -2.290672 0.486989 0.587989 -9.363289
 1932.000092 -1.689734 0.577106 0.615229 4.408875
 1933.000092 -1.040130 0.497944 0.562480 -15.770185
 1934.000092 -2.465037 0.571111 0.628077 -14.058491
 1935.000092 -2.159627 0.503183 0.570942 -4.501869
 1936.000092 -1.612966 0.595413 0.578784 4.028890
 1937.000092 -1.523440 0.547382 0.607828 2.798342
 1938.000092 -2.212915 0.475906 0.599160 -6.847939
 1939.000092 -2.665353 0.575700 0.605981 -18.399524
 1940.000092 -2.362678 0.536510 0.599997 -11.099239
 1941.000092 -1.681787 0.515171 0.559180 4.482399
 1942.000092 -1.898248 0.488761 0.540225 3.102043
 1943.000092 -2.109642 0.560257 0.556877 -2.191164
 1944.000092 -1.961796 0.513228 0.584366 2.216978
 1945.000092 -2.018040 0.592635 0.595530 1.052854
 1946.000092 -1.782304 0.506487 0.567626 4.196100
 1947.000092 -0.835218 0.566585 0.600738 -25.422501
 1948.000093 -2.455472 0.562803 0.592255 -13.671605
 1949.000093 2.855303 0.610633 0.666151 -32.214262
 1950.000093 2.662892 0.554267 0.611464 -36.778996
 1951.000093 -3.134276 0.613326 0.628278 -25.934920
 1952.000093 -2.657646 0.556753 0.585690 -18.255246
 1953.000093 -0.982213 0.533705 0.572771 -18.774084
 1954.000093 -3.042134 0.491032 0.529790 -23.707908
 1955.000093 -2.264330 0.546077 0.567413 -8.423160
 1956.000093 -1.610225 0.548975 0.582002 4.097962
 1957.000093 -2.289763 0.521239 0.558578 -8.994311
 1958.000093 -2.555231 0.549027 0.577715 -16.349790
 1959.000093 -1.634901 0.514055 0.559413 4.381344
 1960.000093 -1.930892 0.548334 0.566734 2.779245
 1961.000093 -1.663876 0.592222 0.570209 4.571249
 1962.000093 -2.335657 0.551258 0.613429 -10.125471
 1963.000093 -2.012296 0.543067 0.567381 1.318180
 1964.000093 -1.653925 0.521539 0.545768 4.597516
 1965.000093 -3.066996 0.588685 0.622116 -24.165004
 1966.000093 2.660284 0.587186 0.597653 -36.614475
 1967.000093 2.497476 0.554162 0.573488 -34.493967
 1968.000093 2.316887 0.490378 0.513183 -26.518777
 1969.000094 2.252999 0.543219 0.536239 -22.170929
 1970.000094 1.040792 0.494717 0.565984 1.761830
 1971.000094 1.114435 0.524128 0.532072 3.393243
 1972.000094 1.155095 0.496561 0.530626 3.997496
 1973.000094 0.910567 0.546500 0.570874 -1.427530
 1974.000094 0.675009 0.506515 0.517635 -10.828298
 1975.000094 1.236704 0.548909 0.614640 4.505183
 1976.000094 1.353900 0.497926 0.551291 5.012119
 1977.000094 1.448685 0.515240 0.540471 5.392225
 1978.000094 0.629473 0.503488 0.590159 -12.317073
 1979.000094 0.593438 0.538932 0.539627 -13.567365
 1980.000094 0.562177 0.515787 0.556285 -14.621278
 1981.000094 0.961730 0.517230 0.535428 0.108211
 1982.000094 1.199888 0.492988 0.542229 4.390958
 1983.000094 1.786047 0.483501 0.585768 -0.255165
 1984.000094 1.100931 0.532766 0.530166 3.251024
 1985.000094 2.448573 0.537868 0.545401 -32.953453
 1986.000094 2.263478 0.532719 0.538831 -22.662778
 1987.000094 2.701755 0.573677 0.614093 -35.842302
 1988.000094 -2.920641 0.557893 0.648489 -21.765638
 1989.000094 2.743707 0.641346 0.590307 -34.832941
 1990.000095 2.959355 0.617313 0.640399 -29.745687
 1991.000095 2.622943 0.640643 0.600761 -36.576628
 1992.000095 2.879324 0.582745 0.572562 -31.391221
 1993.000095 2.955081 0.636842 0.586330 -29.566271
 1994.000095 2.643400 0.604089 0.635142 -36.181931
 1995.000095 2.790883 0.640773 0.595379 -33.440310
 1996.000095 -2.701359 0.596069 0.592970 -18.440832
 1997.000095 -3.136404 0.626463 0.653163 -25.711912
 1998.000095 2.983801 0.627596 0.648368 -28.895261
 1999.000095 2.505292 0.621521 0.611870 -34.308386
 2000.000095 2.991468 0.627656 0.648108 -28.573402
 2001.000095 2.965564 0.585909 0.611309 -28.818617
 2002.000095 2.708295 0.661429 0.641176 -35.057488
 2003.000095 2.778213 0.614286 0.645137 -33.541693
 2004.000095 -2.668979 0.564379 0.634478 -18.148226
 2005.000095 -2.201126 0.547827 0.529711 -6.220550
 2006.000095 -1.167686 0.472512 0.521030 -8.862602
 2007.000095 -2.130173 0.602182 0.637800 -2.976735
 2008.000095 -1.701214 0.540813 0.591593 4.645067
 2009.000095 -2.476341 0.489729 0.569130 -14.217892
 2010.000095 -1.014007 0.489393 0.510665 -17.100231
 2011.000096 -2.414850 0.524580 0.561347 -12.324462
 2012.000096 -1.522715 0.502290 0.523274 2.771511
 2013.000096 -1.531131 0.555522 0.556554 3.005978
 2014.000096 -2.173809 0.604832 0.596106 -4.821083
 2015.000096 -1.477839 0.508195 0.533054 1.945906
 2016.000096 -1.645605 0.511322 0.540853 4.633163
 2017.000096 -2.132890 0.521371 0.547541 -2.994189
 2018.000096 -1.526886 0.481689 0.546525 3.041487
 2019.000096 -1.308796 0.522264 0.545532 -1.756075
 2020.000096 -1.333955 0.517384 0.555195 -0.967957
 2021.000096 -2.054713 0.477422 0.546900 0.073592
 2022.000096 -1.920461 0.506690 0.553508 2.907952
 2023.000096 -2.018346 0.495399 0.514293 1.232745
 2024.000096 -2.218653 0.556537 0.590548 -6.528832
 2025.000096 -1.677921 0.577882 0.546826 4.755100
 2026.000096 -2.594721 0.572545 0.578594 -17.241938
 2027.000096 -1.800651 0.524548 0.551927 3.994948
 2028.000096 2.814999 0.611924 0.663152 -32.571894
 2029.000096 -2.419706 0.558689 0.624018 -12.415700
 2030.000096 2.905204 0.644717 0.627355 -30.009900
 2031.000096 3.126319 0.584905 0.657516 -26.044703
 2032.000097 2.935168 0.589365 0.601309 -29.158852
 2033.000097 -3.052777 0.661135 0.696850 -23.757655
 2034.000097 2.629226 0.564982 0.628879 -36.044659
 2035.000097 2.569228 0.657604 0.621314 -35.588541
 2036.000097 2.608283 0.588328 0.646071 -35.768815
 2037.000097 3.020298 0.555243 0.606270 -27.900128
 2038.000097 2.552392 0.525381 0.602097 -34.981412
 2039.000097 2.582961 0.609538 0.684946 -35.216501
 2040.000097 2.803212 0.560718 0.649220 -32.564028
 2041.000097 2.599988 0.635587 0.622214 -35.152883
 2042.000097 2.907745 0.584370 0.673011 -29.551882
 2043.000097 2.665202 0.566270 0.598050 -35.088132
 2044.000097 -2.330456 0.522938 0.635488 -9.888711
 2045.000097 -2.884219 0.580975 0.617087 -20.687993
 2046.000097 3.069703 0.606095 0.627710 -26.992674
 2047.000097 -2.630422 0.520919 0.548445 -17.693865
 2048.000097 -2.701929 0.596078 0.642676 -18.157739
 2049.000097 -3.000589 0.633166 0.622327 -22.784238
 2050.000097 -2.929911 0.601198 0.605876 -21.648336
 2051.000097 -2.314683 0.536930 0.567556 -9.359397
 2052.000097 2.857827 0.637041 0.624521 -30.815077
 2053.000098 2.840271 0.536017 0.576277 -31.085491
 2054.000098 -2.980365 0.536415 0.615616 -22.262492
 2055.000098 -2.740734 0.573020 0.616950 -18.313745
 2056.000098 -2.585089 0.546655 0.626291 -16.847754
 2057.000098 -2.746376 0.544726 0.574227 -18.208704
 2058.000098 -2.508025 0.591415 0.608921 -14.858733
 2059.000098 3.019747 0.602763 0.625148 -27.564722
 2060.000098 -2.723310 0.601005 0.706506 -17.956485
 2061.000098 -2.886135 0.580719 0.664800 -20.518802
 2062.000098 -2.436479 0.574284 0.606335 -12.633566
 2063.000098 -2.231927 0.499601 0.621448 -6.924826
 2064.000098 -2.421019 0.583123 0.653094 -12.075803
 2065.000098 -2.833047 0.601957 0.649260 -19.098214
 2066.000098 -3.050919 0.616506 0.708162 -23.322087
 2067.000098 -3.080445 0.629896 0.637551 -23.893877
 2068.000098 -2.602518 0.576678 0.629548 -16.989683
 2069.000098 -2.592147 0.542292 0.637202 -16.682192
 2070.000098 -2.251022 0.531225 0.607750 -7.434551
 2071.000098 -2.643823 0.479881 0.606116 -17.268213
 2072.000098 -2.449375 0.586411 0.639031 -12.741143
 2073.000098 -2.819643 0.589802 0.616538 -18.710157
 2074.000099 3.110541 0.590124 0.626936 -25.958984
 2075.000099 2.704472 0.566273 0.622474 -34.501173
 2076.000099 2.964821 0.558203 0.631313 -28.160200
 2077.000099 -3.119377 0.578418 0.620269 -24.664577
 2078.000099 -2.689591 0.583559 0.666914 -17.497611
 2079.000099 3.121307 0.631223 0.683900 -25.412734
 2080.000099 2.968181 0.629806 0.642680 -27.934025
 2081.000099 -2.650109 0.631177 0.675239 -17.116071
 2082.000099 -2.633521 0.609095 0.665381 -16.882081
 2083.000099 -2.653505 0.576116 0.656180 -16.876375
 2084.000099 3.119682 0.584288 0.615680 -25.290668
 2085.000099 -2.638125 0.660178 0.648234 -16.669097
 2086.000099 -2.521488 0.588609 0.629468 -14.733200
 2087.000099 3.089943 0.568981 0.672099 -25.751807
 2088.000099 -2.899048 0.622302 0.656089 -20.455401
 2089.000099 -2.958080 0.597553 0.610449 -21.601516
 2090.000099 -2.451121 0.582580 0.623691 -12.642970
 2091.000099 -3.102207 0.560057 0.580987 -24.003205
 2092.000099 -2.737939 0.572021 0.616049 -17.579244
 2093.000099 -2.219782 0.497010 0.578502 -6.357972
 2094.000099 -2.463823 0.501174 0.556647 -12.857287
 2095.000100 -2.330344 0.536008 0.588882 -9.473276
 2096.000100 -2.262655 0.450154 0.600139 -7.519570
 2097.000100 -2.442635 0.544525 0.572298 -12.233721
 2098.000100 -2.445944 0.541626 0.557673 -12.201882
 2099.000100 -2.404326 0.474530 0.564881 -11.187903
 2100.000100 -2.074183 0.509740 0.536053 -0.429288
 2101.000100 -1.637424 0.535121 0.595655 4.667247
 2102.000100 -2.760711 0.557412 0.587130 -17.702616
 2103.000100 -2.236548 0.516550 0.542997 -6.755472
 2104.000100 -2.447431 0.447436 0.527634 -12.024177
 2105.000100 -2.512395 0.445600 0.556740 -13.763414
 2106.000100 -1.790436 0.617459 0.637561 4.150656
 2107.000100 -2.028628 0.522806 0.617680 1.034996
 2108.000100 -2.612398 0.499074 0.556064 -16.368788
 2109.000100 -2.401709 0.511652 0.548605 -10.984629
 2110.000100 -2.347359 0.533295 0.604117 -9.654176
 2111.000100 -2.191585 0.552484 0.588500 -5.159857
 2112.000100 -2.522427 0.488236 0.584464 -13.952470
 2113.000100 -2.294256 0.515802 0.596146 -8.079532
 2114.000100 -2.356163 0.478439 0.528024 -9.627124
 2115.000100 -2.275489 0.489133 0.565733 -7.464044
 2116.000101 -1.380744 0.485185 0.538751 0.049477
 2117.000101 -2.435600 0.492870 0.532990 -11.358754
 2118.000101 -2.503787 0.447690 0.517411 -13.083010
 2119.000101 -2.762683 0.460863 0.556396 -17.610401
 2120.000101 -2.682747 0.493902 0.549281 -16.740058
 2121.000101 -2.758329 0.494410 0.521059 -17.397694
 2122.000101 -2.192261 0.472937 0.522536 -5.080515
 2123.000101 -2.293620 0.536139 0.557793 -7.818248
 2124.000101 -1.944601 0.539370 0.572541 2.687506
 2125.000101 -2.523153 0.446745 0.528545 -13.614606
 2126.000101 -2.586586 0.507362 0.555605 -15.552930
 2127.000101 -2.413754 0.482231 0.551938 -10.720023
 2128.000101 -2.565837 0.487052 0.565738 -14.874551
 2129.000101 -2.441321 0.499484 0.565433 -11.155093
 2130.000101 -2.504174 0.476601 0.549395 -12.627344
 2131.000101 -2.122118 0.533977 0.554815 -2.145765
 2132.000101 -2.297227 0.522516 0.608547 -7.796332
 2133.000101 -2.057634 0.498757 0.528679 0.315525
 2134.000101 -2.436564 0.484068 0.507048 -10.932804
 2135.000101 -2.457867 0.466452 0.518618 -11.220908
 2136.000101 -2.543428 0.464844 0.581333 -13.742831
 2137.000102 -2.889099 0.524868 0.556214 -20.031432
 2138.000102 -2.258645 0.461072 0.562209 -6.794336
 2139.000102 -2.121441 0.518249 0.526924 -1.920715
 2140.000102 -2.264205 0.476047 0.519786 -6.804478
 2141.000102 -2.426890 0.472768 0.548760 -10.591999
 2142.000102 -1.868685 0.503414 0.565731 3.486924
 2143.000102 -1.864759 0.507484 0.564029 3.580394
 2144.000102 -2.502069 0.462143 0.556668 -12.105535
 2145.000102 -2.351573 0.442244 0.552208 -9.000259
 2146.000102 -2.146911 0.508389 0.569668 -2.891807
 2147.000102 -1.617117 0.520041 0.608400 4.499135
 2148.000102 -3.082770 0.603930 0.620187 -23.535225
 2149.000102 -2.197564 0.509340 0.538829 -4.822105
 2150.000102 -2.334090 0.538828 0.640015 -8.443308
 2151.000102 -2.581268 0.521746 0.599183 -14.840192
 2152.000102 -2.246644 0.545528 0.674127 -6.180607
 2153.000102 -2.355670 0.524936 0.580228 -8.877040
 2154.000102 -2.869112 0.574203 0.575549 -19.403346
 2155.000102 -2.517015 0.533142 0.612375 -12.481015
 2156.000102 2.696634 0.571277 0.613068 -34.471762
 2157.000102 -3.103851 0.590816 0.628649 -23.741912
 2158.000102 2.906328 0.608428 0.663124 -29.029767
 2159.000103 -2.984011 0.627046 0.606226 -21.812457
 2160.000103 -2.911980 0.616177 0.670001 -20.306899
 2161.000103 -2.956752 0.607778 0.650740 -21.049223
 2162.000103 -2.594584 0.595288 0.601657 -14.994057
 2163.000103 -3.047499 0.625240 0.683196 -22.571742
 2164.000103 -3.015987 0.644591 0.685606 -21.908226
 2165.000103 -3.126807 0.564176 0.682918 -23.875308
 2166.000103 2.497755 0.555264 0.605846 -33.827645
 2167.000103 -2.736549 0.625284 0.620816 -17.100880
 2168.000103 -2.635346 0.554089 0.646999 -15.768624
 2169.000103 3.053368 0.608296 0.599698 -26.284777
 2170.000103 -2.706865 0.546955 0.647285 -16.631113
 2171.000103 -2.536503 0.583287 0.684692 -12.981297
 2172.000103 3.034269 0.611468 0.666695 -26.533389
 2173.000103 -2.972306 0.616989 0.670478 -21.103878
 2174.000103 -2.972038 0.576025 0.666267 -20.965158
 2175.000103 -2.629467 0.579187 0.658963 -15.432516
 2176.000103 -2.664434 0.598396 0.713734 -15.835108
 2177.000103 -2.637903 0.603861 0.668201 -15.360924
 2178.000103 3.111141 0.636401 0.666548 -24.681253
 2179.000103 -2.629560 0.596531 0.652900 -15.125874
 2180.000104 -2.920468 0.585754 0.675397 -20.125713
 2181.000104 -2.459782 0.599122 0.622367 -10.869676
 2182.000104 -2.799186 0.571071 0.611494 -17.692597
 2183.000104 -3.026842 0.578988 0.658947 -21.693830
 2184.000104 -2.621900 0.619738 0.610398 -14.901457
 2185.000104 2.963252 0.662986 0.671131 -27.608317
 2186.000104 2.730811 0.607443 0.638094 -33.770961
 2187.000104 2.707138 0.560304 0.636926 -33.944577
 2188.000104 -2.786686 0.613386 0.610432 -17.348600
 2189.000104 -2.549611 0.599404 0.705667 -13.171468
 2190.000104 -2.914273 0.578830 0.665718 -19.844989
 2191.000104 -2.542200 0.589134 0.694719 -12.837181
 2192.000104 -2.429948 0.661852 0.695761 -10.269639
 2193.000104 -1.646930 0.549363 0.605435 4.803532
 2194.000104 -1.197265 0.567072 0.658130 -7.004274
 2195.000104 -2.222065 0.481110 0.592962 -5.506010
 2196.000104 -2.357905 0.617791 0.752375 -8.858366
 2197.000104 -2.934946 0.625405 0.710263 -20.033811
 2198.000104 2.706902 0.629357 0.710561 -33.809233
 2199.000104 -2.818879 0.595147 0.627961 -17.845847
 2200.000104 -2.626051 0.571732 0.636662 -14.747947
 2201.000105 -2.692183 0.580820 0.634719 -15.765066
 2202.000105 -1.854514 0.592418 0.679975 3.661609
 2203.000105 -2.337877 0.584902 0.648466 -8.283090
 2204.000105 -2.952513 0.619005 0.666769 -20.148609
 2205.000105 -3.048384 0.628701 0.679667 -21.970625
 2206.000105 -2.740953 0.573085 0.623885 -16.518500
 2207.000105 -2.786854 0.521270 0.655097 -17.047414
 2208.000105 -1.786641 0.495189 0.567807 4.217132
 2209.000105 -1.744108 0.529724 0.602671 4.572913
 2210.000105 -2.531175 0.500695 0.619764 -12.432829
 2211.000105 -2.065991 0.521799 0.571684 0.052919
 2212.000105 -1.444189 0.497028 0.571858 1.174025
 2213.000105 -1.774535 0.512126 0.586863 4.419086
 2214.000105 -1.878466 0.512421 0.585292 3.547224
 2215.000105 -1.353834 0.572246 0.571627 -0.458910
 2216.000105 -1.714907 0.518915 0.582477 4.788489
 2217.000105 -1.991160 0.525246 0.639463 1.949831
 2218.000105 -1.432722 0.538277 0.604443 1.013624
 2219.000105 -2.000666 0.494831 0.535588 1.822260
 2220.000105 -1.961588 0.503396 0.558846 2.577656
 2221.000105 -2.038312 0.475801 0.587189 1.051562
 2222.000106 -2.063728 0.513258 0.611163 0.389277
 2223.000106 -1.933006 0.483051 0.553437 3.028007
 2224.000106 -1.914110 0.490799 0.606751 3.301222
 2225.000106 -2.676382 0.570142 0.671675 -15.396084
 2226.000106 2.533010 0.532569 0.599005 -34.222679
 2227.000106 2.633527 0.484545 0.560624 -34.683536
 2228.000106 -2.746439 0.450305 0.558840 -16.418187
 2229.000106 -2.333813 0.490318 0.580614 -8.172822
 2230.000106 -1.863051 0.500771 0.560767 3.772588
 2231.000106 -1.585224 0.539941 0.668616 4.029530
 2232.000106 -2.364558 0.580090 0.628600 -8.805010
 2233.000106 -2.835178 0.490176 0.608384 -17.943242
 2234.000106 -2.407476 0.524813 0.546059 -9.651837
 2235.000106 -2.145049 0.544006 0.591835 -2.661430
 2236.000106 -2.585024 0.476407 0.564503 -13.833439
 2237.000106 -2.910236 0.497390 0.616434 -19.475533
 2238.000106 -2.681492 0.530708 0.580825 -15.322034
 2239.000106 -2.697872 0.540760 0.623891 -15.475537
 2240.000106 -2.446707 0.530942 0.606925 -10.309936
 2241.000106 -2.275287 0.530955 0.589618 -6.748612
 2242.000106 -2.365227 0.538758 0.627934 -8.625825
 2243.000107 -2.169307 0.525414 0.584316 -3.601842
 2244.000107 -1.287118 0.542008 0.551438 -2.410451
 2245.000107 -2.517637 0.616422 0.645466 -11.889632
 2246.000107 -2.202347 0.529719 0.598231 -4.757951
 2247.000107 -2.173333 0.557503 0.645044 -3.633308
 2248.000107 -3.080239 0.544304 0.594724 -22.654615
 2249.000107 -2.805707 0.483111 0.602001 -17.138798
 2250.000107 -2.817921 0.519640 0.616452 -17.259686
 2251.000107 -2.901265 0.534768 0.551161 -19.068647
 2252.000107 -1.648480 0.474488 0.613300 4.793298
 2253.000107 -2.134368 0.527861 0.600637 -2.065229
 2254.000107 -2.054328 0.605916 0.628083 0.725931
 2255.000107 2.946312 0.553948 0.611030 -27.919238
 2256.000107 2.628488 0.581510 0.601232 -34.574073
 2257.000107 2.601334 0.589258 0.613480 -34.499287
 2258.000107 -2.895049 0.518290 0.640154 -18.822032
 2259.000107 2.336383 0.531877 0.571844 -27.289204
 2260.000107 2.437468 0.501831 0.555867 -32.391909
 2261.000107 2.429977 0.571288 0.599275 -31.980593
 2262.000107 2.572325 0.499976 0.584545 -34.252767
 2263.000107 1.993518 0.510052 0.588884 -8.332583
 2264.000108 2.461774 0.500742 0.583057 -32.669838
 2265.000108 2.481506 0.485059 0.548144 -32.901633
 2266.000108 2.654974 0.470706 0.557451 -34.028139
 2267.000108 2.479919 0.531296 0.579240 -32.682448
 2268.000108 2.455571 0.472280 0.527034 -32.084099
 2269.000108 1.976247 0.529103 0.571898 -7.491628
 2270.000108 2.440085 0.505468 0.549674 -31.650156
 2271.000108 2.480764 0.542122 0.640863 -32.187385
 2272.000108 2.408017 0.536589 0.607254 -30.729549
 2273.000108 2.498248 0.497239 0.586375 -32.275287
 2274.000108 2.400862 0.526440 0.605171 -30.307446
 2275.000108 2.435309 0.531653 0.581667 -30.870256
 2276.000108 2.215034 0.534558 0.566637 -20.448388
 2277.000108 2.624728 0.558647 0.608102 -33.947401
 2278.000108 2.724509 0.546807 0.621643 -33.427073
 2279.000108 2.421244 0.507172 0.535415 -30.465438
 2280.000108 2.286266 0.496880 0.545197 -23.814485
 2281.000108 0.472133 0.524959 0.624151 -17.378001
 2282.000108 0.460401 0.549020 0.615687 -17.493651
 2283.000108 0.493105 0.517714 0.595831 -16.733482
 2284.000108 0.369691 0.520406 0.612493 -18.572480
 2285.000109 0.966154 0.500047 0.567614 0.053303
 2286.000109 0.304924 0.544885 0.646560 -18.562834
 2287.000109 1.581022 0.483879 0.535779 3.449923
 2288.000109 1.741265 0.524641 0.585756 0.772408
 2289.000109 1.435206 0.516299 0.536176 5.213494
 2290.000109 1.235424 0.565215 0.588231 4.317522
 2291.000109 2.185785 0.509870 0.606086 -19.017997
 2292.000109 2.434483 0.530779 0.562588 -30.499984
 2293.000109 1.989540 0.546612 0.624222 -7.971194
 2294.000109 1.367111 0.533059 0.595834 4.928800
 2295.000109 0.448937 0.564188 0.600214 -17.487674
 2296.000109 2.151099 0.506215 0.539770 -17.028701
 2297.000109 2.087620 0.537820 0.626883 -12.572661
 2298.000109 1.693274 0.571082 0.587874 1.706708
 2299.000109 1.132702 0.557629 0.609721 3.586841
 2300.000109 0.847680 0.533484 0.657821 -3.765091
 2301.000109 1.908247 0.573612 0.613681 -4.519408
 2302.000109 1.240723 0.515040 0.610363 4.370278
 2303.000109 1.360641 0.515829 0.643770 4.928570
 2304.000109 1.860976 0.593822 0.611331 -2.758694
 2305.000109 1.588460 0.533596 0.591461 3.338695
 2306.000110 1.570839 0.542740 0.592881 3.649712
 2307.000110 1.801319 0.557618 0.620349 -0.860625
 2308.000110 1.319715 0.523815 0.627708 4.693370
 2309.000110 1.725310 0.553728 0.645798 1.179619
 2310.000110 0.670232 0.513391 0.606879 -11.163181
 2311.000110 1.178799 0.515937 0.549689 4.108718
 2312.000110 1.879609 0.601694 0.606427 -3.255671
 2313.000110 0.781404 0.569489 0.606912 -6.593303
 2314.000110 1.327834 0.580235 0.657306 4.784845
 2315.000110 1.171370 0.528152 0.635973 4.101858
 2316.000110 0.842317 0.525990 0.586022 -3.940965
 2317.000110 1.997901 0.623737 0.626651 -8.200963
 2318.000110 2.540897 0.560443 0.553194 -33.013935
 2319.000110 2.149558 0.520566 0.596285 -16.658545
 2320.000110 2.104618 0.543732 0.566326 -13.600533
 2321.000110 1.649809 0.509195 0.586920 2.454443
 2322.000110 2.125812 0.584795 0.652313 -14.873961
 2323.000110 2.389958 0.585423 0.593780 -29.534680
 2324.000110 1.811299 0.525135 0.617955 -1.066420
 2325.000110 1.737207 0.609242 0.655402 1.018359
 2326.000110 2.052999 0.536444 0.627706 -10.535557
 2327.000111 1.622384 0.537768 0.580690 2.968212
 2328.000111 2.095437 0.535313 0.619500 -12.676882
 2329.000111 1.349429 0.479800 0.568594 4.944319
 2330.000111 1.810410 0.550100 0.591494 -0.930290
 2331.000111 1.246215 0.533468 0.620250 4.467058
 2332.000111 2.155150 0.499571 0.577337 -16.136546
 2333.000111 1.645149 0.488077 0.599711 2.656073
 2334.000111 1.327458 0.581856 0.604879 4.868565
 2335.000111 1.503389 0.584670 0.595445 4.585416
 2336.000111 1.326430 0.532755 0.602539 4.903077
 2337.000111 0.769680 0.509399 0.593071 -7.018617
 2338.000111 1.230103 0.532007 0.583802 4.468861
 2339.000111 1.025554 0.520799 0.561648 1.188772
 2340.000111 1.312993 0.555582 0.594880 4.876878
 2341.000111 1.940699 0.544612 0.590685 -5.705812
 2342.000111 1.047538 0.585308 0.572382 1.743067
 2343.000111 1.247061 0.532327 0.609565 4.586619
 2344.000111 1.268110 0.512461 0.567152 4.717740
 2345.000111 0.691006 0.525925 0.580378 -10.355284
 2346.000111 1.664129 0.595313 0.607228 2.367240
 2347.000111 1.407517 0.530763 0.595612 5.199891
 2348.000112 1.877107 0.569870 0.624649 -3.055472
 2349.000112 1.326550 0.579364 0.623039 5.028983
 2350.000112 2.168718 0.590147 0.605556 -16.880049
 2351.000112 1.360599 0.523891 0.624342 5.185282
 2352.000112 2.011174 0.598341 0.604324 -8.684244
 2353.000112 2.004186 0.585054 0.587624 -8.315602
 2354.000112 1.459857 0.547193 0.583504 5.080990
 2355.000112 0.916868 0.547433 0.574507 -1.453566
 2356.000112 1.507176 0.543327 0.593567 4.576767
 2357.000112 1.147063 0.507967 0.607322 3.823176
 2358.000112 1.363356 0.523799 0.583574 5.240395
 2359.000112 1.594559 0.541360 0.568783 3.399056
 2360.000112 0.751014 0.534750 0.542040 -7.981270
 2361.000112 1.931506 0.545154 0.599965 -5.184657
 2362.000112 1.169036 0.530095 0.580918 4.129685
 2363.000112 1.318253 0.555454 0.560652 5.078993
 2364.000112 1.421482 0.499729 0.556555 5.316863
 2365.000112 1.639820 0.508487 0.565752 2.765447
 2366.000112 1.449085 0.518148 0.544663 5.257580
 2367.000112 1.364050 0.495581 0.592190 5.335865
 2368.000112 0.714100 0.510554 0.521405 -9.506087
 2369.000113 0.894976 0.525595 0.566872 -2.185760
 2370.000113 1.994051 0.564911 0.588649 -7.812253
 2371.000113 1.550182 0.551700 0.542934 4.010017
 2372.000113 1.099977 0.495229 0.556039 2.999409
 2373.000113 1.051359 0.479431 0.586393 1.827045
 2374.000113 1.441068 0.536844 0.599822 5.342744
 2375.000113 1.158774 0.487314 0.532214 4.038320
 2376.000113 1.304289 0.481382 0.550205 5.013178
 2377.000113 1.039581 0.494567 0.564902 1.585855
 2378.000113 1.671198 0.538888 0.577430 2.273123
 2379.000113 1.232531 0.525411 0.596977 4.558388
 2380.000113 0.652607 0.463662 0.547873 -11.636181
 2381.000113 1.876813 0.558704 0.634704 -3.119066
 2382.000113 1.097444 0.549902 0.607870 3.051453
 2383.000113 1.048618 0.496655 0.560289 1.901857
 2384.000113 0.646960 0.520698 0.528129 -11.746011
 2385.000113 1.780350 0.524935 0.591229 -0.185639
 2386.000113 0.877568 0.478577 0.550858 -2.823068
 2387.000113 1.038378 0.542593 0.543377 1.716946
 2388.000113 0.930809 0.523804 0.520881 -0.983080
 2389.000113 0.572473 0.463754 0.535318 -14.484951
 2390.000114 0.799278 0.498331 0.563366 -5.729742
 2391.000114 1.647375 0.493401 0.536710 2.700255
 2392.000114 0.713933 0.539467 0.561407 -9.498289
 2393.000114 1.088768 0.505363 0.539920 2.947032
 2394.000114 1.094257 0.556876 0.559460 3.129747
 2395.000114 0.660993 0.474182 0.533313 -11.146813
 2396.000114 0.329953 0.468866 0.511980 -18.823009
 2397.000114 0.643095 0.542651 0.577977 -11.624816
 2398.000114 0.451023 0.664080 0.662919 -17.736891
 2399.000114 0.435427 0.615246 0.667287 -17.879223
 2400.000114 0.433349 0.697465 0.647213 -17.799278
 2401.000114 0.237735 0.609828 0.610654 -19.235418
 2402.000114 -1.021756 0.555831 0.526514 -17.430134
 2403.000114 -1.114360 0.545614 0.597564 -12.375833
 2404.000114 -1.583709 0.562822 0.583510 3.714761
 2405.000114 -1.649158 0.594114 0.611400 4.482376
 2406.000114 -1.283275 0.518087 0.595415 -2.889544
 2407.000114 -2.104213 0.540295 0.614160 -1.184980
 2408.000114 -1.613994 0.524251 0.578887 4.241241
 2409.000114 -1.237266 0.574400 0.578283 -4.907975
 2410.000114 -1.513228 0.559674 0.591826 2.432151
 2411.000115 -2.155827 0.534083 0.545526 -3.065016
 2412.000115 -2.310629 0.529675 0.545826 -7.781434
 2413.000115 -1.317290 0.570904 0.607906 -1.689609
 2414.000115 -1.554741 0.535193 0.607945 3.336324
 2415.000115 -2.201801 0.542447 0.570984 -4.732587
 2416.000115 -1.305827 0.513552 0.576246 -1.969691
 2417.000115 -1.376020 0.555483 0.575077 -0.351261
 2418.000115 -1.643855 0.554068 0.606587 4.546471
 2419.000115 -1.420898 0.538822 0.602993 0.440631
 2420.000115 -0.950108 0.605572 0.654884 -20.838217
 2421.000115 -1.736117 0.551160 0.603566 4.329743
 2422.000115 -1.096237 0.577884 0.588281 -13.352713
 2423.000115 -2.452221 0.562075 0.585727 -10.729878
 2424.000115 -1.481828 0.539818 0.552621 1.776954
 2425.000115 -1.821179 0.534031 0.595631 3.643799
 2426.000115 -1.837480 0.500076 0.535099 3.580981
 2427.000115 -0.907124 0.627781 0.623257 -22.816430
 2428.000115 -1.179908 0.608719 0.618649 -8.220866
 2429.000115 -1.475149 0.538509 0.660673 1.676430
 2430.000115 -2.183316 0.630536 0.735181 -4.061530
 2431.000115 -1.560779 0.556513 0.664258 3.489902
 2432.000116 -1.688801 0.688016 0.709524 4.560395
 2433.000116 -1.403147 0.515835 0.601623 0.213551
 2434.000116 -0.973459 0.630687 0.679329 -19.617097
 2435.000116 -2.144622 0.470637 0.612878 -2.613063
 2436.000116 -1.262741 0.570985 0.665769 -3.553813
 2437.000116 -1.861797 0.530004 0.601273 3.449759
 2438.000116 -1.186240 0.587714 0.631554 -7.660056
 2439.000116 -1.789092 0.493944 0.568892 3.999721
 2440.000116 -2.641692 0.616269 0.631170 -15.087977
 2441.000116 -2.948581 0.607341 0.615706 -20.119252
 2442.000116 2.916832 0.610896 0.618977 -28.906522
 2443.000116 -3.000018 0.596175 0.625702 -21.170950
 2444.000116 -2.853271 0.650315 0.610540 -18.345880
 2445.000116 -2.862926 0.624217 0.628470 -18.443874
 2446.000116 -3.136300 0.643472 0.616554 -24.262904
 2447.000116 -2.562418 0.579203 0.626812 -13.507036
 2448.000116 -2.963803 0.605508 0.634767 -20.219690
 2449.000116 -2.738779 0.624326 0.664198 -16.447441
 2450.000116 -2.748931 0.614391 0.613248 -16.483634
 2451.000116 -0.983811 0.521106 0.564299 -19.020365
 2452.000116 -1.494909 0.587202 0.615589 2.224741
 2453.000117 -1.463804 0.611284 0.629313 1.565179
 2454.000117 -1.400397 0.534564 0.592094 0.246233
 2455.000117 -2.669902 0.631902 0.737106 -15.340485
 2456.000117 -2.545522 0.705498 0.674601 -13.005424
 2457.000117 -2.806249 0.687079 0.675585 -17.235346
 2458.000117 -2.867412 0.591892 0.631282 -18.357701
 2459.000117 -2.729154 0.614746 0.619101 -16.104824
 2460.000117 -2.951023 0.643535 0.603805 -19.862618
 2461.000117 -2.959155 0.631679 0.692653 -19.924362
 2462.000117 3.113782 0.668300 0.643431 -24.963711
 2463.000117 -2.994860 0.674969 0.640548 -20.637932
 2464.000117 -2.815549 0.653810 0.643679 -17.208636
 2465.000117 -2.443682 0.563694 0.609583 -10.564552
 2466.000117 -2.239146 0.527630 0.582387 -5.883088
 2467.000117 -2.095931 0.606466 0.627233 -0.952224
 2468.000117 -2.214981 0.493221 0.564943 -5.014694
 2469.000117 -1.386402 0.597058 0.635498 0.047189
 2470.000117 -2.832368 0.594029 0.633436 -17.422942
 2471.000117 -1.762716 0.507285 0.547460 4.195467
 2472.000117 -1.915275 0.557214 0.594818 2.932911
 2473.000117 -1.690075 0.507002 0.552729 4.566202
 2474.000118 -2.173512 0.567345 0.634640 -3.544347
 2475.000118 2.758838 0.667971 0.646013 -33.397261
 2476.000118 2.690919 0.649216 0.636064 -33.831514
 2477.000118 3.096170 0.622998 0.602045 -25.303247
 2478.000118 -2.791162 0.652289 0.707907 -16.698895
 2479.000118 2.791785 0.659037 0.642068 -32.628347
 2480.000118 3.072182 0.670625 0.659886 -25.763344
 2481.000118 3.077548 0.617197 0.639663 -25.518364
 2482.000118 2.798621 0.627547 0.626020 -32.342345
 2483.000118 2.724851 0.682490 0.662695 -33.314936
 2484.000118 3.048368 0.656590 0.662501 -26.070974
 2485.000118 2.836183 0.666585 0.651495 -31.305741
 2486.000118 2.732776 0.641250 0.644001 -33.076255
 2487.000118 3.005192 0.623094 0.626209 -26.945454
 2488.000118 3.099203 0.671891 0.662707 -24.873293
 2489.000118 2.701951 0.636998 0.598580 -33.251570
 2490.000118 2.854273 0.656331 0.633054 -30.660476
 2491.000118 -3.118724 0.648174 0.644496 -23.653553
 2492.000118 2.604412 0.689977 0.643585 -34.116572
 2493.000118 3.126537 0.687876 0.657263 -24.182928
 2494.000118 -3.134230 0.693759 0.689469 -23.722761
 2495.000119 -3.079201 0.650482 0.675219 -22.637670
 2496.000119 3.075937 0.702176 0.681607 -24.956878
 2497.000119 2.870980 0.665416 0.680411 -30.059795
 2498.000119 -2.842490 0.670912 0.701838 -17.465775
 2499.000119 2.851482 0.683876 0.665093 -30.408417
 2500.000119 -2.934261 0.712832 0.704394 -19.308247
 2501.000119 3.043884 0.675176 0.657992 -25.602460
 2502.000119 2.896475 0.657116 0.672054 -29.192218
 2503.000119 2.827326 0.639105 0.612573 -30.743920
 2504.000119 2.914442 0.622421 0.649420 -28.639021
 2505.000119 2.984188 0.698618 0.648308 -27.024409
 2506.000119 2.854917 0.634087 0.594095 -29.841286
 2507.000119 3.110726 0.622267 0.656283 -24.100630
 2508.000119 -2.760883 0.618238 0.612109 -16.267008
 2509.000119 -3.106958 0.632068 0.636980 -23.016107
 2510.000119 2.603721 0.602497 0.657585 -33.967945
 2511.000119 -3.002714 0.629177 0.654320 -20.644799
 2512.000119 2.677970 0.552709 0.666856 -33.352276
 2513.000119 -2.659770 0.582398 0.609440 -15.113511
 2514.000119 -3.122168 0.610174 0.627476 -23.110311
 2515.000119 3.133286 0.636640 0.635413 -23.410708
 2516.000120 2.768498 0.581835 0.633894 -32.001589
 2517.000120 -3.099794 0.609350 0.640068 -22.573377
 2518.000120 2.633122 0.585883 0.632966 -33.584757
 2519.000120 -2.839919 0.594822 0.634527 -17.246283
 2520.000120 2.603386 0.593778 0.613719 -33.599862
 2521.000120 2.619593 0.553538 0.597796 -33.391408
 2522.000120 3.039005 0.617832 0.621536 -25.414936
 2523.000120 2.705142 0.595365 0.600572 -32.771517
 2524.000120 2.994856 0.608784 0.688774 -26.446336
 2525.000120 2.550875 0.617838 0.616350 -33.187024
 2526.000120 2.648121 0.662666 0.639548 -33.024673
 2527.000120 2.828557 0.601356 0.633978 -30.293560
 2528.000120 2.800786 0.600690 0.642086 -30.849227
 2529.000120 2.788877 0.630604 0.624659 -31.000712
 2530.000120 2.873744 0.668551 0.663273 -29.094220
 2531.000120 2.469165 0.603028 0.602864 -31.356022
 2532.000120 2.592954 0.645764 0.649642 -33.164848
 2533.000120 2.856878 0.615918 0.584337 -29.263554
 2534.000120 2.698347 0.679888 0.623107 -32.543177
 2535.000120 2.653667 0.652019 0.655692 -32.700062
 2536.000120 2.543879 0.597907 0.618386 -32.799564
 2537.000121 2.804240 0.664880 0.687621 -30.198167
 2538.000121 2.979381 0.644618 0.638340 -26.688507
 2539.000121 2.793168 0.617512 0.635896 -30.352737
 2540.000121 2.447828 0.493576 0.573080 -30.827115
 2541.000121 2.605177 0.464074 0.571004 -32.766209
 2542.000121 2.409790 0.522104 0.639605 -30.184117
 2543.000121 2.393789 0.545563 0.582248 -29.743964
 2544.000121 2.926125 0.568883 0.667979 -27.682983
 2545.000121 2.741926 0.606886 0.589128 -31.559483
 2546.000121 3.126166 0.590716 0.631376 -23.300526
 2547.000121 -2.767724 0.631987 0.678497 -16.210512
 2548.000121 3.129567 0.526058 0.639536 -23.131897
 2549.000121 -2.816079 0.612814 0.637250 -16.705859
 2550.000121 2.658794 0.587700 0.637385 -32.364015
 2551.000121 -2.880002 0.595831 0.600720 -17.970250
 2552.000121 -2.966371 0.628121 0.652764 -19.712604
 2553.000121 3.034036 0.638751 0.656003 -25.270388
 2554.000121 2.950580 0.625819 0.635180 -27.009798
 2555.000121 -2.773027 0.621227 0.701440 -16.112934
 2556.000121 -2.523452 0.606926 0.631734 -12.308657
 2557.000121 -2.707908 0.640309 0.668131 -15.543845
 2558.000121 -2.604883 0.624956 0.641073 -14.250234
 2559.000122 -2.929322 0.623394 0.663785 -18.903724
 2560.000122 -2.681480 0.627438 0.658675 -15.121176
 2561.000122 -2.879719 0.650092 0.665249 -17.788809
 2562.000122 -2.309121 0.657581 0.662384 -7.677209
 2563.000122 -3.103824 0.676213 0.658197 -22.437232
 2564.000122 -3.067708 0.580416 0.694552 -21.835651
 2565.000122 2.876219 0.722293 0.629227 -28.511360
 2566.000122 3.009949 0.669788 0.668880 -25.685739
 2567.000122 -2.961034 0.704280 0.654847 -19.345620
 2568.000122 3.073950 0.719124 0.654151 -24.103762
 2569.000122 3.132034 0.682315 0.628662 -22.796703
 2570.000122 -2.680395 0.670764 0.718624 -15.020112
 2571.000122 -2.909028 0.673767 0.664200 -18.269991
 2572.000122 -2.811293 0.628404 0.718584 -16.372032
 2573.000122 -2.910978 0.682020 0.663602 -18.173534
 2574.000122 -2.560548 0.614711 0.702719 -13.153111
 2575.000122 -3.083488 0.663645 0.623619 -21.925692
 2576.000122 -2.622013 0.575903 0.661471 -14.294420
 2577.000122 -2.767670 0.611292 0.666949 -15.820067
 2578.000122 -2.533282 0.624439 0.671349 -12.396005
 2579.000122 -2.880168 0.676049 0.724858 -17.467819
 2580.000123 -2.394511 0.663479 0.668722 -9.545583
 2581.000123 -2.609011 0.648864 0.689433 -13.954248
 2582.000123 -2.727860 0.643541 0.724495 -15.373156
 2583.000123 -2.708552 0.648240 0.709935 -15.058806
 2584.000123 -2.695767 0.678025 0.661081 -14.795898
 2585.000123 -2.743745 0.643155 0.675075 -15.261066
 2586.000123 2.566069 0.557618 0.640324 -32.682931
 2587.000123 2.692321 0.503300 0.561247 -32.017673
 2588.000123 2.425354 0.564944 0.571236 -30.124058
 2589.000123 2.342451 0.507373 0.612620 -27.710299
 2590.000123 2.656389 0.593185 0.632997 -32.081379
 2591.000123 -3.026486 0.606143 0.629866 -20.721610
 2592.000123 -3.066166 0.645065 0.591109 -21.439251
 2593.000123 -2.504048 0.573876 0.591867 -11.620791
 2594.000123 3.063473 0.674771 0.675757 -24.154524
 2595.000123 -2.367709 0.594307 0.602555 -8.890625
 2596.000123 -2.571098 0.602431 0.659260 -13.061627
 2597.000123 -2.677914 0.634433 0.662437 -14.465233
 2598.000123 -2.915687 0.630268 0.616643 -18.057359
 2599.000123 -2.537441 0.644167 0.641391 -12.236760
 2600.000123 -2.417614 0.596878 0.647289 -9.836489
 2601.000124 -2.797640 0.606788 0.664551 -15.821275
 2602.000124 -3.130874 0.612455 0.628119 -22.247829
 2603.000124 -2.665423 0.613677 0.641816 -14.264806
 2604.000124 -2.915791 0.631007 0.623124 -17.948566
 2605.000124 -2.024648 0.470220 0.568237 1.025151
 2606.000124 -2.590912 0.635497 0.626764 -13.287299
 2607.000124 -2.801097 0.642332 0.671160 -15.767824
 2608.000124 -2.963417 0.616253 0.640777 -18.833099
 2609.000124 -2.771716 0.627294 0.693012 -15.286972
 2610.000124 -2.847200 0.583113 0.591705 -16.453490
 2611.000124 -2.912915 0.678307 0.634898 -17.679532
 2612.000124 -2.735444 0.583639 0.668332 -14.852903
 2613.000124 2.900095 0.605648 0.626777 -27.871514
 2614.000124 -2.898391 0.634410 0.668576 -17.327336
 2615.000124 -3.049424 0.626613 0.649353 -20.975987
 2616.000124 -3.048680 0.642826 0.660349 -20.859906
 2617.000124 2.631846 0.645265 0.576265 -32.073261
 2618.000124 -3.068670 0.629586 0.623449 -21.120075
 2619.000124 3.133603 0.630639 0.653070 -22.337857
 2620.000124 -2.402983 0.599707 0.661261 -9.474661
 2621.000124 -2.967236 0.608206 0.667008 -18.617754
 2622.000125 2.791129 0.671119 0.604338 -30.060111
 2623.000125 2.673917 0.669816 0.600600 -31.752655
 2624.000125 2.740663 0.642285 0.631914 -31.104640
 2625.000125 -2.902270 0.605423 0.650569 -17.257318
 2626.000125 -2.242467 0.601523 0.655186 -5.757510
 2627.000125 -2.858621 0.610160 0.655916 -16.461657
 2628.000125 -2.600541 0.486873 0.554175 -13.363764
 2629.000125 -2.805547 0.592750 0.619311 -15.501072
 2630.000125 -2.875675 0.626618 0.641964 -16.581248
 2631.000125 -2.799933 0.628860 0.653075 -15.301822
 2632.000125 -2.510064 0.647002 0.630355 -11.475604
 2633.000125 -2.639559 0.590990 0.631241 -13.786988
 2634.000125 2.811268 0.581352 0.608960 -29.397128
 2635.000125 -2.621464 0.622643 0.659133 -13.478898
 2636.000125 -3.104233 0.646955 0.582287 -21.509666
 2637.000125 -2.350307 0.555994 0.611511 -8.397069
 2638.000125 -2.427607 0.668822 0.633406 -9.784874
 2639.000125 -2.693970 0.704743 0.707947 -14.214814
 2640.000125 3.047280 0.606340 0.658216 -24.356695
 2641.000125 -2.760481 0.635864 0.614112 -14.801871
 2642.000125 -2.419625 0.553438 0.606697 -9.565320
 2643.000126 3.060486 0.598641 0.586516 -23.909399
 2644.000126 -2.660550 0.604215 0.623958 -13.747134
 2645.000126 -2.618829 0.623277 0.624624 -13.284417
 2646.000126 -2.565581 0.639452 0.643242 -12.447624
 2647.000126 -2.115922 0.574459 0.605228 -1.496015
 2648.000126 3.030239 0.653073 0.681267 -24.553214
 2649.000126 -2.556812 0.604957 0.628377 -12.212649
 2650.000126 -2.549112 0.533694 0.649165 -11.996905
 2651.000126 -2.280850 0.622633 0.635407 -6.751731
 2652.000126 -2.709539 0.588172 0.637520 -14.170586
 2653.000126 -2.735474 0.623985 0.647247 -14.374361
 2654.000126 -2.413544 0.578538 0.644356 -9.374291
 2655.000126 -1.874308 0.530583 0.614961 3.407574
 2656.000126 -2.245172 0.666149 0.676832 -5.710463
 2657.000126 3.070381 0.644262 0.644133 -23.500162
 2658.000126 -2.824364 0.653275 0.678774 -15.450211
 2659.000126 -2.699974 0.596662 0.629027 -13.880990
 2660.000126 -2.453890 0.604744 0.637941 -9.997128
 2661.000126 -2.499823 0.617017 0.635347 -10.874254
 2662.000126 -3.128465 0.652781 0.660832 -21.729954
 2663.000126 2.851997 0.652036 0.640651 -28.564574
 2664.000127 -2.821562 0.639647 0.657950 -15.302901
 2665.000127 -3.112111 0.604744 0.633686 -21.413042
 2666.000127 -2.595856 0.639395 0.666255 -12.661467
 2667.000127 -2.638651 0.644487 0.654401 -13.115002
 2668.000127 -3.140342 0.612424 0.650620 -21.697314
 2669.000127 -3.000607 0.623529 0.673169 -19.383611
 2670.000127 -2.405044 0.605999 0.635550 -9.112521
 2671.000127 -2.685044 0.628727 0.640571 -13.517465
 2672.000127 -2.720637 0.556655 0.593171 -13.900353
 2673.000127 -3.080353 0.593934 0.628523 -20.848902
 2674.000127 -2.609484 0.538373 0.576785 -12.681525
 2675.000127 3.095737 0.603532 0.600956 -22.586062
 2676.000127 -2.569977 0.592749 0.569202 -12.066500
 2677.000127 -2.588318 0.606784 0.594413 -12.241911
 2678.000127 -2.920830 0.602522 0.650415 -17.226180
 2679.000127 -2.517123 0.556452 0.656847 -11.050193
 2680.000127 -2.676740 0.525284 0.639525 -13.174874
 2681.000127 -2.564890 0.583349 0.619141 -11.741910
 2682.000127 -3.020998 0.638237 0.642150 -19.735340
 2683.000127 3.065553 0.600418 0.626514 -23.228964
 2684.000127 -2.699924 0.614510 0.659385 -13.396596
 2685.000128 2.976784 0.639924 0.647419 -25.753073
 2686.000128 -2.728175 0.602738 0.601862 -13.718125
 2687.000128 -2.734564 0.595903 0.664623 -13.717307
 2688.000128 -2.698815 0.594027 0.659449 -13.169441
 2689.000128 -2.979225 0.626229 0.615578 -18.533350
 2690.000128 -2.493989 0.601153 0.585411 -10.490192
 2691.000128 -2.924633 0.581781 0.665033 -17.164514
 2692.000128 -2.340133 0.623629 0.648645 -7.983592
 2693.000128 -1.788269 0.559061 0.567330 4.063589
 2694.000128 -3.096872 0.630266 0.609511 -20.853273
 2695.000128 -2.492765 0.546080 0.662770 -10.379872
 2696.000128 2.992638 0.632636 0.635490 -25.142756
 2697.000128 -2.772822 0.629812 0.618489 -14.156483
 2698.000128 -2.930543 0.605548 0.647679 -17.187698
 2699.000128 -2.278250 0.656626 0.639874 -6.520445
 2700.000128 -2.495755 0.572371 0.610276 -10.343056
 2701.000128 -2.824622 0.612407 0.647764 -15.082179
 2702.000128 -2.772833 0.600044 0.615799 -14.039478
 2703.000128 -2.743423 0.648191 0.638794 -13.548602
 2704.000128 -2.696852 0.660688 0.681903 -12.981555
 2705.000128 -2.538023 0.567975 0.622265 -11.035201
 2706.000129 -2.683695 0.636493 0.679095 -12.784016
 2707.000129 -2.718424 0.660693 0.706398 -13.032887
 2708.000129 -2.360667 0.612112 0.614938 -8.242576
 2709.000129 -2.812003 0.593039 0.632653 -14.554921
 2710.000129 -2.967846 0.632231 0.675218 -17.938100
 2711.000129 -2.656010 0.653825 0.683651 -12.492936
 2712.000129 -2.613088 0.601529 0.649944 -12.122572
 2713.000129 -2.541471 0.621336 0.623008 -10.994865
 2714.000129 -2.689733 0.616159 0.624567 -12.555309
 2715.000129 -3.041341 0.607827 0.637577 -19.839432
 2716.000129 -3.088544 0.719486 0.732439 -20.537271
 2717.000129 -2.299848 0.614419 0.626491 -6.949620
 2718.000129 -2.247428 0.628532 0.611105 -5.620686
 2719.000129 -2.421162 0.529464 0.646286 -9.078848
 2720.000129 -2.907670 0.654709 0.606615 -16.597274
 2721.000129 -2.883644 0.593607 0.635561 -16.055137
 2722.000129 2.835067 0.661074 0.631038 -28.728926
 2723.000129 -3.059138 0.556262 0.626166 -20.007088
 2724.000129 -2.880244 0.634152 0.636251 -15.874920
 2725.000129 -3.110400 0.684502 0.670841 -20.642420
 2726.000129 -2.735091 0.656108 0.645957 -13.011425
 2727.000130 -2.641070 0.588337 0.647578 -12.159745
 2728.000130 -2.854197 0.635423 0.620308 -15.256609
 2729.000130 2.810801 0.595852 0.628983 -29.054073
 2730.000130 -2.929675 0.619791 0.597511 -16.672045
 2731.000130 -2.694786 0.474716 0.578158 -12.411874
 2732.000130 2.703215 0.614402 0.674042 -31.308642
 2733.000130 2.511847 0.594213 0.606994 -31.832059
 2734.000130 -3.020175 0.622916 0.674641 -19.093133
 2735.000130 2.924872 0.627832 0.582850 -26.861727
 2736.000130 2.843120 0.595914 0.635714 -28.329878
 2737.000130 2.987386 0.590813 0.626055 -25.134083
 2738.000130 -3.055715 0.575003 0.656065 -19.701250
 2739.000130 2.893681 0.592030 0.622247 -27.330341
 2740.000130 3.063005 0.637339 0.608037 -23.069381
 2741.000130 -2.840444 0.572311 0.632459 -14.845384
 2742.000130 -2.223998 0.566643 0.626639 -4.902936
 2743.000130 -1.701250 0.485947 0.510350 4.617378
 2744.000130 -1.724675 0.533742 0.557141 4.574385
 2745.000130 -2.049496 0.516228 0.519263 0.509592
 2746.000130 -1.372634 0.566762 0.597600 -0.163279
 2747.000130 -1.867302 0.561130 0.560864 3.540181
 2748.000131 -1.875331 0.512654 0.548677 3.522636
 2749.000131 -2.011999 0.559287 0.597336 1.394451
 2750.000131 -3.053946 0.607271 0.634592 -19.567196
 2751.000131 2.993893 0.617968 0.606896 -24.750245
 2752.000131 -2.778954 0.664539 0.622709 -13.583861
 2753.000131 -2.662301 0.613461 0.608668 -12.095620
 2754.000131 -2.971828 0.584714 0.617083 -17.588039
 2755.000131 3.107822 0.607916 0.655916 -21.847747
 2756.000131 -2.399767 0.472114 0.509356 -8.705165
 2757.000131 -1.163640 0.557380 0.583606 -9.047428
 2758.000131 -2.702539 0.580610 0.631238 -12.314020
 2759.000131 -2.909096 0.625347 0.612302 -16.076576
 2760.000131 2.898877 0.646901 0.635183 -27.028918
 2761.000131 -2.197167 0.586715 0.592901 -4.106982
 2762.000131 2.880042 0.628480 0.631756 -27.327490
 2763.000131 2.632770 0.602235 0.629633 -31.754836
 2764.000131 2.610374 0.617976 0.593076 -31.861165
 2765.000131 2.610411 0.615882 0.588366 -31.721475
 2766.000131 2.383400 0.505625 0.560562 -29.112961
 2767.000131 1.969024 0.637358 0.574015 -6.894850
 2768.000131 -2.956686 0.615929 0.643455 -16.989494
 2769.000132 3.062527 0.640282 0.666506 -22.817197
 2770.000132 3.056953 0.591284 0.635748 -22.840796
 2771.000132 -2.796761 0.626093 0.612889 -13.806438
 2772.000132 -3.098189 0.554249 0.618803 -20.116093
 2773.000132 -2.456547 0.577672 0.632913 -9.393518
 2774.000132 -1.809657 0.514667 0.540108 4.030640
 2775.000132 -1.745169 0.523502 0.595574 4.531323
 2776.000132 -1.544698 0.501259 0.561032 3.187722
 2777.000132 -1.486986 0.520222 0.610840 2.118694
 2778.000132 -0.078599 0.654281 0.668375 -22.391682
 2779.000132 0.358584 0.602556 0.630832 -18.694798
 2780.000132 0.310010 0.654397 0.675310 -18.749446
 2781.000132 -0.368559 0.574834 0.610752 -26.490078
 2782.000132 -0.293168 0.622596 0.640749 -25.419039
 2783.000132 0.203404 0.632448 0.655383 -19.623381
 2784.000132 -0.731813 0.658705 0.644863 -28.200810
 2785.000132 0.468752 0.644019 0.674731 -17.344693
 2786.000132 -0.484096 0.651792 0.631785 -27.288251
 2787.000132 0.170016 0.625910 0.634312 -19.931475
 2788.000132 -0.470378 0.625495 0.615509 -27.113834
 2789.000132 -0.336613 0.656941 0.649636 -25.930420
 2790.000133 -0.105808 0.615387 0.641561 -22.488113
 2791.000133 -0.670714 0.582365 0.603860 -28.244952
 2792.000133 -0.049769 0.605498 0.621665 -22.036310
 2793.000133 -0.358450 0.674997 0.681072 -26.054772
 2794.000133 0.199562 0.602270 0.679395 -19.489680
 2795.000133 0.450724 0.668670 0.617026 -17.478593
 2796.000133 0.182441 0.663263 0.676855 -19.576034
 2797.000133 -0.032237 0.697158 0.673433 -21.788834
 2798.000133 0.405513 0.587089 0.604267 -18.025073
 2799.000133 0.325176 0.686280 0.667040 -18.563050
 2800.000133 0.187358 0.633462 0.594744 -19.403787
 2801.000133 0.516993 0.602972 0.614350 -16.386852
 2802.000133 0.335436 0.590713 0.637343 -18.438473
 2803.000133 0.330301 0.596491 0.648910 -18.355941
 2804.000133 -0.224791 0.608808 0.608122 -24.262616
 2805.000133 0.583714 0.643226 0.718362 -13.867940
 2806.000133 -0.649454 0.629438 0.614469 -28.089274
 2807.000133 0.424701 0.644024 0.759324 -17.599241
 2808.000133 0.353476 0.580024 0.681976 -18.159258
 2809.000133 0.250358 0.604379 0.616887 -18.757102
 2810.000133 0.662693 0.610656 0.600549 -11.074319
 2811.000134 0.284865 0.609277 0.656476 -18.379836
 2812.000134 -0.395967 0.635530 0.615590 -26.300318
 2813.000134 0.132997 0.596787 0.666608 -20.017328
 2814.000134 -0.191030 0.588985 0.628998 -23.649574
 2815.000134 -0.089626 0.608532 0.695572 -22.053460
 2816.000134 0.369922 0.557667 0.621849 -17.954632
 2817.000134 0.071417 0.638035 0.676899 -20.792883
 2818.000134 0.532649 0.580160 0.646682 -15.742674
 2819.000134 -0.732666 0.551189 0.661408 -27.989895
 2820.000134 -0.554411 0.585741 0.633140 -27.443437
 2821.000134 0.233283 0.576834 0.643042 -18.743532
 2822.000134 0.273830 0.592769 0.632836 -18.324479
 2823.000134 -0.388045 0.615965 0.628577 -26.150595
 2824.000134 0.958829 0.590494 0.650840 -0.228383
 2825.000134 0.395075 0.592034 0.672210 -17.732852
 2826.000134 0.434175 0.611071 0.630474 -17.281300
 2827.000134 0.197668 0.595550 0.639169 -18.961705
 2828.000134 0.474481 0.569049 0.627002 -16.799069
 2829.000134 0.155244 0.594326 0.667425 -19.482930
 2830.000134 0.391325 0.641668 0.658979 -17.549917
 2831.000134 0.062150 0.629605 0.628865 -20.771142
 2832.000135 0.377560 0.587701 0.610948 -17.567398
 2833.000135 0.465400 0.527989 0.650843 -16.761220
 2834.000135 0.316277 0.583928 0.666276 -17.850758
 2835.000135 -0.436021 0.613314 0.690013 -26.543527
 2836.000135 0.215556 0.604297 0.652573 -18.610804
 2837.000135 0.322138 0.629806 0.639057 -17.719721
 2838.000135 0.616015 0.578486 0.643407 -12.478654
 2839.000135 0.179347 0.648923 0.701935 -18.949682
 2840.000135 0.771441 0.586949 0.631624 -7.117389
 2841.000135 0.022688 0.605596 0.667776 -21.050308
 2842.000135 0.180168 0.577978 0.684532 -18.828042
 2843.000135 0.177086 0.552312 0.676054 -18.757559
 2844.000135 0.488800 0.625182 0.633274 -16.446561
 2845.000135 0.074133 0.601031 0.671306 -20.387595
 2846.000135 0.614883 0.621037 0.669364 -12.432474
 2847.000135 -0.177405 0.609011 0.666865 -23.333802
 2848.000135 0.312676 0.593432 0.619031 -17.676678
 2849.000135 0.281543 0.575339 0.601259 -17.810625
 2850.000135 0.530604 0.576025 0.609312 -15.496136
 2851.000135 -0.049700 0.615222 0.645022 -21.663355
 2852.000135 -0.146459 0.645301 0.660866 -22.653249
 2853.000136 0.123061 0.596846 0.654081 -19.460254
 2854.000136 -0.358606 0.620635 0.612682 -25.764383
 2855.000136 0.151894 0.563384 0.594209 -18.903895
 2856.000136 0.091880 0.622864 0.615108 -19.830665
 2857.000136 0.124226 0.689547 0.696936 -19.148741
 2858.000136 0.860400 0.603002 0.618608 -3.379897
 2859.000136 0.404279 0.628385 0.659884 -17.135460
 2860.000136 -0.049415 0.641849 0.634912 -21.509097
 2861.000136 0.739746 0.614713 0.691344 -8.405072
 2862.000136 0.469374 0.597588 0.658707 -16.448144
 2863.000136 -0.035194 0.639580 0.695514 -21.277289
 2864.000136 0.297321 0.639305 0.618425 -17.582204
 2865.000136 0.428489 0.628244 0.658399 -16.757615
 2866.000136 0.049927 0.601614 0.656980 -20.279914
 2867.000136 0.631561 0.575722 0.624533 -11.791286
 2868.000136 0.480463 0.647604 0.673616 -16.210919
 2869.000136 0.537229 0.569881 0.591512 -15.103559
 2870.000136 0.609258 0.523340 0.581440 -12.431235
 2871.000136 0.341784 0.672456 0.672194 -17.279746
 2872.000136 0.075900 0.604351 0.671328 -19.809580
 2873.000136 0.642712 0.613694 0.651795 -11.332190
 2874.000137 0.399442 0.591915 0.666003 -16.871802
 2875.000137 0.344712 0.614398 0.639369 -17.120745
 2876.000137 -0.022528 0.582354 0.616011 -20.922719
 2877.000137 -0.380048 0.626980 0.628407 -25.764810
 2878.000137 0.477744 0.603714 0.696946 -16.059759
 2879.000137 0.051539 0.589239 0.600131 -19.977827
 2880.000137 0.120136 0.589155 0.657490 -19.008515
 2881.000137 0.458380 0.640880 0.654186 -16.145493
 2882.000137 0.060554 0.603373 0.651167 -19.715507
 2883.000137 0.373793 0.654026 0.632225 -16.863223
 2884.000137 -0.120147 0.636111 0.639521 -21.989872
 2885.000137 0.130443 0.657278 0.687565 -18.758446
 2886.000137 0.211224 0.574843 0.633230 -18.155582
 2887.000137 0.406610 0.675027 0.664690 -16.505598
 2888.000137 -0.222848 0.638234 0.654965 -23.850873
 2889.000137 0.048938 0.555127 0.623649 -19.710986
 2890.000137 0.130839 0.624267 0.646553 -18.615364
 2891.000137 0.252345 0.573900 0.619623 -17.767451
 2892.000137 -0.249427 0.612037 0.656277 -24.223273
 2893.000137 -0.495324 0.634372 0.622557 -26.878857
 2894.000137 -0.737496 0.570925 0.632611 -27.714714
 2895.000138 -0.285920 0.581248 0.638869 -24.727821
 2896.000138 0.377132 0.495377 0.590674 -16.657844
 2897.000138 -0.476917 0.590957 0.577205 -26.647651
 2898.000138 0.066223 0.597207 0.601514 -19.356447
 2899.000138 -0.691978 0.640652 0.620898 -27.819156
 2900.000138 0.408853 0.586058 0.646643 -16.322904
 2901.000138 0.207268 0.629947 0.654808 -17.974479
 2902.000138 -0.632171 0.617342 0.612446 -27.787374
 2903.000138 -0.415509 0.610735 0.595457 -25.921458
 2904.000138 0.185248 0.632584 0.651021 -18.005110
 2905.000138 -0.638232 0.623863 0.643781 -27.659449
 2906.000138 -0.480544 0.590580 0.608277 -26.469660
 2907.000138 -0.225665 0.594251 0.639020 -23.667078
 2908.000138 0.315680 0.602689 0.658520 -16.993941
 2909.000138 -0.719986 0.577580 0.633471 -27.532345
 2910.000138 -0.490204 0.561467 0.581994 -26.400329
 2911.000138 -0.858060 0.527293 0.616441 -24.939785
 2912.000138 0.203843 0.659156 0.587210 -17.790400
 2913.000138 0.082797 0.562467 0.638355 -19.015244
 2914.000138 0.423717 0.613628 0.651984 -16.127217
 2915.000138 0.490725 0.619500 0.666678 -15.706217
 2916.000139 0.267931 0.647204 0.656028 -17.344394
 2917.000139 0.271205 0.628018 0.604584 -17.197571
 2918.000139 -0.016810 0.614372 0.628044 -20.413017
 2919.000139 0.273483 0.647544 0.589890 -17.066450
 2920.000139 0.543941 0.605502 0.638956 -14.618886
 2921.000139 0.659161 0.550964 0.615421 -10.824187
 2922.000139 0.102879 0.562814 0.623124 -18.635936
 2923.000139 0.196220 0.610250 0.633508 -17.602138
 2924.000139 -0.126250 0.628084 0.606136 -21.964265
 2925.000139 -0.361721 0.640960 0.627471 -25.392440
 2926.000139 0.302687 0.590821 0.589201 -16.738937
 2927.000139 0.498715 0.644743 0.573633 -15.484507
 2928.000139 0.576151 0.653951 0.592172 -13.330746
 2929.000139 0.110226 0.634061 0.636269 -18.412294
 2930.000139 0.299253 0.619956 0.634023 -16.670780
 2931.000139 0.458801 0.570504 0.613691 -15.685639
 2932.000139 0.414702 0.579088 0.603972 -15.961206
 2933.000139 0.444772 0.642172 0.635629 -15.634580
 2934.000139 0.607343 0.653162 0.643193 -12.160817
 2935.000139 0.385512 0.545948 0.616467 -16.074697
 2936.000139 0.417725 0.543906 0.597134 -15.688998
 2937.000140 0.348078 0.624168 0.616824 -16.236518
 2938.000140 -0.445726 0.618462 0.606451 -25.942679
 2939.000140 0.454144 0.578817 0.588940 -15.377056
 2940.000140 0.362301 0.638185 0.630877 -16.010869
 2941.000140 0.963400 0.563308 0.595935 -0.024818
 2942.000140 -0.129820 0.645587 0.600240 -21.912068
 2943.000140 -0.019825 0.588328 0.595526 -20.318260
 2944.000140 0.162516 0.652993 0.627387 -17.754184
 2945.000140 -0.274637 0.595443 0.619823 -24.323885
 2946.000140 -0.133005 0.593853 0.605111 -21.828934
 2947.000140 0.493853 0.572726 0.629233 -15.133364
 2948.000140 0.095289 0.647907 0.630256 -18.437997
 2949.000140 0.492387 0.622770 0.638467 -15.054227
 2950.000140 0.380495 0.576639 0.684428 -15.738113
 2951.000140 0.438779 0.553718 0.524119 -15.184589
 2952.000140 0.295201 0.617352 0.584544 -16.429958
 2953.000140 -0.654140 0.523560 0.613843 -27.479699
 2954.000140 -0.780738 0.610731 0.639205 -27.140771
 2955.000140 0.180987 0.595239 0.655935 -17.478550
 2956.000140 0.087241 0.614763 0.619064 -18.416450
 2957.000140 -0.127907 0.586167 0.597606 -21.633361
 2958.000140 0.149365 0.640795 0.615241 -17.574179
 2959.000141 0.206114 0.581407 0.628760 -17.162001
 2960.000141 -0.093170 0.578496 0.604057 -21.111817
 2961.000141 -0.824543 0.537280 0.612320 -26.238834
 2962.000141 -0.325153 0.619643 0.639352 -24.918791
 2963.000141 0.003420 0.654511 0.566663 -19.703276
 2964.000141 0.361983 0.627369 0.628487 -15.742294
 2965.000141 -0.303323 0.615434 0.594118 -24.539885
 2966.000141 -0.237237 0.613418 0.637528 -23.512054
 2967.000141 0.232567 0.654185 0.696217 -16.915293
 2968.000141 0.302549 0.631416 0.648022 -16.174347
 2969.000141 0.602623 0.635337 0.628507 -12.221948
 2970.000141 -0.580431 0.621369 0.590673 -27.280205
 2971.000141 -0.085982 0.628880 0.648824 -20.874490
 2972.000141 0.347216 0.574687 0.658915 -15.678440
 2973.000141 -0.641898 0.588723 0.591093 -27.305352
 2974.000141 -0.710434 0.613148 0.618252 -27.203147
 2975.000141 -0.837720 0.584983 0.591777 -25.598352
 2976.000141 0.447108 0.610147 0.635884 -14.971567
 2977.000141 0.097657 0.600230 0.625313 -18.018173
 2978.000141 0.199006 0.600524 0.636046 -16.966977
 2979.000141 -0.183900 0.633094 0.674538 -22.447305
 2980.000142 0.041432 0.561951 0.661112 -18.833635
 2981.000142 0.241920 0.631153 0.645468 -16.594782
 2982.000142 0.167524 0.640620 0.635818 -17.049169
 2983.000142 0.017580 0.622408 0.674617 -19.157293
 2984.000142 -0.343791 0.619709 0.624867 -24.819038
 2985.000142 -0.301620 0.615830 0.634915 -24.224753
 2986.000142 -0.257834 0.608254 0.577507 -23.523264
 2987.000142 0.347626 0.610665 0.644620 -15.552436
 2988.000142 0.416298 0.629867 0.652547 -14.999174
 2989.000142 -0.107936 0.630899 0.671262 -20.976926
 2990.000142 -0.211514 0.629689 0.644857 -22.751333
 2991.000142 0.006107 0.667001 0.675615 -19.268870
 2992.000142 0.460211 0.621524 0.657816 -14.780736
 2993.000142 -0.124162 0.619470 0.652693 -21.074298
 2994.000142 0.005684 0.625646 0.661875 -19.175981
 2995.000142 0.124860 0.638161 0.656817 -17.399460
 2996.000142 0.434373 0.602873 0.629359 -14.753447
 2997.000142 -0.105735 0.611519 0.635629 -20.716735
 2998.000142 0.468982 0.598299 0.649762 -14.619185
 2999.000142 -0.171187 0.615853 0.648433 -21.789270
 3000.000142 -0.266789 0.686528 0.624379 -23.408514
 3001.000143 -0.172584 0.604326 0.621950 -21.690223
 3002.000143 0.471681 0.561052 0.603406 -14.536518
 3003.000143 0.722146 0.516075 0.540133 -8.946939
 3004.000143 0.576335 0.589416 0.616769 -12.970293
 3005.000143 0.621293 0.580778 0.592360 -11.505793
 3006.000143 0.185660 0.598689 0.647641 -16.777158
 3007.000143 0.540193 0.581639 0.614910 -13.916941
 3008.000143 0.092428 0.577818 0.625206 -17.722096
 3009.000143 0.735278 0.610512 0.647612 -8.397703
 3010.000143 0.580125 0.568151 0.652237 -12.640202
 3011.000143 -0.020930 0.577677 0.631316 -19.544808
 3012.000143 1.058824 0.536024 0.561405 2.251607
 3013.000143 0.013199 0.594207 0.671973 -18.803431
 3014.000143 0.449814 0.610212 0.642140 -14.444510
 3015.000143 0.875561 0.598888 0.604610 -2.738112
 3016.000143 -0.881174 0.554594 0.597924 -23.575870
 3017.000143 -0.750976 0.514496 0.586672 -26.898063
 3018.000143 -0.859582 0.501786 0.575793 -24.406606
 3019.000143 0.491995 0.485292 0.610090 -14.292689
 3020.000143 0.082054 0.556640 0.645510 -17.735692
 3021.000143 -0.214742 0.555491 0.612572 -22.357230
 3022.000144 -0.109277 0.639641 0.643091 -20.547992
 3023.000144 -1.637897 0.524648 0.593169 4.595894
 3024.000144 -0.901122 0.550523 0.569167 -22.557026
 3025.000144 0.890443 0.481726 0.585711 -2.189435
 3026.000144 0.756251 0.602127 0.634320 -7.481372
 3027.000144 1.007356 0.561282 0.611669 1.180355
 3028.000144 1.293550 0.560096 0.627678 4.808616
 3029.000144 0.713957 0.529004 0.559473 -8.980920
 3030.000144 0.368349 0.628609 0.625848 -15.144642
 3031.000144 0.616217 0.601494 0.637148 -11.501069
 3032.000144 0.440909 0.611855 0.621174 -14.324776
 3033.000144 0.692399 0.606974 0.637971 -9.516698
 3034.000144 0.823853 0.494706 0.587769 -4.475083
 3035.000144 0.482552 0.610097 0.632126 -14.149507
 3036.000144 0.325278 0.608439 0.609286 -15.518809
 3037.000144 0.554507 0.632646 0.672028 -13.231937
 3038.000144 0.541496 0.564777 0.621609 -13.478094
 3039.000144 0.430513 0.589233 0.616716 -14.229904
 3040.000144 0.715558 0.580648 0.643266 -8.749433
 3041.000144 0.499944 0.517250 0.589361 -13.900340
 3042.000144 0.746494 0.544927 0.621884 -7.615085
 3043.000145 0.305160 0.633368 0.643394 -15.666233
 3044.000145 0.302299 0.590418 0.644671 -15.613845
 3045.000145 0.734992 0.623809 0.631977 -7.945276
 3046.000145 0.610565 0.578559 0.600542 -11.475529
 3047.000145 0.181638 0.579136 0.626215 -16.677779
 3048.000145 1.338961 0.504876 0.523818 5.151714
 3049.000145 0.766004 0.587958 0.575821 -6.744021
 3050.000145 0.696973 0.617903 0.662225 -8.948144
 3051.000145 0.472176 0.582371 0.612783 -13.870703
 3052.000145 0.178396 0.578458 0.650773 -16.601087
 3053.000145 0.521032 0.614332 0.654240 -13.592269
 3054.000145 0.290148 0.601323 0.647657 -15.678825
 3055.000145 0.687635 0.613706 0.653403 -9.134228
 3056.000145 0.485660 0.558084 0.573169 -13.687672
 3057.000145 0.728958 0.559439 0.596822 -7.903015
 3058.000145 0.977040 0.605622 0.599856 0.527280
 3059.000145 0.331991 0.584134 0.633703 -15.158774
 3060.000145 1.516806 0.513799 0.593839 4.333203
 3061.000145 0.639937 0.531937 0.623009 -10.573149
 3062.000145 0.044259 0.614361 0.587954 -18.357498
 3063.000145 0.550681 0.541102 0.601956 -13.112050
 3064.000146 0.896291 0.540802 0.647624 -2.069886
 3065.000146 0.551512 0.567960 0.649489 -13.018004
 3066.000146 0.494797 0.600708 0.582998 -13.673672
 3067.000146 0.783788 0.645559 0.631194 -6.111428
 3068.000146 0.735135 0.560916 0.640063 -7.776688
 3069.000146 0.548376 0.606585 0.691713 -12.983107
 3070.000146 0.497521 0.581227 0.634453 -13.527364
 3071.000146 -0.338163 0.665236 0.617098 -24.610020
 3072.000146 0.387059 0.576110 0.634524 -14.717939
 3073.000146 0.538920 0.596058 0.631887 -13.035973
 3074.000146 0.368668 0.597795 0.637635 -14.859342
 3075.000146 0.497331 0.590053 0.653387 -13.383980
 3076.000146 0.244996 0.559309 0.572761 -16.270519
 3077.000146 0.349093 0.497615 0.585511 -14.961861
 3078.000146 0.476305 0.555766 0.568734 -13.445259
 3079.000146 0.656270 0.586474 0.620144 -9.967095
 3080.000146 0.561042 0.607153 0.661740 -12.494612
 3081.000146 0.586131 0.579054 0.668960 -11.847821
 3082.000146 0.529805 0.567828 0.605281 -12.852488
 3083.000146 0.324010 0.644778 0.624058 -15.106623
 3084.000146 0.482932 0.612876 0.629590 -13.227464
 3085.000147 0.388627 0.578737 0.624626 -14.415112
 3086.000147 0.153511 0.575814 0.653000 -16.844066
 3087.000147 0.631864 0.573922 0.661016 -10.566507
 3088.000147 0.158243 0.609177 0.643608 -16.713692
 3089.000147 0.323008 0.587501 0.663781 -14.997900
 3090.000147 0.217858 0.602745 0.666251 -16.298719
 3091.000147 0.309802 0.554742 0.633739 -15.069469
 3092.000147 0.513368 0.557150 0.637865 -12.893604
 3093.000147 0.726547 0.603162 0.630900 -7.944212
 3094.000147 0.971515 0.590895 0.615822 0.270606
 3095.000147 -0.275823 0.617714 0.662623 -23.508374
 3096.000147 0.530154 0.599106 0.647515 -12.638450
 3097.000147 0.689396 0.603266 0.601130 -8.858705
 3098.000147 0.569868 0.596462 0.653091 -11.941899
 3099.000147 0.197896 0.635100 0.653315 -16.307369
 3100.000147 0.424750 0.615750 0.654866 -13.797209
 3101.000147 0.652089 0.626724 0.632566 -9.813831
 3102.000147 0.996712 0.535860 0.620536 0.902582
 3103.000147 0.430518 0.590290 0.622833 -13.630251
 3104.000147 0.304703 0.564801 0.678158 -15.050675
 3105.000147 0.194471 0.583370 0.622559 -16.233510
 3106.000148 0.608840 0.587812 0.633914 -10.916213
 3107.000148 0.331785 0.568458 0.619327 -14.668605
 3108.000148 0.389794 0.617963 0.711605 -14.077694
 3109.000148 0.038707 0.625366 0.652580 -18.344566
 3110.000148 0.583198 0.574605 0.664819 -11.457816
 3111.000148 0.381617 0.610299 0.687442 -14.086974
 3112.000148 0.790279 0.629586 0.618116 -5.761906
 3113.000148 0.645776 0.632160 0.664067 -9.859812
 3114.000148 0.411464 0.671239 0.699176 -13.677102
 3115.000148 0.558117 0.625854 0.651226 -11.867892
 3116.000148 0.631663 0.683323 0.672138 -10.134401
 3117.000148 0.743240 0.610244 0.641140 -7.300810
 3118.000148 0.214499 0.606377 0.645674 -16.041522
 3119.000148 0.480041 0.599005 0.604966 -12.876979
 3120.000148 0.165247 0.599750 0.718401 -16.319942
 3121.000148 0.534700 0.672416 0.661619 -12.168019
 3122.000148 0.339830 0.590239 0.643732 -14.369267
 3123.000148 0.530935 0.624841 0.662108 -12.145112
 3124.000148 0.388623 0.595069 0.634051 -13.797622
 3125.000148 -0.227998 0.647024 0.637784 -22.634253
 3126.000148 0.529271 0.619494 0.637773 -12.087910
 3127.000149 0.465633 0.631629 0.638030 -12.807090
 3128.000149 0.760321 0.481396 0.665236 -6.717809
 3129.000149 1.051984 0.571522 0.662806 2.017173
 3130.000149 0.572009 0.561525 0.617579 -11.323555
 3131.000149 -0.019529 0.617392 0.676736 -19.363180
 3132.000149 0.409722 0.585708 0.628857 -13.439169
 3133.000149 0.357177 0.612149 0.663229 -13.983487
 3134.000149 0.542960 0.594840 0.598409 -11.720022
 3135.000149 1.159887 0.524278 0.559532 3.801393
 3136.000149 0.055429 0.571471 0.621897 -17.971947
 3137.000149 0.461074 0.584879 0.666467 -12.726717
 3138.000149 0.523129 0.616969 0.636798 -11.906390
 3139.000149 0.444933 0.590230 0.629676 -12.815240
 3140.000149 0.223158 0.608583 0.666398 -15.874220
 3141.000149 0.330513 0.532775 0.616956 -14.206883
 3142.000149 0.424762 0.571037 0.652030 -12.985072
 3143.000149 0.677150 0.597380 0.638831 -8.879252
 3144.000149 0.559986 0.636781 0.661711 -11.323035
 3145.000149 0.701319 0.588408 0.633996 -8.194711
 3146.000149 0.570777 0.616209 0.655541 -11.089639
 3147.000149 0.175064 0.596889 0.649588 -16.089290
 3148.000150 0.436459 0.616312 0.706663 -12.758174
 3149.000150 0.527062 0.610754 0.628291 -11.609875
 3150.000150 0.442436 0.605452 0.684676 -12.579427
 3151.000150 0.277174 0.621093 0.629024 -15.064085
 3152.000150 0.326766 0.633085 0.675305 -14.099037
 3153.000150 0.584102 0.601650 0.716228 -10.779053
 3154.000150 0.121112 0.590084 0.620714 -16.733672
 3155.000150 0.507953 0.604362 0.718176 -11.709061
 3156.000150 0.426361 0.577566 0.636780 -12.654806
 3157.000150 0.612045 0.609047 0.615782 -10.230414
 3158.000150 -0.069159 0.617041 0.720369 -20.192698
 3159.000150 0.411916 0.601377 0.692875 -12.777569
 3160.000150 0.486710 0.580190 0.682175 -11.842810
 3161.000150 0.578337 0.615434 0.675275 -10.685479
 3162.000150 0.936905 0.625466 0.676160 -0.598310
 3163.000150 0.826635 0.587856 0.646805 -4.293976
 3164.000150 0.548817 0.576250 0.587536 -10.984662
 3165.000150 0.689336 0.531392 0.614174 -8.404066
 3166.000150 -0.305321 0.600844 0.701445 -23.846800
 3167.000150 0.288185 0.628822 0.670411 -14.680084
 3168.000150 0.746954 0.596383 0.625924 -6.953646
 3169.000151 0.498471 0.619372 0.640859 -11.565420
 3170.000151 0.580198 0.600469 0.624518 -10.515145
 3171.000151 0.242542 0.580977 0.658791 -15.411297
 3172.000151 0.383641 0.624055 0.665065 -13.104822
 3173.000151 0.124574 0.626663 0.662716 -16.586706
 3174.000151 0.463367 0.543819 0.680779 -11.906676
 3175.000151 0.349172 0.625767 0.684167 -13.536251
 3176.000151 0.563159 0.589893 0.714701 -10.631854
 3177.000151 0.318455 0.594823 0.611105 -13.909586
 3178.000151 0.973503 0.568803 0.600518 0.494698
 3179.000151 0.318248 0.592244 0.647289 -13.837384
 3180.000151 0.714140 0.602665 0.662554 -7.677981
 3181.000151 0.631414 0.593647 0.666149 -9.595225
 3182.000151 0.325749 0.629281 0.704618 -13.650665
 3183.000151 0.575102 0.580127 0.646701 -10.385152
 3184.000151 0.361171 0.589053 0.695069 -13.153194
 3185.000151 0.215623 0.590590 0.721329 -15.529653
 3186.000151 0.161011 0.626336 0.742256 -15.945558
 3187.000151 -0.153698 0.616693 0.667860 -21.270605
 3188.000151 0.749456 0.569650 0.617715 -6.779486
 3189.000151 0.456130 0.537691 0.676115 -11.899493
 3190.000152 0.438377 0.607881 0.678513 -12.044908
 3191.000152 0.645836 0.583273 0.656438 -9.180306
 3192.000152 0.420766 0.510119 0.630619 -12.190051
 3193.000152 0.592002 0.599108 0.600176 -10.060797
 3194.000152 0.241123 0.592486 0.619738 -15.135896
 3195.000152 0.463429 0.573429 0.703285 -11.627471
 3196.000152 0.730682 0.603326 0.665476 -7.145949
 3197.000152 1.065832 0.598219 0.684228 2.362519
 3198.000152 0.710340 0.642458 0.656227 -7.524650
 3199.000152 0.499930 0.595397 0.656843 -11.177147
 3200.000152 0.600197 0.604310 0.644643 -9.860301
 3201.000152 0.385982 0.616643 0.622788 -12.575675
 3202.000152 0.649896 0.543915 0.703201 -8.881585
 3203.000152 0.292696 0.630203 0.653016 -14.019777
 3204.000152 0.407926 0.566640 0.682840 -12.163029
 3205.000152 0.510614 0.662834 0.674406 -10.953628
 3206.000152 0.476493 0.579891 0.756900 -11.241906
 3207.000152 0.716979 0.641054 0.674078 -7.304696
 3208.000152 0.850203 0.509766 0.658503 -3.379283
 3209.000152 0.577450 0.564527 0.665213 -10.010313
 3210.000152 0.836629 0.562206 0.592651 -3.775293
 3211.000153 0.764588 0.553123 0.611708 -6.086038
 3212.000153 0.852649 0.535564 0.603762 -3.172549
 3213.000153 0.628529 0.547842 0.682501 -9.192523
 3214.000153 0.885563 0.550997 0.639375 -2.086796
 3215.000153 1.238621 0.659614 0.686280 4.284909
 3216.000153 0.422286 0.567746 0.669510 -11.832013
 3217.000153 0.364175 0.646704 0.753561 -12.689383
 3218.000153 0.388917 0.600608 0.696132 -12.214398
 3219.000153 0.529678 0.630276 0.677151 -10.539967
 3220.000153 0.684203 0.566278 0.661779 -7.881871
 3221.000153 0.273486 0.573180 0.634740 -14.305862
 3222.000153 0.537807 0.544558 0.637617 -10.351071
 3223.000153 0.619200 0.514695 0.631538 -9.225020
 3224.000153 0.776791 0.543685 0.616348 -5.582038
 3225.000153 1.723597 0.483738 0.605034 1.008003
 3226.000153 0.697452 0.561312 0.616887 -7.459632
 3227.000153 0.774282 0.520638 0.604722 -5.587069
 3228.000153 0.567997 0.589211 0.656320 -9.852688
 3229.000153 0.644130 0.531784 0.633363 -8.611058
 3230.000153 0.906815 0.550098 0.616242 -1.382446
 3231.000153 0.974686 0.583428 0.648879 0.626145
 3232.000154 0.492727 0.592524 0.615035 -10.819181
 3233.000154 0.722500 0.609431 0.603237 -6.805845
 3234.000154 0.571325 0.555640 0.591627 -9.700805
 3235.000154 0.333467 0.558074 0.687739 -12.989642
 3236.000154 0.014855 0.664145 0.654696 -18.482320
 3237.000154 0.300128 0.575180 0.613465 -13.526641
 3238.000154 0.181281 0.605130 0.621625 -15.579450
 3239.000154 0.524694 0.593870 0.584868 -10.269644
 3240.000154 0.647040 0.571968 0.611023 -8.437457
 3241.000154 0.614769 0.596344 0.629147 -8.968481
 3242.000154 0.240597 0.573384 0.613293 -14.768101
 3243.000154 0.571709 0.562673 0.652952 -9.495850
 3244.000154 0.212109 0.625704 0.664911 -15.078854
 3245.000154 0.792179 0.645492 0.691336 -4.957829
 3246.000154 0.784355 0.592831 0.643039 -5.141554
 3247.000154 0.647959 0.642516 0.698254 -8.291386
 3248.000154 0.354632 0.596295 0.633707 -12.563955
 3249.000154 -0.113759 0.638848 0.648484 -20.571705
 3250.000154 0.601478 0.536488 0.630998 -8.989052
 3251.000154 0.187622 0.574816 0.655778 -15.277902
 3252.000154 0.118171 0.636152 0.675661 -16.403289
 3253.000155 0.752638 0.613500 0.661104 -5.945486
 3254.000155 0.411987 0.607514 0.660071 -11.731415
 3255.000155 0.165312 0.602631 0.612820 -15.454998
 3256.000155 0.199712 0.604474 0.667961 -14.990108
 3257.000155 0.069465 0.583341 0.660367 -17.347718
 3258.000155 0.712028 0.562522 0.630181 -6.774164
 3259.000155 0.325705 0.617947 0.640957 -12.861911
 3260.000155 -0.207562 0.580489 0.631457 -22.086802
 3261.000155 0.201575 0.590331 0.617131 -14.889470
 3262.000155 0.547884 0.605919 0.667904 -9.688920
 3263.000155 0.463121 0.619351 0.662191 -10.989858
 3264.000155 1.208349 0.590856 0.640375 4.175193
 3265.000155 0.847591 0.655433 0.698326 -3.086552
 3266.000155 -0.366976 0.560925 0.639954 -24.802794
 3267.000155 0.257172 0.584207 0.648112 -14.170792
 3268.000155 0.055795 0.589369 0.642771 -17.522075
 3269.000155 0.815459 0.555471 0.645149 -4.018553
 3270.000155 0.761494 0.625864 0.722088 -5.523709
 3271.000155 0.442262 0.629668 0.719412 -11.197749
 3272.000155 0.573922 0.579754 0.659932 -9.244183
 3273.000155 0.413228 0.592391 0.656594 -11.499422
 3274.000156 0.363362 0.630634 0.692989 -12.168077
 3275.000156 0.332726 0.657247 0.694277 -12.536666
 3276.000156 0.328093 0.589522 0.657262 -12.536638
 3277.000156 0.540127 0.576062 0.651908 -9.664748
 3278.000156 0.077489 0.626670 0.648944 -17.011722
 3279.000156 0.389527 0.601437 0.700383 -11.661055
 3280.000156 0.569489 0.613479 0.680186 -9.181736
 3281.000156 0.626846 0.602132 0.647462 -8.446166
 3282.000156 0.614949 0.658620 0.704841 -8.538080
 3283.000156 0.881609 0.583951 0.660630 -1.999555
 3284.000156 0.392632 0.614357 0.714023 -11.548036
 3285.000156 0.794213 0.622677 0.699676 -4.527654
 3286.000156 0.666146 0.555631 0.661871 -7.644857
 3287.000156 0.518806 0.605554 0.673556 -9.866057
 3288.000156 0.874120 0.536682 0.688661 -2.151578
 3289.000156 0.480987 0.634872 0.721167 -10.422179
 3290.000156 0.684172 0.580997 0.688479 -7.188598
 3291.000156 1.838807 0.596480 0.628847 -2.212423
 3292.000156 0.711154 0.596134 0.660278 -6.527272
 3293.000156 0.629987 0.592104 0.685618 -8.110754
 3294.000156 0.624598 0.641185 0.705864 -8.130166
 3295.000157 0.656866 0.585045 0.679336 -7.533545
 3296.000157 0.682383 0.581641 0.614972 -6.994486
 3297.000157 0.585483 0.564093 0.688557 -8.578189
 3298.000157 0.251209 0.637533 0.659627 -14.084904
 3299.000157 0.360983 0.609018 0.640292 -11.868958
 3300.000157 0.642241 0.611958 0.646864 -7.622341
 3301.000157 0.741532 0.596245 0.660146 -5.764454
 3302.000157 0.671827 0.597409 0.685033 -7.023952
 3303.000157 0.420251 0.574785 0.693308 -11.089234
 3304.000157 0.361499 0.618859 0.669406 -11.733741
 3305.000157 0.752975 0.620853 0.628648 -5.444966
 3306.000157 0.259371 0.540867 0.690207 -13.792139
 3307.000157 0.579874 0.643504 0.697592 -8.529233
 3308.000157 0.841385 0.671275 0.741854 -3.010669
 3309.000157 0.585690 0.536029 0.661683 -8.361126
 3310.000157 0.687562 0.641247 0.645771 -6.604495
 3311.000157 0.559115 0.665053 0.774105 -8.746910
 3312.000157 0.732050 0.603309 0.687231 -5.728032
 3313.000157 0.392302 0.562207 0.638999 -11.277317
 3314.000157 0.757825 0.584774 0.639141 -5.166566
 3315.000157 0.588525 0.564620 0.595387 -8.184420
 3316.000158 0.475504 0.628804 0.627721 -10.326914
 3317.000158 0.216900 0.597829 0.614971 -14.388403
 3318.000158 0.543886 0.651434 0.731835 -8.896038
 3319.000158 0.493872 0.599606 0.649297 -9.884999
 3320.000158 0.546281 0.598115 0.653059 -8.754682
 3321.000158 0.743073 0.558811 0.681343 -5.387571
 3322.000158 0.765085 0.602484 0.631866 -4.894115
 3323.000158 0.580260 0.592573 0.663576 -8.149046
 3324.000158 0.909585 0.594373 0.665508 -1.088570
 3325.000158 0.469095 0.652266 0.661395 -10.203066
 3326.000158 0.771614 0.686783 0.717428 -4.702818
 3327.000158 0.072956 0.674286 0.648873 -17.002132
 3328.000158 0.463051 0.645676 0.668027 -10.227728
 3329.000158 0.811828 0.649949 0.689058 -3.669744
 3330.000158 0.200448 0.620640 0.656254 -14.517258
 3331.000158 0.994348 0.637669 0.648406 1.106970
 3332.000158 0.572026 0.568362 0.679104 -8.192569
 3333.000158 0.462129 0.601051 0.588830 -10.163075
 3334.000158 0.148474 0.589289 0.624255 -15.323773
 3335.000158 0.290726 0.619241 0.667379 -12.928553
 3336.000158 0.256117 0.599911 0.622165 -13.601107
 3337.000158 0.420938 0.626531 0.651987 -10.671047
 3338.000159 0.657752 0.612983 0.611076 -6.945922
 3339.000159 0.776320 0.544134 0.581676 -4.469271
 3340.000159 1.167422 0.552926 0.595576 3.939811
 3341.000159 1.018946 0.553508 0.656261 1.584961
 3342.000159 0.400689 0.603612 0.587873 -10.889450
 3343.000159 0.648700 0.610618 0.624051 -7.046061
 3344.000159 0.247571 0.633278 0.662764 -13.668030
 3345.000159 0.583768 0.585430 0.667720 -7.917206
 3346.000159 0.514889 0.633347 0.613006 -9.109162
 3347.000159 0.229532 0.661373 0.672670 -13.846584
 3348.000159 0.454336 0.619303 0.638381 -10.079670
 3349.000159 0.220573 0.600519 0.664708 -13.887022
 3350.000159 0.362293 0.593886 0.679162 -11.382325
 3351.000159 0.307600 0.571081 0.638444 -12.303805
 3352.000159 0.443294 0.622658 0.662028 -10.141150
 3353.000159 0.391811 0.590869 0.673620 -10.767579
 3354.000159 0.552035 0.572689 0.630848 -8.301088
 3355.000159 0.621799 0.553011 0.620080 -7.345286
 3356.000159 0.284366 0.597923 0.688336 -12.700403
 3357.000159 1.379380 0.586404 0.615590 5.027211
 3358.000159 0.347425 0.693617 0.694342 -11.403581
 3359.000160 0.069729 0.576342 0.617203 -16.946033
 3360.000160 -0.190927 0.630860 0.610916 -21.737538
 3361.000160 -0.042633 0.647507 0.619132 -19.510821
 3362.000160 0.061845 0.584472 0.616573 -16.961558
 3363.000160 0.372445 0.518746 0.620782 -10.906672
 3364.000160 0.643741 0.557346 0.600628 -6.959954
 3365.000160 0.302742 0.559411 0.644063 -12.080705
 3366.000160 0.576416 0.574680 0.657230 -7.771731
 3367.000160 0.584182 0.543466 0.647167 -7.601004
 3368.000160 0.911956 0.591925 0.642539 -0.909219
 3369.000160 0.297678 0.612777 0.653622 -12.113859
 3370.000160 -0.018754 0.537257 0.622903 -18.690077
 3371.000160 0.478340 0.606571 0.645443 -9.510595
 3372.000160 0.199621 0.573960 0.711143 -13.998047
 3373.000160 0.146638 0.604618 0.695538 -15.068555
 3374.000160 1.078075 0.527377 0.663628 2.704572
 3375.000160 0.767180 0.530511 0.625388 -4.600321
 3376.000160 0.375525 0.605922 0.624588 -10.739079
 3377.000160 0.759719 0.548914 0.612012 -4.688111
 3378.000160 0.553621 0.598413 0.616604 -7.990652
 3379.000160 0.829722 0.570340 0.640477 -3.039825
 3380.000161 0.672865 0.579153 0.680100 -6.376926
 3381.000161 0.697977 0.566937 0.660518 -5.822891
 3382.000161 0.736251 0.595945 0.661293 -5.001691
 3383.000161 -0.210110 0.621760 0.675734 -21.937262
 3384.000161 0.861720 0.574027 0.719362 -2.160407
 3385.000161 0.568510 0.508676 0.671444 -7.674479
 3386.000161 1.287989 0.568058 0.681202 4.683405
 3387.000161 0.904428 0.574600 0.615208 -1.032177
 3388.000161 1.693785 0.581857 0.651516 1.625130
 3389.000161 1.248783 0.552822 0.596947 4.463551
 3390.000161 1.549868 0.511107 0.569200 3.669376
 3391.000161 0.876927 0.525130 0.618173 -1.680907
 3392.000161 0.652895 0.610900 0.731861 -6.565322
 3393.000161 0.290418 0.564013 0.629137 -12.186783
 3394.000161 -0.103070 0.645546 0.633826 -20.340323
 3395.000161 0.607868 0.608460 0.664672 -7.108056
 3396.000161 0.537733 0.611590 0.668697 -8.140229
 3397.000161 0.328509 0.600721 0.662760 -11.347852
 3398.000161 0.612729 0.660116 0.714190 -6.963415
 3399.000161 0.391508 0.531941 0.646883 -10.453012
 3400.000161 0.232366 0.627151 0.682553 -13.304316
 3401.000162 1.038561 0.593562 0.612515 2.007544
 3402.000162 2.183175 0.572690 0.617071 -18.142743
 3403.000162 0.930275 0.605485 0.660375 -0.288868
 3404.000162 1.329593 0.650514 0.646210 4.998653
 3405.000162 0.817216 0.539051 0.640950 -3.157406
 3406.000162 0.299264 0.614677 0.680696 -11.811698
 3407.000162 0.198135 0.583949 0.682956 -13.828648
 3408.000162 0.571323 0.567949 0.653703 -7.418540
 3409.000162 0.505034 0.497465 0.596324 -8.766895
 3410.000162 1.401134 0.541654 0.655419 5.087271
 3411.000162 0.122939 0.510933 0.650925 -15.538368
 3412.000162 0.016887 0.615004 0.663353 -17.720486
 3413.000162 1.338084 0.529220 0.644223 5.083338
 3414.000162 1.216352 0.508296 0.565720 4.311366
 3415.000162 1.285483 0.579005 0.616167 4.786155
 3416.000162 1.002116 0.523165 0.622058 1.405300
 3417.000162 0.559390 0.532024 0.620438 -7.556084
 3418.000162 1.059503 0.584659 0.614064 2.402575
 3419.000162 -0.190464 0.595095 0.651416 -21.567890
 3420.000162 0.271646 0.645809 0.662357 -12.374446
 3421.000162 -0.050317 0.683294 0.635143 -19.426681
 3422.000163 -0.218765 0.563454 0.729006 -21.955531
 3423.000163 0.763066 0.602672 0.672148 -4.419072
 3424.000163 0.573546 0.580213 0.675746 -7.286799
 3425.000163 0.239580 0.600248 0.709631 -12.921722
 3426.000163 0.377834 0.620977 0.762358 -10.563947
 3427.000163 0.103123 0.612304 0.734991 -15.937704
 3428.000163 0.340750 0.526446 0.703930 -10.953852
 3429.000163 0.580388 0.590842 0.726329 -7.140745
 3430.000163 0.181854 0.592181 0.718134 -13.972651
 3431.000163 -0.132304 0.652345 0.700991 -20.575277
 3432.000163 0.797622 0.544662 0.671990 -3.591790
 3433.000163 0.011592 0.605771 0.723911 -17.727561
 3434.000163 -0.303828 0.600991 0.762688 -23.661456
 3435.000163 0.600789 0.632940 0.739126 -6.887142
 3436.000163 0.419253 0.655896 0.701504 -10.051288
 3437.000163 0.450379 0.611660 0.657055 -9.654347
 3438.000163 0.533022 0.623713 0.719275 -7.844181
 3439.000163 0.857387 0.582877 0.702902 -2.068664
 3440.000163 0.184297 0.570242 0.663717 -13.828761
 3441.000163 0.537855 0.559763 0.704327 -7.656949
 3442.000163 1.185676 0.564297 0.700561 4.159138
 3443.000164 0.353269 0.631004 0.748826 -10.678153
 3444.000164 0.373573 0.701807 0.747043 -10.355546
 3445.000164 0.239352 0.665071 0.751464 -12.769931
 3446.000164 0.106468 0.572739 0.765566 -15.649762
 3447.000164 0.209172 0.631639 0.760988 -13.198724
 3448.000164 0.578489 0.627908 0.687853 -6.949191
 3449.000164 0.208075 0.628051 0.764336 -13.142187
 3450.000164 0.195845 0.613842 0.734818 -13.283431
 3451.000164 0.140923 0.652701 0.697523 -14.530471
 3452.000164 0.637624 0.625730 0.701860 -6.514212
 3453.000164 0.538927 0.684608 0.780764 -7.500285
 3454.000164 0.613575 0.616028 0.728273 -6.586225
 3455.000164 0.184560 0.621191 0.699222 -13.394885
 3456.000164 0.421267 0.617576 0.672118 -9.815170
 3457.000164 0.170022 0.620014 0.712589 -13.619703
 3458.000164 -0.503318 0.580781 0.710294 -26.560415
 3459.000164 0.227604 0.625226 0.686145 -12.627984
 3460.000164 -0.096681 0.565336 0.712807 -20.039655
 3461.000164 0.124582 0.563247 0.699436 -14.725455
 3462.000164 0.582024 0.569221 0.707846 -6.726115
 3463.000164 0.391163 0.585772 0.721227 -10.029428
 3464.000165 0.637853 0.598380 0.729334 -6.362531
 3465.000165 0.256799 0.611307 0.725861 -12.198702
 3466.000165 0.159217 0.582572 0.671526 -13.686835
 3467.000165 -0.615519 0.621623 0.713409 -27.509400
 3468.000165 0.843954 0.552746 0.694058 -2.343842
 3469.000165 1.253388 0.545352 0.627459 4.608011
 3470.000165 0.378976 0.542507 0.650851 -10.097139
 3471.000165 0.449647 0.568834 0.633254 -9.400475
 3472.000165 0.306219 0.584274 0.631724 -11.218085
 3473.000165 -0.104512 0.575791 0.636311 -20.050130
 3474.000165 0.760282 0.616091 0.646918 -4.303601
 3475.000165 0.692582 0.555013 0.633981 -5.667013
 3476.000165 0.964596 0.547334 0.598619 0.676349
 3477.000165 0.837843 0.506269 0.600353 -2.412155
 3478.000165 0.815781 0.573379 0.614509 -2.869677
 3479.000165 1.265674 0.579291 0.599037 4.722417
 3480.000165 0.907043 0.558030 0.591449 -0.750714
 3481.000165 1.480125 0.537472 0.640349 4.628374
 3482.000165 0.085949 0.608843 0.639944 -15.742897
 3483.000165 -0.307835 0.576522 0.681136 -23.675209
 3484.000165 -0.808333 0.544012 0.653466 -26.274002
 3485.000166 -0.630804 0.651950 0.699477 -27.396153
 3486.000166 0.851812 0.614327 0.686574 -1.950308
 3487.000166 -0.338197 0.644974 0.680394 -24.138254
 3488.000166 -0.043770 0.643625 0.716869 -19.046183
 3489.000166 -0.068166 0.652003 0.683410 -19.450259
 3490.000166 0.832864 0.608295 0.727029 -2.329354
 3491.000166 -0.696228 0.604951 0.695627 -27.249508
 3492.000166 0.230510 0.607772 0.682680 -12.411195
 3493.000166 0.771386 0.618137 0.727268 -3.777781
 3494.000166 0.844363 0.546737 0.619008 -1.994879
 3495.000166 0.272038 0.560104 0.714418 -11.789206
 3496.000166 0.000988 0.597851 0.647810 -17.771787
 3497.000166 0.601704 0.575505 0.660830 -6.491874
 3498.000166 1.218991 0.525883 0.572817 4.477583
 3499.000166 1.172001 0.532542 0.691828 4.129555
 3500.000166 1.258003 0.559107 0.695815 4.733445
 3501.000166 1.406283 0.564233 0.656407 5.084341
 3502.000166 1.333022 0.554848 0.656900 5.119082
 3503.000166 2.657550 0.512938 0.649670 -31.634576
 3504.000166 2.208727 0.511743 0.565093 -19.466610
 3505.000166 2.343016 0.516426 0.619388 -27.845065
 3506.000167 2.385607 0.500284 0.644519 -29.238410
 3507.000167 2.484527 0.491807 0.544124 -31.346993
 3508.000167 2.556984 0.535204 0.620594 -32.362013
 3509.000167 2.454811 0.526215 0.643822 -30.505067
 3510.000167 2.284416 0.544325 0.623830 -24.032113
 3511.000167 2.441936 0.503971 0.680386 -30.134136
 3512.000167 2.419227 0.567287 0.637895 -29.632025
 3513.000167 2.311845 0.551715 0.643403 -25.744798
 3514.000167 2.334246 0.529146 0.634751 -26.868962
 3515.000167 2.959686 0.632755 0.698289 -25.764349
 3516.000167 -2.950689 0.582180 0.646506 -17.118785
 3517.000167 -2.630696 0.595824 0.620207 -12.254251
 3518.000167 -2.586311 0.568749 0.722262 -11.884378
 3519.000167 2.829936 0.666395 0.713629 -28.561306
 3520.000167 -3.132997 0.612862 0.706009 -21.000772
 3521.000167 2.872646 0.637605 0.702712 -27.633080
 3522.000167 2.630465 0.631519 0.697599 -31.647294
 3523.000167 3.063541 0.682802 0.699202 -22.955643
 3524.000167 2.975876 0.686241 0.725218 -25.221188
 3525.000167 3.045075 0.651451 0.728062 -23.275947
 3526.000167 3.049323 0.626627 0.688977 -23.085636
 3527.000168 -2.409937 0.562102 0.655735 -9.121594
 3528.000168 -2.568499 0.475450 0.651273 -11.630212
 3529.000168 -2.963327 0.643999 0.655753 -17.379805
 3530.000168 2.671633 0.639114 0.679152 -31.427058
 3531.000168 -2.996005 0.636214 0.673671 -18.217163
 3532.000168 2.745215 0.576808 0.680674 -30.751194
 3533.000168 2.663060 0.663405 0.725997 -31.250992
 3534.000168 2.674962 0.640332 0.719230 -31.097147
 3535.000168 2.989541 0.579765 0.698425 -24.584317
 3536.000168 2.850601 0.583918 0.632943 -27.781931
 3537.000168 -3.097360 0.608416 0.673878 -20.307887
 3538.000168 2.978402 0.529907 0.616202 -24.799959
 3539.000168 2.800486 0.619471 0.698747 -28.854321
 3540.000168 2.637783 0.621804 0.687798 -31.148808
 3541.000168 -2.662425 0.601447 0.659898 -12.247332
 3542.000168 2.524486 0.609729 0.643501 -31.890679
 3543.000168 2.824296 0.626325 0.666962 -28.112015
 3544.000168 3.122235 0.577551 0.664241 -21.431263
 3545.000168 2.571229 0.597572 0.613458 -31.934336
 3546.000168 2.415467 0.503751 0.589543 -29.345940
 3547.000168 2.719433 0.656060 0.641499 -30.759595
 3548.000169 -2.894205 0.587416 0.637599 -16.016258
 3549.000169 2.825311 0.603452 0.678446 -27.979458
 3550.000169 -3.019287 0.630667 0.701084 -18.746266
 3551.000169 -2.696664 0.592546 0.641200 -12.448206
 3552.000169 -2.806624 0.601105 0.647833 -14.296766
 3553.000169 2.732996 0.552439 0.747676 -30.432594
 3554.000169 2.650662 0.594782 0.697572 -30.844563
 3555.000169 2.661953 0.594456 0.627435 -30.664478
 3556.000169 2.698002 0.604685 0.700555 -30.481036
 3557.000169 2.574437 0.568780 0.621803 -31.688453
 3558.000169 2.521299 0.582656 0.632833 -31.527388
 3559.000169 -2.883738 0.588933 0.607908 -15.710491
 3560.000169 -2.663007 0.612348 0.650768 -12.119784
 3561.000169 -2.519832 0.551929 0.585056 -10.815715
 3562.000169 -2.660928 0.524414 0.601551 -12.044748
 3563.000169 -2.472319 0.545108 0.626286 -9.891154
 3564.000169 -2.266488 0.561865 0.616251 -6.285420
 3565.000169 -2.477520 0.540751 0.672314 -9.910209
 3566.000169 -2.523221 0.565374 0.651111 -10.678787
 3567.000169 -3.123478 0.653180 0.651859 -20.578925
 3568.000169 3.111160 0.632688 0.648955 -21.501247
 3569.000170 -2.621357 0.540681 0.592622 -11.884209
 3570.000170 -2.550438 0.561847 0.685730 -11.046878
 3571.000170 -2.354344 0.592694 0.627675 -8.269339
 3572.000170 -2.412543 0.565479 0.662226 -8.979394
 3573.000170 -3.093681 0.653247 0.757897 -20.013571
 3574.000170 -2.889719 0.621052 0.702341 -15.716098
 3575.000170 -2.680079 0.548986 0.696599 -12.029671
 3576.000170 -2.978934 0.626451 0.646582 -17.484123
 3577.000170 -2.787846 0.582912 0.636145 -13.821984
 3578.000170 -2.878041 0.662287 0.733601 -15.403548
 3579.000170 -2.997024 0.648178 0.758123 -17.889543
 3580.000170 -2.539456 0.666647 0.768941 -10.813805
 3581.000170 -3.077055 0.632495 0.710920 -19.607563
 3582.000170 -2.952732 0.644238 0.730942 -16.628005
 3583.000170 -3.060678 0.636734 0.645008 -19.208909
 3584.000170 -2.522465 0.618618 0.732495 -10.476979
 3585.000170 2.741109 0.606025 0.681195 -30.061241
 3586.000170 -2.527564 0.604049 0.672124 -10.483872
 3587.000170 -3.095039 0.607541 0.715243 -19.699531
 3588.000170 2.965464 0.623299 0.708545 -25.039771
 3589.000170 2.885738 0.565066 0.729825 -26.889995
 3590.000171 -3.090549 0.543823 0.716948 -19.536948
 3591.000171 2.622209 0.641838 0.678197 -30.803457
 3592.000171 -2.443674 0.652172 0.671962 -9.226458
 3593.000171 -2.383476 0.656080 0.713223 -8.569986
 3594.000171 -2.668185 0.620902 0.627779 -11.876498
 3595.000171 -2.303465 0.598309 0.641262 -7.106942
 3596.000171 -2.531978 0.615315 0.643303 -10.460111
 3597.000171 -2.622966 0.649439 0.715650 -11.646111
 3598.000171 -2.721301 0.636562 0.674429 -12.453997
 3599.000171 -2.940893 0.652922 0.702018 -16.301891
 3600.000171 -2.624787 0.534889 0.634140 -11.566495
 3601.000171 -2.417899 0.495984 0.570089 -8.832169
 3602.000171 -2.563747 0.536837 0.637441 -10.850995
 3603.000171 -2.772575 0.571243 0.654986 -13.365280
 3604.000171 -2.938098 0.573189 0.668237 -16.172802
 3605.000171 -2.628391 0.608504 0.644741 -11.469652
 3606.000171 -2.375222 0.588143 0.602543 -8.308038
 3607.000171 -2.420726 0.603133 0.636811 -8.744567
 3608.000171 -2.620729 0.644800 0.651362 -11.362580
 3609.000171 -2.320804 0.552951 0.665755 -7.371068
 3610.000171 -2.266310 0.544876 0.595164 -6.158163
 3611.000172 -2.300874 0.605950 0.674149 -6.844648
 3612.000172 -2.187186 0.549115 0.676932 -4.123181
 3613.000172 -2.735744 0.556485 0.629637 -12.573520
 3614.000172 -2.913024 0.629371 0.678495 -15.715744
 3615.000172 -2.665968 0.540614 0.662898 -11.476760
 3616.000172 -2.414385 0.483832 0.643831 -8.580072
 3617.000172 -2.651828 0.567175 0.625208 -11.332475
 3618.000172 -2.575809 0.610021 0.630652 -10.874756
 3619.000172 2.936759 0.620174 0.635817 -25.646651
 3620.000172 -2.214158 0.597769 0.656108 -4.816592
 3621.000172 -2.355820 0.618878 0.649769 -7.772393
 3622.000172 -2.964469 0.590582 0.645369 -16.582650
 3623.000172 -2.869086 0.638129 0.623496 -15.069454
 3624.000172 -2.410740 0.602584 0.638727 -8.433748
 3625.000172 -1.730297 0.494577 0.600780 4.251064
 3626.000172 -1.189221 0.505770 0.636360 -7.869579
 3627.000172 -2.253507 0.615182 0.585626 -5.675389
 3628.000172 -2.527044 0.620376 0.614085 -10.194662
 3629.000172 -2.778251 0.604285 0.643392 -13.326760
 3630.000172 -2.297979 0.609009 0.659076 -6.585072
 3631.000172 -2.843289 0.626974 0.715362 -14.551813
 3632.000173 -2.408183 0.529864 0.599147 -8.323478
 3633.000173 -2.258196 0.592619 0.580389 -5.685283
 3634.000173 -2.727943 0.567983 0.660360 -12.259823
 3635.000173 -2.319552 0.542509 0.608726 -6.899934
 3636.000173 -2.239300 0.529814 0.594540 -5.235420
 3637.000173 -2.625961 0.579087 0.606330 -11.152358
 3638.000173 -2.729541 0.563514 0.636484 -12.203705
 3639.000173 -2.296913 0.534635 0.624640 -6.338149
 3640.000173 -2.501184 0.622430 0.665339 -9.706247
 3641.000173 -2.435455 0.593346 0.664551 -8.571037
 3642.000173 -1.903457 0.539776 0.586417 2.870981
 3643.000173 -1.857360 0.557211 0.595682 3.359813
 3644.000173 -2.440713 0.631788 0.630044 -8.585559
 3645.000173 -2.736892 0.612566 0.644585 -12.274539
 3646.000173 -2.548646 0.605573 0.653198 -10.316990
 3647.000173 -2.724885 0.635170 0.664469 -11.989057
 3648.000173 -2.892690 0.602977 0.653796 -15.247954
 3649.000173 -2.703839 0.600823 0.663419 -11.586802
 3650.000173 -2.274356 0.583899 0.625057 -5.826760
 3651.000173 -2.961007 0.570107 0.624039 -16.332409
 3652.000173 -2.385039 0.578483 0.609644 -7.839172
 3653.000174 -2.114155 0.545685 0.600880 -1.687849
 3654.000174 -2.691590 0.619917 0.658834 -11.344888
 3655.000174 -2.685001 0.571239 0.645247 -11.200460
 3656.000174 -2.222544 0.588544 0.636390 -4.783945
 3657.000174 -2.074151 0.496594 0.554463 -0.433219
 3658.000174 -2.302263 0.561156 0.551199 -6.272957
 3659.000174 -2.782477 0.576915 0.613235 -12.974678
 3660.000174 -2.717092 0.594513 0.638086 -11.544902
 3661.000174 2.886053 0.611225 0.623143 -26.688500
 3662.000174 -2.145779 0.478244 0.573960 -2.620989
 3663.000174 -2.965478 0.627848 0.683133 -16.363389
 3664.000174 -2.198548 0.549308 0.678774 -4.130727
 3665.000174 -2.552572 0.573662 0.609874 -10.309372
 3666.000174 -2.789552 0.592973 0.640404 -13.016651
 3667.000174 -2.476623 0.620312 0.644627 -9.057758
 3668.000174 -2.389248 0.571909 0.608282 -7.781176
 3669.000174 -2.463497 0.610746 0.655774 -8.731537
 3670.000174 -2.424052 0.597978 0.677815 -8.110906
 3671.000174 -2.642689 0.578791 0.652919 -10.925906
 3672.000174 -2.437811 0.567449 0.719337 -8.217677
 3673.000174 -2.566899 0.560668 0.623016 -10.385233
 3674.000175 -2.109212 0.594450 0.697001 -1.383871
 3675.000175 -2.306175 0.643216 0.669422 -6.260686
 3676.000175 -2.531622 0.609405 0.629098 -9.797882
 3677.000175 -2.807104 0.577183 0.640097 -13.395050
 3678.000175 -2.552444 0.631547 0.616943 -10.043582
 3679.000175 -2.129736 0.571382 0.689319 -1.966361
 3680.000175 -2.441099 0.567762 0.588598 -8.197032
 3681.000175 -2.606045 0.594030 0.652194 -10.668288
 3682.000175 -2.855497 0.652304 0.747475 -14.441871
 3683.000175 -2.466803 0.599333 0.596580 -8.521026
 3684.000175 -2.676899 0.580091 0.677630 -10.899914
 3685.000175 -2.728701 0.601721 0.736273 -11.549163
 3686.000175 -2.623378 0.617636 0.682819 -10.634654
 3687.000175 -2.182283 0.597715 0.681951 -3.518236
 3688.000175 -2.427893 0.659414 0.689607 -7.935756
 3689.000175 -2.500430 0.561360 0.613149 -9.037638
 3690.000175 -2.512075 0.588429 0.637413 -9.167279
 3691.000175 -2.838702 0.549555 0.688851 -14.015619
 3692.000175 -2.535664 0.658733 0.683462 -9.484516
 3693.000175 -2.386712 0.541587 0.639784 -7.480376
 3694.000175 -2.655644 0.623738 0.705466 -10.626738
 3695.000176 -2.454359 0.603361 0.653697 -8.101258
 3696.000176 -2.335836 0.544443 0.663728 -6.706045
 3697.000176 -2.339116 0.615965 0.677222 -6.700024
 3698.000176 -2.266324 0.571668 0.655527 -5.387645
 3699.000176 -2.451927 0.563898 0.636855 -8.001092
 3700.000176 -1.561836 0.590159 0.580375 3.172989
 3701.000176 -2.555857 0.584727 0.623691 -9.711707
 3702.000176 -2.674301 0.591103 0.620402 -10.667895
 3703.000176 -2.439491 0.562477 0.653427 -7.791550
 3704.000176 -2.278133 0.562100 0.622684 -5.546396
 3705.000176 -2.436868 0.586581 0.646181 -7.702475
 3706.000176 -2.141519 0.524372 0.576435 -2.252093
 3707.000176 -2.393045 0.540216 0.618213 -7.269624
 3708.000176 -2.678232 0.534551 0.613463 -10.635371
 3709.000176 -2.951282 0.565359 0.611584 -15.930647
 3710.000176 2.357744 0.519315 0.591238 -27.789649
 3711.000176 2.347359 0.538972 0.562774 -27.304396
 3712.000176 2.395377 0.522187 0.624306 -28.611590
 3713.000176 -2.783304 0.596354 0.647766 -12.593392
 3714.000176 -2.077525 0.542560 0.615537 -0.412155
 3715.000176 -2.515880 0.523163 0.625077 -8.940531
 3716.000177 -2.401299 0.453756 0.562399 -7.258548
 3717.000177 -1.557819 0.500261 0.588304 3.149832
 3718.000177 -2.222642 0.509670 0.594757 -4.425766
 3719.000177 2.564469 0.539307 0.597962 -31.531809
 3720.000177 2.681443 0.494655 0.583218 -30.298926
 3721.000177 2.404536 0.520080 0.524735 -28.704108
 3722.000177 2.502095 0.548204 0.603995 -30.972438
 3723.000177 2.533409 0.515763 0.608154 -31.290285
 3724.000177 2.368915 0.477893 0.579418 -27.774057
 3725.000177 2.214113 0.499340 0.605408 -19.701760
 3726.000177 2.396641 0.505623 0.595674 -28.293009
 3727.000177 2.548457 0.576548 0.607116 -31.242361
 3728.000177 2.361301 0.517339 0.573022 -27.376282
 3729.000177 2.454543 0.549031 0.564117 -29.507674
 3730.000177 2.353204 0.485309 0.544025 -27.052771
 3731.000177 2.360485 0.506730 0.627278 -27.139616
 3732.000177 2.324316 0.518708 0.649187 -25.889919
 3733.000177 2.371191 0.482813 0.601734 -27.133595
 3734.000177 2.541149 0.467088 0.534613 -31.071781
 3735.000177 2.186288 0.513629 0.658258 -18.275487
 3736.000177 2.588071 0.515063 0.577760 -30.892136
 3737.000177 2.325579 0.556927 0.589809 -25.762530
 3738.000178 -2.871135 0.612862 0.675404 -14.546276
 3739.000178 -2.826409 0.617713 0.629955 -13.556598
 3740.000178 -2.992298 0.610067 0.668350 -16.973416
 3741.000178 -2.402671 0.556734 0.641971 -7.204461
 3742.000178 -2.663414 0.609849 0.621680 -10.470594
 3743.000178 -2.261304 0.525469 0.612740 -5.124904
 3744.000178 3.108685 0.595511 0.558690 -21.296908
 3745.000178 2.484918 0.604366 0.605093 -30.124932
 3746.000178 -3.049081 0.574656 0.660908 -18.542732
 3747.000178 2.894799 0.548218 0.632306 -26.426273
 3748.000178 2.614972 0.499626 0.573635 -30.500554
 3749.000178 2.281816 0.533218 0.600043 -23.399800
 3750.000178 -2.885447 0.605395 0.652779 -14.644483
 3751.000178 -2.814445 0.632674 0.617837 -13.189126
 3752.000178 2.855543 0.629185 0.665499 -26.947869
 3753.000178 2.892584 0.600805 0.678526 -26.287040
 3754.000178 3.095626 0.580061 0.682166 -21.523391
 3755.000178 2.715752 0.523981 0.601684 -30.140534
 3756.000178 -2.725786 0.623349 0.621990 -11.220623
 3757.000178 -2.199270 0.566073 0.651628 -3.797202
 3758.000178 -1.796522 0.561678 0.625921 3.843582
 3759.000179 -1.817094 0.614972 0.651869 3.720420
 3760.000179 -2.237104 0.548442 0.619905 -4.573001
 3761.000179 -2.586661 0.643545 0.712960 -10.067298
 3762.000179 -2.751019 0.658257 0.665522 -11.661330
 3763.000179 -3.010382 0.635886 0.655521 -17.408664
 3764.000179 -2.539918 0.537602 0.638193 -9.267042
 3765.000179 -3.105816 0.562815 0.646552 -19.572583
 3766.000179 2.409052 0.495391 0.629300 -27.850451
 3767.000179 2.437830 0.523613 0.609579 -28.551231
 3768.000179 2.747583 0.558927 0.617250 -29.744300
 3769.000179 2.881685 0.597389 0.674734 -26.343767
 3770.000179 -2.860234 0.575654 0.649955 -14.040875
 3771.000179 -2.658958 0.636438 0.745381 -10.347603
 3772.000179 -2.629007 0.572973 0.699329 -10.225538
 3773.000179 -2.301588 0.607124 0.681662 -5.771469
 3774.000179 -2.964613 0.640444 0.741445 -16.026124
 3775.000179 -2.796412 0.594192 0.705949 -12.601415
 3776.000179 -2.298300 0.564298 0.691068 -5.641482
 3777.000179 2.822042 0.634578 0.691147 -27.341523
 3778.000179 -2.917880 0.590750 0.676776 -14.976580
 3779.000179 2.839303 0.631545 0.682447 -26.825932
 3780.000180 -2.643999 0.615720 0.709769 -10.177304
 3781.000180 2.553964 0.468434 0.549517 -30.794387
 3782.000180 2.518689 0.486586 0.608298 -30.443041
 3783.000180 2.786355 0.635719 0.730515 -28.273948
 3784.000180 2.982562 0.562224 0.681414 -24.393671
 3785.000180 2.366297 0.603896 0.647655 -26.625523
 3786.000180 2.415375 0.518511 0.589987 -27.703533
 3787.000180 2.887175 0.571382 0.682517 -26.015986
 3788.000180 2.942296 0.659546 0.675474 -25.113862
 3789.000180 2.920802 0.601072 0.665313 -25.365622
 3790.000180 2.600594 0.614600 0.696186 -30.405730
 3791.000180 2.706746 0.563646 0.689901 -29.841184
 3792.000180 2.848400 0.626577 0.730944 -26.319819
 3793.000180 2.662724 0.620821 0.697640 -29.879708
 3794.000180 2.734368 0.607651 0.709897 -29.463464
 3795.000180 3.062388 0.615350 0.714673 -22.206954
 3796.000180 2.998708 0.575747 0.636344 -23.757425
 3797.000180 2.672043 0.574732 0.693087 -29.664754
 3798.000180 2.884174 0.565234 0.648401 -25.697781
 3799.000180 -1.745461 0.574305 0.652697 4.275564
 3800.000180 -2.207257 0.532597 0.665888 -3.858303
 3801.000181 -2.684388 0.527330 0.627772 -10.324925
 3802.000181 2.924754 0.589136 0.664530 -25.039946
 3803.000181 2.990545 0.581679 0.690960 -23.804149
 3804.000181 -2.805701 0.536660 0.619021 -12.680858
 3805.000181 2.531417 0.571336 0.695079 -30.377924
 3806.000181 3.053788 0.632920 0.694226 -22.278688
 3807.000181 2.849201 0.595887 0.658660 -26.059056
 3808.000181 -2.208020 0.509569 0.575739 -3.807811
 3809.000181 2.751349 0.614401 0.697470 -29.001142
 3810.000181 -3.113640 0.590529 0.629032 -19.607690
 3811.000181 3.016706 0.560324 0.641517 -23.043029
 3812.000181 2.846471 0.578311 0.654309 -26.003552
 3813.000181 -2.395197 0.597389 0.637278 -7.021175
 3814.000181 2.341648 0.557965 0.641454 -25.919292
 3815.000181 2.569620 0.458506 0.608756 -30.323920
 3816.000181 2.623025 0.511095 0.646495 -29.825085
 3817.000181 2.517853 0.554080 0.602552 -30.056280
 3818.000181 2.707300 0.500263 0.585503 -29.332635
 3819.000181 2.991036 0.547849 0.656568 -23.479040
 3820.000181 -3.057842 0.606926 0.643288 -18.457522
 3821.000181 -2.967838 0.638533 0.656924 -15.917407
 3822.000182 -3.132558 0.635570 0.672538 -19.857540
 3823.000182 2.503679 0.487371 0.599573 -29.771844
 3824.000182 2.390308 0.543263 0.633021 -26.901494
 3825.000182 2.460782 0.516431 0.595337 -28.686619
 3826.000182 2.955009 0.505433 0.629778 -24.087335
 3827.000182 3.135851 0.608529 0.668040 -20.111204
 3828.000182 2.973563 0.569104 0.632881 -23.645359
 3829.000182 2.591532 0.563061 0.640494 -29.913009
 3830.000182 3.018662 0.589958 0.632355 -22.731934
 3831.000182 2.204006 0.582005 0.615365 -18.980605
 3832.000182 -2.951694 0.524515 0.625065 -15.454876
 3833.000182 2.669218 0.584739 0.608524 -29.319380
 3834.000182 3.137133 0.636934 0.665505 -19.984614
 3835.000182 2.454489 0.556078 0.594392 -28.402589
 3836.000182 3.012947 0.558742 0.617130 -22.708292
 3837.000182 2.933027 0.621917 0.614632 -24.190094
 3838.000182 -3.068451 0.586850 0.598507 -18.497508
 3839.000182 -2.921457 0.614565 0.626451 -14.832105
 3840.000182 3.008055 0.658109 0.718182 -22.660354
 3841.000182 -2.991928 0.587481 0.612110 -16.353490
 3842.000182 2.572147 0.469364 0.549290 -29.821852
 3843.000183 2.572537 0.463201 0.554610 -29.692013
 3844.000183 2.379934 0.481497 0.608210 -26.530877
 3845.000183 2.298330 0.503115 0.566888 -24.055056
 3846.000183 -2.659235 0.586649 0.679054 -10.062599
 3847.000183 -3.106311 0.528918 0.600933 -19.042167
 3848.000183 -2.536776 0.488925 0.620021 -9.112830
 3849.000183 2.852311 0.490296 0.669330 -25.745876
 3850.000183 2.573401 0.509652 0.568727 -29.564237
 3851.000183 -3.101154 0.605315 0.669632 -18.868849
 3852.000183 -3.089124 0.534982 0.645601 -18.587657
 3853.000183 2.766454 0.486230 0.649792 -28.305176
 3854.000183 2.615009 0.610194 0.660764 -29.315020
 3855.000183 2.713169 0.569903 0.614454 -29.033275
 3856.000183 2.758049 0.598931 0.628687 -28.383672
 3857.000183 -3.106572 0.645819 0.647492 -18.774585
 3858.000183 -3.073652 0.625020 0.642016 -18.200790
 3859.000183 3.130750 0.617724 0.686004 -19.651188
 3860.000183 -2.541407 0.512510 0.663865 -9.119168
 3861.000183 -2.503621 0.493151 0.588672 -8.463900
 3862.000183 -2.289263 0.561734 0.649610 -5.296904
 3863.000183 -2.626089 0.598904 0.628811 -9.939621
 3864.000184 2.831791 0.643560 0.666191 -26.067995
 3865.000184 -3.017819 0.582617 0.586191 -16.959498
 3866.000184 -2.378982 0.546286 0.676430 -6.762376
 3867.000184 -3.021627 0.585655 0.613969 -16.977473
 3868.000184 2.604349 0.540617 0.624262 -29.238668
 3869.000184 -2.485478 0.579510 0.592005 -8.060762
 3870.000184 2.628069 0.547953 0.644758 -29.028732
 3871.000184 3.119000 0.599474 0.684381 -19.905370
 3872.000184 -3.123959 0.569454 0.663099 -18.801325
 3873.000184 2.842939 0.580673 0.661304 -25.724885
 3874.000184 2.972680 0.473627 0.623220 -23.136514
 3875.000184 -2.901511 0.565910 0.660422 -14.439300
 3876.000184 -3.084821 0.573279 0.631416 -18.081832
 3877.000184 -2.304857 0.525954 0.638983 -5.513324
 3878.000184 2.464383 0.569282 0.631961 -28.479484
 3879.000184 -2.703515 0.560108 0.643430 -10.445474
 3880.000184 3.021820 0.636393 0.667204 -22.240605
 3881.000184 -3.048035 0.653728 0.679452 -17.422791
 3882.000184 -3.140085 0.626670 0.690992 -18.962975
 3883.000184 3.099132 0.647365 0.688465 -20.182830
 3884.000184 -2.997973 0.557901 0.629907 -16.234714
 3885.000185 -2.268931 0.503020 0.587511 -4.802996
 3886.000185 3.138982 0.558703 0.632311 -18.945778
 3887.000185 2.827789 0.550293 0.621809 -25.954162
 3888.000185 -2.972341 0.571708 0.639143 -15.540932
 3889.000185 -2.882058 0.598575 0.684994 -14.044733
 3890.000185 -2.856547 0.556009 0.639129 -13.536440
 3891.000185 2.840493 0.629706 0.647508 -25.578552
 3892.000185 2.766478 0.591420 0.646445 -27.728923
 3893.000185 2.837537 0.621819 0.701289 -25.522538
 3894.000185 -2.819208 0.515859 0.629325 -12.789330
 3895.000185 2.667232 0.601606 0.636025 -28.852863
 3896.000185 3.126768 0.575459 0.639499 -19.170460
 3897.000185 2.707547 0.589603 0.682951 -28.638967
 3898.000185 -2.322314 0.503213 0.618824 -5.723869
 3899.000185 3.065629 0.583933 0.656849 -20.938096
 3900.000185 -2.762553 0.470725 0.584152 -11.566274
 3901.000185 2.909467 0.516539 0.626874 -24.375845
 3902.000185 -3.057155 0.652719 0.707209 -17.315670
 3903.000185 2.706793 0.533362 0.608409 -28.500746
 3904.000185 -2.788637 0.558557 0.646457 -12.007334
 3905.000185 2.312234 0.563882 0.602165 -24.562217
 3906.000186 2.412583 0.538402 0.613548 -27.003763
 3907.000186 -3.031772 0.625162 0.635900 -16.751434
 3908.000186 -2.064405 0.535178 0.625516 0.002018
 3909.000186 -2.824554 0.580962 0.613857 -12.653411
 3910.000186 2.634442 0.619199 0.686188 -28.689018
 3911.000186 -2.323245 0.504928 0.577123 -5.647704
 3912.000186 -2.620473 0.615572 0.623609 -9.806850
 3913.000186 3.022505 0.612462 0.644952 -21.880052
 3914.000186 2.920535 0.623414 0.696638 -23.971665
 3915.000186 -2.602593 0.509648 0.605386 -9.659597
 3916.000186 2.867470 0.609172 0.643068 -24.828777
 3917.000186 -3.052416 0.623040 0.717344 -17.064616
 3918.000186 -3.084671 0.625846 0.629000 -17.515502
 3919.000186 -3.137004 0.599556 0.662342 -18.396654
 3920.000186 -3.119979 0.587653 0.612887 -17.954751
 3921.000186 2.506700 0.556455 0.668716 -29.091630
 3922.000186 2.559064 0.500340 0.568674 -29.102038
 3923.000186 2.366944 0.516038 0.626733 -25.923349
 3924.000186 -2.914687 0.646705 0.735842 -14.292673
 3925.000186 2.898005 0.582578 0.633189 -24.284216
 3926.000186 2.555167 0.570583 0.624299 -29.003323
 3927.000187 2.958487 0.626429 0.653522 -22.964868
 3928.000187 2.301660 0.486650 0.554939 -23.974507
 3929.000187 1.190684 0.512811 0.614677 4.339800
 3930.000187 1.717716 0.509674 0.567433 1.069226
 3931.000187 1.906848 0.518620 0.577922 -4.606161
 3932.000187 2.162570 0.518122 0.599496 -17.008062
 3933.000187 1.234905 0.480095 0.584993 4.671566
 3934.000187 2.186602 0.560374 0.568138 -17.988634
 3935.000187 1.548888 0.493138 0.582848 3.611518
 3936.000187 1.525471 0.547434 0.574021 3.997694
 3937.000187 1.379437 0.536571 0.593769 5.297169
 3938.000187 2.072809 0.578511 0.577361 -11.694054
 3939.000187 2.131218 0.468617 0.538587 -15.011354
 3940.000187 1.495987 0.510147 0.540330 4.646707
 3941.000187 1.435852 0.498992 0.563192 5.255245
 3942.000187 0.817662 0.533306 0.577686 -2.460626
 3943.000187 0.866057 0.487815 0.550813 -1.390141
 3944.000187 0.396467 0.448745 0.573693 -9.749240
 3945.000187 1.380386 0.506729 0.571408 5.363827
 3946.000187 0.616263 0.491862 0.531736 -6.280979
 3947.000187 1.976709 0.530943 0.567698 -7.336973
 3948.000188 1.250548 0.519509 0.570225 4.905102
 3949.000188 0.960897 0.463821 0.543951 0.699535
 3950.000188 0.735558 0.490917 0.537092 -4.501432
 3951.000188 1.280510 0.521215 0.571245 5.084128
 3952.000188 1.420161 0.513170 0.572981 5.363173
 3953.000188 1.349344 0.527965 0.565065 5.389162
 3954.000188 0.780393 0.480758 0.548974 -3.301547
 3955.000188 1.259855 0.515781 0.603881 5.026522
 3956.000188 2.009298 0.543610 0.598841 -8.638551
 3957.000188 1.123780 0.527175 0.615027 3.605738
 3958.000188 0.672269 0.502500 0.543967 -5.808729
 3959.000188 1.332199 0.527649 0.527995 5.389692
 3960.000188 1.117780 0.506719 0.541903 3.539254
 3961.000188 0.520619 0.499292 0.578155 -7.778270
 3962.000188 0.803410 0.515753 0.580921 -2.705100
 3963.000188 1.033430 0.511894 0.570794 2.065900
 3964.000188 1.557050 0.528522 0.529350 3.737046
 3965.000188 1.003858 0.476273 0.572227 1.639149
 3966.000188 1.296995 0.487792 0.535071 5.262767
 3967.000188 0.942476 0.531039 0.600101 0.312185
 3968.000188 0.806127 0.482308 0.579435 -2.603326
 3969.000189 2.266001 0.489360 0.571448 -21.865040
 3970.000189 1.614132 0.513923 0.570196 2.956103
 3971.000189 1.869927 0.529387 0.556283 -3.220510
 3972.000189 1.113156 0.482470 0.576188 3.491130
 3973.000189 1.985476 0.513107 0.548777 -7.658458
 3974.000189 0.806641 0.504993 0.586190 -2.542663
 3975.000189 0.454366 0.533340 0.551665 -9.219767
 3976.000189 1.264945 0.490552 0.558811 5.108933
 3977.000189 1.088711 0.532962 0.591190 3.086031
 3978.000189 1.885694 0.528752 0.578894 -3.683934
 3979.000189 0.944782 0.523754 0.594555 0.418487
 3980.000189 0.695181 0.478473 0.555278 -5.379146
 3981.000189 0.123011 0.514407 0.561607 -14.604087
 3982.000189 -0.814739 0.593221 0.564632 -26.024604
 3983.000189 -0.406901 0.475382 0.570659 -25.311636
 3984.000189 -0.791274 0.522907 0.612074 -26.389370
 3985.000189 -0.341523 0.552676 0.641807 -24.088434
 3986.000189 -0.308734 0.599910 0.577638 -23.445600
 3987.000189 -0.063596 0.480697 0.624891 -19.247043
 3988.000189 -0.779978 0.519460 0.610409 -26.440899
 3989.000189 -0.657605 0.496810 0.578920 -27.182053
 3990.000190 -0.613986 0.527699 0.588369 -27.250656
 3991.000190 -0.757925 0.514677 0.604912 -26.572897
 3992.000190 0.526375 0.569367 0.668218 -7.572533
 3993.000190 -0.582581 0.551460 0.617394 -27.165251
 3994.000190 -0.852113 0.593187 0.564827 -24.651631
 3995.000190 -0.415014 0.617933 0.594548 -25.275786
 3996.000190 -0.626564 0.530304 0.594775 -27.013063
 3997.000190 -0.581994 0.523919 0.583875 -26.989972
 3998.000190 -0.225414 0.611457 0.644444 -21.979957
 3999.000190 -0.409193 0.580143 0.632336 -25.062612
 4000.000190 -0.699053 0.623305 0.622206 -26.873472
 4001.000190 -0.403441 0.613369 0.631828 -24.858345
 4002.000190 0.081631 0.552204 0.580306 -15.705879
 4003.000190 -0.387465 0.530267 0.607185 -24.493636
 4004.000190 -0.717074 0.592393 0.605786 -26.688251
 4005.000190 -0.362484 0.567026 0.632839 -24.033114
 4006.000190 0.014585 0.578542 0.626018 -17.263701
 4007.000190 -0.621354 0.596421 0.600670 -26.774980
 4008.000190 -0.515182 0.582409 0.582058 -26.470151
 4009.000190 1.071592 0.464895 0.554310 2.825832
 4010.000190 1.711098 0.512869 0.562535 1.244140
 4011.000191 1.461913 0.480148 0.527104 5.095066
 4012.000191 1.974589 0.489276 0.520515 -7.143530
 4013.000191 2.057824 0.559658 0.563184 -10.711603
 4014.000191 -0.200567 0.490484 0.592241 -21.473203
 4015.000191 0.874558 0.485295 0.571797 -1.098015
 4016.000191 0.828124 0.520134 0.584557 -1.996339
 4017.000191 1.376043 0.505016 0.605475 5.439826
 4018.000191 0.985183 0.491106 0.538913 1.401146
 4019.000191 2.171607 0.522955 0.571207 -17.063322
 4020.000191 1.447381 0.539447 0.585924 5.280785
 4021.000191 0.272945 0.663332 0.645406 -11.748679
 4022.000191 0.001149 0.621269 0.631635 -17.545860
 4023.000191 0.191709 0.620888 0.610196 -12.841232
 4024.000191 0.381702 0.576538 0.636366 -9.932949
 4025.000191 0.097941 0.605071 0.623335 -15.156737
 4026.000191 -0.223436 0.602393 0.660849 -21.785992
 4027.000191 0.116929 0.609836 0.643532 -14.554344
 4028.000191 1.230417 0.570137 0.575402 4.900318
 4029.000191 0.445701 0.600663 0.670645 -9.254670
 4030.000191 0.438371 0.610992 0.634885 -9.257806
 4031.000191 0.008696 0.568011 0.653260 -17.218342
 4032.000192 -0.500101 0.631666 0.661802 -26.275686
 4033.000192 -0.126695 0.623278 0.653871 -20.128754
 4034.000192 -0.556207 0.577641 0.640634 -26.632283
 4035.000192 0.030757 0.586217 0.637570 -16.603934
 4036.000192 -0.104689 0.582596 0.663628 -19.678679
 4037.000192 -0.167627 0.613423 0.616143 -20.703800
 4038.000192 0.261921 0.571029 0.652333 -11.795816
 4039.000192 2.227764 0.516729 0.589722 -19.605205
 4040.000192 2.524456 0.559047 0.608330 -28.918792
 4041.000192 2.311959 0.502590 0.559399 -24.035039
 4042.000192 2.508529 0.498112 0.587987 -28.741039
 4043.000192 2.909511 0.596103 0.587825 -23.891656
 4044.000192 2.913946 0.597090 0.576828 -23.711272
 4045.000192 2.714075 0.644782 0.637112 -28.332173
 4046.000192 -2.628675 0.623512 0.630229 -9.642490
 4047.000192 2.847264 0.634373 0.663870 -24.829097
 4048.000192 2.537635 0.573029 0.629721 -28.699070
 4049.000192 3.068440 0.572718 0.641454 -20.595693
 4050.000192 -2.236201 0.555993 0.597520 -4.157899
 4051.000192 -2.385131 0.609148 0.628079 -6.589590
 4052.000192 -2.178995 0.535108 0.610842 -3.024624
 4053.000193 -2.405245 0.453955 0.564975 -6.745710
 4054.000193 3.013935 0.595917 0.611366 -21.799928
 4055.000193 -2.547746 0.584945 0.604779 -8.921727
 4056.000193 3.008699 0.584623 0.643628 -21.791748
 4057.000193 2.848617 0.547484 0.600511 -24.721934
 4058.000193 -2.652971 0.609399 0.590859 -9.618715
 4059.000193 2.485981 0.562314 0.620171 -28.342841
 4060.000193 2.348779 0.485770 0.557025 -25.136070
 4061.000193 2.561424 0.575319 0.616672 -28.572159
 4062.000193 2.466374 0.494589 0.615175 -27.884097
 4063.000193 2.562094 0.544644 0.616215 -28.439142
 4064.000193 3.074475 0.644172 0.633553 -20.284500
 4065.000193 -2.865642 0.569121 0.648594 -13.350909
 4066.000193 -2.964078 0.617768 0.649194 -15.081903
 4067.000193 2.791640 0.572603 0.613564 -26.320319
 4068.000193 2.523631 0.595752 0.638382 -28.242684
 4069.000193 -2.770069 0.600820 0.608103 -11.510843
 4070.000193 2.486175 0.585196 0.636057 -27.960353
 4071.000193 -3.036101 0.611964 0.632350 -16.584759
 4072.000193 -2.690616 0.569988 0.658005 -9.929206
 4073.000193 3.132071 0.627332 0.683509 -18.527876
 4074.000194 2.984405 0.549231 0.639737 -22.071460
 4075.000194 -3.096848 0.550842 0.565574 -17.411621
 4076.000194 -2.374581 0.534430 0.623355 -6.327672
 4077.000194 3.137181 0.597595 0.602110 -18.228265
 4078.000194 -2.941228 0.603959 0.662200 -14.548435
 4079.000194 2.932506 0.603653 0.626723 -23.058114
 4080.000194 2.901244 0.610189 0.643044 -23.614401
 4081.000194 3.063669 0.580397 0.612507 -20.341141
 4082.000194 2.383481 0.483613 0.611606 -25.870014
 4083.000194 2.458519 0.554702 0.620382 -27.422514
 4084.000194 2.361618 0.554947 0.623970 -25.264821
 4085.000194 2.736863 0.686795 0.667967 -27.879826
 4086.000194 2.720301 0.651695 0.634415 -27.985996
 4087.000194 -2.958209 0.616781 0.581189 -14.786084
 4088.000194 -2.719679 0.603971 0.642143 -10.379135
 4089.000194 2.798959 0.567019 0.625430 -25.896322
 4090.000194 -3.092723 0.589167 0.633060 -17.229198
 4091.000194 2.769870 0.668848 0.643931 -26.759741
 4092.000194 -2.081476 0.531354 0.578828 -0.344972
 4093.000194 2.905752 0.684174 0.681152 -23.427665
 4094.000194 2.672427 0.623833 0.648518 -28.196462
 4095.000195 2.509278 0.637794 0.652812 -27.898516
 4096.000195 3.060565 0.607758 0.619376 -20.337929
 4097.000195 2.524324 0.595291 0.605240 -27.862019
 4098.000195 -3.059657 0.623240 0.604959 -16.748400
 4099.000195 3.010381 0.626291 0.668124 -21.362494
 4100.000195 2.769825 0.590339 0.660345 -26.645330
 4101.000195 2.595363 0.571228 0.603061 -28.247483
 4102.000195 2.607582 0.577742 0.624093 -28.154141
 4103.000195 2.916731 0.595761 0.612925 -23.097172
 4104.000195 2.657953 0.609737 0.667228 -28.009086
 4105.000195 3.039060 0.546945 0.568364 -20.709123
 4106.000195 2.947505 0.629042 0.619325 -22.368975
 4107.000195 2.241829 0.564004 0.603099 -20.219512
 4108.000195 2.789594 0.556074 0.604050 -25.971613
 4109.000195 2.534807 0.528405 0.558307 -27.773172
 4110.000195 2.983659 0.552526 0.590128 -21.625318
 4111.000195 2.678232 0.612433 0.657703 -27.862588
 4112.000195 2.397964 0.554427 0.576035 -26.001877
 4113.000195 2.406742 0.529187 0.580050 -26.077176
 4114.000195 2.232765 0.531763 0.614910 -19.670010
 4115.000195 2.451627 0.527783 0.604542 -26.907198
 4116.000195 2.497073 0.493595 0.571545 -27.416760
 4117.000196 2.509781 0.551407 0.635443 -27.372024
 4118.000196 2.684483 0.614214 0.664017 -27.706062
 4119.000196 2.698300 0.587590 0.678871 -27.517150
 4120.000196 2.501731 0.565660 0.627278 -27.214182
 4121.000196 2.558822 0.556163 0.628867 -27.523371
 4122.000196 2.286364 0.533463 0.588732 -22.263015
 4123.000196 2.341596 0.505853 0.627810 -24.421536
 4124.000196 2.213372 0.530583 0.611382 -18.700272
 4125.000196 2.192172 0.561774 0.669698 -17.749826
 4126.000196 2.424869 0.542980 0.635106 -26.181267
 4127.000196 2.429169 0.592863 0.598731 -26.157081
 4128.000196 -2.989075 0.650341 0.638174 -15.394846
 4129.000196 -2.712967 0.675663 0.666078 -10.214112
 4130.000196 2.985628 0.615171 0.600297 -21.503558
 4131.000196 2.876505 0.667374 0.699332 -23.719285
 4132.000196 -2.923223 0.584483 0.666494 -14.151851
 4133.000196 2.687603 0.589106 0.597052 -27.468644
 4134.000196 3.112662 0.643455 0.635183 -18.715463
 4135.000196 -2.620566 0.562511 0.603543 -9.484535
 4136.000196 2.770064 0.610697 0.646572 -26.367984
 4137.000196 3.007437 0.644402 0.569069 -21.050107
 4138.000197 2.884800 0.637129 0.599592 -23.449332
 4139.000197 3.027616 0.648182 0.647807 -20.633699
 4140.000197 2.874446 0.523530 0.647173 -23.551924
 4141.000197 -2.641433 0.517124 0.621661 -9.406699
 4142.000197 -2.391016 0.588988 0.597672 -6.491039
 4143.000197 -2.886168 0.640008 0.620544 -13.578227
 4144.000197 2.833990 0.577005 0.603174 -24.334659
 4145.000197 2.728432 0.637611 0.609807 -27.008650
 4146.000197 -3.004224 0.582242 0.599341 -15.588971
 4147.000197 2.546294 0.546135 0.609187 -27.289936
 4148.000197 -2.641609 0.653341 0.666642 -9.341818
 4149.000197 -3.086500 0.614867 0.667072 -16.953394
 4150.000197 -2.700546 0.691069 0.718497 -9.826946
 4151.000197 2.746239 0.611016 0.634122 -26.646025
 4152.000197 -2.553840 0.579372 0.566287 -8.934361
 4153.000197 -2.035821 0.577676 0.608413 0.648382
 4154.000197 -2.805336 0.603738 0.630545 -12.037896
 4155.000197 -2.652296 0.611565 0.615348 -9.254223
 4156.000197 -2.391287 0.543722 0.567498 -6.424782
 4157.000197 -2.355454 0.575778 0.621259 -5.953349
 4158.000197 -2.942691 0.636423 0.639555 -14.281370
 4159.000198 -1.501583 0.504714 0.601148 2.205244
 4160.000198 -1.962761 0.539302 0.567110 2.000632
 4161.000198 -2.319436 0.554442 0.610359 -5.408972
 4162.000198 3.077083 0.527178 0.630939 -19.558231
 4163.000198 -2.763902 0.602696 0.618891 -11.052879
 4164.000198 -2.266644 0.604485 0.681625 -4.561031
 4165.000198 -2.499710 0.595022 0.681202 -8.114657
 4166.000198 -2.867921 0.612345 0.648749 -13.116462
 4167.000198 -3.118568 0.641258 0.668896 -17.345818
 4168.000198 -2.918610 0.650320 0.702275 -13.812137
 4169.000198 -2.687519 0.638000 0.663868 -9.481106
 4170.000198 -2.898221 0.573455 0.599862 -13.459354
 4171.000198 -2.458062 0.596409 0.665336 -7.242000
 4172.000198 -2.869090 0.690558 0.663691 -12.972038
 4173.000198 -2.644955 0.664847 0.678471 -9.130394
 4174.000198 -3.040944 0.631826 0.609028 -16.180544
 4175.000198 -2.838904 0.635027 0.606294 -12.436138
 4176.000198 -2.539779 0.605024 0.644585 -8.600839
 4177.000198 -2.118040 0.629632 0.604057 -1.272203
 4178.000198 -2.522726 0.546101 0.632084 -8.306449
 4179.000198 -2.068008 0.531997 0.597943 0.079164
 4180.000199 -1.757148 0.549833 0.539272 4.254642
 4181.000199 -2.035739 0.505954 0.556637 0.766971
 4182.000199 -2.142469 0.510522 0.533143 -1.889320
 4183.000199 -1.001615 0.490522 0.554614 -18.538711
 4184.000199 -2.402714 0.545726 0.574568 -6.388235
 4185.000199 -1.606603 0.584821 0.612476 3.913600
 4186.000199 -2.074127 0.459624 0.570572 0.056069
 4187.000199 -1.950225 0.540893 0.595558 2.256150
 4188.000199 -2.761767 0.555358 0.641194 -10.899869
 4189.000199 -2.236436 0.547135 0.651120 -4.062467
 4190.000199 -2.471777 0.638492 0.675851 -7.377723
 4191.000199 -1.975993 0.481526 0.582650 1.875958
 4192.000199 -2.531786 0.558549 0.591087 -8.339295
 4193.000199 -2.342458 0.611076 0.636837 -5.636434
 4194.000199 -3.013903 0.634253 0.622198 -15.598874
 4195.000199 -2.039803 0.558122 0.582341 0.823643
 4196.000199 -1.811770 0.598474 0.600095 3.868153
 4197.000199 3.046208 0.581421 0.627345 -20.156583
 4198.000199 -2.540541 0.600891 0.623572 -8.406927
 4199.000199 -2.282502 0.560199 0.672617 -4.703771
 4200.000199 -2.594938 0.551036 0.648349 -9.013675
 4201.000200 -3.082246 0.594313 0.657556 -16.650718
 4202.000200 -2.655022 0.530679 0.631572 -9.037349
 4203.000200 -2.627283 0.586877 0.677823 -8.949765
 4204.000200 -2.632391 0.602660 0.650905 -8.877075
 4205.000200 -2.370191 0.574429 0.664508 -5.874541
 4206.000200 -1.220474 0.578045 0.617671 -6.033712
 4207.000200 -2.466388 0.555423 0.605607 -7.133794
 4208.000200 -2.173819 0.581924 0.622858 -2.716062
 4209.000200 -2.017913 0.531825 0.630974 1.288265
 4210.000200 3.068019 0.588304 0.580065 -19.584238
 4211.000200 -2.275251 0.578167 0.602348 -4.480032
 4212.000200 -3.113775 0.608669 0.650453 -17.039915
 4213.000200 -2.900879 0.560565 0.645424 -13.286577
 4214.000200 -2.124518 0.527846 0.627813 -1.166320
 4215.000200 -2.836075 0.542506 0.656320 -12.263939
 4216.000200 -2.810369 0.630565 0.599547 -11.770221
 4217.000200 2.809971 0.543859 0.596290 -24.873891
 4218.000200 -2.977427 0.543250 0.599720 -14.631591
 4219.000200 -3.088257 0.617377 0.595919 -16.579435
 4220.000200 -2.921560 0.561763 0.630125 -13.446621
 4221.000200 3.120138 0.562833 0.599059 -18.045993
 4222.000201 -2.844188 0.565010 0.627470 -12.225121
 4223.000201 -2.931781 0.644543 0.635081 -13.517564
 4224.000201 -2.811812 0.566242 0.614437 -11.669930
 4225.000201 -1.880679 0.651497 0.641759 3.325753
 4226.000201 -2.534787 0.551304 0.576672 -8.166693
 4227.000201 -2.347461 0.606879 0.601018 -5.498120
 4228.000201 -2.381202 0.521930 0.580057 -5.869528
 4229.000201 -2.431544 0.622930 0.664969 -6.444293
 4230.000201 -2.519346 0.539417 0.567655 -7.883845
 4231.000201 -2.407736 0.644949 0.675797 -6.072060
 4232.000201 -2.922742 0.588076 0.625303 -13.297880
 4233.000201 -2.300882 0.606825 0.609107 -4.759980
 4234.000201 -2.151417 0.471545 0.533037 -1.932993
 4235.000201 -3.126420 0.554359 0.634242 -17.067471
 4236.000201 3.117408 0.563996 0.607421 -17.942314
 4237.000201 -2.944092 0.639767 0.629237 -13.594470
 4238.000201 -2.563023 0.475403 0.563801 -8.409123
 4239.000201 -2.501886 0.630441 0.580451 -7.528335
 4240.000201 -2.338511 0.615442 0.586677 -5.183953
 4241.000201 2.965096 0.593778 0.590331 -21.517492
 4242.000201 -2.416242 0.546233 0.608622 -6.079108
 4243.000202 -1.792444 0.520605 0.575063 4.117274
 4244.000202 -3.038867 0.554497 0.579822 -15.793877
 4245.000202 2.833679 0.589687 0.597729 -24.160593
 4246.000202 2.936143 0.643032 0.619622 -22.082056
 4247.000202 2.694676 0.560587 0.606430 -27.087027
 4248.000202 -2.344731 0.619387 0.648903 -5.193972
 4249.000202 -2.688614 0.620977 0.597288 -9.220188
 4250.000202 -2.909169 0.628316 0.658394 -12.982403
 4251.000202 -2.495702 0.636336 0.653787 -7.340121
 4252.000202 -2.507956 0.550255 0.643369 -7.450174
 4253.000202 3.136723 0.598289 0.673760 -17.351607
 4254.000202 -2.411210 0.636792 0.701556 -5.921030
 4255.000202 -2.563646 0.596031 0.643255 -8.206924
 4256.000202 -1.635576 0.528398 0.653612 4.263749
 4257.000202 3.107496 0.621524 0.626849 -18.030369
 4258.000202 3.132805 0.578168 0.622291 -17.300999
 4259.000202 -2.372924 0.563937 0.661006 -5.434200
 4260.000202 -2.603653 0.568109 0.678456 -8.631631
 4261.000202 -2.902266 0.616473 0.680498 -12.822104
 4262.000202 2.854797 0.593349 0.662750 -23.603907
 4263.000202 3.037268 0.540572 0.607485 -19.826511
 4264.000203 -2.960562 0.539318 0.679085 -13.739769
 4265.000203 2.788100 0.587526 0.603222 -25.232750
 4266.000203 -2.875577 0.643179 0.639461 -12.410942
 4267.000203 -2.254224 0.564769 0.693438 -4.076433
 4268.000203 -2.207622 0.531932 0.584412 -3.308816
 4269.000203 -3.009957 0.631680 0.656397 -15.007821
 4270.000203 -3.108199 0.513106 0.594143 -16.500103
 4271.000203 -3.021110 0.604584 0.638493 -15.200541
 4272.000203 -2.851935 0.598595 0.625627 -12.053234
 4273.000203 -2.644630 0.605945 0.626291 -8.700971
 4274.000203 -2.914391 0.579183 0.705039 -12.748685
 4275.000203 -1.709534 0.569833 0.633679 4.467134
 4276.000203 -1.586948 0.510683 0.540832 3.730794
 4277.000203 -1.410258 0.488448 0.565376 0.141887
 4278.000203 -1.513399 0.551300 0.571883 2.542094
 4279.000203 -1.577018 0.537603 0.612233 3.646995
 4280.000203 -1.897478 0.504064 0.583085 3.153319
 4281.000203 -2.571000 0.584646 0.628056 -8.222949
 4282.000203 -2.979812 0.627898 0.662930 -14.043098
 4283.000203 -1.642711 0.559046 0.594874 4.389042
 4284.000203 -1.287023 0.510436 0.572320 -2.974167
 4285.000204 -2.185530 0.539082 0.626960 -2.804894
 4286.000204 -1.425224 0.562892 0.585767 0.485585
 4287.000204 -2.344067 0.574796 0.673121 -5.079691
 4288.000204 -1.836694 0.479186 0.548825 3.773399
 4289.000204 -2.285508 0.465892 0.579181 -4.364401
 4290.000204 -1.211774 0.544967 0.623340 -6.463505
 4291.000204 -2.200448 0.544735 0.602220 -3.067214
 4292.000204 -2.055818 0.549279 0.650238 0.604751
 4293.000204 -3.095071 0.563304 0.641361 -16.267602
 4294.000204 -2.509263 0.548773 0.664295 -7.378979
 4295.000204 -2.639084 0.546656 0.617973 -8.632955
 4296.000204 -1.907410 0.506831 0.593455 3.088872
 4297.000204 -3.035425 0.591932 0.667900 -15.334776
 4298.000204 -2.538663 0.617359 0.646216 -7.674435
 4299.000204 -2.547014 0.563239 0.624181 -7.720381
 4300.000204 -2.322848 0.593950 0.604770 -4.746282
 4301.000204 -2.259856 0.527783 0.591274 -3.928336
 4302.000204 -2.129577 0.549724 0.626956 -1.209347
 4303.000204 -2.416426 0.588816 0.634412 -5.877838
 4304.000204 -2.160041 0.483234 0.537985 -1.999471
 4305.000204 -2.217537 0.500451 0.635011 -3.223938
 4306.000205 -2.175972 0.481600 0.540092 -2.322086
 4307.000205 -1.610056 0.516756 0.571048 4.130699
 4308.000205 -1.965106 0.483374 0.533679 2.184466
 4309.000205 -2.161276 0.627950 0.553998 -1.930642
 4310.000205 -2.939234 0.578530 0.629295 -13.072372
 4311.000205 -2.975787 0.599897 0.620109 -13.782154
 4312.000205 -2.789494 0.560416 0.629099 -11.253040
 4313.000205 -2.337057 0.555059 0.622359 -4.832745
 4314.000205 -2.884695 0.620550 0.659718 -12.313528
 4315.000205 2.921888 0.595612 0.650178 -22.324344
 4316.000205 -1.463755 0.520337 0.564730 1.435800
 4317.000205 -1.994025 0.470074 0.552959 1.724241
 4318.000205 -2.969394 0.595917 0.657696 -13.541712
 4319.000205 -2.881255 0.613605 0.646907 -12.212284
 4320.000205 -2.824650 0.660233 0.710183 -11.601818
 4321.000205 -2.906717 0.558177 0.646053 -12.368900
 4322.000205 3.051405 0.614061 0.646509 -19.441658
 4323.000205 -3.022367 0.604959 0.610771 -14.842127
 4324.000205 -3.018221 0.611621 0.640793 -14.664794
 4325.000205 -2.840229 0.622828 0.633239 -11.659070
 4326.000205 -2.859103 0.608042 0.631174 -11.759041
 4327.000206 -2.380227 0.590436 0.628264 -5.347085
 4328.000206 -3.104925 0.603443 0.645156 -16.260877
 4329.000206 -2.751695 0.597243 0.599784 -10.485840
 4330.000206 3.139951 0.574249 0.693786 -16.893917
 4331.000206 -2.101277 0.574877 0.654946 -0.378723
 4332.000206 -2.735039 0.615394 0.663890 -10.079273
 4333.000206 -2.744636 0.629454 0.665822 -10.212306
 4334.000206 -2.936631 0.576349 0.604354 -12.656135
 4335.000206 3.080813 0.638490 0.710539 -18.473145
 4336.000206 -2.801200 0.614440 0.694681 -11.087001
 4337.000206 -1.738069 0.516170 0.557915 4.406869
 4338.000206 -2.003726 0.492655 0.562161 1.609224
 4339.000206 -1.896897 0.569467 0.609594 3.239454
 4340.000206 -1.893538 0.503430 0.573348 3.322122
 4341.000206 -2.208669 0.548864 0.605883 -2.946088
 4342.000206 -2.517381 0.523175 0.623061 -7.368506
 4343.000206 -2.943057 0.608916 0.589138 -12.711807
 4344.000206 -2.285153 0.572621 0.629241 -4.135444
 4345.000206 -2.081058 0.530759 0.534665 0.171836
 4346.000206 -2.155637 0.503343 0.576320 -1.691324
 4347.000206 -2.297973 0.488751 0.616619 -4.247202
 4348.000207 -2.604392 0.559828 0.667180 -8.433276
 4349.000207 -2.451167 0.545267 0.617456 -6.361634
 4350.000207 -2.294955 0.567677 0.606562 -4.144347
 4351.000207 3.082721 0.604383 0.635345 -18.353385
 4352.000207 -2.297419 0.544705 0.650000 -4.109552
 4353.000207 -2.587216 0.646772 0.637116 -8.188983
 4354.000207 -3.028400 0.612849 0.683582 -14.795393
 4355.000207 -2.935168 0.610654 0.614997 -12.509236
 4356.000207 -2.738665 0.543848 0.664866 -10.024960
 4357.000207 -2.462893 0.551459 0.632656 -6.505231
 4358.000207 -2.150338 0.536394 0.640720 -1.509705
 4359.000207 3.012879 0.526298 0.662862 -20.187051
 4360.000207 2.722120 0.534696 0.605435 -26.747736
 4361.000207 2.409829 0.515452 0.626881 -25.827603
 4362.000207 2.348553 0.499523 0.561355 -24.551404
 4363.000207 2.332189 0.508703 0.526414 -23.993603
 4364.000207 2.234282 0.510959 0.609475 -19.500645
 4365.000207 2.718550 0.556930 0.589304 -26.693125
 4366.000207 2.389146 0.477675 0.542112 -25.208002
 4367.000207 2.482878 0.452388 0.566291 -26.815888
 4368.000207 2.639091 0.504472 0.553078 -27.590819
 4369.000208 2.507540 0.462163 0.577617 -26.916095
 4370.000208 2.574549 0.479700 0.537099 -27.468713
 4371.000208 2.452837 0.500377 0.604589 -26.227633
 4372.000208 2.001255 0.514566 0.564584 -8.283096
 4373.000208 2.447111 0.519325 0.513716 -26.043491
 4374.000208 2.163533 0.519894 0.624415 -16.634632
 4375.000208 2.560578 0.499391 0.575517 -27.173061
 4376.000208 2.395676 0.510453 0.586322 -25.138026
 4377.000208 2.537051 0.451408 0.553442 -26.822050
 4378.000208 2.130658 0.493417 0.552966 -14.977337
 4379.000208 2.183813 0.508734 0.574652 -17.199226
 4380.000208 2.788689 0.574130 0.594760 -25.182580
 4381.000208 -2.858630 0.560157 0.602242 -11.604125
 4382.000208 3.130442 0.581562 0.632799 -16.994536
 4383.000208 -2.405780 0.558324 0.634941 -5.552048
 4384.000208 -2.084022 0.535462 0.618569 0.164498
 4385.000208 -1.835610 0.549851 0.610414 3.827808
 4386.000208 -1.192655 0.510351 0.612014 -7.513388
 4387.000208 -0.672724 0.434161 0.569461 -26.737479
 4388.000208 -1.878684 0.488077 0.552423 3.552504
 4389.000208 -2.977303 0.616658 0.609143 -13.328995
 4390.000209 2.968883 0.598763 0.602664 -21.157370
 4391.000209 -2.649001 0.625133 0.627355 -8.584546
 4392.000209 -2.984815 0.607456 0.660607 -13.436485
 4393.000209 -2.641017 0.637743 0.707206 -8.478577
 4394.000209 -2.625723 0.582549 0.671380 -8.353605
 4395.000209 -2.507360 0.576373 0.653147 -7.097066
 4396.000209 -2.423839 0.603622 0.637848 -5.754966
 4397.000209 -2.456212 0.556214 0.647641 -6.206403
 4398.000209 -2.692328 0.570944 0.616378 -8.970252
 4399.000209 -2.805655 0.586041 0.670524 -11.014249
 4400.000209 -2.688898 0.540884 0.611131 -8.828584
 4401.000209 -2.413795 0.565122 0.605031 -5.523906
 4402.000209 -2.042134 0.460175 0.525156 1.025208
 4403.000209 -1.927867 0.504009 0.550805 2.937261
 4404.000209 -1.920195 0.531745 0.567897 3.107230
 4405.000209 -2.216734 0.580604 0.593228 -2.945047
 4406.000209 -2.278891 0.538177 0.596922 -3.807820
 4407.000209 -2.142618 0.532839 0.557704 -1.231663
 4408.000209 -1.442299 0.564898 0.572776 0.883581
 4409.000209 -1.952699 0.511391 0.580535 2.647580
 4410.000209 -1.801843 0.491537 0.559039 4.123401
 4411.000210 -2.191512 0.531449 0.571460 -2.318255
 4412.000210 -2.239592 0.469436 0.555280 -3.154966
 4413.000210 -1.412592 0.513915 0.531640 0.368712
 4414.000210 -1.685945 0.537183 0.581421 4.505339
 4415.000210 -2.361803 0.527111 0.593524 -4.817426
 4416.000210 -2.200293 0.538218 0.557458 -2.422310
 4417.000210 -2.762040 0.479144 0.566397 -10.278905
 4418.000210 -1.396545 0.485642 0.547748 0.104601
 4419.000210 -1.652853 0.521798 0.538113 4.486549
 4420.000210 -2.813886 0.570247 0.599981 -10.985023
 4421.000210 -2.546394 0.535208 0.622825 -7.491238
 4422.000210 3.027076 0.590837 0.587519 -19.711103
 4423.000210 -1.781162 0.534073 0.583771 4.291918
 4424.000210 -2.211021 0.533412 0.556348 -2.571406
 4425.000210 2.879246 0.622601 0.635507 -23.096764
 4426.000210 2.637717 0.579343 0.604323 -27.441317
 4427.000210 2.798770 0.572741 0.578836 -24.790360
 4428.000210 3.042931 0.578908 0.600268 -19.230546
 4429.000210 2.790918 0.585415 0.607751 -24.912135
 4430.000210 -2.393756 0.561512 0.614732 -5.182451
 4431.000210 -1.109081 0.513704 0.539279 -12.417328
 4432.000211 -2.527569 0.532226 0.582066 -7.195639
 4433.000211 -2.739862 0.586930 0.621270 -9.783811
 4434.000211 3.072353 0.581434 0.576324 -18.397790
 4435.000211 -2.928845 0.576055 0.637582 -12.273943
 4436.000211 -2.292428 0.552251 0.618649 -3.811333
 4437.000211 -2.118684 0.521907 0.564788 -0.561797
 4438.000211 2.937856 0.669805 0.679969 -21.714312
 4439.000211 2.506148 0.614302 0.623504 -26.531723
 4440.000211 -3.095986 0.587372 0.710467 -15.951953
 4441.000211 2.573581 0.566998 0.599540 -27.066386
 4442.000211 2.161540 0.512086 0.590235 -16.304383
 4443.000211 2.182990 0.546896 0.572226 -17.019460
 4444.000211 2.602953 0.474435 0.569806 -27.259315
 4445.000211 2.505216 0.564146 0.613272 -26.369177
 4446.000211 -3.091451 0.613022 0.615078 -15.810187
 4447.000211 -2.793936 0.559948 0.651992 -10.634986
 4448.000211 -3.047333 0.586658 0.639508 -14.964814
 4449.000211 -3.071682 0.628462 0.618434 -15.356222
 4450.000211 -2.700818 0.630033 0.656211 -8.942138
 4451.000211 2.384013 0.539318 0.558182 -24.864161
 4452.000211 2.331219 0.499384 0.617606 -23.747755
 4453.000212 2.152537 0.506094 0.571315 -15.830249
 4454.000212 2.590499 0.561098 0.591216 -27.016665
 4455.000212 2.352139 0.561260 0.592021 -24.142695
 4456.000212 2.398291 0.490995 0.610431 -24.834479
 4457.000212 2.507818 0.534436 0.642441 -26.240342
 4458.000212 2.479017 0.575467 0.625713 -25.990971
 4459.000212 -3.009756 0.623438 0.644840 -13.944012
 4460.000212 -2.407314 0.590361 0.622775 -5.279645
 4461.000212 -1.720956 0.556666 0.595040 4.540010
 4462.000212 -2.655005 0.614962 0.640049 -8.314839
 4463.000212 -2.721283 0.603577 0.620626 -9.225063
 4464.000212 -2.498103 0.561510 0.604946 -6.743998
 4465.000212 2.988226 0.637195 0.662588 -20.397630
 4466.000212 -2.853850 0.623376 0.648705 -11.297492
 4467.000212 -1.636574 0.488427 0.561390 4.428902
 4468.000212 -3.091872 0.574863 0.678801 -15.554585
 4469.000212 3.067623 0.623234 0.631651 -18.435982
 4470.000212 -2.840469 0.549454 0.631814 -11.069741
 4471.000212 -2.487707 0.529886 0.631398 -6.516717
 4472.000212 2.749623 0.658043 0.615171 -25.898503
 4473.000212 3.019323 0.630897 0.672155 -19.528468
 4474.000213 2.964278 0.620910 0.605485 -20.787797
 4475.000213 2.831444 0.596750 0.643730 -23.833083
 4476.000213 -2.785358 0.629611 0.694222 -10.322708
 4477.000213 2.836052 0.527756 0.609096 -23.642693
 4478.000213 2.667801 0.592984 0.641507 -26.943626
 4479.000213 2.721851 0.531872 0.635306 -26.218245
 4480.000213 3.040389 0.579622 0.627906 -18.945697
 4481.000213 -2.936875 0.600300 0.688985 -12.285757
 4482.000213 -2.954792 0.614439 0.646433 -12.523667
 4483.000213 2.578807 0.573728 0.609180 -26.701934
 4484.000213 2.714996 0.574603 0.621596 -26.219056
 4485.000213 3.035848 0.570074 0.620276 -18.948523
 4486.000213 -3.037779 0.566018 0.628278 -14.485328
 4487.000213 2.707111 0.546982 0.642382 -26.224573
 4488.000213 2.353293 0.522686 0.606302 -24.020844
 4489.000213 2.441327 0.551624 0.621389 -25.421580
 4490.000213 2.518137 0.573238 0.626348 -26.023360
 4491.000213 -2.304944 0.533008 0.639144 -3.928087
 4492.000213 -2.683704 0.571577 0.651439 -8.508255
 4493.000213 -3.103217 0.581506 0.668738 -15.609259
 4494.000213 2.720969 0.521251 0.628299 -25.956679
 4495.000214 2.790862 0.636102 0.623207 -24.555975
 4496.000214 2.918614 0.599959 0.605026 -21.890276
 4497.000214 2.667812 0.636915 0.647945 -26.536509
 4498.000214 3.135520 0.566154 0.679041 -16.445801
 4499.000214 2.771087 0.651757 0.619324 -24.919320
 4500.000214 -2.941652 0.631401 0.678029 -12.227605
 4501.000214 -2.642558 0.611149 0.648554 -8.149647
 4502.000214 -2.557258 0.618267 0.679992 -7.439100
 4503.000214 -2.255693 0.601722 0.653647 -3.206093
 4504.000214 3.001700 0.609656 0.608000 -19.611040
 4505.000214 2.824569 0.596257 0.631843 -23.678275
 4506.000214 -2.511488 0.643334 0.721539 -6.754760
 4507.000214 -3.063339 0.641591 0.649246 -14.882107
 4508.000214 -2.929353 0.620796 0.624226 -11.996077
 4509.000214 -2.999757 0.637516 0.636283 -13.371338
 4510.000214 -2.745549 0.626398 0.657978 -9.541374
 4511.000214 2.412855 0.636731 0.665563 -24.835352
 4512.000214 -2.621403 0.590611 0.635212 -8.035093
 4513.000214 2.456652 0.594935 0.616551 -25.421103
 4514.000214 2.366274 0.521781 0.590734 -24.058742
 4515.000214 2.340280 0.536607 0.589889 -23.616141
 4516.000214 2.426533 0.533445 0.595988 -24.813371
 4517.000215 2.221352 0.523090 0.612536 -18.373444
 4518.000215 2.497980 0.564678 0.659996 -25.691478
 4519.000215 2.252295 0.519461 0.613450 -19.791439
 4520.000215 2.325401 0.525059 0.617639 -23.082454
 4521.000215 2.541898 0.540824 0.612658 -25.965180
 4522.000215 2.716394 0.522475 0.613380 -25.750767
 4523.000215 2.258523 0.522560 0.579642 -20.020880
 4524.000215 2.235789 0.570057 0.615996 -18.850529
 4525.000215 2.422106 0.524579 0.578166 -24.610619
 4526.000215 2.214547 0.514182 0.592900 -17.894134
 4527.000215 2.265388 0.553529 0.610109 -20.019071
 4528.000215 2.282986 0.506765 0.620730 -20.788801
 4529.000215 2.451851 0.514678 0.652454 -24.972526
 4530.000215 2.121486 0.577138 0.590736 -14.342838
 4531.000215 2.214931 0.526087 0.584381 -17.739305
 4532.000215 2.491954 0.573675 0.653381 -25.364415
 4533.000215 2.303168 0.531376 0.610850 -21.554020
 4534.000215 2.421204 0.573080 0.623677 -24.366568
 4535.000215 2.575884 0.537204 0.603891 -26.247459
 4536.000215 2.496245 0.556726 0.584069 -25.187957
 4537.000215 2.468265 0.562273 0.612459 -24.813371
 4538.000216 2.285193 0.527505 0.596254 -20.586953
 4539.000216 2.604618 0.557614 0.590650 -26.528119
 4540.000216 2.446005 0.555654 0.611118 -24.503380
 4541.000216 2.416011 0.522562 0.615229 -24.092691
 4542.000216 2.379513 0.544450 0.677289 -23.574204
 4543.000216 2.346899 0.506564 0.544242 -22.874265
 4544.000216 2.257787 0.525779 0.558738 -19.269891
 4545.000216 2.379035 0.525717 0.625960 -23.366998
 4546.000216 2.362031 0.553405 0.590244 -22.994473
 4547.000216 2.293598 0.513096 0.560418 -20.711443
 4548.000216 2.433861 0.574948 0.591769 -23.998547
 4549.000216 2.349557 0.570358 0.598196 -22.550501
 4550.000216 2.566308 0.550416 0.629773 -25.868144
 4551.000216 2.179456 0.540914 0.620841 -16.490885
 4552.000216 2.958433 0.551966 0.612681 -20.636591
 4553.000216 2.235655 0.552340 0.581675 -18.232185
 4554.000216 2.543144 0.534277 0.559604 -25.406817
 4555.000216 -3.053076 0.558165 0.649901 -14.540239
 4556.000216 -2.683528 0.572422 0.645618 -8.336123
 4557.000216 -2.585787 0.616780 0.631143 -7.717826
 4558.000216 -2.406580 0.554328 0.656952 -5.201138
 4559.000217 -2.748749 0.498435 0.626069 -9.499935
 4560.000217 -2.595179 0.557669 0.657502 -7.757404
 4561.000217 -2.644133 0.547493 0.603647 -7.902748
 4562.000217 -2.496885 0.562687 0.619146 -6.488632
 4563.000217 -2.738296 0.572225 0.580066 -9.225691
 4564.000217 -2.636535 0.567896 0.624618 -7.819397
 4565.000217 -2.817154 0.594655 0.642236 -10.582824
 4566.000217 -2.782159 0.563817 0.636579 -9.962478
 4567.000217 -2.721219 0.603087 0.706772 -8.785822
 4568.000217 -2.900780 0.591839 0.653995 -11.611886
 4569.000217 -3.083951 0.558005 0.663945 -15.018056
 4570.000217 -3.066211 0.623027 0.653395 -14.644443
 4571.000217 -2.394221 0.500376 0.639655 -4.992848
 4572.000217 -2.139916 0.498672 0.613186 -1.006279
 4573.000217 -1.885580 0.516531 0.597380 3.597614
 4574.000217 -2.931401 0.610794 0.670961 -11.867556
 4575.000217 -2.434064 0.559153 0.674069 -5.432392
 4576.000217 2.566961 0.572161 0.608171 -25.677501
 4577.000217 2.671209 0.574332 0.614451 -26.218907
 4578.000217 -2.308055 0.556882 0.601420 -3.871579
 4579.000217 -3.087062 0.561547 0.645910 -14.907085
 4580.000218 -2.685188 0.583919 0.619141 -8.115501
 4581.000218 -2.019766 0.500751 0.596409 1.499000
 4582.000218 -1.488691 0.549764 0.660535 2.039690
 4583.000218 -1.753627 0.527501 0.647307 4.488488
 4584.000218 -1.209400 0.642249 0.599542 -6.632246
 4585.000218 -1.240143 0.622146 0.652573 -5.067656
 4586.000218 -1.591465 0.548047 0.617532 3.923910
 4587.000218 -1.655493 0.525086 0.568202 4.576025
 4588.000218 -0.860994 0.583292 0.598061 -24.498136
 4589.000218 -1.215285 0.572935 0.596479 -6.189803
 4590.000218 -1.368715 0.584781 0.592458 -0.462753
 4591.000218 -1.454714 0.537044 0.571132 1.312483
 4592.000218 -1.587752 0.565476 0.658249 3.930261
 4593.000218 -2.768665 0.621771 0.662356 -9.602467
 4594.000218 3.041863 0.600095 0.654010 -18.692978
 4595.000218 -2.257576 0.595353 0.618528 -3.189681
 4596.000218 -3.108681 0.560415 0.643958 -15.243219
 4597.000218 3.023921 0.559153 0.625421 -18.963142
 4598.000218 2.838264 0.589143 0.634879 -23.361044
 4599.000218 -3.109724 0.574199 0.637736 -15.192259
 4600.000218 2.947214 0.613790 0.598112 -20.795441
 4601.000219 -2.103431 0.553878 0.592360 -0.142021
 4602.000219 -2.355274 0.591579 0.607602 -4.441488
 4603.000219 -2.091731 0.521148 0.587546 0.167682
 4604.000219 -2.489625 0.545251 0.565625 -6.307705
 4605.000219 -2.215066 0.483082 0.520865 -2.491723
 4606.000219 -2.652961 0.592789 0.641705 -7.785879
 4607.000219 -2.804832 0.598572 0.596157 -10.198413
 4608.000219 3.038014 0.615282 0.575619 -18.603518
 4609.000219 -2.629715 0.587299 0.647826 -7.691478
 4610.000219 -2.023560 0.596659 0.582842 1.474035
 4611.000219 -2.172575 0.610696 0.620809 -1.606510
 4612.000219 -2.844430 0.639610 0.580813 -10.765282
 4613.000219 -2.527743 0.586221 0.603377 -6.744619
 4614.000219 -2.541492 0.571614 0.612132 -6.869121
 4615.000219 -2.995389 0.614444 0.625271 -13.111158
 4616.000219 -2.714040 0.614116 0.647749 -8.484400
 4617.000219 -2.597281 0.565463 0.608506 -7.518573
 4618.000219 2.770282 0.518897 0.612158 -24.711805
 4619.000219 2.352029 0.480647 0.544680 -22.552187
 4620.000219 -2.978325 0.597204 0.620751 -12.636906
 4621.000219 -3.044635 0.611717 0.643646 -13.998583
 4622.000220 2.806377 0.609430 0.639592 -23.831302
 4623.000220 -2.995108 0.614182 0.628378 -12.900944
 4624.000220 -1.886825 0.495461 0.519243 3.590473
 4625.000220 -1.925364 0.521160 0.566525 3.142650
 4626.000220 -1.977059 0.515543 0.558385 2.328062
 4627.000220 -2.253600 0.476756 0.580179 -3.016302
 4628.000220 -2.077022 0.503724 0.529862 0.559425
 4629.000220 -2.119254 0.519883 0.549150 -0.331703
 4630.000220 -1.180064 0.615304 0.605852 -7.918860
 4631.000220 -2.120458 0.546706 0.561765 -0.301863
 4632.000220 -1.888809 0.534950 0.534240 3.648427
 4633.000220 -2.211191 0.534147 0.562813 -2.265832
 4634.000220 -1.865775 0.510092 0.559723 3.854471
 4635.000220 -1.727981 0.518640 0.544850 4.562944
 4636.000220 -2.213490 0.465979 0.496125 -2.261212
 4637.000220 -2.176141 0.580288 0.559041 -1.472248
 4638.000220 -1.968121 0.516469 0.559940 2.525327
 4639.000220 -2.136466 0.560867 0.569437 -0.585333
 4640.000220 -1.957163 0.497327 0.570699 2.753644
 4641.000220 -1.975484 0.492255 0.612248 2.486934
 4642.000220 -1.148398 0.559921 0.520217 -9.635650
 4643.000221 -1.730446 0.500622 0.552448 4.622706
 4644.000221 -2.292678 0.500788 0.527991 -3.467983
 4645.000221 -1.972242 0.558919 0.579187 2.611408
 4646.000221 -1.493982 0.553930 0.555524 2.257619
 4647.000221 -1.756334 0.512444 0.514383 4.572006
 4648.000221 -1.441327 0.510546 0.535916 1.098513
 4649.000221 -2.389274 0.508242 0.563992 -4.813123
 4650.000221 -1.993378 0.537058 0.611932 2.289192
 4651.000221 -1.395581 0.516575 0.536315 0.247072
 4652.000221 -1.339920 0.517266 0.549851 -1.110417
 4653.000221 -2.081966 0.512858 0.541576 0.586142
 4654.000221 -1.771481 0.531522 0.556937 4.517330
 4655.000221 -1.755268 0.544886 0.565402 4.643060
 4656.000221 -1.002740 0.546386 0.577021 -18.706288
 4657.000221 -2.377262 0.470385 0.564330 -4.617127
 4658.000221 -2.781798 0.546304 0.624865 -9.704201
 4659.000221 -2.784335 0.610371 0.660662 -9.675028
 4660.000221 -3.133273 0.577431 0.624282 -15.656577
 4661.000221 -1.260579 0.489470 0.573230 -4.077866
 4662.000221 -0.556693 0.505090 0.542229 -26.743523
 4663.000221 -0.777783 0.529983 0.594421 -26.365586
 4664.000222 -0.681471 0.565973 0.630740 -26.729928
 4665.000222 -0.728377 0.549081 0.590301 -26.572212
 4666.000222 -0.710362 0.554533 0.622583 -26.526243
 4667.000222 0.059324 0.596170 0.650492 -16.115720
 4668.000222 -0.179449 0.580910 0.615955 -21.027237
 4669.000222 -0.524564 0.602644 0.656303 -26.458827
 4670.000222 0.026882 0.583347 0.602606 -16.748707
 4671.000222 1.833681 0.498312 0.586023 -2.356543
 4672.000222 1.350869 0.533643 0.556358 5.254467
 4673.000222 0.059685 0.547156 0.593552 -15.994315
 4674.000222 0.513219 0.636058 0.649627 -8.068708
 4675.000222 0.709853 0.578517 0.642689 -5.245964
 4676.000222 0.811023 0.574893 0.631383 -2.557672
 4677.000222 0.806536 0.433538 0.524959 -2.606256
 4678.000222 0.182981 0.613161 0.631473 -13.102614
 4679.000222 0.950152 0.544848 0.581551 0.420208
 4680.000222 0.431952 0.559593 0.613809 -9.442954
 4681.000222 1.201700 0.540919 0.616740 4.465703
 4682.000222 1.620504 0.517489 0.594961 2.609251
 4683.000222 1.510641 0.568619 0.593076 4.252543
 4684.000222 0.545845 0.631501 0.668398 -7.451228
 4685.000223 0.489478 0.586639 0.650417 -8.672505
 4686.000223 0.272507 0.616155 0.613748 -11.977366
 4687.000223 0.274296 0.635548 0.566921 -11.879739
 4688.000223 0.008573 0.643234 0.607660 -17.224613
 4689.000223 0.365634 0.597071 0.561849 -10.373381
 4690.000223 -0.117474 0.615834 0.546456 -20.148664
 4691.000223 0.376316 0.645489 0.582745 -10.143780
 4692.000223 0.512148 0.549304 0.578519 -8.103387
 4693.000223 0.735387 0.541973 0.556210 -4.644096
 4694.000223 0.293586 0.606016 0.603141 -11.483807
 4695.000223 -0.146949 0.649653 0.548270 -20.530936
 4696.000223 0.314522 0.597154 0.642018 -11.071187
 4697.000223 0.015032 0.577277 0.589012 -16.987419
 4698.000223 -0.272865 0.598399 0.583106 -22.993090
 4699.000223 -0.267188 0.606532 0.542703 -22.790136
 4700.000223 -0.255004 0.621269 0.577091 -22.451459
 4701.000223 -0.386954 0.611718 0.530640 -24.718571
 4702.000223 0.420767 0.590091 0.578985 -9.555936
 4703.000223 -0.582295 0.601476 0.578331 -26.886773
 4704.000223 -0.045475 0.658548 0.598252 -18.676663
 4705.000223 -0.192091 0.639733 0.554835 -21.181885
 4706.000224 -0.119410 0.646773 0.675686 -19.974563
 4707.000224 0.167549 0.638969 0.590603 -13.490183
 4708.000224 -0.233434 0.595445 0.590669 -21.851946
 4709.000224 0.386099 0.594246 0.617386 -9.877428
 4710.000224 0.418817 0.664979 0.535103 -9.475021
 4711.000224 -0.179342 0.676130 0.547461 -20.815957
 4712.000224 0.830779 0.589126 0.598200 -2.218858
 4713.000224 0.163161 0.664629 0.658754 -13.527077
 4714.000224 -0.255526 0.642755 0.557743 -22.190037
 4715.000224 -0.129516 0.584827 0.586407 -20.007108
 4716.000224 -0.691225 0.576713 0.544324 -26.627348
 4717.000224 -0.918238 0.557343 0.564544 -22.400824
 4718.000224 -0.596575 0.543008 0.520104 -26.802997
 4719.000224 -0.855436 0.527871 0.598807 -24.751546
 4720.000224 -0.850333 0.537507 0.547337 -24.837831
 4721.000224 -0.619193 0.630171 0.604738 -26.665051
 4722.000224 0.366947 0.608188 0.535997 -10.044404
 4723.000224 0.065315 0.653573 0.516443 -15.888900
 4724.000224 -0.030192 0.643288 0.556400 -18.133156
 4725.000224 0.221862 0.592261 0.538103 -12.357043
 4726.000224 0.156959 0.626248 0.554243 -13.565018
 4727.000225 0.456244 0.591889 0.630110 -9.048634
 4728.000225 0.016554 0.618940 0.638101 -16.791701
 4729.000225 -0.528726 0.503290 0.639458 -26.493980
 4730.000225 -0.283136 0.543236 0.630358 -22.700644
 4731.000225 -0.356238 0.604534 0.553388 -24.088913
 4732.000225 -0.488300 0.632647 0.560989 -26.271487
 4733.000225 -0.561287 0.512215 0.574316 -26.482050
 4734.000225 -0.559649 0.553846 0.566112 -26.383675
 4735.000225 -0.567758 0.600039 0.557901 -26.329316
 4736.000225 -0.332442 0.534512 0.548371 -23.562360
 4737.000225 -0.121297 0.639420 0.638692 -19.807803
 4738.000225 0.115787 0.608537 0.640471 -14.544623
 4739.000225 0.229001 0.605433 0.642432 -12.186782
 4740.000225 0.037472 0.592318 0.629566 -16.260354
 4741.000225 -0.224540 0.595792 0.632946 -21.403975
 4742.000225 -0.403127 0.566991 0.613511 -24.759408
 4743.000225 0.430437 0.589471 0.619276 -9.237218
 4744.000225 1.219925 0.521465 0.587178 4.494477
 4745.000225 0.112235 0.533747 0.642430 -14.557183
 4746.000225 -0.322182 0.558137 0.611175 -23.247364
 4747.000225 0.566616 0.530731 0.632780 -7.044774
 4748.000226 -0.086150 0.586288 0.590318 -19.284158
 4749.000226 -0.180670 0.539565 0.583483 -20.588317
 4750.000226 0.430140 0.578362 0.662993 -9.182401
 4751.000226 -0.432366 0.583094 0.614316 -25.263203
 4752.000226 0.326683 0.578289 0.610171 -10.681898
 4753.000226 -0.249299 0.599515 0.631292 -21.750917
 4754.000226 0.093165 0.613520 0.606639 -14.961832
 4755.000226 0.423850 0.587650 0.637979 -9.169572
 4756.000226 0.856203 0.559060 0.576552 -1.687658
 4757.000226 1.326336 0.555102 0.600140 5.058240
 4758.000226 1.710985 0.517461 0.572943 0.866841
 4759.000226 0.174807 0.621863 0.624784 -13.018350
 4760.000226 0.149023 0.590988 0.620425 -13.482175
 4761.000226 0.123382 0.584698 0.588192 -14.010552
 4762.000226 -0.815647 0.498806 0.557492 -25.688093
 4763.000226 0.316995 0.575602 0.582870 -10.812675
 4764.000226 -0.434850 0.601264 0.628933 -25.224734
 4765.000226 0.341773 0.560002 0.645232 -10.277502
 4766.000226 -0.579926 0.562243 0.573325 -26.305290
 4767.000226 0.260607 0.624676 0.552231 -11.667817
 4768.000226 -0.530824 0.661729 0.499612 -26.072773
 4769.000227 -0.161894 0.603287 0.575267 -20.218244
 4770.000227 -0.384961 0.521481 0.578986 -24.199264
 4771.000227 0.783715 0.624996 0.644690 -3.183669
 4772.000227 -0.474428 0.558925 0.593914 -25.756430
 4773.000227 0.143139 0.550737 0.612362 -13.496200
 4774.000227 0.226939 0.571717 0.626180 -12.034573
 4775.000227 -0.678323 0.561082 0.600741 -26.466798
 4776.000227 -0.697368 0.535838 0.599978 -26.390276
 4777.000227 -0.486764 0.519486 0.531658 -25.769945
 4778.000227 -0.503808 0.615123 0.603399 -25.763405
 4779.000227 -0.762380 0.463075 0.561545 -26.155167
 4780.000227 -0.123893 0.568079 0.584107 -19.632126
 4781.000227 -0.785093 0.554021 0.602699 -25.923448
 4782.000227 -0.411980 0.571927 0.640380 -24.534544
 4783.000227 -0.110640 0.544889 0.680290 -19.411903
 4784.000227 0.374886 0.576149 0.674306 -9.644993
 4785.000227 -0.255020 0.594918 0.649690 -21.749833
 4786.000227 -0.156121 0.621855 0.666958 -19.921053
 4787.000227 0.037416 0.566472 0.641059 -16.073605
 4788.000227 0.913468 0.590362 0.631070 -0.533311
 4789.000227 0.728203 0.481021 0.575133 -4.751297
 4790.000228 0.646284 0.582148 0.638472 -6.404335
 4791.000228 0.520060 0.599468 0.632578 -7.801774
 4792.000228 1.077039 0.561036 0.587753 2.535232
 4793.000228 -0.262568 0.580112 0.649122 -21.802265
 4794.000228 0.722312 0.587638 0.649147 -4.865320
 4795.000228 0.034867 0.600371 0.672883 -16.067849
 4796.000228 0.090820 0.634510 0.700454 -14.694460
 4797.000228 -0.134599 0.606718 0.614022 -19.549323
 4798.000228 0.547121 0.595200 0.691989 -7.235180
 4799.000228 0.255517 0.609793 0.655159 -11.625474
 4800.000228 0.615915 0.619548 0.689766 -6.564931
 4801.000228 -0.455739 0.482756 0.621137 -25.224332
 4802.000228 -0.454955 0.551970 0.613338 -25.098263
 4803.000228 -0.952395 0.500645 0.616498 -20.962509
 4804.000228 -0.533624 0.580054 0.588909 -25.666367
 4805.000228 -0.023937 0.577779 0.655584 -17.586540
 4806.000228 -0.529931 0.502112 0.597834 -25.544010
 4807.000228 -0.468637 0.505212 0.598285 -25.076646
 4808.000228 -0.881476 0.557185 0.596326 -23.584659
 4809.000228 -0.195421 0.605447 0.640334 -20.395963
 4810.000228 0.587904 0.600549 0.604263 -6.684316
 4811.000229 0.403467 0.512721 0.687121 -9.232196
 4812.000229 -0.286273 0.605515 0.632234 -22.177988
 4813.000229 -0.108148 0.631643 0.655485 -19.185236
 4814.000229 0.903891 0.582873 0.617378 -0.686694
 4815.000229 0.400999 0.582227 0.652467 -9.201274
 4816.000229 -0.257596 0.625846 0.679444 -21.517619
 4817.000229 0.020895 0.546856 0.654567 -16.217983
 4818.000229 0.088112 0.595750 0.672982 -14.664791
 4819.000229 -0.303153 0.647077 0.672447 -22.362734
 4820.000229 0.413535 0.596105 0.644327 -9.039810
 4821.000229 0.551642 0.594650 0.693196 -7.035117
 4822.000229 1.621725 0.533292 0.597639 2.457256
 4823.000229 1.898036 0.545535 0.538202 -4.465762
 4824.000229 0.519468 0.531430 0.623726 -7.606142
 4825.000229 0.334960 0.632576 0.699632 -10.207267
 4826.000229 0.520561 0.625587 0.663263 -7.521533
 4827.000229 0.586330 0.623326 0.665096 -6.579321
 4828.000229 0.705071 0.611818 0.691531 -5.267361
 4829.000229 0.045811 0.618969 0.657484 -15.501391
 4830.000229 0.242227 0.558787 0.628247 -11.715892
 4831.000229 1.602451 0.535833 0.591563 2.791236
 4832.000230 0.989686 0.585289 0.619627 1.157147
 4833.000230 0.778030 0.577119 0.662914 -3.268583
 4834.000230 -0.057904 0.654338 0.702206 -18.412656
 4835.000230 0.400968 0.618749 0.630180 -9.079047
 4836.000230 0.447691 0.613144 0.603300 -8.682281
 4837.000230 -0.374618 0.610318 0.615687 -23.798154
 4838.000230 0.424216 0.579248 0.652274 -8.784464
 4839.000230 0.311622 0.567895 0.659044 -10.594531
 4840.000230 0.720411 0.556048 0.681944 -4.792266
 4841.000230 0.135502 0.606691 0.655590 -13.527214
 4842.000230 0.248539 0.602267 0.612099 -11.549787
 4843.000230 0.651776 0.563120 0.645938 -6.133232
 4844.000230 0.355032 0.587639 0.639091 -9.645689
 4845.000230 -0.201879 0.627247 0.658470 -20.394474
 4846.000230 -0.128539 0.620518 0.637764 -19.271854
 4847.000230 -0.603648 0.600573 0.632322 -26.175513
 4848.000230 0.023407 0.616756 0.635212 -15.931740
 4849.000230 0.791209 0.626311 0.665835 -2.889472
 4850.000230 0.576887 0.536485 0.654758 -6.571543
 4851.000230 -0.057654 0.669176 0.642371 -18.273776
 4852.000230 -0.026759 0.578062 0.660536 -17.318845
 4853.000231 -0.161178 0.619950 0.623674 -19.615934
 4854.000231 0.236963 0.573168 0.648343 -11.635209
 4855.000231 0.611433 0.568233 0.636107 -6.333694
 4856.000231 0.569278 0.661948 0.663423 -6.548869
 4857.000231 0.263848 0.601584 0.664526 -11.234414
 4858.000231 0.613177 0.640157 0.678983 -6.242429
 4859.000231 0.030095 0.679076 0.689732 -15.688170
 4860.000231 0.817209 0.598832 0.634349 -2.289655
 4861.000231 -0.635681 0.534560 0.619276 -26.194707
 4862.000231 0.037954 0.611024 0.613671 -15.459122
 4863.000231 -0.815510 0.576534 0.593750 -25.420992
 4864.000231 -0.043710 0.560385 0.587828 -17.677217
 4865.000231 -0.412706 0.630869 0.623780 -24.268535
 4866.000231 0.397115 0.605679 0.653814 -8.935915
 4867.000231 0.515094 0.553116 0.646857 -7.443219
 4868.000231 -0.098672 0.589144 0.643812 -18.730499
 4869.000231 -0.441643 0.601639 0.621552 -24.593361
 4870.000231 -0.439170 0.578352 0.691093 -24.452324
 4871.000231 -1.830733 0.513795 0.541453 3.901367
 4872.000231 -1.808544 0.513101 0.651469 4.109650
 4873.000231 -1.836822 0.490715 0.566012 3.940858
 4874.000232 -2.020854 0.467718 0.521827 1.601394
 4875.000232 -2.096355 0.498603 0.566268 0.134619
 4876.000232 -1.334460 0.511265 0.570828 -1.450081
 4877.000232 -1.842970 0.490529 0.554947 3.937938
 4878.000232 -2.182351 0.538775 0.580444 -1.704638
 4879.000232 -1.960301 0.505805 0.577012 2.646656
 4880.000232 -2.323510 0.589715 0.619213 -4.081380
 4881.000232 2.528992 0.570852 0.629417 -25.364367
 4882.000232 2.814036 0.625975 0.658981 -23.848467
 4883.000232 -3.012110 0.603784 0.651935 -13.452106
 4884.000232 2.679842 0.668656 0.644814 -26.281680
 4885.000232 2.912951 0.655110 0.629731 -21.957664
 4886.000232 -3.080286 0.679698 0.672036 -14.710355
 4887.000232 2.796446 0.627836 0.598301 -24.089376
 4888.000232 2.670989 0.652275 0.617372 -26.275224
 4889.000232 -3.026702 0.641213 0.646540 -13.666204
 4890.000232 -2.445561 0.578685 0.672850 -5.715060
 4891.000232 -3.135783 0.621296 0.677110 -15.804558
 4892.000232 2.560920 0.686754 0.611394 -25.673491
 4893.000232 2.893211 0.637495 0.611375 -22.380539
 4894.000232 2.950686 0.644923 0.635518 -20.772694
 4895.000233 -2.986739 0.670663 0.611200 -12.834691
 4896.000233 2.716697 0.621909 0.642128 -25.630660
 4897.000233 -2.905953 0.611920 0.666108 -11.741087
 4898.000233 3.110889 0.606190 0.652517 -16.880044
 4899.000233 -2.830655 0.607836 0.617965 -10.629437
 4900.000233 2.990540 0.611527 0.674920 -19.701338
 4901.000233 -2.998657 0.629210 0.646373 -12.975296
 4902.000233 2.880654 0.571766 0.632251 -22.488037
 4903.000233 -2.480173 0.608109 0.605465 -6.239456
 4904.000233 2.924560 0.665856 0.655733 -21.317852
 4905.000233 3.094298 0.588983 0.636760 -17.319226
 4906.000233 2.796306 0.594512 0.651212 -23.952796
 4907.000233 -2.227295 0.581063 0.653805 -2.562240
 4908.000233 2.669300 0.555978 0.604448 -26.123327
 4909.000233 3.112083 0.598511 0.620524 -16.715090
 4910.000233 2.405664 0.564571 0.591897 -23.677691
 4911.000233 2.942633 0.608007 0.593144 -20.779832
 4912.000233 2.605113 0.614646 0.612375 -26.200793
 4913.000233 3.122676 0.572843 0.620249 -16.326265
 4914.000233 2.786438 0.528400 0.620384 -24.087132
 4915.000233 -2.874527 0.551975 0.624683 -11.270339
 4916.000233 2.726349 0.608799 0.650100 -25.285932
 4917.000234 3.102330 0.599089 0.646671 -16.820459
 4918.000234 2.376234 0.543617 0.596875 -23.124744
 4919.000234 2.661203 0.559759 0.614707 -26.009696
 4920.000234 2.507417 0.525155 0.614878 -25.028802
 4921.000234 2.885093 0.590736 0.615184 -22.164173
 4922.000234 2.404232 0.494273 0.595006 -23.476799
 4923.000234 2.402553 0.586442 0.554723 -23.358118
 4924.000234 -3.028654 0.618522 0.519999 -13.496741
 4925.000234 3.103945 0.634546 0.555204 -16.705307
 4926.000234 -3.098365 0.594882 0.502493 -14.793102
 4927.000234 3.078532 0.630185 0.558408 -17.296961
 4928.000234 2.812902 0.642523 0.519593 -23.427981
 4929.000234 2.967020 0.599782 0.583277 -20.116061
 4930.000234 2.827680 0.592766 0.612011 -23.083541
 4931.000234 -2.935560 0.614265 0.587884 -11.900460
 4932.000234 3.083005 0.594178 0.631693 -17.113115
 4933.000234 2.990106 0.630813 0.666009 -19.476856
 4934.000234 2.915547 0.590804 0.599201 -21.243793
 4935.000234 2.917839 0.584501 0.555022 -21.109267
 4936.000234 -2.795321 0.558939 0.636936 -9.975636
 4937.000234 -2.718884 0.639004 0.655628 -8.710031
 4938.000235 -2.978125 0.663784 0.676470 -12.456080
 4939.000235 2.954086 0.579094 0.596470 -20.189110
 4940.000235 2.752308 0.624312 0.608253 -24.612195
 4941.000235 -3.039402 0.627280 0.654000 -13.561875
 4942.000235 -2.802259 0.621393 0.631619 -9.992676
 4943.000235 2.511635 0.485902 0.567264 -24.951281
 4944.000235 2.407425 0.571432 0.603390 -23.335077
 4945.000235 2.796437 0.492085 0.587682 -23.526529
 4946.000235 2.579742 0.629536 0.603820 -25.694718
 4947.000235 2.800000 0.591155 0.609630 -23.376178
 4948.000235 2.990502 0.633924 0.609077 -19.336729
 4949.000235 2.729721 0.530846 0.578874 -24.875061
 4950.000235 2.994441 0.612514 0.604840 -19.180361
 4951.000235 2.815022 0.668759 0.538232 -23.029346
 4952.000235 -2.694823 0.620707 0.551886 -8.272854
 4953.000235 -3.065402 0.640435 0.560267 -14.029336
 4954.000235 -3.066273 0.649412 0.595303 -13.965488
 4955.000235 2.792560 0.636803 0.521706 -23.333200
 4956.000235 2.666635 0.604663 0.522142 -25.766780
 4957.000235 2.634294 0.619513 0.518336 -25.940409
 4958.000235 2.970675 0.667118 0.534890 -19.603425
 4959.000236 -3.116051 0.673514 0.536274 -14.861665
 4960.000236 2.685247 0.653984 0.566839 -25.399273
 4961.000236 -2.825290 0.652786 0.546567 -10.293779
 4962.000236 2.860384 0.574112 0.536718 -22.230760
 4963.000236 2.517878 0.495217 0.607739 -24.864776
 4964.000236 2.899170 0.582485 0.568218 -21.287898
 4965.000236 -3.048525 0.630477 0.602502 -13.548908
 4966.000236 -3.099635 0.648508 0.577007 -14.414670
 4967.000236 2.755767 0.517710 0.563512 -24.055871
 4968.000236 -2.265543 0.553669 0.589063 -3.152675
 4969.000236 3.010940 0.617403 0.614272 -18.711014
 4970.000236 2.444343 0.579016 0.591427 -23.852367
 4971.000236 2.644557 0.566328 0.543485 -25.719534
 4972.000236 -2.262758 0.557563 0.612995 -3.058406
 4973.000236 -2.483130 0.560206 0.614338 -6.216385
 4974.000236 -2.686697 0.581899 0.639535 -8.095519
 4975.000236 2.925606 0.584722 0.621478 -20.497341
 4976.000236 -2.850238 0.596697 0.599544 -10.651952
 4977.000236 2.966844 0.558402 0.585722 -19.486785
 4978.000236 2.805642 0.564356 0.603143 -22.918024
 4979.000236 2.700684 0.607446 0.571799 -24.977594
 4980.000237 -2.463067 0.559678 0.628767 -5.857553
 4981.000237 -2.652482 0.585922 0.610607 -7.769256
 4982.000237 -2.781855 0.596922 0.629350 -9.541972
 4983.000237 -2.560667 0.526404 0.565125 -7.223647
 4984.000237 2.604783 0.530124 0.605882 -25.689681
 4985.000237 2.943294 0.657381 0.668849 -19.912119
 4986.000237 2.330153 0.517866 0.553156 -22.060360
 4987.000237 2.624976 0.517798 0.547512 -25.613023
 4988.000237 -2.661280 0.640016 0.607503 -7.744312
 4989.000237 3.000564 0.609657 0.641741 -18.766965
 4990.000237 -2.969196 0.632038 0.657344 -12.207497
 4991.000237 -2.669101 0.643083 0.628362 -7.744242
 4992.000237 -2.343565 0.573789 0.683505 -4.261835
 4993.000237 -2.770383 0.592278 0.627818 -9.288882
 4994.000237 -2.812574 0.602984 0.653321 -9.890703
 4995.000237 -2.823875 0.620184 0.653905 -10.013181
 4996.000237 -2.905306 0.529865 0.610637 -11.393067
 4997.000237 2.704622 0.610179 0.621709 -24.812438
 4998.000237 -2.977123 0.598978 0.643919 -12.223851
 4999.000237 2.203076 0.617288 0.656040 -17.388359
 5000.000237 -2.513030 0.551232 0.620020 -6.475095
 5001.000238 -2.837145 0.603899 0.627901 -10.167282
 5002.000238 -2.743077 0.627656 0.627055 -8.773836
 5003.000238 -3.022935 0.607997 0.658233 -12.920454
 5004.000238 3.114267 0.573482 0.668775 -16.101840
 5005.000238 -3.104422 0.597173 0.637353 -14.406793
 5006.000238 2.536271 0.592051 0.661267 -24.873904
 5007.000238 -2.413243 0.522830 0.607552 -5.106266
 5008.000238 -3.097459 0.601463 0.553741 -14.207071
 5009.000238 -2.361334 0.554025 0.614405 -4.438156
 5010.000238 -2.422864 0.602055 0.644806 -5.142929
 5011.000238 -3.050947 0.632326 0.634901 -13.325877
 5012.000238 -2.476819 0.536836 0.615159 -5.894371
 5013.000238 2.921226 0.605099 0.620657 -20.354015
 5014.000238 -2.363416 0.602460 0.633332 -4.394513
 5015.000238 -2.592085 0.688626 0.626778 -7.518423
 5016.000238 2.776391 0.561386 0.640235 -23.382725
 5017.000238 2.907785 0.620111 0.623508 -20.649195
 5018.000238 3.020099 0.573996 0.631894 -18.328371
 5019.000238 2.686799 0.623502 0.665161 -24.929474
 5020.000238 -2.852183 0.618215 0.628225 -10.373063
 5021.000238 -2.670591 0.589093 0.694759 -7.680918
 5022.000239 -2.911376 0.587414 0.580417 -11.326610
 5023.000239 -2.925701 0.607840 0.641906 -11.430774
 5024.000239 -2.713219 0.631321 0.684954 -8.203879
 5025.000239 -2.812790 0.642058 0.705579 -9.665072
 5026.000239 -2.358822 0.637126 0.654300 -4.285529
 5027.000239 -2.728141 0.608113 0.653302 -8.381350
 5028.000239 -2.495700 0.547944 0.602798 -6.089769
 5029.000239 -1.123953 0.601883 0.595786 -11.357814
 5030.000239 -2.699725 0.582824 0.595459 -7.894977
 5031.000239 -2.722175 0.608321 0.674184 -8.156640
 5032.000239 -2.479145 0.614612 0.621781 -5.805632
 5033.000239 -2.322533 0.581766 0.595330 -3.802525
 5034.000239 -2.214234 0.575154 0.608194 -2.237396
 5035.000239 -1.567735 0.530200 0.611453 3.411726
 5036.000239 -1.515069 0.554598 0.587940 2.546040
 5037.000239 -1.600402 0.519570 0.591546 3.917203
 5038.000239 -1.963649 0.536084 0.566914 2.622028
 5039.000239 -1.901423 0.547232 0.569924 3.504964
 5040.000239 -1.199941 0.505961 0.524675 -7.080471
 5041.000239 2.950764 0.623782 0.582698 -19.512267
 5042.000239 -3.073500 0.570462 0.716086 -13.663499
 5043.000240 -2.855779 0.595463 0.701340 -10.317123
 5044.000240 3.134592 0.551527 0.636912 -15.302902
 5045.000240 3.060020 0.596921 0.680964 -17.381655
 5046.000240 -2.594565 0.592768 0.599839 -7.465184
 5047.000240 -2.735516 0.609654 0.607501 -8.322634
 5048.000240 -2.962027 0.589083 0.625057 -11.816616
 5049.000240 -2.855172 0.548059 0.599409 -10.243159
 5050.000240 -2.751461 0.526337 0.608707 -8.521502
 5051.000240 -2.187324 0.496707 0.597733 -1.714980
 5052.000240 -2.022474 0.514700 0.544902 1.662881
 5053.000240 -1.792433 0.504525 0.576665 4.296394
 5054.000240 -1.941828 0.553453 0.600233 3.014752
 5055.000240 -2.411024 0.591920 0.645062 -4.859470
 5056.000240 -2.535238 0.593205 0.620105 -6.551072
 5057.000240 -1.836036 0.558130 0.607721 4.038560
 5058.000240 -2.271847 0.590671 0.705774 -3.081414
 5059.000240 -2.932708 0.614653 0.652934 -11.381856
 5060.000240 -2.512075 0.629742 0.649429 -6.165487
 5061.000240 -2.522494 0.597072 0.644114 -6.257711
 5062.000240 -2.617460 0.592780 0.646414 -7.474469
 5063.000240 -2.949591 0.619906 0.616297 -11.528324
 5064.000241 -2.819346 0.561327 0.657414 -9.586485
 5065.000241 -2.570843 0.588583 0.665680 -7.001870
 5066.000241 -2.262758 0.621547 0.708410 -2.894302
 5067.000241 -3.055026 0.622932 0.670740 -13.269068
 5068.000241 -2.224238 0.546105 0.634058 -2.279955
 5069.000241 -2.220511 0.543460 0.621816 -2.177658
 5070.000241 -2.071286 0.513740 0.575010 0.689611
 5071.000241 -3.042221 0.595952 0.602163 -12.983072
 5072.000241 -2.878237 0.594141 0.629791 -10.544312
 5073.000241 -2.410628 0.557726 0.628998 -4.808843
 5074.000241 3.025660 0.550473 0.602205 -18.082261
 5075.000241 3.108639 0.574936 0.615689 -15.984603
 5076.000241 2.926311 0.539655 0.595677 -19.991853
 5077.000241 -2.901281 0.581394 0.672498 -10.837496
 5078.000241 -2.246426 0.591665 0.655950 -2.510058
 5079.000241 -2.570731 0.607012 0.640648 -6.947204
 5080.000241 -2.477663 0.615494 0.670717 -5.624551
 5081.000241 -3.038168 0.579891 0.620524 -12.852245
 5082.000241 -2.439729 0.550430 0.610440 -5.084915
 5083.000241 2.876150 0.573117 0.570827 -21.366920
 5084.000241 -2.462392 0.510834 0.628853 -5.323182
 5085.000242 -2.434770 0.565919 0.631685 -4.928460
 5086.000242 3.097522 0.585539 0.615756 -16.234085
 5087.000242 2.734570 0.554339 0.591399 -24.175023
 5088.000242 -3.125807 0.635336 0.648573 -14.497960
 5089.000242 3.092868 0.579400 0.638574 -16.245196
 5090.000242 -2.255390 0.574110 0.640211 -2.599130
 5091.000242 -2.893291 0.582131 0.608918 -10.660010
 5092.000242 -2.544033 0.622401 0.641461 -6.394714
 5093.000242 -2.321628 0.569500 0.652454 -3.641769
 5094.000242 -2.612884 0.582465 0.634780 -7.296519
 5095.000242 -2.786823 0.615947 0.612376 -9.022142
 5096.000242 2.946412 0.595255 0.630590 -19.440871
 5097.000242 3.026400 0.611130 0.619596 -17.859655
 5098.000242 3.122576 0.586000 0.657167 -15.346978
 5099.000242 -3.121836 0.634050 0.658804 -14.294264
 5100.000242 2.707468 0.632216 0.619352 -24.514819
 5101.000242 -2.664842 0.577290 0.630750 -7.411182
 5102.000242 -3.055646 0.633204 0.652078 -13.050422
 5103.000242 -2.703205 0.630214 0.628480 -7.730371
 5104.000242 -2.283988 0.665100 0.646071 -2.993239
 5105.000242 -2.464949 0.587848 0.642636 -5.247617
 5106.000243 -2.566160 0.619147 0.610694 -6.691811
 5107.000243 -2.923615 0.620151 0.616628 -10.981532
 5108.000243 -2.673720 0.594868 0.682762 -7.373745
 5109.000243 -2.890970 0.624284 0.628560 -10.514255
 5110.000243 2.990085 0.605500 0.608587 -18.497787
 5111.000243 2.644450 0.636727 0.624644 -25.287711
 5112.000243 2.772515 0.576809 0.584456 -23.331757
 5113.000243 -1.942417 0.562674 0.644617 3.044510
 5114.000243 3.105883 0.598208 0.611256 -15.668656
 5115.000243 2.801905 0.609519 0.623704 -22.738447
 5116.000243 -3.034089 0.617770 0.635579 -12.654109
 5117.000243 -3.016244 0.599645 0.630117 -12.328677
 5118.000243 -3.064292 0.595663 0.643782 -13.014988
 5119.000243 -2.944078 0.564880 0.624833 -11.123508
 5120.000243 -2.856229 0.619133 0.638512 -9.943722
 5121.000243 -2.837383 0.687335 0.612481 -9.620923
 5122.000243 -2.838199 0.604756 0.667808 -9.577052
 5123.000243 -3.132731 0.589262 0.686158 -14.361126
 5124.000243 -2.317905 0.548758 0.570515 -3.492772
 5125.000243 -2.272451 0.538828 0.649333 -2.733618
 5126.000243 -2.570642 0.643750 0.630753 -6.709130
 5127.000244 -2.200884 0.581988 0.584693 -1.779275
 5128.000244 2.675518 0.553376 0.601405 -24.811826
 5129.000244 -2.548991 0.562431 0.607881 -6.313602
 5130.000244 -2.867861 0.606235 0.661532 -9.949865
 5131.000244 -2.707751 0.534880 0.669360 -7.682976
 5132.000244 -0.770099 0.591358 0.603597 -25.904013
 5133.000244 -2.343758 0.550684 0.581599 -3.801527
 5134.000244 -2.580578 0.580956 0.614828 -6.748577
 5135.000244 -2.996278 0.558920 0.611763 -11.909599
 5136.000244 -2.620009 0.596016 0.636061 -7.062997
 5137.000244 -2.750457 0.619810 0.615588 -8.252375
 5138.000244 -2.745440 0.657640 0.631120 -8.119720
 5139.000244 -2.398358 0.523378 0.630294 -4.448997
 5140.000244 -2.091738 0.571624 0.642132 0.287863
 5141.000244 -2.478177 0.630171 0.587110 -5.325745
 5142.000244 -2.402319 0.606541 0.687007 -4.427703
 5143.000244 2.637310 0.572247 0.624736 -25.184897
 5144.000244 -2.982318 0.607355 0.569413 -11.622436
 5145.000244 -1.390892 0.475221 0.523561 -0.058493
 5146.000244 -2.699403 0.606672 0.624571 -7.455462
 5147.000244 3.013502 0.597403 0.552639 -17.972089
 5148.000245 -2.344284 0.592366 0.547515 -3.727683
 5149.000245 -2.808988 0.620669 0.549749 -9.058138
 5150.000245 -2.411670 0.575140 0.551778 -4.444861
 5151.000245 -2.646862 0.579525 0.521220 -7.062866
 5152.000245 -2.571966 0.595591 0.550669 -6.525537
 5153.000245 -2.596293 0.552875 0.540144 -6.762321
 5154.000245 -2.931715 0.619306 0.592748 -10.793478
 5155.000245 -2.968484 0.568717 0.602742 -11.286225
 5156.000245 -2.232683 0.550987 0.551464 -2.111299
 5157.000245 -2.923504 0.561634 0.555286 -10.589431
 5158.000245 -2.838084 0.585738 0.565513 -9.383772
 5159.000245 -3.071256 0.619472 0.549797 -12.978623
 5160.000245 -2.889155 0.603247 0.529373 -10.073244
 5161.000245 -2.841604 0.576017 0.526293 -9.349127
 5162.000245 -2.897722 0.568859 0.577628 -10.085194
 5163.000245 -2.358675 0.578200 0.543062 -3.846821
 5164.000245 -2.554076 0.570098 0.564318 -6.191211
 5165.000245 -2.629981 0.572863 0.589841 -6.891381
 5166.000245 -2.507972 0.596232 0.586899 -5.568132
 5167.000245 -2.551362 0.616240 0.587929 -6.046295
 5168.000245 -2.364317 0.577187 0.542176 -3.862381
 5169.000246 -2.680464 0.603517 0.616599 -7.125524
 5170.000246 -2.724665 0.573317 0.617146 -7.629263
 5171.000246 -2.591295 0.552326 0.534278 -6.517897
 5172.000246 -3.014327 0.586332 0.607320 -11.943971
 5173.000246 -2.698283 0.591407 0.650901 -7.223101
 5174.000246 -2.839265 0.611896 0.640556 -9.247821
 5175.000246 -3.071688 0.632628 0.645876 -12.880187
 5176.000246 -2.256464 0.572165 0.600852 -2.361399
 5177.000246 -3.133284 0.634524 0.664031 -14.200628
 5178.000246 -2.149472 0.580640 0.607793 -0.860491
 5179.000246 -2.631760 0.605960 0.592236 -6.739425
 5180.000246 -2.533146 0.640790 0.597656 -5.741807
 5181.000246 -2.883132 0.587495 0.543977 -9.784729
 5182.000246 -2.538534 0.631406 0.608632 -5.751925
 5183.000246 -2.825922 0.592999 0.643420 -9.024807
 5184.000246 -2.742707 0.601951 0.587833 -7.786399
 5185.000246 -2.729749 0.595726 0.586712 -7.529861
 5186.000246 3.060755 0.594386 0.582255 -16.746942
 5187.000246 -2.307389 0.609151 0.596504 -3.071154
 5188.000246 -2.956377 0.581611 0.581182 -10.821320
 5189.000246 -2.540051 0.601496 0.600349 -5.718604
 5190.000247 -2.807010 0.627871 0.599452 -8.726907
 5191.000247 -2.997106 0.621365 0.543647 -11.520146
 5192.000247 -3.120759 0.627207 0.566923 -13.806606
 5193.000247 -2.992193 0.602420 0.567843 -11.372691
 5194.000247 2.982864 0.601844 0.586924 -18.458868
 5195.000247 -3.043195 0.639390 0.617975 -12.182922
 5196.000247 -2.977064 0.618925 0.604955 -11.031699
 5197.000247 -2.494290 0.629117 0.588967 -5.249236
 5198.000247 -2.571385 0.608893 0.586278 -6.056127
 5199.000247 -2.310407 0.534600 0.583761 -3.064568
 5200.000247 -2.488345 0.546719 0.568785 -5.140575
 5201.000247 -1.840335 0.517341 0.519096 4.039923
 5202.000247 -2.076050 0.556366 0.557236 0.651363
 5203.000247 -2.259811 0.515798 0.550343 -2.326146
 5204.000247 -2.220450 0.581702 0.621101 -1.849239
 5205.000247 -2.169997 0.557358 0.554039 -1.160337
 5206.000247 -2.356632 0.541691 0.569045 -3.630925
 5207.000247 -2.697817 0.605199 0.565695 -7.078020
 5208.000247 -2.625077 0.601062 0.589251 -6.588028
 5209.000247 -2.914367 0.633747 0.585206 -10.074211
 5210.000247 -2.787130 0.577602 0.590210 -8.381664
 5211.000248 2.901988 0.615865 0.564071 -20.437929
 5212.000248 3.037361 0.606634 0.579694 -17.258120
 5213.000248 -3.082132 0.591823 0.569918 -12.849167
 5214.000248 -2.665846 0.632271 0.603406 -6.725515
 5215.000248 2.926420 0.641247 0.633117 -19.631906
 5216.000248 -2.357022 0.594718 0.586037 -3.586602
 5217.000248 -2.914830 0.623793 0.562063 -10.016859
 5218.000248 3.083784 0.545846 0.608817 -15.985902
 5219.000248 2.743663 0.561648 0.540963 -23.737137
 5220.000248 -3.018546 0.588268 0.510749 -11.621103
 5221.000248 -2.747640 0.571839 0.521527 -7.651763
 5222.000248 -2.880791 0.616967 0.539555 -9.521151
 5223.000248 -2.438977 0.579706 0.526861 -4.578963
 5224.000248 -2.461706 0.604414 0.550514 -4.789547
 5225.000248 -2.816125 0.617857 0.553222 -8.654479
 5226.000248 -2.721714 0.594924 0.531939 -7.207310
 5227.000248 -2.819625 0.638164 0.571649 -8.633880
 5228.000248 -2.369941 0.626029 0.645023 -3.692709
 5229.000248 2.685390 0.590547 0.604022 -24.505519
 5230.000248 -2.522919 0.554396 0.680873 -5.331096
 5231.000248 -3.048214 0.538368 0.630961 -12.081231
 5232.000249 2.926820 0.558821 0.598544 -19.551188
 5233.000249 2.670989 0.604182 0.616396 -24.599153
 5234.000249 -3.022010 0.591751 0.572256 -11.567062
 5235.000249 -1.745132 0.500563 0.528814 4.512679
 5236.000249 -2.403138 0.515925 0.590340 -4.047202
 5237.000249 2.994698 0.573531 0.643618 -18.038137
 5238.000249 2.967485 0.561641 0.606041 -18.496348
 5239.000249 2.662454 0.626797 0.590553 -24.622587
 5240.000249 2.814088 0.562662 0.593383 -22.442907
 5241.000249 2.741781 0.639621 0.600281 -23.584981
 5242.000249 2.725929 0.595035 0.577483 -23.726040
 5243.000249 2.851353 0.602002 0.608882 -21.664366
 5244.000249 2.941997 0.591863 0.604734 -18.974421
 5245.000249 2.809364 0.644474 0.686950 -22.341887
 5246.000249 3.101209 0.604553 0.542295 -15.424625
 5247.000249 -2.859576 0.628483 0.581601 -9.087974
 5248.000249 2.610851 0.646268 0.600089 -25.153841
 5249.000249 2.810921 0.620122 0.610457 -22.240258
 5250.000249 -3.089240 0.624413 0.576075 -12.816733
 5251.000249 3.079574 0.623466 0.642496 -15.957369
 5252.000249 2.533794 0.597380 0.565055 -24.807670
 5253.000250 2.548055 0.550154 0.564193 -24.825129
 5254.000250 2.268241 0.540836 0.572724 -19.667868
 5255.000250 0.909370 0.479130 0.568745 -0.596282
 5256.000250 0.975471 0.533995 0.575023 0.849854
 5257.000250 1.815914 0.475476 0.589705 -2.084447
 5258.000250 1.278004 0.469799 0.559849 4.768664
 5259.000250 2.079621 0.504475 0.521149 -12.284018
 5260.000250 2.660704 0.606329 0.558144 -24.454454
 5261.000250 -2.235193 0.517819 0.534408 -1.946544
 5262.000250 -1.402781 0.566674 0.574823 0.180726
 5263.000250 -1.499215 0.507092 0.553558 2.213822
 5264.000250 -1.566233 0.550424 0.596497 3.440654
 5265.000250 -1.586258 0.574241 0.591138 3.752251
 5266.000250 -1.694706 0.553839 0.579530 4.461633
 5267.000250 -1.489784 0.563638 0.537143 2.086306
 5268.000250 -2.311822 0.535028 0.575101 -2.936214
 5269.000250 -1.516215 0.508585 0.585635 2.706435
 5270.000250 -1.763367 0.541258 0.573892 4.502897
 5271.000250 -1.912963 0.542621 0.588813 3.439373
 5272.000250 -2.358606 0.554322 0.625080 -3.470940
 5273.000250 -1.925147 0.524474 0.551794 3.320800
 5274.000251 -1.355070 0.557719 0.554724 -0.837632
 5275.000251 -2.407832 0.541353 0.571468 -4.049172
 5276.000251 -2.112355 0.583638 0.593796 -0.081080
 5277.000251 -1.708993 0.617723 0.612835 4.525741
 5278.000251 -1.064598 0.553352 0.550630 -15.508929
 5279.000251 -1.508088 0.535065 0.543946 2.562119
 5280.000251 -2.447339 0.572982 0.603935 -4.502369
 5281.000251 2.945922 0.600403 0.551797 -18.859155
 5282.000251 2.772737 0.611503 0.609458 -22.825607
 5283.000251 2.360391 0.564086 0.613837 -22.630871
 5284.000251 3.054601 0.547031 0.617864 -16.584980
 5285.000251 2.610053 0.623936 0.613856 -24.994893
 5286.000251 2.564846 0.600836 0.594140 -24.866044
 5287.000251 2.904563 0.627957 0.610662 -19.902560
 5288.000251 -3.079410 0.593515 0.596374 -12.590387
 5289.000251 2.992678 0.693926 0.662135 -17.866755
 5290.000251 2.415634 0.549607 0.569375 -23.340262
 5291.000251 2.848583 0.626987 0.611597 -21.505058
 5292.000251 3.090022 0.628744 0.603554 -15.610193
 5293.000251 2.820323 0.602847 0.625094 -21.936634
 5294.000251 2.718951 0.619105 0.602946 -23.649077
 5295.000251 2.683042 0.615260 0.591660 -24.027415
 5296.000252 2.622818 0.614425 0.569099 -24.700687
 5297.000252 -2.677942 0.631052 0.621041 -6.772083
 5298.000252 -3.016351 0.574015 0.596738 -11.449488
 5299.000252 -2.807235 0.600940 0.608301 -8.453939
 5300.000252 3.096684 0.623642 0.553649 -15.372558
 5301.000252 2.597731 0.630723 0.625981 -24.794281
 5302.000252 2.824069 0.639382 0.612202 -21.797669
 5303.000252 2.507499 0.599576 0.570444 -24.500182
 5304.000252 2.854706 0.629774 0.531630 -21.192508
 5305.000252 -2.551735 0.605089 0.600335 -5.684350
 5306.000252 2.932538 0.599034 0.567494 -18.995210
 5307.000252 -2.833825 0.616616 0.577917 -8.692822
 5308.000252 2.736672 0.652828 0.647592 -23.230139
 5309.000252 -3.058455 0.563337 0.607265 -12.076031
 5310.000252 3.083281 0.607917 0.528800 -15.647776
 5311.000252 2.943950 0.597546 0.593382 -18.668939
 5312.000252 2.835699 0.682941 0.583242 -21.442486
 5313.000252 -2.829630 0.596791 0.581713 -8.593490
 5314.000252 2.878272 0.616647 0.577136 -20.386460
 5315.000252 -2.364238 0.590972 0.581903 -3.475884
 5316.000252 2.751055 0.647830 0.572113 -22.878861
 5317.000253 2.524917 0.616934 0.574852 -24.455302
 5318.000253 3.131074 0.630712 0.566497 -14.306910
 5319.000253 2.812900 0.628040 0.593542 -21.646287
 5320.000253 2.846534 0.628891 0.551009 -21.035153
 5321.000253 3.055512 0.634060 0.596944 -16.217647
 5322.000253 -3.104046 0.573755 0.528490 -12.950516
 5323.000253 2.763361 0.650183 0.552615 -22.472248
 5324.000253 3.124797 0.621698 0.599398 -14.339516
 5325.000253 2.764692 0.617445 0.578597 -22.348612
 5326.000253 -2.601050 0.598332 0.648096 -6.318123
 5327.000253 -2.469786 0.648987 0.632537 -4.722404
 5328.000253 2.834128 0.624571 0.560166 -21.133648
 5329.000253 -2.056541 0.561284 0.591323 1.051832
 5330.000253 2.667424 0.603089 0.548592 -23.964302
 5331.000253 2.754613 0.609470 0.556811 -22.429638
 5332.000253 2.752697 0.641105 0.561566 -22.379059
 5333.000253 -2.909348 0.593545 0.586481 -9.768389
 5334.000253 -2.824661 0.585418 0.561413 -8.485656
 5335.000253 -2.443216 0.620882 0.579348 -4.333674
 5336.000253 -2.948156 0.628682 0.580173 -10.322977
 5337.000253 -2.942225 0.645718 0.605919 -10.168145
 5338.000254 3.038299 0.653191 0.618398 -16.561469
 5339.000254 2.621496 0.616233 0.592155 -24.454530
 5340.000254 3.011972 0.581827 0.563188 -17.150267
 5341.000254 2.803576 0.582213 0.594805 -21.430005
 5342.000254 2.766885 0.640877 0.572194 -21.960540
 5343.000254 -2.536668 0.588739 0.598893 -5.386502
 5344.000254 2.430756 0.645276 0.640748 -23.494242
 5345.000254 -2.895633 0.599208 0.590924 -9.423504
 5346.000254 2.557481 0.610936 0.602085 -24.482836
 5347.000254 2.673371 0.590659 0.594474 -23.668696
 5348.000254 2.930693 0.640528 0.590602 -18.819014
 5349.000254 2.538209 0.607057 0.540251 -24.321058
 5350.000254 2.886703 0.608968 0.584676 -19.920746
 5351.000254 -3.026061 0.604163 0.582260 -11.450272
 5352.000254 3.002338 0.600096 0.576050 -17.289198
 5353.000254 -2.995439 0.560450 0.587561 -10.942836
 5354.000254 2.866186 0.639252 0.582427 -20.335324
 5355.000254 3.117653 0.587796 0.628504 -14.453007
 5356.000254 -3.048449 0.580573 0.615113 -11.696667
 5357.000254 2.840188 0.558061 0.624986 -20.727226
 5358.000254 2.540561 0.578745 0.566240 -24.248944
 5359.000255 2.472029 0.565413 0.621733 -24.000653
 5360.000255 -2.600145 0.612137 0.604455 -6.231498
 5361.000255 2.567283 0.583914 0.603421 -24.290369
 5362.000255 2.436794 0.521389 0.619509 -23.440483
 5363.000255 -2.098483 0.586622 0.641393 0.274551
 5364.000255 2.453150 0.562360 0.610565 -23.592933
 5365.000255 -2.491908 0.586390 0.647433 -4.854985
 5366.000255 2.789592 0.546954 0.631592 -21.398672
 5367.000255 -2.977359 0.646750 0.640367 -10.588673
 5368.000255 -2.258413 0.547866 0.610970 -2.194218
 5369.000255 -2.993036 0.602947 0.684076 -10.748511
 5370.000255 -3.122808 0.611786 0.633182 -13.262193
 5371.000255 3.049694 0.621213 0.629065 -16.065545
 5372.000255 -2.413067 0.608806 0.653942 -3.937348
 5373.000255 -2.430039 0.598250 0.647080 -4.067772
 5374.000255 -2.755869 0.578588 0.678676 -7.645185
 5375.000255 -1.679313 0.484017 0.561121 4.484127
 5376.000255 -2.240091 0.501015 0.578371 -1.950378
 5377.000255 2.665320 0.587913 0.592563 -23.693039
 5378.000255 2.462822 0.524448 0.593274 -23.642174
 5379.000255 2.444823 0.521711 0.561696 -23.326712
 5380.000256 2.297009 0.486728 0.559374 -20.806216
 5381.000256 2.052082 0.519112 0.554145 -10.831126
 5382.000256 2.323545 0.560352 0.546740 -21.644888
 5383.000256 2.280385 0.564258 0.588904 -20.037546
 5384.000256 2.357175 0.534227 0.609714 -22.239715
 5385.000256 -2.421765 0.574316 0.621411 -3.940757
 5386.000256 3.088010 0.550336 0.621305 -15.035601
 5387.000256 -2.560867 0.582847 0.621916 -5.629810
 5388.000256 -2.758251 0.568372 0.631537 -7.631218
 5389.000256 -2.966910 0.554266 0.638358 -10.328926
 5390.000256 -2.789093 0.555434 0.633919 -7.997262
 5391.000256 2.645304 0.538118 0.651416 -23.870253
 5392.000256 2.328278 0.544571 0.621933 -21.559225
 5393.000256 2.524613 0.549479 0.637564 -23.946077
 5394.000256 2.357251 0.543862 0.613848 -22.076136
 5395.000256 2.775942 0.509204 0.639332 -21.575435
 5396.000256 -2.488466 0.596646 0.639432 -4.701648
 5397.000256 2.433883 0.602509 0.635850 -23.048805
 5398.000256 2.891020 0.666905 0.622659 -19.651282
 5399.000256 2.817557 0.553175 0.656093 -20.839811
 5400.000256 -2.972867 0.645047 0.604994 -10.342116
 5401.000257 -3.053287 0.613289 0.614115 -11.588477
 5402.000257 -2.668594 0.610847 0.625140 -6.619065
 5403.000257 -2.719923 0.591762 0.645690 -7.029318
 5404.000257 -2.125754 0.502891 0.586175 -0.244910
 5405.000257 -2.512053 0.510502 0.566907 -4.909796
 5406.000257 -1.543752 0.509217 0.562432 3.218843
 5407.000257 -2.144320 0.576173 0.582941 -0.574458
 5408.000257 -2.706090 0.591937 0.625336 -6.836149
 5409.000257 -2.737574 0.607870 0.654011 -7.142291
 5410.000257 -2.183593 0.511901 0.565618 -1.233496
 5411.000257 -1.434915 0.519824 0.495983 0.881489
 5412.000257 -2.722050 0.595244 0.655449 -6.905518
 5413.000257 -3.116884 0.571370 0.625609 -13.008762
 5414.000257 -2.995986 0.607862 0.666049 -10.577622
 5415.000257 -2.960042 0.579447 0.689254 -10.068719
 5416.000257 -2.684237 0.642343 0.690329 -6.557979
 5417.000257 -2.901107 0.600670 0.629516 -9.368356
 5418.000257 2.894546 0.617150 0.578295 -19.482288
 5419.000257 -1.621456 0.504502 0.528565 4.195864
 5420.000257 -1.968970 0.544752 0.535922 2.699319
 5421.000257 -1.941886 0.543586 0.587853 3.131913
 5422.000258 -1.823383 0.531926 0.578962 4.141177
 5423.000258 -1.445904 0.506448 0.578600 1.153620
 5424.000258 -2.160467 0.452393 0.552663 -0.821477
 5425.000258 -1.618804 0.524888 0.516252 4.195507
 5426.000258 -1.645301 0.552974 0.532849 4.425550
 5427.000258 -1.984201 0.528627 0.577794 2.512729
 5428.000258 -1.753318 0.496599 0.520934 4.567092
 5429.000258 -1.737521 0.515248 0.573763 4.622946
 5430.000258 -1.392677 0.494996 0.558625 0.111801
 5431.000258 -1.131018 0.557806 0.562050 -10.917872
 5432.000258 -1.592590 0.633895 0.587566 3.955638
 5433.000258 -2.357689 0.517517 0.566569 -3.350559
 5434.000258 -2.476020 0.583186 0.602992 -4.514976
 5435.000258 -2.823052 0.631261 0.610599 -8.313151
 5436.000258 -2.616389 0.588068 0.595819 -6.292749
 5437.000258 -2.814054 0.589691 0.603685 -8.155377
 5438.000258 2.991300 0.601044 0.572519 -17.425758
 5439.000258 2.888910 0.592525 0.615576 -19.551678
 5440.000258 -2.818745 0.559548 0.615435 -8.157395
 5441.000258 -3.128217 0.537091 0.617436 -13.278617
 5442.000258 -2.455956 0.552236 0.585807 -4.231920
 5443.000259 2.860116 0.566680 0.615943 -20.050871
 5444.000259 2.466349 0.585381 0.641700 -23.459998
 5445.000259 -2.193999 0.598587 0.648201 -1.339886
 5446.000259 -2.287471 0.562946 0.582076 -2.518471
 5447.000259 -2.751007 0.621213 0.560477 -7.216917
 5448.000259 2.297658 0.539310 0.564460 -20.569649
 5449.000259 2.436380 0.577290 0.609291 -22.984710
 5450.000259 1.888505 0.548509 0.579669 -4.256184
 5451.000259 0.635578 0.610544 0.641921 -6.284770
 5452.000259 0.965116 0.596395 0.613069 0.582335
 5453.000259 0.455191 0.557961 0.641278 -8.622751
 5454.000259 0.669888 0.635067 0.613723 -5.936280
 5455.000259 0.385231 0.631064 0.598300 -9.189663
 5456.000259 0.486893 0.604388 0.649386 -8.125261
 5457.000259 0.163226 0.617292 0.637162 -13.048700
 5458.000259 -0.948802 0.559535 0.576932 -21.177293
 5459.000259 -0.163595 0.602795 0.623409 -19.715268
 5460.000259 -0.067802 0.593620 0.627463 -18.360713
 5461.000259 0.423100 0.634780 0.676621 -8.745617
 5462.000259 0.676985 0.616839 0.642996 -5.779091
 5463.000259 0.246365 0.619413 0.645702 -11.567974
 5464.000260 0.416733 0.556605 0.645431 -8.737665
 5465.000260 -0.242437 0.643499 0.652849 -21.164051
 5466.000260 0.288539 0.645549 0.616250 -10.963809
 5467.000260 -0.100771 0.614344 0.670249 -18.784061
 5468.000260 0.330072 0.622947 0.710532 -10.122679
 5469.000260 0.859694 0.628428 0.632617 -1.576511
 5470.000260 0.246240 0.609485 0.651356 -11.450435
 5471.000260 0.212555 0.637164 0.628772 -11.906818
 5472.000260 -0.413331 0.588314 0.657064 -24.210495
 5473.000260 0.360785 0.586978 0.623996 -9.437751
 5474.000260 0.077093 0.621234 0.587665 -14.838696
 5475.000260 -0.147096 0.588785 0.647514 -19.321896
 5476.000260 0.536178 0.577654 0.619559 -7.094752
 5477.000260 0.344721 0.556551 0.629398 -9.694133
 5478.000260 0.299767 0.596915 0.641161 -10.532191
 5479.000260 -0.406453 0.632760 0.644223 -24.055243
 5480.000260 0.194238 0.554382 0.566395 -12.198902
 5481.000260 -0.471663 0.608166 0.612929 -24.870509
 5482.000260 -0.880192 0.588349 0.575742 -23.652687
 5483.000260 -0.053213 0.562652 0.611785 -17.935719
 5484.000260 -0.598443 0.663440 0.634544 -26.169496
 5485.000261 0.115862 0.585944 0.593366 -13.930871
 5486.000261 0.103974 0.621697 0.645007 -14.130010
 5487.000261 0.123378 0.579717 0.637009 -13.638359
 5488.000261 0.033968 0.622564 0.649904 -15.497299
 5489.000261 -0.066535 0.624781 0.635959 -18.126709
 5490.000261 -0.512547 0.592891 0.595872 -25.235337
 5491.000261 0.833548 0.557306 0.582698 -2.038285
 5492.000261 2.241741 0.551513 0.517778 -18.619037
 5493.000261 -0.255351 0.607277 0.577095 -21.342927
 5494.000261 -0.078308 0.625142 0.682242 -18.254203
 5495.000261 -0.072474 0.588754 0.626688 -18.089970
 5496.000261 0.210363 0.644784 0.635898 -11.804910
 5497.000261 0.416134 0.569850 0.638006 -8.653282
 5498.000261 -0.084430 0.529753 0.666180 -18.190804
 5499.000261 0.702293 0.566356 0.672725 -5.263616
 5500.000261 -0.628863 0.548274 0.612349 -26.217311
 5501.000261 -0.946747 0.535517 0.592589 -21.175347
 5502.000261 1.102268 0.581477 0.593353 2.816446
 5503.000261 0.151957 0.540472 0.648445 -12.943623
 5504.000261 0.449049 0.586666 0.634968 -8.426698
 5505.000261 0.662479 0.584481 0.624134 -5.868170
 5506.000262 1.297265 0.535448 0.604235 4.801880
 5507.000262 0.905200 0.530879 0.541280 -0.645430
 5508.000262 0.918036 0.528642 0.592402 -0.349968
 5509.000262 0.605283 0.564444 0.684556 -6.258678
 5510.000262 -0.030100 0.539134 0.648791 -17.103707
 5511.000262 -0.780293 0.535811 0.553692 -25.866907
 5512.000262 0.063165 0.559053 0.590076 -14.821208
 5513.000262 -0.316886 0.617030 0.572448 -22.617671
 5514.000262 0.432216 0.582994 0.603282 -8.466715
 5515.000262 0.672064 0.542995 0.585442 -5.689281
 5516.000262 -0.506368 0.571198 0.591631 -25.100772
 5517.000262 -0.103875 0.568209 0.611706 -18.367667
 5518.000262 0.530200 0.637053 0.634993 -7.129060
 5519.000262 0.072777 0.563993 0.582504 -14.563709
 5520.000262 -0.505922 0.568977 0.551489 -25.017665
 5521.000262 -0.283931 0.602833 0.557016 -21.817814
 5522.000262 -0.731186 0.490326 0.539669 -26.155186
 5523.000262 -2.287025 0.563404 0.577289 -2.465875
 5524.000262 -2.560746 0.545824 0.577786 -5.518318
 5525.000262 -2.904058 0.621121 0.591534 -9.361157
 5526.000262 -2.873267 0.543892 0.532143 -8.862084
 5527.000263 2.733733 0.549045 0.567251 -22.409656
 5528.000263 -2.399626 0.518229 0.541092 -3.670113
 5529.000263 -2.310958 0.524173 0.548113 -2.726707
 5530.000263 -2.233808 0.561391 0.582436 -1.743783
 5531.000263 -2.349756 0.475708 0.537181 -3.122380
 5532.000263 -1.878188 0.546680 0.562111 3.825920
 5533.000263 -2.148298 0.564355 0.638604 -0.572265
 5534.000263 -2.069027 0.500247 0.576358 0.853756
 5535.000263 -2.288233 0.527851 0.584956 -2.354731
 5536.000263 -2.214364 0.573929 0.573254 -1.473115
 5537.000263 -2.079807 0.534719 0.584723 0.696495
 5538.000263 -2.733672 0.557520 0.633223 -6.953231
 5539.000263 3.085501 0.558751 0.616924 -15.027390
 5540.000263 -2.921987 0.641423 0.692150 -9.484586
 5541.000263 2.449902 0.530040 0.567960 -23.100368
 5542.000263 -3.133254 0.586255 0.650442 -13.352081
 5543.000263 -2.900221 0.524495 0.545131 -9.162838
 5544.000263 -2.615565 0.608576 0.698430 -6.213649
 5545.000263 -2.407869 0.583206 0.640983 -3.663363
 5546.000263 -1.595313 0.510884 0.580131 4.007088
 5547.000263 -2.416757 0.547850 0.631046 -3.704152
 5548.000264 -2.818238 0.633560 0.577402 -8.048553
 5549.000264 -2.789913 0.602375 0.579134 -7.675191
 5550.000264 -1.072734 0.500666 0.561086 -14.863742
 5551.000264 -2.481109 0.584510 0.624375 -4.430538
 5552.000264 -2.207263 0.482121 0.558547 -1.356910
 5553.000264 -2.170410 0.586524 0.617642 -0.836383
 5554.000264 -2.653316 0.540099 0.677780 -6.364193
 5555.000264 -2.798907 0.578143 0.624506 -7.720898
 5556.000264 -2.766259 0.585551 0.593485 -7.268667
 5557.000264 -2.210726 0.610189 0.599390 -1.311354
 5558.000264 -2.055687 0.516144 0.635205 1.160932
 5559.000264 -0.802161 0.479737 0.599839 -25.537466
 5560.000264 -0.979923 0.525594 0.615401 -19.776338
 5561.000264 -1.040860 0.472208 0.616487 -16.787980
 5562.000264 -0.883828 0.503450 0.560172 -23.362828
 5563.000264 -2.646022 0.614006 0.629048 -6.291448
 5564.000264 -2.658427 0.622766 0.589545 -6.287520
 5565.000264 -3.089635 0.619200 0.618543 -12.288335
 5566.000264 2.801332 0.536749 0.642109 -20.961526
 5567.000264 2.719527 0.599199 0.648660 -22.629700
 5568.000264 -2.364112 0.570926 0.676317 -3.192815
 5569.000265 -3.031056 0.612805 0.646688 -11.073134
 5570.000265 -2.299012 0.547144 0.640224 -2.393277
 5571.000265 -2.582797 0.600022 0.674505 -5.754824
 5572.000265 -2.608498 0.590851 0.646195 -5.983024
 5573.000265 -2.124868 0.559148 0.626839 -0.029236
 5574.000265 3.062536 0.524847 0.622964 -15.538124
 5575.000265 -2.077049 0.549810 0.599652 0.837366
 5576.000265 -2.332173 0.619622 0.704441 -2.761817
 5577.000265 -2.623675 0.591309 0.630549 -6.036437
 5578.000265 -2.753288 0.610998 0.671456 -7.045448
 5579.000265 -2.486802 0.585399 0.647090 -4.450319
 5580.000265 -2.485752 0.521835 0.622378 -4.387029
 5581.000265 -2.050272 0.550879 0.570066 1.329268
 5582.000265 -2.329054 0.470010 0.590592 -2.684969
 5583.000265 -2.366704 0.566649 0.585612 -3.066691
 5584.000265 -2.210851 0.569095 0.626531 -1.258341
 5585.000265 -2.203147 0.593865 0.589471 -1.127766
 5586.000265 -2.517832 0.646090 0.640210 -4.716410
 5587.000265 -2.411859 0.552084 0.592281 -3.505423
 5588.000265 -2.653407 0.611220 0.629262 -6.132766
 5589.000265 2.950853 0.588579 0.638698 -18.185915
 5590.000266 1.863535 0.530038 0.574560 -3.483299
 5591.000266 2.138107 0.519673 0.599339 -15.329383
 5592.000266 2.351698 0.537294 0.594420 -21.903787
 5593.000266 2.291404 0.549025 0.642060 -20.228100
 5594.000266 1.991631 0.544568 0.554937 -8.352905
 5595.000266 2.539391 0.511292 0.589612 -23.962153
 5596.000266 2.293782 0.482503 0.566881 -20.221656
 5597.000266 1.793973 0.516669 0.592517 -1.522973
 5598.000266 2.193007 0.521090 0.573417 -17.106205
 5599.000266 0.956386 0.514673 0.529114 0.449613
 5600.000266 -0.235992 0.600850 0.621600 -20.869946
 5601.000266 -0.053060 0.620693 0.578679 -17.566033
 5602.000266 0.124891 0.542043 0.652330 -13.458847
 5603.000266 0.685192 0.544873 0.646637 -5.484576
 5604.000266 0.760331 0.654492 0.659608 -3.736959
 5605.000266 0.514294 0.596956 0.629169 -7.409908
 5606.000266 0.672483 0.588601 0.664147 -5.584891
 5607.000266 0.578187 0.519442 0.592161 -6.378911
 5608.000266 0.507782 0.617341 0.588481 -7.461414
 5609.000266 -0.570738 0.644947 0.565096 -25.732464
 5610.000266 -0.354274 0.591094 0.579705 -23.298865
 5611.000267 -0.185902 0.653167 0.552877 -19.844480
 5612.000267 -0.287239 0.544396 0.590570 -21.724290
 5613.000267 0.045607 0.659861 0.608806 -15.039945
 5614.000267 0.132027 0.556052 0.575543 -13.253475
 5615.000267 -0.009424 0.610859 0.594110 -16.368157
 5616.000267 0.100731 0.623514 0.531410 -13.821199
 5617.000267 0.219980 0.601553 0.561035 -11.608761
 5618.000267 0.018754 0.530434 0.619477 -15.517457
 5619.000267 0.676869 0.596295 0.654853 -5.471516
 5620.000267 1.082841 0.561346 0.605884 2.501174
 5621.000267 0.827613 0.577548 0.603347 -2.090054
 5622.000267 -0.818033 0.527009 0.622785 -25.203466
 5623.000267 -0.776621 0.564605 0.596032 -25.590684
 5624.000267 -0.579186 0.517268 0.583511 -25.751467
 5625.000267 -0.149717 0.569600 0.639407 -19.072288
 5626.000267 -0.516539 0.517226 0.587620 -25.026066
 5627.000267 -0.898543 0.545098 0.599981 -22.752546
 5628.000267 -0.885793 0.544385 0.602771 -23.112265
 5629.000267 -0.775407 0.568450 0.595772 -25.518182
 5630.000267 -0.539318 0.547044 0.618698 -25.164331
 5631.000267 -0.794009 0.576987 0.627078 -25.262932
 5632.000268 -0.772111 0.581131 0.647394 -25.384137
 5633.000268 -0.369759 0.525943 0.679632 -23.435100
 5634.000268 -0.725625 0.560602 0.596121 -25.845978
 5635.000268 -0.531609 0.532521 0.649612 -25.000509
 5636.000268 0.710057 0.519712 0.603187 -4.890578
 5637.000268 0.337211 0.554980 0.629135 -9.768023
 5638.000268 0.926197 0.578884 0.625136 -0.122001
 5639.000268 0.092881 0.575831 0.619283 -13.899802
 5640.000268 0.695123 0.560215 0.625707 -5.114639
 5641.000268 0.351377 0.563870 0.643957 -9.435336
 5642.000268 0.554829 0.550645 0.575531 -6.586987
 5643.000268 0.464792 0.515809 0.607695 -8.101192
 5644.000268 0.870240 0.524802 0.593159 -1.169756
 5645.000268 0.041729 0.583349 0.607937 -14.851389
 5646.000268 0.317065 0.564421 0.622894 -10.058226
 5647.000268 -0.038382 0.499348 0.595476 -16.978569
 5648.000268 0.920172 0.577696 0.628691 -0.178965
 5649.000268 0.087366 0.531286 0.636296 -13.906849
 5650.000268 0.300737 0.570958 0.672459 -10.323486
 5651.000268 0.668074 0.558085 0.561185 -5.444698
 5652.000268 0.143201 0.604860 0.602341 -12.881357
 5653.000269 -0.170094 0.581676 0.637853 -19.377815
 5654.000269 0.504041 0.557221 0.696884 -7.422456
 5655.000269 -0.710627 0.561436 0.617471 -25.927821
 5656.000269 -1.421231 0.526346 0.586702 0.662627
 5657.000269 -0.415739 0.554878 0.739556 -23.888430
 5658.000269 -0.541464 0.533803 0.622305 -24.982518
 5659.000269 -0.220364 0.575790 0.679792 -20.268335
 5660.000269 -0.791142 0.566611 0.627718 -25.058450
 5661.000269 0.686813 0.487695 0.586116 -5.120244
 5662.000269 0.988067 0.556011 0.578007 1.154196
 5663.000269 0.163526 0.600889 0.630997 -12.451126
 5664.000269 0.669573 0.533153 0.595851 -5.290713
 5665.000269 0.683531 0.584530 0.626250 -5.067906
 5666.000269 0.739365 0.601244 0.621481 -4.074374
 5667.000269 0.754543 0.612591 0.624314 -3.674866
 5668.000269 0.474103 0.596577 0.641612 -7.845349
 5669.000269 0.694227 0.573876 0.585475 -4.783325
 5670.000269 0.222553 0.642831 0.650119 -11.436458
 5671.000269 -0.764567 0.546246 0.566999 -25.165005
 5672.000269 -0.462122 0.531467 0.628388 -24.353351
 5673.000269 -0.152851 0.608643 0.663169 -18.941452
 5674.000270 -0.903497 0.582758 0.597961 -22.411649
 5675.000270 -0.206522 0.591385 0.600016 -19.842937
 5676.000270 -0.187199 0.584653 0.643422 -19.403392
 5677.000270 -0.740492 0.561273 0.642721 -25.339174
 5678.000270 -0.661818 0.563583 0.658844 -26.048802
 5679.000270 -0.718246 0.598877 0.656081 -25.523414
 5680.000270 0.431100 0.578125 0.643403 -8.260380
 5681.000270 0.283578 0.580175 0.618774 -10.530936
 5682.000270 -0.843460 0.617214 0.567573 -24.135045
 5683.000270 -0.239727 0.524870 0.567763 -20.432469
 5684.000270 -0.344595 0.553670 0.570796 -22.842004
 5685.000270 0.888415 0.544033 0.522069 -0.686920
 5686.000270 -0.253662 0.598139 0.674160 -20.658259
 5687.000270 0.061086 0.533387 0.644388 -14.265369
 5688.000270 0.693630 0.568990 0.586019 -4.743185
 5689.000270 0.654058 0.585963 0.647893 -5.266596
 5690.000270 -0.008739 0.579598 0.638917 -15.985692
 5691.000270 0.828106 0.581601 0.678793 -1.902588
 5692.000270 0.202576 0.569100 0.648660 -11.663813
 5693.000270 0.490307 0.558259 0.656880 -7.529603
 5694.000270 0.439704 0.554582 0.649501 -8.099188
 5695.000270 -0.244864 0.600040 0.612159 -20.396044
 5696.000271 0.397313 0.570154 0.656318 -8.483294
 5697.000271 0.632351 0.540086 0.607364 -5.522205
 5698.000271 -0.076222 0.614952 0.604193 -17.652762
 5699.000271 0.563130 0.499647 0.601669 -6.335163
 5700.000271 0.475128 0.532624 0.572839 -7.651322
 5701.000271 -0.106294 0.617496 0.573000 -18.056835
 5702.000271 0.054762 0.617230 0.612751 -14.319661
 5703.000271 0.586851 0.607548 0.604454 -6.010979
 5704.000271 0.322576 0.573389 0.593513 -9.749319
 5705.000271 -0.375862 0.588990 0.569390 -23.253302
 5706.000271 0.180241 0.582729 0.584801 -11.993760
 5707.000271 -0.518191 0.579069 0.600761 -24.620180
 5708.000271 -0.664935 0.537485 0.560106 -25.918598
 5709.000271 -0.717866 0.563283 0.602698 -25.412567
 5710.000271 -0.313849 0.575423 0.629012 -21.909350
 5711.000271 -0.655754 0.592043 0.557968 -25.823634
 5712.000271 -0.417452 0.566237 0.634391 -23.653133
 5713.000271 0.260473 0.589800 0.611768 -10.757520
 5714.000271 0.642021 0.517709 0.550738 -5.321417
 5715.000271 0.787448 0.562136 0.590789 -2.778355
 5716.000271 0.049489 0.606263 0.592474 -14.363667
 5717.000272 -0.072502 0.588191 0.587516 -17.475167
 5718.000272 -0.258961 0.499848 0.591194 -20.582446
 5719.000272 -0.804663 0.587273 0.561982 -24.679104
 5720.000272 -0.710488 0.597500 0.638884 -25.366889
 5721.000272 0.522128 0.575350 0.603648 -6.850719
 5722.000272 0.350706 0.554955 0.627422 -9.173003
 5723.000272 -0.307030 0.622118 0.618551 -21.580378
 5724.000272 0.317376 0.565112 0.631606 -9.716559
 5725.000272 0.364391 0.584697 0.620973 -8.858247
 5726.000272 0.907014 0.596332 0.610435 -0.294000
 5727.000272 0.159904 0.554212 0.639916 -12.278714
 5728.000272 -0.071413 0.634079 0.646871 -17.383038
 5729.000272 0.419609 0.564354 0.618642 -8.116530
 5730.000272 0.373373 0.592547 0.597266 -8.622869
 5731.000272 0.506498 0.572949 0.621704 -7.053071
 5732.000272 -0.399099 0.554203 0.644569 -23.328969
 5733.000272 0.646193 0.600031 0.701482 -5.222281
 5734.000272 0.068573 0.640326 0.641230 -13.934354
 5735.000272 -0.557467 0.591301 0.644716 -24.999933
 5736.000272 0.126627 0.575066 0.650937 -12.806041
 5737.000272 0.370017 0.603751 0.639198 -8.613815
 5738.000273 0.546364 0.562545 0.630930 -6.384697
 5739.000273 0.234351 0.572757 0.640093 -11.011964
 5740.000273 0.436623 0.620671 0.666056 -7.853196
 5741.000273 0.688450 0.586099 0.620283 -4.675366
 5742.000273 0.467824 0.592545 0.642947 -7.505621
 5743.000273 -0.197852 0.592384 0.668719 -19.415161
 5744.000273 -0.663122 0.594754 0.660032 -25.673692
 5745.000273 0.177548 0.576452 0.706586 -11.849274
 5746.000273 0.243372 0.579169 0.643885 -10.821714
 5747.000273 -0.295929 0.584571 0.639492 -21.218124
 5748.000273 0.782216 0.634956 0.648209 -2.858185
 5749.000273 0.405482 0.564781 0.632612 -8.031178
 5750.000273 0.641440 0.579915 0.631230 -5.194860
 5751.000273 0.394328 0.591487 0.639464 -8.108114
 5752.000273 0.237988 0.558600 0.652497 -10.835449
 5753.000273 -0.044449 0.582925 0.673895 -16.777404
 5754.000273 0.253676 0.549855 0.693907 -10.584963
 5755.000273 0.260794 0.606608 0.635875 -10.437174
 5756.000273 0.786941 0.502965 0.618575 -2.702105
 5757.000273 -0.021252 0.616407 0.617597 -16.096795
 5758.000273 -0.006010 0.592881 0.618565 -15.592498
 5759.000274 0.823879 0.551263 0.582736 -1.864171
 5760.000274 0.621471 0.542715 0.629392 -5.402565
 5761.000274 0.407575 0.498548 0.587625 -7.912471
 5762.000274 0.174138 0.577776 0.592950 -11.753378
 5763.000274 0.598853 0.517104 0.590377 -5.636020
 5764.000274 -0.707329 0.536863 0.590777 -25.280861
 5765.000274 -0.230471 0.576044 0.579493 -19.890177
 5766.000274 0.762287 0.556067 0.549399 -3.201032
 5767.000274 -0.918818 0.593655 0.619492 -21.822770
 5768.000274 1.097168 0.572132 0.603636 2.802777
 5769.000274 0.823199 0.579826 0.686803 -1.818311
 5770.000274 0.898644 0.567827 0.624483 -0.395529
 5771.000274 0.650268 0.523819 0.582935 -4.981904
 5772.000274 0.469334 0.554524 0.631749 -7.400694
 5773.000274 -0.248079 0.576025 0.637787 -20.113935
 5774.000274 -0.397934 0.633451 0.619320 -23.236082
 5775.000274 -0.527917 0.593910 0.575499 -24.572028
 5776.000274 -0.130317 0.605807 0.637853 -18.202617
 5777.000274 0.296298 0.620482 0.626200 -9.840597
 5778.000274 -0.020515 0.625072 0.614062 -15.930208
 5779.000274 -0.630656 0.610628 0.662159 -25.618175
 5780.000275 -0.431591 0.598464 0.623794 -23.622916
 5781.000275 0.693903 0.590902 0.648461 -4.460954
 5782.000275 0.613304 0.601397 0.632270 -5.355600
 5783.000275 -0.466174 0.623231 0.614720 -23.995585
 5784.000275 -0.493986 0.584543 0.639711 -24.125413
 5785.000275 -0.016490 0.601434 0.657046 -15.758068
 5786.000275 0.289786 0.594787 0.600347 -9.892079
 5787.000275 0.524287 0.604565 0.659538 -6.578915
 5788.000275 -0.226624 0.597238 0.645292 -19.670176
 5789.000275 -0.240242 0.593847 0.619857 -19.813349
 5790.000275 -0.330403 0.609711 0.639955 -21.891864
 5791.000275 -0.121968 0.640648 0.634837 -17.934231
 5792.000275 0.520774 0.665039 0.653237 -6.542256
 5793.000275 0.481212 0.574380 0.628589 -7.071785
 5794.000275 0.702621 0.616166 0.687988 -4.259864
 5795.000275 0.624149 0.601529 0.654541 -5.113263
 5796.000275 0.679439 0.557485 0.643555 -4.466708
 5797.000275 1.150684 0.591489 0.658891 3.618207
 5798.000275 -0.063453 0.595980 0.624408 -16.793632
 5799.000275 -0.007194 0.600751 0.587249 -15.399010
 5800.000275 -0.581227 0.579979 0.601052 -25.104657
 5801.000276 0.214032 0.600512 0.634214 -10.905822
 5802.000276 0.168521 0.624263 0.645217 -11.718749
 5803.000276 0.350847 0.551668 0.614178 -8.669137
 5804.000276 -0.350467 0.562694 0.628419 -22.294202
 5805.000276 0.010938 0.536353 0.599174 -14.907605
 5806.000276 0.463965 0.563023 0.624197 -7.236305
 5807.000276 0.539554 0.568063 0.611064 -6.173040
 5808.000276 -0.154198 0.606426 0.637292 -18.402203
 5809.000276 0.828881 0.541143 0.608931 -1.615238
 5810.000276 0.483157 0.630193 0.611039 -6.918707
 5811.000276 -0.388867 0.602909 0.622111 -22.844401
 5812.000276 0.277079 0.629597 0.688199 -9.955234
 5813.000276 0.671118 0.539579 0.563080 -4.501836
 5814.000276 0.225177 0.611507 0.626255 -10.601564
 5815.000276 0.826682 0.605621 0.625927 -1.610590
 5816.000276 0.444015 0.592987 0.660079 -7.340330
 5817.000276 0.706938 0.599973 0.637448 -4.080524
 5818.000276 0.026283 0.595915 0.596761 -14.513701
 5819.000276 0.743627 0.581985 0.598934 -3.411127
 5820.000276 -0.112026 0.630320 0.644721 -17.589598
 5821.000276 0.304122 0.597739 0.650852 -9.442824
 5822.000277 0.617363 0.529250 0.621038 -5.075302
 5823.000277 -0.665630 0.668365 0.685131 -25.421797
 5824.000277 0.258729 0.588380 0.649209 -10.065031
 5825.000277 0.427527 0.618542 0.638671 -7.447166
 5826.000277 0.443424 0.558564 0.619877 -7.240717
 5827.000277 0.789320 0.572086 0.625994 -2.311083
 5828.000277 -0.445471 0.620343 0.611163 -23.539330
 5829.000277 0.456694 0.521659 0.582628 -7.059059
 5830.000277 0.344591 0.603260 0.623389 -8.639453
 5831.000277 -0.560032 0.598795 0.653013 -24.702514
 5832.000277 0.179862 0.595640 0.660869 -11.354401
 5833.000277 -0.529544 0.596637 0.647229 -24.230192
 5834.000277 1.007393 0.584705 0.663871 1.514284
 5835.000277 0.169582 0.606483 0.715173 -11.508716
 5836.000277 0.026673 0.593639 0.700117 -14.451391
 5837.000277 -0.269184 0.570795 0.685764 -20.219788
 5838.000277 -0.246797 0.612166 0.695672 -19.734677
 5839.000277 0.410040 0.632854 0.678089 -7.478639
 5840.000277 -0.142483 0.636017 0.641018 -18.063352
 5841.000277 -0.267038 0.602656 0.705282 -20.018765
 5842.000277 0.008810 0.561857 0.683767 -14.755805
 5843.000278 0.317394 0.554059 0.710894 -9.071933
 5844.000278 0.286902 0.586197 0.632375 -9.536539
 5845.000278 0.607074 0.638074 0.702170 -5.170035
 5846.000278 1.239702 0.588089 0.637960 4.533899
 5847.000278 0.206057 0.643864 0.621079 -10.720917
 5848.000278 0.429598 0.626945 0.633487 -7.219350
 5849.000278 0.313524 0.634066 0.646508 -9.037046
 5850.000278 0.154190 0.658910 0.640789 -11.729307
 5851.000278 0.722446 0.633646 0.662589 -3.734831
 5852.000278 0.650487 0.562389 0.598836 -4.550855
 5853.000278 1.775569 0.596576 0.612509 -0.894882
 5854.000278 2.231458 0.566266 0.608422 -18.096931
 5855.000278 1.168811 0.551815 0.548040 3.877089
 5856.000278 0.965910 0.625663 0.658649 0.874305
 5857.000278 1.575493 0.575677 0.628530 2.996450
 5858.000278 2.359357 0.530093 0.592374 -21.827419
 5859.000278 2.138507 0.528377 0.616194 -15.237551
 5860.000278 2.189003 0.558467 0.594366 -16.786048
 5861.000278 3.008822 0.623999 0.694949 -16.875725
 5862.000278 -2.175618 0.616596 0.625331 -0.717984
 5863.000278 -2.380818 0.537936 0.624011 -3.119964
 5864.000279 -1.329264 0.502690 0.522626 -1.566811
 5865.000279 -2.112198 0.531473 0.580492 0.342178
 5866.000279 -2.752623 0.664936 0.629441 -6.958969
 5867.000279 -2.198370 0.541013 0.622191 -0.944001
 5868.000279 -2.265186 0.524768 0.642844 -1.718702
 5869.000279 -2.624889 0.628992 0.617390 -5.932228
 5870.000279 -2.380825 0.572533 0.610440 -3.061485
 5871.000279 -2.678550 0.606334 0.595839 -6.167767
 5872.000279 -2.946656 0.635085 0.692941 -9.688667
 5873.000279 -2.065709 0.612954 0.626952 1.159276
 5874.000279 2.409342 0.625753 0.704030 -22.480362
 5875.000279 -2.812178 0.615259 0.624546 -7.700338
 5876.000279 2.838233 0.642220 0.612063 -20.314872
 5877.000279 -2.692439 0.533748 0.583503 -6.229161
 5878.000279 -2.537915 0.643565 0.622757 -4.907050
 5879.000279 -2.913559 0.637291 0.633606 -9.208746
 5880.000279 -3.082920 0.622931 0.643921 -12.030379
 5881.000279 -1.670675 0.579757 0.585801 4.558799
 5882.000279 -1.251959 0.512350 0.572771 -4.711733
 5883.000279 -2.624214 0.584168 0.638312 -5.823306
 5884.000279 -2.497381 0.508281 0.561845 -4.365001
 5885.000280 -2.206351 0.560183 0.665508 -0.973902
 5886.000280 -2.675157 0.542527 0.660744 -6.003965
 5887.000280 -2.915626 0.575979 0.622367 -9.186781
 5888.000280 -2.244742 0.558648 0.615658 -1.354226
 5889.000280 -2.167986 0.560965 0.566773 -0.479467
 5890.000280 -1.547714 0.552149 0.554677 3.399601
 5891.000280 -2.072466 0.519398 0.511984 1.084581
 5892.000280 -2.619143 0.676863 0.661973 -5.733186
 5893.000280 -3.077501 0.591387 0.594762 -11.869498
 5894.000280 2.816264 0.627544 0.622494 -20.572572
 5895.000280 -2.596468 0.632558 0.598532 -5.554993
 5896.000280 -2.265829 0.615110 0.544767 -1.611046
 5897.000280 -2.474868 0.568261 0.632349 -4.067530
 5898.000280 -2.149110 0.690398 0.619027 -0.162711
 5899.000280 -2.614667 0.630253 0.651232 -5.616274
 5900.000280 -2.494142 0.661167 0.672307 -4.225912
 5901.000280 -2.120881 0.597253 0.682524 0.338836
 5902.000280 -3.054424 0.641187 0.678196 -11.367906
 5903.000280 -2.590684 0.600538 0.679415 -5.408874
 5904.000280 -2.097535 0.599886 0.675227 0.764616
 5905.000280 -2.834816 0.601160 0.673569 -7.956930
 5906.000281 3.095205 0.681153 0.692772 -14.619672
 5907.000281 -2.328321 0.588231 0.772338 -2.483559
 5908.000281 -2.575878 0.654634 0.773420 -5.211498
 5909.000281 -2.920320 0.600571 0.694569 -9.187092
 5910.000281 -2.636490 0.673299 0.729414 -5.606025
 5911.000281 -2.585076 0.628478 0.686202 -5.239709
 5912.000281 -2.645167 0.655355 0.699026 -5.586622
 5913.000281 -2.671601 0.581093 0.729896 -5.766536
 5914.000281 -2.575893 0.579445 0.677405 -5.089990
 5915.000281 -2.835529 0.622693 0.665126 -7.913046
 5916.000281 -2.700027 0.555703 0.645493 -6.065900
 5917.000281 -3.105864 0.665357 0.701093 -12.370273
 5918.000281 -3.106009 0.614770 0.695290 -12.316739
 5919.000281 -2.773530 0.598412 0.670165 -7.087641
 5920.000281 2.999165 0.617341 0.674875 -17.044999
 5921.000281 3.134078 0.623601 0.712146 -13.405182
 5922.000281 -2.438615 0.630002 0.655250 -3.578751
 5923.000281 -2.837807 0.596270 0.679034 -7.867216
 5924.000281 -2.774253 0.642163 0.683091 -7.024457
 5925.000281 -2.623431 0.605734 0.696779 -5.350436
 5926.000281 -2.405415 0.627240 0.666667 -3.200821
 5927.000282 -2.923712 0.620740 0.665200 -9.153422
 5928.000282 -2.883311 0.593452 0.652461 -8.541403
 5929.000282 -2.615066 0.639446 0.688085 -5.259536
 5930.000282 -2.900700 0.597013 0.660245 -8.729030
 5931.000282 -2.707371 0.668478 0.692016 -6.052170
 5932.000282 -2.952078 0.651839 0.643536 -9.443551
 5933.000282 -3.121298 0.642828 0.657101 -12.590733
 5934.000282 -2.539971 0.655460 0.669688 -4.627327
 5935.000282 -2.247425 0.610430 0.727671 -1.295509
 5936.000282 2.822198 0.592031 0.756793 -20.418665
 5937.000282 -1.921674 0.528403 0.658034 3.415759
 5938.000282 -2.110883 0.579949 0.609360 0.586884
 5939.000282 -2.122399 0.531576 0.649277 0.442583
 5940.000282 -1.757431 0.561029 0.606104 4.584615
 5941.000282 -1.685716 0.558397 0.614060 4.603321
 5942.000282 -1.466504 0.584946 0.646926 1.660875
 5943.000282 -1.436259 0.565313 0.614739 0.969559
 5944.000282 -1.617657 0.559665 0.640162 4.280035
 5945.000282 -2.827831 0.497727 0.624931 -7.670094
 5946.000282 -2.549122 0.607700 0.700913 -4.730986
 5947.000282 -2.771909 0.638971 0.718017 -6.938595
 5948.000283 -2.803739 0.599462 0.702132 -7.288238
 5949.000283 -2.416121 0.596808 0.718994 -3.311138
 5950.000283 -2.780354 0.596719 0.673132 -6.955076
 5951.000283 -2.476660 0.568516 0.666832 -3.939237
 5952.000283 -2.801212 0.597220 0.656482 -7.148900
 5953.000283 -2.243102 0.599192 0.702771 -1.250017
 5954.000283 -2.931243 0.662718 0.660320 -9.095189
 5955.000283 -3.062101 0.660354 0.664417 -11.424301
 5956.000283 -2.871040 0.609353 0.671714 -8.170520
 5957.000283 -2.983781 0.589992 0.704112 -10.016397
 5958.000283 3.116356 0.637337 0.653532 -13.818459
 5959.000283 -2.404109 0.556756 0.689637 -3.150308
 5960.000283 -1.617013 0.548178 0.628401 4.307860
 5961.000283 -0.960102 0.549215 0.630243 -20.409193
 5962.000283 -1.004775 0.579510 0.610075 -18.535840
 5963.000283 -1.556680 0.541675 0.666202 3.551952
 5964.000283 -1.421917 0.602457 0.614338 0.707271
 5965.000283 -1.146853 0.584570 0.602618 -10.007873
 5966.000283 -1.059235 0.534542 0.611498 -15.669037
 5967.000283 -1.273535 0.526059 0.600086 -3.814665
 5968.000283 -1.051389 0.613137 0.668808 -16.070837
 5969.000284 -1.495351 0.566690 0.655492 2.406121
 5970.000284 -1.245716 0.567597 0.617385 -4.948052
 5971.000284 -2.623658 0.617782 0.651494 -5.242663
 5972.000284 3.020559 0.644191 0.640622 -16.472572
 5973.000284 -2.814606 0.575594 0.677627 -7.209706
 5974.000284 -2.464170 0.569608 0.679537 -3.700751
 5975.000284 2.720556 0.581500 0.677877 -22.535690
 5976.000284 -2.785833 0.616565 0.631666 -6.848978
 5977.000284 3.103583 0.613542 0.635216 -14.090286
 5978.000284 -3.064897 0.641300 0.660477 -11.352746
 5979.000284 2.667937 0.604983 0.697519 -23.469057
 5980.000284 -2.928234 0.589153 0.634924 -8.922541
 5981.000284 -3.003206 0.592653 0.681362 -10.269024
 5982.000284 -2.861295 0.609861 0.650526 -7.829260
 5983.000284 2.255247 0.559600 0.626674 -18.749743
 5984.000284 -2.607719 0.534869 0.603474 -5.109154
 5985.000284 -2.930026 0.570466 0.582270 -8.864344
 5986.000284 -2.510955 0.599544 0.586231 -4.167538
 5987.000284 -2.642620 0.610682 0.611178 -5.265137
 5988.000284 -2.728901 0.567912 0.573348 -6.194530
 5989.000284 -2.629315 0.562285 0.627023 -5.131230
 5990.000285 -2.941155 0.589887 0.625344 -8.988292
 5991.000285 -2.381757 0.532481 0.614735 -2.896152
 5992.000285 -2.520456 0.597474 0.589868 -4.223130
 5993.000285 -2.708583 0.516889 0.581501 -5.902482
 5994.000285 -1.751047 0.563040 0.573604 4.625276
 5995.000285 -1.705236 0.540074 0.607854 4.678506
 5996.000285 2.541411 0.571260 0.603559 -23.937407
 5997.000285 3.055605 0.558758 0.667313 -15.387804
 5998.000285 2.961927 0.567922 0.583550 -17.753354
 5999.000285 -3.027463 0.582799 0.627595 -10.614508
 6000.000285 2.472269 0.552272 0.591358 -23.289157
 6001.000285 3.024235 0.609828 0.619324 -16.204068
 6002.000285 2.751247 0.532869 0.585543 -21.756444
 6003.000285 2.405379 0.500832 0.582752 -22.386120
 6004.000285 2.780099 0.573012 0.648488 -21.051796
 6005.000285 2.744918 0.600286 0.617719 -21.749277
 6006.000285 2.578159 0.584914 0.641635 -24.145014
 6007.000285 2.946715 0.555926 0.634294 -17.987039
 6008.000285 2.356679 0.539922 0.595372 -21.693907
 6009.000285 2.707912 0.610942 0.590244 -22.507543
 6010.000285 2.814955 0.606181 0.659040 -20.408478
 6011.000286 2.786229 0.586773 0.589882 -20.750533
 6012.000286 2.689132 0.577781 0.602154 -22.815007
 6013.000286 2.576511 0.604359 0.628714 -24.028507
 6014.000286 -3.064759 0.571673 0.622321 -11.212581
 6015.000286 2.583783 0.540712 0.628484 -23.976145
 6016.000286 -3.038081 0.600249 0.661858 -10.700656
 6017.000286 2.885209 0.582377 0.630675 -19.371535
 6018.000286 2.891840 0.624301 0.647336 -19.163353
 6019.000286 2.321472 0.621342 0.644560 -20.837940
 6020.000286 -3.097610 0.568795 0.629540 -11.756893
 6021.000286 -2.563706 0.627489 0.700119 -4.672885
 6022.000286 -2.629693 0.586343 0.632060 -5.062078
 6023.000286 2.790629 0.564419 0.607878 -20.585599
 6024.000286 -2.323020 0.577009 0.640421 -2.364760
 6025.000286 -1.089691 0.566615 0.587531 -13.629188
 6026.000286 -0.326952 0.614056 0.603496 -21.557405
 6027.000286 -0.384666 0.613156 0.578939 -22.712962
 6028.000286 0.258880 0.640129 0.626650 -9.908247
 6029.000286 0.025642 0.659502 0.597328 -14.422484
 6030.000286 -0.395387 0.570879 0.656004 -22.773013
 6031.000286 -0.010191 0.565328 0.610525 -15.151916
 6032.000287 -0.504712 0.606090 0.650063 -24.017346
 6033.000287 -0.776444 0.589344 0.609102 -24.777271
 6034.000287 -0.527367 0.667839 0.657225 -24.135560
 6035.000287 -0.526083 0.571667 0.588098 -24.042128
 6036.000287 0.082507 0.607741 0.586509 -13.398767
 6037.000287 -0.692922 0.578483 0.579555 -25.268127
 6038.000287 -1.283469 0.606016 0.571444 -3.310468
 6039.000287 -2.036460 0.593295 0.614290 1.668509
 6040.000287 -1.518263 0.527314 0.545316 2.983593
 6041.000287 -1.856926 0.503855 0.515132 3.958423
 6042.000287 -1.389635 0.540879 0.534083 0.167862
 6043.000287 -2.156328 0.512468 0.570008 -0.114330
 6044.000287 -1.708162 0.524411 0.536937 4.710247
 6045.000287 -2.186810 0.596443 0.579877 -0.530863
 6046.000287 -0.984047 0.521793 0.538503 -19.145751
 6047.000287 -1.362502 0.618318 0.574327 -0.455113
 6048.000287 -1.987552 0.564966 0.611262 2.465557
 6049.000287 -1.437764 0.579886 0.549224 1.165000
 6050.000287 -1.764691 0.592822 0.631153 4.635709
 6051.000287 -0.933069 0.553325 0.570887 -21.070899
 6052.000287 -1.515705 0.495908 0.605828 2.957064
 6053.000288 -1.075095 0.568488 0.548730 -14.547375
 6054.000288 -1.758887 0.498518 0.562491 4.696818
 6055.000288 -1.976732 0.586765 0.565243 2.659978
 6056.000288 -1.398705 0.530609 0.616041 0.460569
 6057.000288 -1.294834 0.590836 0.563052 -2.781683
 6058.000288 -1.237528 0.521914 0.605734 -5.188133
 6059.000288 -0.957673 0.559196 0.535501 -20.103738
 6060.000288 -1.201359 0.505932 0.525310 -6.842990
 6061.000288 -1.688001 0.531784 0.567431 4.732398
 6062.000288 -1.453722 0.510723 0.574842 1.573111
 6063.000288 -1.578379 0.518044 0.581464 3.936414
 6064.000288 -1.226332 0.568349 0.563055 -5.638783
 6065.000288 -1.524700 0.566950 0.600661 3.187641
 6066.000288 -1.568622 0.540263 0.563954 3.866860
 6067.000288 -1.172268 0.518480 0.608883 -8.234302
 6068.000288 -1.023610 0.554997 0.576819 -17.286161
 6069.000288 -1.891351 0.540673 0.643527 3.728012
 6070.000288 -1.322483 0.567018 0.600388 -1.684708
 6071.000288 -1.921546 0.489399 0.528941 3.446972
 6072.000288 -1.993858 0.457503 0.523804 2.431934
 6073.000288 -1.702949 0.524380 0.596933 4.772809
 6074.000288 -1.777999 0.493738 0.561434 4.593745
 6075.000289 -1.094525 0.523031 0.633047 -13.233188
 6076.000289 -1.685955 0.570860 0.597766 4.786434
 6077.000289 -1.092058 0.572831 0.598739 -13.348883
 6078.000289 -1.021516 0.558359 0.590018 -17.139071
 6079.000289 -1.859041 0.536636 0.647941 3.989733
 6080.000289 -1.502029 0.572056 0.665101 2.768891
 6081.000289 -1.824678 0.504526 0.594831 4.218773
 6082.000289 -2.101047 0.487119 0.600503 0.767691
 6083.000289 -0.874718 0.543000 0.587309 -23.081390
 6084.000289 -1.720050 0.514307 0.530150 4.850286
 6085.000289 -1.548486 0.556756 0.568981 3.618776
 6086.000289 -0.614615 0.600136 0.594090 -25.377674
 6087.000289 -1.117732 0.617835 0.522239 -11.566560
 6088.000289 -0.692540 0.585947 0.604784 -25.242738
 6089.000289 -0.822942 0.596402 0.532621 -24.406713
 6090.000289 -0.323137 0.571973 0.626830 -21.434830
 6091.000289 -0.898005 0.551104 0.589692 -22.183021
 6092.000289 -0.689870 0.579444 0.584305 -25.174792
 6093.000289 0.120987 0.595568 0.525895 -12.604344
 6094.000289 -0.672020 0.644072 0.587874 -24.999560
 6095.000289 -0.502919 0.627762 0.605598 -23.909744
 6096.000290 -0.512538 0.626850 0.633571 -23.893281
 6097.000290 -0.824529 0.567719 0.584499 -24.262837
 6098.000290 -0.878518 0.595985 0.547010 -22.783215
 6099.000290 -0.222392 0.627737 0.645970 -19.421207
 6100.000290 -0.822370 0.623274 0.563941 -24.149242
 6101.000290 -0.554263 0.604940 0.560891 -24.334832
 6102.000290 -0.616852 0.615021 0.619689 -25.100963
 6103.000290 -0.108781 0.592822 0.647204 -17.583725
 6104.000290 -0.158590 0.595347 0.625979 -18.384246
 6105.000290 -0.321330 0.612296 0.606125 -21.339743
 6106.000290 -0.605081 0.655096 0.629072 -24.950210
 6107.000290 -0.174737 0.632048 0.543615 -18.569598
 6108.000290 -0.340355 0.618437 0.615765 -21.759501
 6109.000290 0.019527 0.611738 0.617123 -14.495804
 6110.000290 -0.576825 0.656416 0.566925 -24.535195
 6111.000290 -0.331588 0.599470 0.561145 -21.476614
 6112.000290 -0.264537 0.619651 0.572125 -19.962388
 6113.000290 -0.188081 0.630592 0.583249 -18.698122
 6114.000290 -0.353734 0.645347 0.574937 -21.905105
 6115.000290 0.707255 0.531970 0.582450 -4.089811
 6116.000290 0.886644 0.544759 0.587422 -0.684896
 6117.000291 0.706849 0.582866 0.583961 -4.052528
 6118.000291 0.512210 0.569837 0.573293 -6.596879
 6119.000291 1.215332 0.578003 0.593626 4.209828
 6120.000291 0.410490 0.542817 0.575069 -7.562498
 6121.000291 0.978384 0.564186 0.565762 0.947697
 6122.000291 -0.586176 0.603128 0.599484 -24.594703
 6123.000291 0.207908 0.610165 0.581798 -10.750717
 6124.000291 0.039091 0.590073 0.591805 -14.092115
 6125.000291 0.800561 0.538978 0.566023 -2.211481
 6126.000291 0.546919 0.606348 0.646181 -6.120890
 6127.000291 -0.059586 0.598705 0.588998 -16.457658
 6128.000291 0.654865 0.620559 0.616484 -4.600842
 6129.000291 0.747152 0.621092 0.639053 -3.335317
 6130.000291 0.493650 0.602332 0.579166 -6.726919
 6131.000291 1.173495 0.546617 0.523610 3.804468
 6132.000291 0.397692 0.525430 0.550835 -7.689582
 6133.000291 0.988530 0.578805 0.619047 1.138198
 6134.000291 0.703446 0.569936 0.634477 -3.989771
 6135.000291 0.536984 0.520928 0.519922 -6.185406
 6136.000291 0.819260 0.528541 0.595852 -1.814621
 6137.000291 0.125821 0.527236 0.620584 -12.420431
 6138.000292 0.713333 0.541210 0.640594 -3.820162
 6139.000292 0.161884 0.569373 0.580146 -11.590119
 6140.000292 0.656918 0.564659 0.621883 -4.475331
 6141.000292 0.690847 0.553113 0.586795 -4.028980
 6142.000292 0.631021 0.598692 0.600816 -4.772210
 6143.000292 0.519733 0.532656 0.571387 -6.342477
 6144.000292 0.532457 0.538473 0.603044 -6.140665
 6145.000292 0.379379 0.473927 0.563276 -7.946771
 6146.000292 -0.064594 0.592122 0.634107 -16.521397
 6147.000292 0.425983 0.508566 0.563280 -7.256608
 6148.000292 0.336706 0.498212 0.534846 -8.696646
 6149.000292 1.077845 0.614711 0.619078 2.419543
 6150.000292 0.483120 0.551176 0.593990 -6.666862
 6151.000292 0.318383 0.520363 0.609761 -8.986271
 6152.000292 1.038355 0.540330 0.595786 1.853777
 6153.000292 0.270139 0.619923 0.614190 -9.745355
 6154.000292 0.841701 0.530943 0.590356 -1.398868
 6155.000292 0.867113 0.505243 0.584935 -0.937938
 6156.000292 0.533279 0.595650 0.642131 -6.062102
 6157.000292 1.156336 0.534925 0.591627 3.640449
 6158.000292 0.915029 0.552287 0.572376 -0.107375
 6159.000293 0.330217 0.524566 0.551233 -8.718951
 6160.000293 0.932240 0.596451 0.595849 0.231341
 6161.000293 1.251703 0.525871 0.595051 4.468086
 6162.000293 0.581989 0.540505 0.562336 -5.465664
 6163.000293 0.376500 0.560375 0.598581 -7.860087
 6164.000293 0.632909 0.559439 0.635445 -4.690655
 6165.000293 1.029854 0.595596 0.585580 1.769437
 6166.000293 0.210184 0.639126 0.630850 -10.607086
 6167.000293 0.298922 0.506108 0.557927 -9.181277
 6168.000293 0.581846 0.545565 0.575500 -5.393250
 6169.000293 0.311999 0.569005 0.577320 -8.906962
 6170.000293 0.314948 0.594795 0.604623 -8.808496
 6171.000293 -0.522863 0.594964 0.544925 -23.820093
 6172.000293 -0.008640 0.605045 0.550292 -15.017052
 6173.000293 0.167363 0.628459 0.537433 -11.386946
 6174.000293 0.329246 0.628845 0.618508 -8.530529
 6175.000293 0.717509 0.594398 0.587519 -3.681070
 6176.000293 0.127614 0.584182 0.566840 -12.208380
 6177.000293 0.455846 0.535209 0.550586 -6.893111
 6178.000293 0.813807 0.563060 0.584182 -1.799992
 6179.000293 0.844128 0.558984 0.555666 -1.222447
 6180.000294 0.938171 0.532647 0.619102 0.382096
 6181.000294 1.018748 0.542089 0.538565 1.671386
 6182.000294 0.288986 0.570995 0.595023 -9.156703
 6183.000294 0.418742 0.520748 0.552384 -7.193120
 6184.000294 0.214044 0.513353 0.613514 -10.412635
 6185.000294 0.159958 0.541554 0.613518 -11.415562
 6186.000294 0.759815 0.547824 0.599356 -2.889875
 6187.000294 0.145268 0.620781 0.599503 -11.673605
 6188.000294 0.428838 0.546510 0.586136 -7.050720
 6189.000294 0.881730 0.539852 0.586400 -0.526455
 6190.000294 0.627731 0.548824 0.624078 -4.698072
 6191.000294 0.757971 0.528877 0.573728 -2.872122
 6192.000294 0.748541 0.577508 0.618732 -3.008886
 6193.000294 0.530343 0.576905 0.602831 -5.968245
 6194.000294 0.607924 0.538761 0.580997 -4.935921
 6195.000294 0.334460 0.572674 0.620691 -8.358931
 6196.000294 0.371551 0.549424 0.605211 -7.726311
 6197.000294 1.029011 0.619743 0.609499 1.826117
 6198.000294 0.637889 0.544315 0.535050 -4.469687
 6199.000294 1.423619 0.567218 0.564273 4.609065
 6200.000294 2.180242 0.518644 0.588458 -16.695631
 6201.000295 0.346281 0.628994 0.643288 -8.079638
 6202.000295 1.932616 0.539170 0.565695 -6.034729
 6203.000295 1.860401 0.586697 0.528058 -3.453638
 6204.000295 1.489952 0.560758 0.595874 4.036880
 6205.000295 0.922705 0.594433 0.646927 0.306532
 6206.000295 0.254999 0.537055 0.597510 -9.524958
 6207.000295 0.507584 0.579365 0.624947 -6.071138
 6208.000295 0.329898 0.585267 0.595292 -8.156307
 6209.000295 0.110877 0.559060 0.558251 -12.337634
 6210.000295 0.818550 0.580394 0.606560 -1.450622
 6211.000295 1.188291 0.577700 0.640404 4.148764
 6212.000295 0.955248 0.568422 0.528902 0.911121
 6213.000295 0.825138 0.505248 0.561281 -1.291543
 6214.000295 1.095492 0.539288 0.534998 2.933794
 6215.000295 1.328830 0.588636 0.567705 4.860265
 6216.000295 1.579208 0.529363 0.527759 2.903235
 6217.000295 0.760594 0.584106 0.576246 -2.568985
 6218.000295 1.917077 0.610853 0.588972 -5.187887
 6219.000295 1.626001 0.565713 0.555637 2.242731
 6220.000295 1.024170 0.475345 0.556230 1.954036
 6221.000295 1.583193 0.552694 0.580319 2.912414
 6222.000296 1.260563 0.523244 0.612620 4.655334
 6223.000296 1.320130 0.585796 0.561877 4.878464
 6224.000296 1.661911 0.490330 0.506559 1.620403
 6225.000296 1.638716 0.530005 0.552926 2.102872
 6226.000296 2.009895 0.565213 0.566592 -9.071472
 6227.000296 0.606530 0.514666 0.540372 -4.774267
 6228.000296 0.516187 0.561672 0.521672 -5.937080
 6229.000296 0.984768 0.540856 0.601548 1.466095
 6230.000296 1.084034 0.552744 0.595927 2.771940
 6231.000296 1.862995 0.551498 0.566179 -3.381337
 6232.000296 2.082658 0.525302 0.537566 -12.447677
 6233.000296 1.451125 0.498680 0.550251 4.628855
 6234.000296 1.876638 0.551567 0.600752 -3.724296
 6235.000296 1.777020 0.499120 0.554855 -1.018126
 6236.000296 1.492339 0.503770 0.534947 4.186011
 6237.000296 1.220113 0.525063 0.523462 4.461824
 6238.000296 1.045166 0.488606 0.531608 2.256298
 6239.000296 1.968436 0.531140 0.503177 -7.308412
 6240.000296 0.881706 0.535197 0.543833 -0.336035
 6241.000296 1.637863 0.565111 0.581463 2.148070
 6242.000296 1.881668 0.512267 0.531500 -3.824906
 6243.000297 1.706648 0.518816 0.490983 0.830185
 6244.000297 2.071991 0.553822 0.525311 -11.847147
 6245.000297 1.809063 0.513735 0.562117 -1.862612
 6246.000297 1.480624 0.537395 0.535108 4.377454
 6247.000297 1.315161 0.495806 0.519735 4.867972
 6248.000297 1.162069 0.518195 0.548132 3.886308
 6249.000297 1.019402 0.498654 0.576713 1.981837
 6250.000297 1.274840 0.494029 0.552727 4.757678
 6251.000297 0.865889 0.496047 0.547013 -0.587093
 6252.000297 1.596209 0.552680 0.558841 2.822766
 6253.000297 1.938477 0.549801 0.472342 -5.914032
 6254.000297 0.574000 0.518355 0.526792 -5.212136
 6255.000297 0.430558 0.540544 0.558433 -6.879517
 6256.000297 0.752459 0.551561 0.542073 -2.731967
 6257.000297 0.591438 0.542636 0.550993 -4.936636
 6258.000297 0.807594 0.566116 0.626142 -1.558621
 6259.000297 0.416442 0.562626 0.601416 -6.961044
 6260.000297 0.455361 0.597543 0.639026 -6.585723
 6261.000297 -0.928383 0.548724 0.606597 -21.040088
 6262.000297 -0.731375 0.480479 0.549157 -24.723021
 6263.000297 -0.960808 0.494416 0.525774 -19.792613
 6264.000298 -0.904708 0.500799 0.553883 -21.677305
 6265.000298 -0.091260 0.595156 0.572536 -16.989444
 6266.000298 0.170839 0.561053 0.564133 -11.033357
 6267.000298 0.495665 0.573877 0.642730 -6.110675
 6268.000298 -0.025985 0.635340 0.627462 -15.343912
 6269.000298 -0.285264 0.534755 0.559847 -20.256363
 6270.000298 -0.952325 0.626714 0.561765 -20.020953
 6271.000298 0.070301 0.565113 0.558448 -13.332934
 6272.000298 -0.759646 0.622706 0.577642 -24.478825
 6273.000298 -0.854304 0.543364 0.527741 -23.176293
 6274.000298 -0.825985 0.614342 0.560127 -23.787489
 6275.000298 -0.936847 0.561734 0.585384 -20.466671
 6276.000298 -0.919441 0.564297 0.575098 -20.940858
 6277.000298 -0.844513 0.535824 0.575744 -23.194449
 6278.000298 -0.890747 0.549145 0.556545 -21.715836
 6279.000298 -0.754320 0.572198 0.568939 -24.348456
 6280.000298 0.986994 0.546833 0.558965 1.575036
 6281.000298 0.979857 0.559224 0.612587 1.497271
 6282.000298 0.412654 0.613727 0.594556 -6.907201
 6283.000298 0.529052 0.643745 0.621305 -5.663008
 6284.000298 0.933535 0.604930 0.597694 0.657109
 6285.000299 0.818293 0.592976 0.605565 -1.327026
 6286.000299 0.778129 0.549296 0.606363 -2.079815
 6287.000299 0.287864 0.634562 0.582804 -8.911892
 6288.000299 0.671505 0.606556 0.576875 -3.922158
 6289.000299 0.769775 0.525875 0.613538 -2.212644
 6290.000299 1.045476 0.597475 0.587996 2.328439
 6291.000299 0.455585 0.580871 0.536119 -6.456959
 6292.000299 0.250257 0.551664 0.585008 -9.561388
 6293.000299 0.872307 0.550405 0.545307 -0.374902
 6294.000299 0.815404 0.596654 0.621229 -1.262153
 6295.000299 -0.176797 0.495661 0.592288 -18.446337
 6296.000299 0.126911 0.606344 0.608910 -11.884584
 6297.000299 0.375656 0.583944 0.580069 -7.368232
 6298.000299 0.441713 0.562513 0.595794 -6.513941
 6299.000299 -0.286399 0.600205 0.647135 -20.217539
 6300.000299 0.842821 0.559578 0.554919 -0.786155
 6301.000299 0.655854 0.564154 0.555748 -4.052231
 6302.000299 0.440935 0.563802 0.564082 -6.467078
 6303.000299 0.547352 0.480733 0.565272 -5.388706
 6304.000299 0.131562 0.560531 0.604761 -11.721163
 6305.000299 0.591538 0.520873 0.607712 -4.813106
 6306.000300 -0.435288 0.597603 0.584156 -23.256909
 6307.000300 -0.327792 0.577374 0.553775 -21.099109
 6308.000300 0.734005 0.542480 0.567525 -2.896128
 6309.000300 -0.471850 0.540390 0.562353 -23.519932
 6310.000300 -0.565482 0.647458 0.594819 -24.160352
 6311.000300 0.781707 0.607374 0.529971 -1.811246
 6312.000300 0.337840 0.561539 0.575323 -7.941139
 6313.000300 0.596970 0.554868 0.555969 -4.696354
 6314.000300 0.495230 0.618020 0.642949 -5.917342
 6315.000300 0.419859 0.553088 0.544258 -6.587390
 6316.000300 0.897659 0.597567 0.551116 0.098365
 6317.000300 0.575626 0.612989 0.577314 -4.901866
 6318.000300 0.683364 0.582859 0.562193 -3.646080
 6319.000300 -0.177564 0.554230 0.612232 -18.396476
 6320.000300 0.527850 0.570018 0.543329 -5.449374
 6321.000300 -0.607132 0.589048 0.611572 -24.653778
 6322.000300 -0.663359 0.548256 0.583147 -24.736713
 6323.000300 -0.339376 0.648850 0.591510 -21.317787
 6324.000300 0.403064 0.597579 0.587503 -6.745761
 6325.000300 -0.175458 0.650822 0.655579 -18.302489
 6326.000300 -0.470039 0.636719 0.639463 -23.421979
 6327.000301 0.436573 0.537319 0.574025 -6.346738
 6328.000301 -0.119418 0.671710 0.604465 -17.420157
 6329.000301 -0.358614 0.612974 0.581732 -21.699668
 6330.000301 0.489431 0.585190 0.625198 -5.855216
 6331.000301 0.611061 0.612790 0.593086 -4.422140
 6332.000301 0.806620 0.575326 0.606254 -1.280081
 6333.000301 -0.408090 0.600177 0.567965 -22.608338
 6334.000301 -0.563727 0.574721 0.595480 -23.996946
 6335.000301 0.662305 0.582244 0.614359 -3.822073
 6336.000301 0.560394 0.610463 0.589191 -4.956013
 6337.000301 0.530235 0.538372 0.597961 -5.285850
 6338.000301 0.588120 0.533485 0.576024 -4.568889
 6339.000301 -0.136038 0.595803 0.574167 -17.621281
 6340.000301 0.794174 0.609841 0.590427 -1.469102
 6341.000301 -0.334588 0.617420 0.579513 -21.073961
 6342.000301 -0.444245 0.567161 0.594547 -23.074082
 6343.000301 -0.611703 0.635961 0.583579 -24.518669
 6344.000301 -0.645369 0.614946 0.584650 -24.596361
 6345.000301 -0.397355 0.603880 0.641310 -22.260802
 6346.000301 -0.640818 0.565239 0.562087 -24.509742
 6347.000301 -0.493973 0.632243 0.614427 -23.315950
 6348.000302 0.429363 0.547952 0.579005 -6.331204
 6349.000302 -0.662090 0.581417 0.537700 -24.466635
 6350.000302 -0.619416 0.530166 0.548100 -24.316395
 6351.000302 -0.884347 0.524651 0.549828 -21.853033
 6352.000302 -1.085688 0.499034 0.574369 -13.620236
 6353.000302 -0.646992 0.547716 0.564672 -24.286297
 6354.000302 -0.790122 0.547834 0.585174 -23.997032
 6355.000302 0.128170 0.587102 0.605599 -11.746608
 6356.000302 0.216371 0.583335 0.586351 -10.104869
 6357.000302 -0.050405 0.564955 0.596392 -15.911111
 6358.000302 0.519886 0.544683 0.519989 -5.341430
 6359.000302 -0.464744 0.575419 0.580196 -23.093373
 6360.000302 0.577538 0.596623 0.664014 -4.618843
 6361.000302 0.003224 0.561410 0.599928 -14.545973
 6362.000302 0.673816 0.522600 0.528415 -3.645286
 6363.000302 -0.652486 0.549233 0.655919 -24.224339
 6364.000302 -0.983211 0.525430 0.601142 -18.719152
 6365.000302 -0.731922 0.480765 0.574340 -24.331751
 6366.000302 -0.873311 0.524315 0.608795 -22.108834
 6367.000302 -0.943702 0.556388 0.673966 -20.022607
 6368.000302 -0.685475 0.570045 0.617616 -24.216696
 6369.000303 -0.901474 0.591065 0.554195 -21.146284
 6370.000303 -0.381351 0.522012 0.585400 -21.898541
 6371.000303 -0.975814 0.574656 0.526329 -18.901625
 6372.000303 -0.843786 0.616348 0.564256 -22.813309
 6373.000303 -0.795007 0.498979 0.561548 -23.739939
 6374.000303 -0.106522 0.581922 0.605591 -17.035827
 6375.000303 -0.922253 0.613845 0.552227 -20.433898
 6376.000303 -0.814834 0.557745 0.532303 -23.357637
 6377.000303 0.511560 0.536278 0.556450 -5.381722
 6378.000303 -0.651724 0.619991 0.602413 -24.073364
 6379.000303 -0.353380 0.570659 0.563261 -21.322922
 6380.000303 0.498590 0.544748 0.536585 -5.508893
 6381.000303 0.652021 0.516085 0.520116 -3.808585
 6382.000303 0.022477 0.505944 0.552032 -14.091241
 6383.000303 -0.006132 0.487841 0.565427 -14.622436
 6384.000303 -0.489547 0.597881 0.556381 -23.135850
 6385.000303 -0.492130 0.590891 0.546232 -23.074967
 6386.000303 -0.713663 0.623691 0.555455 -24.153616
 6387.000303 -0.480199 0.582566 0.559359 -22.915626
 6388.000303 -0.582805 0.588737 0.559691 -23.862549
 6389.000303 -0.786579 0.544631 0.574795 -23.612318
 6390.000304 -0.779380 0.570208 0.546813 -23.601734
 6391.000304 -0.698263 0.542487 0.553184 -23.998132
 6392.000304 -0.703599 0.575581 0.579238 -23.920506
 6393.000304 -0.707851 0.617829 0.654540 -23.837497
 6394.000304 -0.635400 0.594855 0.569026 -23.830773
 6395.000304 -0.893900 0.597435 0.585119 -21.112837
 6396.000304 -0.873028 0.572168 0.546160 -21.635755
 6397.000304 -0.543490 0.580938 0.597850 -23.365436
 6398.000304 -0.688394 0.556476 0.547248 -23.666904
 6399.000304 -0.893295 0.571335 0.581801 -21.009078
 6400.000304 -0.714867 0.585702 0.630874 -23.668970
 6401.000304 -0.677692 0.515070 0.545025 -23.488156
 6402.000304 -0.091814 0.579428 0.562519 -16.673186
 6403.000304 -0.621379 0.559242 0.554235 -23.698431
 6404.000304 -0.648809 0.598193 0.598982 -23.425595
 6405.000304 -0.784319 0.570027 0.564867 -23.418817
 6406.000304 -1.007347 0.577967 0.569535 -17.536222
 6407.000304 -0.913640 0.523737 0.598681 -20.411568
 6408.000304 -0.803843 0.560702 0.565105 -23.166230
 6409.000304 -0.085567 0.565265 0.569693 -16.481304
 6410.000304 -0.807044 0.597713 0.676349 -23.048391
 6411.000305 -0.726668 0.624628 0.604867 -23.449694
 6412.000305 -0.948769 0.552990 0.555196 -19.447206
 6413.000305 -0.432527 0.578123 0.575899 -22.491607
 6414.000305 -0.780273 0.584986 0.574592 -23.155892
 6415.000305 -0.772904 0.570627 0.604377 -23.123741
 6416.000305 -0.920242 0.562685 0.576693 -20.068718
 6417.000305 -0.831764 0.539926 0.568707 -22.389743
 6418.000305 -0.777391 0.597469 0.572627 -22.944779
 6419.000305 -0.753950 0.563134 0.561039 -23.038541
 6420.000305 -0.249446 0.581054 0.606190 -19.400210
 6421.000305 -0.954743 0.524561 0.525883 -19.184302
 6422.000305 -0.756461 0.526038 0.576917 -22.939577
 6423.000305 -0.336855 0.582815 0.533222 -20.887458
 6424.000305 0.719118 0.500186 0.558223 -2.964686
 6425.000305 -0.064754 0.554651 0.571361 -15.926182
 6426.000305 -0.986126 0.550659 0.551095 -18.203381
 6427.000305 -0.789364 0.569916 0.570535 -22.670867
 6428.000305 -1.055058 0.527543 0.537747 -15.206913
 6429.000305 0.037843 0.563294 0.595461 -13.692746
 6430.000305 0.110638 0.543739 0.584926 -12.062897
 6431.000305 0.169892 0.547505 0.585198 -10.808802
 6432.000306 0.621319 0.534297 0.563813 -4.034268
 6433.000306 0.299981 0.609152 0.596415 -8.514997
 6434.000306 2.226502 0.491639 0.548553 -17.848134
 6435.000306 1.944557 0.495438 0.575230 -6.100725
 6436.000306 2.095172 0.547035 0.559331 -13.015366
 6437.000306 2.180055 0.583582 0.559516 -16.470915
 6438.000306 1.248022 0.536362 0.541636 4.701002
 6439.000306 2.361080 0.564773 0.580231 -21.707776
 6440.000306 2.426168 0.556367 0.601970 -22.543054
 6441.000306 2.693835 0.598227 0.580731 -22.698260
 6442.000306 -2.804150 0.594556 0.610257 -7.035136
 6443.000306 -3.139059 0.596828 0.622818 -12.875174
 6444.000306 -2.736008 0.563849 0.633422 -6.255388
 6445.000306 -2.515996 0.636906 0.540762 -4.207929
 6446.000306 -2.305418 0.590053 0.588261 -2.192739
 6447.000306 -2.985950 0.631591 0.602791 -9.857495
 6448.000306 -3.136720 0.678905 0.580545 -12.740377
 6449.000306 2.995194 0.650959 0.577119 -16.926046
 6450.000306 -2.563343 0.591668 0.507184 -4.665248
 6451.000306 -2.810071 0.555452 0.620663 -7.036667
 6452.000306 2.899772 0.633906 0.532976 -19.001769
 6453.000307 -2.756380 0.629375 0.606936 -6.417610
 6454.000307 2.596034 0.616234 0.586095 -23.997929
 6455.000307 -2.361936 0.605070 0.610158 -2.734892
 6456.000307 -2.587467 0.581116 0.589805 -4.824019
 6457.000307 -2.095615 0.510759 0.543744 0.876487
 6458.000307 -2.209281 0.520128 0.575575 -0.828133
 6459.000307 -2.240795 0.608336 0.583148 -1.160907
 6460.000307 -2.420092 0.561637 0.565849 -3.204061
 6461.000307 -2.418692 0.646808 0.633403 -3.148186
 6462.000307 -2.872315 0.600780 0.622039 -7.994617
 6463.000307 -2.911515 0.616537 0.669981 -8.560548
 6464.000307 -2.933244 0.583354 0.608126 -8.816711
 6465.000307 2.970098 0.666596 0.589178 -17.401060
 6466.000307 3.065306 0.638685 0.602141 -15.033627
 6467.000307 -2.461221 0.604472 0.650195 -3.571651
 6468.000307 2.957077 0.624291 0.610490 -17.592502
 6469.000307 2.872025 0.668956 0.622033 -19.423278
 6470.000307 3.091457 0.653955 0.590655 -14.245063
 6471.000307 2.411038 0.557093 0.592506 -22.284800
 6472.000307 1.556920 0.539988 0.573690 3.329920
 6473.000307 0.613434 0.557404 0.662168 -4.084426
 6474.000307 -0.371986 0.690315 0.620138 -21.474083
 6475.000308 0.587192 0.542063 0.549352 -4.332372
 6476.000308 -0.178032 0.594340 0.619052 -18.097809
 6477.000308 -0.841994 0.536773 0.591644 -22.002685
 6478.000308 0.214112 0.652419 0.619725 -10.026928
 6479.000308 0.700397 0.537983 0.538587 -3.191930
 6480.000308 0.537383 0.497055 0.596008 -4.888300
 6481.000308 0.192706 0.580575 0.589623 -10.332265
 6482.000308 0.887113 0.592871 0.587440 -0.001778
 6483.000308 -0.358038 0.613466 0.619912 -21.160900
 6484.000308 -0.593970 0.655827 0.567535 -23.615739
 6485.000308 0.322436 0.600913 0.664341 -8.071249
 6486.000308 0.506039 0.602528 0.599178 -5.281353
 6487.000308 0.552866 0.595553 0.589586 -4.623379
 6488.000308 0.443322 0.639980 0.639987 -6.045987
 6489.000308 0.094205 0.624978 0.610877 -12.386049
 6490.000308 0.318511 0.646299 0.597473 -8.090232
 6491.000308 0.371490 0.615628 0.602431 -7.091479
 6492.000308 -0.138650 0.590319 0.616535 -17.333768
 6493.000308 0.031989 0.632723 0.661149 -13.655605
 6494.000308 0.269901 0.640822 0.582090 -8.936401
 6495.000308 -0.559380 0.560671 0.557716 -23.350149
 6496.000309 0.102899 0.635953 0.618340 -12.079936
 6497.000309 0.426988 0.636425 0.622360 -6.154947
 6498.000309 -0.888652 0.608205 0.601688 -20.676116
 6499.000309 0.238727 0.577381 0.630536 -9.437515
 6500.000309 0.855306 0.553366 0.581972 -0.431989
 6501.000309 0.468552 0.505172 0.587894 -5.674358
 6502.000309 0.934011 0.585486 0.593606 0.788644
 6503.000309 0.269440 0.601904 0.605844 -8.857973
 6504.000309 -0.368009 0.590944 0.615665 -21.256285
 6505.000309 0.429145 0.615883 0.631017 -6.048437
 6506.000309 0.224103 0.637667 0.584853 -9.579896
 6507.000309 -0.217842 0.617084 0.597663 -18.717019
 6508.000309 1.353646 0.528199 0.562050 4.919223
 6509.000309 0.313198 0.623139 0.619427 -8.049734
 6510.000309 0.019178 0.665329 0.624679 -13.825065
 6511.000309 1.035369 0.548213 0.626153 2.272874
 6512.000309 0.406511 0.532858 0.635913 -6.302211
 6513.000309 -0.237222 0.634219 0.639902 -19.012985
 6514.000309 0.138542 0.609021 0.686179 -11.183637
 6515.000309 0.945482 0.588280 0.604807 1.030053
 6516.000309 1.070735 0.535533 0.578125 2.687949
 6517.000310 -0.572041 0.595962 0.607870 -23.386384
 6518.000310 -0.694638 0.555424 0.533940 -23.174564
 6519.000310 -0.294623 0.606942 0.585514 -19.968135
 6520.000310 0.175542 0.602503 0.649489 -10.431036
 6521.000310 -0.665601 0.568706 0.605697 -23.141437
 6522.000310 -0.201669 0.514730 0.559023 -18.315083
 6523.000310 -0.726839 0.590837 0.592478 -22.977885
 6524.000310 -0.225190 0.627861 0.610389 -18.647400
 6525.000310 -0.767710 0.619135 0.636548 -22.658768
 6526.000310 0.199285 0.636158 0.621983 -9.941268
 6527.000310 0.319281 0.532799 0.555819 -7.896577
 6528.000310 -0.279750 0.651656 0.613527 -19.570298
 6529.000310 -0.353062 0.661430 0.584336 -20.874049
 6530.000310 0.024523 0.671211 0.622245 -13.662959
 6531.000310 -0.136755 0.671765 0.563433 -17.203755
 6532.000310 -0.400441 0.638150 0.600331 -21.682263
 6533.000310 0.122654 0.602365 0.590754 -11.404568
 6534.000310 -0.105566 0.642509 0.602036 -16.614498
 6535.000310 -0.364577 0.619811 0.619856 -20.970253
 6536.000310 -0.232626 0.608290 0.626156 -18.658845
 6537.000310 -0.167201 0.639418 0.608625 -17.566715
 6538.000311 0.234862 0.653566 0.584420 -9.272127
 6539.000311 -0.167037 0.620234 0.576452 -17.497808
 6540.000311 -0.324989 0.614991 0.591627 -20.242695
 6541.000311 -0.069820 0.615690 0.572574 -15.863734
 6542.000311 -0.442592 0.587042 0.597896 -22.348694
 6543.000311 0.212320 0.618578 0.622697 -9.593432
 6544.000311 0.534778 0.632391 0.578055 -4.793268
 6545.000311 0.462879 0.558626 0.653753 -5.638028
 6546.000311 1.795851 0.524664 0.545122 -1.496916
 6547.000311 0.334438 0.489641 0.583414 -7.596401
 6548.000311 0.460588 0.583699 0.599485 -5.609921
 6549.000311 0.798729 0.574155 0.558380 -1.297661
 6550.000311 0.310051 0.595836 0.660363 -7.941321
 6551.000311 -0.281734 0.619738 0.624050 -19.423481
 6552.000311 1.333245 0.594191 0.581487 4.961342
 6553.000311 -0.529413 0.618776 0.608351 -22.986643
 6554.000311 0.096879 0.618718 0.565738 -12.009660
 6555.000311 0.041368 0.578780 0.585174 -13.196832
 6556.000311 0.723709 0.571913 0.569018 -2.821432
 6557.000311 -0.840665 0.609134 0.557969 -21.878068
 6558.000311 0.562602 0.621318 0.640126 -4.444130
 6559.000312 0.292209 0.633806 0.655636 -8.193825
 6560.000312 0.333612 0.555657 0.567371 -7.495079
 6561.000312 1.956065 0.503767 0.568527 -6.586255
 6562.000312 1.106024 0.512577 0.550480 3.193713
 6563.000312 0.439264 0.568694 0.607293 -5.778161
 6564.000312 0.845692 0.525339 0.553613 -0.501219
 6565.000312 -0.492879 0.587887 0.587532 -22.707031
 6566.000312 -0.409361 0.589028 0.596383 -21.644008
 6567.000312 -0.937000 0.558183 0.585213 -19.453324
 6568.000312 0.042352 0.649896 0.602458 -13.125257
 6569.000312 -0.560081 0.619578 0.581409 -23.139943
 6570.000312 -0.561074 0.567118 0.593627 -23.073898
 6571.000312 0.446752 0.524775 0.559944 -5.654680
 6572.000312 0.791851 0.567936 0.589115 -1.349586
 6573.000312 0.043295 0.611948 0.671258 -13.052237
 6574.000312 0.427408 0.532694 0.569842 -5.802279
 6575.000312 0.037893 0.539943 0.559219 -13.098236
 6576.000312 0.709913 0.560412 0.549701 -2.980189
 6577.000312 0.444843 0.546761 0.585896 -5.580711
 6578.000312 0.772955 0.529120 0.611242 -1.703382
 6579.000312 0.691174 0.581548 0.593341 -3.170567
 6580.000313 1.298942 0.560157 0.561706 4.918933
 6581.000313 0.290622 0.538827 0.590415 -8.137634
 6582.000313 -0.603757 0.542633 0.563732 -23.283395
 6583.000313 -0.307148 0.599643 0.589447 -19.820080
 6584.000313 -0.462391 0.574921 0.613529 -22.407286
 6585.000313 0.049211 0.586254 0.607071 -12.843020
 6586.000313 0.638300 0.612905 0.634749 -3.708455
 6587.000313 0.621675 0.541481 0.582112 -3.831774
 6588.000313 0.964274 0.496051 0.595731 1.400852
 6589.000313 0.570721 0.584005 0.574888 -4.292565
 6590.000313 0.625479 0.668649 0.628079 -3.734806
 6591.000313 0.524987 0.572914 0.582247 -4.751383
 6592.000313 0.334790 0.656845 0.604345 -7.396059
 6593.000313 0.891019 0.595364 0.562396 0.229352
 6594.000313 0.570223 0.656091 0.608531 -4.208243
 6595.000313 0.297458 0.627333 0.600425 -7.921900
 6596.000313 0.569321 0.581149 0.565561 -4.173119
 6597.000313 0.053243 0.637275 0.681358 -12.721248
 6598.000313 -0.450482 0.581775 0.632325 -22.199693
 6599.000313 -0.680755 0.532178 0.580191 -22.993110
 6600.000313 -0.487019 0.512132 0.575258 -22.387043
 6601.000314 0.510464 0.589301 0.580703 -4.829952
 6602.000314 0.173970 0.566198 0.612695 -10.250044
 6603.000314 0.652961 0.540292 0.560906 -3.440901
 6604.000314 -0.250236 0.632926 0.589398 -18.795060
 6605.000314 0.674593 0.543283 0.586050 -3.223350
 6606.000314 0.142218 0.615813 0.601560 -10.805557
 6607.000314 0.703381 0.636977 0.580221 -2.899225
 6608.000314 0.383619 0.660534 0.662445 -6.441673
 6609.000314 0.235173 0.563582 0.555429 -9.051815
 6610.000314 1.157592 0.548810 0.548818 3.865537
 6611.000314 0.518028 0.642177 0.569712 -4.691541
 6612.000314 0.387690 0.574227 0.621304 -6.310167
 6613.000314 0.504929 0.602784 0.606907 -4.807814
 6614.000314 1.103872 0.555518 0.548358 3.216686
 6615.000314 -0.075598 0.616707 0.613933 -15.920270
 6616.000314 0.137396 0.561159 0.617140 -10.851413
 6617.000314 0.645746 0.606247 0.657602 -3.388608
 6618.000314 0.685198 0.549161 0.602953 -3.022349
 6619.000314 -1.060214 0.617267 0.611394 -14.939200
 6620.000314 0.316672 0.583796 0.646232 -7.527521
 6621.000314 -0.610900 0.551464 0.624592 -23.193056
 6622.000315 -0.396104 0.587867 0.594455 -21.280174
 6623.000315 -0.860353 0.475119 0.584843 -21.291013
 6624.000315 -0.746082 0.470935 0.552624 -22.717718
 6625.000315 -0.904615 0.527051 0.608067 -20.145127
 6626.000315 0.115493 0.611888 0.553274 -11.320350
 6627.000315 0.808254 0.534363 0.543728 -1.011493
 6628.000315 0.657885 0.529441 0.631731 -3.238426
 6629.000315 0.744535 0.521927 0.645081 -2.233862
 6630.000315 0.331456 0.630253 0.673598 -7.297426
 6631.000315 0.442510 0.578973 0.639233 -5.490708
 6632.000315 -0.174497 0.594526 0.690720 -17.576493
 6633.000315 0.124079 0.619127 0.662743 -11.067106
 6634.000315 0.121172 0.552867 0.633547 -11.075400
 6635.000315 0.593921 0.621071 0.644552 -3.854595
 6636.000315 0.437033 0.580291 0.670223 -5.498077
 6637.000315 -0.174116 0.678385 0.595235 -17.508901
 6638.000315 0.206723 0.544871 0.634837 -9.539089
 6639.000315 0.210897 0.585281 0.638971 -9.410976
 6640.000315 -0.186783 0.625652 0.689077 -17.634411
 6641.000315 -0.372744 0.588523 0.620159 -20.860589
 6642.000315 -0.070028 0.568881 0.587452 -15.769286
 6643.000316 -0.394351 0.594977 0.677332 -21.140258
 6644.000316 0.585505 0.595389 0.604561 -3.890452
 6645.000316 -0.178913 0.614683 0.666891 -17.455474
 6646.000316 -0.068771 0.622823 0.678177 -15.674363
 6647.000316 0.253992 0.633194 0.671934 -8.608408
 6648.000316 0.502782 0.602016 0.625137 -4.786313
 6649.000316 0.461980 0.648893 0.713867 -5.185509
 6650.000316 0.533851 0.543719 0.583220 -4.356728
 6651.000316 2.153811 0.504450 0.571092 -15.699890
 6652.000316 0.979872 0.480769 0.560833 1.667920
 6653.000316 0.149444 0.562187 0.610684 -10.418292
 6654.000316 0.396932 0.522899 0.557190 -6.002424
 6655.000316 -0.176915 0.578951 0.613198 -17.362998
 6656.000316 0.656507 0.496119 0.558523 -3.180000
 6657.000316 0.692737 0.608420 0.624058 -2.853543
 6658.000316 0.673672 0.570808 0.623747 -2.962744
 6659.000316 0.566232 0.594413 0.578728 -3.978787
 6660.000316 0.494762 0.535418 0.603551 -4.750624
 6661.000316 0.075786 0.572978 0.646051 -12.077919
 6662.000316 0.604796 0.606089 0.617129 -3.565907
 6663.000316 0.194291 0.601256 0.617300 -9.592020
 6664.000317 -0.098372 0.534033 0.586529 -16.138112
 6665.000317 0.645027 0.493810 0.572858 -3.119404
 6666.000317 0.749403 0.546647 0.567977 -2.074159
 6667.000317 0.640595 0.548765 0.623287 -3.115019
 6668.000317 0.502500 0.570314 0.615930 -4.612911
 6669.000317 0.262491 0.567088 0.599298 -8.388813
 6670.000317 0.807553 0.534484 0.523701 -0.968267
 6671.000317 0.484615 0.526435 0.566609 -4.779998
 6672.000317 0.605514 0.500626 0.564727 -3.440854
 6673.000317 0.346649 0.568453 0.562016 -6.970274
 6674.000317 0.805539 0.515896 0.544184 -0.961225
 6675.000317 0.482197 0.617818 0.600766 -4.762895
 6676.000317 0.521166 0.631070 0.631205 -4.289124
 6677.000317 0.591098 0.598134 0.612396 -3.541716
 6678.000317 0.050282 0.648169 0.622237 -12.581451
 6679.000317 0.817739 0.590538 0.636486 -0.745536
 6680.000317 0.459387 0.559515 0.549988 -4.956508
 6681.000317 0.772351 0.599720 0.634251 -1.493151
 6682.000317 0.320631 0.636664 0.735541 -7.320398
 6683.000317 0.109917 0.585897 0.619363 -11.165102
 6684.000317 -0.481318 0.647171 0.663958 -22.307594
 6685.000318 0.865978 0.550427 0.592627 -0.097616
 6686.000318 -0.248364 0.593764 0.629942 -18.623928
 6687.000318 -0.450037 0.567856 0.595341 -21.946775
 6688.000318 0.131195 0.613533 0.628282 -10.633276
 6689.000318 -0.185456 0.559949 0.614132 -17.406736
 6690.000318 0.882500 0.549817 0.602506 0.165204
 6691.000318 0.527426 0.514955 0.589727 -4.141909
 6692.000318 0.799073 0.583308 0.614458 -0.920099
 6693.000318 -0.095068 0.575131 0.623819 -16.031507
 6694.000318 0.737693 0.537101 0.588714 -2.109172
 6695.000318 0.829136 0.576615 0.603199 -0.456633
 6696.000318 -0.197509 0.615187 0.608206 -17.530496
 6697.000318 0.307879 0.568309 0.636141 -7.472073
 6698.000318 0.378530 0.584323 0.664215 -6.273454
 6699.000318 0.015538 0.605684 0.664114 -13.302508
 6700.000318 0.270145 0.596109 0.647406 -8.110068
 6701.000318 -0.186954 0.629773 0.660941 -17.305753
 6702.000318 0.196251 0.605571 0.719575 -9.421551
 6703.000318 0.422588 0.618335 0.726534 -5.389890
 6704.000318 0.650593 0.617140 0.677381 -2.944082
 6705.000318 0.156728 0.605187 0.646909 -10.070651
 6706.000319 0.612161 0.622319 0.626504 -3.244607
 6707.000319 0.372928 0.561468 0.600148 -6.295528
 6708.000319 0.032416 0.576016 0.619216 -12.828723
 6709.000319 -0.222326 0.572460 0.629873 -17.871481
 6710.000319 -0.477620 0.651070 0.650970 -22.118181
 6711.000319 -0.877521 0.600573 0.630173 -20.740556
 6712.000319 -0.230247 0.631815 0.655444 -17.963863
 6713.000319 0.120720 0.645219 0.638805 -10.729927
 6714.000319 0.844031 0.622784 0.659878 -0.245086
 6715.000319 1.106387 0.590754 0.623836 3.238004
 6716.000319 2.419334 0.504094 0.554546 -22.399649
 6717.000319 2.157150 0.488115 0.613050 -15.762964
 6718.000319 2.189249 0.502813 0.622084 -16.626913
 6719.000319 2.403861 0.588775 0.555977 -22.157525
 6720.000319 -2.750330 0.587975 0.660264 -6.399802
 6721.000319 -2.635940 0.644320 0.628921 -5.193834
 6722.000319 2.671499 0.590449 0.677037 -23.147871
 6723.000319 -3.116999 0.599317 0.644356 -12.243767
 6724.000319 -1.733241 0.546876 0.682251 4.775612
 6725.000319 -2.708869 0.484362 0.678221 -5.935310
 6726.000319 3.050406 0.587016 0.650849 -15.411962
 6727.000320 2.640276 0.536017 0.699013 -23.595749
 6728.000320 -2.885219 0.580417 0.620586 -8.200089
 6729.000320 -2.732183 0.525559 0.684993 -6.124838
 6730.000320 -1.909364 0.522322 0.612610 3.535186
 6731.000320 -2.116159 0.566762 0.618430 0.498250
 6732.000320 -2.846011 0.598646 0.682397 -7.505681
 6733.000320 -2.481990 0.546436 0.629406 -3.857964
 6734.000320 -2.214067 0.544279 0.662069 -0.903639
 6735.000320 -2.490595 0.611016 0.688209 -3.900578
 6736.000320 -3.040786 0.613305 0.629971 -10.805830
 6737.000320 2.639750 0.562291 0.647085 -23.537370
 6738.000320 -3.134115 0.600585 0.628992 -12.612955
 6739.000320 2.465667 0.569715 0.641746 -23.007591
 6740.000320 0.915217 0.600119 0.675545 0.649951
 6741.000320 0.223128 0.551675 0.635874 -8.882470
 6742.000320 -0.279127 0.646876 0.711981 -19.015395
 6743.000320 0.145128 0.616634 0.702344 -10.184301
 6744.000320 0.626160 0.595764 0.697722 -3.073245
 6745.000320 1.118590 0.591462 0.713568 3.423213
 6746.000320 2.367655 0.524512 0.681352 -21.722561
 6747.000320 2.994308 0.601971 0.739278 -16.801571
 6748.000321 2.755050 0.656675 0.661009 -21.396849
 6749.000321 1.981127 0.588743 0.630627 -7.696244
 6750.000321 2.100223 0.510497 0.602245 -13.334364
 6751.000321 2.169891 0.510968 0.631727 -16.005277
 6752.000321 2.112582 0.546770 0.648731 -13.877436
 6753.000321 1.336905 0.588975 0.659153 4.936982
 6754.000321 2.021295 0.566624 0.603410 -9.338264
 6755.000321 2.273931 0.540513 0.575816 -19.321512
 6756.000321 2.254254 0.541208 0.537592 -18.560068
 6757.000321 2.462148 0.560145 0.621328 -22.855641
 6758.000321 2.234216 0.484942 0.589070 -17.822273
 6759.000321 2.488576 0.501429 0.581200 -23.261453
 6760.000321 2.162666 0.551524 0.602333 -15.628820
 6761.000321 2.359695 0.486218 0.615236 -21.500712
 6762.000321 2.373666 0.529304 0.617782 -21.602455
 6763.000321 2.298859 0.530548 0.611455 -19.935751
 6764.000321 2.249340 0.501419 0.661663 -18.170669
 6765.000321 2.221782 0.510601 0.594345 -17.241193
 6766.000321 2.391978 0.546959 0.569630 -21.711501
 6767.000321 2.091951 0.522431 0.574903 -12.706353
 6768.000321 2.150588 0.496473 0.567401 -15.136343
 6769.000322 2.116187 0.545861 0.530069 -13.790349
 6770.000322 2.424816 0.522663 0.602585 -22.016049
 6771.000322 3.041197 0.607005 0.677325 -15.541984
 6772.000322 2.702073 0.613265 0.609612 -22.371611
 6773.000322 -2.725717 0.589689 0.666558 -5.994588
 6774.000322 -2.763113 0.586465 0.621948 -6.350868
 6775.000322 -2.546504 0.603987 0.632468 -4.427603
 6776.000322 -2.792131 0.616696 0.648205 -6.665663
 6777.000322 -2.601902 0.553473 0.617367 -4.897826
 6778.000322 3.026937 0.535752 0.633999 -15.842335
 6779.000322 -2.853238 0.640334 0.688999 -7.502968
 6780.000322 3.028544 0.624534 0.683497 -15.739360
 6781.000322 2.795368 0.647214 0.660154 -20.543479
 6782.000322 -2.501929 0.631517 0.613809 -3.910963
 6783.000322 -2.432774 0.605577 0.694107 -3.234943
 6784.000322 -2.669371 0.637236 0.679105 -5.380094
 6785.000322 -3.085027 0.586234 0.624051 -11.445385
 6786.000322 -1.724317 0.541618 0.608992 4.829991
 6787.000322 -2.453654 0.488616 0.549218 -3.390467
 6788.000322 -2.284235 0.533999 0.601019 -1.845362
 6789.000322 -1.018874 0.524081 0.584188 -16.782849
 6790.000323 -2.359286 0.607543 0.602146 -2.696484
 6791.000323 -2.531458 0.610002 0.576075 -4.147851
 6792.000323 2.990224 0.650903 0.631800 -16.594392
 6793.000323 -2.529448 0.628650 0.570335 -4.080241
 6794.000323 -3.056912 0.598773 0.587514 -10.944300
 6795.000323 2.931780 0.618042 0.620384 -18.040096
 6796.000323 2.624542 0.616625 0.610391 -23.614117
 6797.000323 -3.134178 0.612141 0.593259 -12.445220
 6798.000323 2.697225 0.606169 0.599798 -22.374732
 6799.000323 2.158176 0.583224 0.629575 -15.243275
 6800.000323 2.319447 0.540868 0.580846 -20.421824
 6801.000323 2.492339 0.521060 0.596673 -23.175137
 6802.000323 2.479460 0.591201 0.577878 -22.878327
 6803.000323 -2.753935 0.649286 0.657705 -6.195688
 6804.000323 -2.615043 0.608937 0.619289 -4.939276
 6805.000323 -2.535356 0.533089 0.586249 -4.132323
 6806.000323 -2.797525 0.654462 0.603761 -6.666175
 6807.000323 -2.757484 0.610937 0.640876 -6.161737
 6808.000323 3.002461 0.648144 0.620569 -16.276481
 6809.000323 -2.736850 0.637817 0.599756 -5.926542
 6810.000323 -2.653561 0.666868 0.594245 -5.179831
 6811.000324 -2.788127 0.556372 0.607487 -6.436449
 6812.000324 -2.172237 0.631064 0.587484 -0.354817
 6813.000324 -2.771261 0.616787 0.567786 -6.182336
 6814.000324 -3.074329 0.656363 0.603980 -11.162101
 6815.000324 -2.891845 0.585260 0.598543 -8.151541
 6816.000324 -2.842011 0.559401 0.597490 -7.152705
 6817.000324 -2.890015 0.638280 0.578429 -8.030755
 6818.000324 -2.600125 0.590494 0.584951 -4.756334
 6819.000324 -2.871615 0.669660 0.583357 -7.642684
 6820.000324 -1.135453 0.629660 0.621374 -10.479116
 6821.000324 -2.008360 0.523592 0.536341 2.073994
 6822.000324 -2.213250 0.497434 0.628718 -0.826326
 6823.000324 -2.230194 0.541277 0.646209 -0.975437
 6824.000324 -2.489865 0.652957 0.609783 -3.667919
 6825.000324 3.133018 0.632437 0.593086 -12.854112
 6826.000324 3.098559 0.626764 0.595551 -13.812935
 6827.000324 -3.043421 0.641122 0.624934 -10.690682
 6828.000324 -2.854583 0.597516 0.584029 -7.263635
 6829.000324 -3.001034 0.588220 0.617195 -10.051440
 6830.000324 3.102072 0.632829 0.596183 -13.658424
 6831.000324 -2.927807 0.625016 0.581257 -8.542025
 6832.000325 -2.720672 0.658472 0.614132 -5.710933
 6833.000325 -2.527095 0.611350 0.590401 -3.954927
 6834.000325 -2.673516 0.660195 0.642387 -5.295907
 6835.000325 -2.612943 0.631110 0.623957 -4.777432
 6836.000325 -2.580650 0.632020 0.617001 -4.494566
 6837.000325 -2.533741 0.596386 0.608898 -3.960972
 6838.000325 -2.753851 0.542104 0.588565 -5.898340
 6839.000325 3.004227 0.643035 0.634720 -16.167400
 6840.000325 -2.667434 0.532699 0.587641 -5.158410
 6841.000325 -2.149363 0.535018 0.598482 0.038512
 6842.000325 -2.847686 0.623350 0.701491 -7.082077
 6843.000325 -2.270218 0.559494 0.594473 -1.527786
 6844.000325 -2.214399 0.574998 0.702250 -0.731911
 6845.000325 -2.704609 0.647055 0.649718 -5.461163
 6846.000325 3.005985 0.657433 0.681933 -16.071092
 6847.000325 2.776342 0.700949 0.689547 -20.833571
 6848.000325 3.083764 0.659991 0.668416 -14.099137
 6849.000325 -2.927517 0.635859 0.656689 -8.475419
 6850.000325 2.979213 0.604134 0.671612 -16.629650
 6851.000325 2.750919 0.682490 0.696842 -21.244993
 6852.000325 2.667197 0.618128 0.650128 -22.846690
 6853.000326 3.067428 0.677492 0.637926 -14.465095
 6854.000326 2.956798 0.667601 0.653259 -17.146972
 6855.000326 -2.477641 0.665985 0.632068 -3.490681
 6856.000326 2.682008 0.663899 0.634026 -22.499077
 6857.000326 -2.919240 0.684756 0.619476 -8.280662
 6858.000326 2.709992 0.672682 0.543382 -21.913049
 6859.000326 -2.882845 0.582518 0.587944 -7.634351
 6860.000326 2.924778 0.648781 0.582526 -18.012793
 6861.000326 3.114913 0.609869 0.574630 -13.191106
 6862.000326 3.122876 0.668082 0.579906 -12.927304
 6863.000326 2.423225 0.532772 0.569328 -21.909494
 6864.000326 2.292213 0.640670 0.603276 -19.509431
 6865.000326 -2.923621 0.592167 0.614624 -8.252783
 6866.000326 2.556737 0.635033 0.593874 -23.668636
 6867.000326 -3.127239 0.657228 0.662954 -12.049726
 6868.000326 -2.624525 0.579421 0.634976 -4.740702
 6869.000326 -2.914826 0.596037 0.569070 -8.055434
 6870.000326 -2.683780 0.585846 0.630353 -5.211234
 6871.000326 -2.930197 0.657786 0.599078 -8.278039
 6872.000326 -3.083000 0.596176 0.593206 -11.144764
 6873.000326 -2.723988 0.605760 0.619853 -5.512617
 6874.000326 -1.992951 0.567170 0.592705 2.363452
 6875.000327 -2.783505 0.608475 0.605594 -6.120917
 6876.000327 -1.832714 0.590389 0.583987 4.077780
 6877.000327 -2.349200 0.630321 0.605142 -2.615037
 6878.000327 -2.221235 0.633798 0.655509 -0.768590
 6879.000327 -1.963777 0.572620 0.567843 2.837920
 6880.000327 -2.776562 0.588324 0.615265 -5.983675
 6881.000327 -2.842166 0.662146 0.658057 -6.841642
 6882.000327 2.893268 0.680594 0.608286 -18.847984
 6883.000327 -1.317290 0.564095 0.583108 -2.013807
 6884.000327 -0.803337 0.528382 0.542302 -22.284462
 6885.000327 -0.572088 0.589759 0.645703 -23.030841
 6886.000327 -0.979882 0.577013 0.587230 -18.204802
 6887.000327 -0.018081 0.583450 0.566622 -14.209152
 6888.000327 -0.281362 0.545988 0.565481 -19.030541
 6889.000327 0.707909 0.578511 0.605588 -2.518964
 6890.000327 -0.457760 0.649220 0.653329 -21.928541
 6891.000327 -0.089111 0.610361 0.625945 -15.880699
 6892.000327 -0.301461 0.645230 0.613669 -19.404746
 6893.000327 0.141848 0.640440 0.558565 -10.224451
 6894.000327 -0.150042 0.628523 0.604515 -16.756765
 6895.000327 0.661175 0.622575 0.618247 -2.797485
 6896.000328 2.159236 0.595292 0.552517 -15.268225
 6897.000328 1.821395 0.575253 0.596322 -2.239314
 6898.000328 2.130449 0.531502 0.559357 -14.297063
 6899.000328 1.527615 0.581863 0.524803 3.605668
 6900.000328 1.765398 0.599330 0.564758 -0.727560
 6901.000328 1.817717 0.638457 0.668293 -2.051187
 6902.000328 1.197008 0.600547 0.603949 4.244935
 6903.000328 1.709166 0.616182 0.570783 0.662322
 6904.000328 1.924583 0.537754 0.585914 -5.333192
 6905.000328 2.361199 0.533066 0.591772 -21.185201
 6906.000328 2.561517 0.460038 0.637364 -23.644182
 6907.000328 2.327966 0.597488 0.622980 -20.508189
 6908.000328 2.192385 0.562495 0.588124 -16.100385
 6909.000328 2.495052 0.518036 0.627028 -22.994101
 6910.000328 2.355822 0.572397 0.648935 -20.964064
 6911.000328 2.421248 0.514862 0.629038 -21.755696
 6912.000328 2.459092 0.562108 0.563773 -22.268350
 6913.000328 2.159725 0.563691 0.659639 -15.112634
 6914.000328 2.269837 0.512096 0.571612 -18.638606
 6915.000328 2.470497 0.563424 0.596824 -22.397536
 6916.000328 2.465347 0.601195 0.608722 -22.224155
 6917.000329 -2.828711 0.664503 0.672769 -6.601229
 6918.000329 -2.604396 0.656520 0.585323 -4.577133
 6919.000329 -2.685440 0.637337 0.607686 -5.152455
 6920.000329 2.625446 0.645530 0.697957 -23.353264
 6921.000329 -2.582968 0.611118 0.649843 -4.389206
 6922.000329 -2.746221 0.612736 0.624157 -5.587089
 6923.000329 -2.024068 0.583638 0.580059 1.884010
 6924.000329 -2.946859 0.656517 0.583619 -8.592490
 6925.000329 -3.094751 0.665085 0.613995 -11.302207
 6926.000329 -2.892149 0.623417 0.593174 -7.576602
 6927.000329 -2.563351 0.575089 0.583710 -4.179943
 6928.000329 -2.808581 0.660613 0.619051 -6.266303
 6929.000329 -3.087658 0.615427 0.579647 -11.137822
 6930.000329 2.861024 0.669271 0.620823 -19.514391
 6931.000329 -3.018868 0.656418 0.585101 -10.190252
 6932.000329 3.055284 0.648276 0.582118 -14.637933
 6933.000329 2.692021 0.713698 0.604698 -22.170736
 6934.000329 -3.030721 0.693866 0.578646 -10.312286
 6935.000329 2.873431 0.674308 0.609742 -19.206968
 6936.000329 -3.067297 0.665000 0.604634 -10.735917
 6937.000329 2.751772 0.641593 0.608542 -21.099665
 6938.000330 -3.107556 0.642549 0.596464 -11.348923
 6939.000330 -2.707868 0.628644 0.585534 -5.259642
 6940.000330 2.615538 0.641011 0.650528 -23.386360
 6941.000330 2.775593 0.688015 0.599264 -20.651450
 6942.000330 2.606487 0.684209 0.615117 -23.406184
 6943.000330 3.028163 0.632892 0.585934 -15.298934
 6944.000330 2.709395 0.633977 0.608747 -21.694316
 6945.000330 2.799027 0.647810 0.703958 -20.253996
 6946.000330 2.230455 0.566295 0.628543 -17.227769
 6947.000330 2.596967 0.554512 0.576591 -23.389919
 6948.000330 3.006266 0.642758 0.613697 -15.771941
 6949.000330 2.754050 0.591485 0.624115 -20.842876
 6950.000330 2.727727 0.570005 0.583346 -21.211131
 6951.000330 2.707855 0.600476 0.562579 -21.504091
 6952.000330 2.977115 0.546997 0.646317 -16.420416
 6953.000330 2.651955 0.567188 0.603382 -22.533394
 6954.000330 -3.119772 0.506434 0.636931 -11.570012
 6955.000330 2.652279 0.635646 0.630080 -22.458619
 6956.000330 2.781860 0.639844 0.649615 -20.336043
 6957.000330 2.527900 0.586668 0.647573 -23.088083
 6958.000330 2.422782 0.581518 0.628449 -21.580197
 6959.000331 2.251633 0.522469 0.562044 -17.880708
 6960.000331 2.140859 0.508110 0.610389 -14.525483
 6961.000331 2.557388 0.529273 0.572291 -23.231420
 6962.000331 2.948252 0.602657 0.628674 -17.141148
 6963.000331 2.965153 0.633463 0.646382 -16.620973
 6964.000331 2.541986 0.535299 0.581870 -23.066094
 6965.000331 2.410794 0.559122 0.610073 -21.409253
 6966.000331 2.483996 0.493288 0.609425 -22.343444
 6967.000331 2.234129 0.554394 0.567152 -17.196421
 6968.000331 2.324510 0.544222 0.604158 -20.145052
 6969.000331 2.136857 0.525385 0.618832 -14.311518
 6970.000331 2.243382 0.554305 0.588131 -17.429109
 6971.000331 2.615672 0.632164 0.666409 -22.899626
 6972.000331 2.475962 0.550857 0.592355 -22.106343
 6973.000331 1.949565 0.499490 0.610667 -6.296166
 6974.000331 0.680842 0.579336 0.573285 -2.662117
 6975.000331 -0.672821 0.520934 0.581942 -22.984660
 6976.000331 -0.902399 0.539860 0.576577 -20.106534
 6977.000331 -0.496791 0.573433 0.583343 -22.168747
 6978.000331 -0.632646 0.561647 0.618231 -23.076944
 6979.000331 -0.425319 0.613133 0.633322 -21.492594
 6980.000332 0.172569 0.558731 0.657814 -9.685836
 6981.000332 0.067443 0.609678 0.617297 -11.987564
 6982.000332 0.405836 0.566100 0.635926 -5.645623
 6983.000332 0.338099 0.540770 0.625337 -6.912072
 6984.000332 0.384696 0.565815 0.630383 -5.988421
 6985.000332 -0.139443 0.593207 0.634544 -16.558949
 6986.000332 -0.369120 0.577321 0.612516 -20.641480
 6987.000332 0.833990 0.556923 0.615906 -0.355960
 6988.000332 0.825703 0.550148 0.634234 -0.414263
 6989.000332 0.612448 0.516884 0.620109 -3.159761
 6990.000332 0.637016 0.604673 0.659917 -2.862795
 6991.000332 -0.554036 0.574261 0.609514 -22.746030
 6992.000332 -0.911066 0.591802 0.579082 -19.845555
 6993.000332 1.826234 0.556450 0.585790 -2.234871
 6994.000332 3.112196 0.562706 0.600456 -12.949895
 6995.000332 -2.763310 0.630033 0.596568 -5.665956
 6996.000332 2.757650 0.591565 0.669622 -20.581394
 6997.000332 -2.387018 0.545845 0.599476 -2.869703
 6998.000332 -2.577134 0.564386 0.624168 -4.256772
 6999.000332 -2.144575 0.558819 0.655703 0.136307
 7000.000332 -2.596815 0.588933 0.533063 -4.360801
 7001.000333 -2.528729 0.576598 0.626753 -3.781353
 7002.000333 -2.818825 0.595837 0.658763 -6.329216
 7003.000333 2.834281 0.611010 0.674717 -19.722180
 7004.000333 3.084861 0.614184 0.625875 -13.653941
 7005.000333 2.737255 0.561903 0.625177 -20.795389
 7006.000333 -2.254049 0.571588 0.592952 -1.166945
 7007.000333 -2.399771 0.584586 0.584701 -2.900071
 7008.000333 -2.079254 0.575466 0.644660 1.089003
 7009.000333 -2.815736 0.606525 0.631292 -6.244053
 7010.000333 -2.692466 0.599413 0.593891 -5.092582
 7011.000333 2.607431 0.583666 0.643449 -22.955785
 7012.000333 -2.990211 0.610803 0.634025 -9.564307
 7013.000333 2.991810 0.660002 0.666873 -15.934374
 7014.000333 -2.866383 0.619725 0.562587 -7.031469
 7015.000333 2.749387 0.620717 0.594291 -20.551478
 7016.000333 2.297688 0.528189 0.663373 -19.234435
 7017.000333 2.293912 0.556696 0.588030 -19.021055
 7018.000333 2.186491 0.530489 0.637135 -15.616223
 7019.000333 2.234606 0.580514 0.604109 -17.028442
 7020.000333 2.334100 0.539324 0.572869 -20.165786
 7021.000333 2.264581 0.535145 0.591273 -17.888698
 7022.000334 2.329346 0.544156 0.617022 -19.926280
 7023.000334 2.384088 0.575546 0.651292 -20.936762
 7024.000334 2.027189 0.497435 0.597580 -9.482180
 7025.000334 2.323409 0.518827 0.629721 -19.667707
 7026.000334 2.777340 0.579793 0.608587 -20.155339
 7027.000334 -2.967315 0.615418 0.691963 -8.966333
 7028.000334 2.508574 0.599912 0.641656 -22.547761
 7029.000334 2.945584 0.690743 0.651054 -17.035474
 7030.000334 -3.007639 0.639721 0.597092 -9.769868
 7031.000334 -2.694670 0.635325 0.601395 -5.054209
 7032.000334 -3.130912 0.655063 0.585970 -11.773287
 7033.000334 -3.090993 0.593880 0.640159 -10.902472
 7034.000334 -2.445168 0.607195 0.680599 -3.178119
 7035.000334 -2.191603 0.575616 0.657138 -0.417076
 7036.000334 -2.422078 0.619824 0.640531 -2.963637
 7037.000334 -0.718634 0.522545 0.632687 -22.803062
 7038.000334 -2.020041 0.604116 0.704803 1.998105
 7039.000334 -3.008944 0.575904 0.703901 -9.741231
 7040.000334 1.961767 0.497734 0.631039 -6.737017
 7041.000334 2.359515 0.547086 0.592791 -20.412885
 7042.000334 2.480670 0.519549 0.620019 -22.058814
 7043.000335 2.114870 0.520820 0.700541 -13.548223
 7044.000335 2.350620 0.552298 0.600830 -20.182027
 7045.000335 2.203603 0.494331 0.554856 -15.989989
 7046.000335 2.233625 0.583626 0.623028 -16.816871
 7047.000335 3.039803 0.638953 0.614377 -14.782215
 7048.000335 -2.646629 0.653438 0.618968 -4.638144
 7049.000335 -3.123154 0.459049 0.659611 -11.477147
 7050.000335 -2.246035 0.507807 0.684996 -0.987481
 7051.000335 -3.062599 0.618502 0.565856 -10.422202
 7052.000335 -2.918678 0.661390 0.597093 -7.870679
 7053.000335 -3.128886 0.581341 0.614554 -11.522046
 7054.000335 -2.497366 0.524831 0.608813 -3.505689
 7055.000335 2.535665 0.635677 0.614210 -22.721588
 7056.000335 2.368099 0.573673 0.565504 -20.432595
 7057.000335 2.521659 0.583346 0.641861 -22.506439
 7058.000335 2.335377 0.578798 0.591073 -19.759220
 7059.000335 2.563546 0.552420 0.581934 -22.832862
 7060.000335 2.279251 0.564047 0.688240 -18.123162
 7061.000335 2.383133 0.545576 0.623995 -20.540705
 7062.000335 2.099120 0.557476 0.668748 -12.848087
 7063.000335 2.518267 0.505617 0.619694 -22.355385
 7064.000336 2.236202 0.519028 0.613242 -16.800903
 7065.000336 2.155455 0.517028 0.617735 -14.607239
 7066.000336 2.249876 0.487135 0.570893 -17.113432
 7067.000336 2.236827 0.548675 0.637753 -16.690826
 7068.000336 2.330035 0.513509 0.617555 -19.443431
 7069.000336 2.261458 0.563997 0.604185 -17.308053
 7070.000336 2.852575 0.610294 0.650764 -19.386496
 7071.000336 2.994833 0.618230 0.695795 -15.726047
 7072.000336 2.646847 0.574106 0.658895 -22.352720
 7073.000336 2.705412 0.533104 0.602355 -21.190644
 7074.000336 2.447130 0.481736 0.565397 -21.397871
 7075.000336 2.431300 0.532871 0.618582 -21.126757
 7076.000336 2.047564 0.508738 0.608178 -10.310436
 7077.000336 2.674523 0.594060 0.639298 -21.743998
 7078.000336 2.156778 0.566767 0.638490 -14.567974
 7079.000336 1.976120 0.529899 0.618475 -7.256014
 7080.000336 2.294823 0.523839 0.573688 -18.277146
 7081.000336 2.235057 0.532656 0.688121 -16.505693
 7082.000336 2.441025 0.482663 0.584442 -21.183252
 7083.000336 2.506070 0.537554 0.628464 -22.081333
 7084.000336 2.260236 0.490966 0.643204 -17.095743
 7085.000337 2.150723 0.525443 0.627268 -14.367191
 7086.000337 2.184055 0.485446 0.645867 -15.096422
 7087.000337 2.331893 0.517568 0.584666 -19.263388
 7088.000337 2.323309 0.514713 0.616739 -18.957193
 7089.000337 2.109209 0.542750 0.616780 -13.072025
 7090.000337 1.938617 0.516471 0.628544 -5.757508
 7091.000337 2.299700 0.498582 0.583203 -18.169157
 7092.000337 2.202006 0.511821 0.598610 -15.429012
 7093.000337 1.731090 0.567902 0.641897 0.240803
 7094.000337 2.196861 0.572022 0.617812 -15.226154
 7095.000337 2.208245 0.539417 0.573816 -15.447847
 7096.000337 2.353526 0.544097 0.666004 -19.547776
 7097.000337 2.407955 0.485021 0.641023 -20.581988
 7098.000337 2.360012 0.571856 0.670545 -19.602089
 7099.000337 2.444121 0.523959 0.643517 -21.002758
 7100.000337 2.157715 0.550519 0.605822 -14.259191
 7101.000337 2.223712 0.517254 0.665132 -15.736415
 7102.000337 2.363597 0.516602 0.617494 -19.610657
 7103.000337 2.275317 0.581586 0.674653 -17.145094
 7104.000337 2.460077 0.560940 0.635635 -21.167786
 7105.000337 2.183226 0.559999 0.606748 -14.702092
 7106.000338 2.551642 0.521859 0.619242 -22.474259
 7107.000338 2.313045 0.518001 0.627113 -18.281878
 7108.000338 2.405300 0.538368 0.605477 -20.294824
 7109.000338 2.094462 0.553458 0.670899 -12.406737
 7110.000338 2.226134 0.532435 0.652144 -15.690987
 7111.000338 2.650291 0.573387 0.632677 -22.095945
 7112.000338 1.936601 0.541691 0.631769 -5.628045
 7113.000338 2.179287 0.553637 0.612351 -14.557505
 7114.000338 2.369551 0.560273 0.629390 -19.542634
 7115.000338 2.389869 0.575449 0.663340 -19.875887
 7116.000338 2.318059 0.557574 0.619003 -18.291858
 7117.000338 2.318895 0.527305 0.647491 -18.245219
 7118.000338 2.397076 0.544716 0.668907 -19.869481
 7119.000338 2.403542 0.529226 0.638796 -19.916491
 7120.000338 2.361382 0.508938 0.634920 -19.039798
 7121.000338 2.372150 0.459625 0.618673 -19.177042
 7122.000338 2.099413 0.495642 0.689320 -12.545560
 7123.000338 2.427725 0.545374 0.696119 -20.204208
 7124.000338 2.253904 0.512466 0.583332 -16.318792
 7125.000338 1.833359 0.550156 0.628309 -2.369510
 7126.000338 1.699157 0.521340 0.613124 0.915847
 7127.000339 2.527618 0.580235 0.646321 -22.150961
 7128.000339 2.283389 0.503142 0.608257 -17.102792
 7129.000339 2.297417 0.547962 0.616876 -17.434190
 7130.000339 2.326091 0.532673 0.599547 -18.069230
 7131.000339 2.003811 0.523910 0.631134 -8.192996
 7132.000339 2.391077 0.535802 0.652853 -19.367535
 7133.000339 2.297473 0.559240 0.625346 -17.314810
 7134.000339 2.535885 0.555725 0.638516 -22.184731
 7135.000339 2.620225 0.558540 0.628530 -22.448316
 7136.000339 2.142507 0.549235 0.635534 -13.745311
 7137.000339 1.746679 0.539689 0.616966 -0.089350
 7138.000339 2.324413 0.554621 0.644259 -17.864107
 7139.000339 -2.158061 0.530939 0.627384 0.027827
 7140.000339 -2.183795 0.568039 0.636678 -0.245614
 7141.000339 -2.556400 0.580331 0.683580 -3.957596
 7142.000339 -2.388062 0.511401 0.583553 -2.751656
 7143.000339 -2.454717 0.514219 0.644083 -3.138791
 7144.000339 2.735807 0.621048 0.638913 -20.563324
 7145.000339 2.595889 0.574877 0.673628 -22.553075
 7146.000339 2.596553 0.608190 0.666702 -22.460637
 7147.000339 2.413091 0.497317 0.599214 -19.714702
 7148.000340 2.700507 0.514838 0.632552 -21.072371
 7149.000340 2.335119 0.523245 0.615321 -18.017841
 7150.000340 2.106020 0.507346 0.608807 -12.691888
 7151.000340 2.481863 0.559126 0.646572 -21.206944
 7152.000340 2.143684 0.554471 0.633243 -13.622934
 7153.000340 2.257083 0.546365 0.591159 -16.188475
 7154.000340 2.496899 0.548612 0.664486 -21.423470
 7155.000340 -2.759265 0.549898 0.662489 -5.521142
 7156.000340 -1.842012 0.600649 0.651924 4.027202
 7157.000340 -1.897185 0.588664 0.647303 3.697065
 7158.000340 -2.798736 0.564419 0.669900 -5.942158
 7159.000340 -2.593395 0.632326 0.644277 -4.222840
 7160.000340 -3.022505 0.670491 0.736084 -9.876099
 7161.000340 -2.197822 0.560061 0.678412 -0.361052
 7162.000340 -2.493847 0.616960 0.691662 -3.402357
 7163.000340 -3.056261 0.626222 0.626815 -10.246555
 7164.000340 -2.311170 0.588197 0.688111 -2.115235
 7165.000340 -2.845540 0.587112 0.624616 -6.562785
 7166.000340 -2.245659 0.550006 0.656344 -0.880593
 7167.000340 -2.756504 0.602804 0.747834 -5.428098
 7168.000340 -2.230011 0.553285 0.698778 -0.629832
 7169.000341 -2.622885 0.605145 0.708236 -4.399873
 7170.000341 -2.504012 0.504031 0.673644 -3.428641
 7171.000341 -2.669434 0.582017 0.703393 -4.730654
 7172.000341 -2.666596 0.584360 0.657796 -4.662560
 7173.000341 -2.661151 0.578048 0.662228 -4.573958
 7174.000341 -2.751463 0.612669 0.707334 -5.316878
 7175.000341 -2.498025 0.612458 0.680131 -3.350135
 7176.000341 3.108210 0.599464 0.649550 -12.806036
 7177.000341 -2.313337 0.602573 0.695414 -2.080193
 7178.000341 -2.192677 0.575751 0.634038 -0.228435
 7179.000341 -2.612600 0.540718 0.674549 -4.229173
 7180.000341 -2.649342 0.475938 0.721418 -4.410344
 7181.000341 -3.090398 0.587137 0.685842 -10.632571
 7182.000341 -2.148238 0.627745 0.688870 0.260414
 7183.000341 -2.698879 0.622215 0.706604 -4.816202
 7184.000341 -2.414525 0.578710 0.649684 -2.794730
 7185.000341 -2.355706 0.595647 0.666246 -2.478057
 7186.000341 -2.582693 0.641800 0.691236 -4.000231
 7187.000341 -0.836434 0.587692 0.657704 -21.686272
 7188.000341 -1.035060 0.562913 0.637035 -16.040428
 7189.000341 -0.956856 0.526237 0.583934 -18.713169
 7190.000342 -0.764885 0.559541 0.631522 -22.415117
 7191.000342 -0.919025 0.593116 0.628942 -19.519500
 7192.000342 -0.998192 0.528771 0.715785 -17.402602
 7193.000342 -0.822304 0.541081 0.668866 -21.840857
 7194.000342 -0.842227 0.538262 0.630169 -21.354549
 7195.000342 -0.818204 0.549555 0.625887 -21.731783
 7196.000342 -0.830976 0.548618 0.626438 -21.442688
 7197.000342 0.790435 0.610113 0.727291 -0.953130
 7198.000342 0.329473 0.612066 0.713722 -6.997881
 7199.000342 0.723053 0.568963 0.629755 -2.267375
 7200.000342 0.562288 0.611607 0.714013 -3.750245
 7201.000342 0.365667 0.645082 0.779510 -6.322970
 7202.000342 0.776575 0.619260 0.658549 -1.191526
 7203.000342 1.747885 0.521343 0.636186 -0.093084
 7204.000342 2.058751 0.521944 0.638527 -10.614082
 7205.000342 2.283858 0.517624 0.643318 -16.814889
 7206.000342 2.406420 0.550967 0.596509 -19.481966
 7207.000342 2.049193 0.554704 0.643106 -10.117514
 7208.000342 2.211469 0.567862 0.658868 -15.087375
 7209.000342 2.092791 0.551161 0.659573 -11.971495
 7210.000342 2.198951 0.567508 0.634378 -14.727216
 7211.000343 2.213233 0.579417 0.677366 -14.985485
 7212.000343 2.114852 0.553992 0.647576 -12.700115
 7213.000343 2.186932 0.507541 0.651842 -14.328034
 7214.000343 2.329202 0.504470 0.647569 -17.756095
 7215.000343 2.324751 0.539892 0.633701 -17.599388
 7216.000343 1.910966 0.558719 0.648003 -4.655254
 7217.000343 2.078005 0.564738 0.664770 -11.285047
 7218.000343 1.970238 0.527026 0.645702 -6.802959
 7219.000343 1.964135 0.532498 0.635393 -6.526141
 7220.000343 2.191825 0.556760 0.635426 -14.372365
 7221.000343 2.152159 0.549654 0.616916 -13.521827
 7222.000343 0.781725 0.549081 0.633386 -1.039583
 7223.000343 0.553783 0.540988 0.731722 -3.812289
 7224.000343 0.397992 0.638475 0.714364 -5.679348
 7225.000343 0.725764 0.614341 0.692802 -2.134434
 7226.000343 0.640645 0.612758 0.702213 -2.799913
 7227.000343 0.711399 0.577018 0.670345 -2.275073
 7228.000343 1.003140 0.537003 0.627241 1.947072
 7229.000343 0.407135 0.638873 0.722904 -5.493864
 7230.000343 0.764406 0.562041 0.679286 -1.340351
 7231.000343 -0.153488 0.657737 0.713466 -16.700058
 7232.000344 0.464558 0.575360 0.666160 -4.815935
 7233.000344 0.411461 0.665534 0.749060 -5.363491
 7234.000344 0.558942 0.643042 0.777465 -3.703049
 7235.000344 0.786399 0.651173 0.732708 -0.853415
 7236.000344 0.574229 0.580719 0.689353 -3.482473
 7237.000344 0.701333 0.613436 0.669656 -2.302752
 7238.000344 0.595390 0.612363 0.753419 -3.192019
 7239.000344 0.361343 0.658984 0.727616 -6.241711
 7240.000344 0.916442 0.583589 0.684761 0.643605
 7241.000344 0.650253 0.581759 0.711377 -2.630369
 7242.000344 0.465908 0.687974 0.754784 -4.734960
 7243.000344 0.422239 0.554797 0.675373 -5.141517
 7244.000344 0.266460 0.599117 0.757742 -8.099589
 7245.000344 0.636320 0.598593 0.660793 -2.695113
 7246.000344 0.225076 0.603969 0.730832 -8.792784
 7247.000344 0.594107 0.545728 0.652378 -3.112060
 7248.000344 0.992574 0.558133 0.670972 1.845441
 7249.000344 0.525283 0.587895 0.677345 -3.975511
 7250.000344 0.842857 0.615258 0.691558 -0.140554
 7251.000344 0.732382 0.582323 0.688655 -1.855605
 7252.000344 0.419139 0.587391 0.681919 -5.136387
 7253.000344 0.702011 0.609111 0.688206 -2.194497
 7254.000345 0.007102 0.633124 0.682419 -13.425439
 7255.000345 0.686592 0.573469 0.709829 -2.277832
 7256.000345 2.191392 0.545006 0.602900 -14.260275
 7257.000345 2.358388 0.507378 0.633611 -18.261992
 7258.000345 2.352472 0.511819 0.606571 -18.070893
 7259.000345 2.499299 0.507477 0.642821 -21.395759
 7260.000345 2.247514 0.521077 0.647313 -15.583085
 7261.000345 2.016221 0.531693 0.599083 -8.502434
 7262.000345 2.274780 0.550234 0.619127 -16.246490
 7263.000345 2.282885 0.497979 0.636112 -16.392680
 7264.000345 2.047914 0.514066 0.652597 -9.833860
 7265.000345 2.368556 0.511303 0.665451 -18.324266
 7266.000345 2.295826 0.492449 0.643168 -16.640407
 7267.000345 2.258028 0.497950 0.551524 -15.668805
 7268.000345 2.333607 0.489109 0.572076 -17.375918
 7269.000345 2.106903 0.522156 0.600729 -12.220814
 7270.000345 2.144734 0.550017 0.592589 -13.216079
 7271.000345 2.211874 0.529540 0.605053 -14.553189
 7272.000345 2.842119 0.572680 0.621942 -19.490540
 7273.000345 3.065542 0.565913 0.568944 -13.989321
 7274.000345 -2.946358 0.528345 0.640802 -8.368838
 7275.000346 2.864551 0.578956 0.702320 -19.097882
 7276.000346 -2.388878 0.508510 0.629977 -2.625343
 7277.000346 -3.120789 0.584567 0.613620 -11.184922
 7278.000346 3.035228 0.570664 0.609839 -14.726558
 7279.000346 -2.676123 0.635455 0.638424 -4.571634
 7280.000346 -2.883130 0.515707 0.628282 -7.209457
 7281.000346 -1.679786 0.540442 0.613323 4.660040
 7282.000346 -3.009318 0.643505 0.715606 -9.603706
 7283.000346 -3.039800 0.612719 0.646857 -9.941917
 7284.000346 -3.039096 0.568225 0.648816 -9.880016
 7285.000346 2.875350 0.563036 0.599191 -18.846202
 7286.000346 -2.535417 0.587472 0.645532 -3.597356
 7287.000346 2.775030 0.585920 0.605358 -20.032538
 7288.000346 2.124479 0.531003 0.629756 -12.668249
 7289.000346 2.266843 0.539887 0.594093 -15.749600
 7290.000346 2.563804 0.613083 0.608311 -22.204226
 7291.000346 -2.159840 0.586397 0.664576 0.153005
 7292.000346 2.866002 0.690777 0.649631 -18.950382
 7293.000346 2.420553 0.535162 0.572364 -19.544846
 7294.000346 2.639942 0.552115 0.607010 -21.983357
 7295.000346 2.838517 0.604560 0.642190 -19.281088
 7296.000347 2.861402 0.624195 0.710002 -18.905409
 7297.000347 2.493842 0.559633 0.680675 -21.179740
 7298.000347 2.858266 0.672172 0.590743 -18.888428
 7299.000347 -2.864016 0.548245 0.690266 -6.821767
 7300.000347 -2.973040 0.591882 0.660105 -8.844607
 7301.000347 -2.629480 0.569811 0.594480 -4.196343
 7302.000347 2.487888 0.573485 0.659275 -20.991145
 7303.000347 2.926807 0.653846 0.662680 -17.446884
 7304.000347 2.737574 0.624320 0.657286 -20.391028
 7305.000347 2.590896 0.603340 0.632275 -22.246299
 7306.000347 -2.266906 0.603710 0.709929 -1.165401
 7307.000347 -2.568782 0.601108 0.659556 -3.832703
 7308.000347 -2.888094 0.594402 0.659310 -7.189150
 7309.000347 2.958943 0.601250 0.620114 -16.491300
 7310.000347 2.992162 0.637172 0.684136 -15.630019
 7311.000347 -2.165583 0.583249 0.682084 0.129927
 7312.000347 -2.762536 0.578108 0.671670 -5.367106
 7313.000347 -2.839801 0.636668 0.661531 -6.326442
 7314.000347 -3.041006 0.665281 0.685777 -9.816878
 7315.000347 -3.042526 0.597602 0.697853 -9.780983
 7316.000347 -1.493345 0.528659 0.642899 2.422989
 7317.000348 -1.319607 0.573372 0.666844 -1.948051
 7318.000348 -2.057125 0.540015 0.658424 1.422363
 7319.000348 -1.397557 0.570878 0.642725 0.285465
 7320.000348 -1.188145 0.573536 0.608667 -7.650688
 7321.000348 -1.279646 0.558068 0.645181 -3.429627
 7322.000348 -2.181539 0.529825 0.710008 0.000476
 7323.000348 -2.168397 0.554616 0.705922 0.171210
 7324.000348 -1.076367 0.547676 0.645598 -14.039866
 7325.000348 -2.307106 0.488261 0.701278 -1.897996
 7326.000348 -1.904254 0.498081 0.660362 3.625586
 7327.000348 -1.753941 0.549354 0.654234 4.699731
 7328.000348 -1.599390 0.547890 0.669751 4.060325
 7329.000348 -1.867508 0.541800 0.648826 3.940513
 7330.000348 -1.156805 0.579511 0.625216 -9.231276
 7331.000348 -1.328228 0.560800 0.673806 -1.583158
 7332.000348 -1.648101 0.569105 0.626287 4.543289
 7333.000348 -0.820181 0.634959 0.622863 -21.574780
 7334.000348 -1.968794 0.558460 0.681779 2.799912
 7335.000348 -1.131919 0.594784 0.608049 -10.627709
 7336.000348 -1.530347 0.535598 0.654908 3.199145
 7337.000348 -2.049936 0.608115 0.670828 1.547307
 7338.000349 -2.284904 0.593522 0.708622 -1.470893
 7339.000349 -2.996994 0.618630 0.661675 -9.195465
 7340.000349 -2.476849 0.619558 0.708298 -3.185792
 7341.000349 -2.757342 0.625027 0.662272 -5.284191
 7342.000349 -2.378905 0.618996 0.738213 -2.540236
 7343.000349 -2.706886 0.649060 0.705494 -4.791405
 7344.000349 -2.131123 0.558771 0.637589 0.559470
 7345.000349 -2.283867 0.577492 0.640320 -1.400083
 7346.000349 -2.555176 0.619529 0.679734 -3.698360
 7347.000349 -3.112304 0.628747 0.690924 -10.894133
 7348.000349 -2.722337 0.644035 0.686093 -4.868957
 7349.000349 -2.537844 0.627926 0.721125 -3.506013
 7350.000349 -2.780733 0.642568 0.695908 -5.473874
 7351.000349 -2.660642 0.639724 0.665855 -4.343665
 7352.000349 2.909797 0.587073 0.720514 -17.783880
 7353.000349 -2.723757 0.583357 0.679438 -4.797761
 7354.000349 -2.368290 0.587313 0.667929 -2.425862
 7355.000349 -3.099089 0.630345 0.652501 -10.563736
 7356.000349 -2.611308 0.587998 0.657266 -4.003953
 7357.000349 2.712108 0.605027 0.696331 -20.754430
 7358.000349 -3.133625 0.621632 0.678427 -11.347436
 7359.000350 -2.649208 0.595469 0.648824 -4.183850
 7360.000350 -2.627491 0.604493 0.669464 -4.014042
 7361.000350 -2.719624 0.611318 0.667088 -4.704562
 7362.000350 -2.904752 0.661050 0.689470 -7.417091
 7363.000350 -2.646919 0.626767 0.694320 -4.074514
 7364.000350 -2.218426 0.575264 0.675310 -0.316150
 7365.000350 -2.922570 0.647178 0.683789 -7.679030
 7366.000350 -2.616707 0.640872 0.709110 -3.888262
 7367.000350 -2.357024 0.615344 0.707200 -2.310617
 7368.000350 -2.355980 0.531096 0.722819 -2.261978
 7369.000350 -2.404989 0.568270 0.676034 -2.547097
 7370.000350 -2.347110 0.581548 0.645059 -2.142257
 7371.000350 -2.804503 0.662462 0.677463 -5.733794
 7372.000350 3.076314 0.588100 0.623370 -13.570741
 7373.000350 -2.452940 0.615338 0.728868 -2.908843
 7374.000350 -2.732920 0.554439 0.662839 -4.763921
 7375.000350 -2.756278 0.602802 0.634163 -4.973990
 7376.000350 -2.476337 0.634344 0.698458 -3.051181
 7377.000350 -2.630406 0.535327 0.677141 -3.902146
 7378.000350 2.996863 0.629480 0.671240 -15.478826
 7379.000350 -2.865859 0.608779 0.637645 -6.675245
 7380.000351 -3.015174 0.599569 0.665350 -9.379127
 7381.000351 -2.993261 0.618674 0.657907 -9.033958
 7382.000351 -2.696542 0.631653 0.681249 -4.384404
 7383.000351 -2.584119 0.589084 0.671657 -3.698291
 7384.000351 -2.591629 0.607524 0.690195 -3.684956
 7385.000351 -2.354282 0.642847 0.735430 -2.151691
 7386.000351 -2.770068 0.677635 0.687875 -5.090879
 7387.000351 -2.627680 0.596225 0.622276 -3.783289
 7388.000351 -2.973804 0.616976 0.668756 -8.645635
 7389.000351 -2.396204 0.594631 0.673320 -2.375322
 7390.000351 -2.568698 0.622933 0.662123 -3.541722
 7391.000351 3.024420 0.627656 0.622029 -14.835446
 7392.000351 -2.328090 0.587458 0.711033 -1.904054
 7393.000351 -3.059642 0.620281 0.671667 -9.829475
 7394.000351 -2.676824 0.626748 0.743723 -4.121052
 7395.000351 -2.059631 0.589465 0.702338 1.443197
 7396.000351 -2.314133 0.543179 0.699709 -1.727074
 7397.000351 -2.675886 0.615030 0.674406 -4.068796
 7398.000351 -2.747014 0.581003 0.680991 -4.717074
 7399.000351 -2.462597 0.656107 0.675178 -2.888689
 7400.000351 -2.182628 0.659611 0.694516 0.084533
 7401.000352 -2.579220 0.628144 0.697930 -3.535677
 7402.000352 -3.060465 0.535238 0.669403 -9.786059
 7403.000352 -2.770723 0.583315 0.714792 -5.004345
 7404.000352 -2.678666 0.670238 0.654058 -4.038174
 7405.000352 -2.400935 0.639696 0.666780 -2.330523
 7406.000352 3.094367 0.618544 0.626753 -12.989466
 7407.000352 -3.069297 0.649135 0.707967 -9.854119
 7408.000352 -2.232596 0.568241 0.686011 -0.429496
 7409.000352 -2.982808 0.585769 0.676958 -8.738318
 7410.000352 -2.936166 0.643278 0.679495 -7.819716
 7411.000352 -3.085221 0.636260 0.648525 -10.043834
 7412.000352 2.993528 0.589248 0.648103 -15.435643
 7413.000352 -2.498864 0.564338 0.608614 -3.089305
 7414.000352 -2.910995 0.615497 0.680275 -7.345840
 7415.000352 -2.954879 0.609473 0.654557 -8.094825
 7416.000352 -2.313604 0.590617 0.700897 -1.668986
 7417.000352 -2.290218 0.571122 0.660315 -1.305483
 7418.000352 3.070862 0.587550 0.641015 -13.605834
 7419.000352 -2.671122 0.632583 0.683426 -3.928624
 7420.000352 -2.552854 0.596602 0.652092 -3.374520
 7421.000352 -2.064612 0.609363 0.624920 1.407321
 7422.000353 -2.156983 0.610550 0.698280 0.376898
 7423.000353 -2.411640 0.601793 0.697949 -2.360796
 7424.000353 -1.838907 0.536020 0.703184 4.067985
 7425.000353 -2.243959 0.601042 0.725179 -0.526926
 7426.000353 -2.824720 0.598572 0.690497 -5.870077
 7427.000353 -2.518893 0.604853 0.776452 -3.145601
 7428.000353 2.668484 0.626149 0.695626 -21.483175
 7429.000353 -2.960374 0.612671 0.711419 -8.157011
 7430.000353 -2.322247 0.628446 0.698770 -1.659946
 7431.000353 -2.239141 0.562213 0.689209 -0.422219
 7432.000353 -2.350854 0.657622 0.724616 -1.871176
 7433.000353 -2.696475 0.583383 0.711496 -4.124969
 7434.000353 -2.490841 0.567140 0.677885 -2.958217
 7435.000353 -2.063490 0.567981 0.671219 1.450066
 7436.000353 -2.161513 0.572947 0.632894 0.372581
 7437.000353 -2.902894 0.630944 0.675504 -7.131699
 7438.000353 -2.249221 0.569070 0.684002 -0.520296
 7439.000353 -2.295654 0.636472 0.690742 -1.233314
 7440.000353 -2.488037 0.602106 0.654993 -2.904364
 7441.000353 -2.471235 0.612144 0.705689 -2.763864
 7442.000353 -2.403786 0.629079 0.691918 -2.224074
 7443.000354 -2.455932 0.561153 0.685331 -2.589385
 7444.000354 -2.270563 0.606695 0.659942 -0.791753
 7445.000354 -2.712108 0.647597 0.696145 -4.215994
 7446.000354 -2.821319 0.631151 0.722901 -5.769931
 7447.000354 -2.579942 0.615901 0.678494 -3.425820
 7448.000354 2.853255 0.665682 0.702254 -18.881755
 7449.000354 -2.698971 0.616969 0.708742 -4.060408
 7450.000354 -2.557503 0.595311 0.700490 -3.255471
 7451.000354 -1.801384 0.581638 0.664338 4.332549
 7452.000354 -2.637559 0.657011 0.666313 -3.603654
 7453.000354 -2.114581 0.527722 0.669283 0.862347
 7454.000354 -1.644318 0.567002 0.647524 4.507429
 7455.000354 -1.489298 0.554866 0.600326 2.342833
 7456.000354 -2.219120 0.522436 0.674245 -0.100855
 7457.000354 -1.210159 0.590368 0.722613 -6.546656
 7458.000354 -1.288014 0.560166 0.622260 -3.057546
 7459.000354 -1.795672 0.518608 0.586706 4.409817
 7460.000354 -2.014749 0.564896 0.621265 2.130295
 7461.000354 -1.611360 0.570480 0.605396 4.234166
 7462.000354 -1.499572 0.535615 0.594780 2.621364
 7463.000354 -1.938157 0.563696 0.570806 3.223184
 7464.000355 -1.596836 0.579827 0.619063 4.103843
 7465.000355 -1.332082 0.621459 0.582392 -1.462474
 7466.000355 -1.258020 0.526924 0.584505 -4.221467
 7467.000355 -1.112597 0.538103 0.547290 -11.800578
 7468.000355 -1.675711 0.542595 0.585605 4.687813
 7469.000355 -1.932146 0.522488 0.630568 3.327252
 7470.000355 -1.668948 0.546409 0.585040 4.695684
 7471.000355 -1.533727 0.556426 0.560191 3.317962
 7472.000355 -1.481930 0.618170 0.635870 2.247231
 7473.000355 -1.967749 0.502029 0.567125 2.888835
 7474.000355 -2.175409 0.524550 0.571076 0.280231
 7475.000355 -1.697185 0.594592 0.643648 4.766380
 7476.000355 -1.220703 0.514341 0.586883 -5.913085
 7477.000355 -1.729435 0.493351 0.627497 4.795477
 7478.000355 -1.554221 0.519217 0.627324 3.641157
 7479.000355 -2.020322 0.517845 0.614719 2.105531
 7480.000355 -2.078336 0.530721 0.597060 1.310318
 7481.000355 -1.227489 0.525493 0.600000 -5.560377
 7482.000355 -2.075107 0.529468 0.621148 1.384522
 7483.000355 -1.475686 0.540510 0.619462 2.124810
 7484.000355 -1.918113 0.485334 0.570767 3.476937
 7485.000356 -2.521825 0.486011 0.651767 -3.077165
 7486.000356 -1.618382 0.556805 0.598380 4.356401
 7487.000356 -1.500076 0.543474 0.604399 2.710921
 7488.000356 -1.506079 0.599373 0.626718 2.941683
 7489.000356 -1.667518 0.579570 0.640077 4.759021
 7490.000356 -1.642037 0.511733 0.568500 4.662609
 7491.000356 -1.665506 0.537303 0.558861 4.805390
 7492.000356 -1.225963 0.515041 0.581863 -5.610531
 7493.000356 -2.017650 0.544935 0.618284 2.192294
 7494.000356 -1.886624 0.528058 0.649970 3.842023
 7495.000356 -1.890762 0.481707 0.608912 3.840745
 7496.000356 -1.380669 0.546167 0.631617 -0.107387
 7497.000356 -1.717565 0.569208 0.624791 4.839555
 7498.000356 -1.333565 0.550373 0.629764 -1.393656
 7499.000356 -1.512826 0.535173 0.619332 3.081792
 7500.000356 -1.983241 0.514056 0.572539 2.743806
 7501.000356 -1.775882 0.529155 0.646783 4.587331
 7502.000356 -1.779091 0.556950 0.603703 4.587967
 7503.000356 -1.077339 0.613096 0.587196 -13.960701
 7504.000356 -2.148418 0.522994 0.608285 0.518653
 7505.000356 -1.340445 0.562682 0.598765 -1.151299
 7506.000357 -2.066861 0.566254 0.576227 1.517953
 7507.000357 -1.871978 0.539576 0.585310 3.979514
 7508.000357 -1.802504 0.547056 0.597551 4.395728
 7509.000357 -1.016600 0.603567 0.631474 -16.741931
 7510.000357 -1.153225 0.577411 0.624411 -9.327500
 7511.000357 -1.214280 0.572174 0.635883 -6.150572
 7512.000357 -1.774243 0.574633 0.587340 4.686335
 7513.000357 -1.727844 0.527858 0.615522 4.901353
 7514.000357 -1.926273 0.518644 0.572581 3.501736
 7515.000357 -1.986209 0.588810 0.616917 2.745839
 7516.000357 -2.041525 0.509498 0.601896 1.900936
 7517.000357 -1.509763 0.518842 0.623930 3.023478
 7518.000357 -1.307656 0.549522 0.600352 -2.197099
 7519.000357 -2.768389 0.611835 0.715343 -4.946986
 7520.000357 -2.563372 0.619400 0.677280 -3.339907
 7521.000357 -2.801821 0.652247 0.717957 -5.486892
 7522.000357 -2.699261 0.630876 0.711251 -4.110032
 7523.000357 -2.420809 0.581143 0.682143 -2.402336
 7524.000357 -2.416266 0.624955 0.691125 -2.335150
 7525.000357 -2.255759 0.567818 0.645034 -0.607695
 7526.000357 -1.554882 0.499504 0.604722 3.723261
 7527.000358 -2.089334 0.558742 0.622789 1.266917
 7528.000358 -1.311208 0.536034 0.560710 -2.045316
 7529.000358 -1.636763 0.649415 0.655385 4.636390
 7530.000358 -1.904094 0.569792 0.608387 3.772987
 7531.000358 -1.859383 0.572846 0.634331 4.089837
 7532.000358 -1.743595 0.587930 0.627386 4.884696
 7533.000358 -1.684061 0.531778 0.561839 4.883858
 7534.000358 -1.125321 0.588048 0.585047 -10.973827
 7535.000358 -2.091851 0.503357 0.603021 1.249585
 7536.000358 -1.955947 0.533873 0.593877 3.189620
 7537.000358 -1.418168 0.527336 0.539541 0.720541
 7538.000358 -1.814948 0.559024 0.590496 4.347553
 7539.000358 -1.087448 0.538038 0.568937 -13.425446
 7540.000358 -2.051109 0.518792 0.470775 1.642891
 7541.000358 -2.042896 0.517097 0.568456 1.785845
 7542.000358 -1.569877 0.579321 0.600270 3.734566
 7543.000358 -1.662745 0.575461 0.559423 4.668465
 7544.000358 -1.904829 0.570669 0.577590 3.639830
 7545.000358 -1.469063 0.566213 0.542325 1.884129
 7546.000358 -1.346182 0.585885 0.543530 -1.169309
 7547.000358 -1.669088 0.487848 0.513731 4.672471
 7548.000359 -1.469105 0.558276 0.510767 1.869898
 7549.000359 -1.874427 0.502051 0.522599 3.850016
 7550.000359 -1.219431 0.605321 0.541474 -6.124289
 7551.000359 -1.400509 0.528260 0.635967 0.166832
 7552.000359 -1.617010 0.576210 0.591807 4.296683
 7553.000359 -1.887902 0.547324 0.602139 3.788830
 7554.000359 -1.390076 0.520248 0.552472 -0.034242
 7555.000359 -1.588113 0.552529 0.611409 3.957438
 7556.000359 -1.375932 0.575149 0.610885 -0.327929
 7557.000359 -1.541141 0.570146 0.566935 3.408335
 7558.000359 -1.363823 0.604062 0.629381 -0.590944
 7559.000359 -1.400763 0.494390 0.555370 0.259956
 7560.000359 -1.150286 0.564996 0.567812 -9.644974
 7561.000359 -1.452974 0.513768 0.567351 1.482433
 7562.000359 -2.072146 0.553023 0.557745 1.365063
 7563.000359 -1.786426 0.485149 0.536508 4.402102
 7564.000359 -1.641211 0.491977 0.557554 4.565665
 7565.000359 -1.658900 0.574767 0.572948 4.690079
 7566.000359 -1.590788 0.610834 0.615812 4.051346
 7567.000359 -1.073603 0.613398 0.593413 -14.197737
 7568.000359 -1.438777 0.578860 0.590548 1.134543
 7569.000360 -1.830427 0.576259 0.546942 4.063399
 7570.000360 -1.407759 0.553425 0.579389 0.637188
 7571.000360 -1.570840 0.565728 0.602222 3.992309
 7572.000360 -1.098087 0.618925 0.580172 -12.605864
 7573.000360 -1.491540 0.503935 0.555924 2.702958
 7574.000360 -1.838262 0.601861 0.583799 4.222539
 7575.000360 -1.619148 0.588570 0.596774 4.577823
 7576.000360 -1.002959 0.553608 0.544082 -17.293801
 7577.000360 -1.700555 0.526235 0.566884 4.909798
 7578.000360 -1.370072 0.537718 0.577462 -0.189120
 7579.000360 -1.226248 0.595262 0.607533 -5.657547
 7580.000360 -1.614936 0.512901 0.512548 4.568648
 7581.000360 -1.139969 0.537503 0.598074 -10.050015
 7582.000360 -1.695064 0.539403 0.605828 4.950479
 7583.000360 -1.921990 0.560036 0.576047 3.602637
 7584.000360 -1.773649 0.504265 0.559484 4.689236
 7585.000360 -1.820475 0.536636 0.577105 4.339328
 7586.000360 -1.076314 0.579049 0.586607 -13.775671
 7587.000360 -1.495475 0.547110 0.585211 2.795166
 7588.000360 -1.537315 0.536602 0.530570 3.591256
 7589.000360 -1.691415 0.568772 0.590373 4.968198
 7590.000361 -2.058222 0.510277 0.589219 1.658935
 7591.000361 -1.761710 0.549277 0.557673 4.802565
 7592.000361 -1.587312 0.514758 0.554219 4.240430
 7593.000361 -1.650336 0.583352 0.555982 4.924416
 7594.000361 -1.195671 0.502919 0.565628 -7.111554
 7595.000361 -1.764299 0.511712 0.597329 4.804051
 7596.000361 -1.489485 0.551641 0.567738 2.692373
 7597.000361 -1.851002 0.515082 0.546858 4.217663
 7598.000361 -1.381409 0.523181 0.582193 0.055409
 7599.000361 -1.633406 0.601888 0.571222 4.818190
 7600.000361 -1.446726 0.539533 0.540208 1.556836
 7601.000361 -1.523804 0.513535 0.577241 3.429004
 7602.000361 -1.478052 0.583439 0.551678 2.458024
 7603.000361 -1.221807 0.589786 0.607577 -5.871830
 7604.000361 -1.348552 0.589630 0.628915 -0.754691
 7605.000361 -2.059175 0.567331 0.617654 1.646046
 7606.000361 -2.208987 0.573148 0.610173 -0.250837
 7607.000361 -1.863136 0.596134 0.618716 4.180686
 7608.000361 -2.591916 0.502051 0.625484 -3.677775
 7609.000361 -1.411469 0.551227 0.529756 0.780351
 7610.000361 -1.457329 0.497477 0.583679 1.929362
 7611.000362 -2.191543 0.526259 0.607033 -0.063601
 7612.000362 -1.330967 0.583871 0.551649 -1.262343
 7613.000362 -1.799120 0.539487 0.558043 4.539091
 7614.000362 -1.455685 0.544874 0.569104 1.916637
 7615.000362 -1.552216 0.564747 0.601395 3.851420
 7616.000362 -1.408202 0.586058 0.618995 0.784547
 7617.000362 -1.201278 0.541266 0.594766 -6.824291
 7618.000362 -1.739583 0.519101 0.563809 4.933898
 7619.000362 -1.517878 0.511745 0.577385 3.392062
 7620.000362 -1.480891 0.523438 0.593408 2.640007
 7621.000362 -1.389545 0.577240 0.576531 0.406425
 7622.000362 -1.282695 0.526449 0.563390 -3.069975
 7623.000362 -1.122363 0.520043 0.522472 -11.035026
 7624.000362 -1.536444 0.542259 0.537048 3.701401
 7625.000362 -1.609548 0.545712 0.560142 4.573048
 7626.000362 -1.446018 0.522098 0.617453 1.760865
 7627.000362 -1.731919 0.517006 0.550483 4.961105
 7628.000362 -1.157073 0.528054 0.556622 -8.973272
 7629.000362 -1.278695 0.542171 0.582373 -3.225378
 7630.000362 -1.424886 0.554114 0.576928 1.262435
 7631.000362 -1.126797 0.562636 0.535416 -10.660084
 7632.000363 -1.627789 0.523699 0.562541 4.792789
 7633.000363 -1.950930 0.566089 0.557321 3.145972
 7634.000363 -1.497369 0.492139 0.554247 3.072320
 7635.000363 -2.014906 0.508528 0.554461 2.215391
 7636.000363 -1.148445 0.529993 0.542765 -9.382907
 7637.000363 -1.166792 0.533453 0.570229 -8.383380
 7638.000363 -1.831687 0.511436 0.562289 4.319924
 7639.000363 -1.569494 0.571104 0.631134 4.126399
 7640.000363 -1.737735 0.562718 0.577952 4.958985
 7641.000363 -1.618789 0.520654 0.538463 4.722865
 7642.000363 -1.007166 0.575939 0.619442 -17.127113
 7643.000363 -1.291316 0.549806 0.575191 -2.700607
 7644.000363 -1.679390 0.562322 0.593463 5.043616
 7645.000363 -1.512121 0.533883 0.520402 3.388490
 7646.000363 -1.322343 0.555272 0.591582 -1.505089
 7647.000363 -1.624317 0.560315 0.571390 4.818904
 7648.000363 -2.016103 0.574350 0.584633 2.205938
 7649.000363 -1.164122 0.485979 0.526763 -8.502412
 7650.000363 -1.908476 0.556115 0.574274 3.769163
 7651.000363 -2.009774 0.560698 0.536593 2.334702
 7652.000363 -1.513953 0.542209 0.527418 3.443838
 7653.000363 -1.407741 0.520130 0.567955 0.878334
 7654.000364 -1.637504 0.542355 0.577003 4.950542
 7655.000364 -1.362037 0.536374 0.601303 -0.207869
 7656.000364 -1.306404 0.561124 0.587135 -2.022600
 7657.000364 -1.683614 0.619793 0.613320 5.079395
 7658.000364 -2.057018 0.545792 0.579709 1.694245
 7659.000364 -2.108017 0.510307 0.569263 0.937554
 7660.000364 -1.505957 0.554104 0.570255 3.312793
 7661.000364 -1.307564 0.540463 0.525113 -1.954880
 7662.000364 -1.142292 0.526514 0.554507 -9.614347
 7663.000364 -1.552393 0.528101 0.530660 4.009263
 7664.000364 -1.868650 0.539372 0.564750 4.150533
 7665.000364 -1.892820 0.534325 0.601732 3.985577
 7666.000364 -1.431312 0.553942 0.570012 1.467681
 7667.000364 -1.721969 0.501429 0.507510 5.007916
 7668.000364 -1.108068 0.519301 0.519278 -11.564480
 7669.000364 -1.308143 0.544641 0.518389 -1.921332
 7670.000364 -1.572198 0.535566 0.546839 4.245248
 7671.000364 -1.774761 0.503463 0.538961 4.774729
 7672.000364 -1.596556 0.500013 0.549645 4.553297
 7673.000364 -2.059601 0.508368 0.546733 1.677658
 7674.000364 -1.714655 0.544565 0.540725 5.050622
 7675.000365 -1.580545 0.555865 0.580804 4.392851
 7676.000365 -1.472007 0.566912 0.587475 2.559444
 7677.000365 -1.655792 0.563460 0.587997 5.093827
 7678.000365 -1.153810 0.580235 0.562001 -9.009484
 7679.000365 -1.745940 0.595345 0.612872 4.992997
 7680.000365 -1.327004 0.552500 0.559077 -1.257611
 7681.000365 -1.154059 0.593061 0.549170 -8.970614
 7682.000365 -1.514091 0.527407 0.565185 3.554515
 7683.000365 -1.101909 0.616865 0.590967 -11.816491
 7684.000365 -1.575987 0.564589 0.570554 4.376469
 7685.000365 -1.832651 0.542588 0.592885 4.314092
 7686.000365 -1.594151 0.508887 0.548857 4.598161
 7687.000365 -1.782661 0.537692 0.561907 4.747108
 7688.000365 -1.684558 0.590379 0.605464 5.128914
 7689.000365 -1.528427 0.566491 0.596919 3.850924
 7690.000365 -2.262037 0.573102 0.585273 -1.004287
 7691.000365 -2.269830 0.563336 0.591381 -1.105459
 7692.000365 -1.627896 0.516573 0.577255 4.971356
 7693.000365 -1.422558 0.546283 0.566388 1.233898
 7694.000365 -1.589273 0.538126 0.579107 4.594489
 7695.000365 -1.929108 0.512551 0.557893 3.466343
 7696.000366 -1.565452 0.529859 0.562404 4.364701
 7697.000366 -1.118162 0.552042 0.519576 -10.851156
 7698.000366 -1.468770 0.515146 0.568607 2.516297
 7699.000366 -2.076712 0.553084 0.580690 1.414116
 7700.000366 -1.535876 0.531367 0.550735 4.035467
 7701.000366 -1.453442 0.533573 0.592624 2.105313
 7702.000366 -2.279085 0.560573 0.576233 -1.255317
 7703.000366 -1.387431 0.496605 0.548585 0.459502
 7704.000366 -2.277341 0.498672 0.531987 -1.185835
 7705.000366 -0.987672 0.549086 0.533718 -18.040050
 7706.000366 -1.583499 0.538511 0.527542 4.584943
 7707.000366 -1.478142 0.532101 0.564728 2.847703
 7708.000366 -0.997119 0.579716 0.534025 -17.608103
 7709.000366 -1.719072 0.565280 0.574277 5.077154
 7710.000366 -1.293164 0.499910 0.555539 -2.496905
 7711.000366 -1.568869 0.577943 0.594235 4.462551
 7712.000366 -1.592898 0.556204 0.572773 4.714606
 7713.000366 -1.266915 0.543907 0.599020 -3.589453
 7714.000366 -1.056607 0.523225 0.563395 -14.457938
 7715.000366 -1.632640 0.519909 0.576859 5.065183
 7716.000366 -1.050604 0.501345 0.587712 -14.748362
 7717.000367 -1.592897 0.548680 0.537440 4.758310
 7718.000367 -1.253872 0.571896 0.598912 -4.164212
 7719.000367 -1.852974 0.523861 0.585722 4.206976
 7720.000367 -1.479293 0.545210 0.564972 2.896618
 7721.000367 -0.970977 0.545406 0.564170 -18.461129
 7722.000367 -1.297276 0.528733 0.575357 -2.291141
 7723.000367 -1.184372 0.519327 0.554284 -7.498506
 7724.000367 -1.614524 0.561075 0.524891 4.970006
 7725.000367 -1.305364 0.563590 0.580024 -1.969342
 7726.000367 -1.175673 0.545487 0.613112 -7.867330
 7727.000367 -1.683128 0.549063 0.544027 5.174474
 7728.000367 -1.673938 0.560863 0.641215 5.216926
 7729.000367 -1.916103 0.545811 0.561857 3.649590
 7730.000367 -1.796475 0.502341 0.552541 4.587873
 7731.000367 -2.067698 0.534246 0.558880 1.514521
 7732.000367 -1.630069 0.516273 0.552158 5.131036
 7733.000367 -1.401147 0.529836 0.558243 0.751678
 7734.000367 -1.305722 0.533070 0.552852 -1.936976
 7735.000367 -1.490609 0.519023 0.527046 3.209368
 7736.000367 -1.797829 0.545774 0.607683 4.592711
 7737.000367 -1.284391 0.550749 0.557181 -2.706135
 7738.000368 -1.236105 0.586630 0.537635 -4.879567
 7739.000368 -1.960805 0.531316 0.555479 2.979162
 7740.000368 -1.399659 0.565963 0.559522 0.742622
 7741.000368 -2.031767 0.504143 0.542542 1.979889
 7742.000368 -1.936701 0.543863 0.598428 3.370165
 7743.000368 -1.248590 0.534614 0.567106 -4.241732
 7744.000368 -1.436169 0.563288 0.547280 1.672179
 7745.000368 -1.087047 0.596771 0.581008 -12.668589
 7746.000368 -2.153761 0.542829 0.605861 0.138886
 7747.000368 -1.161288 0.594591 0.556443 -8.467932
 7748.000368 -1.172513 0.552632 0.598156 -7.884303
 7749.000368 -1.425034 0.495952 0.564065 1.407272
 7750.000368 -1.287242 0.589017 0.578812 -2.569142
 7751.000368 -1.668867 0.551225 0.555093 5.238435
 7752.000368 -1.167772 0.544160 0.561989 -8.066863
 7753.000368 -1.622229 0.535882 0.549510 5.093191
 7754.000368 -1.179160 0.566381 0.565527 -7.500221
 7755.000368 -1.585945 0.553522 0.571438 4.748210
 7756.000368 -1.929343 0.508301 0.561373 3.492521
 7757.000368 -1.420762 0.586667 0.569890 1.307554
 7758.000368 -1.085383 0.519879 0.642562 -12.637456
 7759.000369 -1.284607 0.535305 0.547510 -2.658048
 7760.000369 -1.396706 0.538192 0.568461 0.777275
 7761.000369 -1.544129 0.545885 0.599900 4.275484
 7762.000369 -1.146575 0.519311 0.569569 -9.018493
 7763.000369 -1.607396 0.584653 0.585103 4.996586
 7764.000369 -1.267069 0.522052 0.552154 -3.335100
 7765.000369 -1.783327 0.560560 0.572637 4.729477
 7766.000369 -1.818271 0.505312 0.610195 4.423617
 7767.000369 -1.499901 0.559362 0.589802 3.470210
 7768.000369 -1.337929 0.566463 0.570830 -0.812312
 7769.000369 -1.943142 0.491202 0.584733 3.301379
 7770.000369 -1.432536 0.508842 0.526393 1.639871
 7771.000369 -1.615749 0.533303 0.588252 5.083936
 7772.000369 -1.824866 0.541887 0.561819 4.393930
 7773.000369 -1.157875 0.533314 0.560949 -8.448345
 7774.000369 -1.485008 0.528488 0.524266 3.116169
 7775.000369 -1.798826 0.540032 0.586437 4.625642
 7776.000369 -1.528319 0.525751 0.537497 4.069774
 7777.000369 -1.974231 0.568778 0.535081 2.848372
 7778.000369 -1.625045 0.510515 0.565486 5.169619
 7779.000369 -1.732610 0.577103 0.631466 5.053538
 7780.000370 -1.491736 0.557285 0.563187 3.324514
 7781.000370 -1.047854 0.516936 0.555435 -14.807707
 7782.000370 -1.267647 0.503585 0.578466 -3.291767
 7783.000370 -1.952035 0.499204 0.534913 3.189086
 7784.000370 -1.612830 0.524003 0.562522 5.087816
 7785.000370 -1.402273 0.539529 0.563893 0.931398
 7786.000370 -1.641519 0.613723 0.598857 5.292829
 7787.000370 -1.577017 0.534965 0.649868 4.744825
 7788.000370 -1.315978 0.602567 0.582884 -1.503530
 7789.000370 -1.940338 0.546434 0.518144 3.368285
 7790.000370 -1.743286 0.564357 0.560843 5.024439
 7791.000370 -1.291540 0.598554 0.612617 -2.307608
 7792.000370 -1.449759 0.578024 0.603794 2.156200
 7793.000370 -1.426055 0.590228 0.540177 1.542483
 7794.000370 -1.801096 0.577827 0.627188 4.620660
 7795.000370 -1.827814 0.538331 0.543997 4.417509
 7796.000370 -1.539511 0.605182 0.627126 4.283783
 7797.000370 -1.429460 0.564805 0.528501 1.649034
 7798.000370 -1.520941 0.558345 0.586019 4.002683
 7799.000370 -1.111319 0.512212 0.525902 -10.967387
 7800.000370 -2.121013 0.562304 0.575922 0.558685
 7801.000371 -1.202508 0.552174 0.532424 -6.364769
 7802.000371 -1.943920 0.563150 0.573048 3.327294
 7803.000371 -1.974841 0.597477 0.600812 2.905188
 7804.000371 -1.836266 0.586792 0.562710 4.379229
 7805.000371 -2.030953 0.507225 0.562515 1.988827
 7806.000371 -1.933846 0.566922 0.606045 3.504824
 7807.000371 -2.114918 0.510248 0.524153 0.691583
 7808.000371 -1.408406 0.580565 0.600119 1.152819
 7809.000371 -1.720131 0.526052 0.556701 5.096040
 7810.000371 -1.972784 0.523416 0.545570 2.984551
 7811.000371 -1.755543 0.516004 0.549042 5.020221
 7812.000371 -1.339533 0.551938 0.561976 -0.727626
 7813.000371 -1.139323 0.573183 0.563001 -9.350611
 7814.000371 -1.849538 0.513626 0.553850 4.321106
 7815.000371 -1.580890 0.510716 0.556081 4.792060
 7816.000371 -1.782025 0.597061 0.600424 4.861627
 7817.000371 -1.673682 0.527435 0.573744 5.266136
 7818.000371 -1.834701 0.502340 0.551849 4.429837
 7819.000371 -0.922285 0.551031 0.571070 -20.013516
 7820.000371 -1.558467 0.576340 0.634870 4.560562
 7821.000371 -1.719465 0.534775 0.591409 5.142327
 7822.000372 -1.870757 0.543948 0.630394 4.231621
 7823.000372 -1.701834 0.537258 0.582896 5.203231
 7824.000372 -1.945595 0.600103 0.644619 3.362520
 7825.000372 -1.313816 0.577716 0.626481 -1.557055
 7826.000372 -1.216890 0.568561 0.580456 -5.684215
 7827.000372 -1.853551 0.547686 0.632539 4.354719
 7828.000372 -1.684843 0.511693 0.558876 5.279349
 7829.000372 -1.074076 0.572910 0.571712 -13.198176
 7830.000372 -1.663663 0.533803 0.557769 5.351941
 7831.000372 -0.997231 0.540977 0.534752 -17.470090
 7832.000372 -1.804273 0.574395 0.599088 4.694106
 7833.000372 -1.893240 0.562590 0.557599 4.070118
 7834.000372 -1.148914 0.524013 0.559337 -8.852517
 7835.000372 -1.924199 0.575749 0.580496 3.696365
 7836.000372 -0.999302 0.564952 0.628298 -17.333300
 7837.000372 -1.564429 0.527714 0.577465 4.618541
 7838.000372 -1.821025 0.560888 0.621212 4.582216
 7839.000372 -1.802954 0.474483 0.541565 4.749827
 7840.000372 -1.962096 0.547433 0.565201 3.173419
 7841.000372 -1.486722 0.576303 0.542260 3.213459
 7842.000372 -1.303307 0.532636 0.584353 -1.906897
 7843.000373 -1.676573 0.527612 0.626018 5.325350
 7844.000373 -1.649979 0.524135 0.557067 5.365283
 7845.000373 -1.313939 0.509314 0.548080 -1.538618
 7846.000373 -1.592868 0.495611 0.588106 4.942882
 7847.000373 -1.640553 0.534593 0.597007 5.363299
 7848.000373 -1.480085 0.528740 0.564043 3.041535
 7849.000373 -1.302226 0.572758 0.590926 -1.898605
 7850.000373 -1.581860 0.541141 0.557346 4.854776
 7851.000373 -1.709243 0.543712 0.541640 5.239318
 7852.000373 -1.724845 0.549237 0.610086 5.217719
 7853.000373 -1.320706 0.561410 0.569929 -1.300744
 7854.000373 -1.767470 0.531282 0.525045 5.066837
 7855.000373 -1.551322 0.500455 0.577924 4.508565
 7856.000373 -1.566213 0.556292 0.553570 4.708837
 7857.000373 -1.693180 0.529383 0.570617 5.336412
 7858.000373 -1.590476 0.506502 0.528164 4.983935
 7859.000373 -1.595503 0.509743 0.595867 5.057445
 7860.000373 -1.354759 0.538285 0.536438 -0.301993
 7861.000373 -1.758174 0.556163 0.568938 5.133290
 7862.000373 -1.401492 0.552861 0.581055 0.883115
 7863.000373 -1.505687 0.514609 0.526339 3.744579
 7864.000374 -1.026184 0.584543 0.567432 -15.967167
 7865.000374 -1.597813 0.532201 0.590848 5.094439
 7866.000374 -1.863120 0.582409 0.566445 4.312669
 7867.000374 -1.491263 0.583187 0.538373 3.394825
 7868.000374 -1.334146 0.499250 0.577978 -0.855990
 7869.000374 -1.660043 0.538293 0.543986 5.436143
 7870.000374 -1.427552 0.568512 0.578522 1.525865
 7871.000374 -1.684859 0.568150 0.589417 5.390871
 7872.000374 -1.792053 0.535950 0.537441 4.860692
 7873.000374 -1.550852 0.555155 0.566878 4.597300
 7874.000374 -1.429930 0.524378 0.549103 1.602417
 7875.000374 -1.535961 0.549359 0.528391 4.399853
 7876.000374 -1.461874 0.570873 0.553568 2.563252
 7877.000374 -2.062027 0.624548 0.590823 1.402804
 7878.000374 -1.558081 0.560409 0.559407 4.724292
 7879.000374 -1.938068 0.561571 0.567620 3.450126
 7880.000374 -1.416456 0.601030 0.591789 1.303565
 7881.000374 -1.197682 0.588032 0.575760 -6.712494
 7882.000374 -1.102612 0.542754 0.559089 -11.467841
 7883.000374 -1.078861 0.647265 0.608468 -12.876201
 7884.000374 -1.723142 0.513337 0.514141 5.264070
 7885.000375 -1.403968 0.512942 0.578482 1.030896
 7886.000375 -1.474621 0.606867 0.578921 2.980796
 7887.000375 -1.439190 0.546172 0.562654 1.951629
 7888.000375 -1.503206 0.533557 0.541721 3.785557
 7889.000375 -1.083091 0.518219 0.572805 -12.597722
 7890.000375 -1.598731 0.580024 0.589993 5.131654
 7891.000375 -1.426779 0.522396 0.604770 1.645292
 7892.000375 -1.155745 0.522846 0.569571 -8.591190
 7893.000375 -1.068020 0.534773 0.563088 -13.427853
 7894.000375 -1.565570 0.553476 0.633683 4.842535
 7895.000375 -1.192945 0.504310 0.529809 -6.911233
 7896.000375 -2.048834 0.515090 0.541414 1.594967
 7897.000375 -1.105829 0.538190 0.538487 -11.144827
 7898.000375 -1.677192 0.549340 0.629736 5.418216
 7899.000375 -1.833064 0.604620 0.584485 4.480313
 7900.000375 -1.391444 0.548404 0.609870 0.802928
 7901.000375 -1.679738 0.528977 0.524963 5.427188
 7902.000375 -1.154143 0.501937 0.545766 -8.595457
 7903.000375 -1.730032 0.510389 0.518895 5.266560
 7904.000375 -1.739149 0.562994 0.575454 5.257973
 7905.000375 -1.315126 0.611188 0.529716 -1.453993
 7906.000376 -1.776945 0.532967 0.592987 5.041945
 7907.000376 -1.374940 0.550038 0.541763 0.395686
 7908.000376 -1.731738 0.519205 0.582950 5.312541
 7909.000376 -1.581620 0.579954 0.582521 4.994730
 7910.000376 -1.539805 0.529448 0.570112 4.532346
 7911.000376 -1.845246 0.527163 0.518448 4.407285
 7912.000376 -1.415057 0.524409 0.543575 1.370093
 7913.000376 -1.552466 0.522532 0.514458 4.722929
 7914.000376 -1.594137 0.557979 0.553063 5.141624
 7915.000376 -1.866667 0.526043 0.536319 4.276447
 7916.000376 -1.121200 0.522846 0.582965 -10.237285
 7917.000376 -1.473483 0.550228 0.589687 2.989789
 7918.000376 -1.789427 0.510821 0.545386 4.937772
 7919.000376 -1.775988 0.543943 0.551063 5.094494
 7920.000376 -1.345713 0.515328 0.545916 -0.447973
 7921.000376 -1.435767 0.573043 0.548076 1.901227
 7922.000376 -1.485824 0.563822 0.583461 3.376897
 7923.000376 -1.625766 0.518302 0.548845 5.373834
 7924.000376 -1.443767 0.522191 0.561667 2.158579
 7925.000376 -1.602423 0.568435 0.537679 5.230631
 7926.000376 -1.537918 0.574165 0.599312 4.572097
 7927.000377 -1.707738 0.550736 0.583335 5.362606
 7928.000377 -1.627231 0.577243 0.560219 5.414755
 7929.000377 -1.583833 0.538880 0.553497 5.120273
 7930.000377 -1.629793 0.545756 0.558639 5.455205
 7931.000377 -1.405061 0.519273 0.537849 1.195008
 7932.000377 -1.506103 0.589382 0.584481 3.948598
 7933.000377 -1.789640 0.576793 0.551018 4.946550
 7934.000377 -1.713342 0.619313 0.647945 5.370489
 7935.000377 -1.180563 0.587247 0.586911 -7.511486
 7936.000377 -1.402901 0.551704 0.566809 1.159909
 7937.000377 -1.221506 0.530905 0.567764 -5.592161
 7938.000377 -0.762381 0.519314 0.521975 -23.192636
 7939.000377 -1.526316 0.505491 0.526584 4.402883
 7940.000377 -1.801921 0.593736 0.607807 4.828532
 7941.000377 -1.943284 0.515770 0.566325 3.283242
 7942.000377 -2.021257 0.583176 0.606312 1.977677
 7943.000377 -1.608940 0.542075 0.543211 5.334058
 7944.000377 -1.909386 0.558058 0.584086 3.789210
 7945.000377 -1.664857 0.537038 0.547819 5.518891
 7946.000377 -1.550650 0.499798 0.515881 4.806132
 7947.000377 -1.819763 0.547092 0.546769 4.642956
 7948.000378 -1.037707 0.556200 0.550012 -15.136603
 7949.000378 -1.609933 0.528650 0.587549 5.404900
 7950.000378 -1.989442 0.559449 0.546107 2.617075
 7951.000378 -1.659165 0.571749 0.579795 5.586584
 7952.000378 -1.414312 0.544547 0.546006 1.449764
 7953.000378 -1.104642 0.497388 0.531304 -11.148487
 7954.000378 -1.414552 0.525885 0.553623 1.478901
 7955.000378 -1.019116 0.505653 0.560193 -16.149460
 7956.000378 -1.484390 0.537680 0.582072 3.387129
 7957.000378 -1.891490 0.499142 0.554618 4.036193
 7958.000378 -1.388470 0.560055 0.571251 0.855862
 7959.000378 -1.352849 0.497621 0.508562 -0.167176
 7960.000378 -1.660143 0.539494 0.582467 5.563166
 7961.000378 -2.035593 0.482348 0.578315 1.742647
 7962.000378 -1.582001 0.545491 0.576027 5.163304
 7963.000378 -1.382069 0.487132 0.557800 0.719540
 7964.000378 -1.541868 0.548885 0.592689 4.708461
 7965.000378 -1.285794 0.491413 0.512986 -2.504570
 7966.000378 -1.779232 0.595139 0.625159 5.074033
 7967.000378 -1.506359 0.573035 0.565001 4.008778
 7968.000378 -1.453299 0.560050 0.554299 2.492309
 7969.000379 -2.002008 0.510681 0.527068 2.364762
 7970.000379 -1.908460 0.524697 0.591101 3.820393
 7971.000379 -1.830049 0.539911 0.589039 4.564170
 7972.000379 -1.655969 0.513081 0.569456 5.568020
 7973.000379 -1.961248 0.517713 0.575941 3.070706
 7974.000379 -1.926688 0.492344 0.544786 3.595083
 7975.000379 -1.839279 0.614116 0.570871 4.511783
 7976.000379 -1.294635 0.598920 0.543372 -2.152834
 7977.000379 -1.838030 0.551024 0.552691 4.541216
 7978.000379 -1.590604 0.566726 0.620644 5.250367
 7979.000379 -1.746181 0.572452 0.507069 5.289478
 7980.000379 -1.414100 0.538927 0.555148 1.479464
 7981.000379 -1.920763 0.546825 0.599109 3.703600
 7982.000379 -0.942793 0.616656 0.571105 -19.541795
 7983.000379 -2.058874 0.530530 0.528990 1.364506
 7984.000379 -2.000544 0.520892 0.542000 2.446643
 7985.000379 -1.902836 0.568438 0.590673 3.979106
 7986.000379 -1.593704 0.526790 0.569124 5.285814
 7987.000379 -1.668136 0.546498 0.595754 5.547033
 7988.000379 -1.710792 0.580532 0.551356 5.390670
 7989.000379 -2.177267 0.531323 0.578787 -0.561866
 7990.000380 -1.818900 0.582922 0.590760 4.697164
 7991.000380 -1.383043 0.580701 0.551024 0.745808
 7992.000380 -1.714524 0.524461 0.548488 5.399554
 7993.000380 -1.297256 0.574563 0.576932 -2.055835
 7994.000380 -1.623632 0.537296 0.503915 5.513133
 7995.000380 -1.456870 0.500184 0.598539 2.573306
 7996.000380 -1.977809 0.531077 0.590877 2.864148
 7997.000380 -1.435577 0.578363 0.627180 2.013739
 7998.000380 -1.545689 0.506239 0.513469 4.780605
 7999.000380 -1.954220 0.507794 0.537161 3.250669
 8000.000380 -1.295735 0.543451 0.592665 -2.102429
 8001.000380 -1.673617 0.615705 0.584041 5.565657
 8002.000380 -1.798572 0.534794 0.564206 4.907252
 8003.000380 -1.919287 0.511806 0.524832 3.762542
 8004.000380 -1.235929 0.563602 0.600543 -4.835510
 8005.000380 -1.214331 0.530114 0.570635 -5.927074
 8006.000380 -1.818344 0.507511 0.568194 4.727720
 8007.000380 -1.461062 0.552335 0.542171 2.724065
 8008.000380 -1.579067 0.554680 0.587874 5.174081
 8009.000380 -0.980539 0.507710 0.580381 -18.159829
 8010.000380 -1.584864 0.509030 0.540381 5.245374
 8011.000381 -1.590501 0.558667 0.593964 5.312059
 8012.000381 -1.533511 0.547739 0.618469 4.632058
 8013.000381 -1.107019 0.608382 0.545683 -11.133902
 8014.000381 -1.851958 0.512594 0.538663 4.487677
 8015.000381 -1.083320 0.545282 0.536068 -12.463471
 8016.000381 -1.524406 0.569776 0.584159 4.469814
 8017.000381 -1.601566 0.597527 0.590167 5.419228
 8018.000381 -1.705650 0.501698 0.594754 5.424964
 8019.000381 -1.583435 0.503206 0.562606 5.302706
 8020.000381 -1.006795 0.522871 0.557139 -16.875422
 8021.000381 -2.061715 0.495885 0.530740 1.278346
 8022.000381 -1.358243 0.554117 0.548677 0.011589
 8023.000381 -2.021753 0.582850 0.607513 2.022734
 8024.000381 -1.811848 0.620005 0.592469 4.789471
 8025.000381 -1.724677 0.580102 0.639663 5.387765
 8026.000381 -1.471975 0.521825 0.547774 3.052639
 8027.000381 -1.798090 0.523032 0.574857 4.951381
 8028.000381 -1.647992 0.534568 0.589026 5.616162
 8029.000381 -1.617135 0.509606 0.532102 5.540790
 8030.000381 -1.776264 0.557304 0.584147 5.177184
 8031.000381 -1.610586 0.550851 0.529437 5.519427
 8032.000381 -1.718326 0.511587 0.607533 5.426441
 8033.000382 -1.444670 0.536250 0.585478 2.242645
 8034.000382 -1.680128 0.520764 0.528624 5.578491
 8035.000382 -1.091519 0.543351 0.582255 -12.016874
 8036.000382 -1.371571 0.541038 0.528632 0.428432
 8037.000382 -1.547175 0.547110 0.589888 4.904442
 8038.000382 -1.999978 0.528459 0.535173 2.444088
 8039.000382 -1.462449 0.484285 0.547240 2.779226
 8040.000382 -1.933906 0.525345 0.550308 3.520860
 8041.000382 -1.795703 0.554284 0.592081 4.997040
 8042.000382 -1.731869 0.544252 0.530210 5.426350
 8043.000382 -1.488246 0.542140 0.596639 3.564445
 8044.000382 -1.388158 0.570117 0.596056 0.904106
 8045.000382 -1.695628 0.483272 0.578142 5.529240
 8046.000382 -1.614345 0.570478 0.605724 5.556634
 8047.000382 -1.244477 0.597427 0.567377 -4.438415
 8048.000382 -1.743202 0.491477 0.561965 5.419647
 8049.000382 -1.617271 0.578784 0.589384 5.590763
 8050.000382 -1.695453 0.535942 0.532515 5.562033
 8051.000382 -1.381853 0.504181 0.486515 0.742884
 8052.000382 -1.252352 0.517551 0.593888 -4.022128
 8053.000382 -1.757256 0.577331 0.583789 5.376175
 8054.000383 -1.809009 0.561011 0.558496 4.875013
 8055.000383 -1.481437 0.606330 0.586076 3.360004
 8056.000383 -0.920323 0.562548 0.601823 -20.348436
 8057.000383 -1.468472 0.510766 0.532031 2.995497
 8058.000383 -1.571886 0.558516 0.576496 5.221644
 8059.000383 -1.286702 0.598678 0.614816 -2.473723
 8060.000383 -1.226848 0.598097 0.652350 -5.264645
 8061.000383 -2.104638 0.535341 0.623215 0.464609
 8062.000383 -2.031529 0.586648 0.618417 1.812531
 8063.000383 -1.677892 0.555686 0.515089 5.646876
 8064.000383 -1.800075 0.516783 0.563287 4.990662
 8065.000383 -1.257433 0.523860 0.540081 -3.722155
 8066.000383 -1.178098 0.571303 0.562325 -7.562180
 8067.000383 -1.498729 0.549903 0.608740 3.874160
 8068.000383 -1.800393 0.545484 0.542019 5.005912
 8069.000383 -1.319905 0.620353 0.645090 -1.250684
 8070.000383 -1.859083 0.525607 0.566863 4.440475
 8071.000383 -1.457197 0.555143 0.586865 2.684322
 8072.000383 -1.627934 0.543015 0.621087 5.660076
 8073.000383 -1.590858 0.555145 0.583807 5.415256
 8074.000383 -1.519428 0.542309 0.571488 4.403277
 8075.000384 -2.147953 0.602992 0.611190 -0.324481
 8076.000384 -1.936480 0.597396 0.591106 3.446194
 8077.000384 -1.360852 0.582712 0.598569 0.123498
 8078.000384 -1.409657 0.542421 0.574711 1.447161
 8079.000384 -1.842558 0.493735 0.534833 4.589020
 8080.000384 -1.551446 0.566633 0.578100 5.001823
 8081.000384 -1.492889 0.534352 0.556808 3.762865
 8082.000384 -1.595559 0.549069 0.618965 5.474591
 8083.000384 -1.589750 0.541753 0.554885 5.447343
 8084.000384 -2.019795 0.529470 0.538558 2.022794
 8085.000384 -1.346642 0.570086 0.550084 -0.307435
 8086.000384 -1.948609 0.472961 0.497212 3.277647
 8087.000384 -1.987173 0.508067 0.541741 2.693614
 8088.000384 -1.157612 0.513669 0.548883 -8.553575
 8089.000384 -1.989321 0.612027 0.587895 2.675858
 8090.000384 -1.472390 0.622147 0.602474 3.170591
 8091.000384 -1.424157 0.518115 0.557132 1.812976
 8092.000384 -1.807193 0.487630 0.572464 4.927764
 8093.000384 -1.711342 0.530340 0.561800 5.500117
 8094.000384 -1.401355 0.591039 0.603642 1.278234
 8095.000384 -1.659507 0.613575 0.585231 5.705840
 8096.000385 -1.953513 0.598614 0.642026 3.242611
 8097.000385 -1.156937 0.562733 0.547015 -8.572725
 8098.000385 -1.020396 0.581424 0.611639 -16.196238
 8099.000385 -1.792430 0.541339 0.595275 5.112237
 8100.000385 -1.544867 0.554975 0.572426 4.932703
 8101.000385 -1.805997 0.540497 0.513845 4.976313
 8102.000385 -1.196357 0.560422 0.607628 -6.742486
 8103.000385 -1.385766 0.502990 0.540815 0.899703
 8104.000385 -1.320403 0.572565 0.573216 -1.165862
 8105.000385 -1.517733 0.575115 0.577959 4.416852
 8106.000385 -1.452368 0.505686 0.534151 2.607078
 8107.000385 -1.706156 0.564795 0.552940 5.533864
 8108.000385 -1.673250 0.618050 0.639826 5.674365
 8109.000385 -1.396218 0.520226 0.540861 1.191385
 8110.000385 -1.516277 0.539785 0.526269 4.397851
 8111.000385 -1.456875 0.584153 0.590808 2.774102
 8112.000385 -1.976436 0.583786 0.616910 2.902251
 8113.000385 -1.315670 0.577069 0.508076 -1.314377
 8114.000385 -1.428868 0.566082 0.593347 2.022794
 8115.000385 -1.380871 0.549673 0.558350 0.845734
 8116.000385 -1.342881 0.507170 0.587161 -0.326636
 8117.000386 -1.519117 0.549357 0.564959 4.483240
 8118.000386 -1.416870 0.510837 0.607627 1.765819
 8119.000386 -1.858782 0.597245 0.569930 4.440296
 8120.000386 -1.431915 0.503137 0.556930 2.150676
 8121.000386 -1.605729 0.549263 0.605513 5.560751
 8122.000386 -1.793336 0.499788 0.557139 5.124603
 8123.000386 -1.741421 0.515988 0.532481 5.488192
 8124.000386 -1.074387 0.597450 0.603566 -13.084216
 8125.000386 -1.858842 0.611504 0.592741 4.454082
 8126.000386 -1.667951 0.561964 0.564540 5.698267
 8127.000386 -2.119003 0.531294 0.606553 0.118398
 8128.000386 -1.844469 0.514760 0.528110 4.604052
 8129.000386 -1.202756 0.529054 0.568344 -6.474058
 8130.000386 -2.182502 0.513855 0.574266 -0.817283
 8131.000386 -1.971578 0.502316 0.655249 2.967168
 8132.000386 -2.060124 0.563930 0.566596 1.272918
 8133.000386 -1.863482 0.516515 0.550132 4.438917
 8134.000386 -1.784358 0.546569 0.596219 5.250355
 8135.000386 -1.624503 0.588727 0.615251 5.676757
 8136.000386 -1.792802 0.555995 0.608131 5.177346
 8137.000386 -1.464085 0.527648 0.550109 3.015031
 8138.000387 -1.988316 0.573840 0.595523 2.694784
 8139.000387 -1.568233 0.514431 0.586927 5.259885
 8140.000387 -1.524255 0.586390 0.560007 4.601155
 8141.000387 -1.276928 0.518158 0.559642 -2.813131
 8142.000387 -1.834537 0.543846 0.600946 4.735970
 8143.000387 -2.075300 0.524833 0.605386 1.000371
 8144.000387 -1.262571 0.555273 0.563834 -3.444056
 8145.000387 -1.384875 0.514350 0.542102 0.990536
 8146.000387 -1.800235 0.549594 0.594374 5.115683
 8147.000387 -1.502180 0.565159 0.541241 4.099266
 8148.000387 -1.568394 0.535058 0.545072 5.280336
 8149.000387 -1.804121 0.531613 0.561697 5.086744
 8150.000387 -1.876710 0.529338 0.585573 4.321938
 8151.000387 -1.478157 0.570215 0.565157 3.459795
 8152.000387 -2.194386 0.462235 0.541283 -0.963474
 8153.000387 -1.117871 0.630801 0.660228 -10.612885
 8154.000387 -1.723827 0.509844 0.523294 5.520836
 8155.000387 -1.972084 0.537185 0.558616 2.956536
 8156.000387 -1.627839 0.513280 0.574197 5.686793
 8157.000387 -1.505868 0.565523 0.647083 4.215462
 8158.000387 -1.908009 0.552357 0.633908 3.878916
 8159.000388 -1.410494 0.567895 0.619570 1.632082
 8160.000388 -1.982621 0.538765 0.604764 2.804497
 8161.000388 -1.431650 0.562926 0.546930 2.173507
 8162.000388 -1.222773 0.505804 0.566010 -5.443652
 8163.000388 -1.646940 0.512320 0.536164 5.731801
 8164.000388 -1.752272 0.593686 0.578629 5.494119
 8165.000388 -1.186634 0.533359 0.565781 -7.155028
 8166.000388 -1.526718 0.559839 0.589420 4.682236
 8167.000388 -1.203932 0.535860 0.580148 -6.327974
 8168.000388 -1.675281 0.616847 0.630475 5.673956
 8169.000388 -0.979023 0.524891 0.579590 -18.351243
 8170.000388 -0.999847 0.519003 0.557726 -17.354566
 8171.000388 -1.620562 0.554711 0.567797 5.679710
 8172.000388 -1.919626 0.515029 0.537687 3.712514
 8173.000388 -1.292055 0.535886 0.540259 -2.194733
 8174.000388 -2.077381 0.462384 0.534251 0.935224
 8175.000388 -1.630861 0.522468 0.595899 5.738633
 8176.000388 -1.625396 0.610029 0.614385 5.732679
 8177.000388 -1.981289 0.531426 0.575389 2.841468
 8178.000388 -1.975050 0.531079 0.612101 2.964556
 8179.000388 -1.601073 0.547972 0.533138 5.594661
 8180.000389 -1.907942 0.503887 0.576748 3.898019
 8181.000389 -1.955803 0.551948 0.607083 3.269900
 8182.000389 -1.937023 0.525936 0.589812 3.532408
 8183.000389 -1.738579 0.558883 0.610778 5.505462
 8184.000389 -1.809109 0.556451 0.635784 5.021555
 8185.000389 -1.943924 0.540575 0.569512 3.458758
 8186.000389 -1.719500 0.597425 0.653061 5.540399
 8187.000389 -1.376760 0.614071 0.579622 0.748506
 8188.000389 -1.403870 0.529814 0.591109 1.485491
 8189.000389 -1.440774 0.577448 0.570859 2.405808
 8190.000389 -1.403661 0.567760 0.585796 1.524931
 8191.000389 -1.742784 0.532840 0.617771 5.537336
 8192.000389 -1.726215 0.564409 0.635230 5.563634
 8193.000389 -1.197106 0.579034 0.603406 -6.651698
 8194.000389 -1.630943 0.571619 0.604071 5.760544
 8195.000389 -1.885446 0.524146 0.596933 4.218386
 8196.000389 -1.915595 0.519881 0.597998 3.838888
 8197.000389 -1.192468 0.504547 0.536730 -6.842231
 8198.000389 -1.309369 0.540858 0.624445 -1.553107
 8199.000389 -1.633747 0.597670 0.628105 5.780748
 8200.000389 -2.091387 0.539026 0.520135 0.627689
 8201.000390 -1.227502 0.524750 0.579145 -5.164716
 8202.000390 -1.781902 0.549835 0.558601 5.347262
 8203.000390 -1.787820 0.540297 0.576480 5.303550
 8204.000390 -1.300306 0.521621 0.603105 -1.874208
 8205.000390 -1.678508 0.545396 0.519231 5.711915
 8206.000390 -1.037835 0.586866 0.569780 -15.230386
 8207.000390 -1.560277 0.530573 0.552586 5.194581
 8208.000390 -1.425415 0.527092 0.557395 2.023626
 8209.000390 -1.990494 0.494662 0.536868 2.740215
 8210.000390 -1.456018 0.563304 0.548088 2.827223
 8211.000390 -1.602594 0.531966 0.545574 5.618747
 8212.000390 -1.490527 0.528340 0.548360 3.803627
 8213.000390 -2.021420 0.527494 0.597393 2.059029
 8214.000390 -1.440037 0.563961 0.579622 2.427702
 8215.000390 -1.827642 0.531404 0.598842 4.829980
 8216.000390 -1.347611 0.545163 0.566743 -0.159556
 8217.000390 -1.385955 0.569153 0.569417 1.108617
 8218.000390 -1.713076 0.563899 0.532773 5.583993
 8219.000390 -1.702005 0.551429 0.592121 5.626621
 8220.000390 -1.529556 0.576362 0.598400 4.723918
 8221.000390 -1.674843 0.567845 0.623958 5.756690
 8222.000391 -1.329809 0.559083 0.569219 -0.773242
 8223.000391 -1.639650 0.557041 0.636994 5.828318
 8224.000391 -1.979151 0.540294 0.536507 2.951766
 8225.000391 -1.295628 0.537321 0.514404 -2.009733
 8226.000391 -1.414485 0.519248 0.556467 1.825522
 8227.000391 -1.809306 0.513755 0.556547 5.046653
 8228.000391 -1.704254 0.506479 0.582652 5.649435
 8229.000391 -1.050961 0.564663 0.600796 -14.779290
 8230.000391 -2.024171 0.493811 0.536595 1.705062
 8231.000391 -1.702347 0.570521 0.592534 5.368310
 8232.000391 -1.135209 0.508093 0.560980 -9.938790
 8233.000391 -1.386445 0.508345 0.588632 0.839092
 8234.000391 -1.757073 0.533483 0.588505 5.260070
 8235.000391 -1.557933 0.586305 0.601629 4.872116
 8236.000391 -1.950567 0.508261 0.507856 3.072979
 8237.000391 -1.199005 0.581244 0.600445 -6.845275
 8238.000391 -1.916875 0.539263 0.561113 3.503539
 8239.000391 -1.993881 0.576880 0.616487 2.408762
 8240.000391 -1.658467 0.530210 0.564913 5.534475
 8241.000391 -1.418155 0.554670 0.557335 1.615321
 8242.000391 -1.875274 0.577627 0.559099 4.033215
 8243.000392 -1.615574 0.547266 0.574281 5.422630
 8244.000392 -1.992110 0.570621 0.584670 2.454923
 8245.000392 -1.642065 0.568304 0.603396 5.556374
 8246.000392 -1.824540 0.593254 0.638490 4.567634
 8247.000392 -1.239394 0.575615 0.559431 -4.881764
 8248.000392 -1.754607 0.535310 0.571230 5.265697
 8249.000392 -1.553272 0.566709 0.565038 4.811949
 8250.000392 -1.739061 0.503672 0.602153 5.315827
 8251.000392 -1.709260 0.556741 0.589546 5.370392
 8252.000392 -1.247372 0.546915 0.568664 -4.173813
 8253.000392 -1.712805 0.514540 0.598573 5.695205
 8254.000392 -1.606083 0.550037 0.603606 5.668402
 8255.000392 -1.782886 0.546322 0.594932 5.410042
 8256.000392 -1.531715 0.525141 0.553468 4.758255
 8257.000392 -1.488724 0.500763 0.544387 3.747024
 8258.000392 -1.989138 0.538705 0.535547 2.798652
 8259.000392 -1.988966 0.555209 0.599628 2.821177
 8260.000392 -1.109142 0.572308 0.581464 -11.147428
 8261.000392 -1.549816 0.519130 0.561627 5.083487
 8262.000392 -1.515645 0.522837 0.542248 4.454790
 8263.000392 -1.830520 0.609909 0.600699 4.803417
 8264.000393 -1.573847 0.555561 0.527003 5.399175
 8265.000393 -1.418249 0.510687 0.531702 1.895681
 8266.000393 -1.811302 0.506216 0.501560 5.056685
 8267.000393 -1.488253 0.529929 0.541405 3.771264
 8268.000393 -1.510685 0.492460 0.565373 4.368771
 8269.000393 -1.513064 0.538121 0.619667 4.441871
 8270.000393 -1.669467 0.547374 0.609905 5.820210
 8271.000393 -2.034719 0.466167 0.592436 1.775115
 8272.000393 -1.927637 0.516135 0.529138 3.654339
 8273.000393 -2.106858 0.542836 0.619705 0.235110
 8274.000393 -1.996219 0.526224 0.550518 2.682335
 8275.000393 -1.651669 0.537278 0.546974 5.867033
 8276.000393 -1.005533 0.554942 0.590068 -17.101930
 8277.000393 -1.196143 0.608046 0.596964 -6.665341
 8278.000393 -1.586226 0.576326 0.567492 5.517368
 8279.000393 -1.126691 0.574359 0.578194 -10.123492
 8280.000393 -1.557938 0.553021 0.537133 5.241510
 8281.000393 -2.004150 0.494645 0.587070 2.521325
 8282.000393 -1.597062 0.560060 0.557383 5.630599
 8283.000393 -1.631849 0.561680 0.541072 5.855318
 8284.000393 -1.545194 0.518071 0.528341 5.094190
 8285.000394 -1.255869 0.565948 0.572724 -3.804801
 8286.000394 -1.774516 0.494181 0.513324 5.471460
 8287.000394 -1.852331 0.548508 0.583819 4.568697
 8288.000394 -1.786285 0.507505 0.565593 5.368572
 8289.000394 -1.707042 0.580585 0.590169 5.691136
 8290.000394 -1.565699 0.507023 0.525732 5.365950
 8291.000394 -1.936115 0.509976 0.532135 3.555965
 8292.000394 -1.439003 0.556878 0.552798 2.378416
 8293.000394 -1.283063 0.514720 0.518000 -2.602371
 8294.000394 -1.084164 0.557359 0.570204 -12.567127
 8295.000394 -1.735172 0.523381 0.548975 5.676141
 8296.000394 -1.244037 0.518729 0.561504 -4.336280
 8297.000394 -1.951900 0.525995 0.513349 3.393871
 8298.000394 -1.811417 0.529860 0.520093 5.063450
 8299.000394 -1.422323 0.532763 0.576722 1.975563
 8300.000394 -2.044438 0.486786 0.538172 1.570772
 8301.000394 -0.841296 0.546958 0.595232 -22.895138
 8302.000394 -1.870062 0.587708 0.574501 4.430693
 8303.000394 -1.381629 0.565699 0.569716 0.997554
 8304.000394 -1.634160 0.559047 0.554417 5.889166
 8305.000394 -1.736155 0.523591 0.560548 5.715651
 8306.000395 -1.781723 0.546264 0.585814 5.490230
 8307.000395 -1.074656 0.563553 0.574199 -13.066067
 8308.000395 -1.260814 0.555312 0.541404 -3.508509
 8309.000395 -1.456799 0.541606 0.631165 2.915180
 8310.000395 -1.582365 0.537332 0.578029 5.560328
 8311.000395 -1.376062 0.602472 0.574198 0.842394
 8312.000395 -1.778776 0.517919 0.552494 5.531995
 8313.000395 -1.813517 0.547475 0.552482 5.109870
 8314.000395 -2.036987 0.550597 0.578035 1.773216
 8315.000395 -1.973877 0.555527 0.564013 3.133402
 8316.000395 -1.983703 0.555242 0.549788 2.988927
 8317.000395 -1.366767 0.595840 0.576347 0.554326
 8318.000395 -1.528215 0.551290 0.576601 4.826328
 8319.000395 -1.909522 0.564645 0.603062 3.927540
 8320.000395 -1.875255 0.532000 0.587490 4.397525
 8321.000395 -0.998161 0.583032 0.552323 -17.448235
 8322.000395 -1.846070 0.532237 0.558341 4.743063
 8323.000395 -0.979601 0.556218 0.553272 -18.286667
 8324.000395 -1.434163 0.539436 0.588056 2.324880
 8325.000395 -1.704048 0.545967 0.562848 5.741251
 8326.000395 -2.048355 0.544155 0.572146 1.539746
 8327.000396 -1.898204 0.537657 0.538337 4.118590
 8328.000396 -2.029756 0.478617 0.557712 1.986334
 8329.000396 -2.163077 0.528021 0.563431 -0.837427
 8330.000396 -1.875654 0.566554 0.559683 4.433457
 8331.000396 -1.649873 0.563847 0.586039 5.899389
 8332.000396 -1.922025 0.529532 0.592628 3.824659
 8333.000396 -1.754686 0.469602 0.570422 5.706022
 8334.000396 -2.029022 0.556655 0.577646 2.017428
 8335.000396 -1.927776 0.550099 0.580281 3.770102
 8336.000396 -1.931375 0.589406 0.574737 3.746469
 8337.000396 -1.863237 0.505703 0.541362 4.594611
 8338.000396 -1.482820 0.506373 0.544783 3.666985
 8339.000396 -1.606797 0.557988 0.611916 5.735284
 8340.000396 -1.119965 0.578160 0.556866 -10.554622
 8341.000396 -1.461724 0.567172 0.589404 3.069015
 8342.000396 -1.968505 0.527016 0.545101 3.300897
 8343.000396 -1.230493 0.521791 0.580626 -4.958269
 8344.000396 -1.768117 0.591954 0.561131 5.633939
 8345.000396 -2.078527 0.533144 0.612438 0.911100
 8346.000396 -1.656888 0.570869 0.576935 5.899592
 8347.000396 -1.426835 0.523512 0.560512 2.163194
 8348.000397 -1.294626 0.600059 0.596961 -2.133255
 8349.000397 -1.979602 0.572305 0.592597 3.132754
 8350.000397 -1.780139 0.552734 0.564020 5.539308
 8351.000397 -1.795719 0.584741 0.614534 5.375650
 8352.000397 -1.555897 0.497147 0.558821 5.261776
 8353.000397 -1.700065 0.557048 0.613495 5.763227
 8354.000397 -1.158251 0.626388 0.642417 -8.455579
 8355.000397 -1.339265 0.500234 0.570057 -0.460612
 8356.000397 -1.525084 0.529570 0.563085 4.751875
 8357.000397 -1.598423 0.554069 0.592740 5.689223
 8358.000397 -1.308873 0.577745 0.581694 -1.573646
 8359.000397 -1.909299 0.583944 0.597091 4.021039
 8360.000397 -1.941460 0.539703 0.547769 3.657870
 8361.000397 -1.358278 0.565828 0.572879 0.259380
 8362.000397 -0.872413 0.554425 0.568009 -22.225470
 8363.000397 -1.672960 0.532376 0.582337 5.864454
 8364.000397 -1.933899 0.531143 0.589512 3.755982
 8365.000397 -1.166127 0.558917 0.567694 -8.049972
 8366.000397 -1.105278 0.526146 0.565530 -11.331625
 8367.000397 -1.267412 0.578310 0.600144 -3.187822
 8368.000397 -2.018067 0.573477 0.576780 2.305542
 8369.000398 -1.235963 0.602074 0.619798 -4.635932
 8370.000398 -1.676808 0.544947 0.565296 5.860730
 8371.000398 -1.394938 0.543940 0.605504 1.397464
 8372.000398 -1.537740 0.545602 0.596043 5.004227
 8373.000398 -0.971947 0.628437 0.588406 -18.668710
 8374.000398 -0.995900 0.536887 0.571480 -17.583756
 8375.000398 -1.782271 0.541164 0.533864 5.524947
 8376.000398 -1.575078 0.547573 0.567198 5.503847
 8377.000398 -1.330493 0.467597 0.550716 -0.733905
 8378.000398 -1.725782 0.570144 0.595210 5.763435
 8379.000398 -1.096725 0.541188 0.552456 -11.811769
 8380.000398 -1.170119 0.550503 0.573367 -7.814533
 8381.000398 -0.910950 0.598915 0.569685 -21.003289
 8382.000398 -1.753329 0.574200 0.583263 5.752628
 8383.000398 -1.614850 0.592901 0.608373 5.814822
 8384.000398 -1.940899 0.600717 0.581912 3.675491
 8385.000398 -1.032694 0.563348 0.552978 -15.472329
 8386.000398 -1.699008 0.525524 0.587779 5.801052
 8387.000398 -1.380343 0.514728 0.569645 0.995977
 8388.000398 -1.846563 0.543467 0.592022 4.749368
 8389.000398 -1.519193 0.551905 0.564962 4.637057
 8390.000399 -2.192714 0.518265 0.545984 -1.270839
 8391.000399 -1.755067 0.554923 0.569963 5.754731
 8392.000399 -2.202445 0.544639 0.605651 -1.356455
 8393.000399 -1.294664 0.593943 0.607819 -2.042294
 8394.000399 -1.935266 0.524164 0.571028 3.743319
 8395.000399 -1.581016 0.548995 0.553636 5.568796
 8396.000399 -1.594818 0.511886 0.558081 5.693234
 8397.000399 -1.336605 0.585781 0.569322 -0.492803
 8398.000399 -1.551268 0.563010 0.559807 5.269546
 8399.000399 -2.001081 0.516191 0.522680 2.710773
 8400.000399 -1.586354 0.530682 0.569708 5.650164
 8401.000399 -1.226846 0.539297 0.596310 -5.085889
 8402.000399 -1.399203 0.564727 0.540627 1.494327
 8403.000399 -1.867316 0.551004 0.540991 4.530923
 8404.000399 -1.308047 0.507363 0.543971 -1.509775
 8405.000399 -1.142817 0.569098 0.574663 -9.233728
 8406.000399 -2.262407 0.527857 0.525490 -2.132188
 8407.000399 -1.620687 0.503500 0.555314 5.876531
 8408.000399 -1.215874 0.581862 0.542103 -5.590634
 8409.000399 -1.850129 0.520682 0.599146 4.717483
 8410.000399 -2.133812 0.503135 0.544164 -0.424243
 8411.000400 -0.999765 0.537500 0.556097 -17.341049
 8412.000400 -2.126507 0.560140 0.571656 -0.255006
 8413.000400 -1.104267 0.526093 0.597586 -11.347770
 8414.000400 -1.904759 0.535893 0.590249 4.110778
 8415.000400 -1.011568 0.513168 0.581561 -16.685688
 8416.000400 -1.369454 0.565125 0.633568 0.678078
 8417.000400 -1.856245 0.496497 0.548027 4.681230
 8418.000400 -1.243797 0.524686 0.579807 -4.225364
 8419.000400 -1.891389 0.565182 0.573024 4.309296
 8420.000400 -1.628342 0.541205 0.581178 5.915088
 8421.000400 -1.212442 0.501977 0.522477 -5.710335
 8422.000400 -1.615674 0.572759 0.511458 5.871151
 8423.000400 -1.556721 0.537543 0.545373 5.370792
 8424.000400 -1.785889 0.535750 0.575855 5.486307
 8425.000400 -1.891693 0.572017 0.553753 4.312277
 8426.000400 -1.214809 0.532456 0.613512 -5.585821
 8427.000400 -1.783603 0.573598 0.577121 5.525408
 8428.000400 -1.138006 0.583222 0.609524 -9.437807
 8429.000400 -1.779574 0.559787 0.573401 5.582374
 8430.000400 -1.478390 0.514929 0.617935 3.514954
 8431.000400 -1.744207 0.547762 0.607647 5.780750
 8432.000400 -1.208682 0.503739 0.541390 -5.857664
 8433.000401 -1.194679 0.609443 0.624244 -6.488159
 8434.000401 -1.508742 0.526378 0.558730 4.405470
 8435.000401 -0.913668 0.554219 0.594773 -20.941812
 8436.000401 -1.125545 0.479552 0.529136 -10.071288
 8437.000401 -1.815578 0.533032 0.593625 5.152416
 8438.000401 -2.061688 0.508640 0.597909 1.216995
 8439.000401 -1.629547 0.509960 0.553681 5.926147
 8440.000401 -1.724635 0.526856 0.599403 5.777844
 8441.000401 -1.310260 0.533532 0.582899 -1.437197
 8442.000401 -1.434636 0.517033 0.616527 2.295190
 8443.000401 -1.468836 0.545278 0.564085 3.254304
 8444.000401 -2.042133 0.534863 0.582664 1.674172
 8445.000401 -1.805420 0.495222 0.563169 5.295449
 8446.000401 -1.057665 0.579833 0.562400 -13.921222
 8447.000401 -1.958002 0.571115 0.601680 3.470889
 8448.000401 -1.833496 0.517116 0.583485 4.963277
 8449.000401 -1.352394 0.528243 0.586481 0.090248
 8450.000401 -1.414167 0.491979 0.602057 1.850411
 8451.000401 -1.654429 0.510310 0.524353 5.945103
 8452.000401 -1.926553 0.524965 0.557284 3.864069
 8453.000401 -1.268275 0.526502 0.532936 -3.078605
 8454.000402 -2.029368 0.521120 0.593863 1.993722
 8455.000402 -1.243644 0.548732 0.570792 -4.177133
 8456.000402 -1.128156 0.521046 0.592280 -9.931388
 8457.000402 -1.936314 0.568267 0.574445 3.764538
 8458.000402 -1.200741 0.517206 0.625261 -6.150750
 8459.000402 -1.442873 0.509164 0.592587 2.532738
 8460.000402 -1.855483 0.505435 0.540452 4.745387
 8461.000402 -1.303049 0.569905 0.604903 -1.670454
 8462.000402 -1.865276 0.580695 0.605351 4.659906
 8463.000402 -1.655964 0.492777 0.574465 5.945629
 8464.000402 -1.761024 0.534098 0.549240 5.748486
 8465.000402 -1.775386 0.590605 0.627291 5.666709
 8466.000402 -1.707587 0.562304 0.612748 5.786938
 8467.000402 -1.640980 0.535723 0.626217 5.962049
 8468.000402 -1.653317 0.546981 0.584507 5.973999
 8469.000402 -1.849406 0.570020 0.559839 4.822135
 8470.000402 -1.785574 0.545495 0.605708 5.579634
 8471.000402 -1.332099 0.589341 0.612259 -0.631610
 8472.000402 -1.394948 0.573289 0.568114 1.411462
 8473.000402 -1.632481 0.505855 0.548587 5.961488
 8474.000402 -1.105510 0.539858 0.626617 -11.176182
 8475.000403 -1.375950 0.590572 0.613015 0.904515
 8476.000403 -1.507193 0.543427 0.577558 4.332832
 8477.000403 -1.710047 0.540427 0.584070 5.802968
 8478.000403 -1.472319 0.536134 0.574784 3.357138
 8479.000403 -2.040858 0.482896 0.554368 1.693413
 8480.000403 -1.644474 0.545999 0.586385 5.994160
 8481.000403 -1.683541 0.575763 0.574682 5.893708
 8482.000403 -1.762405 0.538662 0.597334 5.782362
 8483.000403 -1.708001 0.596433 0.595106 5.836914
 8484.000403 -1.631943 0.515726 0.562864 5.983878
 8485.000403 -1.310562 0.557144 0.552187 -1.384756
 8486.000403 -1.475032 0.505666 0.541892 3.436515
 8487.000403 -1.730083 0.479682 0.566797 5.856375
 8488.000403 -1.057910 0.526324 0.583211 -13.867295
 8489.000403 -1.414329 0.521748 0.576352 1.876387
 8490.000403 -1.809464 0.525074 0.584617 5.282804
 8491.000403 -1.545040 0.484014 0.570207 5.132468
 8492.000403 -0.954429 0.524372 0.532848 -19.326854
 8493.000403 -1.149917 0.494973 0.573290 -8.745373
 8494.000403 -1.237544 0.550349 0.550970 -4.465840
 8495.000403 -1.734995 0.536265 0.608355 5.869670
 8496.000404 -1.889206 0.543588 0.586664 4.355139
 8497.000404 -1.801078 0.509093 0.591870 5.415344
 8498.000404 -1.649411 0.548622 0.560881 6.017550
 8499.000404 -1.913771 0.549871 0.553914 4.025651
 8500.000404 -1.204873 0.573968 0.516485 -5.975857
 8501.000404 -1.419363 0.512465 0.561052 1.987195
 8502.000404 -1.840211 0.500267 0.548165 4.935501
 8503.000404 -1.594652 0.591688 0.634913 5.719816
 8504.000404 -1.444121 0.551829 0.557398 2.576779
 8505.000404 -1.370844 0.551247 0.635011 0.759279
 8506.000404 -1.961038 0.582108 0.600767 3.416739
 8507.000404 -1.903882 0.588113 0.610700 4.184203
 8508.000404 -2.139023 0.487642 0.664002 -0.621304
 8509.000404 -2.079177 0.552380 0.550227 0.784929
 8510.000404 -2.126791 0.574187 0.563421 -0.340306
 8511.000404 -2.136074 0.531694 0.545920 -0.513213
 8512.000404 -2.064482 0.568408 0.655909 1.142265
 8513.000404 -1.895925 0.569184 0.646567 4.310928
 8514.000404 -1.595078 0.586704 0.680788 5.730385
 8515.000404 -2.430387 0.597086 0.622338 -4.229952
 8516.000404 -2.746552 0.578272 0.711560 -6.358704
 8517.000405 -3.044311 0.608959 0.749794 -11.385432
 8518.000405 2.955828 0.504165 0.686002 -18.303950
 8519.000405 2.928338 0.481538 0.657056 -19.087367
 8520.000405 3.091346 0.502044 0.640557 -14.962778
 8521.000405 -2.984446 0.517184 0.658827 -10.510693
 8522.000405 -2.784899 0.553275 0.707815 -6.956700
 8523.000405 2.755669 0.499902 0.670425 -22.066899
 8524.000405 -2.754278 0.580906 0.811894 -6.429741
 8525.000405 -1.594216 0.548098 0.664128 5.736520
 8526.000405 2.641006 0.503368 0.653748 -23.767356
 8527.000405 3.029095 0.627186 0.719794 -16.537976
 8528.000405 -2.982792 0.695238 0.685323 -10.459559
 8529.000405 3.096040 0.627056 0.720268 -14.802632
 8530.000405 2.765263 0.646821 0.698010 -21.932975
 8531.000405 -3.125045 0.675814 0.686029 -12.858296
 8532.000405 2.568472 0.641118 0.657196 -24.031105
 8533.000405 -2.085905 0.571200 0.674839 0.664577
 8534.000405 -2.316781 0.575071 0.707165 -3.255901
 8535.000405 -2.213356 0.585486 0.662450 -1.601934
 8536.000405 -2.035971 0.592047 0.658155 1.801501
 8537.000405 -2.425341 0.600168 0.713650 -4.179558
 8538.000406 -2.724191 0.641009 0.717780 -6.073253
 8539.000406 -2.506405 0.597139 0.714166 -4.768118
 8540.000406 -2.864863 0.608670 0.726909 -8.398284
 8541.000406 -2.859975 0.622123 0.727818 -8.277680
 8542.000406 -2.645133 0.635007 0.664850 -5.522302
 8543.000406 -1.701177 0.572154 0.635241 5.853500
 8544.000406 -2.008261 0.542429 0.574119 2.165556
 8545.000406 -1.892290 0.548025 0.571597 4.040249
 8546.000406 -1.860496 0.470542 0.514434 4.426619
 8547.000406 -1.705199 0.526419 0.541757 5.532198
 8548.000406 -2.029135 0.519224 0.599524 1.667806
 8549.000406 -1.502545 0.576754 0.514121 3.872574
 8550.000406 -1.507797 0.536823 0.509994 4.023918
 8551.000406 -1.269185 0.605196 0.572081 -3.368608
 8552.000406 -1.605867 0.553619 0.541804 5.508471
 8553.000406 -1.843189 0.557583 0.541891 4.594047
 8554.000406 -2.100392 0.578515 0.587818 0.019401
 8555.000406 -1.428687 0.611714 0.566204 1.880136
 8556.000406 -1.636501 0.568492 0.541423 5.688201
 8557.000406 -1.525307 0.526210 0.540369 4.449475
 8558.000406 -1.438228 0.571123 0.575147 2.119638
 8559.000407 -1.309902 0.507643 0.535620 -1.772870
 8560.000407 -1.269560 0.566287 0.612378 -3.328450
 8561.000407 -1.436108 0.600541 0.629711 2.083459
 8562.000407 -1.706867 0.531220 0.582148 5.528369
 8563.000407 -1.454335 0.552079 0.565880 2.876120
 8564.000407 -1.800022 0.503290 0.628328 5.416026
 8565.000407 -1.295139 0.586738 0.594880 -1.980201
 8566.000407 -1.190966 0.556236 0.553184 -6.618272
 8567.000407 -2.091913 0.568774 0.584529 0.555395
 8568.000407 -1.635036 0.603659 0.574981 6.011280
 8569.000407 -1.239155 0.547061 0.541487 -4.337214
 8570.000407 -1.845854 0.543225 0.561585 4.895808
 8571.000407 -1.218940 0.556516 0.569533 -5.249436
 8572.000407 -1.366528 0.558467 0.566932 0.617241
 8573.000407 -1.845612 0.582474 0.644362 4.911655
 8574.000407 -1.197599 0.552011 0.565957 -6.227406
 8575.000407 -1.820194 0.570137 0.621288 5.187576
 8576.000407 -1.161671 0.586445 0.622809 -8.029737
 8577.000407 -2.013588 0.572804 0.558230 2.347566
 8578.000407 -1.829693 0.550485 0.575081 5.098189
 8579.000407 -1.745351 0.562448 0.583525 5.872843
 8580.000408 -1.238496 0.549620 0.586864 -4.337032
 8581.000408 -1.714191 0.575383 0.578035 5.868856
 8582.000408 -1.219699 0.565905 0.524490 -5.164802
 8583.000408 -1.108218 0.517621 0.539830 -11.029899
 8584.000408 -1.756236 0.612183 0.603194 5.871418
 8585.000408 -1.062533 0.573074 0.594592 -13.608597
 8586.000408 -1.143298 0.525212 0.503127 -9.006462
 8587.000408 -1.798187 0.533735 0.535050 5.493728
 8588.000408 -1.271964 0.543673 0.536381 -2.867406
 8589.000408 -1.731978 0.593059 0.581238 5.913981
 8590.000408 -1.187217 0.572133 0.578109 -6.642420
 8591.000408 -2.020396 0.552025 0.571039 2.190463
 8592.000408 -1.029067 0.561735 0.539816 -15.648337
 8593.000408 -1.657978 0.585106 0.567581 6.016860
 8594.000408 -1.938543 0.526820 0.583796 3.697355
 8595.000408 -1.479225 0.568329 0.597770 3.554857
 8596.000408 -2.412722 0.560019 0.596374 -4.146589
 8597.000408 -1.202988 0.545424 0.537814 -5.873079
 8598.000408 -1.727572 0.579611 0.587846 5.917748
 8599.000408 -1.435363 0.564745 0.572287 2.394331
 8600.000408 -2.046544 0.601459 0.613406 1.606016
 8601.000409 -1.405746 0.524610 0.555166 1.739687
 8602.000409 -1.907601 0.504947 0.566838 4.151076
 8603.000409 -1.286917 0.559806 0.534078 -2.276962
 8604.000409 -1.365549 0.549372 0.552074 0.598521
 8605.000409 -0.879981 0.559235 0.515951 -22.216326
 8606.000409 -2.106428 0.495946 0.514084 0.197796
 8607.000409 -1.511760 0.544613 0.580105 4.431821
 8608.000409 -1.513690 0.518184 0.553634 4.492737
 8609.000409 -2.021705 0.564917 0.652161 2.178807
 8610.000409 -1.406536 0.532208 0.606097 1.777453
 8611.000409 -1.754841 0.543330 0.551458 5.904611
 8612.000409 -1.159038 0.512965 0.581710 -8.070768
 8613.000409 -1.119442 0.561808 0.575802 -10.289069
 8614.000409 -1.116288 0.576367 0.619053 -10.445381
 8615.000409 -1.609304 0.554624 0.566000 5.839806
 8616.000409 -1.387527 0.620509 0.591145 1.311246
 8617.000409 -1.439969 0.625223 0.637629 2.544883
 8618.000409 -1.213122 0.597654 0.606729 -5.395905
 8619.000409 -1.337148 0.626290 0.588781 -0.410383
 8620.000409 -1.620693 0.579794 0.639326 5.934247
 8621.000409 -1.472635 0.593211 0.576308 3.415693
 8622.000410 -0.995386 0.579768 0.597656 -17.619833
 8623.000410 -1.396360 0.580515 0.616638 1.580540
 8624.000410 -1.428207 0.507268 0.557730 2.312068
 8625.000410 -1.558417 0.537802 0.553698 5.325970
 8626.000410 -1.551894 0.593782 0.632960 5.246052
 8627.000410 -1.156408 0.557624 0.567750 -8.175469
 8628.000410 -1.255951 0.556430 0.569174 -3.512743
 8629.000410 -1.334838 0.596540 0.611186 -0.475863
 8630.000410 -1.375053 0.556762 0.580188 1.002557
 8631.000410 -1.336923 0.537083 0.595789 -0.358952
 8632.000410 -1.118727 0.549152 0.564483 -10.269733
 8633.000410 -1.218911 0.581753 0.574843 -5.113295
 8634.000410 -1.562910 0.593957 0.549314 5.407990
 8635.000410 -2.003531 0.595842 0.642098 2.591190
 8636.000410 -1.048501 0.594138 0.610105 -14.356995
 8637.000410 -1.823193 0.594928 0.614345 5.192273
 8638.000410 -1.230352 0.564113 0.573952 -4.561703
 8639.000410 -1.168285 0.582599 0.613879 -7.456717
 8640.000410 -1.554492 0.574233 0.618058 5.338404
 8641.000410 -1.156153 0.599672 0.607484 -8.083366
 8642.000410 -1.618002 0.558498 0.566229 5.962441
 8643.000411 -1.442705 0.523363 0.569075 2.675411
 8644.000411 -1.325909 0.517190 0.598205 -0.734072
 8645.000411 -1.252389 0.592164 0.622466 -3.584284
 8646.000411 -2.156062 0.551998 0.580794 -0.895217
 8647.000411 -1.485501 0.511373 0.595237 3.831388
 8648.000411 -1.124683 0.615198 0.660134 -9.828982
 8649.000411 -1.375388 0.572337 0.579315 1.073029
 8650.000411 -1.606689 0.542734 0.545700 5.893447
 8651.000411 -1.832005 0.599565 0.622796 5.094945
 8652.000411 -1.258621 0.584286 0.595797 -3.302768
 8653.000411 -1.830192 0.532032 0.585135 5.128326
 8654.000411 -1.410731 0.600133 0.640958 2.003052
 8655.000411 -1.281970 0.574009 0.631714 -2.333545
 8656.000411 -1.739121 0.491150 0.575767 5.934884
 8657.000411 -1.296275 0.561846 0.630586 -1.774114
 8658.000411 -0.989154 0.604625 0.628667 -17.892648
 8659.000411 -1.296025 0.571195 0.573879 -1.763920
 8660.000411 -2.119493 0.543593 0.615224 -0.121703
 8661.000411 -1.417487 0.566385 0.583616 2.157781
 8662.000411 -1.711781 0.539918 0.559390 5.910434
 8663.000411 -1.327621 0.591653 0.656002 -0.617055
 8664.000412 -1.267616 0.570222 0.609743 -2.834973
 8665.000412 -1.755223 0.612006 0.685062 5.935726
 8666.000412 -1.675606 0.554189 0.569009 5.996130
 8667.000412 -1.055355 0.548204 0.594440 -13.869331
 8668.000412 -1.567811 0.569363 0.635965 5.513920
 8669.000412 -1.688030 0.611518 0.663341 5.963013
 8670.000412 -0.987700 0.523931 0.622103 -17.923820
 8671.000412 -1.828173 0.532645 0.591538 5.150306
 8672.000412 -1.862132 0.583554 0.585188 4.807118
 8673.000412 -1.468797 0.577058 0.612484 3.358201
 8674.000412 -1.439792 0.556625 0.573085 2.641465
 8675.000412 -0.988669 0.582012 0.640314 -17.856812
 8676.000412 -1.568076 0.533269 0.632014 5.520140
 8677.000412 -1.110887 0.495335 0.625032 -10.632731
 8678.000412 -1.663047 0.534691 0.619193 6.056787
 8679.000412 -1.702531 0.571358 0.567450 5.946389
 8680.000412 -2.051893 0.561530 0.610647 1.500716
 8681.000412 -1.820070 0.540483 0.619856 5.254137
 8682.000412 -1.568866 0.567644 0.539321 5.532476
 8683.000412 -1.228927 0.546913 0.569052 -4.518273
 8684.000412 -1.235354 0.577951 0.616594 -4.216001
 8685.000413 -1.262007 0.606290 0.620484 -3.061884
 8686.000413 -1.581756 0.555605 0.549814 5.683243
 8687.000413 -1.666521 0.520508 0.604457 6.058707
 8688.000413 -1.704468 0.567495 0.571520 5.959132
 8689.000413 -1.781488 0.548170 0.595360 5.745056
 8690.000413 -1.415384 0.535540 0.636901 2.107317
 8691.000413 -1.774108 0.508796 0.519366 5.834820
 8692.000413 -1.399963 0.497375 0.573522 1.780147
 8693.000413 -1.656580 0.627087 0.613253 6.092694
 8694.000413 -1.300857 0.559131 0.589351 -1.589477
 8695.000413 -1.714958 0.576786 0.587045 5.982263
 8696.000413 -1.489951 0.542946 0.544918 3.928979
 8697.000413 -2.101948 0.605774 0.595541 0.302368
 8698.000413 -1.647781 0.574341 0.635192 6.108427
 8699.000413 -1.042980 0.555917 0.596275 -14.656464
 8700.000413 -1.284287 0.509298 0.576864 -2.175764
 8701.000413 -1.294738 0.607584 0.578215 -1.776978
 8702.000413 -1.760702 0.526280 0.537310 5.951582
 8703.000413 -1.401963 0.566267 0.608026 1.831376
 8704.000413 -1.141967 0.581661 0.551430 -8.909365
 8705.000413 -2.307161 0.491269 0.572568 -3.247103
 8706.000414 -1.681852 0.560715 0.570154 6.042962
 8707.000414 -1.909686 0.566534 0.583718 4.083770
 8708.000414 -1.778167 0.543269 0.547620 5.812259
 8709.000414 -1.330883 0.524830 0.596016 -0.500206
 8710.000414 -1.973591 0.542724 0.572319 3.135958
 8711.000414 -1.561898 0.550273 0.569966 5.440332
 8712.000414 -1.433272 0.545729 0.585838 2.492437
 8713.000414 -1.408031 0.611864 0.598214 1.990086
 8714.000414 -1.582732 0.553154 0.599368 5.689172
 8715.000414 -2.069596 0.625859 0.628943 1.095962
 8716.000414 -1.611776 0.590882 0.547153 5.958492
 8717.000414 -1.108586 0.611389 0.606630 -10.773989
 8718.000414 -1.400168 0.543256 0.591797 1.820857
 8719.000414 -1.686692 0.538603 0.546970 6.031290
 8720.000414 -1.560428 0.540080 0.542262 5.445428
 8721.000414 -1.059612 0.504147 0.590279 -13.565191
 8722.000414 -1.594560 0.491336 0.562333 5.830916
 8723.000414 -1.105233 0.629087 0.589681 -10.942821
 8724.000414 -1.533712 0.598064 0.585271 5.017473
 8725.000414 -1.663069 0.558299 0.574990 6.117864
 8726.000414 -0.903822 0.566610 0.646108 -21.509972
 8727.000415 -0.991673 0.580636 0.573081 -17.724074
 8728.000415 -1.091000 0.546529 0.535901 -11.704597
 8729.000415 -1.512174 0.602838 0.597880 4.531718
 8730.000415 -1.466885 0.551339 0.610690 3.307958
 8731.000415 -1.774495 0.536723 0.571656 5.835763
 8732.000415 -1.308705 0.541778 0.668582 -1.290132
 8733.000415 -1.383412 0.616323 0.604457 1.378715
 8734.000415 -1.304645 0.601184 0.606356 -1.404984
 8735.000415 -1.295840 0.578586 0.629543 -1.695309
 8736.000415 -1.432616 0.574132 0.578353 2.509641
 8737.000415 -1.003519 0.576599 0.642927 -17.067465
 8738.000415 -1.015385 0.559388 0.605841 -16.337598
 8739.000415 -1.289183 0.518482 0.618227 -1.918307
 8740.000415 -1.851883 0.602337 0.587504 4.889189
 8741.000415 -1.444675 0.601297 0.649042 2.779907
 8742.000415 -1.385723 0.582343 0.621385 1.488427
 8743.000415 -1.781437 0.576148 0.653424 5.769367
 8744.000415 -1.009939 0.612241 0.575882 -16.645055
 8745.000415 -1.128497 0.591672 0.630377 -9.658312
 8746.000415 -0.942974 0.540229 0.591139 -19.757539
 8747.000415 -1.717690 0.571956 0.610955 6.037025
 8748.000416 -1.432983 0.524930 0.613100 2.583832
 8749.000416 -1.367592 0.645092 0.652556 0.959135
 8750.000416 -1.390583 0.584747 0.596252 1.699437
 8751.000416 -1.332961 0.598298 0.561589 -0.304260
 8752.000416 -0.986942 0.589711 0.626361 -17.789984
 8753.000416 -1.594797 0.549835 0.624480 5.865082
 8754.000416 -1.079435 0.593091 0.621861 -12.269198
 8755.000416 -1.228674 0.535810 0.587133 -4.420987
 8756.000416 -1.490041 0.565778 0.595413 3.989400
 8757.000416 -1.065987 0.586024 0.628775 -13.017601
 8758.000416 -1.749368 0.523819 0.565427 6.049530
 8759.000416 -1.788756 0.575725 0.616513 5.729454
 8760.000416 -1.202369 0.550548 0.582450 -5.653547
 8761.000416 -0.558904 0.607279 0.667313 -24.976681
 8762.000416 -1.244629 0.559765 0.558074 -3.677702
 8763.000416 -1.067503 0.656089 0.571113 -12.909350
 8764.000416 -1.414293 0.561286 0.670629 2.213665
 8765.000416 -1.381172 0.542236 0.559805 1.421401
 8766.000416 -1.993722 0.499394 0.596364 2.719616
 8767.000416 -1.197707 0.578741 0.632746 -5.871028
 8768.000416 -0.878702 0.586172 0.610775 -22.335174
 8769.000417 -0.841134 0.613179 0.602896 -23.253998
 8770.000417 -0.912813 0.642388 0.659896 -21.080331
 8771.000417 -1.179681 0.578808 0.572723 -6.771755
 8772.000417 -0.951329 0.526419 0.604001 -19.305548
 8773.000417 -1.403918 0.564988 0.596508 2.026194
 8774.000417 -1.600311 0.514519 0.547369 5.883180
 8775.000417 -1.216423 0.549844 0.533794 -4.952371
 8776.000417 -1.289940 0.565793 0.628742 -1.853489
 8777.000417 -1.002554 0.542328 0.564920 -16.920326
 8778.000417 -1.147850 0.557235 0.538567 -8.477269
 8779.000417 -1.306687 0.524243 0.542232 -1.243306
 8780.000417 -1.472806 0.517127 0.560514 3.496182
 8781.000417 -0.948048 0.632838 0.591583 -19.401745
 8782.000417 -0.863023 0.573672 0.641251 -22.678683
 8783.000417 -0.873808 0.573720 0.621502 -22.355225
 8784.000417 -1.768346 0.562041 0.583293 5.896250
 8785.000417 -1.255558 0.555988 0.633192 -3.211884
 8786.000417 -1.194870 0.608558 0.626446 -5.959048
 8787.000417 -1.026347 0.599393 0.632443 -15.480748
 8788.000417 -1.113980 0.591431 0.584851 -10.349636
 8789.000417 -1.321285 0.539102 0.602510 -0.752105
 8790.000418 -0.948454 0.576447 0.574233 -19.369360
 8791.000418 -1.132211 0.569323 0.592232 -9.327732
 8792.000418 -1.014414 0.527638 0.578551 -16.205808
 8793.000418 -1.204582 0.584456 0.655661 -5.465510
 8794.000418 -1.721641 0.547632 0.612987 5.991411
 8795.000418 -1.401385 0.601600 0.582274 1.945844
 8796.000418 -1.837379 0.499716 0.586099 5.011643
 8797.000418 -1.339293 0.569128 0.566975 -0.075477
 8798.000418 -1.449872 0.532791 0.541263 2.914786
 8799.000418 -1.220825 0.591759 0.626889 -4.708104
 8800.000418 -1.287493 0.568485 0.595191 -1.901648
 8801.000418 -1.670296 0.506567 0.595422 6.048572
 8802.000418 -1.023163 0.596559 0.585766 -15.642995
 8803.000418 -1.637691 0.510647 0.575409 6.079722
 8804.000418 -1.685933 0.537306 0.564969 6.017281
 8805.000418 -1.563276 0.530418 0.584426 5.468241
 8806.000418 -0.898687 0.589867 0.565406 -21.571807
 8807.000418 -1.114748 0.555797 0.598668 -10.251183
 8808.000418 -1.532169 0.520837 0.632260 4.960488
 8809.000418 -1.655216 0.601388 0.590525 6.110830
 8810.000418 -1.299698 0.570453 0.631845 -1.464662
 8811.000419 -1.258482 0.541803 0.632204 -3.023043
 8812.000419 -1.122664 0.580894 0.637608 -9.814718
 8813.000419 -1.221016 0.579501 0.569018 -4.644967
 8814.000419 -1.277844 0.609467 0.622519 -2.224785
 8815.000419 -1.156886 0.573538 0.635959 -7.886066
 8816.000419 -1.088105 0.625949 0.588545 -11.606472
 8817.000419 -1.074372 0.597092 0.594737 -12.341258
 8818.000419 -0.911942 0.645870 0.573149 -21.018697
 8819.000419 -1.239189 0.599072 0.631604 -3.799009
 8820.000419 -0.984592 0.559066 0.591363 -17.713627
 8821.000419 -1.306863 0.525229 0.570318 -1.184946
 8822.000419 -1.492618 0.549549 0.537651 4.004319
 8823.000419 -1.517473 0.574044 0.678036 4.649935
 8824.000419 -1.216119 0.541859 0.531299 -4.807950
 8825.000419 -0.962233 0.557601 0.602714 -18.666536
 8826.000419 -1.390845 0.592332 0.620976 1.698954
 8827.000419 -1.421352 0.542849 0.590623 2.374064
 8828.000419 -1.507542 0.628443 0.636878 4.421947
 8829.000419 -1.152402 0.593483 0.608421 -8.098611
 8830.000419 -1.378205 0.557567 0.609927 1.359431
 8831.000419 -1.500970 0.588514 0.644516 4.267901
 8832.000419 -1.438179 0.513543 0.615568 2.717955
 8833.000420 -1.259622 0.596093 0.580216 -2.906511
 8834.000420 -0.869579 0.581696 0.612216 -22.420236
 8835.000420 -1.186425 0.610768 0.614823 -6.218611
 8836.000420 -1.512723 0.523229 0.575022 4.571604
 8837.000420 -1.030601 0.626563 0.659128 -15.077200
 8838.000420 -1.392357 0.590742 0.636998 1.789430
 8839.000420 -1.317239 0.638293 0.590654 -0.811247
 8840.000420 -1.219401 0.602014 0.665269 -4.615017
 8841.000420 -1.043678 0.650969 0.621317 -14.191858
 8842.000420 -1.374267 0.558584 0.616169 1.272782
 8843.000420 -1.381612 0.576220 0.598315 1.522371
 8844.000420 -1.539428 0.586497 0.619957 5.134450
 8845.000420 -1.556301 0.526912 0.596656 5.406426
 8846.000420 -1.384176 0.591912 0.594222 1.610236
 8847.000420 -1.224826 0.587173 0.623084 -4.359430
 8848.000420 -1.398600 0.583233 0.621023 1.996062
 8849.000420 -1.392527 0.608357 0.653400 1.866394
 8850.000420 -1.311725 0.540457 0.606347 -0.943980
 8851.000420 -1.183014 0.539675 0.581767 -6.341116
 8852.000420 -1.368798 0.554683 0.600661 1.172982
 8853.000420 -1.469462 0.583273 0.594218 3.473791
 8854.000421 -1.262345 0.537738 0.646687 -2.738240
 8855.000421 -1.514161 0.538886 0.627175 4.639120
 8856.000421 -1.823067 0.554826 0.583104 5.154978
 8857.000421 -1.215312 0.567372 0.603686 -4.737916
 8858.000421 -1.192182 0.620674 0.619999 -5.819103
 8859.000421 -1.658323 0.604887 0.647651 6.086849
 8860.000421 -2.011947 0.564522 0.627131 2.241230
 8861.000421 -1.426920 0.555284 0.557461 2.571176
 8862.000421 -1.568274 0.568517 0.565522 5.555208
 8863.000421 -1.081124 0.611486 0.662793 -11.953022
 8864.000421 -1.717217 0.524107 0.578340 5.968933
 8865.000421 -1.462989 0.578647 0.586157 3.329209
 8866.000421 -0.899919 0.539592 0.623805 -21.472820
 8867.000421 -1.454526 0.527907 0.605023 3.142620
 8868.000421 -1.611711 0.559055 0.648353 5.944841
 8869.000421 -1.412866 0.525632 0.562437 2.348009
 8870.000421 -1.655309 0.485974 0.567879 6.107303
 8871.000421 -1.582117 0.549179 0.578360 5.709437
 8872.000421 -1.104335 0.648145 0.625529 -10.685105
 8873.000421 -1.254635 0.568766 0.609374 -3.053322
 8874.000421 -1.803305 0.564997 0.587288 5.425819
 8875.000422 -1.512605 0.555447 0.567594 4.615514
 8876.000422 -1.504087 0.555572 0.586270 4.423916
 8877.000422 -1.117066 0.582810 0.653573 -9.986037
 8878.000422 -1.156406 0.591868 0.578027 -7.747155
 8879.000422 -1.626618 0.584875 0.647503 6.054988
 8880.000422 -1.305306 0.524559 0.563388 -1.168248
 8881.000422 -1.701164 0.579902 0.584610 5.974010
 8882.000422 -1.816382 0.532558 0.566595 4.901562
 8883.000422 -1.574896 0.585131 0.578032 5.304710
 8884.000422 -1.531257 0.513136 0.624266 4.694076
 8885.000422 -1.445306 0.605911 0.599919 2.613580
 8886.000422 -0.942707 0.589630 0.602861 -19.884503
 8887.000422 -1.605545 0.563981 0.556445 5.585580
 8888.000422 -0.891528 0.573449 0.589038 -22.091773
 8889.000422 -1.254049 0.607031 0.555971 -3.408696
 8890.000422 -1.333082 0.560143 0.577415 -0.517697
 8891.000422 -1.090022 0.570370 0.570002 -11.752359
 8892.000422 -1.120124 0.570052 0.594594 -10.124725
 8893.000422 -0.958459 0.571014 0.562140 -19.132915
 8894.000422 -1.231069 0.569759 0.590021 -4.352194
 8895.000422 -1.319836 0.498401 0.524319 -0.984520
 8896.000423 -1.395396 0.535423 0.545126 1.637203
 8897.000423 -1.416696 0.574711 0.597719 2.092096
 8898.000423 -1.444215 0.586883 0.635197 2.613154
 8899.000423 -1.417575 0.589246 0.633495 2.135991
 8900.000423 -1.484262 0.528953 0.577605 3.594356
 8901.000423 -1.385903 0.607002 0.627298 1.436435
 8902.000423 -1.730997 0.489823 0.570899 5.636200
 8903.000423 -1.269370 0.505560 0.591602 -2.767502
 8904.000423 -1.574698 0.505842 0.547144 5.318696
 8905.000423 -1.349625 0.528441 0.598853 0.167648
 8906.000423 -1.308139 0.586268 0.601140 -1.348720
 8907.000423 -1.641204 0.558403 0.666442 5.775796
 8908.000423 -1.489698 0.553566 0.607413 3.739641
 8909.000423 -1.182901 0.559867 0.590214 -6.613057
 8910.000423 -1.565232 0.587609 0.620019 5.225808
 8911.000423 -1.636903 0.542076 0.536884 5.774640
 8912.000423 -1.250474 0.534530 0.599318 -3.499746
 8913.000423 -1.458301 0.496633 0.581031 2.949157
 8914.000423 -1.496792 0.568326 0.643972 3.938814
 8915.000423 -1.529051 0.586922 0.570018 4.680385
 8916.000423 -1.457996 0.526727 0.585809 2.970986
 8917.000424 -1.560209 0.599026 0.580731 5.183325
 8918.000424 -1.585551 0.579609 0.535448 5.451846
 8919.000424 -0.993214 0.598408 0.595574 -17.576674
 8920.000424 -2.225845 0.482685 0.536471 -2.453691
 8921.000424 -1.273194 0.577121 0.553175 -2.588647
 8922.000424 -1.427068 0.571323 0.592883 2.339575
 8923.000424 -1.526001 0.547337 0.558711 4.646302
 8924.000424 -1.193734 0.552441 0.580986 -6.023873
 8925.000424 -1.389069 0.549595 0.590513 1.541527
 8926.000424 -1.714676 0.565631 0.579004 5.614030
 8927.000424 -1.930428 0.550561 0.540744 3.561121
 8928.000424 -1.787928 0.510825 0.579798 5.628527
 8929.000424 -1.470494 0.567262 0.586652 3.630635
 8930.000424 -1.457726 0.573642 0.619436 3.331037
 8931.000424 -1.949689 0.554405 0.566368 3.302132
 8932.000424 -1.909312 0.522646 0.570127 3.917857
 8933.000424 -1.377670 0.566108 0.598563 1.547399
 8934.000424 -0.841647 0.570639 0.555378 -23.186143
 8935.000424 -1.827598 0.541142 0.554391 5.106444
 8936.000424 -1.022249 0.585971 0.639853 -15.536856
 8937.000424 -1.833271 0.523097 0.569718 5.049284
 8938.000425 -1.899807 0.564422 0.582879 4.140423
 8939.000425 -1.001480 0.552821 0.617297 -16.740941
 8940.000425 -1.703413 0.551133 0.565498 5.995845
 8941.000425 -1.719077 0.493404 0.560875 6.012547
 8942.000425 -1.428880 0.589108 0.513798 2.773502
 8943.000425 -1.462000 0.523801 0.570010 3.476203
 8944.000425 -1.770470 0.523126 0.533135 5.888786
 8945.000425 -1.413444 0.548696 0.598286 2.508524
 8946.000425 -1.639836 0.523530 0.606545 6.139024
 8947.000425 -1.433517 0.520796 0.536975 2.892718
 8948.000425 -1.640820 0.513083 0.544549 6.150523
 8949.000425 -1.503150 0.569477 0.562150 4.501335
 8950.000425 -2.032125 0.479580 0.533778 1.736091
 8951.000425 -1.525659 0.504199 0.507329 5.004235
 8952.000425 -1.791229 0.503556 0.543125 5.635211
 8953.000425 -1.443008 0.539691 0.516670 3.091081
 8954.000425 -1.467395 0.564331 0.578685 3.648508
 8955.000425 -1.530737 0.520530 0.526938 5.113399
 8956.000425 -1.502441 0.526743 0.550004 4.527186
 8957.000425 -1.620703 0.511598 0.525164 6.069406
 8958.000425 -1.968852 0.567857 0.601238 3.049971
 8959.000426 -1.391805 0.568876 0.536506 2.041029
 8960.000426 -1.653587 0.517728 0.552096 6.157547
 8961.000426 -2.177514 0.535872 0.568250 -1.507760
 8962.000426 -1.345900 0.578740 0.567382 0.409692
 8963.000426 -1.512884 0.540537 0.544521 4.768173
 8964.000426 -1.305644 0.537779 0.540311 -1.081931
 8965.000426 -1.635380 0.522725 0.521225 6.149951
 8966.000426 -1.337114 0.552919 0.605323 0.078632
 8967.000426 -1.451093 0.582075 0.563162 3.299494
 8968.000426 -1.323938 0.582706 0.565969 -0.404129
 8969.000426 -2.002985 0.526001 0.596811 2.400769
 8970.000426 -1.480901 0.546680 0.550253 4.025735
 8971.000426 -1.064404 0.562860 0.547541 -12.858233
 8972.000426 -1.145760 0.515858 0.556387 -8.349430
 8973.000426 -1.273800 0.604727 0.576777 -2.188135
 8974.000426 -1.362349 0.557885 0.543051 1.089848
 8975.000426 -1.451894 0.567880 0.587487 3.343981
 8976.000426 -1.647283 0.596307 0.591137 6.173114
 8977.000426 -2.019475 0.502621 0.563279 2.035387
 8978.000426 -1.973653 0.565404 0.637938 2.986618
 8979.000426 -1.271714 0.538020 0.548808 -2.244140
 8980.000427 -1.100163 0.552882 0.577279 -10.853540
 8981.000427 -1.662523 0.570800 0.594385 6.155724
 8982.000427 -1.305615 0.541115 0.574839 -1.002660
 8983.000427 -1.919949 0.582439 0.623401 3.765908
 8984.000427 -1.301639 0.576250 0.589554 -1.124601
 8985.000427 -1.125491 0.598858 0.572844 -9.478404
 8986.000427 -0.981105 0.620795 0.635847 -17.741840
 8987.000427 -1.685039 0.608388 0.638896 6.066947
 8988.000427 -1.299333 0.589150 0.557489 -1.190041
 8989.000427 -1.054688 0.537811 0.565659 -13.370072
 8990.000427 -1.280315 0.524131 0.546206 -1.816351
 8991.000427 -1.626586 0.565600 0.617739 6.170455
 8992.000427 -1.506453 0.554411 0.574972 4.665482
 8993.000427 -1.233005 0.568689 0.572946 -3.759583
 8994.000427 -1.090915 0.570479 0.610043 -11.261461
 8995.000427 -1.698726 0.591898 0.592209 6.059912
 8996.000427 -1.273455 0.591952 0.585411 -2.402702
 8997.000427 -1.316694 0.585349 0.589268 -0.889800
 8998.000427 -1.169276 0.574612 0.581441 -7.298610
 8999.000427 -1.395487 0.563853 0.528473 1.847604
 9000.000427 -1.334540 0.531942 0.530697 -0.245368
 9001.000428 -1.083400 0.545402 0.620966 -11.980492
 9002.000428 -1.774023 0.641653 0.626574 5.509251
 9003.000428 -1.194945 0.600336 0.597353 -5.889444
 9004.000428 -1.386703 0.531901 0.624671 1.620877
 9005.000428 -1.482758 0.657744 0.659655 3.775751
 9006.000428 -1.314162 0.626396 0.651281 -0.934865
 9007.000428 -1.615137 0.525665 0.579320 5.753911
 9008.000428 -0.933873 0.594811 0.582386 -20.237106
 9009.000428 -1.527905 0.538927 0.605394 4.760334
 9010.000428 -1.061313 0.584083 0.541305 -13.215212
 9011.000428 -1.340843 0.555389 0.558008 0.013690
 9012.000428 -1.137543 0.514506 0.542133 -9.065580
 9013.000428 -2.041901 0.576458 0.550380 1.212182
 9014.000428 -1.404580 0.618056 0.621108 2.087041
 9015.000428 -1.063806 0.572393 0.599595 -13.035643
 9016.000428 -1.732875 0.560492 0.600890 5.666902
 9017.000428 -1.972808 0.577306 0.611181 2.658936
 9018.000428 -1.694559 0.587507 0.585338 5.704720
 9019.000428 -1.238054 0.518634 0.554180 -3.533979
 9020.000428 -1.216758 0.590823 0.580972 -4.483604
 9021.000428 -1.428599 0.565677 0.595444 2.883894
 9022.000429 -1.989395 0.519754 0.614341 2.713892
 9023.000429 -1.109690 0.541380 0.593836 -10.238289
 9024.000429 -1.215052 0.563901 0.612043 -4.546436
 9025.000429 -1.880733 0.537026 0.558696 4.397438
 9026.000429 -1.901013 0.548147 0.590857 4.081034
 9027.000429 -1.843204 0.497370 0.573391 4.895601
 9028.000429 -1.466085 0.521333 0.567806 3.692255
 9029.000429 -1.295091 0.550101 0.574984 -1.250738
 9030.000429 -1.282024 0.593116 0.557053 -1.696093
 9031.000429 -1.717032 0.555802 0.559944 6.018679
 9032.000429 -0.904981 0.542474 0.565525 -21.271057
 9033.000429 -1.253427 0.626932 0.584210 -2.809343
 9034.000429 -1.470769 0.606301 0.590608 3.814891
 9035.000429 -1.373973 0.603429 0.565283 1.558765
 9036.000429 -1.062087 0.576149 0.567573 -12.775906
 9037.000429 -1.132190 0.600281 0.587571 -9.013490
 9038.000429 -1.288156 0.612857 0.569912 -1.449340
 9039.000429 -1.857128 0.547115 0.578857 4.742587
 9040.000429 -1.231095 0.617990 0.601582 -3.743543
 9041.000429 -1.624578 0.524469 0.600360 6.129928
 9042.000429 -1.457725 0.559196 0.537264 3.518714
 9043.000430 -1.345074 0.577879 0.563943 0.515473
 9044.000430 -1.851275 0.506193 0.551877 4.817330
 9045.000430 -1.513083 0.514200 0.546230 4.786049
 9046.000430 -1.596414 0.569190 0.565596 5.907272
 9047.000430 -1.675218 0.563640 0.594265 6.144259
 9048.000430 -1.665518 0.568078 0.569558 6.196889
 9049.000430 -1.080393 0.583060 0.568879 -11.712649
 9050.000430 -1.343784 0.547097 0.514644 0.471101
 9051.000430 -1.154730 0.537069 0.563616 -7.728607
 9052.000430 -1.181806 0.580417 0.558292 -6.181976
 9053.000430 -1.432791 0.500786 0.539604 2.997092
 9054.000430 -1.320843 0.488402 0.557596 -0.321869
 9055.000430 -1.479675 0.547578 0.641776 4.052178
 9056.000430 -1.548149 0.570362 0.587880 5.390695
 9057.000430 -1.638208 0.556040 0.619316 6.215644
 9058.000430 -1.578002 0.557226 0.568555 5.747143
 9059.000430 -1.146284 0.521032 0.580225 -8.171730
 9060.000430 -1.515605 0.526452 0.521766 4.858662
 9061.000430 -1.361035 0.503665 0.573560 1.121583
 9062.000430 -1.133112 0.540772 0.563906 -8.887758
 9063.000430 -1.193279 0.517548 0.529361 -5.562925
 9064.000431 -1.009247 0.545989 0.603745 -16.177431
 9065.000431 -1.296272 0.545847 0.582967 -1.113331
 9066.000431 -1.328615 0.530834 0.594037 -0.020314
 9067.000431 -1.172885 0.507958 0.628377 -6.626627
 9068.000431 -1.319251 0.547327 0.556619 -0.317904
 9069.000431 -1.206963 0.548427 0.541135 -4.856569
 9070.000431 -1.149879 0.594809 0.596110 -7.862463
 9071.000431 -1.059441 0.538760 0.563722 -12.839696
 9072.000431 -1.361076 0.591414 0.612127 1.153393
 9073.000431 -0.837245 0.556859 0.557530 -23.355907
 9074.000431 -1.766723 0.558553 0.561500 5.835841
 9075.000431 -0.938282 0.536543 0.549890 -19.735745
 9076.000431 -1.898182 0.573720 0.555700 4.096484
 9077.000431 -0.992865 0.606727 0.590738 -17.091087
 9078.000431 -0.955583 0.535917 0.535231 -18.841241
 9079.000431 -1.349447 0.575505 0.563572 0.721549
 9080.000431 -1.375186 0.608411 0.600130 1.618882
 9081.000431 -1.372791 0.574076 0.616830 1.559475
 9082.000431 -1.319892 0.610575 0.562764 -0.247348
 9083.000431 -1.525689 0.611967 0.633634 5.020538
 9084.000431 -1.830106 0.534764 0.601644 5.009813
 9085.000432 -1.716800 0.583997 0.601276 5.976263
 9086.000432 -1.041302 0.541075 0.633554 -14.021984
 9087.000432 -1.044788 0.535219 0.565978 -13.766963
 9088.000432 -1.697529 0.499593 0.549214 6.023144
 9089.000432 -1.508127 0.530020 0.554919 4.683857
 9090.000432 -1.621972 0.529499 0.579868 6.096975
 9091.000432 -1.423369 0.556228 0.604702 2.790929
 9092.000432 -1.134296 0.576730 0.610825 -8.762527
 9093.000432 -1.009314 0.544341 0.558849 -16.044583
 9094.000432 -1.679782 0.570072 0.615313 6.114420
 9095.000432 -1.402651 0.583588 0.591120 2.382832
 9096.000432 -1.086965 0.563530 0.610694 -11.257290
 9097.000432 -0.854221 0.594096 0.584437 -22.929694
 9098.000432 -0.958828 0.675023 0.643363 -18.600960
 9099.000432 -1.466858 0.614589 0.624385 3.736650
 9100.000432 -0.912570 0.609546 0.608703 -20.912343
 9101.000432 -1.377340 0.603803 0.573681 1.729209
 9102.000432 -1.470275 0.560764 0.606435 3.831926
 9103.000432 -1.054092 0.574485 0.594459 -13.115402
 9104.000432 -1.509120 0.592492 0.631679 4.719616
 9105.000432 -1.237025 0.523535 0.628334 -3.516792
 9106.000433 -1.134438 0.655763 0.621805 -8.735356
 9107.000433 -1.120236 0.601674 0.577387 -9.470786
 9108.000433 -1.007317 0.601824 0.604650 -16.073910
 9109.000433 -1.840706 0.554286 0.580180 4.881440
 9110.000433 -1.063058 0.562442 0.629442 -12.504718
 9111.000433 -1.371263 0.563448 0.571780 1.548136
 9112.000433 -1.339532 0.524309 0.562049 0.452265
 9113.000433 -1.303546 0.593501 0.614628 -0.770504
 9114.000433 -1.550661 0.572883 0.593809 5.409606
 9115.000433 -1.454719 0.630329 0.644286 3.485782
 9116.000433 -1.560471 0.520378 0.536409 5.536206
 9117.000433 -1.495396 0.586491 0.617410 4.453829
 9118.000433 -1.839644 0.563712 0.592821 4.897230
 9119.000433 -1.324664 0.559737 0.611267 -0.046267
 9120.000433 -1.350247 0.576117 0.602715 0.852031
 9121.000433 -1.490836 0.589540 0.620256 4.360852
 9122.000433 -1.158923 0.534007 0.584790 -7.385536
 9123.000433 -1.327597 0.560547 0.601265 0.085861
 9124.000433 -2.064110 0.542011 0.571814 0.918344
 9125.000433 -1.089816 0.555713 0.594283 -11.005765
 9126.000433 -1.193397 0.600642 0.610782 -5.557753
 9127.000434 -1.115610 0.581980 0.611869 -9.655387
 9128.000434 -1.859987 0.533174 0.584014 4.679866
 9129.000434 -1.173553 0.528196 0.586140 -6.555663
 9130.000434 -2.214910 0.531872 0.586331 -2.147005
 9131.000434 -1.386108 0.531771 0.568815 2.019348
 9132.000434 -1.406598 0.550419 0.572267 2.522352
 9133.000434 -1.416340 0.575805 0.615179 2.730785
 9134.000434 -1.493317 0.570134 0.627313 4.424834
 9135.000434 -1.302694 0.558768 0.551110 -0.742917
 9136.000434 -1.060784 0.527198 0.572189 -12.576656
 9137.000434 -1.683013 0.575953 0.633149 6.085508
 9138.000434 -1.518419 0.579964 0.593813 4.936163
 9139.000434 -1.461447 0.524135 0.590942 3.695840
 9140.000434 -2.180931 0.582796 0.638058 -1.711191
 9141.000434 -1.476059 0.596895 0.572806 4.059918
 9142.000434 -1.720618 0.550056 0.547658 5.973777
 9143.000434 -1.352403 0.568706 0.650293 0.969129
 9144.000434 -2.005926 0.602515 0.653726 2.244621
 9145.000434 -1.617612 0.564407 0.589223 6.056222
 9146.000434 -1.827199 0.519333 0.592998 5.034925
 9147.000434 -1.864492 0.524980 0.553089 4.628272
 9148.000435 -1.343031 0.540003 0.570026 0.652730
 9149.000435 -1.773112 0.577996 0.567774 5.758922
 9150.000435 -1.396509 0.567033 0.605059 2.319691
 9151.000435 -1.485158 0.571149 0.597530 4.271260
 9152.000435 -1.279327 0.525352 0.574256 -1.614281
 9153.000435 -1.286465 0.552615 0.547309 -1.306710
 9154.000435 -1.491195 0.573906 0.592194 4.416112
 9155.000435 -1.403095 0.576265 0.550327 2.482364
 9156.000435 -1.496996 0.535552 0.562304 4.549501
 9157.000435 -1.188140 0.557720 0.543260 -5.806565
 9158.000435 -1.429594 0.522383 0.543276 3.033836
 9159.000435 -1.718325 0.550281 0.561412 5.976815
 9160.000435 -1.238817 0.565078 0.523899 -3.391473
 9161.000435 -1.281954 0.562688 0.641400 -1.473693
 9162.000435 -1.582295 0.642571 0.626370 5.738980
 9163.000435 -1.428594 0.567161 0.588369 3.019884
 9164.000435 -1.670131 0.559133 0.609342 6.149211
 9165.000435 -1.730097 0.519617 0.624015 5.979374
 9166.000435 -0.994109 0.576752 0.596353 -16.786481
 9167.000435 -1.376897 0.572784 0.565996 1.823506
 9168.000435 -0.969214 0.550067 0.599214 -18.023729
 9169.000436 -0.972392 0.532076 0.593474 -17.843718
 9170.000436 -1.542902 0.596548 0.608554 5.323370
 9171.000436 -1.775704 0.599683 0.603782 5.739292
 9172.000436 -1.578441 0.579169 0.597628 5.712418
 9173.000436 -1.853772 0.557413 0.584668 4.743583
 9174.000436 -1.127981 0.587393 0.595729 -8.998758
 9175.000436 -1.642730 0.513297 0.545643 6.187391
 9176.000436 -1.712315 0.541353 0.590097 6.000745
 9177.000436 -1.559084 0.568327 0.582272 5.528523
 9178.000436 -1.475153 0.542306 0.600708 4.061220
 9179.000436 -1.703999 0.545332 0.560643 6.024684
 9180.000436 -1.348267 0.554161 0.600065 0.858110
 9181.000436 -1.465214 0.596540 0.578830 3.832946
 9182.000436 -1.398170 0.589633 0.581279 2.401082
 9183.000436 -1.275441 0.602739 0.542841 -1.739709
 9184.000436 -1.622820 0.569276 0.575622 6.098643
 9185.000436 -1.508419 0.566908 0.574705 4.787212
 9186.000436 -1.228815 0.555655 0.583191 -3.828458
 9187.000436 -1.544578 0.551272 0.601230 5.366812
 9188.000436 -0.999297 0.619773 0.640902 -16.498551
 9189.000436 -1.346592 0.533944 0.523000 0.817564
 9190.000437 -1.760673 0.529373 0.581118 5.888854
 9191.000437 -2.078918 0.542638 0.618245 0.508873
 9192.000437 -1.493285 0.512537 0.576950 4.499798
 9193.000437 -1.379965 0.621724 0.622278 1.928956
 9194.000437 -1.258763 0.570678 0.654332 -2.448461
 9195.000437 -1.854134 0.547314 0.586024 4.724862
 9196.000437 -1.734520 0.577670 0.571607 5.998635
 9197.000437 -1.962813 0.545371 0.538229 2.991050
 9198.000437 -1.469428 0.528019 0.518579 3.960790
 9199.000437 -1.136924 0.592186 0.590343 -8.537379
 9200.000437 -1.824897 0.561280 0.595765 5.058203
 9201.000437 -1.641405 0.588044 0.588508 6.184657
 9202.000437 -1.732220 0.545813 0.559767 6.006174
 9203.000437 -1.839309 0.534697 0.535439 4.900162
 9204.000437 -1.145418 0.542043 0.597810 -8.069554
 9205.000437 -1.684540 0.529195 0.609250 6.104225
 9206.000437 -1.152992 0.490513 0.570524 -7.646640
 9207.000437 -1.540575 0.540581 0.592655 5.309438
 9208.000437 -1.506538 0.495250 0.535268 4.775158
 9209.000437 -1.412049 0.574742 0.606211 2.702705
 9210.000437 -1.198449 0.530612 0.585318 -5.263617
 9211.000437 -0.632179 0.592299 0.622330 -25.693651
 9212.000438 -1.535482 0.516818 0.570404 5.255719
 9213.000438 -1.760394 0.528532 0.609894 5.905637
 9214.000438 -1.700821 0.577942 0.529772 6.050153
 9215.000438 -1.721269 0.546743 0.596877 6.038013
 9216.000438 -1.345567 0.534510 0.576505 0.783755
 9217.000438 -1.287570 0.515478 0.560202 -1.236992
 9218.000438 -1.570639 0.515935 0.571625 5.648511
 9219.000438 -1.378469 0.552183 0.560979 1.887167
 9220.000438 -1.613742 0.541645 0.616314 6.025492
 9221.000438 -1.412856 0.512844 0.541047 2.725760
 9222.000438 -1.894575 0.493980 0.611056 4.109777
 9223.000438 -1.948988 0.565723 0.570976 3.171364
 9224.000438 -1.659505 0.533914 0.573510 6.204362
 9225.000438 -0.935254 0.581691 0.577955 -19.754568
 9226.000438 -1.256946 0.614676 0.624096 -2.531085
 9227.000438 -1.088515 0.564957 0.571695 -11.026710
 9228.000438 -1.373495 0.478779 0.566173 1.756117
 9229.000438 -1.727944 0.560850 0.575814 6.036821
 9230.000438 -1.531895 0.522293 0.540177 5.206478
 9231.000438 -1.736440 0.537924 0.573022 6.035651
 9232.000438 -1.641562 0.530038 0.618662 6.199323
 9233.000439 -1.706683 0.516188 0.577106 6.068581
 9234.000439 -1.551293 0.551167 0.602180 5.461766
 9235.000439 -1.696870 0.551391 0.561094 6.099129
 9236.000439 -1.791612 0.504322 0.575206 5.536697
 9237.000439 -1.440652 0.558096 0.660473 3.277714
 9238.000439 -1.739663 0.530918 0.628294 6.054719
 9239.000439 -1.663397 0.538481 0.578987 6.220174
 9240.000439 -1.669836 0.560953 0.562374 6.213467
 9241.000439 -1.445310 0.511029 0.560032 3.385670
 9242.000439 -1.119495 0.622368 0.593393 -9.430591
 9243.000439 -1.503610 0.538710 0.581750 4.719703
