Compound,Replica,Offset,Phe389_Score_Sum_Mean,Phe390_Score_Sum_Mean,strength_389,strength_390,strength_combined,quality_score_389,quality_score_390,major_contributor_389,major_contributor_390,avg_angle_389,avg_angle_390,std_angle_389,std_angle_390
20251216_D2_Lisu_Boltz,charmm-gui-6586474763_gromacs_replicate_1,-29,3.0599280023332875,2.569405458823252,6.256186005676954e-05,5.395214479193145e-05,5.8257002424350496e-05,0.00010084887752750516,0.00010833777598315077,4,8,0.774909247657741,0.674494140938071,0.12498332160112138,0.21381419161472062
