Compound,Replica,Offset,Phe389_Score_Sum_Mean,Phe390_Score_Sum_Mean,strength_389,strength_390,strength_combined,quality_score_389,quality_score_390,major_contributor_389,major_contributor_390,avg_angle_389,avg_angle_390,std_angle_389,std_angle_390
20251216_D2_Lisu_Boltz,charmm-gui-6586474763_gromacs_replicate_3,-29,3.376475033058761,2.4459363724645478,6.848694786335913e-05,5.1916610087606555e-05,6.020177897548284e-05,9.435689146890252e-05,0.00010772286371168389,2,4,0.8214958063782146,0.650171356676274,0.08700427615357287,0.20821457275728122
