Compound,Replica,Offset,Phe389_Score_Sum_Mean,Phe390_Score_Sum_Mean,strength_389,strength_390,strength_combined,quality_score_389,quality_score_390,major_contributor_389,major_contributor_390,avg_angle_389,avg_angle_390,std_angle_389,std_angle_390
20251130_D2_BRE_boltz,charmm-gui-6451161009_gromacs_replicate_3,-29,2.9618153179736546,2.767869413919991,5.554457828049197e-05,5.3780853801657904e-05,5.4662716041074936e-05,9.521085261095548e-05,9.08138778997415e-05,2,8,0.7268851744937228,0.6265603745125118,0.2162261752619009,0.22289954686540125
