1
                 Chemistry at HARvard Macromolecular Mechanics
           (CHARMM) - Developmental Version 47a2   February 15, 2021            
                                Revision unknown                                
       Copyright(c) 1984-2020  President and Fellows of Harvard College
                              All Rights Reserved
             Current operating system: Linux-6.1.0-41-amd64(x86_64)             
                 Created on  2/8/26 at  2:13:41 by user: charmm-gui  

            Maximum number of ATOMS:    360720, and RESidues:      120240
 RDTITL> * GENERATED BY CHARMM-GUI (HTTP://WWW.CHARMM-GUI.ORG) V3.7 ON FEB, 08. 2026. JOBID=7053423404
 RDTITL> * REPLACE PACKED BIG SPHERES BY LIPID MOLECULES OF RANDOM CONFORMATION
 RDTITL> *
  
 CHARMM>     
  
 CHARMM>    DIMENS CHSIZE 5000000 MAXRES 3000000
Size      Original         New
MAXA        360720     5000000
MAXB        360720     5000000
MAXT        721440    10000000
MAXP       1082160    15000000
MAXIMP      180360     2500000
MAXNB        90180     1250000
MAXPAD      360720     5000000
MAXRES      120240     3000000
MAXSEG       45090      625000
MAXATC        1400
MAXCB         3000
MAXCT        50000
MAXCP        50000
MAXCI         1200
MAXCH         6400
MAXCN       502503
MAXCRT      120240     1666666
  
 CHARMM>     
  
 CHARMM>    ! Read topology and parameter files
 CHARMM>    stream toppar.str
 VOPEN> Attempting to open::toppar.str::
 OPNLGU> Unit 99 opened for READONLY access to toppar.str

                    INPUT STREAM SWITCHING TO UNIT    99
 RDTITL> * GENERATED BY CHARMM-GUI (HTTP://WWW.CHARMM-GUI.ORG) V3.7 ON FEB, 08. 2026. JOBID=7053423404
 RDTITL> * STREAM FILE FOR TOPOLOGY AND PARAMETER READING
 RDTITL> *
 Parameter: IN1 <- "" <empty>
  
 CHARMM>     
  
 CHARMM>    ! protein topology and parameter
 CHARMM>    open read card unit 10 name toppar/top_all36_prot.rtf
 VOPEN> Attempting to open::toppar/top_all36_prot.rtf::
 OPNLGU> Unit 10 opened for READONLY access to toppar/top_all36_prot.rtf
  
 CHARMM>    read  rtf card unit 10
 MAINIO> Residue topology file being read from unit  10.
 TITLE> *>>>>>>>>CHARMM36 ALL-HYDROGEN TOPOLOGY FILE FOR PROTEINS <<<<<<
 TITLE> *>>>>> INCLUDES PHI, PSI CROSS TERM MAP (CMAP) CORRECTION <<<<<<<
 TITLE> *>>>>>>>>>>>>>>>>>>>>>>>>>> MAY 2011 <<<<<<<<<<<<<<<<<<<<<<<<<<<<
 TITLE> * ALL COMMENTS TO THE CHARMM WEB SITE: WWW.CHARMM.ORG
 TITLE> *             PARAMETER SET DISCUSSION FORUM
 TITLE> *
  
 CHARMM>     
  
 CHARMM>    open read card unit 20 name toppar/par_all36m_prot.prm
 VOPEN> Attempting to open::toppar/par_all36m_prot.prm::
 OPNLGU> Unit 20 opened for READONLY access to toppar/par_all36m_prot.prm
  
 CHARMM>    read para card unit 20 flex

          PARAMETER FILE BEING READ FROM UNIT 20
 TITLE> *>>>> CHARMM36 ALL-HYDROGEN PARAMETER FILE FOR PROTEINS <<<<<<<<<<
 TITLE> *>>>>> INCLUDES PHI, PSI CROSS TERM MAP (CMAP) CORRECTION <<<<<<<<
 TITLE> *>>>>>>>>>>>>>>>>>>>>>>>>>> JAN. 2016 <<<<<<<<<<<<<<<<<<<<<<<<<<<<
 TITLE> * ALL COMMENTS TO THE CHARMM WEB SITE: WWW.CHARMM.ORG
 TITLE> *             PARAMETER SET DISCUSSION FORUM
 TITLE> *
 PARMIO> NONBOND, HBOND lists and IMAGE atoms cleared.
  
 CHARMM>     
  
 CHARMM>    ! nucleic acids
 CHARMM>    open read card unit 10 name toppar/top_all36_na.rtf
 OPNLGU> Unit already open. The old file will be closed first.
 VCLOSE: Closing unit   10 with status "KEEP"
 VOPEN> Attempting to open::toppar/top_all36_na.rtf::
 OPNLGU> Unit 10 opened for READONLY access to toppar/top_all36_na.rtf
  
 CHARMM>    read  rtf card unit 10 append
 MAINIO> Residue topology file being read from unit  10.
 TITLE> *  \\\\ CHARMM36 ALL-HYDROGEN NUCLEIC ACID TOPOLOGY FILE ////
 TITLE> *   ALEXANDER D. MACKERELL JR. AND COWORKERS
 TITLE> *                      APRIL 2011
 TITLE> * ALL COMMENTS TO THE CHARMM WEB SITE: WWW.CHARMM.ORG
 TITLE> *           PARAMETER SET DISCUSSION FORUM
 TITLE> *
  
 CHARMM>     
  
 CHARMM>    open read card unit 20 name toppar/par_all36_na.prm
 OPNLGU> Unit already open. The old file will be closed first.
 VCLOSE: Closing unit   20 with status "KEEP"
 VOPEN> Attempting to open::toppar/par_all36_na.prm::
 OPNLGU> Unit 20 opened for READONLY access to toppar/par_all36_na.prm
  
 CHARMM>    read para card unit 20 append flex

          PARAMETER FILE BEING READ FROM UNIT 20
 TITLE> * \\\\ CHARMM36 ALL-HYDROGEN NUCLEIC ACID PARAMETER FILE ////
 TITLE> *         ALEXANDER D. MACKERELL JR. AND COWORKERS
 TITLE> *                        APRIL 2011
 TITLE> * ALL COMMENTS TO THE CHARMM WEB SITE: WWW.CHARMM.ORG PARAMETER
 TITLE> *                     SET DISCUSSION FORUM
 TITLE> *
 PARMIO> NONBOND, HBOND lists and IMAGE atoms cleared.
  
 CHARMM>     
  
 CHARMM>    ! carbohydrates
 CHARMM>    open read card unit 10 name toppar/top_all36_carb.rtf
 OPNLGU> Unit already open. The old file will be closed first.
 VCLOSE: Closing unit   10 with status "KEEP"
 VOPEN> Attempting to open::toppar/top_all36_carb.rtf::
 OPNLGU> Unit 10 opened for READONLY access to toppar/top_all36_carb.rtf
  
 CHARMM>    read  rtf card unit 10 append
 MAINIO> Residue topology file being read from unit  10.
 TITLE> * $ID: TOP_ALLXX_SUGAR.INP,V 1.106 2014/08/19 19:07:43 ALEX EXP $
 TITLE> *>>>>>>>>>>>> ALL-HYDROGEN TOPOLOGIES USED IN THE <<<<<<<<<<<<<<<<
 TITLE> *>>>>> DEVELOPMENT OF THE CHARMM CARBOHYDRATE  FORCE FIELD<<<<<<<<
 TITLE> *>>>>>>>>>>>>>>>>>>>>>>>>> JUNE 2009 <<<<<<<<<<<<<<<<<<<<<<<<<<<<<
 TITLE> *>>>>>>>> DIRECT COMMENTS TO ALEXANDER D. MACKERELL JR. <<<<<<<<<<
 TITLE> *>>>>>>>>>> VIA THE CHARMM WEB SITE: WWW.CHARMM.ORG <<<<<<<<<<<<<<
 TITLE> *>>>>>>>>>>>>>>> PARAMETER SET DISCUSSION FORUM <<<<<<<<<<<<<<<<<<
 TITLE> *
  
 CHARMM>     
  
 CHARMM>    open read card unit 20 name toppar/par_all36_carb.prm
 OPNLGU> Unit already open. The old file will be closed first.
 VCLOSE: Closing unit   20 with status "KEEP"
 VOPEN> Attempting to open::toppar/par_all36_carb.prm::
 OPNLGU> Unit 20 opened for READONLY access to toppar/par_all36_carb.prm
  
 CHARMM>    read para card unit 20 append flex

          PARAMETER FILE BEING READ FROM UNIT 20
 TITLE> * $ID: PAR_ALLXX_SUGAR.INP,V 1.132 2014/08/19 19:03:21 ALEX EXP $
 TITLE> *>>>>>>>>>>>> ALL-HYDROGEN PARAMETERS USED IN THE <<<<<<<<<<<<<<<<
 TITLE> *>>>>> DEVELOPMENT OF THE CHARMM CARBOHYDRATE  FORCE FIELD<<<<<<<<
 TITLE> *>>>>>>>>>>>>>>>>>>>>>>>>> JUNE 2009 <<<<<<<<<<<<<<<<<<<<<<<<<<<<<
 TITLE> *>>>>>>>> DIRECT COMMENTS TO ALEXANDER D. MACKERELL JR. <<<<<<<<<<
 TITLE> *>>>>>>>>>> VIA THE CHARMM WEB SITE: WWW.CHARMM.ORG <<<<<<<<<<<<<<
 TITLE> *>>>>>>>>>>>>>>> PARAMETER SET DISCUSSION FORUM <<<<<<<<<<<<<<<<<<
 TITLE> *
 PARMIO> NONBOND, HBOND lists and IMAGE atoms cleared.
  
 CHARMM>     
  
 CHARMM>    ! lipids
 CHARMM>    open read card unit 10 name toppar/top_all36_lipid.rtf
 OPNLGU> Unit already open. The old file will be closed first.
 VCLOSE: Closing unit   10 with status "KEEP"
 VOPEN> Attempting to open::toppar/top_all36_lipid.rtf::
 OPNLGU> Unit 10 opened for READONLY access to toppar/top_all36_lipid.rtf
  
 CHARMM>    read  rtf card unit 10 append
 MAINIO> Residue topology file being read from unit  10.
 TITLE> *  \\\\\\\ CHARMM36 ALL-HYDROGEN LIPID TOPOLOGY FILE ///////
 TITLE> *  ALL COMMENTS AND QUESTIONS SHOULD BE SUBMITTED TO THE
 TITLE> *  PARAMETER FORUM AT THE CHARMM WEBSITE: WWW.CHARMM.ORG
 TITLE> *
  
 CHARMM>     
  
 CHARMM>    open read card unit 20 name toppar/par_all36_lipid.prm
 OPNLGU> Unit already open. The old file will be closed first.
 VCLOSE: Closing unit   20 with status "KEEP"
 VOPEN> Attempting to open::toppar/par_all36_lipid.prm::
 OPNLGU> Unit 20 opened for READONLY access to toppar/par_all36_lipid.prm
  
 CHARMM>    read para card unit 20 append flex

          PARAMETER FILE BEING READ FROM UNIT 20
 TITLE> *  \\\\\\\ CHARMM36 ALL-HYDROGEN LIPID PARAMETER FILE ///////
 TITLE> *  ALL COMMENTS AND QUESTIONS SHOULD BE SUBMITTED TO THE
 TITLE> *  PARAMETER FORUM AT THE CHARMM WEBSITE: WWW.CHARMM.ORG
 TITLE> *
 PARMIO> NONBOND, HBOND lists and IMAGE atoms cleared.
  
 CHARMM>     
  
 CHARMM>    ! CGENFF
 CHARMM>    open read card unit 10 name toppar/top_all36_cgenff.rtf
 OPNLGU> Unit already open. The old file will be closed first.
 VCLOSE: Closing unit   10 with status "KEEP"
 VOPEN> Attempting to open::toppar/top_all36_cgenff.rtf::
 OPNLGU> Unit 10 opened for READONLY access to toppar/top_all36_cgenff.rtf
  
 CHARMM>    read  rtf card unit 10 append
 MAINIO> Residue topology file being read from unit  10.
 TITLE> *  --------------------------------------------------------------------------  *
 TITLE> *          CGENFF: TOPOLOGY FOR THE CHARMM GENERAL FORCE FIELD V. 5.0          *
 TITLE> *                    FOR SMALL MOLECULE DRUG DESIGN                            *
 TITLE> *  --------------------------------------------------------------------------  *
 TITLE> *

 DRUDES PARTICLES WILL BE GENERATED AUTOMATICALLY FOR ALL ATOMS WITH NON-ZERO ALPHA
 Thole-type dipole screening, Slater-Delta shape {S(u) = 1 - (1+u/2)*exp(-u)}, default radius =  1.300000
  
 CHARMM>     
  
 CHARMM>    open read card unit 20 name toppar/par_all36_cgenff.prm
 OPNLGU> Unit already open. The old file will be closed first.
 VCLOSE: Closing unit   20 with status "KEEP"
 VOPEN> Attempting to open::toppar/par_all36_cgenff.prm::
 OPNLGU> Unit 20 opened for READONLY access to toppar/par_all36_cgenff.prm
  
 CHARMM>    read para card unit 20 append flex

          PARAMETER FILE BEING READ FROM UNIT 20
 TITLE> *  --------------------------------------------------------------------------  *
 TITLE> *         CGENFF: PARAMETERS FOR THE CHARMM GENERAL FORCE FIELD V. 5.0         *
 TITLE> *                    FOR SMALL MOLECULE DRUG DESIGN                            *
 TITLE> *  --------------------------------------------------------------------------  *
 TITLE> *  2017/8: IF PROTEIN, NUCLEIC ACID AND CARBOHYDRATE TOPOLOGY AND PARAMETER FILES
 TITLE> *  ARE NOT READ PRIOR TO THE CGENFF FILES "WARNING: ATOMS IN NBFIX ' errors will
 TITLE> *  BE ENCOUNTERED.  THESE CAN BE PASSED BY SETTING BOMLEV ( -2) PRIOR TO READING
 TITLE> *  THIS FILE. IN ADDITION, WHEN GENERATING AROMATIC HALOGENS (CL, BR, I) WITH
 TITLE> *  PRE C41B/C42A VERSIONS OF CHARMM "MISSING PARAMETER" ERRORS WILL BE
 TITLE> *  ENCOUNTERED THAT ALSO REQUIRE SETTING BOMLEV ( -2).
 TITLE> *
 PARRDR> WARNING: ATOM FOR NBOND SOD  DOESNT EXIST
 PARRDR> WARNING: ATOM FOR NBOND CLA  DOESNT EXIST
 PARMIO> NONBOND, HBOND lists and IMAGE atoms cleared.
  
 CHARMM>     
  
 CHARMM>    ! Phosphates and Sulfates
 CHARMM>    stream toppar/toppar_all36_moreions.str
 VOPEN> Attempting to open::toppar/toppar_all36_moreions.str::
 OPNLGU> Unit 98 opened for READONLY access to toppar/toppar_all36_moreions.str

                    INPUT STREAM SWITCHING TO UNIT    98
 RDTITL> * ADDITIONAL IONS GENERATED USING CGENFF
 RDTITL> *
 Parameter: IN1 <- "" <empty>
  
 CHARMM>     
  
 CHARMM>    set nat ?NATC
 RDCMND substituted energy or value "?NATC" to "350"
 Parameter: NAT <- "350"
  
 CHARMM>    set app
 Parameter: APP <- "" <empty>
  
 CHARMM>     
  
 CHARMM>    if "@NAT" ne "?NATC" if @nat ne 0 set app append
 Parameter: NAT -> "350"
 Parameter: NAT -> "350"
 RDCMND: can not substitute energy "?NATC""
 Comparing ""350"" and ""?NATC"".
 IF test evaluated as true.  Performing command
 Comparing "350" and "0".
 IF test evaluated as true.  Performing command
 Parameter: APP <- "APPEND"
  
 CHARMM>     
  
 CHARMM>    read rtf card @app
 Parameter: APP -> "APPEND"
 MAINIO> Residue topology file being read from unit  98.
 RDTITL> * TOPOLOGIES GENERATED BY
 RDTITL> * CHARMM GENERAL FORCE FIELD (CGENFF) PROGRAM VERSION 2.4.0
 RDTITL> *
  
 CHARMM>     
  
 CHARMM>    read para card flex @app
 Parameter: APP -> "APPEND"

          PARAMETER FILE BEING READ FROM UNIT 98
 RDTITL> * PARAMETERS GENERATED BY ANALOGY BY
 RDTITL> * CHARMM GENERAL FORCE FIELD (CGENFF) PROGRAM VERSION 2.4.0
 RDTITL> *
 PARRDR> Error: Repeated BOND parameter (  1720): OG31  SG3O is replaced
 PARRDR> Error: Repeated ANGLE parameter (  7902): OG2P  SG3O  OG31 is replaced
 PARRDR> Error: Repeated ANGLE parameter (  7582): SG3O  OG31  HGP1 is replaced
 PARRDR> Error: Repeated DIHE parameter ( 31803): HGP1  OG31  SG3O  OG2P is replaced
 PARRDR> Error: Repeated DIHE parameter ( 31804): HGP1  OG31  SG3O  OG2P is replaced
 PARRDR> Error: Repeated DIHE parameter ( 31805): HGP1  OG31  SG3O  OG2P is replaced
 PARRDR> Error: Repeated DIHE parameter ( 31806): HGP1  OG31  SG3O  OG2P is replaced
 PARMIO> NONBOND, HBOND lists and IMAGE atoms cleared.
  
 CHARMM>     
  
 VCLOSE: Closing unit   98 with status "KEEP"

                    RETURNING TO INPUT STREAM    99
  
 CHARMM>     
  
 CHARMM>    ! Interface FF
 CHARMM>    open read card unit 10 name toppar/top_interface.rtf
 OPNLGU> Unit already open. The old file will be closed first.
 VCLOSE: Closing unit   10 with status "KEEP"
 VOPEN> Attempting to open::toppar/top_interface.rtf::
 OPNLGU> Unit 10 opened for READONLY access to toppar/top_interface.rtf
  
 CHARMM>    read  rtf card unit 10 append
 MAINIO> Residue topology file being read from unit  10.
 TITLE> * INTERFACE FF
 TITLE> * TOPOLOGY FOR NANOMATERIALS
 TITLE> *
*** WARNING **** residue TSHO already exists (old one deleted)

      ***** LEVEL  1 WARNING FROM <RTFRDR> *****
      ***** Residue already exists.
      ******************************************
      BOMLEV (  0) IS NOT REACHED. WRNLEV IS  5

          PRES TSHO17      -1.050
*** WARNING **** residue TSHO already exists (old one deleted)

      ***** LEVEL  1 WARNING FROM <RTFRDR> *****
      ***** Residue already exists.
      ******************************************
      BOMLEV (  0) IS NOT REACHED. WRNLEV IS  5

          PRES TSHO21      -1.050
 There were   2 warning(s) from RTFRDR.
  
 CHARMM>     
  
 CHARMM>    open read card unit 10 name toppar/par_interface.prm
 OPNLGU> Unit already open. The old file will be closed first.
 VCLOSE: Closing unit   10 with status "KEEP"
 VOPEN> Attempting to open::toppar/par_interface.prm::
 OPNLGU> Unit 10 opened for READONLY access to toppar/par_interface.prm
  
 CHARMM>    read para card unit 10 append flex

          PARAMETER FILE BEING READ FROM UNIT 10
 TITLE> * INTERFACE FF
 TITLE> * TOPOLOGY AND PARAMETER FOR CALY MINERALS, CEMENT MINERALS
 TITLE> *
 PARRDR> Error: Repeated DIHE parameter ( 32527): HGR6  ICG1  ICG1  ICGE is replaced
 PARMIO> NONBOND, HBOND lists and IMAGE atoms cleared.
  
 CHARMM>     
  
 CHARMM>    stream toppar/toppar_all36_nano_lig.str
 VOPEN> Attempting to open::toppar/toppar_all36_nano_lig.str::
 OPNLGU> Unit 98 opened for READONLY access to toppar/toppar_all36_nano_lig.str

                    INPUT STREAM SWITCHING TO UNIT    98
 RDTITL> READ RTF CARD APPEND
 RDTITL> No title read.
 Parameter: IN1 <- "" <empty>
  
 CHARMM>    read rtf card append
 MAINIO> Residue topology file being read from unit  98.
 RDTITL> * TOPOLOGY FOR NANO-LIGAND
 RDTITL> *
  
 CHARMM>     
  
 CHARMM>    read param card flex append

          PARAMETER FILE BEING READ FROM UNIT 98
 RDTITL> * SYNTHETIC POLYMER PARAMETER
 RDTITL> *
 PARRDR> Error: Repeated ANGLE parameter (  4668): CG30  CG32  CG32 is replaced
 PARRDR> Error: Repeated DIHE parameter ( 22579): CG30  CG32  CG32  SG31 is replaced
 PARRDR> Error: Repeated DIHE parameter ( 22919): CG30  CG32  CG32  HGA2 is replaced
 PARRDR> Error: Repeated DIHE parameter ( 22695): CG32  CG32  CG32  SG31 is replaced
 PARRDR> Error: Repeated DIHE parameter ( 22920): CG30  CG32  CG32  HGP5 is replaced
 PARRDR> Error: Repeated DIHE parameter ( 22916): CG30  CG32  CG32  NG3P is replaced
 PARRDR> Error: Repeated DIHE parameter ( 19712): CG2R  CG31  CG32  CG32 is replaced
 PARRDR> Error: Repeated DIHE parameter ( 22795): NG31  CG32  CG32  SG31 is replaced
 PARRDR> Error: Repeated DIHE parameter ( 22796): NG31  CG32  CG32  SG31 is replaced
 PARRDR> Error: Repeated DIHE parameter ( 22797): NG31  CG32  CG32  SG31 is replaced
 PARRDR> Error: Repeated DIHE parameter ( 22376): CG2D  CG32  CG32  CG32 is replaced
 PARRDR> Error: Repeated DIHE parameter ( 22377): CG2D  CG32  CG32  CG32 is replaced
 PARRDR> Error: Repeated DIHE parameter ( 22378): CG2D  CG32  CG32  CG32 is replaced
 PARRDR> Error: Repeated DIHE parameter ( 22376): CG2D  CG32  CG32  CG32 is replaced
 PARRDR> Error: Repeated DIHE parameter ( 22377): CG2D  CG32  CG32  CG32 is replaced
 PARRDR> Error: Repeated DIHE parameter ( 22378): CG2D  CG32  CG32  CG32 is replaced
 PARRDR> Error: Repeated DIHE parameter ( 22376): CG2D  CG32  CG32  CG32 is replaced
 PARRDR> Error: Repeated DIHE parameter ( 22377): CG2D  CG32  CG32  CG32 is replaced
 PARRDR> Error: Repeated DIHE parameter ( 22378): CG2D  CG32  CG32  CG32 is replaced
 PARRDR> Error: Repeated DIHE parameter ( 19868): CG33  CG31  CG32  CG32 is replaced
 PARRDR> Error: Repeated DIHE parameter ( 22393): CG2D  CG32  CG32  SG31 is replaced
 PARRDR> Error: Repeated DIHE parameter ( 22394): CG2D  CG32  CG32  SG31 is replaced
 PARRDR> Error: Repeated DIHE parameter ( 22395): CG2D  CG32  CG32  SG31 is replaced
 PARRDR> Error: Repeated DIHE parameter ( 18389): CG32  CG30  CG32  CG32 is replaced
 PARRDR> Error: Repeated DIHE parameter ( 18417): CG33  CG30  CG32  CG32 is replaced
 PARMIO> NONBOND, HBOND lists and IMAGE atoms cleared.
  
 CHARMM>    RETURN
 VCLOSE: Closing unit   98 with status "KEEP"

                    RETURNING TO INPUT STREAM    99
  
 CHARMM>    stream toppar/toppar_all36_nano_lig_patch.str
 VOPEN> Attempting to open::toppar/toppar_all36_nano_lig_patch.str::
 OPNLGU> Unit 98 opened for READONLY access to toppar/toppar_all36_nano_lig_patch.str

                    INPUT STREAM SWITCHING TO UNIT    98
 RDTITL> READ RTF CARD APPEND
 RDTITL> No title read.
 Parameter: IN1 <- "" <empty>
  
 CHARMM>    read rtf card append
 MAINIO> Residue topology file being read from unit  98.
 RDTITL> * TOPOLOGY FOR SYNTHETIC_POLYMER
 RDTITL> *
  
 CHARMM>    RETURN
 VCLOSE: Closing unit   98 with status "KEEP"

                    RETURNING TO INPUT STREAM    99
  
 CHARMM>     
  
 CHARMM>    ! Additional topologies and parameters for synthetic polymer
 CHARMM>    stream toppar/toppar_all36_synthetic_polymer.str
 VOPEN> Attempting to open::toppar/toppar_all36_synthetic_polymer.str::
 OPNLGU> Unit 98 opened for READONLY access to toppar/toppar_all36_synthetic_polymer.str

                    INPUT STREAM SWITCHING TO UNIT    98
 RDTITL> READ RTF CARD APPEND
 RDTITL> No title read.
 Parameter: IN1 <- "" <empty>
  
 CHARMM>    read rtf card append
 MAINIO> Residue topology file being read from unit  98.
 RDTITL> * TOPOLOGY FOR SYNTHETIC_POLYMER
 RDTITL> *
  
 CHARMM>     
  
 CHARMM>    read param card flex append

          PARAMETER FILE BEING READ FROM UNIT 98
 RDTITL> * SYNTHETIC POLYMER PARAMETER
 RDTITL> *
 PARRDR> Error: Repeated BOND parameter (  1190): CG30  NG2S is replaced
 PARRDR> Error: Repeated BOND parameter (   709): CG2O  CG30 is replaced
 PARRDR> Error: Repeated BOND parameter (   703): CG2O  CG2R is replaced
 PARRDR> Error: Repeated BOND parameter (  1192): CG30  NG31 is replaced
 PARRDR> Error: Repeated BOND parameter (  1238): CG31  NG31 is replaced
 PARRDR> Error: Repeated BOND parameter (   774): CG2O  CG30 is replaced
 PARRDR> Error: Repeated BOND parameter (  1257): CG31  CG31 is replaced
 PARRDR> Error: Repeated ANGLE parameter (  4699): CG31  CG32  NG32 is replaced
 PARRDR> Error: Repeated ANGLE parameter (  3954): CG2O  CG31  NG31 is replaced
 PARRDR> Error: Repeated ANGLE parameter (  4008): CG2O  CG31  CG32 is replaced
 PARRDR> Error: Repeated ANGLE parameter (  3839): CG33  CG30  NG31 is replaced
 PARRDR> Error: Repeated ANGLE parameter (  4010): CG2O  CG31  CG33 is replaced
 PARRDR> Error: Repeated ANGLE parameter (  4477): CG2D  CG32  CG30 is replaced
 PARRDR> Error: Repeated ANGLE parameter (  3837): CG33  CG30  NG2S is replaced
 PARRDR> Error: Repeated ANGLE parameter (  6736): CG31  NG2R  CG3C is replaced
 PARRDR> Error: Repeated ANGLE parameter (  3725): CG2O  CG30  CG33 is replaced
 PARRDR> Error: Repeated ANGLE parameter (  7053): CG30  NG2S  HGP1 is replaced
 PARRDR> Error: Repeated ANGLE parameter (  4256): NG31  CG31  OG31 is replaced
 PARRDR> Error: Repeated ANGLE parameter (  3956): CG2O  CG31  OG30 is replaced
 PARRDR> Error: Repeated ANGLE parameter (  4702): CG31  CG32  OG30 is replaced
 PARRDR> Error: Repeated ANGLE parameter (  4013): CG2O  CG31  NG31 is replaced
 PARRDR> Error: Repeated ANGLE parameter (  7499): CG30  OG30  CG32 is replaced
 PARRDR> Error: Repeated ANGLE parameter (  4546): CG2O  CG32  OG30 is replaced
 PARRDR> Error: Repeated ANGLE parameter (  2004): CG2R  CG2O  OG2D is replaced
 PARRDR> Error: Repeated ANGLE parameter (  7020): CG2O  NG2S  CG30 is replaced
 PARRDR> Error: Repeated ANGLE parameter (  7197): CG30  NG31  HGPA is replaced
 PARRDR> Error: Repeated ANGLE parameter (  2178): CG31  CG2O  CG33 is replaced
 PARRDR> Error: Repeated ANGLE parameter (  3805): CG32  CG30  NG2S is replaced
 PARRDR> Error: Repeated ANGLE parameter (  4545): CG2O  CG32  NG31 is replaced
 PARRDR> Error: Repeated ANGLE parameter (  7204): CG31  NG31  HGPA is replaced
 PARRDR> Error: Repeated ANGLE parameter (  4489): CG2D  CG32  OG30 is replaced
 PARRDR> Error: Repeated ANGLE parameter (  7195): CG30  NG31  CG32 is replaced
 PARRDR> Error: Repeated ANGLE parameter (  4534): CG2O  CG32  CG30 is replaced
 PARRDR> Error: Repeated ANGLE parameter (  3724): CG2O  CG30  CG32 is replaced
 PARRDR> Error: Repeated ANGLE parameter (  2005): CG2R  CG2O  OG31 is replaced
 PARRDR> Error: Repeated ANGLE parameter (  4749): CG32  CG32  NG2R is replaced
 PARRDR> Error: Repeated ANGLE parameter (  2275): CG2O  CG2R  CG2R is replaced
 PARRDR> Error: Repeated ANGLE parameter (  2022): CG30  CG2O  OG2D is replaced
 PARRDR> Error: Repeated ANGLE parameter (  4257): NG31  CG31  HGA1 is replaced
 PARRDR> Error: Repeated ANGLE parameter (  4201): CG33  CG31  NG31 is replaced
 PARRDR> Error: Repeated ANGLE parameter (  4064): CG2R  CG31  NG31 is replaced
 PARRDR> Error: Repeated ANGLE parameter (  7200): CG31  NG31  CG32 is replaced
 PARRDR> Error: Repeated ANGLE parameter (  3806): CG32  CG30  NG31 is replaced
 PARRDR> Error: Repeated ANGLE parameter (  4158): CG32  CG31  NG31 is replaced
 PARRDR> Error: Repeated ANGLE parameter (  2177): CG31  CG2O  CG32 is replaced
 PARRDR> Error: Repeated ANGLE parameter (  3737): CG2O  CG30  CG33 is replaced
 PARRDR> Error: Repeated ANGLE parameter (  2175): CG30  CG2O  OG2D is replaced
 PARRDR> Error: Repeated ANGLE parameter (  2172): CG30  CG2O  CG32 is replaced
 PARRDR> Error: Repeated ANGLE parameter (  2151): CG2O  CG2O  CG32 is replaced
 PARRDR> Error: Repeated ANGLE parameter (  4476): CG2D  CG32  CG2O is replaced
 PARRDR> Error: Repeated ANGLE parameter (  7013): CG2O  NG2S  CG2O is replaced
 PARRDR> Error: Repeated ANGLE parameter (  4530): CG2O  CG32  CG2O is replaced
 PARRDR> Error: Repeated ANGLE parameter (  4583): CG2O  CG32  CG31 is replaced
 PARRDR> Error: Repeated ANGLE parameter (  4002): CG2O  CG31  CG2O is replaced
 PARRDR> Error: Repeated ANGLE parameter (  3736): CG2O  CG30  CG32 is replaced
 PARRDR> Error: Repeated ANGLE parameter (  4003): CG2O  CG31  CG2R is replaced
 PARRDR> Error: Repeated ANGLE parameter (  3978): CG2O  CG31  CG2O is replaced
 PARRDR> Error: Repeated ANGLE parameter (  3943): CG2O  CG31  CG2O is replaced
 PARRDR> Error: Repeated ANGLE parameter (  4011): CG2O  CG31  NG2R is replaced
 PARRDR> Error: Repeated ANGLE parameter (  3962): CG2O  CG31  CG2O is replaced
 PARRDR> Error: Repeated ANGLE parameter (  4698): CG31  CG32  NG31 is replaced
 PARRDR> Error: Repeated ANGLE parameter (  4674): CG30  CG32  NG31 is replaced
 PARRDR> Error: Repeated ANGLE parameter (  3723): CG2O  CG30  CG31 is replaced
 PARRDR> Error: Repeated ANGLE parameter (  3812): CG32  CG30  OG31 is replaced
 PARRDR> Error: Repeated ANGLE parameter (  4006): CG2O  CG31  CG31 is replaced
 PARRDR> Error: Repeated ANGLE parameter (  4054): CG2R  CG31  CG31 is replaced
 PARRDR> Error: Repeated ANGLE parameter (  4676): CG30  CG32  OG31 is replaced
 PARRDR> Error: Repeated ANGLE parameter (  4926): CG32  CG32  CG33 is replaced
 PARRDR> Error: Repeated ANGLE parameter (  4925): CG32  CG32  CG32 is replaced
 PARRDR> Error: Repeated ANGLE parameter (  4311): CG31  CG31  FGA2 is replaced
 PARRDR> Error: Repeated ANGLE parameter (  3728): CG2O  CG30  CG32 is replaced
 PARRDR> Error: Repeated ANGLE parameter (  2023): CG30  CG2O  OG31 is replaced
 PARRDR> Error: Repeated ANGLE parameter (  3727): CG2O  CG30  CG2O is replaced
 PARRDR> Error: Repeated ANGLE parameter (  4186): CG32  CG31  NG31 is replaced
 PARRDR> Error: Repeated ANGLE parameter (  4102): CG31  CG31  CG32 is replaced
 PARRDR> Error: Repeated ANGLE parameter (  4009): CG2O  CG31  CG32 is replaced
 PARRDR> Error: Repeated ANGLE parameter (  4582): CG2O  CG32  CG30 is replaced
 PARRDR> Error: Repeated ANGLE parameter (  4672): CG30  CG32  NG2S is replaced
 PARRDR> Error: Repeated DIHE parameter ( 19844): CG32  CG31  CG32  CG31 is replaced
 PARRDR> Error: Repeated DIHE parameter ( 19822): CG32  CG31  CG32  NG32 is replaced
 PARRDR> Error: Repeated DIHE parameter ( 20218): HGA1  CG31  CG32  NG32 is replaced
 PARRDR> Error: Repeated DIHE parameter ( 24359): CG31  CG32  NG32  HGPA is replaced
 PARRDR> Error: Repeated DIHE parameter ( 12727): CG3C  CG2R  NG2R  CG31 is replaced
 PARRDR> Error: Repeated DIHE parameter ( 24397): CG2O  CG32  OG30  CG32 is replaced
 PARRDR> Error: Repeated DIHE parameter ( 24398): CG2O  CG32  OG30  CG32 is replaced
 PARRDR> Error: Repeated DIHE parameter ( 24399): CG2O  CG32  OG30  CG32 is replaced
 PARRDR> Error: Repeated DIHE parameter ( 21269): HGA1  CG31  NG31  HGPA is replaced
 PARRDR> Error: Repeated DIHE parameter ( 22546): CG2R  CG32  CG32  CG30 is replaced
 PARRDR> Error: Repeated DIHE parameter ( 21346): CG32  CG31  OG30  CG32 is replaced
 PARRDR> Error: Repeated DIHE parameter ( 21347): CG32  CG31  OG30  CG32 is replaced
 PARRDR> Error: Repeated DIHE parameter ( 21346): CG32  CG31  OG30  CG32 is replaced
 PARRDR> Error: Repeated DIHE parameter ( 21347): CG32  CG31  OG30  CG32 is replaced
 PARRDR> Error: Repeated DIHE parameter (  8768): OG2D  CG2O  CG31  NG31 is replaced
 PARRDR> Error: Repeated DIHE parameter (  7774): OG2D  CG2O  NG2S  CG30 is replaced
 PARRDR> Error: Repeated DIHE parameter ( 24338): HGA2  CG32  NG31  CG30 is replaced
 PARRDR> Error: Repeated DIHE parameter (  3574): CG2D  CG2D  CG32  OG30 is replaced
 PARRDR> Error: Repeated DIHE parameter (  3575): CG2D  CG2D  CG32  OG30 is replaced
 PARRDR> Error: Repeated DIHE parameter (  3576): CG2D  CG2D  CG32  OG30 is replaced
 PARRDR> Error: Repeated DIHE parameter (  3577): CG2D  CG2D  CG32  OG30 is replaced
 PARRDR> Error: Repeated DIHE parameter (  3574): CG2D  CG2D  CG32  OG30 is replaced
 PARRDR> Error: Repeated DIHE parameter (  3575): CG2D  CG2D  CG32  OG30 is replaced
 PARRDR> Error: Repeated DIHE parameter (  3576): CG2D  CG2D  CG32  OG30 is replaced
 PARRDR> Error: Repeated DIHE parameter (  3577): CG2D  CG2D  CG32  OG30 is replaced
 PARRDR> Error: Repeated DIHE parameter (  3574): CG2D  CG2D  CG32  OG30 is replaced
 PARRDR> Error: Repeated DIHE parameter (  3575): CG2D  CG2D  CG32  OG30 is replaced
 PARRDR> Error: Repeated DIHE parameter (  3576): CG2D  CG2D  CG32  OG30 is replaced
 PARRDR> Error: Repeated DIHE parameter (  3577): CG2D  CG2D  CG32  OG30 is replaced
 PARRDR> Error: Repeated DIHE parameter ( 20041): OG31  CG31  CG32  CG30 is replaced
 PARRDR> Error: Repeated DIHE parameter ( 20042): OG31  CG31  CG32  CG30 is replaced
 PARRDR> Error: Repeated DIHE parameter ( 20043): OG31  CG31  CG32  CG30 is replaced
 PARRDR> Error: Repeated DIHE parameter ( 20041): OG31  CG31  CG32  CG30 is replaced
 PARRDR> Error: Repeated DIHE parameter ( 20042): OG31  CG31  CG32  CG30 is replaced
 PARRDR> Error: Repeated DIHE parameter ( 20043): OG31  CG31  CG32  CG30 is replaced
 PARRDR> Error: Repeated DIHE parameter ( 20041): OG31  CG31  CG32  CG30 is replaced
 PARRDR> Error: Repeated DIHE parameter ( 20042): OG31  CG31  CG32  CG30 is replaced
 PARRDR> Error: Repeated DIHE parameter ( 20043): OG31  CG31  CG32  CG30 is replaced
 PARRDR> Error: Repeated DIHE parameter ( 19855): CG33  CG31  CG32  CG2D is replaced
 PARRDR> Error: Repeated DIHE parameter ( 18386): CG32  CG30  CG32  CG30 is replaced
 PARRDR> Error: Repeated DIHE parameter ( 21179): CG32  CG31  NG31  CG32 is replaced
 PARRDR> Error: Repeated DIHE parameter ( 21180): CG32  CG31  NG31  CG32 is replaced
 PARRDR> Error: Repeated DIHE parameter ( 21181): CG32  CG31  NG31  CG32 is replaced
 PARRDR> Error: Repeated DIHE parameter ( 21179): CG32  CG31  NG31  CG32 is replaced
 PARRDR> Error: Repeated DIHE parameter ( 21180): CG32  CG31  NG31  CG32 is replaced
 PARRDR> Error: Repeated DIHE parameter ( 21181): CG32  CG31  NG31  CG32 is replaced
 PARRDR> Error: Repeated DIHE parameter ( 21179): CG32  CG31  NG31  CG32 is replaced
 PARRDR> Error: Repeated DIHE parameter ( 21180): CG32  CG31  NG31  CG32 is replaced
 PARRDR> Error: Repeated DIHE parameter ( 21181): CG32  CG31  NG31  CG32 is replaced
 PARRDR> Error: Repeated DIHE parameter ( 24232): CG32  CG32  NG31  CG30 is replaced
 PARRDR> Error: Repeated DIHE parameter ( 24233): CG32  CG32  NG31  CG30 is replaced
 PARRDR> Error: Repeated DIHE parameter ( 24234): CG32  CG32  NG31  CG30 is replaced
 PARRDR> Error: Repeated DIHE parameter ( 24232): CG32  CG32  NG31  CG30 is replaced
 PARRDR> Error: Repeated DIHE parameter ( 24233): CG32  CG32  NG31  CG30 is replaced
 PARRDR> Error: Repeated DIHE parameter ( 24234): CG32  CG32  NG31  CG30 is replaced
 PARRDR> Error: Repeated DIHE parameter ( 24232): CG32  CG32  NG31  CG30 is replaced
 PARRDR> Error: Repeated DIHE parameter ( 24233): CG32  CG32  NG31  CG30 is replaced
 PARRDR> Error: Repeated DIHE parameter ( 24234): CG32  CG32  NG31  CG30 is replaced
 PARRDR> Error: Repeated DIHE parameter ( 22651): CG32  CG32  CG32  NG2R is replaced
 PARRDR> Error: Repeated DIHE parameter ( 21208): CG33  CG31  NG31  CG32 is replaced
 PARRDR> Error: Repeated DIHE parameter ( 21209): CG33  CG31  NG31  CG32 is replaced
 PARRDR> Error: Repeated DIHE parameter ( 21210): CG33  CG31  NG31  CG32 is replaced
 PARRDR> Error: Repeated DIHE parameter ( 21208): CG33  CG31  NG31  CG32 is replaced
 PARRDR> Error: Repeated DIHE parameter ( 21209): CG33  CG31  NG31  CG32 is replaced
 PARRDR> Error: Repeated DIHE parameter ( 21210): CG33  CG31  NG31  CG32 is replaced
 PARRDR> Error: Repeated DIHE parameter ( 21208): CG33  CG31  NG31  CG32 is replaced
 PARRDR> Error: Repeated DIHE parameter ( 21209): CG33  CG31  NG31  CG32 is replaced
 PARRDR> Error: Repeated DIHE parameter ( 21210): CG33  CG31  NG31  CG32 is replaced
 PARRDR> Error: Repeated DIHE parameter (  3676): HGA4  CG2D  CG32  OG30 is replaced
 PARRDR> Error: Repeated DIHE parameter (  3677): HGA4  CG2D  CG32  OG30 is replaced
 PARRDR> Error: Repeated DIHE parameter ( 21114): CG2O  CG31  NG31  CG32 is replaced
 PARRDR> Error: Repeated DIHE parameter ( 21115): CG2O  CG31  NG31  CG32 is replaced
 PARRDR> Error: Repeated DIHE parameter ( 21116): CG2O  CG31  NG31  CG32 is replaced
 PARRDR> Error: Repeated DIHE parameter ( 21114): CG2O  CG31  NG31  CG32 is replaced
 PARRDR> Error: Repeated DIHE parameter ( 21115): CG2O  CG31  NG31  CG32 is replaced
 PARRDR> Error: Repeated DIHE parameter ( 21116): CG2O  CG31  NG31  CG32 is replaced
 PARRDR> Error: Repeated DIHE parameter ( 21114): CG2O  CG31  NG31  CG32 is replaced
 PARRDR> Error: Repeated DIHE parameter ( 21115): CG2O  CG31  NG31  CG32 is replaced
 PARRDR> Error: Repeated DIHE parameter ( 21116): CG2O  CG31  NG31  CG32 is replaced
 PARRDR> Error: Repeated DIHE parameter ( 18919): CG33  CG30  OG30  CG32 is replaced
 PARRDR> Error: Repeated DIHE parameter ( 18920): CG33  CG30  OG30  CG32 is replaced
 PARRDR> Error: Repeated DIHE parameter ( 18919): CG33  CG30  OG30  CG32 is replaced
 PARRDR> Error: Repeated DIHE parameter ( 18920): CG33  CG30  OG30  CG32 is replaced
 PARRDR> Error: Repeated DIHE parameter ( 18860): CG32  CG30  NG31  HGPA is replaced
 PARRDR> Error: Repeated DIHE parameter ( 18861): CG32  CG30  NG31  HGPA is replaced
 PARRDR> Error: Repeated DIHE parameter ( 18390): CG32  CG30  CG32  CG33 is replaced
 PARRDR> Error: Repeated DIHE parameter (  9086): CG31  CG2O  CG33  HGA3 is replaced
 PARRDR> Error: Repeated DIHE parameter (  8069): CG2R  CG2O  OG30  CG32 is replaced
 PARRDR> Error: Repeated DIHE parameter (  8070): CG2R  CG2O  OG30  CG32 is replaced
 PARRDR> Error: Repeated DIHE parameter (  8071): CG2R  CG2O  OG30  CG32 is replaced
 PARRDR> Error: Repeated DIHE parameter (  8069): CG2R  CG2O  OG30  CG32 is replaced
 PARRDR> Error: Repeated DIHE parameter (  8070): CG2R  CG2O  OG30  CG32 is replaced
 PARRDR> Error: Repeated DIHE parameter (  8071): CG2R  CG2O  OG30  CG32 is replaced
 PARRDR> Error: Repeated DIHE parameter (  8069): CG2R  CG2O  OG30  CG32 is replaced
 PARRDR> Error: Repeated DIHE parameter (  8070): CG2R  CG2O  OG30  CG32 is replaced
 PARRDR> Error: Repeated DIHE parameter (  8071): CG2R  CG2O  OG30  CG32 is replaced
 PARRDR> Error: Repeated DIHE parameter ( 22486): CG2O  CG32  CG32  CG30 is replaced
 PARRDR> Error: Repeated DIHE parameter ( 22487): CG2O  CG32  CG32  CG30 is replaced
 PARRDR> Error: Repeated DIHE parameter ( 22488): CG2O  CG32  CG32  CG30 is replaced
 PARRDR> Error: Repeated DIHE parameter ( 22489): CG2O  CG32  CG32  CG30 is replaced
 PARRDR> Error: Repeated DIHE parameter ( 22490): CG2O  CG32  CG32  CG30 is replaced
 PARRDR> Error: Repeated DIHE parameter ( 22486): CG2O  CG32  CG32  CG30 is replaced
 PARRDR> Error: Repeated DIHE parameter ( 22487): CG2O  CG32  CG32  CG30 is replaced
 PARRDR> Error: Repeated DIHE parameter ( 22488): CG2O  CG32  CG32  CG30 is replaced
 PARRDR> Error: Repeated DIHE parameter ( 22489): CG2O  CG32  CG32  CG30 is replaced
 PARRDR> Error: Repeated DIHE parameter ( 22490): CG2O  CG32  CG32  CG30 is replaced
 PARRDR> Error: Repeated DIHE parameter ( 22486): CG2O  CG32  CG32  CG30 is replaced
 PARRDR> Error: Repeated DIHE parameter ( 22487): CG2O  CG32  CG32  CG30 is replaced
 PARRDR> Error: Repeated DIHE parameter ( 22488): CG2O  CG32  CG32  CG30 is replaced
 PARRDR> Error: Repeated DIHE parameter ( 22489): CG2O  CG32  CG32  CG30 is replaced
 PARRDR> Error: Repeated DIHE parameter ( 22490): CG2O  CG32  CG32  CG30 is replaced
 PARRDR> Error: Repeated DIHE parameter ( 22486): CG2O  CG32  CG32  CG30 is replaced
 PARRDR> Error: Repeated DIHE parameter ( 22487): CG2O  CG32  CG32  CG30 is replaced
 PARRDR> Error: Repeated DIHE parameter ( 22488): CG2O  CG32  CG32  CG30 is replaced
 PARRDR> Error: Repeated DIHE parameter ( 22489): CG2O  CG32  CG32  CG30 is replaced
 PARRDR> Error: Repeated DIHE parameter ( 22490): CG2O  CG32  CG32  CG30 is replaced
 PARRDR> Error: Repeated DIHE parameter ( 22486): CG2O  CG32  CG32  CG30 is replaced
 PARRDR> Error: Repeated DIHE parameter ( 22487): CG2O  CG32  CG32  CG30 is replaced
 PARRDR> Error: Repeated DIHE parameter ( 22488): CG2O  CG32  CG32  CG30 is replaced
 PARRDR> Error: Repeated DIHE parameter ( 22489): CG2O  CG32  CG32  CG30 is replaced
 PARRDR> Error: Repeated DIHE parameter ( 22490): CG2O  CG32  CG32  CG30 is replaced
 PARRDR> Error: Repeated DIHE parameter ( 19930): NG2R  CG31  CG32  CG32 is replaced
 PARRDR> Error: Repeated DIHE parameter ( 21117): CG2O  CG31  NG31  HGPA is replaced
 PARRDR> Error: Repeated DIHE parameter ( 21118): CG2O  CG31  NG31  HGPA is replaced
 PARRDR> Error: Repeated DIHE parameter ( 21119): CG2O  CG31  NG31  HGPA is replaced
 PARRDR> Error: Repeated DIHE parameter ( 18472): NG31  CG30  CG32  CG31 is replaced
 PARRDR> Error: Repeated DIHE parameter ( 24414): CG31  CG32  OG30  CG32 is replaced
 PARRDR> Error: Repeated DIHE parameter ( 24415): CG31  CG32  OG30  CG32 is replaced
 PARRDR> Error: Repeated DIHE parameter ( 24416): CG31  CG32  OG30  CG32 is replaced
 PARRDR> Error: Repeated DIHE parameter ( 24414): CG31  CG32  OG30  CG32 is replaced
 PARRDR> Error: Repeated DIHE parameter ( 24415): CG31  CG32  OG30  CG32 is replaced
 PARRDR> Error: Repeated DIHE parameter ( 24416): CG31  CG32  OG30  CG32 is replaced
 PARRDR> Error: Repeated DIHE parameter ( 24414): CG31  CG32  OG30  CG32 is replaced
 PARRDR> Error: Repeated DIHE parameter ( 24415): CG31  CG32  OG30  CG32 is replaced
 PARRDR> Error: Repeated DIHE parameter ( 24416): CG31  CG32  OG30  CG32 is replaced
 PARRDR> Error: Repeated DIHE parameter (  3550): CG2D  CG2D  CG32  CG30 is replaced
 PARRDR> Error: Repeated DIHE parameter (  3551): CG2D  CG2D  CG32  CG30 is replaced
 PARRDR> Error: Repeated DIHE parameter (  3550): CG2D  CG2D  CG32  CG30 is replaced
 PARRDR> Error: Repeated DIHE parameter (  3551): CG2D  CG2D  CG32  CG30 is replaced
 PARRDR> Error: Repeated DIHE parameter (  8717): CG33  CG2O  CG31  CG32 is replaced
 PARRDR> Error: Repeated DIHE parameter (  8718): CG33  CG2O  CG31  CG32 is replaced
 PARRDR> Error: Repeated DIHE parameter (  8719): CG33  CG2O  CG31  CG32 is replaced
 PARRDR> Error: Repeated DIHE parameter (  8720): CG33  CG2O  CG31  CG32 is replaced
 PARRDR> Error: Repeated DIHE parameter (  8717): CG33  CG2O  CG31  CG32 is replaced
 PARRDR> Error: Repeated DIHE parameter (  8718): CG33  CG2O  CG31  CG32 is replaced
 PARRDR> Error: Repeated DIHE parameter (  8719): CG33  CG2O  CG31  CG32 is replaced
 PARRDR> Error: Repeated DIHE parameter (  8720): CG33  CG2O  CG31  CG32 is replaced
 PARRDR> Error: Repeated DIHE parameter (  8717): CG33  CG2O  CG31  CG32 is replaced
 PARRDR> Error: Repeated DIHE parameter (  8718): CG33  CG2O  CG31  CG32 is replaced
 PARRDR> Error: Repeated DIHE parameter (  8719): CG33  CG2O  CG31  CG32 is replaced
 PARRDR> Error: Repeated DIHE parameter (  8720): CG33  CG2O  CG31  CG32 is replaced
 PARRDR> Error: Repeated DIHE parameter (  8717): CG33  CG2O  CG31  CG32 is replaced
 PARRDR> Error: Repeated DIHE parameter (  8718): CG33  CG2O  CG31  CG32 is replaced
 PARRDR> Error: Repeated DIHE parameter (  8719): CG33  CG2O  CG31  CG32 is replaced
 PARRDR> Error: Repeated DIHE parameter (  8720): CG33  CG2O  CG31  CG32 is replaced
 PARRDR> Error: Repeated DIHE parameter ( 24486): HGA2  CG32  OG30  CG30 is replaced
 PARRDR> Error: Repeated DIHE parameter ( 24426): CG32  CG32  OG30  CG30 is replaced
 PARRDR> Error: Repeated DIHE parameter ( 24427): CG32  CG32  OG30  CG30 is replaced
 PARRDR> Error: Repeated DIHE parameter ( 24428): CG32  CG32  OG30  CG30 is replaced
 PARRDR> Error: Repeated DIHE parameter ( 24426): CG32  CG32  OG30  CG30 is replaced
 PARRDR> Error: Repeated DIHE parameter ( 24427): CG32  CG32  OG30  CG30 is replaced
 PARRDR> Error: Repeated DIHE parameter ( 24428): CG32  CG32  OG30  CG30 is replaced
 PARRDR> Error: Repeated DIHE parameter ( 24426): CG32  CG32  OG30  CG30 is replaced
 PARRDR> Error: Repeated DIHE parameter ( 24427): CG32  CG32  OG30  CG30 is replaced
 PARRDR> Error: Repeated DIHE parameter ( 24428): CG32  CG32  OG30  CG30 is replaced
 PARRDR> Error: Repeated DIHE parameter ( 24241): CG32  CG32  NG31  CG32 is replaced
 PARRDR> Error: Repeated DIHE parameter ( 24242): CG32  CG32  NG31  CG32 is replaced
 PARRDR> Error: Repeated DIHE parameter ( 24243): CG32  CG32  NG31  CG32 is replaced
 PARRDR> Error: Repeated DIHE parameter ( 24241): CG32  CG32  NG31  CG32 is replaced
 PARRDR> Error: Repeated DIHE parameter ( 24242): CG32  CG32  NG31  CG32 is replaced
 PARRDR> Error: Repeated DIHE parameter ( 24243): CG32  CG32  NG31  CG32 is replaced
 PARRDR> Error: Repeated DIHE parameter ( 24241): CG32  CG32  NG31  CG32 is replaced
 PARRDR> Error: Repeated DIHE parameter ( 24242): CG32  CG32  NG31  CG32 is replaced
 PARRDR> Error: Repeated DIHE parameter ( 24243): CG32  CG32  NG31  CG32 is replaced
 PARRDR> Error: Repeated DIHE parameter ( 21374): HGA1  CG31  OG30  CG32 is replaced
 PARRDR> Error: Repeated DIHE parameter ( 18474): NG31  CG30  CG32  HGA2 is replaced
 PARRDR> Error: Repeated DIHE parameter ( 20004): NG31  CG31  CG32  HGA2 is replaced
 PARRDR> Error: Repeated DIHE parameter ( 19864): CG33  CG31  CG32  CG30 is replaced
 PARRDR> Error: Repeated DIHE parameter ( 21255): OG31  CG31  NG31  HGPA is replaced
 PARRDR> Error: Repeated DIHE parameter ( 21256): OG31  CG31  NG31  HGPA is replaced
 PARRDR> Error: Repeated DIHE parameter ( 21255): OG31  CG31  NG31  HGPA is replaced
 PARRDR> Error: Repeated DIHE parameter ( 21256): OG31  CG31  NG31  HGPA is replaced
 PARRDR> Error: Repeated DIHE parameter (  6953): OG2D  CG2O  CG31  OG30 is replaced
 PARRDR> Error: Repeated DIHE parameter (  6954): OG2D  CG2O  CG31  OG30 is replaced
 PARRDR> Error: Repeated DIHE parameter ( 22491): CG2O  CG32  CG32  CG31 is replaced
 PARRDR> Error: Repeated DIHE parameter ( 22492): CG2O  CG32  CG32  CG31 is replaced
 PARRDR> Error: Repeated DIHE parameter ( 22493): CG2O  CG32  CG32  CG31 is replaced
 PARRDR> Error: Repeated DIHE parameter ( 22494): CG2O  CG32  CG32  CG31 is replaced
 PARRDR> Error: Repeated DIHE parameter ( 22495): CG2O  CG32  CG32  CG31 is replaced
 PARRDR> Error: Repeated DIHE parameter ( 22491): CG2O  CG32  CG32  CG31 is replaced
 PARRDR> Error: Repeated DIHE parameter ( 22492): CG2O  CG32  CG32  CG31 is replaced
 PARRDR> Error: Repeated DIHE parameter ( 22493): CG2O  CG32  CG32  CG31 is replaced
 PARRDR> Error: Repeated DIHE parameter ( 22494): CG2O  CG32  CG32  CG31 is replaced
 PARRDR> Error: Repeated DIHE parameter ( 22495): CG2O  CG32  CG32  CG31 is replaced
 PARRDR> Error: Repeated DIHE parameter ( 22491): CG2O  CG32  CG32  CG31 is replaced
 PARRDR> Error: Repeated DIHE parameter ( 22492): CG2O  CG32  CG32  CG31 is replaced
 PARRDR> Error: Repeated DIHE parameter ( 22493): CG2O  CG32  CG32  CG31 is replaced
 PARRDR> Error: Repeated DIHE parameter ( 22494): CG2O  CG32  CG32  CG31 is replaced
 PARRDR> Error: Repeated DIHE parameter ( 22495): CG2O  CG32  CG32  CG31 is replaced
 PARRDR> Error: Repeated DIHE parameter ( 22491): CG2O  CG32  CG32  CG31 is replaced
 PARRDR> Error: Repeated DIHE parameter ( 22492): CG2O  CG32  CG32  CG31 is replaced
 PARRDR> Error: Repeated DIHE parameter ( 22493): CG2O  CG32  CG32  CG31 is replaced
 PARRDR> Error: Repeated DIHE parameter ( 22494): CG2O  CG32  CG32  CG31 is replaced
 PARRDR> Error: Repeated DIHE parameter ( 22495): CG2O  CG32  CG32  CG31 is replaced
 PARRDR> Error: Repeated DIHE parameter ( 22491): CG2O  CG32  CG32  CG31 is replaced
 PARRDR> Error: Repeated DIHE parameter ( 22492): CG2O  CG32  CG32  CG31 is replaced
 PARRDR> Error: Repeated DIHE parameter ( 22493): CG2O  CG32  CG32  CG31 is replaced
 PARRDR> Error: Repeated DIHE parameter ( 22494): CG2O  CG32  CG32  CG31 is replaced
 PARRDR> Error: Repeated DIHE parameter ( 22495): CG2O  CG32  CG32  CG31 is replaced
 PARRDR> Error: Repeated DIHE parameter ( 21130): CG2R  CG31  NG31  CG32 is replaced
 PARRDR> Error: Repeated DIHE parameter ( 21131): CG2R  CG31  NG31  CG32 is replaced
 PARRDR> Error: Repeated DIHE parameter ( 21132): CG2R  CG31  NG31  CG32 is replaced
 PARRDR> Error: Repeated DIHE parameter ( 21130): CG2R  CG31  NG31  CG32 is replaced
 PARRDR> Error: Repeated DIHE parameter ( 21131): CG2R  CG31  NG31  CG32 is replaced
 PARRDR> Error: Repeated DIHE parameter ( 21132): CG2R  CG31  NG31  CG32 is replaced
 PARRDR> Error: Repeated DIHE parameter ( 21130): CG2R  CG31  NG31  CG32 is replaced
 PARRDR> Error: Repeated DIHE parameter ( 21131): CG2R  CG31  NG31  CG32 is replaced
 PARRDR> Error: Repeated DIHE parameter ( 21132): CG2R  CG31  NG31  CG32 is replaced
 PARRDR> Error: Repeated DIHE parameter ( 18815): CG33  CG30  NG2S  HGP1 is replaced
 PARRDR> Error: Repeated DIHE parameter (  8761): OG2D  CG2O  CG31  CG33 is replaced
 PARRDR> Error: Repeated DIHE parameter (  8762): OG2D  CG2O  CG31  CG33 is replaced
 PARRDR> Error: Repeated DIHE parameter (  8763): OG2D  CG2O  CG31  CG33 is replaced
 PARRDR> Error: Repeated DIHE parameter (  8764): OG2D  CG2O  CG31  CG33 is replaced
 PARRDR> Error: Repeated DIHE parameter (  8761): OG2D  CG2O  CG31  CG33 is replaced
 PARRDR> Error: Repeated DIHE parameter (  8762): OG2D  CG2O  CG31  CG33 is replaced
 PARRDR> Error: Repeated DIHE parameter (  8763): OG2D  CG2O  CG31  CG33 is replaced
 PARRDR> Error: Repeated DIHE parameter (  8764): OG2D  CG2O  CG31  CG33 is replaced
 PARRDR> Error: Repeated DIHE parameter (  8761): OG2D  CG2O  CG31  CG33 is replaced
 PARRDR> Error: Repeated DIHE parameter (  8762): OG2D  CG2O  CG31  CG33 is replaced
 PARRDR> Error: Repeated DIHE parameter (  8763): OG2D  CG2O  CG31  CG33 is replaced
 PARRDR> Error: Repeated DIHE parameter (  8764): OG2D  CG2O  CG31  CG33 is replaced
 PARRDR> Error: Repeated DIHE parameter (  8761): OG2D  CG2O  CG31  CG33 is replaced
 PARRDR> Error: Repeated DIHE parameter (  8762): OG2D  CG2O  CG31  CG33 is replaced
 PARRDR> Error: Repeated DIHE parameter (  8763): OG2D  CG2O  CG31  CG33 is replaced
 PARRDR> Error: Repeated DIHE parameter (  8764): OG2D  CG2O  CG31  CG33 is replaced
 PARRDR> Error: Repeated DIHE parameter ( 22455): CG2O  CG32  CG32  NG31 is replaced
 PARRDR> Error: Repeated DIHE parameter ( 22456): CG2O  CG32  CG32  NG31 is replaced
 PARRDR> Error: Repeated DIHE parameter ( 22457): CG2O  CG32  CG32  NG31 is replaced
 PARRDR> Error: Repeated DIHE parameter ( 22458): CG2O  CG32  CG32  NG31 is replaced
 PARRDR> Error: Repeated DIHE parameter ( 18470): NG31  CG30  CG32  CG30 is replaced
 PARRDR> Error: Repeated DIHE parameter ( 18471): NG31  CG30  CG32  CG30 is replaced
 PARRDR> Error: Repeated DIHE parameter ( 24147): CG2O  CG32  NG31  CG32 is replaced
 PARRDR> Error: Repeated DIHE parameter ( 24148): CG2O  CG32  NG31  CG32 is replaced
 PARRDR> Error: Repeated DIHE parameter ( 24149): CG2O  CG32  NG31  CG32 is replaced
 PARRDR> Error: Repeated DIHE parameter ( 24147): CG2O  CG32  NG31  CG32 is replaced
 PARRDR> Error: Repeated DIHE parameter ( 24148): CG2O  CG32  NG31  CG32 is replaced
 PARRDR> Error: Repeated DIHE parameter ( 24149): CG2O  CG32  NG31  CG32 is replaced
 PARRDR> Error: Repeated DIHE parameter ( 24147): CG2O  CG32  NG31  CG32 is replaced
 PARRDR> Error: Repeated DIHE parameter ( 24148): CG2O  CG32  NG31  CG32 is replaced
 PARRDR> Error: Repeated DIHE parameter ( 24149): CG2O  CG32  NG31  CG32 is replaced
 PARRDR> Error: Repeated DIHE parameter ( 22547): CG2R  CG32  CG32  CG31 is replaced
 PARRDR> Error: Repeated DIHE parameter ( 24429): CG32  CG32  OG30  CG31 is replaced
 PARRDR> Error: Repeated DIHE parameter ( 24430): CG32  CG32  OG30  CG31 is replaced
 PARRDR> Error: Repeated DIHE parameter ( 24431): CG32  CG32  OG30  CG31 is replaced
 PARRDR> Error: Repeated DIHE parameter ( 24429): CG32  CG32  OG30  CG31 is replaced
 PARRDR> Error: Repeated DIHE parameter ( 24430): CG32  CG32  OG30  CG31 is replaced
 PARRDR> Error: Repeated DIHE parameter ( 24431): CG32  CG32  OG30  CG31 is replaced
 PARRDR> Error: Repeated DIHE parameter ( 24429): CG32  CG32  OG30  CG31 is replaced
 PARRDR> Error: Repeated DIHE parameter ( 24430): CG32  CG32  OG30  CG31 is replaced
 PARRDR> Error: Repeated DIHE parameter ( 24431): CG32  CG32  OG30  CG31 is replaced
 PARRDR> Error: Repeated DIHE parameter ( 20221): HGA1  CG31  CG32  OG30 is replaced
 PARRDR> Error: Repeated DIHE parameter ( 22813): OG30  CG32  CG32  OG30 is replaced
 PARRDR> Error: Repeated DIHE parameter ( 22814): OG30  CG32  CG32  OG30 is replaced
 PARRDR> Error: Repeated DIHE parameter ( 22813): OG30  CG32  CG32  OG30 is replaced
 PARRDR> Error: Repeated DIHE parameter ( 22814): OG30  CG32  CG32  OG30 is replaced
 PARRDR> Error: Repeated DIHE parameter ( 21133): CG2R  CG31  NG31  HGPA is replaced
 PARRDR> Error: Repeated DIHE parameter (  8721): CG33  CG2O  CG31  HGA1 is replaced
 PARRDR> Error: Repeated DIHE parameter (  7873): OG2D  CG2O  CG30  CG32 is replaced
 PARRDR> Error: Repeated DIHE parameter ( 24339): HGA2  CG32  NG31  CG31 is replaced
 PARRDR> Error: Repeated DIHE parameter (  7108): OG2D  CG2O  CG32  NG31 is replaced
 PARRDR> Error: Repeated DIHE parameter (  7109): OG2D  CG2O  CG32  NG31 is replaced
 PARRDR> Error: Repeated DIHE parameter ( 18910): CG32  CG30  OG30  CG32 is replaced
 PARRDR> Error: Repeated DIHE parameter ( 18911): CG32  CG30  OG30  CG32 is replaced
 PARRDR> Error: Repeated DIHE parameter ( 18912): CG32  CG30  OG30  CG32 is replaced
 PARRDR> Error: Repeated DIHE parameter ( 18910): CG32  CG30  OG30  CG32 is replaced
 PARRDR> Error: Repeated DIHE parameter ( 18911): CG32  CG30  OG30  CG32 is replaced
 PARRDR> Error: Repeated DIHE parameter ( 18912): CG32  CG30  OG30  CG32 is replaced
 PARRDR> Error: Repeated DIHE parameter ( 18910): CG32  CG30  OG30  CG32 is replaced
 PARRDR> Error: Repeated DIHE parameter ( 18911): CG32  CG30  OG30  CG32 is replaced
 PARRDR> Error: Repeated DIHE parameter ( 18912): CG32  CG30  OG30  CG32 is replaced
 PARRDR> Error: Repeated DIHE parameter (  7698): CG32  CG2O  NG2S  CG30 is replaced
 PARRDR> Error: Repeated DIHE parameter (  7699): CG32  CG2O  NG2S  CG30 is replaced
 PARRDR> Error: Repeated DIHE parameter (  7698): CG32  CG2O  NG2S  CG30 is replaced
 PARRDR> Error: Repeated DIHE parameter (  7699): CG32  CG2O  NG2S  CG30 is replaced
 PARRDR> Error: Repeated DIHE parameter ( 18854): CG32  CG30  NG31  CG32 is replaced
 PARRDR> Error: Repeated DIHE parameter ( 18855): CG32  CG30  NG31  CG32 is replaced
 PARRDR> Error: Repeated DIHE parameter ( 18856): CG32  CG30  NG31  CG32 is replaced
 PARRDR> Error: Repeated DIHE parameter ( 18854): CG32  CG30  NG31  CG32 is replaced
 PARRDR> Error: Repeated DIHE parameter ( 18855): CG32  CG30  NG31  CG32 is replaced
 PARRDR> Error: Repeated DIHE parameter ( 18856): CG32  CG30  NG31  CG32 is replaced
 PARRDR> Error: Repeated DIHE parameter ( 18854): CG32  CG30  NG31  CG32 is replaced
 PARRDR> Error: Repeated DIHE parameter ( 18855): CG32  CG30  NG31  CG32 is replaced
 PARRDR> Error: Repeated DIHE parameter ( 18856): CG32  CG30  NG31  CG32 is replaced
 PARRDR> Error: Repeated DIHE parameter ( 22593): CG31  CG32  CG32  NG31 is replaced
 PARRDR> Error: Repeated DIHE parameter ( 22593): CG31  CG32  CG32  NG31 is replaced
 PARRDR> Error: Repeated DIHE parameter ( 22574): CG30  CG32  CG32  NG31 is replaced
 PARRDR> Error: Repeated DIHE parameter ( 22574): CG30  CG32  CG32  NG31 is replaced
 PARRDR> Error: Repeated DIHE parameter (  3635): CG33  CG2D  CG32  CG30 is replaced
 PARRDR> Error: Repeated DIHE parameter ( 18812): CG32  CG30  NG2S  HGP1 is replaced
 PARRDR> Error: Repeated DIHE parameter ( 18326): CG2O  CG30  CG32  HGA2 is replaced
 PARRDR> Error: Repeated DIHE parameter ( 19875): CG33  CG31  CG32  OG30 is replaced
 PARRDR> Error: Repeated DIHE parameter ( 22793): NG31  CG32  CG32  OG30 is replaced
 PARRDR> Error: Repeated DIHE parameter ( 22793): NG31  CG32  CG32  OG30 is replaced
 PARRDR> Error: Repeated DIHE parameter ( 19648): CG2O  CG31  CG32  CG31 is replaced
 PARRDR> Error: Repeated DIHE parameter ( 18869): CG33  CG30  NG31  HGPA is replaced
 PARRDR> Error: Repeated DIHE parameter ( 18870): CG33  CG30  NG31  HGPA is replaced
 PARRDR> Error: Repeated DIHE parameter ( 22754): NG2R  CG32  CG32  HGA2 is replaced
 PARRDR> Error: Repeated DIHE parameter ( 18636): NG2S  CG30  CG33  HGA3 is replaced
 PARRDR> Error: Repeated DIHE parameter ( 19987): NG31  CG31  CG32  CG30 is replaced
 PARRDR> Error: Repeated DIHE parameter ( 19684): CG2O  CG31  CG32  HGA2 is replaced
 PARRDR> Error: Repeated DIHE parameter ( 18382): CG32  CG30  CG32  CG2D is replaced
 PARRDR> Error: Repeated DIHE parameter ( 18473): NG31  CG30  CG32  CG32 is replaced
 PARRDR> Error: Repeated DIHE parameter ( 19929): NG2R  CG31  CG32  CG31 is replaced
 PARRDR> Error: Repeated DIHE parameter ( 19955): NG2S  CG31  CG32  CG30 is replaced
 PARRDR> Error: Repeated DIHE parameter ( 21265): HGA1  CG31  NG31  CG32 is replaced
 PARRDR> Error: Repeated DIHE parameter ( 22367): CG2D  CG32  CG32  CG30 is replaced
 PARRDR> Error: Repeated DIHE parameter ( 22368): CG2D  CG32  CG32  CG30 is replaced
 PARRDR> Error: Repeated DIHE parameter ( 22369): CG2D  CG32  CG32  CG30 is replaced
 PARRDR> Error: Repeated DIHE parameter ( 22367): CG2D  CG32  CG32  CG30 is replaced
 PARRDR> Error: Repeated DIHE parameter ( 22368): CG2D  CG32  CG32  CG30 is replaced
 PARRDR> Error: Repeated DIHE parameter ( 22369): CG2D  CG32  CG32  CG30 is replaced
 PARRDR> Error: Repeated DIHE parameter ( 22367): CG2D  CG32  CG32  CG30 is replaced
 PARRDR> Error: Repeated DIHE parameter ( 22368): CG2D  CG32  CG32  CG30 is replaced
 PARRDR> Error: Repeated DIHE parameter ( 22369): CG2D  CG32  CG32  CG30 is replaced
 PARRDR> Error: Repeated DIHE parameter (  6892): NG2S  CG2O  CG31  NG31 is replaced
 PARRDR> Error: Repeated DIHE parameter (  6893): NG2S  CG2O  CG31  NG31 is replaced
 PARRDR> Error: Repeated DIHE parameter ( 18324): CG2O  CG30  CG32  CG32 is replaced
 PARRDR> Error: Repeated DIHE parameter (  8752): OG2D  CG2O  CG31  CG32 is replaced
 PARRDR> Error: Repeated DIHE parameter (  8753): OG2D  CG2O  CG31  CG32 is replaced
 PARRDR> Error: Repeated DIHE parameter (  8754): OG2D  CG2O  CG31  CG32 is replaced
 PARRDR> Error: Repeated DIHE parameter (  8755): OG2D  CG2O  CG31  CG32 is replaced
 PARRDR> Error: Repeated DIHE parameter (  8752): OG2D  CG2O  CG31  CG32 is replaced
 PARRDR> Error: Repeated DIHE parameter (  8753): OG2D  CG2O  CG31  CG32 is replaced
 PARRDR> Error: Repeated DIHE parameter (  8754): OG2D  CG2O  CG31  CG32 is replaced
 PARRDR> Error: Repeated DIHE parameter (  8755): OG2D  CG2O  CG31  CG32 is replaced
 PARRDR> Error: Repeated DIHE parameter (  8752): OG2D  CG2O  CG31  CG32 is replaced
 PARRDR> Error: Repeated DIHE parameter (  8753): OG2D  CG2O  CG31  CG32 is replaced
 PARRDR> Error: Repeated DIHE parameter (  8754): OG2D  CG2O  CG31  CG32 is replaced
 PARRDR> Error: Repeated DIHE parameter (  8755): OG2D  CG2O  CG31  CG32 is replaced
 PARRDR> Error: Repeated DIHE parameter (  8752): OG2D  CG2O  CG31  CG32 is replaced
 PARRDR> Error: Repeated DIHE parameter (  8753): OG2D  CG2O  CG31  CG32 is replaced
 PARRDR> Error: Repeated DIHE parameter (  8754): OG2D  CG2O  CG31  CG32 is replaced
 PARRDR> Error: Repeated DIHE parameter (  8755): OG2D  CG2O  CG31  CG32 is replaced
 PARRDR> Error: Repeated DIHE parameter ( 18323): CG2O  CG30  CG32  CG30 is replaced
 PARRDR> Error: Repeated DIHE parameter ( 24235): CG32  CG32  NG31  CG31 is replaced
 PARRDR> Error: Repeated DIHE parameter ( 24236): CG32  CG32  NG31  CG31 is replaced
 PARRDR> Error: Repeated DIHE parameter ( 24237): CG32  CG32  NG31  CG31 is replaced
 PARRDR> Error: Repeated DIHE parameter ( 24235): CG32  CG32  NG31  CG31 is replaced
 PARRDR> Error: Repeated DIHE parameter ( 24236): CG32  CG32  NG31  CG31 is replaced
 PARRDR> Error: Repeated DIHE parameter ( 24237): CG32  CG32  NG31  CG31 is replaced
 PARRDR> Error: Repeated DIHE parameter ( 24235): CG32  CG32  NG31  CG31 is replaced
 PARRDR> Error: Repeated DIHE parameter ( 24236): CG32  CG32  NG31  CG31 is replaced
 PARRDR> Error: Repeated DIHE parameter ( 24237): CG32  CG32  NG31  CG31 is replaced
 PARRDR> Error: Repeated DIHE parameter ( 22590): CG31  CG32  CG32  NG2S is replaced
 PARRDR> Error: Repeated DIHE parameter ( 21463): NG31  CG31  OG31  HGP1 is replaced
 PARRDR> Error: Repeated DIHE parameter ( 21464): NG31  CG31  OG31  HGP1 is replaced
 PARRDR> Error: Repeated DIHE parameter ( 21465): NG31  CG31  OG31  HGP1 is replaced
 PARRDR> Error: Repeated DIHE parameter ( 21466): NG31  CG31  OG31  HGP1 is replaced
 PARRDR> Error: Repeated DIHE parameter ( 21463): NG31  CG31  OG31  HGP1 is replaced
 PARRDR> Error: Repeated DIHE parameter ( 21464): NG31  CG31  OG31  HGP1 is replaced
 PARRDR> Error: Repeated DIHE parameter ( 21465): NG31  CG31  OG31  HGP1 is replaced
 PARRDR> Error: Repeated DIHE parameter ( 21466): NG31  CG31  OG31  HGP1 is replaced
 PARRDR> Error: Repeated DIHE parameter ( 19671): CG2O  CG31  CG32  CG30 is replaced
 PARRDR> Error: Repeated DIHE parameter ( 24150): CG2O  CG32  NG31  HGPA is replaced
 PARRDR> Error: Repeated DIHE parameter ( 24151): CG2O  CG32  NG31  HGPA is replaced
 PARRDR> Error: Repeated DIHE parameter ( 24152): CG2O  CG32  NG31  HGPA is replaced
 PARRDR> Error: Repeated DIHE parameter ( 18466): NG2S  CG30  CG32  CG32 is replaced
 PARRDR> Error: Repeated DIHE parameter ( 19673): CG2O  CG31  CG32  CG32 is replaced
 PARRDR> Error: Repeated DIHE parameter ( 19669): CG2O  CG31  CG32  CG2D is replaced
 PARRDR> Error: Repeated DIHE parameter (  7110): OG2D  CG2O  CG32  OG30 is replaced
 PARRDR> Error: Repeated DIHE parameter ( 19993): NG31  CG31  CG32  OG31 is replaced
 PARRDR> Error: Repeated DIHE parameter ( 19994): NG31  CG31  CG32  OG31 is replaced
 PARRDR> Error: Repeated DIHE parameter ( 19988): NG31  CG31  CG32  CG32 is replaced
 PARRDR> Error: Repeated DIHE parameter (  6949): OG2D  CG2O  CG31  NG31 is replaced
 PARRDR> Error: Repeated DIHE parameter (  6950): OG2D  CG2O  CG31  NG31 is replaced
 PARRDR> Error: Repeated DIHE parameter ( 19711): CG2R  CG31  CG32  CG32 is replaced
 PARRDR> Error: Repeated DIHE parameter ( 21359): CG33  CG31  OG30  CG32 is replaced
 PARRDR> Error: Repeated DIHE parameter ( 21360): CG33  CG31  OG30  CG32 is replaced
 PARRDR> Error: Repeated DIHE parameter ( 21359): CG33  CG31  OG30  CG32 is replaced
 PARRDR> Error: Repeated DIHE parameter ( 21360): CG33  CG31  OG30  CG32 is replaced
 PARRDR> Error: Repeated DIHE parameter ( 21189): CG32  CG31  NG31  HGPA is replaced
 PARRDR> Error: Repeated DIHE parameter ( 21215): CG33  CG31  NG31  HGPA is replaced
 PARRDR> Error: Repeated DIHE parameter ( 29520): HGA2  CG3C  NG2R  CG31 is replaced
 PARRDR> Error: Repeated DIHE parameter (  7816): OG2D  CG2O  CG2R  CG2R is replaced
 PARRDR> Error: Repeated DIHE parameter ( 21122): CG2O  CG31  NG31  HGPA is replaced
 PARRDR> Error: Repeated DIHE parameter ( 21123): CG2O  CG31  NG31  HGPA is replaced
 PARRDR> Error: Repeated DIHE parameter ( 21124): CG2O  CG31  NG31  HGPA is replaced
 PARRDR> Error: Repeated DIHE parameter (  3661): HGA4  CG2D  CG32  CG30 is replaced
 PARRDR> Error: Repeated DIHE parameter ( 18638): NG31  CG30  CG33  HGA3 is replaced
 PARRDR> Error: Repeated DIHE parameter ( 20746): HGA1  CG31  NG2R  CG3C is replaced
 PARRDR> Error: Repeated DIHE parameter (  8111): CG2R  CG2O  OG31  HGP1 is replaced
 PARRDR> Error: Repeated DIHE parameter (  8112): CG2R  CG2O  OG31  HGP1 is replaced
 PARRDR> Error: Repeated DIHE parameter (  8113): CG2R  CG2O  OG31  HGP1 is replaced
 PARRDR> Error: Repeated DIHE parameter (  8114): CG2R  CG2O  OG31  HGP1 is replaced
 PARRDR> Error: Repeated DIHE parameter (  8111): CG2R  CG2O  OG31  HGP1 is replaced
 PARRDR> Error: Repeated DIHE parameter (  8112): CG2R  CG2O  OG31  HGP1 is replaced
 PARRDR> Error: Repeated DIHE parameter (  8113): CG2R  CG2O  OG31  HGP1 is replaced
 PARRDR> Error: Repeated DIHE parameter (  8114): CG2R  CG2O  OG31  HGP1 is replaced
 PARRDR> Error: Repeated DIHE parameter (  8111): CG2R  CG2O  OG31  HGP1 is replaced
 PARRDR> Error: Repeated DIHE parameter (  8112): CG2R  CG2O  OG31  HGP1 is replaced
 PARRDR> Error: Repeated DIHE parameter (  8113): CG2R  CG2O  OG31  HGP1 is replaced
 PARRDR> Error: Repeated DIHE parameter (  8114): CG2R  CG2O  OG31  HGP1 is replaced
 PARRDR> Error: Repeated DIHE parameter (  8111): CG2R  CG2O  OG31  HGP1 is replaced
 PARRDR> Error: Repeated DIHE parameter (  8112): CG2R  CG2O  OG31  HGP1 is replaced
 PARRDR> Error: Repeated DIHE parameter (  8113): CG2R  CG2O  OG31  HGP1 is replaced
 PARRDR> Error: Repeated DIHE parameter (  8114): CG2R  CG2O  OG31  HGP1 is replaced
 PARRDR> Error: Repeated DIHE parameter ( 20374): NG31  CG31  CG33  HGA3 is replaced
 PARRDR> Error: Repeated DIHE parameter (  3636): CG33  CG2D  CG32  CG31 is replaced
 PARRDR> Error: Repeated DIHE parameter ( 23626): CG32  CG32  NG2R  CG2R is replaced
 PARRDR> Error: Repeated DIHE parameter ( 18813): CG33  CG30  NG2S  CG2O is replaced
 PARRDR> Error: Repeated DIHE parameter ( 14405): CG2R  CG2R  CG31  NG31 is replaced
 PARRDR> Error: Repeated DIHE parameter (  7055): NG2S  CG2O  CG32  OG30 is replaced
 PARRDR> Error: Repeated DIHE parameter (  7056): NG2S  CG2O  CG32  OG30 is replaced
 PARRDR> Error: Repeated DIHE parameter (  7057): NG2S  CG2O  CG32  OG30 is replaced
 PARRDR> Error: Repeated DIHE parameter ( 24487): HGA2  CG32  OG30  CG31 is replaced
 PARRDR> Error: Repeated DIHE parameter (  7874): OG2D  CG2O  CG30  CG33 is replaced
 PARRDR> Error: Repeated DIHE parameter ( 20351): CG2O  CG31  CG33  HGA3 is replaced
 PARRDR> Error: Repeated DIHE parameter ( 18406): CG33  CG30  CG32  CG2D is replaced
 PARRDR> Error: Repeated DIHE parameter ( 22365): CG2D  CG32  CG32  CG2O is replaced
 PARRDR> Error: Repeated DIHE parameter ( 18610): CG2O  CG30  CG33  HGA3 is replaced
 PARRDR> Error: Repeated DIHE parameter ( 22767): NG2S  CG32  CG32  OG30 is replaced
 PARRDR> Error: Repeated DIHE parameter ( 20742): CG32  CG31  NG2R  CG3C is replaced
 PARRDR> Error: Repeated DIHE parameter ( 20743): CG32  CG31  NG2R  CG3C is replaced
 PARRDR> Error: Repeated DIHE parameter ( 20744): CG32  CG31  NG2R  CG3C is replaced
 PARRDR> Error: Repeated DIHE parameter ( 19710): CG2R  CG31  CG32  CG30 is replaced
 PARRDR> Error: Repeated DIHE parameter ( 29493): CG3C  CG3C  NG2R  CG31 is replaced
 PARRDR> Error: Repeated DIHE parameter ( 29494): CG3C  CG3C  NG2R  CG31 is replaced
 PARRDR> Error: Repeated DIHE parameter ( 24494): CG2D  CG32  OG30  CG2O is replaced
 PARRDR> Error: Repeated DIHE parameter ( 24495): CG2D  CG32  OG30  CG2O is replaced
 PARRDR> Error: Repeated DIHE parameter (  9557): CG2O  CG2R  CG2R  CG2R is replaced
 PARRDR> Error: Repeated DIHE parameter (  7818): OG31  CG2O  CG2R  CG2R is replaced
 PARRDR> Error: Repeated DIHE parameter ( 18415): CG33  CG30  CG32  CG31 is replaced
 PARRDR> Error: Repeated DIHE parameter ( 18469): NG2S  CG30  CG32  HGA2 is replaced
 PARRDR> Error: Repeated DIHE parameter ( 19672): CG2O  CG31  CG32  CG31 is replaced
 PARRDR> Error: Repeated DIHE parameter (  6913): NG2S  CG2O  CG31  NG31 is replaced
 PARRDR> Error: Repeated DIHE parameter (  6914): NG2S  CG2O  CG31  NG31 is replaced
 PARRDR> Error: Repeated DIHE parameter ( 18810): CG32  CG30  NG2S  CG2O is replaced
 PARRDR> Error: Repeated DIHE parameter ( 20031): OG30  CG31  CG32  CG31 is replaced
 PARRDR> Error: Repeated DIHE parameter ( 20032): OG30  CG31  CG32  CG31 is replaced
 PARRDR> Error: Repeated DIHE parameter (  8689): CG32  CG2O  CG31  CG33 is replaced
 PARRDR> Error: Repeated DIHE parameter (  8690): CG32  CG2O  CG31  CG33 is replaced
 PARRDR> Error: Repeated DIHE parameter (  8691): CG32  CG2O  CG31  CG33 is replaced
 PARRDR> Error: Repeated DIHE parameter (  8692): CG32  CG2O  CG31  CG33 is replaced
 PARRDR> Error: Repeated DIHE parameter (  8689): CG32  CG2O  CG31  CG33 is replaced
 PARRDR> Error: Repeated DIHE parameter (  8690): CG32  CG2O  CG31  CG33 is replaced
 PARRDR> Error: Repeated DIHE parameter (  8691): CG32  CG2O  CG31  CG33 is replaced
 PARRDR> Error: Repeated DIHE parameter (  8692): CG32  CG2O  CG31  CG33 is replaced
 PARRDR> Error: Repeated DIHE parameter (  8689): CG32  CG2O  CG31  CG33 is replaced
 PARRDR> Error: Repeated DIHE parameter (  8690): CG32  CG2O  CG31  CG33 is replaced
 PARRDR> Error: Repeated DIHE parameter (  8691): CG32  CG2O  CG31  CG33 is replaced
 PARRDR> Error: Repeated DIHE parameter (  8692): CG32  CG2O  CG31  CG33 is replaced
 PARRDR> Error: Repeated DIHE parameter (  8689): CG32  CG2O  CG31  CG33 is replaced
 PARRDR> Error: Repeated DIHE parameter (  8690): CG32  CG2O  CG31  CG33 is replaced
 PARRDR> Error: Repeated DIHE parameter (  8691): CG32  CG2O  CG31  CG33 is replaced
 PARRDR> Error: Repeated DIHE parameter (  8692): CG32  CG2O  CG31  CG33 is replaced
 PARRDR> Error: Repeated DIHE parameter (  8918): CG31  CG2O  CG32  HGA2 is replaced
 PARRDR> Error: Repeated DIHE parameter (  8712): CG32  CG2O  CG31  HGA1 is replaced
 PARRDR> Error: Repeated DIHE parameter (  3545): CG2D  CG2D  CG32  CG2O is replaced
 PARRDR> Error: Repeated DIHE parameter (  3546): CG2D  CG2D  CG32  CG2O is replaced
 PARRDR> Error: Repeated DIHE parameter (  3547): CG2D  CG2D  CG32  CG2O is replaced
 PARRDR> Error: Repeated DIHE parameter (  3548): CG2D  CG2D  CG32  CG2O is replaced
 PARRDR> Error: Repeated DIHE parameter (  3549): CG2D  CG2D  CG32  CG2O is replaced
 PARRDR> Error: Repeated DIHE parameter (  3545): CG2D  CG2D  CG32  CG2O is replaced
 PARRDR> Error: Repeated DIHE parameter (  3546): CG2D  CG2D  CG32  CG2O is replaced
 PARRDR> Error: Repeated DIHE parameter (  3547): CG2D  CG2D  CG32  CG2O is replaced
 PARRDR> Error: Repeated DIHE parameter (  3548): CG2D  CG2D  CG32  CG2O is replaced
 PARRDR> Error: Repeated DIHE parameter (  3549): CG2D  CG2D  CG32  CG2O is replaced
 PARRDR> Error: Repeated DIHE parameter (  3545): CG2D  CG2D  CG32  CG2O is replaced
 PARRDR> Error: Repeated DIHE parameter (  3546): CG2D  CG2D  CG32  CG2O is replaced
 PARRDR> Error: Repeated DIHE parameter (  3547): CG2D  CG2D  CG32  CG2O is replaced
 PARRDR> Error: Repeated DIHE parameter (  3548): CG2D  CG2D  CG32  CG2O is replaced
 PARRDR> Error: Repeated DIHE parameter (  3549): CG2D  CG2D  CG32  CG2O is replaced
 PARRDR> Error: Repeated DIHE parameter (  3545): CG2D  CG2D  CG32  CG2O is replaced
 PARRDR> Error: Repeated DIHE parameter (  3546): CG2D  CG2D  CG32  CG2O is replaced
 PARRDR> Error: Repeated DIHE parameter (  3547): CG2D  CG2D  CG32  CG2O is replaced
 PARRDR> Error: Repeated DIHE parameter (  3548): CG2D  CG2D  CG32  CG2O is replaced
 PARRDR> Error: Repeated DIHE parameter (  3549): CG2D  CG2D  CG32  CG2O is replaced
 PARRDR> Error: Repeated DIHE parameter (  9003): OG2D  CG2O  CG32  CG2D is replaced
 PARRDR> Error: Repeated DIHE parameter (  9004): OG2D  CG2O  CG32  CG2D is replaced
 PARRDR> Error: Repeated DIHE parameter (  7767): OG2D  CG2O  NG2S  CG2O is replaced
 PARRDR> Error: Repeated DIHE parameter (  7688): CG32  CG2O  NG2S  CG2O is replaced
 PARRDR> Error: Repeated DIHE parameter (  7688): CG32  CG2O  NG2S  CG2O is replaced
 PARRDR> Error: Repeated DIHE parameter (  8930): CG32  CG2O  CG32  CG2O is replaced
 PARRDR> Error: Repeated DIHE parameter (  8931): CG32  CG2O  CG32  CG2O is replaced
 PARRDR> Error: Repeated DIHE parameter (  8932): CG32  CG2O  CG32  CG2O is replaced
 PARRDR> Error: Repeated DIHE parameter (  8933): CG32  CG2O  CG32  CG2O is replaced
 PARRDR> Error: Repeated DIHE parameter (  8934): CG32  CG2O  CG32  CG2O is replaced
 PARRDR> Error: Repeated DIHE parameter (  8930): CG32  CG2O  CG32  CG2O is replaced
 PARRDR> Error: Repeated DIHE parameter (  8931): CG32  CG2O  CG32  CG2O is replaced
 PARRDR> Error: Repeated DIHE parameter (  8932): CG32  CG2O  CG32  CG2O is replaced
 PARRDR> Error: Repeated DIHE parameter (  8933): CG32  CG2O  CG32  CG2O is replaced
 PARRDR> Error: Repeated DIHE parameter (  8934): CG32  CG2O  CG32  CG2O is replaced
 PARRDR> Error: Repeated DIHE parameter (  8930): CG32  CG2O  CG32  CG2O is replaced
 PARRDR> Error: Repeated DIHE parameter (  8931): CG32  CG2O  CG32  CG2O is replaced
 PARRDR> Error: Repeated DIHE parameter (  8932): CG32  CG2O  CG32  CG2O is replaced
 PARRDR> Error: Repeated DIHE parameter (  8933): CG32  CG2O  CG32  CG2O is replaced
 PARRDR> Error: Repeated DIHE parameter (  8934): CG32  CG2O  CG32  CG2O is replaced
 PARRDR> Error: Repeated DIHE parameter (  8930): CG32  CG2O  CG32  CG2O is replaced
 PARRDR> Error: Repeated DIHE parameter (  8931): CG32  CG2O  CG32  CG2O is replaced
 PARRDR> Error: Repeated DIHE parameter (  8932): CG32  CG2O  CG32  CG2O is replaced
 PARRDR> Error: Repeated DIHE parameter (  8933): CG32  CG2O  CG32  CG2O is replaced
 PARRDR> Error: Repeated DIHE parameter (  8934): CG32  CG2O  CG32  CG2O is replaced
 PARRDR> Error: Repeated DIHE parameter (  7089): OG2D  CG2O  CG32  CG2O is replaced
 PARRDR> Error: Repeated DIHE parameter (  7090): OG2D  CG2O  CG32  CG2O is replaced
 PARRDR> Error: Repeated DIHE parameter (  9005): OG2D  CG2O  CG32  CG2O is replaced
 PARRDR> Error: Repeated DIHE parameter (  9006): OG2D  CG2O  CG32  CG2O is replaced
 PARRDR> Error: Repeated DIHE parameter (  9007): OG2D  CG2O  CG32  CG2O is replaced
 PARRDR> Error: Repeated DIHE parameter (  8659): CG32  CG2O  CG31  CG2O is replaced
 PARRDR> Error: Repeated DIHE parameter (  8660): CG32  CG2O  CG31  CG2O is replaced
 PARRDR> Error: Repeated DIHE parameter (  8661): CG32  CG2O  CG31  CG2O is replaced
 PARRDR> Error: Repeated DIHE parameter (  8659): CG32  CG2O  CG31  CG2O is replaced
 PARRDR> Error: Repeated DIHE parameter (  8660): CG32  CG2O  CG31  CG2O is replaced
 PARRDR> Error: Repeated DIHE parameter (  8661): CG32  CG2O  CG31  CG2O is replaced
 PARRDR> Error: Repeated DIHE parameter (  8659): CG32  CG2O  CG31  CG2O is replaced
 PARRDR> Error: Repeated DIHE parameter (  8660): CG32  CG2O  CG31  CG2O is replaced
 PARRDR> Error: Repeated DIHE parameter (  8661): CG32  CG2O  CG31  CG2O is replaced
 PARRDR> Error: Repeated DIHE parameter (  8659): CG32  CG2O  CG31  CG2O is replaced
 PARRDR> Error: Repeated DIHE parameter (  8660): CG32  CG2O  CG31  CG2O is replaced
 PARRDR> Error: Repeated DIHE parameter (  8661): CG32  CG2O  CG31  CG2O is replaced
 PARRDR> Error: Repeated DIHE parameter (  8662): CG32  CG2O  CG31  CG2O is replaced
 PARRDR> Error: Repeated DIHE parameter (  8663): CG32  CG2O  CG31  CG2O is replaced
 PARRDR> Error: Repeated DIHE parameter (  8664): CG32  CG2O  CG31  CG2O is replaced
 PARRDR> Error: Repeated DIHE parameter (  8662): CG32  CG2O  CG31  CG2O is replaced
 PARRDR> Error: Repeated DIHE parameter (  8663): CG32  CG2O  CG31  CG2O is replaced
 PARRDR> Error: Repeated DIHE parameter (  8664): CG32  CG2O  CG31  CG2O is replaced
 PARRDR> Error: Repeated DIHE parameter (  8662): CG32  CG2O  CG31  CG2O is replaced
 PARRDR> Error: Repeated DIHE parameter (  8663): CG32  CG2O  CG31  CG2O is replaced
 PARRDR> Error: Repeated DIHE parameter (  8664): CG32  CG2O  CG31  CG2O is replaced
 PARRDR> Error: Repeated DIHE parameter (  8662): CG32  CG2O  CG31  CG2O is replaced
 PARRDR> Error: Repeated DIHE parameter (  8663): CG32  CG2O  CG31  CG2O is replaced
 PARRDR> Error: Repeated DIHE parameter (  8664): CG32  CG2O  CG31  CG2O is replaced
 PARRDR> Error: Repeated DIHE parameter (  8556): CG32  CG2O  CG30  CG32 is replaced
 PARRDR> Error: Repeated DIHE parameter (  8557): CG32  CG2O  CG30  CG32 is replaced
 PARRDR> Error: Repeated DIHE parameter (  8558): CG32  CG2O  CG30  CG32 is replaced
 PARRDR> Error: Repeated DIHE parameter (  8559): CG32  CG2O  CG30  CG32 is replaced
 PARRDR> Error: Repeated DIHE parameter (  8556): CG32  CG2O  CG30  CG32 is replaced
 PARRDR> Error: Repeated DIHE parameter (  8557): CG32  CG2O  CG30  CG32 is replaced
 PARRDR> Error: Repeated DIHE parameter (  8558): CG32  CG2O  CG30  CG32 is replaced
 PARRDR> Error: Repeated DIHE parameter (  8559): CG32  CG2O  CG30  CG32 is replaced
 PARRDR> Error: Repeated DIHE parameter (  8556): CG32  CG2O  CG30  CG32 is replaced
 PARRDR> Error: Repeated DIHE parameter (  8557): CG32  CG2O  CG30  CG32 is replaced
 PARRDR> Error: Repeated DIHE parameter (  8558): CG32  CG2O  CG30  CG32 is replaced
 PARRDR> Error: Repeated DIHE parameter (  8559): CG32  CG2O  CG30  CG32 is replaced
 PARRDR> Error: Repeated DIHE parameter (  8556): CG32  CG2O  CG30  CG32 is replaced
 PARRDR> Error: Repeated DIHE parameter (  8557): CG32  CG2O  CG30  CG32 is replaced
 PARRDR> Error: Repeated DIHE parameter (  8558): CG32  CG2O  CG30  CG32 is replaced
 PARRDR> Error: Repeated DIHE parameter (  8559): CG32  CG2O  CG30  CG32 is replaced
 PARRDR> Error: Repeated DIHE parameter ( 19802): CG32  CG31  CG32  CG2O is replaced
 PARRDR> Error: Repeated DIHE parameter ( 19802): CG32  CG31  CG32  CG2O is replaced
 PARRDR> Error: Repeated DIHE parameter ( 19802): CG32  CG31  CG32  CG2O is replaced
 PARRDR> Error: Repeated DIHE parameter ( 19802): CG32  CG31  CG32  CG2O is replaced
 PARRDR> Error: Repeated DIHE parameter ( 19802): CG32  CG31  CG32  CG2O is replaced
 PARRDR> Error: Repeated DIHE parameter ( 19676): CG2O  CG31  CG32  NG2S is replaced
 PARRDR> Error: Repeated DIHE parameter (  8560): CG32  CG2O  CG30  CG33 is replaced
 PARRDR> Error: Repeated DIHE parameter (  8561): CG32  CG2O  CG30  CG33 is replaced
 PARRDR> Error: Repeated DIHE parameter (  8562): CG32  CG2O  CG30  CG33 is replaced
 PARRDR> Error: Repeated DIHE parameter (  8563): CG32  CG2O  CG30  CG33 is replaced
 PARRDR> Error: Repeated DIHE parameter (  8564): CG32  CG2O  CG30  CG33 is replaced
 PARRDR> Error: Repeated DIHE parameter (  8560): CG32  CG2O  CG30  CG33 is replaced
 PARRDR> Error: Repeated DIHE parameter (  8561): CG32  CG2O  CG30  CG33 is replaced
 PARRDR> Error: Repeated DIHE parameter (  8562): CG32  CG2O  CG30  CG33 is replaced
 PARRDR> Error: Repeated DIHE parameter (  8563): CG32  CG2O  CG30  CG33 is replaced
 PARRDR> Error: Repeated DIHE parameter (  8564): CG32  CG2O  CG30  CG33 is replaced
 PARRDR> Error: Repeated DIHE parameter (  8560): CG32  CG2O  CG30  CG33 is replaced
 PARRDR> Error: Repeated DIHE parameter (  8561): CG32  CG2O  CG30  CG33 is replaced
 PARRDR> Error: Repeated DIHE parameter (  8562): CG32  CG2O  CG30  CG33 is replaced
 PARRDR> Error: Repeated DIHE parameter (  8563): CG32  CG2O  CG30  CG33 is replaced
 PARRDR> Error: Repeated DIHE parameter (  8564): CG32  CG2O  CG30  CG33 is replaced
 PARRDR> Error: Repeated DIHE parameter (  8560): CG32  CG2O  CG30  CG33 is replaced
 PARRDR> Error: Repeated DIHE parameter (  8561): CG32  CG2O  CG30  CG33 is replaced
 PARRDR> Error: Repeated DIHE parameter (  8562): CG32  CG2O  CG30  CG33 is replaced
 PARRDR> Error: Repeated DIHE parameter (  8563): CG32  CG2O  CG30  CG33 is replaced
 PARRDR> Error: Repeated DIHE parameter (  8564): CG32  CG2O  CG30  CG33 is replaced
 PARRDR> Error: Repeated DIHE parameter ( 19860): CG33  CG31  CG32  CG2O is replaced
 PARRDR> Error: Repeated DIHE parameter ( 19860): CG33  CG31  CG32  CG2O is replaced
 PARRDR> Error: Repeated DIHE parameter ( 19860): CG33  CG31  CG32  CG2O is replaced
 PARRDR> Error: Repeated DIHE parameter ( 19860): CG33  CG31  CG32  CG2O is replaced
 PARRDR> Error: Repeated DIHE parameter ( 19860): CG33  CG31  CG32  CG2O is replaced
 PARRDR> Error: Repeated DIHE parameter ( 18337): CG2O  CG30  CG32  CG32 is replaced
 PARRDR> Error: Repeated DIHE parameter ( 18338): CG2O  CG30  CG32  CG32 is replaced
 PARRDR> Error: Repeated DIHE parameter (  8947): CG32  CG2O  CG32  CG31 is replaced
 PARRDR> Error: Repeated DIHE parameter (  8948): CG32  CG2O  CG32  CG31 is replaced
 PARRDR> Error: Repeated DIHE parameter (  8949): CG32  CG2O  CG32  CG31 is replaced
 PARRDR> Error: Repeated DIHE parameter (  8950): CG32  CG2O  CG32  CG31 is replaced
 PARRDR> Error: Repeated DIHE parameter (  8947): CG32  CG2O  CG32  CG31 is replaced
 PARRDR> Error: Repeated DIHE parameter (  8948): CG32  CG2O  CG32  CG31 is replaced
 PARRDR> Error: Repeated DIHE parameter (  8949): CG32  CG2O  CG32  CG31 is replaced
 PARRDR> Error: Repeated DIHE parameter (  8950): CG32  CG2O  CG32  CG31 is replaced
 PARRDR> Error: Repeated DIHE parameter (  8947): CG32  CG2O  CG32  CG31 is replaced
 PARRDR> Error: Repeated DIHE parameter (  8948): CG32  CG2O  CG32  CG31 is replaced
 PARRDR> Error: Repeated DIHE parameter (  8949): CG32  CG2O  CG32  CG31 is replaced
 PARRDR> Error: Repeated DIHE parameter (  8950): CG32  CG2O  CG32  CG31 is replaced
 PARRDR> Error: Repeated DIHE parameter (  8947): CG32  CG2O  CG32  CG31 is replaced
 PARRDR> Error: Repeated DIHE parameter (  8948): CG32  CG2O  CG32  CG31 is replaced
 PARRDR> Error: Repeated DIHE parameter (  8949): CG32  CG2O  CG32  CG31 is replaced
 PARRDR> Error: Repeated DIHE parameter (  8950): CG32  CG2O  CG32  CG31 is replaced
 PARRDR> Error: Repeated DIHE parameter ( 19705): CG2R  CG31  CG32  CG2O is replaced
 PARRDR> Error: Repeated DIHE parameter (  8590): OG2D  CG2O  CG30  CG33 is replaced
 PARRDR> Error: Repeated DIHE parameter (  8591): OG2D  CG2O  CG30  CG33 is replaced
 PARRDR> Error: Repeated DIHE parameter (  8592): OG2D  CG2O  CG30  CG33 is replaced
 PARRDR> Error: Repeated DIHE parameter (  8593): OG2D  CG2O  CG30  CG33 is replaced
 PARRDR> Error: Repeated DIHE parameter (  8594): OG2D  CG2O  CG30  CG33 is replaced
 PARRDR> Error: Repeated DIHE parameter (  8590): OG2D  CG2O  CG30  CG33 is replaced
 PARRDR> Error: Repeated DIHE parameter (  8591): OG2D  CG2O  CG30  CG33 is replaced
 PARRDR> Error: Repeated DIHE parameter (  8592): OG2D  CG2O  CG30  CG33 is replaced
 PARRDR> Error: Repeated DIHE parameter (  8593): OG2D  CG2O  CG30  CG33 is replaced
 PARRDR> Error: Repeated DIHE parameter (  8594): OG2D  CG2O  CG30  CG33 is replaced
 PARRDR> Error: Repeated DIHE parameter (  8590): OG2D  CG2O  CG30  CG33 is replaced
 PARRDR> Error: Repeated DIHE parameter (  8591): OG2D  CG2O  CG30  CG33 is replaced
 PARRDR> Error: Repeated DIHE parameter (  8592): OG2D  CG2O  CG30  CG33 is replaced
 PARRDR> Error: Repeated DIHE parameter (  8593): OG2D  CG2O  CG30  CG33 is replaced
 PARRDR> Error: Repeated DIHE parameter (  8594): OG2D  CG2O  CG30  CG33 is replaced
 PARRDR> Error: Repeated DIHE parameter (  8590): OG2D  CG2O  CG30  CG33 is replaced
 PARRDR> Error: Repeated DIHE parameter (  8591): OG2D  CG2O  CG30  CG33 is replaced
 PARRDR> Error: Repeated DIHE parameter (  8592): OG2D  CG2O  CG30  CG33 is replaced
 PARRDR> Error: Repeated DIHE parameter (  8593): OG2D  CG2O  CG30  CG33 is replaced
 PARRDR> Error: Repeated DIHE parameter (  8594): OG2D  CG2O  CG30  CG33 is replaced
 PARRDR> Error: Repeated DIHE parameter (  8665): CG32  CG2O  CG31  CG2R is replaced
 PARRDR> Error: Repeated DIHE parameter (  8666): CG32  CG2O  CG31  CG2R is replaced
 PARRDR> Error: Repeated DIHE parameter (  8665): CG32  CG2O  CG31  CG2R is replaced
 PARRDR> Error: Repeated DIHE parameter (  8666): CG32  CG2O  CG31  CG2R is replaced
 PARRDR> Error: Repeated DIHE parameter (  8665): CG32  CG2O  CG31  CG2R is replaced
 PARRDR> Error: Repeated DIHE parameter (  8666): CG32  CG2O  CG31  CG2R is replaced
 PARRDR> Error: Repeated DIHE parameter (  8665): CG32  CG2O  CG31  CG2R is replaced
 PARRDR> Error: Repeated DIHE parameter (  8666): CG32  CG2O  CG31  CG2R is replaced
 PARRDR> Error: Repeated DIHE parameter (  8656): CG32  CG2O  CG31  CG2O is replaced
 PARRDR> Error: Repeated DIHE parameter (  8657): CG32  CG2O  CG31  CG2O is replaced
 PARRDR> Error: Repeated DIHE parameter (  8658): CG32  CG2O  CG31  CG2O is replaced
 PARRDR> Error: Repeated DIHE parameter (  8656): CG32  CG2O  CG31  CG2O is replaced
 PARRDR> Error: Repeated DIHE parameter (  8657): CG32  CG2O  CG31  CG2O is replaced
 PARRDR> Error: Repeated DIHE parameter (  8658): CG32  CG2O  CG31  CG2O is replaced
 PARRDR> Error: Repeated DIHE parameter (  8656): CG32  CG2O  CG31  CG2O is replaced
 PARRDR> Error: Repeated DIHE parameter (  8657): CG32  CG2O  CG31  CG2O is replaced
 PARRDR> Error: Repeated DIHE parameter (  8658): CG32  CG2O  CG31  CG2O is replaced
 PARRDR> Error: Repeated DIHE parameter (  8656): CG32  CG2O  CG31  CG2O is replaced
 PARRDR> Error: Repeated DIHE parameter (  8657): CG32  CG2O  CG31  CG2O is replaced
 PARRDR> Error: Repeated DIHE parameter (  8658): CG32  CG2O  CG31  CG2O is replaced
 PARRDR> Error: Repeated DIHE parameter (  8693): CG32  CG2O  CG31  NG2R is replaced
 PARRDR> Error: Repeated DIHE parameter (  8694): CG32  CG2O  CG31  NG2R is replaced
 PARRDR> Error: Repeated DIHE parameter ( 18343): CG2O  CG30  CG32  HGA2 is replaced
 PARRDR> Error: Repeated DIHE parameter (  8730): OG2D  CG2O  CG31  CG2O is replaced
 PARRDR> Error: Repeated DIHE parameter (  8731): OG2D  CG2O  CG31  CG2O is replaced
 PARRDR> Error: Repeated DIHE parameter (  8586): OG2D  CG2O  CG30  CG32 is replaced
 PARRDR> Error: Repeated DIHE parameter (  8587): OG2D  CG2O  CG30  CG32 is replaced
 PARRDR> Error: Repeated DIHE parameter (  8588): OG2D  CG2O  CG30  CG32 is replaced
 PARRDR> Error: Repeated DIHE parameter (  8589): OG2D  CG2O  CG30  CG32 is replaced
 PARRDR> Error: Repeated DIHE parameter (  8586): OG2D  CG2O  CG30  CG32 is replaced
 PARRDR> Error: Repeated DIHE parameter (  8587): OG2D  CG2O  CG30  CG32 is replaced
 PARRDR> Error: Repeated DIHE parameter (  8588): OG2D  CG2O  CG30  CG32 is replaced
 PARRDR> Error: Repeated DIHE parameter (  8589): OG2D  CG2O  CG30  CG32 is replaced
 PARRDR> Error: Repeated DIHE parameter (  8586): OG2D  CG2O  CG30  CG32 is replaced
 PARRDR> Error: Repeated DIHE parameter (  8587): OG2D  CG2O  CG30  CG32 is replaced
 PARRDR> Error: Repeated DIHE parameter (  8588): OG2D  CG2O  CG30  CG32 is replaced
 PARRDR> Error: Repeated DIHE parameter (  8589): OG2D  CG2O  CG30  CG32 is replaced
 PARRDR> Error: Repeated DIHE parameter (  8586): OG2D  CG2O  CG30  CG32 is replaced
 PARRDR> Error: Repeated DIHE parameter (  8587): OG2D  CG2O  CG30  CG32 is replaced
 PARRDR> Error: Repeated DIHE parameter (  8588): OG2D  CG2O  CG30  CG32 is replaced
 PARRDR> Error: Repeated DIHE parameter (  8589): OG2D  CG2O  CG30  CG32 is replaced
 PARRDR> Error: Repeated DIHE parameter (  8883): CG30  CG2O  CG32  HGA2 is replaced
 PARRDR> Error: Repeated DIHE parameter (  8724): OG2D  CG2O  CG31  CG2O is replaced
 PARRDR> Error: Repeated DIHE parameter (  8725): OG2D  CG2O  CG31  CG2O is replaced
 PARRDR> Error: Repeated DIHE parameter ( 20067): OG31  CG31  CG32  NG2S is replaced
 PARRDR> Error: Repeated DIHE parameter (  8700): CG32  CG2O  CG31  OG31 is replaced
 PARRDR> Error: Repeated DIHE parameter (  8701): CG32  CG2O  CG31  OG31 is replaced
 PARRDR> Error: Repeated DIHE parameter (  8702): CG32  CG2O  CG31  OG31 is replaced
 PARRDR> Error: Repeated DIHE parameter (  8703): CG32  CG2O  CG31  OG31 is replaced
 PARRDR> Error: Repeated DIHE parameter (  8700): CG32  CG2O  CG31  OG31 is replaced
 PARRDR> Error: Repeated DIHE parameter (  8701): CG32  CG2O  CG31  OG31 is replaced
 PARRDR> Error: Repeated DIHE parameter (  8702): CG32  CG2O  CG31  OG31 is replaced
 PARRDR> Error: Repeated DIHE parameter (  8703): CG32  CG2O  CG31  OG31 is replaced
 PARRDR> Error: Repeated DIHE parameter (  8700): CG32  CG2O  CG31  OG31 is replaced
 PARRDR> Error: Repeated DIHE parameter (  8701): CG32  CG2O  CG31  OG31 is replaced
 PARRDR> Error: Repeated DIHE parameter (  8702): CG32  CG2O  CG31  OG31 is replaced
 PARRDR> Error: Repeated DIHE parameter (  8703): CG32  CG2O  CG31  OG31 is replaced
 PARRDR> Error: Repeated DIHE parameter (  8700): CG32  CG2O  CG31  OG31 is replaced
 PARRDR> Error: Repeated DIHE parameter (  8701): CG32  CG2O  CG31  OG31 is replaced
 PARRDR> Error: Repeated DIHE parameter (  8702): CG32  CG2O  CG31  OG31 is replaced
 PARRDR> Error: Repeated DIHE parameter (  8703): CG32  CG2O  CG31  OG31 is replaced
 PARRDR> Error: Repeated DIHE parameter (  9017): OG2D  CG2O  CG32  CG31 is replaced
 PARRDR> Error: Repeated DIHE parameter (  9018): OG2D  CG2O  CG32  CG31 is replaced
 PARRDR> Error: Repeated DIHE parameter (  9019): OG2D  CG2O  CG32  CG31 is replaced
 PARRDR> Error: Repeated DIHE parameter (  9020): OG2D  CG2O  CG32  CG31 is replaced
 PARRDR> Error: Repeated DIHE parameter (  9017): OG2D  CG2O  CG32  CG31 is replaced
 PARRDR> Error: Repeated DIHE parameter (  9018): OG2D  CG2O  CG32  CG31 is replaced
 PARRDR> Error: Repeated DIHE parameter (  9019): OG2D  CG2O  CG32  CG31 is replaced
 PARRDR> Error: Repeated DIHE parameter (  9020): OG2D  CG2O  CG32  CG31 is replaced
 PARRDR> Error: Repeated DIHE parameter (  9017): OG2D  CG2O  CG32  CG31 is replaced
 PARRDR> Error: Repeated DIHE parameter (  9018): OG2D  CG2O  CG32  CG31 is replaced
 PARRDR> Error: Repeated DIHE parameter (  9019): OG2D  CG2O  CG32  CG31 is replaced
 PARRDR> Error: Repeated DIHE parameter (  9020): OG2D  CG2O  CG32  CG31 is replaced
 PARRDR> Error: Repeated DIHE parameter (  9017): OG2D  CG2O  CG32  CG31 is replaced
 PARRDR> Error: Repeated DIHE parameter (  9018): OG2D  CG2O  CG32  CG31 is replaced
 PARRDR> Error: Repeated DIHE parameter (  9019): OG2D  CG2O  CG32  CG31 is replaced
 PARRDR> Error: Repeated DIHE parameter (  9020): OG2D  CG2O  CG32  CG31 is replaced
 PARRDR> Error: Repeated DIHE parameter (  8765): OG2D  CG2O  CG31  NG2R is replaced
 PARRDR> Error: Repeated DIHE parameter (  8766): OG2D  CG2O  CG31  NG2R is replaced
 PARRDR> Error: Repeated DIHE parameter (  8728): OG2D  CG2O  CG31  CG2O is replaced
 PARRDR> Error: Repeated DIHE parameter (  8729): OG2D  CG2O  CG31  CG2O is replaced
 PARRDR> Error: Repeated DIHE parameter (  7887): OG2D  CG2O  CG31  CG2O is replaced
 PARRDR> Error: Repeated DIHE parameter (  7888): OG2D  CG2O  CG31  CG2O is replaced
 PARRDR> Error: Repeated DIHE parameter (  8680): CG32  CG2O  CG31  CG32 is replaced
 PARRDR> Error: Repeated DIHE parameter (  8681): CG32  CG2O  CG31  CG32 is replaced
 PARRDR> Error: Repeated DIHE parameter (  8682): CG32  CG2O  CG31  CG32 is replaced
 PARRDR> Error: Repeated DIHE parameter (  8683): CG32  CG2O  CG31  CG32 is replaced
 PARRDR> Error: Repeated DIHE parameter (  8680): CG32  CG2O  CG31  CG32 is replaced
 PARRDR> Error: Repeated DIHE parameter (  8681): CG32  CG2O  CG31  CG32 is replaced
 PARRDR> Error: Repeated DIHE parameter (  8682): CG32  CG2O  CG31  CG32 is replaced
 PARRDR> Error: Repeated DIHE parameter (  8683): CG32  CG2O  CG31  CG32 is replaced
 PARRDR> Error: Repeated DIHE parameter (  8680): CG32  CG2O  CG31  CG32 is replaced
 PARRDR> Error: Repeated DIHE parameter (  8681): CG32  CG2O  CG31  CG32 is replaced
 PARRDR> Error: Repeated DIHE parameter (  8682): CG32  CG2O  CG31  CG32 is replaced
 PARRDR> Error: Repeated DIHE parameter (  8683): CG32  CG2O  CG31  CG32 is replaced
 PARRDR> Error: Repeated DIHE parameter (  8680): CG32  CG2O  CG31  CG32 is replaced
 PARRDR> Error: Repeated DIHE parameter (  8681): CG32  CG2O  CG31  CG32 is replaced
 PARRDR> Error: Repeated DIHE parameter (  8682): CG32  CG2O  CG31  CG32 is replaced
 PARRDR> Error: Repeated DIHE parameter (  8683): CG32  CG2O  CG31  CG32 is replaced
 PARRDR> Error: Repeated DIHE parameter (  3633): CG33  CG2D  CG32  CG2O is replaced
 PARRDR> Error: Repeated DIHE parameter (  3634): CG33  CG2D  CG32  CG2O is replaced
 PARRDR> Error: Repeated DIHE parameter (  8732): OG2D  CG2O  CG31  CG2R is replaced
 PARRDR> Error: Repeated DIHE parameter (  8733): OG2D  CG2O  CG31  CG2R is replaced
 PARRDR> Error: Repeated DIHE parameter (  8734): OG2D  CG2O  CG31  CG2R is replaced
 PARRDR> Error: Repeated DIHE parameter (  8850): CG2O  CG2O  CG32  HGA2 is replaced
 PARRDR> Error: Repeated DIHE parameter ( 18612): CG2O  CG30  CG33  HGA3 is replaced
 PARRDR> Error: Repeated DIHE parameter ( 19641): CG2O  CG31  CG32  NG2S is replaced
 PARRDR> Error: Repeated DIHE parameter (  8231): OG2D  CG2O  CG31  CG2O is replaced
 PARRDR> Error: Repeated DIHE parameter ( 20196): HGA1  CG31  CG32  CG2O is replaced
 PARRDR> Error: Repeated DIHE parameter (  8726): OG2D  CG2O  CG31  CG2O is replaced
 PARRDR> Error: Repeated DIHE parameter (  8727): OG2D  CG2O  CG31  CG2O is replaced
 PARRDR> Error: Repeated DIHE parameter ( 14384): CG2R  CG2R  CG31  CG2O is replaced
 PARRDR> Error: Repeated DIHE parameter (  7924): OG31  CG2O  CG31  CG2O is replaced
 PARRDR> Error: Repeated DIHE parameter (  7925): OG31  CG2O  CG31  CG2O is replaced
 PARRDR> Error: Repeated DIHE parameter (  7926): OG31  CG2O  CG31  CG2O is replaced
 PARRDR> Error: Repeated DIHE parameter (  8485): CG32  CG2O  CG2O  OG2D is replaced
 PARRDR> Error: Repeated DIHE parameter (  8486): CG32  CG2O  CG2O  OG2D is replaced
 PARRDR> Error: Repeated DIHE parameter ( 18407): CG33  CG30  CG32  CG2O is replaced
 PARRDR> Error: Repeated DIHE parameter ( 20733): CG2O  CG31  NG2R  CG2R is replaced
 PARRDR> Error: Repeated DIHE parameter (  6877): NG2S  CG2O  CG31  CG2O is replaced
 PARRDR> Error: Repeated DIHE parameter (  6878): NG2S  CG2O  CG31  CG2O is replaced
 PARRDR> Error: Repeated DIHE parameter (  6879): NG2S  CG2O  CG31  CG2O is replaced
 PARRDR> Error: Repeated DIHE parameter (  6880): NG2S  CG2O  CG31  CG2O is replaced
 PARRDR> Error: Repeated DIHE parameter (  6930): OG2D  CG2O  CG31  CG2O is replaced
 PARRDR> Error: Repeated DIHE parameter (  6931): OG2D  CG2O  CG31  CG2O is replaced
 PARRDR> Error: Repeated DIHE parameter ( 22512): CG2O  CG32  CG32  NG31 is replaced
 PARRDR> Error: Repeated DIHE parameter ( 22513): CG2O  CG32  CG32  NG31 is replaced
 PARRDR> Error: Repeated DIHE parameter ( 22514): CG2O  CG32  CG32  NG31 is replaced
 PARRDR> Error: Repeated DIHE parameter ( 22515): CG2O  CG32  CG32  NG31 is replaced
 PARRDR> Error: Repeated DIHE parameter ( 22512): CG2O  CG32  CG32  NG31 is replaced
 PARRDR> Error: Repeated DIHE parameter ( 22513): CG2O  CG32  CG32  NG31 is replaced
 PARRDR> Error: Repeated DIHE parameter ( 22514): CG2O  CG32  CG32  NG31 is replaced
 PARRDR> Error: Repeated DIHE parameter ( 22515): CG2O  CG32  CG32  NG31 is replaced
 PARRDR> Error: Repeated DIHE parameter ( 22512): CG2O  CG32  CG32  NG31 is replaced
 PARRDR> Error: Repeated DIHE parameter ( 22513): CG2O  CG32  CG32  NG31 is replaced
 PARRDR> Error: Repeated DIHE parameter ( 22514): CG2O  CG32  CG32  NG31 is replaced
 PARRDR> Error: Repeated DIHE parameter ( 22515): CG2O  CG32  CG32  NG31 is replaced
 PARRDR> Error: Repeated DIHE parameter ( 22512): CG2O  CG32  CG32  NG31 is replaced
 PARRDR> Error: Repeated DIHE parameter ( 22513): CG2O  CG32  CG32  NG31 is replaced
 PARRDR> Error: Repeated DIHE parameter ( 22514): CG2O  CG32  CG32  NG31 is replaced
 PARRDR> Error: Repeated DIHE parameter ( 22515): CG2O  CG32  CG32  NG31 is replaced
 PARRDR> Error: Repeated DIHE parameter ( 22512): CG2O  CG32  CG32  NG31 is replaced
 PARRDR> Error: Repeated DIHE parameter ( 22513): CG2O  CG32  CG32  NG31 is replaced
 PARRDR> Error: Repeated DIHE parameter ( 22514): CG2O  CG32  CG32  NG31 is replaced
 PARRDR> Error: Repeated DIHE parameter ( 22515): CG2O  CG32  CG32  NG31 is replaced
 PARRDR> Error: Repeated DIHE parameter ( 19670): CG2O  CG31  CG32  CG2O is replaced
 PARRDR> Error: Repeated DIHE parameter (  8879): CG30  CG2O  CG32  CG32 is replaced
 PARRDR> Error: Repeated DIHE parameter (  8880): CG30  CG2O  CG32  CG32 is replaced
 PARRDR> Error: Repeated DIHE parameter (  8881): CG30  CG2O  CG32  CG32 is replaced
 PARRDR> Error: Repeated DIHE parameter (  8882): CG30  CG2O  CG32  CG32 is replaced
 PARRDR> Error: Repeated DIHE parameter (  8879): CG30  CG2O  CG32  CG32 is replaced
 PARRDR> Error: Repeated DIHE parameter (  8880): CG30  CG2O  CG32  CG32 is replaced
 PARRDR> Error: Repeated DIHE parameter (  8881): CG30  CG2O  CG32  CG32 is replaced
 PARRDR> Error: Repeated DIHE parameter (  8882): CG30  CG2O  CG32  CG32 is replaced
 PARRDR> Error: Repeated DIHE parameter (  8879): CG30  CG2O  CG32  CG32 is replaced
 PARRDR> Error: Repeated DIHE parameter (  8880): CG30  CG2O  CG32  CG32 is replaced
 PARRDR> Error: Repeated DIHE parameter (  8881): CG30  CG2O  CG32  CG32 is replaced
 PARRDR> Error: Repeated DIHE parameter (  8882): CG30  CG2O  CG32  CG32 is replaced
 PARRDR> Error: Repeated DIHE parameter (  8879): CG30  CG2O  CG32  CG32 is replaced
 PARRDR> Error: Repeated DIHE parameter (  8880): CG30  CG2O  CG32  CG32 is replaced
 PARRDR> Error: Repeated DIHE parameter (  8881): CG30  CG2O  CG32  CG32 is replaced
 PARRDR> Error: Repeated DIHE parameter (  8882): CG30  CG2O  CG32  CG32 is replaced
 PARRDR> Error: Repeated DIHE parameter (  8905): CG31  CG2O  CG32  CG32 is replaced
 PARRDR> Error: Repeated DIHE parameter (  8906): CG31  CG2O  CG32  CG32 is replaced
 PARRDR> Error: Repeated DIHE parameter (  8907): CG31  CG2O  CG32  CG32 is replaced
 PARRDR> Error: Repeated DIHE parameter (  8908): CG31  CG2O  CG32  CG32 is replaced
 PARRDR> Error: Repeated DIHE parameter (  8905): CG31  CG2O  CG32  CG32 is replaced
 PARRDR> Error: Repeated DIHE parameter (  8906): CG31  CG2O  CG32  CG32 is replaced
 PARRDR> Error: Repeated DIHE parameter (  8907): CG31  CG2O  CG32  CG32 is replaced
 PARRDR> Error: Repeated DIHE parameter (  8908): CG31  CG2O  CG32  CG32 is replaced
 PARRDR> Error: Repeated DIHE parameter (  8905): CG31  CG2O  CG32  CG32 is replaced
 PARRDR> Error: Repeated DIHE parameter (  8906): CG31  CG2O  CG32  CG32 is replaced
 PARRDR> Error: Repeated DIHE parameter (  8907): CG31  CG2O  CG32  CG32 is replaced
 PARRDR> Error: Repeated DIHE parameter (  8908): CG31  CG2O  CG32  CG32 is replaced
 PARRDR> Error: Repeated DIHE parameter (  8905): CG31  CG2O  CG32  CG32 is replaced
 PARRDR> Error: Repeated DIHE parameter (  8906): CG31  CG2O  CG32  CG32 is replaced
 PARRDR> Error: Repeated DIHE parameter (  8907): CG31  CG2O  CG32  CG32 is replaced
 PARRDR> Error: Repeated DIHE parameter (  8908): CG31  CG2O  CG32  CG32 is replaced
 PARRDR> Error: Repeated DIHE parameter ( 18334): CG2O  CG30  CG32  CG30 is replaced
 PARRDR> Error: Repeated DIHE parameter ( 18335): CG2O  CG30  CG32  CG30 is replaced
 PARRDR> Error: Repeated DIHE parameter ( 18336): CG2O  CG30  CG32  CG31 is replaced
 PARRDR> Error: Repeated DIHE parameter ( 19982): NG31  CG31  CG32  CG2O is replaced
 PARRDR> Error: Repeated DIHE parameter ( 19983): NG31  CG31  CG32  CG2O is replaced
 PARRDR> Error: Repeated DIHE parameter ( 19984): NG31  CG31  CG32  CG2O is replaced
 PARRDR> Error: Repeated DIHE parameter (  7038): NG2S  CG2O  CG32  CG2O is replaced
 PARRDR> Error: Repeated DIHE parameter (  7039): NG2S  CG2O  CG32  CG2O is replaced
 PARRDR> Error: Repeated DIHE parameter (  7040): NG2S  CG2O  CG32  CG2O is replaced
 PARRDR> Error: Repeated DIHE parameter ( 20038): OG31  CG31  CG32  CG2O is replaced
 PARRDR> Error: Repeated DIHE parameter ( 24204): CG31  CG32  NG31  CG32 is replaced
 PARRDR> Error: Repeated DIHE parameter ( 24205): CG31  CG32  NG31  CG32 is replaced
 PARRDR> Error: Repeated DIHE parameter ( 24206): CG31  CG32  NG31  CG32 is replaced
 PARRDR> Error: Repeated DIHE parameter ( 24204): CG31  CG32  NG31  CG32 is replaced
 PARRDR> Error: Repeated DIHE parameter ( 24205): CG31  CG32  NG31  CG32 is replaced
 PARRDR> Error: Repeated DIHE parameter ( 24206): CG31  CG32  NG31  CG32 is replaced
 PARRDR> Error: Repeated DIHE parameter ( 24204): CG31  CG32  NG31  CG32 is replaced
 PARRDR> Error: Repeated DIHE parameter ( 24205): CG31  CG32  NG31  CG32 is replaced
 PARRDR> Error: Repeated DIHE parameter ( 24206): CG31  CG32  NG31  CG32 is replaced
 PARRDR> Error: Repeated DIHE parameter ( 20217): HGA1  CG31  CG32  NG31 is replaced
 PARRDR> Error: Repeated DIHE parameter ( 24211): CG31  CG32  NG31  HGPA is replaced
 PARRDR> Error: Repeated DIHE parameter ( 22553): CG2R  CG32  CG32  NG31 is replaced
 PARRDR> Error: Repeated DIHE parameter ( 19873): CG33  CG31  CG32  NG31 is replaced
 PARRDR> Error: Repeated DIHE parameter ( 19821): CG32  CG31  CG32  NG31 is replaced
 PARRDR> Error: Repeated DIHE parameter (  3643): CG33  CG2D  CG32  NG31 is replaced
 PARRDR> Error: Repeated DIHE parameter (  3644): CG33  CG2D  CG32  NG31 is replaced
 PARRDR> Error: Repeated DIHE parameter (  3645): CG33  CG2D  CG32  NG31 is replaced
 PARRDR> Error: Repeated DIHE parameter ( 24200): CG30  CG32  NG31  HGPA is replaced
 PARRDR> Error: Repeated DIHE parameter ( 24197): CG30  CG32  NG31  CG32 is replaced
 PARRDR> Error: Repeated DIHE parameter ( 24198): CG30  CG32  NG31  CG32 is replaced
 PARRDR> Error: Repeated DIHE parameter ( 24199): CG30  CG32  NG31  CG32 is replaced
 PARRDR> Error: Repeated DIHE parameter ( 24197): CG30  CG32  NG31  CG32 is replaced
 PARRDR> Error: Repeated DIHE parameter ( 24198): CG30  CG32  NG31  CG32 is replaced
 PARRDR> Error: Repeated DIHE parameter ( 24199): CG30  CG32  NG31  CG32 is replaced
 PARRDR> Error: Repeated DIHE parameter ( 24197): CG30  CG32  NG31  CG32 is replaced
 PARRDR> Error: Repeated DIHE parameter ( 24198): CG30  CG32  NG31  CG32 is replaced
 PARRDR> Error: Repeated DIHE parameter ( 24199): CG30  CG32  NG31  CG32 is replaced
 PARRDR> Error: Repeated DIHE parameter ( 18395): CG32  CG30  CG32  NG31 is replaced
 PARRDR> Error: Repeated DIHE parameter ( 18395): CG32  CG30  CG32  NG31 is replaced
 PARRDR> Error: Repeated DIHE parameter ( 18425): CG33  CG30  CG32  NG31 is replaced
 PARRDR> Error: Repeated DIHE parameter ( 18426): CG33  CG30  CG32  NG31 is replaced
 PARRDR> Error: Repeated DIHE parameter ( 18425): CG33  CG30  CG32  NG31 is replaced
 PARRDR> Error: Repeated DIHE parameter ( 18426): CG33  CG30  CG32  NG31 is replaced
 PARRDR> Error: Repeated DIHE parameter (  8744): OG2D  CG2O  CG31  CG31 is replaced
 PARRDR> Error: Repeated DIHE parameter (  8745): OG2D  CG2O  CG31  CG31 is replaced
 PARRDR> Error: Repeated DIHE parameter (  8746): OG2D  CG2O  CG31  CG31 is replaced
 PARRDR> Error: Repeated DIHE parameter (  8747): OG2D  CG2O  CG31  CG31 is replaced
 PARRDR> Error: Repeated DIHE parameter (  8744): OG2D  CG2O  CG31  CG31 is replaced
 PARRDR> Error: Repeated DIHE parameter (  8745): OG2D  CG2O  CG31  CG31 is replaced
 PARRDR> Error: Repeated DIHE parameter (  8746): OG2D  CG2O  CG31  CG31 is replaced
 PARRDR> Error: Repeated DIHE parameter (  8747): OG2D  CG2O  CG31  CG31 is replaced
 PARRDR> Error: Repeated DIHE parameter (  8744): OG2D  CG2O  CG31  CG31 is replaced
 PARRDR> Error: Repeated DIHE parameter (  8745): OG2D  CG2O  CG31  CG31 is replaced
 PARRDR> Error: Repeated DIHE parameter (  8746): OG2D  CG2O  CG31  CG31 is replaced
 PARRDR> Error: Repeated DIHE parameter (  8747): OG2D  CG2O  CG31  CG31 is replaced
 PARRDR> Error: Repeated DIHE parameter (  8744): OG2D  CG2O  CG31  CG31 is replaced
 PARRDR> Error: Repeated DIHE parameter (  8745): OG2D  CG2O  CG31  CG31 is replaced
 PARRDR> Error: Repeated DIHE parameter (  8746): OG2D  CG2O  CG31  CG31 is replaced
 PARRDR> Error: Repeated DIHE parameter (  8747): OG2D  CG2O  CG31  CG31 is replaced
 PARRDR> Error: Repeated DIHE parameter ( 19749): CG31  CG31  CG32  CG2O is replaced
 PARRDR> Error: Repeated DIHE parameter ( 19749): CG31  CG31  CG32  CG2O is replaced
 PARRDR> Error: Repeated DIHE parameter ( 19749): CG31  CG31  CG32  CG2O is replaced
 PARRDR> Error: Repeated DIHE parameter ( 19749): CG31  CG31  CG32  CG2O is replaced
 PARRDR> Error: Repeated DIHE parameter ( 19749): CG31  CG31  CG32  CG2O is replaced
 PARRDR> Error: Repeated DIHE parameter ( 18980): CG32  CG30  OG31  HGP1 is replaced
 PARRDR> Error: Repeated DIHE parameter ( 18981): CG32  CG30  OG31  HGP1 is replaced
 PARRDR> Error: Repeated DIHE parameter ( 18982): CG32  CG30  OG31  HGP1 is replaced
 PARRDR> Error: Repeated DIHE parameter ( 18980): CG32  CG30  OG31  HGP1 is replaced
 PARRDR> Error: Repeated DIHE parameter ( 18981): CG32  CG30  OG31  HGP1 is replaced
 PARRDR> Error: Repeated DIHE parameter ( 18982): CG32  CG30  OG31  HGP1 is replaced
 PARRDR> Error: Repeated DIHE parameter ( 18980): CG32  CG30  OG31  HGP1 is replaced
 PARRDR> Error: Repeated DIHE parameter ( 18981): CG32  CG30  OG31  HGP1 is replaced
 PARRDR> Error: Repeated DIHE parameter ( 18982): CG32  CG30  OG31  HGP1 is replaced
 PARRDR> Error: Repeated DIHE parameter ( 18511): OG31  CG30  CG32  HGA2 is replaced
 PARRDR> Error: Repeated DIHE parameter ( 18501): OG31  CG30  CG32  CG32 is replaced
 PARRDR> Error: Repeated DIHE parameter ( 19240): CG2R  CG31  CG31  CG32 is replaced
 PARRDR> Error: Repeated DIHE parameter ( 19229): CG2O  CG31  CG31  CG32 is replaced
 PARRDR> Error: Repeated DIHE parameter ( 19230): CG2O  CG31  CG31  CG33 is replaced
 PARRDR> Error: Repeated DIHE parameter ( 19236): CG2O  CG31  CG31  HGA1 is replaced
 PARRDR> Error: Repeated DIHE parameter (  7872): OG2D  CG2O  CG30  CG31 is replaced
 PARRDR> Error: Repeated DIHE parameter ( 19241): CG2R  CG31  CG31  CG33 is replaced
 PARRDR> Error: Repeated DIHE parameter ( 18168): CG2O  CG30  CG31  HGA1 is replaced
 PARRDR> Error: Repeated DIHE parameter ( 14389): CG2R  CG2R  CG31  CG31 is replaced
 PARRDR> Error: Repeated DIHE parameter ( 19247): CG2R  CG31  CG31  HGA1 is replaced
 PARRDR> Error: Repeated DIHE parameter ( 18164): CG2O  CG30  CG31  CG32 is replaced
 PARRDR> Error: Repeated DIHE parameter ( 24582): CG30  CG32  OG31  HGP1 is replaced
 PARRDR> Error: Repeated DIHE parameter ( 24583): CG30  CG32  OG31  HGP1 is replaced
 PARRDR> Error: Repeated DIHE parameter ( 24584): CG30  CG32  OG31  HGP1 is replaced
 PARRDR> Error: Repeated DIHE parameter ( 24582): CG30  CG32  OG31  HGP1 is replaced
 PARRDR> Error: Repeated DIHE parameter ( 24583): CG30  CG32  OG31  HGP1 is replaced
 PARRDR> Error: Repeated DIHE parameter ( 24584): CG30  CG32  OG31  HGP1 is replaced
 PARRDR> Error: Repeated DIHE parameter ( 24582): CG30  CG32  OG31  HGP1 is replaced
 PARRDR> Error: Repeated DIHE parameter ( 24583): CG30  CG32  OG31  HGP1 is replaced
 PARRDR> Error: Repeated DIHE parameter ( 24584): CG30  CG32  OG31  HGP1 is replaced
 PARRDR> Error: Repeated DIHE parameter ( 18396): CG32  CG30  CG32  OG31 is replaced
 PARRDR> Error: Repeated DIHE parameter ( 19716): CG2R  CG31  CG32  OG31 is replaced
 PARRDR> Error: Repeated DIHE parameter ( 25100): CG32  CG32  CG33  HGA3 is replaced
 PARRDR> Error: Repeated DIHE parameter ( 22890): HGA2  CG32  CG32  CG33 is replaced
 PARRDR> Error: Repeated DIHE parameter ( 22889): HGA2  CG32  CG32  CG32 is replaced
 PARRDR> Error: Repeated DIHE parameter ( 21781): FGA2  CG31  CG31  FGA2 is replaced
 PARRDR> Error: Repeated DIHE parameter ( 18329): CG2O  CG30  CG32  CG30 is replaced
 PARRDR> Error: Repeated DIHE parameter ( 18331): CG2O  CG30  CG32  HGA2 is replaced
 PARRDR> Error: Repeated DIHE parameter (  8209): OG2D  CG2O  CG30  CG32 is replaced
 PARRDR> Error: Repeated DIHE parameter ( 18330): CG2O  CG30  CG32  CG31 is replaced
 PARRDR> Error: Repeated DIHE parameter (  8135): CG30  CG2O  OG31  HGP1 is replaced
 PARRDR> Error: Repeated DIHE parameter (  8208): OG2D  CG2O  CG30  CG2O is replaced
 PARRDR> Error: Repeated DIHE parameter (  8585): OG2D  CG2O  CG30  CG2O is replaced
 PARRDR> Error: Repeated DIHE parameter (  7876): OG31  CG2O  CG30  CG31 is replaced
 PARRDR> Error: Repeated DIHE parameter (  7877): OG31  CG2O  CG30  CG32 is replaced
 PARRDR> Error: Repeated DIHE parameter (  7878): OG31  CG2O  CG30  CG33 is replaced
 PARRDR> Error: Repeated DIHE parameter ( 22570): CG30  CG32  CG32  CG32 is replaced
 PARRDR> Error: Repeated DIHE parameter ( 22692): CG32  CG32  CG32  OG30 is replaced
 PARRDR> Error: Repeated DIHE parameter ( 22693): CG32  CG32  CG32  OG30 is replaced
 PARRDR> Error: Repeated DIHE parameter ( 22694): CG32  CG32  CG32  OG30 is replaced
 PARRDR> Error: Repeated DIHE parameter ( 22692): CG32  CG32  CG32  OG30 is replaced
 PARRDR> Error: Repeated DIHE parameter ( 22693): CG32  CG32  CG32  OG30 is replaced
 PARRDR> Error: Repeated DIHE parameter ( 22694): CG32  CG32  CG32  OG30 is replaced
 PARRDR> Error: Repeated DIHE parameter ( 20322): NG31  CG31  CG32  HGA2 is replaced
 PARRDR> Error: Repeated DIHE parameter ( 21193): CG32  CG31  NG31  HGPA is replaced
 PARRDR> Error: Repeated DIHE parameter ( 19313): CG32  CG31  CG31  CG32 is replaced
 PARRDR> Error: Repeated DIHE parameter ( 19350): CG32  CG31  CG31  CG33 is replaced
 PARRDR> Error: Repeated DIHE parameter ( 19363): CG32  CG31  CG31  HGA1 is replaced
 PARRDR> Error: Repeated DIHE parameter ( 20277): CG31  CG31  CG32  HGA2 is replaced
 PARRDR> Error: Repeated DIHE parameter ( 22690): CG32  CG32  CG32  NG31 is replaced
 PARRDR> Error: Repeated DIHE parameter ( 22691): CG32  CG32  CG32  NG31 is replaced
 PARRDR> Error: Repeated DIHE parameter ( 22502): CG2O  CG32  CG32  CG32 is replaced
 PARRDR> Error: Repeated DIHE parameter (  8684): CG32  CG2O  CG31  CG32 is replaced
 PARRDR> Error: Repeated DIHE parameter (  8685): CG32  CG2O  CG31  CG32 is replaced
 PARRDR> Error: Repeated DIHE parameter (  8686): CG32  CG2O  CG31  CG32 is replaced
 PARRDR> Error: Repeated DIHE parameter (  8687): CG32  CG2O  CG31  CG32 is replaced
 PARRDR> Error: Repeated DIHE parameter (  8688): CG32  CG2O  CG31  CG32 is replaced
 PARRDR> Error: Repeated DIHE parameter (  8684): CG32  CG2O  CG31  CG32 is replaced
 PARRDR> Error: Repeated DIHE parameter (  8685): CG32  CG2O  CG31  CG32 is replaced
 PARRDR> Error: Repeated DIHE parameter (  8686): CG32  CG2O  CG31  CG32 is replaced
 PARRDR> Error: Repeated DIHE parameter (  8687): CG32  CG2O  CG31  CG32 is replaced
 PARRDR> Error: Repeated DIHE parameter (  8688): CG32  CG2O  CG31  CG32 is replaced
 PARRDR> Error: Repeated DIHE parameter (  8684): CG32  CG2O  CG31  CG32 is replaced
 PARRDR> Error: Repeated DIHE parameter (  8685): CG32  CG2O  CG31  CG32 is replaced
 PARRDR> Error: Repeated DIHE parameter (  8686): CG32  CG2O  CG31  CG32 is replaced
 PARRDR> Error: Repeated DIHE parameter (  8687): CG32  CG2O  CG31  CG32 is replaced
 PARRDR> Error: Repeated DIHE parameter (  8688): CG32  CG2O  CG31  CG32 is replaced
 PARRDR> Error: Repeated DIHE parameter (  8684): CG32  CG2O  CG31  CG32 is replaced
 PARRDR> Error: Repeated DIHE parameter (  8685): CG32  CG2O  CG31  CG32 is replaced
 PARRDR> Error: Repeated DIHE parameter (  8686): CG32  CG2O  CG31  CG32 is replaced
 PARRDR> Error: Repeated DIHE parameter (  8687): CG32  CG2O  CG31  CG32 is replaced
 PARRDR> Error: Repeated DIHE parameter (  8688): CG32  CG2O  CG31  CG32 is replaced
 PARRDR> Error: Repeated DIHE parameter (  8756): OG2D  CG2O  CG31  CG32 is replaced
 PARRDR> Error: Repeated DIHE parameter (  8757): OG2D  CG2O  CG31  CG32 is replaced
 PARRDR> Error: Repeated DIHE parameter (  8758): OG2D  CG2O  CG31  CG32 is replaced
 PARRDR> Error: Repeated DIHE parameter (  8759): OG2D  CG2O  CG31  CG32 is replaced
 PARRDR> Error: Repeated DIHE parameter (  8760): OG2D  CG2O  CG31  CG32 is replaced
 PARRDR> Error: Repeated DIHE parameter (  8756): OG2D  CG2O  CG31  CG32 is replaced
 PARRDR> Error: Repeated DIHE parameter (  8757): OG2D  CG2O  CG31  CG32 is replaced
 PARRDR> Error: Repeated DIHE parameter (  8758): OG2D  CG2O  CG31  CG32 is replaced
 PARRDR> Error: Repeated DIHE parameter (  8759): OG2D  CG2O  CG31  CG32 is replaced
 PARRDR> Error: Repeated DIHE parameter (  8760): OG2D  CG2O  CG31  CG32 is replaced
 PARRDR> Error: Repeated DIHE parameter (  8756): OG2D  CG2O  CG31  CG32 is replaced
 PARRDR> Error: Repeated DIHE parameter (  8757): OG2D  CG2O  CG31  CG32 is replaced
 PARRDR> Error: Repeated DIHE parameter (  8758): OG2D  CG2O  CG31  CG32 is replaced
 PARRDR> Error: Repeated DIHE parameter (  8759): OG2D  CG2O  CG31  CG32 is replaced
 PARRDR> Error: Repeated DIHE parameter (  8760): OG2D  CG2O  CG31  CG32 is replaced
 PARRDR> Error: Repeated DIHE parameter (  8756): OG2D  CG2O  CG31  CG32 is replaced
 PARRDR> Error: Repeated DIHE parameter (  8757): OG2D  CG2O  CG31  CG32 is replaced
 PARRDR> Error: Repeated DIHE parameter (  8758): OG2D  CG2O  CG31  CG32 is replaced
 PARRDR> Error: Repeated DIHE parameter (  8759): OG2D  CG2O  CG31  CG32 is replaced
 PARRDR> Error: Repeated DIHE parameter (  8760): OG2D  CG2O  CG31  CG32 is replaced
 PARRDR> Error: Repeated DIHE parameter ( 20261): CG2O  CG31  CG32  HGA2 is replaced
 PARRDR> Error: Repeated DIHE parameter (  8943): CG32  CG2O  CG32  CG30 is replaced
 PARRDR> Error: Repeated DIHE parameter (  8944): CG32  CG2O  CG32  CG30 is replaced
 PARRDR> Error: Repeated DIHE parameter (  8945): CG32  CG2O  CG32  CG30 is replaced
 PARRDR> Error: Repeated DIHE parameter (  8946): CG32  CG2O  CG32  CG30 is replaced
 PARRDR> Error: Repeated DIHE parameter (  8943): CG32  CG2O  CG32  CG30 is replaced
 PARRDR> Error: Repeated DIHE parameter (  8944): CG32  CG2O  CG32  CG30 is replaced
 PARRDR> Error: Repeated DIHE parameter (  8945): CG32  CG2O  CG32  CG30 is replaced
 PARRDR> Error: Repeated DIHE parameter (  8946): CG32  CG2O  CG32  CG30 is replaced
 PARRDR> Error: Repeated DIHE parameter (  8943): CG32  CG2O  CG32  CG30 is replaced
 PARRDR> Error: Repeated DIHE parameter (  8944): CG32  CG2O  CG32  CG30 is replaced
 PARRDR> Error: Repeated DIHE parameter (  8945): CG32  CG2O  CG32  CG30 is replaced
 PARRDR> Error: Repeated DIHE parameter (  8946): CG32  CG2O  CG32  CG30 is replaced
 PARRDR> Error: Repeated DIHE parameter (  8943): CG32  CG2O  CG32  CG30 is replaced
 PARRDR> Error: Repeated DIHE parameter (  8944): CG32  CG2O  CG32  CG30 is replaced
 PARRDR> Error: Repeated DIHE parameter (  8945): CG32  CG2O  CG32  CG30 is replaced
 PARRDR> Error: Repeated DIHE parameter (  8946): CG32  CG2O  CG32  CG30 is replaced
 PARRDR> Error: Repeated DIHE parameter (  9013): OG2D  CG2O  CG32  CG30 is replaced
 PARRDR> Error: Repeated DIHE parameter (  9014): OG2D  CG2O  CG32  CG30 is replaced
 PARRDR> Error: Repeated DIHE parameter (  9015): OG2D  CG2O  CG32  CG30 is replaced
 PARRDR> Error: Repeated DIHE parameter (  9016): OG2D  CG2O  CG32  CG30 is replaced
 PARRDR> Error: Repeated DIHE parameter (  9013): OG2D  CG2O  CG32  CG30 is replaced
 PARRDR> Error: Repeated DIHE parameter (  9014): OG2D  CG2O  CG32  CG30 is replaced
 PARRDR> Error: Repeated DIHE parameter (  9015): OG2D  CG2O  CG32  CG30 is replaced
 PARRDR> Error: Repeated DIHE parameter (  9016): OG2D  CG2O  CG32  CG30 is replaced
 PARRDR> Error: Repeated DIHE parameter (  9013): OG2D  CG2O  CG32  CG30 is replaced
 PARRDR> Error: Repeated DIHE parameter (  9014): OG2D  CG2O  CG32  CG30 is replaced
 PARRDR> Error: Repeated DIHE parameter (  9015): OG2D  CG2O  CG32  CG30 is replaced
 PARRDR> Error: Repeated DIHE parameter (  9016): OG2D  CG2O  CG32  CG30 is replaced
 PARRDR> Error: Repeated DIHE parameter (  9013): OG2D  CG2O  CG32  CG30 is replaced
 PARRDR> Error: Repeated DIHE parameter (  9014): OG2D  CG2O  CG32  CG30 is replaced
 PARRDR> Error: Repeated DIHE parameter (  9015): OG2D  CG2O  CG32  CG30 is replaced
 PARRDR> Error: Repeated DIHE parameter (  9016): OG2D  CG2O  CG32  CG30 is replaced
 PARRDR> Error: Repeated DIHE parameter ( 18321): CG2O  CG30  CG32  CG2O is replaced
 PARRDR> Error: Repeated DIHE parameter ( 18322): CG2O  CG30  CG32  CG2O is replaced
 PARRDR> Error: Repeated DIHE parameter ( 18384): CG32  CG30  CG32  CG2O is replaced
 PARRDR> Error: Repeated DIHE parameter ( 18384): CG32  CG30  CG32  CG2O is replaced
 PARRDR> Error: Repeated DIHE parameter ( 18384): CG32  CG30  CG32  CG2O is replaced
 PARRDR> Error: Repeated DIHE parameter ( 18384): CG32  CG30  CG32  CG2O is replaced
 PARRDR> Error: Repeated DIHE parameter ( 18384): CG32  CG30  CG32  CG2O is replaced
 PARRDR> Error: Repeated DIHE parameter ( 19751): CG31  CG31  CG32  CG30 is replaced
 PARRDR> Error: Repeated DIHE parameter ( 19759): CG31  CG31  CG32  NG2S is replaced
 PARRDR> Error: Repeated DIHE parameter ( 18371): CG31  CG30  CG32  CG31 is replaced
 PARRDR> Error: Repeated DIHE parameter ( 20027): OG30  CG31  CG32  NG31 is replaced
 PARRDR> Error: Repeated DIHE parameter ( 20028): OG30  CG31  CG32  NG31 is replaced
 PARRDR> Error: Repeated DIHE parameter ( 23786): CG30  CG32  NG2S  CG2O is replaced
 PARRDR> Error: Repeated DIHE parameter ( 23787): CG30  CG32  NG2S  HGP1 is replaced
 PARRDR> Error: Repeated DIHE parameter ( 18423): CG33  CG30  CG32  NG2S is replaced
 PARRDR> Error: Repeated DIHE parameter ( 18409): CG33  CG30  CG32  CG2O is replaced
 PARRDR> Error: Repeated DIHE parameter ( 18409): CG33  CG30  CG32  CG2O is replaced
 PARRDR> Error: Repeated DIHE parameter ( 18409): CG33  CG30  CG32  CG2O is replaced
 PARRDR> Error: Repeated DIHE parameter ( 18409): CG33  CG30  CG32  CG2O is replaced
 PARRDR> Error: Repeated DIHE parameter ( 18409): CG33  CG30  CG32  CG2O is replaced
 PARRDR> Error: Repeated DIHE parameter ( 19761): CG31  CG31  CG32  NG31 is replaced
 PARRDR> Error: Repeated DIHE parameter ( 19991): NG31  CG31  CG32  NG31 is replaced
 PARRDR> Error: Repeated DIHE parameter ( 19992): NG31  CG31  CG32  NG31 is replaced
 PARRDR> Error: Repeated IMPH parameter (   246): CG2O  CG2R  OG2D  OG31 is replaced
 PARRDR> Error: Repeated IMPH parameter (   345): CG2O  CG31  CG33  OG2D is replaced
 PARRDR> Error: Repeated IMPH parameter (   325): CG2O  CG2O  CG32  OG2D is replaced
 PARRDR> Error: Repeated IMPH parameter (   340): CG2O  CG30  CG32  OG2D is replaced
 PARRDR> Error: Repeated IMPH parameter (   344): CG2O  CG31  CG32  OG2D is replaced
 PARRDR> Error: Repeated IMPH parameter (   252): CG2O  CG30  OG2D  OG31 is replaced
 PARMIO> NONBOND, HBOND lists and IMAGE atoms cleared.
  
 CHARMM>    RETURN
 VCLOSE: Closing unit   98 with status "KEEP"

                    RETURNING TO INPUT STREAM    99
  
 CHARMM>    stream toppar/toppar_all36_synthetic_polymer_patch.str
 VOPEN> Attempting to open::toppar/toppar_all36_synthetic_polymer_patch.str::
 OPNLGU> Unit 98 opened for READONLY access to toppar/toppar_all36_synthetic_polymer_patch.str

                    INPUT STREAM SWITCHING TO UNIT    98
 RDTITL> READ RTF CARD APPEND
 RDTITL> No title read.
 Parameter: IN1 <- "" <empty>
  
 CHARMM>    read rtf card append
 MAINIO> Residue topology file being read from unit  98.
 RDTITL> * TOPOLOGY FOR SYNTHETIC_POLYMER
 RDTITL> *
  
 CHARMM>     
  
 CHARMM>    return
 VCLOSE: Closing unit   98 with status "KEEP"

                    RETURNING TO INPUT STREAM    99
  
 CHARMM>    stream toppar/toppar_all36_polymer_solvent.str
 VOPEN> Attempting to open::toppar/toppar_all36_polymer_solvent.str::
 OPNLGU> Unit 98 opened for READONLY access to toppar/toppar_all36_polymer_solvent.str

                    INPUT STREAM SWITCHING TO UNIT    98
 RDTITL> READ RTF CARD APPEND
 RDTITL> No title read.
 Parameter: IN1 <- "" <empty>
  
 CHARMM>    read rtf card append
 MAINIO> Residue topology file being read from unit  98.
 RDTITL> * TOPOLOGY FOR SYNTHETIC_POLYMER
 RDTITL> *
  
 CHARMM>    read param card flex append

          PARAMETER FILE BEING READ FROM UNIT 98
 RDTITL> * SYNTHETIC POLYMER PARAMETER
 RDTITL> *
 PARMIO> NONBOND, HBOND lists and IMAGE atoms cleared.
  
 CHARMM>     
  
 CHARMM>    RETURN
 VCLOSE: Closing unit   98 with status "KEEP"

                    RETURNING TO INPUT STREAM    99
  
 CHARMM>     
  
 CHARMM>    ! Additional topologies and parameters for water and ions
 CHARMM>    stream toppar/toppar_water_ions.str
 VOPEN> Attempting to open::toppar/toppar_water_ions.str::
 OPNLGU> Unit 98 opened for READONLY access to toppar/toppar_water_ions.str

                    INPUT STREAM SWITCHING TO UNIT    98
 RDTITL> * TOPLOGY AND PARAMETER INFORMATION FOR WATER AND IONS.
 RDTITL> *
 Parameter: IN1 <- "" <empty>
  
 CHARMM>     
  
 CHARMM>    !Testcase
 CHARMM>    !test_water_ions.inp
 CHARMM>     
  
 CHARMM>    ! IMPORTANT NOTE: this file contains NBFixes between carboxylates and sodium,
 CHARMM>    ! which will only apply if the main files containing carboxylate atom types
 CHARMM>    ! have been read in first!
 CHARMM>     
  
 CHARMM>    !references
 CHARMM>    !
 CHARMM>    !TIP3P water model
 CHARMM>    !
 CHARMM>    !W.L. Jorgensen; J.Chandrasekhar; J.D. Madura; R.W. Impey;
 CHARMM>    !M.L. Klein; "Comparison of simple potential functions for
 CHARMM>    !simulating liquid water", J. Chem. Phys. 79 926-935 (1983).
 CHARMM>    !
 CHARMM>    !IONS
 CHARMM>    !
 CHARMM>    !Ions from Roux and coworkers
 CHARMM>    !
 CHARMM>    !Beglov, D. and Roux, B., Finite Representation of an Infinite
 CHARMM>    !Bulk System: Solvent Boundary Potential for Computer Simulations,
 CHARMM>    !Journal of Chemical Physics, 1994, 100: 9050-9063
 CHARMM>    !
 CHARMM>    !ZINC
 CHARMM>    !
 CHARMM>    !Stote, R.H. and Karplus, M. Zinc Binding in Proteins and
 CHARMM>    !Solution: A Simple but Accurate Nonbonded Representation, PROTEINS:
 CHARMM>    !Structure, Function, and Genetics 23:12-31 (1995)
 CHARMM>     
  
 CHARMM>    !test "append" to determine if previous toppar files have been read and
 CHARMM>    !add append to "read rtf card" if true
 CHARMM>    set nat ?NATC
 RDCMND substituted energy or value "?NATC" to "473"
 Parameter: NAT <- "473"
  
 CHARMM>    set app
 Parameter: APP <- "" <empty>
  
 CHARMM>    !We're exploiting what is arguably a bug in the parser. On the left hand side,
 CHARMM>    !the quotes have priority, so NAT is correctly substituted. On the right hand
 CHARMM>    !side, the ? has priority and NATC" (sic) is not a valid substitution...
 CHARMM>    if "@NAT" ne "?NATC" if @nat ne 0 set app append
 Parameter: NAT -> "473"
 Parameter: NAT -> "473"
 RDCMND: can not substitute energy "?NATC""
 Comparing ""473"" and ""?NATC"".
 IF test evaluated as true.  Performing command
 Comparing "473" and "0".
 IF test evaluated as true.  Performing command
 Parameter: APP <- "APPEND"
  
 CHARMM>     
  
 CHARMM>    read rtf card @app
 Parameter: APP -> "APPEND"
 MAINIO> Residue topology file being read from unit  98.
 RDTITL> * TOPOLOGY FOR WATER AND IONS
 RDTITL> *
  
 CHARMM>     
  
 CHARMM>    read para card flex @app
 Parameter: APP -> "APPEND"

          PARAMETER FILE BEING READ FROM UNIT 98
 RDTITL> * PARAMETERS FOR WATER AND IONS
 RDTITL> *
 PARMIO> NONBOND, HBOND lists and IMAGE atoms cleared.
  
 CHARMM>     
  
 CHARMM>    ! The following section contains NBFixes for sodium interacting with
 CHARMM>    ! carboxylate oxygens of various CHARMM force fields. It will generate
 CHARMM>    ! level -1 warnings whenever any of these force fields have not been
 CHARMM>    ! read prior to the current stream file. Since we don't want to force
 CHARMM>    ! the user to always read all the force fields, we're suppressing the
 CHARMM>    ! warnings. The only side effect is that you will have "most severe
 CHARMM>    ! warning was at level 0" at the end of your output. Also note that
 CHARMM>    ! the user is responsible for reading the current file last if they
 CHARMM>    ! want the NBFixes to apply. A more elegant solution would require new
 CHARMM>    ! features to be added to CHARMM.
 CHARMM>    ! parallel fix, to avoid duplicated messages in the log
 CHARMM>    set para
 Parameter: PARA <- "" <empty>
  
 CHARMM>    if ?NUMNODE gt 1 set para node 0
 RDCMND substituted energy or value "?NUMNODE" to "1"
 Comparing "1" and "1".
 IF test evaluated as false.  Skipping command
  
 CHARMM>     
  
 CHARMM>    set wrn ?WRNLEV
 RDCMND substituted energy or value "?WRNLEV" to "5"
 Parameter: WRN <- "5"
  
 CHARMM>    ! Some versions of CHARMM don't seem to initialize wrnlev...
 CHARMM>    if "@WRN" eq "?WRNLEV" set wrn 5
 Parameter: WRN -> "5"
 RDCMND: can not substitute energy "?WRNLEV""
 Comparing ""5"" and ""?WRNLEV"".
 IF test evaluated as false.  Skipping command
  
 CHARMM>    set bom ?bomlev
 RDCMND substituted energy or value "?BOMLEV" to "0"
 Parameter: BOM <- "0"
  
 CHARMM>    WRNLEV -1 @PARA
 Parameter: PARA -> "" <empty>
  
 CHARMM>    BOMLEV -1 @PARA
 Parameter: PARA -> "" <empty>
  
 CHARMM>    read para card flex append

          PARAMETER FILE BEING READ FROM UNIT 98
 RDTITL> * NBFIX BETWEEN CARBOXYLATE AND SODIUM
 RDTITL> *
 PARMIO> NONBOND, HBOND lists and IMAGE atoms cleared.
  
 CHARMM>    BOMLEV @bom @PARA
 Parameter: BOM -> "0"
 Parameter: PARA -> "" <empty>
  
 CHARMM>    WRNLEV @wrn @PARA
 Parameter: WRN -> "5"
 Parameter: PARA -> "" <empty>
  
 CHARMM>     
  
 CHARMM>    return
 VCLOSE: Closing unit   98 with status "KEEP"

                    RETURNING TO INPUT STREAM    99
  
 CHARMM>    stream toppar/toppar_dum_noble_gases.str
 VOPEN> Attempting to open::toppar/toppar_dum_noble_gases.str::
 OPNLGU> Unit 98 opened for READONLY access to toppar/toppar_dum_noble_gases.str

                    INPUT STREAM SWITCHING TO UNIT    98
 RDTITL> * TOPLOGY AND PARAMETER INFORMATION FOR HELIUM, NEON AND A DUMMY ATOM.
 RDTITL> *
 Parameter: IN1 <- "" <empty>
  
 CHARMM>     
  
 CHARMM>    !Testcase
 CHARMM>    !test_dum_nobel_gases.inp
 CHARMM>     
  
 CHARMM>    !test "append" to determine if previous	toppar files have been read and
 CHARMM>    !add append to "read rtf card" if true
 CHARMM>    set nat ?NATC
 RDCMND substituted energy or value "?NATC" to "487"
 Parameter: NAT <- "487"
  
 CHARMM>    set app
 Parameter: APP <- "" <empty>
  
 CHARMM>    !We're exploiting what is arguably a bug in the parser. On the left hand side,
 CHARMM>    !the quotes have proirity, so NAT is correctly substituted. On the right hand
 CHARMM>    !side, the ? has priority and NATC" (sic) is not a valid substitution...
 CHARMM>    if "@NAT" ne "?NATC" if @nat ne 0 set app append
 Parameter: NAT -> "487"
 Parameter: NAT -> "487"
 RDCMND: can not substitute energy "?NATC""
 Comparing ""487"" and ""?NATC"".
 IF test evaluated as true.  Performing command
 Comparing "487" and "0".
 IF test evaluated as true.  Performing command
 Parameter: APP <- "APPEND"
  
 CHARMM>     
  
 CHARMM>    read rtf card @app
 Parameter: APP -> "APPEND"
 MAINIO> Residue topology file being read from unit  98.
 RDTITL> * TOPOLOGY FOR HELIUM, NEON AND A DUMMY ATOM.
 RDTITL> *
  
 CHARMM>     
  
 CHARMM>    read para card flex @app
 Parameter: APP -> "APPEND"

          PARAMETER FILE BEING READ FROM UNIT 98
 RDTITL> * PARAMETERS FOR HELIUM, NEON AND A DUMMY ATOM.
 RDTITL> *
 PARMIO> NONBOND, HBOND lists and IMAGE atoms cleared.
  
 CHARMM>     
  
 CHARMM>    return
 VCLOSE: Closing unit   98 with status "KEEP"

                    RETURNING TO INPUT STREAM    99
  
 CHARMM>    stream toppar/toppar_ions_won.str
 VOPEN> Attempting to open::toppar/toppar_ions_won.str::
 OPNLGU> Unit 98 opened for READONLY access to toppar/toppar_ions_won.str

                    INPUT STREAM SWITCHING TO UNIT    98
 RDTITL> * TOP_IONS_WON.STR: GENERAL MODEL FOR MONO-, DI-, AND TRIVALENT CATIONS
 RDTITL> *
 Parameter: IN1 <- "" <empty>
  
 CHARMM>     
  
 CHARMM>    !This is a comprehensive set of ions developed using stochastic boundary
 CHARMM>    !conditions. It is strongly recommended that ion parameters in
 CHARMM>    !toppar_water_ions.str be used if available, as they are more highly
 CHARMM>    !optimized.  Accordingly, those ions have been commented in this
 CHARMM>    !file.
 CHARMM>    !
 CHARMM>    !reference
 CHARMM>    !Won, Y., "Force Field for Monovalent, Divalent, and Trivalent Cations
 CHARMM>    !Developed under the Solvent Boundary Potential," Journal of Physical
 CHARMM>    !Chemistry A., 116: 11763-11767, 2012.
 CHARMM>     
  
 CHARMM>     
  
 CHARMM>    !test "append" to determine if previous toppar files have been read and
 CHARMM>    !add append to "read rtf card" if true
 CHARMM>    set nat ?NATC
 RDCMND substituted energy or value "?NATC" to "490"
 Parameter: NAT <- "490"
  
 CHARMM>    set app
 Parameter: APP <- "" <empty>
  
 CHARMM>    !We're exploiting what is arguably a bug in the parser. On the left hand side,
 CHARMM>    !the quotes have priority, so NAT is correctly substituted. On the right hand
 CHARMM>    !side, the ? has priority and NATC" (sic) is not a valid substitution...
 CHARMM>    if "@NAT" ne "?NATC" if @nat ne 0 set app append
 Parameter: NAT -> "490"
 Parameter: NAT -> "490"
 RDCMND: can not substitute energy "?NATC""
 Comparing ""490"" and ""?NATC"".
 IF test evaluated as true.  Performing command
 Comparing "490" and "0".
 IF test evaluated as true.  Performing command
 Parameter: APP <- "APPEND"
  
 CHARMM>     
  
 CHARMM>    read rtf card @app
 Parameter: APP -> "APPEND"
 MAINIO> Residue topology file being read from unit  98.
 RDTITL> * TOPOLOGY FOR WATER AND IONS
 RDTITL> *
  
 CHARMM>     
  
 CHARMM>    read para card flex @app
 Parameter: APP -> "APPEND"

          PARAMETER FILE BEING READ FROM UNIT 98
 RDTITL> * PAR_CATION.PRM FOR MONO-, DI-, AND TRIVALENT CATIONS
 RDTITL> *
 PARMIO> NONBOND, HBOND lists and IMAGE atoms cleared.
  
 VCLOSE: Closing unit   98 with status "KEEP"

                    RETURNING TO INPUT STREAM    99
  
 CHARMM>    stream toppar/cam.str
 VOPEN> Attempting to open::toppar/cam.str::
 OPNLGU> Unit 98 opened for READONLY access to toppar/cam.str

                    INPUT STREAM SWITCHING TO UNIT    98
 RDTITL> READ RTF CARD APPEND
 RDTITL> No title read.
 Parameter: IN1 <- "" <empty>
  
 CHARMM>    read rtf card append
 MAINIO> Residue topology file being read from unit  98.
 RDTITL> * TOPOLOGY GENERATED BY PARMED
 RDTITL> *

      ***** LEVEL  1 WARNING FROM <rtfrdr> *****
      ***** No AUTOgen defaults specified in appended RTF. Potential conflict with prior RTF autogen options. Check.
      ******************************************
      BOMLEV (  0) IS NOT REACHED. WRNLEV IS  5

  
 CHARMM>     
  
 CHARMM>    read para card flex append

          PARAMETER FILE BEING READ FROM UNIT 98
 RDTITL> * PARAMETERS GENERATED BY PARMED
 RDTITL> *
 PARMIO> NONBOND, HBOND lists and IMAGE atoms cleared.
  
 CHARMM>     
  
 CHARMM>    ! The following section contains NBFixes for CAM interacting with
 CHARMM>    ! water.
 CHARMM>    set para
 Parameter: PARA <- "" <empty>
  
 CHARMM>    if ?NUMNODE gt 1 set para node 0
 RDCMND substituted energy or value "?NUMNODE" to "1"
 Comparing "1" and "1".
 IF test evaluated as false.  Skipping command
  
 CHARMM>     
  
 CHARMM>    set wrn ?WRNLEV
 RDCMND substituted energy or value "?WRNLEV" to "5"
 Parameter: WRN <- "5"
  
 CHARMM>    ! Some versions of CHARMM don't seem to initialize wrnlev...
 CHARMM>    if "@WRN" eq "?WRNLEV" set wrn 5
 Parameter: WRN -> "5"
 RDCMND: can not substitute energy "?WRNLEV""
 Comparing ""5"" and ""?WRNLEV"".
 IF test evaluated as false.  Skipping command
  
 CHARMM>    set bom ?bomlev
 RDCMND substituted energy or value "?BOMLEV" to "0"
 Parameter: BOM <- "0"
  
 CHARMM>    WRNLEV -1 @PARA
 Parameter: PARA -> "" <empty>
  
 CHARMM>    BOMLEV -1 @PARA
 Parameter: PARA -> "" <empty>
  
 CHARMM>     
  
 CHARMM>    read para card flex append

          PARAMETER FILE BEING READ FROM UNIT 98
 RDTITL> * NBFIX BETWEEN CAM AND WATER
 RDTITL> *
 PARMIO> NONBOND, HBOND lists and IMAGE atoms cleared.
  
 CHARMM>    BOMLEV @bom @PARA
 Parameter: BOM -> "0"
 Parameter: PARA -> "" <empty>
  
 CHARMM>    WRNLEV @wrn @PARA
 Parameter: WRN -> "5"
 Parameter: PARA -> "" <empty>
  
 CHARMM>     
  
 CHARMM>    return
 VCLOSE: Closing unit   98 with status "KEEP"

                    RETURNING TO INPUT STREAM    99
  
 CHARMM>     
  
 CHARMM>    ! Additional topologies and parameters for protein
 CHARMM>    stream toppar/toppar_all36_prot_arg0.str
 VOPEN> Attempting to open::toppar/toppar_all36_prot_arg0.str::
 OPNLGU> Unit 98 opened for READONLY access to toppar/toppar_all36_prot_arg0.str

                    INPUT STREAM SWITCHING TO UNIT    98
 RDTITL> *>>>>>> ALL-HYDROGEN TOPOLOGY FOR NEUTRAL ARG <<<<<<<<<<<<<<<<<<<<
 RDTITL> *>>>>>>>>>>>>>>>>>>>>>>> 2007 <<<<<<<<<<<<<<<<<<<<<<<<<<<<<<<<<<<<
 RDTITL> *>>>>>>>> DIRECT COMMENTS TO ALEXANDER D. MACKERELL JR. <<<<<<<<<<
 RDTITL> *>>>>>>>>>>>>>>> PARAMETER FORUM, WWW.CHARMM.ORG <<<<<<<<<<<<<<<<<
 RDTITL> *
 Parameter: IN1 <- "" <empty>
  
 CHARMM>     
  
 CHARMM>    ! Atom names include "R" (for Arg) as the second letter. The
 CHARMM>    ! only other atom types in the additive FF with this second
 CHARMM>    ! letter are histidine [HN]R[123] in the protein FF and CRL[12]
 CHARMM>    ! in toppar_all36_lipid_cholesterol.str , so no more conflicts.
 CHARMM>     
  
 CHARMM>    !Parent files that have to be read prior to streaming this file
 CHARMM>    !top_all36_prot.rtf
 CHARMM>    !par_all36_prot.rtf
 CHARMM>    !
 CHARMM>    !Testcase
 CHARMM>    !test_all36_prot_arg0.inp
 CHARMM>     
  
 CHARMM>    !Li, L., Vorobyov, I.V., MacKerell, Jr., A.D., Allen, T.W., "Is
 CHARMM>    !arginine charged in a membrane?" Biophysical Journal, 94: L11-L13,
 CHARMM>    !2008, PMCID: PMC2157258
 CHARMM>     
  
 CHARMM>    read rtf card append
 MAINIO> Residue topology file being read from unit  98.
 RDTITL> * TOPOLOGY FOR PROTEIN RELATED MODEL COMPOUNDS
 RDTITL> *
*** WARNING **** residue MGU1 already exists (old one deleted)

      ***** LEVEL  1 WARNING FROM <RTFRDR> *****
      ***** Residue already exists.
      ******************************************
      BOMLEV (  0) IS NOT REACHED. WRNLEV IS  5

          RESI MGU1          0.00
*** WARNING **** residue MGU2 already exists (old one deleted)

      ***** LEVEL  1 WARNING FROM <RTFRDR> *****
      ***** Residue already exists.
      ******************************************
      BOMLEV (  0) IS NOT REACHED. WRNLEV IS  5

          RESI MGU2          0.00
 There were   2 warning(s) from RTFRDR.
  
 CHARMM>     
  
 CHARMM>    read param card flex append

          PARAMETER FILE BEING READ FROM UNIT 98
 RDTITL>  
 RDTITL> No title read.
 PARMIO> NONBOND, HBOND lists and IMAGE atoms cleared.
  
 CHARMM>     
  
 CHARMM>    return
 VCLOSE: Closing unit   98 with status "KEEP"

                    RETURNING TO INPUT STREAM    99
  
 CHARMM>    stream toppar/toppar_all36_prot_c36m_d_aminoacids.str
 VOPEN> Attempting to open::toppar/toppar_all36_prot_c36m_d_aminoacids.str::
 OPNLGU> Unit 98 opened for READONLY access to toppar/toppar_all36_prot_c36m_d_aminoacids.str

                    INPUT STREAM SWITCHING TO UNIT    98
 RDTITL> *>>>>>>CHARMM36 ALL-HYDROGEN TOPPAR FILE FOR D-PROTEINS <<<<<<<
 RDTITL> *>>>>>>>>>>>>>>>>>>>>>>>>>> JAN. 2016 <<<<<<<<<<<<<<<<<<<<<<<<<<<<
 RDTITL> * ALL COMMENTS TO THE CHARMM WEB SITE: WWW.CHARMM.ORG
 RDTITL> *             PARAMETER SET DISCUSSION FORUM
 RDTITL> *
 Parameter: IN1 <- "" <empty>
  
 CHARMM>     
  
 CHARMM>    !update 2016/2. use directly inverted CMAPs
 CHARMM>     
  
 CHARMM>    !toppar stream file for D-amino acids. Includes new residue
 CHARMM>    !names, inverted CMAP and additional parameters.
 CHARMM>     
  
 CHARMM>    !Parent files that have to be read prior to streaming this file
 CHARMM>    !top_all36_prot.rtf
 CHARMM>    !par_all36m_prot.prm
 CHARMM>    !
 CHARMM>    !Testcase
 CHARMM>    !test_all36_d_amino_acid.inp
 CHARMM>     
  
 CHARMM>    !test "append" to determine if previous toppar files have been read and
 CHARMM>    !add append to "read rtf card" if true
 CHARMM>    set nat ?NATC
 RDCMND substituted energy or value "?NATC" to "556"
 Parameter: NAT <- "556"
  
 CHARMM>    set app
 Parameter: APP <- "" <empty>
  
 CHARMM>    !We're exploiting what is arguably a bug in the parser. On the left hand side,
 CHARMM>    !the quotes have priority, so NAT is correctly substituted. On the right hand
 CHARMM>    !side, the ? has priority and NATC" (sic) is not a valid substitution...
 CHARMM>    if "@NAT" ne "?NATC" if @nat ne 0 set app append
 Parameter: NAT -> "556"
 Parameter: NAT -> "556"
 RDCMND: can not substitute energy "?NATC""
 Comparing ""556"" and ""?NATC"".
 IF test evaluated as true.  Performing command
 Comparing "556" and "0".
 IF test evaluated as true.  Performing command
 Parameter: APP <- "APPEND"
  
 CHARMM>     
  
 CHARMM>    read rtf card @app
 Parameter: APP -> "APPEND"
 MAINIO> Residue topology file being read from unit  98.
 RDTITL> * TOPOLOGY FOR D- AMINOACIDS
 RDTITL> *
  
 CHARMM>     
  
 CHARMM>    read para card flex @app
 Parameter: APP -> "APPEND"

          PARAMETER FILE BEING READ FROM UNIT 98
 RDTITL> * PARAMETERS FOR D- AMINOACIDS
 RDTITL> *
 PARMIO> NONBOND, HBOND lists and IMAGE atoms cleared.
  
 VCLOSE: Closing unit   98 with status "KEEP"

                    RETURNING TO INPUT STREAM    99
  
 CHARMM>    stream toppar/toppar_all36_prot_fluoro_alkanes.str
 VOPEN> Attempting to open::toppar/toppar_all36_prot_fluoro_alkanes.str::
 OPNLGU> Unit 98 opened for READONLY access to toppar/toppar_all36_prot_fluoro_alkanes.str

                    INPUT STREAM SWITCHING TO UNIT    98
 RDTITL> * TOPOLOGY AND PARAMETERS FOR FLUORINATED ALKANES.
 RDTITL> *
 Parameter: IN1 <- "" <empty>
  
 CHARMM>     
  
 CHARMM>    !These parameters are maintained for historic reasons.  The CGenFF
 CHARMM>    !halogen parameters are a significant improvement over these
 CHARMM>    !parameters.
 CHARMM>     
  
 CHARMM>    !Parent files that have to be read prior to streaming this file
 CHARMM>    !top_all36_prot.rtf
 CHARMM>    !par_all36_prot.prm
 CHARMM>     
  
 CHARMM>    !Testcase
 CHARMM>    !test_all36_prot_fluoro_alkanes.inp
 CHARMM>     
  
 CHARMM>    !Reference
 CHARMM>    !Chen, I.-J., Yin, D. and MacKerell, Jr., A.D., "Combined Ab
 CHARMM>    !initio/Empirical Approach for Optimization of Lennard-Jones Parameters
 CHARMM>    !for Polar-Neutral Compounds," Journal of Computational Chemistry,
 CHARMM>    !2002, 23:199-213.
 CHARMM>    !
 CHARMM>    !Note that these parameters are higly optimized to reproduce the
 CHARMM>    !corresponding condensed phase properties and have not been incorporated
 CHARMM>    !into the CHARMM22 or CHARMM27 biomolecular force fields
 CHARMM>     
  
 CHARMM>    read rtf card append
 MAINIO> Residue topology file being read from unit  98.
 RDTITL> * TOPOLOGY FOR FLUOROALKANES
 RDTITL> *
*** WARNING **** residue ETHA already exists (old one deleted)

      ***** LEVEL  1 WARNING FROM <RTFRDR> *****
      ***** Residue already exists.
      ******************************************
      BOMLEV (  0) IS NOT REACHED. WRNLEV IS  5

          RESI ETHA  0.0
*** WARNING **** residue FETH already exists (old one deleted)

      ***** LEVEL  1 WARNING FROM <RTFRDR> *****
      ***** Residue already exists.
      ******************************************
      BOMLEV (  0) IS NOT REACHED. WRNLEV IS  5

          RESI FETH  0.0
*** WARNING **** residue DFET already exists (old one deleted)

      ***** LEVEL  1 WARNING FROM <RTFRDR> *****
      ***** Residue already exists.
      ******************************************
      BOMLEV (  0) IS NOT REACHED. WRNLEV IS  5

          RESI DFET 0.0
*** WARNING **** residue TFET already exists (old one deleted)

      ***** LEVEL  1 WARNING FROM <RTFRDR> *****
      ***** Residue already exists.
      ******************************************
      BOMLEV (  0) IS NOT REACHED. WRNLEV IS  5

          RESI TFET  0.0
*** WARNING **** residue TFE  already exists (old one deleted)

      ***** LEVEL  1 WARNING FROM <RTFRDR> *****
      ***** Residue already exists.
      ******************************************
      BOMLEV (  0) IS NOT REACHED. WRNLEV IS  5

          RESI TFE   0.0
 There were   5 warning(s) from RTFRDR.
  
 CHARMM>     
  
 CHARMM>    read para card flex append

          PARAMETER FILE BEING READ FROM UNIT 98
 RDTITL> * FLUOROALKANE PARAMETERS
 RDTITL> *
 PARMIO> NONBOND, HBOND lists and IMAGE atoms cleared.
  
 CHARMM>     
  
 CHARMM>    return
 VCLOSE: Closing unit   98 with status "KEEP"

                    RETURNING TO INPUT STREAM    99
  
 CHARMM>    stream toppar/toppar_all36_prot_heme.str
 VOPEN> Attempting to open::toppar/toppar_all36_prot_heme.str::
 OPNLGU> Unit 98 opened for READONLY access to toppar/toppar_all36_prot_heme.str

                    INPUT STREAM SWITCHING TO UNIT    98
 RDTITL> * TOPOLOGY AND PARAMETER STREAM FILE FOR HEME AND RELATED
 RDTITL> * LIGANDS AND PATCHES.
 RDTITL> *
 Parameter: IN1 <- "" <empty>
  
 CHARMM>     
  
 CHARMM>    !updated 2016/2, allow for use of AUTOGENERATE ANGLE DIHEDRAl PATCH
 CHARMM>     
  
 CHARMM>    !Parent files that have to be read prior to streaming this file
 CHARMM>    !top_all36_prot.rtf
 CHARMM>    !par_all36_prot.prm
 CHARMM>     
  
 CHARMM>    !Testcase
 CHARMM>    !test_all36_prot_heme.inp
 CHARMM>     
  
 CHARMM>    read rtf card append
 MAINIO> Residue topology file being read from unit  98.
 RDTITL> * TOPOLOGY FOR HEME AND RELATED COMPOUNDS AND PATCHES
 RDTITL> *
*** WARNING **** residue CO2  already exists (old one deleted)

      ***** LEVEL  1 WARNING FROM <RTFRDR> *****
      ***** Residue already exists.
      ******************************************
      BOMLEV (  0) IS NOT REACHED. WRNLEV IS  5

          RESI CO2             0.00
 There were   1 warning(s) from RTFRDR.
  
 CHARMM>     
  
 CHARMM>    read para card flex append

          PARAMETER FILE BEING READ FROM UNIT 98
 RDTITL> * ADDITIONAL PARAMETERS FOR HEME
 RDTITL> *
 PARMIO> NONBOND, HBOND lists and IMAGE atoms cleared.
  
 CHARMM>     
  
 CHARMM>    return
 VCLOSE: Closing unit   98 with status "KEEP"

                    RETURNING TO INPUT STREAM    99
  
 CHARMM>    stream toppar/toppar_all36_prot_na_combined.str
 VOPEN> Attempting to open::toppar/toppar_all36_prot_na_combined.str::
 OPNLGU> Unit 98 opened for READONLY access to toppar/toppar_all36_prot_na_combined.str

                    INPUT STREAM SWITCHING TO UNIT    98
 RDTITL> * TOPOLOGY AND PARAMETER STREAM FILE FOR PATCHES TO CREATE
 RDTITL> * MODEL COMPOUNDS AND PATCHES THAT REQUIRE BOTH PROTEIN AND
 RDTITL> * NUCLEIC ACID TOPOLOGY AND PARAMETER INFORMATION
 RDTITL> *
 Parameter: IN1 <- "" <empty>
  
 CHARMM>     
  
 CHARMM>    !Parent files that have to be read prior to streaming this file
 CHARMM>    !top_all36_prot.rtf
 CHARMM>    !par_all36_prot.prm
 CHARMM>    !top_all36_na.rtf
 CHARMM>    !par_all36_na.prm
 CHARMM>    !stream/toppar_all36_prot_fluoro_alkanes.str ! atom types an parameters for fluorinated compounds
 CHARMM>     
  
 CHARMM>    !Testcase
 CHARMM>    !test_all36_prot_na_combined.inp
 CHARMM>     
  
 CHARMM>    !all patches must be followed by AUTOGENERATE ANGLES DIHEDRALS
 CHARMM>     
  
 CHARMM>    !PHOSPHOTYROSINE
 CHARMM>    !
 CHARMM>    !Feng, M.-H., Philippopoulos, M., MacKerell, Jr., A.D. and Lim, C.
 CHARMM>    !Structural Characterization of the Phosphotyrosine Binding Region of a
 CHARMM>    !High-Affinity aSH2 Domain-Phosphopeptide Complex by Molecular Dynamics
 CHARMM>    !Simulation and Chemical Shift Calculations. Journal of the American
 CHARMM>    !Chemical Society, 1996, 118: 11265-11277.
 CHARMM>     
  
 CHARMM>    read rtf card append
 MAINIO> Residue topology file being read from unit  98.
 RDTITL> * TOPOLOGY FOR PHOSPHORYLATED AMINO ACIDS
 RDTITL> *
*** WARNING **** residue THFI already exists (old one deleted)

      ***** LEVEL  1 WARNING FROM <RTFRDR> *****
      ***** Residue already exists.
      ******************************************
      BOMLEV (  0) IS NOT REACHED. WRNLEV IS  5

          RESI THFI       0.00
*** WARNING **** residue THMI already exists (old one deleted)

      ***** LEVEL  1 WARNING FROM <RTFRDR> *****
      ***** Residue already exists.
      ******************************************
      BOMLEV (  0) IS NOT REACHED. WRNLEV IS  5

          RESI THMI       0.00
*** WARNING **** residue THFA already exists (old one deleted)

      ***** LEVEL  1 WARNING FROM <RTFRDR> *****
      ***** Residue already exists.
      ******************************************
      BOMLEV (  0) IS NOT REACHED. WRNLEV IS  5

          RESI THFA        0.00
*** WARNING **** residue THAO already exists (old one deleted)

      ***** LEVEL  1 WARNING FROM <RTFRDR> *****
      ***** Residue already exists.
      ******************************************
      BOMLEV (  0) IS NOT REACHED. WRNLEV IS  5

          RESI THAO         0.00
*** WARNING **** residue RNUS already exists (old one deleted)

      ***** LEVEL  1 WARNING FROM <RTFRDR> *****
      ***** Residue already exists.
      ******************************************
      BOMLEV (  0) IS NOT REACHED. WRNLEV IS  5

          RESI RNUS         0.00
*** WARNING **** residue NUCL already exists (old one deleted)

      ***** LEVEL  1 WARNING FROM <RTFRDR> *****
      ***** Residue already exists.
      ******************************************
      BOMLEV (  0) IS NOT REACHED. WRNLEV IS  5

          RESI NUCL        -1.00
*** WARNING **** residue PPH1 already exists (old one deleted)

      ***** LEVEL  1 WARNING FROM <RTFRDR> *****
      ***** Residue already exists.
      ******************************************
      BOMLEV (  0) IS NOT REACHED. WRNLEV IS  5

          RESI PPH1      -1.00
*** WARNING **** residue BMPH already exists (old one deleted)

      ***** LEVEL  1 WARNING FROM <RTFRDR> *****
      ***** Residue already exists.
      ******************************************
      BOMLEV (  0) IS NOT REACHED. WRNLEV IS  5

          RESI BMPH      -1.00
*** WARNING **** residue BMPD already exists (old one deleted)

      ***** LEVEL  1 WARNING FROM <RTFRDR> *****
      ***** Residue already exists.
      ******************************************
      BOMLEV (  0) IS NOT REACHED. WRNLEV IS  5

          RESI BMPD      -2.00
*** WARNING **** residue BDFP already exists (old one deleted)

      ***** LEVEL  1 WARNING FROM <RTFRDR> *****
      ***** Residue already exists.
      ******************************************
      BOMLEV (  0) IS NOT REACHED. WRNLEV IS  5

          RESI BDFP      -1.00
*** WARNING **** residue BDFD already exists (old one deleted)

      ***** LEVEL  1 WARNING FROM <RTFRDR> *****
      ***** Residue already exists.
      ******************************************
      BOMLEV (  0) IS NOT REACHED. WRNLEV IS  5

          RESI BDFD -2.00
*** WARNING **** residue EP_2 already exists (old one deleted)

      ***** LEVEL  1 WARNING FROM <RTFRDR> *****
      ***** Residue already exists.
      ******************************************
      BOMLEV (  0) IS NOT REACHED. WRNLEV IS  5

          RESI EP_2        -2.00
*** WARNING **** residue IP_2 already exists (old one deleted)

      ***** LEVEL  1 WARNING FROM <RTFRDR> *****
      ***** Residue already exists.
      ******************************************
      BOMLEV (  0) IS NOT REACHED. WRNLEV IS  5

          RESI IP_2        -2.00
 There were  13 warning(s) from RTFRDR.
  
 CHARMM>     
  
 CHARMM>    read para card flex append

          PARAMETER FILE BEING READ FROM UNIT 98
 RDTITL> * ADDITIONAL PARAMETERS FOR PHOSPHORYLATED AMINO ACIDS
 RDTITL> *
 PARMIO> NONBOND, HBOND lists and IMAGE atoms cleared.
  
 VCLOSE: Closing unit   98 with status "KEEP"

                    RETURNING TO INPUT STREAM    99
  
 CHARMM>    stream toppar/toppar_all36_prot_retinol.str
 VOPEN> Attempting to open::toppar/toppar_all36_prot_retinol.str::
 OPNLGU> Unit 98 opened for READONLY access to toppar/toppar_all36_prot_retinol.str

                    INPUT STREAM SWITCHING TO UNIT    98
 RDTITL> * TOPPAR STREAM FILE FOR RETINOL AND RETINAL PARAMETERS
 RDTITL> * A. LOCCISANO, A.M.W., J. EVANSECK AND A.D. MACKERELL, JR.
 RDTITL> * APRIL, 2005
 RDTITL> *
 Parameter: IN1 <- "" <empty>
  
 CHARMM>     
  
 CHARMM>    !use with c36 protein force fields
 CHARMM>    !top_all36_prot.rtf
 CHARMM>    !par_all36_prot.prm
 CHARMM>     
  
 CHARMM>    read rtf card append
 MAINIO> Residue topology file being read from unit  98.
 RDTITL> * RETINAL/RETINOL AND RELATED MODEL COMPOUNDS
 RDTITL> *
*** WARNING **** residue BTE2 already exists (old one deleted)

      ***** LEVEL  1 WARNING FROM <RTFRDR> *****
      ***** Residue already exists.
      ******************************************
      BOMLEV (  0) IS NOT REACHED. WRNLEV IS  5

          RESI BTE2       0.00
*** WARNING **** residue 13DB already exists (old one deleted)

      ***** LEVEL  1 WARNING FROM <RTFRDR> *****
      ***** Residue already exists.
      ******************************************
      BOMLEV (  0) IS NOT REACHED. WRNLEV IS  5

          RESI 13DB       0.00
*** WARNING **** residue 13DP already exists (old one deleted)

      ***** LEVEL  1 WARNING FROM <RTFRDR> *****
      ***** Residue already exists.
      ******************************************
      BOMLEV (  0) IS NOT REACHED. WRNLEV IS  5

          RESI 13DP       0.00
*** WARNING **** residue DMB1 already exists (old one deleted)

      ***** LEVEL  1 WARNING FROM <RTFRDR> *****
      ***** Residue already exists.
      ******************************************
      BOMLEV (  0) IS NOT REACHED. WRNLEV IS  5

          RESI DMB1       0.00
*** WARNING **** residue DMP1 already exists (old one deleted)

      ***** LEVEL  1 WARNING FROM <RTFRDR> *****
      ***** Residue already exists.
      ******************************************
      BOMLEV (  0) IS NOT REACHED. WRNLEV IS  5

          RESI DMP1       0.00
*** WARNING **** residue DMP2 already exists (old one deleted)

      ***** LEVEL  1 WARNING FROM <RTFRDR> *****
      ***** Residue already exists.
      ******************************************
      BOMLEV (  0) IS NOT REACHED. WRNLEV IS  5

          RESI DMP2       0.00
*** WARNING **** residue CROT already exists (old one deleted)

      ***** LEVEL  1 WARNING FROM <RTFRDR> *****
      ***** Residue already exists.
      ******************************************
      BOMLEV (  0) IS NOT REACHED. WRNLEV IS  5

          RESI CROT       0.00
*** WARNING **** residue PACP already exists (old one deleted)

      ***** LEVEL  1 WARNING FROM <RTFRDR> *****
      ***** Residue already exists.
      ******************************************
      BOMLEV (  0) IS NOT REACHED. WRNLEV IS  5

          RESI PACP       0.00
*** WARNING **** residue MECH already exists (old one deleted)

      ***** LEVEL  1 WARNING FROM <RTFRDR> *****
      ***** Residue already exists.
      ******************************************
      BOMLEV (  0) IS NOT REACHED. WRNLEV IS  5

          RESI MECH       0.00
*** WARNING **** residue TMCH already exists (old one deleted)

      ***** LEVEL  1 WARNING FROM <RTFRDR> *****
      ***** Residue already exists.
      ******************************************
      BOMLEV (  0) IS NOT REACHED. WRNLEV IS  5

          RESI TMCH       0.00
*** WARNING **** residue FRET already exists (old one deleted)

      ***** LEVEL  1 WARNING FROM <RTFRDR> *****
      ***** Residue already exists.
      ******************************************
      BOMLEV (  0) IS NOT REACHED. WRNLEV IS  5

          RESI FRET       0.00
*** WARNING **** residue RTOL already exists (old one deleted)

      ***** LEVEL  1 WARNING FROM <RTFRDR> *****
      ***** Residue already exists.
      ******************************************
      BOMLEV (  0) IS NOT REACHED. WRNLEV IS  5

          RESI RTOL       0.00
*** WARNING **** residue RTAL already exists (old one deleted)

      ***** LEVEL  1 WARNING FROM <RTFRDR> *****
      ***** Residue already exists.
      ******************************************
      BOMLEV (  0) IS NOT REACHED. WRNLEV IS  5

          RESI RTAL       0.00
*** WARNING **** residue RTAC already exists (old one deleted)

      ***** LEVEL  1 WARNING FROM <RTFRDR> *****
      ***** Residue already exists.
      ******************************************
      BOMLEV (  0) IS NOT REACHED. WRNLEV IS  5

          RESI RTAC      -1.00
*** WARNING **** residue PRAC already exists (old one deleted)

      ***** LEVEL  1 WARNING FROM <RTFRDR> *****
      ***** Residue already exists.
      ******************************************
      BOMLEV (  0) IS NOT REACHED. WRNLEV IS  5

          RESI PRAC      -1.00
*** WARNING **** residue PROL already exists (old one deleted)

      ***** LEVEL  1 WARNING FROM <RTFRDR> *****
      ***** Residue already exists.
      ******************************************
      BOMLEV (  0) IS NOT REACHED. WRNLEV IS  5

          RESI PROL       0.00
*** WARNING **** residue PRAL already exists (old one deleted)

      ***** LEVEL  1 WARNING FROM <RTFRDR> *****
      ***** Residue already exists.
      ******************************************
      BOMLEV (  0) IS NOT REACHED. WRNLEV IS  5

          RESI PRAL       0.00
*** WARNING **** residue SCH1 already exists (old one deleted)

      ***** LEVEL  1 WARNING FROM <RTFRDR> *****
      ***** Residue already exists.
      ******************************************
      BOMLEV (  0) IS NOT REACHED. WRNLEV IS  5

          RESI SCH1       0.00
*** WARNING **** residue SCH2 already exists (old one deleted)

      ***** LEVEL  1 WARNING FROM <RTFRDR> *****
      ***** Residue already exists.
      ******************************************
      BOMLEV (  0) IS NOT REACHED. WRNLEV IS  5

          RESI SCH2       1.00
*** WARNING **** residue SCH3 already exists (old one deleted)

      ***** LEVEL  1 WARNING FROM <RTFRDR> *****
      ***** Residue already exists.
      ******************************************
      BOMLEV (  0) IS NOT REACHED. WRNLEV IS  5

          RESI SCH3       1.00
 There were  20 warning(s) from RTFRDR.
  
 CHARMM>     
  
 CHARMM>    read para card flex append

          PARAMETER FILE BEING READ FROM UNIT 98
 RDTITL> * RETINAL/RETINOL AND RELATED PARAMETERS
 RDTITL> *
 PARMIO> NONBOND, HBOND lists and IMAGE atoms cleared.
  
 CHARMM>     
  
 VCLOSE: Closing unit   98 with status "KEEP"

                    RETURNING TO INPUT STREAM    99
  
 CHARMM>    stream toppar/toppar_all36_prot_model.str
 VOPEN> Attempting to open::toppar/toppar_all36_prot_model.str::
 OPNLGU> Unit 98 opened for READONLY access to toppar/toppar_all36_prot_model.str

                    INPUT STREAM SWITCHING TO UNIT    98
 RDTITL> *>> ALL-HYDROGEN TOPOLOGY FOR SMALL MODEL COMPOUNDS USED IN THE <<
 RDTITL> *>> DEVELOPMENT OF THE CHARMM22 PROTEIN ALL-HYDROGEN PARAMETERS <<
 RDTITL> *>>>>>>>>>>>>>>>>>>>>>>> JULY 1997 <<<<<<<<<<<<<<<<<<<<<<<<<<<<<<<
 RDTITL> *>>>>>>>> DIRECT COMMENTS TO ALEXANDER D. MACKERELL JR. <<<<<<<<<<
 RDTITL> *>>>>>>>>>>>>>>> PARAMETER FORUM, WWW.CHARMM.ORG <<<<<<<<<<<<<<<<<
 RDTITL> *CONVERTED TO STREAM FORMAT, DECEMBER 2003
 RDTITL> *CONVERTED TO CHARMM36 PROTEIN ATOM TYPES, MAY 2011
 RDTITL> *
 Parameter: IN1 <- "" <empty>
  
 CHARMM>     
  
 CHARMM>    !Parent files that have to be read prior to streaming this file
 CHARMM>    !top_all36_prot.rtf
 CHARMM>    !par_all36_prot.prm
 CHARMM>    !
 CHARMM>    !Testcase
 CHARMM>    !test_all36_prot_model.inp
 CHARMM>     
  
 CHARMM>    !changes after 9/98
 CHARMM>    !
 CHARMM>    !change alkene HA1 and HA2 to HE1 and HE2
 CHARMM>    !
 CHARMM>    !improper atom ordering corrected
 CHARMM>    !
 CHARMM>    !version b5i to be consistent with protein toppar files
 CHARMM>    !
 CHARMM>    !Heme vinyl groups upgraded based on new butene parameters
 CHARMM>    !
 CHARMM>     
  
 CHARMM>    ! references
 CHARMM>    !
 CHARMM>    !PROTEINS
 CHARMM>    !
 CHARMM>    !MacKerell, Jr., A. D.; Bashford, D.; Bellott, M.; Dunbrack Jr., R.L.;
 CHARMM>    !Evanseck, J.D.; Field, M.J.; Fischer, S.; Gao, J.; Guo, H.; Ha, S.;
 CHARMM>    !Joseph-McCarthy, D.; Kuchnir, L.; Kuczera, K.; Lau, F.T.K.; Mattos,
 CHARMM>    !C.; Michnick, S.; Ngo, T.; Nguyen, D.T.; Prodhom, B.; Reiher, III,
 CHARMM>    !W.E.; Roux, B.; Schlenkrich, M.; Smith, J.C.; Stote, R.; Straub, J.;
 CHARMM>    !Watanabe, M.; Wiorkiewicz-Kuczera, J.; Yin, D.; Karplus, M.  All-atom
 CHARMM>    !empirical potential for molecular modeling and dynamics Studies of
 CHARMM>    !proteins.  Journal of Physical Chemistry B, 1998, 102, 3586-3616.
 CHARMM>     
  
 CHARMM>    read rtf card append
 MAINIO> Residue topology file being read from unit  98.
 RDTITL> * TOPOLOGY FOR PROTEIN RELATED MODEL COMPOUNDS
 RDTITL> *
*** WARNING **** residue ACET already exists (old one deleted)

      ***** LEVEL  1 WARNING FROM <RTFRDR> *****
      ***** Residue already exists.
      ******************************************
      BOMLEV (  0) IS NOT REACHED. WRNLEV IS  5

          RESI ACET       -1.00
*** WARNING **** residue PROA already exists (old one deleted)

      ***** LEVEL  1 WARNING FROM <RTFRDR> *****
      ***** Residue already exists.
      ******************************************
      BOMLEV (  0) IS NOT REACHED. WRNLEV IS  5

          RESI PROA       -1.00
*** WARNING **** residue GUAN already exists (old one deleted)

      ***** LEVEL  1 WARNING FROM <RTFRDR> *****
      ***** Residue already exists.
      ******************************************
      BOMLEV (  0) IS NOT REACHED. WRNLEV IS  5

          RESI GUAN        1.00
*** WARNING **** residue MGUA already exists (old one deleted)

      ***** LEVEL  1 WARNING FROM <RTFRDR> *****
      ***** Residue already exists.
      ******************************************
      BOMLEV (  0) IS NOT REACHED. WRNLEV IS  5

          RESI MGUA        1.00
*** WARNING **** residue GLYN already exists (old one deleted)

      ***** LEVEL  1 WARNING FROM <RTFRDR> *****
      ***** Residue already exists.
      ******************************************
      BOMLEV (  0) IS NOT REACHED. WRNLEV IS  5

          RESI GLYN         0.00
*** WARNING **** residue MAMM already exists (old one deleted)

      ***** LEVEL  1 WARNING FROM <RTFRDR> *****
      ***** Residue already exists.
      ******************************************
      BOMLEV (  0) IS NOT REACHED. WRNLEV IS  5

          RESI MAMM        1.00
*** WARNING **** residue EAMM already exists (old one deleted)

      ***** LEVEL  1 WARNING FROM <RTFRDR> *****
      ***** Residue already exists.
      ******************************************
      BOMLEV (  0) IS NOT REACHED. WRNLEV IS  5

          RESI EAMM        1.00
*** WARNING **** residue ACEH already exists (old one deleted)

      ***** LEVEL  1 WARNING FROM <RTFRDR> *****
      ***** Residue already exists.
      ******************************************
      BOMLEV (  0) IS NOT REACHED. WRNLEV IS  5

          RESI ACEH        0.00
*** WARNING **** residue MEOH already exists (old one deleted)

      ***** LEVEL  1 WARNING FROM <RTFRDR> *****
      ***** Residue already exists.
      ******************************************
      BOMLEV (  0) IS NOT REACHED. WRNLEV IS  5

          RESI MEOH        0.00
*** WARNING **** residue METO already exists (old one deleted)

      ***** LEVEL  1 WARNING FROM <RTFRDR> *****
      ***** Residue already exists.
      ******************************************
      BOMLEV (  0) IS NOT REACHED. WRNLEV IS  5

          RESI METO       -1.00
*** WARNING **** residue ETOH already exists (old one deleted)

      ***** LEVEL  1 WARNING FROM <RTFRDR> *****
      ***** Residue already exists.
      ******************************************
      BOMLEV (  0) IS NOT REACHED. WRNLEV IS  5

          RESI ETOH        0.00
*** WARNING **** residue ETO  already exists (old one deleted)

      ***** LEVEL  1 WARNING FROM <RTFRDR> *****
      ***** Residue already exists.
      ******************************************
      BOMLEV (  0) IS NOT REACHED. WRNLEV IS  5

          RESI ETO        -1.00
*** WARNING **** residue PRO2 already exists (old one deleted)

      ***** LEVEL  1 WARNING FROM <RTFRDR> *****
      ***** Residue already exists.
      ******************************************
      BOMLEV (  0) IS NOT REACHED. WRNLEV IS  5

          RESI PRO2        0.00
*** WARNING **** residue FORM already exists (old one deleted)

      ***** LEVEL  1 WARNING FROM <RTFRDR> *****
      ***** Residue already exists.
      ******************************************
      BOMLEV (  0) IS NOT REACHED. WRNLEV IS  5

          RESI FORM        0.00
*** WARNING **** residue ACEM already exists (old one deleted)

      ***** LEVEL  1 WARNING FROM <RTFRDR> *****
      ***** Residue already exists.
      ******************************************
      BOMLEV (  0) IS NOT REACHED. WRNLEV IS  5

          RESI ACEM        0.00
*** WARNING **** residue NMA  already exists (old one deleted)

      ***** LEVEL  1 WARNING FROM <RTFRDR> *****
      ***** Residue already exists.
      ******************************************
      BOMLEV (  0) IS NOT REACHED. WRNLEV IS  5

          RESI NMA         0.00
*** WARNING **** residue MESH already exists (old one deleted)

      ***** LEVEL  1 WARNING FROM <RTFRDR> *****
      ***** Residue already exists.
      ******************************************
      BOMLEV (  0) IS NOT REACHED. WRNLEV IS  5

          RESI MESH        0.00
*** WARNING **** residue MES1 already exists (old one deleted)

      ***** LEVEL  1 WARNING FROM <RTFRDR> *****
      ***** Residue already exists.
      ******************************************
      BOMLEV (  0) IS NOT REACHED. WRNLEV IS  5

          RESI MES1       -1.00
*** WARNING **** residue ETSH already exists (old one deleted)

      ***** LEVEL  1 WARNING FROM <RTFRDR> *****
      ***** Residue already exists.
      ******************************************
      BOMLEV (  0) IS NOT REACHED. WRNLEV IS  5

          RESI ETSH        0.00
*** WARNING **** residue ES1  already exists (old one deleted)

      ***** LEVEL  1 WARNING FROM <RTFRDR> *****
      ***** Residue already exists.
      ******************************************
      BOMLEV (  0) IS NOT REACHED. WRNLEV IS  5

          RESI ES1        -1.00
*** WARNING **** residue DMDS already exists (old one deleted)

      ***** LEVEL  1 WARNING FROM <RTFRDR> *****
      ***** Residue already exists.
      ******************************************
      BOMLEV (  0) IS NOT REACHED. WRNLEV IS  5

          RESI DMDS        0.00
*** WARNING **** residue DEDS already exists (old one deleted)

      ***** LEVEL  1 WARNING FROM <RTFRDR> *****
      ***** Residue already exists.
      ******************************************
      BOMLEV (  0) IS NOT REACHED. WRNLEV IS  5

          RESI DEDS        0.00
*** WARNING **** residue EMS  already exists (old one deleted)

      ***** LEVEL  1 WARNING FROM <RTFRDR> *****
      ***** Residue already exists.
      ******************************************
      BOMLEV (  0) IS NOT REACHED. WRNLEV IS  5

          RESI EMS         0.00
*** WARNING **** residue IMIA already exists (old one deleted)

      ***** LEVEL  1 WARNING FROM <RTFRDR> *****
      ***** Residue already exists.
      ******************************************
      BOMLEV (  0) IS NOT REACHED. WRNLEV IS  5

          RESI IMIA        0.00
*** WARNING **** residue MIMI already exists (old one deleted)

      ***** LEVEL  1 WARNING FROM <RTFRDR> *****
      ***** Residue already exists.
      ******************************************
      BOMLEV (  0) IS NOT REACHED. WRNLEV IS  5

          RESI MIMI        0.00
*** WARNING **** residue EIMI already exists (old one deleted)

      ***** LEVEL  1 WARNING FROM <RTFRDR> *****
      ***** Residue already exists.
      ******************************************
      BOMLEV (  0) IS NOT REACHED. WRNLEV IS  5

          RESI EIMI        0.00
*** WARNING **** residue IMIM already exists (old one deleted)

      ***** LEVEL  1 WARNING FROM <RTFRDR> *****
      ***** Residue already exists.
      ******************************************
      BOMLEV (  0) IS NOT REACHED. WRNLEV IS  5

          RESI IMIM        1.00
*** WARNING **** residue EIMM already exists (old one deleted)

      ***** LEVEL  1 WARNING FROM <RTFRDR> *****
      ***** Residue already exists.
      ******************************************
      BOMLEV (  0) IS NOT REACHED. WRNLEV IS  5

          RESI EIMM        1.00
*** WARNING **** residue BENZ already exists (old one deleted)

      ***** LEVEL  1 WARNING FROM <RTFRDR> *****
      ***** Residue already exists.
      ******************************************
      BOMLEV (  0) IS NOT REACHED. WRNLEV IS  5

          RESI BENZ        0.00
*** WARNING **** residue EBEN already exists (old one deleted)

      ***** LEVEL  1 WARNING FROM <RTFRDR> *****
      ***** Residue already exists.
      ******************************************
      BOMLEV (  0) IS NOT REACHED. WRNLEV IS  5

          RESI EBEN         0.00
*** WARNING **** residue PHEN already exists (old one deleted)

      ***** LEVEL  1 WARNING FROM <RTFRDR> *****
      ***** Residue already exists.
      ******************************************
      BOMLEV (  0) IS NOT REACHED. WRNLEV IS  5

          RESI PHEN        0.00
*** WARNING **** residue EPHE already exists (old one deleted)

      ***** LEVEL  1 WARNING FROM <RTFRDR> *****
      ***** Residue already exists.
      ******************************************
      BOMLEV (  0) IS NOT REACHED. WRNLEV IS  5

          RESI EPHE        0.00
*** WARNING **** residue PHEO already exists (old one deleted)

      ***** LEVEL  1 WARNING FROM <RTFRDR> *****
      ***** Residue already exists.
      ******************************************
      BOMLEV (  0) IS NOT REACHED. WRNLEV IS  5

          RESI PHEO       -1.00
*** WARNING **** residue INDO already exists (old one deleted)

      ***** LEVEL  1 WARNING FROM <RTFRDR> *****
      ***** Residue already exists.
      ******************************************
      BOMLEV (  0) IS NOT REACHED. WRNLEV IS  5

          RESI INDO        0.00
*** WARNING **** residue EIND already exists (old one deleted)

      ***** LEVEL  1 WARNING FROM <RTFRDR> *****
      ***** Residue already exists.
      ******************************************
      BOMLEV (  0) IS NOT REACHED. WRNLEV IS  5

          RESI EIND        0.00
*** WARNING **** residue PDIP already exists (old one deleted)

      ***** LEVEL  1 WARNING FROM <RTFRDR> *****
      ***** Residue already exists.
      ******************************************
      BOMLEV (  0) IS NOT REACHED. WRNLEV IS  5

          RESI PDIP        0.00
*** WARNING **** residue ETHA already exists (old one deleted)

      ***** LEVEL  1 WARNING FROM <RTFRDR> *****
      ***** Residue already exists.
      ******************************************
      BOMLEV (  0) IS NOT REACHED. WRNLEV IS  5

          RESI ETHA        0.00
*** WARNING **** residue PRPA already exists (old one deleted)

      ***** LEVEL  1 WARNING FROM <RTFRDR> *****
      ***** Residue already exists.
      ******************************************
      BOMLEV (  0) IS NOT REACHED. WRNLEV IS  5

          RESI PRPA        0.00
*** WARNING **** residue IBUT already exists (old one deleted)

      ***** LEVEL  1 WARNING FROM <RTFRDR> *****
      ***** Residue already exists.
      ******************************************
      BOMLEV (  0) IS NOT REACHED. WRNLEV IS  5

          RESI IBUT        0.00
*** WARNING **** residue OCOH already exists (old one deleted)

      ***** LEVEL  1 WARNING FROM <RTFRDR> *****
      ***** Residue already exists.
      ******************************************
      BOMLEV (  0) IS NOT REACHED. WRNLEV IS  5

          RESI OCOH    0.0
*** WARNING **** residue CO3  already exists (old one deleted)

      ***** LEVEL  1 WARNING FROM <RTFRDR> *****
      ***** Residue already exists.
      ******************************************
      BOMLEV (  0) IS NOT REACHED. WRNLEV IS  5

          RESI CO3  -2.0
*** WARNING **** residue C3   already exists (old one deleted)

      ***** LEVEL  1 WARNING FROM <RTFRDR> *****
      ***** Residue already exists.
      ******************************************
      BOMLEV (  0) IS NOT REACHED. WRNLEV IS  5

          RESI C3    0.00
 There were  42 warning(s) from RTFRDR.
  
 CHARMM>     
  
 CHARMM>    read para card flex append

          PARAMETER FILE BEING READ FROM UNIT 98
 RDTITL>  
 RDTITL> No title read.
 PARMIO> NONBOND, HBOND lists and IMAGE atoms cleared.
  
 CHARMM>     
  
 CHARMM>    return
 VCLOSE: Closing unit   98 with status "KEEP"

                    RETURNING TO INPUT STREAM    99
  
 CHARMM>    stream toppar/toppar_all36_prot_modify_res.str
 VOPEN> Attempting to open::toppar/toppar_all36_prot_modify_res.str::
 OPNLGU> Unit 98 opened for READONLY access to toppar/toppar_all36_prot_modify_res.str

                    INPUT STREAM SWITCHING TO UNIT    98
 RDTITL> * TOPPAR FILE FOR VARIOUS MODIFIED RESIDUES AND PATCHES, INCLUDING
 RDTITL> * PATCHES TO COVALENTLY LINK RESIDUES TO IONS TO WORK WITH THE
 RDTITL> * ADDITIVE C36 PROTEIN FORCE FIELD
 RDTITL> * REQUIRES CGENFF PARAMETER FILE
 RDTITL> *
 Parameter: IN1 <- "" <empty>
  
 CHARMM>     
  
 CHARMM>    !Acetyllysine (ALY)
 CHARMM>    !Norleucine (NLE) and
 CHARMM>    ! residues and patches for Zn-protein interactions modeled using
 CHARMM>    ! bond and angles between the protein and Zn.
 CHARMM>     
  
 CHARMM>    !non-standard amino acids: 2021
 CHARMM>    !Croitoru, A., Park, S.-J., Kumar, A., Lee, J., Im, Wonpil; MacKerell,
 CHARMM>    !A.D., Jr., and Aleksandrov, A. Additive CHARMM36 Force Field for
 CHARMM>    !Nonstandard Amino Acids, Journal of Chemical Theory and Computation,
 CHARMM>    !17:3554-3570, doi: 10.1021/acs.jctc.1c00254.
 CHARMM>     
  
 CHARMM>    read rtf card append
 MAINIO> Residue topology file being read from unit  98.
 RDTITL> * TOPPAR FILE PROTEIN MODIFICATIONS
 RDTITL> *
*** WARNING **** residue CGU  already exists (old one deleted)

      ***** LEVEL  1 WARNING FROM <RTFRDR> *****
      ***** Residue already exists.
      ******************************************
      BOMLEV (  0) IS NOT REACHED. WRNLEV IS  5

          RESI CGU              -2.000
*** WARNING **** residue CME  already exists (old one deleted)

      ***** LEVEL  1 WARNING FROM <RTFRDR> *****
      ***** Residue already exists.
      ******************************************
      BOMLEV (  0) IS NOT REACHED. WRNLEV IS  5

          RESI CME               0.000
*** WARNING **** residue HIC  already exists (old one deleted)

      ***** LEVEL  1 WARNING FROM <RTFRDR> *****
      ***** Residue already exists.
      ******************************************
      BOMLEV (  0) IS NOT REACHED. WRNLEV IS  5

          RESI HIC               0.000
*** WARNING **** residue HICP already exists (old one deleted)

      ***** LEVEL  1 WARNING FROM <RTFRDR> *****
      ***** Residue already exists.
      ******************************************
      BOMLEV (  0) IS NOT REACHED. WRNLEV IS  5

          RESI HICP              1.000
*** WARNING **** residue CGUP already exists (old one deleted)

      ***** LEVEL  1 WARNING FROM <RTFRDR> *****
      ***** Residue already exists.
      ******************************************
      BOMLEV (  0) IS NOT REACHED. WRNLEV IS  5

          RESI CGUP             -1.000
 There were   5 warning(s) from RTFRDR.
  
 CHARMM>     
  
 CHARMM>    read para card append flex

          PARAMETER FILE BEING READ FROM UNIT 98
 RDTITL>  
 RDTITL> No title read.
 PARMIO> NONBOND, HBOND lists and IMAGE atoms cleared.
  
 CHARMM>     
  
 CHARMM>    return
 VCLOSE: Closing unit   98 with status "KEEP"

                    RETURNING TO INPUT STREAM    99
  
 CHARMM>     
  
 CHARMM>    ! Additional topologies and parameters for nucleic acids
 CHARMM>    stream toppar/toppar_all36_na_nad_ppi.str
 VOPEN> Attempting to open::toppar/toppar_all36_na_nad_ppi.str::
 OPNLGU> Unit 98 opened for READONLY access to toppar/toppar_all36_na_nad_ppi.str

                    INPUT STREAM SWITCHING TO UNIT    98
 RDTITL> * CHARMM36 ALL-HYDROGEN NUCLEIC ACID FORCE TOPPAR STREAM FILE
 RDTITL> * NAD+, NADH, ADP, ATP, PPI AND RELATED ANALOGS
 RDTITL> * A.D. MACKERELL, JR., JULY 2001
 RDTITL> * STREAM FOLLOWING RTF AND PARAM READ OF
 RDTITL> *
 Parameter: IN1 <- "" <empty>
  
 CHARMM>     
  
 CHARMM>    !Update, 2015/1, nomenclature for NAD+ etc. consistent with PDB
 CHARMM>     
  
 CHARMM>    !Parent files that have to be read prior to streaming this file
 CHARMM>    !top_all36_na.rtf
 CHARMM>    !par_all36_na.prm
 CHARMM>     
  
 CHARMM>    !Testcase
 CHARMM>    !test_all36_na_nad_ppi.inp
 CHARMM>     
  
 CHARMM>    !Reference
 CHARMM>    !Pavelites, J.J., Bash, P.A., Gao, J., and MacKerell, Jr.,
 CHARMM>    !A.D. A Molecular Mechanics Force Field for NAD+, NADH and the
 CHARMM>    !Pyrophosphate Groups of Nucleotides, Journal of Computational
 CHARMM>    !Chemistry, 1997, 18: 221-239.
 CHARMM>     
  
 CHARMM>    read rtf card append
 MAINIO> Residue topology file being read from unit  98.
 RDTITL> * NAD, PPI TOPOLOGY
 RDTITL> *
*** WARNING **** residue NIC  already exists (old one deleted)

      ***** LEVEL  1 WARNING FROM <RTFRDR> *****
      ***** Residue already exists.
      ******************************************
      BOMLEV (  0) IS NOT REACHED. WRNLEV IS  5

          RESI NIC         1.00
*** WARNING **** residue NICH already exists (old one deleted)

      ***** LEVEL  1 WARNING FROM <RTFRDR> *****
      ***** Residue already exists.
      ******************************************
      BOMLEV (  0) IS NOT REACHED. WRNLEV IS  5

          RESI NICH         0.00
*** WARNING **** residue PPI1 already exists (old one deleted)

      ***** LEVEL  1 WARNING FROM <RTFRDR> *****
      ***** Residue already exists.
      ******************************************
      BOMLEV (  0) IS NOT REACHED. WRNLEV IS  5

          RESI PPI1        -3.00
*** WARNING **** residue PPI2 already exists (old one deleted)

      ***** LEVEL  1 WARNING FROM <RTFRDR> *****
      ***** Residue already exists.
      ******************************************
      BOMLEV (  0) IS NOT REACHED. WRNLEV IS  5

          RESI PPI2        -2.00
*** WARNING **** residue AMP  already exists (old one deleted)

      ***** LEVEL  1 WARNING FROM <RTFRDR> *****
      ***** Residue already exists.
      ******************************************
      BOMLEV (  0) IS NOT REACHED. WRNLEV IS  5

          RESI AMP         -2.00
*** WARNING **** residue ADP  already exists (old one deleted)

      ***** LEVEL  1 WARNING FROM <RTFRDR> *****
      ***** Residue already exists.
      ******************************************
      BOMLEV (  0) IS NOT REACHED. WRNLEV IS  5

          RESI ADP         -3.00
*** WARNING **** residue ATP  already exists (old one deleted)

      ***** LEVEL  1 WARNING FROM <RTFRDR> *****
      ***** Residue already exists.
      ******************************************
      BOMLEV (  0) IS NOT REACHED. WRNLEV IS  5

          RESI ATP         -4.00
*** WARNING **** residue 5DP  already exists (old one deleted)

      ***** LEVEL  1 WARNING FROM <RTFRDR> *****
      ***** Residue already exists.
      ******************************************
      BOMLEV (  0) IS NOT REACHED. WRNLEV IS  5

          PRES 5DP         -3.00
*** WARNING **** residue NAD  already exists (old one deleted)

      ***** LEVEL  1 WARNING FROM <RTFRDR> *****
      ***** Residue already exists.
      ******************************************
      BOMLEV (  0) IS NOT REACHED. WRNLEV IS  5

          RESI NAD         -1.00
*** WARNING **** residue NADH already exists (old one deleted)

      ***** LEVEL  1 WARNING FROM <RTFRDR> *****
      ***** Residue already exists.
      ******************************************
      BOMLEV (  0) IS NOT REACHED. WRNLEV IS  5

          RESI NADH        -2.00
*** WARNING **** residue NADP already exists (old one deleted)

      ***** LEVEL  1 WARNING FROM <RTFRDR> *****
      ***** Residue already exists.
      ******************************************
      BOMLEV (  0) IS NOT REACHED. WRNLEV IS  5

          RESI NADP        -2.00
*** WARNING **** residue NDPH already exists (old one deleted)

      ***** LEVEL  1 WARNING FROM <RTFRDR> *****
      ***** Residue already exists.
      ******************************************
      BOMLEV (  0) IS NOT REACHED. WRNLEV IS  5

          RESI NDPH        -3.00
 There were  12 warning(s) from RTFRDR.
  
 CHARMM>     
  
 CHARMM>    read para card flex append

          PARAMETER FILE BEING READ FROM UNIT 98
 RDTITL> * NAD, PPI PARAMETERS
 RDTITL> *
 PARMIO> NONBOND, HBOND lists and IMAGE atoms cleared.
  
 CHARMM>     
  
 CHARMM>     
  
 VCLOSE: Closing unit   98 with status "KEEP"

                    RETURNING TO INPUT STREAM    99
  
 CHARMM>    stream toppar/toppar_all36_na_rna_modified.str
 VOPEN> Attempting to open::toppar/toppar_all36_na_rna_modified.str::
 OPNLGU> Unit 98 opened for READONLY access to toppar/toppar_all36_na_rna_modified.str

                    INPUT STREAM SWITCHING TO UNIT    98
 RDTITL> * ADDITIVE CHARMM FORCE FIELD FOR MODIFIED RIBONUCLEIC ACIDS, INCLUDING
 RDTITL> * THOSE FOUNDS IN TRNA. YOU XU, KAROLINSKA INSTITUTET, 2015.
 RDTITL> * |
 RDTITL> * WARNING: PARAMETERS AND ATOM TYPE ASSIGNMENTS IN THIS FILE ARE SPECIFIC
 RDTITL> * FOR THESE COMPOUNDS AND SHOULD UNDER NO CIRCUMSTANCES BE APPLIED TO
 RDTITL> * OTHER ORGANIC MOLECULES
 RDTITL> *
 Parameter: IN1 <- "" <empty>
  
 CHARMM>     
  
 CHARMM>    ! Xu, Y., Vanommeslaeghe, K., Aleksandrov, A., MacKerell, A.D.,
 CHARMM>    ! Jr. Nilsson, L., “Additive CHARMM force field for naturally
 CHARMM>    ! occurring modified ribonucleotides,” Journal of Computational
 CHARMM>    !  Chemistry, DOI: 10.1002/jcc.24307, 2016
 CHARMM>     
  
 CHARMM>    ! Should be used with parent files CGenFF: top_all36_cgenff.inp and par_all36_cgenff.inp
 CHARMM>    !                                    NA36: top_all36_na.inp and par_all36_na.inp
 CHARMM>    !                              and Carb36: top_all36_carb.inp and par_all36_carb.inp
 CHARMM>    !
 CHARMM>     
  
 CHARMM>    read rtf card append
 MAINIO> Residue topology file being read from unit  98.
 RDTITL> * TOPOLOGIES OF MODIFIED NUCLEOTIDES
 RDTITL> *
*** WARNING **** residue BUG  already exists (old one deleted)

      ***** LEVEL  1 WARNING FROM <RTFRDR> *****
      ***** Residue already exists.
      ******************************************
      BOMLEV (  0) IS NOT REACHED. WRNLEV IS  5

          RESI BUG           -1.00
 There were   1 warning(s) from RTFRDR.
  
 CHARMM>     
  
 CHARMM>    read param card flex append

          PARAMETER FILE BEING READ FROM UNIT 98
 RDTITL> * ADDITIVE CHARMM PARAMETERS FOR MODIFIED NUCLEIC ACIDS, BETA VERSION
 RDTITL> * YOU XU, KAROLINSKA INSTITUTET, 2015.
 RDTITL> *
 PARMIO> NONBOND, HBOND lists and IMAGE atoms cleared.
  
 CHARMM>    RETURN
 VCLOSE: Closing unit   98 with status "KEEP"

                    RETURNING TO INPUT STREAM    99
  
 CHARMM>     
  
 CHARMM>    ! Additional topologies and parameters for lipids
 CHARMM>    stream toppar/toppar_all36_lipid_sphingo.str
 VOPEN> Attempting to open::toppar/toppar_all36_lipid_sphingo.str::
 OPNLGU> Unit 98 opened for READONLY access to toppar/toppar_all36_lipid_sphingo.str

                    INPUT STREAM SWITCHING TO UNIT    98
 RDTITL> * TOPPAR STREAM FOR CERAMIDES AND SPINGOMYELINS; REQUIRES FLEX FORMAT FILES
 RDTITL> * TOP_ALL36_LIPID.RTF AND PAR_ALL36_LIPID.PRM
 RDTITL> *
 Parameter: IN1 <- "" <empty>
  
 CHARMM>     
  
 CHARMM>    ! REFERENCES
 CHARMM>    !
 CHARMM>    ! PSM and SSM Lipids
 CHARMM>    !
 CHARMM>    ! Venable, R. M.; Sodt, A. J.; Rogaski, B.; Rui, H.; Hatcher, E.; MacKerell, A. D.;
 CHARMM>    ! Pastor, R. W.; Klauda, J. B., CHARMM All-Atom Additive Force Field for Sphingomyelin:
 CHARMM>    ! Elucidation of Hydrogen Bonding and of Positive Curvature. Biophys. J. 2014, 107 (1), 134-145
 CHARMM>    !
 CHARMM>    ! Ceramide
 CHARMM>    !
 CHARMM>    ! Submited by Sam Tonddast-Navaei of U. Cincinnati. Advised by Russell Devane
 CHARMM>    ! Tested by Eric Wang of U. Maryland. Advised by Jeffery Klauda
 CHARMM>    !
 CHARMM>    !
 CHARMM>    ! CerAP/Cer6, CerNP/Cer3, and CerEOS/Cer1
 CHARMM>    !
 CHARMM>    ! Wang, E.; Klauda, J. B., Structure and Permeability of Ceramide Bilayers and Multilayers.
 CHARMM>    ! J. Phys. Chem. B., 2019, 123, 11, 2525-2535
 CHARMM>    ! Wang, E.; Klauda, J. B., Molecular Structure of the Long Periodicity Phase in the Stratum Corneum.
 CHARMM>    ! J. Amer. Chem. Soc., 2019. 141, 42, 16930-16943
 CHARMM>     
  
 CHARMM>    set nat ?NATC
 RDCMND substituted energy or value "?NATC" to "587"
 Parameter: NAT <- "587"
  
 CHARMM>    set app
 Parameter: APP <- "" <empty>
  
 CHARMM>    !We're exploiting what is arguably a bug in the parser. On the left hand side,
 CHARMM>    !the quotes have proirity, so NAT is correctly substituted. On the right hand
 CHARMM>    !side, the ? has priority and NATC" (sic) is not a valid substitution...
 CHARMM>    if "@NAT" ne "?NATC" if @nat ne 0 set app append
 Parameter: NAT -> "587"
 Parameter: NAT -> "587"
 RDCMND: can not substitute energy "?NATC""
 Comparing ""587"" and ""?NATC"".
 IF test evaluated as true.  Performing command
 Comparing "587" and "0".
 IF test evaluated as true.  Performing command
 Parameter: APP <- "APPEND"
  
 CHARMM>     
  
 CHARMM>    read rtf card @app
 Parameter: APP -> "APPEND"
 MAINIO> Residue topology file being read from unit  98.
 RDTITL> * CER/SM RESIDUES
 RDTITL> *
  
 CHARMM>     
  
 CHARMM>    read para card flex @app
 Parameter: APP -> "APPEND"

          PARAMETER FILE BEING READ FROM UNIT 98
 RDTITL> * NEW PARAMETERS
 RDTITL> *
 PARRDR> Error: Repeated DIHE parameter ( 35897): NHL   C     CTO1  HAL1 is replaced
 PARRDR> Error: Repeated DIHE parameter ( 35918): O     C     CTO1  HAL1 is replaced
 PARMIO> NONBOND, HBOND lists and IMAGE atoms cleared.
  
 CHARMM>     
  
 CHARMM>    return
 VCLOSE: Closing unit   98 with status "KEEP"

                    RETURNING TO INPUT STREAM    99
  
 CHARMM>    stream toppar/toppar_all36_lipid_archaeal.str
 VOPEN> Attempting to open::toppar/toppar_all36_lipid_archaeal.str::
 OPNLGU> Unit 98 opened for READONLY access to toppar/toppar_all36_lipid_archaeal.str

                    INPUT STREAM SWITCHING TO UNIT    98
 RDTITL> * TOPPAR STREAM FILE FOR ARCHAEAL LIPIDS.
 RDTITL> *
 Parameter: IN1 <- "" <empty>
  
 CHARMM>     
  
 CHARMM>    ! This is an on-going file of archaeal lipids
 CHARMM>    ! I am adding meanquinone-7 now
 CHARMM>     
  
 CHARMM>    read rtf card append
 MAINIO> Residue topology file being read from unit  98.
 RDTITL> * ARCHAEAL LIPIDS
 RDTITL> *
  
 CHARMM>     
  
 CHARMM>    read param card flex append

          PARAMETER FILE BEING READ FROM UNIT 98
 RDTITL> * PARAMETERS GENERATED BY ANALOGY BY CGENFF
 RDTITL> *
 PARRDR> Error: Repeated ANGLE parameter (  2127): CG2D  CG2O  CG2R is replaced
 PARRDR> Error: Repeated ANGLE parameter (  3250): CG2R  CG2R  CG2R is replaced
 PARRDR> Error: Repeated DIHE parameter (  8556): CG2D  CG2O  CG2R  CG2R is replaced
 PARRDR> Error: Repeated DIHE parameter ( 13933): CG2R  CG2R  CG2R  CG2R is replaced
 PARRDR> Error: Repeated DIHE parameter ( 13843): OG30  CG2R  CG2R  OG31 is replaced
 PARRDR> Error: Repeated DIHE parameter ( 13842): OG30  CG2R  CG2R  OG30 is replaced
 PARRDR> Error: Repeated IMPH parameter (   325): CG2O  CG2D  CG2R  OG2D is replaced
 PARMIO> NONBOND, HBOND lists and IMAGE atoms cleared.
  
 CHARMM>     
  
 CHARMM>    RETURN
 VCLOSE: Closing unit   98 with status "KEEP"

                    RETURNING TO INPUT STREAM    99
  
 CHARMM>    stream toppar/toppar_all36_lipid_bacterial.str
 VOPEN> Attempting to open::toppar/toppar_all36_lipid_bacterial.str::
 OPNLGU> Unit 98 opened for READONLY access to toppar/toppar_all36_lipid_bacterial.str

                    INPUT STREAM SWITCHING TO UNIT    98
 RDTITL> * TOPPAR STREAM FILE FOR BRANCHED AND CYCLIC CHAINED LIPIDS.  FOLLOWING READING OF
 RDTITL> * TOP_ALL36_LIPID.RTF
 RDTITL> * AND
 RDTITL> * PAR_ALL36_LIPID.RTF
 RDTITL> *
 Parameter: IN1 <- "" <empty>
  
 CHARMM>     
  
 CHARMM>    ! REFERENCES
 CHARMM>    !
 CHARMM>    ! Branched Lipids
 CHARMM>    !
 CHARMM>    ! Lim, J.B. & Klauda, J.B. Branching at the Iso- and Anteiso- Positions in Complex Chlamydia
 CHARMM>    ! Membranes: A Molecular Dynamics Study. Biochimica et Biophysica Acta (BBA) - Biomembranes
 CHARMM>    ! 1808:323-331 (2011).
 CHARMM>    !
 CHARMM>    ! Cyclic-replacement of double bond
 CHARMM>    !
 CHARMM>    ! Pandit, K.R. & Klauda, J.B. Membrane models of E. coli containing cyclic moieties in
 CHARMM>    ! the aliphatic lipid chain. Biochimica et Biophysica Acta (BBA) - Biomembranes
 CHARMM>    ! 1818:1205-1210 (2012).
 CHARMM>    !
 CHARMM>     
  
 CHARMM>    set nat ?NATC
 RDCMND substituted energy or value "?NATC" to "592"
 Parameter: NAT <- "592"
  
 CHARMM>    set app
 Parameter: APP <- "" <empty>
  
 CHARMM>    !We're exploiting what is arguably a bug in the parser. On the left hand side,
 CHARMM>    !the quotes have proirity, so NAT is correctly substituted. On the right hand
 CHARMM>    !side, the ? has priority and NATC" (sic) is not a valid substitution...
 CHARMM>    if "@NAT" ne "?NATC" if @nat ne 0 set app append
 Parameter: NAT -> "592"
 Parameter: NAT -> "592"
 RDCMND: can not substitute energy "?NATC""
 Comparing ""592"" and ""?NATC"".
 IF test evaluated as true.  Performing command
 Comparing "592" and "0".
 IF test evaluated as true.  Performing command
 Parameter: APP <- "APPEND"
  
 CHARMM>     
  
 CHARMM>    read rtf card @app
 Parameter: APP -> "APPEND"
 MAINIO> Residue topology file being read from unit  98.
 RDTITL> * CHOLESTEROL RESIDUES
 RDTITL> *
  
 CHARMM>     
  
 CHARMM>    read para card flex @app
 Parameter: APP -> "APPEND"

          PARAMETER FILE BEING READ FROM UNIT 98
 RDTITL> * NEW PARAMETERS
 RDTITL> *
 PARMIO> NONBOND, HBOND lists and IMAGE atoms cleared.
  
 CHARMM>     
  
 CHARMM>    return
 VCLOSE: Closing unit   98 with status "KEEP"

                    RETURNING TO INPUT STREAM    99
  
 CHARMM>    stream toppar/toppar_all36_lipid_cardiolipin.str
 VOPEN> Attempting to open::toppar/toppar_all36_lipid_cardiolipin.str::
 OPNLGU> Unit 98 opened for READONLY access to toppar/toppar_all36_lipid_cardiolipin.str

                    INPUT STREAM SWITCHING TO UNIT    98
 RDTITL> READ RTF CARD APPEND FLEX
 RDTITL> No title read.
 Parameter: IN1 <- "" <empty>
  
 CHARMM>    read rtf card append flex
 MAINIO> Residue topology file being read from unit  98.
 RDTITL>  
 RDTITL> No title read.
 WARNING from DECODI -- Zero length string being converted to 0
 RTFRDR> WARNING: Version number is NOT specified.
  
 CHARMM>     
  
 CHARMM>    return
 VCLOSE: Closing unit   98 with status "KEEP"

                    RETURNING TO INPUT STREAM    99
  
 CHARMM>    stream toppar/toppar_all36_lipid_cholesterol.str
 VOPEN> Attempting to open::toppar/toppar_all36_lipid_cholesterol.str::
 OPNLGU> Unit 98 opened for READONLY access to toppar/toppar_all36_lipid_cholesterol.str

                    INPUT STREAM SWITCHING TO UNIT    98
 RDTITL> * TOPPAR STREAM FILE FOR CHOLESTEROL.  STREAM FOLLOWING READING OF
 RDTITL> * TOP_ALL36_LIPID.RTF
 RDTITL> * PAR_ALL36_LIPID.RTF
 RDTITL> * TOP_ALL36_CGENFF.RTF
 RDTITL> * AND PAR_ALL36_CGENFF.PRM
 RDTITL> *
 Parameter: IN1 <- "" <empty>
  
 CHARMM>     
  
 CHARMM>    !topology and parameters are included for two cholesterol models. the
 CHARMM>    !model may be selected by setting variable chol_model to 1 or 2, as
 CHARMM>    !specified below
 CHARMM>    !
 CHARMM>     
  
 CHARMM>    set chol_model 1 !2 for original Suits et al. model
 Parameter: CHOL_MODEL <- "1"
  
 CHARMM>     
  
 CHARMM>    !
 CHARMM>    !1) Revised model of Lim et al.  This contains a number of NBFIXes that
 CHARMM>    !makes it unsuitable for ANTON (set chol_model 1)
 CHARMM>    !
 CHARMM>    !2) Original model of Suits et al., which is used on ANTON as well as
 CHARMM>    !being suitable for other systems (set chol_model 2 (or anything but 1....))
 CHARMM>    !
 CHARMM>    !references
 CHARMM>    !
 CHARMM>    !Lim, J.B., Rogaski, B. and Klauda, J.B.. "Update of the Cholesterol Force Field
 CHARMM>    !Parameters in CHARMM" 116: 203-210 (2012).
 CHARMM>    !
 CHARMM>    !Suits, F., Pitman, M., MacKerell, A.D., Jr., Feller, S.E. "Molecular Level
 CHARMM>    !Organization of Saturated and Polyunsaturated Fatty Acids in a
 CHARMM>    !Phosphatidylcholine Bilayer Containing Cholesterol" Biochemistry,
 CHARMM>    !43(49):15318-28, 2004
 CHARMM>    !
 CHARMM>     
  
 CHARMM>    !test "append"
 CHARMM>    set nat ?NATC
 RDCMND substituted energy or value "?NATC" to "592"
 Parameter: NAT <- "592"
  
 CHARMM>    set app
 Parameter: APP <- "" <empty>
  
 CHARMM>    !We're exploiting what is arguably a bug in the parser. On the left hand side,
 CHARMM>    !the quotes have priority, so NAT is correctly substituted. On the right hand
 CHARMM>    !side, the ? has priority and NATC" (sic) is not a valid substitution...
 CHARMM>    if "@NAT" ne "?NATC" if @nat ne 0 set app append
 Parameter: NAT -> "592"
 Parameter: NAT -> "592"
 RDCMND: can not substitute energy "?NATC""
 Comparing ""592"" and ""?NATC"".
 IF test evaluated as true.  Performing command
 Comparing "592" and "0".
 IF test evaluated as true.  Performing command
 Parameter: APP <- "APPEND"
  
 CHARMM>     
  
 CHARMM>    if chol_model eq 1 then
 Comparing "1" and "1".
 IF test evaluated as true.  Performing command
  
 CHARMM>     
  
 CHARMM>    ! reference
 CHARMM>    ! Lim, J.B., Rogaski, B. and Klauda, J.B.. "Update of the Cholesterol Force Field
 CHARMM>    ! Parameters in CHARMM" 116: 203-210 (2012).
 CHARMM>    !
 CHARMM>     
  
 CHARMM>    read rtf card @app
 Parameter: APP -> "APPEND"
 MAINIO> Residue topology file being read from unit  98.
 RDTITL> * TOPOLOGY FOR CHOLESTEROL
 RDTITL> *
  
 CHARMM>     
  
 CHARMM>    read param card flex @app
 Parameter: APP -> "APPEND"

          PARAMETER FILE BEING READ FROM UNIT 98
 RDTITL> * CHOLESTEROL PARAMETERS
 RDTITL> *
 PARRDR> Error: Repeated BOND parameter (  1169): CG30  CG30 is replaced
 PARRDR> Error: Repeated BOND parameter (  1180): CG30  CG3C is replaced
 PARRDR> Error: Repeated ANGLE parameter (  3766): CG30  CG30  CG32 is replaced
 PARRDR> Error: Repeated ANGLE parameter (  3767): CG30  CG30  CG33 is replaced
 PARRDR> Error: Repeated ANGLE parameter (  4079): CG30  CG31  CG30 is replaced
 PARRDR> Error: Repeated ANGLE parameter (  5634): CG30  CG3C  CG3C is replaced
 PARRDR> Error: Repeated ANGLE parameter (  5637): CG30  CG3C  HGA1 is replaced
 PARRDR> Error: Repeated ANGLE parameter (  6204): CG33  CG3R  CG3C is replaced
 PARRDR> Error: Repeated ANGLE parameter (  3829): CG33  CG30  CG3C is replaced
 PARRDR> Error: Repeated DIHE parameter ( 18175): CG32  CG30  CG30  CG32 is replaced
 PARRDR> Error: Repeated DIHE parameter ( 18178): CG33  CG30  CG30  CG33 is replaced
 PARRDR> Error: Repeated DIHE parameter ( 18221): CG32  CG30  CG31  CG30 is replaced
 PARRDR> Error: Repeated DIHE parameter ( 18246): CG33  CG30  CG31  CG30 is replaced
 PARRDR> Error: Repeated DIHE parameter ( 18404): CG30  CG30  CG32  CG32 is replaced
 PARRDR> Error: Repeated DIHE parameter ( 18405): CG30  CG30  CG32  HGA2 is replaced
 PARRDR> Error: Repeated DIHE parameter ( 18659): CG30  CG30  CG33  HGA3 is replaced
 PARRDR> Error: Repeated DIHE parameter ( 18668): CG3C  CG30  CG33  HGA3 is replaced
 PARRDR> Error: Repeated DIHE parameter ( 18716): CG33  CG30  CG3C  CG3C is replaced
 PARRDR> Error: Repeated DIHE parameter ( 18717): CG33  CG30  CG3C  CG3C is replaced
 PARRDR> Error: Repeated DIHE parameter ( 18718): CG33  CG30  CG3C  CG3C is replaced
 PARRDR> Error: Repeated DIHE parameter ( 18716): CG33  CG30  CG3C  CG3C is replaced
 PARRDR> Error: Repeated DIHE parameter ( 18717): CG33  CG30  CG3C  CG3C is replaced
 PARRDR> Error: Repeated DIHE parameter ( 18718): CG33  CG30  CG3C  CG3C is replaced
 PARRDR> Error: Repeated DIHE parameter ( 18716): CG33  CG30  CG3C  CG3C is replaced
 PARRDR> Error: Repeated DIHE parameter ( 18717): CG33  CG30  CG3C  CG3C is replaced
 PARRDR> Error: Repeated DIHE parameter ( 18718): CG33  CG30  CG3C  CG3C is replaced
 PARRDR> Error: Repeated DIHE parameter ( 18721): CG33  CG30  CG3C  HGA1 is replaced
 PARRDR> Error: Repeated DIHE parameter ( 36241): OG31  CG30  CG3C  CG3C is replaced
 PARRDR> Error: Repeated DIHE parameter ( 36242): OG31  CG30  CG3C  CG3R is replaced
 PARRDR> Error: Repeated DIHE parameter ( 36243): OG31  CG30  CG3C  HGA1 is replaced
 PARRDR> Error: Repeated DIHE parameter ( 36241): OG31  CG30  CG3C  CG3C is replaced
 PARRDR> Error: Repeated DIHE parameter ( 36242): OG31  CG30  CG3C  CG3R is replaced
 PARRDR> Error: Repeated DIHE parameter ( 36243): OG31  CG30  CG3C  HGA1 is replaced
 PARRDR> Error: Repeated DIHE parameter ( 22611): CG30  CG32  CG32  CG3R is replaced
 PARRDR> Error: Repeated DIHE parameter ( 25714): HGA3  CG33  CG3R  CG3C is replaced
 PARRDR> Error: Repeated DIHE parameter ( 27940): CG30  CG3C  CG3C  CG3C is replaced
 PARRDR> Error: Repeated DIHE parameter ( 27941): CG30  CG3C  CG3C  HGA2 is replaced
 PARRDR> Error: Repeated DIHE parameter ( 29312): CG3C  CG3C  CG3R  CG33 is replaced
 PARRDR> Error: Repeated DIHE parameter ( 29450): HGA2  CG3C  CG3R  CG33 is replaced
 PARMIO> NONBOND, HBOND lists and IMAGE atoms cleared.
  
 CHARMM>     
  
 CHARMM>    return
 VCLOSE: Closing unit   98 with status "KEEP"

                    RETURNING TO INPUT STREAM    99
  
 CHARMM>    stream toppar/toppar_all36_lipid_dag.str
 VOPEN> Attempting to open::toppar/toppar_all36_lipid_dag.str::
 OPNLGU> Unit 98 opened for READONLY access to toppar/toppar_all36_lipid_dag.str

                    INPUT STREAM SWITCHING TO UNIT    98
 RDTITL> READ RTF CARD APPEND
 RDTITL> No title read.
 Parameter: IN1 <- "" <empty>
  
 CHARMM>    read rtf card append
 MAINIO> Residue topology file being read from unit  98.
 RDTITL> * TOPOLOGY FOR LIPIDA FROM DAG
 RDTITL> *
  
 VCLOSE: Closing unit   98 with status "KEEP"

                    RETURNING TO INPUT STREAM    99
  
 CHARMM>    stream toppar/toppar_all36_lipid_inositol.str
 VOPEN> Attempting to open::toppar/toppar_all36_lipid_inositol.str::
 OPNLGU> Unit 98 opened for READONLY access to toppar/toppar_all36_lipid_inositol.str

                    INPUT STREAM SWITCHING TO UNIT    98
 RDTITL> READ RTF CARD APPEND
 RDTITL> No title read.
 Parameter: IN1 <- "" <empty>
  
 CHARMM>    read rtf card append
 MAINIO> Residue topology file being read from unit  98.
 RDTITL> * TOPOLOGY FOR INOSITOL-BASED LIPIDS
 RDTITL> *
  
 CHARMM>     
  
 CHARMM>    RETURN
 VCLOSE: Closing unit   98 with status "KEEP"

                    RETURNING TO INPUT STREAM    99
  
 CHARMM>    stream toppar/toppar_all36_lipid_lnp.str
 VOPEN> Attempting to open::toppar/toppar_all36_lipid_lnp.str::
 OPNLGU> Unit 98 opened for READONLY access to toppar/toppar_all36_lipid_lnp.str

                    INPUT STREAM SWITCHING TO UNIT    98
 RDTITL> READ RTF CARD APPEND
 RDTITL> No title read.
 Parameter: IN1 <- "" <empty>
  
 CHARMM>    read rtf card append
 MAINIO> Residue topology file being read from unit  98.
 RDTITL> * LNP
 RDTITL> *

      ***** LEVEL  1 WARNING FROM <DECODF> *****
      ***** Zero length string
      ******************************************
      BOMLEV (  0) IS NOT REACHED. WRNLEV IS  5

 WARNING from DECODF -- Zero length string being converted to 0.
 **** WARNING from RTFRDR **** The total charge of the residue, DAGP,  -0.0100000,
 does not equal the expected charge,   0.0000000.

      ***** LEVEL  1 WARNING FROM <DECODF> *****
      ***** Zero length string
      ******************************************
      BOMLEV (  0) IS NOT REACHED. WRNLEV IS  5

 WARNING from DECODF -- Zero length string being converted to 0.
          PRES DPEPEG
 **** WARNING from RTFRDR **** The total charge of the residue, DPEP,  -0.0100000,
 does not equal the expected charge,   0.0000000.
 There were   2 warning(s) from RTFRDR.
  
 CHARMM>     
  
 CHARMM>    read param card flex append

          PARAMETER FILE BEING READ FROM UNIT 98
 RDTITL> * LNP
 RDTITL> *
 PARRDR> Error: Repeated BOND parameter (  1479): CG3C  OG3C is replaced
 PARRDR> Error: Repeated BOND parameter (  1346): CG32  CG3C is replaced
 PARRDR> Error: Repeated ANGLE parameter (  4188): CG32  CG31  OG30 is replaced
 PARRDR> Error: Repeated ANGLE parameter (  5033): CG3C  CG32  HGA2 is replaced
 PARRDR> Error: Repeated ANGLE parameter (  5665): CG32  CG3C  HGA1 is replaced
 PARRDR> Error: Repeated ANGLE parameter (  5663): CG32  CG3C  CG3C is replaced
 PARRDR> Error: Repeated ANGLE parameter (  5528): OG3C  CG3C  OG3C is replaced
 PARRDR> Error: Repeated ANGLE parameter (  7610): CG3C  OG3C  CG3C is replaced
 PARRDR> Error: Repeated ANGLE parameter (  7611): CG3C  OG3C  CG3C is replaced
 PARRDR> Error: Repeated ANGLE parameter (  4742): CG32  CG32  CG3C is replaced
 PARRDR> Error: Repeated DIHE parameter ( 20079): OG30  CG31  CG32  NG30 is replaced
 PARRDR> Error: Repeated DIHE parameter ( 20080): OG30  CG31  CG32  NG30 is replaced
 PARRDR> Error: Repeated DIHE parameter ( 19874): CG32  CG31  CG32  NG30 is replaced
 PARRDR> Error: Repeated DIHE parameter ( 19906): CG32  CG31  CG32  OG30 is replaced
 PARRDR> Error: Repeated DIHE parameter ( 19907): CG32  CG31  CG32  OG30 is replaced
 PARRDR> Error: Repeated DIHE parameter ( 20381): HGA2  CG32  CG31  OG30 is replaced
 PARRDR> Error: Repeated DIHE parameter ( 27974): CG32  CG3C  CG3C  HGA2 is replaced
 PARRDR> Error: Repeated DIHE parameter ( 25258): HGA2  CG32  CG3C  HGA1 is replaced
 PARRDR> Error: Repeated DIHE parameter ( 25256): HGA2  CG32  CG3C  CG3C is replaced
 PARRDR> Error: Repeated DIHE parameter ( 23336): CG32  CG32  CG3C  HGA1 is replaced
 PARRDR> Error: Repeated DIHE parameter ( 23335): CG32  CG32  CG3C  CG3C is replaced
 PARRDR> Error: Repeated DIHE parameter ( 22787): CG3C  CG32  CG32  HGA2 is replaced
 PARRDR> Error: Repeated DIHE parameter ( 27968): CG32  CG3C  CG3C  OG3C is replaced
 PARRDR> Error: Repeated DIHE parameter ( 27969): CG32  CG3C  CG3C  OG3C is replaced
 PARRDR> Error: Repeated DIHE parameter ( 28163): OG3C  CG3C  CG3C  OG3C is replaced
 PARRDR> Error: Repeated DIHE parameter ( 27635): OG3C  CG3C  OG3C  CG3C is replaced
 PARRDR> Error: Repeated DIHE parameter ( 27636): OG3C  CG3C  OG3C  CG3C is replaced
 PARRDR> Error: Repeated DIHE parameter ( 27637): OG3C  CG3C  OG3C  CG3C is replaced
 PARRDR> Error: Repeated DIHE parameter ( 27638): OG3C  CG3C  OG3C  CG3C is replaced
 PARRDR> Error: Repeated DIHE parameter ( 28943): HGA1  CG3C  OG3C  CG3C is replaced
 PARRDR> Error: Repeated DIHE parameter ( 28905): CG3C  CG3C  OG3C  CG3C is replaced
 PARRDR> Error: Repeated DIHE parameter ( 29810): HGA2  CG3C  OG3C  CG3C is replaced
 PARMIO> NONBOND, HBOND lists and IMAGE atoms cleared.
  
 CHARMM>     
  
 CHARMM>    RETURN
 VCLOSE: Closing unit   98 with status "KEEP"

                    RETURNING TO INPUT STREAM    99
  
 CHARMM>    stream toppar/toppar_all36_lipid_lps.str
 VOPEN> Attempting to open::toppar/toppar_all36_lipid_lps.str::
 OPNLGU> Unit 98 opened for READONLY access to toppar/toppar_all36_lipid_lps.str

                    INPUT STREAM SWITCHING TO UNIT    98
 RDTITL> READ RTF CARD APPEND
 RDTITL> No title read.
 Parameter: IN1 <- "" <empty>
  
 CHARMM>    read rtf card append
 MAINIO> Residue topology file being read from unit  98.
 RDTITL> * TOPOLOGY FOR LIPIDA FROM LPS
 RDTITL> *
 WARNING from DECODI -- Zero length string being converted to 0
 RTFRDR> WARNING: Version number is NOT specified.
  
 CHARMM>     
  
 CHARMM>     
  
 CHARMM>    read param card append flex

          PARAMETER FILE BEING READ FROM UNIT 98
 RDTITL> *    NEW PARAMETES
 RDTITL> *
 PARMIO> NONBOND, HBOND lists and IMAGE atoms cleared.
  
 CHARMM>     
  
 VCLOSE: Closing unit   98 with status "KEEP"

                    RETURNING TO INPUT STREAM    99
  
 CHARMM>    stream toppar/toppar_all36_lipid_mycobacterial.str
 VOPEN> Attempting to open::toppar/toppar_all36_lipid_mycobacterial.str::
 OPNLGU> Unit 98 opened for READONLY access to toppar/toppar_all36_lipid_mycobacterial.str

                    INPUT STREAM SWITCHING TO UNIT    98
 RDTITL> * TOPPAR STREAM FILE FOR BRANCHED AND CYCLIC CHAINED LIPIDS.  FOLLOWING READING OF
 RDTITL> * TOP_ALL36_LIPID.RTF, PAR_ALL36_LIPID.PRM
 RDTITL> * AND
 RDTITL> * TOPPAR_ALL36_LIPID_BACTERIAL.STR
 RDTITL> *
 Parameter: IN1 <- "" <empty>
  
 CHARMM>     
  
 CHARMM>    read rtf card append
 MAINIO> Residue topology file being read from unit  98.
 RDTITL> * CHOLESTEROL RESIDUES
 RDTITL> *
  
 CHARMM>     
  
 CHARMM>    read para card flex @app
 Parameter: APP -> "APPEND"

          PARAMETER FILE BEING READ FROM UNIT 98
 RDTITL> * NEW PARAMETERS
 RDTITL> *
 PARRDR> Error: Repeated ANGLE parameter (  9221): CEL1  CEL1  CTL1 is replaced
 PARRDR> Error: Repeated DIHE parameter ( 36465): CTL2  CG2O  CTL1  CTL3 is replaced
 PARRDR> Error: Repeated DIHE parameter ( 36466): CTL2  CG2O  CTL1  CTL3 is replaced
 PARRDR> Error: Repeated DIHE parameter ( 36465): CTL2  CG2O  CTL1  CTL3 is replaced
 PARRDR> Error: Repeated DIHE parameter ( 36466): CTL2  CG2O  CTL1  CTL3 is replaced
 PARMIO> NONBOND, HBOND lists and IMAGE atoms cleared.
  
 CHARMM>     
  
 CHARMM>    RETURN
 VCLOSE: Closing unit   98 with status "KEEP"

                    RETURNING TO INPUT STREAM    99
  
 CHARMM>    stream toppar/toppar_all36_lipid_miscellaneous.str
 VOPEN> Attempting to open::toppar/toppar_all36_lipid_miscellaneous.str::
 OPNLGU> Unit 98 opened for READONLY access to toppar/toppar_all36_lipid_miscellaneous.str

                    INPUT STREAM SWITCHING TO UNIT    98
 RDTITL> READ RTF CARD APPEND FLEX
 RDTITL> No title read.
 Parameter: IN1 <- "" <empty>
  
 CHARMM>    read rtf card append flex
 MAINIO> Residue topology file being read from unit  98.
 RDTITL> * TOPOLOGY FOR MISCELLANEOUS LIPIDS
 RDTITL> *
  
 CHARMM>     
  
 CHARMM>    read param card flex append

          PARAMETER FILE BEING READ FROM UNIT 98
 RDTITL> * PARAMETER FOR ACYL PYROPHOSPHATE: ADDED 2019_7
 RDTITL> *
 PARMIO> NONBOND, HBOND lists and IMAGE atoms cleared.
  
 CHARMM>     
  
 CHARMM>    return
 VCLOSE: Closing unit   98 with status "KEEP"

                    RETURNING TO INPUT STREAM    99
  
 CHARMM>    stream toppar/toppar_all36_lipid_model.str
 VOPEN> Attempting to open::toppar/toppar_all36_lipid_model.str::
 OPNLGU> Unit 98 opened for READONLY access to toppar/toppar_all36_lipid_model.str

                    INPUT STREAM SWITCHING TO UNIT    98
 RDTITL> * CHARMM36 ALL-HYDROGEN LIPID FORCE FIELD TOPPAR STREAM FILE
 RDTITL> * COLLECTION OF RESIDUES AND PATCHES FOR MODEL COMPOUNDS USED
 RDTITL> * IN THE OPTIMIZATION THE LIPID FORCE FIELD.
 RDTITL> *
 Parameter: IN1 <- "" <empty>
  
 CHARMM>     
  
 CHARMM>    !Parent files that have to be read prior to streaming this file
 CHARMM>    !top_all36_lipid.rtf
 CHARMM>    !par_all36_lipid.prm
 CHARMM>     
  
 CHARMM>    !Testcase
 CHARMM>    !test_all36_lipid_model.inp
 CHARMM>     
  
 CHARMM>    read rtf card append
 MAINIO> Residue topology file being read from unit  98.
 RDTITL> * C36 LIPID MODEL COMPOUNDS
 RDTITL> *
*** WARNING **** residue MAS  already exists (old one deleted)

      ***** LEVEL  1 WARNING FROM <RTFRDR> *****
      ***** Residue already exists.
      ******************************************
      BOMLEV (  0) IS NOT REACHED. WRNLEV IS  5

          RESI MAS          0.00
*** WARNING **** residue ETAC already exists (old one deleted)

      ***** LEVEL  1 WARNING FROM <RTFRDR> *****
      ***** Residue already exists.
      ******************************************
      BOMLEV (  0) IS NOT REACHED. WRNLEV IS  5

          RESI ETAC         0.00
*** WARNING **** residue MPRO already exists (old one deleted)

      ***** LEVEL  1 WARNING FROM <RTFRDR> *****
      ***** Residue already exists.
      ******************************************
      BOMLEV (  0) IS NOT REACHED. WRNLEV IS  5

          RESI MPRO         0.00
*** WARNING **** residue MP_1 already exists (old one deleted)

      ***** LEVEL  1 WARNING FROM <RTFRDR> *****
      ***** Residue already exists.
      ******************************************
      BOMLEV (  0) IS NOT REACHED. WRNLEV IS  5

          RESI MP_1        -1.00
*** WARNING **** residue MP_2 already exists (old one deleted)

      ***** LEVEL  1 WARNING FROM <RTFRDR> *****
      ***** Residue already exists.
      ******************************************
      BOMLEV (  0) IS NOT REACHED. WRNLEV IS  5

          RESI MP_2        -2.00
*** WARNING **** residue MSO4 already exists (old one deleted)

      ***** LEVEL  1 WARNING FROM <RTFRDR> *****
      ***** Residue already exists.
      ******************************************
      BOMLEV (  0) IS NOT REACHED. WRNLEV IS  5

          RESI MSO4        -1.00
*** WARNING **** residue BUTA already exists (old one deleted)

      ***** LEVEL  1 WARNING FROM <RTFRDR> *****
      ***** Residue already exists.
      ******************************************
      BOMLEV (  0) IS NOT REACHED. WRNLEV IS  5

          RESI BUTA         0.00
*** WARNING **** residue PENT already exists (old one deleted)

      ***** LEVEL  1 WARNING FROM <RTFRDR> *****
      ***** Residue already exists.
      ******************************************
      BOMLEV (  0) IS NOT REACHED. WRNLEV IS  5

          RESI PENT         0.00
*** WARNING **** residue HEXA already exists (old one deleted)

      ***** LEVEL  1 WARNING FROM <RTFRDR> *****
      ***** Residue already exists.
      ******************************************
      BOMLEV (  0) IS NOT REACHED. WRNLEV IS  5

          RESI HEXA         0.00
*** WARNING **** residue ETHE already exists (old one deleted)

      ***** LEVEL  1 WARNING FROM <RTFRDR> *****
      ***** Residue already exists.
      ******************************************
      BOMLEV (  0) IS NOT REACHED. WRNLEV IS  5

          RESI ETHE       0.00
*** WARNING **** residue PRPE already exists (old one deleted)

      ***** LEVEL  1 WARNING FROM <RTFRDR> *****
      ***** Residue already exists.
      ******************************************
      BOMLEV (  0) IS NOT REACHED. WRNLEV IS  5

          RESI PRPE       0.00
*** WARNING **** residue BTE1 already exists (old one deleted)

      ***** LEVEL  1 WARNING FROM <RTFRDR> *****
      ***** Residue already exists.
      ******************************************
      BOMLEV (  0) IS NOT REACHED. WRNLEV IS  5

          RESI BTE1       0.00
*** WARNING **** residue BTE2 already exists (old one deleted)

      ***** LEVEL  1 WARNING FROM <RTFRDR> *****
      ***** Residue already exists.
      ******************************************
      BOMLEV (  0) IS NOT REACHED. WRNLEV IS  5

          RESI BTE2       0.00
*** WARNING **** residue DIPE already exists (old one deleted)

      ***** LEVEL  1 WARNING FROM <RTFRDR> *****
      ***** Residue already exists.
      ******************************************
      BOMLEV (  0) IS NOT REACHED. WRNLEV IS  5

          RESI DIPE       0.00
*** WARNING **** residue DIHE already exists (old one deleted)

      ***** LEVEL  1 WARNING FROM <RTFRDR> *****
      ***** Residue already exists.
      ******************************************
      BOMLEV (  0) IS NOT REACHED. WRNLEV IS  5

          RESI DIHE       0.00
*** WARNING **** residue NC4  already exists (old one deleted)

      ***** LEVEL  1 WARNING FROM <RTFRDR> *****
      ***** Residue already exists.
      ******************************************
      BOMLEV (  0) IS NOT REACHED. WRNLEV IS  5

          RESI NC4          1.00
*** WARNING **** residue NC5  already exists (old one deleted)

      ***** LEVEL  1 WARNING FROM <RTFRDR> *****
      ***** Residue already exists.
      ******************************************
      BOMLEV (  0) IS NOT REACHED. WRNLEV IS  5

          RESI NC5          1.00
*** WARNING **** residue CHOL already exists (old one deleted)

      ***** LEVEL  1 WARNING FROM <RTFRDR> *****
      ***** Residue already exists.
      ******************************************
      BOMLEV (  0) IS NOT REACHED. WRNLEV IS  5

          RESI CHOL         1.00
*** WARNING **** residue ACHO already exists (old one deleted)

      ***** LEVEL  1 WARNING FROM <RTFRDR> *****
      ***** Residue already exists.
      ******************************************
      BOMLEV (  0) IS NOT REACHED. WRNLEV IS  5

          RESI ACHO         1.00
*** WARNING **** residue PC   already exists (old one deleted)

      ***** LEVEL  1 WARNING FROM <RTFRDR> *****
      ***** Residue already exists.
      ******************************************
      BOMLEV (  0) IS NOT REACHED. WRNLEV IS  5

          RESI PC           0.00
*** WARNING **** residue GPC  already exists (old one deleted)

      ***** LEVEL  1 WARNING FROM <RTFRDR> *****
      ***** Residue already exists.
      ******************************************
      BOMLEV (  0) IS NOT REACHED. WRNLEV IS  5

          RESI GPC          0.00
*** WARNING **** residue TEA  already exists (old one deleted)

      ***** LEVEL  1 WARNING FROM <RTFRDR> *****
      ***** Residue already exists.
      ******************************************
      BOMLEV (  0) IS NOT REACHED. WRNLEV IS  5

          RESI TEA          1.00
*** WARNING **** residue ETAM already exists (old one deleted)

      ***** LEVEL  1 WARNING FROM <RTFRDR> *****
      ***** Residue already exists.
      ******************************************
      BOMLEV (  0) IS NOT REACHED. WRNLEV IS  5

          RESI ETAM       1.00
*** WARNING **** residue GLYC already exists (old one deleted)

      ***** LEVEL  1 WARNING FROM <RTFRDR> *****
      ***** Residue already exists.
      ******************************************
      BOMLEV (  0) IS NOT REACHED. WRNLEV IS  5

          RESI GLYC         0.00
*** WARNING **** residue MBUT already exists (old one deleted)

      ***** LEVEL  1 WARNING FROM <RTFRDR> *****
      ***** Residue already exists.
      ******************************************
      BOMLEV (  0) IS NOT REACHED. WRNLEV IS  5

          RESI MBUT         0.00
 There were  25 warning(s) from RTFRDR.
  
 CHARMM>     
  
 CHARMM>    return
 VCLOSE: Closing unit   98 with status "KEEP"

                    RETURNING TO INPUT STREAM    99
  
 CHARMM>    stream toppar/toppar_all36_lipid_prot.str
 VOPEN> Attempting to open::toppar/toppar_all36_lipid_prot.str::
 OPNLGU> Unit 98 opened for READONLY access to toppar/toppar_all36_lipid_prot.str

                    INPUT STREAM SWITCHING TO UNIT    98
 RDTITL> * TOPOLOGY AND PARAMETERS FOR LIPID TAIL LINKERS TO CYSTEINE AND GLYCINE,
 RDTITL> * FOR EXAMPLE, PALMITOYLATION, MARISTOYLATION, FERNASYLATION, GERANYLATION
 RDTITL> *
 Parameter: IN1 <- "" <empty>
  
 CHARMM>     
  
 CHARMM>    read rtf card append
 MAINIO> Residue topology file being read from unit  98.
 RDTITL> * LIPID-MODIFIED PROTEIN RESIDUES
 RDTITL> *
  
 CHARMM>     
  
 CHARMM>    read para card append flex

          PARAMETER FILE BEING READ FROM UNIT 98
 RDTITL> * CYSTEIN-PALMITATE PARAMETERS
 RDTITL> *
 PARMIO> NONBOND, HBOND lists and IMAGE atoms cleared.
  
 CHARMM>     
  
 CHARMM>    return
 VCLOSE: Closing unit   98 with status "KEEP"

                    RETURNING TO INPUT STREAM    99
  
 CHARMM>    stream toppar/toppar_all36_lipid_tag.str
 VOPEN> Attempting to open::toppar/toppar_all36_lipid_tag.str::
 OPNLGU> Unit 98 opened for READONLY access to toppar/toppar_all36_lipid_tag.str

                    INPUT STREAM SWITCHING TO UNIT    98
 RDTITL> READ RTF CARD APPEND
 RDTITL> No title read.
 Parameter: IN1 <- "" <empty>
  
 CHARMM>    read rtf card append
 MAINIO> Residue topology file being read from unit  98.
 RDTITL> * TOPOLOGY FOR TRIACYLGLYCEROLS [STEPHEN GEE FROM LEHIGH UNIVERSITY]
 RDTITL> *
  
 VCLOSE: Closing unit   98 with status "KEEP"

                    RETURNING TO INPUT STREAM    99
  
 CHARMM>    stream toppar/toppar_all36_lipid_yeast.str
 VOPEN> Attempting to open::toppar/toppar_all36_lipid_yeast.str::
 OPNLGU> Unit 98 opened for READONLY access to toppar/toppar_all36_lipid_yeast.str

                    INPUT STREAM SWITCHING TO UNIT    98
 RDTITL> * TOPPAR STREAM FILE FOR BRANCHED AND CYCLIC CHAINED LIPIDS.  FOLLOWING READING OF
 RDTITL> * TOP_ALL36_LIPID.RTF
 RDTITL> * AND
 RDTITL> * PAR_ALL36_LIPID.RTF
 RDTITL> *
 Parameter: IN1 <- "" <empty>
  
 CHARMM>     
  
 CHARMM>    set nat ?NATC
 RDCMND substituted energy or value "?NATC" to "592"
 Parameter: NAT <- "592"
  
 CHARMM>    set app
 Parameter: APP <- "" <empty>
  
 CHARMM>    !We're exploiting what is arguably a bug in the parser. On the left hand side,
 CHARMM>    !the quotes have proirity, so NAT is correctly substituted. On the right hand
 CHARMM>    !side, the ? has priority and NATC" (sic) is not a valid substitution...
 CHARMM>    if "@NAT" ne "?NATC" if @nat ne 0 set app append
 Parameter: NAT -> "592"
 Parameter: NAT -> "592"
 RDCMND: can not substitute energy "?NATC""
 Comparing ""592"" and ""?NATC"".
 IF test evaluated as true.  Performing command
 Comparing "592" and "0".
 IF test evaluated as true.  Performing command
 Parameter: APP <- "APPEND"
  
 CHARMM>     
  
 CHARMM>    read rtf card @app
 Parameter: APP -> "APPEND"
 MAINIO> Residue topology file being read from unit  98.
 RDTITL> * CHOLESTEROL RESIDUES
 RDTITL> *
  
 CHARMM>     
  
 CHARMM>    read para card flex @app
 Parameter: APP -> "APPEND"

          PARAMETER FILE BEING READ FROM UNIT 98
 RDTITL> * NEW PARAMETERS
 RDTITL> *
 PARMIO> NONBOND, HBOND lists and IMAGE atoms cleared.
  
 CHARMM>     
  
 CHARMM>    return
 VCLOSE: Closing unit   98 with status "KEEP"

                    RETURNING TO INPUT STREAM    99
  
 CHARMM>    stream toppar/toppar_all36_lipid_hmmm.str
 VOPEN> Attempting to open::toppar/toppar_all36_lipid_hmmm.str::
 OPNLGU> Unit 98 opened for READONLY access to toppar/toppar_all36_lipid_hmmm.str

                    INPUT STREAM SWITCHING TO UNIT    98
 RDTITL> READ RTF CARD APPEND FLEX
 RDTITL> No title read.
 Parameter: IN1 <- "" <empty>
  
 CHARMM>    read rtf card append flex
 MAINIO> Residue topology file being read from unit  98.
 RDTITL> * TOPOLOGY FOR TERMINAL PATCHES FOR HMMM TRUNCATED LIPIDS
 RDTITL> *

      ***** LEVEL  1 WARNING FROM <DECODF> *****
      ***** Zero length string
      ******************************************
      BOMLEV (  0) IS NOT REACHED. WRNLEV IS  5

 WARNING from DECODF -- Zero length string being converted to 0.

      ***** LEVEL  1 WARNING FROM <DECODF> *****
      ***** Zero length string
      ******************************************
      BOMLEV (  0) IS NOT REACHED. WRNLEV IS  5

 WARNING from DECODF -- Zero length string being converted to 0.

      ***** LEVEL  1 WARNING FROM <DECODF> *****
      ***** Zero length string
      ******************************************
      BOMLEV (  0) IS NOT REACHED. WRNLEV IS  5

 WARNING from DECODF -- Zero length string being converted to 0.

      ***** LEVEL  1 WARNING FROM <DECODF> *****
      ***** Zero length string
      ******************************************
      BOMLEV (  0) IS NOT REACHED. WRNLEV IS  5

 WARNING from DECODF -- Zero length string being converted to 0.

      ***** LEVEL  1 WARNING FROM <DECODF> *****
      ***** Zero length string
      ******************************************
      BOMLEV (  0) IS NOT REACHED. WRNLEV IS  5

 WARNING from DECODF -- Zero length string being converted to 0.

      ***** LEVEL  1 WARNING FROM <DECODF> *****
      ***** Zero length string
      ******************************************
      BOMLEV (  0) IS NOT REACHED. WRNLEV IS  5

 WARNING from DECODF -- Zero length string being converted to 0.

      ***** LEVEL  1 WARNING FROM <DECODF> *****
      ***** Zero length string
      ******************************************
      BOMLEV (  0) IS NOT REACHED. WRNLEV IS  5

 WARNING from DECODF -- Zero length string being converted to 0.

      ***** LEVEL  1 WARNING FROM <DECODF> *****
      ***** Zero length string
      ******************************************
      BOMLEV (  0) IS NOT REACHED. WRNLEV IS  5

 WARNING from DECODF -- Zero length string being converted to 0.
  
 CHARMM>     
  
 CHARMM>    read para card flex @app
 Parameter: APP -> "APPEND"

          PARAMETER FILE BEING READ FROM UNIT 98
 RDTITL> * NEW PARAMETERS
 RDTITL> *
 PARMIO> NONBOND, HBOND lists and IMAGE atoms cleared.
  
 CHARMM>     
  
 CHARMM>    return
 VCLOSE: Closing unit   98 with status "KEEP"

                    RETURNING TO INPUT STREAM    99
  
 CHARMM>    stream toppar/toppar_all36_lipid_detergent.str
 VOPEN> Attempting to open::toppar/toppar_all36_lipid_detergent.str::
 OPNLGU> Unit 98 opened for READONLY access to toppar/toppar_all36_lipid_detergent.str

                    INPUT STREAM SWITCHING TO UNIT    98
 RDTITL> * TOPPAR STREAM FILE FOR DETERGENTS AND FATTY ACIDS.
 RDTITL> * STREAM FOLLOWING READING OF
 RDTITL> * TOP_ALL36_LIPID.RTF
 RDTITL> * AND
 RDTITL> * PAR_ALL36_LIPID.RTF
 RDTITL> *
 Parameter: IN1 <- "" <empty>
  
 CHARMM>     
  
 CHARMM>    !Additional residues added by Im lab, Aug. 2017
 CHARMM>     
  
 CHARMM>    !Fatty acids added Jan. 2016
 CHARMM>     
  
 CHARMM>    read rtf card append
 MAINIO> Residue topology file being read from unit  98.
 RDTITL> * DETERGENT AND FATTY ACID RESIDUES
 RDTITL> *
  
 CHARMM>     
  
 CHARMM>    read para card append flex

          PARAMETER FILE BEING READ FROM UNIT 98
 RDTITL> * SB3-12 AND SB3-14 PARAMETERS
 RDTITL> *
 PARMIO> NONBOND, HBOND lists and IMAGE atoms cleared.
  
 CHARMM>     
  
 CHARMM>    return
 VCLOSE: Closing unit   98 with status "KEEP"

                    RETURNING TO INPUT STREAM    99
  
 CHARMM>    stream toppar/toppar_all36_lipid_ether.str
 VOPEN> Attempting to open::toppar/toppar_all36_lipid_ether.str::
 OPNLGU> Unit 98 opened for READONLY access to toppar/toppar_all36_lipid_ether.str

                    INPUT STREAM SWITCHING TO UNIT    98
 RDTITL> * CHARMM36 ALL-HYDROGEN ETHER LIPID FORCE FIELD INCLUDING PLASMALOGENS ALISON
 RDTITL> * N. LEONARD (A. L.), 7/18 WITH RICHARD PASTOR AND JEFFERY KLAUDA, JPCB 122(26)
 RDTITL> * PP. 6744 - 6754.  ANA WEST, 1/20 WITH VALERIA ZONI, WALTER TEAGUE JR., ALISON
 RDTITL> * LEONARD, STEFANO VANNI, KLAUS GAWRISCH, STEPHANIE TRISTAM-NAGLE, JONATHAN
 RDTITL> * SACHS, AND JEFFERY KLAUDA, JPCB 124(5) PP. 828 - 839.
 RDTITL> *
 Parameter: IN1 <- "" <empty>
  
 CHARMM>     
  
 CHARMM>    !Parent files that have to be read prior to streaming this file
 CHARMM>    !top_all36_lipid.rtf
 CHARMM>    !par_all36_lipid.prm
 CHARMM>    !top_all36_cgenff.rtf
 CHARMM>    !par_all36_cgenff.prm
 CHARMM>     
  
 CHARMM>    read rtf card append
 MAINIO> Residue topology file being read from unit  98.
 RDTITL> * C36 ETHER MODEL COMPOUNDS
 RDTITL> *

      ***** LEVEL  1 WARNING FROM <DECODF> *****
      ***** Zero length string
      ******************************************
      BOMLEV (  0) IS NOT REACHED. WRNLEV IS  5

 WARNING from DECODF -- Zero length string being converted to 0.

      ***** LEVEL  1 WARNING FROM <DECODF> *****
      ***** Zero length string
      ******************************************
      BOMLEV (  0) IS NOT REACHED. WRNLEV IS  5

 WARNING from DECODF -- Zero length string being converted to 0.

      ***** LEVEL  1 WARNING FROM <DECODF> *****
      ***** Zero length string
      ******************************************
      BOMLEV (  0) IS NOT REACHED. WRNLEV IS  5

 WARNING from DECODF -- Zero length string being converted to 0.
  
 CHARMM>     
  
 CHARMM>    read para card flex append

          PARAMETER FILE BEING READ FROM UNIT 98
 RDTITL> * PARAMETERS
 RDTITL> *
 PARRDR> Error: Repeated ANGLE parameter (  7501): CG32  OG30  CG31 is replaced
 PARRDR> Error: Repeated ANGLE parameter (  1342): CG31  CG2D  CG33 is replaced
 PARMIO> NONBOND, HBOND lists and IMAGE atoms cleared.
  
 CHARMM>     
  
 CHARMM>    return
 VCLOSE: Closing unit   98 with status "KEEP"

                    RETURNING TO INPUT STREAM    99
  
 CHARMM>    stream toppar/toppar_all36_lipid_oxidized.str
 VOPEN> Attempting to open::toppar/toppar_all36_lipid_oxidized.str::
 OPNLGU> Unit 98 opened for READONLY access to toppar/toppar_all36_lipid_oxidized.str

                    INPUT STREAM SWITCHING TO UNIT    98
 RDTITL> READ RTF CARD APPEND
 RDTITL> No title read.
 Parameter: IN1 <- "" <empty>
  
 CHARMM>    read rtf card append
 MAINIO> Residue topology file being read from unit  98.
 RDTITL> * TOPOLOGY FOR OXIDIZED PHOSPHOLIPID
 RDTITL> *

      ***** LEVEL  1 WARNING FROM <rtfrdr> *****
      ***** No AUTOgen defaults specified in appended RTF. Potential conflict with prior RTF autogen options. Check.
      ******************************************
      BOMLEV (  0) IS NOT REACHED. WRNLEV IS  5

  
 CHARMM>     
  
 CHARMM>    read param card flex append

          PARAMETER FILE BEING READ FROM UNIT 98
 RDTITL> * ADDITIONAL PARAMETERS FOR OXIDIZED PHOSPHOLIPIDS
 RDTITL> *
 PARRDR> Error: Repeated DIHE parameter (  5771): CG2D  CG2D  CG2D  CG31 is replaced
 PARRDR> Error: Repeated DIHE parameter (  5772): CG2D  CG2D  CG2D  CG31 is replaced
 PARRDR> Error: Repeated DIHE parameter (  5771): CG2D  CG2D  CG2D  CG31 is replaced
 PARRDR> Error: Repeated DIHE parameter (  5772): CG2D  CG2D  CG2D  CG31 is replaced
 PARRDR> Error: Repeated DIHE parameter (  6202): CG2D  CG2D  CG31  CG32 is replaced
 PARRDR> Error: Repeated DIHE parameter (  6203): CG2D  CG2D  CG31  CG32 is replaced
 PARRDR> Error: Repeated DIHE parameter (  6202): CG2D  CG2D  CG31  CG32 is replaced
 PARRDR> Error: Repeated DIHE parameter (  6203): CG2D  CG2D  CG31  CG32 is replaced
 PARRDR> Error: Repeated DIHE parameter (  6221): CG2D  CG2D  CG31  HGA1 is replaced
 PARRDR> Error: Repeated DIHE parameter ( 19677): CG2D  CG31  CG32  CG32 is replaced
 PARRDR> Error: Repeated DIHE parameter ( 19678): CG2D  CG31  CG32  CG32 is replaced
 PARRDR> Error: Repeated DIHE parameter ( 19679): CG2D  CG31  CG32  CG32 is replaced
 PARRDR> Error: Repeated DIHE parameter ( 19677): CG2D  CG31  CG32  CG32 is replaced
 PARRDR> Error: Repeated DIHE parameter ( 19678): CG2D  CG31  CG32  CG32 is replaced
 PARRDR> Error: Repeated DIHE parameter ( 19679): CG2D  CG31  CG32  CG32 is replaced
 PARRDR> Error: Repeated DIHE parameter ( 19677): CG2D  CG31  CG32  CG32 is replaced
 PARRDR> Error: Repeated DIHE parameter ( 19678): CG2D  CG31  CG32  CG32 is replaced
 PARRDR> Error: Repeated DIHE parameter ( 19679): CG2D  CG31  CG32  CG32 is replaced
 PARRDR> Error: Repeated DIHE parameter ( 19682): CG2D  CG31  CG32  HGA2 is replaced
 PARRDR> Error: Repeated DIHE parameter (  5835): CG31  CG2D  CG2D  HGA4 is replaced
 PARRDR> Error: Repeated DIHE parameter (  6247): HGA4  CG2D  CG31  CG32 is replaced
 PARRDR> Error: Repeated DIHE parameter (  6248): HGA4  CG2D  CG31  CG32 is replaced
 PARRDR> Error: Repeated DIHE parameter (  6262): HGA4  CG2D  CG31  HGA1 is replaced
 PARMIO> NONBOND, HBOND lists and IMAGE atoms cleared.
  
 CHARMM>     
  
 CHARMM>    RETURN
 VCLOSE: Closing unit   98 with status "KEEP"

                    RETURNING TO INPUT STREAM    99
  
 CHARMM>     
  
 CHARMM>    ! Additional topologies and parameters for carbohydrates
 CHARMM>    stream toppar/toppar_all36_carb_glycolipid.str
 VOPEN> Attempting to open::toppar/toppar_all36_carb_glycolipid.str::
 OPNLGU> Unit 98 opened for READONLY access to toppar/toppar_all36_carb_glycolipid.str

                    INPUT STREAM SWITCHING TO UNIT    98
 RDTITL> READ RTF CARD APPEND
 RDTITL> No title read.
 Parameter: IN1 <- "" <empty>
  
 CHARMM>    read rtf card append
 MAINIO> Residue topology file being read from unit  98.
 RDTITL> * TOPOLOGY FOR GLYCOLIPIDS
 RDTITL> *
  
 CHARMM>     
  
 CHARMM>    read param card flex append

          PARAMETER FILE BEING READ FROM UNIT 98
 RDTITL> * PIP RELATED PARAMETERS
 RDTITL> *
 PARRDR> Error: Repeated BOND parameter (  1099): CG2R  NG3N is replaced
 PARRDR> Error: Repeated ANGLE parameter (  3757): CG2R  CG30  CG32 is replaced
 PARRDR> Error: Repeated ANGLE parameter (  4665): CG30  CG32  CG30 is replaced
 PARRDR> Error: Repeated ANGLE parameter (  3430): NG2R  CG2R  NG3N is replaced
 PARRDR> Error: Repeated ANGLE parameter (  7348): CG2R  NG3N  NG3N is replaced
 PARRDR> Error: Repeated ANGLE parameter (  7349): CG2R  NG3N  HGP1 is replaced
 PARRDR> Error: Repeated DIHE parameter ( 22427): CG2D  CG32  CG32  CG31 is replaced
 PARRDR> Error: Repeated DIHE parameter ( 22428): CG2D  CG32  CG32  CG31 is replaced
 PARRDR> Error: Repeated DIHE parameter ( 22429): CG2D  CG32  CG32  CG31 is replaced
 PARRDR> Error: Repeated DIHE parameter ( 22427): CG2D  CG32  CG32  CG31 is replaced
 PARRDR> Error: Repeated DIHE parameter ( 22428): CG2D  CG32  CG32  CG31 is replaced
 PARRDR> Error: Repeated DIHE parameter ( 22429): CG2D  CG32  CG32  CG31 is replaced
 PARRDR> Error: Repeated DIHE parameter ( 22427): CG2D  CG32  CG32  CG31 is replaced
 PARRDR> Error: Repeated DIHE parameter ( 22428): CG2D  CG32  CG32  CG31 is replaced
 PARRDR> Error: Repeated DIHE parameter ( 22429): CG2D  CG32  CG32  CG31 is replaced
 PARRDR> Error: Repeated DIHE parameter ( 18419): CG2R  CG30  CG32  HGA2 is replaced
 PARRDR> Error: Repeated DIHE parameter ( 18411): CG2R  CG30  CG32  CG30 is replaced
 PARRDR> Error: Repeated DIHE parameter ( 18412): CG2R  CG30  CG32  CG30 is replaced
 PARRDR> Error: Repeated DIHE parameter ( 14412): CG2R  CG2R  CG30  CG32 is replaced
 PARRDR> Error: Repeated DIHE parameter ( 18471): CG33  CG30  CG32  CG30 is replaced
 PARRDR> Error: Repeated DIHE parameter ( 17027): NG2R  CG2R  NG3N  NG3N is replaced
 PARRDR> Error: Repeated DIHE parameter ( 17028): NG2R  CG2R  NG3N  NG3N is replaced
 PARRDR> Error: Repeated DIHE parameter ( 17029): NG2R  CG2R  NG3N  NG3N is replaced
 PARRDR> Error: Repeated DIHE parameter ( 17027): NG2R  CG2R  NG3N  NG3N is replaced
 PARRDR> Error: Repeated DIHE parameter ( 17028): NG2R  CG2R  NG3N  NG3N is replaced
 PARRDR> Error: Repeated DIHE parameter ( 17029): NG2R  CG2R  NG3N  NG3N is replaced
 PARRDR> Error: Repeated DIHE parameter ( 17030): NG2R  CG2R  NG3N  HGP1 is replaced
 PARRDR> Error: Repeated DIHE parameter ( 31669): CG2R  NG3N  NG3N  HGP1 is replaced
 PARRDR> Error: Repeated DIHE parameter ( 24062): CG32  CG32  NG30  CG2R is replaced
 PARRDR> Error: Repeated DIHE parameter ( 24063): CG32  CG32  NG30  CG2R is replaced
 PARRDR> Error: Repeated DIHE parameter ( 24062): CG32  CG32  NG30  CG2R is replaced
 PARRDR> Error: Repeated DIHE parameter ( 24063): CG32  CG32  NG30  CG2R is replaced
 PARRDR> Error: Repeated DIHE parameter ( 22848): NG31  CG32  CG32  NG31 is replaced
 PARRDR> Error: Repeated DIHE parameter ( 22849): NG31  CG32  CG32  NG31 is replaced
 PARMIO> NONBOND, HBOND lists and IMAGE atoms cleared.
  
 CHARMM>     
  
 CHARMM>    RETURN
 VCLOSE: Closing unit   98 with status "KEEP"

                    RETURNING TO INPUT STREAM    99
  
 CHARMM>    stream toppar/toppar_all36_carb_glycopeptide.str
 VOPEN> Attempting to open::toppar/toppar_all36_carb_glycopeptide.str::
 OPNLGU> Unit 98 opened for READONLY access to toppar/toppar_all36_carb_glycopeptide.str

                    INPUT STREAM SWITCHING TO UNIT    98
 RDTITL> READ RTF CARD APPEND
 RDTITL> No title read.
 Parameter: IN1 <- "" <empty>
  
 CHARMM>    read rtf card append
 MAINIO> Residue topology file being read from unit  98.
 RDTITL> * TOPOLOGY FOR GLYCOPEPTIDE LINKAGES
 RDTITL> *
  
 CHARMM>     
  
 CHARMM>    read param card flex append

          PARAMETER FILE BEING READ FROM UNIT 98
 RDTITL> *    NEW PARAMETES
 RDTITL> *
 PARMIO> NONBOND, HBOND lists and IMAGE atoms cleared.
  
 CHARMM>     
  
 CHARMM>     
  
 CHARMM>    RETURN
 VCLOSE: Closing unit   98 with status "KEEP"

                    RETURNING TO INPUT STREAM    99
  
 CHARMM>    stream toppar/toppar_all36_carb_imlab.str
 VOPEN> Attempting to open::toppar/toppar_all36_carb_imlab.str::
 OPNLGU> Unit 98 opened for READONLY access to toppar/toppar_all36_carb_imlab.str

                    INPUT STREAM SWITCHING TO UNIT    98
 RDTITL> READ RTF CARD APPEND
 RDTITL> No title read.
 Parameter: IN1 <- "" <empty>
  
 CHARMM>    read rtf card append
 MAINIO> Residue topology file being read from unit  98.
 RDTITL> * GLYCAN CHEMICAL MODIFICATION PATCHES
 RDTITL> *
  
 CHARMM>     
  
 CHARMM>    read param card flex append

          PARAMETER FILE BEING READ FROM UNIT 98
 RDTITL> * GLYCAN CHEMICAL MODIFICATION PATCHES
 RDTITL> *
 PARRDR> Error: Repeated DIHE parameter ( 13781): NG2S  CG2R  CG2R  NG2O is replaced
 PARMIO> NONBOND, HBOND lists and IMAGE atoms cleared.
  
 CHARMM>     
  
 CHARMM>    RETURN
 VCLOSE: Closing unit   98 with status "KEEP"

                    RETURNING TO INPUT STREAM    99
  
 CHARMM>     
  
 CHARMM>    ! Additional topologies and parameters for spin/fluorophore labels
 CHARMM>    stream toppar/toppar_all36_label_spin.str
 VOPEN> Attempting to open::toppar/toppar_all36_label_spin.str::
 OPNLGU> Unit 98 opened for READONLY access to toppar/toppar_all36_label_spin.str

                    INPUT STREAM SWITCHING TO UNIT    98
 RDTITL> *>>>>> TOPOLOGY FOR NITROXYDE SPIN LABELS <<<<<<<
 RDTITL> * SHAHIDUL M. ISLAM, UNIVERSITY OF CHICAGO
 RDTITL> *
 Parameter: IN1 <- "" <empty>
  
 CHARMM>     
  
 CHARMM>    ! please reference the following:
 CHARMM>    !Sezer, D., Freed J. H., and Roux, B. “Parametrization, Molecular Dynamics Simulation, and Calculation of Electron Spin
 CHARMM>    !Resonance Spectra of a Nitroxide Spin Label on a Polyalanine alpha-Helix” J. Phys. Chem. B 2008, 112, 5755-5767
 CHARMM>     
  
 CHARMM>    !Islam, S. M., and Roux, B. “Parameterization and molecular dynamics simulations of a
 CHARMM>    !conformationally constrained double linked spin label constrained by EPR/DEER data”
 CHARMM>    !(planed submission to J journal)
 CHARMM>     
  
 CHARMM>    !test "append" to determine if previous toppar files have been read and
 CHARMM>    !add append to "read rtf card" if true
 CHARMM>    set nat ?NATC
 RDCMND substituted energy or value "?NATC" to "592"
 Parameter: NAT <- "592"
  
 CHARMM>    set app
 Parameter: APP <- "" <empty>
  
 CHARMM>    !We're exploiting what is arguably a bug in the parser. On the left hand side,
 CHARMM>    !the quotes have proirity, so NAT is correctly substituted. On the right hand
 CHARMM>    !side, the ? has priority and NATC" (sic) is not a valid substitution...
 CHARMM>    if "@NAT" ne "?NATC" if @nat ne 0 set app append
 Parameter: NAT -> "592"
 Parameter: NAT -> "592"
 RDCMND: can not substitute energy "?NATC""
 Comparing ""592"" and ""?NATC"".
 IF test evaluated as true.  Performing command
 Comparing "592" and "0".
 IF test evaluated as true.  Performing command
 Parameter: APP <- "APPEND"
  
 CHARMM>     
  
 CHARMM>     
  
 CHARMM>    read rtf card @app
 Parameter: APP -> "APPEND"
 MAINIO> Residue topology file being read from unit  98.
 RDTITL> * TOPOLOGY FOR SPIN LABEL
 RDTITL> *
  
 CHARMM>     
  
 CHARMM>     
  
 CHARMM>    read para card flex @app
 Parameter: APP -> "APPEND"

          PARAMETER FILE BEING READ FROM UNIT 98
 RDTITL> * PARAMETERS FOR SPIN LABEL
 RDTITL> *
 PARRDR> Error: Repeated BOND parameter (  1467): CG3C  NG2R is replaced
 PARRDR> Error: Repeated BOND parameter (  1659): NG2S  NG2S is replaced
 PARRDR> Error: Repeated ANGLE parameter (  5457): CG33  CG3C  NG2R is replaced
 PARRDR> Error: Repeated ANGLE parameter (  5928): CG3R  CG3C  SG31 is replaced
 PARRDR> Error: Repeated ANGLE parameter (  6245): CG3C  CG3R  NG2R is replaced
 PARRDR> Error: Repeated ANGLE parameter (  7030): CG2O  NG2S  NG2S is replaced
 PARRDR> Error: Repeated ANGLE parameter (  7063): NG2S  NG2S  HGP1 is replaced
 PARRDR> Error: Repeated ANGLE parameter (  7808): CG3C  SG31  CG3C is replaced
 PARRDR> Error: Repeated DIHE parameter (  7841): OG2D  CG2O  NG2S  NG2S is replaced
 PARRDR> Error: Repeated DIHE parameter (  9612): CG2O  CG2R  CG2R  HGR5 is replaced
 PARRDR> Error: Repeated DIHE parameter ( 25682): HGA3  CG33  CG3C  NG2R is replaced
 PARRDR> Error: Repeated DIHE parameter ( 28997): HGA1  CG3C  SG31  CG3C is replaced
 PARRDR> Error: Repeated DIHE parameter ( 29450): SG31  CG3C  CG3R  CG3R is replaced
 PARRDR> Error: Repeated DIHE parameter ( 29451): SG31  CG3C  CG3R  CG3R is replaced
 PARRDR> Error: Repeated DIHE parameter ( 29453): SG31  CG3C  CG3R  HGA1 is replaced
 PARRDR> Error: Repeated DIHE parameter ( 29477): HGA2  CG3C  CG3R  NG2R is replaced
 PARRDR> Error: Repeated DIHE parameter ( 29867): HGA2  CG3C  SG31  CG3C is replaced
 PARRDR> Error: Repeated DIHE parameter ( 30630): CG3C  CG3R  NG2R  CG2R is replaced
 PARRDR> Error: Repeated DIHE parameter ( 30631): CG3C  CG3R  NG2R  CG2R is replaced
 PARRDR> Error: Repeated DIHE parameter ( 31420): CG2O  NG2S  NG2S  HGP1 is replaced
 PARRDR> Error: Repeated DIHE parameter ( 31422): HGP1  NG2S  NG2S  HGP1 is replaced
 PARRDR> Error: Repeated DIHE parameter ( 31423): HGP1  NG2S  NG2S  HGP1 is replaced
 PARRDR> Error: Repeated DIHE parameter ( 31424): HGP1  NG2S  NG2S  HGP1 is replaced
 PARMIO> NONBOND, HBOND lists and IMAGE atoms cleared.
  
 CHARMM>     
  
 CHARMM>    return
 VCLOSE: Closing unit   98 with status "KEEP"

                    RETURNING TO INPUT STREAM    99
  
 CHARMM>    stream toppar/toppar_all36_label_fluorophore.str
 VOPEN> Attempting to open::toppar/toppar_all36_label_fluorophore.str::
 OPNLGU> Unit 98 opened for READONLY access to toppar/toppar_all36_label_fluorophore.str

                    INPUT STREAM SWITCHING TO UNIT    98
 RDTITL> READ RTF CARD APPEND
 RDTITL> No title read.
 Parameter: IN1 <- "" <empty>
  
 CHARMM>    read rtf card append
 MAINIO> Residue topology file being read from unit  98.
 RDTITL> * TOPOLOGY FILES
 RDTITL> *
  
 CHARMM>     
  
 CHARMM>    read param card flex append

          PARAMETER FILE BEING READ FROM UNIT 98
 RDTITL> * MINI FORCE FIELD PARAMETER FILE.
 RDTITL> *
 PARRDR> Error: Repeated BOND parameter (   462): CG25  NG3C is replaced
 PARRDR> Error: Repeated BOND parameter (   872): CG2R  CG3C is replaced
 PARRDR> Error: Repeated ANGLE parameter (  5367): CG2R  CG3C  CG33 is replaced
 PARRDR> Error: Repeated DIHE parameter ( 25685): HGA3  CG33  CG3C  CG2R is replaced
 PARMIO> NONBOND, HBOND lists and IMAGE atoms cleared.
  
 CHARMM>     
  
 VCLOSE: Closing unit   98 with status "KEEP"

                    RETURNING TO INPUT STREAM    99
  
 CHARMM>     
  
 CHARMM>     
  
 CHARMM>    ! Custom topology and parameter files for LIG
 CHARMM>    open read card unit 10 name lig/lig.rtf
 OPNLGU> Unit already open. The old file will be closed first.
 VCLOSE: Closing unit   10 with status "KEEP"
 VOPEN> Attempting to open::lig/lig.rtf::
 OPNLGU> Unit 10 opened for READONLY access to lig/lig.rtf
  
 CHARMM>    read  rtf card unit 10 append
 MAINIO> Residue topology file being read from unit  10.
 TITLE> * TOPOLOGIES GENERATED BY
 TITLE> * CHARMM GENERAL FORCE FIELD (CGENFF) PROGRAM VERSION 4.0
 TITLE> *

      ***** LEVEL  1 WARNING FROM <rtfrdr> *****
      ***** No AUTOgen defaults specified in appended RTF. Potential conflict with prior RTF autogen options. Check.
      ******************************************
      BOMLEV (  0) IS NOT REACHED. WRNLEV IS  5

  
 CHARMM>     
  
 CHARMM>    open read card unit 20 name lig/lig.prm
 OPNLGU> Unit already open. The old file will be closed first.
 VCLOSE: Closing unit   20 with status "KEEP"
 VOPEN> Attempting to open::lig/lig.prm::
 OPNLGU> Unit 20 opened for READONLY access to lig/lig.prm
  
 CHARMM>    read para flex card unit 20 append

          PARAMETER FILE BEING READ FROM UNIT 20
 TITLE> * PARAMETERS GENERATED BY ANALOGY BY
 TITLE> * CHARMM GENERAL FORCE FIELD (CGENFF) PROGRAM VERSION 4.0
 TITLE> *
 PARMIO> NONBOND, HBOND lists and IMAGE atoms cleared.
  
 CHARMM>     
  
 CHARMM>     
  
 VCLOSE: Closing unit   99 with status "KEEP"

                    RETURNING TO INPUT STREAM     5
  
 CHARMM>     
  
 CHARMM>    ! Read PSF and Coordinates
 CHARMM>    open read unit 10 card name step1_pdbreader.psf
 OPNLGU> Unit already open. The old file will be closed first.
 VCLOSE: Closing unit   10 with status "KEEP"
 VOPEN> Attempting to open::step1_pdbreader.psf::
 OPNLGU> Unit 10 opened for READONLY access to step1_pdbreader.psf
  
 CHARMM>    read psf  unit 10 card
 MAINIO> Protein structure file being read from unit  10.
 psf_read_formatted: Reading PSF in the expanded format.
 TITLE>  * GENERATED BY CHARMM-GUI (HTTP://WWW.CHARMM-GUI.ORG) V3.7 ON FEB, 08. 2026. JOB
 TITLE>  * READ PDB, MANIPULATE STRUCTURE IF NEEDED, AND GENERATE TOPOLOGY FILE
 TITLE>  *  DATE:     2/ 8/26      2: 5:24      CREATED BY USER: charmm-gui
 TITLE>  *
 PSFSUM> PSF modified: NONBOND lists and IMAGE atoms cleared.
 PSFSUM> Summary of the structure file counters :
         Number of segments      =        3   Number of residues   =      625
         Number of atoms         =    10106   Number of groups     =     3026
         Number of bonds         =    10225   Number of angles     =    18523
         Number of dihedrals     =    27159   Number of impropers  =     1705
         Number of cross-terms   =      620   Number of autogens   =        0
         Number of HB acceptors  =      903   Number of HB donors  =     1127
         Number of NB exclusions =        0   Total charge =   23.00000
  
 CHARMM>     
  
 CHARMM>    open read unit 10 card name step2_orient.crd
 OPNLGU> Unit already open. The old file will be closed first.
 VCLOSE: Closing unit   10 with status "KEEP"
 VOPEN> Attempting to open::step2_orient.crd::
 OPNLGU> Unit 10 opened for READONLY access to step2_orient.crd
  
 CHARMM>    read coor unit 10 card
          SPATIAL COORDINATES BEING READ FROM UNIT 10
 TITLE> * CALC TOPAREA = 1604.44647
 TITLE> * CALC BOTAREA = 1157.00138
 TITLE> * CALC XMAX = 23.6415402
 TITLE> * CALC XMIN = -41.3420264
 TITLE> * CALC YMAX = 35.5048847
 TITLE> * CALC YMIN = -29.3412352
 TITLE> * CALC ZMAX = 68.5819971
 TITLE> * CALC ZMIN = -27.6896041
 TITLE> *  DATE:     2/ 8/26      2: 6:36      CREATED BY USER: CHARMM-GUI
 TITLE> *
  
 CHARMM>     
  
 CHARMM>    define PROT sele all end
 SELRPN>  10106 atoms have been selected out of  10106
  
 CHARMM>     
  
 CHARMM>    ! Read the system information
 CHARMM>    stream step3_size.str
 VOPEN> Attempting to open::step3_size.str::
 OPNLGU> Unit 99 opened for READONLY access to step3_size.str

                    INPUT STREAM SWITCHING TO UNIT    99
 RDTITL> SET BOXTYPE  = RECT
 RDTITL> No title read.
 Parameter: IN1 <- "" <empty>
  
 CHARMM>     SET BOXTYPE  = RECT
 Parameter: BOXTYPE <- "RECT"
  
 CHARMM>     SET XTLTYPE  = TETRAGONAL
 Parameter: XTLTYPE <- "TETRAGONAL"
  
 CHARMM>     SET A        = 109.631309
 Parameter: A <- "109.631309"
  
 CHARMM>     SET B        = 109.631309
 Parameter: B <- "109.631309"
  
 CHARMM>     SET C        = 141.271601
 Parameter: C <- "141.271601"
  
 CHARMM>     SET ALPHA    = 90.0
 Parameter: ALPHA <- "90.0"
  
 CHARMM>     SET BETA     = 90.0
 Parameter: BETA <- "90.0"
  
 CHARMM>     SET GAMMA    = 90.0
 Parameter: GAMMA <- "90.0"
  
 CHARMM>     SET ZCEN     = 20.4461965
 Parameter: ZCEN <- "20.4461965"
  
 CHARMM>     SET NLIPTOP  = 178
 Parameter: NLIPTOP <- "178"
  
 CHARMM>     SET NLIPBOT  = 182
 Parameter: NLIPBOT <- "182"
  
 CHARMM>     SET WBOXZ    = 22.5
 Parameter: WBOXZ <- "22.5"
  
 CHARMM>     SET WATBOXZ  = 71.0819971
 Parameter: WATBOXZ <- "71.0819971"
  
 CHARMM>     SET NCHARGE  = 23
 Parameter: NCHARGE <- "23"
  
 VCLOSE: Closing unit   99 with status "KEEP"

                    RETURNING TO INPUT STREAM     5
  
 CHARMM>    stream step3_packing_pol.str
 VOPEN> Attempting to open::step3_packing_pol.str::
 OPNLGU> Unit 99 opened for READONLY access to step3_packing_pol.str

                    INPUT STREAM SWITCHING TO UNIT    99
 RDTITL> * TOPOLOGY AND PARAMETERS FOR A BIG-SPHERE (POL)
 RDTITL> *
 Parameter: IN1 <- "" <empty>
  
 CHARMM>     
  
 CHARMM>    !if you rtf does not have the following mass, you have to add it
 CHARMM>    !MASS 250    POLO 30.97400   ! Fake lipid sphere
 CHARMM>     
  
 CHARMM>    read rtf card append
 MAINIO> Residue topology file being read from unit  99.
 RDTITL> * RTF FOR POL
 RDTITL> *

      ***** LEVEL  1 WARNING FROM <rtfrdr> *****
      ***** No AUTOgen defaults specified in appended RTF. Potential conflict with prior RTF autogen options. Check.
      ******************************************
      BOMLEV (  0) IS NOT REACHED. WRNLEV IS  5

  
 CHARMM>     
  
 CHARMM>    read para card append flex

          PARAMETER FILE BEING READ FROM UNIT 99
 RDTITL> * PARA FOR POL
 RDTITL> *
 PARMIO> NONBOND, HBOND lists and IMAGE atoms cleared.
  
 CHARMM>     
  
 VCLOSE: Closing unit   99 with status "KEEP"

                    RETURNING TO INPUT STREAM     5
  
 CHARMM>    stream step4_components.str
 VOPEN> Attempting to open::step4_components.str::
 OPNLGU> Unit 99 opened for READONLY access to step4_components.str

                    INPUT STREAM SWITCHING TO UNIT    99
 RDTITL> SET NWATER = 116
 RDTITL> No title read.
 Parameter: IN1 <- "" <empty>
  
 CHARMM>     SET NWATER = 116
 Parameter: NWATER <- "116"
  
 VCLOSE: Closing unit   99 with status "KEEP"

                    RETURNING TO INPUT STREAM     5
  
 CHARMM>    stream step4_lipid_rings.str
 VOPEN> Attempting to open::step4_lipid_rings.str::
 OPNLGU> Unit 99 opened for READONLY access to step4_lipid_rings.str

                    INPUT STREAM SWITCHING TO UNIT    99
 RDTITL> * PLACE DUMMY ATOMS AT THE CENTER OF EACH RINGS
 RDTITL> *
 Parameter: IN1 <- "" <empty>
  
 CHARMM>     
  
 CHARMM>    set ncycles = 394
 Parameter: NCYCLES <- "394"
  
 CHARMM>     
  
 CHARMM>    read sequence POL @NCYCLES
 Parameter: NCYCLES -> "394"
  
 CHARMM>    generate DUM warn
 NO PATCHING WILL BE DONE ON THE FIRST RESIDUE
 NO PATCHING WILL BE DONE ON THE LAST  RESIDUE
 AUTGEN: Autogenerating specified angles and dihedrals.
 GENPSF> Segment   4 has been generated. Its identifier is DUM.
 PSFSUM> PSF modified: NONBOND lists and IMAGE atoms cleared.
 PSFSUM> Summary of the structure file counters :
         Number of segments      =        4   Number of residues   =     1019
         Number of atoms         =    10500   Number of groups     =     3420
         Number of bonds         =    10225   Number of angles     =    18523
         Number of dihedrals     =    27159   Number of impropers  =     1705
         Number of cross-terms   =      620   Number of autogens   =        0
         Number of HB acceptors  =      903   Number of HB donors  =     1127
         Number of NB exclusions =        0   Total charge =   23.00000
  
 CHARMM>     
  
 CHARMM>    coor set xdir   19.072 ydir  -40.574 zdir  -13.700 sele segid dum .and. resi 1 end
 SELRPN>      1 atoms have been selected out of  10500
 SELECTED COORDINATES SET IN THE MAIN SET.

  
 CHARMM>    coor set xdir   18.130 ydir  -40.512 zdir  -15.954 sele segid dum .and. resi 2 end
 SELRPN>      1 atoms have been selected out of  10500
 SELECTED COORDINATES SET IN THE MAIN SET.

  
 CHARMM>    coor set xdir   17.704 ydir  -40.237 zdir  -11.549 sele segid dum .and. resi 3 end
 SELRPN>      1 atoms have been selected out of  10500
 SELECTED COORDINATES SET IN THE MAIN SET.

  
 CHARMM>    coor set xdir   18.891 ydir  -39.942 zdir   -9.643 sele segid dum .and. resi 4 end
 SELRPN>      1 atoms have been selected out of  10500
 SELECTED COORDINATES SET IN THE MAIN SET.

  
 CHARMM>    coor set xdir   13.073 ydir   12.518 zdir  -22.159 sele segid dum .and. resi 5 end
 SELRPN>      1 atoms have been selected out of  10500
 SELECTED COORDINATES SET IN THE MAIN SET.

  
 CHARMM>    coor set xdir   14.211 ydir   14.764 zdir  -13.512 sele segid dum .and. resi 6 end
 SELRPN>      1 atoms have been selected out of  10500
 SELECTED COORDINATES SET IN THE MAIN SET.

  
 CHARMM>    coor set xdir    4.847 ydir   21.507 zdir  -12.912 sele segid dum .and. resi 7 end
 SELRPN>      1 atoms have been selected out of  10500
 SELECTED COORDINATES SET IN THE MAIN SET.

  
 CHARMM>    coor set xdir    2.530 ydir   17.403 zdir  -11.367 sele segid dum .and. resi 8 end
 SELRPN>      1 atoms have been selected out of  10500
 SELECTED COORDINATES SET IN THE MAIN SET.

  
 CHARMM>    coor set xdir    8.411 ydir   -5.367 zdir   18.982 sele segid dum .and. resi 9 end
 SELRPN>      1 atoms have been selected out of  10500
 SELECTED COORDINATES SET IN THE MAIN SET.

  
 CHARMM>    coor set xdir   12.078 ydir    4.071 zdir   -7.368 sele segid dum .and. resi 10 end
 SELRPN>      1 atoms have been selected out of  10500
 SELECTED COORDINATES SET IN THE MAIN SET.

  
 CHARMM>    coor set xdir   12.507 ydir    4.562 zdir  -17.091 sele segid dum .and. resi 11 end
 SELRPN>      1 atoms have been selected out of  10500
 SELECTED COORDINATES SET IN THE MAIN SET.

  
 CHARMM>    coor set xdir    8.972 ydir   -1.748 zdir  -18.494 sele segid dum .and. resi 12 end
 SELRPN>      1 atoms have been selected out of  10500
 SELECTED COORDINATES SET IN THE MAIN SET.

  
 CHARMM>    coor set xdir    9.306 ydir   -1.060 zdir  -16.486 sele segid dum .and. resi 13 end
 SELRPN>      1 atoms have been selected out of  10500
 SELECTED COORDINATES SET IN THE MAIN SET.

  
 CHARMM>    coor set xdir   14.692 ydir   -0.043 zdir  -18.108 sele segid dum .and. resi 14 end
 SELRPN>      1 atoms have been selected out of  10500
 SELECTED COORDINATES SET IN THE MAIN SET.

  
 CHARMM>    coor set xdir   13.906 ydir   -3.673 zdir  -15.155 sele segid dum .and. resi 15 end
 SELRPN>      1 atoms have been selected out of  10500
 SELECTED COORDINATES SET IN THE MAIN SET.

  
 CHARMM>    coor set xdir  -12.316 ydir   -6.358 zdir   18.823 sele segid dum .and. resi 16 end
 SELRPN>      1 atoms have been selected out of  10500
 SELECTED COORDINATES SET IN THE MAIN SET.

  
 CHARMM>    coor set xdir   -9.394 ydir   -5.568 zdir   28.216 sele segid dum .and. resi 17 end
 SELRPN>      1 atoms have been selected out of  10500
 SELECTED COORDINATES SET IN THE MAIN SET.

  
 CHARMM>    coor set xdir   -2.571 ydir   -5.253 zdir   24.005 sele segid dum .and. resi 18 end
 SELRPN>      1 atoms have been selected out of  10500
 SELECTED COORDINATES SET IN THE MAIN SET.

  
 CHARMM>    coor set xdir    3.438 ydir  -18.937 zdir   25.394 sele segid dum .and. resi 19 end
 SELRPN>      1 atoms have been selected out of  10500
 SELECTED COORDINATES SET IN THE MAIN SET.

  
 CHARMM>    coor set xdir    6.220 ydir   -8.636 zdir    6.176 sele segid dum .and. resi 20 end
 SELRPN>      1 atoms have been selected out of  10500
 SELECTED COORDINATES SET IN THE MAIN SET.

  
 CHARMM>    coor set xdir    6.712 ydir   -7.287 zdir    4.582 sele segid dum .and. resi 21 end
 SELRPN>      1 atoms have been selected out of  10500
 SELECTED COORDINATES SET IN THE MAIN SET.

  
 CHARMM>    coor set xdir    7.101 ydir  -15.096 zdir   -2.514 sele segid dum .and. resi 22 end
 SELRPN>      1 atoms have been selected out of  10500
 SELECTED COORDINATES SET IN THE MAIN SET.

  
 CHARMM>    coor set xdir    1.508 ydir  -15.513 zdir   -8.551 sele segid dum .and. resi 23 end
 SELRPN>      1 atoms have been selected out of  10500
 SELECTED COORDINATES SET IN THE MAIN SET.

  
 CHARMM>    coor set xdir    6.968 ydir  -18.091 zdir  -10.871 sele segid dum .and. resi 24 end
 SELRPN>      1 atoms have been selected out of  10500
 SELECTED COORDINATES SET IN THE MAIN SET.

  
 CHARMM>    coor set xdir   -7.886 ydir   -8.494 zdir  -16.729 sele segid dum .and. resi 25 end
 SELRPN>      1 atoms have been selected out of  10500
 SELECTED COORDINATES SET IN THE MAIN SET.

  
 CHARMM>    coor set xdir   -2.447 ydir  -10.276 zdir   -9.395 sele segid dum .and. resi 26 end
 SELRPN>      1 atoms have been selected out of  10500
 SELECTED COORDINATES SET IN THE MAIN SET.

  
 CHARMM>    coor set xdir   -5.786 ydir  -14.081 zdir   -6.137 sele segid dum .and. resi 27 end
 SELRPN>      1 atoms have been selected out of  10500
 SELECTED COORDINATES SET IN THE MAIN SET.

  
 CHARMM>    coor set xdir   -8.917 ydir   -1.869 zdir   -1.275 sele segid dum .and. resi 28 end
 SELRPN>      1 atoms have been selected out of  10500
 SELECTED COORDINATES SET IN THE MAIN SET.

  
 CHARMM>    coor set xdir  -13.106 ydir   -4.679 zdir   -3.375 sele segid dum .and. resi 29 end
 SELRPN>      1 atoms have been selected out of  10500
 SELECTED COORDINATES SET IN THE MAIN SET.

  
 CHARMM>    coor set xdir   -8.043 ydir   -7.241 zdir    3.471 sele segid dum .and. resi 30 end
 SELRPN>      1 atoms have been selected out of  10500
 SELECTED COORDINATES SET IN THE MAIN SET.

  
 CHARMM>    coor set xdir  -11.827 ydir   -0.113 zdir    3.122 sele segid dum .and. resi 31 end
 SELRPN>      1 atoms have been selected out of  10500
 SELECTED COORDINATES SET IN THE MAIN SET.

  
 CHARMM>    coor set xdir   -8.772 ydir    0.848 zdir   12.788 sele segid dum .and. resi 32 end
 SELRPN>      1 atoms have been selected out of  10500
 SELECTED COORDINATES SET IN THE MAIN SET.

  
 CHARMM>    coor set xdir  -16.631 ydir    6.180 zdir   17.210 sele segid dum .and. resi 33 end
 SELRPN>      1 atoms have been selected out of  10500
 SELECTED COORDINATES SET IN THE MAIN SET.

  
 CHARMM>    coor set xdir  -29.462 ydir   11.314 zdir   41.947 sele segid dum .and. resi 34 end
 SELRPN>      1 atoms have been selected out of  10500
 SELECTED COORDINATES SET IN THE MAIN SET.

  
 CHARMM>    coor set xdir  -24.816 ydir   11.949 zdir   56.376 sele segid dum .and. resi 35 end
 SELRPN>      1 atoms have been selected out of  10500
 SELECTED COORDINATES SET IN THE MAIN SET.

  
 CHARMM>    coor set xdir  -13.824 ydir   -0.417 zdir   62.293 sele segid dum .and. resi 36 end
 SELRPN>      1 atoms have been selected out of  10500
 SELECTED COORDINATES SET IN THE MAIN SET.

  
 CHARMM>    coor set xdir  -31.961 ydir    3.347 zdir   51.039 sele segid dum .and. resi 37 end
 SELRPN>      1 atoms have been selected out of  10500
 SELECTED COORDINATES SET IN THE MAIN SET.

  
 CHARMM>    coor set xdir  -33.676 ydir   24.377 zdir   28.758 sele segid dum .and. resi 38 end
 SELRPN>      1 atoms have been selected out of  10500
 SELECTED COORDINATES SET IN THE MAIN SET.

  
 CHARMM>    coor set xdir  -33.516 ydir   21.107 zdir   32.111 sele segid dum .and. resi 39 end
 SELRPN>      1 atoms have been selected out of  10500
 SELECTED COORDINATES SET IN THE MAIN SET.

  
 CHARMM>    coor set xdir  -32.158 ydir   16.682 zdir   33.716 sele segid dum .and. resi 40 end
 SELRPN>      1 atoms have been selected out of  10500
 SELECTED COORDINATES SET IN THE MAIN SET.

  
 CHARMM>    coor set xdir  -31.909 ydir   15.912 zdir   43.378 sele segid dum .and. resi 41 end
 SELRPN>      1 atoms have been selected out of  10500
 SELECTED COORDINATES SET IN THE MAIN SET.

  
 CHARMM>    coor set xdir  -25.884 ydir   15.596 zdir   39.826 sele segid dum .and. resi 42 end
 SELRPN>      1 atoms have been selected out of  10500
 SELECTED COORDINATES SET IN THE MAIN SET.

  
 CHARMM>    coor set xdir  -23.702 ydir   17.237 zdir   43.769 sele segid dum .and. resi 43 end
 SELRPN>      1 atoms have been selected out of  10500
 SELECTED COORDINATES SET IN THE MAIN SET.

  
 CHARMM>    coor set xdir  -23.920 ydir   18.454 zdir   34.128 sele segid dum .and. resi 44 end
 SELRPN>      1 atoms have been selected out of  10500
 SELECTED COORDINATES SET IN THE MAIN SET.

  
 CHARMM>    coor set xdir  -28.345 ydir   24.000 zdir   36.536 sele segid dum .and. resi 45 end
 SELRPN>      1 atoms have been selected out of  10500
 SELECTED COORDINATES SET IN THE MAIN SET.

  
 CHARMM>    coor set xdir  -20.864 ydir   25.514 zdir   35.110 sele segid dum .and. resi 46 end
 SELRPN>      1 atoms have been selected out of  10500
 SELECTED COORDINATES SET IN THE MAIN SET.

  
 CHARMM>    coor set xdir  -22.865 ydir   30.933 zdir   29.205 sele segid dum .and. resi 47 end
 SELRPN>      1 atoms have been selected out of  10500
 SELECTED COORDINATES SET IN THE MAIN SET.

  
 CHARMM>    coor set xdir  -34.753 ydir   26.823 zdir   23.145 sele segid dum .and. resi 48 end
 SELRPN>      1 atoms have been selected out of  10500
 SELECTED COORDINATES SET IN THE MAIN SET.

  
 CHARMM>    coor set xdir  -26.250 ydir   26.427 zdir   19.117 sele segid dum .and. resi 49 end
 SELRPN>      1 atoms have been selected out of  10500
 SELECTED COORDINATES SET IN THE MAIN SET.

  
 CHARMM>    coor set xdir  -14.966 ydir   11.285 zdir   18.900 sele segid dum .and. resi 50 end
 SELRPN>      1 atoms have been selected out of  10500
 SELECTED COORDINATES SET IN THE MAIN SET.

  
 CHARMM>    coor set xdir  -14.190 ydir   18.552 zdir   27.176 sele segid dum .and. resi 51 end
 SELRPN>      1 atoms have been selected out of  10500
 SELECTED COORDINATES SET IN THE MAIN SET.

  
 CHARMM>    coor set xdir  -15.062 ydir   23.088 zdir   48.343 sele segid dum .and. resi 52 end
 SELRPN>      1 atoms have been selected out of  10500
 SELECTED COORDINATES SET IN THE MAIN SET.

  
 CHARMM>    coor set xdir   -0.460 ydir   34.619 zdir   49.278 sele segid dum .and. resi 53 end
 SELRPN>      1 atoms have been selected out of  10500
 SELECTED COORDINATES SET IN THE MAIN SET.

  
 CHARMM>    coor set xdir   -6.380 ydir    1.400 zdir    3.665 sele segid dum .and. resi 54 end
 SELRPN>      1 atoms have been selected out of  10500
 SELECTED COORDINATES SET IN THE MAIN SET.

  
 CHARMM>    coor set xdir   -3.297 ydir    2.745 zdir   -0.580 sele segid dum .and. resi 55 end
 SELRPN>      1 atoms have been selected out of  10500
 SELECTED COORDINATES SET IN THE MAIN SET.

  
 CHARMM>    coor set xdir   -2.464 ydir    2.334 zdir   -2.511 sele segid dum .and. resi 56 end
 SELRPN>      1 atoms have been selected out of  10500
 SELECTED COORDINATES SET IN THE MAIN SET.

  
 CHARMM>    coor set xdir   -9.468 ydir    7.350 zdir   -4.139 sele segid dum .and. resi 57 end
 SELRPN>      1 atoms have been selected out of  10500
 SELECTED COORDINATES SET IN THE MAIN SET.

  
 CHARMM>    coor set xdir   -7.280 ydir   -0.677 zdir   -4.759 sele segid dum .and. resi 58 end
 SELRPN>      1 atoms have been selected out of  10500
 SELECTED COORDINATES SET IN THE MAIN SET.

  
 CHARMM>    coor set xdir   -8.710 ydir   11.072 zdir  -17.900 sele segid dum .and. resi 59 end
 SELRPN>      1 atoms have been selected out of  10500
 SELECTED COORDINATES SET IN THE MAIN SET.

  
 CHARMM>    coor set xdir   -4.427 ydir    9.230 zdir  -18.720 sele segid dum .and. resi 60 end
 SELRPN>      1 atoms have been selected out of  10500
 SELECTED COORDINATES SET IN THE MAIN SET.

  
 CHARMM>    coor set xdir   -6.079 ydir    4.178 zdir  -13.807 sele segid dum .and. resi 61 end
 SELRPN>      1 atoms have been selected out of  10500
 SELECTED COORDINATES SET IN THE MAIN SET.

  
 CHARMM>    coor set xdir   -8.295 ydir    9.863 zdir   -7.983 sele segid dum .and. resi 62 end
 SELRPN>      1 atoms have been selected out of  10500
 SELECTED COORDINATES SET IN THE MAIN SET.

  
 CHARMM>    coor set xdir    2.922 ydir    9.324 zdir   -8.668 sele segid dum .and. resi 63 end
 SELRPN>      1 atoms have been selected out of  10500
 SELECTED COORDINATES SET IN THE MAIN SET.

  
 CHARMM>    coor set xdir    4.738 ydir    8.679 zdir   -7.724 sele segid dum .and. resi 64 end
 SELRPN>      1 atoms have been selected out of  10500
 SELECTED COORDINATES SET IN THE MAIN SET.

  
 CHARMM>    coor set xdir    1.480 ydir    5.316 zdir   12.997 sele segid dum .and. resi 65 end
 SELRPN>      1 atoms have been selected out of  10500
 SELECTED COORDINATES SET IN THE MAIN SET.

  
 CHARMM>    coor set xdir   -3.597 ydir   12.537 zdir   15.910 sele segid dum .and. resi 66 end
 SELRPN>      1 atoms have been selected out of  10500
 SELECTED COORDINATES SET IN THE MAIN SET.

  
 CHARMM>    coor set xdir    6.063 ydir    5.366 zdir   17.323 sele segid dum .and. resi 67 end
 SELRPN>      1 atoms have been selected out of  10500
 SELECTED COORDINATES SET IN THE MAIN SET.

  
 CHARMM>    coor set xdir    9.417 ydir    9.514 zdir   14.970 sele segid dum .and. resi 68 end
 SELRPN>      1 atoms have been selected out of  10500
 SELECTED COORDINATES SET IN THE MAIN SET.

  
 CHARMM>    coor set xdir   17.389 ydir   18.062 zdir   19.496 sele segid dum .and. resi 69 end
 SELRPN>      1 atoms have been selected out of  10500
 SELECTED COORDINATES SET IN THE MAIN SET.

  
 CHARMM>    coor set xdir    5.130 ydir    7.865 zdir    9.126 sele segid dum .and. resi 70 end
 SELRPN>      1 atoms have been selected out of  10500
 SELECTED COORDINATES SET IN THE MAIN SET.

  
 CHARMM>    coor set xdir    2.995 ydir    4.193 zdir   -5.303 sele segid dum .and. resi 71 end
 SELRPN>      1 atoms have been selected out of  10500
 SELECTED COORDINATES SET IN THE MAIN SET.

  
 CHARMM>    coor set xdir  -17.368 ydir    4.175 zdir  -17.900 sele segid dum .and. resi 72 end
 SELRPN>      1 atoms have been selected out of  10500
 SELECTED COORDINATES SET IN THE MAIN SET.

  
 CHARMM>    coor set xdir  -16.847 ydir   -4.370 zdir  -13.124 sele segid dum .and. resi 73 end
 SELRPN>      1 atoms have been selected out of  10500
 SELECTED COORDINATES SET IN THE MAIN SET.

  
 CHARMM>    coor set xdir   -7.082 ydir   -0.393 zdir  -11.368 sele segid dum .and. resi 74 end
 SELRPN>      1 atoms have been selected out of  10500
 SELECTED COORDINATES SET IN THE MAIN SET.

  
 CHARMM>    coor set xdir   -4.655 ydir    2.140 zdir   -8.082 sele segid dum .and. resi 75 end
 SELRPN>      1 atoms have been selected out of  10500
 SELECTED COORDINATES SET IN THE MAIN SET.

  
 CHARMM>    coor set xdir  -17.626 ydir   17.000 zdir   21.851 sele segid dum .and. resi 76 end
 SELRPN>      1 atoms have been selected out of  10500
 SELECTED COORDINATES SET IN THE MAIN SET.

  
 CHARMM>    coor set xdir  -21.661 ydir   19.240 zdir   19.567 sele segid dum .and. resi 77 end
 SELRPN>      1 atoms have been selected out of  10500
 SELECTED COORDINATES SET IN THE MAIN SET.

  
 CHARMM>    coor set xdir  -28.118 ydir   21.394 zdir   32.092 sele segid dum .and. resi 78 end
 SELRPN>      1 atoms have been selected out of  10500
 SELECTED COORDINATES SET IN THE MAIN SET.

  
 CHARMM>    coor set xdir  -19.175 ydir   14.293 zdir   46.878 sele segid dum .and. resi 79 end
 SELRPN>      1 atoms have been selected out of  10500
 SELECTED COORDINATES SET IN THE MAIN SET.

  
 CHARMM>    coor set xdir  -20.366 ydir   17.750 zdir   47.448 sele segid dum .and. resi 80 end
 SELRPN>      1 atoms have been selected out of  10500
 SELECTED COORDINATES SET IN THE MAIN SET.

  
 CHARMM>    coor set xdir  -26.394 ydir    1.543 zdir   52.698 sele segid dum .and. resi 81 end
 SELRPN>      1 atoms have been selected out of  10500
 SELECTED COORDINATES SET IN THE MAIN SET.

  
 CHARMM>    coor set xdir  -19.495 ydir   -4.367 zdir   60.997 sele segid dum .and. resi 82 end
 SELRPN>      1 atoms have been selected out of  10500
 SELECTED COORDINATES SET IN THE MAIN SET.

  
 CHARMM>    coor set xdir  -27.969 ydir   16.704 zdir   45.899 sele segid dum .and. resi 83 end
 SELRPN>      1 atoms have been selected out of  10500
 SELECTED COORDINATES SET IN THE MAIN SET.

  
 CHARMM>    coor set xdir    0.614 ydir   -8.511 zdir    4.369 sele segid dum .and. resi 84 end
 SELRPN>      1 atoms have been selected out of  10500
 SELECTED COORDINATES SET IN THE MAIN SET.

  
 CHARMM>    coor set xdir    6.782 ydir   -0.974 zdir  -11.427 sele segid dum .and. resi 85 end
 SELRPN>      1 atoms have been selected out of  10500
 SELECTED COORDINATES SET IN THE MAIN SET.

  
 CHARMM>    coor set xdir   12.534 ydir    0.001 zdir  -10.697 sele segid dum .and. resi 86 end
 SELRPN>      1 atoms have been selected out of  10500
 SELECTED COORDINATES SET IN THE MAIN SET.

  
 CHARMM>    coor set xdir   13.903 ydir   -0.139 zdir  -12.345 sele segid dum .and. resi 87 end
 SELRPN>      1 atoms have been selected out of  10500
 SELECTED COORDINATES SET IN THE MAIN SET.

  
 CHARMM>    coor set xdir   13.791 ydir   12.490 zdir    7.946 sele segid dum .and. resi 88 end
 SELRPN>      1 atoms have been selected out of  10500
 SELECTED COORDINATES SET IN THE MAIN SET.

  
 CHARMM>    coor set xdir   14.268 ydir   19.600 zdir  -21.781 sele segid dum .and. resi 89 end
 SELRPN>      1 atoms have been selected out of  10500
 SELECTED COORDINATES SET IN THE MAIN SET.

  
 CHARMM>    coor set xdir   49.085 ydir  -39.690 zdir  -13.727 sele segid dum .and. resi 90 end
 SELRPN>      1 atoms have been selected out of  10500
 SELECTED COORDINATES SET IN THE MAIN SET.

  
 CHARMM>    coor set xdir   49.143 ydir  -40.107 zdir   -9.612 sele segid dum .and. resi 91 end
 SELRPN>      1 atoms have been selected out of  10500
 SELECTED COORDINATES SET IN THE MAIN SET.

  
 CHARMM>    coor set xdir   49.017 ydir  -38.681 zdir  -11.369 sele segid dum .and. resi 92 end
 SELRPN>      1 atoms have been selected out of  10500
 SELECTED COORDINATES SET IN THE MAIN SET.

  
 CHARMM>    coor set xdir   48.978 ydir  -38.297 zdir  -15.817 sele segid dum .and. resi 93 end
 SELRPN>      1 atoms have been selected out of  10500
 SELECTED COORDINATES SET IN THE MAIN SET.

  
 CHARMM>    coor set xdir   -9.831 ydir  -46.261 zdir  -13.878 sele segid dum .and. resi 94 end
 SELRPN>      1 atoms have been selected out of  10500
 SELECTED COORDINATES SET IN THE MAIN SET.

  
 CHARMM>    coor set xdir  -10.829 ydir  -44.605 zdir  -12.210 sele segid dum .and. resi 95 end
 SELRPN>      1 atoms have been selected out of  10500
 SELECTED COORDINATES SET IN THE MAIN SET.

  
 CHARMM>    coor set xdir   -9.533 ydir  -44.007 zdir  -10.463 sele segid dum .and. resi 96 end
 SELRPN>      1 atoms have been selected out of  10500
 SELECTED COORDINATES SET IN THE MAIN SET.

  
 CHARMM>    coor set xdir  -10.696 ydir  -46.790 zdir  -16.120 sele segid dum .and. resi 97 end
 SELRPN>      1 atoms have been selected out of  10500
 SELECTED COORDINATES SET IN THE MAIN SET.

  
 CHARMM>    coor set xdir  -23.372 ydir   36.471 zdir   -9.740 sele segid dum .and. resi 98 end
 SELRPN>      1 atoms have been selected out of  10500
 SELECTED COORDINATES SET IN THE MAIN SET.

  
 CHARMM>    coor set xdir  -24.040 ydir   36.084 zdir  -13.881 sele segid dum .and. resi 99 end
 SELRPN>      1 atoms have been selected out of  10500
 SELECTED COORDINATES SET IN THE MAIN SET.

  
 CHARMM>    coor set xdir  -24.990 ydir   34.987 zdir  -15.870 sele segid dum .and. resi 100 end
 SELRPN>      1 atoms have been selected out of  10500
 SELECTED COORDINATES SET IN THE MAIN SET.

  
 CHARMM>    coor set xdir  -24.296 ydir   35.265 zdir  -11.476 sele segid dum .and. resi 101 end
 SELRPN>      1 atoms have been selected out of  10500
 SELECTED COORDINATES SET IN THE MAIN SET.

  
 CHARMM>    coor set xdir  -16.117 ydir  -32.688 zdir  -15.902 sele segid dum .and. resi 102 end
 SELRPN>      1 atoms have been selected out of  10500
 SELECTED COORDINATES SET IN THE MAIN SET.

  
 CHARMM>    coor set xdir  -16.796 ydir  -31.812 zdir  -13.620 sele segid dum .and. resi 103 end
 SELRPN>      1 atoms have been selected out of  10500
 SELECTED COORDINATES SET IN THE MAIN SET.

  
 CHARMM>    coor set xdir  -17.508 ydir  -32.289 zdir   -9.592 sele segid dum .and. resi 104 end
 SELRPN>      1 atoms have been selected out of  10500
 SELECTED COORDINATES SET IN THE MAIN SET.

  
 CHARMM>    coor set xdir  -16.701 ydir  -33.201 zdir  -11.504 sele segid dum .and. resi 105 end
 SELRPN>      1 atoms have been selected out of  10500
 SELECTED COORDINATES SET IN THE MAIN SET.

  
 CHARMM>    coor set xdir    5.364 ydir  -38.562 zdir  -10.375 sele segid dum .and. resi 106 end
 SELRPN>      1 atoms have been selected out of  10500
 SELECTED COORDINATES SET IN THE MAIN SET.

  
 CHARMM>    coor set xdir    3.765 ydir  -37.700 zdir  -11.695 sele segid dum .and. resi 107 end
 SELRPN>      1 atoms have been selected out of  10500
 SELECTED COORDINATES SET IN THE MAIN SET.

  
 CHARMM>    coor set xdir    3.668 ydir  -38.551 zdir  -14.120 sele segid dum .and. resi 108 end
 SELRPN>      1 atoms have been selected out of  10500
 SELECTED COORDINATES SET IN THE MAIN SET.

  
 CHARMM>    coor set xdir    2.412 ydir  -37.431 zdir  -15.920 sele segid dum .and. resi 109 end
 SELRPN>      1 atoms have been selected out of  10500
 SELECTED COORDINATES SET IN THE MAIN SET.

  
 CHARMM>    coor set xdir  -42.584 ydir   38.546 zdir  -13.862 sele segid dum .and. resi 110 end
 SELRPN>      1 atoms have been selected out of  10500
 SELECTED COORDINATES SET IN THE MAIN SET.

  
 CHARMM>    coor set xdir  -41.733 ydir   39.638 zdir  -11.693 sele segid dum .and. resi 111 end
 SELRPN>      1 atoms have been selected out of  10500
 SELECTED COORDINATES SET IN THE MAIN SET.

  
 CHARMM>    coor set xdir  -42.593 ydir   39.014 zdir   -9.680 sele segid dum .and. resi 112 end
 SELRPN>      1 atoms have been selected out of  10500
 SELECTED COORDINATES SET IN THE MAIN SET.

  
 CHARMM>    coor set xdir  -41.472 ydir   38.764 zdir  -16.061 sele segid dum .and. resi 113 end
 SELRPN>      1 atoms have been selected out of  10500
 SELECTED COORDINATES SET IN THE MAIN SET.

  
 CHARMM>    coor set xdir    2.538 ydir   -5.268 zdir   47.655 sele segid dum .and. resi 114 end
 SELRPN>      1 atoms have been selected out of  10500
 SELECTED COORDINATES SET IN THE MAIN SET.

  
 CHARMM>    coor set xdir    5.182 ydir   -2.808 zdir   52.757 sele segid dum .and. resi 115 end
 SELRPN>      1 atoms have been selected out of  10500
 SELECTED COORDINATES SET IN THE MAIN SET.

  
 CHARMM>    coor set xdir    4.147 ydir   -1.443 zdir   51.449 sele segid dum .and. resi 116 end
 SELRPN>      1 atoms have been selected out of  10500
 SELECTED COORDINATES SET IN THE MAIN SET.

  
 CHARMM>    coor set xdir  -18.052 ydir   -7.753 zdir   41.792 sele segid dum .and. resi 117 end
 SELRPN>      1 atoms have been selected out of  10500
 SELECTED COORDINATES SET IN THE MAIN SET.

  
 CHARMM>    coor set xdir  -12.072 ydir   -9.225 zdir   46.466 sele segid dum .and. resi 118 end
 SELRPN>      1 atoms have been selected out of  10500
 SELECTED COORDINATES SET IN THE MAIN SET.

  
 CHARMM>    coor set xdir  -20.579 ydir   -7.053 zdir   46.089 sele segid dum .and. resi 119 end
 SELRPN>      1 atoms have been selected out of  10500
 SELECTED COORDINATES SET IN THE MAIN SET.

  
 CHARMM>    coor set xdir   -5.233 ydir  -15.023 zdir   47.489 sele segid dum .and. resi 120 end
 SELRPN>      1 atoms have been selected out of  10500
 SELECTED COORDINATES SET IN THE MAIN SET.

  
 CHARMM>    coor set xdir   -7.525 ydir  -15.068 zdir   43.044 sele segid dum .and. resi 121 end
 SELRPN>      1 atoms have been selected out of  10500
 SELECTED COORDINATES SET IN THE MAIN SET.

  
 CHARMM>    coor set xdir  -11.127 ydir   -7.722 zdir   41.733 sele segid dum .and. resi 122 end
 SELRPN>      1 atoms have been selected out of  10500
 SELECTED COORDINATES SET IN THE MAIN SET.

  
 CHARMM>    coor set xdir   -1.013 ydir   -9.017 zdir   47.491 sele segid dum .and. resi 123 end
 SELRPN>      1 atoms have been selected out of  10500
 SELECTED COORDINATES SET IN THE MAIN SET.

  
 CHARMM>    coor set xdir   10.719 ydir   -6.253 zdir   47.327 sele segid dum .and. resi 124 end
 SELRPN>      1 atoms have been selected out of  10500
 SELECTED COORDINATES SET IN THE MAIN SET.

  
 CHARMM>    coor set xdir   -3.899 ydir    6.533 zdir   51.626 sele segid dum .and. resi 125 end
 SELRPN>      1 atoms have been selected out of  10500
 SELECTED COORDINATES SET IN THE MAIN SET.

  
 CHARMM>    coor set xdir  -12.647 ydir   16.263 zdir   62.393 sele segid dum .and. resi 126 end
 SELRPN>      1 atoms have been selected out of  10500
 SELECTED COORDINATES SET IN THE MAIN SET.

  
 CHARMM>    coor set xdir   -3.770 ydir   10.350 zdir   48.064 sele segid dum .and. resi 127 end
 SELRPN>      1 atoms have been selected out of  10500
 SELECTED COORDINATES SET IN THE MAIN SET.

  
 CHARMM>    coor set xdir    3.372 ydir    1.977 zdir   44.853 sele segid dum .and. resi 128 end
 SELRPN>      1 atoms have been selected out of  10500
 SELECTED COORDINATES SET IN THE MAIN SET.

  
 CHARMM>    coor set xdir  -13.365 ydir    2.565 zdir   48.026 sele segid dum .and. resi 129 end
 SELRPN>      1 atoms have been selected out of  10500
 SELECTED COORDINATES SET IN THE MAIN SET.

  
 CHARMM>    coor set xdir  -16.576 ydir   14.830 zdir   57.613 sele segid dum .and. resi 130 end
 SELRPN>      1 atoms have been selected out of  10500
 SELECTED COORDINATES SET IN THE MAIN SET.

  
 CHARMM>    coor set xdir  -15.235 ydir   22.308 zdir   64.230 sele segid dum .and. resi 131 end
 SELRPN>      1 atoms have been selected out of  10500
 SELECTED COORDINATES SET IN THE MAIN SET.

  
 CHARMM>    coor set xdir   -5.816 ydir   24.306 zdir   60.946 sele segid dum .and. resi 132 end
 SELRPN>      1 atoms have been selected out of  10500
 SELECTED COORDINATES SET IN THE MAIN SET.

  
 CHARMM>    coor set xdir  -13.494 ydir   24.131 zdir   55.802 sele segid dum .and. resi 133 end
 SELRPN>      1 atoms have been selected out of  10500
 SELECTED COORDINATES SET IN THE MAIN SET.

  
 CHARMM>    coor set xdir  -18.893 ydir   26.602 zdir   55.036 sele segid dum .and. resi 134 end
 SELRPN>      1 atoms have been selected out of  10500
 SELECTED COORDINATES SET IN THE MAIN SET.

  
 CHARMM>    coor set xdir  -21.383 ydir   14.253 zdir   54.070 sele segid dum .and. resi 135 end
 SELRPN>      1 atoms have been selected out of  10500
 SELECTED COORDINATES SET IN THE MAIN SET.

  
 CHARMM>    coor set xdir  -10.077 ydir   22.426 zdir   53.146 sele segid dum .and. resi 136 end
 SELRPN>      1 atoms have been selected out of  10500
 SELECTED COORDINATES SET IN THE MAIN SET.

  
 CHARMM>    coor set xdir    0.334 ydir   14.541 zdir   34.970 sele segid dum .and. resi 137 end
 SELRPN>      1 atoms have been selected out of  10500
 SELECTED COORDINATES SET IN THE MAIN SET.

  
 CHARMM>    coor set xdir  -10.336 ydir    5.529 zdir   38.492 sele segid dum .and. resi 138 end
 SELRPN>      1 atoms have been selected out of  10500
 SELECTED COORDINATES SET IN THE MAIN SET.

  
 CHARMM>    coor set xdir   -0.430 ydir    9.907 zdir   27.992 sele segid dum .and. resi 139 end
 SELRPN>      1 atoms have been selected out of  10500
 SELECTED COORDINATES SET IN THE MAIN SET.

  
 CHARMM>    coor set xdir  -15.399 ydir   -5.882 zdir   36.981 sele segid dum .and. resi 140 end
 SELRPN>      1 atoms have been selected out of  10500
 SELECTED COORDINATES SET IN THE MAIN SET.

  
 CHARMM>    coor set xdir  -18.308 ydir    5.288 zdir   45.960 sele segid dum .and. resi 141 end
 SELRPN>      1 atoms have been selected out of  10500
 SELECTED COORDINATES SET IN THE MAIN SET.

  
 CHARMM>    coor set xdir   -6.576 ydir   12.475 zdir   52.085 sele segid dum .and. resi 142 end
 SELRPN>      1 atoms have been selected out of  10500
 SELECTED COORDINATES SET IN THE MAIN SET.

  
 CHARMM>    coor set xdir   -7.443 ydir   19.045 zdir   56.423 sele segid dum .and. resi 143 end
 SELRPN>      1 atoms have been selected out of  10500
 SELECTED COORDINATES SET IN THE MAIN SET.

  
 CHARMM>    coor set xdir   10.365 ydir    1.791 zdir   43.725 sele segid dum .and. resi 144 end
 SELRPN>      1 atoms have been selected out of  10500
 SELECTED COORDINATES SET IN THE MAIN SET.

  
 CHARMM>    coor set xdir   -0.757 ydir   14.737 zdir   61.834 sele segid dum .and. resi 145 end
 SELRPN>      1 atoms have been selected out of  10500
 SELECTED COORDINATES SET IN THE MAIN SET.

  
 CHARMM>    coor set xdir    3.020 ydir    3.535 zdir  -17.570 sele segid dum .and. resi 146 end
 SELRPN>      1 atoms have been selected out of  10500
 SELECTED COORDINATES SET IN THE MAIN SET.

  
 CHARMM>    coor set xdir    2.452 ydir    4.393 zdir  -15.384 sele segid dum .and. resi 147 end
 SELRPN>      1 atoms have been selected out of  10500
 SELECTED COORDINATES SET IN THE MAIN SET.

  
 CHARMM>    coor set xdir   -0.542 ydir   -0.062 zdir   -8.417 sele segid dum .and. resi 148 end
 SELRPN>      1 atoms have been selected out of  10500
 SELECTED COORDINATES SET IN THE MAIN SET.

  
 CHARMM>    coor set xdir   -2.879 ydir   -2.844 zdir   -5.240 sele segid dum .and. resi 149 end
 SELRPN>      1 atoms have been selected out of  10500
 SELECTED COORDINATES SET IN THE MAIN SET.

  
 CHARMM>    coor set xdir   -2.926 ydir   -3.326 zdir   -7.296 sele segid dum .and. resi 150 end
 SELRPN>      1 atoms have been selected out of  10500
 SELECTED COORDINATES SET IN THE MAIN SET.

  
 CHARMM>    coor set xdir   42.201 ydir   29.709 zdir   15.984 sele segid dum .and. resi 151 end
 SELRPN>      1 atoms have been selected out of  10500
 SELECTED COORDINATES SET IN THE MAIN SET.

  
 CHARMM>    coor set xdir   41.447 ydir   28.914 zdir   13.748 sele segid dum .and. resi 152 end
 SELRPN>      1 atoms have been selected out of  10500
 SELECTED COORDINATES SET IN THE MAIN SET.

  
 CHARMM>    coor set xdir   42.808 ydir   29.175 zdir   11.617 sele segid dum .and. resi 153 end
 SELRPN>      1 atoms have been selected out of  10500
 SELECTED COORDINATES SET IN THE MAIN SET.

  
 CHARMM>    coor set xdir   41.894 ydir   28.634 zdir    9.612 sele segid dum .and. resi 154 end
 SELRPN>      1 atoms have been selected out of  10500
 SELECTED COORDINATES SET IN THE MAIN SET.

  
 CHARMM>    coor set xdir   20.419 ydir  -35.930 zdir    9.756 sele segid dum .and. resi 155 end
 SELRPN>      1 atoms have been selected out of  10500
 SELECTED COORDINATES SET IN THE MAIN SET.

  
 CHARMM>    coor set xdir   20.155 ydir  -34.982 zdir   13.903 sele segid dum .and. resi 156 end
 SELRPN>      1 atoms have been selected out of  10500
 SELECTED COORDINATES SET IN THE MAIN SET.

  
 CHARMM>    coor set xdir   20.375 ydir  -33.412 zdir   15.858 sele segid dum .and. resi 157 end
 SELRPN>      1 atoms have been selected out of  10500
 SELECTED COORDINATES SET IN THE MAIN SET.

  
 CHARMM>    coor set xdir   20.853 ydir  -34.431 zdir   11.463 sele segid dum .and. resi 158 end
 SELRPN>      1 atoms have been selected out of  10500
 SELECTED COORDINATES SET IN THE MAIN SET.

  
 CHARMM>    coor set xdir  -23.455 ydir   27.210 zdir   16.076 sele segid dum .and. resi 159 end
 SELRPN>      1 atoms have been selected out of  10500
 SELECTED COORDINATES SET IN THE MAIN SET.

  
 CHARMM>    coor set xdir  -23.975 ydir   26.533 zdir   13.770 sele segid dum .and. resi 160 end
 SELRPN>      1 atoms have been selected out of  10500
 SELECTED COORDINATES SET IN THE MAIN SET.

  
 CHARMM>    coor set xdir  -22.937 ydir   26.202 zdir    9.715 sele segid dum .and. resi 161 end
 SELRPN>      1 atoms have been selected out of  10500
 SELECTED COORDINATES SET IN THE MAIN SET.

  
 CHARMM>    coor set xdir  -22.279 ydir   26.663 zdir   11.829 sele segid dum .and. resi 162 end
 SELRPN>      1 atoms have been selected out of  10500
 SELECTED COORDINATES SET IN THE MAIN SET.

  
 CHARMM>    coor set xdir  -24.919 ydir   16.846 zdir   13.527 sele segid dum .and. resi 163 end
 SELRPN>      1 atoms have been selected out of  10500
 SELECTED COORDINATES SET IN THE MAIN SET.

  
 CHARMM>    coor set xdir  -26.202 ydir   16.258 zdir    9.594 sele segid dum .and. resi 164 end
 SELRPN>      1 atoms have been selected out of  10500
 SELECTED COORDINATES SET IN THE MAIN SET.

  
 CHARMM>    coor set xdir  -26.730 ydir   16.947 zdir   11.685 sele segid dum .and. resi 165 end
 SELRPN>      1 atoms have been selected out of  10500
 SELECTED COORDINATES SET IN THE MAIN SET.

  
 CHARMM>    coor set xdir  -25.350 ydir   17.439 zdir   15.919 sele segid dum .and. resi 166 end
 SELRPN>      1 atoms have been selected out of  10500
 SELECTED COORDINATES SET IN THE MAIN SET.

  
 CHARMM>    coor set xdir  -37.765 ydir  -47.218 zdir   13.619 sele segid dum .and. resi 167 end
 SELRPN>      1 atoms have been selected out of  10500
 SELECTED COORDINATES SET IN THE MAIN SET.

  
 CHARMM>    coor set xdir  -39.025 ydir  -47.433 zdir   11.433 sele segid dum .and. resi 168 end
 SELRPN>      1 atoms have been selected out of  10500
 SELECTED COORDINATES SET IN THE MAIN SET.

  
 CHARMM>    coor set xdir  -37.908 ydir  -47.591 zdir    9.500 sele segid dum .and. resi 169 end
 SELRPN>      1 atoms have been selected out of  10500
 SELECTED COORDINATES SET IN THE MAIN SET.

  
 CHARMM>    coor set xdir  -38.853 ydir  -47.381 zdir   15.890 sele segid dum .and. resi 170 end
 SELRPN>      1 atoms have been selected out of  10500
 SELECTED COORDINATES SET IN THE MAIN SET.

  
 CHARMM>    coor set xdir   41.047 ydir  -39.063 zdir    9.750 sele segid dum .and. resi 171 end
 SELRPN>      1 atoms have been selected out of  10500
 SELECTED COORDINATES SET IN THE MAIN SET.

  
 CHARMM>    coor set xdir   41.986 ydir  -37.880 zdir   11.478 sele segid dum .and. resi 172 end
 SELRPN>      1 atoms have been selected out of  10500
 SELECTED COORDINATES SET IN THE MAIN SET.

  
 CHARMM>    coor set xdir   41.752 ydir  -38.822 zdir   13.875 sele segid dum .and. resi 173 end
 SELRPN>      1 atoms have been selected out of  10500
 SELECTED COORDINATES SET IN THE MAIN SET.

  
 CHARMM>    coor set xdir   42.331 ydir  -37.515 zdir   15.924 sele segid dum .and. resi 174 end
 SELRPN>      1 atoms have been selected out of  10500
 SELECTED COORDINATES SET IN THE MAIN SET.

  
 CHARMM>    coor set xdir   41.085 ydir   12.433 zdir   16.048 sele segid dum .and. resi 175 end
 SELRPN>      1 atoms have been selected out of  10500
 SELECTED COORDINATES SET IN THE MAIN SET.

  
 CHARMM>    coor set xdir   41.483 ydir   10.684 zdir   14.302 sele segid dum .and. resi 176 end
 SELRPN>      1 atoms have been selected out of  10500
 SELECTED COORDINATES SET IN THE MAIN SET.

  
 CHARMM>    coor set xdir   40.474 ydir    8.759 zdir   10.814 sele segid dum .and. resi 177 end
 SELRPN>      1 atoms have been selected out of  10500
 SELECTED COORDINATES SET IN THE MAIN SET.

  
 CHARMM>    coor set xdir   40.199 ydir   10.582 zdir   12.108 sele segid dum .and. resi 178 end
 SELRPN>      1 atoms have been selected out of  10500
 SELECTED COORDINATES SET IN THE MAIN SET.

  
 CHARMM>    coor set xdir   33.038 ydir  -50.330 zdir   13.979 sele segid dum .and. resi 179 end
 SELRPN>      1 atoms have been selected out of  10500
 SELECTED COORDINATES SET IN THE MAIN SET.

  
 CHARMM>    coor set xdir   32.328 ydir  -51.414 zdir   10.051 sele segid dum .and. resi 180 end
 SELRPN>      1 atoms have been selected out of  10500
 SELECTED COORDINATES SET IN THE MAIN SET.

  
 CHARMM>    coor set xdir   33.110 ydir  -52.111 zdir   12.090 sele segid dum .and. resi 181 end
 SELRPN>      1 atoms have been selected out of  10500
 SELECTED COORDINATES SET IN THE MAIN SET.

  
 CHARMM>    coor set xdir   33.857 ydir  -50.647 zdir   16.266 sele segid dum .and. resi 182 end
 SELRPN>      1 atoms have been selected out of  10500
 SELECTED COORDINATES SET IN THE MAIN SET.

  
 CHARMM>    coor set xdir   50.279 ydir  -48.545 zdir    9.744 sele segid dum .and. resi 183 end
 SELRPN>      1 atoms have been selected out of  10500
 SELECTED COORDINATES SET IN THE MAIN SET.

  
 CHARMM>    coor set xdir   49.144 ydir  -48.539 zdir   11.703 sele segid dum .and. resi 184 end
 SELRPN>      1 atoms have been selected out of  10500
 SELECTED COORDINATES SET IN THE MAIN SET.

  
 CHARMM>    coor set xdir   49.228 ydir  -49.684 zdir   16.001 sele segid dum .and. resi 185 end
 SELRPN>      1 atoms have been selected out of  10500
 SELECTED COORDINATES SET IN THE MAIN SET.

  
 CHARMM>    coor set xdir   50.379 ydir  -49.468 zdir   13.753 sele segid dum .and. resi 186 end
 SELRPN>      1 atoms have been selected out of  10500
 SELECTED COORDINATES SET IN THE MAIN SET.

  
 CHARMM>    coor set xdir   33.936 ydir   42.865 zdir   15.878 sele segid dum .and. resi 187 end
 SELRPN>      1 atoms have been selected out of  10500
 SELECTED COORDINATES SET IN THE MAIN SET.

  
 CHARMM>    coor set xdir   33.836 ydir   41.600 zdir   13.698 sele segid dum .and. resi 188 end
 SELRPN>      1 atoms have been selected out of  10500
 SELECTED COORDINATES SET IN THE MAIN SET.

  
 CHARMM>    coor set xdir   33.965 ydir   41.548 zdir    9.625 sele segid dum .and. resi 189 end
 SELRPN>      1 atoms have been selected out of  10500
 SELECTED COORDINATES SET IN THE MAIN SET.

  
 CHARMM>    coor set xdir   33.927 ydir   42.770 zdir   11.458 sele segid dum .and. resi 190 end
 SELRPN>      1 atoms have been selected out of  10500
 SELECTED COORDINATES SET IN THE MAIN SET.

  
 CHARMM>    coor set xdir   28.379 ydir   29.883 zdir   11.763 sele segid dum .and. resi 191 end
 SELRPN>      1 atoms have been selected out of  10500
 SELECTED COORDINATES SET IN THE MAIN SET.

  
 CHARMM>    coor set xdir   28.450 ydir   29.199 zdir   14.212 sele segid dum .and. resi 192 end
 SELRPN>      1 atoms have been selected out of  10500
 SELECTED COORDINATES SET IN THE MAIN SET.

  
 CHARMM>    coor set xdir   27.789 ydir   30.799 zdir   16.011 sele segid dum .and. resi 193 end
 SELRPN>      1 atoms have been selected out of  10500
 SELECTED COORDINATES SET IN THE MAIN SET.

  
 CHARMM>    coor set xdir   28.986 ydir   28.323 zdir   10.239 sele segid dum .and. resi 194 end
 SELRPN>      1 atoms have been selected out of  10500
 SELECTED COORDINATES SET IN THE MAIN SET.

  
 CHARMM>    coor set xdir  -53.311 ydir   45.389 zdir   13.690 sele segid dum .and. resi 195 end
 SELRPN>      1 atoms have been selected out of  10500
 SELECTED COORDINATES SET IN THE MAIN SET.

  
 CHARMM>    coor set xdir  -52.935 ydir   45.647 zdir    9.569 sele segid dum .and. resi 196 end
 SELRPN>      1 atoms have been selected out of  10500
 SELECTED COORDINATES SET IN THE MAIN SET.

  
 CHARMM>    coor set xdir  -52.433 ydir   46.585 zdir   11.576 sele segid dum .and. resi 197 end
 SELRPN>      1 atoms have been selected out of  10500
 SELECTED COORDINATES SET IN THE MAIN SET.

  
 CHARMM>    coor set xdir  -52.883 ydir   46.336 zdir   15.926 sele segid dum .and. resi 198 end
 SELRPN>      1 atoms have been selected out of  10500
 SELECTED COORDINATES SET IN THE MAIN SET.

  
 CHARMM>    coor set xdir  -54.892 ydir   53.791 zdir   11.683 sele segid dum .and. resi 199 end
 SELRPN>      1 atoms have been selected out of  10500
 SELECTED COORDINATES SET IN THE MAIN SET.

  
 CHARMM>    coor set xdir  -56.173 ydir   54.662 zdir   10.047 sele segid dum .and. resi 200 end
 SELRPN>      1 atoms have been selected out of  10500
 SELECTED COORDINATES SET IN THE MAIN SET.

  
 CHARMM>    coor set xdir  -53.745 ydir   54.131 zdir   15.972 sele segid dum .and. resi 201 end
 SELRPN>      1 atoms have been selected out of  10500
 SELECTED COORDINATES SET IN THE MAIN SET.

  
 CHARMM>    coor set xdir  -55.165 ydir   54.783 zdir   14.059 sele segid dum .and. resi 202 end
 SELRPN>      1 atoms have been selected out of  10500
 SELECTED COORDINATES SET IN THE MAIN SET.

  
 CHARMM>    coor set xdir   49.212 ydir   34.169 zdir    9.576 sele segid dum .and. resi 203 end
 SELRPN>      1 atoms have been selected out of  10500
 SELECTED COORDINATES SET IN THE MAIN SET.

  
 CHARMM>    coor set xdir   49.147 ydir   33.657 zdir   13.661 sele segid dum .and. resi 204 end
 SELRPN>      1 atoms have been selected out of  10500
 SELECTED COORDINATES SET IN THE MAIN SET.

  
 CHARMM>    coor set xdir   49.254 ydir   34.471 zdir   15.987 sele segid dum .and. resi 205 end
 SELRPN>      1 atoms have been selected out of  10500
 SELECTED COORDINATES SET IN THE MAIN SET.

  
 CHARMM>    coor set xdir   49.372 ydir   35.140 zdir   11.628 sele segid dum .and. resi 206 end
 SELRPN>      1 atoms have been selected out of  10500
 SELECTED COORDINATES SET IN THE MAIN SET.

  
 CHARMM>    coor set xdir   -9.835 ydir   17.684 zdir   15.923 sele segid dum .and. resi 207 end
 SELRPN>      1 atoms have been selected out of  10500
 SELECTED COORDINATES SET IN THE MAIN SET.

  
 CHARMM>    coor set xdir   -8.486 ydir   17.541 zdir   13.771 sele segid dum .and. resi 208 end
 SELRPN>      1 atoms have been selected out of  10500
 SELECTED COORDINATES SET IN THE MAIN SET.

  
 CHARMM>    coor set xdir   -8.367 ydir   17.307 zdir    9.589 sele segid dum .and. resi 209 end
 SELRPN>      1 atoms have been selected out of  10500
 SELECTED COORDINATES SET IN THE MAIN SET.

  
 CHARMM>    coor set xdir   -9.590 ydir   17.792 zdir   11.448 sele segid dum .and. resi 210 end
 SELRPN>      1 atoms have been selected out of  10500
 SELECTED COORDINATES SET IN THE MAIN SET.

  
 CHARMM>    coor set xdir   40.478 ydir  -11.162 zdir    9.699 sele segid dum .and. resi 211 end
 SELRPN>      1 atoms have been selected out of  10500
 SELECTED COORDINATES SET IN THE MAIN SET.

  
 CHARMM>    coor set xdir   42.089 ydir  -11.631 zdir   15.893 sele segid dum .and. resi 212 end
 SELRPN>      1 atoms have been selected out of  10500
 SELECTED COORDINATES SET IN THE MAIN SET.

  
 CHARMM>    coor set xdir   40.914 ydir  -11.993 zdir   13.710 sele segid dum .and. resi 213 end
 SELRPN>      1 atoms have been selected out of  10500
 SELECTED COORDINATES SET IN THE MAIN SET.

  
 CHARMM>    coor set xdir   41.721 ydir  -10.896 zdir   11.567 sele segid dum .and. resi 214 end
 SELRPN>      1 atoms have been selected out of  10500
 SELECTED COORDINATES SET IN THE MAIN SET.

  
 CHARMM>    coor set xdir  -52.957 ydir   27.628 zdir   13.905 sele segid dum .and. resi 215 end
 SELRPN>      1 atoms have been selected out of  10500
 SELECTED COORDINATES SET IN THE MAIN SET.

  
 CHARMM>    coor set xdir  -52.229 ydir   28.472 zdir   11.597 sele segid dum .and. resi 216 end
 SELRPN>      1 atoms have been selected out of  10500
 SELECTED COORDINATES SET IN THE MAIN SET.

  
 CHARMM>    coor set xdir  -52.996 ydir   27.349 zdir    9.792 sele segid dum .and. resi 217 end
 SELRPN>      1 atoms have been selected out of  10500
 SELECTED COORDINATES SET IN THE MAIN SET.

  
 CHARMM>    coor set xdir  -52.760 ydir   29.017 zdir   15.938 sele segid dum .and. resi 218 end
 SELRPN>      1 atoms have been selected out of  10500
 SELECTED COORDINATES SET IN THE MAIN SET.

  
 CHARMM>    coor set xdir   20.723 ydir  -42.980 zdir   14.005 sele segid dum .and. resi 219 end
 SELRPN>      1 atoms have been selected out of  10500
 SELECTED COORDINATES SET IN THE MAIN SET.

  
 CHARMM>    coor set xdir   20.996 ydir  -41.685 zdir   16.140 sele segid dum .and. resi 220 end
 SELRPN>      1 atoms have been selected out of  10500
 SELECTED COORDINATES SET IN THE MAIN SET.

  
 CHARMM>    coor set xdir   22.198 ydir  -42.616 zdir   11.937 sele segid dum .and. resi 221 end
 SELRPN>      1 atoms have been selected out of  10500
 SELECTED COORDINATES SET IN THE MAIN SET.

  
 CHARMM>    coor set xdir   21.576 ydir  -43.581 zdir   10.021 sele segid dum .and. resi 222 end
 SELRPN>      1 atoms have been selected out of  10500
 SELECTED COORDINATES SET IN THE MAIN SET.

  
 CHARMM>    coor set xdir    4.039 ydir   35.860 zdir   15.834 sele segid dum .and. resi 223 end
 SELRPN>      1 atoms have been selected out of  10500
 SELECTED COORDINATES SET IN THE MAIN SET.

  
 CHARMM>    coor set xdir    3.474 ydir   37.283 zdir   13.888 sele segid dum .and. resi 224 end
 SELRPN>      1 atoms have been selected out of  10500
 SELECTED COORDINATES SET IN THE MAIN SET.

  
 CHARMM>    coor set xdir    3.781 ydir   38.286 zdir    9.787 sele segid dum .and. resi 225 end
 SELRPN>      1 atoms have been selected out of  10500
 SELECTED COORDINATES SET IN THE MAIN SET.

  
 CHARMM>    coor set xdir    4.112 ydir   36.754 zdir   11.431 sele segid dum .and. resi 226 end
 SELRPN>      1 atoms have been selected out of  10500
 SELECTED COORDINATES SET IN THE MAIN SET.

  
 CHARMM>    coor set xdir  -40.629 ydir  -38.650 zdir   13.981 sele segid dum .and. resi 227 end
 SELRPN>      1 atoms have been selected out of  10500
 SELECTED COORDINATES SET IN THE MAIN SET.

  
 CHARMM>    coor set xdir  -41.635 ydir  -38.218 zdir   10.014 sele segid dum .and. resi 228 end
 SELRPN>      1 atoms have been selected out of  10500
 SELECTED COORDINATES SET IN THE MAIN SET.

  
 CHARMM>    coor set xdir  -40.039 ydir  -37.893 zdir   11.596 sele segid dum .and. resi 229 end
 SELRPN>      1 atoms have been selected out of  10500
 SELECTED COORDINATES SET IN THE MAIN SET.

  
 CHARMM>    coor set xdir  -39.075 ydir  -38.372 zdir   15.935 sele segid dum .and. resi 230 end
 SELRPN>      1 atoms have been selected out of  10500
 SELECTED COORDINATES SET IN THE MAIN SET.

  
 CHARMM>    coor set xdir   -0.013 ydir  -38.211 zdir    9.852 sele segid dum .and. resi 231 end
 SELRPN>      1 atoms have been selected out of  10500
 SELECTED COORDINATES SET IN THE MAIN SET.

  
 CHARMM>    coor set xdir   -0.241 ydir  -36.691 zdir   11.543 sele segid dum .and. resi 232 end
 SELRPN>      1 atoms have been selected out of  10500
 SELECTED COORDINATES SET IN THE MAIN SET.

  
 CHARMM>    coor set xdir   -1.166 ydir  -36.515 zdir   15.948 sele segid dum .and. resi 233 end
 SELRPN>      1 atoms have been selected out of  10500
 SELECTED COORDINATES SET IN THE MAIN SET.

  
 CHARMM>    coor set xdir   -0.407 ydir  -37.687 zdir   13.899 sele segid dum .and. resi 234 end
 SELRPN>      1 atoms have been selected out of  10500
 SELECTED COORDINATES SET IN THE MAIN SET.

  
 CHARMM>    coor set xdir  -16.367 ydir  -27.292 zdir   15.962 sele segid dum .and. resi 235 end
 SELRPN>      1 atoms have been selected out of  10500
 SELECTED COORDINATES SET IN THE MAIN SET.

  
 CHARMM>    coor set xdir  -16.863 ydir  -26.160 zdir   13.834 sele segid dum .and. resi 236 end
 SELRPN>      1 atoms have been selected out of  10500
 SELECTED COORDINATES SET IN THE MAIN SET.

  
 CHARMM>    coor set xdir  -15.701 ydir  -24.924 zdir   10.010 sele segid dum .and. resi 237 end
 SELRPN>      1 atoms have been selected out of  10500
 SELECTED COORDINATES SET IN THE MAIN SET.

  
 CHARMM>    coor set xdir  -15.184 ydir  -26.125 zdir   11.856 sele segid dum .and. resi 238 end
 SELRPN>      1 atoms have been selected out of  10500
 SELECTED COORDINATES SET IN THE MAIN SET.

  
 CHARMM>    coor set xdir  -16.108 ydir  -34.323 zdir   13.922 sele segid dum .and. resi 239 end
 SELRPN>      1 atoms have been selected out of  10500
 SELECTED COORDINATES SET IN THE MAIN SET.

  
 CHARMM>    coor set xdir  -16.273 ydir  -33.187 zdir    9.908 sele segid dum .and. resi 240 end
 SELRPN>      1 atoms have been selected out of  10500
 SELECTED COORDINATES SET IN THE MAIN SET.

  
 CHARMM>    coor set xdir  -17.346 ydir  -34.165 zdir   11.630 sele segid dum .and. resi 241 end
 SELRPN>      1 atoms have been selected out of  10500
 SELECTED COORDINATES SET IN THE MAIN SET.

  
 CHARMM>    coor set xdir  -17.167 ydir  -35.319 zdir   15.971 sele segid dum .and. resi 242 end
 SELRPN>      1 atoms have been selected out of  10500
 SELECTED COORDINATES SET IN THE MAIN SET.

  
 CHARMM>    coor set xdir  -50.852 ydir    3.923 zdir   14.210 sele segid dum .and. resi 243 end
 SELRPN>      1 atoms have been selected out of  10500
 SELECTED COORDINATES SET IN THE MAIN SET.

  
 CHARMM>    coor set xdir  -49.435 ydir    3.242 zdir   10.430 sele segid dum .and. resi 244 end
 SELRPN>      1 atoms have been selected out of  10500
 SELECTED COORDINATES SET IN THE MAIN SET.

  
 CHARMM>    coor set xdir  -51.233 ydir    3.885 zdir   11.711 sele segid dum .and. resi 245 end
 SELRPN>      1 atoms have been selected out of  10500
 SELECTED COORDINATES SET IN THE MAIN SET.

  
 CHARMM>    coor set xdir  -52.571 ydir    4.322 zdir   15.933 sele segid dum .and. resi 246 end
 SELRPN>      1 atoms have been selected out of  10500
 SELECTED COORDINATES SET IN THE MAIN SET.

  
 CHARMM>    coor set xdir   -9.814 ydir  -31.114 zdir    9.699 sele segid dum .and. resi 247 end
 SELRPN>      1 atoms have been selected out of  10500
 SELECTED COORDINATES SET IN THE MAIN SET.

  
 CHARMM>    coor set xdir  -10.642 ydir  -32.114 zdir   11.474 sele segid dum .and. resi 248 end
 SELRPN>      1 atoms have been selected out of  10500
 SELECTED COORDINATES SET IN THE MAIN SET.

  
 CHARMM>    coor set xdir  -10.307 ydir  -32.078 zdir   15.908 sele segid dum .and. resi 249 end
 SELRPN>      1 atoms have been selected out of  10500
 SELECTED COORDINATES SET IN THE MAIN SET.

  
 CHARMM>    coor set xdir  -10.228 ydir  -30.945 zdir   13.739 sele segid dum .and. resi 250 end
 SELRPN>      1 atoms have been selected out of  10500
 SELECTED COORDINATES SET IN THE MAIN SET.

  
 CHARMM>    coor set xdir   12.066 ydir   -7.767 zdir   15.890 sele segid dum .and. resi 251 end
 SELRPN>      1 atoms have been selected out of  10500
 SELECTED COORDINATES SET IN THE MAIN SET.

  
 CHARMM>    coor set xdir   11.195 ydir   -7.758 zdir   13.577 sele segid dum .and. resi 252 end
 SELRPN>      1 atoms have been selected out of  10500
 SELECTED COORDINATES SET IN THE MAIN SET.

  
 CHARMM>    coor set xdir   11.663 ydir   -7.729 zdir    9.529 sele segid dum .and. resi 253 end
 SELRPN>      1 atoms have been selected out of  10500
 SELECTED COORDINATES SET IN THE MAIN SET.

  
 CHARMM>    coor set xdir   12.691 ydir   -7.766 zdir   11.492 sele segid dum .and. resi 254 end
 SELRPN>      1 atoms have been selected out of  10500
 SELECTED COORDINATES SET IN THE MAIN SET.

  
 CHARMM>    coor set xdir   -2.691 ydir   48.472 zdir   15.860 sele segid dum .and. resi 255 end
 SELRPN>      1 atoms have been selected out of  10500
 SELECTED COORDINATES SET IN THE MAIN SET.

  
 CHARMM>    coor set xdir   -4.269 ydir   48.230 zdir   13.856 sele segid dum .and. resi 256 end
 SELRPN>      1 atoms have been selected out of  10500
 SELECTED COORDINATES SET IN THE MAIN SET.

  
 CHARMM>    coor set xdir   -5.015 ydir   48.503 zdir    9.760 sele segid dum .and. resi 257 end
 SELRPN>      1 atoms have been selected out of  10500
 SELECTED COORDINATES SET IN THE MAIN SET.

  
 CHARMM>    coor set xdir   -3.494 ydir   48.599 zdir   11.445 sele segid dum .and. resi 258 end
 SELRPN>      1 atoms have been selected out of  10500
 SELECTED COORDINATES SET IN THE MAIN SET.

  
 CHARMM>    coor set xdir  -24.842 ydir  -15.127 zdir    9.842 sele segid dum .and. resi 259 end
 SELRPN>      1 atoms have been selected out of  10500
 SELECTED COORDINATES SET IN THE MAIN SET.

  
 CHARMM>    coor set xdir  -23.132 ydir  -13.608 zdir   15.895 sele segid dum .and. resi 260 end
 SELRPN>      1 atoms have been selected out of  10500
 SELECTED COORDINATES SET IN THE MAIN SET.

  
 CHARMM>    coor set xdir  -23.956 ydir  -14.823 zdir   13.882 sele segid dum .and. resi 261 end
 SELRPN>      1 atoms have been selected out of  10500
 SELECTED COORDINATES SET IN THE MAIN SET.

  
 CHARMM>    coor set xdir  -23.741 ydir  -13.991 zdir   11.483 sele segid dum .and. resi 262 end
 SELRPN>      1 atoms have been selected out of  10500
 SELECTED COORDINATES SET IN THE MAIN SET.

  
 CHARMM>    coor set xdir  -44.646 ydir   51.830 zdir   14.090 sele segid dum .and. resi 263 end
 SELRPN>      1 atoms have been selected out of  10500
 SELECTED COORDINATES SET IN THE MAIN SET.

  
 CHARMM>    coor set xdir  -45.827 ydir   52.823 zdir   12.098 sele segid dum .and. resi 264 end
 SELRPN>      1 atoms have been selected out of  10500
 SELECTED COORDINATES SET IN THE MAIN SET.

  
 CHARMM>    coor set xdir  -44.557 ydir   52.950 zdir   10.219 sele segid dum .and. resi 265 end
 SELRPN>      1 atoms have been selected out of  10500
 SELECTED COORDINATES SET IN THE MAIN SET.

  
 CHARMM>    coor set xdir  -45.955 ydir   51.151 zdir   16.128 sele segid dum .and. resi 266 end
 SELRPN>      1 atoms have been selected out of  10500
 SELECTED COORDINATES SET IN THE MAIN SET.

  
 CHARMM>    coor set xdir   18.887 ydir   44.966 zdir   11.523 sele segid dum .and. resi 267 end
 SELRPN>      1 atoms have been selected out of  10500
 SELECTED COORDINATES SET IN THE MAIN SET.

  
 CHARMM>    coor set xdir   17.803 ydir   46.218 zdir    9.994 sele segid dum .and. resi 268 end
 SELRPN>      1 atoms have been selected out of  10500
 SELECTED COORDINATES SET IN THE MAIN SET.

  
 CHARMM>    coor set xdir   18.206 ydir   45.092 zdir   13.994 sele segid dum .and. resi 269 end
 SELRPN>      1 atoms have been selected out of  10500
 SELECTED COORDINATES SET IN THE MAIN SET.

  
 CHARMM>    coor set xdir   19.492 ydir   44.070 zdir   15.892 sele segid dum .and. resi 270 end
 SELRPN>      1 atoms have been selected out of  10500
 SELECTED COORDINATES SET IN THE MAIN SET.

  
 CHARMM>    coor set xdir   34.728 ydir   34.565 zdir   15.923 sele segid dum .and. resi 271 end
 SELRPN>      1 atoms have been selected out of  10500
 SELECTED COORDINATES SET IN THE MAIN SET.

  
 CHARMM>    coor set xdir   36.547 ydir   34.683 zdir   14.339 sele segid dum .and. resi 272 end
 SELRPN>      1 atoms have been selected out of  10500
 SELECTED COORDINATES SET IN THE MAIN SET.

  
 CHARMM>    coor set xdir   38.469 ydir   33.430 zdir   10.951 sele segid dum .and. resi 273 end
 SELRPN>      1 atoms have been selected out of  10500
 SELECTED COORDINATES SET IN THE MAIN SET.

  
 CHARMM>    coor set xdir   36.477 ydir   33.715 zdir   12.003 sele segid dum .and. resi 274 end
 SELRPN>      1 atoms have been selected out of  10500
 SELECTED COORDINATES SET IN THE MAIN SET.

  
 CHARMM>    coor set xdir   49.712 ydir   -8.372 zdir   15.886 sele segid dum .and. resi 275 end
 SELRPN>      1 atoms have been selected out of  10500
 SELECTED COORDINATES SET IN THE MAIN SET.

  
 CHARMM>    coor set xdir   48.500 ydir   -8.553 zdir   13.689 sele segid dum .and. resi 276 end
 SELRPN>      1 atoms have been selected out of  10500
 SELECTED COORDINATES SET IN THE MAIN SET.

  
 CHARMM>    coor set xdir   49.692 ydir   -8.106 zdir   11.472 sele segid dum .and. resi 277 end
 SELRPN>      1 atoms have been selected out of  10500
 SELECTED COORDINATES SET IN THE MAIN SET.

  
 CHARMM>    coor set xdir   48.548 ydir   -7.940 zdir    9.565 sele segid dum .and. resi 278 end
 SELRPN>      1 atoms have been selected out of  10500
 SELECTED COORDINATES SET IN THE MAIN SET.

  
 CHARMM>    coor set xdir  -10.337 ydir   53.513 zdir    9.537 sele segid dum .and. resi 279 end
 SELRPN>      1 atoms have been selected out of  10500
 SELECTED COORDINATES SET IN THE MAIN SET.

  
 CHARMM>    coor set xdir  -10.046 ydir   52.325 zdir   11.444 sele segid dum .and. resi 280 end
 SELRPN>      1 atoms have been selected out of  10500
 SELECTED COORDINATES SET IN THE MAIN SET.

  
 CHARMM>    coor set xdir   -9.860 ydir   52.510 zdir   15.906 sele segid dum .and. resi 281 end
 SELRPN>      1 atoms have been selected out of  10500
 SELECTED COORDINATES SET IN THE MAIN SET.

  
 CHARMM>    coor set xdir  -10.238 ydir   53.584 zdir   13.677 sele segid dum .and. resi 282 end
 SELRPN>      1 atoms have been selected out of  10500
 SELECTED COORDINATES SET IN THE MAIN SET.

  
 CHARMM>    coor set xdir   43.092 ydir  -28.486 zdir   15.914 sele segid dum .and. resi 283 end
 SELRPN>      1 atoms have been selected out of  10500
 SELECTED COORDINATES SET IN THE MAIN SET.

  
 CHARMM>    coor set xdir   43.997 ydir  -27.023 zdir   14.078 sele segid dum .and. resi 284 end
 SELRPN>      1 atoms have been selected out of  10500
 SELECTED COORDINATES SET IN THE MAIN SET.

  
 CHARMM>    coor set xdir   45.622 ydir  -26.664 zdir   10.257 sele segid dum .and. resi 285 end
 SELRPN>      1 atoms have been selected out of  10500
 SELECTED COORDINATES SET IN THE MAIN SET.

  
 CHARMM>    coor set xdir   44.679 ydir  -27.971 zdir   11.836 sele segid dum .and. resi 286 end
 SELRPN>      1 atoms have been selected out of  10500
 SELECTED COORDINATES SET IN THE MAIN SET.

  
 CHARMM>    coor set xdir   28.611 ydir    5.165 zdir    9.722 sele segid dum .and. resi 287 end
 SELRPN>      1 atoms have been selected out of  10500
 SELECTED COORDINATES SET IN THE MAIN SET.

  
 CHARMM>    coor set xdir   27.902 ydir    5.593 zdir   13.738 sele segid dum .and. resi 288 end
 SELRPN>      1 atoms have been selected out of  10500
 SELECTED COORDINATES SET IN THE MAIN SET.

  
 CHARMM>    coor set xdir   26.637 ydir    5.067 zdir   15.865 sele segid dum .and. resi 289 end
 SELRPN>      1 atoms have been selected out of  10500
 SELECTED COORDINATES SET IN THE MAIN SET.

  
 CHARMM>    coor set xdir   27.168 ydir    4.883 zdir   11.423 sele segid dum .and. resi 290 end
 SELRPN>      1 atoms have been selected out of  10500
 SELECTED COORDINATES SET IN THE MAIN SET.

  
 CHARMM>    coor set xdir   48.539 ydir   -0.322 zdir   13.749 sele segid dum .and. resi 291 end
 SELRPN>      1 atoms have been selected out of  10500
 SELECTED COORDINATES SET IN THE MAIN SET.

  
 CHARMM>    coor set xdir   49.268 ydir   -0.892 zdir    9.786 sele segid dum .and. resi 292 end
 SELRPN>      1 atoms have been selected out of  10500
 SELECTED COORDINATES SET IN THE MAIN SET.

  
 CHARMM>    coor set xdir   49.463 ydir   -1.782 zdir   11.910 sele segid dum .and. resi 293 end
 SELRPN>      1 atoms have been selected out of  10500
 SELECTED COORDINATES SET IN THE MAIN SET.

  
 CHARMM>    coor set xdir   49.100 ydir   -0.700 zdir   16.105 sele segid dum .and. resi 294 end
 SELRPN>      1 atoms have been selected out of  10500
 SELECTED COORDINATES SET IN THE MAIN SET.

  
 CHARMM>    coor set xdir  -46.218 ydir  -50.291 zdir   16.030 sele segid dum .and. resi 295 end
 SELRPN>      1 atoms have been selected out of  10500
 SELECTED COORDINATES SET IN THE MAIN SET.

  
 CHARMM>    coor set xdir  -45.737 ydir  -50.617 zdir   13.602 sele segid dum .and. resi 296 end
 SELRPN>      1 atoms have been selected out of  10500
 SELECTED COORDINATES SET IN THE MAIN SET.

  
 CHARMM>    coor set xdir  -46.796 ydir  -49.191 zdir   11.748 sele segid dum .and. resi 297 end
 SELRPN>      1 atoms have been selected out of  10500
 SELECTED COORDINATES SET IN THE MAIN SET.

  
 CHARMM>    coor set xdir  -46.509 ydir  -49.873 zdir    9.632 sele segid dum .and. resi 298 end
 SELRPN>      1 atoms have been selected out of  10500
 SELECTED COORDINATES SET IN THE MAIN SET.

  
 CHARMM>    coor set xdir   12.452 ydir  -36.353 zdir   15.879 sele segid dum .and. resi 299 end
 SELRPN>      1 atoms have been selected out of  10500
 SELECTED COORDINATES SET IN THE MAIN SET.

  
 CHARMM>    coor set xdir   11.619 ydir  -35.213 zdir   13.845 sele segid dum .and. resi 300 end
 SELRPN>      1 atoms have been selected out of  10500
 SELECTED COORDINATES SET IN THE MAIN SET.

  
 CHARMM>    coor set xdir   12.300 ydir  -34.221 zdir    9.817 sele segid dum .and. resi 301 end
 SELRPN>      1 atoms have been selected out of  10500
 SELECTED COORDINATES SET IN THE MAIN SET.

  
 CHARMM>    coor set xdir   12.633 ydir  -35.703 zdir   11.518 sele segid dum .and. resi 302 end
 SELRPN>      1 atoms have been selected out of  10500
 SELECTED COORDINATES SET IN THE MAIN SET.

  
 CHARMM>    coor set xdir  -52.870 ydir   25.203 zdir   -9.618 sele segid dum .and. resi 303 end
 SELRPN>      1 atoms have been selected out of  10500
 SELECTED COORDINATES SET IN THE MAIN SET.

  
 CHARMM>    coor set xdir  -52.965 ydir   26.170 zdir  -15.929 sele segid dum .and. resi 304 end
 SELRPN>      1 atoms have been selected out of  10500
 SELECTED COORDINATES SET IN THE MAIN SET.

  
 CHARMM>    coor set xdir  -52.998 ydir   25.095 zdir  -13.686 sele segid dum .and. resi 305 end
 SELRPN>      1 atoms have been selected out of  10500
 SELECTED COORDINATES SET IN THE MAIN SET.

  
 CHARMM>    coor set xdir  -52.883 ydir   26.406 zdir  -11.515 sele segid dum .and. resi 306 end
 SELRPN>      1 atoms have been selected out of  10500
 SELECTED COORDINATES SET IN THE MAIN SET.

  
 CHARMM>    coor set xdir  -17.438 ydir  -10.245 zdir  -13.782 sele segid dum .and. resi 307 end
 SELRPN>      1 atoms have been selected out of  10500
 SELECTED COORDINATES SET IN THE MAIN SET.

  
 CHARMM>    coor set xdir  -18.454 ydir  -10.064 zdir  -11.476 sele segid dum .and. resi 308 end
 SELRPN>      1 atoms have been selected out of  10500
 SELECTED COORDINATES SET IN THE MAIN SET.

  
 CHARMM>    coor set xdir  -17.130 ydir   -9.472 zdir   -9.770 sele segid dum .and. resi 309 end
 SELRPN>      1 atoms have been selected out of  10500
 SELECTED COORDINATES SET IN THE MAIN SET.

  
 CHARMM>    coor set xdir  -18.703 ydir  -10.541 zdir  -15.890 sele segid dum .and. resi 310 end
 SELRPN>      1 atoms have been selected out of  10500
 SELECTED COORDINATES SET IN THE MAIN SET.

  
 CHARMM>    coor set xdir   -4.607 ydir  -27.028 zdir  -11.461 sele segid dum .and. resi 311 end
 SELRPN>      1 atoms have been selected out of  10500
 SELECTED COORDINATES SET IN THE MAIN SET.

  
 CHARMM>    coor set xdir   -5.435 ydir  -26.438 zdir   -9.457 sele segid dum .and. resi 312 end
 SELRPN>      1 atoms have been selected out of  10500
 SELECTED COORDINATES SET IN THE MAIN SET.

  
 CHARMM>    coor set xdir   -5.804 ydir  -26.187 zdir  -13.561 sele segid dum .and. resi 313 end
 SELRPN>      1 atoms have been selected out of  10500
 SELECTED COORDINATES SET IN THE MAIN SET.

  
 CHARMM>    coor set xdir   -5.242 ydir  -26.766 zdir  -15.895 sele segid dum .and. resi 314 end
 SELRPN>      1 atoms have been selected out of  10500
 SELECTED COORDINATES SET IN THE MAIN SET.

  
 CHARMM>    coor set xdir   37.392 ydir   16.113 zdir  -15.910 sele segid dum .and. resi 315 end
 SELRPN>      1 atoms have been selected out of  10500
 SELECTED COORDINATES SET IN THE MAIN SET.

  
 CHARMM>    coor set xdir   36.278 ydir   16.150 zdir  -13.716 sele segid dum .and. resi 316 end
 SELRPN>      1 atoms have been selected out of  10500
 SELECTED COORDINATES SET IN THE MAIN SET.

  
 CHARMM>    coor set xdir   36.324 ydir   15.457 zdir   -9.589 sele segid dum .and. resi 317 end
 SELRPN>      1 atoms have been selected out of  10500
 SELECTED COORDINATES SET IN THE MAIN SET.

  
 CHARMM>    coor set xdir   37.534 ydir   15.914 zdir  -11.495 sele segid dum .and. resi 318 end
 SELRPN>      1 atoms have been selected out of  10500
 SELECTED COORDINATES SET IN THE MAIN SET.

  
 CHARMM>    coor set xdir  -16.063 ydir  -54.065 zdir  -15.905 sele segid dum .and. resi 319 end
 SELRPN>      1 atoms have been selected out of  10500
 SELECTED COORDINATES SET IN THE MAIN SET.

  
 CHARMM>    coor set xdir  -16.498 ydir  -53.157 zdir  -13.583 sele segid dum .and. resi 320 end
 SELRPN>      1 atoms have been selected out of  10500
 SELECTED COORDINATES SET IN THE MAIN SET.

  
 CHARMM>    coor set xdir  -16.010 ydir  -54.533 zdir  -11.487 sele segid dum .and. resi 321 end
 SELRPN>      1 atoms have been selected out of  10500
 SELECTED COORDINATES SET IN THE MAIN SET.

  
 CHARMM>    coor set xdir  -16.823 ydir  -53.796 zdir   -9.516 sele segid dum .and. resi 322 end
 SELRPN>      1 atoms have been selected out of  10500
 SELECTED COORDINATES SET IN THE MAIN SET.

  
 CHARMM>    coor set xdir   27.411 ydir  -21.334 zdir   -9.642 sele segid dum .and. resi 323 end
 SELRPN>      1 atoms have been selected out of  10500
 SELECTED COORDINATES SET IN THE MAIN SET.

  
 CHARMM>    coor set xdir   28.080 ydir  -20.127 zdir  -11.375 sele segid dum .and. resi 324 end
 SELRPN>      1 atoms have been selected out of  10500
 SELECTED COORDINATES SET IN THE MAIN SET.

  
 CHARMM>    coor set xdir   27.916 ydir  -19.566 zdir  -15.833 sele segid dum .and. resi 325 end
 SELRPN>      1 atoms have been selected out of  10500
 SELECTED COORDINATES SET IN THE MAIN SET.

  
 CHARMM>    coor set xdir   27.226 ydir  -20.728 zdir  -13.731 sele segid dum .and. resi 326 end
 SELRPN>      1 atoms have been selected out of  10500
 SELECTED COORDINATES SET IN THE MAIN SET.

  
 CHARMM>    coor set xdir  -33.266 ydir   36.944 zdir  -15.891 sele segid dum .and. resi 327 end
 SELRPN>      1 atoms have been selected out of  10500
 SELECTED COORDINATES SET IN THE MAIN SET.

  
 CHARMM>    coor set xdir  -33.322 ydir   38.666 zdir  -14.053 sele segid dum .and. resi 328 end
 SELRPN>      1 atoms have been selected out of  10500
 SELECTED COORDINATES SET IN THE MAIN SET.

  
 CHARMM>    coor set xdir  -33.025 ydir   39.759 zdir  -10.016 sele segid dum .and. resi 329 end
 SELRPN>      1 atoms have been selected out of  10500
 SELECTED COORDINATES SET IN THE MAIN SET.

  
 CHARMM>    coor set xdir  -33.120 ydir   38.076 zdir  -11.542 sele segid dum .and. resi 330 end
 SELRPN>      1 atoms have been selected out of  10500
 SELECTED COORDINATES SET IN THE MAIN SET.

  
 CHARMM>    coor set xdir   25.130 ydir  -13.065 zdir   -9.724 sele segid dum .and. resi 331 end
 SELRPN>      1 atoms have been selected out of  10500
 SELECTED COORDINATES SET IN THE MAIN SET.

  
 CHARMM>    coor set xdir   25.606 ydir  -12.307 zdir  -13.819 sele segid dum .and. resi 332 end
 SELRPN>      1 atoms have been selected out of  10500
 SELECTED COORDINATES SET IN THE MAIN SET.

  
 CHARMM>    coor set xdir   24.684 ydir  -12.028 zdir  -16.054 sele segid dum .and. resi 333 end
 SELRPN>      1 atoms have been selected out of  10500
 SELECTED COORDINATES SET IN THE MAIN SET.

  
 CHARMM>    coor set xdir   24.219 ydir  -13.118 zdir  -11.801 sele segid dum .and. resi 334 end
 SELRPN>      1 atoms have been selected out of  10500
 SELECTED COORDINATES SET IN THE MAIN SET.

  
 CHARMM>    coor set xdir   34.614 ydir  -36.118 zdir  -13.921 sele segid dum .and. resi 335 end
 SELRPN>      1 atoms have been selected out of  10500
 SELECTED COORDINATES SET IN THE MAIN SET.

  
 CHARMM>    coor set xdir   35.383 ydir  -35.545 zdir   -9.881 sele segid dum .and. resi 336 end
 SELRPN>      1 atoms have been selected out of  10500
 SELECTED COORDINATES SET IN THE MAIN SET.

  
 CHARMM>    coor set xdir   33.822 ydir  -35.785 zdir  -11.491 sele segid dum .and. resi 337 end
 SELRPN>      1 atoms have been selected out of  10500
 SELECTED COORDINATES SET IN THE MAIN SET.

  
 CHARMM>    coor set xdir   33.052 ydir  -35.808 zdir  -15.863 sele segid dum .and. resi 338 end
 SELRPN>      1 atoms have been selected out of  10500
 SELECTED COORDINATES SET IN THE MAIN SET.

  
 CHARMM>    coor set xdir  -33.259 ydir  -28.878 zdir  -15.944 sele segid dum .and. resi 339 end
 SELRPN>      1 atoms have been selected out of  10500
 SELECTED COORDINATES SET IN THE MAIN SET.

  
 CHARMM>    coor set xdir  -33.066 ydir  -27.039 zdir  -14.304 sele segid dum .and. resi 340 end
 SELRPN>      1 atoms have been selected out of  10500
 SELECTED COORDINATES SET IN THE MAIN SET.

  
 CHARMM>    coor set xdir  -33.429 ydir  -27.294 zdir  -11.780 sele segid dum .and. resi 341 end
 SELRPN>      1 atoms have been selected out of  10500
 SELECTED COORDINATES SET IN THE MAIN SET.

  
 CHARMM>    coor set xdir  -33.392 ydir  -25.461 zdir  -10.474 sele segid dum .and. resi 342 end
 SELRPN>      1 atoms have been selected out of  10500
 SELECTED COORDINATES SET IN THE MAIN SET.

  
 CHARMM>    coor set xdir   11.221 ydir   24.025 zdir  -16.026 sele segid dum .and. resi 343 end
 SELRPN>      1 atoms have been selected out of  10500
 SELECTED COORDINATES SET IN THE MAIN SET.

  
 CHARMM>    coor set xdir   10.127 ydir   24.013 zdir  -13.747 sele segid dum .and. resi 344 end
 SELRPN>      1 atoms have been selected out of  10500
 SELECTED COORDINATES SET IN THE MAIN SET.

  
 CHARMM>    coor set xdir   10.420 ydir   24.315 zdir   -9.552 sele segid dum .and. resi 345 end
 SELRPN>      1 atoms have been selected out of  10500
 SELECTED COORDINATES SET IN THE MAIN SET.

  
 CHARMM>    coor set xdir   11.432 ydir   24.516 zdir  -11.585 sele segid dum .and. resi 346 end
 SELRPN>      1 atoms have been selected out of  10500
 SELECTED COORDINATES SET IN THE MAIN SET.

  
 CHARMM>    coor set xdir   34.421 ydir   -0.374 zdir  -14.268 sele segid dum .and. resi 347 end
 SELRPN>      1 atoms have been selected out of  10500
 SELECTED COORDINATES SET IN THE MAIN SET.

  
 CHARMM>    coor set xdir   34.659 ydir    0.139 zdir  -11.810 sele segid dum .and. resi 348 end
 SELRPN>      1 atoms have been selected out of  10500
 SELECTED COORDINATES SET IN THE MAIN SET.

  
 CHARMM>    coor set xdir   35.218 ydir   -1.529 zdir  -10.395 sele segid dum .and. resi 349 end
 SELRPN>      1 atoms have been selected out of  10500
 SELECTED COORDINATES SET IN THE MAIN SET.

  
 CHARMM>    coor set xdir   33.903 ydir    1.414 zdir  -15.956 sele segid dum .and. resi 350 end
 SELRPN>      1 atoms have been selected out of  10500
 SELECTED COORDINATES SET IN THE MAIN SET.

  
 CHARMM>    coor set xdir  -26.353 ydir  -45.101 zdir   -9.447 sele segid dum .and. resi 351 end
 SELRPN>      1 atoms have been selected out of  10500
 SELECTED COORDINATES SET IN THE MAIN SET.

  
 CHARMM>    coor set xdir  -27.324 ydir  -44.662 zdir  -15.890 sele segid dum .and. resi 352 end
 SELRPN>      1 atoms have been selected out of  10500
 SELECTED COORDINATES SET IN THE MAIN SET.

  
 CHARMM>    coor set xdir  -26.371 ydir  -45.250 zdir  -13.621 sele segid dum .and. resi 353 end
 SELRPN>      1 atoms have been selected out of  10500
 SELECTED COORDINATES SET IN THE MAIN SET.

  
 CHARMM>    coor set xdir  -27.454 ydir  -44.581 zdir  -11.379 sele segid dum .and. resi 354 end
 SELRPN>      1 atoms have been selected out of  10500
 SELECTED COORDINATES SET IN THE MAIN SET.

  
 CHARMM>    coor set xdir  -43.387 ydir   47.869 zdir  -13.991 sele segid dum .and. resi 355 end
 SELRPN>      1 atoms have been selected out of  10500
 SELECTED COORDINATES SET IN THE MAIN SET.

  
 CHARMM>    coor set xdir  -43.775 ydir   47.208 zdir  -11.533 sele segid dum .and. resi 356 end
 SELRPN>      1 atoms have been selected out of  10500
 SELECTED COORDINATES SET IN THE MAIN SET.

  
 CHARMM>    coor set xdir  -43.507 ydir   48.754 zdir   -9.916 sele segid dum .and. resi 357 end
 SELRPN>      1 atoms have been selected out of  10500
 SELECTED COORDINATES SET IN THE MAIN SET.

  
 CHARMM>    coor set xdir  -43.668 ydir   46.244 zdir  -15.859 sele segid dum .and. resi 358 end
 SELRPN>      1 atoms have been selected out of  10500
 SELECTED COORDINATES SET IN THE MAIN SET.

  
 CHARMM>    coor set xdir   -3.384 ydir   39.164 zdir  -13.708 sele segid dum .and. resi 359 end
 SELRPN>      1 atoms have been selected out of  10500
 SELECTED COORDINATES SET IN THE MAIN SET.

  
 CHARMM>    coor set xdir   -1.997 ydir   39.440 zdir   -9.852 sele segid dum .and. resi 360 end
 SELRPN>      1 atoms have been selected out of  10500
 SELECTED COORDINATES SET IN THE MAIN SET.

  
 CHARMM>    coor set xdir   -1.491 ydir   39.162 zdir  -12.051 sele segid dum .and. resi 361 end
 SELRPN>      1 atoms have been selected out of  10500
 SELECTED COORDINATES SET IN THE MAIN SET.

  
 CHARMM>    coor set xdir   -2.966 ydir   38.611 zdir  -16.140 sele segid dum .and. resi 362 end
 SELRPN>      1 atoms have been selected out of  10500
 SELECTED COORDINATES SET IN THE MAIN SET.

  
 CHARMM>    coor set xdir   32.155 ydir   31.307 zdir  -15.827 sele segid dum .and. resi 363 end
 SELRPN>      1 atoms have been selected out of  10500
 SELECTED COORDINATES SET IN THE MAIN SET.

  
 CHARMM>    coor set xdir   33.219 ydir   31.930 zdir  -13.660 sele segid dum .and. resi 364 end
 SELRPN>      1 atoms have been selected out of  10500
 SELECTED COORDINATES SET IN THE MAIN SET.

  
 CHARMM>    coor set xdir   33.187 ydir   32.387 zdir   -9.560 sele segid dum .and. resi 365 end
 SELRPN>      1 atoms have been selected out of  10500
 SELECTED COORDINATES SET IN THE MAIN SET.

  
 CHARMM>    coor set xdir   32.186 ydir   31.464 zdir  -11.385 sele segid dum .and. resi 366 end
 SELRPN>      1 atoms have been selected out of  10500
 SELECTED COORDINATES SET IN THE MAIN SET.

  
 CHARMM>    coor set xdir   50.309 ydir  -46.713 zdir   -9.778 sele segid dum .and. resi 367 end
 SELRPN>      1 atoms have been selected out of  10500
 SELECTED COORDINATES SET IN THE MAIN SET.

  
 CHARMM>    coor set xdir   51.080 ydir  -46.140 zdir  -16.186 sele segid dum .and. resi 368 end
 SELRPN>      1 atoms have been selected out of  10500
 SELECTED COORDINATES SET IN THE MAIN SET.

  
 CHARMM>    coor set xdir   51.129 ydir  -47.010 zdir  -13.853 sele segid dum .and. resi 369 end
 SELRPN>      1 atoms have been selected out of  10500
 SELECTED COORDINATES SET IN THE MAIN SET.

  
 CHARMM>    coor set xdir   49.755 ydir  -46.104 zdir  -11.853 sele segid dum .and. resi 370 end
 SELRPN>      1 atoms have been selected out of  10500
 SELECTED COORDINATES SET IN THE MAIN SET.

  
 CHARMM>    coor set xdir  -16.229 ydir  -16.579 zdir  -13.713 sele segid dum .and. resi 371 end
 SELRPN>      1 atoms have been selected out of  10500
 SELECTED COORDINATES SET IN THE MAIN SET.

  
 CHARMM>    coor set xdir  -15.139 ydir  -16.377 zdir  -11.411 sele segid dum .and. resi 372 end
 SELRPN>      1 atoms have been selected out of  10500
 SELECTED COORDINATES SET IN THE MAIN SET.

  
 CHARMM>    coor set xdir  -16.410 ydir  -16.492 zdir   -9.561 sele segid dum .and. resi 373 end
 SELRPN>      1 atoms have been selected out of  10500
 SELECTED COORDINATES SET IN THE MAIN SET.

  
 CHARMM>    coor set xdir  -14.984 ydir  -16.661 zdir  -15.814 sele segid dum .and. resi 374 end
 SELRPN>      1 atoms have been selected out of  10500
 SELECTED COORDINATES SET IN THE MAIN SET.

  
 CHARMM>    coor set xdir    6.925 ydir  -52.319 zdir  -16.084 sele segid dum .and. resi 375 end
 SELRPN>      1 atoms have been selected out of  10500
 SELECTED COORDINATES SET IN THE MAIN SET.

  
 CHARMM>    coor set xdir    7.681 ydir  -52.027 zdir  -11.698 sele segid dum .and. resi 376 end
 SELRPN>      1 atoms have been selected out of  10500
 SELECTED COORDINATES SET IN THE MAIN SET.

  
 CHARMM>    coor set xdir    7.024 ydir  -51.245 zdir   -9.704 sele segid dum .and. resi 377 end
 SELRPN>      1 atoms have been selected out of  10500
 SELECTED COORDINATES SET IN THE MAIN SET.

  
 CHARMM>    coor set xdir    6.512 ydir  -51.268 zdir  -13.842 sele segid dum .and. resi 378 end
 SELRPN>      1 atoms have been selected out of  10500
 SELECTED COORDINATES SET IN THE MAIN SET.

  
 CHARMM>    coor set xdir  -20.701 ydir  -21.488 zdir   -9.839 sele segid dum .and. resi 379 end
 SELRPN>      1 atoms have been selected out of  10500
 SELECTED COORDINATES SET IN THE MAIN SET.

  
 CHARMM>    coor set xdir  -20.628 ydir  -22.203 zdir  -13.966 sele segid dum .and. resi 380 end
 SELRPN>      1 atoms have been selected out of  10500
 SELECTED COORDINATES SET IN THE MAIN SET.

  
 CHARMM>    coor set xdir  -21.160 ydir  -23.629 zdir  -15.949 sele segid dum .and. resi 381 end
 SELRPN>      1 atoms have been selected out of  10500
 SELECTED COORDINATES SET IN THE MAIN SET.

  
 CHARMM>    coor set xdir  -21.352 ydir  -22.796 zdir  -11.598 sele segid dum .and. resi 382 end
 SELRPN>      1 atoms have been selected out of  10500
 SELECTED COORDINATES SET IN THE MAIN SET.

  
 CHARMM>    coor set xdir   27.281 ydir   46.510 zdir  -13.738 sele segid dum .and. resi 383 end
 SELRPN>      1 atoms have been selected out of  10500
 SELECTED COORDINATES SET IN THE MAIN SET.

  
 CHARMM>    coor set xdir   27.603 ydir   45.747 zdir   -9.722 sele segid dum .and. resi 384 end
 SELRPN>      1 atoms have been selected out of  10500
 SELECTED COORDINATES SET IN THE MAIN SET.

  
 CHARMM>    coor set xdir   28.088 ydir   47.135 zdir  -11.423 sele segid dum .and. resi 385 end
 SELRPN>      1 atoms have been selected out of  10500
 SELECTED COORDINATES SET IN THE MAIN SET.

  
 CHARMM>    coor set xdir   27.981 ydir   47.686 zdir  -15.865 sele segid dum .and. resi 386 end
 SELRPN>      1 atoms have been selected out of  10500
 SELECTED COORDINATES SET IN THE MAIN SET.

  
 CHARMM>    coor set xdir   20.346 ydir  -48.546 zdir   -9.591 sele segid dum .and. resi 387 end
 SELRPN>      1 atoms have been selected out of  10500
 SELECTED COORDINATES SET IN THE MAIN SET.

  
 CHARMM>    coor set xdir   21.178 ydir  -47.832 zdir  -11.524 sele segid dum .and. resi 388 end
 SELRPN>      1 atoms have been selected out of  10500
 SELECTED COORDINATES SET IN THE MAIN SET.

  
 CHARMM>    coor set xdir   19.922 ydir  -48.434 zdir  -13.682 sele segid dum .and. resi 389 end
 SELRPN>      1 atoms have been selected out of  10500
 SELECTED COORDINATES SET IN THE MAIN SET.

  
 CHARMM>    coor set xdir   20.798 ydir  -47.818 zdir  -15.949 sele segid dum .and. resi 390 end
 SELRPN>      1 atoms have been selected out of  10500
 SELECTED COORDINATES SET IN THE MAIN SET.

  
 CHARMM>    coor set xdir  -28.244 ydir   20.451 zdir  -15.943 sele segid dum .and. resi 391 end
 SELRPN>      1 atoms have been selected out of  10500
 SELECTED COORDINATES SET IN THE MAIN SET.

  
 CHARMM>    coor set xdir  -27.198 ydir   20.052 zdir  -13.714 sele segid dum .and. resi 392 end
 SELRPN>      1 atoms have been selected out of  10500
 SELECTED COORDINATES SET IN THE MAIN SET.

  
 CHARMM>    coor set xdir  -27.490 ydir   19.581 zdir   -9.570 sele segid dum .and. resi 393 end
 SELRPN>      1 atoms have been selected out of  10500
 SELECTED COORDINATES SET IN THE MAIN SET.

  
 CHARMM>    coor set xdir  -28.558 ydir   19.664 zdir  -11.588 sele segid dum .and. resi 394 end
 SELRPN>      1 atoms have been selected out of  10500
 SELECTED COORDINATES SET IN THE MAIN SET.

  
 CHARMM>     
  
 CHARMM>    scalar wmain set 0
  
 CHARMM>    scalar wmain set 1.0 sele segid MEMB .and. resi 202 end
 SELRPN>      0 atoms have been selected out of  10500
  
 CHARMM>    scalar wmain set 1.0 sele segid PROA .and. resi 3 end
 SELRPN>     14 atoms have been selected out of  10500
  
 CHARMM>    scalar wmain set 1.0 sele segid PROA .and. resi 5 end
 SELRPN>     21 atoms have been selected out of  10500
  
 CHARMM>    scalar wmain set 1.0 sele segid PROA .and. resi 7 end
 SELRPN>     21 atoms have been selected out of  10500
  
 CHARMM>    scalar wmain set 1.0 sele segid PROA .and. resi 8 end
 SELRPN>     21 atoms have been selected out of  10500
  
 CHARMM>    scalar wmain set 1.0 sele segid PROA .and. resi 42 end
 SELRPN>     21 atoms have been selected out of  10500
  
 CHARMM>    scalar wmain set 1.0 sele segid PROA .and. resi 60 end
 SELRPN>     14 atoms have been selected out of  10500
  
 CHARMM>    scalar wmain set 1.0 sele segid PROA .and. resi 64 end
 SELRPN>     21 atoms have been selected out of  10500
  
 CHARMM>    scalar wmain set 1.0 sele segid PROA .and. resi 71 end
 SELRPN>     24 atoms have been selected out of  10500
  
 CHARMM>    scalar wmain set 1.0 sele segid PROA .and. resi 73 end
 SELRPN>     20 atoms have been selected out of  10500
  
 CHARMM>    scalar wmain set 1.0 sele segid PROA .and. resi 77 end
 SELRPN>     17 atoms have been selected out of  10500
  
 CHARMM>    scalar wmain set 1.0 sele segid PROA .and. resi 104 end
 SELRPN>     21 atoms have been selected out of  10500
  
 CHARMM>    scalar wmain set 1.0 sele segid PROA .and. resi 110 end
 SELRPN>     14 atoms have been selected out of  10500
  
 CHARMM>    scalar wmain set 1.0 sele segid PROA .and. resi 113 end
 SELRPN>     21 atoms have been selected out of  10500
  
 CHARMM>    scalar wmain set 1.0 sele segid PROA .and. resi 117 end
 SELRPN>     21 atoms have been selected out of  10500
  
 CHARMM>    scalar wmain set 1.0 sele segid PROA .and. resi 131 end
 SELRPN>     24 atoms have been selected out of  10500
  
 CHARMM>    scalar wmain set 1.0 sele segid PROA .and. resi 135 end
 SELRPN>     20 atoms have been selected out of  10500
  
 CHARMM>    scalar wmain set 1.0 sele segid PROA .and. resi 140 end
 SELRPN>     14 atoms have been selected out of  10500
  
 CHARMM>    scalar wmain set 1.0 sele segid PROA .and. resi 143 end
 SELRPN>     20 atoms have been selected out of  10500
  
 CHARMM>    scalar wmain set 1.0 sele segid PROA .and. resi 158 end
 SELRPN>     14 atoms have been selected out of  10500
  
 CHARMM>    scalar wmain set 1.0 sele segid PROA .and. resi 160 end
 SELRPN>     20 atoms have been selected out of  10500
  
 CHARMM>    scalar wmain set 1.0 sele segid PROA .and. resi 163 end
 SELRPN>     21 atoms have been selected out of  10500
  
 CHARMM>    scalar wmain set 1.0 sele segid PROA .and. resi 169 end
 SELRPN>     20 atoms have been selected out of  10500
  
 CHARMM>    scalar wmain set 1.0 sele segid PROA .and. resi 170 end
 SELRPN>     21 atoms have been selected out of  10500
  
 CHARMM>    scalar wmain set 1.0 sele segid PROA .and. resi 172 end
 SELRPN>     14 atoms have been selected out of  10500
  
 CHARMM>    scalar wmain set 1.0 sele segid PROA .and. resi 173 end
 SELRPN>     20 atoms have been selected out of  10500
  
 CHARMM>    scalar wmain set 1.0 sele segid PROA .and. resi 180 end
 SELRPN>     21 atoms have been selected out of  10500
  
 CHARMM>    scalar wmain set 1.0 sele segid PROA .and. resi 184 end
 SELRPN>     21 atoms have been selected out of  10500
  
 CHARMM>    scalar wmain set 1.0 sele segid PROA .and. resi 203 end
 SELRPN>     20 atoms have been selected out of  10500
  
 CHARMM>    scalar wmain set 1.0 sele segid PROA .and. resi 210 end
 SELRPN>     14 atoms have been selected out of  10500
  
 CHARMM>    scalar wmain set 1.0 sele segid PROA .and. resi 217 end
 SELRPN>     17 atoms have been selected out of  10500
  
 CHARMM>    scalar wmain set 1.0 sele segid PROA .and. resi 235 end
 SELRPN>     14 atoms have been selected out of  10500
  
 CHARMM>    scalar wmain set 1.0 sele segid PROA .and. resi 260 end
 SELRPN>     14 atoms have been selected out of  10500
  
 CHARMM>    scalar wmain set 1.0 sele segid PROA .and. resi 261 end
 SELRPN>     14 atoms have been selected out of  10500
  
 CHARMM>    scalar wmain set 1.0 sele segid PROA .and. resi 266 end
 SELRPN>     21 atoms have been selected out of  10500
  
 CHARMM>    scalar wmain set 1.0 sele segid PROA .and. resi 268 end
 SELRPN>     14 atoms have been selected out of  10500
  
 CHARMM>    scalar wmain set 1.0 sele segid PROA .and. resi 270 end
 SELRPN>     14 atoms have been selected out of  10500
  
 CHARMM>    scalar wmain set 1.0 sele segid PROA .and. resi 271 end
 SELRPN>     14 atoms have been selected out of  10500
  
 CHARMM>    scalar wmain set 1.0 sele segid PROA .and. resi 279 end
 SELRPN>     14 atoms have been selected out of  10500
  
 CHARMM>    scalar wmain set 1.0 sele segid PROA .and. resi 281 end
 SELRPN>     14 atoms have been selected out of  10500
  
 CHARMM>    scalar wmain set 1.0 sele segid PROA .and. resi 283 end
 SELRPN>     17 atoms have been selected out of  10500
  
 CHARMM>    scalar wmain set 1.0 sele segid PROA .and. resi 284 end
 SELRPN>     17 atoms have been selected out of  10500
  
 CHARMM>    scalar wmain set 1.0 sele segid PROA .and. resi 290 end
 SELRPN>     14 atoms have been selected out of  10500
  
 CHARMM>    scalar wmain set 1.0 sele segid PROA .and. resi 293 end
 SELRPN>     14 atoms have been selected out of  10500
  
 CHARMM>    scalar wmain set 1.0 sele segid PROA .and. resi 301 end
 SELRPN>     17 atoms have been selected out of  10500
  
 CHARMM>    scalar wmain set 1.0 sele segid PROA .and. resi 306 end
 SELRPN>     14 atoms have been selected out of  10500
  
 CHARMM>    scalar wmain set 1.0 sele segid PROA .and. resi 312 end
 SELRPN>     20 atoms have been selected out of  10500
  
 CHARMM>    scalar wmain set 1.0 sele segid PROA .and. resi 318 end
 SELRPN>     14 atoms have been selected out of  10500
  
 CHARMM>    scalar wmain set 1.0 sele segid PROA .and. resi 353 end
 SELRPN>     20 atoms have been selected out of  10500
  
 CHARMM>    scalar wmain set 1.0 sele segid PROA .and. resi 357 end
 SELRPN>     24 atoms have been selected out of  10500
  
 CHARMM>    scalar wmain set 1.0 sele segid PROA .and. resi 359 end
 SELRPN>     14 atoms have been selected out of  10500
  
 CHARMM>    scalar wmain set 1.0 sele segid PROA .and. resi 361 end
 SELRPN>     20 atoms have been selected out of  10500
  
 CHARMM>    scalar wmain set 1.0 sele segid PROA .and. resi 375 end
 SELRPN>     14 atoms have been selected out of  10500
  
 CHARMM>    scalar wmain set 1.0 sele segid PROA .and. resi 376 end
 SELRPN>     14 atoms have been selected out of  10500
  
 CHARMM>    scalar wmain set 1.0 sele segid PROA .and. resi 379 end
 SELRPN>     21 atoms have been selected out of  10500
  
 CHARMM>    scalar wmain set 1.0 sele segid PROA .and. resi 382 end
 SELRPN>     20 atoms have been selected out of  10500
  
 CHARMM>    scalar wmain set 1.0 sele segid PROA .and. resi 384 end
 SELRPN>     24 atoms have been selected out of  10500
  
 CHARMM>    scalar wmain set 1.0 sele segid PROA .and. resi 397 end
 SELRPN>     21 atoms have been selected out of  10500
  
 CHARMM>    scalar wmain set 1.0 sele segid PROA .and. resi 400 end
 SELRPN>     20 atoms have been selected out of  10500
  
 CHARMM>    scalar wmain set 1.0 sele segid PROA .and. resi 404 end
 SELRPN>     20 atoms have been selected out of  10500
  
 CHARMM>    scalar wmain set 1.0 sele segid PROA .and. resi 408 end
 SELRPN>     20 atoms have been selected out of  10500
  
 CHARMM>    scalar wmain set 1.0 sele segid PROA .and. resi 413 end
 SELRPN>     17 atoms have been selected out of  10500
  
 CHARMM>    scalar wmain set 1.0 sele segid PROA .and. resi 394 end
 SELRPN>     14 atoms have been selected out of  10500
  
 CHARMM>    scalar wmain set 1.0 sele segid PROA .and. resi 387 end
 SELRPN>     21 atoms have been selected out of  10500
  
 CHARMM>    scalar wmain set 1.0 sele segid PROA .and. resi 370 end
 SELRPN>     10 atoms have been selected out of  10500
  
 CHARMM>    scalar wmain set 1.0 sele segid PROA .and. resi 369 end
 SELRPN>     17 atoms have been selected out of  10500
  
 CHARMM>    scalar wmain set 1.0 sele segid PROA .and. resi 364 end
 SELRPN>     17 atoms have been selected out of  10500
  
 CHARMM>    scalar wmain set 1.0 sele segid PROA .and. resi 360 end
 SELRPN>     20 atoms have been selected out of  10500
  
 CHARMM>    scalar wmain set 1.0 sele segid PROA .and. resi 305 end
 SELRPN>     17 atoms have been selected out of  10500
  
 CHARMM>    scalar wmain set 1.0 sele segid PROA .and. resi 296 end
 SELRPN>     14 atoms have been selected out of  10500
  
 CHARMM>    scalar wmain set 1.0 sele segid PROA .and. resi 287 end
 SELRPN>     17 atoms have been selected out of  10500
  
 CHARMM>    scalar wmain set 1.0 sele segid PROA .and. resi 274 end
 SELRPN>     17 atoms have been selected out of  10500
  
 CHARMM>    scalar wmain set 1.0 sele segid PROA .and. resi 273 end
 SELRPN>     17 atoms have been selected out of  10500
  
 CHARMM>    scalar wmain set 1.0 sele segid PROA .and. resi 234 end
 SELRPN>     20 atoms have been selected out of  10500
  
 CHARMM>    scalar wmain set 1.0 sele segid PROA .and. resi 218 end
 SELRPN>     14 atoms have been selected out of  10500
  
 CHARMM>    scalar wmain set 1.0 sele segid PROA .and. resi 206 end
 SELRPN>     17 atoms have been selected out of  10500
  
 CHARMM>    scalar wmain set 1.0 sele segid PROA .and. resi 78 end
 SELRPN>     10 atoms have been selected out of  10500
  
 CHARMM>    scalar wmain set 1.0 sele segid PROA .and. resi 81 end
 SELRPN>     20 atoms have been selected out of  10500
  
 CHARMM>    scalar wmain set 1.0 sele segid PROA .and. resi 61 end
 SELRPN>     24 atoms have been selected out of  10500
  
 CHARMM>    scalar wmain set 1.0 sele segid PROA .and. resi 21 end
 SELRPN>     20 atoms have been selected out of  10500
  
 CHARMM>    scalar wmain set 1.0 sele segid PROA .and. resi 4 end
 SELRPN>     17 atoms have been selected out of  10500
  
 CHARMM>    scalar wmain set 1.0 sele segid MEMB .and. resi 203 end
 SELRPN>      0 atoms have been selected out of  10500
  
 CHARMM>    scalar wmain set 1.0 sele segid MEMB .and. resi 204 end
 SELRPN>      0 atoms have been selected out of  10500
  
 CHARMM>    scalar wmain set 1.0 sele segid MEMB .and. resi 205 end
 SELRPN>      0 atoms have been selected out of  10500
  
 CHARMM>    scalar wmain set 1.0 sele segid MEMB .and. resi 206 end
 SELRPN>      0 atoms have been selected out of  10500
  
 CHARMM>    scalar wmain set 1.0 sele segid MEMB .and. resi 207 end
 SELRPN>      0 atoms have been selected out of  10500
  
 CHARMM>    scalar wmain set 1.0 sele segid MEMB .and. resi 208 end
 SELRPN>      0 atoms have been selected out of  10500
  
 CHARMM>    scalar wmain set 1.0 sele segid PROB .and. resi 82 end
 SELRPN>     20 atoms have been selected out of  10500
  
 CHARMM>    scalar wmain set 1.0 sele segid PROB .and. resi 78 end
 SELRPN>     24 atoms have been selected out of  10500
  
 CHARMM>    scalar wmain set 1.0 sele segid PROB .and. resi 58 end
 SELRPN>     20 atoms have been selected out of  10500
  
 CHARMM>    scalar wmain set 1.0 sele segid PROB .and. resi 56 end
 SELRPN>     20 atoms have been selected out of  10500
  
 CHARMM>    scalar wmain set 1.0 sele segid PROB .and. resi 39 end
 SELRPN>     17 atoms have been selected out of  10500
  
 CHARMM>    scalar wmain set 1.0 sele segid PROB .and. resi 55 end
 SELRPN>     17 atoms have been selected out of  10500
  
 CHARMM>    scalar wmain set 1.0 sele segid PROB .and. resi 62 end
 SELRPN>     17 atoms have been selected out of  10500
  
 CHARMM>    scalar wmain set 1.0 sele segid PROB .and. resi 63 end
 SELRPN>     20 atoms have been selected out of  10500
  
 CHARMM>    scalar wmain set 1.0 sele segid PROB .and. resi 66 end
 SELRPN>     20 atoms have been selected out of  10500
  
 CHARMM>    scalar wmain set 1.0 sele segid PROB .and. resi 80 end
 SELRPN>     17 atoms have been selected out of  10500
  
 CHARMM>    scalar wmain set 1.0 sele segid PROB .and. resi 90 end
 SELRPN>     20 atoms have been selected out of  10500
  
 CHARMM>    scalar wmain set 1.0 sele segid PROB .and. resi 97 end
 SELRPN>     21 atoms have been selected out of  10500
  
 CHARMM>    scalar wmain set 1.0 sele segid PROB .and. resi 107 end
 SELRPN>     20 atoms have been selected out of  10500
  
 CHARMM>    scalar wmain set 1.0 sele segid PROB .and. resi 116 end
 SELRPN>     20 atoms have been selected out of  10500
  
 CHARMM>    scalar wmain set 1.0 sele segid PROB .and. resi 124 end
 SELRPN>     20 atoms have been selected out of  10500
  
 CHARMM>    scalar wmain set 1.0 sele segid PROB .and. resi 131 end
 SELRPN>     20 atoms have been selected out of  10500
  
 CHARMM>    scalar wmain set 1.0 sele segid PROB .and. resi 139 end
 SELRPN>     14 atoms have been selected out of  10500
  
 CHARMM>    scalar wmain set 1.0 sele segid PROB .and. resi 145 end
 SELRPN>     14 atoms have been selected out of  10500
  
 CHARMM>    scalar wmain set 1.0 sele segid PROB .and. resi 147 end
 SELRPN>     21 atoms have been selected out of  10500
  
 CHARMM>    scalar wmain set 1.0 sele segid PROB .and. resi 150 end
 SELRPN>     14 atoms have been selected out of  10500
  
 CHARMM>    scalar wmain set 1.0 sele segid PROB .and. resi 153 end
 SELRPN>     21 atoms have been selected out of  10500
  
 CHARMM>    scalar wmain set 1.0 sele segid PROB .and. resi 159 end
 SELRPN>     21 atoms have been selected out of  10500
  
 CHARMM>    scalar wmain set 1.0 sele segid PROB .and. resi 171 end
 SELRPN>     14 atoms have been selected out of  10500
  
 CHARMM>    scalar wmain set 1.0 sele segid PROB .and. resi 176 end
 SELRPN>     21 atoms have been selected out of  10500
  
 CHARMM>    scalar wmain set 1.0 sele segid PROB .and. resi 210 end
 SELRPN>     22 atoms have been selected out of  10500
  
 CHARMM>    scalar wmain set 1.0 sele segid PROB .and. resi 192 end
 SELRPN>     20 atoms have been selected out of  10500
  
 CHARMM>    scalar wmain set 1.0 sele segid PROB .and. resi 178 end
 SELRPN>     17 atoms have been selected out of  10500
  
 CHARMM>    scalar wmain set 1.0 sele segid PROB .and. resi 164 end
 SELRPN>     20 atoms have been selected out of  10500
  
 CHARMM>    scalar wmain set 1.0 sele segid PROB .and. resi 144 end
 SELRPN>     20 atoms have been selected out of  10500
  
 CHARMM>    scalar wmain set 1.0 sele segid PROB .and. resi 115 end
 SELRPN>     20 atoms have been selected out of  10500
  
 CHARMM>    scalar wmain set 1.0 sele segid PROB .and. resi 101 end
 SELRPN>     17 atoms have been selected out of  10500
  
 CHARMM>    scalar wmain set 1.0 sele segid HETA .and. resi 1 end
 SELRPN>     71 atoms have been selected out of  10500
  
 CHARMM>    scalar wmain set 1.0 sele segid MEMB .and. resi 1 end
 SELRPN>      0 atoms have been selected out of  10500
  
 CHARMM>    scalar wmain set 1.0 sele segid MEMB .and. resi 2 end
 SELRPN>      0 atoms have been selected out of  10500
  
 CHARMM>    scalar wmain set 1.0 sele segid MEMB .and. resi 3 end
 SELRPN>      0 atoms have been selected out of  10500
  
 CHARMM>    scalar wmain set 1.0 sele segid MEMB .and. resi 4 end
 SELRPN>      0 atoms have been selected out of  10500
  
 CHARMM>    scalar wmain set 1.0 sele segid MEMB .and. resi 5 end
 SELRPN>      0 atoms have been selected out of  10500
  
 CHARMM>    scalar wmain set 1.0 sele segid MEMB .and. resi 6 end
 SELRPN>      0 atoms have been selected out of  10500
  
 CHARMM>    scalar wmain set 1.0 sele segid MEMB .and. resi 7 end
 SELRPN>      0 atoms have been selected out of  10500
  
 CHARMM>    scalar wmain set 1.0 sele segid MEMB .and. resi 8 end
 SELRPN>      0 atoms have been selected out of  10500
  
 CHARMM>    scalar wmain set 1.0 sele segid MEMB .and. resi 9 end
 SELRPN>      0 atoms have been selected out of  10500
  
 CHARMM>    scalar wmain set 1.0 sele segid MEMB .and. resi 10 end
 SELRPN>      0 atoms have been selected out of  10500
  
 CHARMM>    scalar wmain set 1.0 sele segid MEMB .and. resi 11 end
 SELRPN>      0 atoms have been selected out of  10500
  
 CHARMM>    scalar wmain set 1.0 sele segid MEMB .and. resi 12 end
 SELRPN>      0 atoms have been selected out of  10500
  
 CHARMM>    scalar wmain set 1.0 sele segid MEMB .and. resi 13 end
 SELRPN>      0 atoms have been selected out of  10500
  
 CHARMM>    scalar wmain set 1.0 sele segid MEMB .and. resi 14 end
 SELRPN>      0 atoms have been selected out of  10500
  
 CHARMM>    scalar wmain set 1.0 sele segid MEMB .and. resi 15 end
 SELRPN>      0 atoms have been selected out of  10500
  
 CHARMM>    scalar wmain set 1.0 sele segid MEMB .and. resi 16 end
 SELRPN>      0 atoms have been selected out of  10500
  
 CHARMM>    scalar wmain set 1.0 sele segid MEMB .and. resi 17 end
 SELRPN>      0 atoms have been selected out of  10500
  
 CHARMM>    scalar wmain set 1.0 sele segid MEMB .and. resi 18 end
 SELRPN>      0 atoms have been selected out of  10500
  
 CHARMM>    scalar wmain set 1.0 sele segid MEMB .and. resi 19 end
 SELRPN>      0 atoms have been selected out of  10500
  
 CHARMM>    scalar wmain set 1.0 sele segid MEMB .and. resi 20 end
 SELRPN>      0 atoms have been selected out of  10500
  
 CHARMM>    scalar wmain set 1.0 sele segid MEMB .and. resi 21 end
 SELRPN>      0 atoms have been selected out of  10500
  
 CHARMM>    scalar wmain set 1.0 sele segid MEMB .and. resi 22 end
 SELRPN>      0 atoms have been selected out of  10500
  
 CHARMM>    scalar wmain set 1.0 sele segid MEMB .and. resi 23 end
 SELRPN>      0 atoms have been selected out of  10500
  
 CHARMM>    scalar wmain set 1.0 sele segid MEMB .and. resi 24 end
 SELRPN>      0 atoms have been selected out of  10500
  
 CHARMM>    scalar wmain set 1.0 sele segid MEMB .and. resi 25 end
 SELRPN>      0 atoms have been selected out of  10500
  
 CHARMM>    scalar wmain set 1.0 sele segid MEMB .and. resi 26 end
 SELRPN>      0 atoms have been selected out of  10500
  
 CHARMM>    scalar wmain set 1.0 sele segid MEMB .and. resi 27 end
 SELRPN>      0 atoms have been selected out of  10500
  
 CHARMM>    scalar wmain set 1.0 sele segid MEMB .and. resi 28 end
 SELRPN>      0 atoms have been selected out of  10500
  
 CHARMM>    scalar wmain set 1.0 sele segid MEMB .and. resi 29 end
 SELRPN>      0 atoms have been selected out of  10500
  
 CHARMM>    scalar wmain set 1.0 sele segid MEMB .and. resi 30 end
 SELRPN>      0 atoms have been selected out of  10500
  
 CHARMM>    scalar wmain set 1.0 sele segid MEMB .and. resi 31 end
 SELRPN>      0 atoms have been selected out of  10500
  
 CHARMM>    scalar wmain set 1.0 sele segid MEMB .and. resi 32 end
 SELRPN>      0 atoms have been selected out of  10500
  
 CHARMM>    scalar wmain set 1.0 sele segid MEMB .and. resi 33 end
 SELRPN>      0 atoms have been selected out of  10500
  
 CHARMM>    scalar wmain set 1.0 sele segid MEMB .and. resi 34 end
 SELRPN>      0 atoms have been selected out of  10500
  
 CHARMM>    scalar wmain set 1.0 sele segid MEMB .and. resi 35 end
 SELRPN>      0 atoms have been selected out of  10500
  
 CHARMM>    scalar wmain set 1.0 sele segid MEMB .and. resi 36 end
 SELRPN>      0 atoms have been selected out of  10500
  
 CHARMM>    scalar wmain set 1.0 sele segid MEMB .and. resi 37 end
 SELRPN>      0 atoms have been selected out of  10500
  
 CHARMM>    scalar wmain set 1.0 sele segid MEMB .and. resi 38 end
 SELRPN>      0 atoms have been selected out of  10500
  
 CHARMM>    scalar wmain set 1.0 sele segid MEMB .and. resi 179 end
 SELRPN>      0 atoms have been selected out of  10500
  
 CHARMM>    scalar wmain set 1.0 sele segid MEMB .and. resi 180 end
 SELRPN>      0 atoms have been selected out of  10500
  
 CHARMM>    scalar wmain set 1.0 sele segid MEMB .and. resi 181 end
 SELRPN>      0 atoms have been selected out of  10500
  
 CHARMM>    scalar wmain set 1.0 sele segid MEMB .and. resi 182 end
 SELRPN>      0 atoms have been selected out of  10500
  
 CHARMM>    scalar wmain set 1.0 sele segid MEMB .and. resi 183 end
 SELRPN>      0 atoms have been selected out of  10500
  
 CHARMM>    scalar wmain set 1.0 sele segid MEMB .and. resi 184 end
 SELRPN>      0 atoms have been selected out of  10500
  
 CHARMM>    scalar wmain set 1.0 sele segid MEMB .and. resi 185 end
 SELRPN>      0 atoms have been selected out of  10500
  
 CHARMM>    scalar wmain set 1.0 sele segid MEMB .and. resi 186 end
 SELRPN>      0 atoms have been selected out of  10500
  
 CHARMM>    scalar wmain set 1.0 sele segid MEMB .and. resi 187 end
 SELRPN>      0 atoms have been selected out of  10500
  
 CHARMM>    scalar wmain set 1.0 sele segid MEMB .and. resi 188 end
 SELRPN>      0 atoms have been selected out of  10500
  
 CHARMM>    scalar wmain set 1.0 sele segid MEMB .and. resi 189 end
 SELRPN>      0 atoms have been selected out of  10500
  
 CHARMM>    scalar wmain set 1.0 sele segid MEMB .and. resi 190 end
 SELRPN>      0 atoms have been selected out of  10500
  
 CHARMM>    scalar wmain set 1.0 sele segid MEMB .and. resi 191 end
 SELRPN>      0 atoms have been selected out of  10500
  
 CHARMM>    scalar wmain set 1.0 sele segid MEMB .and. resi 192 end
 SELRPN>      0 atoms have been selected out of  10500
  
 CHARMM>    scalar wmain set 1.0 sele segid MEMB .and. resi 193 end
 SELRPN>      0 atoms have been selected out of  10500
  
 CHARMM>    scalar wmain set 1.0 sele segid MEMB .and. resi 194 end
 SELRPN>      0 atoms have been selected out of  10500
  
 CHARMM>    scalar wmain set 1.0 sele segid MEMB .and. resi 195 end
 SELRPN>      0 atoms have been selected out of  10500
  
 CHARMM>    scalar wmain set 1.0 sele segid MEMB .and. resi 196 end
 SELRPN>      0 atoms have been selected out of  10500
  
 CHARMM>    scalar wmain set 1.0 sele segid MEMB .and. resi 197 end
 SELRPN>      0 atoms have been selected out of  10500
  
 CHARMM>    scalar wmain set 1.0 sele segid MEMB .and. resi 198 end
 SELRPN>      0 atoms have been selected out of  10500
  
 CHARMM>    scalar wmain set 1.0 sele segid MEMB .and. resi 199 end
 SELRPN>      0 atoms have been selected out of  10500
  
 CHARMM>    scalar wmain set 1.0 sele segid MEMB .and. resi 200 end
 SELRPN>      0 atoms have been selected out of  10500
  
 CHARMM>    scalar wmain set 1.0 sele segid MEMB .and. resi 201 end
 SELRPN>      0 atoms have been selected out of  10500
  
 CHARMM>     
  
 CHARMM>    return
 VCLOSE: Closing unit   99 with status "KEEP"

                    RETURNING TO INPUT STREAM     5
  
 CHARMM>     
  
 CHARMM>    ! Read Lipids
 CHARMM>    open read unit 10 card name step4_lipid_lipid.psf
 OPNLGU> Unit already open. The old file will be closed first.
 VCLOSE: Closing unit   10 with status "KEEP"
 VOPEN> Attempting to open::step4_lipid_lipid.psf::
 OPNLGU> Unit 10 opened for READONLY access to step4_lipid_lipid.psf
  
 CHARMM>    read psf  unit 10 card append
 MAINIO> Protein structure file being appended from unit  10.
 psf_read_formatted: Reading PSF in the expanded format.
 TITLE>  * GENERATED BY CHARMM-GUI (HTTP://WWW.CHARMM-GUI.ORG) V3.7 ON FEB, 08. 2026. JOB
 TITLE>  * GET A DIFFERENT CONFORMATION FOR LIPIDS PENETRATING PROTEIN / CHOL
 TITLE>  *  DATE:     2/ 8/26      2:11:37      CREATED BY USER: charmm-gui
 TITLE>  *
 PSFSUM> PSF modified: NONBOND lists and IMAGE atoms cleared.
 PSFSUM> Summary of the structure file counters :
         Number of segments      =        5   Number of residues   =     1379
         Number of atoms         =    53346   Number of groups     =    15116
         Number of bonds         =    52983   Number of angles     =   101323
         Number of dihedrals     =   144781   Number of impropers  =     2289
         Number of cross-terms   =      620   Number of autogens   =        0
         Number of HB acceptors  =      903   Number of HB donors  =     1127
         Number of NB exclusions =        0   Total charge =   23.00000
  
 CHARMM>     
  
 CHARMM>    open read unit 10 card name step4_lipid_lipid.crd
 OPNLGU> Unit already open. The old file will be closed first.
 VCLOSE: Closing unit   10 with status "KEEP"
 VOPEN> Attempting to open::step4_lipid_lipid.crd::
 OPNLGU> Unit 10 opened for READONLY access to step4_lipid_lipid.crd
  
 CHARMM>    read coor unit 10 card append
          SPATIAL COORDINATES BEING READ FROM UNIT 10
 A RESIDUE OFFSET OF1019 WILL BE USED.
 INFO: A subset of total atoms will be read.

 TITLE> * GENERATED BY CHARMM-GUI (HTTP://WWW.CHARMM-GUI.ORG) V3.7 ON FEB, 08. 2026. JOB
 TITLE> * GET A DIFFERENT CONFORMATION FOR LIPIDS PENETRATING PROTEIN / CHOL
 TITLE> *  DATE:     2/ 8/26      2:11:37      CREATED BY USER: CHARMM-GUI
 TITLE> *
  
 CHARMM>     
  
 CHARMM>    ! Read Water
 CHARMM>    if nwater .gt. 0 then
 Comparing "116" and "0".
 IF test evaluated as true.  Performing command
  
 CHARMM>       open read card unit 10 name step4_lipid_water.crd
 OPNLGU> Unit already open. The old file will be closed first.
 VCLOSE: Closing unit   10 with status "KEEP"
 VOPEN> Attempting to open::step4_lipid_water.crd::
 OPNLGU> Unit 10 opened for READONLY access to step4_lipid_water.crd
  
 CHARMM>       read sequence coor card unit 10
 **** Warning ****  The following extraneous characters
 were found while command processing in CHARMM
 CARD
 MAINIO> Sequence information being read from unit  10.
 TITLE> * GENERATED BY CHARMM-GUI (HTTP://WWW.CHARMM-GUI.ORG) V3.7 ON FEB, 08. 2026. JOB
 TITLE> * GET A DIFFERENT CONFORMATION FOR LIPIDS PENETRATING PROTEIN / CHOL
 TITLE> *  DATE:     2/ 8/26      2:11:33      CREATED BY USER: CHARMM-GUI
 TITLE> *

          RESIDUE SEQUENCE --   116 RESIDUES
          TIP3    TIP3    TIP3    TIP3    TIP3    TIP3    TIP3    TIP3    TIP3    TIP3    TIP3    TIP3    TIP3    TIP3    TIP3    TIP3    TIP3    TIP3    TIP3    TIP3    
          TIP3    TIP3    TIP3    TIP3    TIP3    TIP3    TIP3    TIP3    TIP3    TIP3    TIP3    TIP3    TIP3    TIP3    TIP3    TIP3    TIP3    TIP3    TIP3    TIP3    
          TIP3    TIP3    TIP3    TIP3    TIP3    TIP3    TIP3    TIP3    TIP3    TIP3    TIP3    TIP3    TIP3    TIP3    TIP3    TIP3    TIP3    TIP3    TIP3    TIP3    
          TIP3    TIP3    TIP3    TIP3    TIP3    TIP3    TIP3    TIP3    TIP3    TIP3    TIP3    TIP3    TIP3    TIP3    TIP3    TIP3    TIP3    TIP3    TIP3    TIP3    
          TIP3    TIP3    TIP3    TIP3    TIP3    TIP3    TIP3    TIP3    TIP3    TIP3    TIP3    TIP3    TIP3    TIP3    TIP3    TIP3    TIP3    TIP3    TIP3    TIP3    
          TIP3    TIP3    TIP3    TIP3    TIP3    TIP3    TIP3    TIP3    TIP3    TIP3    TIP3    TIP3    TIP3    TIP3    TIP3    TIP3    
  
 CHARMM>       generate TIP3 setup warn noangle nodihedral
 NO PATCHING WILL BE DONE ON THE FIRST RESIDUE
 NO PATCHING WILL BE DONE ON THE LAST  RESIDUE
 GENPSF> Segment   6 has been generated. Its identifier is TIP3.
 PSFSUM> PSF modified: NONBOND lists and IMAGE atoms cleared.
 PSFSUM> Summary of the structure file counters :
         Number of segments      =        6   Number of residues   =     1495
         Number of atoms         =    53694   Number of groups     =    15232
         Number of bonds         =    53331   Number of angles     =   101439
         Number of dihedrals     =   144781   Number of impropers  =     2289
         Number of cross-terms   =      620   Number of autogens   =      116
         Number of HB acceptors  =     1019   Number of HB donors  =     1359
         Number of NB exclusions =        0   Total charge =   23.00000
  
 CHARMM>     
  
 CHARMM>       open read unit 10 card name step4_lipid_water.crd
 OPNLGU> Unit already open. The old file will be closed first.
 VCLOSE: Closing unit   10 with status "KEEP"
 VOPEN> Attempting to open::step4_lipid_water.crd::
 OPNLGU> Unit 10 opened for READONLY access to step4_lipid_water.crd
  
 CHARMM>       read coor unit 10 card resid
          SPATIAL COORDINATES BEING READ FROM UNIT 10
 TITLE> * GENERATED BY CHARMM-GUI (HTTP://WWW.CHARMM-GUI.ORG) V3.7 ON FEB, 08. 2026. JOB
 TITLE> * GET A DIFFERENT CONFORMATION FOR LIPIDS PENETRATING PROTEIN / CHOL
 TITLE> *  DATE:     2/ 8/26      2:11:33      CREATED BY USER: CHARMM-GUI
 TITLE> *
  
 CHARMM>    endif
  
 CHARMM>     
  
 CHARMM>    coor stat
 STATISTICS FOR     53694 SELECTED ATOMS:
    XMIN =  -60.156545 XMAX =   58.967655 XAVE =   -2.193700
    YMIN =  -59.236116 YMAX =   62.331388 YAVE =    1.169324
    ZMIN =  -28.534454 ZMAX =   69.613221 ZAVE =    4.764606
    WMIN =  -36.850000 WMAX =   23.130000 WAVE =    0.033196
  
 CHARMM>     
  
 CHARMM>    define STEROL sele ( resn CHL1 .or. resn ERG .or. resn DPOP .or. resn SITO .or. resn STIG -
 CHARMM>                     .or. resn CHSD .or. resn CHSP .or. resn CAMP .or. resn GCAMP .or. resn GSITO -
 CHARMM>                     .or. resn GSTIG .or. resn LANO .or. resn PGCAMP .or. resn PGSITO .or. resn CHLH -
 CHARMM>                     .or. resn PGSTIG ) end
 SELRPN>   5032 atoms have been selected out of  53694
  
 CHARMM>    define XXX sele STEROL .and. type O3 end
 SELRPN>     68 atoms have been selected out of  53694
  
 CHARMM>    set nsterol = ?nsel
 RDCMND substituted energy or value "?NSEL" to "68"
 Parameter: NSTEROL <- "68"
  
 CHARMM>     
  
 CHARMM>    set nlipid = 3
 Parameter: NLIPID <- "3"
  
 CHARMM>    set badltype1 = MEMB
 Parameter: BADLTYPE1 <- "MEMB"
  
 CHARMM>    set badsegid1 = MEMB
 Parameter: BADSEGID1 <- "MEMB"
  
 CHARMM>    set badresid1 = 4
 Parameter: BADRESID1 <- "4"
  
 CHARMM>    set badltype2 = MEMB
 Parameter: BADLTYPE2 <- "MEMB"
  
 CHARMM>    set badsegid2 = MEMB
 Parameter: BADSEGID2 <- "MEMB"
  
 CHARMM>    set badresid2 = 39
 Parameter: BADRESID2 <- "39"
  
 CHARMM>    set badltype3 = MEMB
 Parameter: BADLTYPE3 <- "MEMB"
  
 CHARMM>    set badsegid3 = MEMB
 Parameter: BADSEGID3 <- "MEMB"
  
 CHARMM>    set badresid3 = 53
 Parameter: BADRESID3 <- "53"
  
 CHARMM>     
  
 CHARMM>    !Random number generation for picking lipids
 CHARMM>    RAND UNIF ISEED 1770534820
RANDSPEC> CLCG random number generator in use:
RANDSPEC> UNIFORM distribution will be used
RANDSPEC> seeds  = 1770534820 615557435 615557435 615557435
RANDSPEC> SCALE  = 1.00000000
RANDSPEC> OFFSET = .00000000
  
 CHARMM>     
  
 CHARMM>    set LipidNum = 1
 Parameter: LIPIDNUM <- "1"
  
 CHARMM>     
  
 CHARMM>    label loop_gen
  
 CHARMM>     
  
 CHARMM>       if badltype@LipidNum .eq. MEMB then
 Parameter: LIPIDNUM -> "1"
 Comparing "MEMB" and "MEMB".
 IF test evaluated as true.  Performing command
  
 CHARMM>          define repack sele segid @badsegid@@LipidNum .and. resi @badresid@@LipidNum end
 Parameter: LIPIDNUM -> "1"
 Parameter: LIPIDNUM -> "1"
 Parameter: BADRESID1 -> "4"
 Parameter: BADSEGID1 -> "MEMB"
 SELRPN>     74 atoms have been selected out of  53694
  
 CHARMM>          coor stat sele repack end
 SELRPN>     74 atoms have been selected out of  53694
 STATISTICS FOR        74 SELECTED ATOMS:
    XMIN =  -30.735428 XMAX =  -22.529567 XAVE =  -26.868337
    YMIN =   14.330471 YMAX =   19.629788 YAVE =   16.897558
    ZMIN =    1.282810 ZMAX =   19.369180 ZAVE =   10.196107
    WMIN =    0.000000 WMAX =    0.000000 WAVE =    0.000000
  
 CHARMM>          set lipid = ?selresn
 RDCMND substituted energy or value "?SELRESN" to "CHL1"
 Parameter: LIPID <- "CHL1"
  
 CHARMM>       else
 Skip commands until next ENDIF
  
 CHARMM>     
  
 CHARMM>       set cntrand = 0
 Parameter: CNTRAND <- "0"
  
 CHARMM>     
  
 CHARMM>       set issterol = no
 Parameter: ISSTEROL <- "NO"
  
 CHARMM>       if lipid .eq. CHL1 then
 Comparing "CHL1" and "CHL1".
 IF test evaluated as true.  Performing command
  
 CHARMM>          calc zpostop = 18
Evaluating: 18
 Parameter: ZPOSTOP <- "18"
  
 CHARMM>          set HG ( type C3 .or. type O3 )
 Parameter: HG <- "( TYPE C3 .OR. TYPE O3 )"
  
 CHARMM>          set TL ( type C26 .or. type C27 )
 Parameter: TL <- "( TYPE C26 .OR. TYPE C27 )"
  
 CHARMM>          set issterol = yes
 Parameter: ISSTEROL <- "YES"
  
 CHARMM>          goto repeatrand
  
 CHARMM>     
  
 CHARMM>          calc cntrand = @cntrand + 1
 Parameter: CNTRAND -> "0"
Evaluating: 0+1
 Parameter: CNTRAND <- "1"
  
 CHARMM>          if cntrand .gt. 100 stop ! replacement may not work.. stop here
 Comparing "1" and "100".
 IF test evaluated as false.  Skipping command
  
 CHARMM>     
  
 CHARMM>          set randn ?RAND
 RDCMND substituted energy or value "?RAND" to "0.728726894"
 Parameter: RANDN <- "0.728726894"
  
 CHARMM>          if randn .le. 0.5 set Lipdir conf1   ! conf1 and conf2 are two directories
 Comparing "0.728726894" and "0.5".
 IF test evaluated as false.  Skipping command
  
 CHARMM>          if randn .gt. 0.5 set Lipdir conf2   ! containing lipid structures
 Comparing "0.728726894" and "0.5".
 IF test evaluated as true.  Performing command
 Parameter: LIPDIR <- "CONF2"
  
 CHARMM>          if randn .le. 0.001 goto repeatrand
 Comparing "0.728726894" and "0.001".
 IF test evaluated as false.  Skipping command
  
 CHARMM>          calc N = int( @randn * 1000 )
 Parameter: RANDN -> "0.728726894"
Evaluating: INT(0.728726894*1000)
 Parameter: N <- "728"
  
 CHARMM>     
  
 CHARMM>          open read card unit 1 name lipid_lib/@lipid/@Lipdir/@lipid_@N.crd
 Parameter: LIPID -> "CHL1"
 Parameter: LIPDIR -> "CONF2"
 Parameter: LIPID -> "CHL1"
 Parameter: N -> "728"
 VOPEN> Attempting to open::lipid_lib/chl1/conf2/chl1_728.crd::
 OPNLGU> Unit  1 opened for READONLY access to lipid_lib/chl1/conf2/chl1_728.crd
  
 CHARMM>          read sequence coor unit 1
 MAINIO> Sequence information being read from unit   1.
 TITLE> * TILT ANGLE = 9.72794
 TITLE> *  DATE:     2/14/ 9      9:44:32      CREATED BY USER: CHARMM-GUI
 TITLE> *

          RESIDUE SEQUENCE --     4 RESIDUES
          CHL1    TIP3    TIP3    TIP3    
  
 CHARMM>          generate L@LipidNum setup noangle nodihedrals first none last none
 Parameter: LIPIDNUM -> "1"
 NO PATCHING WILL BE DONE ON THE FIRST RESIDUE
 NO PATCHING WILL BE DONE ON THE LAST  RESIDUE
 GENPSF> Segment   7 has been generated. Its identifier is L1.
 PSFSUM> PSF modified: NONBOND lists and IMAGE atoms cleared.
 PSFSUM> Summary of the structure file counters :
         Number of segments      =        7   Number of residues   =     1499
         Number of atoms         =    53777   Number of groups     =    15261
         Number of bonds         =    53417   Number of angles     =   101442
         Number of dihedrals     =   144781   Number of impropers  =     2289
         Number of cross-terms   =      620   Number of autogens   =      119
         Number of HB acceptors  =     1022   Number of HB donors  =     1365
         Number of NB exclusions =        0   Total charge =   23.00000
  
 CHARMM>          close unit 1
 VCLOSE: Closing unit    1 with status "KEEP"
  
 CHARMM>     
  
 CHARMM>          open read card unit 1 name lipid_lib/@lipid/@Lipdir/@lipid_@N.crd
 Parameter: LIPID -> "CHL1"
 Parameter: LIPDIR -> "CONF2"
 Parameter: LIPID -> "CHL1"
 Parameter: N -> "728"
 VOPEN> Attempting to open::lipid_lib/chl1/conf2/chl1_728.crd::
 OPNLGU> Unit  1 opened for READONLY access to lipid_lib/chl1/conf2/chl1_728.crd
  
 CHARMM>          read coor card unit 1 append
          SPATIAL COORDINATES BEING READ FROM UNIT  1
 A RESIDUE OFFSET OF1495 WILL BE USED.
 INFO: A subset of total atoms will be read.

 TITLE> * TILT ANGLE = 9.72794
 TITLE> *  DATE:     2/14/ 9      9:44:32      CREATED BY USER: CHARMM-GUI
 TITLE> *
  
 CHARMM>          close unit 1
 VCLOSE: Closing unit    1 with status "KEEP"
  
 CHARMM>     
  
 CHARMM>          coor print sele ( .not. INIT ) end
 SELRPN>      0 atoms have been selected out of  53777

      ***** LEVEL  2 WARNING FROM <COORIO> *****
      ***** ZERO ATOMS SPECIFIED TO WRITE. NO FILE CREATED
      ******************************************
      BOMLEV (  0) IS NOT REACHED. WRNLEV IS  5

  
 CHARMM>          ic param
  
 CHARMM>          ic build
  
 CHARMM>          prnlev 0

      ***** LEVEL  4 WARNING FROM <GTHBUI> *****
      ***** Zero selection specified
      ******************************************
      BOMLEV (  0) IS NOT REACHED. WRNLEV IS  5

  
 CHARMM>          coor print sele ( .not. INIT ) end
 SELRPN>      0 atoms have been selected out of  53777

      ***** LEVEL  2 WARNING FROM <COORIO> *****
      ***** ZERO ATOMS SPECIFIED TO WRITE. NO FILE CREATED
      ******************************************
      BOMLEV (  0) IS NOT REACHED. WRNLEV IS  5

  
 CHARMM>          if ?nsel .gt. 0 stop
 RDCMND substituted energy or value "?NSEL" to "0"
 Comparing "0" and "0".
 IF test evaluated as false.  Skipping command
  
 CHARMM>     
  
 CHARMM>          ! check to delete any lipids that have tail near head groups
  
 CHARMM>          define ctl sele segid L@LipidNum .and. @tl end
 Parameter: LIPIDNUM -> "1"
 Parameter: TL -> "( TYPE C26 .OR. TYPE C27 )"
 SELRPN>      2 atoms have been selected out of  53777
  
 CHARMM>          coor stat sele ctl end
 SELRPN>      2 atoms have been selected out of  53777
 STATISTICS FOR         2 SELECTED ATOMS:
    XMIN =   -3.535330 XMAX =   -1.070250 XAVE =   -2.302790
    YMIN =    0.470420 YMAX =    0.597300 YAVE =    0.533860
    ZMIN =  -16.348360 ZMAX =  -16.211820 ZAVE =  -16.280090
    WMIN =    0.000000 WMAX =    0.000000 WAVE =    0.000000
  
 CHARMM>          if ?ZAVE ge -5.0 then
 RDCMND substituted energy or value "?ZAVE" to "-16.28009"
 Comparing "-16.28009" and "-5.0".
 IF test evaluated as false.  Skip to ELSE or ENDIF
  
 CHARMM>     
  
 CHARMM>          label nextstep
  
 CHARMM>     
  
 CHARMM>          ! put the X-Y center of mass of the lipid head at the origin
  
 CHARMM>          coor stat sele segid L@LipidNum .and. @HG end
 Parameter: LIPIDNUM -> "1"
 Parameter: HG -> "( TYPE C3 .OR. TYPE O3 )"
 SELRPN>      2 atoms have been selected out of  53777
 STATISTICS FOR         2 SELECTED ATOMS:
    XMIN =   -0.324440 XMAX =    0.000000 XAVE =   -0.162220
    YMIN =   -0.000040 YMAX =    0.281480 YAVE =    0.140720
    ZMIN =   -1.364360 ZMAX =    0.000040 ZAVE =   -0.682160
    WMIN =    0.000000 WMAX =    0.000000 WAVE =    0.000000
  
 CHARMM>          coor trans xdir -?XAVE ydir -?YAVE zdir -?ZAVE select segid L@LipidNum end
 Parameter: LIPIDNUM -> "1"
 RDCMND substituted energy or value "?XAVE" to "-0.16222"
 RDCMND substituted energy or value "?YAVE" to "0.14072"
 RDCMND substituted energy or value "?ZAVE" to "-0.68216"
 SELRPN>     83 atoms have been selected out of  53777
 TRANSLATION VECTOR     0.162220   -0.140720    0.682160
 SELECTED COORDINATES TRANSLATED IN THE MAIN SET.

  
 CHARMM>     
  
 CHARMM>          ! randomly rotate along Z
  
 CHARMM>          calc rotang = 360.0 * ?rand
 RDCMND substituted energy or value "?RAND" to "0.904860304"
Evaluating: 360.0*0.904860304
 Parameter: ROTANG <- "325.749709"
  
 CHARMM>          coor rotate zdir 1.0 phi @rotang select segid L@LipidNum end
 Parameter: ROTANG -> "325.749709"
 Parameter: LIPIDNUM -> "1"
 SELRPN>     83 atoms have been selected out of  53777
 ROTATION MATRIX
    0.826587   -0.562809    0.000000
    0.562809    0.826587    0.000000
    0.000000    0.000000    1.000000

 AXIS OF ROTATION IS  0.000000  0.000000 -1.000000  ANGLE IS   34.25

 SELECTED COORDINATES ROTATED IN THE MAIN SET.

  
 CHARMM>     
  
 CHARMM>          ! flip the orientation of the lipids in the lower monolayer if head Z le 0
  
 CHARMM>          coor stat sele repack .and. @HG end
 Parameter: HG -> "( TYPE C3 .OR. TYPE O3 )"
 SELRPN>      2 atoms have been selected out of  53777
 STATISTICS FOR         2 SELECTED ATOMS:
    XMIN =  -24.896159 XMAX =  -24.522720 XAVE =  -24.709440
    YMIN =   17.307819 YMAX =   17.809975 YAVE =   17.558897
    ZMIN =   17.329350 ZMAX =   18.670650 ZAVE =   18.000000
    WMIN =    0.000000 WMAX =    0.000000 WAVE =    0.000000
  
 CHARMM>          if ?ZMIN le 0  coor rotate xdir 1.0  phi 180.0 select segid L@LipidNum end
 Parameter: LIPIDNUM -> "1"
 RDCMND substituted energy or value "?ZMIN" to "17.32935"
 Comparing "17.32935" and "0".
 IF test evaluated as false.  Skipping command
  
 CHARMM>     
  
 CHARMM>          ! put the head group at the location of the spheres
  
 CHARMM>          coor stat sele repack .and. @HG end
 Parameter: HG -> "( TYPE C3 .OR. TYPE O3 )"
 SELRPN>      2 atoms have been selected out of  53777
 STATISTICS FOR         2 SELECTED ATOMS:
    XMIN =  -24.896159 XMAX =  -24.522720 XAVE =  -24.709440
    YMIN =   17.307819 YMAX =   17.809975 YAVE =   17.558897
    ZMIN =   17.329350 ZMAX =   18.670650 ZAVE =   18.000000
    WMIN =    0.000000 WMAX =    0.000000 WAVE =    0.000000
  
 CHARMM>          set xhead = ?xave
 RDCMND substituted energy or value "?XAVE" to "-24.7094396"
 Parameter: XHEAD <- "-24.7094396"
  
 CHARMM>          set yhead = ?yave
 RDCMND substituted energy or value "?YAVE" to "17.5588972"
 Parameter: YHEAD <- "17.5588972"
  
 CHARMM>          set zhead = ?zave
 RDCMND substituted energy or value "?ZAVE" to "18"
 Parameter: ZHEAD <- "18"
  
 CHARMM>          coor trans xdir @xhead ydir @yhead zdir @zhead select segid L@LipidNum end
 Parameter: XHEAD -> "-24.7094396"
 Parameter: YHEAD -> "17.5588972"
 Parameter: ZHEAD -> "18"
 Parameter: LIPIDNUM -> "1"
 SELRPN>     83 atoms have been selected out of  53777
 TRANSLATION VECTOR   -24.709440   17.558897   18.000000
 SELECTED COORDINATES TRANSLATED IN THE MAIN SET.

  
 CHARMM>     
  
 CHARMM>          set nbad = 5
 Parameter: NBAD <- "5"
  
 CHARMM>          ! increase the lipid bad contact limit for cardiolipin
  
 CHARMM>          if lipid .eq. TMCL1  set nbad = 10
 Comparing "CHL1" and "TMCL1".
 IF test evaluated as false.  Skipping command
  
 CHARMM>          if lipid .eq. TMCL2  set nbad = 10
 Comparing "CHL1" and "TMCL2".
 IF test evaluated as false.  Skipping command
  
 CHARMM>          if lipid .eq. PMCL1  set nbad = 10
 Comparing "CHL1" and "PMCL1".
 IF test evaluated as false.  Skipping command
  
 CHARMM>          if lipid .eq. PMCL2  set nbad = 10
 Comparing "CHL1" and "PMCL2".
 IF test evaluated as false.  Skipping command
  
 CHARMM>          if lipid .eq. PAICL2 set nbad = 10
 Comparing "CHL1" and "PAICL2".
 IF test evaluated as false.  Skipping command
  
 CHARMM>          if lipid .eq. PVCL2  set nbad = 10
 Comparing "CHL1" and "PVCL2".
 IF test evaluated as false.  Skipping command
  
 CHARMM>          if lipid .eq. POCL1  set nbad = 10
 Comparing "CHL1" and "POCL1".
 IF test evaluated as false.  Skipping command
  
 CHARMM>          if lipid .eq. POCL2  set nbad = 10
 Comparing "CHL1" and "POCL2".
 IF test evaluated as false.  Skipping command
  
 CHARMM>          if lipid .eq. TYCL1  set nbad = 10
 Comparing "CHL1" and "TYCL1".
 IF test evaluated as false.  Skipping command
  
 CHARMM>          if lipid .eq. TYCL2  set nbad = 10
 Comparing "CHL1" and "TYCL2".
 IF test evaluated as false.  Skipping command
  
 CHARMM>          if lipid .eq. TOCL1  set nbad = 10
 Comparing "CHL1" and "TOCL1".
 IF test evaluated as false.  Skipping command
  
 CHARMM>          if lipid .eq. TOCL2  set nbad = 10
 Comparing "CHL1" and "TOCL2".
 IF test evaluated as false.  Skipping command
  
 CHARMM>          if lipid .eq. LOACL1 set nbad = 10
 Comparing "CHL1" and "LOACL1".
 IF test evaluated as false.  Skipping command
  
 CHARMM>          if lipid .eq. LOACL2 set nbad = 10
 Comparing "CHL1" and "LOACL2".
 IF test evaluated as false.  Skipping command
  
 CHARMM>          if lipid .eq. LOCCL1 set nbad = 10
 Comparing "CHL1" and "LOCCL1".
 IF test evaluated as false.  Skipping command
  
 CHARMM>          if lipid .eq. LOCCL2 set nbad = 10
 Comparing "CHL1" and "LOCCL2".
 IF test evaluated as false.  Skipping command
  
 CHARMM>          if lipid .eq. TLCL1  set nbad = 10
 Comparing "CHL1" and "TLCL1".
 IF test evaluated as false.  Skipping command
  
 CHARMM>          if lipid .eq. TLCL2  set nbad = 10
 Comparing "CHL1" and "TLCL2".
 IF test evaluated as false.  Skipping command
  
 CHARMM>          if lipid .eq. LNCCL1 set nbad = 10
 Comparing "CHL1" and "LNCCL1".
 IF test evaluated as false.  Skipping command
  
 CHARMM>          if lipid .eq. LNCCL2 set nbad = 10
 Comparing "CHL1" and "LNCCL2".
 IF test evaluated as false.  Skipping command
  
 CHARMM>          if lipid .eq. LNACL1 set nbad = 10
 Comparing "CHL1" and "LNACL1".
 IF test evaluated as false.  Skipping command
  
 CHARMM>          if lipid .eq. LNACL2 set nbad = 10
 Comparing "CHL1" and "LNACL2".
 IF test evaluated as false.  Skipping command
  
 CHARMM>          if lipid .eq. LNDCL1 set nbad = 10
 Comparing "CHL1" and "LNDCL1".
 IF test evaluated as false.  Skipping command
  
 CHARMM>          if lipid .eq. LNDCL2 set nbad = 10
 Comparing "CHL1" and "LNDCL2".
 IF test evaluated as false.  Skipping command
  
 CHARMM>          if lipid .eq. LNBCL1 set nbad = 10
 Comparing "CHL1" and "LNBCL1".
 IF test evaluated as false.  Skipping command
  
 CHARMM>          if lipid .eq. LNBCL2 set nbad = 10
 Comparing "CHL1" and "LNBCL2".
 IF test evaluated as false.  Skipping command
  
 CHARMM>          if lipid .eq. ARCL2  set nbad = 10
 Comparing "CHL1" and "ARCL2".
 IF test evaluated as false.  Skipping command
  
 CHARMM>     
  
 CHARMM>          !
  
 CHARMM>          ! check whether the lipid penetrates the protein (or cholesterol)
  
 CHARMM>          !
  
 CHARMM>     
  
 CHARMM>          calc delang    = 35.0   ! rotation increment
Evaluating: 35.0
 Parameter: DELANG <- "35"
  
 CHARMM>          calc delxy     =  1.0   ! xy translation increment
Evaluating: 1.0
 Parameter: DELXY <- "1"
  
 CHARMM>     
  
 CHARMM>          define target sele segid L@LipidNum end
 Parameter: LIPIDNUM -> "1"
 SELRPN>     83 atoms have been selected out of  53777
  
 CHARMM>     
  
 CHARMM>          coor stat sele target end
 SELRPN>     83 atoms have been selected out of  53777
 STATISTICS FOR        83 SELECTED ATOMS:
    XMIN =  -28.438906 XMAX =  -21.705599 XAVE =  -25.357658
    YMIN =   14.400773 YMAX =   19.734963 YAVE =   17.030430
    ZMIN =    1.320680 ZMAX =   21.204480 ZAVE =   11.311920
    WMIN =    0.000000 WMAX =    0.000000 WAVE =    0.000000
  
 CHARMM>          calc dcut = 5.0
Evaluating: 5.0
 Parameter: DCUT <- "5"
  
 CHARMM>          calc xmax = ?xmax + @dcut
 Parameter: DCUT -> "5"
 RDCMND substituted energy or value "?XMAX" to "-21.7055992"
Evaluating: -21.7055992+5
 Parameter: XMAX <- "-16.7055992"
  
 CHARMM>          calc ymax = ?ymax + @dcut
 Parameter: DCUT -> "5"
 RDCMND substituted energy or value "?YMAX" to "19.7349633"
Evaluating: 19.7349633+5
 Parameter: YMAX <- "24.7349633"
  
 CHARMM>          calc zmax = ?zmax + @dcut
 Parameter: DCUT -> "5"
 RDCMND substituted energy or value "?ZMAX" to "21.20448"
Evaluating: 21.20448+5
 Parameter: ZMAX <- "26.20448"
  
 CHARMM>          calc xmin = ?xmin - @dcut
 Parameter: DCUT -> "5"
 RDCMND substituted energy or value "?XMIN" to "-28.4389062"
Evaluating: -28.4389062-5
 Parameter: XMIN <- "-33.4389062"
  
 CHARMM>          calc ymin = ?ymin - @dcut
 Parameter: DCUT -> "5"
 RDCMND substituted energy or value "?YMIN" to "14.400773"
Evaluating: 14.400773-5
 Parameter: YMIN <- "9.400773"
  
 CHARMM>          calc zmin = ?zmin - @dcut
 Parameter: DCUT -> "5"
 RDCMND substituted energy or value "?ZMIN" to "1.32068"
Evaluating: 1.32068-5
 Parameter: ZMIN <- "-3.67932"
  
 CHARMM>     
  
 CHARMM>          calc XYhalf = @A / 2
 Parameter: A -> "109.631309"
Evaluating: 109.631309/2
 Parameter: XYHALF <- "54.8156545"
  
 CHARMM>     
  
 CHARMM>          define prxp sele ( prop X .ge. @XYhalf ) .and. .not. target end
 Parameter: XYHALF -> "54.8156545"
 SELRPN>    261 atoms have been selected out of  53777
  
 CHARMM>          set nprxp = ?nsel
 RDCMND substituted energy or value "?NSEL" to "261"
 Parameter: NPRXP <- "261"
  
 CHARMM>          if nprxp .gt. 0 coor trans xdir -@A sele prxp end
 Parameter: A -> "109.631309"
 Comparing "261" and "0".
 IF test evaluated as true.  Performing command
 SELRPN>    261 atoms have been selected out of  53777
 TRANSLATION VECTOR  -109.631309    0.000000    0.000000
 SELECTED COORDINATES TRANSLATED IN THE MAIN SET.

  
 CHARMM>          define pryp sele ( prop Y .ge. @XYhalf ) .and. .not. target end
 Parameter: XYHALF -> "54.8156545"
 SELRPN>    710 atoms have been selected out of  53777
  
 CHARMM>          set npryp = ?nsel
 RDCMND substituted energy or value "?NSEL" to "710"
 Parameter: NPRYP <- "710"
  
 CHARMM>          if npryp .gt. 0 coor trans ydir -@A sele pryp end
 Parameter: A -> "109.631309"
 Comparing "710" and "0".
 IF test evaluated as true.  Performing command
 SELRPN>    710 atoms have been selected out of  53777
 TRANSLATION VECTOR     0.000000 -109.631309    0.000000
 SELECTED COORDINATES TRANSLATED IN THE MAIN SET.

  
 CHARMM>          define prxn sele ( prop X .le. -@XYhalf ) .and. .not. target end
 Parameter: XYHALF -> "54.8156545"
 SELRPN>    507 atoms have been selected out of  53777
  
 CHARMM>          set nprxn = ?nsel
 RDCMND substituted energy or value "?NSEL" to "507"
 Parameter: NPRXN <- "507"
  
 CHARMM>          if nprxn .gt. 0 coor trans xdir @A sele prxn end
 Parameter: A -> "109.631309"
 Comparing "507" and "0".
 IF test evaluated as true.  Performing command
 SELRPN>    507 atoms have been selected out of  53777
 TRANSLATION VECTOR   109.631309    0.000000    0.000000
 SELECTED COORDINATES TRANSLATED IN THE MAIN SET.

  
 CHARMM>          define pryn sele ( prop Y .le. -@XYhalf ) .and. .not. target end
 Parameter: XYHALF -> "54.8156545"
 SELRPN>    516 atoms have been selected out of  53777
  
 CHARMM>          set npryn = ?nsel
 RDCMND substituted energy or value "?NSEL" to "516"
 Parameter: NPRYN <- "516"
  
 CHARMM>          if npryn .gt. 0 coor trans ydir @A sele pryn end
 Parameter: A -> "109.631309"
 Comparing "516" and "0".
 IF test evaluated as true.  Performing command
 SELRPN>    516 atoms have been selected out of  53777
 TRANSLATION VECTOR     0.000000  109.631309    0.000000
 SELECTED COORDINATES TRANSLATED IN THE MAIN SET.

  
 CHARMM>     
  
 CHARMM>          define imxp sele none end
 SELRPN>      0 atoms have been selected out of  53777
  
 CHARMM>          define imyp sele none end
 SELRPN>      0 atoms have been selected out of  53777
  
 CHARMM>          define imxn sele none end
 SELRPN>      0 atoms have been selected out of  53777
  
 CHARMM>          define imyn sele none end
 SELRPN>      0 atoms have been selected out of  53777
  
 CHARMM>     
  
 CHARMM>          set nimxp = 0
 Parameter: NIMXP <- "0"
  
 CHARMM>          set nimyp = 0
 Parameter: NIMYP <- "0"
  
 CHARMM>          set nimxn = 0
 Parameter: NIMXN <- "0"
  
 CHARMM>          set nimyn = 0
 Parameter: NIMYN <- "0"
  
 CHARMM>     
  
 CHARMM>          if xmax .gt. @XYhalf then
 Parameter: XYHALF -> "54.8156545"
 Comparing "-16.7055992" and "54.8156545".
 IF test evaluated as false.  Skip to ELSE or ENDIF
  
 CHARMM>          if ymax .gt. @XYhalf then
 Parameter: XYHALF -> "54.8156545"
 Comparing "24.7349633" and "54.8156545".
 IF test evaluated as false.  Skip to ELSE or ENDIF
  
 CHARMM>          if xmin .lt. -@XYhalf then
 Parameter: XYHALF -> "54.8156545"
 Comparing "-33.4389062" and "-54.8156545".
 IF test evaluated as false.  Skip to ELSE or ENDIF
  
 CHARMM>          if ymin .lt. -@XYhalf then
 Parameter: XYHALF -> "54.8156545"
 Comparing "9.400773" and "-54.8156545".
 IF test evaluated as false.  Skip to ELSE or ENDIF
  
 CHARMM>     
  
 CHARMM>          define JUNK sele .not. target .and. .not. hydrogen .and. -
 CHARMM>                           prop X .lt. @xmax .and. prop X .gt. @xmin .and. -
 CHARMM>                           prop Y .lt. @ymax .and. prop Y .gt. @ymin .and. -
 CHARMM>                           prop Z .lt. @zmax .and. prop Z .gt. @zmin  end
 Parameter: XMAX -> "-16.7055992"
 Parameter: XMIN -> "-33.4389062"
 Parameter: YMAX -> "24.7349633"
 Parameter: YMIN -> "9.400773"
 Parameter: ZMAX -> "26.20448"
 Parameter: ZMIN -> "-3.67932"
 SELRPN>    298 atoms have been selected out of  53777
  
 CHARMM>     
  
 CHARMM>          calc xmove = 0.0
Evaluating: 0.0
 Parameter: XMOVE <- "0"
  
 CHARMM>          calc ymove = 0.0
Evaluating: 0.0
 Parameter: YMOVE <- "0"
  
 CHARMM>          calc nxymove = 1
Evaluating: 1
 Parameter: NXYMOVE <- "1"
  
 CHARMM>     
  
 CHARMM>          label doxymove
  
 CHARMM>     
  
 CHARMM>             if nxymove .eq. 2 incr xmove by 1
 Comparing "1" and "2".
 IF test evaluated as false.  Skipping command
  
 CHARMM>             if nxymove .eq. 3 incr ymove by 1
 Comparing "1" and "3".
 IF test evaluated as false.  Skipping command
  
 CHARMM>             if nxymove .eq. 4 decr xmove by 1
 Comparing "1" and "4".
 IF test evaluated as false.  Skipping command
  
 CHARMM>             if nxymove .eq. 5 decr xmove by 1
 Comparing "1" and "5".
 IF test evaluated as false.  Skipping command
  
 CHARMM>             if nxymove .eq. 6 decr ymove by 1
 Comparing "1" and "6".
 IF test evaluated as false.  Skipping command
  
 CHARMM>             if nxymove .eq. 7 decr ymove by 1
 Comparing "1" and "7".
 IF test evaluated as false.  Skipping command
  
 CHARMM>             if nxymove .eq. 8 incr xmove by 1
 Comparing "1" and "8".
 IF test evaluated as false.  Skipping command
  
 CHARMM>             if nxymove .eq. 9 incr xmove by 1
 Comparing "1" and "9".
 IF test evaluated as false.  Skipping command
  
 CHARMM>     
  
 CHARMM>             calc xtran = @xhead + @xmove
 Parameter: XHEAD -> "-24.7094396"
 Parameter: XMOVE -> "0"
Evaluating: -24.7094396+0
 Parameter: XTRAN <- "-24.7094396"
  
 CHARMM>             calc ytran = @yhead + @ymove
 Parameter: YHEAD -> "17.5588972"
 Parameter: YMOVE -> "0"
Evaluating: 17.5588972+0
 Parameter: YTRAN <- "17.5588972"
  
 CHARMM>     
  
 CHARMM>             calc rotang = 0.0
Evaluating: 0.0
 Parameter: ROTANG <- "0"
  
 CHARMM>             label dorot
  
 CHARMM>     
  
 CHARMM>                coor rotate zdir 1.0 xcen @xtran ycen @ytran zcen @zhead phi @rotang sele target end
 Parameter: XTRAN -> "-24.7094396"
 Parameter: YTRAN -> "17.5588972"
 Parameter: ZHEAD -> "18"
 Parameter: ROTANG -> "0"
 SELRPN>     83 atoms have been selected out of  53777
 ROTATION MATRIX
    1.000000    0.000000    0.000000
    0.000000    1.000000    0.000000
    0.000000    0.000000    1.000000

 VERY LITTLE ROTATION: NO AXIS FOUND
 SELECTED COORDINATES ROTATED IN THE MAIN SET.

  
 CHARMM>     
  
 CHARMM>                set dotrans = 1
 Parameter: DOTRANS <- "1"
  
 CHARMM>                label doclash
  
 CHARMM>                   if dotrans .eq. 2 coor trans xdir  1.0 ydir  1.0 dist 0.71 sele target end
 Comparing "1" and "2".
 IF test evaluated as false.  Skipping command
  
 CHARMM>                   if dotrans .eq. 3 coor trans xdir  1.0 ydir -1.0 dist 0.71 sele target end
 Comparing "1" and "3".
 IF test evaluated as false.  Skipping command
  
 CHARMM>                   if dotrans .eq. 4 coor trans xdir -1.0 ydir  1.0 dist 0.71 sele target end
 Comparing "1" and "4".
 IF test evaluated as false.  Skipping command
  
 CHARMM>                   if dotrans .eq. 5 coor trans xdir -1.0 ydir -1.0 dist 0.71 sele target end
 Comparing "1" and "5".
 IF test evaluated as false.  Skipping command
  
 CHARMM>     
  
 CHARMM>                   if issterol .eq. yes then
 Comparing "YES" and "YES".
 IF test evaluated as true.  Performing command
  
 CHARMM>                      coor dist cut 1.0 sele segid L@LipidNum .and. ( type c% .or. type c1* ) end  -
 CHARMM>                                             sele .not. ( repack .or. segid L@LipidNum .or. resname TIP3 ) .and. JUNK end
 Parameter: LIPIDNUM -> "1"
 Parameter: LIPIDNUM -> "1"
 SELRPN>     19 atoms have been selected out of  53777
 SELRPN>    266 atoms have been selected out of  53777

            DISTANCES FOR SELECTED ATOMS
53703 L1       CHL1     1        C6      -**** MEMB     POPC     54       C22           0.9728
53710 L1       CHL1     1        C14     -**** DUM      POL      165      POLO          0.8195
53731 L1       CHL1     1        C9      -**** DUM      POL      163      POLO          0.6837
 TOTAL EXCLUSION COUNT =         0
 TOTAL 1-4 EXCLUSIONS  =         0
 TOTAL NON-EXCLUSIONS  =         3
  
 CHARMM>                      if ?npair gt 0 goto domorerot
 RDCMND substituted energy or value "?NPAIR" to "3"
 Comparing "3" and "0".
 IF test evaluated as true.  Performing command
  
 CHARMM>             increase rotang by @delang
 Parameter: DELANG -> "35"
 Parameter: ROTANG <- "35"
  
 CHARMM>             if rotang .le. 359 goto dorot
 Comparing "35" and "359".
 IF test evaluated as true.  Performing command
  
 CHARMM>     
  
 CHARMM>                coor rotate zdir 1.0 xcen @xtran ycen @ytran zcen @zhead phi @rotang sele target end
 Parameter: XTRAN -> "-24.7094396"
 Parameter: YTRAN -> "17.5588972"
 Parameter: ZHEAD -> "18"
 Parameter: ROTANG -> "35"
 SELRPN>     83 atoms have been selected out of  53777
 ROTATION MATRIX
    0.819152    0.573576    0.000000
   -0.573576    0.819152    0.000000
    0.000000    0.000000    1.000000

 AXIS OF ROTATION IS  0.000000  0.000000  1.000000  ANGLE IS   35.00

 SELECTED COORDINATES ROTATED IN THE MAIN SET.

  
 CHARMM>     
  
 CHARMM>                set dotrans = 1
 Parameter: DOTRANS <- "1"
  
 CHARMM>                label doclash
  
 CHARMM>                   if dotrans .eq. 2 coor trans xdir  1.0 ydir  1.0 dist 0.71 sele target end
 Comparing "1" and "2".
 IF test evaluated as false.  Skipping command
  
 CHARMM>                   if dotrans .eq. 3 coor trans xdir  1.0 ydir -1.0 dist 0.71 sele target end
 Comparing "1" and "3".
 IF test evaluated as false.  Skipping command
  
 CHARMM>                   if dotrans .eq. 4 coor trans xdir -1.0 ydir  1.0 dist 0.71 sele target end
 Comparing "1" and "4".
 IF test evaluated as false.  Skipping command
  
 CHARMM>                   if dotrans .eq. 5 coor trans xdir -1.0 ydir -1.0 dist 0.71 sele target end
 Comparing "1" and "5".
 IF test evaluated as false.  Skipping command
  
 CHARMM>     
  
 CHARMM>                   if issterol .eq. yes then
 Comparing "YES" and "YES".
 IF test evaluated as true.  Performing command
  
 CHARMM>                      coor dist cut 1.0 sele segid L@LipidNum .and. ( type c% .or. type c1* ) end  -
 CHARMM>                                             sele .not. ( repack .or. segid L@LipidNum .or. resname TIP3 ) .and. JUNK end
 Parameter: LIPIDNUM -> "1"
 Parameter: LIPIDNUM -> "1"
 SELRPN>     19 atoms have been selected out of  53777
 SELRPN>    266 atoms have been selected out of  53777

            DISTANCES FOR SELECTED ATOMS
53708 L1       CHL1     1        C8      -**** DUM      POL      165      POLO          0.8379
53710 L1       CHL1     1        C14     -**** DUM      POL      165      POLO          0.8715
53721 L1       CHL1     1        C18     -**** DUM      POL      164      POLO          0.7440
53731 L1       CHL1     1        C9      -**** DUM      POL      163      POLO          0.8835
53733 L1       CHL1     1        C10     -**** DUM      POL      163      POLO          0.9331
 TOTAL EXCLUSION COUNT =         0
 TOTAL 1-4 EXCLUSIONS  =         0
 TOTAL NON-EXCLUSIONS  =         5
  
 CHARMM>                      if ?npair gt 0 goto domorerot
 RDCMND substituted energy or value "?NPAIR" to "5"
 Comparing "5" and "0".
 IF test evaluated as true.  Performing command
  
 CHARMM>             increase rotang by @delang
 Parameter: DELANG -> "35"
 Parameter: ROTANG <- "70"
  
 CHARMM>             if rotang .le. 359 goto dorot
 Comparing "70" and "359".
 IF test evaluated as true.  Performing command
  
 CHARMM>     
  
 CHARMM>                coor rotate zdir 1.0 xcen @xtran ycen @ytran zcen @zhead phi @rotang sele target end
 Parameter: XTRAN -> "-24.7094396"
 Parameter: YTRAN -> "17.5588972"
 Parameter: ZHEAD -> "18"
 Parameter: ROTANG -> "70"
 SELRPN>     83 atoms have been selected out of  53777
 ROTATION MATRIX
    0.342020    0.939693    0.000000
   -0.939693    0.342020    0.000000
    0.000000    0.000000    1.000000

 AXIS OF ROTATION IS  0.000000  0.000000  1.000000  ANGLE IS   70.00

 SELECTED COORDINATES ROTATED IN THE MAIN SET.

  
 CHARMM>     
  
 CHARMM>                set dotrans = 1
 Parameter: DOTRANS <- "1"
  
 CHARMM>                label doclash
  
 CHARMM>                   if dotrans .eq. 2 coor trans xdir  1.0 ydir  1.0 dist 0.71 sele target end
 Comparing "1" and "2".
 IF test evaluated as false.  Skipping command
  
 CHARMM>                   if dotrans .eq. 3 coor trans xdir  1.0 ydir -1.0 dist 0.71 sele target end
 Comparing "1" and "3".
 IF test evaluated as false.  Skipping command
  
 CHARMM>                   if dotrans .eq. 4 coor trans xdir -1.0 ydir  1.0 dist 0.71 sele target end
 Comparing "1" and "4".
 IF test evaluated as false.  Skipping command
  
 CHARMM>                   if dotrans .eq. 5 coor trans xdir -1.0 ydir -1.0 dist 0.71 sele target end
 Comparing "1" and "5".
 IF test evaluated as false.  Skipping command
  
 CHARMM>     
  
 CHARMM>                   if issterol .eq. yes then
 Comparing "YES" and "YES".
 IF test evaluated as true.  Performing command
  
 CHARMM>                      coor dist cut 1.0 sele segid L@LipidNum .and. ( type c% .or. type c1* ) end  -
 CHARMM>                                             sele .not. ( repack .or. segid L@LipidNum .or. resname TIP3 ) .and. JUNK end
 Parameter: LIPIDNUM -> "1"
 Parameter: LIPIDNUM -> "1"
 SELRPN>     19 atoms have been selected out of  53777
 SELRPN>    266 atoms have been selected out of  53777

            DISTANCES FOR SELECTED ATOMS
 TOTAL EXCLUSION COUNT =         0
 TOTAL 1-4 EXCLUSIONS  =         0
 TOTAL NON-EXCLUSIONS  =         0
  
 CHARMM>                      if ?npair gt 0 goto domorerot
 RDCMND substituted energy or value "?NPAIR" to "0"
 Comparing "0" and "0".
 IF test evaluated as false.  Skipping command
  
 CHARMM>                   else
 Skip commands until next ENDIF
  
 CHARMM>     
  
 CHARMM>                   if dotrans .eq. 2 coor trans xdir -1.0 ydir -1.0 dist 0.71 sele target end
 Comparing "1" and "2".
 IF test evaluated as false.  Skipping command
  
 CHARMM>                   if dotrans .eq. 3 coor trans xdir -1.0 ydir  1.0 dist 0.71 sele target end
 Comparing "1" and "3".
 IF test evaluated as false.  Skipping command
  
 CHARMM>                   if dotrans .eq. 4 coor trans xdir  1.0 ydir -1.0 dist 0.71 sele target end
 Comparing "1" and "4".
 IF test evaluated as false.  Skipping command
  
 CHARMM>                   if dotrans .eq. 5 coor trans xdir  1.0 ydir  1.0 dist 0.71 sele target end
 Comparing "1" and "5".
 IF test evaluated as false.  Skipping command
  
 CHARMM>     
  
 CHARMM>                incr dotrans by 1
 Parameter: DOTRANS <- "2"
  
 CHARMM>                if dotrans .le. 5 goto doclash
 Comparing "2" and "5".
 IF test evaluated as true.  Performing command
  
 CHARMM>                   if dotrans .eq. 2 coor trans xdir  1.0 ydir  1.0 dist 0.71 sele target end
 Comparing "2" and "2".
 IF test evaluated as true.  Performing command
 SELRPN>     83 atoms have been selected out of  53777
 TRANSLATION VECTOR     0.502046    0.502046    0.000000
 SELECTED COORDINATES TRANSLATED IN THE MAIN SET.

  
 CHARMM>                   if dotrans .eq. 3 coor trans xdir  1.0 ydir -1.0 dist 0.71 sele target end
 Comparing "2" and "3".
 IF test evaluated as false.  Skipping command
  
 CHARMM>                   if dotrans .eq. 4 coor trans xdir -1.0 ydir  1.0 dist 0.71 sele target end
 Comparing "2" and "4".
 IF test evaluated as false.  Skipping command
  
 CHARMM>                   if dotrans .eq. 5 coor trans xdir -1.0 ydir -1.0 dist 0.71 sele target end
 Comparing "2" and "5".
 IF test evaluated as false.  Skipping command
  
 CHARMM>     
  
 CHARMM>                   if issterol .eq. yes then
 Comparing "YES" and "YES".
 IF test evaluated as true.  Performing command
  
 CHARMM>                      coor dist cut 1.0 sele segid L@LipidNum .and. ( type c% .or. type c1* ) end  -
 CHARMM>                                             sele .not. ( repack .or. segid L@LipidNum .or. resname TIP3 ) .and. JUNK end
 Parameter: LIPIDNUM -> "1"
 Parameter: LIPIDNUM -> "1"
 SELRPN>     19 atoms have been selected out of  53777
 SELRPN>    266 atoms have been selected out of  53777

            DISTANCES FOR SELECTED ATOMS
 TOTAL EXCLUSION COUNT =         0
 TOTAL 1-4 EXCLUSIONS  =         0
 TOTAL NON-EXCLUSIONS  =         0
  
 CHARMM>                      if ?npair gt 0 goto domorerot
 RDCMND substituted energy or value "?NPAIR" to "0"
 Comparing "0" and "0".
 IF test evaluated as false.  Skipping command
  
 CHARMM>                   else
 Skip commands until next ENDIF
  
 CHARMM>     
  
 CHARMM>                   if dotrans .eq. 2 coor trans xdir -1.0 ydir -1.0 dist 0.71 sele target end
 Comparing "2" and "2".
 IF test evaluated as true.  Performing command
 SELRPN>     83 atoms have been selected out of  53777
 TRANSLATION VECTOR    -0.502046   -0.502046    0.000000
 SELECTED COORDINATES TRANSLATED IN THE MAIN SET.

  
 CHARMM>                   if dotrans .eq. 3 coor trans xdir -1.0 ydir  1.0 dist 0.71 sele target end
 Comparing "2" and "3".
 IF test evaluated as false.  Skipping command
  
 CHARMM>                   if dotrans .eq. 4 coor trans xdir  1.0 ydir -1.0 dist 0.71 sele target end
 Comparing "2" and "4".
 IF test evaluated as false.  Skipping command
  
 CHARMM>                   if dotrans .eq. 5 coor trans xdir  1.0 ydir  1.0 dist 0.71 sele target end
 Comparing "2" and "5".
 IF test evaluated as false.  Skipping command
  
 CHARMM>     
  
 CHARMM>                incr dotrans by 1
 Parameter: DOTRANS <- "3"
  
 CHARMM>                if dotrans .le. 5 goto doclash
 Comparing "3" and "5".
 IF test evaluated as true.  Performing command
  
 CHARMM>                   if dotrans .eq. 2 coor trans xdir  1.0 ydir  1.0 dist 0.71 sele target end
 Comparing "3" and "2".
 IF test evaluated as false.  Skipping command
  
 CHARMM>                   if dotrans .eq. 3 coor trans xdir  1.0 ydir -1.0 dist 0.71 sele target end
 Comparing "3" and "3".
 IF test evaluated as true.  Performing command
 SELRPN>     83 atoms have been selected out of  53777
 TRANSLATION VECTOR     0.502046   -0.502046    0.000000
 SELECTED COORDINATES TRANSLATED IN THE MAIN SET.

  
 CHARMM>                   if dotrans .eq. 4 coor trans xdir -1.0 ydir  1.0 dist 0.71 sele target end
 Comparing "3" and "4".
 IF test evaluated as false.  Skipping command
  
 CHARMM>                   if dotrans .eq. 5 coor trans xdir -1.0 ydir -1.0 dist 0.71 sele target end
 Comparing "3" and "5".
 IF test evaluated as false.  Skipping command
  
 CHARMM>     
  
 CHARMM>                   if issterol .eq. yes then
 Comparing "YES" and "YES".
 IF test evaluated as true.  Performing command
  
 CHARMM>                      coor dist cut 1.0 sele segid L@LipidNum .and. ( type c% .or. type c1* ) end  -
 CHARMM>                                             sele .not. ( repack .or. segid L@LipidNum .or. resname TIP3 ) .and. JUNK end
 Parameter: LIPIDNUM -> "1"
 Parameter: LIPIDNUM -> "1"
 SELRPN>     19 atoms have been selected out of  53777
 SELRPN>    266 atoms have been selected out of  53777

            DISTANCES FOR SELECTED ATOMS
53699 L1       CHL1     1        C4      -**** DUM      POL      166      POLO          0.8934
53702 L1       CHL1     1        C5      -**** DUM      POL      166      POLO          0.8641
53731 L1       CHL1     1        C9      -**** DUM      POL      163      POLO          0.9590
53733 L1       CHL1     1        C10     -**** DUM      POL      163      POLO          0.9178
 TOTAL EXCLUSION COUNT =         0
 TOTAL 1-4 EXCLUSIONS  =         0
 TOTAL NON-EXCLUSIONS  =         4
  
 CHARMM>                      if ?npair gt 0 goto domorerot
 RDCMND substituted energy or value "?NPAIR" to "4"
 Comparing "4" and "0".
 IF test evaluated as true.  Performing command
  
 CHARMM>             increase rotang by @delang
 Parameter: DELANG -> "35"
 Parameter: ROTANG <- "105"
  
 CHARMM>             if rotang .le. 359 goto dorot
 Comparing "105" and "359".
 IF test evaluated as true.  Performing command
  
 CHARMM>     
  
 CHARMM>                coor rotate zdir 1.0 xcen @xtran ycen @ytran zcen @zhead phi @rotang sele target end
 Parameter: XTRAN -> "-24.7094396"
 Parameter: YTRAN -> "17.5588972"
 Parameter: ZHEAD -> "18"
 Parameter: ROTANG -> "105"
 SELRPN>     83 atoms have been selected out of  53777
 ROTATION MATRIX
   -0.258819    0.965926    0.000000
   -0.965926   -0.258819    0.000000
    0.000000    0.000000    1.000000

 AXIS OF ROTATION IS  0.000000  0.000000  1.000000  ANGLE IS  105.00

 SELECTED COORDINATES ROTATED IN THE MAIN SET.

  
 CHARMM>     
  
 CHARMM>                set dotrans = 1
 Parameter: DOTRANS <- "1"
  
 CHARMM>                label doclash
  
 CHARMM>                   if dotrans .eq. 2 coor trans xdir  1.0 ydir  1.0 dist 0.71 sele target end
 Comparing "1" and "2".
 IF test evaluated as false.  Skipping command
  
 CHARMM>                   if dotrans .eq. 3 coor trans xdir  1.0 ydir -1.0 dist 0.71 sele target end
 Comparing "1" and "3".
 IF test evaluated as false.  Skipping command
  
 CHARMM>                   if dotrans .eq. 4 coor trans xdir -1.0 ydir  1.0 dist 0.71 sele target end
 Comparing "1" and "4".
 IF test evaluated as false.  Skipping command
  
 CHARMM>                   if dotrans .eq. 5 coor trans xdir -1.0 ydir -1.0 dist 0.71 sele target end
 Comparing "1" and "5".
 IF test evaluated as false.  Skipping command
  
 CHARMM>     
  
 CHARMM>                   if issterol .eq. yes then
 Comparing "YES" and "YES".
 IF test evaluated as true.  Performing command
  
 CHARMM>                      coor dist cut 1.0 sele segid L@LipidNum .and. ( type c% .or. type c1* ) end  -
 CHARMM>                                             sele .not. ( repack .or. segid L@LipidNum .or. resname TIP3 ) .and. JUNK end
 Parameter: LIPIDNUM -> "1"
 Parameter: LIPIDNUM -> "1"
 SELRPN>     19 atoms have been selected out of  53777
 SELRPN>    266 atoms have been selected out of  53777

            DISTANCES FOR SELECTED ATOMS
53728 L1       CHL1     1        C11     -**** DUM      POL      165      POLO          0.8571
53731 L1       CHL1     1        C9      -**** DUM      POL      163      POLO          0.6368
 TOTAL EXCLUSION COUNT =         0
 TOTAL 1-4 EXCLUSIONS  =         0
 TOTAL NON-EXCLUSIONS  =         2
  
 CHARMM>                      if ?npair gt 0 goto domorerot
 RDCMND substituted energy or value "?NPAIR" to "2"
 Comparing "2" and "0".
 IF test evaluated as true.  Performing command
  
 CHARMM>             increase rotang by @delang
 Parameter: DELANG -> "35"
 Parameter: ROTANG <- "140"
  
 CHARMM>             if rotang .le. 359 goto dorot
 Comparing "140" and "359".
 IF test evaluated as true.  Performing command
  
 CHARMM>     
  
 CHARMM>                coor rotate zdir 1.0 xcen @xtran ycen @ytran zcen @zhead phi @rotang sele target end
 Parameter: XTRAN -> "-24.7094396"
 Parameter: YTRAN -> "17.5588972"
 Parameter: ZHEAD -> "18"
 Parameter: ROTANG -> "140"
 SELRPN>     83 atoms have been selected out of  53777
 ROTATION MATRIX
   -0.766044    0.642788    0.000000
   -0.642788   -0.766044    0.000000
    0.000000    0.000000    1.000000

 AXIS OF ROTATION IS  0.000000  0.000000  1.000000  ANGLE IS  140.00

 SELECTED COORDINATES ROTATED IN THE MAIN SET.

  
 CHARMM>     
  
 CHARMM>                set dotrans = 1
 Parameter: DOTRANS <- "1"
  
 CHARMM>                label doclash
  
 CHARMM>                   if dotrans .eq. 2 coor trans xdir  1.0 ydir  1.0 dist 0.71 sele target end
 Comparing "1" and "2".
 IF test evaluated as false.  Skipping command
  
 CHARMM>                   if dotrans .eq. 3 coor trans xdir  1.0 ydir -1.0 dist 0.71 sele target end
 Comparing "1" and "3".
 IF test evaluated as false.  Skipping command
  
 CHARMM>                   if dotrans .eq. 4 coor trans xdir -1.0 ydir  1.0 dist 0.71 sele target end
 Comparing "1" and "4".
 IF test evaluated as false.  Skipping command
  
 CHARMM>                   if dotrans .eq. 5 coor trans xdir -1.0 ydir -1.0 dist 0.71 sele target end
 Comparing "1" and "5".
 IF test evaluated as false.  Skipping command
  
 CHARMM>     
  
 CHARMM>                   if issterol .eq. yes then
 Comparing "YES" and "YES".
 IF test evaluated as true.  Performing command
  
 CHARMM>                      coor dist cut 1.0 sele segid L@LipidNum .and. ( type c% .or. type c1* ) end  -
 CHARMM>                                             sele .not. ( repack .or. segid L@LipidNum .or. resname TIP3 ) .and. JUNK end
 Parameter: LIPIDNUM -> "1"
 Parameter: LIPIDNUM -> "1"
 SELRPN>     19 atoms have been selected out of  53777
 SELRPN>    266 atoms have been selected out of  53777

            DISTANCES FOR SELECTED ATOMS
53712 L1       CHL1     1        C15     -**** DUM      POL      164      POLO          0.9718
53715 L1       CHL1     1        C16     -**** DUM      POL      164      POLO          0.9745
 TOTAL EXCLUSION COUNT =         0
 TOTAL 1-4 EXCLUSIONS  =         0
 TOTAL NON-EXCLUSIONS  =         2
  
 CHARMM>                      if ?npair gt 0 goto domorerot
 RDCMND substituted energy or value "?NPAIR" to "2"
 Comparing "2" and "0".
 IF test evaluated as true.  Performing command
  
 CHARMM>             increase rotang by @delang
 Parameter: DELANG -> "35"
 Parameter: ROTANG <- "175"
  
 CHARMM>             if rotang .le. 359 goto dorot
 Comparing "175" and "359".
 IF test evaluated as true.  Performing command
  
 CHARMM>     
  
 CHARMM>                coor rotate zdir 1.0 xcen @xtran ycen @ytran zcen @zhead phi @rotang sele target end
 Parameter: XTRAN -> "-24.7094396"
 Parameter: YTRAN -> "17.5588972"
 Parameter: ZHEAD -> "18"
 Parameter: ROTANG -> "175"
 SELRPN>     83 atoms have been selected out of  53777
 ROTATION MATRIX
   -0.996195    0.087156    0.000000
   -0.087156   -0.996195    0.000000
    0.000000    0.000000    1.000000

 AXIS OF ROTATION IS  0.000000  0.000000  1.000000  ANGLE IS  175.00

 SELECTED COORDINATES ROTATED IN THE MAIN SET.

  
 CHARMM>     
  
 CHARMM>                set dotrans = 1
 Parameter: DOTRANS <- "1"
  
 CHARMM>                label doclash
  
 CHARMM>                   if dotrans .eq. 2 coor trans xdir  1.0 ydir  1.0 dist 0.71 sele target end
 Comparing "1" and "2".
 IF test evaluated as false.  Skipping command
  
 CHARMM>                   if dotrans .eq. 3 coor trans xdir  1.0 ydir -1.0 dist 0.71 sele target end
 Comparing "1" and "3".
 IF test evaluated as false.  Skipping command
  
 CHARMM>                   if dotrans .eq. 4 coor trans xdir -1.0 ydir  1.0 dist 0.71 sele target end
 Comparing "1" and "4".
 IF test evaluated as false.  Skipping command
  
 CHARMM>                   if dotrans .eq. 5 coor trans xdir -1.0 ydir -1.0 dist 0.71 sele target end
 Comparing "1" and "5".
 IF test evaluated as false.  Skipping command
  
 CHARMM>     
  
 CHARMM>                   if issterol .eq. yes then
 Comparing "YES" and "YES".
 IF test evaluated as true.  Performing command
  
 CHARMM>                      coor dist cut 1.0 sele segid L@LipidNum .and. ( type c% .or. type c1* ) end  -
 CHARMM>                                             sele .not. ( repack .or. segid L@LipidNum .or. resname TIP3 ) .and. JUNK end
 Parameter: LIPIDNUM -> "1"
 Parameter: LIPIDNUM -> "1"
 SELRPN>     19 atoms have been selected out of  53777
 SELRPN>    266 atoms have been selected out of  53777

            DISTANCES FOR SELECTED ATOMS
53731 L1       CHL1     1        C9      -**** DUM      POL      163      POLO          0.6766
 TOTAL EXCLUSION COUNT =         0
 TOTAL 1-4 EXCLUSIONS  =         0
 TOTAL NON-EXCLUSIONS  =         1
  
 CHARMM>                      if ?npair gt 0 goto domorerot
 RDCMND substituted energy or value "?NPAIR" to "1"
 Comparing "1" and "0".
 IF test evaluated as true.  Performing command
  
 CHARMM>             increase rotang by @delang
 Parameter: DELANG -> "35"
 Parameter: ROTANG <- "210"
  
 CHARMM>             if rotang .le. 359 goto dorot
 Comparing "210" and "359".
 IF test evaluated as true.  Performing command
  
 CHARMM>     
  
 CHARMM>                coor rotate zdir 1.0 xcen @xtran ycen @ytran zcen @zhead phi @rotang sele target end
 Parameter: XTRAN -> "-24.7094396"
 Parameter: YTRAN -> "17.5588972"
 Parameter: ZHEAD -> "18"
 Parameter: ROTANG -> "210"
 SELRPN>     83 atoms have been selected out of  53777
 ROTATION MATRIX
   -0.866025   -0.500000    0.000000
    0.500000   -0.866025    0.000000
    0.000000    0.000000    1.000000

 AXIS OF ROTATION IS  0.000000  0.000000 -1.000000  ANGLE IS  150.00

 SELECTED COORDINATES ROTATED IN THE MAIN SET.

  
 CHARMM>     
  
 CHARMM>                set dotrans = 1
 Parameter: DOTRANS <- "1"
  
 CHARMM>                label doclash
  
 CHARMM>                   if dotrans .eq. 2 coor trans xdir  1.0 ydir  1.0 dist 0.71 sele target end
 Comparing "1" and "2".
 IF test evaluated as false.  Skipping command
  
 CHARMM>                   if dotrans .eq. 3 coor trans xdir  1.0 ydir -1.0 dist 0.71 sele target end
 Comparing "1" and "3".
 IF test evaluated as false.  Skipping command
  
 CHARMM>                   if dotrans .eq. 4 coor trans xdir -1.0 ydir  1.0 dist 0.71 sele target end
 Comparing "1" and "4".
 IF test evaluated as false.  Skipping command
  
 CHARMM>                   if dotrans .eq. 5 coor trans xdir -1.0 ydir -1.0 dist 0.71 sele target end
 Comparing "1" and "5".
 IF test evaluated as false.  Skipping command
  
 CHARMM>     
  
 CHARMM>                   if issterol .eq. yes then
 Comparing "YES" and "YES".
 IF test evaluated as true.  Performing command
  
 CHARMM>                      coor dist cut 1.0 sele segid L@LipidNum .and. ( type c% .or. type c1* ) end  -
 CHARMM>                                             sele .not. ( repack .or. segid L@LipidNum .or. resname TIP3 ) .and. JUNK end
 Parameter: LIPIDNUM -> "1"
 Parameter: LIPIDNUM -> "1"
 SELRPN>     19 atoms have been selected out of  53777
 SELRPN>    266 atoms have been selected out of  53777

            DISTANCES FOR SELECTED ATOMS
53702 L1       CHL1     1        C5      -**** DUM      POL      166      POLO          0.8811
53710 L1       CHL1     1        C14     -**** DUM      POL      165      POLO          0.9976
 TOTAL EXCLUSION COUNT =         0
 TOTAL 1-4 EXCLUSIONS  =         0
 TOTAL NON-EXCLUSIONS  =         2
  
 CHARMM>                      if ?npair gt 0 goto domorerot
 RDCMND substituted energy or value "?NPAIR" to "2"
 Comparing "2" and "0".
 IF test evaluated as true.  Performing command
  
 CHARMM>             increase rotang by @delang
 Parameter: DELANG -> "35"
 Parameter: ROTANG <- "245"
  
 CHARMM>             if rotang .le. 359 goto dorot
 Comparing "245" and "359".
 IF test evaluated as true.  Performing command
  
 CHARMM>     
  
 CHARMM>                coor rotate zdir 1.0 xcen @xtran ycen @ytran zcen @zhead phi @rotang sele target end
 Parameter: XTRAN -> "-24.7094396"
 Parameter: YTRAN -> "17.5588972"
 Parameter: ZHEAD -> "18"
 Parameter: ROTANG -> "245"
 SELRPN>     83 atoms have been selected out of  53777
 ROTATION MATRIX
   -0.422618   -0.906308    0.000000
    0.906308   -0.422618    0.000000
    0.000000    0.000000    1.000000

 AXIS OF ROTATION IS  0.000000  0.000000 -1.000000  ANGLE IS  115.00

 SELECTED COORDINATES ROTATED IN THE MAIN SET.

  
 CHARMM>     
  
 CHARMM>                set dotrans = 1
 Parameter: DOTRANS <- "1"
  
 CHARMM>                label doclash
  
 CHARMM>                   if dotrans .eq. 2 coor trans xdir  1.0 ydir  1.0 dist 0.71 sele target end
 Comparing "1" and "2".
 IF test evaluated as false.  Skipping command
  
 CHARMM>                   if dotrans .eq. 3 coor trans xdir  1.0 ydir -1.0 dist 0.71 sele target end
 Comparing "1" and "3".
 IF test evaluated as false.  Skipping command
  
 CHARMM>                   if dotrans .eq. 4 coor trans xdir -1.0 ydir  1.0 dist 0.71 sele target end
 Comparing "1" and "4".
 IF test evaluated as false.  Skipping command
  
 CHARMM>                   if dotrans .eq. 5 coor trans xdir -1.0 ydir -1.0 dist 0.71 sele target end
 Comparing "1" and "5".
 IF test evaluated as false.  Skipping command
  
 CHARMM>     
  
 CHARMM>                   if issterol .eq. yes then
 Comparing "YES" and "YES".
 IF test evaluated as true.  Performing command
  
 CHARMM>                      coor dist cut 1.0 sele segid L@LipidNum .and. ( type c% .or. type c1* ) end  -
 CHARMM>                                             sele .not. ( repack .or. segid L@LipidNum .or. resname TIP3 ) .and. JUNK end
 Parameter: LIPIDNUM -> "1"
 Parameter: LIPIDNUM -> "1"
 SELRPN>     19 atoms have been selected out of  53777
 SELRPN>    266 atoms have been selected out of  53777

            DISTANCES FOR SELECTED ATOMS
53731 L1       CHL1     1        C9      -**** DUM      POL      163      POLO          0.8347
 TOTAL EXCLUSION COUNT =         0
 TOTAL 1-4 EXCLUSIONS  =         0
 TOTAL NON-EXCLUSIONS  =         1
  
 CHARMM>                      if ?npair gt 0 goto domorerot
 RDCMND substituted energy or value "?NPAIR" to "1"
 Comparing "1" and "0".
 IF test evaluated as true.  Performing command
  
 CHARMM>             increase rotang by @delang
 Parameter: DELANG -> "35"
 Parameter: ROTANG <- "280"
  
 CHARMM>             if rotang .le. 359 goto dorot
 Comparing "280" and "359".
 IF test evaluated as true.  Performing command
  
 CHARMM>     
  
 CHARMM>                coor rotate zdir 1.0 xcen @xtran ycen @ytran zcen @zhead phi @rotang sele target end
 Parameter: XTRAN -> "-24.7094396"
 Parameter: YTRAN -> "17.5588972"
 Parameter: ZHEAD -> "18"
 Parameter: ROTANG -> "280"
 SELRPN>     83 atoms have been selected out of  53777
 ROTATION MATRIX
    0.173648   -0.984808    0.000000
    0.984808    0.173648    0.000000
    0.000000    0.000000    1.000000

 AXIS OF ROTATION IS  0.000000  0.000000 -1.000000  ANGLE IS   80.00

 SELECTED COORDINATES ROTATED IN THE MAIN SET.

  
 CHARMM>     
  
 CHARMM>                set dotrans = 1
 Parameter: DOTRANS <- "1"
  
 CHARMM>                label doclash
  
 CHARMM>                   if dotrans .eq. 2 coor trans xdir  1.0 ydir  1.0 dist 0.71 sele target end
 Comparing "1" and "2".
 IF test evaluated as false.  Skipping command
  
 CHARMM>                   if dotrans .eq. 3 coor trans xdir  1.0 ydir -1.0 dist 0.71 sele target end
 Comparing "1" and "3".
 IF test evaluated as false.  Skipping command
  
 CHARMM>                   if dotrans .eq. 4 coor trans xdir -1.0 ydir  1.0 dist 0.71 sele target end
 Comparing "1" and "4".
 IF test evaluated as false.  Skipping command
  
 CHARMM>                   if dotrans .eq. 5 coor trans xdir -1.0 ydir -1.0 dist 0.71 sele target end
 Comparing "1" and "5".
 IF test evaluated as false.  Skipping command
  
 CHARMM>     
  
 CHARMM>                   if issterol .eq. yes then
 Comparing "YES" and "YES".
 IF test evaluated as true.  Performing command
  
 CHARMM>                      coor dist cut 1.0 sele segid L@LipidNum .and. ( type c% .or. type c1* ) end  -
 CHARMM>                                             sele .not. ( repack .or. segid L@LipidNum .or. resname TIP3 ) .and. JUNK end
 Parameter: LIPIDNUM -> "1"
 Parameter: LIPIDNUM -> "1"
 SELRPN>     19 atoms have been selected out of  53777
 SELRPN>    266 atoms have been selected out of  53777

            DISTANCES FOR SELECTED ATOMS
53731 L1       CHL1     1        C9      -**** DUM      POL      163      POLO          0.6362
 TOTAL EXCLUSION COUNT =         0
 TOTAL 1-4 EXCLUSIONS  =         0
 TOTAL NON-EXCLUSIONS  =         1
  
 CHARMM>                      if ?npair gt 0 goto domorerot
 RDCMND substituted energy or value "?NPAIR" to "1"
 Comparing "1" and "0".
 IF test evaluated as true.  Performing command
  
 CHARMM>             increase rotang by @delang
 Parameter: DELANG -> "35"
 Parameter: ROTANG <- "315"
  
 CHARMM>             if rotang .le. 359 goto dorot
 Comparing "315" and "359".
 IF test evaluated as true.  Performing command
  
 CHARMM>     
  
 CHARMM>                coor rotate zdir 1.0 xcen @xtran ycen @ytran zcen @zhead phi @rotang sele target end
 Parameter: XTRAN -> "-24.7094396"
 Parameter: YTRAN -> "17.5588972"
 Parameter: ZHEAD -> "18"
 Parameter: ROTANG -> "315"
 SELRPN>     83 atoms have been selected out of  53777
 ROTATION MATRIX
    0.707107   -0.707107    0.000000
    0.707107    0.707107    0.000000
    0.000000    0.000000    1.000000

 AXIS OF ROTATION IS  0.000000  0.000000 -1.000000  ANGLE IS   45.00

 SELECTED COORDINATES ROTATED IN THE MAIN SET.

  
 CHARMM>     
  
 CHARMM>                set dotrans = 1
 Parameter: DOTRANS <- "1"
  
 CHARMM>                label doclash
  
 CHARMM>                   if dotrans .eq. 2 coor trans xdir  1.0 ydir  1.0 dist 0.71 sele target end
 Comparing "1" and "2".
 IF test evaluated as false.  Skipping command
  
 CHARMM>                   if dotrans .eq. 3 coor trans xdir  1.0 ydir -1.0 dist 0.71 sele target end
 Comparing "1" and "3".
 IF test evaluated as false.  Skipping command
  
 CHARMM>                   if dotrans .eq. 4 coor trans xdir -1.0 ydir  1.0 dist 0.71 sele target end
 Comparing "1" and "4".
 IF test evaluated as false.  Skipping command
  
 CHARMM>                   if dotrans .eq. 5 coor trans xdir -1.0 ydir -1.0 dist 0.71 sele target end
 Comparing "1" and "5".
 IF test evaluated as false.  Skipping command
  
 CHARMM>     
  
 CHARMM>                   if issterol .eq. yes then
 Comparing "YES" and "YES".
 IF test evaluated as true.  Performing command
  
 CHARMM>                      coor dist cut 1.0 sele segid L@LipidNum .and. ( type c% .or. type c1* ) end  -
 CHARMM>                                             sele .not. ( repack .or. segid L@LipidNum .or. resname TIP3 ) .and. JUNK end
 Parameter: LIPIDNUM -> "1"
 Parameter: LIPIDNUM -> "1"
 SELRPN>     19 atoms have been selected out of  53777
 SELRPN>    266 atoms have been selected out of  53777

            DISTANCES FOR SELECTED ATOMS
53731 L1       CHL1     1        C9      -**** DUM      POL      163      POLO          0.8080
53733 L1       CHL1     1        C10     -**** DUM      POL      163      POLO          0.9266
 TOTAL EXCLUSION COUNT =         0
 TOTAL 1-4 EXCLUSIONS  =         0
 TOTAL NON-EXCLUSIONS  =         2
  
 CHARMM>                      if ?npair gt 0 goto domorerot
 RDCMND substituted energy or value "?NPAIR" to "2"
 Comparing "2" and "0".
 IF test evaluated as true.  Performing command
  
 CHARMM>             increase rotang by @delang
 Parameter: DELANG -> "35"
 Parameter: ROTANG <- "350"
  
 CHARMM>             if rotang .le. 359 goto dorot
 Comparing "350" and "359".
 IF test evaluated as true.  Performing command
  
 CHARMM>     
  
 CHARMM>                coor rotate zdir 1.0 xcen @xtran ycen @ytran zcen @zhead phi @rotang sele target end
 Parameter: XTRAN -> "-24.7094396"
 Parameter: YTRAN -> "17.5588972"
 Parameter: ZHEAD -> "18"
 Parameter: ROTANG -> "350"
 SELRPN>     83 atoms have been selected out of  53777
 ROTATION MATRIX
    0.984808   -0.173648    0.000000
    0.173648    0.984808    0.000000
    0.000000    0.000000    1.000000

 AXIS OF ROTATION IS  0.000000  0.000000 -1.000000  ANGLE IS   10.00

 SELECTED COORDINATES ROTATED IN THE MAIN SET.

  
 CHARMM>     
  
 CHARMM>                set dotrans = 1
 Parameter: DOTRANS <- "1"
  
 CHARMM>                label doclash
  
 CHARMM>                   if dotrans .eq. 2 coor trans xdir  1.0 ydir  1.0 dist 0.71 sele target end
 Comparing "1" and "2".
 IF test evaluated as false.  Skipping command
  
 CHARMM>                   if dotrans .eq. 3 coor trans xdir  1.0 ydir -1.0 dist 0.71 sele target end
 Comparing "1" and "3".
 IF test evaluated as false.  Skipping command
  
 CHARMM>                   if dotrans .eq. 4 coor trans xdir -1.0 ydir  1.0 dist 0.71 sele target end
 Comparing "1" and "4".
 IF test evaluated as false.  Skipping command
  
 CHARMM>                   if dotrans .eq. 5 coor trans xdir -1.0 ydir -1.0 dist 0.71 sele target end
 Comparing "1" and "5".
 IF test evaluated as false.  Skipping command
  
 CHARMM>     
  
 CHARMM>                   if issterol .eq. yes then
 Comparing "YES" and "YES".
 IF test evaluated as true.  Performing command
  
 CHARMM>                      coor dist cut 1.0 sele segid L@LipidNum .and. ( type c% .or. type c1* ) end  -
 CHARMM>                                             sele .not. ( repack .or. segid L@LipidNum .or. resname TIP3 ) .and. JUNK end
 Parameter: LIPIDNUM -> "1"
 Parameter: LIPIDNUM -> "1"
 SELRPN>     19 atoms have been selected out of  53777
 SELRPN>    266 atoms have been selected out of  53777

            DISTANCES FOR SELECTED ATOMS
53699 L1       CHL1     1        C4      -**** DUM      POL      166      POLO          0.9932
53731 L1       CHL1     1        C9      -**** DUM      POL      163      POLO          0.8585
53733 L1       CHL1     1        C10     -**** DUM      POL      163      POLO          0.9069
 TOTAL EXCLUSION COUNT =         0
 TOTAL 1-4 EXCLUSIONS  =         0
 TOTAL NON-EXCLUSIONS  =         3
  
 CHARMM>                      if ?npair gt 0 goto domorerot
 RDCMND substituted energy or value "?NPAIR" to "3"
 Comparing "3" and "0".
 IF test evaluated as true.  Performing command
  
 CHARMM>             increase rotang by @delang
 Parameter: DELANG -> "35"
 Parameter: ROTANG <- "385"
  
 CHARMM>             if rotang .le. 359 goto dorot
 Comparing "385" and "359".
 IF test evaluated as false.  Skipping command
  
 CHARMM>     
  
 CHARMM>             coor trans xdir -@xmove ydir -@ymove sele target end
 Parameter: XMOVE -> "0"
 Parameter: YMOVE -> "0"
 SELRPN>     83 atoms have been selected out of  53777
 TRANSLATION VECTOR    -0.000000   -0.000000    0.000000
 SELECTED COORDINATES TRANSLATED IN THE MAIN SET.

  
 CHARMM>          increase nxymove by 1
 Parameter: NXYMOVE <- "2"
  
 CHARMM>          if nxymove .le. 9 goto doxymove
 Comparing "2" and "9".
 IF test evaluated as true.  Performing command
  
 CHARMM>     
  
 CHARMM>             if nxymove .eq. 2 incr xmove by 1
 Comparing "2" and "2".
 IF test evaluated as true.  Performing command
 Parameter: XMOVE <- "1"
  
 CHARMM>             if nxymove .eq. 3 incr ymove by 1
 Comparing "2" and "3".
 IF test evaluated as false.  Skipping command
  
 CHARMM>             if nxymove .eq. 4 decr xmove by 1
 Comparing "2" and "4".
 IF test evaluated as false.  Skipping command
  
 CHARMM>             if nxymove .eq. 5 decr xmove by 1
 Comparing "2" and "5".
 IF test evaluated as false.  Skipping command
  
 CHARMM>             if nxymove .eq. 6 decr ymove by 1
 Comparing "2" and "6".
 IF test evaluated as false.  Skipping command
  
 CHARMM>             if nxymove .eq. 7 decr ymove by 1
 Comparing "2" and "7".
 IF test evaluated as false.  Skipping command
  
 CHARMM>             if nxymove .eq. 8 incr xmove by 1
 Comparing "2" and "8".
 IF test evaluated as false.  Skipping command
  
 CHARMM>             if nxymove .eq. 9 incr xmove by 1
 Comparing "2" and "9".
 IF test evaluated as false.  Skipping command
  
 CHARMM>     
  
 CHARMM>             calc xtran = @xhead + @xmove
 Parameter: XHEAD -> "-24.7094396"
 Parameter: XMOVE -> "1"
Evaluating: -24.7094396+1
 Parameter: XTRAN <- "-23.7094396"
  
 CHARMM>             calc ytran = @yhead + @ymove
 Parameter: YHEAD -> "17.5588972"
 Parameter: YMOVE -> "0"
Evaluating: 17.5588972+0
 Parameter: YTRAN <- "17.5588972"
  
 CHARMM>     
  
 CHARMM>             calc rotang = 0.0
Evaluating: 0.0
 Parameter: ROTANG <- "0"
  
 CHARMM>             label dorot
  
 CHARMM>     
  
 CHARMM>                coor rotate zdir 1.0 xcen @xtran ycen @ytran zcen @zhead phi @rotang sele target end
 Parameter: XTRAN -> "-23.7094396"
 Parameter: YTRAN -> "17.5588972"
 Parameter: ZHEAD -> "18"
 Parameter: ROTANG -> "0"
 SELRPN>     83 atoms have been selected out of  53777
 ROTATION MATRIX
    1.000000    0.000000    0.000000
    0.000000    1.000000    0.000000
    0.000000    0.000000    1.000000

 VERY LITTLE ROTATION: NO AXIS FOUND
 SELECTED COORDINATES ROTATED IN THE MAIN SET.

  
 CHARMM>     
  
 CHARMM>                set dotrans = 1
 Parameter: DOTRANS <- "1"
  
 CHARMM>                label doclash
  
 CHARMM>                   if dotrans .eq. 2 coor trans xdir  1.0 ydir  1.0 dist 0.71 sele target end
 Comparing "1" and "2".
 IF test evaluated as false.  Skipping command
  
 CHARMM>                   if dotrans .eq. 3 coor trans xdir  1.0 ydir -1.0 dist 0.71 sele target end
 Comparing "1" and "3".
 IF test evaluated as false.  Skipping command
  
 CHARMM>                   if dotrans .eq. 4 coor trans xdir -1.0 ydir  1.0 dist 0.71 sele target end
 Comparing "1" and "4".
 IF test evaluated as false.  Skipping command
  
 CHARMM>                   if dotrans .eq. 5 coor trans xdir -1.0 ydir -1.0 dist 0.71 sele target end
 Comparing "1" and "5".
 IF test evaluated as false.  Skipping command
  
 CHARMM>     
  
 CHARMM>                   if issterol .eq. yes then
 Comparing "YES" and "YES".
 IF test evaluated as true.  Performing command
  
 CHARMM>                      coor dist cut 1.0 sele segid L@LipidNum .and. ( type c% .or. type c1* ) end  -
 CHARMM>                                             sele .not. ( repack .or. segid L@LipidNum .or. resname TIP3 ) .and. JUNK end
 Parameter: LIPIDNUM -> "1"
 Parameter: LIPIDNUM -> "1"
 SELRPN>     19 atoms have been selected out of  53777
 SELRPN>    266 atoms have been selected out of  53777

            DISTANCES FOR SELECTED ATOMS
53699 L1       CHL1     1        C4      -**** DUM      POL      166      POLO          0.9932
53731 L1       CHL1     1        C9      -**** DUM      POL      163      POLO          0.8585
53733 L1       CHL1     1        C10     -**** DUM      POL      163      POLO          0.9069
 TOTAL EXCLUSION COUNT =         0
 TOTAL 1-4 EXCLUSIONS  =         0
 TOTAL NON-EXCLUSIONS  =         3
  
 CHARMM>                      if ?npair gt 0 goto domorerot
 RDCMND substituted energy or value "?NPAIR" to "3"
 Comparing "3" and "0".
 IF test evaluated as true.  Performing command
  
 CHARMM>             increase rotang by @delang
 Parameter: DELANG -> "35"
 Parameter: ROTANG <- "35"
  
 CHARMM>             if rotang .le. 359 goto dorot
 Comparing "35" and "359".
 IF test evaluated as true.  Performing command
  
 CHARMM>     
  
 CHARMM>                coor rotate zdir 1.0 xcen @xtran ycen @ytran zcen @zhead phi @rotang sele target end
 Parameter: XTRAN -> "-23.7094396"
 Parameter: YTRAN -> "17.5588972"
 Parameter: ZHEAD -> "18"
 Parameter: ROTANG -> "35"
 SELRPN>     83 atoms have been selected out of  53777
 ROTATION MATRIX
    0.819152    0.573576    0.000000
   -0.573576    0.819152    0.000000
    0.000000    0.000000    1.000000

 AXIS OF ROTATION IS  0.000000  0.000000  1.000000  ANGLE IS   35.00

 SELECTED COORDINATES ROTATED IN THE MAIN SET.

  
 CHARMM>     
  
 CHARMM>                set dotrans = 1
 Parameter: DOTRANS <- "1"
  
 CHARMM>                label doclash
  
 CHARMM>                   if dotrans .eq. 2 coor trans xdir  1.0 ydir  1.0 dist 0.71 sele target end
 Comparing "1" and "2".
 IF test evaluated as false.  Skipping command
  
 CHARMM>                   if dotrans .eq. 3 coor trans xdir  1.0 ydir -1.0 dist 0.71 sele target end
 Comparing "1" and "3".
 IF test evaluated as false.  Skipping command
  
 CHARMM>                   if dotrans .eq. 4 coor trans xdir -1.0 ydir  1.0 dist 0.71 sele target end
 Comparing "1" and "4".
 IF test evaluated as false.  Skipping command
  
 CHARMM>                   if dotrans .eq. 5 coor trans xdir -1.0 ydir -1.0 dist 0.71 sele target end
 Comparing "1" and "5".
 IF test evaluated as false.  Skipping command
  
 CHARMM>     
  
 CHARMM>                   if issterol .eq. yes then
 Comparing "YES" and "YES".
 IF test evaluated as true.  Performing command
  
 CHARMM>                      coor dist cut 1.0 sele segid L@LipidNum .and. ( type c% .or. type c1* ) end  -
 CHARMM>                                             sele .not. ( repack .or. segid L@LipidNum .or. resname TIP3 ) .and. JUNK end
 Parameter: LIPIDNUM -> "1"
 Parameter: LIPIDNUM -> "1"
 SELRPN>     19 atoms have been selected out of  53777
 SELRPN>    266 atoms have been selected out of  53777

            DISTANCES FOR SELECTED ATOMS
 TOTAL EXCLUSION COUNT =         0
 TOTAL 1-4 EXCLUSIONS  =         0
 TOTAL NON-EXCLUSIONS  =         0
  
 CHARMM>                      if ?npair gt 0 goto domorerot
 RDCMND substituted energy or value "?NPAIR" to "0"
 Comparing "0" and "0".
 IF test evaluated as false.  Skipping command
  
 CHARMM>                   else
 Skip commands until next ENDIF
  
 CHARMM>     
  
 CHARMM>                   if dotrans .eq. 2 coor trans xdir -1.0 ydir -1.0 dist 0.71 sele target end
 Comparing "1" and "2".
 IF test evaluated as false.  Skipping command
  
 CHARMM>                   if dotrans .eq. 3 coor trans xdir -1.0 ydir  1.0 dist 0.71 sele target end
 Comparing "1" and "3".
 IF test evaluated as false.  Skipping command
  
 CHARMM>                   if dotrans .eq. 4 coor trans xdir  1.0 ydir -1.0 dist 0.71 sele target end
 Comparing "1" and "4".
 IF test evaluated as false.  Skipping command
  
 CHARMM>                   if dotrans .eq. 5 coor trans xdir  1.0 ydir  1.0 dist 0.71 sele target end
 Comparing "1" and "5".
 IF test evaluated as false.  Skipping command
  
 CHARMM>     
  
 CHARMM>                incr dotrans by 1
 Parameter: DOTRANS <- "2"
  
 CHARMM>                if dotrans .le. 5 goto doclash
 Comparing "2" and "5".
 IF test evaluated as true.  Performing command
  
 CHARMM>                   if dotrans .eq. 2 coor trans xdir  1.0 ydir  1.0 dist 0.71 sele target end
 Comparing "2" and "2".
 IF test evaluated as true.  Performing command
 SELRPN>     83 atoms have been selected out of  53777
 TRANSLATION VECTOR     0.502046    0.502046    0.000000
 SELECTED COORDINATES TRANSLATED IN THE MAIN SET.

  
 CHARMM>                   if dotrans .eq. 3 coor trans xdir  1.0 ydir -1.0 dist 0.71 sele target end
 Comparing "2" and "3".
 IF test evaluated as false.  Skipping command
  
 CHARMM>                   if dotrans .eq. 4 coor trans xdir -1.0 ydir  1.0 dist 0.71 sele target end
 Comparing "2" and "4".
 IF test evaluated as false.  Skipping command
  
 CHARMM>                   if dotrans .eq. 5 coor trans xdir -1.0 ydir -1.0 dist 0.71 sele target end
 Comparing "2" and "5".
 IF test evaluated as false.  Skipping command
  
 CHARMM>     
  
 CHARMM>                   if issterol .eq. yes then
 Comparing "YES" and "YES".
 IF test evaluated as true.  Performing command
  
 CHARMM>                      coor dist cut 1.0 sele segid L@LipidNum .and. ( type c% .or. type c1* ) end  -
 CHARMM>                                             sele .not. ( repack .or. segid L@LipidNum .or. resname TIP3 ) .and. JUNK end
 Parameter: LIPIDNUM -> "1"
 Parameter: LIPIDNUM -> "1"
 SELRPN>     19 atoms have been selected out of  53777
 SELRPN>    266 atoms have been selected out of  53777

            DISTANCES FOR SELECTED ATOMS
 TOTAL EXCLUSION COUNT =         0
 TOTAL 1-4 EXCLUSIONS  =         0
 TOTAL NON-EXCLUSIONS  =         0
  
 CHARMM>                      if ?npair gt 0 goto domorerot
 RDCMND substituted energy or value "?NPAIR" to "0"
 Comparing "0" and "0".
 IF test evaluated as false.  Skipping command
  
 CHARMM>                   else
 Skip commands until next ENDIF
  
 CHARMM>     
  
 CHARMM>                   if dotrans .eq. 2 coor trans xdir -1.0 ydir -1.0 dist 0.71 sele target end
 Comparing "2" and "2".
 IF test evaluated as true.  Performing command
 SELRPN>     83 atoms have been selected out of  53777
 TRANSLATION VECTOR    -0.502046   -0.502046    0.000000
 SELECTED COORDINATES TRANSLATED IN THE MAIN SET.

  
 CHARMM>                   if dotrans .eq. 3 coor trans xdir -1.0 ydir  1.0 dist 0.71 sele target end
 Comparing "2" and "3".
 IF test evaluated as false.  Skipping command
  
 CHARMM>                   if dotrans .eq. 4 coor trans xdir  1.0 ydir -1.0 dist 0.71 sele target end
 Comparing "2" and "4".
 IF test evaluated as false.  Skipping command
  
 CHARMM>                   if dotrans .eq. 5 coor trans xdir  1.0 ydir  1.0 dist 0.71 sele target end
 Comparing "2" and "5".
 IF test evaluated as false.  Skipping command
  
 CHARMM>     
  
 CHARMM>                incr dotrans by 1
 Parameter: DOTRANS <- "3"
  
 CHARMM>                if dotrans .le. 5 goto doclash
 Comparing "3" and "5".
 IF test evaluated as true.  Performing command
  
 CHARMM>                   if dotrans .eq. 2 coor trans xdir  1.0 ydir  1.0 dist 0.71 sele target end
 Comparing "3" and "2".
 IF test evaluated as false.  Skipping command
  
 CHARMM>                   if dotrans .eq. 3 coor trans xdir  1.0 ydir -1.0 dist 0.71 sele target end
 Comparing "3" and "3".
 IF test evaluated as true.  Performing command
 SELRPN>     83 atoms have been selected out of  53777
 TRANSLATION VECTOR     0.502046   -0.502046    0.000000
 SELECTED COORDINATES TRANSLATED IN THE MAIN SET.

  
 CHARMM>                   if dotrans .eq. 4 coor trans xdir -1.0 ydir  1.0 dist 0.71 sele target end
 Comparing "3" and "4".
 IF test evaluated as false.  Skipping command
  
 CHARMM>                   if dotrans .eq. 5 coor trans xdir -1.0 ydir -1.0 dist 0.71 sele target end
 Comparing "3" and "5".
 IF test evaluated as false.  Skipping command
  
 CHARMM>     
  
 CHARMM>                   if issterol .eq. yes then
 Comparing "YES" and "YES".
 IF test evaluated as true.  Performing command
  
 CHARMM>                      coor dist cut 1.0 sele segid L@LipidNum .and. ( type c% .or. type c1* ) end  -
 CHARMM>                                             sele .not. ( repack .or. segid L@LipidNum .or. resname TIP3 ) .and. JUNK end
 Parameter: LIPIDNUM -> "1"
 Parameter: LIPIDNUM -> "1"
 SELRPN>     19 atoms have been selected out of  53777
 SELRPN>    266 atoms have been selected out of  53777

            DISTANCES FOR SELECTED ATOMS
 TOTAL EXCLUSION COUNT =         0
 TOTAL 1-4 EXCLUSIONS  =         0
 TOTAL NON-EXCLUSIONS  =         0
  
 CHARMM>                      if ?npair gt 0 goto domorerot
 RDCMND substituted energy or value "?NPAIR" to "0"
 Comparing "0" and "0".
 IF test evaluated as false.  Skipping command
  
 CHARMM>                   else
 Skip commands until next ENDIF
  
 CHARMM>     
  
 CHARMM>                   if dotrans .eq. 2 coor trans xdir -1.0 ydir -1.0 dist 0.71 sele target end
 Comparing "3" and "2".
 IF test evaluated as false.  Skipping command
  
 CHARMM>                   if dotrans .eq. 3 coor trans xdir -1.0 ydir  1.0 dist 0.71 sele target end
 Comparing "3" and "3".
 IF test evaluated as true.  Performing command
 SELRPN>     83 atoms have been selected out of  53777
 TRANSLATION VECTOR    -0.502046    0.502046    0.000000
 SELECTED COORDINATES TRANSLATED IN THE MAIN SET.

  
 CHARMM>                   if dotrans .eq. 4 coor trans xdir  1.0 ydir -1.0 dist 0.71 sele target end
 Comparing "3" and "4".
 IF test evaluated as false.  Skipping command
  
 CHARMM>                   if dotrans .eq. 5 coor trans xdir  1.0 ydir  1.0 dist 0.71 sele target end
 Comparing "3" and "5".
 IF test evaluated as false.  Skipping command
  
 CHARMM>     
  
 CHARMM>                incr dotrans by 1
 Parameter: DOTRANS <- "4"
  
 CHARMM>                if dotrans .le. 5 goto doclash
 Comparing "4" and "5".
 IF test evaluated as true.  Performing command
  
 CHARMM>                   if dotrans .eq. 2 coor trans xdir  1.0 ydir  1.0 dist 0.71 sele target end
 Comparing "4" and "2".
 IF test evaluated as false.  Skipping command
  
 CHARMM>                   if dotrans .eq. 3 coor trans xdir  1.0 ydir -1.0 dist 0.71 sele target end
 Comparing "4" and "3".
 IF test evaluated as false.  Skipping command
  
 CHARMM>                   if dotrans .eq. 4 coor trans xdir -1.0 ydir  1.0 dist 0.71 sele target end
 Comparing "4" and "4".
 IF test evaluated as true.  Performing command
 SELRPN>     83 atoms have been selected out of  53777
 TRANSLATION VECTOR    -0.502046    0.502046    0.000000
 SELECTED COORDINATES TRANSLATED IN THE MAIN SET.

  
 CHARMM>                   if dotrans .eq. 5 coor trans xdir -1.0 ydir -1.0 dist 0.71 sele target end
 Comparing "4" and "5".
 IF test evaluated as false.  Skipping command
  
 CHARMM>     
  
 CHARMM>                   if issterol .eq. yes then
 Comparing "YES" and "YES".
 IF test evaluated as true.  Performing command
  
 CHARMM>                      coor dist cut 1.0 sele segid L@LipidNum .and. ( type c% .or. type c1* ) end  -
 CHARMM>                                             sele .not. ( repack .or. segid L@LipidNum .or. resname TIP3 ) .and. JUNK end
 Parameter: LIPIDNUM -> "1"
 Parameter: LIPIDNUM -> "1"
 SELRPN>     19 atoms have been selected out of  53777
 SELRPN>    266 atoms have been selected out of  53777

            DISTANCES FOR SELECTED ATOMS
53738 L1       CHL1     1        C1      -**** DUM      POL      166      POLO          0.9960
53741 L1       CHL1     1        C2      -**** DUM      POL      166      POLO          0.9368
 TOTAL EXCLUSION COUNT =         0
 TOTAL 1-4 EXCLUSIONS  =         0
 TOTAL NON-EXCLUSIONS  =         2
  
 CHARMM>                      if ?npair gt 0 goto domorerot
 RDCMND substituted energy or value "?NPAIR" to "2"
 Comparing "2" and "0".
 IF test evaluated as true.  Performing command
  
 CHARMM>             increase rotang by @delang
 Parameter: DELANG -> "35"
 Parameter: ROTANG <- "70"
  
 CHARMM>             if rotang .le. 359 goto dorot
 Comparing "70" and "359".
 IF test evaluated as true.  Performing command
  
 CHARMM>     
  
 CHARMM>                coor rotate zdir 1.0 xcen @xtran ycen @ytran zcen @zhead phi @rotang sele target end
 Parameter: XTRAN -> "-23.7094396"
 Parameter: YTRAN -> "17.5588972"
 Parameter: ZHEAD -> "18"
 Parameter: ROTANG -> "70"
 SELRPN>     83 atoms have been selected out of  53777
 ROTATION MATRIX
    0.342020    0.939693    0.000000
   -0.939693    0.342020    0.000000
    0.000000    0.000000    1.000000

 AXIS OF ROTATION IS  0.000000  0.000000  1.000000  ANGLE IS   70.00

 SELECTED COORDINATES ROTATED IN THE MAIN SET.

  
 CHARMM>     
  
 CHARMM>                set dotrans = 1
 Parameter: DOTRANS <- "1"
  
 CHARMM>                label doclash
  
 CHARMM>                   if dotrans .eq. 2 coor trans xdir  1.0 ydir  1.0 dist 0.71 sele target end
 Comparing "1" and "2".
 IF test evaluated as false.  Skipping command
  
 CHARMM>                   if dotrans .eq. 3 coor trans xdir  1.0 ydir -1.0 dist 0.71 sele target end
 Comparing "1" and "3".
 IF test evaluated as false.  Skipping command
  
 CHARMM>                   if dotrans .eq. 4 coor trans xdir -1.0 ydir  1.0 dist 0.71 sele target end
 Comparing "1" and "4".
 IF test evaluated as false.  Skipping command
  
 CHARMM>                   if dotrans .eq. 5 coor trans xdir -1.0 ydir -1.0 dist 0.71 sele target end
 Comparing "1" and "5".
 IF test evaluated as false.  Skipping command
  
 CHARMM>     
  
 CHARMM>                   if issterol .eq. yes then
 Comparing "YES" and "YES".
 IF test evaluated as true.  Performing command
  
 CHARMM>                      coor dist cut 1.0 sele segid L@LipidNum .and. ( type c% .or. type c1* ) end  -
 CHARMM>                                             sele .not. ( repack .or. segid L@LipidNum .or. resname TIP3 ) .and. JUNK end
 Parameter: LIPIDNUM -> "1"
 Parameter: LIPIDNUM -> "1"
 SELRPN>     19 atoms have been selected out of  53777
 SELRPN>    266 atoms have been selected out of  53777

            DISTANCES FOR SELECTED ATOMS
 TOTAL EXCLUSION COUNT =         0
 TOTAL 1-4 EXCLUSIONS  =         0
 TOTAL NON-EXCLUSIONS  =         0
  
 CHARMM>                      if ?npair gt 0 goto domorerot
 RDCMND substituted energy or value "?NPAIR" to "0"
 Comparing "0" and "0".
 IF test evaluated as false.  Skipping command
  
 CHARMM>                   else
 Skip commands until next ENDIF
  
 CHARMM>     
  
 CHARMM>                   if dotrans .eq. 2 coor trans xdir -1.0 ydir -1.0 dist 0.71 sele target end
 Comparing "1" and "2".
 IF test evaluated as false.  Skipping command
  
 CHARMM>                   if dotrans .eq. 3 coor trans xdir -1.0 ydir  1.0 dist 0.71 sele target end
 Comparing "1" and "3".
 IF test evaluated as false.  Skipping command
  
 CHARMM>                   if dotrans .eq. 4 coor trans xdir  1.0 ydir -1.0 dist 0.71 sele target end
 Comparing "1" and "4".
 IF test evaluated as false.  Skipping command
  
 CHARMM>                   if dotrans .eq. 5 coor trans xdir  1.0 ydir  1.0 dist 0.71 sele target end
 Comparing "1" and "5".
 IF test evaluated as false.  Skipping command
  
 CHARMM>     
  
 CHARMM>                incr dotrans by 1
 Parameter: DOTRANS <- "2"
  
 CHARMM>                if dotrans .le. 5 goto doclash
 Comparing "2" and "5".
 IF test evaluated as true.  Performing command
  
 CHARMM>                   if dotrans .eq. 2 coor trans xdir  1.0 ydir  1.0 dist 0.71 sele target end
 Comparing "2" and "2".
 IF test evaluated as true.  Performing command
 SELRPN>     83 atoms have been selected out of  53777
 TRANSLATION VECTOR     0.502046    0.502046    0.000000
 SELECTED COORDINATES TRANSLATED IN THE MAIN SET.

  
 CHARMM>                   if dotrans .eq. 3 coor trans xdir  1.0 ydir -1.0 dist 0.71 sele target end
 Comparing "2" and "3".
 IF test evaluated as false.  Skipping command
  
 CHARMM>                   if dotrans .eq. 4 coor trans xdir -1.0 ydir  1.0 dist 0.71 sele target end
 Comparing "2" and "4".
 IF test evaluated as false.  Skipping command
  
 CHARMM>                   if dotrans .eq. 5 coor trans xdir -1.0 ydir -1.0 dist 0.71 sele target end
 Comparing "2" and "5".
 IF test evaluated as false.  Skipping command
  
 CHARMM>     
  
 CHARMM>                   if issterol .eq. yes then
 Comparing "YES" and "YES".
 IF test evaluated as true.  Performing command
  
 CHARMM>                      coor dist cut 1.0 sele segid L@LipidNum .and. ( type c% .or. type c1* ) end  -
 CHARMM>                                             sele .not. ( repack .or. segid L@LipidNum .or. resname TIP3 ) .and. JUNK end
 Parameter: LIPIDNUM -> "1"
 Parameter: LIPIDNUM -> "1"
 SELRPN>     19 atoms have been selected out of  53777
 SELRPN>    266 atoms have been selected out of  53777

            DISTANCES FOR SELECTED ATOMS
 TOTAL EXCLUSION COUNT =         0
 TOTAL 1-4 EXCLUSIONS  =         0
 TOTAL NON-EXCLUSIONS  =         0
  
 CHARMM>                      if ?npair gt 0 goto domorerot
 RDCMND substituted energy or value "?NPAIR" to "0"
 Comparing "0" and "0".
 IF test evaluated as false.  Skipping command
  
 CHARMM>                   else
 Skip commands until next ENDIF
  
 CHARMM>     
  
 CHARMM>                   if dotrans .eq. 2 coor trans xdir -1.0 ydir -1.0 dist 0.71 sele target end
 Comparing "2" and "2".
 IF test evaluated as true.  Performing command
 SELRPN>     83 atoms have been selected out of  53777
 TRANSLATION VECTOR    -0.502046   -0.502046    0.000000
 SELECTED COORDINATES TRANSLATED IN THE MAIN SET.

  
 CHARMM>                   if dotrans .eq. 3 coor trans xdir -1.0 ydir  1.0 dist 0.71 sele target end
 Comparing "2" and "3".
 IF test evaluated as false.  Skipping command
  
 CHARMM>                   if dotrans .eq. 4 coor trans xdir  1.0 ydir -1.0 dist 0.71 sele target end
 Comparing "2" and "4".
 IF test evaluated as false.  Skipping command
  
 CHARMM>                   if dotrans .eq. 5 coor trans xdir  1.0 ydir  1.0 dist 0.71 sele target end
 Comparing "2" and "5".
 IF test evaluated as false.  Skipping command
  
 CHARMM>     
  
 CHARMM>                incr dotrans by 1
 Parameter: DOTRANS <- "3"
  
 CHARMM>                if dotrans .le. 5 goto doclash
 Comparing "3" and "5".
 IF test evaluated as true.  Performing command
  
 CHARMM>                   if dotrans .eq. 2 coor trans xdir  1.0 ydir  1.0 dist 0.71 sele target end
 Comparing "3" and "2".
 IF test evaluated as false.  Skipping command
  
 CHARMM>                   if dotrans .eq. 3 coor trans xdir  1.0 ydir -1.0 dist 0.71 sele target end
 Comparing "3" and "3".
 IF test evaluated as true.  Performing command
 SELRPN>     83 atoms have been selected out of  53777
 TRANSLATION VECTOR     0.502046   -0.502046    0.000000
 SELECTED COORDINATES TRANSLATED IN THE MAIN SET.

  
 CHARMM>                   if dotrans .eq. 4 coor trans xdir -1.0 ydir  1.0 dist 0.71 sele target end
 Comparing "3" and "4".
 IF test evaluated as false.  Skipping command
  
 CHARMM>                   if dotrans .eq. 5 coor trans xdir -1.0 ydir -1.0 dist 0.71 sele target end
 Comparing "3" and "5".
 IF test evaluated as false.  Skipping command
  
 CHARMM>     
  
 CHARMM>                   if issterol .eq. yes then
 Comparing "YES" and "YES".
 IF test evaluated as true.  Performing command
  
 CHARMM>                      coor dist cut 1.0 sele segid L@LipidNum .and. ( type c% .or. type c1* ) end  -
 CHARMM>                                             sele .not. ( repack .or. segid L@LipidNum .or. resname TIP3 ) .and. JUNK end
 Parameter: LIPIDNUM -> "1"
 Parameter: LIPIDNUM -> "1"
 SELRPN>     19 atoms have been selected out of  53777
 SELRPN>    266 atoms have been selected out of  53777

            DISTANCES FOR SELECTED ATOMS
 TOTAL EXCLUSION COUNT =         0
 TOTAL 1-4 EXCLUSIONS  =         0
 TOTAL NON-EXCLUSIONS  =         0
  
 CHARMM>                      if ?npair gt 0 goto domorerot
 RDCMND substituted energy or value "?NPAIR" to "0"
 Comparing "0" and "0".
 IF test evaluated as false.  Skipping command
  
 CHARMM>                   else
 Skip commands until next ENDIF
  
 CHARMM>     
  
 CHARMM>                   if dotrans .eq. 2 coor trans xdir -1.0 ydir -1.0 dist 0.71 sele target end
 Comparing "3" and "2".
 IF test evaluated as false.  Skipping command
  
 CHARMM>                   if dotrans .eq. 3 coor trans xdir -1.0 ydir  1.0 dist 0.71 sele target end
 Comparing "3" and "3".
 IF test evaluated as true.  Performing command
 SELRPN>     83 atoms have been selected out of  53777
 TRANSLATION VECTOR    -0.502046    0.502046    0.000000
 SELECTED COORDINATES TRANSLATED IN THE MAIN SET.

  
 CHARMM>                   if dotrans .eq. 4 coor trans xdir  1.0 ydir -1.0 dist 0.71 sele target end
 Comparing "3" and "4".
 IF test evaluated as false.  Skipping command
  
 CHARMM>                   if dotrans .eq. 5 coor trans xdir  1.0 ydir  1.0 dist 0.71 sele target end
 Comparing "3" and "5".
 IF test evaluated as false.  Skipping command
  
 CHARMM>     
  
 CHARMM>                incr dotrans by 1
 Parameter: DOTRANS <- "4"
  
 CHARMM>                if dotrans .le. 5 goto doclash
 Comparing "4" and "5".
 IF test evaluated as true.  Performing command
  
 CHARMM>                   if dotrans .eq. 2 coor trans xdir  1.0 ydir  1.0 dist 0.71 sele target end
 Comparing "4" and "2".
 IF test evaluated as false.  Skipping command
  
 CHARMM>                   if dotrans .eq. 3 coor trans xdir  1.0 ydir -1.0 dist 0.71 sele target end
 Comparing "4" and "3".
 IF test evaluated as false.  Skipping command
  
 CHARMM>                   if dotrans .eq. 4 coor trans xdir -1.0 ydir  1.0 dist 0.71 sele target end
 Comparing "4" and "4".
 IF test evaluated as true.  Performing command
 SELRPN>     83 atoms have been selected out of  53777
 TRANSLATION VECTOR    -0.502046    0.502046    0.000000
 SELECTED COORDINATES TRANSLATED IN THE MAIN SET.

  
 CHARMM>                   if dotrans .eq. 5 coor trans xdir -1.0 ydir -1.0 dist 0.71 sele target end
 Comparing "4" and "5".
 IF test evaluated as false.  Skipping command
  
 CHARMM>     
  
 CHARMM>                   if issterol .eq. yes then
 Comparing "YES" and "YES".
 IF test evaluated as true.  Performing command
  
 CHARMM>                      coor dist cut 1.0 sele segid L@LipidNum .and. ( type c% .or. type c1* ) end  -
 CHARMM>                                             sele .not. ( repack .or. segid L@LipidNum .or. resname TIP3 ) .and. JUNK end
 Parameter: LIPIDNUM -> "1"
 Parameter: LIPIDNUM -> "1"
 SELRPN>     19 atoms have been selected out of  53777
 SELRPN>    266 atoms have been selected out of  53777

            DISTANCES FOR SELECTED ATOMS
 TOTAL EXCLUSION COUNT =         0
 TOTAL 1-4 EXCLUSIONS  =         0
 TOTAL NON-EXCLUSIONS  =         0
  
 CHARMM>                      if ?npair gt 0 goto domorerot
 RDCMND substituted energy or value "?NPAIR" to "0"
 Comparing "0" and "0".
 IF test evaluated as false.  Skipping command
  
 CHARMM>                   else
 Skip commands until next ENDIF
  
 CHARMM>     
  
 CHARMM>                   if dotrans .eq. 2 coor trans xdir -1.0 ydir -1.0 dist 0.71 sele target end
 Comparing "4" and "2".
 IF test evaluated as false.  Skipping command
  
 CHARMM>                   if dotrans .eq. 3 coor trans xdir -1.0 ydir  1.0 dist 0.71 sele target end
 Comparing "4" and "3".
 IF test evaluated as false.  Skipping command
  
 CHARMM>                   if dotrans .eq. 4 coor trans xdir  1.0 ydir -1.0 dist 0.71 sele target end
 Comparing "4" and "4".
 IF test evaluated as true.  Performing command
 SELRPN>     83 atoms have been selected out of  53777
 TRANSLATION VECTOR     0.502046   -0.502046    0.000000
 SELECTED COORDINATES TRANSLATED IN THE MAIN SET.

  
 CHARMM>                   if dotrans .eq. 5 coor trans xdir  1.0 ydir  1.0 dist 0.71 sele target end
 Comparing "4" and "5".
 IF test evaluated as false.  Skipping command
  
 CHARMM>     
  
 CHARMM>                incr dotrans by 1
 Parameter: DOTRANS <- "5"
  
 CHARMM>                if dotrans .le. 5 goto doclash
 Comparing "5" and "5".
 IF test evaluated as true.  Performing command
  
 CHARMM>                   if dotrans .eq. 2 coor trans xdir  1.0 ydir  1.0 dist 0.71 sele target end
 Comparing "5" and "2".
 IF test evaluated as false.  Skipping command
  
 CHARMM>                   if dotrans .eq. 3 coor trans xdir  1.0 ydir -1.0 dist 0.71 sele target end
 Comparing "5" and "3".
 IF test evaluated as false.  Skipping command
  
 CHARMM>                   if dotrans .eq. 4 coor trans xdir -1.0 ydir  1.0 dist 0.71 sele target end
 Comparing "5" and "4".
 IF test evaluated as false.  Skipping command
  
 CHARMM>                   if dotrans .eq. 5 coor trans xdir -1.0 ydir -1.0 dist 0.71 sele target end
 Comparing "5" and "5".
 IF test evaluated as true.  Performing command
 SELRPN>     83 atoms have been selected out of  53777
 TRANSLATION VECTOR    -0.502046   -0.502046    0.000000
 SELECTED COORDINATES TRANSLATED IN THE MAIN SET.

  
 CHARMM>     
  
 CHARMM>                   if issterol .eq. yes then
 Comparing "YES" and "YES".
 IF test evaluated as true.  Performing command
  
 CHARMM>                      coor dist cut 1.0 sele segid L@LipidNum .and. ( type c% .or. type c1* ) end  -
 CHARMM>                                             sele .not. ( repack .or. segid L@LipidNum .or. resname TIP3 ) .and. JUNK end
 Parameter: LIPIDNUM -> "1"
 Parameter: LIPIDNUM -> "1"
 SELRPN>     19 atoms have been selected out of  53777
 SELRPN>    266 atoms have been selected out of  53777

            DISTANCES FOR SELECTED ATOMS
 TOTAL EXCLUSION COUNT =         0
 TOTAL 1-4 EXCLUSIONS  =         0
 TOTAL NON-EXCLUSIONS  =         0
  
 CHARMM>                      if ?npair gt 0 goto domorerot
 RDCMND substituted energy or value "?NPAIR" to "0"
 Comparing "0" and "0".
 IF test evaluated as false.  Skipping command
  
 CHARMM>                   else
 Skip commands until next ENDIF
  
 CHARMM>     
  
 CHARMM>                   if dotrans .eq. 2 coor trans xdir -1.0 ydir -1.0 dist 0.71 sele target end
 Comparing "5" and "2".
 IF test evaluated as false.  Skipping command
  
 CHARMM>                   if dotrans .eq. 3 coor trans xdir -1.0 ydir  1.0 dist 0.71 sele target end
 Comparing "5" and "3".
 IF test evaluated as false.  Skipping command
  
 CHARMM>                   if dotrans .eq. 4 coor trans xdir  1.0 ydir -1.0 dist 0.71 sele target end
 Comparing "5" and "4".
 IF test evaluated as false.  Skipping command
  
 CHARMM>                   if dotrans .eq. 5 coor trans xdir  1.0 ydir  1.0 dist 0.71 sele target end
 Comparing "5" and "5".
 IF test evaluated as true.  Performing command
 SELRPN>     83 atoms have been selected out of  53777
 TRANSLATION VECTOR     0.502046    0.502046    0.000000
 SELECTED COORDINATES TRANSLATED IN THE MAIN SET.

  
 CHARMM>     
  
 CHARMM>                incr dotrans by 1
 Parameter: DOTRANS <- "6"
  
 CHARMM>                if dotrans .le. 5 goto doclash
 Comparing "6" and "5".
 IF test evaluated as false.  Skipping command
  
 CHARMM>     
  
 CHARMM>                if nimyn .gt. 0 coor trans ydir @A sele imyn end
 Parameter: A -> "109.631309"
 Comparing "0" and "0".
 IF test evaluated as false.  Skipping command
  
 CHARMM>                if nimxn .gt. 0 coor trans xdir @A sele imxn end
 Parameter: A -> "109.631309"
 Comparing "0" and "0".
 IF test evaluated as false.  Skipping command
  
 CHARMM>                if nimyp .gt. 0 coor trans ydir -@A sele imyp end
 Parameter: A -> "109.631309"
 Comparing "0" and "0".
 IF test evaluated as false.  Skipping command
  
 CHARMM>                if nimxp .gt. 0 coor trans xdir -@A sele imxp end
 Parameter: A -> "109.631309"
 Comparing "0" and "0".
 IF test evaluated as false.  Skipping command
  
 CHARMM>     
  
 CHARMM>                if npryn .gt. 0 coor trans ydir -@A sele pryn end
 Parameter: A -> "109.631309"
 Comparing "516" and "0".
 IF test evaluated as true.  Performing command
 SELRPN>    516 atoms have been selected out of  53777
 TRANSLATION VECTOR     0.000000 -109.631309    0.000000
 SELECTED COORDINATES TRANSLATED IN THE MAIN SET.

  
 CHARMM>                if nprxn .gt. 0 coor trans xdir -@A sele prxn end
 Parameter: A -> "109.631309"
 Comparing "507" and "0".
 IF test evaluated as true.  Performing command
 SELRPN>    507 atoms have been selected out of  53777
 TRANSLATION VECTOR  -109.631309    0.000000    0.000000
 SELECTED COORDINATES TRANSLATED IN THE MAIN SET.

  
 CHARMM>                if npryp .gt. 0 coor trans ydir @A sele pryp end
 Parameter: A -> "109.631309"
 Comparing "710" and "0".
 IF test evaluated as true.  Performing command
 SELRPN>    710 atoms have been selected out of  53777
 TRANSLATION VECTOR     0.000000  109.631309    0.000000
 SELECTED COORDINATES TRANSLATED IN THE MAIN SET.

  
 CHARMM>                if nprxp .gt. 0 coor trans xdir @A sele prxp end
 Parameter: A -> "109.631309"
 Comparing "261" and "0".
 IF test evaluated as true.  Performing command
 SELRPN>    261 atoms have been selected out of  53777
 TRANSLATION VECTOR   109.631309    0.000000    0.000000
 SELECTED COORDINATES TRANSLATED IN THE MAIN SET.

  
 CHARMM>     
  
 CHARMM>                goto nextlipid
  
 CHARMM>          coor dupl sele segid L@LipidNum end sele repack end
 Parameter: LIPIDNUM -> "1"
 SELRPN>     83 atoms have been selected out of  53777
 SELRPN>     74 atoms have been selected out of  53777
 WARNING: NUMBER OF SELECTED ATOMS DOESNT MATCH.   83   74
 THE SMALLER NUMBER WILL BE USED
  
 CHARMM>          delete atom sele segid L@LipidNUm end
 Parameter: LIPIDNUM -> "1"
 SELRPN>     83 atoms have been selected out of  53777

 Message from MAPIC: Atom numbers are changed.

 Message from MAPIC:          4 residues deleted.

 Message from MAPIC:          1 segments deleted.
 DELTIC:        86 bonds deleted
 DELTIC:         3 angles deleted
 DELTIC:         3 autogen elements deleted
 DELTIC:         6 donors deleted
 DELTIC:         3 acceptors deleted
 PSFSUM> PSF modified: NONBOND lists and IMAGE atoms cleared.
 PSFSUM> Summary of the structure file counters :
         Number of segments      =        6   Number of residues   =     1495
         Number of atoms         =    53694   Number of groups     =    15232
         Number of bonds         =    53331   Number of angles     =   101439
         Number of dihedrals     =   144781   Number of impropers  =     2289
         Number of cross-terms   =      620   Number of autogens   =      116
         Number of HB acceptors  =     1019   Number of HB donors  =     1359
         Number of NB exclusions =        0   Total charge =   23.00000
  
 CHARMM>     
  
 CHARMM>       ! continue for total number of lipids that are needed
  
 CHARMM>       incr LipidNum by 1
 Parameter: LIPIDNUM <- "2"
  
 CHARMM>     
  
 CHARMM>    if LipidNum le @NLipid goto loop_gen
 Parameter: NLIPID -> "3"
 Comparing "2" and "3".
 IF test evaluated as true.  Performing command
  
 CHARMM>     
  
 CHARMM>       if badltype@LipidNum .eq. MEMB then
 Parameter: LIPIDNUM -> "2"
 Comparing "MEMB" and "MEMB".
 IF test evaluated as true.  Performing command
  
 CHARMM>          define repack sele segid @badsegid@@LipidNum .and. resi @badresid@@LipidNum end
 Parameter: LIPIDNUM -> "2"
 Parameter: LIPIDNUM -> "2"
 Parameter: BADRESID2 -> "39"
 Parameter: BADSEGID2 -> "MEMB"
 SELRPN>    134 atoms have been selected out of  53694
  
 CHARMM>          coor stat sele repack end
 SELRPN>    134 atoms have been selected out of  53694
 STATISTICS FOR       134 SELECTED ATOMS:
    XMIN =   17.444641 XMAX =   27.056154 XAVE =   22.386142
    YMIN =    6.465494 YMAX =   15.853308 YAVE =   10.651982
    ZMIN =   -1.650506 ZMAX =   21.444799 ZAVE =    9.515041
    WMIN =    0.000000 WMAX =    0.000000 WAVE =    0.000000
  
 CHARMM>          set lipid = ?selresn
 RDCMND substituted energy or value "?SELRESN" to "POPC"
 Parameter: LIPID <- "POPC"
  
 CHARMM>       else
 Skip commands until next ENDIF
  
 CHARMM>     
  
 CHARMM>       set cntrand = 0
 Parameter: CNTRAND <- "0"
  
 CHARMM>     
  
 CHARMM>       set issterol = no
 Parameter: ISSTEROL <- "NO"
  
 CHARMM>       if lipid .eq. CHL1 then
 Comparing "POPC" and "CHL1".
 IF test evaluated as false.  Skip to ELSE or ENDIF
  
 CHARMM>       if lipid .eq. ERG then
 Comparing "POPC" and "ERG".
 IF test evaluated as false.  Skip to ELSE or ENDIF
  
 CHARMM>       if lipid .eq. DPOP then
 Comparing "POPC" and "DPOP".
 IF test evaluated as false.  Skip to ELSE or ENDIF
  
 CHARMM>       if lipid .eq. SITO then
 Comparing "POPC" and "SITO".
 IF test evaluated as false.  Skip to ELSE or ENDIF
  
 CHARMM>       if lipid .eq. STIG then
 Comparing "POPC" and "STIG".
 IF test evaluated as false.  Skip to ELSE or ENDIF
  
 CHARMM>       if lipid .eq. CHSD then
 Comparing "POPC" and "CHSD".
 IF test evaluated as false.  Skip to ELSE or ENDIF
  
 CHARMM>       if lipid .eq. CHSP then
 Comparing "POPC" and "CHSP".
 IF test evaluated as false.  Skip to ELSE or ENDIF
  
 CHARMM>       if lipid .eq. CAMP then
 Comparing "POPC" and "CAMP".
 IF test evaluated as false.  Skip to ELSE or ENDIF
  
 CHARMM>       if lipid .eq. GCAMP then
 Comparing "POPC" and "GCAMP".
 IF test evaluated as false.  Skip to ELSE or ENDIF
  
 CHARMM>       if lipid .eq. GSITO then
 Comparing "POPC" and "GSITO".
 IF test evaluated as false.  Skip to ELSE or ENDIF
  
 CHARMM>       if lipid .eq. GSTIG then
 Comparing "POPC" and "GSTIG".
 IF test evaluated as false.  Skip to ELSE or ENDIF
  
 CHARMM>       if lipid .eq. LANO then
 Comparing "POPC" and "LANO".
 IF test evaluated as false.  Skip to ELSE or ENDIF
  
 CHARMM>       if lipid .eq. PGCAMP then
 Comparing "POPC" and "PGCAMP".
 IF test evaluated as false.  Skip to ELSE or ENDIF
  
 CHARMM>       if lipid .eq. PGSITO then
 Comparing "POPC" and "PGSITO".
 IF test evaluated as false.  Skip to ELSE or ENDIF
  
 CHARMM>       if lipid .eq. CHLH then
 Comparing "POPC" and "CHLH".
 IF test evaluated as false.  Skip to ELSE or ENDIF
  
 CHARMM>       if lipid .eq. PGSTIG then
 Comparing "POPC" and "PGSTIG".
 IF test evaluated as false.  Skip to ELSE or ENDIF
  
 CHARMM>       if lipid .eq. DLPA then
 Comparing "POPC" and "DLPA".
 IF test evaluated as false.  Skip to ELSE or ENDIF
  
 CHARMM>       if lipid .eq. DMPA then
 Comparing "POPC" and "DMPA".
 IF test evaluated as false.  Skip to ELSE or ENDIF
  
 CHARMM>       if lipid .eq. DPPA then
 Comparing "POPC" and "DPPA".
 IF test evaluated as false.  Skip to ELSE or ENDIF
  
 CHARMM>       if lipid .eq. PSPA then
 Comparing "POPC" and "PSPA".
 IF test evaluated as false.  Skip to ELSE or ENDIF
  
 CHARMM>       if lipid .eq. DSPA then
 Comparing "POPC" and "DSPA".
 IF test evaluated as false.  Skip to ELSE or ENDIF
  
 CHARMM>       if lipid .eq. POPA then
 Comparing "POPC" and "POPA".
 IF test evaluated as false.  Skip to ELSE or ENDIF
  
 CHARMM>       if lipid .eq. PLPA then
 Comparing "POPC" and "PLPA".
 IF test evaluated as false.  Skip to ELSE or ENDIF
  
 CHARMM>       if lipid .eq. SOPA then
 Comparing "POPC" and "SOPA".
 IF test evaluated as false.  Skip to ELSE or ENDIF
  
 CHARMM>       if lipid .eq. SLPA then
 Comparing "POPC" and "SLPA".
 IF test evaluated as false.  Skip to ELSE or ENDIF
  
 CHARMM>       if lipid .eq. DYPA then
 Comparing "POPC" and "DYPA".
 IF test evaluated as false.  Skip to ELSE or ENDIF
  
 CHARMM>       if lipid .eq. YOPA then
 Comparing "POPC" and "YOPA".
 IF test evaluated as false.  Skip to ELSE or ENDIF
  
 CHARMM>       if lipid .eq. DOPA then
 Comparing "POPC" and "DOPA".
 IF test evaluated as false.  Skip to ELSE or ENDIF
  
 CHARMM>       if lipid .eq. DGPA then
 Comparing "POPC" and "DGPA".
 IF test evaluated as false.  Skip to ELSE or ENDIF
  
 CHARMM>       if lipid .eq. DEPA then
 Comparing "POPC" and "DEPA".
 IF test evaluated as false.  Skip to ELSE or ENDIF
  
 CHARMM>       if lipid .eq. DNPA then
 Comparing "POPC" and "DNPA".
 IF test evaluated as false.  Skip to ELSE or ENDIF
  
 CHARMM>       if lipid .eq. DDPC then
 Comparing "POPC" and "DDPC".
 IF test evaluated as false.  Skip to ELSE or ENDIF
  
 CHARMM>       if lipid .eq. DCPC then
 Comparing "POPC" and "DCPC".
 IF test evaluated as false.  Skip to ELSE or ENDIF
  
 CHARMM>       if lipid .eq. DLPC then
 Comparing "POPC" and "DLPC".
 IF test evaluated as false.  Skip to ELSE or ENDIF
  
 CHARMM>       if lipid .eq. DMPC then
 Comparing "POPC" and "DMPC".
 IF test evaluated as false.  Skip to ELSE or ENDIF
  
 CHARMM>       if lipid .eq. DPPC then
 Comparing "POPC" and "DPPC".
 IF test evaluated as false.  Skip to ELSE or ENDIF
  
 CHARMM>       if lipid .eq. DSPC then
 Comparing "POPC" and "DSPC".
 IF test evaluated as false.  Skip to ELSE or ENDIF
  
 CHARMM>       if lipid .eq. PYPC then
 Comparing "POPC" and "PYPC".
 IF test evaluated as false.  Skip to ELSE or ENDIF
  
 CHARMM>       if lipid .eq. POPC then
 Comparing "POPC" and "POPC".
 IF test evaluated as true.  Performing command
  
 CHARMM>          calc zpostop = 19
Evaluating: 19
 Parameter: ZPOSTOP <- "19"
  
 CHARMM>          set HG ( type P .or. type N .or. type C1+ .or. type O1+ )
 Parameter: HG <- "( TYPE P .OR. TYPE N .OR. TYPE C1+ .OR. TYPE O1+ )"
  
 CHARMM>          set TL ( type C218 .or. type C316 )
 Parameter: TL <- "( TYPE C218 .OR. TYPE C316 )"
  
 CHARMM>          goto repeatrand
  
 CHARMM>     
  
 CHARMM>          calc cntrand = @cntrand + 1
 Parameter: CNTRAND -> "0"
Evaluating: 0+1
 Parameter: CNTRAND <- "1"
  
 CHARMM>          if cntrand .gt. 100 stop ! replacement may not work.. stop here
 Comparing "1" and "100".
 IF test evaluated as false.  Skipping command
  
 CHARMM>     
  
 CHARMM>          set randn ?RAND
 RDCMND substituted energy or value "?RAND" to "9.942202518E-02"
 Parameter: RANDN <- "9.942202518E-02"
  
 CHARMM>          if randn .le. 0.5 set Lipdir conf1   ! conf1 and conf2 are two directories
 Comparing "9.942202518E-02" and "0.5".
 IF test evaluated as true.  Performing command
 Parameter: LIPDIR <- "CONF1"
  
 CHARMM>          if randn .gt. 0.5 set Lipdir conf2   ! containing lipid structures
 Comparing "9.942202518E-02" and "0.5".
 IF test evaluated as false.  Skipping command
  
 CHARMM>          if randn .le. 0.001 goto repeatrand
 Comparing "9.942202518E-02" and "0.001".
 IF test evaluated as false.  Skipping command
  
 CHARMM>          calc N = int( @randn * 1000 )
 Parameter: RANDN -> "9.942202518E-02"
Evaluating: INT(9.942202518E-02*1000)
 Parameter: N <- "99"
  
 CHARMM>     
  
 CHARMM>          open read card unit 1 name lipid_lib/@lipid/@Lipdir/@lipid_@N.crd
 Parameter: LIPID -> "POPC"
 Parameter: LIPDIR -> "CONF1"
 Parameter: LIPID -> "POPC"
 Parameter: N -> "99"
 VOPEN> Attempting to open::lipid_lib/popc/conf1/popc_99.crd::
 OPNLGU> Unit  1 opened for READONLY access to lipid_lib/popc/conf1/popc_99.crd
  
 CHARMM>          read sequence coor unit 1
 MAINIO> Sequence information being read from unit   1.
 TITLE> * CONF1 98 3.50719
 TITLE> *  DATE:     5/30/14      8: 3: 7      CREATED BY USER: WONPIL
 TITLE> *

          RESIDUE SEQUENCE --     1 RESIDUES
          POPC    
  
 CHARMM>          generate L@LipidNum setup noangle nodihedrals first none last none
 Parameter: LIPIDNUM -> "2"
 NO PATCHING WILL BE DONE ON THE FIRST RESIDUE
 NO PATCHING WILL BE DONE ON THE LAST  RESIDUE
 GENPSF> Segment   7 has been generated. Its identifier is L2.
 PSFSUM> PSF modified: NONBOND lists and IMAGE atoms cleared.
 PSFSUM> Summary of the structure file counters :
         Number of segments      =        7   Number of residues   =     1496
         Number of atoms         =    53828   Number of groups     =    15266
         Number of bonds         =    53464   Number of angles     =   101439
         Number of dihedrals     =   144781   Number of impropers  =     2291
         Number of cross-terms   =      620   Number of autogens   =      116
         Number of HB acceptors  =     1019   Number of HB donors  =     1359
         Number of NB exclusions =        0   Total charge =   23.00000
  
 CHARMM>          close unit 1
 VCLOSE: Closing unit    1 with status "KEEP"
  
 CHARMM>     
  
 CHARMM>          open read card unit 1 name lipid_lib/@lipid/@Lipdir/@lipid_@N.crd
 Parameter: LIPID -> "POPC"
 Parameter: LIPDIR -> "CONF1"
 Parameter: LIPID -> "POPC"
 Parameter: N -> "99"
 VOPEN> Attempting to open::lipid_lib/popc/conf1/popc_99.crd::
 OPNLGU> Unit  1 opened for READONLY access to lipid_lib/popc/conf1/popc_99.crd
  
 CHARMM>          read coor card unit 1 append
          SPATIAL COORDINATES BEING READ FROM UNIT  1
 A RESIDUE OFFSET OF1495 WILL BE USED.
 INFO: A subset of total atoms will be read.

 TITLE> * CONF1 98 3.50719
 TITLE> *  DATE:     5/30/14      8: 3: 7      CREATED BY USER: WONPIL
 TITLE> *
  
 CHARMM>          close unit 1
 VCLOSE: Closing unit    1 with status "KEEP"
  
 CHARMM>     
  
 CHARMM>          coor print sele ( .not. INIT ) end
 SELRPN>      0 atoms have been selected out of  53828

      ***** LEVEL  2 WARNING FROM <COORIO> *****
      ***** ZERO ATOMS SPECIFIED TO WRITE. NO FILE CREATED
      ******************************************
      BOMLEV (  0) IS NOT REACHED. WRNLEV IS  5

  
 CHARMM>          ic param
  
 CHARMM>          ic build
  
 CHARMM>          prnlev 0

      ***** LEVEL  4 WARNING FROM <GTHBUI> *****
      ***** Zero selection specified
      ******************************************
      BOMLEV (  0) IS NOT REACHED. WRNLEV IS  5

  
 CHARMM>          coor print sele ( .not. INIT ) end
 SELRPN>      0 atoms have been selected out of  53828

      ***** LEVEL  2 WARNING FROM <COORIO> *****
      ***** ZERO ATOMS SPECIFIED TO WRITE. NO FILE CREATED
      ******************************************
      BOMLEV (  0) IS NOT REACHED. WRNLEV IS  5

  
 CHARMM>          if ?nsel .gt. 0 stop
 RDCMND substituted energy or value "?NSEL" to "0"
 Comparing "0" and "0".
 IF test evaluated as false.  Skipping command
  
 CHARMM>     
  
 CHARMM>          ! check to delete any lipids that have tail near head groups
  
 CHARMM>          define ctl sele segid L@LipidNum .and. @tl end
 Parameter: LIPIDNUM -> "2"
 Parameter: TL -> "( TYPE C218 .OR. TYPE C316 )"
 SELRPN>      2 atoms have been selected out of  53828
  
 CHARMM>          coor stat sele ctl end
 SELRPN>      2 atoms have been selected out of  53828
 STATISTICS FOR         2 SELECTED ATOMS:
    XMIN =   -0.687747 XMAX =    4.498944 XAVE =    1.905598
    YMIN =    0.054923 YMAX =    1.625680 YAVE =    0.840302
    ZMIN =  -20.324103 ZMAX =  -18.709250 ZAVE =  -19.516676
    WMIN =    0.000000 WMAX =    0.000000 WAVE =    0.000000
  
 CHARMM>          if ?ZAVE ge -5.0 then
 RDCMND substituted energy or value "?ZAVE" to "-19.5166764"
 Comparing "-19.5166764" and "-5.0".
 IF test evaluated as false.  Skip to ELSE or ENDIF
  
 CHARMM>     
  
 CHARMM>          label nextstep
  
 CHARMM>     
  
 CHARMM>          ! put the X-Y center of mass of the lipid head at the origin
  
 CHARMM>          coor stat sele segid L@LipidNum .and. @HG end
 Parameter: LIPIDNUM -> "2"
 Parameter: HG -> "( TYPE P .OR. TYPE N .OR. TYPE C1+ .OR. TYPE O1+ )"
 SELRPN>     11 atoms have been selected out of  53828
 STATISTICS FOR        11 SELECTED ATOMS:
    XMIN =   -1.609287 XMAX =    1.913555 XAVE =    0.242151
    YMIN =   -1.622920 YMAX =    1.550394 YAVE =   -0.085113
    ZMIN =   -3.341040 ZMAX =    2.897874 ZAVE =   -0.425974
    WMIN =    0.000000 WMAX =    0.000000 WAVE =    0.000000
  
 CHARMM>          coor trans xdir -?XAVE ydir -?YAVE zdir -?ZAVE select segid L@LipidNum end
 Parameter: LIPIDNUM -> "2"
 RDCMND substituted energy or value "?XAVE" to "0.242150709"
 RDCMND substituted energy or value "?YAVE" to "-8.511334255E-02"
 RDCMND substituted energy or value "?ZAVE" to "-0.425973952"
 SELRPN>    134 atoms have been selected out of  53828
 TRANSLATION VECTOR    -0.242151    0.085113    0.425974
 SELECTED COORDINATES TRANSLATED IN THE MAIN SET.

  
 CHARMM>     
  
 CHARMM>          ! randomly rotate along Z
  
 CHARMM>          calc rotang = 360.0 * ?rand
 RDCMND substituted energy or value "?RAND" to "0.820874478"
Evaluating: 360.0*0.820874478
 Parameter: ROTANG <- "295.514812"
  
 CHARMM>          coor rotate zdir 1.0 phi @rotang select segid L@LipidNum end
 Parameter: ROTANG -> "295.514812"
 Parameter: LIPIDNUM -> "2"
 SELRPN>    134 atoms have been selected out of  53828
 ROTATION MATRIX
    0.430744   -0.902474    0.000000
    0.902474    0.430744    0.000000
    0.000000    0.000000    1.000000

 AXIS OF ROTATION IS  0.000000  0.000000 -1.000000  ANGLE IS   64.49

 SELECTED COORDINATES ROTATED IN THE MAIN SET.

  
 CHARMM>     
  
 CHARMM>          ! flip the orientation of the lipids in the lower monolayer if head Z le 0
  
 CHARMM>          coor stat sele repack .and. @HG end
 Parameter: HG -> "( TYPE P .OR. TYPE N .OR. TYPE C1+ .OR. TYPE O1+ )"
 SELRPN>     11 atoms have been selected out of  53828
 STATISTICS FOR        11 SELECTED ATOMS:
    XMIN =   19.394265 XMAX =   25.935853 XAVE =   22.678287
    YMIN =    8.888842 YMAX =   11.603750 YAVE =   10.312487
    ZMIN =   16.901281 ZMAX =   20.743000 ZAVE =   19.000000
    WMIN =    0.000000 WMAX =    0.000000 WAVE =    0.000000
  
 CHARMM>          if ?ZMIN le 0  coor rotate xdir 1.0  phi 180.0 select segid L@LipidNum end
 Parameter: LIPIDNUM -> "2"
 RDCMND substituted energy or value "?ZMIN" to "16.9012809"
 Comparing "16.9012809" and "0".
 IF test evaluated as false.  Skipping command
  
 CHARMM>     
  
 CHARMM>          ! put the head group at the location of the spheres
  
 CHARMM>          coor stat sele repack .and. @HG end
 Parameter: HG -> "( TYPE P .OR. TYPE N .OR. TYPE C1+ .OR. TYPE O1+ )"
 SELRPN>     11 atoms have been selected out of  53828
 STATISTICS FOR        11 SELECTED ATOMS:
    XMIN =   19.394265 XMAX =   25.935853 XAVE =   22.678287
    YMIN =    8.888842 YMAX =   11.603750 YAVE =   10.312487
    ZMIN =   16.901281 ZMAX =   20.743000 ZAVE =   19.000000
    WMIN =    0.000000 WMAX =    0.000000 WAVE =    0.000000
  
 CHARMM>          set xhead = ?xave
 RDCMND substituted energy or value "?XAVE" to "22.678287"
 Parameter: XHEAD <- "22.678287"
  
 CHARMM>          set yhead = ?yave
 RDCMND substituted energy or value "?YAVE" to "10.3124872"
 Parameter: YHEAD <- "10.3124872"
  
 CHARMM>          set zhead = ?zave
 RDCMND substituted energy or value "?ZAVE" to "19"
 Parameter: ZHEAD <- "19"
  
 CHARMM>          coor trans xdir @xhead ydir @yhead zdir @zhead select segid L@LipidNum end
 Parameter: XHEAD -> "22.678287"
 Parameter: YHEAD -> "10.3124872"
 Parameter: ZHEAD -> "19"
 Parameter: LIPIDNUM -> "2"
 SELRPN>    134 atoms have been selected out of  53828
 TRANSLATION VECTOR    22.678287   10.312487   19.000000
 SELECTED COORDINATES TRANSLATED IN THE MAIN SET.

  
 CHARMM>     
  
 CHARMM>          set nbad = 5
 Parameter: NBAD <- "5"
  
 CHARMM>          ! increase the lipid bad contact limit for cardiolipin
  
 CHARMM>          if lipid .eq. TMCL1  set nbad = 10
 Comparing "POPC" and "TMCL1".
 IF test evaluated as false.  Skipping command
  
 CHARMM>          if lipid .eq. TMCL2  set nbad = 10
 Comparing "POPC" and "TMCL2".
 IF test evaluated as false.  Skipping command
  
 CHARMM>          if lipid .eq. PMCL1  set nbad = 10
 Comparing "POPC" and "PMCL1".
 IF test evaluated as false.  Skipping command
  
 CHARMM>          if lipid .eq. PMCL2  set nbad = 10
 Comparing "POPC" and "PMCL2".
 IF test evaluated as false.  Skipping command
  
 CHARMM>          if lipid .eq. PAICL2 set nbad = 10
 Comparing "POPC" and "PAICL2".
 IF test evaluated as false.  Skipping command
  
 CHARMM>          if lipid .eq. PVCL2  set nbad = 10
 Comparing "POPC" and "PVCL2".
 IF test evaluated as false.  Skipping command
  
 CHARMM>          if lipid .eq. POCL1  set nbad = 10
 Comparing "POPC" and "POCL1".
 IF test evaluated as false.  Skipping command
  
 CHARMM>          if lipid .eq. POCL2  set nbad = 10
 Comparing "POPC" and "POCL2".
 IF test evaluated as false.  Skipping command
  
 CHARMM>          if lipid .eq. TYCL1  set nbad = 10
 Comparing "POPC" and "TYCL1".
 IF test evaluated as false.  Skipping command
  
 CHARMM>          if lipid .eq. TYCL2  set nbad = 10
 Comparing "POPC" and "TYCL2".
 IF test evaluated as false.  Skipping command
  
 CHARMM>          if lipid .eq. TOCL1  set nbad = 10
 Comparing "POPC" and "TOCL1".
 IF test evaluated as false.  Skipping command
  
 CHARMM>          if lipid .eq. TOCL2  set nbad = 10
 Comparing "POPC" and "TOCL2".
 IF test evaluated as false.  Skipping command
  
 CHARMM>          if lipid .eq. LOACL1 set nbad = 10
 Comparing "POPC" and "LOACL1".
 IF test evaluated as false.  Skipping command
  
 CHARMM>          if lipid .eq. LOACL2 set nbad = 10
 Comparing "POPC" and "LOACL2".
 IF test evaluated as false.  Skipping command
  
 CHARMM>          if lipid .eq. LOCCL1 set nbad = 10
 Comparing "POPC" and "LOCCL1".
 IF test evaluated as false.  Skipping command
  
 CHARMM>          if lipid .eq. LOCCL2 set nbad = 10
 Comparing "POPC" and "LOCCL2".
 IF test evaluated as false.  Skipping command
  
 CHARMM>          if lipid .eq. TLCL1  set nbad = 10
 Comparing "POPC" and "TLCL1".
 IF test evaluated as false.  Skipping command
  
 CHARMM>          if lipid .eq. TLCL2  set nbad = 10
 Comparing "POPC" and "TLCL2".
 IF test evaluated as false.  Skipping command
  
 CHARMM>          if lipid .eq. LNCCL1 set nbad = 10
 Comparing "POPC" and "LNCCL1".
 IF test evaluated as false.  Skipping command
  
 CHARMM>          if lipid .eq. LNCCL2 set nbad = 10
 Comparing "POPC" and "LNCCL2".
 IF test evaluated as false.  Skipping command
  
 CHARMM>          if lipid .eq. LNACL1 set nbad = 10
 Comparing "POPC" and "LNACL1".
 IF test evaluated as false.  Skipping command
  
 CHARMM>          if lipid .eq. LNACL2 set nbad = 10
 Comparing "POPC" and "LNACL2".
 IF test evaluated as false.  Skipping command
  
 CHARMM>          if lipid .eq. LNDCL1 set nbad = 10
 Comparing "POPC" and "LNDCL1".
 IF test evaluated as false.  Skipping command
  
 CHARMM>          if lipid .eq. LNDCL2 set nbad = 10
 Comparing "POPC" and "LNDCL2".
 IF test evaluated as false.  Skipping command
  
 CHARMM>          if lipid .eq. LNBCL1 set nbad = 10
 Comparing "POPC" and "LNBCL1".
 IF test evaluated as false.  Skipping command
  
 CHARMM>          if lipid .eq. LNBCL2 set nbad = 10
 Comparing "POPC" and "LNBCL2".
 IF test evaluated as false.  Skipping command
  
 CHARMM>          if lipid .eq. ARCL2  set nbad = 10
 Comparing "POPC" and "ARCL2".
 IF test evaluated as false.  Skipping command
  
 CHARMM>     
  
 CHARMM>          !
  
 CHARMM>          ! check whether the lipid penetrates the protein (or cholesterol)
  
 CHARMM>          !
  
 CHARMM>     
  
 CHARMM>          calc delang    = 35.0   ! rotation increment
Evaluating: 35.0
 Parameter: DELANG <- "35"
  
 CHARMM>          calc delxy     =  1.0   ! xy translation increment
Evaluating: 1.0
 Parameter: DELXY <- "1"
  
 CHARMM>     
  
 CHARMM>          define target sele segid L@LipidNum end
 Parameter: LIPIDNUM -> "2"
 SELRPN>    134 atoms have been selected out of  53828
  
 CHARMM>     
  
 CHARMM>          coor stat sele target end
 SELRPN>    134 atoms have been selected out of  53828
 STATISTICS FOR       134 SELECTED ATOMS:
    XMIN =   18.030789 XMAX =   26.087287 XAVE =   21.885999
    YMIN =    5.719419 YMAX =   15.963680 YAVE =   10.237102
    ZMIN =   -1.457085 ZMAX =   22.834207 ZAVE =    9.914609
    WMIN =    0.000000 WMAX =    0.000000 WAVE =    0.000000
  
 CHARMM>          calc dcut = 5.0
Evaluating: 5.0
 Parameter: DCUT <- "5"
  
 CHARMM>          calc xmax = ?xmax + @dcut
 Parameter: DCUT -> "5"
 RDCMND substituted energy or value "?XMAX" to "26.0872867"
Evaluating: 26.0872867+5
 Parameter: XMAX <- "31.0872867"
  
 CHARMM>          calc ymax = ?ymax + @dcut
 Parameter: DCUT -> "5"
 RDCMND substituted energy or value "?YMAX" to "15.9636802"
Evaluating: 15.9636802+5
 Parameter: YMAX <- "20.9636802"
  
 CHARMM>          calc zmax = ?zmax + @dcut
 Parameter: DCUT -> "5"
 RDCMND substituted energy or value "?ZMAX" to "22.8342073"
Evaluating: 22.8342073+5
 Parameter: ZMAX <- "27.8342073"
  
 CHARMM>          calc xmin = ?xmin - @dcut
 Parameter: DCUT -> "5"
 RDCMND substituted energy or value "?XMIN" to "18.0307885"
Evaluating: 18.0307885-5
 Parameter: XMIN <- "13.0307885"
  
 CHARMM>          calc ymin = ?ymin - @dcut
 Parameter: DCUT -> "5"
 RDCMND substituted energy or value "?YMIN" to "5.7194187"
Evaluating: 5.7194187-5
 Parameter: YMIN <- "0.7194187"
  
 CHARMM>          calc zmin = ?zmin - @dcut
 Parameter: DCUT -> "5"
 RDCMND substituted energy or value "?ZMIN" to "-1.4570851"
Evaluating: -1.4570851-5
 Parameter: ZMIN <- "-6.4570851"
  
 CHARMM>     
  
 CHARMM>          calc XYhalf = @A / 2
 Parameter: A -> "109.631309"
Evaluating: 109.631309/2
 Parameter: XYHALF <- "54.8156545"
  
 CHARMM>     
  
 CHARMM>          define prxp sele ( prop X .ge. @XYhalf ) .and. .not. target end
 Parameter: XYHALF -> "54.8156545"
 SELRPN>    261 atoms have been selected out of  53828
  
 CHARMM>          set nprxp = ?nsel
 RDCMND substituted energy or value "?NSEL" to "261"
 Parameter: NPRXP <- "261"
  
 CHARMM>          if nprxp .gt. 0 coor trans xdir -@A sele prxp end
 Parameter: A -> "109.631309"
 Comparing "261" and "0".
 IF test evaluated as true.  Performing command
 SELRPN>    261 atoms have been selected out of  53828
 TRANSLATION VECTOR  -109.631309    0.000000    0.000000
 SELECTED COORDINATES TRANSLATED IN THE MAIN SET.

  
 CHARMM>          define pryp sele ( prop Y .ge. @XYhalf ) .and. .not. target end
 Parameter: XYHALF -> "54.8156545"
 SELRPN>    710 atoms have been selected out of  53828
  
 CHARMM>          set npryp = ?nsel
 RDCMND substituted energy or value "?NSEL" to "710"
 Parameter: NPRYP <- "710"
  
 CHARMM>          if npryp .gt. 0 coor trans ydir -@A sele pryp end
 Parameter: A -> "109.631309"
 Comparing "710" and "0".
 IF test evaluated as true.  Performing command
 SELRPN>    710 atoms have been selected out of  53828
 TRANSLATION VECTOR     0.000000 -109.631309    0.000000
 SELECTED COORDINATES TRANSLATED IN THE MAIN SET.

  
 CHARMM>          define prxn sele ( prop X .le. -@XYhalf ) .and. .not. target end
 Parameter: XYHALF -> "54.8156545"
 SELRPN>    507 atoms have been selected out of  53828
  
 CHARMM>          set nprxn = ?nsel
 RDCMND substituted energy or value "?NSEL" to "507"
 Parameter: NPRXN <- "507"
  
 CHARMM>          if nprxn .gt. 0 coor trans xdir @A sele prxn end
 Parameter: A -> "109.631309"
 Comparing "507" and "0".
 IF test evaluated as true.  Performing command
 SELRPN>    507 atoms have been selected out of  53828
 TRANSLATION VECTOR   109.631309    0.000000    0.000000
 SELECTED COORDINATES TRANSLATED IN THE MAIN SET.

  
 CHARMM>          define pryn sele ( prop Y .le. -@XYhalf ) .and. .not. target end
 Parameter: XYHALF -> "54.8156545"
 SELRPN>    516 atoms have been selected out of  53828
  
 CHARMM>          set npryn = ?nsel
 RDCMND substituted energy or value "?NSEL" to "516"
 Parameter: NPRYN <- "516"
  
 CHARMM>          if npryn .gt. 0 coor trans ydir @A sele pryn end
 Parameter: A -> "109.631309"
 Comparing "516" and "0".
 IF test evaluated as true.  Performing command
 SELRPN>    516 atoms have been selected out of  53828
 TRANSLATION VECTOR     0.000000  109.631309    0.000000
 SELECTED COORDINATES TRANSLATED IN THE MAIN SET.

  
 CHARMM>     
  
 CHARMM>          define imxp sele none end
 SELRPN>      0 atoms have been selected out of  53828
  
 CHARMM>          define imyp sele none end
 SELRPN>      0 atoms have been selected out of  53828
  
 CHARMM>          define imxn sele none end
 SELRPN>      0 atoms have been selected out of  53828
  
 CHARMM>          define imyn sele none end
 SELRPN>      0 atoms have been selected out of  53828
  
 CHARMM>     
  
 CHARMM>          set nimxp = 0
 Parameter: NIMXP <- "0"
  
 CHARMM>          set nimyp = 0
 Parameter: NIMYP <- "0"
  
 CHARMM>          set nimxn = 0
 Parameter: NIMXN <- "0"
  
 CHARMM>          set nimyn = 0
 Parameter: NIMYN <- "0"
  
 CHARMM>     
  
 CHARMM>          if xmax .gt. @XYhalf then
 Parameter: XYHALF -> "54.8156545"
 Comparing "31.0872867" and "54.8156545".
 IF test evaluated as false.  Skip to ELSE or ENDIF
  
 CHARMM>          if ymax .gt. @XYhalf then
 Parameter: XYHALF -> "54.8156545"
 Comparing "20.9636802" and "54.8156545".
 IF test evaluated as false.  Skip to ELSE or ENDIF
  
 CHARMM>          if xmin .lt. -@XYhalf then
 Parameter: XYHALF -> "54.8156545"
 Comparing "13.0307885" and "-54.8156545".
 IF test evaluated as false.  Skip to ELSE or ENDIF
  
 CHARMM>          if ymin .lt. -@XYhalf then
 Parameter: XYHALF -> "54.8156545"
 Comparing "0.7194187" and "-54.8156545".
 IF test evaluated as false.  Skip to ELSE or ENDIF
  
 CHARMM>     
  
 CHARMM>          define JUNK sele .not. target .and. .not. hydrogen .and. -
 CHARMM>                           prop X .lt. @xmax .and. prop X .gt. @xmin .and. -
 CHARMM>                           prop Y .lt. @ymax .and. prop Y .gt. @ymin .and. -
 CHARMM>                           prop Z .lt. @zmax .and. prop Z .gt. @zmin  end
 Parameter: XMAX -> "31.0872867"
 Parameter: XMIN -> "13.0307885"
 Parameter: YMAX -> "20.9636802"
 Parameter: YMIN -> "0.7194187"
 Parameter: ZMAX -> "27.8342073"
 Parameter: ZMIN -> "-6.4570851"
 SELRPN>    370 atoms have been selected out of  53828
  
 CHARMM>     
  
 CHARMM>          calc xmove = 0.0
Evaluating: 0.0
 Parameter: XMOVE <- "0"
  
 CHARMM>          calc ymove = 0.0
Evaluating: 0.0
 Parameter: YMOVE <- "0"
  
 CHARMM>          calc nxymove = 1
Evaluating: 1
 Parameter: NXYMOVE <- "1"
  
 CHARMM>     
  
 CHARMM>          label doxymove
  
 CHARMM>     
  
 CHARMM>             if nxymove .eq. 2 incr xmove by 1
 Comparing "1" and "2".
 IF test evaluated as false.  Skipping command
  
 CHARMM>             if nxymove .eq. 3 incr ymove by 1
 Comparing "1" and "3".
 IF test evaluated as false.  Skipping command
  
 CHARMM>             if nxymove .eq. 4 decr xmove by 1
 Comparing "1" and "4".
 IF test evaluated as false.  Skipping command
  
 CHARMM>             if nxymove .eq. 5 decr xmove by 1
 Comparing "1" and "5".
 IF test evaluated as false.  Skipping command
  
 CHARMM>             if nxymove .eq. 6 decr ymove by 1
 Comparing "1" and "6".
 IF test evaluated as false.  Skipping command
  
 CHARMM>             if nxymove .eq. 7 decr ymove by 1
 Comparing "1" and "7".
 IF test evaluated as false.  Skipping command
  
 CHARMM>             if nxymove .eq. 8 incr xmove by 1
 Comparing "1" and "8".
 IF test evaluated as false.  Skipping command
  
 CHARMM>             if nxymove .eq. 9 incr xmove by 1
 Comparing "1" and "9".
 IF test evaluated as false.  Skipping command
  
 CHARMM>     
  
 CHARMM>             calc xtran = @xhead + @xmove
 Parameter: XHEAD -> "22.678287"
 Parameter: XMOVE -> "0"
Evaluating: 22.678287+0
 Parameter: XTRAN <- "22.678287"
  
 CHARMM>             calc ytran = @yhead + @ymove
 Parameter: YHEAD -> "10.3124872"
 Parameter: YMOVE -> "0"
Evaluating: 10.3124872+0
 Parameter: YTRAN <- "10.3124872"
  
 CHARMM>     
  
 CHARMM>             calc rotang = 0.0
Evaluating: 0.0
 Parameter: ROTANG <- "0"
  
 CHARMM>             label dorot
  
 CHARMM>     
  
 CHARMM>                coor rotate zdir 1.0 xcen @xtran ycen @ytran zcen @zhead phi @rotang sele target end
 Parameter: XTRAN -> "22.678287"
 Parameter: YTRAN -> "10.3124872"
 Parameter: ZHEAD -> "19"
 Parameter: ROTANG -> "0"
 SELRPN>    134 atoms have been selected out of  53828
 ROTATION MATRIX
    1.000000    0.000000    0.000000
    0.000000    1.000000    0.000000
    0.000000    0.000000    1.000000

 VERY LITTLE ROTATION: NO AXIS FOUND
 SELECTED COORDINATES ROTATED IN THE MAIN SET.

  
 CHARMM>     
  
 CHARMM>                set dotrans = 1
 Parameter: DOTRANS <- "1"
  
 CHARMM>                label doclash
  
 CHARMM>                   if dotrans .eq. 2 coor trans xdir  1.0 ydir  1.0 dist 0.71 sele target end
 Comparing "1" and "2".
 IF test evaluated as false.  Skipping command
  
 CHARMM>                   if dotrans .eq. 3 coor trans xdir  1.0 ydir -1.0 dist 0.71 sele target end
 Comparing "1" and "3".
 IF test evaluated as false.  Skipping command
  
 CHARMM>                   if dotrans .eq. 4 coor trans xdir -1.0 ydir  1.0 dist 0.71 sele target end
 Comparing "1" and "4".
 IF test evaluated as false.  Skipping command
  
 CHARMM>                   if dotrans .eq. 5 coor trans xdir -1.0 ydir -1.0 dist 0.71 sele target end
 Comparing "1" and "5".
 IF test evaluated as false.  Skipping command
  
 CHARMM>     
  
 CHARMM>                   if issterol .eq. yes then
 Comparing "NO" and "YES".
 IF test evaluated as false.  Skip to ELSE or ENDIF
  
 CHARMM>                      if nsterol .gt. 0 then
 Comparing "68" and "0".
 IF test evaluated as true.  Performing command
  
 CHARMM>                         ! to prevent the penetration of lipid molecules into cholesterol rings
  
 CHARMM>                         coor dist cut 1.0 sele segid L@LipidNum .and. .not. resname TIP3 .and. .not. hydrogen end  -
 CHARMM>                                                sele ((STEROL .and. ( type c% .or. type c1* )) .or. segid DUM) .and. JUNK end
 Parameter: LIPIDNUM -> "2"
 SELRPN>     52 atoms have been selected out of  53828
 SELRPN>     25 atoms have been selected out of  53828

            DISTANCES FOR SELECTED ATOMS
 TOTAL EXCLUSION COUNT =         0
 TOTAL 1-4 EXCLUSIONS  =         0
 TOTAL NON-EXCLUSIONS  =         0
  
 CHARMM>                         if ?npair gt 0 goto domorerot
 RDCMND substituted energy or value "?NPAIR" to "0"
 Comparing "0" and "0".
 IF test evaluated as false.  Skipping command
  
 CHARMM>                      endif
  
 CHARMM>     
  
 CHARMM>                      !protein-check
  
 CHARMM>                      !
  
 CHARMM>                      coor dist cut 1.7 sele segid L@LipidNum .and. .not. resname TIP3 .and. .not. hydrogen end  -
 CHARMM>                                            sele PROT .and. .not. resname TIP3 .and. JUNK end
 Parameter: LIPIDNUM -> "2"
 SELRPN>     52 atoms have been selected out of  53828
 SELRPN>     98 atoms have been selected out of  53828

            DISTANCES FOR SELECTED ATOMS
53699 L2       POPC     1        C13     -6746 PROA     CYS      414      SG            1.4086
53714 L2       POPC     1        P       -6750 PROA     CYS      414      OT2           1.6242
53716 L2       POPC     1        O14     -6748 PROA     CYS      414      C             1.4424
53716 L2       POPC     1        O14     -6750 PROA     CYS      414      OT2           0.4665
53717 L2       POPC     1        O12     -6741 PROA     CYS      414      CA            1.6309
53717 L2       POPC     1        O12     -6743 PROA     CYS      414      CB            1.0391
53726 L2       POPC     1        O22     - 517 PROA     ARG      32       NH2           1.2623
 TOTAL EXCLUSION COUNT =         0
 TOTAL 1-4 EXCLUSIONS  =         0
 TOTAL NON-EXCLUSIONS  =         7
  
 CHARMM>                      if ?npair gt 8 goto domorerot
 RDCMND substituted energy or value "?NPAIR" to "7"
 Comparing "7" and "8".
 IF test evaluated as false.  Skipping command
  
 CHARMM>     
  
 CHARMM>                      !lipid-check
  
 CHARMM>                      !
  
 CHARMM>                      coor dist cut 1.2 sele segid L@LipidNum .and. .not. resname TIP3 .and. .not. hydrogen end  -
 CHARMM>                                             sele .not. ( repack .or. segid L@LipidNum .or. resname TIP3 .or. PROT ) .and. JUNK end
 Parameter: LIPIDNUM -> "2"
 Parameter: LIPIDNUM -> "2"
 SELRPN>     52 atoms have been selected out of  53828
 SELRPN>    220 atoms have been selected out of  53828

            DISTANCES FOR SELECTED ATOMS
 TOTAL EXCLUSION COUNT =         0
 TOTAL 1-4 EXCLUSIONS  =         0
 TOTAL NON-EXCLUSIONS  =         0
  
 CHARMM>                      if ?npair gt @nbad goto domorerot
 Parameter: NBAD -> "5"
 RDCMND substituted energy or value "?NPAIR" to "0"
 Comparing "0" and "5".
 IF test evaluated as false.  Skipping command
  
 CHARMM>                   endif
  
 CHARMM>     
  
 CHARMM>                   if dotrans .eq. 2 coor trans xdir -1.0 ydir -1.0 dist 0.71 sele target end
 Comparing "1" and "2".
 IF test evaluated as false.  Skipping command
  
 CHARMM>                   if dotrans .eq. 3 coor trans xdir -1.0 ydir  1.0 dist 0.71 sele target end
 Comparing "1" and "3".
 IF test evaluated as false.  Skipping command
  
 CHARMM>                   if dotrans .eq. 4 coor trans xdir  1.0 ydir -1.0 dist 0.71 sele target end
 Comparing "1" and "4".
 IF test evaluated as false.  Skipping command
  
 CHARMM>                   if dotrans .eq. 5 coor trans xdir  1.0 ydir  1.0 dist 0.71 sele target end
 Comparing "1" and "5".
 IF test evaluated as false.  Skipping command
  
 CHARMM>     
  
 CHARMM>                incr dotrans by 1
 Parameter: DOTRANS <- "2"
  
 CHARMM>                if dotrans .le. 5 goto doclash
 Comparing "2" and "5".
 IF test evaluated as true.  Performing command
  
 CHARMM>                   if dotrans .eq. 2 coor trans xdir  1.0 ydir  1.0 dist 0.71 sele target end
 Comparing "2" and "2".
 IF test evaluated as true.  Performing command
 SELRPN>    134 atoms have been selected out of  53828
 TRANSLATION VECTOR     0.502046    0.502046    0.000000
 SELECTED COORDINATES TRANSLATED IN THE MAIN SET.

  
 CHARMM>                   if dotrans .eq. 3 coor trans xdir  1.0 ydir -1.0 dist 0.71 sele target end
 Comparing "2" and "3".
 IF test evaluated as false.  Skipping command
  
 CHARMM>                   if dotrans .eq. 4 coor trans xdir -1.0 ydir  1.0 dist 0.71 sele target end
 Comparing "2" and "4".
 IF test evaluated as false.  Skipping command
  
 CHARMM>                   if dotrans .eq. 5 coor trans xdir -1.0 ydir -1.0 dist 0.71 sele target end
 Comparing "2" and "5".
 IF test evaluated as false.  Skipping command
  
 CHARMM>     
  
 CHARMM>                   if issterol .eq. yes then
 Comparing "NO" and "YES".
 IF test evaluated as false.  Skip to ELSE or ENDIF
  
 CHARMM>                      if nsterol .gt. 0 then
 Comparing "68" and "0".
 IF test evaluated as true.  Performing command
  
 CHARMM>                         ! to prevent the penetration of lipid molecules into cholesterol rings
  
 CHARMM>                         coor dist cut 1.0 sele segid L@LipidNum .and. .not. resname TIP3 .and. .not. hydrogen end  -
 CHARMM>                                                sele ((STEROL .and. ( type c% .or. type c1* )) .or. segid DUM) .and. JUNK end
 Parameter: LIPIDNUM -> "2"
 SELRPN>     52 atoms have been selected out of  53828
 SELRPN>     25 atoms have been selected out of  53828

            DISTANCES FOR SELECTED ATOMS
 TOTAL EXCLUSION COUNT =         0
 TOTAL 1-4 EXCLUSIONS  =         0
 TOTAL NON-EXCLUSIONS  =         0
  
 CHARMM>                         if ?npair gt 0 goto domorerot
 RDCMND substituted energy or value "?NPAIR" to "0"
 Comparing "0" and "0".
 IF test evaluated as false.  Skipping command
  
 CHARMM>                      endif
  
 CHARMM>     
  
 CHARMM>                      !protein-check
  
 CHARMM>                      !
  
 CHARMM>                      coor dist cut 1.7 sele segid L@LipidNum .and. .not. resname TIP3 .and. .not. hydrogen end  -
 CHARMM>                                            sele PROT .and. .not. resname TIP3 .and. JUNK end
 Parameter: LIPIDNUM -> "2"
 SELRPN>     52 atoms have been selected out of  53828
 SELRPN>     98 atoms have been selected out of  53828

            DISTANCES FOR SELECTED ATOMS
53699 L2       POPC     1        C13     -6746 PROA     CYS      414      SG            1.6238
53714 L2       POPC     1        P       -6750 PROA     CYS      414      OT2           1.0641
53716 L2       POPC     1        O14     -6748 PROA     CYS      414      C             1.6114
53716 L2       POPC     1        O14     -6750 PROA     CYS      414      OT2           0.5751
53717 L2       POPC     1        O12     -6741 PROA     CYS      414      CA            1.5428
53717 L2       POPC     1        O12     -6743 PROA     CYS      414      CB            1.6251
 TOTAL EXCLUSION COUNT =         0
 TOTAL 1-4 EXCLUSIONS  =         0
 TOTAL NON-EXCLUSIONS  =         6
  
 CHARMM>                      if ?npair gt 8 goto domorerot
 RDCMND substituted energy or value "?NPAIR" to "6"
 Comparing "6" and "8".
 IF test evaluated as false.  Skipping command
  
 CHARMM>     
  
 CHARMM>                      !lipid-check
  
 CHARMM>                      !
  
 CHARMM>                      coor dist cut 1.2 sele segid L@LipidNum .and. .not. resname TIP3 .and. .not. hydrogen end  -
 CHARMM>                                             sele .not. ( repack .or. segid L@LipidNum .or. resname TIP3 .or. PROT ) .and. JUNK end
 Parameter: LIPIDNUM -> "2"
 Parameter: LIPIDNUM -> "2"
 SELRPN>     52 atoms have been selected out of  53828
 SELRPN>    220 atoms have been selected out of  53828

            DISTANCES FOR SELECTED ATOMS
53801 L2       POPC     1        C38     -**** MEMB     POPC     51       C27           1.0026
 TOTAL EXCLUSION COUNT =         0
 TOTAL 1-4 EXCLUSIONS  =         0
 TOTAL NON-EXCLUSIONS  =         1
  
 CHARMM>                      if ?npair gt @nbad goto domorerot
 Parameter: NBAD -> "5"
 RDCMND substituted energy or value "?NPAIR" to "1"
 Comparing "1" and "5".
 IF test evaluated as false.  Skipping command
  
 CHARMM>                   endif
  
 CHARMM>     
  
 CHARMM>                   if dotrans .eq. 2 coor trans xdir -1.0 ydir -1.0 dist 0.71 sele target end
 Comparing "2" and "2".
 IF test evaluated as true.  Performing command
 SELRPN>    134 atoms have been selected out of  53828
 TRANSLATION VECTOR    -0.502046   -0.502046    0.000000
 SELECTED COORDINATES TRANSLATED IN THE MAIN SET.

  
 CHARMM>                   if dotrans .eq. 3 coor trans xdir -1.0 ydir  1.0 dist 0.71 sele target end
 Comparing "2" and "3".
 IF test evaluated as false.  Skipping command
  
 CHARMM>                   if dotrans .eq. 4 coor trans xdir  1.0 ydir -1.0 dist 0.71 sele target end
 Comparing "2" and "4".
 IF test evaluated as false.  Skipping command
  
 CHARMM>                   if dotrans .eq. 5 coor trans xdir  1.0 ydir  1.0 dist 0.71 sele target end
 Comparing "2" and "5".
 IF test evaluated as false.  Skipping command
  
 CHARMM>     
  
 CHARMM>                incr dotrans by 1
 Parameter: DOTRANS <- "3"
  
 CHARMM>                if dotrans .le. 5 goto doclash
 Comparing "3" and "5".
 IF test evaluated as true.  Performing command
  
 CHARMM>                   if dotrans .eq. 2 coor trans xdir  1.0 ydir  1.0 dist 0.71 sele target end
 Comparing "3" and "2".
 IF test evaluated as false.  Skipping command
  
 CHARMM>                   if dotrans .eq. 3 coor trans xdir  1.0 ydir -1.0 dist 0.71 sele target end
 Comparing "3" and "3".
 IF test evaluated as true.  Performing command
 SELRPN>    134 atoms have been selected out of  53828
 TRANSLATION VECTOR     0.502046   -0.502046    0.000000
 SELECTED COORDINATES TRANSLATED IN THE MAIN SET.

  
 CHARMM>                   if dotrans .eq. 4 coor trans xdir -1.0 ydir  1.0 dist 0.71 sele target end
 Comparing "3" and "4".
 IF test evaluated as false.  Skipping command
  
 CHARMM>                   if dotrans .eq. 5 coor trans xdir -1.0 ydir -1.0 dist 0.71 sele target end
 Comparing "3" and "5".
 IF test evaluated as false.  Skipping command
  
 CHARMM>     
  
 CHARMM>                   if issterol .eq. yes then
 Comparing "NO" and "YES".
 IF test evaluated as false.  Skip to ELSE or ENDIF
  
 CHARMM>                      if nsterol .gt. 0 then
 Comparing "68" and "0".
 IF test evaluated as true.  Performing command
  
 CHARMM>                         ! to prevent the penetration of lipid molecules into cholesterol rings
  
 CHARMM>                         coor dist cut 1.0 sele segid L@LipidNum .and. .not. resname TIP3 .and. .not. hydrogen end  -
 CHARMM>                                                sele ((STEROL .and. ( type c% .or. type c1* )) .or. segid DUM) .and. JUNK end
 Parameter: LIPIDNUM -> "2"
 SELRPN>     52 atoms have been selected out of  53828
 SELRPN>     25 atoms have been selected out of  53828

            DISTANCES FOR SELECTED ATOMS
 TOTAL EXCLUSION COUNT =         0
 TOTAL 1-4 EXCLUSIONS  =         0
 TOTAL NON-EXCLUSIONS  =         0
  
 CHARMM>                         if ?npair gt 0 goto domorerot
 RDCMND substituted energy or value "?NPAIR" to "0"
 Comparing "0" and "0".
 IF test evaluated as false.  Skipping command
  
 CHARMM>                      endif
  
 CHARMM>     
  
 CHARMM>                      !protein-check
  
 CHARMM>                      !
  
 CHARMM>                      coor dist cut 1.7 sele segid L@LipidNum .and. .not. resname TIP3 .and. .not. hydrogen end  -
 CHARMM>                                            sele PROT .and. .not. resname TIP3 .and. JUNK end
 Parameter: LIPIDNUM -> "2"
 SELRPN>     52 atoms have been selected out of  53828
 SELRPN>     98 atoms have been selected out of  53828

            DISTANCES FOR SELECTED ATOMS
53699 L2       POPC     1        C13     -6746 PROA     CYS      414      SG            1.6935
53716 L2       POPC     1        O14     -6750 PROA     CYS      414      OT2           0.9621
53717 L2       POPC     1        O12     -6743 PROA     CYS      414      CB            1.6070
53722 L2       POPC     1        C2      - 514 PROA     ARG      32       NH1           1.6828
53726 L2       POPC     1        O22     - 517 PROA     ARG      32       NH2           1.2636
 TOTAL EXCLUSION COUNT =         0
 TOTAL 1-4 EXCLUSIONS  =         0
 TOTAL NON-EXCLUSIONS  =         5
  
 CHARMM>                      if ?npair gt 8 goto domorerot
 RDCMND substituted energy or value "?NPAIR" to "5"
 Comparing "5" and "8".
 IF test evaluated as false.  Skipping command
  
 CHARMM>     
  
 CHARMM>                      !lipid-check
  
 CHARMM>                      !
  
 CHARMM>                      coor dist cut 1.2 sele segid L@LipidNum .and. .not. resname TIP3 .and. .not. hydrogen end  -
 CHARMM>                                             sele .not. ( repack .or. segid L@LipidNum .or. resname TIP3 .or. PROT ) .and. JUNK end
 Parameter: LIPIDNUM -> "2"
 Parameter: LIPIDNUM -> "2"
 SELRPN>     52 atoms have been selected out of  53828
 SELRPN>    220 atoms have been selected out of  53828

            DISTANCES FOR SELECTED ATOMS
 TOTAL EXCLUSION COUNT =         0
 TOTAL 1-4 EXCLUSIONS  =         0
 TOTAL NON-EXCLUSIONS  =         0
  
 CHARMM>                      if ?npair gt @nbad goto domorerot
 Parameter: NBAD -> "5"
 RDCMND substituted energy or value "?NPAIR" to "0"
 Comparing "0" and "5".
 IF test evaluated as false.  Skipping command
  
 CHARMM>                   endif
  
 CHARMM>     
  
 CHARMM>                   if dotrans .eq. 2 coor trans xdir -1.0 ydir -1.0 dist 0.71 sele target end
 Comparing "3" and "2".
 IF test evaluated as false.  Skipping command
  
 CHARMM>                   if dotrans .eq. 3 coor trans xdir -1.0 ydir  1.0 dist 0.71 sele target end
 Comparing "3" and "3".
 IF test evaluated as true.  Performing command
 SELRPN>    134 atoms have been selected out of  53828
 TRANSLATION VECTOR    -0.502046    0.502046    0.000000
 SELECTED COORDINATES TRANSLATED IN THE MAIN SET.

  
 CHARMM>                   if dotrans .eq. 4 coor trans xdir  1.0 ydir -1.0 dist 0.71 sele target end
 Comparing "3" and "4".
 IF test evaluated as false.  Skipping command
  
 CHARMM>                   if dotrans .eq. 5 coor trans xdir  1.0 ydir  1.0 dist 0.71 sele target end
 Comparing "3" and "5".
 IF test evaluated as false.  Skipping command
  
 CHARMM>     
  
 CHARMM>                incr dotrans by 1
 Parameter: DOTRANS <- "4"
  
 CHARMM>                if dotrans .le. 5 goto doclash
 Comparing "4" and "5".
 IF test evaluated as true.  Performing command
  
 CHARMM>                   if dotrans .eq. 2 coor trans xdir  1.0 ydir  1.0 dist 0.71 sele target end
 Comparing "4" and "2".
 IF test evaluated as false.  Skipping command
  
 CHARMM>                   if dotrans .eq. 3 coor trans xdir  1.0 ydir -1.0 dist 0.71 sele target end
 Comparing "4" and "3".
 IF test evaluated as false.  Skipping command
  
 CHARMM>                   if dotrans .eq. 4 coor trans xdir -1.0 ydir  1.0 dist 0.71 sele target end
 Comparing "4" and "4".
 IF test evaluated as true.  Performing command
 SELRPN>    134 atoms have been selected out of  53828
 TRANSLATION VECTOR    -0.502046    0.502046    0.000000
 SELECTED COORDINATES TRANSLATED IN THE MAIN SET.

  
 CHARMM>                   if dotrans .eq. 5 coor trans xdir -1.0 ydir -1.0 dist 0.71 sele target end
 Comparing "4" and "5".
 IF test evaluated as false.  Skipping command
  
 CHARMM>     
  
 CHARMM>                   if issterol .eq. yes then
 Comparing "NO" and "YES".
 IF test evaluated as false.  Skip to ELSE or ENDIF
  
 CHARMM>                      if nsterol .gt. 0 then
 Comparing "68" and "0".
 IF test evaluated as true.  Performing command
  
 CHARMM>                         ! to prevent the penetration of lipid molecules into cholesterol rings
  
 CHARMM>                         coor dist cut 1.0 sele segid L@LipidNum .and. .not. resname TIP3 .and. .not. hydrogen end  -
 CHARMM>                                                sele ((STEROL .and. ( type c% .or. type c1* )) .or. segid DUM) .and. JUNK end
 Parameter: LIPIDNUM -> "2"
 SELRPN>     52 atoms have been selected out of  53828
 SELRPN>     25 atoms have been selected out of  53828

            DISTANCES FOR SELECTED ATOMS
 TOTAL EXCLUSION COUNT =         0
 TOTAL 1-4 EXCLUSIONS  =         0
 TOTAL NON-EXCLUSIONS  =         0
  
 CHARMM>                         if ?npair gt 0 goto domorerot
 RDCMND substituted energy or value "?NPAIR" to "0"
 Comparing "0" and "0".
 IF test evaluated as false.  Skipping command
  
 CHARMM>                      endif
  
 CHARMM>     
  
 CHARMM>                      !protein-check
  
 CHARMM>                      !
  
 CHARMM>                      coor dist cut 1.7 sele segid L@LipidNum .and. .not. resname TIP3 .and. .not. hydrogen end  -
 CHARMM>                                            sele PROT .and. .not. resname TIP3 .and. JUNK end
 Parameter: LIPIDNUM -> "2"
 SELRPN>     52 atoms have been selected out of  53828
 SELRPN>     98 atoms have been selected out of  53828

            DISTANCES FOR SELECTED ATOMS
53695 L2       POPC     1        N       -6746 PROA     CYS      414      SG            1.5662
53699 L2       POPC     1        C13     -6746 PROA     CYS      414      SG            1.4520
53714 L2       POPC     1        P       -6743 PROA     CYS      414      CB            1.6289
53714 L2       POPC     1        P       -6748 PROA     CYS      414      C             1.6402
53714 L2       POPC     1        P       -6750 PROA     CYS      414      OT2           1.5111
53716 L2       POPC     1        O14     -6748 PROA     CYS      414      C             0.8032
53716 L2       POPC     1        O14     -6749 PROA     CYS      414      OT1           1.5900
53716 L2       POPC     1        O14     -6750 PROA     CYS      414      OT2           0.7196
53717 L2       POPC     1        O12     -6741 PROA     CYS      414      CA            1.0367
53717 L2       POPC     1        O12     -6743 PROA     CYS      414      CB            0.7649
53726 L2       POPC     1        O22     - 517 PROA     ARG      32       NH2           1.6120
53730 L2       POPC     1        C3      -6690 PROA     ILE      411      CG2           1.5997
53733 L2       POPC     1        O31     -6702 PROA     ILE      411      O             1.1622
 TOTAL EXCLUSION COUNT =         0
 TOTAL 1-4 EXCLUSIONS  =         0
 TOTAL NON-EXCLUSIONS  =        13
  
 CHARMM>                      if ?npair gt 8 goto domorerot
 RDCMND substituted energy or value "?NPAIR" to "13"
 Comparing "13" and "8".
 IF test evaluated as true.  Performing command
  
 CHARMM>             increase rotang by @delang
 Parameter: DELANG -> "35"
 Parameter: ROTANG <- "35"
  
 CHARMM>             if rotang .le. 359 goto dorot
 Comparing "35" and "359".
 IF test evaluated as true.  Performing command
  
 CHARMM>     
  
 CHARMM>                coor rotate zdir 1.0 xcen @xtran ycen @ytran zcen @zhead phi @rotang sele target end
 Parameter: XTRAN -> "22.678287"
 Parameter: YTRAN -> "10.3124872"
 Parameter: ZHEAD -> "19"
 Parameter: ROTANG -> "35"
 SELRPN>    134 atoms have been selected out of  53828
 ROTATION MATRIX
    0.819152    0.573576    0.000000
   -0.573576    0.819152    0.000000
    0.000000    0.000000    1.000000

 AXIS OF ROTATION IS  0.000000  0.000000  1.000000  ANGLE IS   35.00

 SELECTED COORDINATES ROTATED IN THE MAIN SET.

  
 CHARMM>     
  
 CHARMM>                set dotrans = 1
 Parameter: DOTRANS <- "1"
  
 CHARMM>                label doclash
  
 CHARMM>                   if dotrans .eq. 2 coor trans xdir  1.0 ydir  1.0 dist 0.71 sele target end
 Comparing "1" and "2".
 IF test evaluated as false.  Skipping command
  
 CHARMM>                   if dotrans .eq. 3 coor trans xdir  1.0 ydir -1.0 dist 0.71 sele target end
 Comparing "1" and "3".
 IF test evaluated as false.  Skipping command
  
 CHARMM>                   if dotrans .eq. 4 coor trans xdir -1.0 ydir  1.0 dist 0.71 sele target end
 Comparing "1" and "4".
 IF test evaluated as false.  Skipping command
  
 CHARMM>                   if dotrans .eq. 5 coor trans xdir -1.0 ydir -1.0 dist 0.71 sele target end
 Comparing "1" and "5".
 IF test evaluated as false.  Skipping command
  
 CHARMM>     
  
 CHARMM>                   if issterol .eq. yes then
 Comparing "NO" and "YES".
 IF test evaluated as false.  Skip to ELSE or ENDIF
  
 CHARMM>                      if nsterol .gt. 0 then
 Comparing "68" and "0".
 IF test evaluated as true.  Performing command
  
 CHARMM>                         ! to prevent the penetration of lipid molecules into cholesterol rings
  
 CHARMM>                         coor dist cut 1.0 sele segid L@LipidNum .and. .not. resname TIP3 .and. .not. hydrogen end  -
 CHARMM>                                                sele ((STEROL .and. ( type c% .or. type c1* )) .or. segid DUM) .and. JUNK end
 Parameter: LIPIDNUM -> "2"
 SELRPN>     52 atoms have been selected out of  53828
 SELRPN>     25 atoms have been selected out of  53828

            DISTANCES FOR SELECTED ATOMS
 TOTAL EXCLUSION COUNT =         0
 TOTAL 1-4 EXCLUSIONS  =         0
 TOTAL NON-EXCLUSIONS  =         0
  
 CHARMM>                         if ?npair gt 0 goto domorerot
 RDCMND substituted energy or value "?NPAIR" to "0"
 Comparing "0" and "0".
 IF test evaluated as false.  Skipping command
  
 CHARMM>                      endif
  
 CHARMM>     
  
 CHARMM>                      !protein-check
  
 CHARMM>                      !
  
 CHARMM>                      coor dist cut 1.7 sele segid L@LipidNum .and. .not. resname TIP3 .and. .not. hydrogen end  -
 CHARMM>                                            sele PROT .and. .not. resname TIP3 .and. JUNK end
 Parameter: LIPIDNUM -> "2"
 SELRPN>     52 atoms have been selected out of  53828
 SELRPN>     98 atoms have been selected out of  53828

            DISTANCES FOR SELECTED ATOMS
53695 L2       POPC     1        N       -6746 PROA     CYS      414      SG            1.5901
53703 L2       POPC     1        C14     -6746 PROA     CYS      414      SG            0.8840
53714 L2       POPC     1        P       -6750 PROA     CYS      414      OT2           1.2790
53716 L2       POPC     1        O14     -6750 PROA     CYS      414      OT2           0.6713
53717 L2       POPC     1        O12     -6741 PROA     CYS      414      CA            1.3634
53717 L2       POPC     1        O12     -6743 PROA     CYS      414      CB            1.6022
53722 L2       POPC     1        C2      -6702 PROA     ILE      411      O             1.2675
53730 L2       POPC     1        C3      -6701 PROA     ILE      411      C             1.6690
53730 L2       POPC     1        C3      -6702 PROA     ILE      411      O             0.6594
 TOTAL EXCLUSION COUNT =         0
 TOTAL 1-4 EXCLUSIONS  =         0
 TOTAL NON-EXCLUSIONS  =         9
  
 CHARMM>                      if ?npair gt 8 goto domorerot
 RDCMND substituted energy or value "?NPAIR" to "9"
 Comparing "9" and "8".
 IF test evaluated as true.  Performing command
  
 CHARMM>             increase rotang by @delang
 Parameter: DELANG -> "35"
 Parameter: ROTANG <- "70"
  
 CHARMM>             if rotang .le. 359 goto dorot
 Comparing "70" and "359".
 IF test evaluated as true.  Performing command
  
 CHARMM>     
  
 CHARMM>                coor rotate zdir 1.0 xcen @xtran ycen @ytran zcen @zhead phi @rotang sele target end
 Parameter: XTRAN -> "22.678287"
 Parameter: YTRAN -> "10.3124872"
 Parameter: ZHEAD -> "19"
 Parameter: ROTANG -> "70"
 SELRPN>    134 atoms have been selected out of  53828
 ROTATION MATRIX
    0.342020    0.939693    0.000000
   -0.939693    0.342020    0.000000
    0.000000    0.000000    1.000000

 AXIS OF ROTATION IS  0.000000  0.000000  1.000000  ANGLE IS   70.00

 SELECTED COORDINATES ROTATED IN THE MAIN SET.

  
 CHARMM>     
  
 CHARMM>                set dotrans = 1
 Parameter: DOTRANS <- "1"
  
 CHARMM>                label doclash
  
 CHARMM>                   if dotrans .eq. 2 coor trans xdir  1.0 ydir  1.0 dist 0.71 sele target end
 Comparing "1" and "2".
 IF test evaluated as false.  Skipping command
  
 CHARMM>                   if dotrans .eq. 3 coor trans xdir  1.0 ydir -1.0 dist 0.71 sele target end
 Comparing "1" and "3".
 IF test evaluated as false.  Skipping command
  
 CHARMM>                   if dotrans .eq. 4 coor trans xdir -1.0 ydir  1.0 dist 0.71 sele target end
 Comparing "1" and "4".
 IF test evaluated as false.  Skipping command
  
 CHARMM>                   if dotrans .eq. 5 coor trans xdir -1.0 ydir -1.0 dist 0.71 sele target end
 Comparing "1" and "5".
 IF test evaluated as false.  Skipping command
  
 CHARMM>     
  
 CHARMM>                   if issterol .eq. yes then
 Comparing "NO" and "YES".
 IF test evaluated as false.  Skip to ELSE or ENDIF
  
 CHARMM>                      if nsterol .gt. 0 then
 Comparing "68" and "0".
 IF test evaluated as true.  Performing command
  
 CHARMM>                         ! to prevent the penetration of lipid molecules into cholesterol rings
  
 CHARMM>                         coor dist cut 1.0 sele segid L@LipidNum .and. .not. resname TIP3 .and. .not. hydrogen end  -
 CHARMM>                                                sele ((STEROL .and. ( type c% .or. type c1* )) .or. segid DUM) .and. JUNK end
 Parameter: LIPIDNUM -> "2"
 SELRPN>     52 atoms have been selected out of  53828
 SELRPN>     25 atoms have been selected out of  53828

            DISTANCES FOR SELECTED ATOMS
 TOTAL EXCLUSION COUNT =         0
 TOTAL 1-4 EXCLUSIONS  =         0
 TOTAL NON-EXCLUSIONS  =         0
  
 CHARMM>                         if ?npair gt 0 goto domorerot
 RDCMND substituted energy or value "?NPAIR" to "0"
 Comparing "0" and "0".
 IF test evaluated as false.  Skipping command
  
 CHARMM>                      endif
  
 CHARMM>     
  
 CHARMM>                      !protein-check
  
 CHARMM>                      !
  
 CHARMM>                      coor dist cut 1.7 sele segid L@LipidNum .and. .not. resname TIP3 .and. .not. hydrogen end  -
 CHARMM>                                            sele PROT .and. .not. resname TIP3 .and. JUNK end
 Parameter: LIPIDNUM -> "2"
 SELRPN>     52 atoms have been selected out of  53828
 SELRPN>     98 atoms have been selected out of  53828

            DISTANCES FOR SELECTED ATOMS
53703 L2       POPC     1        C14     -6746 PROA     CYS      414      SG            1.4369
53718 L2       POPC     1        O11     -6748 PROA     CYS      414      C             1.3159
53718 L2       POPC     1        O11     -6750 PROA     CYS      414      OT2           0.7380
53719 L2       POPC     1        C1      -6741 PROA     CYS      414      CA            1.2392
53719 L2       POPC     1        C1      -6748 PROA     CYS      414      C             0.6098
53719 L2       POPC     1        C1      -6749 PROA     CYS      414      OT1           1.4777
53719 L2       POPC     1        C1      -6750 PROA     CYS      414      OT2           1.6227
53722 L2       POPC     1        C2      -6748 PROA     CYS      414      C             1.4763
53722 L2       POPC     1        C2      -6749 PROA     CYS      414      OT1           0.3581
53724 L2       POPC     1        O21     -6749 PROA     CYS      414      OT1           1.5056
53726 L2       POPC     1        O22     -6702 PROA     ILE      411      O             1.5557
53730 L2       POPC     1        C3      -6749 PROA     CYS      414      OT1           1.3750
 TOTAL EXCLUSION COUNT =         0
 TOTAL 1-4 EXCLUSIONS  =         0
 TOTAL NON-EXCLUSIONS  =        12
  
 CHARMM>                      if ?npair gt 8 goto domorerot
 RDCMND substituted energy or value "?NPAIR" to "12"
 Comparing "12" and "8".
 IF test evaluated as true.  Performing command
  
 CHARMM>             increase rotang by @delang
 Parameter: DELANG -> "35"
 Parameter: ROTANG <- "105"
  
 CHARMM>             if rotang .le. 359 goto dorot
 Comparing "105" and "359".
 IF test evaluated as true.  Performing command
  
 CHARMM>     
  
 CHARMM>                coor rotate zdir 1.0 xcen @xtran ycen @ytran zcen @zhead phi @rotang sele target end
 Parameter: XTRAN -> "22.678287"
 Parameter: YTRAN -> "10.3124872"
 Parameter: ZHEAD -> "19"
 Parameter: ROTANG -> "105"
 SELRPN>    134 atoms have been selected out of  53828
 ROTATION MATRIX
   -0.258819    0.965926    0.000000
   -0.965926   -0.258819    0.000000
    0.000000    0.000000    1.000000

 AXIS OF ROTATION IS  0.000000  0.000000  1.000000  ANGLE IS  105.00

 SELECTED COORDINATES ROTATED IN THE MAIN SET.

  
 CHARMM>     
  
 CHARMM>                set dotrans = 1
 Parameter: DOTRANS <- "1"
  
 CHARMM>                label doclash
  
 CHARMM>                   if dotrans .eq. 2 coor trans xdir  1.0 ydir  1.0 dist 0.71 sele target end
 Comparing "1" and "2".
 IF test evaluated as false.  Skipping command
  
 CHARMM>                   if dotrans .eq. 3 coor trans xdir  1.0 ydir -1.0 dist 0.71 sele target end
 Comparing "1" and "3".
 IF test evaluated as false.  Skipping command
  
 CHARMM>                   if dotrans .eq. 4 coor trans xdir -1.0 ydir  1.0 dist 0.71 sele target end
 Comparing "1" and "4".
 IF test evaluated as false.  Skipping command
  
 CHARMM>                   if dotrans .eq. 5 coor trans xdir -1.0 ydir -1.0 dist 0.71 sele target end
 Comparing "1" and "5".
 IF test evaluated as false.  Skipping command
  
 CHARMM>     
  
 CHARMM>                   if issterol .eq. yes then
 Comparing "NO" and "YES".
 IF test evaluated as false.  Skip to ELSE or ENDIF
  
 CHARMM>                      if nsterol .gt. 0 then
 Comparing "68" and "0".
 IF test evaluated as true.  Performing command
  
 CHARMM>                         ! to prevent the penetration of lipid molecules into cholesterol rings
  
 CHARMM>                         coor dist cut 1.0 sele segid L@LipidNum .and. .not. resname TIP3 .and. .not. hydrogen end  -
 CHARMM>                                                sele ((STEROL .and. ( type c% .or. type c1* )) .or. segid DUM) .and. JUNK end
 Parameter: LIPIDNUM -> "2"
 SELRPN>     52 atoms have been selected out of  53828
 SELRPN>     25 atoms have been selected out of  53828

            DISTANCES FOR SELECTED ATOMS
53734 L2       POPC     1        C31     -**** MEMB     CHL1     35       C19           0.9464
 TOTAL EXCLUSION COUNT =         0
 TOTAL 1-4 EXCLUSIONS  =         0
 TOTAL NON-EXCLUSIONS  =         1
  
 CHARMM>                         if ?npair gt 0 goto domorerot
 RDCMND substituted energy or value "?NPAIR" to "1"
 Comparing "1" and "0".
 IF test evaluated as true.  Performing command
  
 CHARMM>             increase rotang by @delang
 Parameter: DELANG -> "35"
 Parameter: ROTANG <- "140"
  
 CHARMM>             if rotang .le. 359 goto dorot
 Comparing "140" and "359".
 IF test evaluated as true.  Performing command
  
 CHARMM>     
  
 CHARMM>                coor rotate zdir 1.0 xcen @xtran ycen @ytran zcen @zhead phi @rotang sele target end
 Parameter: XTRAN -> "22.678287"
 Parameter: YTRAN -> "10.3124872"
 Parameter: ZHEAD -> "19"
 Parameter: ROTANG -> "140"
 SELRPN>    134 atoms have been selected out of  53828
 ROTATION MATRIX
   -0.766044    0.642788    0.000000
   -0.642788   -0.766044    0.000000
    0.000000    0.000000    1.000000

 AXIS OF ROTATION IS  0.000000  0.000000  1.000000  ANGLE IS  140.00

 SELECTED COORDINATES ROTATED IN THE MAIN SET.

  
 CHARMM>     
  
 CHARMM>                set dotrans = 1
 Parameter: DOTRANS <- "1"
  
 CHARMM>                label doclash
  
 CHARMM>                   if dotrans .eq. 2 coor trans xdir  1.0 ydir  1.0 dist 0.71 sele target end
 Comparing "1" and "2".
 IF test evaluated as false.  Skipping command
  
 CHARMM>                   if dotrans .eq. 3 coor trans xdir  1.0 ydir -1.0 dist 0.71 sele target end
 Comparing "1" and "3".
 IF test evaluated as false.  Skipping command
  
 CHARMM>                   if dotrans .eq. 4 coor trans xdir -1.0 ydir  1.0 dist 0.71 sele target end
 Comparing "1" and "4".
 IF test evaluated as false.  Skipping command
  
 CHARMM>                   if dotrans .eq. 5 coor trans xdir -1.0 ydir -1.0 dist 0.71 sele target end
 Comparing "1" and "5".
 IF test evaluated as false.  Skipping command
  
 CHARMM>     
  
 CHARMM>                   if issterol .eq. yes then
 Comparing "NO" and "YES".
 IF test evaluated as false.  Skip to ELSE or ENDIF
  
 CHARMM>                      if nsterol .gt. 0 then
 Comparing "68" and "0".
 IF test evaluated as true.  Performing command
  
 CHARMM>                         ! to prevent the penetration of lipid molecules into cholesterol rings
  
 CHARMM>                         coor dist cut 1.0 sele segid L@LipidNum .and. .not. resname TIP3 .and. .not. hydrogen end  -
 CHARMM>                                                sele ((STEROL .and. ( type c% .or. type c1* )) .or. segid DUM) .and. JUNK end
 Parameter: LIPIDNUM -> "2"
 SELRPN>     52 atoms have been selected out of  53828
 SELRPN>     25 atoms have been selected out of  53828

            DISTANCES FOR SELECTED ATOMS
 TOTAL EXCLUSION COUNT =         0
 TOTAL 1-4 EXCLUSIONS  =         0
 TOTAL NON-EXCLUSIONS  =         0
  
 CHARMM>                         if ?npair gt 0 goto domorerot
 RDCMND substituted energy or value "?NPAIR" to "0"
 Comparing "0" and "0".
 IF test evaluated as false.  Skipping command
  
 CHARMM>                      endif
  
 CHARMM>     
  
 CHARMM>                      !protein-check
  
 CHARMM>                      !
  
 CHARMM>                      coor dist cut 1.7 sele segid L@LipidNum .and. .not. resname TIP3 .and. .not. hydrogen end  -
 CHARMM>                                            sele PROT .and. .not. resname TIP3 .and. JUNK end
 Parameter: LIPIDNUM -> "2"
 SELRPN>     52 atoms have been selected out of  53828
 SELRPN>     98 atoms have been selected out of  53828

            DISTANCES FOR SELECTED ATOMS
53695 L2       POPC     1        N       -6746 PROA     CYS      414      SG            1.6401
53699 L2       POPC     1        C13     -6746 PROA     CYS      414      SG            1.4244
53714 L2       POPC     1        P       -6743 PROA     CYS      414      CB            1.5352
53714 L2       POPC     1        P       -6748 PROA     CYS      414      C             1.6776
53714 L2       POPC     1        P       -6750 PROA     CYS      414      OT2           1.6310
53716 L2       POPC     1        O14     -6748 PROA     CYS      414      C             0.6406
53716 L2       POPC     1        O14     -6749 PROA     CYS      414      OT1           1.3884
53716 L2       POPC     1        O14     -6750 PROA     CYS      414      OT2           1.0285
53717 L2       POPC     1        O12     -6741 PROA     CYS      414      CA            1.1643
53717 L2       POPC     1        O12     -6743 PROA     CYS      414      CB            0.5169
53726 L2       POPC     1        O22     - 517 PROA     ARG      32       NH2           1.5997
53730 L2       POPC     1        C3      -6690 PROA     ILE      411      CG2           1.6875
53733 L2       POPC     1        O31     -6702 PROA     ILE      411      O             1.6376
 TOTAL EXCLUSION COUNT =         0
 TOTAL 1-4 EXCLUSIONS  =         0
 TOTAL NON-EXCLUSIONS  =        13
  
 CHARMM>                      if ?npair gt 8 goto domorerot
 RDCMND substituted energy or value "?NPAIR" to "13"
 Comparing "13" and "8".
 IF test evaluated as true.  Performing command
  
 CHARMM>             increase rotang by @delang
 Parameter: DELANG -> "35"
 Parameter: ROTANG <- "175"
  
 CHARMM>             if rotang .le. 359 goto dorot
 Comparing "175" and "359".
 IF test evaluated as true.  Performing command
  
 CHARMM>     
  
 CHARMM>                coor rotate zdir 1.0 xcen @xtran ycen @ytran zcen @zhead phi @rotang sele target end
 Parameter: XTRAN -> "22.678287"
 Parameter: YTRAN -> "10.3124872"
 Parameter: ZHEAD -> "19"
 Parameter: ROTANG -> "175"
 SELRPN>    134 atoms have been selected out of  53828
 ROTATION MATRIX
   -0.996195    0.087156    0.000000
   -0.087156   -0.996195    0.000000
    0.000000    0.000000    1.000000

 AXIS OF ROTATION IS  0.000000  0.000000  1.000000  ANGLE IS  175.00

 SELECTED COORDINATES ROTATED IN THE MAIN SET.

  
 CHARMM>     
  
 CHARMM>                set dotrans = 1
 Parameter: DOTRANS <- "1"
  
 CHARMM>                label doclash
  
 CHARMM>                   if dotrans .eq. 2 coor trans xdir  1.0 ydir  1.0 dist 0.71 sele target end
 Comparing "1" and "2".
 IF test evaluated as false.  Skipping command
  
 CHARMM>                   if dotrans .eq. 3 coor trans xdir  1.0 ydir -1.0 dist 0.71 sele target end
 Comparing "1" and "3".
 IF test evaluated as false.  Skipping command
  
 CHARMM>                   if dotrans .eq. 4 coor trans xdir -1.0 ydir  1.0 dist 0.71 sele target end
 Comparing "1" and "4".
 IF test evaluated as false.  Skipping command
  
 CHARMM>                   if dotrans .eq. 5 coor trans xdir -1.0 ydir -1.0 dist 0.71 sele target end
 Comparing "1" and "5".
 IF test evaluated as false.  Skipping command
  
 CHARMM>     
  
 CHARMM>                   if issterol .eq. yes then
 Comparing "NO" and "YES".
 IF test evaluated as false.  Skip to ELSE or ENDIF
  
 CHARMM>                      if nsterol .gt. 0 then
 Comparing "68" and "0".
 IF test evaluated as true.  Performing command
  
 CHARMM>                         ! to prevent the penetration of lipid molecules into cholesterol rings
  
 CHARMM>                         coor dist cut 1.0 sele segid L@LipidNum .and. .not. resname TIP3 .and. .not. hydrogen end  -
 CHARMM>                                                sele ((STEROL .and. ( type c% .or. type c1* )) .or. segid DUM) .and. JUNK end
 Parameter: LIPIDNUM -> "2"
 SELRPN>     52 atoms have been selected out of  53828
 SELRPN>     25 atoms have been selected out of  53828

            DISTANCES FOR SELECTED ATOMS
 TOTAL EXCLUSION COUNT =         0
 TOTAL 1-4 EXCLUSIONS  =         0
 TOTAL NON-EXCLUSIONS  =         0
  
 CHARMM>                         if ?npair gt 0 goto domorerot
 RDCMND substituted energy or value "?NPAIR" to "0"
 Comparing "0" and "0".
 IF test evaluated as false.  Skipping command
  
 CHARMM>                      endif
  
 CHARMM>     
  
 CHARMM>                      !protein-check
  
 CHARMM>                      !
  
 CHARMM>                      coor dist cut 1.7 sele segid L@LipidNum .and. .not. resname TIP3 .and. .not. hydrogen end  -
 CHARMM>                                            sele PROT .and. .not. resname TIP3 .and. JUNK end
 Parameter: LIPIDNUM -> "2"
 SELRPN>     52 atoms have been selected out of  53828
 SELRPN>     98 atoms have been selected out of  53828

            DISTANCES FOR SELECTED ATOMS
53715 L2       POPC     1        O13     -6743 PROA     CYS      414      CB            1.1990
53718 L2       POPC     1        O11     -6750 PROA     CYS      414      OT2           1.5608
53719 L2       POPC     1        C1      -6750 PROA     CYS      414      OT2           0.5996
53726 L2       POPC     1        O22     -6749 PROA     CYS      414      OT1           1.6743
 TOTAL EXCLUSION COUNT =         0
 TOTAL 1-4 EXCLUSIONS  =         0
 TOTAL NON-EXCLUSIONS  =         4
  
 CHARMM>                      if ?npair gt 8 goto domorerot
 RDCMND substituted energy or value "?NPAIR" to "4"
 Comparing "4" and "8".
 IF test evaluated as false.  Skipping command
  
 CHARMM>     
  
 CHARMM>                      !lipid-check
  
 CHARMM>                      !
  
 CHARMM>                      coor dist cut 1.2 sele segid L@LipidNum .and. .not. resname TIP3 .and. .not. hydrogen end  -
 CHARMM>                                             sele .not. ( repack .or. segid L@LipidNum .or. resname TIP3 .or. PROT ) .and. JUNK end
 Parameter: LIPIDNUM -> "2"
 Parameter: LIPIDNUM -> "2"
 SELRPN>     52 atoms have been selected out of  53828
 SELRPN>    220 atoms have been selected out of  53828

            DISTANCES FOR SELECTED ATOMS
53724 L2       POPC     1        O21     -**** MEMB     POPC     51       O21           1.0494
53724 L2       POPC     1        O21     -**** MEMB     POPC     51       C21           1.0034
53751 L2       POPC     1        C27     -**** MEMB     POPC     51       C27           0.8565
 TOTAL EXCLUSION COUNT =         0
 TOTAL 1-4 EXCLUSIONS  =         0
 TOTAL NON-EXCLUSIONS  =         3
  
 CHARMM>                      if ?npair gt @nbad goto domorerot
 Parameter: NBAD -> "5"
 RDCMND substituted energy or value "?NPAIR" to "3"
 Comparing "3" and "5".
 IF test evaluated as false.  Skipping command
  
 CHARMM>                   endif
  
 CHARMM>     
  
 CHARMM>                   if dotrans .eq. 2 coor trans xdir -1.0 ydir -1.0 dist 0.71 sele target end
 Comparing "1" and "2".
 IF test evaluated as false.  Skipping command
  
 CHARMM>                   if dotrans .eq. 3 coor trans xdir -1.0 ydir  1.0 dist 0.71 sele target end
 Comparing "1" and "3".
 IF test evaluated as false.  Skipping command
  
 CHARMM>                   if dotrans .eq. 4 coor trans xdir  1.0 ydir -1.0 dist 0.71 sele target end
 Comparing "1" and "4".
 IF test evaluated as false.  Skipping command
  
 CHARMM>                   if dotrans .eq. 5 coor trans xdir  1.0 ydir  1.0 dist 0.71 sele target end
 Comparing "1" and "5".
 IF test evaluated as false.  Skipping command
  
 CHARMM>     
  
 CHARMM>                incr dotrans by 1
 Parameter: DOTRANS <- "2"
  
 CHARMM>                if dotrans .le. 5 goto doclash
 Comparing "2" and "5".
 IF test evaluated as true.  Performing command
  
 CHARMM>                   if dotrans .eq. 2 coor trans xdir  1.0 ydir  1.0 dist 0.71 sele target end
 Comparing "2" and "2".
 IF test evaluated as true.  Performing command
 SELRPN>    134 atoms have been selected out of  53828
 TRANSLATION VECTOR     0.502046    0.502046    0.000000
 SELECTED COORDINATES TRANSLATED IN THE MAIN SET.

  
 CHARMM>                   if dotrans .eq. 3 coor trans xdir  1.0 ydir -1.0 dist 0.71 sele target end
 Comparing "2" and "3".
 IF test evaluated as false.  Skipping command
  
 CHARMM>                   if dotrans .eq. 4 coor trans xdir -1.0 ydir  1.0 dist 0.71 sele target end
 Comparing "2" and "4".
 IF test evaluated as false.  Skipping command
  
 CHARMM>                   if dotrans .eq. 5 coor trans xdir -1.0 ydir -1.0 dist 0.71 sele target end
 Comparing "2" and "5".
 IF test evaluated as false.  Skipping command
  
 CHARMM>     
  
 CHARMM>                   if issterol .eq. yes then
 Comparing "NO" and "YES".
 IF test evaluated as false.  Skip to ELSE or ENDIF
  
 CHARMM>                      if nsterol .gt. 0 then
 Comparing "68" and "0".
 IF test evaluated as true.  Performing command
  
 CHARMM>                         ! to prevent the penetration of lipid molecules into cholesterol rings
  
 CHARMM>                         coor dist cut 1.0 sele segid L@LipidNum .and. .not. resname TIP3 .and. .not. hydrogen end  -
 CHARMM>                                                sele ((STEROL .and. ( type c% .or. type c1* )) .or. segid DUM) .and. JUNK end
 Parameter: LIPIDNUM -> "2"
 SELRPN>     52 atoms have been selected out of  53828
 SELRPN>     25 atoms have been selected out of  53828

            DISTANCES FOR SELECTED ATOMS
 TOTAL EXCLUSION COUNT =         0
 TOTAL 1-4 EXCLUSIONS  =         0
 TOTAL NON-EXCLUSIONS  =         0
  
 CHARMM>                         if ?npair gt 0 goto domorerot
 RDCMND substituted energy or value "?NPAIR" to "0"
 Comparing "0" and "0".
 IF test evaluated as false.  Skipping command
  
 CHARMM>                      endif
  
 CHARMM>     
  
 CHARMM>                      !protein-check
  
 CHARMM>                      !
  
 CHARMM>                      coor dist cut 1.7 sele segid L@LipidNum .and. .not. resname TIP3 .and. .not. hydrogen end  -
 CHARMM>                                            sele PROT .and. .not. resname TIP3 .and. JUNK end
 Parameter: LIPIDNUM -> "2"
 SELRPN>     52 atoms have been selected out of  53828
 SELRPN>     98 atoms have been selected out of  53828

            DISTANCES FOR SELECTED ATOMS
53715 L2       POPC     1        O13     -6743 PROA     CYS      414      CB            1.2314
53718 L2       POPC     1        O11     -6750 PROA     CYS      414      OT2           1.3433
53719 L2       POPC     1        C1      -6750 PROA     CYS      414      OT2           1.1062
 TOTAL EXCLUSION COUNT =         0
 TOTAL 1-4 EXCLUSIONS  =         0
 TOTAL NON-EXCLUSIONS  =         3
  
 CHARMM>                      if ?npair gt 8 goto domorerot
 RDCMND substituted energy or value "?NPAIR" to "3"
 Comparing "3" and "8".
 IF test evaluated as false.  Skipping command
  
 CHARMM>     
  
 CHARMM>                      !lipid-check
  
 CHARMM>                      !
  
 CHARMM>                      coor dist cut 1.2 sele segid L@LipidNum .and. .not. resname TIP3 .and. .not. hydrogen end  -
 CHARMM>                                             sele .not. ( repack .or. segid L@LipidNum .or. resname TIP3 .or. PROT ) .and. JUNK end
 Parameter: LIPIDNUM -> "2"
 Parameter: LIPIDNUM -> "2"
 SELRPN>     52 atoms have been selected out of  53828
 SELRPN>    220 atoms have been selected out of  53828

            DISTANCES FOR SELECTED ATOMS
53722 L2       POPC     1        C2      -**** MEMB     POPC     51       O21           1.1575
53724 L2       POPC     1        O21     -**** MEMB     POPC     51       C2            1.1287
53724 L2       POPC     1        O21     -**** MEMB     POPC     51       O21           0.4853
53725 L2       POPC     1        C21     -**** MEMB     POPC     51       C2            0.9433
53725 L2       POPC     1        C21     -**** MEMB     POPC     51       C3            1.1052
53726 L2       POPC     1        O22     -**** MEMB     POPC     51       C3            1.0068
53751 L2       POPC     1        C27     -**** MEMB     POPC     51       C26           0.7097
53751 L2       POPC     1        C27     -**** MEMB     POPC     51       C27           0.9498
53754 L2       POPC     1        C28     -**** MEMB     POPC     51       C27           0.6112
53782 L2       POPC     1        C218    -**** MEMB     POPE     224      C315          1.1378
53822 L2       POPC     1        C315    -**** MEMB     POPC     51       C315          1.0874
 TOTAL EXCLUSION COUNT =         0
 TOTAL 1-4 EXCLUSIONS  =         0
 TOTAL NON-EXCLUSIONS  =        11
  
 CHARMM>                      if ?npair gt @nbad goto domorerot
 Parameter: NBAD -> "5"
 RDCMND substituted energy or value "?NPAIR" to "11"
 Comparing "11" and "5".
 IF test evaluated as true.  Performing command
  
 CHARMM>             increase rotang by @delang
 Parameter: DELANG -> "35"
 Parameter: ROTANG <- "210"
  
 CHARMM>             if rotang .le. 359 goto dorot
 Comparing "210" and "359".
 IF test evaluated as true.  Performing command
  
 CHARMM>     
  
 CHARMM>                coor rotate zdir 1.0 xcen @xtran ycen @ytran zcen @zhead phi @rotang sele target end
 Parameter: XTRAN -> "22.678287"
 Parameter: YTRAN -> "10.3124872"
 Parameter: ZHEAD -> "19"
 Parameter: ROTANG -> "210"
 SELRPN>    134 atoms have been selected out of  53828
 ROTATION MATRIX
   -0.866025   -0.500000    0.000000
    0.500000   -0.866025    0.000000
    0.000000    0.000000    1.000000

 AXIS OF ROTATION IS  0.000000  0.000000 -1.000000  ANGLE IS  150.00

 SELECTED COORDINATES ROTATED IN THE MAIN SET.

  
 CHARMM>     
  
 CHARMM>                set dotrans = 1
 Parameter: DOTRANS <- "1"
  
 CHARMM>                label doclash
  
 CHARMM>                   if dotrans .eq. 2 coor trans xdir  1.0 ydir  1.0 dist 0.71 sele target end
 Comparing "1" and "2".
 IF test evaluated as false.  Skipping command
  
 CHARMM>                   if dotrans .eq. 3 coor trans xdir  1.0 ydir -1.0 dist 0.71 sele target end
 Comparing "1" and "3".
 IF test evaluated as false.  Skipping command
  
 CHARMM>                   if dotrans .eq. 4 coor trans xdir -1.0 ydir  1.0 dist 0.71 sele target end
 Comparing "1" and "4".
 IF test evaluated as false.  Skipping command
  
 CHARMM>                   if dotrans .eq. 5 coor trans xdir -1.0 ydir -1.0 dist 0.71 sele target end
 Comparing "1" and "5".
 IF test evaluated as false.  Skipping command
  
 CHARMM>     
  
 CHARMM>                   if issterol .eq. yes then
 Comparing "NO" and "YES".
 IF test evaluated as false.  Skip to ELSE or ENDIF
  
 CHARMM>                      if nsterol .gt. 0 then
 Comparing "68" and "0".
 IF test evaluated as true.  Performing command
  
 CHARMM>                         ! to prevent the penetration of lipid molecules into cholesterol rings
  
 CHARMM>                         coor dist cut 1.0 sele segid L@LipidNum .and. .not. resname TIP3 .and. .not. hydrogen end  -
 CHARMM>                                                sele ((STEROL .and. ( type c% .or. type c1* )) .or. segid DUM) .and. JUNK end
 Parameter: LIPIDNUM -> "2"
 SELRPN>     52 atoms have been selected out of  53828
 SELRPN>     25 atoms have been selected out of  53828

            DISTANCES FOR SELECTED ATOMS
 TOTAL EXCLUSION COUNT =         0
 TOTAL 1-4 EXCLUSIONS  =         0
 TOTAL NON-EXCLUSIONS  =         0
  
 CHARMM>                         if ?npair gt 0 goto domorerot
 RDCMND substituted energy or value "?NPAIR" to "0"
 Comparing "0" and "0".
 IF test evaluated as false.  Skipping command
  
 CHARMM>                      endif
  
 CHARMM>     
  
 CHARMM>                      !protein-check
  
 CHARMM>                      !
  
 CHARMM>                      coor dist cut 1.7 sele segid L@LipidNum .and. .not. resname TIP3 .and. .not. hydrogen end  -
 CHARMM>                                            sele PROT .and. .not. resname TIP3 .and. JUNK end
 Parameter: LIPIDNUM -> "2"
 SELRPN>     52 atoms have been selected out of  53828
 SELRPN>     98 atoms have been selected out of  53828

            DISTANCES FOR SELECTED ATOMS
53695 L2       POPC     1        N       -6746 PROA     CYS      414      SG            1.2685
53699 L2       POPC     1        C13     -6746 PROA     CYS      414      SG            1.6809
53703 L2       POPC     1        C14     -6746 PROA     CYS      414      SG            1.5846
53714 L2       POPC     1        P       -6743 PROA     CYS      414      CB            1.3523
53716 L2       POPC     1        O14     -6748 PROA     CYS      414      C             0.9665
53716 L2       POPC     1        O14     -6750 PROA     CYS      414      OT2           0.8760
53717 L2       POPC     1        O12     -6741 PROA     CYS      414      CA            1.0744
53717 L2       POPC     1        O12     -6743 PROA     CYS      414      CB            0.5626
53722 L2       POPC     1        C2      -6690 PROA     ILE      411      CG2           1.6269
53730 L2       POPC     1        C3      -6690 PROA     ILE      411      CG2           1.6269
53730 L2       POPC     1        C3      -6701 PROA     ILE      411      C             1.5186
53730 L2       POPC     1        C3      -6702 PROA     ILE      411      O             1.6031
53733 L2       POPC     1        O31     -6701 PROA     ILE      411      C             1.6229
53733 L2       POPC     1        O31     -6702 PROA     ILE      411      O             0.8074
 TOTAL EXCLUSION COUNT =         0
 TOTAL 1-4 EXCLUSIONS  =         0
 TOTAL NON-EXCLUSIONS  =        14
  
 CHARMM>                      if ?npair gt 8 goto domorerot
 RDCMND substituted energy or value "?NPAIR" to "14"
 Comparing "14" and "8".
 IF test evaluated as true.  Performing command
  
 CHARMM>             increase rotang by @delang
 Parameter: DELANG -> "35"
 Parameter: ROTANG <- "245"
  
 CHARMM>             if rotang .le. 359 goto dorot
 Comparing "245" and "359".
 IF test evaluated as true.  Performing command
  
 CHARMM>     
  
 CHARMM>                coor rotate zdir 1.0 xcen @xtran ycen @ytran zcen @zhead phi @rotang sele target end
 Parameter: XTRAN -> "22.678287"
 Parameter: YTRAN -> "10.3124872"
 Parameter: ZHEAD -> "19"
 Parameter: ROTANG -> "245"
 SELRPN>    134 atoms have been selected out of  53828
 ROTATION MATRIX
   -0.422618   -0.906308    0.000000
    0.906308   -0.422618    0.000000
    0.000000    0.000000    1.000000

 AXIS OF ROTATION IS  0.000000  0.000000 -1.000000  ANGLE IS  115.00

 SELECTED COORDINATES ROTATED IN THE MAIN SET.

  
 CHARMM>     
  
 CHARMM>                set dotrans = 1
 Parameter: DOTRANS <- "1"
  
 CHARMM>                label doclash
  
 CHARMM>                   if dotrans .eq. 2 coor trans xdir  1.0 ydir  1.0 dist 0.71 sele target end
 Comparing "1" and "2".
 IF test evaluated as false.  Skipping command
  
 CHARMM>                   if dotrans .eq. 3 coor trans xdir  1.0 ydir -1.0 dist 0.71 sele target end
 Comparing "1" and "3".
 IF test evaluated as false.  Skipping command
  
 CHARMM>                   if dotrans .eq. 4 coor trans xdir -1.0 ydir  1.0 dist 0.71 sele target end
 Comparing "1" and "4".
 IF test evaluated as false.  Skipping command
  
 CHARMM>                   if dotrans .eq. 5 coor trans xdir -1.0 ydir -1.0 dist 0.71 sele target end
 Comparing "1" and "5".
 IF test evaluated as false.  Skipping command
  
 CHARMM>     
  
 CHARMM>                   if issterol .eq. yes then
 Comparing "NO" and "YES".
 IF test evaluated as false.  Skip to ELSE or ENDIF
  
 CHARMM>                      if nsterol .gt. 0 then
 Comparing "68" and "0".
 IF test evaluated as true.  Performing command
  
 CHARMM>                         ! to prevent the penetration of lipid molecules into cholesterol rings
  
 CHARMM>                         coor dist cut 1.0 sele segid L@LipidNum .and. .not. resname TIP3 .and. .not. hydrogen end  -
 CHARMM>                                                sele ((STEROL .and. ( type c% .or. type c1* )) .or. segid DUM) .and. JUNK end
 Parameter: LIPIDNUM -> "2"
 SELRPN>     52 atoms have been selected out of  53828
 SELRPN>     25 atoms have been selected out of  53828

            DISTANCES FOR SELECTED ATOMS
53748 L2       POPC     1        C26     -**** MEMB     CHL1     35       C18           0.9868
 TOTAL EXCLUSION COUNT =         0
 TOTAL 1-4 EXCLUSIONS  =         0
 TOTAL NON-EXCLUSIONS  =         1
  
 CHARMM>                         if ?npair gt 0 goto domorerot
 RDCMND substituted energy or value "?NPAIR" to "1"
 Comparing "1" and "0".
 IF test evaluated as true.  Performing command
  
 CHARMM>             increase rotang by @delang
 Parameter: DELANG -> "35"
 Parameter: ROTANG <- "280"
  
 CHARMM>             if rotang .le. 359 goto dorot
 Comparing "280" and "359".
 IF test evaluated as true.  Performing command
  
 CHARMM>     
  
 CHARMM>                coor rotate zdir 1.0 xcen @xtran ycen @ytran zcen @zhead phi @rotang sele target end
 Parameter: XTRAN -> "22.678287"
 Parameter: YTRAN -> "10.3124872"
 Parameter: ZHEAD -> "19"
 Parameter: ROTANG -> "280"
 SELRPN>    134 atoms have been selected out of  53828
 ROTATION MATRIX
    0.173648   -0.984808    0.000000
    0.984808    0.173648    0.000000
    0.000000    0.000000    1.000000

 AXIS OF ROTATION IS  0.000000  0.000000 -1.000000  ANGLE IS   80.00

 SELECTED COORDINATES ROTATED IN THE MAIN SET.

  
 CHARMM>     
  
 CHARMM>                set dotrans = 1
 Parameter: DOTRANS <- "1"
  
 CHARMM>                label doclash
  
 CHARMM>                   if dotrans .eq. 2 coor trans xdir  1.0 ydir  1.0 dist 0.71 sele target end
 Comparing "1" and "2".
 IF test evaluated as false.  Skipping command
  
 CHARMM>                   if dotrans .eq. 3 coor trans xdir  1.0 ydir -1.0 dist 0.71 sele target end
 Comparing "1" and "3".
 IF test evaluated as false.  Skipping command
  
 CHARMM>                   if dotrans .eq. 4 coor trans xdir -1.0 ydir  1.0 dist 0.71 sele target end
 Comparing "1" and "4".
 IF test evaluated as false.  Skipping command
  
 CHARMM>                   if dotrans .eq. 5 coor trans xdir -1.0 ydir -1.0 dist 0.71 sele target end
 Comparing "1" and "5".
 IF test evaluated as false.  Skipping command
  
 CHARMM>     
  
 CHARMM>                   if issterol .eq. yes then
 Comparing "NO" and "YES".
 IF test evaluated as false.  Skip to ELSE or ENDIF
  
 CHARMM>                      if nsterol .gt. 0 then
 Comparing "68" and "0".
 IF test evaluated as true.  Performing command
  
 CHARMM>                         ! to prevent the penetration of lipid molecules into cholesterol rings
  
 CHARMM>                         coor dist cut 1.0 sele segid L@LipidNum .and. .not. resname TIP3 .and. .not. hydrogen end  -
 CHARMM>                                                sele ((STEROL .and. ( type c% .or. type c1* )) .or. segid DUM) .and. JUNK end
 Parameter: LIPIDNUM -> "2"
 SELRPN>     52 atoms have been selected out of  53828
 SELRPN>     25 atoms have been selected out of  53828

            DISTANCES FOR SELECTED ATOMS
 TOTAL EXCLUSION COUNT =         0
 TOTAL 1-4 EXCLUSIONS  =         0
 TOTAL NON-EXCLUSIONS  =         0
  
 CHARMM>                         if ?npair gt 0 goto domorerot
 RDCMND substituted energy or value "?NPAIR" to "0"
 Comparing "0" and "0".
 IF test evaluated as false.  Skipping command
  
 CHARMM>                      endif
  
 CHARMM>     
  
 CHARMM>                      !protein-check
  
 CHARMM>                      !
  
 CHARMM>                      coor dist cut 1.7 sele segid L@LipidNum .and. .not. resname TIP3 .and. .not. hydrogen end  -
 CHARMM>                                            sele PROT .and. .not. resname TIP3 .and. JUNK end
 Parameter: LIPIDNUM -> "2"
 SELRPN>     52 atoms have been selected out of  53828
 SELRPN>     98 atoms have been selected out of  53828

            DISTANCES FOR SELECTED ATOMS
53715 L2       POPC     1        O13     -6743 PROA     CYS      414      CB            1.3239
53719 L2       POPC     1        C1      -6750 PROA     CYS      414      OT2           1.5356
 TOTAL EXCLUSION COUNT =         0
 TOTAL 1-4 EXCLUSIONS  =         0
 TOTAL NON-EXCLUSIONS  =         2
  
 CHARMM>                      if ?npair gt 8 goto domorerot
 RDCMND substituted energy or value "?NPAIR" to "2"
 Comparing "2" and "8".
 IF test evaluated as false.  Skipping command
  
 CHARMM>     
  
 CHARMM>                      !lipid-check
  
 CHARMM>                      !
  
 CHARMM>                      coor dist cut 1.2 sele segid L@LipidNum .and. .not. resname TIP3 .and. .not. hydrogen end  -
 CHARMM>                                             sele .not. ( repack .or. segid L@LipidNum .or. resname TIP3 .or. PROT ) .and. JUNK end
 Parameter: LIPIDNUM -> "2"
 Parameter: LIPIDNUM -> "2"
 SELRPN>     52 atoms have been selected out of  53828
 SELRPN>    220 atoms have been selected out of  53828

            DISTANCES FOR SELECTED ATOMS
53724 L2       POPC     1        O21     -**** MEMB     POPC     51       O21           0.6306
53724 L2       POPC     1        O21     -**** MEMB     POPC     51       C21           1.0431
53725 L2       POPC     1        C21     -**** MEMB     POPC     51       C2            1.0882
53725 L2       POPC     1        C21     -**** MEMB     POPC     51       O21           0.7567
53726 L2       POPC     1        O22     -**** MEMB     POPC     51       C2            0.7877
53739 L2       POPC     1        C23     -**** MEMB     POPC     51       O32           1.1808
53748 L2       POPC     1        C26     -**** MEMB     POPC     51       C26           0.7211
53751 L2       POPC     1        C27     -**** MEMB     POPC     51       C26           1.1888
53751 L2       POPC     1        C27     -**** MEMB     POPC     51       C27           1.1759
 TOTAL EXCLUSION COUNT =         0
 TOTAL 1-4 EXCLUSIONS  =         0
 TOTAL NON-EXCLUSIONS  =         9
  
 CHARMM>                      if ?npair gt @nbad goto domorerot
 Parameter: NBAD -> "5"
 RDCMND substituted energy or value "?NPAIR" to "9"
 Comparing "9" and "5".
 IF test evaluated as true.  Performing command
  
 CHARMM>             increase rotang by @delang
 Parameter: DELANG -> "35"
 Parameter: ROTANG <- "315"
  
 CHARMM>             if rotang .le. 359 goto dorot
 Comparing "315" and "359".
 IF test evaluated as true.  Performing command
  
 CHARMM>     
  
 CHARMM>                coor rotate zdir 1.0 xcen @xtran ycen @ytran zcen @zhead phi @rotang sele target end
 Parameter: XTRAN -> "22.678287"
 Parameter: YTRAN -> "10.3124872"
 Parameter: ZHEAD -> "19"
 Parameter: ROTANG -> "315"
 SELRPN>    134 atoms have been selected out of  53828
 ROTATION MATRIX
    0.707107   -0.707107    0.000000
    0.707107    0.707107    0.000000
    0.000000    0.000000    1.000000

 AXIS OF ROTATION IS  0.000000  0.000000 -1.000000  ANGLE IS   45.00

 SELECTED COORDINATES ROTATED IN THE MAIN SET.

  
 CHARMM>     
  
 CHARMM>                set dotrans = 1
 Parameter: DOTRANS <- "1"
  
 CHARMM>                label doclash
  
 CHARMM>                   if dotrans .eq. 2 coor trans xdir  1.0 ydir  1.0 dist 0.71 sele target end
 Comparing "1" and "2".
 IF test evaluated as false.  Skipping command
  
 CHARMM>                   if dotrans .eq. 3 coor trans xdir  1.0 ydir -1.0 dist 0.71 sele target end
 Comparing "1" and "3".
 IF test evaluated as false.  Skipping command
  
 CHARMM>                   if dotrans .eq. 4 coor trans xdir -1.0 ydir  1.0 dist 0.71 sele target end
 Comparing "1" and "4".
 IF test evaluated as false.  Skipping command
  
 CHARMM>                   if dotrans .eq. 5 coor trans xdir -1.0 ydir -1.0 dist 0.71 sele target end
 Comparing "1" and "5".
 IF test evaluated as false.  Skipping command
  
 CHARMM>     
  
 CHARMM>                   if issterol .eq. yes then
 Comparing "NO" and "YES".
 IF test evaluated as false.  Skip to ELSE or ENDIF
  
 CHARMM>                      if nsterol .gt. 0 then
 Comparing "68" and "0".
 IF test evaluated as true.  Performing command
  
 CHARMM>                         ! to prevent the penetration of lipid molecules into cholesterol rings
  
 CHARMM>                         coor dist cut 1.0 sele segid L@LipidNum .and. .not. resname TIP3 .and. .not. hydrogen end  -
 CHARMM>                                                sele ((STEROL .and. ( type c% .or. type c1* )) .or. segid DUM) .and. JUNK end
 Parameter: LIPIDNUM -> "2"
 SELRPN>     52 atoms have been selected out of  53828
 SELRPN>     25 atoms have been selected out of  53828

            DISTANCES FOR SELECTED ATOMS
 TOTAL EXCLUSION COUNT =         0
 TOTAL 1-4 EXCLUSIONS  =         0
 TOTAL NON-EXCLUSIONS  =         0
  
 CHARMM>                         if ?npair gt 0 goto domorerot
 RDCMND substituted energy or value "?NPAIR" to "0"
 Comparing "0" and "0".
 IF test evaluated as false.  Skipping command
  
 CHARMM>                      endif
  
 CHARMM>     
  
 CHARMM>                      !protein-check
  
 CHARMM>                      !
  
 CHARMM>                      coor dist cut 1.7 sele segid L@LipidNum .and. .not. resname TIP3 .and. .not. hydrogen end  -
 CHARMM>                                            sele PROT .and. .not. resname TIP3 .and. JUNK end
 Parameter: LIPIDNUM -> "2"
 SELRPN>     52 atoms have been selected out of  53828
 SELRPN>     98 atoms have been selected out of  53828

            DISTANCES FOR SELECTED ATOMS
53714 L2       POPC     1        P       -6750 PROA     CYS      414      OT2           1.6287
53715 L2       POPC     1        O13     -6743 PROA     CYS      414      CB            1.1903
53718 L2       POPC     1        O11     -6748 PROA     CYS      414      C             1.6068
53718 L2       POPC     1        O11     -6750 PROA     CYS      414      OT2           0.4066
53719 L2       POPC     1        C1      -6748 PROA     CYS      414      C             0.8929
53719 L2       POPC     1        C1      -6749 PROA     CYS      414      OT1           1.6488
53719 L2       POPC     1        C1      -6750 PROA     CYS      414      OT2           1.1091
53724 L2       POPC     1        O21     -6749 PROA     CYS      414      OT1           1.6380
53725 L2       POPC     1        C21     -6749 PROA     CYS      414      OT1           1.6656
 TOTAL EXCLUSION COUNT =         0
 TOTAL 1-4 EXCLUSIONS  =         0
 TOTAL NON-EXCLUSIONS  =         9
  
 CHARMM>                      if ?npair gt 8 goto domorerot
 RDCMND substituted energy or value "?NPAIR" to "9"
 Comparing "9" and "8".
 IF test evaluated as true.  Performing command
  
 CHARMM>             increase rotang by @delang
 Parameter: DELANG -> "35"
 Parameter: ROTANG <- "350"
  
 CHARMM>             if rotang .le. 359 goto dorot
 Comparing "350" and "359".
 IF test evaluated as true.  Performing command
  
 CHARMM>     
  
 CHARMM>                coor rotate zdir 1.0 xcen @xtran ycen @ytran zcen @zhead phi @rotang sele target end
 Parameter: XTRAN -> "22.678287"
 Parameter: YTRAN -> "10.3124872"
 Parameter: ZHEAD -> "19"
 Parameter: ROTANG -> "350"
 SELRPN>    134 atoms have been selected out of  53828
 ROTATION MATRIX
    0.984808   -0.173648    0.000000
    0.173648    0.984808    0.000000
    0.000000    0.000000    1.000000

 AXIS OF ROTATION IS  0.000000  0.000000 -1.000000  ANGLE IS   10.00

 SELECTED COORDINATES ROTATED IN THE MAIN SET.

  
 CHARMM>     
  
 CHARMM>                set dotrans = 1
 Parameter: DOTRANS <- "1"
  
 CHARMM>                label doclash
  
 CHARMM>                   if dotrans .eq. 2 coor trans xdir  1.0 ydir  1.0 dist 0.71 sele target end
 Comparing "1" and "2".
 IF test evaluated as false.  Skipping command
  
 CHARMM>                   if dotrans .eq. 3 coor trans xdir  1.0 ydir -1.0 dist 0.71 sele target end
 Comparing "1" and "3".
 IF test evaluated as false.  Skipping command
  
 CHARMM>                   if dotrans .eq. 4 coor trans xdir -1.0 ydir  1.0 dist 0.71 sele target end
 Comparing "1" and "4".
 IF test evaluated as false.  Skipping command
  
 CHARMM>                   if dotrans .eq. 5 coor trans xdir -1.0 ydir -1.0 dist 0.71 sele target end
 Comparing "1" and "5".
 IF test evaluated as false.  Skipping command
  
 CHARMM>     
  
 CHARMM>                   if issterol .eq. yes then
 Comparing "NO" and "YES".
 IF test evaluated as false.  Skip to ELSE or ENDIF
  
 CHARMM>                      if nsterol .gt. 0 then
 Comparing "68" and "0".
 IF test evaluated as true.  Performing command
  
 CHARMM>                         ! to prevent the penetration of lipid molecules into cholesterol rings
  
 CHARMM>                         coor dist cut 1.0 sele segid L@LipidNum .and. .not. resname TIP3 .and. .not. hydrogen end  -
 CHARMM>                                                sele ((STEROL .and. ( type c% .or. type c1* )) .or. segid DUM) .and. JUNK end
 Parameter: LIPIDNUM -> "2"
 SELRPN>     52 atoms have been selected out of  53828
 SELRPN>     25 atoms have been selected out of  53828

            DISTANCES FOR SELECTED ATOMS
 TOTAL EXCLUSION COUNT =         0
 TOTAL 1-4 EXCLUSIONS  =         0
 TOTAL NON-EXCLUSIONS  =         0
  
 CHARMM>                         if ?npair gt 0 goto domorerot
 RDCMND substituted energy or value "?NPAIR" to "0"
 Comparing "0" and "0".
 IF test evaluated as false.  Skipping command
  
 CHARMM>                      endif
  
 CHARMM>     
  
 CHARMM>                      !protein-check
  
 CHARMM>                      !
  
 CHARMM>                      coor dist cut 1.7 sele segid L@LipidNum .and. .not. resname TIP3 .and. .not. hydrogen end  -
 CHARMM>                                            sele PROT .and. .not. resname TIP3 .and. JUNK end
 Parameter: LIPIDNUM -> "2"
 SELRPN>     52 atoms have been selected out of  53828
 SELRPN>     98 atoms have been selected out of  53828

            DISTANCES FOR SELECTED ATOMS
53714 L2       POPC     1        P       -6750 PROA     CYS      414      OT2           1.5002
53715 L2       POPC     1        O13     -6743 PROA     CYS      414      CB            1.2243
53718 L2       POPC     1        O11     -6748 PROA     CYS      414      C             1.2755
53718 L2       POPC     1        O11     -6750 PROA     CYS      414      OT2           0.2705
53719 L2       POPC     1        C1      -6748 PROA     CYS      414      C             0.5670
53719 L2       POPC     1        C1      -6749 PROA     CYS      414      OT1           1.2929
53719 L2       POPC     1        C1      -6750 PROA     CYS      414      OT2           1.3823
53722 L2       POPC     1        C2      -6749 PROA     CYS      414      OT1           1.3231
53724 L2       POPC     1        O21     -6749 PROA     CYS      414      OT1           1.3697
53726 L2       POPC     1        O22     -6721 PROA     LEU      412      O             1.4926
 TOTAL EXCLUSION COUNT =         0
 TOTAL 1-4 EXCLUSIONS  =         0
 TOTAL NON-EXCLUSIONS  =        10
  
 CHARMM>                      if ?npair gt 8 goto domorerot
 RDCMND substituted energy or value "?NPAIR" to "10"
 Comparing "10" and "8".
 IF test evaluated as true.  Performing command
  
 CHARMM>             increase rotang by @delang
 Parameter: DELANG -> "35"
 Parameter: ROTANG <- "385"
  
 CHARMM>             if rotang .le. 359 goto dorot
 Comparing "385" and "359".
 IF test evaluated as false.  Skipping command
  
 CHARMM>     
  
 CHARMM>             coor trans xdir -@xmove ydir -@ymove sele target end
 Parameter: XMOVE -> "0"
 Parameter: YMOVE -> "0"
 SELRPN>    134 atoms have been selected out of  53828
 TRANSLATION VECTOR    -0.000000   -0.000000    0.000000
 SELECTED COORDINATES TRANSLATED IN THE MAIN SET.

  
 CHARMM>          increase nxymove by 1
 Parameter: NXYMOVE <- "2"
  
 CHARMM>          if nxymove .le. 9 goto doxymove
 Comparing "2" and "9".
 IF test evaluated as true.  Performing command
  
 CHARMM>     
  
 CHARMM>             if nxymove .eq. 2 incr xmove by 1
 Comparing "2" and "2".
 IF test evaluated as true.  Performing command
 Parameter: XMOVE <- "1"
  
 CHARMM>             if nxymove .eq. 3 incr ymove by 1
 Comparing "2" and "3".
 IF test evaluated as false.  Skipping command
  
 CHARMM>             if nxymove .eq. 4 decr xmove by 1
 Comparing "2" and "4".
 IF test evaluated as false.  Skipping command
  
 CHARMM>             if nxymove .eq. 5 decr xmove by 1
 Comparing "2" and "5".
 IF test evaluated as false.  Skipping command
  
 CHARMM>             if nxymove .eq. 6 decr ymove by 1
 Comparing "2" and "6".
 IF test evaluated as false.  Skipping command
  
 CHARMM>             if nxymove .eq. 7 decr ymove by 1
 Comparing "2" and "7".
 IF test evaluated as false.  Skipping command
  
 CHARMM>             if nxymove .eq. 8 incr xmove by 1
 Comparing "2" and "8".
 IF test evaluated as false.  Skipping command
  
 CHARMM>             if nxymove .eq. 9 incr xmove by 1
 Comparing "2" and "9".
 IF test evaluated as false.  Skipping command
  
 CHARMM>     
  
 CHARMM>             calc xtran = @xhead + @xmove
 Parameter: XHEAD -> "22.678287"
 Parameter: XMOVE -> "1"
Evaluating: 22.678287+1
 Parameter: XTRAN <- "23.678287"
  
 CHARMM>             calc ytran = @yhead + @ymove
 Parameter: YHEAD -> "10.3124872"
 Parameter: YMOVE -> "0"
Evaluating: 10.3124872+0
 Parameter: YTRAN <- "10.3124872"
  
 CHARMM>     
  
 CHARMM>             calc rotang = 0.0
Evaluating: 0.0
 Parameter: ROTANG <- "0"
  
 CHARMM>             label dorot
  
 CHARMM>     
  
 CHARMM>                coor rotate zdir 1.0 xcen @xtran ycen @ytran zcen @zhead phi @rotang sele target end
 Parameter: XTRAN -> "23.678287"
 Parameter: YTRAN -> "10.3124872"
 Parameter: ZHEAD -> "19"
 Parameter: ROTANG -> "0"
 SELRPN>    134 atoms have been selected out of  53828
 ROTATION MATRIX
    1.000000    0.000000    0.000000
    0.000000    1.000000    0.000000
    0.000000    0.000000    1.000000

 VERY LITTLE ROTATION: NO AXIS FOUND
 SELECTED COORDINATES ROTATED IN THE MAIN SET.

  
 CHARMM>     
  
 CHARMM>                set dotrans = 1
 Parameter: DOTRANS <- "1"
  
 CHARMM>                label doclash
  
 CHARMM>                   if dotrans .eq. 2 coor trans xdir  1.0 ydir  1.0 dist 0.71 sele target end
 Comparing "1" and "2".
 IF test evaluated as false.  Skipping command
  
 CHARMM>                   if dotrans .eq. 3 coor trans xdir  1.0 ydir -1.0 dist 0.71 sele target end
 Comparing "1" and "3".
 IF test evaluated as false.  Skipping command
  
 CHARMM>                   if dotrans .eq. 4 coor trans xdir -1.0 ydir  1.0 dist 0.71 sele target end
 Comparing "1" and "4".
 IF test evaluated as false.  Skipping command
  
 CHARMM>                   if dotrans .eq. 5 coor trans xdir -1.0 ydir -1.0 dist 0.71 sele target end
 Comparing "1" and "5".
 IF test evaluated as false.  Skipping command
  
 CHARMM>     
  
 CHARMM>                   if issterol .eq. yes then
 Comparing "NO" and "YES".
 IF test evaluated as false.  Skip to ELSE or ENDIF
  
 CHARMM>                      if nsterol .gt. 0 then
 Comparing "68" and "0".
 IF test evaluated as true.  Performing command
  
 CHARMM>                         ! to prevent the penetration of lipid molecules into cholesterol rings
  
 CHARMM>                         coor dist cut 1.0 sele segid L@LipidNum .and. .not. resname TIP3 .and. .not. hydrogen end  -
 CHARMM>                                                sele ((STEROL .and. ( type c% .or. type c1* )) .or. segid DUM) .and. JUNK end
 Parameter: LIPIDNUM -> "2"
 SELRPN>     52 atoms have been selected out of  53828
 SELRPN>     25 atoms have been selected out of  53828

            DISTANCES FOR SELECTED ATOMS
 TOTAL EXCLUSION COUNT =         0
 TOTAL 1-4 EXCLUSIONS  =         0
 TOTAL NON-EXCLUSIONS  =         0
  
 CHARMM>                         if ?npair gt 0 goto domorerot
 RDCMND substituted energy or value "?NPAIR" to "0"
 Comparing "0" and "0".
 IF test evaluated as false.  Skipping command
  
 CHARMM>                      endif
  
 CHARMM>     
  
 CHARMM>                      !protein-check
  
 CHARMM>                      !
  
 CHARMM>                      coor dist cut 1.7 sele segid L@LipidNum .and. .not. resname TIP3 .and. .not. hydrogen end  -
 CHARMM>                                            sele PROT .and. .not. resname TIP3 .and. JUNK end
 Parameter: LIPIDNUM -> "2"
 SELRPN>     52 atoms have been selected out of  53828
 SELRPN>     98 atoms have been selected out of  53828

            DISTANCES FOR SELECTED ATOMS
53714 L2       POPC     1        P       -6750 PROA     CYS      414      OT2           1.5002
53715 L2       POPC     1        O13     -6743 PROA     CYS      414      CB            1.2243
53718 L2       POPC     1        O11     -6748 PROA     CYS      414      C             1.2755
53718 L2       POPC     1        O11     -6750 PROA     CYS      414      OT2           0.2705
53719 L2       POPC     1        C1      -6748 PROA     CYS      414      C             0.5670
53719 L2       POPC     1        C1      -6749 PROA     CYS      414      OT1           1.2929
53719 L2       POPC     1        C1      -6750 PROA     CYS      414      OT2           1.3823
53722 L2       POPC     1        C2      -6749 PROA     CYS      414      OT1           1.3231
53724 L2       POPC     1        O21     -6749 PROA     CYS      414      OT1           1.3697
53726 L2       POPC     1        O22     -6721 PROA     LEU      412      O             1.4926
 TOTAL EXCLUSION COUNT =         0
 TOTAL 1-4 EXCLUSIONS  =         0
 TOTAL NON-EXCLUSIONS  =        10
  
 CHARMM>                      if ?npair gt 8 goto domorerot
 RDCMND substituted energy or value "?NPAIR" to "10"
 Comparing "10" and "8".
 IF test evaluated as true.  Performing command
  
 CHARMM>             increase rotang by @delang
 Parameter: DELANG -> "35"
 Parameter: ROTANG <- "35"
  
 CHARMM>             if rotang .le. 359 goto dorot
 Comparing "35" and "359".
 IF test evaluated as true.  Performing command
  
 CHARMM>     
  
 CHARMM>                coor rotate zdir 1.0 xcen @xtran ycen @ytran zcen @zhead phi @rotang sele target end
 Parameter: XTRAN -> "23.678287"
 Parameter: YTRAN -> "10.3124872"
 Parameter: ZHEAD -> "19"
 Parameter: ROTANG -> "35"
 SELRPN>    134 atoms have been selected out of  53828
 ROTATION MATRIX
    0.819152    0.573576    0.000000
   -0.573576    0.819152    0.000000
    0.000000    0.000000    1.000000

 AXIS OF ROTATION IS  0.000000  0.000000  1.000000  ANGLE IS   35.00

 SELECTED COORDINATES ROTATED IN THE MAIN SET.

  
 CHARMM>     
  
 CHARMM>                set dotrans = 1
 Parameter: DOTRANS <- "1"
  
 CHARMM>                label doclash
  
 CHARMM>                   if dotrans .eq. 2 coor trans xdir  1.0 ydir  1.0 dist 0.71 sele target end
 Comparing "1" and "2".
 IF test evaluated as false.  Skipping command
  
 CHARMM>                   if dotrans .eq. 3 coor trans xdir  1.0 ydir -1.0 dist 0.71 sele target end
 Comparing "1" and "3".
 IF test evaluated as false.  Skipping command
  
 CHARMM>                   if dotrans .eq. 4 coor trans xdir -1.0 ydir  1.0 dist 0.71 sele target end
 Comparing "1" and "4".
 IF test evaluated as false.  Skipping command
  
 CHARMM>                   if dotrans .eq. 5 coor trans xdir -1.0 ydir -1.0 dist 0.71 sele target end
 Comparing "1" and "5".
 IF test evaluated as false.  Skipping command
  
 CHARMM>     
  
 CHARMM>                   if issterol .eq. yes then
 Comparing "NO" and "YES".
 IF test evaluated as false.  Skip to ELSE or ENDIF
  
 CHARMM>                      if nsterol .gt. 0 then
 Comparing "68" and "0".
 IF test evaluated as true.  Performing command
  
 CHARMM>                         ! to prevent the penetration of lipid molecules into cholesterol rings
  
 CHARMM>                         coor dist cut 1.0 sele segid L@LipidNum .and. .not. resname TIP3 .and. .not. hydrogen end  -
 CHARMM>                                                sele ((STEROL .and. ( type c% .or. type c1* )) .or. segid DUM) .and. JUNK end
 Parameter: LIPIDNUM -> "2"
 SELRPN>     52 atoms have been selected out of  53828
 SELRPN>     25 atoms have been selected out of  53828

            DISTANCES FOR SELECTED ATOMS
 TOTAL EXCLUSION COUNT =         0
 TOTAL 1-4 EXCLUSIONS  =         0
 TOTAL NON-EXCLUSIONS  =         0
  
 CHARMM>                         if ?npair gt 0 goto domorerot
 RDCMND substituted energy or value "?NPAIR" to "0"
 Comparing "0" and "0".
 IF test evaluated as false.  Skipping command
  
 CHARMM>                      endif
  
 CHARMM>     
  
 CHARMM>                      !protein-check
  
 CHARMM>                      !
  
 CHARMM>                      coor dist cut 1.7 sele segid L@LipidNum .and. .not. resname TIP3 .and. .not. hydrogen end  -
 CHARMM>                                            sele PROT .and. .not. resname TIP3 .and. JUNK end
 Parameter: LIPIDNUM -> "2"
 SELRPN>     52 atoms have been selected out of  53828
 SELRPN>     98 atoms have been selected out of  53828

            DISTANCES FOR SELECTED ATOMS
53714 L2       POPC     1        P       -6750 PROA     CYS      414      OT2           1.4335
53715 L2       POPC     1        O13     -6741 PROA     CYS      414      CA            1.4835
53715 L2       POPC     1        O13     -6743 PROA     CYS      414      CB            1.3213
53715 L2       POPC     1        O13     -6748 PROA     CYS      414      C             1.5455
53715 L2       POPC     1        O13     -6750 PROA     CYS      414      OT2           1.6326
53718 L2       POPC     1        O11     -6750 PROA     CYS      414      OT2           1.0440
53719 L2       POPC     1        C1      -6750 PROA     CYS      414      OT2           1.4992
 TOTAL EXCLUSION COUNT =         0
 TOTAL 1-4 EXCLUSIONS  =         0
 TOTAL NON-EXCLUSIONS  =         7
  
 CHARMM>                      if ?npair gt 8 goto domorerot
 RDCMND substituted energy or value "?NPAIR" to "7"
 Comparing "7" and "8".
 IF test evaluated as false.  Skipping command
  
 CHARMM>     
  
 CHARMM>                      !lipid-check
  
 CHARMM>                      !
  
 CHARMM>                      coor dist cut 1.2 sele segid L@LipidNum .and. .not. resname TIP3 .and. .not. hydrogen end  -
 CHARMM>                                             sele .not. ( repack .or. segid L@LipidNum .or. resname TIP3 .or. PROT ) .and. JUNK end
 Parameter: LIPIDNUM -> "2"
 Parameter: LIPIDNUM -> "2"
 SELRPN>     52 atoms have been selected out of  53828
 SELRPN>    220 atoms have been selected out of  53828

            DISTANCES FOR SELECTED ATOMS
53722 L2       POPC     1        C2      -**** MEMB     POPC     51       O11           1.1819
53722 L2       POPC     1        C2      -**** MEMB     POPC     51       C1            1.1009
53724 L2       POPC     1        O21     -**** MEMB     POPC     51       C2            0.7535
53724 L2       POPC     1        O21     -**** MEMB     POPC     51       O21           1.0175
53725 L2       POPC     1        C21     -**** MEMB     POPC     51       C3            0.5526
53751 L2       POPC     1        C27     -**** MEMB     POPC     51       C26           1.1101
53754 L2       POPC     1        C28     -**** MEMB     POPC     51       C27           0.7042
53754 L2       POPC     1        C28     -**** MEMB     POPC     51       C28           0.9194
53757 L2       POPC     1        C29     -**** MEMB     POPC     51       C28           0.9538
53782 L2       POPC     1        C218    -**** MEMB     POPE     224      C315          0.9755
53789 L2       POPC     1        C34     -**** MEMB     POPC     51       C23           0.8607
53822 L2       POPC     1        C315    -**** MEMB     POPC     51       C315          0.6863
 TOTAL EXCLUSION COUNT =         0
 TOTAL 1-4 EXCLUSIONS  =         0
 TOTAL NON-EXCLUSIONS  =        12
  
 CHARMM>                      if ?npair gt @nbad goto domorerot
 Parameter: NBAD -> "5"
 RDCMND substituted energy or value "?NPAIR" to "12"
 Comparing "12" and "5".
 IF test evaluated as true.  Performing command
  
 CHARMM>             increase rotang by @delang
 Parameter: DELANG -> "35"
 Parameter: ROTANG <- "70"
  
 CHARMM>             if rotang .le. 359 goto dorot
 Comparing "70" and "359".
 IF test evaluated as true.  Performing command
  
 CHARMM>     
  
 CHARMM>                coor rotate zdir 1.0 xcen @xtran ycen @ytran zcen @zhead phi @rotang sele target end
 Parameter: XTRAN -> "23.678287"
 Parameter: YTRAN -> "10.3124872"
 Parameter: ZHEAD -> "19"
 Parameter: ROTANG -> "70"
 SELRPN>    134 atoms have been selected out of  53828
 ROTATION MATRIX
    0.342020    0.939693    0.000000
   -0.939693    0.342020    0.000000
    0.000000    0.000000    1.000000

 AXIS OF ROTATION IS  0.000000  0.000000  1.000000  ANGLE IS   70.00

 SELECTED COORDINATES ROTATED IN THE MAIN SET.

  
 CHARMM>     
  
 CHARMM>                set dotrans = 1
 Parameter: DOTRANS <- "1"
  
 CHARMM>                label doclash
  
 CHARMM>                   if dotrans .eq. 2 coor trans xdir  1.0 ydir  1.0 dist 0.71 sele target end
 Comparing "1" and "2".
 IF test evaluated as false.  Skipping command
  
 CHARMM>                   if dotrans .eq. 3 coor trans xdir  1.0 ydir -1.0 dist 0.71 sele target end
 Comparing "1" and "3".
 IF test evaluated as false.  Skipping command
  
 CHARMM>                   if dotrans .eq. 4 coor trans xdir -1.0 ydir  1.0 dist 0.71 sele target end
 Comparing "1" and "4".
 IF test evaluated as false.  Skipping command
  
 CHARMM>                   if dotrans .eq. 5 coor trans xdir -1.0 ydir -1.0 dist 0.71 sele target end
 Comparing "1" and "5".
 IF test evaluated as false.  Skipping command
  
 CHARMM>     
  
 CHARMM>                   if issterol .eq. yes then
 Comparing "NO" and "YES".
 IF test evaluated as false.  Skip to ELSE or ENDIF
  
 CHARMM>                      if nsterol .gt. 0 then
 Comparing "68" and "0".
 IF test evaluated as true.  Performing command
  
 CHARMM>                         ! to prevent the penetration of lipid molecules into cholesterol rings
  
 CHARMM>                         coor dist cut 1.0 sele segid L@LipidNum .and. .not. resname TIP3 .and. .not. hydrogen end  -
 CHARMM>                                                sele ((STEROL .and. ( type c% .or. type c1* )) .or. segid DUM) .and. JUNK end
 Parameter: LIPIDNUM -> "2"
 SELRPN>     52 atoms have been selected out of  53828
 SELRPN>     25 atoms have been selected out of  53828

            DISTANCES FOR SELECTED ATOMS
 TOTAL EXCLUSION COUNT =         0
 TOTAL 1-4 EXCLUSIONS  =         0
 TOTAL NON-EXCLUSIONS  =         0
  
 CHARMM>                         if ?npair gt 0 goto domorerot
 RDCMND substituted energy or value "?NPAIR" to "0"
 Comparing "0" and "0".
 IF test evaluated as false.  Skipping command
  
 CHARMM>                      endif
  
 CHARMM>     
  
 CHARMM>                      !protein-check
  
 CHARMM>                      !
  
 CHARMM>                      coor dist cut 1.7 sele segid L@LipidNum .and. .not. resname TIP3 .and. .not. hydrogen end  -
 CHARMM>                                            sele PROT .and. .not. resname TIP3 .and. JUNK end
 Parameter: LIPIDNUM -> "2"
 SELRPN>     52 atoms have been selected out of  53828
 SELRPN>     98 atoms have been selected out of  53828

            DISTANCES FOR SELECTED ATOMS
53715 L2       POPC     1        O13     -6750 PROA     CYS      414      OT2           1.0756
 TOTAL EXCLUSION COUNT =         0
 TOTAL 1-4 EXCLUSIONS  =         0
 TOTAL NON-EXCLUSIONS  =         1
  
 CHARMM>                      if ?npair gt 8 goto domorerot
 RDCMND substituted energy or value "?NPAIR" to "1"
 Comparing "1" and "8".
 IF test evaluated as false.  Skipping command
  
 CHARMM>     
  
 CHARMM>                      !lipid-check
  
 CHARMM>                      !
  
 CHARMM>                      coor dist cut 1.2 sele segid L@LipidNum .and. .not. resname TIP3 .and. .not. hydrogen end  -
 CHARMM>                                             sele .not. ( repack .or. segid L@LipidNum .or. resname TIP3 .or. PROT ) .and. JUNK end
 Parameter: LIPIDNUM -> "2"
 Parameter: LIPIDNUM -> "2"
 SELRPN>     52 atoms have been selected out of  53828
 SELRPN>    220 atoms have been selected out of  53828

            DISTANCES FOR SELECTED ATOMS
53734 L2       POPC     1        C31     -**** MEMB     CHL1     35       C19           1.0641
53742 L2       POPC     1        C24     -**** MEMB     POPC     51       C25           0.3507
53807 L2       POPC     1        C310    -**** MEMB     POPC     51       C29           0.7586
53810 L2       POPC     1        C311    -**** MEMB     POPC     51       C28           0.8945
53819 L2       POPC     1        C314    -**** MEMB     POPC     51       C314          0.9986
 TOTAL EXCLUSION COUNT =         0
 TOTAL 1-4 EXCLUSIONS  =         0
 TOTAL NON-EXCLUSIONS  =         5
  
 CHARMM>                      if ?npair gt @nbad goto domorerot
 Parameter: NBAD -> "5"
 RDCMND substituted energy or value "?NPAIR" to "5"
 Comparing "5" and "5".
 IF test evaluated as false.  Skipping command
  
 CHARMM>                   endif
  
 CHARMM>     
  
 CHARMM>                   if dotrans .eq. 2 coor trans xdir -1.0 ydir -1.0 dist 0.71 sele target end
 Comparing "1" and "2".
 IF test evaluated as false.  Skipping command
  
 CHARMM>                   if dotrans .eq. 3 coor trans xdir -1.0 ydir  1.0 dist 0.71 sele target end
 Comparing "1" and "3".
 IF test evaluated as false.  Skipping command
  
 CHARMM>                   if dotrans .eq. 4 coor trans xdir  1.0 ydir -1.0 dist 0.71 sele target end
 Comparing "1" and "4".
 IF test evaluated as false.  Skipping command
  
 CHARMM>                   if dotrans .eq. 5 coor trans xdir  1.0 ydir  1.0 dist 0.71 sele target end
 Comparing "1" and "5".
 IF test evaluated as false.  Skipping command
  
 CHARMM>     
  
 CHARMM>                incr dotrans by 1
 Parameter: DOTRANS <- "2"
  
 CHARMM>                if dotrans .le. 5 goto doclash
 Comparing "2" and "5".
 IF test evaluated as true.  Performing command
  
 CHARMM>                   if dotrans .eq. 2 coor trans xdir  1.0 ydir  1.0 dist 0.71 sele target end
 Comparing "2" and "2".
 IF test evaluated as true.  Performing command
 SELRPN>    134 atoms have been selected out of  53828
 TRANSLATION VECTOR     0.502046    0.502046    0.000000
 SELECTED COORDINATES TRANSLATED IN THE MAIN SET.

  
 CHARMM>                   if dotrans .eq. 3 coor trans xdir  1.0 ydir -1.0 dist 0.71 sele target end
 Comparing "2" and "3".
 IF test evaluated as false.  Skipping command
  
 CHARMM>                   if dotrans .eq. 4 coor trans xdir -1.0 ydir  1.0 dist 0.71 sele target end
 Comparing "2" and "4".
 IF test evaluated as false.  Skipping command
  
 CHARMM>                   if dotrans .eq. 5 coor trans xdir -1.0 ydir -1.0 dist 0.71 sele target end
 Comparing "2" and "5".
 IF test evaluated as false.  Skipping command
  
 CHARMM>     
  
 CHARMM>                   if issterol .eq. yes then
 Comparing "NO" and "YES".
 IF test evaluated as false.  Skip to ELSE or ENDIF
  
 CHARMM>                      if nsterol .gt. 0 then
 Comparing "68" and "0".
 IF test evaluated as true.  Performing command
  
 CHARMM>                         ! to prevent the penetration of lipid molecules into cholesterol rings
  
 CHARMM>                         coor dist cut 1.0 sele segid L@LipidNum .and. .not. resname TIP3 .and. .not. hydrogen end  -
 CHARMM>                                                sele ((STEROL .and. ( type c% .or. type c1* )) .or. segid DUM) .and. JUNK end
 Parameter: LIPIDNUM -> "2"
 SELRPN>     52 atoms have been selected out of  53828
 SELRPN>     25 atoms have been selected out of  53828

            DISTANCES FOR SELECTED ATOMS
 TOTAL EXCLUSION COUNT =         0
 TOTAL 1-4 EXCLUSIONS  =         0
 TOTAL NON-EXCLUSIONS  =         0
  
 CHARMM>                         if ?npair gt 0 goto domorerot
 RDCMND substituted energy or value "?NPAIR" to "0"
 Comparing "0" and "0".
 IF test evaluated as false.  Skipping command
  
 CHARMM>                      endif
  
 CHARMM>     
  
 CHARMM>                      !protein-check
  
 CHARMM>                      !
  
 CHARMM>                      coor dist cut 1.7 sele segid L@LipidNum .and. .not. resname TIP3 .and. .not. hydrogen end  -
 CHARMM>                                            sele PROT .and. .not. resname TIP3 .and. JUNK end
 Parameter: LIPIDNUM -> "2"
 SELRPN>     52 atoms have been selected out of  53828
 SELRPN>     98 atoms have been selected out of  53828

            DISTANCES FOR SELECTED ATOMS
53714 L2       POPC     1        P       -6750 PROA     CYS      414      OT2           1.5332
53715 L2       POPC     1        O13     -6750 PROA     CYS      414      OT2           1.4347
53716 L2       POPC     1        O14     -6750 PROA     CYS      414      OT2           1.5344
 TOTAL EXCLUSION COUNT =         0
 TOTAL 1-4 EXCLUSIONS  =         0
 TOTAL NON-EXCLUSIONS  =         3
  
 CHARMM>                      if ?npair gt 8 goto domorerot
 RDCMND substituted energy or value "?NPAIR" to "3"
 Comparing "3" and "8".
 IF test evaluated as false.  Skipping command
  
 CHARMM>     
  
 CHARMM>                      !lipid-check
  
 CHARMM>                      !
  
 CHARMM>                      coor dist cut 1.2 sele segid L@LipidNum .and. .not. resname TIP3 .and. .not. hydrogen end  -
 CHARMM>                                             sele .not. ( repack .or. segid L@LipidNum .or. resname TIP3 .or. PROT ) .and. JUNK end
 Parameter: LIPIDNUM -> "2"
 Parameter: LIPIDNUM -> "2"
 SELRPN>     52 atoms have been selected out of  53828
 SELRPN>    220 atoms have been selected out of  53828

            DISTANCES FOR SELECTED ATOMS
53742 L2       POPC     1        C24     -**** MEMB     POPC     51       C25           0.7761
53804 L2       POPC     1        C39     -**** MEMB     POPC     51       C29           1.1684
53807 L2       POPC     1        C310    -**** MEMB     POPC     51       C29           0.7401
53819 L2       POPC     1        C314    -**** MEMB     POPC     51       C313          0.9701
53819 L2       POPC     1        C314    -**** MEMB     POPC     51       C314          0.6395
53825 L2       POPC     1        C316    -**** MEMB     POPC     223      C218          1.1322
 TOTAL EXCLUSION COUNT =         0
 TOTAL 1-4 EXCLUSIONS  =         0
 TOTAL NON-EXCLUSIONS  =         6
  
 CHARMM>                      if ?npair gt @nbad goto domorerot
 Parameter: NBAD -> "5"
 RDCMND substituted energy or value "?NPAIR" to "6"
 Comparing "6" and "5".
 IF test evaluated as true.  Performing command
  
 CHARMM>             increase rotang by @delang
 Parameter: DELANG -> "35"
 Parameter: ROTANG <- "105"
  
 CHARMM>             if rotang .le. 359 goto dorot
 Comparing "105" and "359".
 IF test evaluated as true.  Performing command
  
 CHARMM>     
  
 CHARMM>                coor rotate zdir 1.0 xcen @xtran ycen @ytran zcen @zhead phi @rotang sele target end
 Parameter: XTRAN -> "23.678287"
 Parameter: YTRAN -> "10.3124872"
 Parameter: ZHEAD -> "19"
 Parameter: ROTANG -> "105"
 SELRPN>    134 atoms have been selected out of  53828
 ROTATION MATRIX
   -0.258819    0.965926    0.000000
   -0.965926   -0.258819    0.000000
    0.000000    0.000000    1.000000

 AXIS OF ROTATION IS  0.000000  0.000000  1.000000  ANGLE IS  105.00

 SELECTED COORDINATES ROTATED IN THE MAIN SET.

  
 CHARMM>     
  
 CHARMM>                set dotrans = 1
 Parameter: DOTRANS <- "1"
  
 CHARMM>                label doclash
  
 CHARMM>                   if dotrans .eq. 2 coor trans xdir  1.0 ydir  1.0 dist 0.71 sele target end
 Comparing "1" and "2".
 IF test evaluated as false.  Skipping command
  
 CHARMM>                   if dotrans .eq. 3 coor trans xdir  1.0 ydir -1.0 dist 0.71 sele target end
 Comparing "1" and "3".
 IF test evaluated as false.  Skipping command
  
 CHARMM>                   if dotrans .eq. 4 coor trans xdir -1.0 ydir  1.0 dist 0.71 sele target end
 Comparing "1" and "4".
 IF test evaluated as false.  Skipping command
  
 CHARMM>                   if dotrans .eq. 5 coor trans xdir -1.0 ydir -1.0 dist 0.71 sele target end
 Comparing "1" and "5".
 IF test evaluated as false.  Skipping command
  
 CHARMM>     
  
 CHARMM>                   if issterol .eq. yes then
 Comparing "NO" and "YES".
 IF test evaluated as false.  Skip to ELSE or ENDIF
  
 CHARMM>                      if nsterol .gt. 0 then
 Comparing "68" and "0".
 IF test evaluated as true.  Performing command
  
 CHARMM>                         ! to prevent the penetration of lipid molecules into cholesterol rings
  
 CHARMM>                         coor dist cut 1.0 sele segid L@LipidNum .and. .not. resname TIP3 .and. .not. hydrogen end  -
 CHARMM>                                                sele ((STEROL .and. ( type c% .or. type c1* )) .or. segid DUM) .and. JUNK end
 Parameter: LIPIDNUM -> "2"
 SELRPN>     52 atoms have been selected out of  53828
 SELRPN>     25 atoms have been selected out of  53828

            DISTANCES FOR SELECTED ATOMS
 TOTAL EXCLUSION COUNT =         0
 TOTAL 1-4 EXCLUSIONS  =         0
 TOTAL NON-EXCLUSIONS  =         0
  
 CHARMM>                         if ?npair gt 0 goto domorerot
 RDCMND substituted energy or value "?NPAIR" to "0"
 Comparing "0" and "0".
 IF test evaluated as false.  Skipping command
  
 CHARMM>                      endif
  
 CHARMM>     
  
 CHARMM>                      !protein-check
  
 CHARMM>                      !
  
 CHARMM>                      coor dist cut 1.7 sele segid L@LipidNum .and. .not. resname TIP3 .and. .not. hydrogen end  -
 CHARMM>                                            sele PROT .and. .not. resname TIP3 .and. JUNK end
 Parameter: LIPIDNUM -> "2"
 SELRPN>     52 atoms have been selected out of  53828
 SELRPN>     98 atoms have been selected out of  53828

            DISTANCES FOR SELECTED ATOMS
53716 L2       POPC     1        O14     -6750 PROA     CYS      414      OT2           1.5984
53722 L2       POPC     1        C2      - 517 PROA     ARG      32       NH2           1.6582
53730 L2       POPC     1        C3      - 513 PROA     ARG      32       CZ            1.6528
53730 L2       POPC     1        C3      - 514 PROA     ARG      32       NH1           1.5460
53730 L2       POPC     1        C3      - 517 PROA     ARG      32       NH2           1.5678
 TOTAL EXCLUSION COUNT =         0
 TOTAL 1-4 EXCLUSIONS  =         0
 TOTAL NON-EXCLUSIONS  =         5
  
 CHARMM>                      if ?npair gt 8 goto domorerot
 RDCMND substituted energy or value "?NPAIR" to "5"
 Comparing "5" and "8".
 IF test evaluated as false.  Skipping command
  
 CHARMM>     
  
 CHARMM>                      !lipid-check
  
 CHARMM>                      !
  
 CHARMM>                      coor dist cut 1.2 sele segid L@LipidNum .and. .not. resname TIP3 .and. .not. hydrogen end  -
 CHARMM>                                             sele .not. ( repack .or. segid L@LipidNum .or. resname TIP3 .or. PROT ) .and. JUNK end
 Parameter: LIPIDNUM -> "2"
 Parameter: LIPIDNUM -> "2"
 SELRPN>     52 atoms have been selected out of  53828
 SELRPN>    220 atoms have been selected out of  53828

            DISTANCES FOR SELECTED ATOMS
53726 L2       POPC     1        O22     -**** MEMB     CHL1     35       C1            1.0348
53782 L2       POPC     1        C218    -**** MEMB     POPC     223      C316          0.7497
 TOTAL EXCLUSION COUNT =         0
 TOTAL 1-4 EXCLUSIONS  =         0
 TOTAL NON-EXCLUSIONS  =         2
  
 CHARMM>                      if ?npair gt @nbad goto domorerot
 Parameter: NBAD -> "5"
 RDCMND substituted energy or value "?NPAIR" to "2"
 Comparing "2" and "5".
 IF test evaluated as false.  Skipping command
  
 CHARMM>                   endif
  
 CHARMM>     
  
 CHARMM>                   if dotrans .eq. 2 coor trans xdir -1.0 ydir -1.0 dist 0.71 sele target end
 Comparing "1" and "2".
 IF test evaluated as false.  Skipping command
  
 CHARMM>                   if dotrans .eq. 3 coor trans xdir -1.0 ydir  1.0 dist 0.71 sele target end
 Comparing "1" and "3".
 IF test evaluated as false.  Skipping command
  
 CHARMM>                   if dotrans .eq. 4 coor trans xdir  1.0 ydir -1.0 dist 0.71 sele target end
 Comparing "1" and "4".
 IF test evaluated as false.  Skipping command
  
 CHARMM>                   if dotrans .eq. 5 coor trans xdir  1.0 ydir  1.0 dist 0.71 sele target end
 Comparing "1" and "5".
 IF test evaluated as false.  Skipping command
  
 CHARMM>     
  
 CHARMM>                incr dotrans by 1
 Parameter: DOTRANS <- "2"
  
 CHARMM>                if dotrans .le. 5 goto doclash
 Comparing "2" and "5".
 IF test evaluated as true.  Performing command
  
 CHARMM>                   if dotrans .eq. 2 coor trans xdir  1.0 ydir  1.0 dist 0.71 sele target end
 Comparing "2" and "2".
 IF test evaluated as true.  Performing command
 SELRPN>    134 atoms have been selected out of  53828
 TRANSLATION VECTOR     0.502046    0.502046    0.000000
 SELECTED COORDINATES TRANSLATED IN THE MAIN SET.

  
 CHARMM>                   if dotrans .eq. 3 coor trans xdir  1.0 ydir -1.0 dist 0.71 sele target end
 Comparing "2" and "3".
 IF test evaluated as false.  Skipping command
  
 CHARMM>                   if dotrans .eq. 4 coor trans xdir -1.0 ydir  1.0 dist 0.71 sele target end
 Comparing "2" and "4".
 IF test evaluated as false.  Skipping command
  
 CHARMM>                   if dotrans .eq. 5 coor trans xdir -1.0 ydir -1.0 dist 0.71 sele target end
 Comparing "2" and "5".
 IF test evaluated as false.  Skipping command
  
 CHARMM>     
  
 CHARMM>                   if issterol .eq. yes then
 Comparing "NO" and "YES".
 IF test evaluated as false.  Skip to ELSE or ENDIF
  
 CHARMM>                      if nsterol .gt. 0 then
 Comparing "68" and "0".
 IF test evaluated as true.  Performing command
  
 CHARMM>                         ! to prevent the penetration of lipid molecules into cholesterol rings
  
 CHARMM>                         coor dist cut 1.0 sele segid L@LipidNum .and. .not. resname TIP3 .and. .not. hydrogen end  -
 CHARMM>                                                sele ((STEROL .and. ( type c% .or. type c1* )) .or. segid DUM) .and. JUNK end
 Parameter: LIPIDNUM -> "2"
 SELRPN>     52 atoms have been selected out of  53828
 SELRPN>     25 atoms have been selected out of  53828

            DISTANCES FOR SELECTED ATOMS
53726 L2       POPC     1        O22     -**** MEMB     CHL1     35       C1            0.9245
 TOTAL EXCLUSION COUNT =         0
 TOTAL 1-4 EXCLUSIONS  =         0
 TOTAL NON-EXCLUSIONS  =         1
  
 CHARMM>                         if ?npair gt 0 goto domorerot
 RDCMND substituted energy or value "?NPAIR" to "1"
 Comparing "1" and "0".
 IF test evaluated as true.  Performing command
  
 CHARMM>             increase rotang by @delang
 Parameter: DELANG -> "35"
 Parameter: ROTANG <- "140"
  
 CHARMM>             if rotang .le. 359 goto dorot
 Comparing "140" and "359".
 IF test evaluated as true.  Performing command
  
 CHARMM>     
  
 CHARMM>                coor rotate zdir 1.0 xcen @xtran ycen @ytran zcen @zhead phi @rotang sele target end
 Parameter: XTRAN -> "23.678287"
 Parameter: YTRAN -> "10.3124872"
 Parameter: ZHEAD -> "19"
 Parameter: ROTANG -> "140"
 SELRPN>    134 atoms have been selected out of  53828
 ROTATION MATRIX
   -0.766044    0.642788    0.000000
   -0.642788   -0.766044    0.000000
    0.000000    0.000000    1.000000

 AXIS OF ROTATION IS  0.000000  0.000000  1.000000  ANGLE IS  140.00

 SELECTED COORDINATES ROTATED IN THE MAIN SET.

  
 CHARMM>     
  
 CHARMM>                set dotrans = 1
 Parameter: DOTRANS <- "1"
  
 CHARMM>                label doclash
  
 CHARMM>                   if dotrans .eq. 2 coor trans xdir  1.0 ydir  1.0 dist 0.71 sele target end
 Comparing "1" and "2".
 IF test evaluated as false.  Skipping command
  
 CHARMM>                   if dotrans .eq. 3 coor trans xdir  1.0 ydir -1.0 dist 0.71 sele target end
 Comparing "1" and "3".
 IF test evaluated as false.  Skipping command
  
 CHARMM>                   if dotrans .eq. 4 coor trans xdir -1.0 ydir  1.0 dist 0.71 sele target end
 Comparing "1" and "4".
 IF test evaluated as false.  Skipping command
  
 CHARMM>                   if dotrans .eq. 5 coor trans xdir -1.0 ydir -1.0 dist 0.71 sele target end
 Comparing "1" and "5".
 IF test evaluated as false.  Skipping command
  
 CHARMM>     
  
 CHARMM>                   if issterol .eq. yes then
 Comparing "NO" and "YES".
 IF test evaluated as false.  Skip to ELSE or ENDIF
  
 CHARMM>                      if nsterol .gt. 0 then
 Comparing "68" and "0".
 IF test evaluated as true.  Performing command
  
 CHARMM>                         ! to prevent the penetration of lipid molecules into cholesterol rings
  
 CHARMM>                         coor dist cut 1.0 sele segid L@LipidNum .and. .not. resname TIP3 .and. .not. hydrogen end  -
 CHARMM>                                                sele ((STEROL .and. ( type c% .or. type c1* )) .or. segid DUM) .and. JUNK end
 Parameter: LIPIDNUM -> "2"
 SELRPN>     52 atoms have been selected out of  53828
 SELRPN>     25 atoms have been selected out of  53828

            DISTANCES FOR SELECTED ATOMS
 TOTAL EXCLUSION COUNT =         0
 TOTAL 1-4 EXCLUSIONS  =         0
 TOTAL NON-EXCLUSIONS  =         0
  
 CHARMM>                         if ?npair gt 0 goto domorerot
 RDCMND substituted energy or value "?NPAIR" to "0"
 Comparing "0" and "0".
 IF test evaluated as false.  Skipping command
  
 CHARMM>                      endif
  
 CHARMM>     
  
 CHARMM>                      !protein-check
  
 CHARMM>                      !
  
 CHARMM>                      coor dist cut 1.7 sele segid L@LipidNum .and. .not. resname TIP3 .and. .not. hydrogen end  -
 CHARMM>                                            sele PROT .and. .not. resname TIP3 .and. JUNK end
 Parameter: LIPIDNUM -> "2"
 SELRPN>     52 atoms have been selected out of  53828
 SELRPN>     98 atoms have been selected out of  53828

            DISTANCES FOR SELECTED ATOMS
53703 L2       POPC     1        C14     -6746 PROA     CYS      414      SG            1.3094
53715 L2       POPC     1        O13     -6743 PROA     CYS      414      CB            1.6290
53718 L2       POPC     1        O11     -6748 PROA     CYS      414      C             1.2195
53718 L2       POPC     1        O11     -6750 PROA     CYS      414      OT2           1.2081
53719 L2       POPC     1        C1      -6741 PROA     CYS      414      CA            1.1998
53719 L2       POPC     1        C1      -6748 PROA     CYS      414      C             0.9360
53719 L2       POPC     1        C1      -6749 PROA     CYS      414      OT1           1.4486
53722 L2       POPC     1        C2      -6748 PROA     CYS      414      C             1.6896
53722 L2       POPC     1        C2      -6749 PROA     CYS      414      OT1           0.6061
53724 L2       POPC     1        O21     -6749 PROA     CYS      414      OT1           1.6150
53730 L2       POPC     1        C3      -6749 PROA     CYS      414      OT1           1.2704
 TOTAL EXCLUSION COUNT =         0
 TOTAL 1-4 EXCLUSIONS  =         0
 TOTAL NON-EXCLUSIONS  =        11
  
 CHARMM>                      if ?npair gt 8 goto domorerot
 RDCMND substituted energy or value "?NPAIR" to "11"
 Comparing "11" and "8".
 IF test evaluated as true.  Performing command
  
 CHARMM>             increase rotang by @delang
 Parameter: DELANG -> "35"
 Parameter: ROTANG <- "175"
  
 CHARMM>             if rotang .le. 359 goto dorot
 Comparing "175" and "359".
 IF test evaluated as true.  Performing command
  
 CHARMM>     
  
 CHARMM>                coor rotate zdir 1.0 xcen @xtran ycen @ytran zcen @zhead phi @rotang sele target end
 Parameter: XTRAN -> "23.678287"
 Parameter: YTRAN -> "10.3124872"
 Parameter: ZHEAD -> "19"
 Parameter: ROTANG -> "175"
 SELRPN>    134 atoms have been selected out of  53828
 ROTATION MATRIX
   -0.996195    0.087156    0.000000
   -0.087156   -0.996195    0.000000
    0.000000    0.000000    1.000000

 AXIS OF ROTATION IS  0.000000  0.000000  1.000000  ANGLE IS  175.00

 SELECTED COORDINATES ROTATED IN THE MAIN SET.

  
 CHARMM>     
  
 CHARMM>                set dotrans = 1
 Parameter: DOTRANS <- "1"
  
 CHARMM>                label doclash
  
 CHARMM>                   if dotrans .eq. 2 coor trans xdir  1.0 ydir  1.0 dist 0.71 sele target end
 Comparing "1" and "2".
 IF test evaluated as false.  Skipping command
  
 CHARMM>                   if dotrans .eq. 3 coor trans xdir  1.0 ydir -1.0 dist 0.71 sele target end
 Comparing "1" and "3".
 IF test evaluated as false.  Skipping command
  
 CHARMM>                   if dotrans .eq. 4 coor trans xdir -1.0 ydir  1.0 dist 0.71 sele target end
 Comparing "1" and "4".
 IF test evaluated as false.  Skipping command
  
 CHARMM>                   if dotrans .eq. 5 coor trans xdir -1.0 ydir -1.0 dist 0.71 sele target end
 Comparing "1" and "5".
 IF test evaluated as false.  Skipping command
  
 CHARMM>     
  
 CHARMM>                   if issterol .eq. yes then
 Comparing "NO" and "YES".
 IF test evaluated as false.  Skip to ELSE or ENDIF
  
 CHARMM>                      if nsterol .gt. 0 then
 Comparing "68" and "0".
 IF test evaluated as true.  Performing command
  
 CHARMM>                         ! to prevent the penetration of lipid molecules into cholesterol rings
  
 CHARMM>                         coor dist cut 1.0 sele segid L@LipidNum .and. .not. resname TIP3 .and. .not. hydrogen end  -
 CHARMM>                                                sele ((STEROL .and. ( type c% .or. type c1* )) .or. segid DUM) .and. JUNK end
 Parameter: LIPIDNUM -> "2"
 SELRPN>     52 atoms have been selected out of  53828
 SELRPN>     25 atoms have been selected out of  53828

            DISTANCES FOR SELECTED ATOMS
53748 L2       POPC     1        C26     -**** MEMB     CHL1     35       C18           0.7184
 TOTAL EXCLUSION COUNT =         0
 TOTAL 1-4 EXCLUSIONS  =         0
 TOTAL NON-EXCLUSIONS  =         1
  
 CHARMM>                         if ?npair gt 0 goto domorerot
 RDCMND substituted energy or value "?NPAIR" to "1"
 Comparing "1" and "0".
 IF test evaluated as true.  Performing command
  
 CHARMM>             increase rotang by @delang
 Parameter: DELANG -> "35"
 Parameter: ROTANG <- "210"
  
 CHARMM>             if rotang .le. 359 goto dorot
 Comparing "210" and "359".
 IF test evaluated as true.  Performing command
  
 CHARMM>     
  
 CHARMM>                coor rotate zdir 1.0 xcen @xtran ycen @ytran zcen @zhead phi @rotang sele target end
 Parameter: XTRAN -> "23.678287"
 Parameter: YTRAN -> "10.3124872"
 Parameter: ZHEAD -> "19"
 Parameter: ROTANG -> "210"
 SELRPN>    134 atoms have been selected out of  53828
 ROTATION MATRIX
   -0.866025   -0.500000    0.000000
    0.500000   -0.866025    0.000000
    0.000000    0.000000    1.000000

 AXIS OF ROTATION IS  0.000000  0.000000 -1.000000  ANGLE IS  150.00

 SELECTED COORDINATES ROTATED IN THE MAIN SET.

  
 CHARMM>     
  
 CHARMM>                set dotrans = 1
 Parameter: DOTRANS <- "1"
  
 CHARMM>                label doclash
  
 CHARMM>                   if dotrans .eq. 2 coor trans xdir  1.0 ydir  1.0 dist 0.71 sele target end
 Comparing "1" and "2".
 IF test evaluated as false.  Skipping command
  
 CHARMM>                   if dotrans .eq. 3 coor trans xdir  1.0 ydir -1.0 dist 0.71 sele target end
 Comparing "1" and "3".
 IF test evaluated as false.  Skipping command
  
 CHARMM>                   if dotrans .eq. 4 coor trans xdir -1.0 ydir  1.0 dist 0.71 sele target end
 Comparing "1" and "4".
 IF test evaluated as false.  Skipping command
  
 CHARMM>                   if dotrans .eq. 5 coor trans xdir -1.0 ydir -1.0 dist 0.71 sele target end
 Comparing "1" and "5".
 IF test evaluated as false.  Skipping command
  
 CHARMM>     
  
 CHARMM>                   if issterol .eq. yes then
 Comparing "NO" and "YES".
 IF test evaluated as false.  Skip to ELSE or ENDIF
  
 CHARMM>                      if nsterol .gt. 0 then
 Comparing "68" and "0".
 IF test evaluated as true.  Performing command
  
 CHARMM>                         ! to prevent the penetration of lipid molecules into cholesterol rings
  
 CHARMM>                         coor dist cut 1.0 sele segid L@LipidNum .and. .not. resname TIP3 .and. .not. hydrogen end  -
 CHARMM>                                                sele ((STEROL .and. ( type c% .or. type c1* )) .or. segid DUM) .and. JUNK end
 Parameter: LIPIDNUM -> "2"
 SELRPN>     52 atoms have been selected out of  53828
 SELRPN>     25 atoms have been selected out of  53828

            DISTANCES FOR SELECTED ATOMS
 TOTAL EXCLUSION COUNT =         0
 TOTAL 1-4 EXCLUSIONS  =         0
 TOTAL NON-EXCLUSIONS  =         0
  
 CHARMM>                         if ?npair gt 0 goto domorerot
 RDCMND substituted energy or value "?NPAIR" to "0"
 Comparing "0" and "0".
 IF test evaluated as false.  Skipping command
  
 CHARMM>                      endif
  
 CHARMM>     
  
 CHARMM>                      !protein-check
  
 CHARMM>                      !
  
 CHARMM>                      coor dist cut 1.7 sele segid L@LipidNum .and. .not. resname TIP3 .and. .not. hydrogen end  -
 CHARMM>                                            sele PROT .and. .not. resname TIP3 .and. JUNK end
 Parameter: LIPIDNUM -> "2"
 SELRPN>     52 atoms have been selected out of  53828
 SELRPN>     98 atoms have been selected out of  53828

            DISTANCES FOR SELECTED ATOMS
53715 L2       POPC     1        O13     -6743 PROA     CYS      414      CB            0.8955
53718 L2       POPC     1        O11     -6748 PROA     CYS      414      C             1.0884
53718 L2       POPC     1        O11     -6750 PROA     CYS      414      OT2           0.5362
53719 L2       POPC     1        C1      -6741 PROA     CYS      414      CA            1.6600
53719 L2       POPC     1        C1      -6748 PROA     CYS      414      C             0.5220
53719 L2       POPC     1        C1      -6749 PROA     CYS      414      OT1           1.2438
53719 L2       POPC     1        C1      -6750 PROA     CYS      414      OT2           1.4304
53722 L2       POPC     1        C2      -6749 PROA     CYS      414      OT1           1.4368
53724 L2       POPC     1        O21     -6749 PROA     CYS      414      OT1           1.4415
53726 L2       POPC     1        O22     -6721 PROA     LEU      412      O             1.6100
 TOTAL EXCLUSION COUNT =         0
 TOTAL 1-4 EXCLUSIONS  =         0
 TOTAL NON-EXCLUSIONS  =        10
  
 CHARMM>                      if ?npair gt 8 goto domorerot
 RDCMND substituted energy or value "?NPAIR" to "10"
 Comparing "10" and "8".
 IF test evaluated as true.  Performing command
  
 CHARMM>             increase rotang by @delang
 Parameter: DELANG -> "35"
 Parameter: ROTANG <- "245"
  
 CHARMM>             if rotang .le. 359 goto dorot
 Comparing "245" and "359".
 IF test evaluated as true.  Performing command
  
 CHARMM>     
  
 CHARMM>                coor rotate zdir 1.0 xcen @xtran ycen @ytran zcen @zhead phi @rotang sele target end
 Parameter: XTRAN -> "23.678287"
 Parameter: YTRAN -> "10.3124872"
 Parameter: ZHEAD -> "19"
 Parameter: ROTANG -> "245"
 SELRPN>    134 atoms have been selected out of  53828
 ROTATION MATRIX
   -0.422618   -0.906308    0.000000
    0.906308   -0.422618    0.000000
    0.000000    0.000000    1.000000

 AXIS OF ROTATION IS  0.000000  0.000000 -1.000000  ANGLE IS  115.00

 SELECTED COORDINATES ROTATED IN THE MAIN SET.

  
 CHARMM>     
  
 CHARMM>                set dotrans = 1
 Parameter: DOTRANS <- "1"
  
 CHARMM>                label doclash
  
 CHARMM>                   if dotrans .eq. 2 coor trans xdir  1.0 ydir  1.0 dist 0.71 sele target end
 Comparing "1" and "2".
 IF test evaluated as false.  Skipping command
  
 CHARMM>                   if dotrans .eq. 3 coor trans xdir  1.0 ydir -1.0 dist 0.71 sele target end
 Comparing "1" and "3".
 IF test evaluated as false.  Skipping command
  
 CHARMM>                   if dotrans .eq. 4 coor trans xdir -1.0 ydir  1.0 dist 0.71 sele target end
 Comparing "1" and "4".
 IF test evaluated as false.  Skipping command
  
 CHARMM>                   if dotrans .eq. 5 coor trans xdir -1.0 ydir -1.0 dist 0.71 sele target end
 Comparing "1" and "5".
 IF test evaluated as false.  Skipping command
  
 CHARMM>     
  
 CHARMM>                   if issterol .eq. yes then
 Comparing "NO" and "YES".
 IF test evaluated as false.  Skip to ELSE or ENDIF
  
 CHARMM>                      if nsterol .gt. 0 then
 Comparing "68" and "0".
 IF test evaluated as true.  Performing command
  
 CHARMM>                         ! to prevent the penetration of lipid molecules into cholesterol rings
  
 CHARMM>                         coor dist cut 1.0 sele segid L@LipidNum .and. .not. resname TIP3 .and. .not. hydrogen end  -
 CHARMM>                                                sele ((STEROL .and. ( type c% .or. type c1* )) .or. segid DUM) .and. JUNK end
 Parameter: LIPIDNUM -> "2"
 SELRPN>     52 atoms have been selected out of  53828
 SELRPN>     25 atoms have been selected out of  53828

            DISTANCES FOR SELECTED ATOMS
 TOTAL EXCLUSION COUNT =         0
 TOTAL 1-4 EXCLUSIONS  =         0
 TOTAL NON-EXCLUSIONS  =         0
  
 CHARMM>                         if ?npair gt 0 goto domorerot
 RDCMND substituted energy or value "?NPAIR" to "0"
 Comparing "0" and "0".
 IF test evaluated as false.  Skipping command
  
 CHARMM>                      endif
  
 CHARMM>     
  
 CHARMM>                      !protein-check
  
 CHARMM>                      !
  
 CHARMM>                      coor dist cut 1.7 sele segid L@LipidNum .and. .not. resname TIP3 .and. .not. hydrogen end  -
 CHARMM>                                            sele PROT .and. .not. resname TIP3 .and. JUNK end
 Parameter: LIPIDNUM -> "2"
 SELRPN>     52 atoms have been selected out of  53828
 SELRPN>     98 atoms have been selected out of  53828

            DISTANCES FOR SELECTED ATOMS
53726 L2       POPC     1        O22     - 513 PROA     ARG      32       CZ            1.6458
53726 L2       POPC     1        O22     - 517 PROA     ARG      32       NH2           1.1526
 TOTAL EXCLUSION COUNT =         0
 TOTAL 1-4 EXCLUSIONS  =         0
 TOTAL NON-EXCLUSIONS  =         2
  
 CHARMM>                      if ?npair gt 8 goto domorerot
 RDCMND substituted energy or value "?NPAIR" to "2"
 Comparing "2" and "8".
 IF test evaluated as false.  Skipping command
  
 CHARMM>     
  
 CHARMM>                      !lipid-check
  
 CHARMM>                      !
  
 CHARMM>                      coor dist cut 1.2 sele segid L@LipidNum .and. .not. resname TIP3 .and. .not. hydrogen end  -
 CHARMM>                                             sele .not. ( repack .or. segid L@LipidNum .or. resname TIP3 .or. PROT ) .and. JUNK end
 Parameter: LIPIDNUM -> "2"
 Parameter: LIPIDNUM -> "2"
 SELRPN>     52 atoms have been selected out of  53828
 SELRPN>    220 atoms have been selected out of  53828

            DISTANCES FOR SELECTED ATOMS
53773 L2       POPC     1        C215    -**** MEMB     POPC     51       C316          0.8012
53776 L2       POPC     1        C216    -**** MEMB     POPC     51       C316          0.8189
 TOTAL EXCLUSION COUNT =         0
 TOTAL 1-4 EXCLUSIONS  =         0
 TOTAL NON-EXCLUSIONS  =         2
  
 CHARMM>                      if ?npair gt @nbad goto domorerot
 Parameter: NBAD -> "5"
 RDCMND substituted energy or value "?NPAIR" to "2"
 Comparing "2" and "5".
 IF test evaluated as false.  Skipping command
  
 CHARMM>                   endif
  
 CHARMM>     
  
 CHARMM>                   if dotrans .eq. 2 coor trans xdir -1.0 ydir -1.0 dist 0.71 sele target end
 Comparing "1" and "2".
 IF test evaluated as false.  Skipping command
  
 CHARMM>                   if dotrans .eq. 3 coor trans xdir -1.0 ydir  1.0 dist 0.71 sele target end
 Comparing "1" and "3".
 IF test evaluated as false.  Skipping command
  
 CHARMM>                   if dotrans .eq. 4 coor trans xdir  1.0 ydir -1.0 dist 0.71 sele target end
 Comparing "1" and "4".
 IF test evaluated as false.  Skipping command
  
 CHARMM>                   if dotrans .eq. 5 coor trans xdir  1.0 ydir  1.0 dist 0.71 sele target end
 Comparing "1" and "5".
 IF test evaluated as false.  Skipping command
  
 CHARMM>     
  
 CHARMM>                incr dotrans by 1
 Parameter: DOTRANS <- "2"
  
 CHARMM>                if dotrans .le. 5 goto doclash
 Comparing "2" and "5".
 IF test evaluated as true.  Performing command
  
 CHARMM>                   if dotrans .eq. 2 coor trans xdir  1.0 ydir  1.0 dist 0.71 sele target end
 Comparing "2" and "2".
 IF test evaluated as true.  Performing command
 SELRPN>    134 atoms have been selected out of  53828
 TRANSLATION VECTOR     0.502046    0.502046    0.000000
 SELECTED COORDINATES TRANSLATED IN THE MAIN SET.

  
 CHARMM>                   if dotrans .eq. 3 coor trans xdir  1.0 ydir -1.0 dist 0.71 sele target end
 Comparing "2" and "3".
 IF test evaluated as false.  Skipping command
  
 CHARMM>                   if dotrans .eq. 4 coor trans xdir -1.0 ydir  1.0 dist 0.71 sele target end
 Comparing "2" and "4".
 IF test evaluated as false.  Skipping command
  
 CHARMM>                   if dotrans .eq. 5 coor trans xdir -1.0 ydir -1.0 dist 0.71 sele target end
 Comparing "2" and "5".
 IF test evaluated as false.  Skipping command
  
 CHARMM>     
  
 CHARMM>                   if issterol .eq. yes then
 Comparing "NO" and "YES".
 IF test evaluated as false.  Skip to ELSE or ENDIF
  
 CHARMM>                      if nsterol .gt. 0 then
 Comparing "68" and "0".
 IF test evaluated as true.  Performing command
  
 CHARMM>                         ! to prevent the penetration of lipid molecules into cholesterol rings
  
 CHARMM>                         coor dist cut 1.0 sele segid L@LipidNum .and. .not. resname TIP3 .and. .not. hydrogen end  -
 CHARMM>                                                sele ((STEROL .and. ( type c% .or. type c1* )) .or. segid DUM) .and. JUNK end
 Parameter: LIPIDNUM -> "2"
 SELRPN>     52 atoms have been selected out of  53828
 SELRPN>     25 atoms have been selected out of  53828

            DISTANCES FOR SELECTED ATOMS
 TOTAL EXCLUSION COUNT =         0
 TOTAL 1-4 EXCLUSIONS  =         0
 TOTAL NON-EXCLUSIONS  =         0
  
 CHARMM>                         if ?npair gt 0 goto domorerot
 RDCMND substituted energy or value "?NPAIR" to "0"
 Comparing "0" and "0".
 IF test evaluated as false.  Skipping command
  
 CHARMM>                      endif
  
 CHARMM>     
  
 CHARMM>                      !protein-check
  
 CHARMM>                      !
  
 CHARMM>                      coor dist cut 1.7 sele segid L@LipidNum .and. .not. resname TIP3 .and. .not. hydrogen end  -
 CHARMM>                                            sele PROT .and. .not. resname TIP3 .and. JUNK end
 Parameter: LIPIDNUM -> "2"
 SELRPN>     52 atoms have been selected out of  53828
 SELRPN>     98 atoms have been selected out of  53828

            DISTANCES FOR SELECTED ATOMS
53726 L2       POPC     1        O22     - 517 PROA     ARG      32       NH2           1.3670
 TOTAL EXCLUSION COUNT =         0
 TOTAL 1-4 EXCLUSIONS  =         0
 TOTAL NON-EXCLUSIONS  =         1
  
 CHARMM>                      if ?npair gt 8 goto domorerot
 RDCMND substituted energy or value "?NPAIR" to "1"
 Comparing "1" and "8".
 IF test evaluated as false.  Skipping command
  
 CHARMM>     
  
 CHARMM>                      !lipid-check
  
 CHARMM>                      !
  
 CHARMM>                      coor dist cut 1.2 sele segid L@LipidNum .and. .not. resname TIP3 .and. .not. hydrogen end  -
 CHARMM>                                             sele .not. ( repack .or. segid L@LipidNum .or. resname TIP3 .or. PROT ) .and. JUNK end
 Parameter: LIPIDNUM -> "2"
 Parameter: LIPIDNUM -> "2"
 SELRPN>     52 atoms have been selected out of  53828
 SELRPN>    220 atoms have been selected out of  53828

            DISTANCES FOR SELECTED ATOMS
53773 L2       POPC     1        C215    -**** MEMB     POPC     51       C316          0.3255
53786 L2       POPC     1        C33     -**** MEMB     POPC     51       O22           1.1140
 TOTAL EXCLUSION COUNT =         0
 TOTAL 1-4 EXCLUSIONS  =         0
 TOTAL NON-EXCLUSIONS  =         2
  
 CHARMM>                      if ?npair gt @nbad goto domorerot
 Parameter: NBAD -> "5"
 RDCMND substituted energy or value "?NPAIR" to "2"
 Comparing "2" and "5".
 IF test evaluated as false.  Skipping command
  
 CHARMM>                   endif
  
 CHARMM>     
  
 CHARMM>                   if dotrans .eq. 2 coor trans xdir -1.0 ydir -1.0 dist 0.71 sele target end
 Comparing "2" and "2".
 IF test evaluated as true.  Performing command
 SELRPN>    134 atoms have been selected out of  53828
 TRANSLATION VECTOR    -0.502046   -0.502046    0.000000
 SELECTED COORDINATES TRANSLATED IN THE MAIN SET.

  
 CHARMM>                   if dotrans .eq. 3 coor trans xdir -1.0 ydir  1.0 dist 0.71 sele target end
 Comparing "2" and "3".
 IF test evaluated as false.  Skipping command
  
 CHARMM>                   if dotrans .eq. 4 coor trans xdir  1.0 ydir -1.0 dist 0.71 sele target end
 Comparing "2" and "4".
 IF test evaluated as false.  Skipping command
  
 CHARMM>                   if dotrans .eq. 5 coor trans xdir  1.0 ydir  1.0 dist 0.71 sele target end
 Comparing "2" and "5".
 IF test evaluated as false.  Skipping command
  
 CHARMM>     
  
 CHARMM>                incr dotrans by 1
 Parameter: DOTRANS <- "3"
  
 CHARMM>                if dotrans .le. 5 goto doclash
 Comparing "3" and "5".
 IF test evaluated as true.  Performing command
  
 CHARMM>                   if dotrans .eq. 2 coor trans xdir  1.0 ydir  1.0 dist 0.71 sele target end
 Comparing "3" and "2".
 IF test evaluated as false.  Skipping command
  
 CHARMM>                   if dotrans .eq. 3 coor trans xdir  1.0 ydir -1.0 dist 0.71 sele target end
 Comparing "3" and "3".
 IF test evaluated as true.  Performing command
 SELRPN>    134 atoms have been selected out of  53828
 TRANSLATION VECTOR     0.502046   -0.502046    0.000000
 SELECTED COORDINATES TRANSLATED IN THE MAIN SET.

  
 CHARMM>                   if dotrans .eq. 4 coor trans xdir -1.0 ydir  1.0 dist 0.71 sele target end
 Comparing "3" and "4".
 IF test evaluated as false.  Skipping command
  
 CHARMM>                   if dotrans .eq. 5 coor trans xdir -1.0 ydir -1.0 dist 0.71 sele target end
 Comparing "3" and "5".
 IF test evaluated as false.  Skipping command
  
 CHARMM>     
  
 CHARMM>                   if issterol .eq. yes then
 Comparing "NO" and "YES".
 IF test evaluated as false.  Skip to ELSE or ENDIF
  
 CHARMM>                      if nsterol .gt. 0 then
 Comparing "68" and "0".
 IF test evaluated as true.  Performing command
  
 CHARMM>                         ! to prevent the penetration of lipid molecules into cholesterol rings
  
 CHARMM>                         coor dist cut 1.0 sele segid L@LipidNum .and. .not. resname TIP3 .and. .not. hydrogen end  -
 CHARMM>                                                sele ((STEROL .and. ( type c% .or. type c1* )) .or. segid DUM) .and. JUNK end
 Parameter: LIPIDNUM -> "2"
 SELRPN>     52 atoms have been selected out of  53828
 SELRPN>     25 atoms have been selected out of  53828

            DISTANCES FOR SELECTED ATOMS
 TOTAL EXCLUSION COUNT =         0
 TOTAL 1-4 EXCLUSIONS  =         0
 TOTAL NON-EXCLUSIONS  =         0
  
 CHARMM>                         if ?npair gt 0 goto domorerot
 RDCMND substituted energy or value "?NPAIR" to "0"
 Comparing "0" and "0".
 IF test evaluated as false.  Skipping command
  
 CHARMM>                      endif
  
 CHARMM>     
  
 CHARMM>                      !protein-check
  
 CHARMM>                      !
  
 CHARMM>                      coor dist cut 1.7 sele segid L@LipidNum .and. .not. resname TIP3 .and. .not. hydrogen end  -
 CHARMM>                                            sele PROT .and. .not. resname TIP3 .and. JUNK end
 Parameter: LIPIDNUM -> "2"
 SELRPN>     52 atoms have been selected out of  53828
 SELRPN>     98 atoms have been selected out of  53828

            DISTANCES FOR SELECTED ATOMS
53726 L2       POPC     1        O22     - 517 PROA     ARG      32       NH2           0.6854
 TOTAL EXCLUSION COUNT =         0
 TOTAL 1-4 EXCLUSIONS  =         0
 TOTAL NON-EXCLUSIONS  =         1
  
 CHARMM>                      if ?npair gt 8 goto domorerot
 RDCMND substituted energy or value "?NPAIR" to "1"
 Comparing "1" and "8".
 IF test evaluated as false.  Skipping command
  
 CHARMM>     
  
 CHARMM>                      !lipid-check
  
 CHARMM>                      !
  
 CHARMM>                      coor dist cut 1.2 sele segid L@LipidNum .and. .not. resname TIP3 .and. .not. hydrogen end  -
 CHARMM>                                             sele .not. ( repack .or. segid L@LipidNum .or. resname TIP3 .or. PROT ) .and. JUNK end
 Parameter: LIPIDNUM -> "2"
 Parameter: LIPIDNUM -> "2"
 SELRPN>     52 atoms have been selected out of  53828
 SELRPN>    220 atoms have been selected out of  53828

            DISTANCES FOR SELECTED ATOMS
53773 L2       POPC     1        C215    -**** MEMB     POPC     51       C315          0.9509
53773 L2       POPC     1        C215    -**** MEMB     POPC     51       C316          1.1556
53786 L2       POPC     1        C33     -**** MEMB     POPC     51       O22           1.1630
 TOTAL EXCLUSION COUNT =         0
 TOTAL 1-4 EXCLUSIONS  =         0
 TOTAL NON-EXCLUSIONS  =         3
  
 CHARMM>                      if ?npair gt @nbad goto domorerot
 Parameter: NBAD -> "5"
 RDCMND substituted energy or value "?NPAIR" to "3"
 Comparing "3" and "5".
 IF test evaluated as false.  Skipping command
  
 CHARMM>                   endif
  
 CHARMM>     
  
 CHARMM>                   if dotrans .eq. 2 coor trans xdir -1.0 ydir -1.0 dist 0.71 sele target end
 Comparing "3" and "2".
 IF test evaluated as false.  Skipping command
  
 CHARMM>                   if dotrans .eq. 3 coor trans xdir -1.0 ydir  1.0 dist 0.71 sele target end
 Comparing "3" and "3".
 IF test evaluated as true.  Performing command
 SELRPN>    134 atoms have been selected out of  53828
 TRANSLATION VECTOR    -0.502046    0.502046    0.000000
 SELECTED COORDINATES TRANSLATED IN THE MAIN SET.

  
 CHARMM>                   if dotrans .eq. 4 coor trans xdir  1.0 ydir -1.0 dist 0.71 sele target end
 Comparing "3" and "4".
 IF test evaluated as false.  Skipping command
  
 CHARMM>                   if dotrans .eq. 5 coor trans xdir  1.0 ydir  1.0 dist 0.71 sele target end
 Comparing "3" and "5".
 IF test evaluated as false.  Skipping command
  
 CHARMM>     
  
 CHARMM>                incr dotrans by 1
 Parameter: DOTRANS <- "4"
  
 CHARMM>                if dotrans .le. 5 goto doclash
 Comparing "4" and "5".
 IF test evaluated as true.  Performing command
  
 CHARMM>                   if dotrans .eq. 2 coor trans xdir  1.0 ydir  1.0 dist 0.71 sele target end
 Comparing "4" and "2".
 IF test evaluated as false.  Skipping command
  
 CHARMM>                   if dotrans .eq. 3 coor trans xdir  1.0 ydir -1.0 dist 0.71 sele target end
 Comparing "4" and "3".
 IF test evaluated as false.  Skipping command
  
 CHARMM>                   if dotrans .eq. 4 coor trans xdir -1.0 ydir  1.0 dist 0.71 sele target end
 Comparing "4" and "4".
 IF test evaluated as true.  Performing command
 SELRPN>    134 atoms have been selected out of  53828
 TRANSLATION VECTOR    -0.502046    0.502046    0.000000
 SELECTED COORDINATES TRANSLATED IN THE MAIN SET.

  
 CHARMM>                   if dotrans .eq. 5 coor trans xdir -1.0 ydir -1.0 dist 0.71 sele target end
 Comparing "4" and "5".
 IF test evaluated as false.  Skipping command
  
 CHARMM>     
  
 CHARMM>                   if issterol .eq. yes then
 Comparing "NO" and "YES".
 IF test evaluated as false.  Skip to ELSE or ENDIF
  
 CHARMM>                      if nsterol .gt. 0 then
 Comparing "68" and "0".
 IF test evaluated as true.  Performing command
  
 CHARMM>                         ! to prevent the penetration of lipid molecules into cholesterol rings
  
 CHARMM>                         coor dist cut 1.0 sele segid L@LipidNum .and. .not. resname TIP3 .and. .not. hydrogen end  -
 CHARMM>                                                sele ((STEROL .and. ( type c% .or. type c1* )) .or. segid DUM) .and. JUNK end
 Parameter: LIPIDNUM -> "2"
 SELRPN>     52 atoms have been selected out of  53828
 SELRPN>     25 atoms have been selected out of  53828

            DISTANCES FOR SELECTED ATOMS
 TOTAL EXCLUSION COUNT =         0
 TOTAL 1-4 EXCLUSIONS  =         0
 TOTAL NON-EXCLUSIONS  =         0
  
 CHARMM>                         if ?npair gt 0 goto domorerot
 RDCMND substituted energy or value "?NPAIR" to "0"
 Comparing "0" and "0".
 IF test evaluated as false.  Skipping command
  
 CHARMM>                      endif
  
 CHARMM>     
  
 CHARMM>                      !protein-check
  
 CHARMM>                      !
  
 CHARMM>                      coor dist cut 1.7 sele segid L@LipidNum .and. .not. resname TIP3 .and. .not. hydrogen end  -
 CHARMM>                                            sele PROT .and. .not. resname TIP3 .and. JUNK end
 Parameter: LIPIDNUM -> "2"
 SELRPN>     52 atoms have been selected out of  53828
 SELRPN>     98 atoms have been selected out of  53828

            DISTANCES FOR SELECTED ATOMS
53699 L2       POPC     1        C13     -6746 PROA     CYS      414      SG            1.5740
53716 L2       POPC     1        O14     -6750 PROA     CYS      414      OT2           1.5742
53717 L2       POPC     1        O12     -6743 PROA     CYS      414      CB            1.6915
53730 L2       POPC     1        C3      -6702 PROA     ILE      411      O             1.6967
53733 L2       POPC     1        O31     -6702 PROA     ILE      411      O             1.6863
 TOTAL EXCLUSION COUNT =         0
 TOTAL 1-4 EXCLUSIONS  =         0
 TOTAL NON-EXCLUSIONS  =         5
  
 CHARMM>                      if ?npair gt 8 goto domorerot
 RDCMND substituted energy or value "?NPAIR" to "5"
 Comparing "5" and "8".
 IF test evaluated as false.  Skipping command
  
 CHARMM>     
  
 CHARMM>                      !lipid-check
  
 CHARMM>                      !
  
 CHARMM>                      coor dist cut 1.2 sele segid L@LipidNum .and. .not. resname TIP3 .and. .not. hydrogen end  -
 CHARMM>                                             sele .not. ( repack .or. segid L@LipidNum .or. resname TIP3 .or. PROT ) .and. JUNK end
 Parameter: LIPIDNUM -> "2"
 Parameter: LIPIDNUM -> "2"
 SELRPN>     52 atoms have been selected out of  53828
 SELRPN>    220 atoms have been selected out of  53828

            DISTANCES FOR SELECTED ATOMS
53773 L2       POPC     1        C215    -**** MEMB     POPC     51       C316          0.9780
53776 L2       POPC     1        C216    -**** MEMB     POPC     51       C316          0.8084
 TOTAL EXCLUSION COUNT =         0
 TOTAL 1-4 EXCLUSIONS  =         0
 TOTAL NON-EXCLUSIONS  =         2
  
 CHARMM>                      if ?npair gt @nbad goto domorerot
 Parameter: NBAD -> "5"
 RDCMND substituted energy or value "?NPAIR" to "2"
 Comparing "2" and "5".
 IF test evaluated as false.  Skipping command
  
 CHARMM>                   endif
  
 CHARMM>     
  
 CHARMM>                   if dotrans .eq. 2 coor trans xdir -1.0 ydir -1.0 dist 0.71 sele target end
 Comparing "4" and "2".
 IF test evaluated as false.  Skipping command
  
 CHARMM>                   if dotrans .eq. 3 coor trans xdir -1.0 ydir  1.0 dist 0.71 sele target end
 Comparing "4" and "3".
 IF test evaluated as false.  Skipping command
  
 CHARMM>                   if dotrans .eq. 4 coor trans xdir  1.0 ydir -1.0 dist 0.71 sele target end
 Comparing "4" and "4".
 IF test evaluated as true.  Performing command
 SELRPN>    134 atoms have been selected out of  53828
 TRANSLATION VECTOR     0.502046   -0.502046    0.000000
 SELECTED COORDINATES TRANSLATED IN THE MAIN SET.

  
 CHARMM>                   if dotrans .eq. 5 coor trans xdir  1.0 ydir  1.0 dist 0.71 sele target end
 Comparing "4" and "5".
 IF test evaluated as false.  Skipping command
  
 CHARMM>     
  
 CHARMM>                incr dotrans by 1
 Parameter: DOTRANS <- "5"
  
 CHARMM>                if dotrans .le. 5 goto doclash
 Comparing "5" and "5".
 IF test evaluated as true.  Performing command
  
 CHARMM>                   if dotrans .eq. 2 coor trans xdir  1.0 ydir  1.0 dist 0.71 sele target end
 Comparing "5" and "2".
 IF test evaluated as false.  Skipping command
  
 CHARMM>                   if dotrans .eq. 3 coor trans xdir  1.0 ydir -1.0 dist 0.71 sele target end
 Comparing "5" and "3".
 IF test evaluated as false.  Skipping command
  
 CHARMM>                   if dotrans .eq. 4 coor trans xdir -1.0 ydir  1.0 dist 0.71 sele target end
 Comparing "5" and "4".
 IF test evaluated as false.  Skipping command
  
 CHARMM>                   if dotrans .eq. 5 coor trans xdir -1.0 ydir -1.0 dist 0.71 sele target end
 Comparing "5" and "5".
 IF test evaluated as true.  Performing command
 SELRPN>    134 atoms have been selected out of  53828
 TRANSLATION VECTOR    -0.502046   -0.502046    0.000000
 SELECTED COORDINATES TRANSLATED IN THE MAIN SET.

  
 CHARMM>     
  
 CHARMM>                   if issterol .eq. yes then
 Comparing "NO" and "YES".
 IF test evaluated as false.  Skip to ELSE or ENDIF
  
 CHARMM>                      if nsterol .gt. 0 then
 Comparing "68" and "0".
 IF test evaluated as true.  Performing command
  
 CHARMM>                         ! to prevent the penetration of lipid molecules into cholesterol rings
  
 CHARMM>                         coor dist cut 1.0 sele segid L@LipidNum .and. .not. resname TIP3 .and. .not. hydrogen end  -
 CHARMM>                                                sele ((STEROL .and. ( type c% .or. type c1* )) .or. segid DUM) .and. JUNK end
 Parameter: LIPIDNUM -> "2"
 SELRPN>     52 atoms have been selected out of  53828
 SELRPN>     25 atoms have been selected out of  53828

            DISTANCES FOR SELECTED ATOMS
 TOTAL EXCLUSION COUNT =         0
 TOTAL 1-4 EXCLUSIONS  =         0
 TOTAL NON-EXCLUSIONS  =         0
  
 CHARMM>                         if ?npair gt 0 goto domorerot
 RDCMND substituted energy or value "?NPAIR" to "0"
 Comparing "0" and "0".
 IF test evaluated as false.  Skipping command
  
 CHARMM>                      endif
  
 CHARMM>     
  
 CHARMM>                      !protein-check
  
 CHARMM>                      !
  
 CHARMM>                      coor dist cut 1.7 sele segid L@LipidNum .and. .not. resname TIP3 .and. .not. hydrogen end  -
 CHARMM>                                            sele PROT .and. .not. resname TIP3 .and. JUNK end
 Parameter: LIPIDNUM -> "2"
 SELRPN>     52 atoms have been selected out of  53828
 SELRPN>     98 atoms have been selected out of  53828

            DISTANCES FOR SELECTED ATOMS
53719 L2       POPC     1        C1      - 514 PROA     ARG      32       NH1           1.4521
53726 L2       POPC     1        O22     - 455 PROA     MET      28       CE            1.5408
53726 L2       POPC     1        O22     - 513 PROA     ARG      32       CZ            1.6625
53726 L2       POPC     1        O22     - 517 PROA     ARG      32       NH2           1.3404
 TOTAL EXCLUSION COUNT =         0
 TOTAL 1-4 EXCLUSIONS  =         0
 TOTAL NON-EXCLUSIONS  =         4
  
 CHARMM>                      if ?npair gt 8 goto domorerot
 RDCMND substituted energy or value "?NPAIR" to "4"
 Comparing "4" and "8".
 IF test evaluated as false.  Skipping command
  
 CHARMM>     
  
 CHARMM>                      !lipid-check
  
 CHARMM>                      !
  
 CHARMM>                      coor dist cut 1.2 sele segid L@LipidNum .and. .not. resname TIP3 .and. .not. hydrogen end  -
 CHARMM>                                             sele .not. ( repack .or. segid L@LipidNum .or. resname TIP3 .or. PROT ) .and. JUNK end
 Parameter: LIPIDNUM -> "2"
 Parameter: LIPIDNUM -> "2"
 SELRPN>     52 atoms have been selected out of  53828
 SELRPN>    220 atoms have been selected out of  53828

            DISTANCES FOR SELECTED ATOMS
53776 L2       POPC     1        C216    -**** MEMB     POPC     51       C316          0.5927
 TOTAL EXCLUSION COUNT =         0
 TOTAL 1-4 EXCLUSIONS  =         0
 TOTAL NON-EXCLUSIONS  =         1
  
 CHARMM>                      if ?npair gt @nbad goto domorerot
 Parameter: NBAD -> "5"
 RDCMND substituted energy or value "?NPAIR" to "1"
 Comparing "1" and "5".
 IF test evaluated as false.  Skipping command
  
 CHARMM>                   endif
  
 CHARMM>     
  
 CHARMM>                   if dotrans .eq. 2 coor trans xdir -1.0 ydir -1.0 dist 0.71 sele target end
 Comparing "5" and "2".
 IF test evaluated as false.  Skipping command
  
 CHARMM>                   if dotrans .eq. 3 coor trans xdir -1.0 ydir  1.0 dist 0.71 sele target end
 Comparing "5" and "3".
 IF test evaluated as false.  Skipping command
  
 CHARMM>                   if dotrans .eq. 4 coor trans xdir  1.0 ydir -1.0 dist 0.71 sele target end
 Comparing "5" and "4".
 IF test evaluated as false.  Skipping command
  
 CHARMM>                   if dotrans .eq. 5 coor trans xdir  1.0 ydir  1.0 dist 0.71 sele target end
 Comparing "5" and "5".
 IF test evaluated as true.  Performing command
 SELRPN>    134 atoms have been selected out of  53828
 TRANSLATION VECTOR     0.502046    0.502046    0.000000
 SELECTED COORDINATES TRANSLATED IN THE MAIN SET.

  
 CHARMM>     
  
 CHARMM>                incr dotrans by 1
 Parameter: DOTRANS <- "6"
  
 CHARMM>                if dotrans .le. 5 goto doclash
 Comparing "6" and "5".
 IF test evaluated as false.  Skipping command
  
 CHARMM>     
  
 CHARMM>                if nimyn .gt. 0 coor trans ydir @A sele imyn end
 Parameter: A -> "109.631309"
 Comparing "0" and "0".
 IF test evaluated as false.  Skipping command
  
 CHARMM>                if nimxn .gt. 0 coor trans xdir @A sele imxn end
 Parameter: A -> "109.631309"
 Comparing "0" and "0".
 IF test evaluated as false.  Skipping command
  
 CHARMM>                if nimyp .gt. 0 coor trans ydir -@A sele imyp end
 Parameter: A -> "109.631309"
 Comparing "0" and "0".
 IF test evaluated as false.  Skipping command
  
 CHARMM>                if nimxp .gt. 0 coor trans xdir -@A sele imxp end
 Parameter: A -> "109.631309"
 Comparing "0" and "0".
 IF test evaluated as false.  Skipping command
  
 CHARMM>     
  
 CHARMM>                if npryn .gt. 0 coor trans ydir -@A sele pryn end
 Parameter: A -> "109.631309"
 Comparing "516" and "0".
 IF test evaluated as true.  Performing command
 SELRPN>    516 atoms have been selected out of  53828
 TRANSLATION VECTOR     0.000000 -109.631309    0.000000
 SELECTED COORDINATES TRANSLATED IN THE MAIN SET.

  
 CHARMM>                if nprxn .gt. 0 coor trans xdir -@A sele prxn end
 Parameter: A -> "109.631309"
 Comparing "507" and "0".
 IF test evaluated as true.  Performing command
 SELRPN>    507 atoms have been selected out of  53828
 TRANSLATION VECTOR  -109.631309    0.000000    0.000000
 SELECTED COORDINATES TRANSLATED IN THE MAIN SET.

  
 CHARMM>                if npryp .gt. 0 coor trans ydir @A sele pryp end
 Parameter: A -> "109.631309"
 Comparing "710" and "0".
 IF test evaluated as true.  Performing command
 SELRPN>    710 atoms have been selected out of  53828
 TRANSLATION VECTOR     0.000000  109.631309    0.000000
 SELECTED COORDINATES TRANSLATED IN THE MAIN SET.

  
 CHARMM>                if nprxp .gt. 0 coor trans xdir @A sele prxp end
 Parameter: A -> "109.631309"
 Comparing "261" and "0".
 IF test evaluated as true.  Performing command
 SELRPN>    261 atoms have been selected out of  53828
 TRANSLATION VECTOR   109.631309    0.000000    0.000000
 SELECTED COORDINATES TRANSLATED IN THE MAIN SET.

  
 CHARMM>     
  
 CHARMM>                goto nextlipid
  
 CHARMM>          coor dupl sele segid L@LipidNum end sele repack end
 Parameter: LIPIDNUM -> "2"
 SELRPN>    134 atoms have been selected out of  53828
 SELRPN>    134 atoms have been selected out of  53828
  
 CHARMM>          delete atom sele segid L@LipidNUm end
 Parameter: LIPIDNUM -> "2"
 SELRPN>    134 atoms have been selected out of  53828

 Message from MAPIC: Atom numbers are changed.

 Message from MAPIC:          1 residues deleted.

 Message from MAPIC:          1 segments deleted.
 DELTIC:       133 bonds deleted
 DELTIC:         2 improper dihedrals deleted
 PSFSUM> PSF modified: NONBOND lists and IMAGE atoms cleared.
 PSFSUM> Summary of the structure file counters :
         Number of segments      =        6   Number of residues   =     1495
         Number of atoms         =    53694   Number of groups     =    15232
         Number of bonds         =    53331   Number of angles     =   101439
         Number of dihedrals     =   144781   Number of impropers  =     2289
         Number of cross-terms   =      620   Number of autogens   =      116
         Number of HB acceptors  =     1019   Number of HB donors  =     1359
         Number of NB exclusions =        0   Total charge =   23.00000
  
 CHARMM>     
  
 CHARMM>       ! continue for total number of lipids that are needed
  
 CHARMM>       incr LipidNum by 1
 Parameter: LIPIDNUM <- "3"
  
 CHARMM>     
  
 CHARMM>    if LipidNum le @NLipid goto loop_gen
 Parameter: NLIPID -> "3"
 Comparing "3" and "3".
 IF test evaluated as true.  Performing command
  
 CHARMM>     
  
 CHARMM>       if badltype@LipidNum .eq. MEMB then
 Parameter: LIPIDNUM -> "3"
 Comparing "MEMB" and "MEMB".
 IF test evaluated as true.  Performing command
  
 CHARMM>          define repack sele segid @badsegid@@LipidNum .and. resi @badresid@@LipidNum end
 Parameter: LIPIDNUM -> "3"
 Parameter: LIPIDNUM -> "3"
 Parameter: BADRESID3 -> "53"
 Parameter: BADSEGID3 -> "MEMB"
 SELRPN>    134 atoms have been selected out of  53694
  
 CHARMM>          coor stat sele repack end
 SELRPN>    134 atoms have been selected out of  53694
 STATISTICS FOR       134 SELECTED ATOMS:
    XMIN =  -35.612585 XMAX =  -26.509027 XAVE =  -31.077642
    YMIN =   20.607264 YMAX =   29.977354 YAVE =   25.376407
    ZMIN =    0.020588 ZMAX =   21.444530 ZAVE =   10.712275
    WMIN =    0.000000 WMAX =    0.000000 WAVE =    0.000000
  
 CHARMM>          set lipid = ?selresn
 RDCMND substituted energy or value "?SELRESN" to "POPC"
 Parameter: LIPID <- "POPC"
  
 CHARMM>       else
 Skip commands until next ENDIF
  
 CHARMM>     
  
 CHARMM>       set cntrand = 0
 Parameter: CNTRAND <- "0"
  
 CHARMM>     
  
 CHARMM>       set issterol = no
 Parameter: ISSTEROL <- "NO"
  
 CHARMM>       if lipid .eq. CHL1 then
 Comparing "POPC" and "CHL1".
 IF test evaluated as false.  Skip to ELSE or ENDIF
  
 CHARMM>       if lipid .eq. ERG then
 Comparing "POPC" and "ERG".
 IF test evaluated as false.  Skip to ELSE or ENDIF
  
 CHARMM>       if lipid .eq. DPOP then
 Comparing "POPC" and "DPOP".
 IF test evaluated as false.  Skip to ELSE or ENDIF
  
 CHARMM>       if lipid .eq. SITO then
 Comparing "POPC" and "SITO".
 IF test evaluated as false.  Skip to ELSE or ENDIF
  
 CHARMM>       if lipid .eq. STIG then
 Comparing "POPC" and "STIG".
 IF test evaluated as false.  Skip to ELSE or ENDIF
  
 CHARMM>       if lipid .eq. CHSD then
 Comparing "POPC" and "CHSD".
 IF test evaluated as false.  Skip to ELSE or ENDIF
  
 CHARMM>       if lipid .eq. CHSP then
 Comparing "POPC" and "CHSP".
 IF test evaluated as false.  Skip to ELSE or ENDIF
  
 CHARMM>       if lipid .eq. CAMP then
 Comparing "POPC" and "CAMP".
 IF test evaluated as false.  Skip to ELSE or ENDIF
  
 CHARMM>       if lipid .eq. GCAMP then
 Comparing "POPC" and "GCAMP".
 IF test evaluated as false.  Skip to ELSE or ENDIF
  
 CHARMM>       if lipid .eq. GSITO then
 Comparing "POPC" and "GSITO".
 IF test evaluated as false.  Skip to ELSE or ENDIF
  
 CHARMM>       if lipid .eq. GSTIG then
 Comparing "POPC" and "GSTIG".
 IF test evaluated as false.  Skip to ELSE or ENDIF
  
 CHARMM>       if lipid .eq. LANO then
 Comparing "POPC" and "LANO".
 IF test evaluated as false.  Skip to ELSE or ENDIF
  
 CHARMM>       if lipid .eq. PGCAMP then
 Comparing "POPC" and "PGCAMP".
 IF test evaluated as false.  Skip to ELSE or ENDIF
  
 CHARMM>       if lipid .eq. PGSITO then
 Comparing "POPC" and "PGSITO".
 IF test evaluated as false.  Skip to ELSE or ENDIF
  
 CHARMM>       if lipid .eq. CHLH then
 Comparing "POPC" and "CHLH".
 IF test evaluated as false.  Skip to ELSE or ENDIF
  
 CHARMM>       if lipid .eq. PGSTIG then
 Comparing "POPC" and "PGSTIG".
 IF test evaluated as false.  Skip to ELSE or ENDIF
  
 CHARMM>       if lipid .eq. DLPA then
 Comparing "POPC" and "DLPA".
 IF test evaluated as false.  Skip to ELSE or ENDIF
  
 CHARMM>       if lipid .eq. DMPA then
 Comparing "POPC" and "DMPA".
 IF test evaluated as false.  Skip to ELSE or ENDIF
  
 CHARMM>       if lipid .eq. DPPA then
 Comparing "POPC" and "DPPA".
 IF test evaluated as false.  Skip to ELSE or ENDIF
  
 CHARMM>       if lipid .eq. PSPA then
 Comparing "POPC" and "PSPA".
 IF test evaluated as false.  Skip to ELSE or ENDIF
  
 CHARMM>       if lipid .eq. DSPA then
 Comparing "POPC" and "DSPA".
 IF test evaluated as false.  Skip to ELSE or ENDIF
  
 CHARMM>       if lipid .eq. POPA then
 Comparing "POPC" and "POPA".
 IF test evaluated as false.  Skip to ELSE or ENDIF
  
 CHARMM>       if lipid .eq. PLPA then
 Comparing "POPC" and "PLPA".
 IF test evaluated as false.  Skip to ELSE or ENDIF
  
 CHARMM>       if lipid .eq. SOPA then
 Comparing "POPC" and "SOPA".
 IF test evaluated as false.  Skip to ELSE or ENDIF
  
 CHARMM>       if lipid .eq. SLPA then
 Comparing "POPC" and "SLPA".
 IF test evaluated as false.  Skip to ELSE or ENDIF
  
 CHARMM>       if lipid .eq. DYPA then
 Comparing "POPC" and "DYPA".
 IF test evaluated as false.  Skip to ELSE or ENDIF
  
 CHARMM>       if lipid .eq. YOPA then
 Comparing "POPC" and "YOPA".
 IF test evaluated as false.  Skip to ELSE or ENDIF
  
 CHARMM>       if lipid .eq. DOPA then
 Comparing "POPC" and "DOPA".
 IF test evaluated as false.  Skip to ELSE or ENDIF
  
 CHARMM>       if lipid .eq. DGPA then
 Comparing "POPC" and "DGPA".
 IF test evaluated as false.  Skip to ELSE or ENDIF
  
 CHARMM>       if lipid .eq. DEPA then
 Comparing "POPC" and "DEPA".
 IF test evaluated as false.  Skip to ELSE or ENDIF
  
 CHARMM>       if lipid .eq. DNPA then
 Comparing "POPC" and "DNPA".
 IF test evaluated as false.  Skip to ELSE or ENDIF
  
 CHARMM>       if lipid .eq. DDPC then
 Comparing "POPC" and "DDPC".
 IF test evaluated as false.  Skip to ELSE or ENDIF
  
 CHARMM>       if lipid .eq. DCPC then
 Comparing "POPC" and "DCPC".
 IF test evaluated as false.  Skip to ELSE or ENDIF
  
 CHARMM>       if lipid .eq. DLPC then
 Comparing "POPC" and "DLPC".
 IF test evaluated as false.  Skip to ELSE or ENDIF
  
 CHARMM>       if lipid .eq. DMPC then
 Comparing "POPC" and "DMPC".
 IF test evaluated as false.  Skip to ELSE or ENDIF
  
 CHARMM>       if lipid .eq. DPPC then
 Comparing "POPC" and "DPPC".
 IF test evaluated as false.  Skip to ELSE or ENDIF
  
 CHARMM>       if lipid .eq. DSPC then
 Comparing "POPC" and "DSPC".
 IF test evaluated as false.  Skip to ELSE or ENDIF
  
 CHARMM>       if lipid .eq. PYPC then
 Comparing "POPC" and "PYPC".
 IF test evaluated as false.  Skip to ELSE or ENDIF
  
 CHARMM>       if lipid .eq. POPC then
 Comparing "POPC" and "POPC".
 IF test evaluated as true.  Performing command
  
 CHARMM>          calc zpostop = 19
Evaluating: 19
 Parameter: ZPOSTOP <- "19"
  
 CHARMM>          set HG ( type P .or. type N .or. type C1+ .or. type O1+ )
 Parameter: HG <- "( TYPE P .OR. TYPE N .OR. TYPE C1+ .OR. TYPE O1+ )"
  
 CHARMM>          set TL ( type C218 .or. type C316 )
 Parameter: TL <- "( TYPE C218 .OR. TYPE C316 )"
  
 CHARMM>          goto repeatrand
  
 CHARMM>     
  
 CHARMM>          calc cntrand = @cntrand + 1
 Parameter: CNTRAND -> "0"
Evaluating: 0+1
 Parameter: CNTRAND <- "1"
  
 CHARMM>          if cntrand .gt. 100 stop ! replacement may not work.. stop here
 Comparing "1" and "100".
 IF test evaluated as false.  Skipping command
  
 CHARMM>     
  
 CHARMM>          set randn ?RAND
 RDCMND substituted energy or value "?RAND" to "0.610042136"
 Parameter: RANDN <- "0.610042136"
  
 CHARMM>          if randn .le. 0.5 set Lipdir conf1   ! conf1 and conf2 are two directories
 Comparing "0.610042136" and "0.5".
 IF test evaluated as false.  Skipping command
  
 CHARMM>          if randn .gt. 0.5 set Lipdir conf2   ! containing lipid structures
 Comparing "0.610042136" and "0.5".
 IF test evaluated as true.  Performing command
 Parameter: LIPDIR <- "CONF2"
  
 CHARMM>          if randn .le. 0.001 goto repeatrand
 Comparing "0.610042136" and "0.001".
 IF test evaluated as false.  Skipping command
  
 CHARMM>          calc N = int( @randn * 1000 )
 Parameter: RANDN -> "0.610042136"
Evaluating: INT(0.610042136*1000)
 Parameter: N <- "610"
  
 CHARMM>     
  
 CHARMM>          open read card unit 1 name lipid_lib/@lipid/@Lipdir/@lipid_@N.crd
 Parameter: LIPID -> "POPC"
 Parameter: LIPDIR -> "CONF2"
 Parameter: LIPID -> "POPC"
 Parameter: N -> "610"
 VOPEN> Attempting to open::lipid_lib/popc/conf2/popc_610.crd::
 OPNLGU> Unit  1 opened for READONLY access to lipid_lib/popc/conf2/popc_610.crd
  
 CHARMM>          read sequence coor unit 1
 MAINIO> Sequence information being read from unit   1.
 TITLE> * CONF2 609 3.45169
 TITLE> *  DATE:     5/30/14      8: 3:49      CREATED BY USER: WONPIL
 TITLE> *

          RESIDUE SEQUENCE --     1 RESIDUES
          POPC    
  
 CHARMM>          generate L@LipidNum setup noangle nodihedrals first none last none
 Parameter: LIPIDNUM -> "3"
 NO PATCHING WILL BE DONE ON THE FIRST RESIDUE
 NO PATCHING WILL BE DONE ON THE LAST  RESIDUE
 GENPSF> Segment   7 has been generated. Its identifier is L3.
 PSFSUM> PSF modified: NONBOND lists and IMAGE atoms cleared.
 PSFSUM> Summary of the structure file counters :
         Number of segments      =        7   Number of residues   =     1496
         Number of atoms         =    53828   Number of groups     =    15266
         Number of bonds         =    53464   Number of angles     =   101439
         Number of dihedrals     =   144781   Number of impropers  =     2291
         Number of cross-terms   =      620   Number of autogens   =      116
         Number of HB acceptors  =     1019   Number of HB donors  =     1359
         Number of NB exclusions =        0   Total charge =   23.00000
  
 CHARMM>          close unit 1
 VCLOSE: Closing unit    1 with status "KEEP"
  
 CHARMM>     
  
 CHARMM>          open read card unit 1 name lipid_lib/@lipid/@Lipdir/@lipid_@N.crd
 Parameter: LIPID -> "POPC"
 Parameter: LIPDIR -> "CONF2"
 Parameter: LIPID -> "POPC"
 Parameter: N -> "610"
 VOPEN> Attempting to open::lipid_lib/popc/conf2/popc_610.crd::
 OPNLGU> Unit  1 opened for READONLY access to lipid_lib/popc/conf2/popc_610.crd
  
 CHARMM>          read coor card unit 1 append
          SPATIAL COORDINATES BEING READ FROM UNIT  1
 A RESIDUE OFFSET OF1495 WILL BE USED.
 INFO: A subset of total atoms will be read.

 TITLE> * CONF2 609 3.45169
 TITLE> *  DATE:     5/30/14      8: 3:49      CREATED BY USER: WONPIL
 TITLE> *
  
 CHARMM>          close unit 1
 VCLOSE: Closing unit    1 with status "KEEP"
  
 CHARMM>     
  
 CHARMM>          coor print sele ( .not. INIT ) end
 SELRPN>      0 atoms have been selected out of  53828

      ***** LEVEL  2 WARNING FROM <COORIO> *****
      ***** ZERO ATOMS SPECIFIED TO WRITE. NO FILE CREATED
      ******************************************
      BOMLEV (  0) IS NOT REACHED. WRNLEV IS  5

  
 CHARMM>          ic param
  
 CHARMM>          ic build
  
 CHARMM>          prnlev 0

      ***** LEVEL  4 WARNING FROM <GTHBUI> *****
      ***** Zero selection specified
      ******************************************
      BOMLEV (  0) IS NOT REACHED. WRNLEV IS  5

  
 CHARMM>          coor print sele ( .not. INIT ) end
 SELRPN>      0 atoms have been selected out of  53828

      ***** LEVEL  2 WARNING FROM <COORIO> *****
      ***** ZERO ATOMS SPECIFIED TO WRITE. NO FILE CREATED
      ******************************************
      BOMLEV (  0) IS NOT REACHED. WRNLEV IS  5

  
 CHARMM>          if ?nsel .gt. 0 stop
 RDCMND substituted energy or value "?NSEL" to "0"
 Comparing "0" and "0".
 IF test evaluated as false.  Skipping command
  
 CHARMM>     
  
 CHARMM>          ! check to delete any lipids that have tail near head groups
  
 CHARMM>          define ctl sele segid L@LipidNum .and. @tl end
 Parameter: LIPIDNUM -> "3"
 Parameter: TL -> "( TYPE C218 .OR. TYPE C316 )"
 SELRPN>      2 atoms have been selected out of  53828
  
 CHARMM>          coor stat sele ctl end
 SELRPN>      2 atoms have been selected out of  53828
 STATISTICS FOR         2 SELECTED ATOMS:
    XMIN =   -2.968994 XMAX =    2.594560 XAVE =   -0.187217
    YMIN =   -1.362842 YMAX =    4.166155 YAVE =    1.401657
    ZMIN =  -18.249826 ZMAX =  -18.153607 ZAVE =  -18.201717
    WMIN =    0.000000 WMAX =    0.000000 WAVE =    0.000000
  
 CHARMM>          if ?ZAVE ge -5.0 then
 RDCMND substituted energy or value "?ZAVE" to "-18.2017166"
 Comparing "-18.2017166" and "-5.0".
 IF test evaluated as false.  Skip to ELSE or ENDIF
  
 CHARMM>     
  
 CHARMM>          label nextstep
  
 CHARMM>     
  
 CHARMM>          ! put the X-Y center of mass of the lipid head at the origin
  
 CHARMM>          coor stat sele segid L@LipidNum .and. @HG end
 Parameter: LIPIDNUM -> "3"
 Parameter: HG -> "( TYPE P .OR. TYPE N .OR. TYPE C1+ .OR. TYPE O1+ )"
 SELRPN>     11 atoms have been selected out of  53828
 STATISTICS FOR        11 SELECTED ATOMS:
    XMIN =   -3.850590 XMAX =    1.853411 XAVE =   -0.956116
    YMIN =   -3.287666 YMAX =    1.287587 YAVE =   -1.089140
    ZMIN =   -3.250686 ZMAX =    2.333248 ZAVE =   -0.360592
    WMIN =    0.000000 WMAX =    0.000000 WAVE =    0.000000
  
 CHARMM>          coor trans xdir -?XAVE ydir -?YAVE zdir -?ZAVE select segid L@LipidNum end
 Parameter: LIPIDNUM -> "3"
 RDCMND substituted energy or value "?XAVE" to "-0.95611597"
 RDCMND substituted energy or value "?YAVE" to "-1.08914015"
 RDCMND substituted energy or value "?ZAVE" to "-0.360592033"
 SELRPN>    134 atoms have been selected out of  53828
 TRANSLATION VECTOR     0.956116    1.089140    0.360592
 SELECTED COORDINATES TRANSLATED IN THE MAIN SET.

  
 CHARMM>     
  
 CHARMM>          ! randomly rotate along Z
  
 CHARMM>          calc rotang = 360.0 * ?rand
 RDCMND substituted energy or value "?RAND" to "0.331545299"
Evaluating: 360.0*0.331545299
 Parameter: ROTANG <- "119.356308"
  
 CHARMM>          coor rotate zdir 1.0 phi @rotang select segid L@LipidNum end
 Parameter: ROTANG -> "119.356308"
 Parameter: LIPIDNUM -> "3"
 SELRPN>    134 atoms have been selected out of  53828
 ROTATION MATRIX
   -0.490239    0.871588    0.000000
   -0.871588   -0.490239    0.000000
    0.000000    0.000000    1.000000

 AXIS OF ROTATION IS  0.000000  0.000000  1.000000  ANGLE IS  119.36

 SELECTED COORDINATES ROTATED IN THE MAIN SET.

  
 CHARMM>     
  
 CHARMM>          ! flip the orientation of the lipids in the lower monolayer if head Z le 0
  
 CHARMM>          coor stat sele repack .and. @HG end
 Parameter: HG -> "( TYPE P .OR. TYPE N .OR. TYPE C1+ .OR. TYPE O1+ )"
 SELRPN>     11 atoms have been selected out of  53828
 STATISTICS FOR        11 SELECTED ATOMS:
    XMIN =  -33.683162 XMAX =  -27.608796 XAVE =  -30.798359
    YMIN =   22.971770 YMAX =   26.134945 YAVE =   24.495384
    ZMIN =   17.378526 ZMAX =   20.712939 ZAVE =   19.000000
    WMIN =    0.000000 WMAX =    0.000000 WAVE =    0.000000
  
 CHARMM>          if ?ZMIN le 0  coor rotate xdir 1.0  phi 180.0 select segid L@LipidNum end
 Parameter: LIPIDNUM -> "3"
 RDCMND substituted energy or value "?ZMIN" to "17.3785262"
 Comparing "17.3785262" and "0".
 IF test evaluated as false.  Skipping command
  
 CHARMM>     
  
 CHARMM>          ! put the head group at the location of the spheres
  
 CHARMM>          coor stat sele repack .and. @HG end
 Parameter: HG -> "( TYPE P .OR. TYPE N .OR. TYPE C1+ .OR. TYPE O1+ )"
 SELRPN>     11 atoms have been selected out of  53828
 STATISTICS FOR        11 SELECTED ATOMS:
    XMIN =  -33.683162 XMAX =  -27.608796 XAVE =  -30.798359
    YMIN =   22.971770 YMAX =   26.134945 YAVE =   24.495384
    ZMIN =   17.378526 ZMAX =   20.712939 ZAVE =   19.000000
    WMIN =    0.000000 WMAX =    0.000000 WAVE =    0.000000
  
 CHARMM>          set xhead = ?xave
 RDCMND substituted energy or value "?XAVE" to "-30.7983588"
 Parameter: XHEAD <- "-30.7983588"
  
 CHARMM>          set yhead = ?yave
 RDCMND substituted energy or value "?YAVE" to "24.4953841"
 Parameter: YHEAD <- "24.4953841"
  
 CHARMM>          set zhead = ?zave
 RDCMND substituted energy or value "?ZAVE" to "19"
 Parameter: ZHEAD <- "19"
  
 CHARMM>          coor trans xdir @xhead ydir @yhead zdir @zhead select segid L@LipidNum end
 Parameter: XHEAD -> "-30.7983588"
 Parameter: YHEAD -> "24.4953841"
 Parameter: ZHEAD -> "19"
 Parameter: LIPIDNUM -> "3"
 SELRPN>    134 atoms have been selected out of  53828
 TRANSLATION VECTOR   -30.798359   24.495384   19.000000
 SELECTED COORDINATES TRANSLATED IN THE MAIN SET.

  
 CHARMM>     
  
 CHARMM>          set nbad = 5
 Parameter: NBAD <- "5"
  
 CHARMM>          ! increase the lipid bad contact limit for cardiolipin
  
 CHARMM>          if lipid .eq. TMCL1  set nbad = 10
 Comparing "POPC" and "TMCL1".
 IF test evaluated as false.  Skipping command
  
 CHARMM>          if lipid .eq. TMCL2  set nbad = 10
 Comparing "POPC" and "TMCL2".
 IF test evaluated as false.  Skipping command
  
 CHARMM>          if lipid .eq. PMCL1  set nbad = 10
 Comparing "POPC" and "PMCL1".
 IF test evaluated as false.  Skipping command
  
 CHARMM>          if lipid .eq. PMCL2  set nbad = 10
 Comparing "POPC" and "PMCL2".
 IF test evaluated as false.  Skipping command
  
 CHARMM>          if lipid .eq. PAICL2 set nbad = 10
 Comparing "POPC" and "PAICL2".
 IF test evaluated as false.  Skipping command
  
 CHARMM>          if lipid .eq. PVCL2  set nbad = 10
 Comparing "POPC" and "PVCL2".
 IF test evaluated as false.  Skipping command
  
 CHARMM>          if lipid .eq. POCL1  set nbad = 10
 Comparing "POPC" and "POCL1".
 IF test evaluated as false.  Skipping command
  
 CHARMM>          if lipid .eq. POCL2  set nbad = 10
 Comparing "POPC" and "POCL2".
 IF test evaluated as false.  Skipping command
  
 CHARMM>          if lipid .eq. TYCL1  set nbad = 10
 Comparing "POPC" and "TYCL1".
 IF test evaluated as false.  Skipping command
  
 CHARMM>          if lipid .eq. TYCL2  set nbad = 10
 Comparing "POPC" and "TYCL2".
 IF test evaluated as false.  Skipping command
  
 CHARMM>          if lipid .eq. TOCL1  set nbad = 10
 Comparing "POPC" and "TOCL1".
 IF test evaluated as false.  Skipping command
  
 CHARMM>          if lipid .eq. TOCL2  set nbad = 10
 Comparing "POPC" and "TOCL2".
 IF test evaluated as false.  Skipping command
  
 CHARMM>          if lipid .eq. LOACL1 set nbad = 10
 Comparing "POPC" and "LOACL1".
 IF test evaluated as false.  Skipping command
  
 CHARMM>          if lipid .eq. LOACL2 set nbad = 10
 Comparing "POPC" and "LOACL2".
 IF test evaluated as false.  Skipping command
  
 CHARMM>          if lipid .eq. LOCCL1 set nbad = 10
 Comparing "POPC" and "LOCCL1".
 IF test evaluated as false.  Skipping command
  
 CHARMM>          if lipid .eq. LOCCL2 set nbad = 10
 Comparing "POPC" and "LOCCL2".
 IF test evaluated as false.  Skipping command
  
 CHARMM>          if lipid .eq. TLCL1  set nbad = 10
 Comparing "POPC" and "TLCL1".
 IF test evaluated as false.  Skipping command
  
 CHARMM>          if lipid .eq. TLCL2  set nbad = 10
 Comparing "POPC" and "TLCL2".
 IF test evaluated as false.  Skipping command
  
 CHARMM>          if lipid .eq. LNCCL1 set nbad = 10
 Comparing "POPC" and "LNCCL1".
 IF test evaluated as false.  Skipping command
  
 CHARMM>          if lipid .eq. LNCCL2 set nbad = 10
 Comparing "POPC" and "LNCCL2".
 IF test evaluated as false.  Skipping command
  
 CHARMM>          if lipid .eq. LNACL1 set nbad = 10
 Comparing "POPC" and "LNACL1".
 IF test evaluated as false.  Skipping command
  
 CHARMM>          if lipid .eq. LNACL2 set nbad = 10
 Comparing "POPC" and "LNACL2".
 IF test evaluated as false.  Skipping command
  
 CHARMM>          if lipid .eq. LNDCL1 set nbad = 10
 Comparing "POPC" and "LNDCL1".
 IF test evaluated as false.  Skipping command
  
 CHARMM>          if lipid .eq. LNDCL2 set nbad = 10
 Comparing "POPC" and "LNDCL2".
 IF test evaluated as false.  Skipping command
  
 CHARMM>          if lipid .eq. LNBCL1 set nbad = 10
 Comparing "POPC" and "LNBCL1".
 IF test evaluated as false.  Skipping command
  
 CHARMM>          if lipid .eq. LNBCL2 set nbad = 10
 Comparing "POPC" and "LNBCL2".
 IF test evaluated as false.  Skipping command
  
 CHARMM>          if lipid .eq. ARCL2  set nbad = 10
 Comparing "POPC" and "ARCL2".
 IF test evaluated as false.  Skipping command
  
 CHARMM>     
  
 CHARMM>          !
  
 CHARMM>          ! check whether the lipid penetrates the protein (or cholesterol)
  
 CHARMM>          !
  
 CHARMM>     
  
 CHARMM>          calc delang    = 35.0   ! rotation increment
Evaluating: 35.0
 Parameter: DELANG <- "35"
  
 CHARMM>          calc delxy     =  1.0   ! xy translation increment
Evaluating: 1.0
 Parameter: DELXY <- "1"
  
 CHARMM>     
  
 CHARMM>          define target sele segid L@LipidNum end
 Parameter: LIPIDNUM -> "3"
 SELRPN>    134 atoms have been selected out of  53828
  
 CHARMM>     
  
 CHARMM>          coor stat sele target end
 SELRPN>    134 atoms have been selected out of  53828
 STATISTICS FOR       134 SELECTED ATOMS:
    XMIN =  -34.977668 XMAX =  -25.800997 XAVE =  -29.753557
    YMIN =   17.638847 YMAX =   28.287477 YAVE =   23.254812
    ZMIN =    0.446567 ZMAX =   22.283988 ZAVE =    9.823759
    WMIN =    0.000000 WMAX =    0.000000 WAVE =    0.000000
  
 CHARMM>          calc dcut = 5.0
Evaluating: 5.0
 Parameter: DCUT <- "5"
  
 CHARMM>          calc xmax = ?xmax + @dcut
 Parameter: DCUT -> "5"
 RDCMND substituted energy or value "?XMAX" to "-25.8009974"
Evaluating: -25.8009974+5
 Parameter: XMAX <- "-20.8009974"
  
 CHARMM>          calc ymax = ?ymax + @dcut
 Parameter: DCUT -> "5"
 RDCMND substituted energy or value "?YMAX" to "28.287477"
Evaluating: 28.287477+5
 Parameter: YMAX <- "33.287477"
  
 CHARMM>          calc zmax = ?zmax + @dcut
 Parameter: DCUT -> "5"
 RDCMND substituted energy or value "?ZMAX" to "22.2839882"
Evaluating: 22.2839882+5
 Parameter: ZMAX <- "27.2839882"
  
 CHARMM>          calc xmin = ?xmin - @dcut
 Parameter: DCUT -> "5"
 RDCMND substituted energy or value "?XMIN" to "-34.9776679"
Evaluating: -34.9776679-5
 Parameter: XMIN <- "-39.9776679"
  
 CHARMM>          calc ymin = ?ymin - @dcut
 Parameter: DCUT -> "5"
 RDCMND substituted energy or value "?YMIN" to "17.6388466"
Evaluating: 17.6388466-5
 Parameter: YMIN <- "12.6388466"
  
 CHARMM>          calc zmin = ?zmin - @dcut
 Parameter: DCUT -> "5"
 RDCMND substituted energy or value "?ZMIN" to "0.446566836"
Evaluating: 0.446566836-5
 Parameter: ZMIN <- "-4.55343316"
  
 CHARMM>     
  
 CHARMM>          calc XYhalf = @A / 2
 Parameter: A -> "109.631309"
Evaluating: 109.631309/2
 Parameter: XYHALF <- "54.8156545"
  
 CHARMM>     
  
 CHARMM>          define prxp sele ( prop X .ge. @XYhalf ) .and. .not. target end
 Parameter: XYHALF -> "54.8156545"
 SELRPN>    261 atoms have been selected out of  53828
  
 CHARMM>          set nprxp = ?nsel
 RDCMND substituted energy or value "?NSEL" to "261"
 Parameter: NPRXP <- "261"
  
 CHARMM>          if nprxp .gt. 0 coor trans xdir -@A sele prxp end
 Parameter: A -> "109.631309"
 Comparing "261" and "0".
 IF test evaluated as true.  Performing command
 SELRPN>    261 atoms have been selected out of  53828
 TRANSLATION VECTOR  -109.631309    0.000000    0.000000
 SELECTED COORDINATES TRANSLATED IN THE MAIN SET.

  
 CHARMM>          define pryp sele ( prop Y .ge. @XYhalf ) .and. .not. target end
 Parameter: XYHALF -> "54.8156545"
 SELRPN>    710 atoms have been selected out of  53828
  
 CHARMM>          set npryp = ?nsel
 RDCMND substituted energy or value "?NSEL" to "710"
 Parameter: NPRYP <- "710"
  
 CHARMM>          if npryp .gt. 0 coor trans ydir -@A sele pryp end
 Parameter: A -> "109.631309"
 Comparing "710" and "0".
 IF test evaluated as true.  Performing command
 SELRPN>    710 atoms have been selected out of  53828
 TRANSLATION VECTOR     0.000000 -109.631309    0.000000
 SELECTED COORDINATES TRANSLATED IN THE MAIN SET.

  
 CHARMM>          define prxn sele ( prop X .le. -@XYhalf ) .and. .not. target end
 Parameter: XYHALF -> "54.8156545"
 SELRPN>    507 atoms have been selected out of  53828
  
 CHARMM>          set nprxn = ?nsel
 RDCMND substituted energy or value "?NSEL" to "507"
 Parameter: NPRXN <- "507"
  
 CHARMM>          if nprxn .gt. 0 coor trans xdir @A sele prxn end
 Parameter: A -> "109.631309"
 Comparing "507" and "0".
 IF test evaluated as true.  Performing command
 SELRPN>    507 atoms have been selected out of  53828
 TRANSLATION VECTOR   109.631309    0.000000    0.000000
 SELECTED COORDINATES TRANSLATED IN THE MAIN SET.

  
 CHARMM>          define pryn sele ( prop Y .le. -@XYhalf ) .and. .not. target end
 Parameter: XYHALF -> "54.8156545"
 SELRPN>    516 atoms have been selected out of  53828
  
 CHARMM>          set npryn = ?nsel
 RDCMND substituted energy or value "?NSEL" to "516"
 Parameter: NPRYN <- "516"
  
 CHARMM>          if npryn .gt. 0 coor trans ydir @A sele pryn end
 Parameter: A -> "109.631309"
 Comparing "516" and "0".
 IF test evaluated as true.  Performing command
 SELRPN>    516 atoms have been selected out of  53828
 TRANSLATION VECTOR     0.000000  109.631309    0.000000
 SELECTED COORDINATES TRANSLATED IN THE MAIN SET.

  
 CHARMM>     
  
 CHARMM>          define imxp sele none end
 SELRPN>      0 atoms have been selected out of  53828
  
 CHARMM>          define imyp sele none end
 SELRPN>      0 atoms have been selected out of  53828
  
 CHARMM>          define imxn sele none end
 SELRPN>      0 atoms have been selected out of  53828
  
 CHARMM>          define imyn sele none end
 SELRPN>      0 atoms have been selected out of  53828
  
 CHARMM>     
  
 CHARMM>          set nimxp = 0
 Parameter: NIMXP <- "0"
  
 CHARMM>          set nimyp = 0
 Parameter: NIMYP <- "0"
  
 CHARMM>          set nimxn = 0
 Parameter: NIMXN <- "0"
  
 CHARMM>          set nimyn = 0
 Parameter: NIMYN <- "0"
  
 CHARMM>     
  
 CHARMM>          if xmax .gt. @XYhalf then
 Parameter: XYHALF -> "54.8156545"
 Comparing "-20.8009974" and "54.8156545".
 IF test evaluated as false.  Skip to ELSE or ENDIF
  
 CHARMM>          if ymax .gt. @XYhalf then
 Parameter: XYHALF -> "54.8156545"
 Comparing "33.287477" and "54.8156545".
 IF test evaluated as false.  Skip to ELSE or ENDIF
  
 CHARMM>          if xmin .lt. -@XYhalf then
 Parameter: XYHALF -> "54.8156545"
 Comparing "-39.9776679" and "-54.8156545".
 IF test evaluated as false.  Skip to ELSE or ENDIF
  
 CHARMM>          if ymin .lt. -@XYhalf then
 Parameter: XYHALF -> "54.8156545"
 Comparing "12.6388466" and "-54.8156545".
 IF test evaluated as false.  Skip to ELSE or ENDIF
  
 CHARMM>     
  
 CHARMM>          define JUNK sele .not. target .and. .not. hydrogen .and. -
 CHARMM>                           prop X .lt. @xmax .and. prop X .gt. @xmin .and. -
 CHARMM>                           prop Y .lt. @ymax .and. prop Y .gt. @ymin .and. -
 CHARMM>                           prop Z .lt. @zmax .and. prop Z .gt. @zmin  end
 Parameter: XMAX -> "-20.8009974"
 Parameter: XMIN -> "-39.9776679"
 Parameter: YMAX -> "33.287477"
 Parameter: YMIN -> "12.6388466"
 Parameter: ZMAX -> "27.2839882"
 Parameter: ZMIN -> "-4.55343316"
 SELRPN>    440 atoms have been selected out of  53828
  
 CHARMM>     
  
 CHARMM>          calc xmove = 0.0
Evaluating: 0.0
 Parameter: XMOVE <- "0"
  
 CHARMM>          calc ymove = 0.0
Evaluating: 0.0
 Parameter: YMOVE <- "0"
  
 CHARMM>          calc nxymove = 1
Evaluating: 1
 Parameter: NXYMOVE <- "1"
  
 CHARMM>     
  
 CHARMM>          label doxymove
  
 CHARMM>     
  
 CHARMM>             if nxymove .eq. 2 incr xmove by 1
 Comparing "1" and "2".
 IF test evaluated as false.  Skipping command
  
 CHARMM>             if nxymove .eq. 3 incr ymove by 1
 Comparing "1" and "3".
 IF test evaluated as false.  Skipping command
  
 CHARMM>             if nxymove .eq. 4 decr xmove by 1
 Comparing "1" and "4".
 IF test evaluated as false.  Skipping command
  
 CHARMM>             if nxymove .eq. 5 decr xmove by 1
 Comparing "1" and "5".
 IF test evaluated as false.  Skipping command
  
 CHARMM>             if nxymove .eq. 6 decr ymove by 1
 Comparing "1" and "6".
 IF test evaluated as false.  Skipping command
  
 CHARMM>             if nxymove .eq. 7 decr ymove by 1
 Comparing "1" and "7".
 IF test evaluated as false.  Skipping command
  
 CHARMM>             if nxymove .eq. 8 incr xmove by 1
 Comparing "1" and "8".
 IF test evaluated as false.  Skipping command
  
 CHARMM>             if nxymove .eq. 9 incr xmove by 1
 Comparing "1" and "9".
 IF test evaluated as false.  Skipping command
  
 CHARMM>     
  
 CHARMM>             calc xtran = @xhead + @xmove
 Parameter: XHEAD -> "-30.7983588"
 Parameter: XMOVE -> "0"
Evaluating: -30.7983588+0
 Parameter: XTRAN <- "-30.7983588"
  
 CHARMM>             calc ytran = @yhead + @ymove
 Parameter: YHEAD -> "24.4953841"
 Parameter: YMOVE -> "0"
Evaluating: 24.4953841+0
 Parameter: YTRAN <- "24.4953841"
  
 CHARMM>     
  
 CHARMM>             calc rotang = 0.0
Evaluating: 0.0
 Parameter: ROTANG <- "0"
  
 CHARMM>             label dorot
  
 CHARMM>     
  
 CHARMM>                coor rotate zdir 1.0 xcen @xtran ycen @ytran zcen @zhead phi @rotang sele target end
 Parameter: XTRAN -> "-30.7983588"
 Parameter: YTRAN -> "24.4953841"
 Parameter: ZHEAD -> "19"
 Parameter: ROTANG -> "0"
 SELRPN>    134 atoms have been selected out of  53828
 ROTATION MATRIX
    1.000000    0.000000    0.000000
    0.000000    1.000000    0.000000
    0.000000    0.000000    1.000000

 VERY LITTLE ROTATION: NO AXIS FOUND
 SELECTED COORDINATES ROTATED IN THE MAIN SET.

  
 CHARMM>     
  
 CHARMM>                set dotrans = 1
 Parameter: DOTRANS <- "1"
  
 CHARMM>                label doclash
  
 CHARMM>                   if dotrans .eq. 2 coor trans xdir  1.0 ydir  1.0 dist 0.71 sele target end
 Comparing "1" and "2".
 IF test evaluated as false.  Skipping command
  
 CHARMM>                   if dotrans .eq. 3 coor trans xdir  1.0 ydir -1.0 dist 0.71 sele target end
 Comparing "1" and "3".
 IF test evaluated as false.  Skipping command
  
 CHARMM>                   if dotrans .eq. 4 coor trans xdir -1.0 ydir  1.0 dist 0.71 sele target end
 Comparing "1" and "4".
 IF test evaluated as false.  Skipping command
  
 CHARMM>                   if dotrans .eq. 5 coor trans xdir -1.0 ydir -1.0 dist 0.71 sele target end
 Comparing "1" and "5".
 IF test evaluated as false.  Skipping command
  
 CHARMM>     
  
 CHARMM>                   if issterol .eq. yes then
 Comparing "NO" and "YES".
 IF test evaluated as false.  Skip to ELSE or ENDIF
  
 CHARMM>                      if nsterol .gt. 0 then
 Comparing "68" and "0".
 IF test evaluated as true.  Performing command
  
 CHARMM>                         ! to prevent the penetration of lipid molecules into cholesterol rings
  
 CHARMM>                         coor dist cut 1.0 sele segid L@LipidNum .and. .not. resname TIP3 .and. .not. hydrogen end  -
 CHARMM>                                                sele ((STEROL .and. ( type c% .or. type c1* )) .or. segid DUM) .and. JUNK end
 Parameter: LIPIDNUM -> "3"
 SELRPN>     52 atoms have been selected out of  53828
 SELRPN>     48 atoms have been selected out of  53828

            DISTANCES FOR SELECTED ATOMS
 TOTAL EXCLUSION COUNT =         0
 TOTAL 1-4 EXCLUSIONS  =         0
 TOTAL NON-EXCLUSIONS  =         0
  
 CHARMM>                         if ?npair gt 0 goto domorerot
 RDCMND substituted energy or value "?NPAIR" to "0"
 Comparing "0" and "0".
 IF test evaluated as false.  Skipping command
  
 CHARMM>                      endif
  
 CHARMM>     
  
 CHARMM>                      !protein-check
  
 CHARMM>                      !
  
 CHARMM>                      coor dist cut 1.7 sele segid L@LipidNum .and. .not. resname TIP3 .and. .not. hydrogen end  -
 CHARMM>                                            sele PROT .and. .not. resname TIP3 .and. JUNK end
 Parameter: LIPIDNUM -> "3"
 SELRPN>     52 atoms have been selected out of  53828
 SELRPN>    111 atoms have been selected out of  53828

            DISTANCES FOR SELECTED ATOMS
53695 L3       POPC     1        N       -4731 PROA     SER      292      O             1.6588
53696 L3       POPC     1        C12     -4731 PROA     SER      292      O             1.6920
53703 L3       POPC     1        C14     -4694 PROA     THR      289      O             1.4704
53707 L3       POPC     1        C15     -4730 PROA     SER      292      C             1.4912
53707 L3       POPC     1        C15     -4731 PROA     SER      292      O             1.3288
 TOTAL EXCLUSION COUNT =         0
 TOTAL 1-4 EXCLUSIONS  =         0
 TOTAL NON-EXCLUSIONS  =         5
  
 CHARMM>                      if ?npair gt 8 goto domorerot
 RDCMND substituted energy or value "?NPAIR" to "5"
 Comparing "5" and "8".
 IF test evaluated as false.  Skipping command
  
 CHARMM>     
  
 CHARMM>                      !lipid-check
  
 CHARMM>                      !
  
 CHARMM>                      coor dist cut 1.2 sele segid L@LipidNum .and. .not. resname TIP3 .and. .not. hydrogen end  -
 CHARMM>                                             sele .not. ( repack .or. segid L@LipidNum .or. resname TIP3 .or. PROT ) .and. JUNK end
 Parameter: LIPIDNUM -> "3"
 Parameter: LIPIDNUM -> "3"
 SELRPN>     52 atoms have been selected out of  53828
 SELRPN>    270 atoms have been selected out of  53828

            DISTANCES FOR SELECTED ATOMS
 TOTAL EXCLUSION COUNT =         0
 TOTAL 1-4 EXCLUSIONS  =         0
 TOTAL NON-EXCLUSIONS  =         0
  
 CHARMM>                      if ?npair gt @nbad goto domorerot
 Parameter: NBAD -> "5"
 RDCMND substituted energy or value "?NPAIR" to "0"
 Comparing "0" and "5".
 IF test evaluated as false.  Skipping command
  
 CHARMM>                   endif
  
 CHARMM>     
  
 CHARMM>                   if dotrans .eq. 2 coor trans xdir -1.0 ydir -1.0 dist 0.71 sele target end
 Comparing "1" and "2".
 IF test evaluated as false.  Skipping command
  
 CHARMM>                   if dotrans .eq. 3 coor trans xdir -1.0 ydir  1.0 dist 0.71 sele target end
 Comparing "1" and "3".
 IF test evaluated as false.  Skipping command
  
 CHARMM>                   if dotrans .eq. 4 coor trans xdir  1.0 ydir -1.0 dist 0.71 sele target end
 Comparing "1" and "4".
 IF test evaluated as false.  Skipping command
  
 CHARMM>                   if dotrans .eq. 5 coor trans xdir  1.0 ydir  1.0 dist 0.71 sele target end
 Comparing "1" and "5".
 IF test evaluated as false.  Skipping command
  
 CHARMM>     
  
 CHARMM>                incr dotrans by 1
 Parameter: DOTRANS <- "2"
  
 CHARMM>                if dotrans .le. 5 goto doclash
 Comparing "2" and "5".
 IF test evaluated as true.  Performing command
  
 CHARMM>                   if dotrans .eq. 2 coor trans xdir  1.0 ydir  1.0 dist 0.71 sele target end
 Comparing "2" and "2".
 IF test evaluated as true.  Performing command
 SELRPN>    134 atoms have been selected out of  53828
 TRANSLATION VECTOR     0.502046    0.502046    0.000000
 SELECTED COORDINATES TRANSLATED IN THE MAIN SET.

  
 CHARMM>                   if dotrans .eq. 3 coor trans xdir  1.0 ydir -1.0 dist 0.71 sele target end
 Comparing "2" and "3".
 IF test evaluated as false.  Skipping command
  
 CHARMM>                   if dotrans .eq. 4 coor trans xdir -1.0 ydir  1.0 dist 0.71 sele target end
 Comparing "2" and "4".
 IF test evaluated as false.  Skipping command
  
 CHARMM>                   if dotrans .eq. 5 coor trans xdir -1.0 ydir -1.0 dist 0.71 sele target end
 Comparing "2" and "5".
 IF test evaluated as false.  Skipping command
  
 CHARMM>     
  
 CHARMM>                   if issterol .eq. yes then
 Comparing "NO" and "YES".
 IF test evaluated as false.  Skip to ELSE or ENDIF
  
 CHARMM>                      if nsterol .gt. 0 then
 Comparing "68" and "0".
 IF test evaluated as true.  Performing command
  
 CHARMM>                         ! to prevent the penetration of lipid molecules into cholesterol rings
  
 CHARMM>                         coor dist cut 1.0 sele segid L@LipidNum .and. .not. resname TIP3 .and. .not. hydrogen end  -
 CHARMM>                                                sele ((STEROL .and. ( type c% .or. type c1* )) .or. segid DUM) .and. JUNK end
 Parameter: LIPIDNUM -> "3"
 SELRPN>     52 atoms have been selected out of  53828
 SELRPN>     48 atoms have been selected out of  53828

            DISTANCES FOR SELECTED ATOMS
 TOTAL EXCLUSION COUNT =         0
 TOTAL 1-4 EXCLUSIONS  =         0
 TOTAL NON-EXCLUSIONS  =         0
  
 CHARMM>                         if ?npair gt 0 goto domorerot
 RDCMND substituted energy or value "?NPAIR" to "0"
 Comparing "0" and "0".
 IF test evaluated as false.  Skipping command
  
 CHARMM>                      endif
  
 CHARMM>     
  
 CHARMM>                      !protein-check
  
 CHARMM>                      !
  
 CHARMM>                      coor dist cut 1.7 sele segid L@LipidNum .and. .not. resname TIP3 .and. .not. hydrogen end  -
 CHARMM>                                            sele PROT .and. .not. resname TIP3 .and. JUNK end
 Parameter: LIPIDNUM -> "3"
 SELRPN>     52 atoms have been selected out of  53828
 SELRPN>    111 atoms have been selected out of  53828

            DISTANCES FOR SELECTED ATOMS
53695 L3       POPC     1        N       -4731 PROA     SER      292      O             1.4549
53696 L3       POPC     1        C12     -4731 PROA     SER      292      O             1.0341
53703 L3       POPC     1        C14     -4721 PROA     SER      292      N             1.2331
53707 L3       POPC     1        C15     -4723 PROA     SER      292      CA            1.6610
53707 L3       POPC     1        C15     -4730 PROA     SER      292      C             1.3721
53711 L3       POPC     1        C11     -4731 PROA     SER      292      O             1.5463
 TOTAL EXCLUSION COUNT =         0
 TOTAL 1-4 EXCLUSIONS  =         0
 TOTAL NON-EXCLUSIONS  =         6
  
 CHARMM>                      if ?npair gt 8 goto domorerot
 RDCMND substituted energy or value "?NPAIR" to "6"
 Comparing "6" and "8".
 IF test evaluated as false.  Skipping command
  
 CHARMM>     
  
 CHARMM>                      !lipid-check
  
 CHARMM>                      !
  
 CHARMM>                      coor dist cut 1.2 sele segid L@LipidNum .and. .not. resname TIP3 .and. .not. hydrogen end  -
 CHARMM>                                             sele .not. ( repack .or. segid L@LipidNum .or. resname TIP3 .or. PROT ) .and. JUNK end
 Parameter: LIPIDNUM -> "3"
 Parameter: LIPIDNUM -> "3"
 SELRPN>     52 atoms have been selected out of  53828
 SELRPN>    270 atoms have been selected out of  53828

            DISTANCES FOR SELECTED ATOMS
 TOTAL EXCLUSION COUNT =         0
 TOTAL 1-4 EXCLUSIONS  =         0
 TOTAL NON-EXCLUSIONS  =         0
  
 CHARMM>                      if ?npair gt @nbad goto domorerot
 Parameter: NBAD -> "5"
 RDCMND substituted energy or value "?NPAIR" to "0"
 Comparing "0" and "5".
 IF test evaluated as false.  Skipping command
  
 CHARMM>                   endif
  
 CHARMM>     
  
 CHARMM>                   if dotrans .eq. 2 coor trans xdir -1.0 ydir -1.0 dist 0.71 sele target end
 Comparing "2" and "2".
 IF test evaluated as true.  Performing command
 SELRPN>    134 atoms have been selected out of  53828
 TRANSLATION VECTOR    -0.502046   -0.502046    0.000000
 SELECTED COORDINATES TRANSLATED IN THE MAIN SET.

  
 CHARMM>                   if dotrans .eq. 3 coor trans xdir -1.0 ydir  1.0 dist 0.71 sele target end
 Comparing "2" and "3".
 IF test evaluated as false.  Skipping command
  
 CHARMM>                   if dotrans .eq. 4 coor trans xdir  1.0 ydir -1.0 dist 0.71 sele target end
 Comparing "2" and "4".
 IF test evaluated as false.  Skipping command
  
 CHARMM>                   if dotrans .eq. 5 coor trans xdir  1.0 ydir  1.0 dist 0.71 sele target end
 Comparing "2" and "5".
 IF test evaluated as false.  Skipping command
  
 CHARMM>     
  
 CHARMM>                incr dotrans by 1
 Parameter: DOTRANS <- "3"
  
 CHARMM>                if dotrans .le. 5 goto doclash
 Comparing "3" and "5".
 IF test evaluated as true.  Performing command
  
 CHARMM>                   if dotrans .eq. 2 coor trans xdir  1.0 ydir  1.0 dist 0.71 sele target end
 Comparing "3" and "2".
 IF test evaluated as false.  Skipping command
  
 CHARMM>                   if dotrans .eq. 3 coor trans xdir  1.0 ydir -1.0 dist 0.71 sele target end
 Comparing "3" and "3".
 IF test evaluated as true.  Performing command
 SELRPN>    134 atoms have been selected out of  53828
 TRANSLATION VECTOR     0.502046   -0.502046    0.000000
 SELECTED COORDINATES TRANSLATED IN THE MAIN SET.

  
 CHARMM>                   if dotrans .eq. 4 coor trans xdir -1.0 ydir  1.0 dist 0.71 sele target end
 Comparing "3" and "4".
 IF test evaluated as false.  Skipping command
  
 CHARMM>                   if dotrans .eq. 5 coor trans xdir -1.0 ydir -1.0 dist 0.71 sele target end
 Comparing "3" and "5".
 IF test evaluated as false.  Skipping command
  
 CHARMM>     
  
 CHARMM>                   if issterol .eq. yes then
 Comparing "NO" and "YES".
 IF test evaluated as false.  Skip to ELSE or ENDIF
  
 CHARMM>                      if nsterol .gt. 0 then
 Comparing "68" and "0".
 IF test evaluated as true.  Performing command
  
 CHARMM>                         ! to prevent the penetration of lipid molecules into cholesterol rings
  
 CHARMM>                         coor dist cut 1.0 sele segid L@LipidNum .and. .not. resname TIP3 .and. .not. hydrogen end  -
 CHARMM>                                                sele ((STEROL .and. ( type c% .or. type c1* )) .or. segid DUM) .and. JUNK end
 Parameter: LIPIDNUM -> "3"
 SELRPN>     52 atoms have been selected out of  53828
 SELRPN>     48 atoms have been selected out of  53828

            DISTANCES FOR SELECTED ATOMS
 TOTAL EXCLUSION COUNT =         0
 TOTAL 1-4 EXCLUSIONS  =         0
 TOTAL NON-EXCLUSIONS  =         0
  
 CHARMM>                         if ?npair gt 0 goto domorerot
 RDCMND substituted energy or value "?NPAIR" to "0"
 Comparing "0" and "0".
 IF test evaluated as false.  Skipping command
  
 CHARMM>                      endif
  
 CHARMM>     
  
 CHARMM>                      !protein-check
  
 CHARMM>                      !
  
 CHARMM>                      coor dist cut 1.7 sele segid L@LipidNum .and. .not. resname TIP3 .and. .not. hydrogen end  -
 CHARMM>                                            sele PROT .and. .not. resname TIP3 .and. JUNK end
 Parameter: LIPIDNUM -> "3"
 SELRPN>     52 atoms have been selected out of  53828
 SELRPN>    111 atoms have been selected out of  53828

            DISTANCES FOR SELECTED ATOMS
53695 L3       POPC     1        N       -4731 PROA     SER      292      O             1.1083
53703 L3       POPC     1        C14     -4694 PROA     THR      289      O             1.3337
53707 L3       POPC     1        C15     -4730 PROA     SER      292      C             0.9612
53707 L3       POPC     1        C15     -4731 PROA     SER      292      O             0.8021
53718 L3       POPC     1        O11     -4750 PROA     ALA      294      CB            1.6013
53719 L3       POPC     1        C1      -4750 PROA     ALA      294      CB            1.5594
 TOTAL EXCLUSION COUNT =         0
 TOTAL 1-4 EXCLUSIONS  =         0
 TOTAL NON-EXCLUSIONS  =         6
  
 CHARMM>                      if ?npair gt 8 goto domorerot
 RDCMND substituted energy or value "?NPAIR" to "6"
 Comparing "6" and "8".
 IF test evaluated as false.  Skipping command
  
 CHARMM>     
  
 CHARMM>                      !lipid-check
  
 CHARMM>                      !
  
 CHARMM>                      coor dist cut 1.2 sele segid L@LipidNum .and. .not. resname TIP3 .and. .not. hydrogen end  -
 CHARMM>                                             sele .not. ( repack .or. segid L@LipidNum .or. resname TIP3 .or. PROT ) .and. JUNK end
 Parameter: LIPIDNUM -> "3"
 Parameter: LIPIDNUM -> "3"
 SELRPN>     52 atoms have been selected out of  53828
 SELRPN>    270 atoms have been selected out of  53828

            DISTANCES FOR SELECTED ATOMS
53825 L3       POPC     1        C316    -**** MEMB     POPE     277      C216          1.0041
 TOTAL EXCLUSION COUNT =         0
 TOTAL 1-4 EXCLUSIONS  =         0
 TOTAL NON-EXCLUSIONS  =         1
  
 CHARMM>                      if ?npair gt @nbad goto domorerot
 Parameter: NBAD -> "5"
 RDCMND substituted energy or value "?NPAIR" to "1"
 Comparing "1" and "5".
 IF test evaluated as false.  Skipping command
  
 CHARMM>                   endif
  
 CHARMM>     
  
 CHARMM>                   if dotrans .eq. 2 coor trans xdir -1.0 ydir -1.0 dist 0.71 sele target end
 Comparing "3" and "2".
 IF test evaluated as false.  Skipping command
  
 CHARMM>                   if dotrans .eq. 3 coor trans xdir -1.0 ydir  1.0 dist 0.71 sele target end
 Comparing "3" and "3".
 IF test evaluated as true.  Performing command
 SELRPN>    134 atoms have been selected out of  53828
 TRANSLATION VECTOR    -0.502046    0.502046    0.000000
 SELECTED COORDINATES TRANSLATED IN THE MAIN SET.

  
 CHARMM>                   if dotrans .eq. 4 coor trans xdir  1.0 ydir -1.0 dist 0.71 sele target end
 Comparing "3" and "4".
 IF test evaluated as false.  Skipping command
  
 CHARMM>                   if dotrans .eq. 5 coor trans xdir  1.0 ydir  1.0 dist 0.71 sele target end
 Comparing "3" and "5".
 IF test evaluated as false.  Skipping command
  
 CHARMM>     
  
 CHARMM>                incr dotrans by 1
 Parameter: DOTRANS <- "4"
  
 CHARMM>                if dotrans .le. 5 goto doclash
 Comparing "4" and "5".
 IF test evaluated as true.  Performing command
  
 CHARMM>                   if dotrans .eq. 2 coor trans xdir  1.0 ydir  1.0 dist 0.71 sele target end
 Comparing "4" and "2".
 IF test evaluated as false.  Skipping command
  
 CHARMM>                   if dotrans .eq. 3 coor trans xdir  1.0 ydir -1.0 dist 0.71 sele target end
 Comparing "4" and "3".
 IF test evaluated as false.  Skipping command
  
 CHARMM>                   if dotrans .eq. 4 coor trans xdir -1.0 ydir  1.0 dist 0.71 sele target end
 Comparing "4" and "4".
 IF test evaluated as true.  Performing command
 SELRPN>    134 atoms have been selected out of  53828
 TRANSLATION VECTOR    -0.502046    0.502046    0.000000
 SELECTED COORDINATES TRANSLATED IN THE MAIN SET.

  
 CHARMM>                   if dotrans .eq. 5 coor trans xdir -1.0 ydir -1.0 dist 0.71 sele target end
 Comparing "4" and "5".
 IF test evaluated as false.  Skipping command
  
 CHARMM>     
  
 CHARMM>                   if issterol .eq. yes then
 Comparing "NO" and "YES".
 IF test evaluated as false.  Skip to ELSE or ENDIF
  
 CHARMM>                      if nsterol .gt. 0 then
 Comparing "68" and "0".
 IF test evaluated as true.  Performing command
  
 CHARMM>                         ! to prevent the penetration of lipid molecules into cholesterol rings
  
 CHARMM>                         coor dist cut 1.0 sele segid L@LipidNum .and. .not. resname TIP3 .and. .not. hydrogen end  -
 CHARMM>                                                sele ((STEROL .and. ( type c% .or. type c1* )) .or. segid DUM) .and. JUNK end
 Parameter: LIPIDNUM -> "3"
 SELRPN>     52 atoms have been selected out of  53828
 SELRPN>     48 atoms have been selected out of  53828

            DISTANCES FOR SELECTED ATOMS
 TOTAL EXCLUSION COUNT =         0
 TOTAL 1-4 EXCLUSIONS  =         0
 TOTAL NON-EXCLUSIONS  =         0
  
 CHARMM>                         if ?npair gt 0 goto domorerot
 RDCMND substituted energy or value "?NPAIR" to "0"
 Comparing "0" and "0".
 IF test evaluated as false.  Skipping command
  
 CHARMM>                      endif
  
 CHARMM>     
  
 CHARMM>                      !protein-check
  
 CHARMM>                      !
  
 CHARMM>                      coor dist cut 1.7 sele segid L@LipidNum .and. .not. resname TIP3 .and. .not. hydrogen end  -
 CHARMM>                                            sele PROT .and. .not. resname TIP3 .and. JUNK end
 Parameter: LIPIDNUM -> "3"
 SELRPN>     52 atoms have been selected out of  53828
 SELRPN>    111 atoms have been selected out of  53828

            DISTANCES FOR SELECTED ATOMS
53699 L3       POPC     1        C13     -4708 PROA     PRO      290      O             1.2026
53703 L3       POPC     1        C14     -4707 PROA     PRO      290      C             1.5437
53703 L3       POPC     1        C14     -4709 PROA     ASP      291      N             1.4963
 TOTAL EXCLUSION COUNT =         0
 TOTAL 1-4 EXCLUSIONS  =         0
 TOTAL NON-EXCLUSIONS  =         3
  
 CHARMM>                      if ?npair gt 8 goto domorerot
 RDCMND substituted energy or value "?NPAIR" to "3"
 Comparing "3" and "8".
 IF test evaluated as false.  Skipping command
  
 CHARMM>     
  
 CHARMM>                      !lipid-check
  
 CHARMM>                      !
  
 CHARMM>                      coor dist cut 1.2 sele segid L@LipidNum .and. .not. resname TIP3 .and. .not. hydrogen end  -
 CHARMM>                                             sele .not. ( repack .or. segid L@LipidNum .or. resname TIP3 .or. PROT ) .and. JUNK end
 Parameter: LIPIDNUM -> "3"
 Parameter: LIPIDNUM -> "3"
 SELRPN>     52 atoms have been selected out of  53828
 SELRPN>    270 atoms have been selected out of  53828

            DISTANCES FOR SELECTED ATOMS
53754 L3       POPC     1        C28     -**** MEMB     POPE     56       C312          0.9855
53819 L3       POPC     1        C314    -**** MEMB     POPE     56       C315          1.1916
 TOTAL EXCLUSION COUNT =         0
 TOTAL 1-4 EXCLUSIONS  =         0
 TOTAL NON-EXCLUSIONS  =         2
  
 CHARMM>                      if ?npair gt @nbad goto domorerot
 Parameter: NBAD -> "5"
 RDCMND substituted energy or value "?NPAIR" to "2"
 Comparing "2" and "5".
 IF test evaluated as false.  Skipping command
  
 CHARMM>                   endif
  
 CHARMM>     
  
 CHARMM>                   if dotrans .eq. 2 coor trans xdir -1.0 ydir -1.0 dist 0.71 sele target end
 Comparing "4" and "2".
 IF test evaluated as false.  Skipping command
  
 CHARMM>                   if dotrans .eq. 3 coor trans xdir -1.0 ydir  1.0 dist 0.71 sele target end
 Comparing "4" and "3".
 IF test evaluated as false.  Skipping command
  
 CHARMM>                   if dotrans .eq. 4 coor trans xdir  1.0 ydir -1.0 dist 0.71 sele target end
 Comparing "4" and "4".
 IF test evaluated as true.  Performing command
 SELRPN>    134 atoms have been selected out of  53828
 TRANSLATION VECTOR     0.502046   -0.502046    0.000000
 SELECTED COORDINATES TRANSLATED IN THE MAIN SET.

  
 CHARMM>                   if dotrans .eq. 5 coor trans xdir  1.0 ydir  1.0 dist 0.71 sele target end
 Comparing "4" and "5".
 IF test evaluated as false.  Skipping command
  
 CHARMM>     
  
 CHARMM>                incr dotrans by 1
 Parameter: DOTRANS <- "5"
  
 CHARMM>                if dotrans .le. 5 goto doclash
 Comparing "5" and "5".
 IF test evaluated as true.  Performing command
  
 CHARMM>                   if dotrans .eq. 2 coor trans xdir  1.0 ydir  1.0 dist 0.71 sele target end
 Comparing "5" and "2".
 IF test evaluated as false.  Skipping command
  
 CHARMM>                   if dotrans .eq. 3 coor trans xdir  1.0 ydir -1.0 dist 0.71 sele target end
 Comparing "5" and "3".
 IF test evaluated as false.  Skipping command
  
 CHARMM>                   if dotrans .eq. 4 coor trans xdir -1.0 ydir  1.0 dist 0.71 sele target end
 Comparing "5" and "4".
 IF test evaluated as false.  Skipping command
  
 CHARMM>                   if dotrans .eq. 5 coor trans xdir -1.0 ydir -1.0 dist 0.71 sele target end
 Comparing "5" and "5".
 IF test evaluated as true.  Performing command
 SELRPN>    134 atoms have been selected out of  53828
 TRANSLATION VECTOR    -0.502046   -0.502046    0.000000
 SELECTED COORDINATES TRANSLATED IN THE MAIN SET.

  
 CHARMM>     
  
 CHARMM>                   if issterol .eq. yes then
 Comparing "NO" and "YES".
 IF test evaluated as false.  Skip to ELSE or ENDIF
  
 CHARMM>                      if nsterol .gt. 0 then
 Comparing "68" and "0".
 IF test evaluated as true.  Performing command
  
 CHARMM>                         ! to prevent the penetration of lipid molecules into cholesterol rings
  
 CHARMM>                         coor dist cut 1.0 sele segid L@LipidNum .and. .not. resname TIP3 .and. .not. hydrogen end  -
 CHARMM>                                                sele ((STEROL .and. ( type c% .or. type c1* )) .or. segid DUM) .and. JUNK end
 Parameter: LIPIDNUM -> "3"
 SELRPN>     52 atoms have been selected out of  53828
 SELRPN>     48 atoms have been selected out of  53828

            DISTANCES FOR SELECTED ATOMS
 TOTAL EXCLUSION COUNT =         0
 TOTAL 1-4 EXCLUSIONS  =         0
 TOTAL NON-EXCLUSIONS  =         0
  
 CHARMM>                         if ?npair gt 0 goto domorerot
 RDCMND substituted energy or value "?NPAIR" to "0"
 Comparing "0" and "0".
 IF test evaluated as false.  Skipping command
  
 CHARMM>                      endif
  
 CHARMM>     
  
 CHARMM>                      !protein-check
  
 CHARMM>                      !
  
 CHARMM>                      coor dist cut 1.7 sele segid L@LipidNum .and. .not. resname TIP3 .and. .not. hydrogen end  -
 CHARMM>                                            sele PROT .and. .not. resname TIP3 .and. JUNK end
 Parameter: LIPIDNUM -> "3"
 SELRPN>     52 atoms have been selected out of  53828
 SELRPN>    111 atoms have been selected out of  53828

            DISTANCES FOR SELECTED ATOMS
53703 L3       POPC     1        C14     -4694 PROA     THR      289      O             1.1006
53707 L3       POPC     1        C15     -4731 PROA     SER      292      O             1.1868
 TOTAL EXCLUSION COUNT =         0
 TOTAL 1-4 EXCLUSIONS  =         0
 TOTAL NON-EXCLUSIONS  =         2
  
 CHARMM>                      if ?npair gt 8 goto domorerot
 RDCMND substituted energy or value "?NPAIR" to "2"
 Comparing "2" and "8".
 IF test evaluated as false.  Skipping command
  
 CHARMM>     
  
 CHARMM>                      !lipid-check
  
 CHARMM>                      !
  
 CHARMM>                      coor dist cut 1.2 sele segid L@LipidNum .and. .not. resname TIP3 .and. .not. hydrogen end  -
 CHARMM>                                             sele .not. ( repack .or. segid L@LipidNum .or. resname TIP3 .or. PROT ) .and. JUNK end
 Parameter: LIPIDNUM -> "3"
 Parameter: LIPIDNUM -> "3"
 SELRPN>     52 atoms have been selected out of  53828
 SELRPN>    270 atoms have been selected out of  53828

            DISTANCES FOR SELECTED ATOMS
 TOTAL EXCLUSION COUNT =         0
 TOTAL 1-4 EXCLUSIONS  =         0
 TOTAL NON-EXCLUSIONS  =         0
  
 CHARMM>                      if ?npair gt @nbad goto domorerot
 Parameter: NBAD -> "5"
 RDCMND substituted energy or value "?NPAIR" to "0"
 Comparing "0" and "5".
 IF test evaluated as false.  Skipping command
  
 CHARMM>                   endif
  
 CHARMM>     
  
 CHARMM>                   if dotrans .eq. 2 coor trans xdir -1.0 ydir -1.0 dist 0.71 sele target end
 Comparing "5" and "2".
 IF test evaluated as false.  Skipping command
  
 CHARMM>                   if dotrans .eq. 3 coor trans xdir -1.0 ydir  1.0 dist 0.71 sele target end
 Comparing "5" and "3".
 IF test evaluated as false.  Skipping command
  
 CHARMM>                   if dotrans .eq. 4 coor trans xdir  1.0 ydir -1.0 dist 0.71 sele target end
 Comparing "5" and "4".
 IF test evaluated as false.  Skipping command
  
 CHARMM>                   if dotrans .eq. 5 coor trans xdir  1.0 ydir  1.0 dist 0.71 sele target end
 Comparing "5" and "5".
 IF test evaluated as true.  Performing command
 SELRPN>    134 atoms have been selected out of  53828
 TRANSLATION VECTOR     0.502046    0.502046    0.000000
 SELECTED COORDINATES TRANSLATED IN THE MAIN SET.

  
 CHARMM>     
  
 CHARMM>                incr dotrans by 1
 Parameter: DOTRANS <- "6"
  
 CHARMM>                if dotrans .le. 5 goto doclash
 Comparing "6" and "5".
 IF test evaluated as false.  Skipping command
  
 CHARMM>     
  
 CHARMM>                if nimyn .gt. 0 coor trans ydir @A sele imyn end
 Parameter: A -> "109.631309"
 Comparing "0" and "0".
 IF test evaluated as false.  Skipping command
  
 CHARMM>                if nimxn .gt. 0 coor trans xdir @A sele imxn end
 Parameter: A -> "109.631309"
 Comparing "0" and "0".
 IF test evaluated as false.  Skipping command
  
 CHARMM>                if nimyp .gt. 0 coor trans ydir -@A sele imyp end
 Parameter: A -> "109.631309"
 Comparing "0" and "0".
 IF test evaluated as false.  Skipping command
  
 CHARMM>                if nimxp .gt. 0 coor trans xdir -@A sele imxp end
 Parameter: A -> "109.631309"
 Comparing "0" and "0".
 IF test evaluated as false.  Skipping command
  
 CHARMM>     
  
 CHARMM>                if npryn .gt. 0 coor trans ydir -@A sele pryn end
 Parameter: A -> "109.631309"
 Comparing "516" and "0".
 IF test evaluated as true.  Performing command
 SELRPN>    516 atoms have been selected out of  53828
 TRANSLATION VECTOR     0.000000 -109.631309    0.000000
 SELECTED COORDINATES TRANSLATED IN THE MAIN SET.

  
 CHARMM>                if nprxn .gt. 0 coor trans xdir -@A sele prxn end
 Parameter: A -> "109.631309"
 Comparing "507" and "0".
 IF test evaluated as true.  Performing command
 SELRPN>    507 atoms have been selected out of  53828
 TRANSLATION VECTOR  -109.631309    0.000000    0.000000
 SELECTED COORDINATES TRANSLATED IN THE MAIN SET.

  
 CHARMM>                if npryp .gt. 0 coor trans ydir @A sele pryp end
 Parameter: A -> "109.631309"
 Comparing "710" and "0".
 IF test evaluated as true.  Performing command
 SELRPN>    710 atoms have been selected out of  53828
 TRANSLATION VECTOR     0.000000  109.631309    0.000000
 SELECTED COORDINATES TRANSLATED IN THE MAIN SET.

  
 CHARMM>                if nprxp .gt. 0 coor trans xdir @A sele prxp end
 Parameter: A -> "109.631309"
 Comparing "261" and "0".
 IF test evaluated as true.  Performing command
 SELRPN>    261 atoms have been selected out of  53828
 TRANSLATION VECTOR   109.631309    0.000000    0.000000
 SELECTED COORDINATES TRANSLATED IN THE MAIN SET.

  
 CHARMM>     
  
 CHARMM>                goto nextlipid
  
 CHARMM>          coor dupl sele segid L@LipidNum end sele repack end
 Parameter: LIPIDNUM -> "3"
 SELRPN>    134 atoms have been selected out of  53828
 SELRPN>    134 atoms have been selected out of  53828
  
 CHARMM>          delete atom sele segid L@LipidNUm end
 Parameter: LIPIDNUM -> "3"
 SELRPN>    134 atoms have been selected out of  53828

 Message from MAPIC: Atom numbers are changed.

 Message from MAPIC:          1 residues deleted.

 Message from MAPIC:          1 segments deleted.
 DELTIC:       133 bonds deleted
 DELTIC:         2 improper dihedrals deleted
 PSFSUM> PSF modified: NONBOND lists and IMAGE atoms cleared.
 PSFSUM> Summary of the structure file counters :
         Number of segments      =        6   Number of residues   =     1495
         Number of atoms         =    53694   Number of groups     =    15232
         Number of bonds         =    53331   Number of angles     =   101439
         Number of dihedrals     =   144781   Number of impropers  =     2289
         Number of cross-terms   =      620   Number of autogens   =      116
         Number of HB acceptors  =     1019   Number of HB donors  =     1359
         Number of NB exclusions =        0   Total charge =   23.00000
  
 CHARMM>     
  
 CHARMM>       ! continue for total number of lipids that are needed
  
 CHARMM>       incr LipidNum by 1
 Parameter: LIPIDNUM <- "4"
  
 CHARMM>     
  
 CHARMM>    if LipidNum le @NLipid goto loop_gen
 Parameter: NLIPID -> "3"
 Comparing "4" and "3".
 IF test evaluated as false.  Skipping command
  
 CHARMM>     
  
 CHARMM>    delete atom sele segid DUM end
 SELRPN>    394 atoms have been selected out of  53694

 Message from MAPIC: Atom numbers are changed.

 Message from MAPIC:        394 residues deleted.

 Message from MAPIC:          1 segments deleted.
 PSFSUM> PSF modified: NONBOND lists and IMAGE atoms cleared.
 PSFSUM> Summary of the structure file counters :
         Number of segments      =        5   Number of residues   =     1101
         Number of atoms         =    53300   Number of groups     =    14838
         Number of bonds         =    53331   Number of angles     =   101439
         Number of dihedrals     =   144781   Number of impropers  =     2289
         Number of cross-terms   =      620   Number of autogens   =      116
         Number of HB acceptors  =     1019   Number of HB donors  =     1359
         Number of NB exclusions =        0   Total charge =   23.00000
  
 CHARMM>     
  
 CHARMM>    !==============================================================================
 CHARMM>    ! Write the coordinates
 CHARMM>    !
 CHARMM>     
  
 CHARMM>    open write unit 10 card name step4_lipid.pdb
 OPNLGU> Unit already open. The old file will be closed first.
 VCLOSE: Closing unit   10 with status "KEEP"
 VOPEN> Attempting to open::step4_lipid.pdb::
 OPNLGU> Unit 10 opened for WRITE access to step4_lipid.pdb
  
 CHARMM>    write coor unit 10 pdb
 RDTITL> CLOSE UNIT 10
 RDTITL> No title read.
  Write CHARMM-pdb format
  
 CHARMM>    close unit 10
 VCLOSE: Closing unit   10 with status "KEEP"
  
 CHARMM>     
  
 CHARMM>    open write unit 10 card name step4_lipid.crd
 VOPEN> Attempting to open::step4_lipid.crd::
 OPNLGU> Unit 10 opened for WRITE access to step4_lipid.crd
  
 CHARMM>    write coor unit 10 card
 RDTITL> CLOSE UNIT 10
 RDTITL> No title read.
 VCLOSE: Closing unit   10 with status "KEEP"
  
 CHARMM>    close unit 10
 CLOLGU>  *****  WARNING  ***** Attempt to close unit that was not open.
  
 CHARMM>     
  
 CHARMM>    define MEMB sele segid MEMB end
 SELRPN>  42846 atoms have been selected out of  53300
  
 CHARMM>    define NONMEMB sele .not. MEMB end
 SELRPN>  10454 atoms have been selected out of  53300
  
 CHARMM>    if ?nsel .gt. 0 delete atom sele NONMEMB end
 RDCMND substituted energy or value "?NSEL" to "10454"
 Comparing "10454" and "0".
 IF test evaluated as true.  Performing command
 SELRPN>  10454 atoms have been selected out of  53300

 Message from MAPIC: Atom numbers are changed.

 Message from MAPIC:        741 residues deleted.

 Message from MAPIC:          4 segments deleted.
 DELTIC:     10573 bonds deleted
 DELTIC:     18639 angles deleted
 DELTIC:     27159 dihedrals deleted
 DELTIC:       116 autogen elements deleted
 DELTIC:      1705 improper dihedrals deleted
 DELTIC:       620 crossterm maps deleted
 DELTIC:      1359 donors deleted
 DELTIC:      1019 acceptors deleted
 PSFSUM> PSF modified: NONBOND lists and IMAGE atoms cleared.
 PSFSUM> Summary of the structure file counters :
         Number of segments      =        1   Number of residues   =      360
         Number of atoms         =    42846   Number of groups     =    11696
         Number of bonds         =    42758   Number of angles     =    82800
         Number of dihedrals     =   117622   Number of impropers  =      584
         Number of cross-terms   =        0   Number of autogens   =        0
         Number of HB acceptors  =        0   Number of HB donors  =        0
         Number of NB exclusions =        0   Total charge =   -0.00000
  
 CHARMM>     
  
 CHARMM>    open write unit 10 card name step4_lipid_lipid.crd
 VOPEN> Attempting to open::step4_lipid_lipid.crd::
 OPNLGU> Unit 10 opened for WRITE access to step4_lipid_lipid.crd
  
 CHARMM>    write coor unit 10 card
 RDTITL> CLOSE UNIT 10
 RDTITL> No title read.
 VCLOSE: Closing unit   10 with status "KEEP"
  
 CHARMM>    close unit 10
 CLOLGU>  *****  WARNING  ***** Attempt to close unit that was not open.
  
 CHARMM>     
  
 CHARMM>    stop
 VCLOSE: Closing unit   20 with status "KEEP"
$$$$$$  New timer profile $$$$$
 Total time                     16.40 Other:            0.00

                    NORMAL TERMINATION BY NORMAL STOP
                    MOST SEVERE WARNING WAS AT LEVEL  1

                    $$$$$ JOB ACCOUNTING INFORMATION $$$$$
                     ELAPSED TIME:    16.40  SECONDS 
                         CPU TIME:    16.40  SECONDS 
