Compound,Replica,Offset,Phe389_Score_Sum_Mean,Phe390_Score_Sum_Mean,strength_389,strength_390,strength_combined,quality_score_389,quality_score_390,major_contributor_389,major_contributor_390,avg_angle_389,avg_angle_390,std_angle_389,std_angle_390
20251130_D2_BRE_boltz,charmm-gui-6451161009_gromacs_replicate_1,-29,2.989512035855749,2.927797266516185,5.6458415239404046e-05,5.643234974385838e-05,5.6445382491631215e-05,9.963341815782559e-05,9.442535946760826e-05,2,6,0.7223626686497275,0.6543299933473397,0.20815853962081296,0.22100848999207376
