Time,Global_Angle,Phe6.51_Score_Sum,Phe6.51_Score_Max,Phe6.52_Score_Sum,Phe6.52_Score_Max,Global_Angle_SD,Phe6.51_Score_Sum_SD,Phe6.51_Score_Max_SD,Phe6.52_Score_Sum_SD,Phe6.52_Score_Max_SD
0.0,72.5584393767813,3.316826663848015,0.9412597596326745,5.725697628937863,1.1369292870317882,2.9935408162363113,1.5978727202425187,0.4071242537915377,0.6932971959889352,0.11223663727227313
100.0,77.42539296268188,4.964588382935139,1.0288747781350558,4.02717625042979,0.9156277632657536,6.842488522940048,0.5734354246121197,0.06308774713767565,1.871127772456796,0.29700849868543516
200.0,80.8650204463512,4.458382131173299,1.0986828142555016,3.7261244809829264,0.9589753974106424,5.728854422509484,0.32212564929469295,0.19594521308574203,1.0782608822969029,0.16897819458705102
300.0,73.74040587792534,4.751414369121072,0.9800391308637074,3.962508349865248,0.9875848007560611,4.07919307011045,0.42229126092524233,0.09143456393156141,1.348589232034631,0.10142190061829306
400.0,75.90482922336888,4.190895551001552,1.1995863268241262,4.51269819493037,1.0070978413557776,0.19412454238825355,0.6218256135510115,0.10253098714051397,2.11694787287644,0.2149010576399309
500.0,74.26699604418438,3.0955970928640943,0.6804628064864762,5.013404311602702,1.071446419422822,3.4342621754773823,2.63005183792713,0.5571589859934578,0.44324162605867146,0.030484867550832937
600.0,69.64305739257684,5.047529151901648,1.138843027318835,6.102710162616321,1.175409672602662,9.734918365428848,0.3240487564414665,0.05922748644872232,0.20826401227961636,0.0215925253581858
700.0,74.99756071331608,4.068519866513519,1.113150887978806,4.919718138681797,1.0799540261493887,12.430441345336881,1.0317070486644453,0.08303662759104356,1.630430352562039,0.06353791197157063
800.0,75.10878086632509,4.365858211595339,1.2358243600859875,4.7529237145869665,1.0889921756235934,2.7801727954970668,0.9960630730319555,0.043415832351665115,1.0522662327211842,0.03826061882590717
900.0,79.13410087170011,4.947794200540706,1.1669944450829384,4.091732154834226,0.9131788258467871,3.5950695023136867,0.9787279490861442,0.07339843777446026,2.176906739433066,0.28132525992325635
1000.0,76.40013855966603,5.042040548668546,1.1378760214919108,4.5697082404631315,1.0543141649069758,12.49195483171883,1.222872477059174,0.09072284002791287,0.4540365540560532,0.014843878564135224
1100.0,77.84245692239082,5.030972227679823,1.090210990384478,3.3935849832392897,0.8765010200767884,11.025937577692162,0.7780943544558813,0.08736559428705933,1.649604954029084,0.21648319891507403
1200.0,80.22596677423529,5.181858967482908,1.1420648770435997,3.5805139626840865,0.8693873297598089,7.522884185911185,0.8952018668790169,0.04447373361943239,1.7783533343438207,0.22446176630600964
1300.0,82.45009991977551,3.77051255484228,0.8322313403184426,5.42859595445105,1.1720244546175456,8.689849259064612,2.5432645695306815,0.41447908147220786,0.3678056264278474,0.0725331831953911
1400.0,74.41489626188864,4.770742936775797,0.9927752059491346,5.391189640222631,1.1162632058552449,3.921815214075583,0.39007136192667746,0.12403068898227088,0.585214644330884,0.04237321944739591
1500.0,77.46358778570549,4.917894492854566,1.0781476625055093,5.7649539569516755,1.1440016156258863,5.447403156344644,0.18926088043359907,0.08978440403294455,0.9058515108487215,0.04794497710560425
1600.0,80.29760831582418,5.114905793453022,1.0818350768244642,5.843712116471625,1.171452035784278,0.5695255160052678,0.1599399247328827,0.011028321732784537,0.9474341555430867,0.07712755935744597
1700.0,76.16098566052682,5.04738535789826,1.089512877397835,4.169738581229134,0.9579270608791352,5.002032387733932,0.2345296013752305,0.19068862357095628,2.152208489003227,0.2863101752342823
1800.0,71.70472289986533,4.560061630557622,1.143173588093221,4.7076276350591595,1.086899041553089,7.640001913440336,0.8107537598770305,0.13182289128719699,0.8177051693662009,0.0569542642941352
1900.0,72.82966462665973,4.040561840851088,1.1764066533714799,4.627667100975458,0.9945481909836857,12.19556803778692,1.0091836146895465,0.07901045475707554,2.0345816094851115,0.30282773850800515
2000.0,68.46587692633638,4.343234046838796,1.0608533384625416,3.836021474215747,0.8967784151253516,6.575388178147065,0.10803913039742831,0.09739797561999838,1.8071267440282033,0.29395229999239414
2100.0,72.8094583015152,4.36910703947579,1.142947266178323,4.239364534615393,0.9521999158668573,8.246338759658505,2.0117400265281047,0.07183565339350385,2.49012122818265,0.32801729127326484
2200.0,71.00903917586523,4.680372794683948,1.0897364257243605,5.149834907691068,1.0427616122556813,4.667009227414995,0.3156056420039764,0.09510608131053604,2.161996244932696,0.30120110150178364
2300.0,68.5185722988361,5.10138191409001,1.0393414459748265,5.577866678088722,1.106301899134932,5.940792201851209,0.4813289404064732,0.04668606732649945,0.86714141412371,0.041405438265356594
2400.0,74.87165625992708,4.379397995649722,1.095109425144518,5.786142279287849,1.166393764454302,3.317745914947487,1.0637593866100772,0.1451975639589025,0.715274444703081,0.07946477223535407
2500.0,73.55762840259926,4.796610699685329,1.0382609864129781,4.383376440368446,1.0058611501733994,3.741249660273451,0.5355384206883519,0.0570653759575306,1.207533825797524,0.15577611845553987
2600.0,72.63644022599722,4.076727741144178,1.2093047131664345,3.4361528917916693,0.7951301579941528,6.592064048566023,0.6307210460442526,0.055836194601125,1.5483332009778543,0.26314552133805685
2700.0,69.2204420452201,4.638227864842265,0.9556560745667649,5.573157036024661,1.1099837590535016,1.80733263183219,0.03497072145247115,0.19764024820605217,1.1081832888699361,0.08776191359765284
2800.0,64.10249713676768,4.66824378152613,0.8847932180904277,5.45928616261329,1.1192673991840434,4.314402221859967,0.10355228938859014,0.026897103317043588,1.8545129804177138,0.1386080169244049
2900.0,74.65013320508284,4.737578803508037,1.1373088200547337,4.293246760526851,1.0592492765135193,2.282383248225354,0.07832460958508244,0.04407584834745181,0.8259914471857341,0.01619138713339497
3000.0,77.67304374488384,3.958056729380863,1.2275989423641984,4.0102581305802305,0.8521632301256679,9.497533822374654,0.46623036137051366,0.04203521474902257,2.700525851354606,0.47959100006899325
3100.0,78.99362951307783,3.6257453668623705,0.9829715949979194,3.901149951704499,0.9018888163036326,9.47727355730995,1.6615807418215807,0.2029790348967184,1.8806432143826612,0.25835011639676525
3200.0,74.55027464545026,4.831899797639054,0.9385423630679761,4.835503207790888,1.0848924595284946,7.810429379160831,0.40791144754061137,0.10036093352551664,1.2205535158519694,0.08933151152714974
3300.0,75.20348801718927,3.6135267583294586,0.9158081809537487,3.7319506806099247,0.915407647332357,6.9592968266596,1.739892829460473,0.2180867600179171,1.0784351086537713,0.14814010629931104
3400.0,77.72960977503855,4.762113824390052,1.119083656725727,5.0943577977876435,1.0961258086025232,3.889445424021495,0.698187296909155,0.09131366548287465,1.2810781648865157,0.066752041660483
3500.0,76.80649149931486,4.621334892055544,1.0375653022183118,5.138978095894207,1.0199218652610105,5.796399809485954,0.12083605126293823,0.25046571159163916,1.5684083257303092,0.10962206569741295
3600.0,64.26420579420859,3.8678075725543173,1.120149609179668,5.465655973721923,1.103738258377864,6.287795526564896,0.725267300815732,0.1313142648127018,0.09078751326571985,0.028500353898688505
3700.0,77.98208864110605,4.334460282883391,1.0397198533455752,5.083289298617302,1.1043043254801141,5.852532306283607,0.14369935139221562,0.05700613869165174,0.8007798652062768,0.05378416406755062
3800.0,71.0177128005548,4.6786065547123945,0.9916282988615951,4.958855344202455,1.0560843809062943,2.1938149842422816,0.14666388263676106,0.1980005765068103,1.304537115169164,0.07912595014761621
3900.0,79.29209029584156,4.823912260205003,0.9589878057985795,5.552424039470718,1.1480567572768017,5.926950607629335,0.23905220874595723,0.11746731792651131,1.07240018601993,0.10325621000632036
4000.0,73.61759177153709,4.126195100357232,1.0781254706620356,2.8747052779280984,0.6691671743211507,2.47353407059336,1.0804493528033916,0.14126449072853647,3.012447013875641,0.515856184989951
4100.0,82.01637363746498,4.505974110532582,1.1179152636036906,5.057128781803687,0.9936168873117378,9.025872497830994,0.4918097635245059,0.11501466845956601,2.4412319743392548,0.30048591299495925
4200.0,79.1736523881951,4.772518419322046,1.114309308650021,4.480404655632813,0.9503471750278085,8.778967974211728,0.7193534878276608,0.019433570231184374,2.204309986581046,0.3493066671040124
4300.0,71.37419999860747,4.611322678905483,0.9546679520214809,4.431928463250682,0.9851794384738565,3.5242121162692883,0.087422723376904,0.16145944731965406,1.9005809831902243,0.22631855882554763
4400.0,75.53702314224851,4.741613928781898,1.122034400969454,5.367533617272399,1.1146707233313538,5.333863382387589,0.1987987791319981,0.03479195991772159,1.317456813185211,0.13017096484565793
4500.0,72.57262836162566,4.525555143492778,1.105333197408408,3.8062573558457573,0.8679512621641123,8.55158557288182,0.25971573105997214,0.12965198340831474,2.4409522789382008,0.2904352821647211
4600.0,80.96822265361054,4.501689058964221,1.1625521276426574,6.043936853393241,1.0800728055804962,5.594147435469732,1.4040817202022269,0.08312082509845622,1.204806485142976,0.025906158627872742
4700.0,77.46644657580345,3.6316461790066867,1.18060957141892,4.233835634135685,0.9505695147110537,9.809068871952999,0.9728173790259602,0.09122145829248147,2.3088830009138785,0.2601815253949709
4800.0,75.08036266568958,3.9024128254147334,1.0838095148403644,3.896603850017532,0.8330145354465275,4.867688372464249,1.0508885565866029,0.11758534834748187,3.0085850153960267,0.5242109122823742
4900.0,79.6772345401662,3.526780491294456,1.0510421408657458,3.761666444478871,0.9496064100137497,9.549520435223922,1.5037990660849823,0.1391520228876372,1.1172712798712103,0.28218097636961537
5000.0,77.50246504469663,4.0320225566124135,1.0656442319571948,3.411892499756805,0.7920387284113658,4.509999297310379,1.1978742982314754,0.11347826755985244,2.2336725686145287,0.41943348042006684
5100.0,75.09376133937677,4.456888269945384,1.0172737583313216,4.667261028073779,1.0051079560210059,7.658879009962959,0.3022452784278014,0.11738020721760589,1.5542845663290428,0.2156299065397249
5200.0,80.15352740229098,3.5771726907570636,0.7636265440412027,4.2916131254284045,1.0147173678389423,7.542202583392271,2.335078943714914,0.2458567032465605,2.2340151598441524,0.21166224099956413
5300.0,77.33817814537518,3.1738712457502154,0.6492175639758117,3.9389179210058356,0.9587707331552638,10.294802510850026,2.681220204993294,0.5212901525586591,1.9854013961039136,0.27950770890162746
5400.0,79.32144544665395,4.10870436986016,1.2213013717723344,5.337966763987324,1.101997536466918,7.561793273800991,0.6158372446119967,0.04107321337170467,1.9373703577251256,0.22308095182844695
5500.0,80.88683578802748,4.692226629795542,1.174127586153334,3.8151285399866253,0.8710970415746768,5.897743959021067,1.3732475746138606,0.10293951906904382,2.5530454123337734,0.30924563194152704
5600.0,82.86601196958081,4.115063411042478,1.106145573982576,3.567901222144821,0.9977144333226476,5.7322697648536165,1.584720611268022,0.020694233520593942,0.4295212659674157,0.06306489167318856
5700.0,79.52523254402148,3.977324374671118,1.0583273162132827,5.217318803745729,1.0748448860881619,6.820652756925938,1.6104765972266997,0.043878489069665766,0.8614632045565036,0.01883372048634116
5800.0,72.81383344125099,3.9236654242250424,0.9434403175888445,3.683178070634139,0.8141869438932788,5.105108676212208,1.5330949762505588,0.09104111586104695,2.755435843299003,0.5012232219701004
5900.0,76.0284140125599,4.445904815809464,1.1705316643909678,3.261498101653785,0.8147109097337744,13.391386912590525,1.107498386757739,0.089925028455309,1.7649704254082614,0.24333424809268425
6000.0,80.90134408488929,4.561766828924417,1.0951018650134063,5.862108048833235,1.1130381032200434,4.1635845238608375,0.39459340434493023,0.054466334297738415,0.8032175794818485,0.014871515967051281
6100.0,71.08008163448424,4.222636408704414,0.9702248616174199,4.245963589560747,0.8896308401699721,3.6062008017811054,0.5680956608014114,0.26037078271814024,2.5397956056432998,0.4023621137017608
6200.0,78.06809917407087,4.3268942059381095,1.1956388728608685,6.337948336402667,1.1697626580551495,9.521236553713022,1.155253340790993,0.02270564075423232,0.18512150410651032,0.026353520382885104
6300.0,77.62305670955213,4.921720110761995,1.0541275857296661,3.3852930008218656,0.8786561948153041,9.846228707076083,0.5693643147567757,0.00818419474010234,0.5819441342817413,0.16630609320822903
6400.0,82.69973874875326,5.023787405059946,1.0025187101915016,5.11379299135329,1.0583110161095182,7.493205722423708,0.08586139140554651,0.11074676791787297,1.4126077875675724,0.11661277953344357
6500.0,79.76472345874417,3.59931639382271,1.1734960214612067,5.001351580599476,1.0675117314774576,8.552593840487509,1.3580287246647484,0.0768367422354268,1.5910584294799879,0.22576508099693685
6600.0,71.5076958207098,4.754483755907764,0.9589768246625553,4.801500817673035,1.0718814660552363,9.494636836090896,0.3468386532569151,0.10498509003670138,1.5039089288047447,0.11675089272395586
6700.0,78.67077910865076,3.3181141563237886,0.783417325022448,4.8766939721811715,1.0227829405842421,2.921914940202464,2.1323919372406173,0.23176677905113485,2.5065483642701185,0.26785998300414876
6800.0,80.80123863357755,4.390335832264247,1.070623003178313,3.3224797272315008,0.8022466371452497,7.598662083590977,1.1827710876975812,0.131322815005155,1.5842697832226997,0.2611723204143409
6900.0,80.16022136813062,4.916709228320194,1.1457888421442568,4.228505095808374,0.9509446529197613,5.839543709983746,0.2489092823385459,0.05000453625791014,1.616213967759682,0.22857501229088306
7000.0,73.27367590399867,4.4610813709810415,1.123140226658159,2.8980726329952162,0.7880503144773581,8.41266836476985,0.761748409584435,0.0900350010726249,0.6727483745665706,0.10291732348188924
7100.0,81.86119366117826,4.824600874837244,0.994449027499987,2.800206370662114,0.7497757021143833,5.399333117591256,0.2161068316625058,0.10580424131258019,0.8139378906654753,0.19521406701142582
7200.0,76.51536995444249,5.044953663580563,1.120971683025762,4.298637188862102,0.8634175602801912,4.351133678337041,1.0092904182628963,0.09056664248440356,3.272426893014235,0.558747883423291
7300.0,73.41037157058959,3.804735348004501,1.1717980191505835,5.227383263082687,1.0384268410059392,0.5141956167428701,1.0908047667538199,0.013100344997101,2.3585622386757294,0.1972266420366242
7400.0,80.50164906107904,4.934751323484835,1.0612810557961778,4.7196397293201295,1.0175632733740227,7.683989487782515,0.35949969525593156,0.17044464884095217,1.6085630061282417,0.2140423715358289
7500.0,78.94323056893383,5.005602141866476,0.9695655224415992,4.265829547686234,0.9483668557560332,9.296412502348963,0.5958098360222993,0.10443331495988839,1.6083592515188574,0.24915066362449007
7600.0,77.5919653361512,5.0435825144066095,1.03425179247288,3.718638526860025,0.8289788382778752,11.8467183494645,0.2074809047347827,0.12535324967904785,2.6501398111068672,0.40722418308821234
7700.0,76.32690446478053,4.560781504338344,1.0281560387757567,4.16930346898216,0.9779497502374846,6.572068194243253,0.35808853223153364,0.17003464374961286,1.026691568341048,0.17665659302134779
7800.0,75.2939606165245,4.46795482002029,1.024868721124179,4.2019115499273125,0.9661538820093424,3.7916588885321114,0.4637069012890378,0.1610797276409451,0.764867845707314,0.10312390718179905
7900.0,74.86644651167592,4.382022639745393,1.0228543351105694,3.2608616556713894,0.9106107302080804,5.962673946252112,0.14370144025356182,0.05284685069176427,0.6281999507043837,0.11831375439994113
8000.0,74.96176186179743,4.676236737229309,0.9552558372196601,4.19827253081568,0.9943979162974567,11.474367671171716,0.17347189847184796,0.18793067061121135,1.5031794467640163,0.1639733041460064
8100.0,71.90333262980563,4.364218855519227,0.9589665898019133,3.460582593787016,0.8270438229017314,2.0661349665169513,0.32085396862452475,0.2236792792898234,2.223289622768337,0.3157916029827629
8200.0,70.52040734867884,4.85136482941725,1.1067839336985514,3.8898552785915066,0.9149453242848508,12.504123071279512,0.8723968520174942,0.08280942701510412,1.1985540068579577,0.2018548391654388
8300.0,76.61785887085121,4.947034794571485,0.9718153455298063,3.1849695151325546,0.8228749221190294,4.8226073297470125,0.6878745195041708,0.17036603918808743,0.985413979065481,0.20514033150029792
8400.0,75.58796006117718,4.7073634358498655,1.0953551842672422,3.779886015317509,0.9628899157233758,8.367027633623792,0.20116244329264618,0.03001221541472855,1.014869220660172,0.1446159777905106
8500.0,71.6282871866518,4.742761403436216,0.9949408922465691,4.335181235340686,0.9644631426839343,11.661742454982987,0.17908989821749052,0.17806543576266337,2.1629595576455336,0.30460962019674587
8600.0,74.44233868492121,4.896266488479481,0.9992297801352823,3.4236680445329544,0.8277055469477124,5.69822687147158,0.4995587749364327,0.06928925648184094,2.774907019514849,0.45504728837871616
8700.0,78.72041104814521,5.053928616776489,1.0556828705297088,5.030036293703525,1.0689255070530643,10.089115368321442,0.6126612400976799,0.12154536368152234,2.1588421761448853,0.12885035333611536
8800.0,81.58198929032083,5.375144079056273,1.0182961486563562,4.177335634447323,0.9565851819025412,9.056830399516592,0.7991062452085075,0.14562085621433518,1.9258004081469982,0.22652217773915284
8900.0,73.09818288978511,4.358092977089286,1.135900921249765,5.11104001158301,1.0760680252400336,6.328573033479626,0.8434148469029378,0.11485736761344593,0.3557936020031222,0.027521333938111816
9000.0,78.90187456351612,5.05009160135046,0.9702352464944978,5.895144107723702,1.1221460716027927,8.156273155656955,0.6508763973047226,0.19044798869982124,1.4543338231373804,0.05686692114909271
9100.0,77.2479592726811,4.889478169916599,1.0498492962681258,6.137863507902838,1.1653944052924663,6.109355532579492,0.8823807154779867,0.17071023464712934,0.4238906667111817,0.03387992859649219
9200.0,79.32368958472198,5.023839894408875,1.096525918416228,3.983531648714893,0.896393258560742,2.2346634195029775,0.15596087341283282,0.08989445391021088,2.5277738459208305,0.43913328705881594
9300.0,76.29490926928202,5.531502933714745,1.1368969194069465,4.572339684764361,1.1044118124518452,9.434524462415908,1.5793851960641192,0.08731351923012762,0.837965499555059,0.15187057799378156
9400.0,70.75062578811162,4.547782673660514,1.164012705562356,5.701726219274156,1.1290300868693988,4.450634947428344,0.8327931057315606,0.11489100670003577,1.0191815773791515,0.052595747246579776
9500.0,76.93320987251201,4.839096399192089,1.0256478008343244,3.9178177129282026,1.0121260042399052,10.399349928376681,0.27736962947226357,0.15179564003134985,0.08196148242510795,0.09161470195493068
9600.0,79.72656801805412,5.040093778484525,1.0528943612396715,3.66755886297426,0.8478038425991897,8.990184599389085,0.45355520219363693,0.13831846200657813,1.5456337100691073,0.24518035786991593
9700.0,76.65990019192039,4.847162031051433,1.0806331508661078,5.4833554640690565,1.074371331422378,7.0090132430695045,0.08331978090196433,0.06766177430186644,1.8039159086664636,0.15670470100264725
9800.0,77.61168806547794,4.883956646532073,1.0076016665022272,4.530442540887305,0.9556278498641092,8.653650536945165,0.3508951578388149,0.15969472955054956,2.099226188177035,0.20159435779900228
9900.0,73.37182987504004,5.145791131017245,1.0345183679233223,3.71806628986989,0.8903089388675881,6.254778379051934,1.2907332260503088,0.14531550536129337,0.5773134086062836,0.12293719304921048
10000.0,80.8511201853977,5.358821380267454,1.1095984375978722,4.0433073983519146,0.9517166922619603,8.505187418943347,0.7822261409856754,0.06646599119903501,0.7923847213898039,0.10111177901299853
10100.0,74.4663065392392,4.455543372719206,1.0981923298254141,5.2886849313754505,1.0668982451210753,11.550454306504456,0.7163187142565134,0.06580068913071167,1.0504279590908012,0.09024182234632605
10200.0,73.69428110826539,4.933324006685865,1.040268820820657,4.706956657578794,0.9867044228595949,7.432726721032194,0.581099015624946,0.06280810053057125,1.8408935205058434,0.2969366851590596
10300.0,78.78736103467487,4.895258596754803,1.0246524375505732,4.020780870917533,0.955827701505822,5.053047944314427,0.10716868946666427,0.1422161470186819,0.8055739362439869,0.12206476717408192
10400.0,79.77835302328162,4.916525557934662,1.1465210255971823,4.357650404024279,0.9516577857203288,6.947083764753778,0.19359846123286426,0.06393148612988875,2.1248519014759744,0.301091651669535
10500.0,77.8565977925911,4.338225417182834,1.0808783788440057,5.5331011949650835,1.0531850264158507,3.9803156500938304,0.7174262065886701,0.16149737602962105,1.9314831022631203,0.21169384000575922
10600.0,73.35533568532372,4.730491128136548,1.0483977739575414,5.067850930663747,1.0546143684207108,4.339873915868478,0.37908089108806226,0.11679787938108321,1.1398578925845757,0.1504899078882597
10700.0,77.00978259209137,4.232545778314375,1.174161432062121,5.918468137626935,1.1363736040327181,9.186916614529169,0.08749230728661363,0.0896413050110766,1.0709521061212677,0.09229435556723727
10800.0,66.64350107019429,4.683951775832229,1.0538419136191803,4.577999939040198,1.05710389685892,2.6639132101043055,0.5876437378516323,0.17774858774177016,1.2873606125064045,0.1020950939757108
10900.0,75.45777155478622,5.529407669027694,1.1522612605511688,6.375557346406282,1.1684235944304413,6.705743783200668,1.7284597126881578,0.0727417598153199,0.2911491226271736,0.03704785537507496
11000.0,76.70568127393233,4.5029124687661,1.1243378721303428,3.0829682639707667,0.8255580508446888,3.2994994259167605,0.7967856013106174,0.15633074337175118,1.2347428225779309,0.1959300071327322
11100.0,77.78150793978865,4.02516110856186,1.203056007815608,4.306442358111442,0.9004056803864557,3.0718792498800624,0.8628846610569829,0.10243431901317496,2.5997345746456646,0.4064908031108958
11200.0,75.88730728297479,4.168776126299361,1.0618006710060348,3.348030107837367,0.8270615819391886,11.090904372067815,0.5010782324562861,0.18613984203389258,0.9997937666110033,0.22414868682341124
11300.0,75.39767505962067,4.42107311541719,1.0143930362248936,4.948384419182868,1.0785060674805547,6.867725103831991,1.5252389473489372,0.19812352755093143,0.6812224987362223,0.060802972151886236
11400.0,72.39372871655007,4.186601197970805,1.0915323447729222,5.074687320078975,1.0549879598788323,12.59061088435713,0.3943659063710428,0.28907328143934236,1.3337718452810738,0.1393755319072506
11500.0,68.98557203765458,4.113461561366798,1.0689681204482568,3.9552614042792693,0.9059250167355092,4.7138011258259045,0.4964331773583039,0.25176741171113814,2.0716123067986514,0.30676150961135384
11600.0,73.47666976493697,4.885166607661442,1.0754039184263873,5.1658047339384146,1.1008296974381804,6.3296195482587505,0.796037065706816,0.06265702145301412,0.945887418349589,0.08180937599543503
11700.0,76.15184098117986,4.690912103821026,1.0462003061242104,5.171024459609673,1.1019257753704046,12.080569495506966,0.08928373630334177,0.13189377472317668,1.0764537033068051,0.07003809180418576
11800.0,71.32522213448561,4.510518263341772,0.9579655838234727,5.801170589677491,1.1740075377907793,3.1388572964298467,0.2677268699595487,0.06594240632523589,0.695274913364324,0.10077635599634419
11900.0,70.21745494390505,4.513481475331183,1.0694323933941219,5.364920894957362,1.0834359598143637,5.54612379620853,0.2676919343140795,0.01916157733287329,1.213896097714356,0.10306849338597646
12000.0,75.08284486388992,4.806696893092731,0.9712737268320719,4.744064357271459,1.0407587737272492,3.840643737949154,0.236170344190564,0.201571702118982,1.2700256950551452,0.15259450985663597
12100.0,73.7976304524439,4.932063280514705,1.1857779306036271,5.642347950396938,1.11890024367294,2.686263041819088,0.4025729408625571,0.0057561266846889985,1.209757767456206,0.10564074157616134
12200.0,75.3243192987793,2.5978360288052635,0.9897459201687918,5.465859302306451,1.115132329875993,3.3159777434519793,1.5159057635550863,0.4441191853726634,1.6973260855548649,0.10315444993537602
12300.0,71.37493669277188,4.652093774730695,1.1161630333127752,5.4383767270713035,1.0998959599012197,5.680024653505914,0.39560964647039243,0.04308298208586368,0.8401974987392927,0.0690559343642493
12400.0,73.55663133541579,4.132588673658312,1.1351190562367142,4.896052903446276,1.078947461648208,5.630594557295319,1.240308285938726,0.08920066767296454,1.411501330542693,0.16531787937149947
12500.0,74.8199585260179,4.70346218277593,1.1767934172714882,5.479137539988723,1.098017783553055,2.9362566334460753,0.4749727479753537,0.03985679184486371,1.017986476133828,0.07673311955704633
12600.0,75.22064350087669,4.389229685580635,1.1571355486949002,5.74224177027974,1.125019299786927,6.56021184473078,1.1924291243890435,0.08519668889172165,0.7798932234627466,0.057453174486465274
12700.0,71.8498084289477,4.021784650058184,1.0255383874837163,5.904060556799993,1.165787959854794,3.3161302729701743,2.257102968072195,0.1975334144165351,0.784105226059785,0.09950966164282572
12800.0,72.24674769062925,3.6621561800982274,0.697873816719503,5.10832073269223,1.1188899289239547,9.31262697122738,3.1786318344993285,0.61546247760205,1.196868713889787,0.11813063534840855
12900.0,73.71664038370712,3.677695390694136,0.7705040284742114,5.185594503391448,1.1089460159195637,6.310418762158547,3.129649012822969,0.6304801912532794,1.0456577757481924,0.0719410882597503
13000.0,74.25931491497903,4.854360579717738,0.9736641991031098,5.550720479008714,1.084431982848536,4.963277057651019,0.36422646699956024,0.11760431870487544,1.9572725812280478,0.17711696502306878
13100.0,80.78475227987349,5.392121672849949,1.0960499436130955,5.094521359852141,1.0609622780848973,4.75435771623806,0.8174994643282774,0.07158270214803397,2.058087023457998,0.14841898580709295
13200.0,80.91549668080664,5.198062970307169,1.1979023952343733,6.254608914903137,1.144029818274757,7.68645633152942,1.8791769561211336,0.05508793862687308,0.6354743008814931,0.08607994466890341
13300.0,77.69271653683596,4.966572870131673,1.072566216068134,4.589702783624085,0.9646935443013218,1.6845181888182306,0.16867028041885415,0.03468852247832384,2.376192722278755,0.2842655756569022
13400.0,75.77300168834331,4.800383511379482,1.115919217389462,4.353399413146715,1.0108652629016628,12.749377960205624,1.6759295207817708,0.12863095206532835,1.5404330057118043,0.15469359928398982
13500.0,78.59002881926388,3.4036659325109198,1.05679746229164,4.265634923204116,1.0229358881003223,5.18029649572583,1.7165787553506175,0.19716108303121843,2.1257811171638306,0.21354756884636353
13600.0,79.71757816223855,5.178443222405446,0.933475540598581,5.255690157877097,1.0980973084872356,8.775315651373026,0.8724569084189282,0.11189173966248402,1.3973030695964221,0.07315328182185252
13700.0,74.10144742340468,4.985344889126209,1.0938432409822438,5.446665381167243,1.0613627977296405,14.916471019908103,0.6774663738931854,0.023867496412889547,1.9802676940373358,0.18540928284372998
13800.0,79.48076391574308,5.179427297219256,1.0912275581747715,5.650148196103175,1.132564999771726,6.8634668183697585,0.5920393982659101,0.09915340443030926,1.7686977801134607,0.18336991736315061
13900.0,80.75544063445868,4.6871196751071444,0.9772185725134944,4.970590578463832,0.9914068430658093,10.766658031908442,0.2588901808024805,0.08404956289310209,2.2203388255349874,0.2554380660775705
14000.0,73.06863527932317,4.300527856680149,1.1638695496892963,4.183308228594981,0.9474943340707532,5.37448161658437,1.1616895344998095,0.07934016113250347,2.0713761913535675,0.3191855832819204
14100.0,82.44655324629876,5.542879829334701,1.0682369221808499,3.973794742406658,0.8896828689843631,1.5935635344017929,0.7815729000063816,0.10387266802645169,2.0594362080121553,0.34740980692615175
14200.0,81.67432464387433,4.941450184844004,1.1174962645072435,5.637037211374332,1.1276619960756185,2.6089827323579553,1.2149443126711668,0.10991197355923904,0.20284169968369664,0.03942097434924541
14300.0,82.71355555702112,5.034592000283472,1.144422165753827,4.241482086240686,1.0441309413612128,6.2225065190580615,1.468806082681018,0.1054968579617166,0.23896216876507884,0.0777494320398429
14400.0,81.12916884158622,3.845451652805013,1.0846932591273972,3.766290761257153,0.8493365742379749,2.9495819971186297,1.7023746018396695,0.08480726495569707,2.5855621881336726,0.2764392300948054
14500.0,78.81101844185049,5.148726418985657,1.1410887120887565,4.4234433085770934,1.0109756394971496,0.957431557242998,1.1330504352226474,0.04927831944341973,1.2473170866467929,0.12859669259756418
14600.0,78.8882460272228,4.372087179321811,1.1130619244903293,5.303958052023716,1.0862819617459991,2.458389066685672,0.9847996459818041,0.1387071246606211,2.2906860937318703,0.24939548496249472
14700.0,72.33382549205204,4.420605788508338,1.2158374466212358,3.5348090691312195,0.8752567543265689,4.588773906788116,0.3662099122726346,0.044817470516910395,0.7083008832804056,0.07564038720554482
14800.0,78.05171469480187,4.98325511554021,1.0844513866992942,4.634361416779236,0.927753635567667,6.347748969497092,1.2999522533232124,0.09382241664162791,2.1328514716176485,0.24689171837223217
14900.0,73.41811963272268,4.83529027787722,0.9801855481614377,3.247449656747802,0.8369981601446111,4.416956943033151,0.3525307516534865,0.10600910678859803,1.2477730551259851,0.216479417695049
15000.0,74.89798419966525,5.008250743935589,1.1525123618706175,4.501920138331009,0.9498232227143476,4.120805324493698,0.41655149444078826,0.05591910208052304,1.9056389775855798,0.2846188492311888
15100.0,80.42834436583105,4.848061642696936,1.0120643965701002,3.834461982881024,0.9344468193129547,4.64984713400817,0.21791277736255904,0.0166395097123523,2.0539971249024753,0.229394879253417
15200.0,71.55954909388066,4.386134248880402,1.114938590141814,5.319029022477982,1.0994055829444171,11.616432246293245,1.1342259263367576,0.13644257751500619,1.2087506058490491,0.07339149663106641
15300.0,79.60310037359615,4.508796523545603,1.0948841256010848,5.0503374829438625,1.0855576651684042,4.2786636998132,0.7111231963331773,0.1285612043922079,1.2099865313951086,0.0973977606638555
15400.0,69.73240056181389,4.6357540265771355,1.1016690928329502,5.709943858210906,1.1595070922472546,4.841316331443771,1.062067908653885,0.11789692295789111,1.2590442483847075,0.12360783664582312
15500.0,72.2028903074731,3.6931806503946802,1.1709570193502727,4.608901416302289,0.9970154794276622,6.219309297047653,1.0431302348884992,0.04392182970608894,1.929854939320169,0.27061577575687784
15600.0,79.58801740560067,4.691670779021073,1.043767829031239,5.877473607927668,1.1159072943648614,2.9580087566036415,0.2281109703932107,0.13808226616796715,1.1475366827322961,0.056463238287859346
15700.0,71.7098239878392,5.203801015598121,1.083663576156966,5.660946753174014,1.119721030615632,5.827170660678076,1.012183646834492,0.09917134655131632,0.6874153730529691,0.04638430698224024
15800.0,73.14236101509441,4.645355407413507,1.0520711569228312,4.985498684314224,0.9760001360732905,9.11652938632781,0.3239744235530775,0.05401675327833757,2.4227609262778436,0.3188164042680366
15900.0,69.52374465987803,4.978475915507516,1.0564061980836226,5.692504256646326,1.0856784924613907,8.196747835289257,0.4069630875730418,0.05740344704708759,0.769963517848577,0.006768831745685856
16000.0,73.78524337238872,3.3406388199161055,0.7643722977157857,5.58679450814343,1.0928137280414296,11.545545319710856,2.1493652813794943,0.3181251997260477,0.851487262251326,0.07812762721657245
16100.0,81.3432288338306,5.34999079979389,1.0947281388421388,5.06636000379871,1.008433921351798,5.537480649604303,0.8475562918517024,0.08352808809355465,2.4273264858547674,0.297852700132038
16200.0,78.01548655788557,5.134796288951636,1.0956956518032264,4.9803963379775755,1.0416702990877693,6.074934861803229,1.088654327877741,0.10789890748144756,2.2046768113485213,0.23834227381452117
16300.0,80.07236814325167,4.506561780843333,1.1480324452602266,5.58818625067306,1.1198360743524356,5.759097390837342,0.6163556351002231,0.0310415793672944,1.393647566703438,0.14905713352596314
16400.0,72.25022320484732,3.540911355729031,0.769512497373657,4.2638633472989325,1.039492602842755,11.550496205995964,2.828758089481159,0.494028785282421,1.7349676000742318,0.21363976187461942
16500.0,75.00111204932604,5.295653149244418,1.0757311123799316,5.158537262163658,1.109987700016497,3.8272118290232156,0.5087930723595301,0.06432067972241846,0.5934096987434722,0.03502905604065493
16600.0,70.98999427189182,4.808879562840696,1.1929230781314728,6.207828005959024,1.1943938477177822,8.575311505659958,1.33004779633702,0.06791559020162993,0.15104586563934447,0.009838285720168186
16700.0,75.42885536337279,5.200069613459377,1.0547266525621868,5.641303599308504,1.1432247926609043,3.2178077001443954,0.623066843288752,0.040487506278038696,0.6141866484207239,0.06676962225227978
16800.0,71.26842952132259,5.312304422716664,1.009973437633171,5.257867592680657,1.0845882647072587,2.509657805198014,0.5775295949238272,0.11014213275007782,1.106891630593236,0.07805446845035373
16900.0,78.39851831862943,5.359430746649237,1.114382648635611,5.347460385566756,1.1206455153103894,5.885324733181947,0.9467836690114048,0.07870599817079804,1.6249345356032534,0.09805607000845974
17000.0,79.2951511391468,4.937969706042299,1.0848299574237745,5.957474955865525,1.1066913541778252,3.593534749614943,1.1970842503323165,0.181558144837301,0.9946496514891771,0.06027825059827803
17100.0,73.7522650829041,4.466237972622715,1.147290312108936,5.5085540883942885,1.1357036233605122,5.5296103290145755,0.6274666216841149,0.12864955085797342,0.5245398552680357,0.06391861907588237
17200.0,78.55128518632273,5.089169503934282,1.1200744929941437,4.541397105688736,1.0437535571971772,5.840780344510535,0.7689695059404645,0.039084146258335124,1.454979299108159,0.13279477196199313
17300.0,78.28305229823256,4.6241802243346255,1.131901683824907,6.285442507901024,1.1512515641191585,2.6049353416803593,1.1153137446257306,0.12109456308817647,0.636225820917064,0.03972715248035727
17400.0,81.52633615319229,5.345367879166297,1.1068573504006547,4.716394558323984,0.983400266504524,7.427094341665159,0.3507216875397476,0.02166397525343537,1.952064227085846,0.31627234757850275
17500.0,72.14959197160562,5.020608824367699,1.1112101428389864,5.345391477623796,1.0756330948598014,7.979167539798106,0.6962643307068572,0.14454263904213419,1.009277309386788,0.0027674326579555874
17600.0,72.30389125067255,4.492534505527775,1.10145247630415,5.126354617614393,1.0945535242546116,1.841468774686336,0.2195960529911139,0.050391002279367623,1.9659001182155167,0.13014647918380742
17700.0,69.42336828252445,2.7734843406391945,0.826431157023538,4.352371750905301,1.0638938107551605,9.289922726986799,2.1598820366667733,0.5845417694242218,0.7384174517160776,0.01465377507604518
17800.0,77.04000198090914,4.635401863363552,1.0385312118005825,5.226698884438531,1.140319237752548,3.9123976198142874,0.5892751026903572,0.1436725812420437,1.0345550316798846,0.05144628362500619
17900.0,72.01195077972689,3.7151170792187496,1.1044187996090875,5.541247056893776,1.134905367938545,6.486004966588841,1.557353615085669,0.11495605563159847,1.2212982493387967,0.0617988993967945
18000.0,70.51337618029733,4.566110073307191,1.0005826913550357,5.050101497018306,1.051089497436981,5.890595563389938,0.17876964756357616,0.13602653740982612,1.1013686351668905,0.09254726260896405
18100.0,73.3181615152555,4.587441441384796,1.0320900558375472,4.811529613460956,1.0524483643382776,6.673324668660519,0.4351332516213722,0.04175417780038287,1.7005716909469613,0.06974058489457444
18200.0,74.74130369509794,3.20879428105791,1.0517862919057412,5.4620226051495235,1.071180367781767,5.137094743885053,1.51799034760947,0.226569690006461,1.906795344789281,0.2193769996504953
18300.0,74.4031141317635,4.942351887384043,1.0904767102467934,5.959681375739329,1.1830655660340896,13.226161415175854,0.5676877291663878,0.09480629777569068,0.552606700377601,0.07510839314003011
18400.0,76.60603314238124,4.485003829018757,1.0651254359462563,5.416322088173753,1.1203101979704189,7.447277169351951,0.5993286305851375,0.1560395899087502,0.9857762174702114,0.08819432128599891
18500.0,74.27761799592206,2.5490851584200414,0.7622842594120703,4.804262724677407,0.9887560185097227,12.101226231002013,2.42962827444247,0.6624819469389135,2.8540474861669956,0.3309919279215643
18600.0,66.01030935672892,3.441290983937678,0.64365576697043,4.899999007994343,1.0826160431630876,6.039135034845748,3.0244546164229296,0.5721431683734204,1.256227476034772,0.10615427841762518
18700.0,79.4848270253499,3.309601385444981,0.7412319095064741,5.031520001952706,1.0938224529743168,5.318577777048617,2.869335849509683,0.6460934419957297,1.013551077805533,0.06968356852087239
18800.0,69.2648295684175,2.993631388476342,0.6511322782660064,5.017460815230941,1.1002302527470935,3.208594069332149,2.5930932146567933,0.5641031164010855,1.5362194383938892,0.08306043680323155
18900.0,74.6940720918093,2.5830480461250116,0.7277465756427143,4.929710510158535,1.0233818052881751,5.042881355442639,2.7637387781748486,0.6331370842830274,1.6015645777964218,0.2436150286262859
19000.0,73.66488275707552,3.3062791225770467,0.7577242764414792,6.390811260292662,1.203349639902916,6.229065153771929,2.8637136826872673,0.6565686051101698,0.42206585479576725,0.048243822507356815
19100.0,78.31307075665906,2.8289512113308937,0.7997079173704291,4.187365803978689,1.0310032268468905,5.061733524192411,2.5683930327612816,0.6934786659787109,1.6240122046578285,0.18068642664674361
19200.0,73.65996791567943,3.365835522291626,0.6832840633999347,5.6861901922276035,1.1209470640963992,12.92810320013432,2.9337095859119873,0.5924637754638213,0.973024413281418,0.07821563045118018
19300.0,81.81095770121462,3.502905310598445,0.7246781999833917,5.438647424529864,1.1368922082415522,6.1764499371303705,3.0742554936604582,0.6278837053781781,0.34646502413042396,0.10166957396546908
19400.0,74.09488504544647,3.192328430219366,0.7177841910156896,4.905974107511927,1.029330352339698,4.46396875937174,2.7821082632728,0.63169664331103,1.2494513178284705,0.1756630653218214
19500.0,72.25964346187422,4.674369808462276,1.1058752208581493,4.665608279755283,1.073729630219558,1.5032144565333736,0.24374134228336422,0.06931741273977883,1.5823824215740416,0.18640509977408976
19600.0,78.59614595550495,3.711288258457236,0.7544141530659426,5.367046683073236,1.143782257862161,3.3874623803088078,3.185997272329471,0.623179165650567,1.8363107285859974,0.1344986674382968
19700.0,84.0897009220377,4.19131113061244,1.025829956938293,5.153671364782191,1.0308218699924439,9.731043951792,2.2086882566545776,0.19507224858971176,2.4453412758469955,0.21614115714759732
19800.0,78.23669670328142,4.407053315955097,1.0306653633975824,4.239018456423022,1.0618763948721563,7.53286383932667,1.1412447138783568,0.21512685904646833,1.2154647330749462,0.1494524451896145
19900.0,78.78191433718267,5.069020924582717,1.1834000191551086,4.1695865601685655,0.9481605589385902,4.915261495659757,0.3786647533953857,0.010726894755493427,2.1438784038396412,0.1709502149381722
20000.0,71.41838207753904,5.308115871332165,1.0539216644615526,6.097770487177268,1.1818935662968022,5.681901770877284,0.7138283803460977,0.089546807873679,0.20575425658987753,0.012620538097885638
20100.0,70.85053110433977,3.0565203219490034,0.7490908948254168,5.066547534809178,1.0800144367793492,4.748711425697169,2.7499206635592683,0.6508246257795988,0.6082768571629481,0.040986846535736865
20200.0,78.52375239754302,3.049791657659048,0.7056379325912605,4.716731528222933,1.0737693825239087,9.570084988493836,2.6597874264298413,0.613976085992479,1.223261448619451,0.09947424024063611
20300.0,75.25073970115979,4.645537047294375,1.1196705184928941,4.605765146274112,1.0130786107949301,6.3080415389982445,1.3603566715431228,0.07125872321202499,2.3164361528559696,0.26666076064505034
20400.0,78.71247027678726,4.684740275481279,1.189673642964656,5.210174408675809,1.049331000237349,2.1832710179546884,1.4126138362813048,0.008384673173225497,1.7725713580178075,0.11528287250671743
20500.0,74.09144693179003,4.749191419838437,1.07097973319648,5.498498914540568,1.0914612659775609,7.903105504567771,0.3465203929611528,0.09664605653445928,0.9048664682895946,0.03101653259068871
20600.0,70.5383424044824,3.08504581833875,0.7425499728500043,5.328154816958744,1.0384362543873624,3.6943408119943313,2.7456588921349865,0.6455197990341454,1.3584933207734102,0.12225465268061406
20700.0,70.66049121251912,4.658350982896301,1.0268551929643062,4.410895301344765,1.018271937143661,7.2206727795212915,0.29019038933107,0.058749010818403384,2.057880763485785,0.1827435474282487
20800.0,74.91479118070758,5.150491496907082,1.0852558215182173,4.734232477127133,1.0274025292275641,8.104960682212438,1.014384795383118,0.007902750156366255,1.723460030171029,0.2699465997009759
20900.0,75.45980354867142,4.932850856223536,1.0426067707571496,4.054932133164831,0.8712462105955426,3.1826191065029277,0.38203425174116845,0.08419756811394057,2.3737501164865558,0.27016819777239964
21000.0,77.5310973196671,5.1666028914466935,1.0973480442927284,4.204810291435623,1.0674526726654063,10.061856510924164,0.4496450451549064,0.19795938028651058,0.4560618076025539,0.016717634452780735
21100.0,69.3547732439339,3.410892963558658,0.8022184707834583,5.441989035120835,1.1699347287615194,13.921459106860821,2.909270788626092,0.5691225090614934,1.5863076558857025,0.10512537303038592
21200.0,72.89652090729265,2.519330499707851,0.7929538807175147,4.8858660417770166,1.0627983462013828,1.1593654442483274,2.200197339132454,0.6850572017202189,0.32944846269553646,0.01969956274560552
21300.0,72.17165758921165,2.4676525856966114,0.7267924138221108,5.2964809443301215,1.0880158935094517,2.8156830235200876,2.598106070630959,0.6346447563624631,2.090152816469294,0.10293867400880172
21400.0,70.61220768624327,1.8871344971419244,0.38358874631724355,6.22626670145283,1.1572144428154953,11.021523696317676,3.250770267396105,0.6516537844330595,0.4053627370269134,0.028324040475657557
21500.0,73.1003430767003,5.054151986402096,1.162768133479588,4.953752949633803,1.1033990481113454,14.817779332161857,0.45112064603742136,0.008392800223073179,1.244627780120554,0.06817799568533592
21600.0,85.83140086167798,4.657156668503847,1.1040127916495115,4.835347861131436,1.0494046480124999,5.275446764421824,0.08281287383053029,0.046144637867231775,2.3447750802114173,0.27084541636077164
21700.0,73.4339515977591,4.223364806209243,1.0825912840376812,6.3738381074894415,1.1995115521880744,3.9752360339269672,0.32788986019618815,0.13103414092718416,0.16301187371769174,0.017207140055742733
21800.0,76.00662908618193,4.326279283794764,1.0810036542233854,2.645461063747174,0.7881531782228547,5.815211670059778,1.4549123483659918,0.08033059067532582,1.1217562193692656,0.31250899454745895
21900.0,73.13733809400888,3.2359207808885486,0.7097893895025388,4.6228932865327055,1.008209372679033,5.907809060216728,2.8032765403745925,0.6154687152496163,2.3131087835435737,0.29898427677160233
22000.0,65.35915781648261,1.832733461792782,0.40453781411481865,5.022917237085276,0.999919356943637,7.3319063828079445,3.0332383476955918,0.6093099483059174,2.521276414504441,0.3557329790600817
22100.0,79.97450078729503,5.313875902925472,1.048270739231862,5.060607563998588,1.095672238965949,7.9652315775301865,0.8079037244127772,0.11844247851276689,0.9846957613192981,0.07499524185320454
22200.0,74.78915005370996,5.029353908651296,1.0924162404088225,3.847604823241543,0.9256078694255784,1.4020094923494848,0.5377488022945756,0.14390721999751027,2.286227008505833,0.30510104539695204
22300.0,79.88772217071251,4.841478667970833,1.1526172497897602,4.237972738244777,1.0178721660234622,8.122447516650434,0.18882025766149613,0.06054175477597711,1.4575066190022723,0.13835461890612485
22400.0,79.21973803664132,4.715886947463036,1.0560573190203686,3.5848652650360173,0.8836441709912455,4.055867895215918,0.4004179488251527,0.059414946586403845,1.0333340030439258,0.16163338826905868
22500.0,77.83170675728594,4.952697990661618,1.1178931559399454,4.91179153763125,1.0984039563127632,8.578809114163061,0.5375364224096536,0.06639012357735476,1.2341468040081576,0.08310034222168487
22600.0,79.07271244714526,4.92338963312244,0.9865510212912071,4.850625879151589,1.0844635111806884,3.7453577620951357,0.2642923392468567,0.181837998674185,1.0625038025566058,0.1478438806661363
22700.0,81.08927121338093,5.298005749754911,1.065726819850252,5.284764811597704,1.044219432644245,6.835667489203598,0.6731476446245819,0.13197863142565505,1.1033783971074664,0.04718835427744821
22800.0,78.94232786823075,5.1086274327659265,1.0694752057160637,5.060522759809385,1.0500593479748674,4.612491460088141,0.6552774545790374,0.09316475339644609,1.9090263756740244,0.23397944700979645
22900.0,77.20938202209726,4.634046485947908,0.9697967717230905,4.412446929506977,0.9631560963506645,7.2678463713963515,0.20601811346349905,0.13762237277642025,2.0888010075999346,0.28779582413600974
23000.0,79.27257178576549,4.876349304784618,1.1529332071281013,5.118856984379335,1.095581934696878,4.23397981599104,0.46944647480227053,0.05599408802691343,0.9938037801019727,0.07326226095052649
23100.0,77.32376134504919,3.3944932191451165,1.013487763297251,3.5142041696583335,0.8812170281915229,7.751068917378441,1.1685254905582765,0.207727898198118,1.2526917737345207,0.2689752820725919
23200.0,75.5020482082943,4.766397211763837,1.1238521296040325,5.726879235449766,1.1563232839869138,7.129514230328438,0.7373413382628686,0.13439908440036213,0.7608186556661954,0.057745715307588916
23300.0,74.73057237655424,4.196834865120937,1.112234827139291,5.085901001707334,1.0369880483364924,5.931198172344522,0.5919272261575356,0.14577042301012677,2.024834257229107,0.24299098264654892
23400.0,73.43998704187946,3.1389253812101803,0.6751442992672557,5.9576436578696,1.1477090296366275,7.006266460632329,2.753780951345719,0.5876371011364436,0.7466217484037249,0.05390698119017386
23500.0,75.7527364367879,5.122941098899268,1.0451681623092588,4.7875399415143445,1.0500675399070003,5.627914471800292,0.5014220270860871,0.032402898772923634,1.3420688931561897,0.14982776759048205
23600.0,71.44106347208076,4.826831476322855,1.189565050799926,5.116583320322152,1.1123492304973592,4.371679947354873,0.33448911603744924,0.0006419798802214719,1.1180592637155986,0.05731800171468834
23700.0,77.30528304651178,3.964508672214349,1.159555055239519,5.027221494291384,1.0408628080652234,1.7327758628843783,0.8390330399540952,0.07970299790021694,1.6116406720173717,0.1593458044822816
23800.0,78.65574310729221,5.026032878522493,0.9951626891323921,4.881902696069583,1.1200489845939579,3.0958939300928305,0.7140074799042423,0.0833383321917984,1.1786923090347992,0.05835858225278431
23900.0,77.6543229322769,5.33155124353777,1.095272336662197,5.876732985849535,1.1285316642246013,3.6276289342337975,0.5602572241627604,0.08523492908222503,0.7145079348424179,0.056837901854740594
24000.0,81.54750687508823,4.980206221942608,1.1473603000066899,4.496047809454854,1.0041969598915959,4.66220356059119,0.4904274553235181,0.03090560443124629,1.5478836016271276,0.17673589000367756
24100.0,82.9346244421943,5.729523018318804,1.1013163469196579,5.584547648301048,1.1297715280583014,2.132140687583246,0.7968642352648817,0.06227314669409605,0.5689346226214561,0.04895122675453251
24200.0,73.51606763213097,5.154902072168517,1.0844494752868614,4.342806314045569,0.9533846155440168,8.209599151053757,0.341733339214068,0.05880887294314859,2.07703456832743,0.1915000297142449
24300.0,80.56639340618996,4.088647822541128,1.0767489810173887,4.632675590743939,1.0229212122659335,2.303857418060387,1.2517371507245876,0.0685778956926932,1.7941078195063858,0.11693180951635763
24400.0,78.73145250130064,4.912248853774194,1.1083351562378265,4.807931048935721,1.016155073182347,9.728386587471576,0.7673043089918616,0.07576271452735235,2.0981987390980343,0.22781526435648589
24500.0,73.2478506793958,2.9685269045110103,0.7542033265899409,5.9765542721031695,1.1727642959208444,3.635830627060995,2.5707742681720314,0.6544345837608249,0.6559326679060471,0.10138121436619058
24600.0,78.95967724601333,5.014407671072216,1.0796225474147256,6.036265458597118,1.1479151739703584,5.474372666512782,0.25237434698737,0.08378763766742478,0.7747316198168256,0.05813992584078881
24700.0,70.84277265292106,4.389851573138559,1.1438966011899432,3.706687597852699,0.9581665873834045,11.2044479738215,1.0820029457461295,0.1024022920459203,2.133025789240774,0.19854962637036727
24800.0,79.46858163589184,5.274887864224467,1.077878580160084,4.08277372569631,1.0406842698876806,9.132109730507803,0.46311722092902996,0.053673402594314565,1.1747914611982764,0.05196384379878909
24900.0,83.42594432342976,5.508490288153936,1.0862692632454791,4.327272860243653,0.9476103096386477,2.746191296997672,0.7418472152031732,0.1111740897798862,2.3829250866128873,0.2984446744459345
25000.0,74.2210490446941,5.000112792843166,1.1407577810031304,4.696786681619482,0.9735529575530965,13.189337742654416,2.1671649214271764,0.05460416343151339,1.971009462053487,0.22742709098510966
25100.0,74.25616190091178,2.737381374878565,1.13368394068742,6.208753556099417,1.2387581889082326,7.461053251431938,0.7583644104272285,0.12002370767886106,0.3905106825540851,0.042600743642866847
25200.0,67.7396482966737,3.472355578951222,0.8302610132797841,3.655969408711179,0.8729300010019205,7.403400095596707,2.3204794501440067,0.3531045950429874,1.4009453996573102,0.17919077695406843
25300.0,81.80323302651378,5.748640486691531,1.0598516364137471,4.473483414671629,0.9580543845711033,3.613856049982327,0.6307760167705023,0.02648478490991791,1.754212297620393,0.22595114715117384
25400.0,80.38910444229005,4.466087146538298,1.1581179848347463,4.2134410833974085,0.9215279242840673,7.944024367140628,0.4589048075300583,0.10275891562112706,2.141479088863391,0.3027524549002522
25500.0,80.60631918554373,5.153033252079702,1.0695470543133139,5.192050412656083,1.0830271970158332,8.915323206085036,0.6687550660203092,0.1093730340522595,1.4120064511251365,0.04808542833564751
25600.0,74.37633323137668,5.0951274743429975,0.9873817302823357,5.057853088043948,1.0489553832124654,8.67234037587131,0.43390532533435316,0.06929908279298783,2.219735739222632,0.26285840760573687
25700.0,77.93695365714271,3.17579606902667,0.768458531954931,6.0893467293066275,1.156377492977483,8.255811508623536,2.8852902237462197,0.6736475657002686,0.50628369004815,0.019994193783390336
25800.0,80.76155424187785,5.206383479368809,1.0918363132674502,4.9562971788830295,1.0366813305506795,4.479102094309755,0.3719950773719858,0.08388251271766976,1.6147151133146451,0.14625309866940858
25900.0,72.15607103585488,4.8193390283922355,1.0574637927291233,5.27864411959088,1.1275579795622732,5.972504582433949,0.26309683411658635,0.03524152304959941,0.6246791813815022,0.10080885545968564
26000.0,70.4417908343908,4.442765850001622,1.071657941218265,4.788882778149364,1.06748455058126,13.14563368861507,2.0671306024990423,0.014581294934752994,1.3396964443863766,0.1088574307793077
26100.0,82.04825271883637,5.487819863627762,1.1114225693817452,4.604840851445457,1.0648201900923302,6.98792854112891,0.8829602339105223,0.022966009577315896,1.6536500373846987,0.10926743673416582
26200.0,68.79705837293697,2.9129581000100373,0.7735631771229187,4.702659889800629,0.9546863133828123,3.961427945549089,2.7537237428312795,0.6777350125927853,2.392964315470548,0.37952393274467094
26300.0,71.34023184696197,3.4369931393221287,0.6787302376243685,6.527071910569014,1.152714446252949,3.7134554639678163,2.977578053258693,0.5880086992272625,0.21331598576660712,0.02895740152283957
26400.0,74.38236113383738,2.4129800602233518,0.8377676034443038,6.065295601471045,1.1491271206291505,7.720561144470871,2.0905360252843566,0.725521377071242,0.517098596744482,0.023314220591884253
26500.0,69.93752045684163,3.038018972569311,0.758311018167037,4.885080840277143,1.0498669952127628,8.744902448996703,2.636578270903245,0.6586499252517045,1.4553449367462148,0.11410322844627502
26600.0,72.51199584183674,4.6940672889480775,1.0503915767096201,5.1917841850242885,1.0827435223406834,12.131431691631695,0.14017427798665252,0.05582488816067123,0.31356220967265086,0.013342221272800579
26700.0,79.14993651315562,4.567238620250148,1.1978535344373682,5.284177176908325,1.1084593074646352,11.494808251847381,0.6755771202417588,0.08059101773009983,0.7032501978395531,0.05182706340654009
26800.0,69.80618987790582,3.5988288817149754,0.6529887519620916,5.055912943529064,1.0859462554719608,15.708507651232464,3.1178897184754213,0.572275962818819,1.0269217162692403,0.1024401019025277
26900.0,78.25814290888978,3.695742857025681,0.9591302105852716,5.542925069876547,1.1741313144300058,8.15198543039462,2.4950133933770458,0.38197685533654424,1.000203347262374,0.0871106601682782
27000.0,77.20515659721416,4.754348653990481,1.1044705852895855,5.809263221242304,1.146367614767705,2.8984679604760197,0.30486517193828966,0.07325159273867878,0.8235430703600223,0.050150846901697285
27100.0,73.48139332923826,5.072438485657158,1.1210170532330357,5.474753961149216,1.1273611052236534,9.538247854253699,0.9321781454394145,0.05808133594015444,1.0482023963944465,0.057871088655119
27200.0,79.00607031167375,5.037486682181129,1.1471000324135632,5.100249427014349,1.0474449339047525,10.518461491504615,0.7643628692654058,0.07341513886763014,1.2195132160508915,0.025191042147976357
27300.0,78.79430671455033,5.171766578082846,1.0983253075352166,5.161927119484657,1.1078325539002287,7.779357724306377,0.4502772256813302,0.08193891340280572,0.6810278274869835,0.05131950275592975
27400.0,77.10845276116301,4.457490459131571,1.1038241240152995,5.165858946292429,1.065811762454677,1.5666476243807501,1.5461739742678335,0.052705397201247534,2.4012452114781846,0.2621321738432948
27500.0,78.90435355119068,4.905530764939997,1.0822088374207903,3.9580748066399707,0.9919170476827387,6.118287987527791,0.3070438844713818,0.044945671114524015,0.6274608824656636,0.1307056235518078
27600.0,85.31408399458081,5.042855777619389,1.1208212938184678,3.0431742753438384,0.7359991257295523,2.5166115960756112,0.8315304004392517,0.12400713720599157,1.8867855490324434,0.3059410883477598
27700.0,77.60434449094544,5.2633439831015165,1.1508665265286762,5.545516886796811,1.1268191433005994,2.21598192338118,0.5589477773218613,0.07472316976190131,0.7766902684728683,0.10054249539789646
27800.0,81.32182381720447,5.726611733658946,1.041975215820889,3.630494492333208,0.9679412354502884,6.275131212774904,1.1653425706138854,0.08393859351389871,1.035436603763151,0.10511701708871449
27900.0,82.3627036749845,5.282991555511088,1.0963762270211719,3.7023649100257123,0.8649946335640807,5.640355400841114,0.46032355129290203,0.04092863521135195,2.3890349903230677,0.40060997274422144
28000.0,72.69262543651884,3.542556304766451,1.2170586750703496,4.590426392822718,1.0736840368585472,5.883030089566391,0.9038540875970856,0.0398907821405089,1.4495419686229547,0.11328251750931438
28100.0,76.52343531262761,4.116222574069782,0.9280487539448417,4.26144318350461,1.0342947994368255,7.174266960684902,2.6063087195238386,0.23678503074503643,2.142521874075586,0.23422875418921774
28200.0,74.9613337831211,3.6643666209019905,0.6793401976873233,3.8046098803996435,0.9381031554638483,15.79041874688594,3.1771427231879654,0.592628986024601,1.987700830559164,0.3141795676061633
28300.0,73.916490098753,3.224134799329144,0.7743482328629036,5.288398115384901,1.0873233968232443,5.999088981639062,2.785060519467395,0.6644828641635026,1.431871657596818,0.16840733191832147
28400.0,76.62850908809384,4.420836727744014,1.0990220226515675,5.749343595547412,1.1604135835815614,6.641222460606682,0.8199392169480285,0.13384837353441387,1.173204332685072,0.08961881838623117
28500.0,83.9687940510667,4.758302639295022,1.1330136708646361,3.5379829974620485,0.8518158489335251,3.0944296586156086,0.762328433065889,0.11605204519924024,2.4826135790296497,0.3341827830276104
28600.0,85.66162174506019,6.038978931471525,1.086239179212919,0.8645050953731964,0.37240962906266944,2.7472343343393186,0.9108269164354722,0.0861896137361668,0.22108381003886998,0.14672271495470082
28700.0,76.3159535677094,5.71835224109532,1.042314410791047,4.91198113302916,1.099562978617348,8.704334361311899,0.9752534339970838,0.05199181585614306,1.785561945943918,0.14041668111375857
28800.0,75.60529270349706,5.217900352616856,1.0379089663371033,4.011336045829222,1.0129129223088644,6.69271997511567,0.4414763125902167,0.09025976172656809,1.656786155029554,0.15750331279540228
28900.0,83.70120668462738,4.931162532443928,1.1522307167102355,6.090090123971852,1.1473494790111234,4.863366485493295,1.3221571028748158,0.05444526721762021,0.7839572214883973,0.04871512867378427
29000.0,77.1572438910434,5.457380816306809,1.0883368033972014,4.699092074207209,0.9472997861455464,8.26179889039152,0.6447528633638197,0.01622222871391697,3.3345359648272788,0.48388127111066903
29100.0,76.72885189960941,4.988087431405886,1.1427557505848178,6.167183955937055,1.1207397190176047,6.219197600608243,1.3081381308126383,0.11904184795618047,0.829433846542892,0.07678433125866047
29200.0,79.834201889723,4.430098661299571,0.9617809552043622,4.932839765991929,0.9743895219844774,2.4013949451841423,1.6324136947283232,0.18825417138691553,2.98250875219752,0.3981412382312693
29300.0,81.54264663100682,5.12402197707154,1.1825232400562902,2.8916950552783676,0.8128836132188894,6.851521330100393,1.0019009508582022,0.08256219866481271,0.8119532266302242,0.25156995196646265
29400.0,78.7142609053764,4.297785460697182,0.7705479662789344,4.66976870274065,1.0500274883218268,12.081748158365869,3.668215726709062,0.6285377056420748,1.7100117060261282,0.23352853491770334
29500.0,79.57215413075998,3.726393494067839,0.7814782683956261,2.935120488329254,0.7204128777085242,8.215145334928634,3.308228505734808,0.6664928820905303,2.960363225921896,0.3948619932771912
29600.0,82.61387082962146,6.317736061177098,1.1234300280670737,4.473459115414613,1.0270721495781325,6.8705192115161156,1.3002321646669226,0.05702172162156332,1.6302900724624465,0.1408608754098093
29700.0,77.75983002805062,4.353950368746793,0.7601676318100895,5.435895476720131,1.1034130951783967,20.705377217559505,3.7824443480409107,0.6598539952041361,0.686410398338873,0.07529103371906164
29800.0,79.18489475624513,4.7152732858404445,0.923110658301543,4.153719540577246,0.956019918371009,10.534952092721763,3.1569524353315703,0.2625584948702228,1.8622406180686102,0.24090057244361085
29900.0,83.50480211896202,4.714595711545498,1.134045836985875,3.764169808445603,0.8769797560979464,3.5097419399317213,0.18305217203809604,0.1492555408070503,2.3056258440471233,0.29104267009030804
30000.0,81.88123238334629,4.268744623074423,0.7463859264403504,6.220540640858939,1.1772847698352347,4.880071571577147,3.7479009252989184,0.6369024684407617,0.2161567646149175,0.028378398432031725
30100.0,72.9316253217823,5.1665670806841275,1.0472543330250128,4.830726339956153,1.096561311476597,8.321862669953434,0.5476686386555131,0.05757657647442411,0.8679254855213645,0.029276019933579266
30200.0,81.97194988128794,5.608812738450855,1.0206319607255359,3.552802633432066,0.9849395756124953,2.039940498835888,0.8716808735368676,0.2139431818543365,1.3821048749283906,0.09185199093686885
30300.0,72.68761000085165,4.880305936059735,1.1569746914511645,4.478365207304265,0.9460410727694799,2.645104032276571,0.7363301047645465,0.08725903186211384,2.5810642845536007,0.3653286068466422
30400.0,79.13780200214984,4.14981293441569,0.7224170281628449,4.49856138560256,0.9939899751194475,12.030054963204119,3.647177226339374,0.6257274064890603,1.148662655088165,0.17130488921660955
30500.0,78.56585248729955,5.591905841530836,1.1556881885180228,4.767068846094854,0.9833655231959035,6.868237435697379,0.8203579751673307,0.0410844986461271,2.6833551531552127,0.40722784268613
30600.0,71.93003957734847,5.2204572490354835,1.1192910491605288,6.630221432477389,1.18525561053495,3.367604125040843,0.7087085850684045,0.04887122201029555,0.10301719743243916,0.06026403625469972
30700.0,81.49950987633035,3.3382595213735997,0.8801143365636045,5.7593747656254735,1.160391937938618,4.934088881235022,2.0654624684677594,0.353980564592085,1.461914599645501,0.09905310073299468
30800.0,86.62922100913424,4.543240142458824,1.0606360522246863,4.633715873619387,1.066266558087692,1.0233554158501954,1.4807105624670251,0.1598496993487365,1.6050419498555966,0.18790140358151194
30900.0,75.73840131937126,2.765171017951077,0.6541055739065245,5.5350599911679526,1.0981100062933322,11.98065993222875,3.489772582831969,0.5776747507152397,1.147969275598861,0.09898843619313984
31000.0,76.50231141856956,3.2527753194656754,0.7846364264205871,4.911731331020277,1.0428129615065125,12.723206050575063,2.9937321221438906,0.685151663568195,1.417293233234222,0.1708678105945662
31100.0,81.07804400969252,5.474239296827686,1.0628492207400342,4.820156775587486,1.054504914694518,8.544652987192057,1.230428982180013,0.04990372666627478,1.5278498924639785,0.22971481493257861
31200.0,72.82741135311743,2.6151107808171328,0.8187972090585887,3.4136682334724426,0.8650559389488954,10.001789867952544,2.2885054010445076,0.7094168597501694,2.228235847156526,0.4118323318598407
31300.0,79.63014848256002,4.231138987270861,0.8986974644715943,4.442197252148884,0.929308680895223,6.227374933358666,3.304788995133587,0.42161228077770324,3.3419916274558843,0.5147231563936253
31400.0,78.77679943703049,5.540831533669889,1.1065432384874334,2.6877071922041496,0.7783320842850084,5.974819888956318,0.7209369547035848,0.025198714439460784,1.2380799321487312,0.3208166004873886
31500.0,74.35499771659453,2.6999745315081527,0.8273023725647862,4.156137139699787,0.8669804056862186,4.221472134216487,2.3172902396606583,0.6240603875589726,1.9390950825438815,0.27159471352342235
31600.0,71.75785480561505,4.287086578512068,1.1699437874079297,3.1205861232299714,0.724484033718585,14.88827950462911,0.78539937944191,0.09582248985946248,2.9012264971230763,0.46929857697405364
31700.0,77.58562094403982,2.9146284415151844,0.7315352323952494,4.452145213156491,0.9300361761211757,14.151420654400642,3.208614313864334,0.6335325626900271,2.831672213142151,0.44325445624476745
31800.0,74.14074616284927,3.046042929959736,0.7795912087316909,4.297714706490376,0.907469004534224,8.122670159259835,2.7203469079555385,0.6798839389469878,2.9253836036544394,0.48499398956309714
31900.0,74.38327005900844,2.668376060385741,0.7577046635211181,5.191876959203056,1.053347376200273,8.223631312816515,2.6277798896038034,0.6577402222446811,1.4290114495474058,0.20764864459023466
32000.0,76.85861687386254,3.8898045386548024,0.7378556101952175,3.0002366574010524,0.741124905917868,6.1385486981040875,3.367721787742814,0.6380309334357029,1.3371817709057643,0.17352493626594226
32100.0,77.24565625313897,5.474253456483655,1.126101956820002,3.8835811231025343,0.8675754452826757,9.405063397566462,0.7206265428831388,0.027721562891069612,2.791874277217321,0.5207849577032264
32200.0,78.67175332151744,5.087893361250968,1.182543013047827,3.6702166110957677,0.8520148181850437,10.097565009789601,1.1082592909131388,0.04270906719726447,2.41705756466007,0.3596626851508342
32300.0,74.45771681880422,4.835240855041541,1.0954594875976529,5.788126200319685,1.1584279018686703,0.6853793938354098,0.7008443239710896,0.035493177185514285,0.6031579537581189,0.029608000976104873
32400.0,71.09658784401753,4.481690521830496,1.1338816530613345,4.523166754100846,0.9214637139152423,1.9870223046623445,0.6462968260722989,0.057015247694703425,2.9376037278070104,0.47867951893071775
32500.0,80.95489857218523,5.709416769011777,1.1020820207043973,2.9265754226981433,0.7013086311050888,7.637496530211775,0.8852133680646427,0.012784688946517886,2.284320509835972,0.38162451642188594
32600.0,81.50601571531563,3.6069713673694417,1.0620639774674092,3.9606280395026676,0.9139849477986518,9.549644315441414,2.2166684624580744,0.14375494484114473,1.9370936040123883,0.24878292217949047
32700.0,77.36583719940597,2.615717121586625,0.8593170478453572,3.836613207834923,0.9298544247149959,7.185884434381781,2.0046920419636907,0.20863054620346586,2.5315159917610495,0.30010648215682406
32800.0,81.28902047976766,4.446015962496379,1.1428038245552739,1.432077858676024,0.3583984535681182,5.152429511517059,0.8581690811833774,0.09973099700720586,1.6664401646932998,0.26894953984961517
32900.0,77.95523338499163,4.373904886941509,0.6950236018369825,3.7670185718292735,0.8756226922944818,19.342357989021792,3.8396051976187686,0.6028972034658583,2.312259044274447,0.2835903015098683
33000.0,78.87678294921513,4.9720515238476874,1.1705857564255897,3.375674894821144,0.8619968256974918,8.213241945245061,0.6724595698279062,0.09448143377328208,2.012363570284702,0.3440947563657395
33100.0,74.42668894225002,5.44199402308639,1.0231515627618866,4.909163140074554,1.072972970076127,11.834651157081566,0.7909641707508167,0.054924845023946574,0.28407546476778806,0.015697241317643277
33200.0,78.80531283919619,5.562719065614632,1.1079638570511676,5.105536171664731,1.0569751671969563,9.552922496361738,1.0049811712212124,0.07459895603921343,1.797523349347252,0.21787738539817797
33300.0,80.98908331869012,5.837407487311109,1.1241709489105711,3.3027821289189254,0.8485853297491442,7.2709680780616806,1.0815224757666213,0.04236842950475397,2.5077877169663094,0.35890097926534487
33400.0,83.03553806126446,3.332639508122781,0.8378314350559464,4.073509129858398,0.8690960144949909,6.214349291246045,2.8743239845954194,0.6761627550044172,2.4706237461697107,0.4393404701854422
33500.0,75.53112335106375,5.4756079927722014,1.0397142457201012,2.3573439906653806,0.7214441796634388,13.162868012174112,0.8308180393390319,0.2013639100874995,1.0832131233495148,0.31140906557597137
33600.0,78.62375730282356,5.462458955873903,1.102168681031066,5.782749577571725,1.1429789582682202,6.628884091977241,1.1518301815139262,0.037472132971316165,1.1429541843486688,0.09427043491420364
33700.0,70.95693235188362,3.9995518402083015,1.1174784634397505,4.890248460786925,0.9654864920318144,6.94804954738354,1.4250963715182094,0.014396719385306999,2.716362243283718,0.41745767468587536
33800.0,86.4111575216545,4.975622396754902,1.1534194973273284,3.424562513254759,0.8192790853717721,1.6139162572040318,0.857210490521577,0.11297029933030499,1.910970546166161,0.28484680660888645
33900.0,69.15393594252586,3.2900298003235204,0.7299676480618603,4.051936769888891,0.9254376871912559,8.640934804515407,2.8567265987888457,0.6324076762046565,2.317648958526109,0.34996127416412537
34000.0,86.48219791825613,5.981995147815314,1.1403753244365487,2.7624323916245923,0.5479774161838548,3.4835980760667367,0.6106818423210975,0.02807018992534806,3.3915118377650537,0.4965578508886039
34100.0,80.48194311701069,5.1901132243312205,1.074574929851073,3.5092245829584443,0.7798414833954362,4.24970227937508,0.31961496482208634,0.09606205249310659,2.8698325993776654,0.33291552455479945
34200.0,73.37847544266971,5.372829868397481,0.9844200551602943,4.467999354924847,1.0197636830595835,13.206798006398826,0.6412750797578854,0.15595302939798567,1.0292225190270388,0.07947684003841203
34300.0,72.68131164589902,5.250625612111237,1.1082936810595136,4.480056407147785,1.008796063849647,7.570295544055218,1.1097930776650835,0.055478421863951355,1.4136698571277335,0.1662556513239193
34400.0,73.62782838677735,4.963213499490116,1.1069700939244003,4.026553639240781,0.8941868720306038,9.033356483794922,0.6224661492910714,0.1783433906865575,2.892871273781941,0.4014064141820908
34500.0,81.55569259828066,4.003169863641468,0.8132356362024593,4.0467529753080145,0.8917694851005517,5.334369589062926,3.4742844345665986,0.6838413828654636,2.4878017013739204,0.3725466121712671
34600.0,81.15401594786401,5.169032656720067,1.0929041858188908,4.8919177155275575,0.9427288601415557,2.826154490458842,0.4009929557694248,0.10915174528391038,2.9461190155607584,0.36834237536531667
34700.0,83.343511374774,3.9262434546901637,0.8630880132891736,3.3548935212251454,0.7858363479517924,3.7422213641726523,1.812068500790843,0.3124090706709057,2.926951773604504,0.421447987625268
34800.0,79.93646318138865,5.749098616943457,1.088083957137326,5.717407754924094,1.1359492598861154,10.370107899911638,1.3114316681063456,0.0345412969212337,1.199516033829621,0.04654548373139465
34900.0,79.63815382076092,3.6993616642695195,0.8866843673375104,4.329473245555199,0.8431347365924635,3.522161572537736,2.719986271231664,0.44733962634355895,3.326092423661961,0.5818936099099437
35000.0,75.75507609833791,4.841521085910554,1.0974231492279507,3.985313245017913,0.9156601603584947,10.80863696272388,0.45029044691083003,0.1484089836470277,2.5998722884891348,0.3401032013074366
35100.0,78.29947296075552,4.331593895549067,1.094488572683688,3.798402279402326,0.8963463740637575,7.48748789377513,1.2808081478443445,0.0795421722265698,2.0471454510918314,0.2957095774295425
35200.0,73.34161939326053,4.468037137066599,1.1589466403679805,5.185706336234623,1.1139590156942762,5.6462537468834535,1.4752890419957003,0.07453288230083428,0.7803935991980334,0.06810724592375432
35300.0,80.84854339466943,3.868229607272946,1.0780813558828701,5.179260975465653,1.074350414941663,7.063399861853724,1.3318112402349667,0.010583024567381659,0.19641851543638578,0.020380516626059848
35400.0,81.2272732274513,4.723861888557776,1.1875968531953933,3.856079302560346,0.8117446217082106,10.297344389212336,1.3030212278219524,0.053220728646871614,3.007086701417476,0.5533014661706123
35500.0,76.11482533338443,4.611103110950505,1.1450172538367511,2.883162084880446,0.809939290114547,9.783701035596122,1.1834591023723844,0.09440654558354925,1.6298235951984867,0.3993645196168355
35600.0,77.03313728953178,4.621071561672073,1.1991134888184802,3.1417666776595596,0.8452588240554398,5.732380567546055,1.1998054363534958,0.037753833753792695,2.0284301628464156,0.37092515295416306
35700.0,73.14442637027527,3.0661566111949092,1.077721476910219,3.858406185392477,0.9096553476991325,2.0304030338158863,1.4479939856597512,0.1828039351788174,2.3212502027202144,0.3110968932612899
35800.0,78.52778093396745,5.054276514845654,1.1571908144402074,4.549680606969408,0.9955936322098248,5.860194063867091,0.8812008474944786,0.13015064969162554,1.9313852510980072,0.27859014597822074
35900.0,78.47672001237889,3.8579007200658793,1.1391736297140675,4.446227709922861,0.9932976905564175,4.067686752148602,0.7008996521434734,0.1658955905953094,1.782291737390842,0.24065474850497856
36000.0,78.71019258753972,4.78469327372365,1.0490236677618123,4.703039798777837,0.9825663836069962,2.4299151539051356,1.2363943521947287,0.22872843369264056,2.9016824996352484,0.4817236836454179
36100.0,82.43437472277087,4.9253724315649015,1.1107389529088418,4.885761349892025,1.00606675128706,2.39827362244528,1.0746289936496718,0.12556972885642695,2.0540845623277213,0.16830957724408416
36200.0,80.22071410522021,4.484292741221478,1.0828358356711725,3.960776679722834,0.9407360549201842,6.984773968032875,0.6052441436163268,0.16214026180170996,0.9543036540165306,0.03728321294587089
36300.0,78.30889107631198,4.9548656429630205,1.1053535963302328,5.7005295730590255,1.129904851949591,7.211821595161204,0.3870038807749343,0.06536604787899149,0.7608322962727033,0.09338305037580977
36400.0,74.9268816921446,3.989900499035588,1.1870788092314115,4.081130519317325,0.8206408207670904,9.608590375558208,1.4259389211687068,0.0648978172654007,2.7161813390252147,0.4147662818723276
36500.0,74.62327799849822,4.652117246491513,1.1638857484675216,3.1089862279284497,0.863258430404137,5.014260595707918,0.8078389018364004,0.08340824009969001,1.2937630734332002,0.19145258326019288
36600.0,81.48153295762995,3.380573244607105,1.0907228440557084,3.557047829887219,0.8502946834700286,5.234269795526867,1.4311748129841857,0.07785538602634355,1.9796851133175803,0.40369601210938166
36700.0,80.6542483978119,4.14562990973672,0.8700500325537989,3.309338207935617,0.7971837987771964,7.387621151996083,2.663069017803571,0.2161053381746652,2.5787010521747837,0.4771878547222023
36800.0,79.17121999502893,4.312772432466553,0.9801031719347599,4.83888470519893,1.0375409950063494,3.754330487309725,1.696682081288163,0.08428228216607321,1.688879909871614,0.1763049798807564
36900.0,78.74247331103619,4.40230045918699,1.2273355168167344,3.4534901272698355,0.9415282372387933,9.691151554910034,0.6764615781104336,0.03672557176721607,1.2892808336199963,0.1928791037659478
37000.0,81.37480572599219,4.215827925419098,1.1721070116991903,4.125459583787503,0.8977240621642876,6.3869009990662695,1.9135681831090496,0.09936998052913582,2.455905462338211,0.3310434420706033
37100.0,77.98505812898291,4.63185400130421,1.1539853889964686,2.9942693123239614,0.7471499751881444,9.577259156510062,0.9501966743227187,0.0919828841145567,1.899945188354518,0.4090791331434428
37200.0,86.54658720666738,5.855358645809177,1.1221612437052697,4.261830855394546,0.8838238675272091,2.873275694323662,1.4925029189694126,0.05853056521070855,2.4134707318284345,0.4056950932263954
37300.0,71.8040550426147,5.124005643918156,1.0873214524076034,3.6539638402094847,0.8981737996757602,11.871445166886613,0.5822401961308704,0.024319524169529223,2.7493741401046425,0.38110626525103825
37400.0,82.29746453059359,3.7998107176421985,0.8363292434718493,5.545465974786424,1.1012927767534395,6.332190590040213,3.2662764190971036,0.5842651189388186,1.4014882211413804,0.054430880893486716
37500.0,77.40769450151902,4.286652605424063,1.186837433083008,4.257994215851832,0.930756338073726,9.400064117701342,1.0750254927412726,0.14133217269859355,1.8784146281769383,0.3371894610475151
37600.0,73.19781991045748,4.456662235289234,1.1121782493003882,4.116718741961993,1.0438297910946532,11.537625864045276,1.2687439998838321,0.11167661319881131,1.4018320396504957,0.14956477240481617
37700.0,68.40398862417341,4.6837868684582045,1.1518345954756608,4.6117829848032095,0.973309040482253,6.446520269851175,1.0562842194935569,0.10057765375235231,2.3293730496750795,0.22794928573935422
37800.0,80.02854869538669,2.765976742250457,0.8565301790093164,3.4537204947969973,0.7761039347079272,7.360116667397229,2.464686396708056,0.22401762707080453,2.9627259160844166,0.5263362803998237
37900.0,82.2460353441569,4.825660633083975,1.1815169828152061,4.335159586490965,0.9212377069270111,7.062587338183153,0.7354181616265384,0.08853477443272537,2.5543115167651105,0.3273256106188212
38000.0,77.74538105287563,4.286278339577763,1.0785505793140686,5.036554485756246,1.0700990027315396,6.1435386919874935,1.998562294386461,0.06373398802518544,1.5339735061880684,0.18762044728164762
38100.0,77.55326060252482,4.8778242295417416,1.0449965013210167,5.638383317651662,1.0580973313439352,11.017391246275148,2.612032943113059,0.07900919919464104,1.5738574532697027,0.27609997559668376
38200.0,77.36041985093146,4.741507313141104,1.1537340780375567,5.932947815167185,1.1368189355523162,4.51332167511002,1.221681093182593,0.09552053285923787,0.9491590389886445,0.06082358791662014
38300.0,75.7325149833569,3.6287542722114488,0.7146296977415211,4.976539978911774,1.0357221794138065,12.094941377149427,3.1357900364536406,0.5972264263006084,2.044519570538633,0.2918072803335009
38400.0,82.51265767060836,4.890917127112964,1.1771297180830445,4.0231731063525915,0.9866342497420707,6.681945579335957,0.29016171673580415,0.06111011708523556,0.7328040334108149,0.10766154775069539
38500.0,76.07704120601751,4.850434809671544,1.1367155795463717,5.225699857833852,1.0730088008935137,6.121489636963273,1.441065695163722,0.10597117783231752,1.8440371316298505,0.24693759782883026
38600.0,81.58903396200778,4.114689554567378,1.126334751338821,5.703148905061879,1.1136233945662841,5.466621192307926,1.1901324574761332,0.06987798726751099,1.6221849751525546,0.16045224093003888
38700.0,83.55483964510836,4.224184212602171,1.013663283977088,4.668120360415392,0.9613651478760206,6.843293951034257,1.9775045973951213,0.05899372338965339,1.9102913688704,0.25337928041883717
38800.0,78.97739771696955,4.252180900079943,1.0785788302354316,4.187032635035326,0.9183875841280965,9.401716567908576,1.5146550791365492,0.1330285679222533,2.4563473030007663,0.4096159060278157
38900.0,80.00196726055691,3.4857595409982474,0.9058548727885326,4.502032790046781,1.0325300310367027,1.6454887287803626,2.2576357506628435,0.37857518143749347,1.934153688935217,0.23842927052128773
39000.0,78.35144326301044,5.220249175349839,1.0125120815160598,4.802557566337754,0.9340648807296429,9.412802579115418,0.8219392471533039,0.0672567006693055,3.3390941535931664,0.477690028691975
39100.0,81.88367378276679,5.427810750037589,1.0817343245480149,3.643331601653798,0.8730982379710186,6.076819182537687,0.3969260596614093,0.06664109898736469,2.449276970330997,0.4592494430562787
39200.0,75.7296709866974,4.812860567797569,1.1107432184294752,3.764280401384942,0.7408011898972657,1.979339378859757,0.7283624031909585,0.0663285827431017,2.716618947410936,0.32741115689057004
39300.0,85.55224836422246,5.492572898180794,1.1256616482362147,4.886495145518595,1.0340568824310974,2.2413597227827147,0.633575465479653,0.05515751635323525,1.5389990070551474,0.21106655575371056
39400.0,83.80278538220473,4.8237347897124385,1.1613827858193468,3.4273298999593513,0.7929276010757466,3.308553550725595,0.5321024124411049,0.10745936754376834,1.998553668000305,0.2964458727080714
39500.0,78.76633971688477,4.8967604898686945,1.1200319257999531,3.9332546441464564,0.8671645883926661,3.7380286759366457,0.6206379216937971,0.04341130419785255,1.9945189831640724,0.2816465650756772
39600.0,82.84447526082307,3.811043655940754,0.7326611289586951,5.353737697929002,1.1126660063483256,3.7451133456134156,3.380573580480992,0.6343158074589433,1.5424635193882832,0.199708949994877
39700.0,77.13312149508256,3.5723257826090076,0.7424950751908718,5.03692409553127,1.1125511311145586,13.208636640884565,3.172283083040451,0.6445513347636775,0.8619890350059162,0.11429446610091853
39800.0,75.58093130912759,5.466552515229657,1.1497517201565595,6.613763746443948,1.1893580692703927,9.283305787076017,1.1256640072538473,0.05211145576094461,0.026721032896161137,0.06895151540300887
39900.0,81.58016353946344,5.2770728208173345,1.0674238967624778,2.3614755578729416,0.5720655535365612,7.015082373785141,0.7253165819294122,0.032184728967852745,1.0342834232783331,0.12605706505360037
40000.0,77.39630348845098,3.83198562178705,0.7253976761556427,4.522658255253448,1.0088477486064191,7.470051515660952,3.2946413892151525,0.5995389269879853,1.555408869469387,0.16959056589018615
40100.0,72.71216078452825,3.815298897081101,0.9547916317788555,3.8481338527370412,0.8599708571637893,9.401728610184861,1.8005778958873042,0.0901033436128612,2.426160820663591,0.4304440202601952
40200.0,83.57197005677277,5.468340121532486,1.021760912733082,5.785000533356595,1.1323306215156224,4.3488487252554835,0.40347552469709536,0.06639754809310185,0.9183649093987357,0.09080678376472051
40300.0,84.35272124420239,6.005077389464354,1.1506584345970465,4.801919524817921,0.9273324720941277,4.887465663366203,1.1163565416354766,0.02990446929764578,2.7996619194738535,0.4162008102094583
40400.0,72.58715747686634,3.2220787041404737,0.8121633977959424,4.749082705540471,1.0550642549725697,13.369410508272962,2.9234052080523867,0.7050026642294132,1.553053376638625,0.21823112722536736
40500.0,75.51768962890431,2.4790846086461436,0.6060567516801404,5.265149421914952,1.1092443070721185,11.80284548475809,3.4128465721849746,0.5942805391789044,1.8088790698718988,0.16587142859086723
40600.0,78.19885451609721,4.042991888223323,1.036992003607167,4.7982535818304966,1.0501865168293925,6.601913960025606,1.9417317533491105,0.1223520944411346,1.4797340961965848,0.21312407338432746
40700.0,81.30317607745863,3.7193041088444,1.1395696008336704,5.27410173176624,1.085541390368739,7.351698306192583,0.9087221880995958,0.12661309482745953,1.0380542165451123,0.10418823019877489
40800.0,82.49594955822094,4.244539347672128,1.0254163387773987,4.40713585046597,0.8629938532016235,4.894782748254089,1.4343754087154401,0.09196233821913587,3.001743704568499,0.469532206394017
40900.0,79.440934175262,4.918271854568558,1.0434621261326933,4.0720826948178415,0.9419877241278819,2.726112807648671,0.2772486485040914,0.11060654870041742,1.6276094967213917,0.2498447359742453
41000.0,75.24688301435773,5.467494299509916,1.1746948003417585,3.4282623747510037,0.8097847642916042,6.928192638792862,0.6729270068110944,0.016032837674606448,2.9047442954111102,0.49749209474446054
41100.0,73.39572118710521,5.634075677681366,1.105793135252996,3.8805593275995047,0.9566385380749204,10.212334670676377,0.9772566382159416,0.07109718015221751,2.064223499060011,0.20032804674839402
41200.0,80.01780664617992,5.765597997016827,1.127829714374037,4.2454769626028535,1.0560023913996817,8.511548019116194,1.1134217711998426,0.03305090494458991,0.5938675933438066,0.10604954886091475
41300.0,69.8894149345562,5.339303560387056,1.159891409924042,3.394136762343319,0.6976126118100151,10.364808713537125,1.3758753639214647,0.0920632667121894,2.9924900509629735,0.4268614950295327
41400.0,70.4311743914714,4.454319435251653,1.1154036497723008,5.702617160744701,1.136784253601381,15.441073653351037,0.8617796199715689,0.0856542167948438,0.598228381539458,0.044947873612415694
41500.0,74.01153236799918,4.2619334809695815,1.1772829149224797,4.246171387423219,1.0388666661355628,11.695722339787539,0.5148871411457961,0.09277336807590635,1.2971198040375052,0.15971172048389595
41600.0,76.74917022681005,4.818658323426725,1.169995163702427,3.616226750962866,0.847960973999613,9.936058402117416,0.9688249691109252,0.072946954784869,2.4123031292058945,0.47982950470393715
41700.0,74.8035885309551,3.5954153265450537,1.0457764185174325,3.85790542930059,0.8700338656762986,6.722579221272703,1.9966050204645418,0.2411932757365847,2.8583285488586454,0.46445777635773416
41800.0,78.0890301799143,4.901467788236545,1.1240420272585452,3.905659780328682,0.7643918190008288,3.494676001447229,1.6868561575166534,0.037085196946939285,3.179271613284346,0.5656318392271229
41900.0,72.2833949572909,3.448808448959747,1.1893668399091712,4.1313905066694,0.9982515607077129,20.84083111600033,1.1695139469955405,0.07366945722075204,0.7634564191884846,0.1413627243459712
42000.0,78.30950509138519,3.510319643164887,0.9352625904861199,2.8599780604378604,0.7831563796731716,4.397144039985514,2.526130038859091,0.45332645896578777,0.6654702858755301,0.12574922835955374
42100.0,75.50681252678783,4.1839580026363565,1.062181614141702,4.629341503666702,1.06352580157158,10.115971371153275,1.344725556053712,0.11625563030676629,1.3686710029260833,0.11481553216497307
42200.0,78.54228114088117,5.078184025777721,1.066391376847354,4.9078597378067315,1.0815433743010938,8.493737191362959,0.6135996339033424,0.0870317088312945,1.5784863860269795,0.2047317181512895
42300.0,72.44538595851303,4.693811508779333,1.06721224804153,5.288415698205207,1.0957202734469214,8.518169322155227,0.47184599036810554,0.15784489187672965,0.9856045678270391,0.0909935890593738
42400.0,79.51564899835158,3.898346008818032,0.8466112206571713,3.4428650891755406,0.7984878584954798,14.498493131447821,2.7046368213926284,0.3534716759073504,2.3223887138307964,0.4315327319706676
42500.0,71.66556559481472,2.825963286771524,0.8425328391300994,4.505368112662346,0.9347279750600284,16.090507702101018,2.610401492056845,0.6796628222343928,2.811927988219575,0.4850143173502751
42600.0,79.7439750466702,4.597917696744432,1.1352475009043166,4.956704561293257,1.0495149826532513,10.05364100501447,1.726747025429226,0.1264289204367785,1.2791607317736828,0.14014884599616895
42700.0,82.62182326377564,5.4928697255663765,1.0571004811204752,1.228587768608026,0.3646275169429369,3.690638573835731,1.1154523005698465,0.09648008080008304,1.908896742699018,0.5304223271652182
42800.0,84.56741554051167,3.578063012311031,0.9759640864858644,4.771751965929397,1.0588585343727053,2.701324281688557,2.6843976063806276,0.3874800341001978,1.32988810152176,0.1168225684183939
42900.0,84.22992221072117,3.2044770228381485,0.8751946244024139,5.205826906314589,1.0862221844614164,1.9179701600311572,3.0188172942898057,0.32516847375915564,2.1975441952157047,0.22029308689838073
43000.0,73.82524235381372,4.0741448467818175,0.75500126147174,4.413516219575042,1.0413428389772041,8.759764040337958,3.6172522418330173,0.6536162264031438,1.936842377885547,0.1313385047836468
43100.0,79.03711900377478,2.944422447799241,0.7605380868618891,2.899234552176311,0.7299883193149889,3.0729347546519605,3.321950010346252,0.6444329931036543,1.9288365931832652,0.39272356845544903
43200.0,76.87751562443901,1.7323054159717497,0.869808084561332,2.734465879298907,0.7476609864563929,6.39176258886061,0.6588607772669565,0.22113146097364117,1.722074041725371,0.4435590347844111
43300.0,77.4710834863646,3.356447949572195,0.8022757585712007,3.851042874880028,0.8382289285942185,3.1441796567467386,2.8846794358572265,0.6802415502400169,2.4437575369687585,0.4538738440413355
43400.0,79.8006590851451,1.5177341551593475,0.711336396625096,2.676058967723531,0.6182123923444545,9.574134290490655,1.3755658850311103,0.6244715370206126,2.401916330099027,0.41106436965870247
43500.0,79.04117911019158,3.698503331892248,1.0574722052716743,1.766228743087625,0.5828709989087747,1.339143957865605,1.2993914022228155,0.1598821616318559,1.2984704141618808,0.3734977398564267
43600.0,67.16590730381519,2.7394879372553813,0.787867855046355,4.609725602973989,0.9897101952558186,8.587451038169394,2.689272723803288,0.6821908874808538,2.0839722184308584,0.2768125740249134
43700.0,72.30029184377679,3.7592153803831465,0.7036761280252667,1.3999948359729093,0.5824973392365903,16.26544251619364,3.353332511249656,0.6194021551487245,0.7633691892031843,0.3234008770551293
43800.0,82.66963771769302,3.065157088881144,0.751078381708742,2.211426022124313,0.5227487509523778,4.155998238360869,3.362595604168664,0.6493601729215925,2.527277766694979,0.4952194764718901
43900.0,77.80563173237282,1.623635402246496,0.6917901805444518,2.4312195790566995,0.7445104535362517,10.492333111775576,1.7182875417084031,0.6221136043821432,1.3569066387329474,0.29318121887604304
44000.0,81.6250096627179,3.193959429929869,0.7746288301649616,3.4995540954262574,0.8690267968176423,6.162981725186874,2.7668938422864073,0.6691000042121862,2.418472541283471,0.39337752816007926
44100.0,76.82249325655897,2.394432966273288,0.6855049764519267,3.247554119339363,0.8045268243608804,10.24040375888716,2.639258617126347,0.5850477542870814,2.9396582246501266,0.40614112010743997
44200.0,75.60410747905739,2.649197621511196,0.6140524902636386,4.340058557410645,0.964785028820856,10.418256830887854,3.5436634018710316,0.5954535064305952,1.924424371337183,0.30283705731536464
44300.0,82.26478179194,3.373915746928097,0.7988783779806835,4.144423513602191,0.8793279538351414,9.158256722447641,2.764670309297389,0.5811064489244256,2.338411053080244,0.2995718079647976
44400.0,81.85960399887459,4.3392200417235545,1.153815275962604,2.071162529913814,0.6353934179190303,6.4541580076902525,0.9989361978062706,0.045971838158731994,1.2624127686787174,0.40485392720947044
44500.0,81.90706850253355,4.676738683731102,1.1681580214426672,3.1403100472315812,0.886453860715399,5.564030402546879,0.8034611167634246,0.07074448571738201,2.3298721251039227,0.4104544957880995
44600.0,83.23661673476772,4.208372974188983,1.1278753309490122,2.796247919812173,0.7176224514236869,1.3902144105342185,1.0130381434287612,0.14517656435789783,2.053462369280266,0.47079024883314324
44700.0,74.73072243614094,2.2630716106219406,0.8474897716041866,4.835041989973576,1.0597178814238652,1.8583071441044356,1.9513852191200576,0.7271574551882277,1.4737611088112554,0.12714015794814487
44800.0,77.6028419513263,2.4016410811414226,0.6854653158863732,2.374652783220529,0.6300953739892089,13.879894173635028,2.512726966072584,0.5753974435445008,2.377550523318467,0.38106508756261515
44900.0,78.49617360283368,2.5919946610447204,0.6375337114568606,4.861073121519606,1.0733341134822059,6.963283370806559,3.193461443359003,0.5763504573708538,1.6527827784733384,0.1527336526170813
45000.0,78.04835427620368,2.7092713979734726,0.7139298715271861,3.659169651257008,0.8673011046119958,9.259584967341654,2.9525008068639123,0.589146909740717,2.6644590476776067,0.43576916927531334
45100.0,76.28419957171367,2.9719563170569043,0.725114607263604,3.4398919164017756,0.9142545845254008,10.536446587289356,3.348357376459549,0.6279059233180511,0.7816169812116214,0.05876255311705645
45200.0,76.99744725046122,1.9470908842370591,0.6276512418758732,3.892948370086931,0.9245120832277801,12.094727714995349,2.2798923509077857,0.5917924527806883,2.054538232487564,0.24177022686564414
45300.0,78.04762882835344,2.8182697276471007,0.80822433564283,4.540804719475465,1.0171154866747478,13.89692484412106,2.4409038473919202,0.701972945177338,1.3576775570224981,0.15094112691516776
45400.0,80.51153545778752,3.3821895161922577,0.7314533320182885,4.024358894466629,0.8122755161018528,11.127902818433297,3.034794197455959,0.6316331428536601,3.2121073706482526,0.5716407150395137
45500.0,71.94518141573614,3.5202732708848465,0.7221008779916734,4.49439819889965,1.0369620615717101,8.754144647130405,3.1621373081731474,0.6341232883634136,0.38118856170429494,0.06804728404276059
45600.0,74.62157694905221,3.457675962896722,0.7735907152282148,2.61948967675899,0.8700681053113462,14.203472353079567,3.263608364370479,0.6610213722842675,1.0534634395817295,0.2038088875530947
45700.0,82.4298887394226,4.335310078315369,1.1098320847190406,2.990124629829657,0.7689266117830188,4.8836453660321695,1.3092264212775824,0.14829509917481007,1.3276224747747263,0.2641623076206981
45800.0,73.56589733895031,2.7427342216073956,0.8063305745860686,2.27729129468035,0.6338703478598965,18.39524788294808,2.331761894187092,0.6724074165315824,1.7668772235288221,0.4056743803935832
45900.0,75.51755955093853,4.794634039227426,1.1008805762457652,3.2355005073918277,0.9021952074458572,7.170605302052991,0.4291682888328833,0.05720615776034269,1.5935775271056387,0.22740472914510218
46000.0,81.19836945753481,1.902775316491228,0.8153914772028652,2.936961839645509,0.8160944562346842,6.17939991114189,1.4629907954199792,0.5135261429647799,1.3739508495148485,0.2536028421205586
46100.0,85.44442908650718,4.398517316333515,0.8422907249454253,3.5587352078168197,0.8235052130053284,5.255371585592326,3.303193256116746,0.4325123318442096,2.421325617043193,0.47641668553174454
46200.0,82.06044268075014,4.744043889891803,1.1300777118195473,4.364450997959918,0.9466925986859088,5.785833977672241,1.767862704176855,0.06532402123680676,2.7145494644193917,0.42073920964510536
46300.0,82.60727469938055,4.211613763766674,0.8961288565984589,3.681528476801006,0.818884097112754,8.320767965563386,2.697880403999971,0.22634724377468446,3.0802933747859655,0.5454398611332205
46400.0,80.85359773498281,3.563541246673308,0.9113860889241318,3.5439940018409644,0.922906138171481,3.9084744716049955,2.6704477022843487,0.42759297365757776,1.9478300755629558,0.24197900345935877
46500.0,76.68754679367258,3.212535805921831,1.1572620029332392,1.48921044328997,0.6305320535728556,10.461850856922844,1.1243429590149778,0.14197448240684207,0.9619546255584325,0.40215892599616854
46600.0,80.6716363937713,4.150375312904253,0.9594390745761698,3.538548545421932,0.9563774795818029,10.587423507415778,2.6716708209454287,0.25751818815053307,2.0923885601805514,0.15185475871877543
46700.0,80.27587641919672,2.173371330709151,0.6853147659371944,2.737913826282904,0.8945333264203607,15.68013972678073,2.5503203895883657,0.6178961418023841,0.5608928880128858,0.2189588099923653
46800.0,71.96915675471264,3.5818531525728723,0.8325449504111165,2.622387742388618,0.83976409826689,13.665263810779388,3.222742289033715,0.5980412416625982,1.5945107785389825,0.17700019155141777
46900.0,83.9585405047214,4.938847186889943,1.0451879297669167,1.2539611521144038,0.45926335627408177,6.889741597142989,0.9652860801774152,0.17214417469764562,0.7708554297999524,0.2640310812436188
47000.0,71.80183097909017,3.3235367433863288,0.9868719007411707,1.7659704631301174,0.7442370970741501,12.918467353996647,2.0890196214506553,0.29698199498258937,0.7255594299541848,0.4048514804551913
47100.0,78.30110958020005,5.050329973349707,1.181265315718939,3.513821509230494,0.8804095320659098,7.156150387132099,0.19761804044795223,0.016459599437255848,1.8277041535450125,0.23577055572207636
47200.0,73.65480555966879,4.242156667970751,1.1883210207601531,3.4096049249411187,0.9270306463675303,6.617817654718099,0.1535962876905873,0.027709464340792137,0.7133912506845961,0.1637590462885026
47300.0,81.93726486618591,2.1732884967080426,0.9537457254057006,1.418634096139973,0.5044448261187195,8.995816268295773,1.0622769088529336,0.29235365327202095,1.6098663912534987,0.4701569863566623
47400.0,78.67517112489016,4.5852893421654155,1.1444557458458393,3.6948404329026876,0.9180995186759838,5.045570774904809,0.8049844672889915,0.1060683395496909,1.6438189116528912,0.2646927999389834
47500.0,78.73950994114665,3.4035693040845074,0.8098817669133888,3.359741955271622,0.8174621235803219,10.226587455546676,2.5008497253664124,0.43954607229594717,3.01348069435322,0.5175408924198058
47600.0,79.39778578224092,4.866134917005291,1.1320280341152114,4.453921800655219,1.0111320416845657,8.259573966488645,0.6273100437103899,0.1145483570777753,1.873067482752904,0.2740116636064265
47700.0,80.73239692363803,2.4872904645990004,0.8099468776062623,4.324546032948385,0.959988022294485,6.228044523913531,2.372658095096461,0.68137873695903,2.356395694830153,0.31290651929487634
47800.0,79.10615741639407,1.5949626731658688,0.48952295454894007,4.235065063618516,0.9574238772273462,9.921288377084414,2.3328014364100995,0.5947011792567303,2.0374274388057745,0.1896360273980782
47900.0,75.89005071444335,3.7028326149275013,1.1433450887007837,1.6191907645620187,0.5290734843405156,7.801897703227072,1.6200772109318484,0.10493188273836448,1.3530285901648333,0.40010516250122463
48000.0,80.08548364368957,4.345863014786703,1.161357209119014,2.3342181014838896,0.6360588170386866,12.842325746927967,0.6366143055140393,0.10943678347760451,1.1518252824933606,0.1833646058776517
48100.0,85.66903894575675,4.3923853856250075,1.1777624594307856,4.194174839801536,1.0331426399100347,2.6892149136161922,0.8275019816265731,0.126306006126396,1.6655185700254933,0.13506174522586953
48200.0,81.15066405950783,2.6553625133460605,0.8148565024769673,3.9716556571691335,0.9902224927464182,11.009824155584656,2.3027715218167604,0.6979039392840637,1.9170151544292338,0.16916096574730954
48300.0,75.52697519281583,1.9032530004658994,0.45844281544341414,2.9335711713036208,0.7381714429315699,6.338953088630797,2.9961866878590855,0.5949453766868394,2.0899013674720184,0.3780897388305387
48400.0,85.98792725275564,1.9540859634208747,0.430397548292264,4.943811004748681,1.0322359046163998,4.012719558069935,3.158240033769143,0.5971443581347405,1.981191543206119,0.2471918116372478
48500.0,77.44382517313673,3.1390300875247643,0.8189708776956265,4.453432299642468,1.1205297373198937,17.41126021734352,2.4983721273871002,0.571513107661754,0.36390666328676735,0.12278491360805396
48600.0,80.6933164427555,4.604883593545465,1.0899610806531437,2.399926140827039,0.6184482656313923,9.512987986719759,1.6042578659002134,0.13233013905620195,2.0347738592204623,0.3899494681148367
48700.0,85.37858411149521,5.918680598494032,1.0809166479302394,5.345494615750613,1.149887528107361,6.9146783484569925,0.6435074056168586,0.11313219600445043,0.6994510381213409,0.07683667249483488
48800.0,78.24438299171783,1.9664556990646058,0.7471394371867821,3.5007937857463447,0.9518584185746376,7.164815040778534,1.9837742009781818,0.6610567507116795,1.5728767095077327,0.14236964685518166
48900.0,78.59112509885402,2.961866068280214,0.77074142709587,3.422298886587624,0.7326506984996088,9.455661175056854,2.7161403571406963,0.6706160255396054,2.9537444121319423,0.5726934598819013
49000.0,89.50096493440832,3.3845465772373093,0.8149089385059174,2.9356682240228267,0.8160335486222626,0.6434426062836468,3.2076560818519635,0.7064070605324435,1.5458712694647259,0.26615440700602816
49100.0,79.38400020932961,3.760417154478493,0.9050313013919514,2.0778513536420875,0.6951143684377322,8.350354676324294,2.822101480149506,0.5505672299408405,1.411957668377604,0.35842312705877827
49200.0,72.65229309122257,2.8464838473462666,0.9174059025269939,3.017358534934065,0.7857037321163279,14.049287718623454,2.220237980216087,0.23680022852407642,1.9163976894324308,0.3938311620003517
49300.0,73.62772109175204,2.039087354721453,0.6835837905188705,3.4696724272989496,0.7557106774522167,15.020625419215376,2.133222342801338,0.5941781999467765,3.0683087235537796,0.5120529438739777
49400.0,83.48882889165645,2.09864470182097,0.8632615285884168,4.459803337311707,1.0721288142804146,5.319584879653215,1.597532602640475,0.5889969607722232,1.6567740767322146,0.13005532827965857
49500.0,75.91052320721643,5.114200944535993,1.125753865858487,3.8825993351718133,1.0364806288007895,2.3043807835333423,0.9217748396132508,0.03677157050440015,1.7360825779028422,0.13936767262134958
49600.0,78.11953157015604,4.796099940875391,1.0351274175963816,3.262037627848777,0.7981490376607246,8.441216656584118,0.3099715823677794,0.037152138522591416,1.898563665379341,0.4143247076307924
49700.0,78.59788941220663,4.766321856995934,1.09014086647214,4.626857309615591,1.0498480328500184,2.0738121383567982,0.6199283290613309,0.10024687925885051,1.092665410131555,0.1321028071473225
49800.0,76.11424821343947,4.144098145579594,1.1738903025191023,5.996276113689415,1.1675051198266335,1.6053382427701604,0.8521683473135385,0.1005478774385007,0.5655457578383043,0.06195283211786723
49900.0,76.74536583384086,4.752696933610434,1.0391086618216667,3.856198144789291,0.8899783350204492,9.034637616236795,1.0418940249167814,0.10338641357912577,2.5856753600428006,0.331836337080664
50000.0,78.74479195126594,5.1565328205328065,1.0425557671330863,3.6366204511726195,0.8195725777156656,6.251977180487896,0.37411528335868993,0.061588418501866374,2.9259929378965692,0.5534678591785236
50100.0,80.82966030188273,4.466617698688509,1.212966811814515,4.92888274013148,1.102805142659139,7.941099907168519,0.5356057263017199,0.03777161211616379,0.7020604732970974,0.05278329535951085
50200.0,75.12439025301144,4.8065120525164655,1.035920519218024,2.8158203170950435,0.8534422047951287,10.55203456679423,0.23968896470975584,0.09720653517995663,1.0443922129427194,0.21059325634825238
50300.0,73.46984141242162,4.445462325108211,1.1671498324076,2.961769672592864,0.7128792115033183,9.512079514821059,0.6593987788963057,0.07393094320028681,2.139378464636217,0.46145910045617455
50400.0,79.4109910512192,4.161516809690735,1.0624254468057732,4.453823722799849,1.0259431399287706,8.918537319618531,1.3576515840355818,0.1239046274464423,0.9241284288719996,0.09534421523195147
50500.0,76.98943752419471,4.666825467524062,1.122678255811977,2.2937912542074073,0.6879039986931926,3.077089644906145,0.5464789097919738,0.06399597363474087,1.219657411401698,0.2559709012726752
50600.0,74.21464476548726,4.315308335390768,0.9133493017921467,5.012757358716613,1.0767388000138334,13.006018872615787,2.879432613494063,0.32907994893544884,2.06069776877958,0.15123161085183429
50700.0,75.31016223711362,3.3456220174607605,0.7289660771725804,5.581573003549575,1.133727537982221,11.68092262164571,2.7524220460448525,0.5396079962061908,0.625291489080511,0.05746912696416018
50800.0,85.18919228640726,4.26572400513589,1.0872489198710447,3.8858323911658523,1.002813573272952,5.577735283917999,1.1968916736634554,0.125663953300308,0.7004471283549625,0.05672379955740388
50900.0,80.24408552922553,5.146200780896931,1.072595083164699,2.9026597470247335,0.718326355394868,9.613773501409888,0.20844053295283826,0.15330752734653938,2.4218505825352716,0.4368645521383107
51000.0,75.86161155549011,5.011123654131426,1.1346330565479006,3.7964898650712864,0.9541941158416313,6.46919339579717,1.028074767854229,0.09974062449243531,1.3329213272868539,0.1645959778014296
51100.0,76.10849763123196,5.036395888888145,1.1685269547953476,5.706688920679614,1.141750161756967,13.000773037006516,0.34756148650655155,0.074354729768902,0.7667680423694389,0.04523560803712757
51200.0,83.44693875382639,4.8621899521792455,1.1342116622905143,2.759685035326262,0.6876605599367739,5.896029882118808,1.3046889514258524,0.1431881293656598,1.9407103577047384,0.34878431300125406
51300.0,77.14066108697678,4.096771099918315,1.190575337946182,4.72611146649304,1.114879192995029,7.483715767277513,0.5439101268442613,0.09012223242674482,0.3375101788637531,0.09875663077367794
51400.0,83.35878506566642,5.423423928577013,1.1624880116855187,2.365028439193651,0.6949397160799391,5.042668764315269,0.5031329827916016,0.06265124778379073,0.7791811289933441,0.22835034661603568
51500.0,83.45502331197122,4.5793654514268844,1.2101870370278096,3.5662898956121345,0.9670144055329583,3.508141643577457,1.1404142151657284,0.02589783272854931,0.726173129330536,0.10641386357616714
51600.0,78.14760768895287,4.132256112940169,1.1928866500533606,6.2423746395163535,1.1810999704168497,10.396756143619,1.6848701995612405,0.04729349111932893,0.5709989093121023,0.025839889652850362
51700.0,81.96545922792872,4.68656657442668,1.1658543042731297,2.7619321138068726,0.7429590567678083,5.178153079835171,0.6227634642573531,0.07591444313622024,1.7804824500287852,0.32660189763506925
51800.0,83.56365343689923,5.4336746641069595,1.0663601649834646,2.4465702284413346,0.7933993259679349,3.424572271322201,0.2894051707112288,0.09777103154175715,0.5706093301455609,0.12447086989553643
51900.0,75.06067316772094,4.204622449243145,1.0126352279554995,4.863769747946935,1.0049965857862537,9.105137812571288,2.5123943970939666,0.1722560512612524,1.5715372206512828,0.23198527390356566
52000.0,83.75085662638044,5.407544701023664,1.1213608139118296,2.3675767664678657,0.7690723667890073,1.11947030857001,0.2744022161664881,0.06025971938517633,0.643059689281574,0.0859693501225158
52100.0,80.54768044326204,4.706068275495017,1.1576398235576593,3.2388568137939338,0.8531990370092278,10.793979096465907,1.9987783624785929,0.054202370965612846,1.1730466729314264,0.20017429117686855
52200.0,78.09442088463197,3.141245677639495,1.1206818670018903,4.817337911561366,1.0328980025269152,5.858220769577853,0.9449756928829529,0.07125661836809315,1.192096231022771,0.11949822114818844
52300.0,78.31488003253304,5.037531788252504,1.0082759277855444,4.608894607372272,0.9354223444939856,7.808400788165473,0.33241657571704125,0.10927483904783056,2.3770400415486495,0.3207052811559459
52400.0,79.6195683259041,3.699711577323559,1.056473371800488,3.57338288068971,0.8276894893206288,13.829430972873753,1.8385273120717895,0.19254969853670487,2.9771899674916704,0.5034837782721088
52500.0,77.79855033155029,4.129589651236153,0.990109101785792,3.545692362775686,0.9928868485579896,10.934930364421035,2.5027074270705905,0.2627584991047935,0.6611913153039969,0.1434535093927391
52600.0,73.46504074150968,4.3124935671926785,1.1430694511953272,3.0232533457683552,0.6577791903815694,13.007480181465313,1.6589100142786435,0.03521282626453833,2.950168089750835,0.3822398374347994
52700.0,79.91995441454365,5.430123470577659,1.027531335400295,5.1182207401610045,1.0933445339366852,8.107570232277135,0.597173563526626,0.07307253553486014,0.8288167419093558,0.07748679357706166
52800.0,75.28001010840477,5.217437654207231,1.045202997150476,2.29346913359711,0.6620565401533439,6.66742181414765,0.2859341143766595,0.03753580321472557,1.4261543674772617,0.3322655358649747
52900.0,80.70692504190691,4.409835767947439,1.151859671055348,3.7696719664678415,0.9287744626166393,5.7807469139337995,1.3138442020621974,0.06361349944166138,2.1766805222864316,0.2729036152054452
53000.0,72.52049101746445,4.801145548780468,1.1134739280502195,4.552810526773825,1.0000797218000022,13.591671507684607,0.8973334100676954,0.17084738980542744,2.554466533212012,0.23396367591149164
53100.0,78.91382225157544,5.229027455865071,1.1420252777098117,4.7286789251882935,1.0985529197346506,5.2072014273821825,1.2671439060667222,0.09110687980995477,1.5398105812715805,0.13251585872520405
53200.0,78.26467364427893,4.556475916071035,1.1213837757275213,4.1920953928853635,0.9381443987401475,11.027005247180211,0.6439293321017654,0.0936864658762661,1.340927909658876,0.2252662866518219
53300.0,80.76266586057363,4.339342484654469,1.1232016299404315,5.537403515458062,1.1159236744983423,5.253802014764691,1.0512196219882437,0.0985880925721391,1.4662243896831442,0.07909250016883275
53400.0,71.41793866311318,5.261577267346939,1.0390937441188506,4.815121812574389,1.0670573992176886,11.38710554663177,0.3246599364369115,0.06655637970505551,0.46189309457246996,0.011921837358520152
53500.0,72.92439519771439,4.811026471300331,1.1292205321149043,6.187737890004094,1.1777443875257025,7.928808610727602,0.8543257143503705,0.15342886176895448,0.47090491373934024,0.01101119888699433
53600.0,78.79599192521358,5.050316812037564,1.1517372082529533,5.720409612666642,1.1068553657858669,2.619746235918934,0.1360825726308271,0.05334011379556107,1.0186002004507224,0.05710400838163596
53700.0,81.43086890142241,4.396296065384054,1.1008650190686022,4.525087441754573,1.0405285662403987,4.916210358839189,0.6775575648106101,0.1472196340755627,1.6432493276656368,0.15778996724282576
53800.0,76.29510303979389,5.0209257334120005,1.091248575550924,5.685034636469092,1.1479067588101468,8.224383281955914,0.5189894504156828,0.11800012966203903,1.1300241698857885,0.0558250023310498
53900.0,72.94866342179806,4.845627315223415,1.0459621036923494,4.182535237020361,1.0453877149307327,10.548979592846244,0.2644269821389571,0.005743944570467621,1.050787695718909,0.060643064353676446
54000.0,78.66319389088386,3.9183882855457335,1.2082597934610335,4.894094498364756,1.0076472166081185,8.50063100653789,1.2175501269651723,0.031138497314972886,2.282949065600007,0.20125094737322577
54100.0,74.36113888710038,4.160564256487878,1.0894637104000968,5.339356039042954,1.099232425136757,8.394997259677195,2.0101531074929846,0.09214842857437472,1.1238551923544875,0.07855906150535175
54200.0,78.01068024285003,5.324029378082218,1.075136211027994,3.9448757854620724,0.9749978884593832,11.577732279604762,0.721561254539299,0.10700633179203878,2.0106247964965998,0.26678818321751147
54300.0,76.71446533023327,3.7401340335491953,1.1464067892318013,3.94590649745212,0.9940071582238089,13.389898133186701,1.2254195059174682,0.08913466694124926,0.4945584327403823,0.06292792038473649
54400.0,76.44360754140307,5.207826815528624,1.1067837734999475,5.274974757171328,1.1206300744543372,2.345239039036827,0.5463344887688236,0.06369663893450894,0.6799394657502467,0.027499677944600287
54500.0,78.09941492302073,3.5368789648409646,0.8942971776847571,2.251876614058021,0.7169189554748715,12.681960038564771,2.220532947560124,0.3402630268840529,0.8705081275885591,0.15307918467387208
54600.0,76.81227352245156,4.149653711799142,1.1030490190982645,5.272953095873915,1.0872352300311767,7.831014589002546,1.0493263018589667,0.13806283007203368,1.164407810151962,0.07042350748723826
54700.0,82.16330512946833,5.13851046720172,1.1425527176644261,4.615765371366707,0.9520922355328141,6.415667704644679,1.642383854094388,0.1074378948992699,3.1193714620935937,0.5147259623867295
54800.0,72.34533817879874,4.919884416722486,1.0708702367563743,5.264484397749009,1.1310938608268373,7.5373045396318155,0.14562315684343072,0.09423871822957111,1.4429365170154753,0.07471420846972651
54900.0,73.15959426214012,4.188876413597414,1.0880817915543173,5.1263744209354885,1.0493195812334302,5.895796634524196,0.5115827006132435,0.21070092849751546,2.137752096945503,0.2246295986051581
55000.0,81.82597289015594,5.219677220369202,1.0778114013042657,4.943997061118467,1.088081397070827,6.342129480374302,0.4085775864517157,0.03526501986203714,1.6663898272258575,0.10975519514484053
55100.0,84.56404432626135,6.131904654323527,1.0829132616111605,3.6316378413121417,0.9206952432848795,5.248544203162801,0.6657597871714598,0.013250116728981647,1.1609544116400345,0.2104721072819597
55200.0,79.30105586299238,5.431510920120387,1.1479925331617717,5.71044044120962,1.1218919916058736,10.256545279579932,0.16438489635401235,0.13711357206056035,0.7247222917412668,0.023539294510103448
55300.0,79.57228119769964,5.142780299610634,1.0853318185016196,2.9948495740765133,0.7903245548612281,4.191276850655601,2.7359200483858044,0.10379295127698852,1.7577412349707435,0.4100097444031405
55400.0,76.94694277491868,4.649644389684897,1.139644534196868,5.616159313017771,1.1484493191930876,8.110122619014897,1.8547714011087548,0.02883934495997682,0.544899020624348,0.059018076353859035
55500.0,77.61201155799098,4.401323397530507,1.1238723828866821,4.378648560252317,0.8705084063537482,10.249770111976714,0.6723226694381113,0.11662770279671286,2.8802355119660477,0.4575594280400786
55600.0,72.74343132955327,4.18434330748769,1.2001926863165526,4.742088917818486,1.0611927338737672,11.605708864816258,0.8483467310878907,0.05852266376198759,0.7326294185663927,0.002191867280654846
55700.0,74.39633815988215,4.840359059258326,1.0591311851355487,2.4982057890742904,0.7781673780960384,3.890468457140869,0.8345954563933887,0.05803999871417261,1.2485668643242163,0.22748934843204044
55800.0,72.85878703510626,4.886597901343492,1.0704919353283948,4.791963262887394,1.0925428586459571,4.2043932994265285,0.18696074761065026,0.03675855644205838,1.3593689529459978,0.08130109195180045
55900.0,81.6791546771665,4.731803390943288,1.1763929939522135,4.49658289166603,1.078423759222712,7.1019676835582635,1.1303672980692998,0.1482649858760598,1.5812783042417307,0.09028667519103578
56000.0,79.4718285779168,4.68591936301842,1.1808087640323794,5.798711830262799,1.1366314867593592,3.839175592012863,0.6720019433933461,0.08589483922406356,0.8537809255090998,0.09305596979917774
56100.0,77.33099881652457,4.246678620463702,1.049300682835932,5.386229578148458,1.1174911976355626,2.5347180359411863,1.6667022490221124,0.043814423094110995,1.0085124905441485,0.08698322833984318
56200.0,74.33835817546519,3.4598518748366267,1.1366518359617712,5.499073638732599,1.0630782415998163,9.8162824459545,1.1928280875167803,0.09420056714470533,1.093677397135007,0.03513564665622311
56300.0,71.85377165692786,3.6109095998197875,1.1727620217157388,3.574888323108325,0.8951992380812616,2.501015280345495,1.0465004027501343,0.05758748718487089,1.9155654894987926,0.31985939705721284
56400.0,78.96865491618557,5.65476408913796,1.074654627437927,4.820306883719346,1.1323353964983898,6.844080252903998,0.3658330634798818,0.05917969525715712,0.2552041096036085,0.09582312208880961
56500.0,70.88407445394441,4.9791851214676095,1.0889907943214021,5.245314460044313,1.1232814099723811,10.834878492745778,0.5828343778537936,0.07274305490715413,1.087308413151415,0.08840079044784582
56600.0,74.05750462096627,4.631585444029998,1.2349358067453424,4.76505281887509,1.0807531960291352,9.094259046337278,1.6280127736784942,0.055936866129761224,2.02842259448723,0.16946313557600973
56700.0,75.85487533580437,4.765322981817719,1.0354374735857232,5.536498096723484,1.1042108930756496,9.485616059988262,0.24949329860724534,0.06484455447344757,0.9552782816950169,0.051667768682511814
56800.0,81.04271993477083,5.025323610940911,1.1693549157204985,4.799384640027619,1.0402687891120415,8.295281873548975,0.6463635943195891,0.008252678602371503,1.6469864325176342,0.14199155127991056
56900.0,77.47243674125262,5.146617494884459,1.1104067977876901,5.847258126746115,1.1421898981571392,5.19083770954608,0.599587395856852,0.036560016599767306,0.7547940578021312,0.04487827922475123
57000.0,80.52988616908327,5.1033711777308755,0.9634260864833446,5.80103455142883,1.2120714934291892,3.8702033760709242,0.2501953073857031,0.06452081246076413,1.072504929415432,0.034108382078972106
57100.0,76.90620130945587,4.082442300023224,1.0706427280110324,4.703267177154434,1.0676808718998134,0.20794957025820485,1.2404780220722489,0.10017431891595702,1.6129207177990361,0.12193268413666539
57200.0,78.66178898850235,4.348459616044612,1.1230699255505543,4.107458636487896,1.0071896114689454,3.3188139237495684,0.5032332986785563,0.1276668853855084,1.9816425132103637,0.19962849968822255
57300.0,76.72606520792347,4.506288923091624,1.053633888757961,3.7073457533681,0.9247121936885726,10.84179661392197,0.3808652193998198,0.14195575350585277,1.593647352787408,0.2245098322936726
57400.0,75.72209150717784,4.172729506839294,1.063113796846246,5.350689267629356,1.117237666792715,4.67583324839108,1.1417937109938756,0.16374201576260827,0.8364202949490428,0.060394103249411565
57500.0,76.0831020492517,3.227346589618165,1.1393211212572767,5.74855237273072,1.1301519600608552,11.70702629755473,0.9865937019875004,0.05271072340767775,0.6523003947484038,0.050566558189995385
57600.0,66.6846718001859,4.206978351297194,1.1055511744409967,3.7398848665265803,0.8759086443871004,11.813718391567487,0.24869656941943014,0.07097277095767371,2.430321282649594,0.4453585987385286
57700.0,70.18356901099509,4.481043735797587,1.0852064764992653,3.735248721909057,0.9614488380726606,4.932538618280199,0.5253349041357536,0.017669658270799617,0.5587525621635803,0.06628200558405509
57800.0,76.42592619777328,4.440449097833718,1.1391834198857527,4.336268054867479,0.9154507118232775,3.0003221212327325,0.2962855799094223,0.006005394835748078,2.1966642511520473,0.22170912914061947
57900.0,68.03862716784398,4.430890621311554,1.0755608546194713,5.8024915735211104,1.1443535955268354,15.329854744548191,0.23665138459953838,0.06032980074532877,0.8276671523513051,0.06733505334028983
58000.0,72.27189357813648,4.8117038281507805,1.1240930363274422,4.954757617097421,1.0636668924108659,12.753700563686731,0.6158377428160716,0.03139635779396131,0.5370905344565948,0.07505139185243649
58100.0,70.53301032034834,4.548417746632413,1.1535291754269574,4.215966025654522,1.0331306729247638,15.04458529419739,1.0604468756328052,0.11457634717162633,0.8046375061525038,0.0770172086685355
58200.0,79.00073526008353,4.865441931478755,1.077429983051956,4.6063810558157945,1.0727512335967377,14.95634683919859,0.45969507812231486,0.21240398339518235,1.1579153887761313,0.04879080227252945
58300.0,72.72628711049373,3.228346663234355,0.7468074907283211,4.476857415830149,1.0194266086669328,3.3535463639878325,2.815932784252622,0.6439801613500816,1.8402254586917077,0.19874603345213504
58400.0,75.34786981798662,4.7817063639346635,1.0508692619865958,2.9146122385279347,0.7138652418368028,12.615651254008442,0.3958185420128178,0.04969170602428258,2.3098597105114695,0.4721808607989038
58500.0,71.16701264388207,4.225704654843394,1.1081566491975468,3.5858806361400326,0.7992749507255382,10.096307500624931,0.30091844568413867,0.16563799898373807,2.4213472249431236,0.4112700292583069
58600.0,71.71253522636067,4.234100766338501,1.0169582953808012,4.19742672903035,0.8276793700796282,2.633861401738228,0.474112168382376,0.2174335691423607,3.1993117956891264,0.5465781855625761
58700.0,78.9791885679614,3.4302899204271764,1.031829671644039,3.739812062771094,0.8923293670486213,6.066125233361046,1.2465198682554857,0.24290110263233614,1.7638715971576953,0.2907689554823773
58800.0,72.00354860455661,3.7644546515671933,1.0450974773384898,4.154793201042722,0.9977728048526604,3.563613362152926,1.3906984747113824,0.04786838406576735,0.7936243667252959,0.07324327194439138
58900.0,73.38149019617684,4.663432212180068,1.0440516620528053,3.738690999722474,0.9257964198778957,6.654563709387392,0.12098867829031955,0.08131646877281005,1.736098877322632,0.16922580060277148
59000.0,77.08622515472486,4.910936314346821,1.0603291402302635,2.0970884692961578,0.5926395172450142,12.461631799938207,0.33326585057987346,0.12429778646750116,0.3347159522631388,0.056497591728671234
59100.0,77.76775052618436,3.49120966674924,1.1118540371917967,3.634226872564877,0.8482384603997456,5.640998221955543,1.2280248012902684,0.11065700625561503,2.0514705769690558,0.359516807450617
59200.0,73.73032919016836,4.0494469565688584,1.0683435456253034,3.6262210386103093,0.9893442765169788,3.412540269398917,0.7744054093442396,0.17910307993393382,0.27810117963847053,0.13854942995465286
59300.0,69.39624789447167,3.5331831339127278,1.2117164845269783,2.6140815343613446,0.7722448860929386,2.062058462828392,0.31648526478555045,0.07759418349752989,1.1739705232889304,0.2885289637802714
59400.0,79.93609437838604,2.3431458723903407,0.7449989793205353,3.1517739167230623,0.7832024847509992,12.816995920258124,2.2282524786274647,0.6149001474469138,2.102967803499209,0.44665344444543464
59500.0,76.6645597702719,3.6298654410196547,0.8814543023569149,4.577838045606504,1.0593208980634208,10.240185836823375,2.3545428404440454,0.2874214990989001,0.964398665659887,0.08780400731182836
59600.0,66.93155513569036,2.6156046373038446,0.8085994619538156,3.286565513633405,0.8095623438385289,3.34977372264246,2.430468797708323,0.6912984904611527,2.485207732217992,0.3213453916330556
59700.0,67.7468964626513,4.913975067610021,1.039175046366742,3.5611327324392086,0.8381805818822436,12.277935262801812,0.7602018159270567,0.08539745387165194,1.6328757000232617,0.24545992431811334
59800.0,72.0522586542686,3.673930222222207,0.9503979839935278,2.4733034818119184,0.7019691574025154,3.5367944675858065,1.9666336162270124,0.24304554222903776,0.6785615274734597,0.16580118260982266
59900.0,77.00942173600644,4.347353327133834,1.089796684907274,4.5207304013294,1.0138834274478359,8.539546176693692,0.9007634471277458,0.14203374924984413,2.287749964406722,0.18236032984147546
60000.0,74.12236590679086,4.470728190720234,1.1217053077251438,5.83182434801575,1.1524626825619684,16.46369434965608,0.2595931204915506,0.1500831064592098,1.3901746644832842,0.11553191962358156
60100.0,79.58561087746013,4.522335342097949,1.0391012381152924,2.7776708547189486,0.8046928035462985,8.52647412469972,0.9044541060191831,0.23100524469115033,1.0319341509818067,0.1554992515163214
60200.0,76.05409236817324,4.34010530088746,1.197416130974539,4.498888493199401,1.0233481825604027,9.281167437212703,0.6158170229216889,0.047951947806146054,2.010532358292937,0.154917417378253
60300.0,69.79412432418628,4.134364558262225,1.1209583655236122,5.245676931705046,1.03091534353994,2.7388533573227307,0.5886086870158524,0.12904375279609007,2.214707234830706,0.29867351256845337
60400.0,77.44512312839915,4.233662723914455,1.1993554598828349,3.3363551838551224,0.9188688921660694,6.5936642347608405,0.7150558734934772,0.05572329408738781,1.2108323429409602,0.18650424304664184
60500.0,74.29468273589747,4.278961466889153,1.082317158287218,5.462287345719292,1.142026504682064,10.944126756366735,0.6172177105198903,0.17249831988703088,1.1897552981477897,0.04943068770765716
60600.0,75.76498304405781,4.785409764255413,1.1001046321482344,5.800045136215928,1.1274445882174289,8.312057464371431,0.5832810233961826,0.08944819974368853,0.8564657409206459,0.03251909871641159
60700.0,69.26195628991935,3.801237794029401,1.1246574537099165,5.336059855164492,1.1105873470083163,10.740818018548582,1.1501970598378566,0.05364105658597485,1.1345730976343356,0.0603216690496554
60800.0,74.12994712190026,4.075250976689664,1.0632041318593155,3.6445293998018014,0.915545048179318,6.814772580048059,0.7012418232732383,0.2748323264725801,2.1588523342527592,0.34195513417446455
60900.0,74.74383065755823,3.4965660585575598,1.092913184571349,3.7354860052689034,0.8682465275775444,5.879770150120996,1.4551108074000427,0.12709789317185594,1.9425858858841796,0.3064064117575253
61000.0,76.94381181669765,4.326776108985667,1.0590517456737982,4.286103622185337,0.9555467381875923,10.846519665684957,0.48829888401384297,0.19323993997171635,2.288082636628673,0.2979452118424824
61100.0,78.07345176439902,3.770138822709342,1.127080492299516,4.6221411892015665,0.9674511650171236,7.572715747240364,0.9881958186064175,0.15845677216967993,2.27629187419851,0.31961779893222153
61200.0,66.60054293783752,4.256382554385701,1.0577663107391093,5.2597298175353195,1.1139911918097196,8.783123672146573,0.8119074451222362,0.1800476640963442,0.7080951214226563,0.0519169583648283
61300.0,69.85955139003893,3.344091237263047,1.163012643913646,5.898865385659456,1.1703363512217446,5.3290327359782745,0.9876094198982379,0.09636645716696902,0.36028028618539226,0.0323205837030848
61400.0,69.52773952257084,4.514056368192105,0.9551647881396722,3.4735200811827007,0.9302764955793427,4.993013143136107,0.29358506994868927,0.15214979780179755,0.9622353391887623,0.16473815526835622
61500.0,70.67785010630048,3.5530968140513735,1.1236137642974404,5.8447375226237455,1.1344309298970188,4.685163641868171,0.8627331888142461,0.17140438462098237,0.8810783062791858,0.0657243853926769
61600.0,76.26115721806296,3.789031990267727,1.1924016492002736,5.855103087060402,1.1143439087299722,9.954961260066735,1.0271894197685894,0.027701105039957912,0.5594440829450085,0.04047813327704571
61700.0,79.74733869168762,4.072916383168984,1.0555326382936239,4.045038975762343,1.0405476998772791,8.279792987031867,0.7863959359236388,0.1813853856349617,1.3262494600714234,0.047083801732543236
61800.0,80.58342777160931,4.432732007684169,1.0636120801643747,3.0448100616227194,0.7311991085477844,5.897083858267783,0.7545276259114982,0.17232681496835386,2.5231388867897757,0.40509096727680427
61900.0,74.32148112067803,4.431522202822644,1.0391409963259228,4.6046934651063784,1.0510025059301975,5.614382005536638,0.32879520605210033,0.13642100940934773,1.254235796193425,0.14863346532699945
62000.0,69.67273689748914,4.444191740657987,1.026500487949713,4.109350219292396,1.0441818253965305,2.980286743845287,0.26515912457949525,0.140599882605473,1.0776378338527717,0.06853798274811154
62100.0,71.93008029407908,4.429054456493641,1.1187697044262694,4.40588756412395,0.9718140039449971,13.362822642957694,0.22104253854418573,0.11713167023773381,2.259203226874928,0.3454815650840888
62200.0,73.55842062816028,4.503320890804787,1.0661969016460093,5.8014191179074635,1.1408382753832995,1.1498730444658631,0.1598493560432495,0.08931523021896479,1.2360777863132022,0.06612190505873547
62300.0,64.15084643754322,3.5178622702090014,1.145153820262058,4.458516892422899,1.068026673587205,6.169941226121482,0.9242952824970289,0.04967292868314329,1.8393709356364893,0.10228936910934336
62400.0,65.81039719854083,3.5392343863981144,1.0055201599678536,5.889425006130129,1.1601814745650705,5.466516014454281,1.8143317007467226,0.18727728229516952,0.9431469332281311,0.08126960168780699
62500.0,73.90490481550836,4.087932065830811,0.9609390987861702,4.346229108105169,0.8879337851029016,8.091413359680535,0.979515242786373,0.21314516914603712,2.5609621523936315,0.37370306591371916
62600.0,70.25327852074544,2.170602730585982,0.6406664158115934,3.890821888611472,0.9990063126282397,0.9436104259906222,2.4228100811972135,0.5567898567325865,0.7030491790375519,0.05145456003260757
62700.0,69.09774804145012,2.8932986100132982,0.7226623770680648,2.751618848249763,0.64227860920116,5.061431001972712,2.5281831667960692,0.6335175069190812,3.091162306944113,0.4665058601190901
62800.0,72.9142064170555,3.9569865328714307,1.1805354520388185,4.191404935921952,0.9616120891443751,3.1312275294807375,0.5339234948821431,0.1084914664686562,2.1686115384907017,0.2409040076592826
62900.0,70.08445015883864,3.1710880203409215,0.838078668239909,5.606803882646182,1.1472508326932427,7.663586870396602,2.303025994731916,0.44695192922566995,0.6717176171678205,0.07271130676984015
63000.0,72.42660648283284,4.739792139107794,1.0306583597284622,4.516383958849509,1.0275388901377662,5.022164754588468,0.37894250176285915,0.13820868875621808,1.2205040334303237,0.1545041493739114
63100.0,68.5401306048672,2.6313134090189516,0.7161604499347498,4.7012577500201855,1.0135689091682398,9.242719730782051,2.412965429898294,0.646062003727684,2.7024243108156862,0.3026670993778621
63200.0,74.27147770234384,2.918763441972849,0.7882033036117155,4.481752238823202,0.9644928493065851,13.49582913974296,2.6793694115425257,0.6875118125821879,1.5852374086635175,0.25076493051103343
63300.0,72.96381476256312,3.0094162328497625,0.7628875889402159,2.9599925555491127,0.7227811441805981,2.837672183322638,2.685790409220752,0.6638196073337526,2.12090096238444,0.34757268662205776
63400.0,75.52161106553432,2.7881106394749455,0.7840958851479644,5.450872688766072,1.1015468968371145,5.883670435574996,2.397977773616642,0.663707962266887,0.2489805351212735,0.023615928303548913
63500.0,71.97670667275013,3.206685184268737,0.5645578096617482,3.916315005076202,0.9031748361493303,9.72335435719015,2.777395067918949,0.4891220112387245,2.16644920952544,0.33318608610497064
63600.0,76.51423018404735,2.8132364195343293,0.7766166805691679,2.397427552164397,0.6419826589920015,3.8614260253420185,2.4513132365442445,0.6720841787399672,2.0245624459792566,0.4680596563289936
63700.0,77.96586966996408,4.535629430880216,1.093979057271662,6.417906814099296,1.1859789090922697,6.379862309501395,0.3492205645374892,0.1578819530090751,0.334914839012499,0.00407903529689111
63800.0,67.63070795193741,3.3791989640031566,1.2584360355719222,2.965128505951777,0.7942411308333354,12.222459298764758,0.46295447731490585,0.006293354810947181,1.4769667355786351,0.30278715705518083
63900.0,78.7730077072484,2.113542049233358,0.809382701291759,3.5094996760169406,0.8725122396288295,10.49387742411264,1.8317158235863038,0.7018734040427497,1.631833091300139,0.21871296099155868
64000.0,66.63996969312167,2.3308216402180792,0.7952742777414806,4.00205023888093,1.0422319596787057,6.359490775682811,2.105849333571816,0.6891757625642931,0.6117297295504326,0.01564843460095805
64100.0,73.51382095699596,2.453594938335286,0.9446481493930006,3.538604252786121,0.9590382139406373,11.958737150206392,1.7120275272962453,0.5446518447031066,0.7734140930024334,0.11616272237873604
64200.0,69.16502543785789,2.7944657271737032,0.8164519944770593,4.971168088613434,1.038921653828841,10.806077351878534,2.439160390541931,0.7079253986570246,1.9861080259339505,0.15253164142431125
64300.0,74.1803007897988,3.1183512069176555,0.7219388823942711,5.516826967240678,1.1323481874512156,12.356285443168485,2.6469626311106635,0.5884862229125597,0.6731137301961639,0.05359435396012697
64400.0,71.58549964136317,2.8062593021413478,0.7186007196027022,4.538278583058516,1.0582975101026217,10.342285078797774,2.521512950190902,0.6507345584212104,1.4587981133457184,0.11007745499731462
64500.0,68.67595376744227,2.420191279185512,0.838001632352606,3.9594323840344887,0.9677179291233641,7.422715481050611,2.098339310457466,0.725724723182818,0.8809153602445189,0.19053972927677787
64600.0,69.95175218563706,1.6792761921016843,0.7591015379100635,4.338395274612531,1.0459578013279796,8.562095175721197,1.4832755248799998,0.66177192133712,2.0271871170489812,0.117249564610961
64700.0,76.7153038212698,3.056644910267035,0.7183756255671278,5.562608452928795,1.1404411750938228,2.674160937226479,2.649973053811237,0.6222771100385249,0.6752614006807205,0.04338877184718193
64800.0,74.97653281431384,2.9376456234899364,0.7690078661796399,4.0045101357938,1.0192314745331872,7.3633086503645915,2.5511337446546882,0.667381980174814,0.6448473059023065,0.077334293622831
64900.0,72.92631166691,2.535206102857909,0.7862941832432323,5.212269500102495,1.0802860123235623,13.172254191088951,2.226335182568336,0.6864194915680327,1.2024053621503008,0.09850248823651077
65000.0,75.5390263990763,2.876537928685465,0.7849499737338307,4.969037861008496,1.0512554086991786,7.221483689444593,2.477356384956522,0.6740763003331054,2.5472230346036175,0.20040266185455444
65100.0,73.0807231976873,3.126087848334372,0.7484496455366743,5.1098679465706764,1.1021355644878768,8.738919816318628,2.7492470236836346,0.6490943276886092,0.6389492632038754,0.038263567129254814
65200.0,76.21283368231988,4.070520223092288,1.1248990092951525,3.4432017932237433,0.8975377590569688,9.139790626003267,0.475631073600826,0.22201174777186025,1.3354102908773895,0.1778390069075534
65300.0,70.17866899288855,3.336918571881107,1.10554504720612,5.074552082031986,1.0810872388021766,8.745631787509218,1.4528063455043332,0.1448828617472694,2.475797462255058,0.2282101779920137
65400.0,71.46053427231804,2.2167434414830276,0.7960695916031107,3.7461494181496815,0.8571874466069631,4.616374855313728,2.0250125070107465,0.6891725626458883,2.5355435341505212,0.36845885293083525
65500.0,80.40026355979661,4.351539208214679,1.1220192138958063,4.943496324348703,1.0415451617562255,0.8653633858912746,0.5388552517569283,0.10760086482031066,2.0415308477525804,0.19106618648791782
65600.0,66.27982063015277,3.3582715707999937,1.2011949525868792,4.29755427391948,1.0720040233766206,1.338784875335938,0.9753605704515447,0.024978881005382696,1.6834029081967565,0.1058090502492511
65700.0,70.80249259363295,2.302023626552143,0.7856061708655012,3.9458448334056335,0.9821403415526424,11.95669063128023,1.8002960719771717,0.1651898932645364,2.3505921901774363,0.18027971009649407
65800.0,68.43382368268159,2.9111107850479385,0.7411692437273928,4.457569860963651,1.0118993333216988,7.859609459848234,2.5257024248523314,0.6426568371725707,1.1823453820901688,0.17226363975178036
65900.0,68.45246745197,3.608380075757714,0.8495273976753254,4.164256418982621,0.9337579426059891,8.010528447168944,1.651276539687765,0.06626134877620879,1.8293044104345197,0.30941530312968796
66000.0,77.2729460786585,4.7799999204149355,0.8531817515855095,4.40178689783885,0.9636275237443885,3.2298246239334425,0.400613785060708,0.12940938492318038,1.6059804064366863,0.2540191811959856
66100.0,75.50390776723566,2.9636899170691273,0.7196959589811113,4.131941600438215,1.0062949230502216,11.781198227680669,2.6187009148765736,0.6404951875119771,0.5041069646991455,0.09732750958212735
66200.0,73.42264689599365,4.6266768083388925,1.030145073826849,2.4652921809490236,0.5902438815463159,5.0744294034171835,0.22287707739830231,0.1966441351816634,2.5967651229825495,0.39805029792886687
66300.0,69.48496942303693,3.8646362347569916,1.0784827194321507,6.102628357234678,1.1131360479407035,9.76620659481199,0.9073094102444537,0.11746737916965193,0.5382740517446153,0.05457194473581545
66400.0,71.60453163594048,2.8377861333492493,0.7426777856014787,5.025274310957393,1.0688926912999066,7.980298129528538,2.474616701425713,0.6480591223665286,1.6709950151488762,0.16493857665355033
66500.0,69.25967888958711,3.790175890241733,0.9047545970152472,5.1083620797713,1.0330355701588034,11.705251134791267,1.919607785799037,0.054461415920777995,2.1062841164581836,0.2587128067702169
66600.0,73.38098238988282,4.014543961240808,1.1006861246083701,4.775735770493823,1.0670065551118053,11.043230714958757,1.321169926631788,0.061717369034676874,1.8261613776230898,0.14415763637136558
66700.0,66.81800652617021,2.823720303390617,0.7259807318202364,3.7679838864466313,0.86120934618399,3.9030679440476583,2.4827389720896678,0.6439037178636376,1.969462635280332,0.32492060453444416
66800.0,71.83322695614078,4.2130861732561184,1.1481951197404625,3.89511896030733,0.9363365834411744,12.522162678913682,0.4800007686667344,0.11579886078305145,1.7430568044329606,0.2662870523441825
66900.0,66.46826865705016,4.600106769695351,1.1278743859116143,2.7985584484750543,0.8162103853117905,5.7295360158141655,0.11522384426953378,0.1627883844155857,1.1339740983905893,0.3392099928465152
67000.0,75.35814953443882,3.715809416467794,1.0379470122490424,3.060473590076748,0.8626217282115567,8.513222180588881,1.57386701813388,0.06541507068597256,1.7074255589802008,0.1764715825449337
67100.0,70.86776262862173,4.289419511236153,1.0281177110372408,4.026008351734,1.026918753489753,0.6302560229997419,0.226071195345257,0.1382575128998053,1.1509720764573006,0.06191713956481873
67200.0,66.51850704669522,4.146823476568098,1.1128149837135208,4.3299314694231645,1.0050879063284774,5.537896761646354,0.31840959786757395,0.15013633738601426,0.5065054743994692,0.09305682001420093
67300.0,76.95264219479482,2.128701818681884,0.8407812550542095,4.639516573239507,1.0796928612424628,11.291727700632983,1.8460309397639565,0.7280801592405196,1.0246863650797995,0.010131592901169304
67400.0,73.34988642842761,3.9443135346386224,1.0713646563534585,4.352856082088933,1.042820536773392,9.920472556075897,1.1702305415874084,0.07405675461797889,1.5604609491619905,0.13010572306380064
67500.0,68.84582334964382,2.5717594337096177,1.1240772579991283,4.133056667853473,1.0313775029316619,5.53706840875037,0.7328643838573894,0.21036774237589814,2.08274680467641,0.3187340130353578
67600.0,67.10756343158643,4.365766001595303,1.1142705116719325,4.267087857644509,1.0417171664631375,4.739653133737565,0.2846649545828795,0.036473675220392035,0.9215979874060028,0.09480361121875168
67700.0,72.54171618627306,4.064448645017095,1.198497954281149,4.217655191128567,1.0030147339181341,3.7454927045824054,0.7933322894267258,0.05029909045782737,1.836614692298738,0.22709720592658475
67800.0,64.95327958694047,3.660233500133676,1.0593781748069528,4.036508827087183,1.019414761640706,2.6244826606759277,0.9774986406043471,0.2531769904417492,0.30801176381383305,0.024093960560077607
67900.0,73.15314680843319,3.2264625189443508,1.0315179829327337,2.6472642924546115,0.6965750520727995,3.882538440531487,1.4450103315616825,0.20012943377747724,1.8865119777183772,0.2920752672790253
68000.0,75.66785672053324,4.103574616572306,1.0739905271833563,5.4402126004515665,1.103029155265775,1.6858327175941088,0.6990525763554969,0.19695591040386484,0.40809088420381606,0.06115606789308754
68100.0,71.91431320126962,2.8182670741302047,0.7619730529451637,3.4310654984823734,0.9348306114529669,10.039165953476186,2.447345111059773,0.6613755301638753,1.4383994105661364,0.1631089819280769
68200.0,62.15221095620101,4.29195331192896,1.1225738560393308,4.932530063981905,1.1181562525472297,8.835837954271037,0.5570084691303065,0.13005696985748505,1.587252916751427,0.09845245303407768
68300.0,67.16635095759706,3.8770110975259797,1.0117396244283436,5.860384056877227,1.1090715517415874,6.944279895123983,1.343714692035082,0.07455890077283098,0.7756144937922702,0.002888832679878885
68400.0,72.64234004094881,4.323220966148802,1.1466774970409943,5.0064828684794485,1.084598150051124,8.255698155398829,0.497695059710236,0.08871922725020444,0.815009206517728,0.06900056428105178
68500.0,71.41138151572778,4.190172074972116,1.1072094113733204,3.2102253262615186,0.8813307281871632,5.05682233465866,0.9365943071749566,0.13494659562988254,1.7714469838467226,0.28768965517922584
68600.0,73.49753685924746,3.127732007130286,0.981341664550961,3.7814171844957145,0.9573757355864821,4.269420966012032,1.78010643619459,0.27418929102077433,2.0664847617247077,0.2660510093349531
68700.0,76.18219646732433,3.149303152321688,0.6882804613831922,3.443759105904314,0.8796149926652573,2.7631909571521316,2.7415397970170208,0.6031253690390767,1.4952059186346023,0.321805348094767
68800.0,69.50634508096282,4.270175720476937,1.1785080436468565,4.087353501145184,0.9685193791261089,3.259979721529003,1.1348106849737591,0.03728036090645539,1.335856922418259,0.21636717254138704
68900.0,68.39898995583368,4.217101974682312,1.119424993724608,6.116984196546961,1.1821201217476294,11.138084932375738,0.40982653158973775,0.12681982186996282,0.8888734981321503,0.09051336096690213
69000.0,71.37079499570198,4.424008845118867,1.0718261875328416,3.8302806648561245,0.8223783791422644,4.732151000861598,0.3765351046214348,0.125148102197928,2.599029427221291,0.44974617575604636
69100.0,66.16003477095708,3.577760479162869,0.9404677280233845,3.2937289098818034,0.875233896197344,1.186425261090925,1.6182841346686747,0.061609532617576124,2.491157884541622,0.36659987613768463
69200.0,70.8402529893675,4.246500479240146,1.1389566230459935,4.4807467623680814,1.0470548084423086,5.495833239354694,0.6573380198484483,0.09797358543339618,2.176530466944895,0.09834709215924521
69300.0,73.10241217012005,3.9348375817338836,1.23066337295561,2.763226938614333,0.7610255180889111,8.17352465024329,0.8313782419637181,0.03812555586308183,1.9063585365283233,0.4637253867410822
69400.0,75.95787227024495,4.359965816718445,1.0986426952208581,4.590063817698835,1.017284220996611,10.009544039598977,0.6957620716060053,0.16270842661107304,1.4869249066261767,0.1472886716628284
69500.0,75.33845596927681,4.1518829534601815,1.0857525312233385,2.6508201061544083,0.7730667223712332,7.159664023334732,0.999745664185149,0.15287235166892688,1.5605000834878509,0.2766540180759771
69600.0,76.24066565102946,4.601700836583826,1.1308064976829717,6.282899946372477,1.162761007107874,8.615001223701748,0.5397313926898069,0.12177845235118664,0.6236704077350046,0.03149979209918663
69700.0,77.32081416924238,4.246620966645464,1.103548327864702,4.063449566560975,0.9433707015548891,9.154681471927677,0.7445612677252655,0.14429765621813953,2.096573832007861,0.21316084453125506
69800.0,84.81727653060499,4.999495893199577,0.9907839026214128,2.5892099497923287,0.7160448061912951,3.5332335775292925,0.48545260110890537,0.06391142433162063,1.6812918106323778,0.40714948912534615
69900.0,82.27716267606282,4.26537720013735,1.189577578113551,2.6773551473507404,0.7657656864203881,3.6217600168453483,0.3156746110558553,0.12081769968079906,1.0852364509700532,0.2995813443661455
70000.0,71.98299590781393,2.672485585934114,0.7163776582862389,2.157788019467414,0.6746852270644724,12.126878284832289,2.403276425406588,0.6492608527817195,1.745663600478572,0.46263221674842325
70100.0,76.87005488572777,3.138731445198296,0.6915265210887531,3.6779751269039274,0.9763284539492467,9.238796202121312,2.737371423381992,0.5999241287879307,2.1477462612507834,0.2158211851701095
70200.0,72.1841600186092,2.6881011674165554,0.7744234058338487,5.2598000598711945,1.1041992589501484,7.557411625961664,2.3352034718642387,0.6721774687762302,0.43919882069705624,0.04468488459005354
70300.0,67.16513766158094,2.46511451916435,0.8274746362585844,4.175339391816016,0.9718520111932882,11.912608072146307,2.142784410500936,0.7171076541995309,1.6185933238274282,0.23285895060467515
70400.0,73.96813738767123,3.1750057765146664,0.6991625150612818,4.029344983122248,1.0342412214363634,2.1525168791095446,2.7681221569702523,0.6065951120611239,1.4176488576994357,0.1175077603317316
70500.0,75.8023156555991,4.033500958840782,1.0032189358184542,2.9703192721004466,0.8493996807113428,8.800659519314332,0.9002063188837772,0.21152291744722596,0.8208819584529152,0.20167578608789488
70600.0,75.52673670778233,2.850546655282255,0.7527782027240439,4.2592141974193405,1.0210440615482346,6.7960672836379405,2.5553796212509505,0.664875020940662,1.9689705663614114,0.1922633792123526
70700.0,72.06721703353936,2.6761454062813486,0.7668861876134203,2.979683207005685,0.8649259977715843,3.0201507291309744,2.3477915728065226,0.6701657580403182,1.6255014626713344,0.25977389846085713
70800.0,74.01062399828385,1.6995111109963084,0.4375602950919994,2.972466013890491,0.8277236108536857,12.172670875136989,2.495311887241331,0.4967907261017613,2.6371627834480345,0.4290719951523864
70900.0,69.72730386154348,2.4872338186969256,0.7962268123151696,2.698492809995289,0.6539090269358542,11.85079250899577,2.2058072075686206,0.6933342905658083,2.4486718471478026,0.38551693224223277
71000.0,70.2008376437538,2.1017318894247503,0.7628550945290896,3.808638066730141,0.8977678771607603,7.858966454680565,2.0652590593024183,0.6660981159102545,1.67643206438407,0.27874001303962664
71100.0,72.55695782909207,2.9131891137701356,0.7286272127323601,2.889842555118646,0.8007649690379838,2.1162911919829583,2.5243699709615743,0.6306886896353974,1.055826129844508,0.2502291874469222
71200.0,70.95125333977718,3.020389631016116,0.6692307648043663,4.218154421480597,1.0186876694707048,5.910933812916236,2.6348192833896724,0.593269726739618,1.188221264974503,0.11172537159349906
71300.0,76.22166541144428,2.3114410882459104,0.7652074447840244,4.006468082981519,1.0236016038889468,8.101036608733128,2.263618144494491,0.6626434458282536,1.2837036865989966,0.08031703901526292
71400.0,69.77248308192132,1.9214417432732553,0.4823397467027762,3.1009254476536676,0.8643698466149652,6.378290460152982,2.399367460460178,0.4219374625803074,1.4445029517807924,0.2565532325314214
71500.0,71.89544685151343,2.5463645466410605,0.7793727952368513,3.4975067666252513,0.8916308910803608,6.6888132534448825,2.364739750698699,0.6631080965767144,2.4829042854859655,0.4094539523841479
71600.0,63.07139222929681,1.674112160228298,0.5411664380254498,1.7556799962709804,0.6635332773982721,4.2655525610790175,2.216964547077269,0.5730237155013597,0.9599561981745359,0.28279042041159463
71700.0,66.60706012844442,2.1959797120223983,0.7287138573335169,3.8547442231571636,0.9340342625228413,0.9102428965831453,2.11798158246626,0.6305125379998623,2.4319320311616357,0.21592893592983148
71800.0,67.34549752391872,2.4894605388291207,0.6884292179020582,2.9446492800303155,0.8048078517197578,7.584330801161837,2.4011827243467154,0.6120187833771927,1.9141835218487828,0.2515788663306462
71900.0,75.4647813320354,2.661768437072435,0.7836512144036184,5.159848789240672,1.094336271295868,1.6696492375346268,2.3139700983172116,0.6796380651213774,1.5872547203516294,0.07501215343477557
72000.0,75.69169796089005,3.0974502107164437,0.5808744973643621,3.1175269823240583,0.8576070420323366,10.277441788290146,2.6858196848452356,0.5059124624580088,2.0222883825740863,0.2908994223600769
72100.0,73.2543783910833,2.7853239695176026,0.6907355164113267,5.268518855483959,1.1071748249183717,5.902849746200393,2.4425278952107856,0.6359348391043416,0.7940191823094653,0.06232166793600495
72200.0,80.52066078545819,2.187357666569986,0.8367950019833676,4.299794492375942,0.8747371391123006,7.248342945733151,1.9149450383781093,0.7247651661922621,2.695705066962906,0.41290124478581425
72300.0,72.85138728499658,3.075770227391503,0.6961536228001002,3.0370960430258265,0.821383991389259,3.591722023283195,2.663690889642982,0.6047244088562912,1.4384892029469776,0.31933284553377367
72400.0,69.62071907067556,1.5663274902847661,0.7414930090575007,2.3665637973614726,0.6684532270039217,11.334403826871593,1.370758945147682,0.6453729094348659,1.5605518936768201,0.3951800081976416
72500.0,82.95689019295878,1.838755290095169,0.7666494202575801,3.3766659286546212,0.7969372544019976,7.034762330537109,1.7228306062673586,0.6741209715039631,2.8117988561408143,0.308237618559294
72600.0,78.3926063550723,4.345916248614807,1.0863957795922459,0.9958859101720298,0.3893049197132578,4.133674783645234,0.35302295466973427,0.1538129029352671,0.9747960638337965,0.4009953404473687
72700.0,79.20135473606462,4.398101204551231,1.1036669634177765,4.845270233511685,1.035923714036467,5.024168727190012,0.765716821372896,0.20332499682906052,2.1477400172714503,0.18553528612763348
72800.0,71.62398546928705,3.2914807842492535,0.8782773233636778,1.9406720773941741,0.6662877546301101,12.881879950518508,1.805217457581957,0.2175716378989258,1.1633175796326973,0.27261841838458833
72900.0,72.31315044105526,4.108007745722987,1.1129486546055931,4.839725551350084,1.09583316098485,8.379901544336755,0.6548696123930823,0.1370957015596041,1.6302902790635172,0.053394988699795726
73000.0,63.291057561242695,3.0962810276784865,0.99632647499685,5.580242026125423,1.1617670152466681,2.7303006314459424,1.801843277608377,0.3255875472312122,0.5973820892700608,0.08690527229659896
73100.0,74.63606715672003,4.905501166188612,1.0467691301513884,4.466930677980485,1.0726117383425413,6.242763656373897,0.4316480254791169,0.08583845130334299,1.6252377605346573,0.1334577490544564
73200.0,65.70892736627847,4.32135640184518,1.0854289188389448,5.529323184946397,1.1362534657503778,5.574628254810082,0.4146780879827199,0.1926792810350322,1.0144920587083293,0.04185698353265725
73300.0,69.97957047570274,2.8807304190750465,0.7050888111527313,3.248844765479063,0.8061028000072303,10.299469756846072,2.5194182674465395,0.6286381691358297,2.1398454344919853,0.3131798493377331
73400.0,78.5950672863326,2.922767889275718,0.7134177210035544,4.824336184451256,0.9524567890630697,8.469931486308491,2.5874763271364896,0.6411836792933803,2.7120749367333534,0.31634210618071346
73500.0,79.46557221575813,2.8877205987422507,0.7789084587837851,4.497581408070613,1.0054148133689875,15.9070546729901,2.60779554340686,0.6812961968758001,2.0563431353143136,0.1811016671459184
73600.0,76.95516500827368,2.947458240816768,0.6916312192580416,4.205971356421201,1.0014215367555266,6.143208877909657,2.559804426674961,0.6001615594029821,1.1639100328538947,0.11790199309638429
73700.0,73.18412430233406,2.9789551576304496,0.6800392821224331,2.9105994167681555,0.8139339820651039,9.694468379958924,2.589339169546752,0.5897501294581246,0.7554441386782361,0.13837498544161214
73800.0,74.82657234268429,4.381489521485978,1.0953948035922454,4.654524503320246,1.0581085323018786,12.794947723304562,0.6776730477154692,0.15041329822393032,0.4374239155521333,0.02151202948661459
73900.0,79.98571146871755,3.0560760500001867,0.6165744971343722,2.743903398828351,0.7786711669637533,4.904571897563329,2.6114461152199233,0.5125261755822523,0.8465265204413907,0.136096522211534
74000.0,80.39080567770213,2.321678794312469,0.6886444766670875,4.47602843569754,1.0000339740259931,3.7322712326874106,2.2064414966682055,0.6042308201810983,1.9357970875192658,0.15753420011651864
74100.0,75.70749606323409,2.680783636606557,0.7818064099711989,4.540631799747962,0.9986282987251429,11.694844087287255,2.3222020406478348,0.677622352515686,1.7569976781664436,0.16010490126118523
74200.0,75.49179281606682,2.036238282597198,0.7837402905310933,4.398828904149755,1.0358462635124932,11.099207162399466,1.9402748153550293,0.68228842797376,0.34478758790972186,0.05234179247984212
74300.0,77.67168425816497,2.8696253486334062,0.7996275651355104,2.7894362223256763,0.7316889014055996,7.3481707067029225,2.5264115054461906,0.6925571543555761,2.129868368877663,0.33462335452269487
74400.0,80.8549258130869,2.438598999364825,0.7301517138997763,5.1129618749822905,1.1115135606625557,9.107058215999924,2.248584253682861,0.647932701411753,0.8208350310130519,0.0677402587388646
74500.0,67.5704512443139,2.2576197899774475,0.7619421906869567,4.248970816112121,0.8428430677325814,19.80956672956078,2.058756244468965,0.6605549505268549,3.2895418925488227,0.4642379801286386
74600.0,79.77865282808277,2.9465655545313827,0.7197917622625138,3.9099134933001394,0.9355522999002125,5.205282247654153,2.5529800879914872,0.6232980426304463,2.3269159920687277,0.30036930596421096
74700.0,82.02304124476412,3.0744641310557466,0.6795291867668117,5.581974796940283,1.0894035993958544,7.418242954267968,2.668052900464116,0.5890592897106272,1.0837204966231604,0.07721333168883825
74800.0,75.45583711300146,1.7004696376190658,0.7258380312255448,2.0994847739192006,0.6532954721264608,9.743487593008389,1.701987554916808,0.6532876655969885,1.1945100728110971,0.30204622176474644
74900.0,77.75360611301272,1.5887331425268172,0.7293969728480322,4.652868645261967,1.135867745924113,9.087382078936793,1.3814399526422743,0.6331380054922353,1.9684338539283874,0.16552739625038307
75000.0,70.16607033684087,1.9992902328282476,0.6450644022473943,2.956552995755225,0.8717606584588472,9.615591539510401,2.1528179238642156,0.5636659188667095,2.151676206251877,0.2148072439692181
75100.0,85.76695435491096,1.5174941645539108,0.31193085933631876,5.596441262096886,1.1961559458532243,2.8572960286491327,2.625877770424638,0.5383373985382013,1.9569966302093698,0.010384624314228085
75200.0,71.55420855050217,2.5486167298668803,0.7714015526078731,1.2947583774365656,0.6051255148473499,8.383794136698317,2.2438033380417925,0.6768754371439616,0.5370239811294515,0.2491227522017011
75300.0,77.49362506684304,1.816701807235879,0.673804896149596,5.302946045307611,1.0967846797172083,5.414972489088504,2.0487702309706832,0.6236452402155755,1.5806136642293356,0.08482039663681394
75400.0,73.28001911009717,1.2081324573289631,0.43620753716401484,3.533087026455038,0.7922134167080402,9.320826036358376,2.034958856029299,0.7160298567652865,2.8731196585201326,0.4331532044621397
75500.0,81.1109674777573,2.5949511667193756,0.7219862360709173,5.518443674983296,1.0933095796159586,7.465622928046173,2.3578860526519194,0.6477161370533939,1.2756396095577403,0.07557075536943647
75600.0,76.2150162578296,2.2564425425928993,0.66586324792338,5.570025186077662,1.154567358836607,14.114610897964994,2.2377656284049494,0.42103468011427236,1.5506208025900503,0.118485945567293
75700.0,79.30194553889918,2.773361448304803,0.7751733685969184,3.8032302818035646,1.0485362965197842,10.054564986940735,2.4773460251218875,0.679461086499853,0.6469114710142173,0.14340855138570385
75800.0,83.2508542244903,2.613048779513646,0.8238685979416512,3.418181534810104,0.9033410257632825,9.400319485714332,2.195372826699057,0.38890125852672597,2.479113925226847,0.33195049833698714
75900.0,63.5295175970796,2.512969078424344,0.8228840902196489,4.170479850790298,1.0083764255763261,6.799116372888423,2.1779788121398163,0.7126847639819696,2.0243079676467834,0.30055052171520164
76000.0,78.4240566421936,4.189114499573027,1.187689109853616,3.705737700371087,0.9533423123447209,1.395856794362116,1.4411991192893263,0.12803227211909748,1.6693759584334336,0.2044304601655439
76100.0,77.11056925465965,2.9329821554138693,0.7963619765782025,4.616885676544197,1.0705047763602733,8.666619465053293,2.592121911090479,0.6910101009064504,0.813162490706967,0.08761768914941491
76200.0,70.60335339043006,3.0990122293741176,0.7060712268513462,4.636338479640487,1.100261777873387,13.952921029288651,2.6842652337226185,0.6121071564197503,1.4930860177925647,0.08149346652977407
76300.0,77.96697470199743,1.6348463082355085,0.5155969077711388,1.513307919515167,0.6425009485363766,10.976685267390321,2.3551054876641015,0.5941788442526571,0.6006525868265151,0.032898216268617005
76400.0,79.89735251236692,3.6337921074010198,1.2172259667748173,5.033001755196646,1.1069543014415617,7.283798887863425,0.5720740329460908,0.08255624171368343,1.18844607793399,0.08288196752470352
76500.0,77.94055981981404,3.0613238846939104,0.6570207708559312,2.489642256571046,0.7795125438517573,2.2825142533192246,2.6580970939384443,0.5747802120061103,1.2780332086515198,0.22446094496321647
76600.0,78.9231487478184,2.477101150985263,0.796700683505699,3.979952603306598,0.9488507490937566,9.171132469159025,2.1600006594505903,0.6938105845732132,1.516303608878158,0.20348836274570614
76700.0,80.13614487541615,2.489439765875099,0.7438902347715328,4.294507700346644,1.0520814745557563,5.461228072021946,2.424972745965403,0.6494797138605283,0.23325624887492682,0.06093537156488938
76800.0,80.31301250852819,3.008828831608991,0.6657009244364765,5.111869408369888,1.1083293743764955,8.767827718619067,2.6085367656526315,0.5830862028728748,2.029837551648052,0.2771249146762876
76900.0,63.21654040992854,1.912329991274625,0.8061313320389099,3.5901958217533516,0.9058713352833395,9.095878805639892,1.6745981809524684,0.699972278723285,1.6729698539920452,0.27838172547607065
77000.0,70.29666500868676,2.7481316865380845,0.7900948257903383,4.393320995244593,1.0320266569584093,19.013169028863953,2.3774952360277783,0.682868157843003,1.8869792887051664,0.1367629920078221
77100.0,67.0974392249421,1.8490866811128166,0.6676962562742582,4.475103645467709,1.0517519671754965,3.3413881572905235,2.0492234257076607,0.6056900993959566,0.5320678182663304,0.023637657559681283
77200.0,67.19711790295366,2.351875779987191,0.6726214959512546,2.299686015469759,0.8096302302849757,8.384247719986842,2.2918173035735525,0.593296471014044,1.266220549457354,0.36340880123134833
77300.0,68.53267487830986,1.606192901490225,0.6485285464920244,2.8119004357197723,0.7117152580085456,16.229719066142835,1.780526586522505,0.6336479759908777,1.9440281203363448,0.37223526800764245
77400.0,73.89310892634721,2.650407137691029,0.7861224081260999,3.661034271423959,0.9045437975718071,12.42022362595814,2.308094788919294,0.6838668100857199,1.5188550394630949,0.2831101517888728
77500.0,64.58526318083162,1.4089262954649158,0.6780209606605995,4.478278778788967,1.0368241961809972,9.557624234328287,1.3507544658941675,0.6122796216293764,2.0042532084824325,0.12282049564777442
77600.0,68.24104013448417,1.64635509223056,0.7558119985290149,3.6076389715831696,0.9254969633642792,11.034861295326138,1.4985895436496415,0.6646957905160055,2.265501655738372,0.263387077472427
77700.0,66.87912593593208,2.3146569306379385,0.8323830373198238,2.151050692110371,0.6927403404816248,7.107291690293129,2.023994150795824,0.7208102063780993,0.13853944486217223,0.12368388306462531
77800.0,77.75371556528137,1.7077246775672759,0.5936356631704182,3.0339775364526322,0.8671503009824285,6.847800498010095,2.071798457456022,0.5654074290225668,1.0586180848143087,0.18692344899812774
77900.0,70.5634556788455,2.3029665024390047,0.8044888894770955,4.456673183106051,1.0041349263083532,3.9714505952455483,2.0948761988526288,0.6952418437340238,2.2943802311111665,0.18715558737457919
78000.0,71.94468897473136,1.9177907969870207,0.7868538269992755,3.1965977222554542,0.8407083166390269,9.919507007341553,1.7925446011272461,0.6868261327964233,1.4342423176278813,0.23332099227797565
78100.0,67.02566916720771,1.9222229060775717,0.7239803610447989,2.6615727911804705,0.787042707944321,4.989516549177289,1.941531394849381,0.6367180522855378,0.8702753311777984,0.26609293838278103
78200.0,70.51433128789863,2.3505001876872753,0.672215547434643,3.7692300095776425,0.9283591317406897,8.511533330214425,2.362968980836011,0.592974475942645,1.0738660984128086,0.14001575512632455
78300.0,77.43974593525313,2.8001502116138215,0.7521778390429534,5.9053142017418025,1.1348119967025194,11.52656789284301,2.4378324818111508,0.6560910072573729,0.9521031229761475,0.045713744874429474
78400.0,73.67143468077231,1.2758963205084317,0.6376544724650065,3.495812152852155,0.9565489522175782,9.025654498886485,1.105119817011609,0.5524092516792849,1.14558783038547,0.0932309644153632
78500.0,74.81118174428072,2.5330649474458604,0.7820928835884846,5.452542482013491,1.1192421612780252,9.946292784676098,2.2495246915222693,0.6839499963108319,1.093882903828429,0.12253624910402311
78600.0,75.30191053648342,3.1909925415852936,0.6080429444854775,4.202078980150097,0.8897586580001047,10.652762404604987,2.771110775016357,0.5438366967646437,2.4875986427454073,0.4198221276732938
78700.0,75.81285075087068,2.5769664402626584,0.7655858611175413,3.0243805508503336,0.8395720647684984,4.009977618640526,2.421967760549583,0.6690709508257937,0.9706173035888356,0.28535840125902484
78800.0,79.99998464672436,2.2113956267272443,0.5918042774779163,1.4855412005559172,0.5066286771992958,6.163484987207382,2.4117840232792846,0.5129577724620674,1.0776502231106155,0.3742349218780261
78900.0,72.66664080935043,2.170871358071806,0.583375718083255,4.126304386697869,0.9602597908346074,2.436970195208393,2.297377240912725,0.5183941760617545,2.003963083486766,0.2800644941062965
79000.0,73.07890654303395,2.517675613403687,0.8167904214345562,3.016073585937109,0.8179446533123106,2.6532181844646052,2.1984925379841784,0.7082996191747765,1.0415280315659425,0.18709293398078772
79100.0,66.7379882668339,1.5674178048238596,0.7341073663267422,4.8022688315805375,0.9972842584144329,12.336446102019448,1.423925496223509,0.6445543532268184,2.0085766530093223,0.24036798169642198
79200.0,59.981270849057495,1.4531020285689407,0.7012941266559062,3.0877978636380217,0.8861232826088562,10.35450577719267,1.423016587643372,0.6357241522779437,0.530378385073082,0.14282845049338186
79300.0,71.23167739420545,2.02541749654018,0.7740435423390971,5.77385741329838,1.1158417662025781,14.734242676367343,1.9347361195644057,0.674913919922079,1.4355972841716012,0.049536844480924734
79400.0,74.40877915797722,1.803359521587403,0.5179435763493195,3.2923826519499926,0.8903406005139454,7.382604602206646,2.58220678697817,0.5832465284870558,1.5882285342390423,0.2749825961535325
79500.0,69.68122030479287,2.753294129853735,0.7592209612252493,2.6909750970230992,0.7280488427636961,14.626942970486908,2.4894775430807883,0.6694501290394388,1.9263058193280491,0.38839597443017787
79600.0,73.66898932003376,1.6045067480318913,0.6365670642597886,4.823461128956869,1.1071897282903704,2.0513202561768464,1.9055212719910035,0.6302685783194371,0.6821163025580695,0.036760450513181456
79700.0,71.08981302984553,1.818349128580105,0.7821311201140374,4.101297838907968,0.9379003888988947,11.77104156804939,1.61146920244876,0.6789425434308234,2.0131547351670904,0.2739448161580981
79800.0,77.444452643766,2.4787206320167283,0.830625233271301,2.4584465812356764,0.7211431599925477,5.3460263849317124,2.162652339567268,0.7196803656707437,2.0959517342055927,0.3241138816903782
79900.0,77.03823194421774,3.0317451295107216,0.7040276683598824,3.2116469615225136,0.6985161564847845,5.829554326884979,2.6289475485695317,0.607922830259687,2.977547399226391,0.4534924806854094
80000.0,68.17741053846724,2.7296252658110878,0.7799924728586016,4.145893352029257,0.9581685365913941,4.313776021944369,2.4491894076254574,0.6823614491681917,2.257641419955972,0.22395056657758775
80100.0,77.25720546387889,2.9562932033616653,0.6843740768727558,4.584617935343985,1.0358884310591496,13.560102115571775,2.5601353657467127,0.6037399019385992,0.6664720812811714,0.09164905841708448
80200.0,72.41895717235904,1.1882579383921967,0.5075013037524742,5.53101105330887,1.105154869521525,11.013645061211234,1.7125119233905062,0.6573941245611573,1.4806974442855256,0.16361652252226827
80300.0,73.55048334873861,3.0200611290309727,0.6973752568120121,2.64254511059132,0.7211566496203291,13.502223947957896,2.6318383051965517,0.6057017830902865,0.574743311081227,0.12885793189032022
80400.0,68.43311449555883,1.5820442163831885,0.6443243881675073,5.573293063365945,1.1377002805485272,7.639663041143214,1.8389072372708544,0.6306008010975023,0.4782396069910497,0.05889982534001694
80500.0,64.8594371626745,2.160430524976149,0.6454141591751684,4.82965934006554,1.0535112093319778,8.955820790934423,2.3598790342886318,0.5596703664763935,1.5871079211577606,0.12036218634965419
80600.0,72.94356052969927,2.9147447652210023,0.6994836913287322,5.593578166383043,1.0833197725320192,3.956471519962616,2.5290908337680116,0.6099471201202514,1.8611465450691846,0.2151172414314333
80700.0,66.69562763377546,2.660826475244031,0.7641003355246944,4.977896092947513,1.072477021523585,10.227106408582221,2.364993616508408,0.6728740421930728,1.5589440139293866,0.11903536849056452
80800.0,73.2448635648071,2.0628892546282676,0.824347522760593,4.543039276173918,0.9935577307013238,15.583782959411488,1.7991791953048264,0.7107855324409413,1.5084759320581744,0.17848473296807946
80900.0,70.81773483038772,2.4904941461400756,0.7690854892860698,5.91073505970911,1.105447676274,13.67522998419508,2.275652089832695,0.6712619524294386,0.602407204753579,0.047497586635554166
81000.0,75.01857871649703,1.7590074277001904,0.3989384823227269,4.107757438384645,1.0381490748383762,12.438225327328846,2.919470439339315,0.6018619382111995,1.6416839337737825,0.11582194300087575
81100.0,75.86125386003242,0.9268078997094383,0.4320932434543356,5.561714805462755,1.1337169548650303,1.4280447369373397,1.3618876792802688,0.6240702263307978,1.60937963720902,0.07484319740818947
81200.0,77.15838248236487,3.0388919922014233,0.809128910109013,5.317987712900023,1.1078845782250262,10.025347076076882,2.6323447074413653,0.7014135619360637,0.5496654822759044,0.06844449841158966
81300.0,73.91351346224357,1.4153744304985665,0.38130993330030233,5.6953426979422614,1.134214702765657,6.885243711283666,2.428704899631547,0.6451420546893724,1.0432851428346492,0.051347535915817276
81400.0,72.07933720361989,2.3612966878053068,0.7228120263216598,3.0468340886306216,0.8924214711112656,9.355452950943898,2.198260881495327,0.6382447299439189,0.6185462027571946,0.26288647035222956
81500.0,71.83992873146072,0.5175451930699532,0.3070185135754642,5.566338736952939,1.140022904332868,3.014863752703225,0.598411358454977,0.3327427059594063,0.6452361249033033,0.04975099098409274
81600.0,71.1393789967559,1.9558954794185832,0.6331744489731095,4.620544053474209,1.0333472091108533,8.002467774126679,2.207082331806937,0.5645890679940178,2.4538197144157428,0.19290499498094163
81700.0,70.16758070463419,2.0293751938063225,0.7483969126075047,4.923018226567135,1.0705304629749672,13.842018614263717,1.9466318980385364,0.6511760776209424,1.7564128108050958,0.09128513617646104
81800.0,62.77047676155376,0.5964670834715583,0.344474133852112,3.559091750862965,0.833210972857844,8.56045929497146,0.7385639349389873,0.40470892088708976,2.1031190440301946,0.41087551162007435
81900.0,73.96959486759546,1.6629878639945124,0.5156317844560235,2.8189889605340377,0.7260918083347151,10.02671231308933,2.2663068571821463,0.5399754753322566,2.3299927228461206,0.5325338850023096
82000.0,67.10759459608215,1.5270516246087693,0.6210043637194834,2.596361106841717,0.6985342122970918,9.928233452371002,1.8612462996627703,0.6333674520243776,2.1801336396416096,0.30302932668941307
82100.0,72.80795049880034,1.8600993932245047,0.8099016339681288,3.1879318466957294,0.8249646816674382,15.151191345913363,1.6133332016638504,0.7017224710942558,0.9854044737730847,0.2233164641455743
82200.0,79.9117773778728,2.247397759880415,0.6917039500274559,2.7214582715647153,0.6252369194301582,6.721823889128891,2.313694738434037,0.5986727053410598,2.5069867263576846,0.4753755500017616
82300.0,66.95924093362423,1.5600363680622291,0.3008507733751417,2.6020458425084008,0.8302949788719464,6.2937636089688125,2.6801309155290536,0.5042695367033371,0.35955623451735924,0.1998571724096036
82400.0,76.99820238763299,2.2363035782893985,0.6540748990018418,2.8748961290865385,0.8283494819406269,14.384271825903713,2.4883144396569583,0.5670250634462675,1.4394222519377848,0.36367386828336973
82500.0,68.79396845743565,2.065028135191841,0.6227352793304786,5.443243301569345,1.1261210831965498,11.445906816358878,2.3184084667072575,0.542867551019169,0.6546641651939099,0.053318971213919764
82600.0,71.47259437324998,1.7723554850182817,0.5624074550679355,5.308470713775232,1.1037035757898277,10.374385885454858,2.3515572777266467,0.5763184881816569,0.5223657356324324,0.06041319491343129
82700.0,75.38447573192416,2.630811844088426,0.7383998365373604,2.3828865726258126,0.6268460700544529,16.902616466906544,2.3108548065513452,0.6587712987246127,2.0936323430860146,0.45541431874612176
82800.0,76.22835762683813,2.4498922144631363,0.7331002343440024,4.2459210292776985,0.9635095105642034,6.4008858436164635,2.3993581829499755,0.6378743300001736,1.8718524572984871,0.26982065582667086
82900.0,71.23488720690186,1.9861361730036664,0.552875705929296,2.3020952922815696,0.6707426306367545,10.675335409160175,2.484507102947681,0.49761927397993033,0.2683979927673637,0.11771684740954937
83000.0,72.29454353750174,2.659815187979449,0.8909335555012879,3.1748601584378133,0.734973356674277,12.77607812699602,2.061557529454839,0.2326281631259439,2.687516391264395,0.4547939804288344
83100.0,74.46903789706282,2.795661398936009,0.7760048299766379,1.8522251173771123,0.5174997359487984,7.358605273434751,2.4466480715420986,0.6763659031088897,1.4428131095933643,0.32972727403754704
83200.0,70.27191933020177,1.9030027384212411,0.4835882842611465,3.393271941385368,0.9413389194129319,4.187008786409543,2.6810561210300077,0.5016633917996133,0.6666712201921803,0.207685588270279
83300.0,69.52708442148959,1.8608812001481105,0.48181086597604855,3.2997971671744524,0.8970711184434661,8.333901544746078,2.5178126350532977,0.4756832341300492,0.9265222265986588,0.21524729441771834
83400.0,71.1442756781806,1.2868420318776705,0.5860736248392739,5.619927394753192,1.1285508993493603,10.402167049282612,1.529906949515191,0.62568429408083,0.17642195060809468,0.03544188265716298
83500.0,74.45818030840594,1.2880519509519557,0.47565116377243727,1.9369445709894346,0.6730423177307902,15.891102164511928,1.9620202956140744,0.6822428167333665,1.4831974060024558,0.5139378012782865
83600.0,76.35364319054266,0.666845195086874,0.36133225754868814,3.7520763522499663,0.9347519002243597,5.926055989466221,0.7629944022969898,0.3834022040659618,1.654906463730732,0.22378573184180384
83700.0,74.67163787410692,1.382367542608425,0.4474943054386466,4.903046962585273,0.9965974381397148,9.876323338921432,2.2515853122872658,0.6952170284695227,2.10161200269796,0.3386167984708433
83800.0,68.51015402708484,2.8220754473738006,0.7271537706735208,1.6001046041151987,0.5077639629701597,1.96454266689705,2.483570051655979,0.6436696688700638,1.0693007227267382,0.3269305849150788
83900.0,76.85410687522692,2.32185663104253,0.7182090651189182,2.334265378413527,0.7180797435821452,11.690283216551432,2.1888666744268463,0.6294695017081186,1.8189234820871918,0.4701491458652145
84000.0,76.34835673349913,1.3861435028182025,0.5740708960526447,3.2234743890060744,0.9659002951380741,11.687157172240568,1.8080544440527537,0.642611218766798,1.430731040647311,0.17484105843600858
84100.0,72.52109592026305,1.2987866386426692,0.6669560786763626,1.7685154400430223,0.5376678344849272,9.338853735849389,1.1485085118049703,0.584649345798183,1.4520678900466457,0.28473578275961436
84200.0,81.29839491270151,3.4856358096278064,1.0633481437363346,1.8930442002288173,0.5440751223328109,11.209453049106243,2.024932249394461,0.23364731572643502,1.357929068455789,0.3245223615283898
84300.0,71.49945216388669,1.1782009385968613,0.49032180114581125,4.33857603901614,0.9990958287127433,9.963293272626137,1.771521330068097,0.6747060885408113,1.4876440092056968,0.20800888634109088
84400.0,72.85531057296585,1.9020069015138423,0.5155233518394077,3.2819970897079664,0.7953905117672351,11.290894443262369,2.381522094543476,0.47377741258003697,1.8492866883847736,0.37886926047874275
84500.0,76.28433732178131,1.640916435993652,0.4458968681871118,4.625993499413782,1.044513067359016,13.356553943642647,2.419985014630041,0.530654354354516,0.9708106207686058,0.04904957999510839
84600.0,77.87191165334427,0.5381764891876567,0.27662700071156116,3.2332266328505157,0.9123395191608491,7.223260639662853,0.4585822968318578,0.2236678049072397,0.8341641579711664,0.14845712099612288
84700.0,68.1907571255892,1.3149673245779325,0.559597311651921,3.988366517103605,0.9354666804218407,17.37460362028783,1.7206375780727572,0.6438431510199109,1.81571691588635,0.2505406818339296
84800.0,79.31072625959884,2.2237566239059174,0.759581964823347,3.2603704751648586,0.7439022380906666,7.887181479034226,2.096756969546686,0.6571618014147729,2.2558253631206306,0.3898447506004884
84900.0,72.95055062431682,1.5457356033103535,0.45239642048548,4.182716260327404,0.9961684760740193,6.0538464264251495,2.3203220411970666,0.5623193007322894,1.7866811102930757,0.1751356318095909
85000.0,74.16552398267493,1.9398927698355228,0.5101720729667544,2.3910604308289534,0.6300747349072554,12.488708983286367,2.4752364020731443,0.45666449073143317,2.4447954149971816,0.40928884681870575
85100.0,63.97129786447575,0.7567280668650995,0.40463625513416696,3.403469215806389,0.8705935136576293,7.9161721215451974,1.0561283976317275,0.5336793969706458,1.8797652951693768,0.32945260888378786
85200.0,73.09683689209947,1.8185390901803975,0.45178488037590664,2.8676512759815105,0.769037896158821,6.670955736000663,2.511699039621342,0.43512965980714247,1.8057315637880758,0.4142759462851866
85300.0,72.89883076045221,2.631416480035387,0.8075873246078104,3.6924049304181694,0.8933794728340052,6.242442084272989,2.436397485014832,0.7007794735356818,2.2604475135738973,0.3061491881334572
85400.0,81.55010053249013,2.284739548378886,0.8268049571253316,3.195147088662502,0.684669759567305,10.594618422358568,2.0188593120046194,0.7160349052794052,3.278295114627501,0.5092664224477988
85500.0,70.32591329988846,2.11865429635932,0.835531336377796,2.171449383323343,0.7158147170737411,7.431681329717637,1.8525479991509306,0.723694803667279,1.4739101377979833,0.3693161776433113
85600.0,81.44581392376733,3.3898601008450124,0.7322019287363853,3.567932511629616,0.8468811781809088,10.631291718212637,2.9828679400428877,0.6429456220521076,2.4120914793884727,0.4086902609040241
85700.0,79.24518627791083,1.6972782858107538,0.4358788377542995,2.788546144480183,0.7106334706421386,9.162589850454994,2.657387840881909,0.5689619291106053,1.7071585370274,0.32448406374607347
85800.0,78.7484166316341,1.7411604984352662,0.6905687879165825,3.1319265001418337,0.7897683516410244,8.64285789443847,1.903125281117959,0.6375283916026029,2.1202336237072323,0.384844562956228
85900.0,76.4464516841963,2.0120120970193347,0.7220154390829103,4.4496079468515815,1.001039859742144,12.8766504389359,2.061996785025205,0.6358425278147949,1.3450862456465444,0.1528016880210446
86000.0,78.2749896040751,2.186143111612495,0.5371969111867189,3.598261983760707,0.8407705424639049,11.834851917133161,3.098708096614232,0.5968187367662031,2.423820746702888,0.42056929532133136
86100.0,72.84046207314343,3.2307625259944714,0.7298110685804438,4.320984868755822,0.8621199628696713,7.7686012379198734,2.80621086173858,0.6330571319752742,3.116714142938892,0.5487327457244304
86200.0,76.30374844311469,1.625926195122035,0.38413215021382624,2.519265882476857,0.7171806946690958,12.265663187498511,2.6927613959856176,0.5761266517426462,1.6677412466528974,0.3543343906528316
86300.0,72.7032750829858,1.6262874162402818,0.3655126509298201,3.9703964159302783,0.9753793266807523,8.86852688850718,2.766655933296815,0.6043787163781891,1.670851899918488,0.22580877228513987
86400.0,76.07082858679341,1.7701893320145723,0.4073220200552852,3.484356974033412,0.8712698970534193,15.318194923809482,2.6274204478632974,0.4755982471168874,2.483338324485298,0.37878284065278045
86500.0,71.98581911722044,2.3491325830391427,0.741907290527259,2.670759972574578,0.7390253148528396,8.925034764585346,1.8877155459610495,0.13503772212018073,1.9364245615864553,0.3448499086617236
86600.0,75.36440717605204,2.0776209120151132,0.652359831491685,2.071727918977121,0.5600131868010462,9.205153532126033,2.4422255371293082,0.5913897993503534,1.4270513071127944,0.3447406379628159
86700.0,80.63825477954855,2.248315955387494,0.6173690981855264,3.1054055065297277,0.7403245703630094,13.105817363361156,2.4807450450857966,0.5266306955572343,2.381669175291194,0.45403263759362805
86800.0,78.93893413899544,2.5972665531344803,0.8067140603014722,3.7010687146722563,0.9324426497195653,6.522392500368742,2.268733953345786,0.7007310770568197,1.9691378974740086,0.24516544734374682
86900.0,74.21180522162,2.4798469852520912,0.7866199728771415,3.293997887832674,0.8496290397444568,11.493877229950442,2.2097387440120495,0.6861038550105084,1.0260545702205897,0.12748773404741975
87000.0,79.74181753558251,2.2368593932533747,0.782955085496093,3.518842875790106,0.8359075837172164,9.395456604352974,2.08327885555463,0.6780887326037813,2.186058280109621,0.4073066475755533
87100.0,73.98397470662887,2.4409049815445467,0.8365062377789806,3.1046124144091105,0.9315854129026784,8.184236488371576,2.121390040860094,0.7244901147207599,1.2064606834775524,0.20435996120723446
87200.0,73.5382595796007,1.9739244722343698,0.6337175501469886,5.6570736156287,1.13191745711044,15.061948699114694,2.1875446355755552,0.5559815991492482,1.0096001242745933,0.058548157854310785
87300.0,68.0992316671262,1.7265812030960441,0.7433143067748661,3.426346482354388,0.8937621321645363,6.136985536782827,1.6399225870860525,0.6612456274711916,2.1429221043738518,0.24534721095952763
87400.0,68.10503746447525,0.7785258248250627,0.4180835145181378,1.7871780027798565,0.5122964033148228,16.40661880473921,0.9288707389086618,0.47246651585134164,2.1101669662393134,0.5112845201482582
87500.0,71.29247511963571,2.5084418784071616,0.784065113088137,1.0321481027789574,0.45590763877548296,4.62819201500254,2.214958166098289,0.6851093044031402,0.3087411016758983,0.16716991994879632
87600.0,73.1985606812246,1.738999819900731,0.5226368309163844,1.5623817548806764,0.545542899832128,11.468480306632955,2.292035553251959,0.5185604052114677,1.3633769911613864,0.47700209078616357
87700.0,78.98333504751214,2.069153814177584,0.8143611757071274,3.911271787661781,0.9053144404640915,8.863355114611505,1.824229372835546,0.6485464543136977,1.7329456767463571,0.2463277477680455
87800.0,83.99826511595616,1.1569468777102365,0.5524668974949937,4.041584733410431,1.02872780615568,6.810495264531604,1.3301190479734297,0.5641810117167065,1.1708434187403907,0.0879320178271434
87900.0,71.72601905023454,2.3047609360830794,0.6392545094367865,2.5754413015727233,0.6725383118456322,8.771222899386718,2.399729140418054,0.5588914080317846,2.4374882102097875,0.5466801978145549
88000.0,72.03091528932993,1.1630123575049673,0.5959449048170214,4.49075501265622,1.0297153808067743,1.7505929937558935,1.1199293550380103,0.5391341199478926,0.9228492593992572,0.15468420384849796
88100.0,78.70741738303153,1.4906557450771505,0.7098509996054995,3.0761211057327054,0.771132585816456,7.062407609788087,1.35576171088715,0.6282843220733226,2.3397213605015663,0.5301712020501769
88200.0,80.6102973269641,2.6673353528045554,0.7571415741931843,5.810744186412983,1.1332298003985288,8.909697350941979,2.366975891594902,0.6676288532957426,0.40901601539534677,0.036314443971333016
88300.0,73.67246499885975,2.8874441685323338,0.6952902606828477,2.9230097437087257,0.8354780514578212,6.034967796958651,2.500541131868571,0.6021214791731253,1.3847801527235601,0.3417205613863423
88400.0,84.00919498762748,2.699025169148927,0.820013520246723,2.110633140229997,0.63837424432811,5.597236432473795,2.337120682551034,0.7099891157698229,1.4674106104181457,0.36095767214862606
88500.0,85.14984576228197,2.4176740702082338,0.8066811331143819,4.277753767805116,0.8390590720183284,2.872893293745344,2.160573753058537,0.6991219818190278,2.923025671648104,0.43812003580112463
88600.0,75.04277603738643,1.3045628727090697,0.5435843716594625,4.664856226183471,1.0644750922736164,3.1005465819508187,1.7999319779328782,0.652294825331326,1.9467694655809573,0.13419570216781618
88700.0,71.28002140230349,4.367566423814196,1.0493466874291475,4.772631341261495,1.1070880866720472,10.10252200625176,0.5954460581768597,0.15711119709768187,1.1155468408926974,0.06666245687234236
88800.0,77.35333035899548,3.8299795613062675,1.0648532122144225,4.15461534554193,0.8381678567709034,10.46216079373951,1.1813026542785146,0.16023197613553067,3.016471844602221,0.518654142283808
88900.0,76.65546863204733,4.273678385687638,1.1130979013752982,4.813767338897972,1.0751291235793825,10.8189189309102,0.4307836700851486,0.12384744765385894,0.9362243467787974,0.04551943168461066
89000.0,79.37874350456933,1.8241821393936302,0.4415342055057849,4.587005160520358,0.9799351073238783,6.1247543073934745,2.551298020424868,0.43423425317944847,2.1303817691547553,0.30284558306147696
89100.0,83.80149906598085,1.6516722842355962,0.382013470338117,3.69949860721554,0.8564327776788598,7.659151072178037,2.7165755378122314,0.5621848490062292,2.7095310797771925,0.4935349124386305
89200.0,82.11125766878284,3.0679828789342203,0.6370489136407538,3.891359461466901,0.8494702231969224,6.605074820632226,2.6584857224465566,0.5676113912279246,2.8822570679044324,0.41344701038876025
89300.0,81.80293830600306,1.8937646400479802,0.48638002411416964,4.707060803519556,0.9053956140050651,5.850343200502661,2.538408612607605,0.48575232375320976,3.236024678183462,0.5082917651113731
89400.0,74.17435638950481,2.283915521834024,0.7094231079505331,4.158218210742306,0.887823840633112,2.7381123453130543,2.2685282748463997,0.6147673257758596,2.70482631702923,0.42312006650862183
89500.0,78.04544980149512,2.1269162018365617,0.62992268248997,4.353266593808119,1.0119233804356424,6.275584414904384,2.246716083117452,0.5464034910283196,1.5033670110105066,0.13600400239392235
89600.0,74.59808968253071,3.1319703460534485,0.5988980803244496,4.021809803951009,0.9848795818183592,8.26681812821066,2.7140149394790014,0.5261507629916367,0.8495910739519806,0.15057885274220964
89700.0,68.83685152017837,1.800755941205795,0.7723339431599786,2.936939069580445,0.8493376283227013,9.356598243482226,1.5822956067380152,0.6720054547113499,1.5230578968134199,0.21237303670292287
89800.0,73.23406465202609,1.9927784854973487,0.5279172772676297,3.5283310028634496,0.8407960130533837,13.892023207809032,2.7148207652928953,0.5246407909442677,2.445191405669228,0.3585536981843572
89900.0,67.90997616147175,2.908469859542757,0.6816075238184883,2.9605663098340336,0.8448507368461083,5.449249979818902,2.5273823643307436,0.6139662132336452,0.6324789544976127,0.12130655028047842
90000.0,71.82556567776463,3.0067548043255226,0.6876924868170535,4.127577419651842,0.9463446261134049,5.45895310266224,2.6122739883349206,0.600949240924458,1.8436098890169423,0.29081089466375676
