Compound,Replica,Offset,Phe389_Score_Sum_Mean,Phe390_Score_Sum_Mean,strength_389,strength_390,strength_combined,quality_score_389,quality_score_390,major_contributor_389,major_contributor_390,avg_angle_389,avg_angle_390,std_angle_389,std_angle_390
20251216_D2_LSD_cryoEM_rebuild,charmm-gui-6586065345_gromacs_replicate_2,-29,3.1556422373172386,3.31930035701262,6.340598069938168e-05,6.819060000465852e-05,6.579829035202009e-05,0.00011581825589363137,0.00012740923285427984,4,4,0.7939532147639508,0.7580783929194598,0.1455404125105981,0.17254411203407016
