Compound,Replica,Offset,Phe389_Score_Sum_Mean,Phe390_Score_Sum_Mean,strength_389,strength_390,strength_combined,quality_score_389,quality_score_390,major_contributor_389,major_contributor_390,avg_angle_389,avg_angle_390,std_angle_389,std_angle_390
20251216_D2_LSD_cryoEM_rebuild,charmm-gui-6586065345_gromacs_replicate_2,-29,3.160828253144588,3.259621941527873,6.340413917845766e-05,6.699812895231879e-05,6.520113406538823e-05,0.0001116891435525498,0.00012490649415028936,4,4,0.796033856446421,0.7502418968652914,0.13321805521458283,0.17396820575025904
