Time,Replica,Global_Angle,Dist_Phe389_Geo,Dist_Phe389_Weighted,AngDev_Phe389,Dist_Phe390_Geo,Dist_Phe390_Weighted,AngDev_Phe390,C1_Angle_to_Phe389,C2_Angle_to_Phe389,C3_Angle_to_Phe389,C4_Angle_to_Phe389,C5_Angle_to_Phe389,C6_Angle_to_Phe389,C1_Angle_to_Phe390,C2_Angle_to_Phe390,C3_Angle_to_Phe390,C4_Angle_to_Phe390,C5_Angle_to_Phe390,C6_Angle_to_Phe390,Dist_Res_114,Dist_Res_115,Dist_Res_118,Dist_Res_119,Dist_Res_190,Dist_Res_193,Dist_Res_194,Dist_Res_197,Dist_Res_386,Dist_Res_393,Dist_Res_412,Dist_Res_416
0.0,gromacs_replicate_1,76.90245,5.4186946318285365,5.778637228625844,37.980362,5.7379451790182205,5.395416274041934,11.990532,74.03014493826733,77.86971516754939,66.9874034445311,52.09483180663232,49.44446117880834,61.93691993115641,68.58150111366697,58.94238715125115,47.36297219649956,41.810810763327915,54.213078367898866,65.89075394092332,6.10092867855134,4.711231022334426,6.699537413229205,7.623181472360474,8.505583973232334,8.180546405700849,8.01397440302247,8.72681029860733,9.714101759588237,8.621261712871236,9.205767092489344,10.036568228449061
100.0,gromacs_replicate_1,77.70903,6.206487184492155,6.670408660462787,42.145092,5.631553887659021,5.244986708571036,8.602486,84.83828005324172,86.47368487792436,75.89855004892145,66.14862477388716,64.04375971054199,75.63888782817187,67.59982917141595,56.28315629638573,45.90046792052066,41.087776259500316,54.499762005122044,65.84633150565675,6.01682489630128,4.695863430158926,6.631096294337399,7.7135429338601496,8.7612984010385,8.599739795068443,8.362354836825624,8.789641816346343,9.492971219319044,8.787945213343502,9.047049293364259,9.731818569979561
200.0,gromacs_replicate_1,71.77502,5.597811896069335,6.125878319902655,47.491318,6.399235846283457,6.184307482391159,5.6900406,76.59079024249267,80.36721440514611,69.32868907177526,58.58405412396154,52.966343425837685,65.08174937713592,83.15771942254925,76.89151231149337,67.18043337408061,58.32127741764956,63.44711390702552,76.45341864591163,6.212428772233051,4.79209652712397,6.777804002633294,7.646192866281992,8.561136047951244,8.221523807972702,8.382788346260176,8.81144563429119,10.006786164571439,8.495838289812985,8.683448579971333,10.346351471987049
300.0,gromacs_replicate_1,73.4749,5.902401319052256,6.1999969334645755,35.347702,6.028090533759181,5.6258124568617625,0.9287796,71.32944351081437,77.18498995215268,69.13293096697933,56.63747975266863,49.643183456538374,59.583580706115065,75.68644515139789,68.77517937642864,58.7578926803328,50.0703982080648,58.06998725722745,70.48016544844853,6.0086842065376,4.853976586652711,6.7656937833244095,7.7131405738600565,8.213169276140402,8.23935354255049,8.238756460469503,9.120938314751536,9.379435839649089,9.094614563355552,9.29865101523035,10.066139119189215
400.0,gromacs_replicate_1,71.37265,5.445135686873771,5.824330500274176,36.298187,5.889540280272883,5.418468838479396,4.3509827,77.52671657075167,82.70454142328872,71.3503150045911,58.19817645414149,52.41156930702825,65.26386092482211,71.98723255711147,62.497452338900295,55.32495564019968,47.33633288484784,57.05411802786857,68.18822572994564,5.588015039772976,4.918235642076289,6.692095330553967,7.708509118497835,9.042200359097171,8.53525512093542,9.038905051026891,8.98461087561327,9.57994745442724,9.262445793082401,8.84326271542718,10.364256760751791
500.0,gromacs_replicate_1,84.222984,6.129059436898227,6.615868501706704,44.67302,6.601127203236893,6.318625040465278,11.960884,82.576941231995,86.68568267532461,76.92573961652711,66.98804385379881,62.13407325551865,72.73200672354041,67.831519799534,59.35250579253611,49.64666190215094,43.01541648600772,52.89006706488973,64.48159779142564,5.603587442705771,4.549995764437933,6.643272680160013,7.714966768255088,8.656771675707171,8.649148753585054,8.762947613454038,8.962891330550422,10.429638050958362,9.664044376905748,9.355430834179264,10.876960564668314
600.0,gromacs_replicate_1,76.97183,6.03288806415395,6.201599609084199,36.401497,5.788807941639615,5.942822894874061,12.348183,66.82178758231386,72.49689472346493,63.489451105477485,48.36559399610122,45.1508251983735,56.03877405365819,79.74847853609509,85.32221061842223,82.69794043746211,72.49005796961777,78.06173469429606,88.801777593637,6.389115173054045,4.858985237061823,7.0647731582961315,7.925661163020908,7.94157504229276,8.189717744795457,7.557470968693034,8.809054855291306,9.058010971758321,9.925089558141154,9.261472831305777,10.543249938022335
700.0,gromacs_replicate_1,64.72186,6.37206826662511,6.696852366046183,27.272514,5.819547800296917,5.535634751732751,10.5793,89.50218084110558,88.49507406331811,80.0602395243923,69.51187848924918,67.80585270171491,79.22707376604613,84.04409253505203,78.47573649190313,68.60254435901602,57.847675039604425,63.17924457636884,76.59435049477841,5.88173771532088,4.640502709602983,6.578009348103831,7.494628811774064,8.451078585298603,8.379094858057197,7.815389562542182,8.801679259775417,9.476464831179785,9.570435530071293,9.294384686841546,10.074532409475053
800.0,gromacs_replicate_1,75.553604,5.194866827985466,5.69706499813575,50.247116,6.077814508460511,5.557008347718219,7.7689056,68.91747299692072,73.18534475817944,62.01087407193855,48.609948384007,42.078835566903116,55.9116702625707,62.93415535859538,55.77776173431607,46.27981047256261,37.67139091670481,46.58568818082712,57.83387129492162,5.865361205746301,4.677110985588667,6.40057325974655,7.671767233237645,8.351485965943576,8.517774362766474,8.641087489266287,8.853319271135899,9.440516532959993,10.194993415791751,8.959054448566716,10.013387022647416
900.0,gromacs_replicate_1,75.42476,6.056677380583967,6.464153858944419,40.80124,6.0657270689947795,5.731768861333686,1.9053497,72.17912564242027,78.59810658466635,70.88815612948113,59.62254891414867,51.20718942369657,61.04841696673674,78.42564927632355,69.99353347853491,60.311163464058026,51.97482390442383,60.66232301182779,73.76859190405,5.7786757610853945,4.788450415054989,6.785997130108752,7.865595632226232,7.906371301138474,8.299856063431802,8.019829121232878,8.887453854299672,9.39041174643456,10.475514728290964,9.18157192306106,9.930094770887832
1000.0,gromacs_replicate_1,68.47404,5.391759489766287,5.720852361122785,38.49118,5.915204639201568,5.460957839304272,9.245224,71.44974337262617,76.7970377939038,66.98061876032894,53.301000652297205,46.737737491396665,58.68140797101892,77.25122176803988,69.28838114662699,60.99000683462692,51.902448002247226,59.050544620418975,70.96170134013623,6.145959763659381,5.108827062946199,6.65851240454846,8.002329809021914,8.789519583937313,8.477556371418695,8.439473287236353,8.875242114145946,9.37589959333587,9.716087399520193,8.896776667637484,9.900394620350674
1100.0,gromacs_replicate_1,74.725555,5.646134728769314,6.11440083129038,44.879593,6.148542198881405,6.0113283158086706,4.753044,74.68933370337082,79.62253736506428,68.40006924429797,56.971813592619206,51.32600029156395,63.15563624089609,86.71906677982037,80.1753954637845,70.20536214616182,59.78451507888792,64.90060308334469,78.93369347950258,5.816583616279401,4.550983268012318,6.509963197147101,7.795731924559024,8.750932227627976,8.571517007681887,8.419422686264209,9.160898082857358,9.540142098892638,10.12598948755326,8.987767758026306,9.733558958154042
1200.0,gromacs_replicate_1,79.88304,5.566670275316886,6.082836485427392,48.270218,5.841134163329178,5.423667939549307,0.7380905,71.3403007869317,76.79074267678297,66.93812351317023,54.64402410414625,47.24247515877433,59.17219125401735,72.25214536896685,63.39788813218199,53.8551139901105,46.70139840295505,56.248264053110844,69.1834916293944,6.1966252883289314,4.973314701565115,6.830532732486427,8.094922521249337,8.742382330542878,8.358546820950846,8.301880141238337,8.58420273634826,9.596094701515783,10.04326444571474,8.614313907986068,9.704330508812381
1300.0,gromacs_replicate_1,77.21346,5.488825537401555,5.8960906460659706,39.591705,6.124171547968803,5.721990540338972,11.188438,73.9527494168943,80.06627883684045,71.83186567540547,59.94685521651333,50.768145132315546,61.65905040913681,80.8648741132627,72.77501725399644,64.02941423288988,55.87449300646651,63.148101142105645,75.24744454673619,5.638087993491307,4.714961063680199,6.572972717285195,7.876371226792071,9.167528980087221,8.639549200518536,8.753231802845383,9.169885842388526,9.781293452164057,9.953504840388163,8.446626436087774,9.68285621852254
1400.0,gromacs_replicate_1,70.86421,5.769576737100705,5.986963476303215,26.961632,6.084507769834008,5.74046485483224,9.133636,76.41250835527475,82.14950564660433,72.3392461617734,58.09439129486132,52.28825942092135,63.92967840721261,79.54278833080359,69.01791041358473,61.751777559532954,56.43148415263815,66.65332515316109,77.89421784780907,5.940850319533356,4.429515807353876,6.474212468067171,7.384200357073877,8.404250057461406,8.17329276964911,8.4838052815425,8.734144692433379,9.471290813191878,9.983620758164038,9.103038054419665,10.12021285595543
1500.0,gromacs_replicate_1,76.3831,6.08553924769333,6.400933627803204,26.718475,6.00986983550639,5.736930609745748,6.594475,79.87119773778916,88.19486136590943,81.62457998648443,68.86365227142034,60.533529606446905,68.03291164611569,82.01107614331576,72.96166831170979,63.542426111987666,56.868104927323586,66.64264024906839,78.44779400937101,6.050318182731286,4.672958812254105,6.906124370163171,7.762750545786542,8.954164384274552,8.549779926499877,8.46938888575956,8.835545471676923,9.449407820615102,9.894109977163481,8.984712265041985,9.694934974271721
1600.0,gromacs_replicate_1,77.217865,5.558838183705155,5.879452895782737,25.347382,6.07427233948586,5.625307709073592,0.19322205,85.7556468275688,89.36615485501089,77.10214080905868,63.72379086902913,60.922955664547786,73.25746657387786,73.09024590483122,63.605342411808266,54.476385229822256,47.725313045666795,58.15094842170933,70.54344279943344,5.936309405089954,4.990229686716725,7.023021696755501,8.245505598374075,8.891352933181436,8.567949013218268,8.659448245498291,9.002559934304617,9.691711304698627,9.461839841108027,8.49292767865336,9.91860708048442
1700.0,gromacs_replicate_1,73.938995,5.099673361836536,5.20186707206785,43.689102,6.1949228021746725,5.678227057440513,5.85305,55.168381143346465,61.65568385879849,49.97580152871405,32.34743348818937,28.25660546420514,42.30853005104219,60.85264196905577,49.27275044035033,44.13061164129551,41.31234767375243,54.029132219937615,62.830647039326564,5.961480115400289,4.7187665208893055,6.523746142757482,7.703358431608609,8.72481175832912,8.947879602144484,8.76234382419836,9.1692985149309,9.101220594080324,9.979947368311207,8.917673548503261,10.269492813327258
1800.0,gromacs_replicate_1,69.433754,5.623493702092818,5.979340964424133,31.16613,6.4799336374175285,5.973744581748902,7.3952255,78.43789961329645,84.77757007436571,75.33849700752357,62.427787618102855,55.73920543356236,66.21043773120401,74.90074882598076,65.77991058753001,57.59506214233324,51.79875678165682,61.51115278560202,71.6975100160601,6.116848555459118,4.918834984491611,6.700171397321937,7.991663997486071,8.996444349563593,8.78541230403486,8.646046461480632,8.983738339563606,10.256557252294485,9.407602801702835,8.833858646405671,9.957716597469968
1900.0,gromacs_replicate_1,64.967926,5.227649726081303,5.648546994672248,39.85211,6.805491017094512,6.103105558110556,4.669014,73.64675353828562,79.02457787709803,67.32916709695333,53.291094156184755,47.491882084555215,60.366511915787015,58.9123277649518,52.51484714021359,46.04776735393599,39.97502745665863,49.50385014046456,56.15734024254119,5.770968959247715,4.477883806799313,6.6092133830613005,7.729747902976092,9.062932583181036,8.508029078884093,8.882696199864293,9.15593266306525,9.586819247596967,9.556643442620416,8.829291869002809,10.153163751963342
2000.0,gromacs_replicate_1,67.97398,5.0819281651323935,5.370858713832983,35.930874,5.828959944988354,5.302130819462507,11.33577,68.5399443697942,77.14405574490226,67.5062964650778,51.22701052914427,43.31789443330697,54.72414663867125,73.91501868786558,66.36448808245262,58.51688046745579,49.848067599671765,57.064905505978075,68.34888777491881,6.437363395472115,5.163580945596699,7.021864785963656,8.08835871312216,8.423560332106725,8.598829690503594,8.285858651862766,8.711190334274473,8.947930604292724,9.021502756319887,8.698878679347374,10.093013550852703
2100.0,gromacs_replicate_1,69.625595,5.428683031386876,5.750691559103279,35.451935,6.293918299011547,5.686483805360383,13.450752,69.07801411857322,77.5381153746115,70.26217791039277,57.76813940993363,46.19491836882051,54.83256430990409,71.44390503924157,63.52404609191425,57.85265630390095,50.67073614430903,59.580575317167224,69.36780531844943,5.98576769028401,5.0044951830522555,7.321806232884997,8.641469884625602,9.45195060232837,8.900309317901419,9.16724570532182,9.162294800119817,9.790381028404143,9.550522220896472,8.206971700945054,9.752575053360133
2200.0,gromacs_replicate_1,69.11807,5.3440979373544115,5.636035659203632,32.244698,5.754334924287201,5.379468922828361,8.011375,75.61297277936946,81.21748033909144,70.513688928495,54.424606733358395,51.26177712453506,63.803428457136384,80.27819084841478,71.53016582745441,61.79031618761972,52.988367651998495,61.63650133790422,75.10425733689482,6.2051077690241705,5.033446864019062,6.632476038713847,7.670631886842682,8.698012453241706,8.610877168766962,7.666941073577359,8.859080513587882,9.267711533189768,8.530219457949162,8.757054024720073,10.351610123057194
2300.0,gromacs_replicate_1,65.56291,5.433422658029901,5.760470263172998,30.4864,5.964904375074831,5.507546395830869,8.220963,78.66551929048117,84.31837562387241,72.66501693228372,57.63765870259681,54.227961010725096,65.85522170949316,76.41364142753473,67.28584280178346,59.419445637642795,51.20543724551926,60.803686971581534,72.63429618157767,5.913266562001587,4.992464819976794,7.431757307609152,8.58830961975935,8.618310895307637,8.457564439307376,7.748305858838751,9.204086199991739,9.810507757826286,8.782199273736863,8.802968451963848,10.584867059125704
2400.0,gromacs_replicate_1,69.64681,5.467220223843465,5.762331256656672,30.956017,6.018091442898774,5.7393462477073784,14.870247,75.33995278100024,81.69639775241318,71.54831623152758,57.0518737792012,50.749622766518726,62.17367517534705,84.81918986264387,76.04360601899062,67.8686587430215,60.33057465961169,69.22868239084755,81.5608365139889,6.544062491466319,5.1213736036726285,7.033308111194878,8.073128102844544,8.548590662596464,8.226715665159965,7.986142059472478,8.984609629309066,9.83637775198681,8.946945002368588,8.805821824913393,10.588569732202979
2500.0,gromacs_replicate_1,74.014946,5.533133947681173,5.780028730201769,26.15231,5.736751839545738,5.48210028353079,7.4859085,74.79911198045473,83.62969148327804,75.90175739794856,60.25825890095754,52.285761386074434,61.675660059857854,83.12678619765434,71.4070039961141,63.28181424326286,57.28540851573582,68.33819888146282,80.63323732197841,5.770501641933525,4.921431670994627,6.529501556646307,7.592317258522784,9.07953896737967,8.363329895106638,8.148846259350398,8.636091384873756,9.375467464564865,9.56094021780446,8.911783059273203,10.031437419399689
2600.0,gromacs_replicate_1,65.29595,5.972024774380429,6.25145214696144,22.940605,6.1228423257712,5.595384839466386,0.6343994,81.38273225910763,89.20483313924579,81.50364310175524,67.40818248648664,60.21062383912663,69.1172454337466,65.79205911272152,57.575676697060196,49.450224287291746,43.255374102561674,53.35970062436071,64.05332110324571,6.152541845626303,4.908001229546682,6.994318549073875,8.106097470538959,8.897029867359603,8.569190745006868,8.438839484466643,8.894778242973468,9.893701718318113,8.746482406651296,9.62326591530077,10.681170224913595
2700.0,gromacs_replicate_1,66.26098,5.151055382812034,5.392062099072207,19.51255,6.305493396893189,5.666199629160728,1.8512955,83.1987175693288,88.5211385468801,76.91804577684867,60.98175573667538,55.82794485616432,69.14119195171916,66.39679464092758,59.03497771699173,50.93841005930144,43.06758550685357,50.25395751349993,61.758230417279584,5.916943587673559,4.430469502815354,6.576755673219635,7.661942192306757,8.8662798777709,8.521271691508499,8.71353114910072,8.78315834615844,9.59628530098847,9.77556735681822,8.783577309576016,10.312486831361706
2800.0,gromacs_replicate_1,67.72193,5.409046794366848,5.580848248129176,11.268784,5.986961045650183,5.489100374735254,1.850174,83.81425739065754,87.08999062853046,83.32036876167109,66.41963952558257,60.92904364934368,70.26537354683553,69.52392169906459,60.40544769423015,51.39198971538713,46.58986594138311,57.70300738678711,67.35555947695288,6.512185148632798,5.175755129834067,6.890644675001926,7.95019897046188,8.424531318221653,8.333524260821928,7.694406842669837,8.895327671509847,9.66166919196011,8.675627976774289,8.843297670978231,10.382548938005883
2900.0,gromacs_replicate_1,72.28337,5.9064040342760515,6.294996086998661,32.27942,6.365687892986031,5.943243694087888,5.3442,80.23327980672633,85.84777357267083,77.58588893597326,65.66259080977116,57.76531975742728,67.99133149424019,78.15986365150648,70.66087993378636,60.68016711855451,53.0609827136488,61.52787679397992,73.35353814567964,5.825287407030102,4.763306108580644,6.707736123989688,7.959949665179244,8.878405124032433,8.932009775113784,9.171583173151548,9.051327271982863,9.829210325700142,9.897674713973807,8.940239976795308,10.190267114967575
3000.0,gromacs_replicate_1,72.75439,5.55391850725723,5.957397703420425,41.307312,5.871563167672827,5.413410216335628,3.1775894,70.58014704830633,77.74864642451209,68.72133578103553,55.193457970624046,47.68350538837781,58.53917186163869,68.5824012268837,61.12941976115258,51.22025322841662,42.15690979572423,50.45532782928717,61.805707015106485,6.13957179549135,4.947883530941707,7.125005567735616,8.205377008390538,7.7525956138823044,8.26527807216885,8.453012168260075,8.836175827572262,9.472374218976627,9.832435941982865,8.676135726098199,9.867460799405933
3100.0,gromacs_replicate_1,78.92366,5.174598919695347,5.501044899044189,38.80841,6.316148419522436,5.795710921384956,17.394768,69.30085974855909,76.8074828541259,67.9544063163529,52.04787478202306,45.43420476928215,56.60566816915405,52.118672626880915,41.82240778323734,33.859177266705075,30.414795834158774,42.24495765455261,51.0593202827198,5.893220336827059,4.661419198922115,6.961492093502689,7.9882168804469345,8.341713283797748,8.453078038787325,8.90929344983795,8.788978953374302,9.272912631305081,9.723001655486323,8.475595248252736,9.74569892796863
3200.0,gromacs_replicate_1,66.96201,6.288221249575893,6.584914228767804,25.338043,6.229786868440678,5.810399179200582,12.028053,87.92036097333538,84.04998225721353,85.50682293047815,75.56341946138593,70.92896454056336,81.07878777567477,79.67216584682896,73.521444287987,65.24513589162076,55.41214920353606,61.91796759951198,73.17603537153704,5.82024989877473,4.67919795281302,7.004335176994866,8.199294946337842,8.366555140407478,8.500066245038665,8.498917118565622,8.960394332430836,9.723822999237369,9.833669091063399,9.240290980708215,9.750812612029078
3300.0,gromacs_replicate_1,69.36032,5.903187208445819,6.2032900209610515,29.555504,6.546285465484329,5.901961740717064,1.527359,77.25558191446801,82.73344930496393,73.23983220959032,60.37849820974888,54.969850054609864,65.45301132084424,61.5444552348878,54.17844481083266,46.73132473846627,39.69115936679251,48.81301902646683,58.800223149060926,5.938337216293548,4.845560883243319,6.733854355415472,7.885018497399557,7.791956379364721,8.096296239693482,8.039664088038903,9.049947463561567,9.575953149566713,10.008135474992043,9.0060768214826,9.966517300668116
3400.0,gromacs_replicate_1,82.127716,5.402409470470526,5.649684855632656,27.360073,6.03452059143052,5.614070135202313,13.130844,75.7269336368063,82.96380982411404,72.59657196086695,56.3628428399951,52.1738632597026,63.01214008579941,62.11890771390678,52.069770247976365,42.12100966099129,38.44094665209354,50.675887493362666,60.67423174228176,5.807970102216204,4.672948204570242,7.333943290231767,8.484416863917316,8.068136664780244,8.297265615685705,8.483460371291287,8.97590912239062,9.35434383453483,9.713690996040754,9.070459950221904,10.576712273407336
3500.0,gromacs_replicate_1,64.88408,5.8416514836188504,6.0654257780363485,16.674774,6.068364223120941,5.4703401939107295,0.10315704,85.17184401782649,88.70492359099732,81.69099531143357,68.04134323072796,62.294868971727794,72.52334366932814,63.837050884923805,54.68545379249487,47.643622102330426,41.940016367221254,52.46796492248215,62.727727097649236,6.120663680375481,4.723632241739914,7.046446401961481,8.280413989548942,8.296545756826355,8.721621159693523,8.67729173786246,8.999768406850572,9.575264720301009,9.234713799128565,9.029769311778866,9.834475574402756
3600.0,gromacs_replicate_1,66.718475,5.494028729540553,5.9222963765218255,36.514397,6.557243829590834,5.909770078195752,4.3518295,81.88781897249497,86.43346658356411,75.48519777630183,62.94986811563444,57.77089620525053,70.52130415690709,64.76994965338183,57.78301073117207,50.827111449674284,43.31013748842526,51.058999590950364,60.67101584025713,5.93528637485273,4.68201455765343,6.357678935036982,7.270327930092018,8.698022694855498,8.583268499216876,9.109244693810123,9.037915542820343,9.253363984146805,9.836290563859514,8.671736748140637,9.581635372329169
3700.0,gromacs_replicate_1,68.99701,4.895112704974522,5.136123219190017,33.34729,6.331284462804915,5.7691598190262185,8.665985,64.40582763298896,74.85954296178184,67.54259592220001,51.68388539280411,40.64781082069561,49.9166800422709,72.42162614707475,67.64418030222066,59.06620287301409,50.37452932505,56.10723900574845,66.48882669859162,5.940890043071776,4.765706540064037,7.297531530899365,8.32283730469657,7.724551510606304,8.568953752145472,8.997728936296975,9.01951162961285,9.67051889665932,9.862450612778908,8.852375684742766,9.767267127098396
3800.0,gromacs_replicate_1,70.00081,5.442459537497686,5.739528922271495,41.418747,6.3832601935705835,6.0213893350475685,1.9221344,62.96331312947625,71.01918815516568,63.66498483472225,49.42906421507092,39.68787332094504,50.083608498195694,77.486789484618,70.49533712999884,61.47214771958715,52.084858791497396,58.08967017307546,70.79506016499204,5.945033332466189,4.681207432226228,6.934961825046209,7.772533624953661,8.31313243290304,8.735861591483477,8.781619562974312,8.950312375923366,9.341831705385225,10.00792699298904,8.702353836081267,9.78348106846119
3900.0,gromacs_replicate_1,68.21972,5.940476551205705,6.330962390629046,34.776608,6.128841656815789,6.173619891233475,17.698418,81.38480515940182,87.47862437913763,79.63209539478716,69.15817300398675,60.4996929215673,69.430468951604,83.62703990619414,89.3818535612098,80.19600709850069,70.43721075265263,76.38003982343362,89.11128291990462,6.310596787648652,4.9432208223619964,6.90437585388664,7.981367290975412,7.9487310077285604,8.17065470140629,7.893209325205375,8.844151657013771,9.505897519452477,10.002465266017602,9.276110873489092,10.253481870727294
4000.0,gromacs_replicate_1,67.70538,5.588430558523154,5.74359219832444,19.26052,6.161945999411483,5.683063513179265,1.9369812,80.55736050364605,86.12951722186905,74.61184598603538,59.61537102925937,57.34430927758203,68.55365858199778,68.06909803629578,56.96106196276116,50.294309656414136,44.859880545081126,55.31500291301822,65.68834402564177,6.382734976538399,4.763232239710797,6.805485751654516,7.804241910172152,8.373692176303903,8.399308673894236,8.423856745706098,8.619921914403186,9.257566915704517,9.691720610054345,8.78344296408793,9.755687366395515
4100.0,gromacs_replicate_1,64.20639,5.409740934784288,5.743400934058358,30.890358,6.908814771773149,6.171928660396994,7.589981,75.09657718318554,83.22894945079244,75.4644713831233,62.85687011788915,52.207113546811534,61.18191420743734,63.93951086230247,58.23262730775826,51.88615336967332,44.9885297575921,52.48433228838668,62.34577060728259,6.018913159731856,4.889270907975755,7.357040982061384,8.212049865766012,8.778044214696177,8.667294127395017,8.868769153987845,9.156528374132444,9.980144563840607,9.37591208290734,8.703455723424064,10.149559535299746
4200.0,gromacs_replicate_1,70.33419,5.311424234120155,5.643524308435252,39.537273,6.421402104328426,5.845960051633306,1.3920364,69.06639521828633,75.81082465161282,65.9238420301803,51.34403859466479,44.11310352308974,55.936372357979046,62.6225279902737,52.42986924868938,46.997960050543796,43.97728480961135,55.134296471578814,63.958919841788656,5.9335697104168625,5.021217979128122,6.827938102719986,8.164158887943326,8.858135922088998,8.811477779938143,8.718254828142133,8.719610777814003,9.664326689642737,9.755256957777195,8.881872743512318,10.55738275748323
4300.0,gromacs_replicate_1,74.10067,5.699703897175148,6.04628112298764,33.84146,6.978582648675146,6.5288927155824155,0.037452698,75.05417798978375,80.3340468377279,71.14161424638056,57.947026214043944,51.760715882259014,62.58545629284848,72.50924547483676,66.04884278494059,57.23123236082957,49.85071875504133,58.236458131500214,68.04272439282383,5.759265048443105,4.506399407975461,6.665402970193929,7.809356373444304,8.383079799591327,8.160926938029066,9.473936504564016,9.355954746940059,10.295965981951523,10.489356778242794,9.245607654327966,10.039868697550101
4400.0,gromacs_replicate_1,68.48031,5.328223762505663,5.563118398339929,19.713593,6.236952091956321,5.674494656908905,8.169212,83.10855343726635,88.12114866112783,75.75111163748716,60.71769272573341,57.87636676035075,69.49765324157671,60.63362523402173,51.149557420423385,43.11240100311715,37.936692434384696,49.540089585118764,59.613347661871835,6.433201392407481,5.165204641829897,6.881863393032894,8.030822274562933,8.634270593268049,8.565751869465457,8.42258325060801,9.191704080008003,9.340786834455129,9.860854951109838,9.022686582916913,9.671973428466357
4500.0,gromacs_replicate_1,67.36626,5.8464563379458285,6.268668043738266,37.456123,6.484609777932872,5.996451958242681,4.28331,77.13396676499787,83.62923199111762,75.71556497085973,64.87077209885817,55.94077837712009,64.91297825450052,74.01136027291005,66.56292129988952,57.68512911391139,49.94219054655615,57.530367018257046,69.49815971111498,5.906431232836616,4.709911990031104,7.149395313174864,8.035077645559726,8.044559055339667,8.22715177994323,8.796666500263134,8.925014840156644,9.990921045049918,10.027010823349178,9.07744710884146,10.277348578080698
4600.0,gromacs_replicate_1,74.95353,5.340620129919192,5.809622644166007,52.70195,6.187331083368303,5.7134251136687295,7.4815216,66.04283166944593,72.0889064316481,61.6743596167839,47.43852653510572,41.14425284070063,54.57737610054889,60.87118590503022,50.715468674139046,43.41624009783402,37.47069292413142,47.1731735720564,58.591151793991166,6.286986470503147,5.152965932376665,6.955219552517477,8.142187044889843,7.787019349293301,7.837948271070645,8.962539560383853,9.214049679869058,9.606250873211268,9.796207585375182,9.17930778132048,9.878879735024315
4700.0,gromacs_replicate_1,71.263374,5.3154259276070945,5.578277452211513,32.502876,6.316764856952881,5.818760004172564,8.51754,69.62505396681651,77.30801654413968,68.33243191548821,52.64118778786816,45.793456701014286,56.2842100997272,62.485381408221606,54.982439419788406,45.24993056233924,38.86718149754092,48.38148071569758,58.50089030103781,5.852388056939785,4.991638456420115,6.8594289068201295,7.928050375102953,8.312724955831532,7.658757759516768,9.209613785416003,8.900584668493986,9.867965470971917,10.07413045695286,8.868272224844215,10.090089171003006
4800.0,gromacs_replicate_1,65.56007,5.632353936924898,5.991608299523179,38.89122,6.623536597701525,5.871657009630443,1.5408249,68.22463331572898,75.00380569822161,65.91465861370858,52.33742498649934,44.492903235617845,55.25851427796096,56.91566909006008,49.77154924889407,43.668215448994836,38.05089085125365,48.22261796842455,56.08025287019257,5.987552972514535,4.7181310778430845,6.628286393723106,7.6537742342165425,8.450686285074484,8.247148782133676,9.898318786491778,9.371642149095628,9.367679609186292,10.175947241090169,8.950046081228464,9.894748099526149
4900.0,gromacs_replicate_1,68.12177,5.859979627443797,6.157429385276497,31.218307,5.97650203999506,5.479673624068933,4.9211426,78.30088917027808,83.24799993193378,72.71660877686682,59.38840188173813,55.72502105255965,66.63140336668563,71.37576854982672,61.52515510055754,55.13981357058906,47.08272037240963,56.7818400217484,67.7708432870229,5.9720495660771435,4.56052307068311,6.473381725137472,7.576112928546793,9.208253411738896,8.31284518048332,9.517297586328962,8.89373686901534,9.447367950709978,10.575823313211684,8.92618151177302,9.831822495695636
5000.0,gromacs_replicate_1,73.321556,5.389708968450219,5.840953023590638,41.02893,6.228077552369728,5.739074170919458,1.6652832,73.07410519960916,81.96830133135119,73.29624996892086,61.91330904851362,50.26050121500274,59.8608047242292,68.88397073493023,60.700920652149804,52.74192269081816,45.52332560574093,54.2885183803658,64.93514336707624,5.942942239581498,4.831549740537886,6.606062701473907,7.918928099660563,8.494291901144289,7.959932524809597,9.12086983193005,8.70680175657919,9.22890592774423,10.351514804282207,9.00102796879459,10.067096468978539
5100.0,gromacs_replicate_1,82.588264,5.771910415824588,6.031896604051634,51.70576,6.2426044071908455,6.020413531509709,11.62088,49.07340895043225,56.33598468170262,49.72489435756327,36.30345942098557,27.187147598662015,37.97246115671561,72.43442081121005,64.91424292112815,54.43400626064281,45.36733093866955,53.90009326840006,66.72896286308486,5.792082961902531,4.5417191358752325,6.614640468427339,7.847959112690017,8.189490385149096,7.799060939489759,9.167464517287089,8.690896417218616,9.263556764472552,11.120826990217655,9.412740083940275,9.8057793927021
5200.0,gromacs_replicate_1,77.8493,5.728835793240742,6.144934121885075,41.20984,5.966448387830102,5.858807312643866,16.286697,72.78484779499507,79.54611935151378,70.8496681782307,59.9953997645698,50.519804096893075,60.232484942977536,89.33451597606977,82.72429120382526,73.97339794073916,65.15967729264801,72.0720423259475,85.20621813933386,6.016680555954075,4.705191472934488,6.800372074560098,8.147353971962811,8.62773693157218,7.751105833783595,9.409316712017882,9.212898382025434,9.815061940858167,10.593513674855702,8.670773194797793,10.173492513445453
5300.0,gromacs_replicate_1,64.32157,5.4239110791245215,5.914804231986984,43.258663,6.088833163889403,5.426383422179181,6.2410583,79.59539215700826,84.89518251080962,73.64835013500559,62.52142638359612,55.75044041731253,66.94241084607124,53.815518011371246,45.64630168128351,38.91614852533009,31.273229848281282,40.922428694206594,52.10790099272813,5.7653201929809565,4.788196030268662,6.9357457457620395,8.339669092547792,7.8944042064300435,8.288515114262266,9.26065938954817,9.652022891577197,9.609497064672993,9.579876939461709,9.078953209693843,10.183101388523133
5400.0,gromacs_replicate_1,72.08683,5.531322027935822,5.992360997182879,40.30533,6.012544021674506,5.730135588032916,12.663872,74.41684723891598,83.56228669632073,75.81469524168251,64.26965311265343,53.6132654595132,62.14187210096965,84.52633723285065,76.14451513314987,67.3524471209619,58.56017357526636,66.64225714057572,79.51508346250287,5.9138881520080275,4.609712163199554,6.602606602019653,7.787113753120325,8.603275016554807,7.993875132555341,9.365393456657104,9.069159585231,9.50902312235314,10.00439121807441,8.976135544054552,10.431423613573035
5500.0,gromacs_replicate_1,75.191284,5.907655780550135,6.385081692893082,39.596813,7.464926839252145,6.754354384217149,1.8969955,82.10259887406512,88.37359674539493,79.53644506232999,69.37465388089447,60.80633545489527,70.30064866272343,56.4813310470604,48.633961129349096,43.11207873533247,38.07797405081003,46.75825075159831,54.5356174946514,5.658615036895626,4.942484515554633,6.751137189687516,7.971498780189126,8.89301052770172,8.77693254630019,9.994222166195602,8.921129890930027,9.767531754404205,9.864267921585075,8.622633261435444,9.556721432618023
5600.0,gromacs_replicate_1,68.68538,5.640912339036245,6.052160537952467,35.251335,6.700793919315901,6.138629148996319,1.3846664,77.47203814254074,84.30981935217383,75.73150943856726,63.857720343569355,54.34299584008076,64.17241458388926,64.86373132076086,59.735043744362265,51.141526771460505,42.95198364069683,49.74390577658607,59.53540065920371,5.86678633529676,4.535847748094438,6.588723733582602,7.640972759866757,8.937782706003853,8.172789250014677,9.997261650930556,8.69525733829828,9.622775606320264,10.324899247600968,8.791616280583085,9.986144761730456
5700.0,gromacs_replicate_1,66.56367,5.832555192680065,6.175624022035153,26.985481,6.54984445285404,6.041612671403943,14.962784,85.98557630841091,85.503123690969,87.02855704684431,76.0634858659849,66.67741624217967,73.21578857404022,77.40331472467672,71.97734566434319,64.92361978242198,55.75389710298612,61.20330402984512,71.08946242839633,5.944056881315975,4.79260100906842,7.368760130836957,8.465210005096036,8.559491930830406,8.025115047234406,9.625800091147354,9.057472023466168,9.737507748744003,10.177322873319847,8.711056463183924,10.287196858159867
5800.0,gromacs_replicate_1,75.63433,5.453184587425425,5.652795482460985,34.70861,6.560218893759752,6.046321048757865,3.4458847,62.98222749752726,71.99870216980065,65.07023503550748,49.79947398893469,41.338932089798874,50.23040747251492,64.34251580346545,55.752000782856456,48.09607669515617,42.862058680698006,52.621986920925586,62.101826931939705,6.146676531438186,5.119565251716254,7.1228803517609895,8.139479515243057,8.430967238615235,8.029530977211872,9.718333030952213,8.985802495701602,9.711413347660107,10.100989408537126,9.299618017178913,9.942181222375307
5900.0,gromacs_replicate_1,74.466896,6.020944754382313,6.3641695422991615,32.42122,7.203808587676877,6.656972315375033,2.2366257,72.18260950441217,79.82260918446109,73.40953060403346,60.896050903447,51.98458356501856,59.22158887769394,69.69794297408785,62.577744401603056,54.435657580015416,48.40562726070457,56.89358370801141,65.83374926614714,6.011515800221122,4.597384817717283,6.779054946266981,7.825458466323381,8.672314821608545,8.224445740690378,9.997707292314912,9.114829671042132,9.997591476929275,9.827045330068291,9.160115462745798,9.86980988248639
6000.0,gromacs_replicate_1,70.139305,5.413617663276825,5.710829795173544,20.80761,6.6903898309998535,6.045331638236647,2.6496887,89.22523455983782,86.84002701814178,80.54856985785078,65.47841882753718,63.952138153270596,76.73072741420805,56.23762438084514,45.97775370532698,41.00592844693146,39.85111419190861,50.75665578615185,57.554206846872134,6.149252072628638,4.8962220004928145,6.720365484482256,7.80595519035044,9.091338116597885,7.98334636892948,9.702649324736853,8.889838901466455,9.61494993211994,9.63814283999064,8.833316009695068,10.050493519653601
6100.0,gromacs_replicate_1,65.07158,5.491410864893794,5.879905967828163,30.172771,6.855246011564139,6.189211204673554,8.12574,85.06880158320578,89.68174548102562,78.9803215817695,66.76532096210799,59.793826202803295,71.66333509766986,66.38418925938356,59.24560949840298,53.26645942801828,46.453570556393274,54.410306891883806,63.76158063105807,5.948786687600505,4.54875263392784,6.833029690381657,8.005572286881186,9.006750963254786,7.988127026561761,9.303909794546176,8.837230124026657,10.001446453365636,9.982795019837871,8.397090082121832,10.32501350438534
6200.0,gromacs_replicate_1,77.733665,5.669560352926129,6.08716404502947,38.064587,6.583070374568748,6.228494047821848,6.111603,81.1577735579433,85.53696529120519,73.36545545184451,62.04292696703258,57.86563684077772,69.6412861233344,76.3533186441239,67.61424137878517,60.75686397684093,54.26646580044877,64.45046768158961,75.82540638220237,5.552812987461198,4.685256995640005,6.628263800487654,7.715699365764815,8.807942771499253,8.136376960759948,9.679734897876342,9.146592029506795,10.093884642843861,9.893064074488406,9.130441323725616,10.169868553801267
6300.0,gromacs_replicate_1,67.60053,5.541082879737849,5.849015525595894,27.3433,5.917096449362934,5.484259252994863,0.70791626,80.33721919328607,85.39748501164726,73.71212839222348,59.01576402569115,55.51388571706176,68.02496443174441,71.82654484869553,60.80337727790242,51.61627749927971,48.31412897390123,59.97612488192595,69.7287453358382,6.164362807208483,4.90564308876641,6.907116735754441,7.84488088156605,8.851637506958282,8.504855820507196,9.112751899359568,8.842819471935474,9.558954449136268,9.789986105090897,8.813523649967042,9.708132851090296
6400.0,gromacs_replicate_1,70.5482,5.918981472506188,6.398955448355503,52.876984,6.515028110210177,5.981631320907055,9.46302,65.78058256804086,70.52243349560798,61.84759048161294,50.245359704362116,43.90470036486299,54.77122043163263,60.995791843750006,54.08153024418977,45.547451073556815,37.53864423781944,46.080538700228686,56.802197357970385,5.642412965929131,4.603179493692465,6.670030407877125,7.834132622536739,8.809398089707582,8.492234456298998,9.065292237496301,8.991972425643366,9.578118370389555,9.887530914742724,9.122415661091354,9.839571166919534
6500.0,gromacs_replicate_1,73.51341,5.412104807190218,5.549962606700723,18.938057,6.520380602756085,6.023968624072482,2.6042633,76.49081158784324,83.38527812837398,73.22971108987959,57.38082210110385,53.02846264336141,62.80097936483762,68.32067297627991,59.9530451669068,51.657421624465144,45.57260293739943,55.00869991428955,64.46349642459096,5.927710210791764,5.074389505636955,7.279030253446314,8.276901604201512,8.820891734121828,8.619794833592463,9.231418276703353,9.104300824531782,9.871199090550387,9.590477280917328,8.173009694174802,9.484244898106342
6600.0,gromacs_replicate_1,76.59193,5.385767824870223,5.631346187366193,42.499935,6.468832031322377,6.014111626388124,13.779068,64.30123646844459,69.30213756985745,58.468452067298706,43.439204462760856,39.2972630390986,51.61813623533381,55.70785496486586,45.320990999279346,38.99762324040065,37.251894211089954,49.38701310741123,57.96486338349487,5.868021666486646,4.798853712268678,7.404506880642422,8.145012235831256,9.259974608809548,8.744379393402042,9.620407120414113,8.720595827217652,9.459256219874938,9.231509819366115,8.474751585412086,9.560556761312272
6700.0,gromacs_replicate_1,74.69353,5.895917211239107,6.255187794512572,28.740715,6.347907044332446,5.839444552150011,1.7221222,87.27859000357037,88.85132174193171,79.69073341121532,67.73649056302257,65.19622232531428,76.47565459793168,62.44302178107078,50.23578738408573,46.69621271260926,47.601047461214606,60.21378544760341,66.39190641306809,5.845472542391272,4.5393426179022205,6.747177123998972,7.781141826892996,8.915752902998781,8.609785460722104,9.596962442790668,8.71586764156895,10.003914930501326,9.789652645172662,8.898548253485377,10.073015723999527
6800.0,gromacs_replicate_1,66.209015,5.353700103595719,5.656322108826045,48.58345,6.352585045472858,5.71860072321425,2.4083252,57.47991028683075,66.688724916015,58.68685923989632,46.086171263901335,34.83866546177179,44.84333391057783,55.29886965316361,42.60048014749053,42.56744478876634,43.43874446103118,54.426781375816155,60.19228660701946,5.883573915913913,4.8331060177406275,6.964336907691409,7.962171972359,8.871339877274364,8.65287388185208,9.70501200376922,9.128565130687065,9.464586990006671,9.179312878396404,8.801743582814836,10.008379211554763
6900.0,gromacs_replicate_1,60.025414,5.976188060858408,6.451649698086737,61.33339,6.9104351607313905,6.099646016471731,7.741638,57.45149818700098,60.21721398144935,49.900966808595705,38.85565260054132,34.217914822695015,47.147556062306585,43.88629094703476,35.220300294367014,31.1341612853804,28.662844436945203,39.66460109892701,45.12516144086683,5.5815766767017125,4.5430938160388745,6.515574040244474,7.707698135377007,9.072634936412436,9.074961749696351,9.543990471405474,9.309175945568718,9.376188050144673,9.134921027380411,9.002626407158193,9.962110725984914
7000.0,gromacs_replicate_1,72.81228,5.399138660952349,5.870049648321064,42.362915,6.226332142616609,5.70973043427832,9.158241,79.41836580883765,82.73599949607825,70.2581387982098,58.44160022423265,55.11233129033799,68.10522565941129,60.917117694391806,52.81342598335393,43.9619435663355,36.21958584295296,45.08331615722059,56.18906457392124,5.899755343610841,5.074450104539419,7.137249727913077,8.181618143312749,8.778841459919715,8.459700612485204,9.08601848017461,8.793466910262453,9.549899200674524,8.917537799793344,9.028275681156442,9.857097772853677
7100.0,gromacs_replicate_1,75.496445,5.728505010505431,6.065442957058131,31.924255,5.791632413640009,5.408599024976349,5.745636,81.95690570051792,86.85831348281341,75.39286375043308,61.83263322565391,59.27056598742902,70.85162428675059,67.6378320215639,56.771012117729,49.004295998370594,43.08577765437433,54.68565247047109,65.96756476400293,6.007406132244266,4.735674540745951,7.137968939533133,8.203836715545602,8.603269074257794,8.44916844805807,8.4702458261743,8.967832058716146,9.4467646433652,8.528167588121494,8.889916538756324,9.747296693403294
7200.0,gromacs_replicate_1,69.293205,5.296259942273677,5.720919223352965,44.20416,6.926335649344074,6.291578846172125,10.502052,71.1216227193274,74.23311626832772,62.70648752491443,49.76519570323869,44.412497444440866,58.240648992861324,52.843334768795344,46.64379538704312,38.542645359019204,33.39070213416704,43.10499151540913,51.40615426206836,5.616316732520685,4.688390662530195,7.203488425468768,8.352367193678031,8.930697007453563,8.461825600704953,8.891257925487437,8.851525345875011,9.575414980211598,8.591881607651457,9.134434568366498,9.778928103463967
7300.0,gromacs_replicate_1,78.04464,5.307218324383505,5.70889446618779,39.192337,6.383040678628372,5.939114460379919,3.5723953,75.82618195334919,80.15926082531695,67.70725367042625,53.28854912978554,49.68737872422613,63.4843392105911,68.88110959384426,63.88777634058674,54.36141493679883,44.4654779401988,49.825152111617925,61.90430577323792,6.379969976306561,5.1250922752051045,7.467210636574324,8.360784427846747,7.8966986056943185,8.615060648686786,8.819852611745866,8.994874803655046,9.383071191155532,8.593826493060247,9.084718493898368,10.13956710472126
7400.0,gromacs_replicate_1,75.18777,5.503269977052091,5.977417157274958,42.901413,6.013845818133534,5.657240568836308,2.7992172,78.2845689164681,80.66997362073155,66.84693321974963,55.55253909298324,53.5628365441883,66.86689258364575,78.70410174633216,70.65405087011769,60.79047509443369,51.92958528352847,59.51764672366287,72.24357969384086,5.461467351986152,4.6091695887473465,6.825832147280646,7.901688267825751,9.204838779274722,8.573636543545009,9.30903695374396,8.921479737245875,9.723519940940005,8.990222512148286,8.638823445614507,9.357718283457158
7500.0,gromacs_replicate_1,70.88365,5.431140914113585,5.824551821719916,35.42415,5.888786219931764,5.315263455241547,3.666069,83.35202638052337,84.72942147185029,71.61465284509654,60.171667180185494,57.65828610948181,70.86189954172553,64.2446926981661,55.22927781109393,47.56899542732926,38.75807543531294,47.220973772122036,59.99368106935663,5.81761843621634,4.78195186692004,7.331878449259619,8.265590907854413,9.129983029735447,8.565088675943155,8.57220726217577,8.808120554946779,9.729727502257923,8.05478705360665,8.376232176318494,10.17856560104495
7600.0,gromacs_replicate_1,68.88447,5.634643416596432,5.984596800144498,29.470398,6.387906919828498,5.8647353941142875,3.0553741,84.97212352970563,86.3093436481669,74.53087530691145,61.80215700245712,59.64197649535856,72.97867387743075,71.83691036491463,63.3635900714256,55.02291406254187,48.45742719065913,57.59783251115454,68.49747682845495,5.998332067487639,4.545955496081899,7.0721618093637275,7.688365014356809,8.635938481286885,8.3739494954452,8.5159916458285,8.903121996687949,9.919753278714996,8.705840516809335,8.60719910275017,10.073674188530285
7700.0,gromacs_replicate_1,75.648834,5.477848418875225,5.807321408043338,27.590755,6.264495512120365,5.699690508366711,7.692108,85.85368928458529,88.49375600882254,75.76841120274463,62.5104880114107,60.94706978894813,73.73776457002465,60.586624308445046,51.92775515952681,43.83790220760158,37.88175622050852,48.63545162272847,58.978090055555725,5.976403463502523,4.6397463299575445,7.290020225239427,7.9862185040191145,8.56557398135137,8.239549848510423,8.313418952409297,8.878537504421354,9.576178912381355,8.250303939200968,8.30579877370474,10.168602480983807
7800.0,gromacs_replicate_1,78.36545,5.720952345193997,6.029527746441027,36.457962,6.0269792471219,5.671844154740487,5.31028,75.09764894273273,77.81777237852336,65.39297919331536,51.58646957752178,51.671152817132366,64.00612054060186,73.1647245628982,65.95932133400547,55.221647235860395,46.47126448757524,56.11077398322158,67.97036681077174,5.844197534668034,4.947493961458164,7.617536621173824,8.511905955109185,8.223630586711543,8.39694135478273,8.404895712894922,9.129460405535188,9.805483966785847,8.830211978810883,8.878668921210453,10.126245106645797
7900.0,gromacs_replicate_1,68.216,5.148800961217278,5.51676032011174,45.113876,6.167452478989284,5.593152775401156,4.118515,69.22716312553256,73.25448815171136,60.89551107379171,46.81757338839563,43.53125822392753,56.86758911444542,58.908769589400386,50.18654033450705,43.17331334378822,37.361414461983166,48.34394340039615,58.46560544726713,5.629028355622432,4.3688512956134815,6.406388874646669,7.660064039510306,8.995043028754898,8.540769612285308,8.444281241918102,8.822556743705594,9.634106066377695,8.436811382278327,8.87380596035297,9.372215639973286
8000.0,gromacs_replicate_1,68.51351,5.3938289778926505,5.696084260297499,41.355392,6.2672336660095445,5.656094005272515,1.4308853,65.92205624977262,73.10141884167413,63.54220405251365,49.334190250448565,41.10362288231822,52.325604543744916,59.94533513915024,51.01071222825127,45.073229236088096,38.51384291499043,48.25647751795077,58.10061801837258,6.101980916930422,4.830682529821359,7.1500665513678126,8.43324627270289,8.25683562349662,8.513555838139279,8.410360636800634,8.797723369112138,9.744465884606223,8.650495014705289,8.435013202294911,9.659959815679095
8100.0,gromacs_replicate_1,71.09471,5.569992204796219,5.943547608159912,30.386833,6.180612311924103,5.6204771393802035,5.0201797,88.45584760407733,87.93875181984848,73.10975844885937,60.99176587628892,64.97170826335385,78.69892607709194,68.6315993477362,60.15683584285334,53.149770047752774,45.321017139614874,54.52015895925071,65.68277725994729,6.095734801241346,5.203789782055331,7.382396680633796,8.652180587414476,8.854224896762299,8.474510207699753,8.61778499377848,8.96898533486502,9.43829336910846,8.557636927912615,8.502758760167698,10.689470785668545
8200.0,gromacs_replicate_1,72.12385,5.403609247829524,5.5734642748352945,28.924309,5.37341041240712,5.007525679406519,4.3203506,73.74111074554622,78.25156194107892,67.15446546446077,51.40353241254553,49.55017528913812,61.7453063535494,69.93431894939333,56.759389490395336,48.89910611071171,44.83901646568956,58.19560346690385,69.29750489949305,6.103979350884362,4.957986860183245,6.96277802998707,7.750490542661569,8.535518334682818,8.051583489734053,8.085126174015427,8.485066557446277,9.363772874706408,8.8202886016891,9.351545232993473,10.141700627111103
8300.0,gromacs_replicate_1,79.18124,5.528026112061787,5.792818365241871,29.05754,6.211038476244744,5.819301106575574,1.1648483,77.6440262469678,82.1603437215017,70.38406690943586,56.448721805622625,52.876241255974776,65.32456597044391,72.77518536603137,62.26341230354117,54.88521270159926,50.69229771349743,62.360922413559045,72.68050410898739,5.7854698229537105,5.112744268537621,7.372726329300832,8.26962171892139,8.919109933351924,8.365198127631976,8.046077097993647,8.644017827739274,9.910858957778983,8.734557511844761,8.797004848195273,10.539154629217899
8400.0,gromacs_replicate_1,67.3124,5.38650186136308,5.852702203342704,46.87384,5.946765787714192,5.404227611255979,0.3989334,74.50511477384026,76.55956186637898,63.84139173918359,51.55892911889186,49.81965320899557,62.9575329395421,63.5369205889847,53.67314362624062,46.76255026898661,41.761588182677734,53.22827734068895,64.06719827505229,6.119987030170478,4.721857030565998,6.977716577096852,8.230282828285688,8.404683607413041,8.835058800210676,8.370305276078321,8.904574310860568,9.522588231416806,8.233263718268452,8.953020203978092,10.83869581570935
8500.0,gromacs_replicate_1,63.874115,5.4321813932683165,5.637221130657155,40.83647,6.067248437691007,5.529777436541245,5.621231,62.517185992608795,68.75391016373662,57.544850611586035,41.84524980623671,37.27313494954342,49.958266454092694,62.31565192722253,55.69174244947034,45.881901283071436,38.00385874087064,45.54118700328352,56.60102748199562,6.2216491049067635,4.978319983203848,7.175109108308523,8.237370863340843,8.099384852634817,8.337260503422149,8.024977531516479,8.79220249220079,9.405101302117782,8.75897932988796,9.306662292360006,10.986834211595236
8600.0,gromacs_replicate_1,63.03817,5.430934234522774,5.809075925805424,31.967476,6.335088335798318,5.681141852138538,1.8225403,81.7264773691325,85.9841704032344,74.9823242938987,62.15765401047059,56.16247722663366,68.88148831435387,58.59920979808301,48.90919121637015,42.659810677875306,37.76621994214355,48.4592253628018,57.90036272061874,6.026616755493152,4.66236760568482,7.2566932175102,8.114960205727614,8.715820221240074,8.417475130774442,8.138025644285817,8.867346565675355,9.887916420234125,8.959083348826448,8.482391913573517,10.96506715273315
8700.0,gromacs_replicate_1,65.64948,5.163494752334848,5.4364994187830415,34.75692,6.433581071953334,5.8863140654734565,4.6081314,73.90898609204167,79.58031136137186,68.32183766152806,53.10315860836901,47.565974577998006,60.367362477702315,59.090591791041504,50.30983299690051,44.15058908430378,37.15813783673935,45.092114338989916,56.002413572893474,5.995469705707508,5.1748911833712885,6.966978723652501,8.197217752135915,8.184378907054422,8.592836263213847,8.113499205797757,9.167816233231976,9.595673462188419,8.955392059133338,9.410275463487038,10.824715348095767
8800.0,gromacs_replicate_1,74.70741,5.557118832906496,5.921855664693583,33.16398,6.047342618309941,5.810296531701396,6.305809,80.21433806372993,85.1005504819517,74.33777672504522,59.94985573019213,56.365373399730636,68.17663798558662,84.15508243736755,76.49939212397612,66.85922731742255,57.254412323388124,64.49391126492561,77.8810299711041,6.145340484044687,5.041997090077863,7.329976202966258,8.425760295245016,8.640484304368572,8.625181678187614,8.358677568180001,9.33761633304482,10.187034209056533,8.520410054947616,8.740022223008785,10.414730116845957
8900.0,gromacs_replicate_1,68.039314,5.406981406587697,5.7355265002465075,40.805847,5.882587440938878,5.352581625457386,8.163696,71.12476598795602,76.22204429102959,64.19060410734349,49.00041105571877,45.86333683371663,58.77908744279485,69.6758125464578,60.808454051407395,53.82904184724548,45.218683838297885,53.63456195832686,65.5749275575905,5.8430570730864675,4.650707460293155,6.874142855478213,8.304711665174345,8.704381829778285,9.041125679009392,8.201256677103075,8.8986586702899,9.675355617037619,8.861879810066375,9.13127703048121,10.873077254277732
9000.0,gromacs_replicate_1,76.339355,6.063139444621708,6.451453628609602,34.878487,6.216680208222683,5.75679635273986,0.3299942,77.08101576638221,83.0132432420378,73.87888011252898,61.004971640862706,55.9611870554326,66.22074086873013,70.42775292569983,61.07510346152251,52.29137948507146,47.182975947385884,58.25462269707199,68.46764281988726,5.880546317148592,4.971568786863553,6.560545842809032,7.599640262715287,8.840497719532435,8.617466353472855,8.156400488757297,8.462510251893974,9.858028114246817,9.187515117382972,9.196059242424553,10.930845308051499
9100.0,gromacs_replicate_1,73.26219,5.588449390528418,5.8260347030890385,37.168938,5.547504848186201,5.253381333113297,7.129524,67.94624010695573,73.69318856330081,63.14467564065407,47.83982093058089,44.28154190029867,55.911189402982885,81.57440524398214,70.51114038741161,61.1320979704235,54.795379847346034,66.24216129380761,78.20999294333062,6.076762371837881,5.057080660034709,6.637243866200279,7.9309094107146585,8.561832166569925,8.592160004453564,7.9391781653526285,8.79839535490985,9.31645349411356,8.89466106593913,9.517466398561334,10.999443482758267
9200.0,gromacs_replicate_1,69.51373,5.143173266154714,5.3781299942432295,29.621315,6.248753938776971,5.742669654245243,11.791771,74.5894998099608,80.84813863409221,69.74825218511653,52.95153766721951,48.21921455149082,60.79821830404576,51.66882023588999,39.234214187863486,35.88266930448826,37.28280090237765,50.06125179183971,56.364801364045015,6.1571283807528765,4.481140618342497,7.006280295843492,7.801501717816997,8.529828964594639,8.73024423126825,8.273878450342018,9.148896009724766,9.666270003021472,8.718018247223783,9.03861373915293,10.519864363925318
9300.0,gromacs_replicate_1,69.603455,5.612786263291618,5.4898576892509725,9.2688675,6.051323703695479,5.587537608693627,16.043259,69.83507031792024,78.26956230498122,69.71985271389305,51.4672683682113,49.844439128494734,57.896470753595956,59.7946039860844,49.50713482103004,39.08192423185795,37.01971275491393,49.630139281744654,59.06661004812882,6.0308994018538895,5.236789798131086,7.318855149832608,8.655918949450108,8.226065182993802,8.229550317069135,7.9453782689375085,8.87070257262458,9.579405489800745,8.863873925013657,9.368738371832267,10.999486701424175
9400.0,gromacs_replicate_1,73.82318,5.79340584286698,6.03018817273461,36.054638,5.500219050878891,5.2191434394966585,6.920517,69.69039271725764,74.54741952204246,63.84991895810369,48.675821797453395,46.94654599767297,58.35430153450419,82.35933887372488,72.27019314955639,61.64815492768741,55.2337356226703,66.71547711723478,79.18227468896384,5.9104778261990285,4.800341123979821,7.002412350460065,8.147699737333152,8.983626008827512,8.560852651433832,7.839037529458688,8.825778031535606,9.519712280111827,8.735346105362927,9.977765625289209,10.304180250287999
9500.0,gromacs_replicate_1,69.585175,5.4232417696429325,5.734440865482287,27.174515,5.837777713832431,5.300107673753249,0.40789795,83.72886061397361,87.45669982184836,75.5022465960716,60.193990471410295,58.79059471868198,71.72555379882442,66.89076496209451,56.6833682363799,48.91596683295525,42.50854068531072,52.84489010034585,64.16869655560185,5.946892171961806,4.879262043467558,6.991395706464191,7.99790435497378,8.530189948748513,8.502210183044818,8.213837245464466,8.758220470531574,9.446093986199877,8.589881772827312,8.958056433508881,10.628117677411225
9600.0,gromacs_replicate_1,75.65344,5.809306350583302,5.960518543448249,29.590378,5.855114153960302,5.322960801300358,8.98703,66.86439241660194,74.79513173127388,66.86840504750299,51.909612826456865,45.6715379157925,54.39350281158127,58.038374973495216,47.46584402092943,39.09889900515364,36.901076320640065,49.73670730194085,58.93979626371006,6.099529167538048,4.910258002043197,7.088262336736458,8.242669023060136,8.797337262179582,8.254053136783398,8.006495612380032,8.857033029765619,9.367424391986034,9.085706793271388,9.139121965989064,11.102728918857167
9700.0,gromacs_replicate_1,70.54439,5.846763240316969,6.103182308951394,24.224167,5.6649750910138765,5.749916703076621,16.245514,83.43178741381345,86.543624273131,75.2211911307559,60.99488131753419,60.66760365859811,71.82768893305337,80.39233713153013,89.28505858419689,79.20551275127559,69.85460547689196,78.50271381568994,88.17644231732162,5.982987526760685,4.818001479458067,6.463520702557547,7.638486837928031,8.588032277364439,8.45909326602173,8.309403558809734,8.872581036339446,9.392965589939864,8.980500219050152,9.530679630222627,10.7382275152373
9800.0,gromacs_replicate_1,66.78264,6.094681665708356,6.508950087639905,38.09306,5.936775858388679,5.712443110018518,8.562103,78.4271300652249,82.65608862466915,71.23189491186983,59.17363509305505,55.90018012717689,67.16556867794249,84.42139634873163,75.94208778129644,66.55228534407748,57.25722074723333,66.34072408170003,79.40493250014086,6.205515002175442,4.7126552703601465,6.7798325622301805,7.887939859109426,8.454390676444717,8.566117278556547,7.952394558808925,8.866000304526521,9.22202943732293,9.015953355841177,9.92707637804747,10.760470294959234
9900.0,gromacs_replicate_1,69.44914,5.826815769936656,6.091204871024839,16.516403,6.7194514459321315,6.245707901688992,1.7747269,88.87723689101875,85.83765121010408,82.60448374244073,69.18963283806951,67.33053000391862,79.566943293019,72.26725508325138,63.724996999357636,56.07008756186725,49.74462551635525,59.26000387885549,69.5834139780606,5.756772528641243,4.402926337254337,7.119722921127772,7.840188330648674,8.674858492792112,8.66975801944378,8.76374016854512,8.95259970431455,9.90775748246255,9.840171061374352,9.095165919292013,10.57490386185695
10000.0,gromacs_replicate_1,68.851456,5.783550229393143,6.081142175051338,33.688942,6.42862285105011,6.003111827008191,1.0680466,70.37507447521664,76.76750765126091,68.10533373164567,54.218412951721284,48.74407040023925,58.454557352584864,74.2463757504704,66.24536477087638,56.673432926857714,50.11522312204718,60.64321075457668,70.93741353510151,5.842379724134382,4.455369182466105,6.614916070067268,7.628250234182172,8.636861654482903,8.60560782979476,7.953260459711603,8.762069239621708,9.990562464494793,8.905218623684876,9.163173005546762,10.359994044416503
10100.0,gromacs_replicate_1,68.50173,5.317307564291757,5.739863600156197,48.643814,6.206765157874521,5.637605732405334,8.458832,65.28982492347998,70.83629150784502,61.94953152016569,47.24348748596231,40.75501883732074,53.06226890359871,57.246636118652106,49.630401413852404,40.90136409222525,34.15330181992421,44.12644598774014,53.70843816931322,6.009645217469866,4.873879687596444,7.05956462437194,8.029678136570057,8.703633987526024,9.106799383254284,8.258553360685912,9.091960601341725,9.643385793472136,8.713741554410712,9.40379275772458,10.6811856388564
10200.0,gromacs_replicate_1,71.59087,5.099780383104075,5.180247439548707,32.51825,5.822880070978912,5.340599662043853,4.9018555,64.18543023640079,71.35182750254172,59.79926624583984,41.4233964426848,38.631779426099214,51.180361544424855,62.08877197320935,49.59009537202617,43.55627518845467,42.4278942895052,55.78781417459271,64.29204938483363,5.9596003728418685,5.047403297266739,6.715587625179659,7.80902541972183,8.812192869024766,8.569502576974912,7.97318769638216,8.706312922366825,9.088992248322722,8.908897354014245,8.723913605373344,10.281065291591336
10300.0,gromacs_replicate_1,66.575516,6.292581957682509,6.685926246233186,42.983013,6.271312493585161,6.131720153415213,16.60334,65.91328311638172,72.59440448722741,65.64795116067985,53.44543950968922,45.9360931154634,54.353438651850574,89.45060112051075,83.28499338676929,73.50427858924961,65.4681987251427,72.9571648907279,85.0331634504574,6.210634417462753,4.650529813578288,6.542522935171645,7.61684136142972,8.354122583219983,8.29595063753089,8.107440656635168,8.753292377245309,9.593138279710224,9.171578512045619,9.499083001030058,10.13002330348166
10400.0,gromacs_replicate_1,63.464645,5.9515485819409255,6.430434572632782,48.14264,5.655329126321117,5.35611054310853,13.272896,71.91549977908298,76.12559247553794,65.54988758298806,53.73158360203108,50.123921829555115,61.66050980009902,46.30724239944296,34.77636585890352,40.86281371851761,50.445203583233685,61.64315223560715,59.13127419723352,6.029494492552217,4.757484035970845,6.537278570779035,7.737105126350947,8.239769474919783,8.26684482966523,7.890972331797415,8.716276248545093,8.980485512640493,8.583805148041984,9.43423475952797,10.971982472788547
10500.0,gromacs_replicate_1,68.255745,5.57071153976719,5.681116753022235,33.901306,6.112808010657123,5.582812061449818,4.359665,62.54968401464146,70.28560958748139,61.95669565175176,46.41320640552722,39.83808685262897,50.40813422845546,64.38475393031838,57.38448843313583,48.86256128112903,40.34259832478826,48.932913657928765,60.589924543257276,5.560817314191798,4.334032045035912,6.794865958118242,7.718194757327201,9.25325899157788,8.678352002969254,8.659864325481749,9.124035629970857,9.40478116313949,9.138783773116687,9.018612753535088,10.08201290537032
10600.0,gromacs_replicate_1,73.54992,5.972994541755432,6.323851307029629,36.399315,6.21049274639949,5.969769911817948,7.457733,77.65180792414856,81.07688448792403,69.89189285628433,58.55004730489512,54.61443943441809,66.4380032474479,83.9455659449275,75.4760634754167,67.31840392328644,58.39013941298858,66.4108060534334,79.6776323646276,5.627483082031785,4.517876328162486,6.120494501788123,7.2587340816951,8.778849868218362,8.36642249761352,8.107909024940884,8.866252952598394,9.932350620441474,9.478571525031048,9.172632478410053,10.671533040373435
10700.0,gromacs_replicate_1,71.19156,5.304748501618127,5.769542231343307,44.18457,6.175793810908045,5.642970746867209,2.449707,73.31550285742352,78.34310591166586,67.8249614509137,54.6139208189237,47.77634190145781,59.93759883705041,65.62879444290935,58.853701781168894,49.79471504672371,40.42734821547466,47.937255988926786,60.10538712471509,5.839103809643931,4.6617756075335715,6.87333514997314,7.952831776702908,8.447907097263727,8.304780011371244,8.184640775912166,8.806311886449933,10.00531554565828,8.802965720029077,9.277037733263091,10.592534663251927
10800.0,gromacs_replicate_1,69.259514,5.680387145566934,6.172245268701621,42.923553,6.365930342293182,5.929743625974476,8.641449,79.48515534311036,84.30296930635566,74.29294062980071,61.866163101738195,56.76021845896949,68.46606545824352,64.58495907658853,60.48493278943511,50.10623416039786,39.93028339882131,45.27752929887403,57.37954317101342,5.905884208808542,4.889693670887622,6.91657902098643,8.272741904021778,8.68932447898176,8.768137147980841,8.272044004372816,9.235516511875085,9.459078326368196,8.967412381430739,8.965145460328243,10.612873209626947
10900.0,gromacs_replicate_1,61.690636,5.150560931427013,5.433423661191696,32.94079,6.34622171572141,5.949507376689793,20.475533,69.66111728860778,78.46154724341736,70.22287151698822,54.84512104130117,45.81129016504588,55.678241121142925,83.05883921331855,76.8274838788562,69.19686178270742,60.77720864500502,67.17034953657311,78.26318797472008,6.059630966094045,4.62447390964245,6.840324482482148,8.023506444693007,8.706190050094799,8.745938650062545,8.53489586720146,9.023457862871174,9.427289395083616,8.970313163285532,8.915484232693952,10.470380968892515
11000.0,gromacs_replicate_1,72.77129,5.8236669635498455,6.143710201114949,25.743263,6.154159040637376,5.913895339837117,13.770447,83.63276701700352,89.2956868580645,79.49472936866435,67.27369447849968,60.9913889460689,70.99033161965998,86.72504734366666,79.17651235239516,70.04996608728716,61.922173395624384,68.90689547680306,81.1057175329538,5.842777593986992,4.889115274639308,6.560606166807752,7.791592086202747,8.327964012376782,8.169549413539167,8.255814970636633,8.921195546796168,9.950088165847022,9.797490804636768,8.954982964399555,10.108959817093458
11100.0,gromacs_replicate_1,70.74722,5.477931161064478,5.786826848583459,23.703705,6.047245614804371,5.580544820982404,2.4005585,82.91646823580373,89.3405523345305,79.09544410772303,64.26001739994022,59.30747218862947,69.6022715196891,73.28255891878678,63.65072006096049,54.59855000967756,47.93497287863117,58.527012557507284,69.264697591024,6.158640998698974,4.468093429157731,6.801999828536756,7.872687840309012,8.262145473105631,8.057132728467144,7.802080162130177,8.61546219310255,9.961787119151158,8.673457971424027,9.054605938312243,10.53927077914683
11200.0,gromacs_replicate_1,65.522125,5.7943062594747925,6.155806028769228,32.908325,6.350618258992191,5.725209240909159,0.9417114,89.84835973260596,85.50991260242232,85.52563179547292,75.03579689732368,67.62373267017948,77.90237391963024,63.3238047112655,56.28700277504665,48.748384589839496,40.5981524076649,49.21451895072507,59.54867214246689,6.067671588301425,4.5463971966128325,6.483108047565099,7.62250099925289,8.880821089073217,8.410208102939198,8.35223863478721,9.063235435567837,9.612873498251767,8.77935394455121,8.967508971718956,10.23339373291143
11300.0,gromacs_replicate_1,65.79669,5.3431286980943,5.6340021671943585,27.471588,6.249923405962364,5.701809197242468,0.43824768,77.22674377778279,82.90463091938624,73.06387478192708,57.53566456225603,52.35806896179231,63.88699800521945,66.22044525017971,56.517678854562156,48.317141490174606,44.54233442234306,56.20730647767735,65.17918569872666,5.706846048821713,4.44792622577599,6.852802278654645,7.969349615304297,8.979919119266611,8.648249438213403,8.719721483185396,9.23993883983632,9.898093861233956,9.200504776478581,9.029520509886538,10.09004203274246
11400.0,gromacs_replicate_1,67.20144,5.656225425029534,6.014490521934603,27.661186,6.654634782716704,5.940108292076116,2.6798325,83.8225343031869,88.30817866161443,82.48328065975323,70.88699653022748,61.66186468980708,71.03534361015062,59.561249675586964,52.81543985775057,46.12300300690632,39.526580341293034,48.30078221168318,56.871867750226954,5.967357509368954,4.418224514684857,6.79842433564677,7.799320177630296,9.028456718945439,8.544505382915192,9.05560951046087,8.856049702889592,9.836706095878938,9.091220646466832,8.722542369998662,10.012797710525689
11500.0,gromacs_replicate_1,68.96754,5.492367246100995,5.8670104869763815,32.028015,6.25585337168208,5.627266416691635,0.74150085,80.57022808890841,87.53411369791085,76.99899176444892,64.694415390945,57.4587480926827,67.43162260159158,62.762343132153475,55.38310594830981,48.372358885030785,40.37627419631716,48.97457459912437,59.41559777834571,5.725082323242759,4.65513304347186,6.722819122907816,7.685301227849417,9.092721962797059,8.768630414357443,8.663215445725129,8.800904205239469,9.206713267297882,9.421623052807892,8.909118171185252,10.263568169556455
11600.0,gromacs_replicate_1,62.49958,5.405571079539489,5.699305425802663,39.04695,5.995591171052575,5.492671796020296,10.788414,68.39662320155801,75.38781711453906,65.632356712655,51.82021600574542,44.058306730273785,54.887383574185485,74.59648726829492,65.45064391681208,58.8680083598625,51.20307300993389,60.10516427790683,71.51856694770942,6.169829740911863,4.8165277463188705,7.193512260777776,8.058891020438203,8.87775380275238,8.545563485178935,8.018906888123759,8.610558164088651,9.365809237530746,8.697078792922536,8.428746796537169,10.05724687747471
11700.0,gromacs_replicate_1,69.2882,5.369955798158791,5.611306246501541,18.307686,6.383967153922285,5.707805004780449,3.0317612,85.79634637884739,89.11818908850594,76.8139762507967,61.85888414403743,60.152573046507975,72.53333373864973,59.3066976230572,50.35537807319467,42.117014652709244,39.38304122159878,50.63819039370417,59.038621421594556,6.431699003460248,4.977069988472745,7.402943436984264,8.216050162015057,8.853261147917074,8.471334160157543,8.567476751927051,8.950938482421423,9.483099219884892,8.538515853070376,8.36383311909404,10.144640547939016
11800.0,gromacs_replicate_1,71.6538,4.971561484911348,5.28360041057955,31.628448,6.316674628396194,5.743933654426757,11.454887,75.279490081947,80.13228901503115,68.74913947323228,51.89807622017858,49.017667731044654,62.04751605402794,57.71332170997736,47.61221599084319,39.00846408721284,36.7263888297205,49.365826397154265,57.75740719316942,5.837980468542848,4.882530024346787,7.270366860625685,8.383671393836062,8.78536053031924,8.727685693305583,8.413538116728878,8.943095782276968,10.224673663970508,8.380616990081885,8.431908101965137,10.275769611597443
11900.0,gromacs_replicate_1,74.31872,5.413751903147385,5.7756641179853565,34.92626,6.259374006037049,5.960527877128471,6.6763153,72.72497007785506,78.76846244576015,69.395629925687,54.375825474261475,48.17526255762007,59.454420288168166,81.36434557792512,73.57128152504981,63.146703523035065,56.526063287179966,66.70263622358033,77.67712940948714,6.4381142173106785,5.223225229354761,6.736353840430317,7.921754042996823,8.500162394711314,8.311090089427589,7.967839948807905,8.915657196873036,9.976395423704174,8.541822099662665,8.980330912799777,10.522709362293122
12000.0,gromacs_replicate_1,70.48076,5.024096838836484,5.422323215519854,47.7856,6.029290413874695,5.539864291940838,3.5030594,67.7804464142561,70.95197355905071,57.66474819650889,43.59772213089129,41.38872992555494,56.44672755843926,72.28235139832276,63.86110684251098,55.28114769585284,47.46158388991238,56.972037746368876,68.33534557628948,6.226670179201721,4.866061521372264,7.37967563969307,8.744967661020192,8.959229467897464,8.618300625073433,8.143099668301378,8.882138564520528,9.762586177031512,7.962434572549961,8.113473438454468,10.06165060350807
12100.0,gromacs_replicate_1,69.07265,5.762099586997521,5.9956358743174984,18.994606,6.010478542753549,5.773593431885142,22.712898,85.18920323155025,88.58514034856996,77.37893149752395,64.09159292922604,60.4015298571935,72.70261354990771,89.54357456202686,79.52830276640614,73.07215901278101,64.93389210094642,73.42495417067626,85.47556242899904,6.209206432992486,4.787830609320919,7.173121787561826,7.989897063788392,9.08150272011407,8.917615701307986,8.450916836280445,8.708559234604982,9.858985199677019,8.53580645482198,8.211067783470488,10.157726862535764
12200.0,gromacs_replicate_1,67.57547,5.194063613567922,5.519604555830141,42.29454,6.484496282715754,5.930392340067863,3.5631409,65.63906075792747,71.70861274271101,61.64782421761914,46.1732238805553,40.325967292360936,52.18738892638153,69.08044283223997,62.27515491981184,53.7017821854645,46.65604440548322,54.88697341740498,65.56031952576431,6.372629210424429,4.819914167847562,7.0610051023566545,8.198985433937292,8.616832607299227,8.381714192247362,8.168998216658858,8.85983184443114,9.565308340872878,8.628375281037009,8.59816508290498,10.031062002791163
12300.0,gromacs_replicate_1,76.42882,5.905766038484924,6.443442677870333,52.8641,7.03852500118135,6.4486349886682515,8.26458,73.92105504992107,78.45135839522851,69.33468823299842,61.267772774805984,52.523284165138506,63.329379137393545,68.67136030881554,62.05506039826181,55.51548735653108,48.16198789682892,55.231384838993485,65.4358564128112,5.997630031553732,4.923227926554821,6.7392565607617,8.167680131431295,9.03931033113467,8.401393144255875,8.599937846218388,8.610479629271502,10.290286200158222,8.553061545324567,8.544428469161039,10.09244782949983
12400.0,gromacs_replicate_1,71.07361,5.545064093539891,5.910820381205329,32.02317,6.125839696964728,5.609668601724938,3.205803,79.54855804493486,86.14188414513193,77.29792753993279,63.801503642156966,56.22088247665155,66.67011600183817,60.808255952576374,49.91188012434926,44.20376627045586,42.38219087313812,54.445723950039934,63.14311404612157,6.440944589949914,4.851816722818262,7.268390608634204,8.118640468632734,8.648139652923764,8.35290866638051,8.231782160769948,8.605098436251895,9.995102629008432,8.449587748240745,8.477419694198565,10.025448598544
12500.0,gromacs_replicate_1,68.0221,5.272038726646935,5.682637614063413,36.706314,7.1479853831353335,6.443831293846649,3.2078629,79.89434732110213,83.0172491425272,71.27993056194413,58.182595602390364,52.701307959668384,66.84882858736567,53.22405309536369,47.04117179900635,40.47178055201291,34.39384199988756,43.00915199709156,50.17670725202489,5.771316523361395,4.50233247638556,7.5106500859905845,8.321675679429267,9.165401212999855,8.764106162193826,9.160673284253287,9.289472880777227,10.069310827049117,8.598723486766483,8.615056780750802,10.027907445632144
12600.0,gromacs_replicate_1,68.79801,5.681627718547881,6.036976335408811,31.030067,6.793649924155412,6.093781137033215,8.789726,82.20107037405168,85.79404443626576,75.01384489078653,61.68104161329183,58.45373589157067,70.35253370782236,50.347489247246045,42.791695314176756,36.361305738497286,30.53549539568206,40.61566004331651,48.773759168300735,6.221528164602309,5.029513749654059,7.248900424958306,8.68163423554806,8.92601304583917,8.788819152274398,8.59021056359674,8.836626779882208,10.336182146793856,8.705566607156268,8.507881079092172,10.149900574661201
12700.0,gromacs_replicate_1,73.0343,5.350357429968048,5.823931455217748,49.615646,6.925493687644486,6.302903697393155,10.766708,68.95909224173622,72.99097984135462,61.486283543734224,48.49132770641025,44.23948321376138,57.11257745840384,48.83834706605884,38.38916480802034,35.65925874760784,36.19624426391889,47.734918614105574,52.48079016492363,5.928513114965471,4.593923498386272,7.033298324772411,8.348334139498327,9.467053965395413,8.728869479473886,9.825127688841372,8.86232963148869,9.724543398809102,8.490619415238829,8.600666910621637,9.886371831949171
12800.0,gromacs_replicate_1,67.953995,5.102810292075705,5.483241893224056,43.370407,6.1173879279455035,5.5270209354761715,8.750893,65.4506776127208,72.25537930224684,63.02977610506458,47.38205855726583,39.76900132754266,51.92774201001622,53.99913396530544,41.861975231668765,37.02301635334715,38.66083318091161,51.48734544463712,58.00166580112091,5.813517326907883,4.832884649525163,7.3660051271773215,8.48957624873662,9.303676926452985,8.679911871070907,9.182913640055876,9.077940349440771,9.764408895925937,8.331856254266917,8.545203740444167,9.835183630366785
12900.0,gromacs_replicate_1,72.70597,4.997198398077133,5.353988692546402,36.50596,6.447433365721384,5.791982884295593,2.2351303,75.05548548848941,78.7389187942976,65.42657200148689,49.74666726574576,48.37837092946496,61.94639978083653,60.846246816959564,53.36297338055495,46.346553475528474,41.02714769536435,51.75916532835304,58.48725370190111,6.070247333889905,5.212278690701203,6.941115093328921,8.500308017204748,9.092527533534257,8.531111919536915,8.554563197215035,8.795286431588654,9.790853095543776,8.395024814663334,7.98782780854545,9.918389417829314
13000.0,gromacs_replicate_1,56.92758,5.218957829570355,5.499945614255118,38.234642,6.7251269055991125,5.883374830546836,0.029052734,66.25281039169508,72.09462796992018,61.81218010200197,47.24874155022347,41.05429990966602,52.697799678395796,52.461064431343594,45.63490103722726,39.10432172887422,34.20828913596042,44.62048936942598,51.397126216987914,5.785660777407405,4.691138258775397,7.244165502681447,8.316513657464617,9.233426114385793,8.940508263912566,9.113543671001068,9.283257619089149,9.886635538906825,8.439446129963036,8.4449099192727,10.105652177009985
13100.0,gromacs_replicate_1,70.14839,4.828780789978723,5.100326875939623,37.988995,6.456394501707602,5.846379468570095,6.586296,70.07793205806732,74.71928264241505,61.509688343743576,44.65496018294673,41.38113070195113,56.1474550328761,68.7782846387331,62.75034964773036,55.33271919838578,46.69119270059059,54.18929837265263,64.86957289663923,6.053678806388005,5.120682678089737,7.46464683768624,8.633657671452603,9.104512958098208,8.486226260102974,8.503976262652625,8.714135900501967,10.237859696977564,8.127190660636769,7.983238338911286,10.096548427483516
13200.0,gromacs_replicate_1,67.52347,5.264792731171045,5.643310598788194,39.47072,6.455242150420216,5.743149256245824,8.798172,72.51612653170305,77.07847002236949,66.77871775679498,54.0453791056629,46.688892316863885,58.30511083928907,63.32821536156563,56.55980355916182,49.60629479284537,43.595984246779594,53.27061777689697,60.74284595824994,6.145242487232697,5.0727855462267355,7.173415659285995,8.521214804034413,9.081846513111735,8.801206324329808,9.101184375321676,9.153949841133873,9.8331347689817,8.781129817532165,8.331551634356586,10.27150333631499
13300.0,gromacs_replicate_1,63.096016,5.567326614451797,5.991645114078501,40.567123,6.179047906999668,5.538183965065846,6.1558228,77.11027542159077,78.6203783900082,65.06025971789057,52.931668694144584,52.73679317123841,66.86296699641825,56.58696255739388,48.8619965268271,40.17161119982732,33.365993815542964,43.503564939294336,53.814247893599074,6.424127565280708,4.85306189989786,6.86451387512387,7.939565880825651,8.97279834882274,8.347139418237937,8.268137872318302,8.761195252471985,9.840391713093918,8.140908184741903,8.743707084328362,10.474532538392767
13400.0,gromacs_replicate_1,66.811775,5.12595901043386,5.450198290913646,42.54534,6.305455326046886,5.690535194979454,0.22692871,63.114900797678956,69.63371932292516,61.27488234964486,44.19353641408078,37.63126769088593,49.75322796215675,63.93813072337159,56.18145476509604,47.58855229739422,42.09963194445989,52.12669277526908,62.086599489634146,6.071164824267105,5.000000990441596,7.179208425408266,8.219340657960267,8.909135055957897,8.668004966703016,8.99798281632861,9.249853522858698,9.66898343488932,8.313263433803302,8.800347985243258,9.937076536378099
13500.0,gromacs_replicate_1,73.29324,5.15054055447174,5.539198691790865,42.920776,6.474310497957091,5.801401181778726,1.710083,71.40268652788282,73.9629597020741,60.77981514177249,46.44616515001032,43.3784760337808,58.18702547182231,61.59202171459162,54.383455982907314,47.20185114368205,41.068679652344045,51.38777200239208,61.13082615957007,6.095785385893604,4.584281418189423,6.688781085100085,7.71570097344476,9.363644674558643,8.72916166053001,8.882571064824091,8.757561692267478,9.70284443871712,8.44201415080098,8.727415111993754,10.020579640552203
13600.0,gromacs_replicate_1,66.66205,5.1442419644766435,5.5067989186257,41.704712,6.534455620164409,5.86282754369977,1.9552994,73.93437131693993,75.10615141432491,60.79103589753883,46.71788082151798,46.16845683900669,61.8141850224433,55.970545711550606,47.292163811952555,42.153247725880846,37.252343294197345,47.40464998886293,56.416094045251,6.262423514144277,4.903470797341757,6.93479756288589,8.329048056327846,8.934646095379312,8.751367737126216,8.535144047561364,8.881677988720536,9.743467770863372,8.089756447961712,8.514306072391538,10.367807206448138
13700.0,gromacs_replicate_1,64.04639,4.683448203097833,4.895334489839392,37.575695,6.831358101275473,6.216113560610197,4.5857315,60.55454724120338,70.73862293769722,62.731424554786635,45.74331190285681,34.330520419612284,44.59631841785677,60.58289164631841,54.76941361524373,46.840028971605676,39.21378972933951,46.042511410560046,55.76854125994453,6.420619762435406,5.083326780734181,8.157423114853595,8.617959657639018,8.59590765190131,8.321880060065592,8.33997108074408,9.115479219473626,9.350295611784889,8.25316093918503,8.351658442454939,10.407226508859099
13800.0,gromacs_replicate_1,69.38768,5.537362815514681,5.783471395085534,21.182632,6.9432397341906595,6.313539165057315,5.750244,81.80828059198726,86.47431647817046,75.41365573942241,60.54115812436428,57.04310250519567,68.78813891383618,62.31378108146503,55.14779683634784,46.765482071034185,39.85793143713712,48.73021429977963,58.06849484783354,5.969908756500607,4.851014328931054,7.399273559882177,8.383818063197388,9.151584992285256,8.90813646660002,8.712816845438017,9.45575250084338,9.964601712751453,8.47761733331366,8.539542165120796,9.822890083225973
13900.0,gromacs_replicate_1,76.10049,5.55686323472938,5.871106717874161,35.8818,6.4691792293456345,6.022141345450783,4.4475174,69.38404800477403,75.606778524199,66.99359773449505,52.17665450577548,46.58089278859767,56.64841845949871,69.93872759353194,63.61278339073282,53.24173664483583,46.19096746839311,55.14321001683085,65.20216368457348,5.92455079431237,4.648641559343275,7.4052381569092605,8.03555037954834,8.68865307082026,8.43366449175303,8.340333766212332,9.063686625531963,10.338215114457437,8.383710329359788,8.844584980102757,10.385814200446411
14000.0,gromacs_replicate_1,77.235214,5.476689121806556,5.881585870974503,36.463463,6.634979128389527,6.136856233198638,20.87532,82.35643528833079,82.1922015366136,68.3462590435051,56.71870572583171,58.11396316743392,71.79744023297162,53.17459034140829,45.618758994759006,36.1615645531351,30.029980625783267,40.58351282884516,50.16091093236029,5.630751801141135,4.770687928035568,7.364004600128375,8.049349885329,9.060683546548566,8.752030807081661,8.460887302857529,9.046537069365925,10.801516706399514,8.689446492931522,8.606325577294914,10.657141992389278
14100.0,gromacs_replicate_1,71.35896,5.208957106583916,5.55492226205715,40.57229,6.7175699862918625,6.094023685695526,6.5629883,74.12190612998583,75.84047598430658,62.59017210965478,50.076083794140985,49.06272881945921,62.177601816937916,56.92621725304955,49.05093395790811,42.28359426918242,36.24826488756016,46.458266101589366,56.222986243830384,6.314109562098491,5.1246389814312305,8.012876739964451,8.778728001302674,8.603199576649446,8.66888936512777,8.420207788609114,9.26131901602282,10.431669768190641,8.396257927689481,8.432824352224932,10.24687166027494
14200.0,gromacs_replicate_1,60.323112,5.346275279609263,5.720770404951246,48.77646,6.383613798008716,5.635073537375842,9.949509,65.80059388799388,68.61405492308796,57.82322641599776,45.092804686114285,38.932021504123114,52.582659163350776,64.34257234410205,57.491576166615836,50.99849940655984,43.5947737205377,50.616657643187665,60.72362149027681,6.378799647996432,5.228119704865877,7.919800328870629,8.80412113100453,8.835510652668592,8.578252346986455,8.356460208742165,9.043928391351011,9.887978099225565,8.481976848945738,8.150377107479816,10.379628179954887
14300.0,gromacs_replicate_1,71.51688,5.718755197114942,6.034804431432092,32.88678,6.137255487958701,5.728065705828603,7.552971,74.9743422136062,81.16417719346799,71.6582385857402,59.014924700436204,52.37498537512795,62.60463994523338,78.87148786321887,69.98427737528411,61.61844730355659,53.763686958431585,62.551489170846054,74.55707390608343,6.096289287129824,5.5865818737879085,8.528564870328838,9.010660210502845,8.876288506276577,8.263648826667877,7.8475557822063235,9.076566890718155,10.194434825423409,8.48310214124214,8.398006015298048,10.446667575640822
14400.0,gromacs_replicate_1,72.50915,5.316733201020777,5.803102626082157,55.676697,6.458990832844516,5.937622426024218,7.2620773,65.78123965783895,69.27184967605672,57.41716539379248,45.56351224711184,40.859269817940785,54.31541176046729,69.79876425127505,60.197542875637296,54.06836315167535,47.98003542812468,57.48396026476431,67.95953890094972,5.943463940688672,5.118158641275798,6.985277420652064,8.479783700255412,9.276503817210648,8.915844804559752,8.119525306931397,8.971119765706922,10.074152814731695,8.309550927676854,8.279622094499675,10.457974463687682
14500.0,gromacs_replicate_1,75.422874,5.4146147930995445,5.735018274809725,33.341705,6.247078003942543,5.7875406840976,10.481972,74.06798926355833,79.23182296429276,68.17438422406528,52.67311801009839,49.31688191632027,61.074008365435,63.107078811173324,54.1317506309699,44.17410027803017,39.2980092642392,50.783074623571515,60.8035925359589,6.339607388880113,4.872230600927649,7.556822438079728,8.335359789543269,8.555982526101218,8.417844485312667,7.912329906193249,9.107816956625003,10.154128611754567,8.343764156126733,8.398845442322404,10.628189980492822
14600.0,gromacs_replicate_1,67.93324,5.36607437962718,5.90870177915195,49.31259,6.338475733187397,6.099219890284346,7.655884,77.27270552829738,78.21451011164199,65.35143885741941,54.780525624420264,51.93009885508399,66.28202726779772,82.69950171240998,75.05705040118596,65.9366831560811,57.27611716019448,64.03442288944413,77.10112631454777,5.637298803616735,4.377315830118264,6.572875605126809,7.646251526377165,9.537249018335466,8.652670653943044,8.642141235951453,8.558390970510995,10.167101875518938,8.596247141125854,9.040644317024837,10.316312671770952
14700.0,gromacs_replicate_1,75.69147,5.281872176274449,5.32880245144342,33.9009,5.927485018639226,5.661859213070006,1.0446854,62.553349941212375,68.77994696482473,59.66389265727713,41.97575113351803,37.34478612958929,50.121962420806675,77.62359257866106,65.81538959576402,57.394195990284466,54.113642282467964,64.96975914564457,76.29094749254567,6.356241479642127,4.871050451218566,6.911533632071514,7.988753497856536,9.008856973187145,8.358865161073265,7.900789526630338,8.480990447746205,9.570957357037463,8.790768631607747,8.566141283107626,9.84112998409226
14800.0,gromacs_replicate_1,69.76754,6.045503228235085,6.494508729065514,37.931816,6.693710659620917,6.353903915159854,4.058632,83.76404391585054,88.14556558531974,78.85253984968787,68.09435374853784,62.35927424773476,72.40016699447553,74.94919731828813,69.54323770571055,59.51834329062508,49.78723131887118,55.706928626228326,67.98509873643619,6.2977826558654675,4.791333561380327,8.027442501842147,8.501572780101585,8.071678182431603,8.068255699788915,7.600218214701916,8.847368318394384,10.515275050605467,8.435828839045099,9.16895714782159,10.620690416129078
14900.0,gromacs_replicate_1,77.12271,5.508446752611022,5.749135909149135,18.524612,6.129059003650344,5.619474498186684,6.8992157,87.39010455349633,89.08097910337925,78.42009427836268,63.82139938897637,62.39587462729237,74.71255247695036,65.43889828776207,57.366049885856874,47.76386231820408,41.06216095039577,51.5462735167318,62.35721298034234,5.895173298895022,4.866043026936158,7.2839355559597045,8.454394025655498,8.676188098356993,8.208453724238606,7.931168237475592,8.593774796727551,10.048312329239248,8.071140424313118,8.689076232757163,10.078963051952936
15000.0,gromacs_replicate_1,74.362366,5.866521239201738,6.2650688496763935,34.769234,6.566841134069778,6.1285446751277,1.7393723,81.1861348939827,86.12163901790116,76.75684667721079,65.10710237231137,58.02670628320894,68.93166285621925,70.77273680497969,62.917808096565295,55.34937538705522,48.572058354168725,57.45049290679288,68.72252907935412,5.735937392610112,4.736124127431619,7.461940996917098,9.166719207542547,8.408515406043119,8.468271473489885,7.907000701580559,8.752929106419304,10.447786259766787,8.588055897348415,8.963702765835802,9.919301947766277
15100.0,gromacs_replicate_1,73.601295,5.8104273183202615,6.039192310654482,15.380676,5.8218496134787525,5.53201420398343,3.6144943,89.69874654158293,84.09939169781455,85.5568775339698,70.88728855257712,67.41062931707793,78.69010613317205,81.45490621616425,72.79524127087035,62.40216576170082,54.33499768362545,62.866269497080104,76.0923878832505,5.989291880894996,4.690332667682311,7.004654386745305,7.87626169240711,8.912167143915756,8.353593508867506,8.093225805916411,8.83603411779641,9.904424807375294,8.520532885260037,8.780637310984423,9.87611165028225
15200.0,gromacs_replicate_1,72.33459,5.669439209934538,5.964262513905452,22.293297,6.502259989529657,6.114893736352435,0.73108673,88.41344113295322,88.69529286756396,78.54397661429465,65.34092236522514,64.08378569712775,76.69658704046762,75.44709013618777,68.48842933461172,58.14741402281064,51.30549088444313,59.63825001043732,70.32788210606351,6.292656812415384,4.833679683357093,7.745790880375402,9.191410674329497,8.483819869393066,8.629601917540368,8.00889366838408,8.814945699459884,10.455359979620585,8.389085766313423,8.679033294143045,10.260659091066584
15300.0,gromacs_replicate_1,67.21614,5.443021341018023,5.893890963493064,43.029663,6.852681743085166,6.302529189911124,2.3098984,74.55105512911841,77.99285103516321,66.6148750216295,53.98284043238219,48.636685437940116,62.47310777059552,67.42028273860471,61.14823047120761,52.93165676403845,45.73851144695573,53.705455647205994,64.37418089495888,6.008521058791522,5.221204331669979,8.02062309284284,9.230062254495317,8.501865553987068,8.677410557877415,8.382703354318554,9.225933953794272,10.442701769774454,8.435163604193656,8.93917015810551,10.394355506983219
15400.0,gromacs_replicate_1,84.07899,5.80556477528572,6.353741452483235,54.976036,6.260397108889202,6.045376928064607,0.53123474,71.22562744240639,71.73771103684898,60.37567409398874,50.699365230190956,47.984745374208,60.80683729821634,82.0989649594955,73.14970089438745,62.86265966162779,55.52573176859646,64.22879853387906,77.98836369009858,5.602634504082693,4.6136208858780705,7.274637287590628,8.316354159273516,8.490523927298979,8.35436486302788,7.934143831170348,8.817732818335779,10.050845951187087,8.77315428976152,8.944768893623953,10.588743586750136
15500.0,gromacs_replicate_1,72.89936,5.401457848693538,5.7938566331291765,35.771233,6.143152725774799,5.810145978316959,0.6158676,82.0969649340978,83.75882650985434,70.19037646512692,57.40930773482557,57.291122647518634,71.17588074399963,75.00979642283161,66.47320111190729,56.58337095112491,51.07140998379351,61.9981987024299,72.38944843114191,5.771270791547994,4.910559541866919,7.4599992788736,8.633354633706638,8.79897090086865,8.559752351517877,7.800932465801144,8.5061491681578,9.918635270368702,8.258385980404656,8.7329817682397,10.618983186372567
15600.0,gromacs_replicate_1,71.09373,5.269975175426307,5.547594306123648,27.426231,5.8809066766478,5.522804837213947,4.250252,83.4852811826366,84.75868133496542,69.61529406249426,55.20210593943031,58.87455422472996,72.17460758001486,73.40079026442399,64.30319325590843,53.39717675673453,47.14055715077832,58.89126142963112,70.49740988332299,6.046986993223037,5.082686986857603,7.419760021629594,9.002843662219886,8.98642748412351,8.57071680436715,7.68099060273486,8.571573240068055,9.728570933037116,8.327707885935144,8.224928119266764,10.211446852412951
15700.0,gromacs_replicate_1,72.20733,5.0873783836833315,5.338866002632178,40.430313,5.67524927644672,5.267340155390706,1.9089355,67.54979851590436,70.46044942499891,55.606729413157005,39.36259980417969,39.76027048334876,54.70401123907244,72.15198848408704,61.60686238405191,51.61139676574201,46.140955629572304,58.035591680091834,69.9710129143246,6.510092350544493,5.228924969525178,7.512057905547852,8.759121549105371,9.144663822465194,8.732484848377494,7.9060898787372915,8.87466816380208,9.700292596157592,8.139784320675085,8.537338431837759,10.252785904237957
15800.0,gromacs_replicate_1,73.70492,4.997858821103858,5.175296470620787,36.92939,5.629773095098906,5.258702286303336,1.9872131,68.18883562008502,71.1370894470379,56.63231191632783,40.86778104885431,41.654805032403964,56.11710249310482,71.50192080286001,57.87205590563761,50.60092248996013,49.03799471666166,62.48558988173584,73.22897413400693,6.513303126940709,5.217873141571354,7.659757994984648,8.987821155671433,8.963481852316097,8.560997193964223,7.823973790956009,9.038560146332838,9.586247200335487,8.036836054364544,8.580520753923256,10.354204039195722
15900.0,gromacs_replicate_1,81.25917,5.503129673380754,5.923811117194861,45.009026,6.783085218877595,6.327210790816279,6.9460754,68.38325745414436,72.69611231534527,62.13459885589963,48.529928539948344,43.85585762613991,56.12536413902812,66.04792836946551,58.74050684651506,49.352033462835664,43.09021904003172,52.193650212778294,62.313300993391294,5.905067679974872,4.7073124105505855,7.38401826701015,8.675515898755153,8.694981551191237,8.627236941607082,8.321557270133725,9.015988516208907,10.173830431934034,8.34932173982794,8.469626418420871,10.354142656582955
16000.0,gromacs_replicate_1,71.66295,5.249113148279433,5.53294883422176,33.152534,6.177408775354348,5.575612982295319,5.529228,68.8062992016375,76.54602742793733,67.1821108090723,50.73891592472974,45.24740054964477,55.43688372982211,69.634255862369,60.42197954336144,51.72127716678302,47.65403454229122,58.70279393204898,67.96151151596449,6.325770702364061,5.337682763323007,7.932331254073245,9.161323761760968,8.59219679460137,8.200485051925538,8.11238894317952,9.06561813177987,9.905106505225405,8.032048132157426,8.446394636029156,10.322344385528057
16100.0,gromacs_replicate_1,79.71383,5.723419100778775,6.069786292396916,34.066586,6.031909730655234,5.640268410338267,13.691078,78.21044534458817,82.069441820573,71.12932721333878,58.88624863758651,55.060669570884656,66.1070690882067,62.41576957934904,52.79060134782918,43.12832289105589,38.31039570159614,50.187696190411295,60.92109014615902,5.919665522466685,4.798998139993338,7.466554313079799,8.447121802576358,9.081911980920763,8.705274513071311,8.32093163130836,8.742317878440176,10.346257033286529,8.204234453747759,8.765704633923871,11.077549791670076
16200.0,gromacs_replicate_1,73.91875,5.952646203979569,6.299322531081107,35.519623,6.044496999484083,5.7711941120165795,5.877083,74.13394536218236,79.8835176817278,70.18010300310091,56.768939589470804,51.70955193365362,62.412754941101944,81.9845099737044,75.25396091982661,64.79009708149066,55.86359238737727,63.77153382629672,76.22920919661999,5.945365801178101,4.95495686696374,7.728132607822601,8.60525440325916,8.758696463469924,8.45774904135928,7.802707667976142,9.07790488278574,9.956596990577017,8.030269016847638,9.01296450454129,10.554473773014474
16300.0,gromacs_replicate_1,76.38502,5.613677338648011,5.840078438363708,35.79344,6.014949159338732,5.729693113313492,4.083618,66.91968033870567,74.27880320298807,66.66796461774788,51.86698042427049,44.80496190274406,55.12407711060232,80.32243053544364,70.4332600428048,61.359571663854005,54.91513839951452,64.80299643805795,76.1264598553949,6.051579582528151,4.82988357641894,7.612568353587823,8.734189924180331,8.638422991138912,8.213594971024706,7.741385498305229,8.604499112244882,10.162198406455355,8.131891819560458,9.143874604863282,11.330559030996694
16400.0,gromacs_replicate_1,81.22512,5.193278347581017,5.368061746109125,24.179214,6.278295063579184,5.850890932655793,9.423416,72.7289729020403,80.50682675535455,70.87487155261393,53.948823387150235,47.489193008501445,59.0181029395853,64.6021788352143,53.69664326399965,45.154568071496655,42.60559555289748,54.21692504295586,64.04242575205558,5.530918061734106,4.595642960949379,7.419606312927851,8.17403118761856,9.188194422980379,8.629264319322992,8.707202693942973,8.801860676073053,9.928393141462015,8.620690449280586,8.715940119610407,11.072594534105653
16500.0,gromacs_replicate_1,80.56192,5.332407403691242,5.628764595289589,30.052254,5.9774279658596745,5.6357571252932335,7.0239105,77.00200121169306,83.51606238409973,73.33336767091727,57.327330721478106,52.77364944096133,64.69572984226849,68.654007701451,57.27800725357397,48.489611899972964,46.46980414097123,58.46582528254396,68.96186533736886,6.046641345535108,4.667102818950241,6.627351462388416,7.650818872347814,8.945593800944488,8.616200911465826,8.16324466394545,8.732187190605424,9.868311575703363,8.026935261247381,8.985624401378907,10.46208587365918
16600.0,gromacs_replicate_1,76.76546,5.103645842453636,5.262323100437436,38.11693,5.910567515896836,5.4278841842209715,3.8669586,61.30101249438772,68.0480735390913,58.39161051710399,42.04113283360368,36.03923281454843,47.80989984715683,72.42483206214625,61.56144853779279,54.8572552424045,48.17812356473133,59.668961395599176,71.0021485481209,6.161116601870065,4.847683921365959,7.008238141769346,8.022261013567483,9.266099968392504,8.314188298395448,8.201532175584216,8.790847520533228,9.64397333709407,8.391744245683656,8.560785910606306,10.453287013932997
16700.0,gromacs_replicate_1,60.91635,5.573019311457118,5.939861177347798,29.827179,6.447401863903203,6.28148967300565,23.9534,85.98552064749046,89.28637955138412,80.42561239834723,69.0825539589498,62.34983756297887,73.14369229400505,88.85507687117843,82.70926650745426,74.37592443810355,66.44210061252919,73.65951123835568,83.18666996942812,6.058753165729102,4.539112663991522,6.608739973128737,7.91117830306462,9.06240751274527,8.275505607742053,8.298715987287043,9.197427736875843,10.373515286460256,8.44312698004758,9.03052256523135,10.39262754624406
16800.0,gromacs_replicate_1,65.41135,5.533475783387746,5.944144803088523,32.352005,6.6226308465458,5.750356790199542,2.5972443,83.54808034657364,88.27435663788414,78.70169330585901,65.48837694947396,58.589522815873416,70.2428284276167,51.12024135100876,45.00340704041123,38.90311536817147,33.75231574470258,42.134285710552696,49.65904376845722,6.312386270613413,5.051712987719398,6.863979042618489,8.029953705205696,8.88182029089438,8.503411542699926,9.055097712099494,8.809761938276925,10.00971779218288,8.349981114271117,8.852812813525388,10.267458694730172
16900.0,gromacs_replicate_1,72.19971,5.553411175699104,5.846499462765925,41.680923,6.263521465197084,5.786831266456276,3.827919,66.4386001750969,71.93678137243099,60.545716626212446,45.808785720637744,42.281776029652505,54.575231476560774,66.99876567867194,59.301448333296776,49.83093975316494,42.69562577399352,51.91758389458603,63.450292751796,5.9586930162401375,4.643116365610979,6.950054979569437,7.8998394815476916,8.572408149152757,8.37973973735932,7.991421608453786,8.767925780582711,9.55038864862263,8.31011376791942,9.574297135595694,10.311515038423458
17000.0,gromacs_replicate_1,71.80557,5.261933559625906,5.69686818448692,38.651794,6.097734841623056,5.512468643610518,0.16173553,83.06872991354379,81.41798827770259,66.50647438123072,54.66616807715943,57.59661032316944,72.63161519658004,66.03635453435402,57.542558646148734,49.65628063951121,41.32055859057581,50.30043623376301,62.37726010985939,5.616678542825056,4.476657189193725,6.358797054542581,7.631254539114765,8.590908966123292,8.27660496787629,8.283824001026689,8.822038004614388,9.22810812044599,8.225343189184452,8.933219898931998,10.611358195649027
17100.0,gromacs_replicate_1,63.95893,5.111206050601967,5.425379163848669,41.146744,5.692066245491398,5.268389902458385,12.750664,61.615997094149314,71.82488892903025,64.8530786903519,50.86677864118989,38.43499938978286,47.514482133808826,78.18942299705003,68.60070022016738,61.435947320262606,52.92847638662501,60.92954497138873,73.72752063757451,6.31702928630872,4.7731388480918255,6.817235923055081,8.082865251185524,8.53953180788514,8.313134542101368,7.868869504645414,8.788205321311574,9.512515645116412,8.081869693236195,9.09271567450615,10.33141530266278
17200.0,gromacs_replicate_1,70.137535,5.8314781473767425,6.049381295605586,17.762001,5.928193756042877,5.56957736075196,1.1139526,84.98279654733236,89.6530837164259,79.47269199652865,66.01291527898674,62.15139354134024,73.11663987591041,71.7542902748964,58.580283561107905,53.251926934651124,49.1622090915759,62.15104423021132,72.55424409743998,6.075813867721356,4.999750550261724,6.670301564729132,8.033589358164429,9.02761259720764,8.467659979880427,8.22466066125978,8.623231713561218,9.837931380456139,8.758183099444373,8.971055035231842,10.61152868158213
17300.0,gromacs_replicate_1,65.99261,5.423221764070402,5.923016365614203,46.891678,6.991031610238224,6.347893612503283,3.082199,70.29886882562636,79.2577335956478,72.26291434636694,63.60671075554469,50.178517055926186,57.52513333955773,64.32710055026779,59.773264934068735,52.23201323675024,43.572500388948164,48.98096152601939,58.05848240440924,5.534149830644604,4.522611720885427,6.708482267421826,7.669431766138075,9.26890264660557,8.759920180995437,9.147596838811031,8.894104964725381,9.945031830195589,8.726069053177456,9.014603414015445,10.259150401261401
17400.0,gromacs_replicate_1,70.71544,5.646951193406437,6.006141611304594,32.855835,6.149289292875286,5.600694342330328,8.259911,78.09960360960488,84.63595327964359,74.02766044340538,60.928698093667656,54.96608464853976,65.87470771347536,70.02980595044612,59.86457254707056,54.011086052488864,49.65812109193055,60.691390686585976,69.55058498860451,5.9415956237469905,4.595672490828019,6.4386675287372475,7.5386277279127025,9.10191106414071,8.632415084195959,9.394779325509445,9.113870160364185,9.60692759221758,8.894280904334549,9.169039924386642,10.324016905692993
17500.0,gromacs_replicate_1,67.06886,5.622234270179593,6.196451299007061,53.345825,6.865717524253526,6.26613067691399,12.136993,74.18361694566924,77.58981668345835,66.54238409641214,56.49597101265071,50.96632810453869,63.488437161585686,51.54019260980198,45.7346990110582,37.963982150142286,29.45295581013183,36.64528727567954,46.39615283146181,5.470716623081762,4.418936641826456,6.3668000181753825,7.722570889352622,8.678138798428325,8.738464821306097,9.077912564549848,9.007893309031402,9.976131025779523,9.199044974078488,9.53107943386713,10.310606710289042
17600.0,gromacs_replicate_1,82.92391,5.249712873959909,5.658019017198743,53.767487,6.779793842250244,6.424620701359101,11.106094,58.738699785808954,66.24890503264461,56.515005769065226,43.47793019458156,33.50126393959023,45.905382249989096,65.22586207025684,59.06409657227576,50.171411119601004,41.6221303122617,48.38309987859944,59.828643911504784,5.687966300506696,4.6905409787507555,6.378032624811843,7.510488717676488,9.05556280086078,8.503650536246925,8.872469154823815,8.967903161518636,9.30290721479012,8.76292923315482,8.851760895347597,9.866267455353233
17700.0,gromacs_replicate_1,84.57374,5.5409089781413465,5.959172288625657,52.692497,6.273028263503042,5.8853460738397265,20.751785,61.07072541225673,66.33735070209913,57.003659632606016,43.80167057143147,38.261861875293626,49.79445456603658,57.32336301515797,51.67334861990536,40.562937763771274,31.823766066941147,39.60600004804344,52.0765994906085,5.659155512014221,4.946764784502362,6.5364132516241025,7.728250009500307,9.1701295924186,8.65614527017946,8.826202087317451,8.873388892421334,9.324116542661224,8.123757881249182,9.306795238489105,10.45271760993287
17800.0,gromacs_replicate_1,74.79988,5.4314731565096785,5.938608034034191,45.98738,6.062070275291574,5.633620932996194,2.977745,73.57072897723044,80.26477383050951,71.08015358700695,58.67768578832141,50.34633224441982,61.22514552813593,73.8793947258431,64.7324372259261,56.09550967281247,48.95968022516325,58.28553078312165,70.17741765739041,5.641527865669637,4.588876436002653,6.5227297593761495,7.648125013745615,9.13125200148266,8.46516742646467,8.849408596343306,8.740813115829258,9.590685534735135,8.972990132326244,8.994233081397127,10.204734522470826
17900.0,gromacs_replicate_1,64.62749,5.918703455853326,6.178630244090422,19.10534,6.136722851397216,5.652657500565207,3.9091873,88.02087122671392,83.18095162866813,84.99288409924124,72.2615268938637,69.38138001232589,80.44076129724269,68.27626860701396,62.419940432381665,52.76837975112975,43.15300545055533,49.88160783079014,62.513529957396386,5.721144099108362,4.433944914925837,6.859712033381251,7.670566785820508,8.754522717736789,8.592473729191804,8.72080882317213,9.078357995014652,9.80525890238295,8.594508387501623,8.857242641728847,10.338993807273475
18000.0,gromacs_replicate_1,76.19395,5.481703480071585,5.87003715836243,34.226364,6.096832545246534,5.621247391294203,7.056755,78.96306943818212,83.85732587089421,72.78266445357444,57.945131621618415,54.22825271310834,66.778460868553,65.19089305610261,59.43645576933491,49.39831344748321,39.214423254771674,46.060785725452014,57.26486467282613,5.488341109238308,4.913620497056168,7.026199640978971,8.087681755210047,8.905600668986263,8.769883253543032,8.581706876759798,9.054055251480852,9.711071672518653,8.804347179917915,8.665417719945912,10.140398559208187
18100.0,gromacs_replicate_1,78.017845,5.486538438200836,5.786580686235651,25.340797,6.112970981393161,5.711867450848104,2.3372955,80.8996490980877,88.22012587155247,79.14830111700113,63.18103401651403,58.21149300190789,68.03644139677894,72.54825095473248,64.9046761214627,54.242352374505344,46.91088248282819,56.341362826783225,67.90449338889626,5.70562528684059,4.70810109057131,6.438472966446279,7.657683446050958,9.239486302977785,8.979501280454667,9.174594732683136,8.75107926846333,9.687114657358423,9.203320954934608,8.987584257650287,10.092026508658654
18200.0,gromacs_replicate_1,66.36101,5.46972271509093,5.816821894628727,28.2762,6.4349450062840265,5.7632483781105615,7.8263626,83.45216317700765,87.71011721520064,75.01510306624267,61.69851995085266,58.53385321684603,70.49037265162117,57.34779409325394,52.43686495782413,43.61564930616627,33.78717290308012,41.23316533901416,51.62223230288837,5.958978516624471,4.4686356056950975,7.079836447357374,7.77650996371219,8.362300563645556,8.466464087830131,8.470196749822973,9.155350330477411,9.848754858043064,8.539337429924426,8.444790839762662,10.39051677653267
18300.0,gromacs_replicate_1,74.24955,6.179095276776944,6.46671660369695,28.344742,6.642489729416761,6.199864739690383,13.69651,77.03623927952535,83.67293047690859,74.69180120992843,61.509964213460705,56.3797726849142,65.7494092505226,59.60753027570656,52.28265744665431,42.850498358395456,36.77662797769541,46.293154472242634,55.983309959145835,5.8670998462942086,4.420640871730328,6.88173051495675,7.5320562721909345,8.672934447327567,8.848861967021504,8.485443571702465,9.377752773406383,9.972732873617781,9.135647444934767,8.832625753255265,10.27364571761171
18400.0,gromacs_replicate_1,77.46859,6.0700726930416655,6.32816508981245,23.19593,5.656284490779671,5.46122722376342,5.675232,84.55580328187415,89.87016199210179,78.43592076705539,65.21200602590096,61.94069611100026,73.27847705502528,85.00815401543883,73.07668702711086,64.49020186328346,58.143150953997996,68.97885570550592,81.6165497448581,6.2490880131398345,4.680588573536744,7.237176828868635,8.040678493256486,8.287281675375658,8.199831375938027,8.050591358535854,8.67850357797383,9.938424452593768,9.020268828962257,9.064159825819036,9.688534988142719
18500.0,gromacs_replicate_1,66.21215,5.3518882894555855,5.694798148669208,28.28592,6.6791472196509085,5.959592547692861,7.517082,82.4529915632462,86.90028211504365,75.82415963790241,62.34222060413056,57.52426528538525,68.74846415549335,53.85667414508858,47.42079489017011,39.414293350076264,32.65013998692653,42.05073240542713,50.57465714044395,5.549607571387438,4.941195685770752,7.158490172221092,7.974718986853054,8.82789005219619,8.741184482440786,8.98230129245153,9.526568344967467,9.718046843469887,8.416697694994248,8.276064361631686,9.894305568451006
18600.0,gromacs_replicate_1,64.7191,5.1185178546166785,5.289439722632519,31.13414,6.438512126465844,5.9377883073136415,2.337059,69.11215620922495,74.6284733622823,63.12805635555501,46.44769010489953,43.13736129458002,55.348358078752256,72.245747030757,63.872640165873115,55.427232174714305,48.76780724920492,58.05499608756861,68.23161719120407,5.96695385748738,4.26075955278091,6.827008988344919,7.443786771333188,8.94876812416783,8.164005968645487,8.068253842122592,8.949317339582317,9.667494403656384,8.264332564039282,9.056145075176325,9.739344514959209
18700.0,gromacs_replicate_1,71.004364,5.239293903465443,5.3809258271705325,29.322937,6.297428908537032,5.75760381245154,0.628952,67.85944697342623,74.46417372971668,64.5578776862461,47.55290376496483,43.50155648187369,54.51498502291481,67.296340532466,58.970334438264956,50.77762429038834,45.24259520989347,55.7031305586772,64.77603071891191,5.92314346721038,4.637741131567936,6.948933246028025,7.756328603722573,8.670134472256894,8.198882860367037,8.447133186709962,8.898614731442976,9.73721402221182,8.121352140785065,8.624953136189811,10.17006268572142
18800.0,gromacs_replicate_1,83.172646,5.19847166356473,5.479463880300254,31.225052,5.669496004079024,5.282442960503946,4.0380096,74.34768911646206,80.10520588173488,68.55354295877746,53.069074876665184,48.089690235563204,61.25327943264393,77.16679855909105,67.62845442499322,58.15295744592254,50.28409859370477,60.73666943101681,72.67888738950312,5.488635842611253,5.015941627949476,7.451282049549838,8.387333377736807,8.616700613712615,8.666086268781278,8.297499048928426,8.989436818745512,9.978936068335129,8.1306815452265,8.406147356358854,10.091829409363228
18900.0,gromacs_replicate_1,70.23915,5.025925852969973,5.465658550009638,35.37581,5.970176320629074,5.3288878801811315,0.33148193,83.72938868729776,86.64219037228044,73.62928511074531,58.83721399870937,56.6699007521774,70.78932069965275,63.62529948455431,56.263545733198434,47.21768868339892,38.818590948810325,47.32656395959202,58.435225505261535,6.053142506231782,4.84760624021601,6.477256160166115,7.731984949940509,8.78511754874649,8.692071955913567,8.288692650969784,8.682590563354134,9.458425532137618,8.273114097170927,8.554047235935718,9.968770843500469
19000.0,gromacs_replicate_1,76.733635,5.786350270853289,6.192709255693297,38.94998,6.109075017344746,5.596123156336699,4.1046753,78.51076258623681,80.1744365004071,68.01382940059187,56.18082131280874,54.82818644762496,67.99863210947436,64.88192903491168,57.103362069012476,48.09634559675428,40.67888321043897,49.758793857295025,61.37973913556353,5.940267944123338,4.814657663373161,6.956263243717008,7.785740530517409,8.93496250936137,8.506838863314675,8.009393656802013,8.829645753596393,9.751997114136568,8.464387307174963,8.645695431671031,10.238204205515942
19100.0,gromacs_replicate_1,66.14719,5.434398686283504,5.9332447616244215,43.630703,6.564902026365471,6.009166724359324,5.194145,80.21749753610297,80.64673875916968,66.52765921903607,54.607275365819596,56.43835052878729,70.77777183831594,68.40965775269832,61.83750320188322,53.504266996464985,45.54384876070328,52.55828057227779,63.43959982515887,5.896388980684267,4.751867184686885,6.71004544358847,8.007739237376235,8.983599518707388,8.33502949272484,8.230423941038547,8.75440615680195,9.550818194765244,8.227200498441503,8.762369488098468,9.933055021911738
19200.0,gromacs_replicate_1,67.31884,5.420258346429817,5.83827781838912,37.692413,6.207196906361125,5.834118390025427,1.1254196,80.16274445134547,82.65873857144653,69.86878506627495,56.914323144969444,55.01604981157301,68.37603298181456,74.34234768191011,68.96867871549277,59.51209479650982,49.24154612490853,53.9364214104061,65.81430152361482,6.030699653540799,4.712068330039822,7.024712259403363,8.19358388595353,8.625448279101205,8.21226530992195,8.488671008438274,8.600663920263676,9.644840338136776,8.350269586895383,8.812341800531975,9.914817967226476
19300.0,gromacs_replicate_1,79.90025,5.467058112934107,5.702549771897201,15.737694,5.961589482639068,5.578063170662689,1.8931274,88.77289691847405,86.02787798236392,81.53727574815838,65.65530646136523,65.10002128593047,76.21956363326454,75.43249478946481,64.83896283035129,55.77503605530125,51.21843944871255,63.23958882559507,73.96527865097856,6.1989278798759475,4.77684145869193,6.808462192738888,7.705392486180276,8.996319971485397,8.595627854435032,8.205711244219744,8.558242665354129,9.809425616919878,8.48052642272183,8.703836939975401,10.661943862083367
19400.0,gromacs_replicate_1,77.2734,5.5137375584041886,5.639030084495677,25.698181,6.417394588451767,5.808392225664357,0.2295456,70.8952843613885,77.64590924578778,67.91782276234852,53.009414365505464,48.315192755855506,57.716925804116066,62.52273005686264,53.19430608044482,46.94816793196565,42.276287470297426,52.80758042337406,61.394967343882676,6.408290265716482,5.423127473497757,7.932745353569195,8.54312553885163,8.688297052770148,8.155477947744373,7.901946393273231,9.102900643871846,10.07035267159249,8.565680549304071,8.666596600548251,10.783493372865413
19500.0,gromacs_replicate_1,78.2879,5.228785259226768,5.686585839705935,51.86548,5.903859198314076,5.360359456123336,3.4874878,64.1685012135526,69.35958373868117,59.033678350138544,46.31406825591541,38.78686279344828,51.17277332570581,63.575191131806925,54.746544232212386,46.54107729196647,39.04734796233994,50.130990509939075,60.738688134087205,6.288100734230486,5.160922400622189,7.92005910591728,8.69569765168896,8.518244728116574,8.48326568351257,8.05618003167453,8.888554351047866,9.682210952223796,8.236782353911716,8.44845791193717,10.671128382511176
19600.0,gromacs_replicate_1,75.80502,5.210923640718737,5.554662123642167,35.935402,6.380342878101155,5.886313446820905,6.2055893,74.45764492432056,79.75498620442644,68.69364535414829,53.343747935503835,48.31127989188848,61.07393096296079,72.85399963960745,63.909983022892874,56.608614095487646,50.88230123742374,60.14562442503085,70.53210069529358,6.348413796594648,5.129573372589784,7.644996129153931,8.777207023117446,8.458032255437828,8.345737209938198,8.373587224502309,9.261077759529638,10.198633240517102,8.393587461451926,8.496849852694968,10.672555751731235
19700.0,gromacs_replicate_1,82.11452,5.908717689148943,6.1643391383121875,17.660385,6.350337517549771,5.83013982942199,2.9339828,82.03962890767227,88.18551985510611,86.71062787660857,73.60200994453386,63.44862979935005,69.97112770572156,70.61064157960163,61.219564019174165,53.53024330992129,48.272774667117034,58.2104715503472,68.2468503201307,6.2038131486189565,4.871288227700424,7.559806057264188,8.313976444449315,8.478550990687484,8.559330770989602,9.200410608046628,9.068093915847859,10.050843267772311,8.695867502896622,8.903064708778361,10.216884268879461
19800.0,gromacs_replicate_1,73.59765,5.5833906878533925,5.870958098412866,19.081932,6.677549516706271,6.0030776801147745,2.450615,81.80908843798585,88.1911417218445,84.2711534645912,71.65291311471718,61.811187847371556,67.57968092947289,54.94667740263521,44.052424245332446,40.99196100303662,39.5794114336482,51.28479295483035,57.681650407524835,6.483269710868496,5.15743015878384,7.972757306411595,8.703028678451632,9.124565429447129,8.64264613294307,9.03544976023403,9.02617941062088,10.479043527427589,8.368597648051773,8.46497055976643,10.260214761654384
19900.0,gromacs_replicate_1,74.23311,5.4118714595200474,5.604993564438202,17.003952,6.7594902312675,6.233704932503407,5.4834747,77.76008688200078,86.43768116817657,78.36821233291431,62.51556934193598,56.169714049470954,63.64080992962108,73.45834336739294,65.27150553448188,56.505746324502674,52.286918951665115,62.73722634654132,71.29620766552272,6.268865980804245,4.860758736745039,7.422603988295598,8.062716398834942,8.463881507596115,8.772118194166858,8.66189882476095,9.037050382197549,10.311737991522554,8.491083146651384,8.782494851672828,10.182200569926819
20000.0,gromacs_replicate_1,64.03606,5.89141137914986,6.100038022850601,9.026268,6.440035800562224,5.945946608881193,14.893234,89.16632027897506,79.77626393970444,87.1751919841091,79.73923895114295,71.3773436109717,77.77231507368155,78.16572932896578,70.32708093453755,62.8211460819327,56.345059458610386,65.40128064078885,74.5187057467142,6.0226590805577205,4.635513659679354,7.086196304473345,7.918835279142172,9.107143491865601,8.607977490610446,9.403327521489256,8.965899815556627,9.823047323026008,9.144795174076075,8.563955701423584,9.829519446194384
20100.0,gromacs_replicate_1,70.12823,5.635462532751713,5.959105609676793,25.029755,6.5698770504420985,5.9921614881089535,0.76179504,84.57229151745496,89.14107598358174,81.02260939026583,68.3419408570965,60.99007497414274,71.10936501880809,65.29497704936392,58.15995422276365,50.06603893137279,43.44745600816415,52.10405992737911,62.40787850944268,5.725224629917127,4.443905516777449,7.0682303406146305,7.883450296471367,8.663338222097147,8.062097999118315,8.58041413454645,9.14141685190056,9.68233401242317,9.44390850568844,9.144280908616176,9.692028827634212
20200.0,gromacs_replicate_1,75.87133,5.492027625743477,5.84476032188222,35.88427,6.404911241093821,5.808255376821345,10.451225,66.1977797279008,75.8687926738846,70.87452325606532,57.04201750244083,46.19812109337174,53.036207309980185,58.096597418207146,49.2585059039845,39.985952488152186,36.4464614093506,47.580398678956406,56.71068674134609,6.168475861082461,4.359132258914496,7.006826889325267,7.812124148547292,8.823172887676767,8.596295316229277,9.672425460448851,8.75125076906648,9.635031214584144,9.551159347251428,9.356937342867056,9.853325517801476
20300.0,gromacs_replicate_1,72.910576,5.199672841617778,5.481871204028159,30.848312,6.730311259063629,6.111702522529239,3.9679642,70.44014523240482,79.98654035066457,72.07165622735933,57.90440627035382,46.8271975042701,56.01624803463174,64.67805277923176,57.999018902131034,51.346850416260665,44.9105069957456,53.59387361673389,63.09388433923223,5.696820615155284,4.688798432983105,7.167966009271684,8.285504668787793,9.219725068734737,8.705999770384587,9.582730680587176,9.079051224609671,9.820189664258164,9.397998059560168,8.819911506984727,9.53967724703027
20400.0,gromacs_replicate_1,70.45794,5.890451419849075,6.219081017607979,27.727951,6.6245598540546355,6.126053912513769,1.4474564,82.13885378711721,89.48468049026933,81.44236953579875,70.3801609357379,61.313231081854305,69.69529644306351,70.7067732220694,62.82841467722099,55.44683321805985,48.71122137674331,58.191461701007924,69.22281843525461,5.783840429302157,4.368056884352287,6.682926077340875,7.588795581033662,8.613842320513056,8.591370224204036,8.838745727467002,9.028193151076973,9.763453719329238,9.312802694266846,8.980607885165677,9.913671179705474
20500.0,gromacs_replicate_1,77.24787,5.284116537943187,5.645107767704073,35.933983,6.803023107534089,6.195702000756556,2.7016907,73.55218944219818,80.04761135871635,71.51678670573231,57.71618962674241,49.36569241335161,60.4912287720157,62.07883875847398,54.300235184897765,46.99206963750353,40.91666926997556,50.69703848860165,59.46482832568755,5.599153713124381,4.646689323594025,6.992636070427344,7.954631385049249,9.020325094085715,9.045812281512507,9.190348240376782,9.066070005135916,9.630139003829916,9.452304278971226,8.827197004243594,9.822877137951703
20600.0,gromacs_replicate_1,71.99184,5.5599834718872065,6.005196650012942,42.68701,6.429741727827131,5.9368838308161145,10.178162,68.83694729013789,76.55287896900965,69.1936053121129,56.741324909332775,46.807231888130644,55.968509700079984,76.08903900313689,68.91118711114405,60.474487802353565,52.507731291742566,60.59306619100851,70.33892412039434,5.6699502278340645,4.676799477527861,6.733399802691222,7.694236033239478,9.144108889917913,8.499621786286536,8.66634218784708,8.74206755843848,9.892878169209848,9.43868511610299,9.127979158725893,10.586168870632779
20700.0,gromacs_replicate_1,67.20135,5.8470093061612145,6.1511113602265475,30.169838,6.340305431228486,5.630134972636973,0.28244781,74.98686940971922,81.76700978612726,73.06441436450936,60.39894460557271,52.70242411375854,62.26270710832024,56.20513624772578,47.081016262033764,41.55955054534631,37.78224555960342,49.038920390609064,56.34986427088351,5.706669071823286,4.673580814010452,6.760036292320648,7.683943669202703,8.95934437780796,8.487608698510819,8.76250099659464,9.001849701886018,9.411373652441668,9.932568450523673,9.039470046510912,9.850814558623727
20800.0,gromacs_replicate_1,76.82388,5.1115067251087645,5.428416163745601,33.82467,6.277614697222921,5.819474064355165,8.307732,72.85988534688956,78.450797417812,67.52647926931374,52.04361780624537,46.83043712086105,58.7617235370055,76.89952790804811,69.24749194526723,60.495214879603346,53.2158856157442,62.859953970852445,72.80266676090154,5.524915272944263,4.798496107799074,7.01792818497663,7.9873096058121815,9.502813159923978,8.932214215311667,9.39694564252428,9.359400914629024,9.681634346171542,9.547354462602733,8.757925686649997,9.63612439033231
20900.0,gromacs_replicate_1,77.95117,6.442958476388045,6.719284089959189,26.202362,6.193429408529966,5.955768262296359,11.767807,88.34015960120387,83.98872036574222,87.74825620862343,77.23576987892035,71.5453827641343,80.6749720478707,85.26385222851002,75.17492441714371,66.5330236210321,61.315145134223265,72.67236128485054,83.38569148530264,5.6222946558265665,4.427603736145395,6.286798478070901,7.208204110672646,9.530144256591452,8.504074357164315,8.758526652947332,9.015937109549967,10.031298990408272,9.902622478993559,9.201468360564451,10.283789417440524
21000.0,gromacs_replicate_1,70.33595,5.791661571125867,6.055444952122205,31.418465,6.480500212433732,5.999796531112881,4.2580643,68.73629116959806,77.14694265961334,69.46814199061807,55.69807843623668,47.913991057974705,55.46094443109445,71.32498326250627,64.02369391697295,55.94477894510457,49.69635807744842,59.43545448315537,69.02967559618249,5.885793043708049,4.3175262205704765,6.784367965210514,7.545641817161674,8.651035081412305,8.428786633608349,8.627122336118259,8.920776665153598,10.01184694784447,9.1367423642738,8.956087721231956,10.548129633228589
21100.0,gromacs_replicate_1,71.22311,5.408275004364017,5.769811009657936,43.06694,5.9240481071663655,5.454683638132388,1.5037994,70.3000562452589,74.7987524561257,63.46725294176923,49.15690507207423,44.69127037253091,57.92195372623542,71.31778427018982,63.39030160760736,54.329873096507605,45.8382767340198,53.11438135578435,65.71844101803724,6.340192122566023,4.810370757424482,6.776539632252876,7.756859556240515,8.214116145318018,8.47461617454232,7.816830635385481,8.781963732538832,9.659753192409298,8.203960539354837,8.891799328203001,9.728852428174344
21200.0,gromacs_replicate_1,75.53393,5.368015565877519,5.596765686578538,25.332138,5.644262106931776,5.248241980558663,5.1081543,79.09619914044745,84.37366620201033,73.19116518662409,57.79442142556589,55.027354915264965,66.76487560980101,70.28942792566109,61.19812915788887,50.79579737169576,43.25329680831627,53.19628152864306,65.7297765126229,5.77853919981745,4.782896262667184,6.595499073375969,7.477423133086854,9.101526319438937,8.325356581981845,7.853997461202675,8.78397778718563,9.126724091762636,8.830378219594483,9.00397927455815,10.459789187773179
21300.0,gromacs_replicate_1,72.922935,5.194452766431603,5.6062347534316075,48.17418,6.340966329704311,5.714311840348654,4.686043,67.33334122721602,70.6722760840188,57.59708729361783,43.95839777569532,40.87296588215072,55.13964959145289,66.47331497090292,59.03263328013244,51.40846873703537,43.97580954439885,52.1553769266653,62.90346360580408,5.748182702348906,5.06614278081242,7.560411825834741,8.471346945664717,8.760262411493969,8.570776217176725,8.281205683203485,8.658311376856227,9.464244600403495,8.077507499073645,8.439638846435153,9.972376273019883
21400.0,gromacs_replicate_1,83.32985,4.74388570375636,5.04091481181282,43.24057,5.738184380536218,5.320221358221179,3.9207687,64.81415024279828,70.25493912340355,58.97302418234847,40.058477045965795,37.02733686328874,51.31412063155859,69.52317862690424,59.21360483903023,49.393227485575096,43.61694176014757,55.28840947757806,67.69478292337527,6.216527176416118,4.7909064209551175,6.8665486003434255,8.036922094316331,8.678370905859904,8.158035473859744,7.980525455552465,8.508020766297493,9.469859640010307,8.124637201267142,8.832636671733095,10.055585502090624
21500.0,gromacs_replicate_1,74.33437,5.4308972336281816,5.714928052078708,41.104156,5.579017647376029,5.090150970185206,2.8795395,65.21730443421579,71.92300668065026,62.7808481597849,46.41892809681487,41.296442244921636,52.82943123619967,66.86185460528074,55.776612399695395,46.568060152158125,41.244213594969466,53.19062293515717,64.27178787451157,6.191772663990782,5.018098970980264,6.90987787917153,8.117623003086898,8.640145486872267,8.406117012556127,7.880602392752359,8.647578131938122,9.53514827981952,7.90935459910218,8.794791865997833,9.998213345236676
21600.0,gromacs_replicate_1,69.834404,5.377607299091134,5.550239789831937,25.362572,6.005485847533919,5.474942351761323,6.0397873,76.24268516141409,80.74823973296446,69.08181969119109,53.495614316140966,51.225263238024304,63.03201122883922,57.53548181823225,45.3826947464953,41.21939761229612,40.528911334139565,53.24541125110214,61.12034682133223,5.923996755278569,4.771638044277012,6.9595002386691736,7.956534866641455,9.119200819138117,8.586533765362612,8.412980971649146,9.100654066814188,9.54423588157331,8.458549901588789,8.93156065911546,10.393905379959953
21700.0,gromacs_replicate_1,75.855034,5.441968607881352,5.576232680865812,22.49636,6.019574324141384,5.602064975720043,6.868347,73.15735133621212,79.9801341831284,71.71048070447698,54.872517828847684,50.29853508227038,60.18449386517624,66.53740232985005,53.442120549186235,45.49909975773632,47.046151785347355,60.68813837608061,68.96899404514072,6.008523128382823,4.511673053909703,7.041001671821498,7.914163900402983,8.83642664092992,8.6073877672446,8.126221139426848,9.013227127830175,10.124951791451007,8.079594392689705,8.826724984909962,10.2962074008379
21800.0,gromacs_replicate_1,71.677444,6.068246065916483,6.3914728176178315,23.887413,6.019478675842084,5.746809321384961,11.415756,85.68302141798975,87.83100800199597,83.22192536526155,70.13648384927694,64.18651770505731,73.33952139862295,84.59162840363506,75.69450492716287,65.76407463932766,59.33348127062249,69.15324501229888,80.45356430706417,6.083616401318067,4.533200156899209,6.596830599211128,7.723908132536752,9.212986422935854,8.510371711516084,8.027255148958108,8.720647518717485,10.122732635996414,8.623440177119486,9.278090785915994,10.774316852593842
21900.0,gromacs_replicate_1,72.19266,5.382343877316358,5.7891067817486705,49.860855,5.933028902595378,5.283066585729916,3.1481323,68.01616721872436,71.26391094760321,58.301936833764024,44.77489343777981,42.55244640783081,56.46885237955368,60.77664131812709,50.781151830476155,45.632233284483746,39.26109040133483,49.50797965070229,60.49041088709485,5.592225942111079,4.551989372293273,6.611262238545143,7.647436563132519,9.24040309156076,8.772577746359635,8.69028605072352,8.5583918915939,9.6314006364295,8.50989207451186,8.863064524521102,10.084143877408257
22000.0,gromacs_replicate_1,69.32973,5.067833598207587,5.360790809636053,35.437622,6.7767712031895435,6.2012430881839,3.4255981,74.10187097840652,77.059355924647,63.063472577095716,47.12500321185216,46.261344249076565,61.71935799490256,67.66015171376388,61.56514138968125,53.68918042243127,45.79854425258042,52.70550184496535,62.82932718409096,5.8317591290553725,4.726151660713201,6.2093453095840525,7.455430303608402,8.814425525678905,8.597964453465309,8.614181799945346,9.091071228279434,9.63381489558232,8.333246841652945,8.355199585654937,10.101532556101452
22100.0,gromacs_replicate_1,79.12988,5.517232740421949,5.723730221797366,27.303223,5.816840396304531,5.43403444858168,2.3313293,75.51454083218762,79.3303515427919,66.96311762964193,51.53577307813939,50.90408922822751,63.45133570162976,73.72507015220287,64.087014402074,53.45135876758774,46.865392550403314,57.93007627556908,70.29370397741056,6.335272963396735,4.816147970227656,7.039347777909593,8.17473004850858,8.630538223652831,8.386363987645478,7.781583451189139,8.558236446102134,9.838809611649335,8.313370190466166,9.49006617059136,10.605075154643778
22200.0,gromacs_replicate_1,63.03076,5.24279352740427,5.526586316567689,27.557568,6.080627885671181,5.388854344667452,4.2459183,80.68580198624825,84.57555364432184,72.04905665620151,57.87134419192984,53.89464010986828,67.03045780537248,52.22595760755794,41.63412039836481,37.15015268516295,33.395618106632575,44.42104678456038,52.86215443095351,6.270514338325975,4.961795126019477,6.816128459035694,7.867433521548153,9.034896617420486,8.70577967670631,8.293256185700594,8.879317781601548,9.55421469417689,7.91572179570617,8.87062595376282,10.49232552635465
22300.0,gromacs_replicate_1,69.18767,5.041757983246585,5.376828385871926,37.063034,6.316689881578095,5.6688598376870685,1.4862442,72.10180197478674,79.35484326503537,69.3033610536798,54.65165408117346,46.19614422045827,58.205147326370714,52.95206312592298,41.12882296119039,41.56603970700487,43.09831516416176,54.63328587833956,58.824626305946744,5.593223836739842,4.628985211958465,7.057121994858669,7.9528758282057845,9.007828193768818,9.129072363099022,9.061053245763258,8.898888703673448,9.478601292278741,8.372145500516798,8.567403454118487,10.126277622848955
22400.0,gromacs_replicate_1,64.85043,5.179922047297965,5.398066613994789,20.959091,6.205210371297618,5.52255238073966,6.72876,78.85530384872949,85.95193461211349,76.5804453399925,59.957089754837014,54.11755877614799,64.81489900429993,56.17443914615218,48.05277336601965,40.22119775366535,33.74694775746788,44.359503372408675,54.26685272519457,6.291995501630103,4.807368048127889,7.021279127929531,7.95677130034839,8.865431527041311,8.639942135530733,8.489004106818934,8.880291842347159,9.741278347469784,8.321203593425617,8.913752445863894,10.142200058756735
22500.0,gromacs_replicate_1,67.70715,5.777884546714853,6.106261936822992,29.186226,5.844890027089991,5.3923505029422305,0.99222565,81.12263083956374,85.96988083490533,76.11174370085139,62.27027170309465,57.93623213448827,69.12882071093517,69.45208549200282,58.568752166480024,50.37054239017146,44.89418051915569,55.41977164701759,67.37527433066305,6.05615715711702,4.912856047461822,6.919766018863457,7.739105976463562,8.854367999429194,8.374781825733635,7.802907989375121,8.998307946398254,9.672741774202617,8.472297441961405,9.043080649473902,10.562514739509242
22600.0,gromacs_replicate_1,70.6725,5.074171918790439,5.2939119513706245,24.966354,6.200785055558958,5.63555034966672,1.9620209,79.73140543580084,83.57150458864058,70.16905603600622,54.47987362655617,53.2617576876368,66.45478610023869,66.7031877402858,57.25284856507745,49.91659863915938,44.60476279978466,54.198267182117405,65.10349363951984,5.90198028942365,5.130545336620648,7.548435083641403,8.422634137916166,9.53633604190254,8.757381537277517,8.705211318162288,9.041160856434576,9.80523406745677,8.424733081238438,8.20782983039,10.35065740004649
22700.0,gromacs_replicate_1,73.67462,5.320305534285705,5.7163900965562515,45.8282,5.901588727532348,5.377806739297093,2.887497,65.98890269857297,72.1737225085144,61.328746657688576,47.85587543302797,39.90314547452436,52.29764186055783,68.1888542462559,59.90233182110131,51.967487289019786,44.52582117224707,53.96022309001961,64.76688560322411,5.904246531186797,4.830384536959634,7.306314161057871,8.265328426113362,8.933289814050982,8.429972719761805,8.279470768952319,9.05725042085234,9.600759997673846,7.865628310340201,8.455803143885914,10.266593128275096
22800.0,gromacs_replicate_1,74.16755,5.8137715909991865,6.008089725786626,41.16478,5.680344633980841,5.201275117053636,3.8275452,62.63510894624365,67.91266794089998,57.895251889046975,43.46366591126943,39.04929419920201,51.16954336531429,66.91605800290957,56.03788101227114,47.944881512801096,42.12171026272024,53.18395267937932,65.49544519816759,6.060192894993092,4.770653091228595,7.253719800946279,8.221579702129755,8.575899658103745,8.477190726703453,8.02655933765854,8.688946526499782,9.659461782828973,8.24682526506688,8.842566313243742,10.354886357032614
22900.0,gromacs_replicate_1,69.12978,5.37624040072453,5.755631495603073,31.212051,6.159490490358038,5.7751814986272185,3.963768,83.72025735214126,87.27068233970687,74.98927823971252,61.05533030820575,58.59295033346887,71.40074372927626,76.6303702925893,70.06859706408352,59.72996732404238,51.54878356306988,59.788330741589206,71.10876963099643,6.278089491364402,4.921788260737839,7.062578546336189,8.272053148673939,8.83372785012978,8.199314865364371,7.95837053699171,8.677015045650654,9.896741053591949,8.393255965014669,8.775878894155088,10.632328969247517
23000.0,gromacs_replicate_1,71.30702,5.560055660074084,5.798278716475906,29.471695,6.154744622021124,5.72289571502597,6.7111664,76.3399022353281,80.4964960422978,68.88129217731168,54.08247644222492,51.78322384597038,63.90453812942329,76.92614119670587,68.57650296589031,60.22521897457325,52.50143946277677,61.69511823641571,73.10330514259131,5.624554354275283,4.700257994518406,7.368941156028643,8.22484570208624,8.826271597475808,8.63835713928381,8.13756920216291,8.85805133697539,10.28993107152413,8.442345514793201,8.666165440262416,10.111169277801189
23100.0,gromacs_replicate_1,69.4788,5.6086182496728565,5.893673505255722,34.619503,6.087407622474069,5.645625495471573,14.855286,70.33499754164113,75.6656984592187,65.37811611538248,50.93030476892829,46.06471724989793,57.91523163430296,79.92519855139726,70.71848511228372,62.7069469375362,56.60420659391881,67.5276950546316,77.37878100955466,5.7208015174427205,4.9894563722119125,7.104688436560838,8.111797861246057,8.928973319292712,8.425926106015691,8.232229327809513,8.557358128322509,10.089164078799719,8.16344217002894,8.480399215784825,10.529389054241616
23200.0,gromacs_replicate_1,68.49531,5.720309016809264,6.109258675305163,44.923218,5.999183074962855,5.604304760166485,3.043373,67.47936885136015,72.0760583158413,61.81835688665662,48.65583202296561,43.43335430850606,55.689967821890384,73.77116361560805,66.15535248420402,56.798721261879564,49.215742696334146,58.26948781220952,70.06384227253108,5.724064961892455,4.621905836561036,6.85592705624036,7.99325817583949,9.1363464901786,8.46547829864985,8.086506438301996,8.977906637542247,9.80980620141856,8.485215748347233,8.651723615048358,10.220808589524063
23300.0,gromacs_replicate_1,73.23385,5.188951638865061,5.565416673001031,52.992393,6.313649575179763,5.675460584822262,5.424057,62.78488784134228,64.17750845215265,50.65227586381522,36.48530747037265,35.65918555218919,51.41217913520299,54.24370234431546,45.40308877931169,39.432970112549576,34.860522113783944,46.00562063477563,54.560610968457986,6.124051067548287,4.451017937192189,6.886182341340836,7.946763297613598,8.889403682011087,8.638692289906711,8.629716697302966,8.792569056981018,9.684308002383425,8.453630267998143,8.9075930619496,10.57983874310861
23400.0,gromacs_replicate_1,75.46414,5.621774450814513,6.10135721559903,39.80069,6.447509247507051,6.127642604433437,9.590378,84.25179938864267,84.67366979232187,72.61064870902234,61.13459349053588,59.59649150977316,73.40912072273073,82.02759191351137,74.83259499957886,65.29718076002945,57.32356364959878,64.79838453466292,76.99634052870886,5.813084789220241,4.79615051894883,6.973404998945054,8.25927149387671,8.401281435126597,8.42264511429451,8.06282840531281,9.061086260297646,10.033710865373292,8.549091800309041,8.446936944743682,10.45504416832993
23500.0,gromacs_replicate_1,67.63705,5.389463731194691,5.746734649015908,31.891808,6.30975421818571,5.750499447730211,0.04285431,81.31706110096343,84.78977300952937,72.29227203149617,57.87513928237846,54.83693988541187,68.33297782499194,66.09374866068441,58.62280480891162,50.36978154748365,43.47599565886626,52.236234053934886,62.726042230484644,6.065674639921739,4.6470935351520115,7.225937986873588,8.236064172153629,8.744946211303791,8.430128498385228,8.228469983963983,8.668695847667852,9.537758977736003,8.303323966828959,8.924087084975522,10.518135311097225
23600.0,gromacs_replicate_1,69.57129,5.495532822916298,5.846946937710847,36.975082,6.353617258910707,5.810039866220728,6.007454,76.14757838732322,78.85368728183705,66.21702954360121,52.87536437297996,51.149034899239446,64.92487233844638,70.31968341849995,62.880479926272756,55.0200913135978,47.48568195638776,55.51199488100279,66.46654513610123,6.227215079768063,4.848325020320904,6.875202234836828,8.09653139570861,8.83551386869212,8.548206453931247,8.191889322499629,8.724077200937034,10.056232257062543,8.261856877408464,8.67163898987236,10.12485614758819
23700.0,gromacs_replicate_1,73.49118,5.534909374980022,5.8884168462707285,40.27301,6.462610586798677,5.844579615232658,4.6245346,74.3420057000182,77.45409116896943,64.51630264961896,52.19000443831573,49.498520258542996,62.70986474964528,53.796455588583214,45.211541738070856,39.95106722128204,34.97330725678203,45.50160671422881,54.73663414037348,5.804413807996832,4.465289355339149,6.868579606823612,7.964219345156371,8.800254722679185,8.322737587085252,8.356375313934683,9.005931528328238,10.14008445300338,8.418933900865406,8.574988893954053,10.204683218486544
23800.0,gromacs_replicate_1,64.53958,5.513318572695624,5.9576174117621665,42.068863,6.446563283637118,6.140067997320056,9.815994,77.38861596268158,80.02222688045576,67.97096010302711,56.14063303922639,52.229992180190855,65.60617923741633,80.18605901835915,75.33511278506569,66.53348072077318,57.08918579036527,61.20841591931223,73.78260828642763,5.848626226259014,4.473902487666675,7.053852281239524,8.181060268827538,8.99832434927379,9.082145518238852,8.976667269529358,8.916515379352589,9.825109476377476,8.345041490639597,8.488540004877821,10.572271393097873
23900.0,gromacs_replicate_1,66.92436,5.242764759848049,5.4912585697974725,31.496193,6.410095785745674,5.746092752010073,4.7109222,76.99573659447032,78.41803483967662,64.56935655381206,49.97468377093338,49.837786580910084,64.432586038631,66.80970519855042,58.938795977259794,51.80274020291523,44.70304551486602,53.47828843036814,63.86905799687952,6.105726446928786,5.052417991062766,7.449890104732161,8.392242785871055,8.72061113429635,8.677797905500395,8.389863011634903,8.857279676307947,10.246448853099546,7.970232706635521,8.827629392599473,10.472021433198922
24000.0,gromacs_replicate_1,64.959785,5.417152445126351,5.760768340571117,29.227882,6.482126193221797,5.924123525284294,6.55204,81.68535284397831,86.07260219115608,73.979483281025,60.50252729342997,56.17568287640916,68.8657180999723,57.32009465026378,47.28434447772503,41.00491842002761,38.338962457919735,49.692944904056226,57.22015634606797,5.978988719466448,4.898689228101012,7.159500510722195,8.349230797592144,8.701649671250737,8.43226357681213,8.294489572604212,9.232005690643025,10.033620495724863,8.292325198428937,8.802127706316242,10.653552740964116
24100.0,gromacs_replicate_1,69.05697,5.745391630456755,6.14289130719586,38.511154,6.208168478800644,5.754519796687014,5.8459015,78.73376375279011,78.47483957992635,65.46803001837206,55.34744032811458,54.74062942826684,68.62582505465097,67.69082679642304,61.82214272909349,51.29817919091596,43.101372193040426,50.156312541880915,62.27907785123089,5.696772017658985,4.547568029815191,6.853222977494779,7.909054930795424,8.76053746175019,8.162457400639298,8.107792525946557,8.79968936074599,10.014783951417014,8.647064117306629,9.122435945588448,10.554484348983806
24200.0,gromacs_replicate_1,74.53734,5.766193547482357,6.1171197889450415,26.695732,5.987047123839269,5.556688295732619,7.456459,87.3968658986814,87.84204938502795,80.40588957773801,67.72188364850042,63.82190317870958,75.12424360975861,75.12436239648525,64.68634053994803,57.3199470406734,51.8842307260639,62.544433340407984,73.80298587152512,6.093926967929715,4.623804591111761,7.064544470009234,8.254279076663368,8.547446598940471,8.446005921980628,7.935284952215291,8.902641548210731,10.249916385052465,8.38404122605927,8.738405055159905,10.390149967408203
24300.0,gromacs_replicate_1,74.75442,5.286169217123037,5.632276888465176,36.011517,6.3799594468097345,5.949358471377895,11.067253,74.19535842158096,80.8954241484301,71.0191300794844,56.84786958606095,48.79165604916783,60.492700966184465,78.07886082682444,69.56628879842354,63.24815486697729,54.579961057642635,61.94698377128516,73.24919884647194,5.931380449143341,4.7863491253991075,7.196177304448064,8.489176679390134,8.609763937919062,8.706778601000035,8.617261506121576,9.157900578530207,9.945572268686558,8.591094801668065,8.502384954456371,10.42559334904969
24400.0,gromacs_replicate_1,71.146996,5.680120656439198,5.973995108305814,31.888458,6.766671880405607,6.3533982565709275,13.021873,75.10738379195885,80.77723190064208,70.38903782341521,56.588604028689346,51.28927722483288,62.53011898210263,78.2090488267191,69.75827902136061,63.357350677498424,57.54708735239816,66.35091156591193,75.41765812122723,5.749698498875747,4.228344191113793,6.9083221713116005,7.73918839157243,8.68366430588174,8.615567475075737,8.499468403795962,8.950182118969398,10.178525062413225,8.496022887538235,8.83879241846085,10.40125054597293
24500.0,gromacs_replicate_1,72.364494,5.568231786775323,5.953789190352679,44.793655,6.465000378993184,5.863957655823355,2.1413956,66.74178786035199,73.19299324465037,63.92513833065099,51.03349635271119,43.15006090854136,54.01887536807322,63.561462281859846,55.595644469122725,48.51810109698373,42.76937646013904,51.49607990527029,60.796462302761164,5.825872769258534,4.689203677023113,7.200775542492967,8.107245059179247,9.22357136537259,8.868012002468587,9.013394651839498,9.121388721356581,9.748190991632944,8.663050839959896,8.240043060798131,10.075923994566004
24600.0,gromacs_replicate_1,74.133354,5.690931748397065,5.940785937187186,23.999931,6.714043919872946,6.162508248590757,4.686981,77.38986473645605,84.32914486579729,76.20469291622318,62.39990824546133,55.60106531900184,64.57941685319459,62.96100500778268,54.62385619148602,46.83574711556971,41.606287166628206,52.212333829831294,61.52739803091847,5.674659562590991,4.824509718700861,7.909467994727026,8.782056718747818,8.332824209970383,8.42095958652521,8.063105698834116,8.955796961036357,10.22129779226868,8.328740434206058,8.396813597789132,10.59608971015315
24700.0,gromacs_replicate_1,75.5104,5.583304775363002,5.863140275668342,39.14077,6.571811382551289,5.985185210752825,11.24411,66.84727453311329,70.83647379691568,60.521595455229864,45.59615320289637,43.01563530996498,54.937551869651664,56.82731615972288,49.08969555822836,40.03473629367797,34.987536563347895,45.77914564138433,55.15649149948319,5.618040592011325,4.615354374821691,7.221392508748277,8.159464126603675,8.956295811814167,8.762112592395335,8.819583453966624,9.370831963358114,10.265311885146394,9.017332030316217,8.62708797440982,10.261184175849502
24800.0,gromacs_replicate_1,72.53703,5.690032327117612,6.049489123222113,33.128662,6.727837488211344,6.130948525431432,3.6233978,77.07575780190263,82.65647003948972,72.04975372519081,59.99473758309797,53.097325957576885,64.39487454511772,62.888765882483476,53.88298226545759,48.86898187936678,46.5861361050471,58.285198943898706,65.09571681610588,5.595512375164261,4.45665959938981,6.805153496037616,8.094363843704972,9.293763182902795,8.781570362557881,9.080561020630844,9.006859677048713,10.1112764006878,8.84842149937759,8.674152724436604,10.061834967023483
24900.0,gromacs_replicate_1,67.50219,5.372200332662363,5.666392254798179,31.143059,6.425338342752226,5.842769228019481,6.1409073,71.59969235738613,79.86779859641695,71.11710630272103,56.248543328369905,49.07218815847886,58.239613082991475,70.02353666998312,61.02372381416908,53.40771211713336,48.98848594643021,59.60188849465451,69.34719142386292,5.817956177753982,4.716726633709529,7.537136789807943,8.297055497558867,9.13738150357927,8.603352790834668,8.750985332463719,8.921259992730727,10.469840467758916,8.27244556933998,8.648741376553396,10.090839628339456
25000.0,gromacs_replicate_1,75.46119,5.250552068317355,5.555349555305082,35.7845,6.57457208411822,6.071511635524826,10.038795,75.59574807051463,77.06838582255814,62.55045402352976,48.641875192922036,48.82810938364946,63.48470756149439,71.86349889153534,60.75743820177619,56.17466693546953,54.414764212485615,65.6743563512984,73.37936600420804,6.033672875336001,5.258671078951931,7.33790296969431,8.697784892246121,8.967239619706735,8.813704458879444,9.035496818206006,8.995224469034866,9.912536519803844,8.600201100873253,8.334806990851947,9.571765446121361
25100.0,gromacs_replicate_1,69.34123,5.142259483593147,5.387121220081991,38.71637,6.464138694359399,5.888904566545339,3.7333832,69.56649753926116,74.2920532663194,62.223381371952534,47.937628689087376,42.30285218019418,56.23245388448352,58.80683879340518,47.81022760386032,43.939664000802644,39.648318715386246,50.53372697467271,59.18025396204137,5.930922124896909,4.89438505333148,6.952030085813075,8.07747854038099,9.394915278152212,8.613494588567926,8.767995353775028,8.920067248317842,9.826998038045325,8.567023260593754,8.591870503397939,10.210126339398634
25200.0,gromacs_replicate_1,66.857735,5.408379162377075,5.758302505232774,27.069393,6.064495576872224,5.451887101976202,4.1925354,86.10463838586718,89.04520067146483,75.75246278240053,62.908877275614635,59.58950955763,73.08916712530939,65.63389337912247,55.95844969008822,49.445817066660155,43.96629902778545,54.70461758913239,64.91201401438457,5.759229508777766,4.9197501488625965,7.111438242999987,7.87086451797224,8.438266650374128,8.129198430534238,7.942808686186454,8.66193846429606,10.19499720177045,8.165629944084207,8.707945147543521,10.377598810784917
25300.0,gromacs_replicate_1,77.57808,5.750509980630037,6.084711121937751,33.79429,6.42649640776238,5.916371261487779,4.5266876,72.3810097527398,79.3861594438138,70.22899285857895,57.15647528879266,49.88278813389403,59.507150327941666,63.153915782711096,53.83663331597201,46.18978198874522,41.80921475456864,53.357680190895564,62.42869840111961,5.827013928657877,4.824079732421702,6.869943196894081,7.754499843091136,9.045544986940552,8.645055714668763,8.405857432936397,8.762973891941904,10.38835240395956,8.524826031319831,8.694347624983836,10.202891256439289
25400.0,gromacs_replicate_1,68.99152,5.537694541186564,5.800283242097441,21.893822,6.734460726665193,6.143841306715217,4.321289,86.01962828770084,86.91412906776155,72.71872473816069,59.738628920813866,61.711342180530224,74.87064504792535,62.708309276343954,54.66337868093843,45.79455107526341,41.55911423233396,51.788296917596426,60.86803466254057,6.0443069452139975,4.7444149565423475,7.082545442815853,8.033168667307168,8.47041452222948,8.209022613739414,8.172653711341377,9.261796968080702,10.619271078679548,8.539589257198791,9.077541221754078,10.534034735075814
25500.0,gromacs_replicate_1,77.013535,5.4751882046006175,5.8087140736900995,33.94143,6.01886095722998,5.678463622077368,2.6196747,80.35123308211654,84.58257876399405,71.87083757212064,58.07038658105863,55.63479588540178,68.91386582097647,70.61385312109337,59.456951515138535,53.26402290647606,47.27821993145417,58.26960639228242,70.12554724269023,5.744647448148083,4.976105934138455,7.020751322529584,7.82800439675595,8.834538660730278,8.712446441460559,8.41398670664651,8.900789292055933,9.823721559679527,8.161311467824945,8.627462738295497,10.316436117977915
25600.0,gromacs_replicate_1,66.11872,5.425601834714894,5.85921350624456,45.116272,6.122114957615657,5.605015491674641,5.567772,73.1229965626659,74.75200482022856,61.426041503837965,48.48706680290705,48.148416783594165,62.4974886790445,70.94056450336825,63.81759709733583,54.91945826600542,46.76810770483433,54.83260508166508,65.95614860743923,6.282006503949689,4.682847587143215,6.974208164667882,7.7679891488995585,8.04938271330217,8.099411654759004,7.969200563966033,8.833406794950568,10.181381725749219,8.153960514677161,8.718552834569998,10.836088417624945
25700.0,gromacs_replicate_1,65.66193,5.095849313133825,5.458894241123023,29.072723,6.410738736806127,5.923512180287552,7.164543,88.51020149176985,88.48523093225963,73.79835668969311,60.51630519033445,62.33912636094537,77.4671241787597,72.5752103197556,64.40418575512375,56.499749708363616,50.02808904944602,60.16256753800919,69.86468967180043,6.346509861043511,4.662218605873371,7.03714181955191,7.765694946677508,8.626428108988845,8.381846580229592,8.10571000674501,8.79490737451148,10.261055254819585,8.07769387513069,8.92340030741613,11.02752914592477
25800.0,gromacs_replicate_1,68.52445,5.5359994836099355,5.686513435264815,34.6931,6.380258193443886,5.701504548296798,1.6712189,68.03113048481136,71.30956205544717,58.52074232967556,43.91910563070548,42.71882989002431,55.8931886611758,60.020042921810095,53.14821409934366,45.19408814621797,38.48442894966437,47.39060912446578,56.84990183135192,5.960251898031292,4.86240753822992,7.011752357221791,7.7194001922650815,8.809057737177392,8.410583291835229,8.043186893206471,8.893644230639165,10.139415360847625,8.613989700895155,8.690625420297923,9.979335084528392
25900.0,gromacs_replicate_1,78.57739,5.250967869220856,5.544545162165526,40.992386,5.893075596369039,5.640899134392795,5.299019,70.11529109762115,72.85952275777089,58.554945445963504,43.15250430428879,44.0189474590686,58.1991258596131,82.49500524299435,72.80546727534455,62.93999443138705,56.02602998721641,65.89160299041467,78.43848482686136,6.0013157774442085,4.9236729514455595,7.235592237890775,8.0639036153799,8.461561886271696,8.471643905158638,7.946711621292584,8.71270139517935,9.760247257414132,7.986778693891719,9.036211323655673,10.93495032972974
26000.0,gromacs_replicate_1,76.590225,5.29714343107951,5.615299206275778,32.050613,6.462958779813759,5.924172029988734,9.095459,78.80709042083515,81.05602734576303,67.13481017524667,52.91535764854103,52.6291403225199,66.77222190717055,59.6652305122622,51.89184999591474,42.853128456582894,37.9325471833973,49.01982134526426,58.6429458381525,5.6559362460068705,4.964880000657458,7.205184778885168,8.403924213644332,8.594558583084773,8.647184682883442,8.257888146606582,9.249765865851083,10.40223656272432,8.172535267750304,8.474784007813666,10.936818700611415
26100.0,gromacs_replicate_1,72.547005,5.525865783245105,5.839410740113498,31.10524,6.02636186031548,5.567002509265636,1.1060944,83.4493315198342,83.18449682839201,68.09973054707245,56.89230407949366,59.40542542977167,73.4283128132397,67.48052263207474,57.13787723219505,49.97119892283162,45.218270039983146,57.07106603415314,67.12596877995796,5.812786012504,4.711458896123257,7.091467979649814,8.03183216272122,8.910436831471339,8.567771067137038,8.193811792423482,8.672811720500842,10.315520163462644,8.292026800781423,8.681937126651478,11.200394097302798
26200.0,gromacs_replicate_1,72.964905,5.116707899005728,5.243322695280328,16.888771,6.232581205493483,5.7560487944317,10.306694,80.75637095534273,86.75418096290588,73.22021080755741,55.940943768680036,54.66277463186835,67.73080895193199,57.34916255301728,45.698790768764376,40.82460947131161,39.362889518111444,52.03281765929899,60.34569031700523,6.3034520177892395,5.183490317273565,7.358977350300594,8.148015150456631,8.907991114600556,8.884951285384444,8.341526703092523,8.823202292611583,10.419918735808121,8.179585045887691,8.787965048423604,11.000275595415347
26300.0,gromacs_replicate_1,67.14046,5.272070469210121,5.543776353420344,33.16546,6.31347085641435,5.7166352846163635,3.6402435,77.64535990622723,76.46830529215023,61.040929266018026,48.18433832745582,51.97522719984335,66.65963626017053,66.83795300892476,56.98741258872612,50.02560208879584,45.40610399187053,55.964649561528326,65.15571549533769,6.035525318506332,5.012663277423058,7.333145523964204,8.57443065006326,9.008868905477952,8.715916790914546,8.408371700070857,8.938230706193332,10.026474853345738,8.321465986716797,8.596069710574419,10.740812991482198
26400.0,gromacs_replicate_1,74.34194,5.2038295001502375,5.6568138380426145,48.65709,6.311930790841039,5.885136525100613,11.297852,69.86293027498563,72.17827732738473,60.174323279125964,46.80942931389299,43.81683912187947,58.6049731865497,77.64873118043654,69.92903704468317,61.599343135431134,54.77403615700788,63.032889137362965,73.94018620698255,5.921547361794295,4.899883550516082,6.943496982299094,8.392925181165502,8.667857211803527,8.567411039776424,8.47355835146491,9.307310005239954,10.168802461285834,8.452194346616833,8.509706360129078,9.967706750349022
26500.0,gromacs_replicate_1,75.74722,5.833797557246407,6.193697153866932,36.656754,6.062143664722996,5.591142452373145,4.5340195,74.43881107143072,78.29540881320762,67.33267783388933,53.736248434867534,50.440415437149056,62.39736380576248,74.2192348805914,65.06258549908696,55.75740214487649,50.23249197407075,61.05824750067472,72.17143828630833,6.152051003229788,4.89616494166366,7.314519555759975,8.216392315412325,8.837874950650306,8.311079262404068,8.261438812692083,8.838412312802244,9.669004553497636,8.693721622147015,8.659068345393427,10.831047030933256
26600.0,gromacs_replicate_1,70.50049,5.533187039245721,5.755616222724583,25.049652,6.314477605045758,5.861769587551719,8.866425,76.7434451532732,83.74870608291349,73.25174794366984,58.56658112912316,52.5626731127784,63.467558020756435,76.58289462179161,69.50027508442061,61.70648559702705,52.624942324478155,59.477684002604,71.4270708554137,5.841213786289946,4.775832893678515,7.025240641252529,8.029344307903974,8.793816221025029,8.680063337291985,8.576601405379048,9.173269719031238,9.753220978036838,8.285529200741761,8.4420240089349,10.462752881634515
26700.0,gromacs_replicate_1,68.06953,5.195832299815072,5.5012891087613225,37.027184,6.601604095294495,6.030662944538325,11.243942,71.45627492578855,74.41954568510242,62.07858780827805,46.56806286760973,44.21177693958332,57.59834684612785,72.9659768323899,66.99257822709846,58.28016118387944,51.57820073488187,60.155855509703564,69.24821588163674,5.541390054891078,4.514316428151029,7.220774466771139,8.23969141759355,8.991113735946525,8.744650330243257,8.830576893076548,8.658358504980823,9.937975025953522,8.763221564324795,8.729453546752522,10.187529237071438
26800.0,gromacs_replicate_1,71.17444,5.1775516947778,5.501419039582232,35.819023,6.154314329760379,5.532821844654364,11.931412,73.96510022520017,78.837663254957,66.30386486056102,51.363957414028555,47.36086652517468,60.69632447075278,69.90117530584583,61.172614766244585,55.270920572656884,49.01487328723555,58.983176842675455,68.3487406878461,6.1187134221375885,4.829585582453436,7.137287938958566,8.108435203123623,9.083516900497388,8.676479797250838,8.548791370475062,9.183356563909758,9.945013239540085,8.297077715831104,8.315192854784003,9.980369323256904
26900.0,gromacs_replicate_1,79.73306,5.350886430779874,5.788175152211209,37.737328,6.3454836345229735,5.802416613632956,5.3877563,83.47025940998701,82.70127796792545,69.2414600901868,56.95915849706005,58.23019994495305,73.09835608991428,63.91124931256445,55.92348915938217,46.67095932220702,41.108196562578456,51.63672154589201,62.06826565978013,5.398568557234185,4.538881507178234,7.03526214782041,8.152080323509226,9.04298383249277,8.790724495175043,8.574026641961947,9.191415757179625,9.770192795051123,8.811051981400706,8.330208473997168,9.896443488832084
27000.0,gromacs_replicate_1,69.458275,5.445008418003395,5.899125015452803,44.88066,6.092398563147098,5.70397185333741,4.202919,75.66342018252276,76.2791384434094,62.177133420626106,50.39226203330503,50.00689457144014,65.03116725322916,74.47638574658696,68.86509250686696,59.32516084316862,49.347247692887635,56.06476423712378,68.87785953460653,5.856501659550838,4.500075789319378,6.836443005076684,7.844338422790903,9.02861432662798,8.398843630305727,8.282311392404061,8.855971613300275,9.702838935324325,8.495161687238184,8.94374432048268,10.658568204876627
27100.0,gromacs_replicate_1,74.617645,5.4684807163224285,5.731027556232885,29.098198,6.401571441243025,5.906365793068791,6.2303925,75.31243331468093,82.34666740921085,72.42990108304195,58.01062619331527,51.548771242845696,62.3280877734115,62.031393380185065,52.83920594314481,45.68170583467173,39.812449730840434,49.42480804945973,59.492102943522454,5.826476863111909,4.946293643309805,7.5318717916290145,8.516972886899765,8.552908891144359,8.529184654398843,8.301478017121452,9.187301169499047,9.935352482904774,8.211733535669726,8.486251509807017,10.465121234998028
27200.0,gromacs_replicate_1,64.948,5.379888368267432,5.692463367628278,28.92445,6.1767312191349735,5.548769650129718,7.42614,76.73204576378652,84.03862040646797,73.53231988464728,58.54323146563599,52.552192212179506,63.825986189624366,55.719006476901484,46.00385848952108,38.80230392927389,34.15132228651792,45.48990024402079,54.26861913671357,5.772602112542255,4.585284347032481,6.935699801655664,7.833059953608862,9.018568237278796,8.57216066619152,8.307970679880698,8.903663144438843,9.61231273770488,8.561115624282634,8.540508441365077,10.069611008758718
27300.0,gromacs_replicate_1,63.053413,5.432347253774182,5.807163781807617,32.504684,6.416525877859914,5.710460893458426,0.90711975,81.42393274295507,85.9966389230212,74.2234117317134,61.72178181061994,56.10928216569807,68.44315421990383,55.1520686998264,47.18192665087896,41.12819765012378,35.594458872558974,45.382366868833046,55.06679001085568,5.832717974881844,4.5394729774428075,6.70202337055508,7.713478734350829,8.573090477097335,8.336089273120184,8.412661680028164,8.767807971147132,10.052566596375758,8.433164009642311,8.55537112771218,10.409327440576401
27400.0,gromacs_replicate_1,76.411125,5.081962283366727,5.347088524523131,31.390854,6.42815179527167,5.960477924019622,2.1850739,78.8851384895234,79.79875232262776,64.91495711961923,49.97190621490706,51.443170660728015,66.6278721618659,70.76096498113829,64.44868646661021,56.14308695830386,47.416175126843896,55.64073953998401,66.75192483343044,5.7485291752688035,4.5082677478443,7.2624176359349555,8.00269301755153,8.798844725299187,8.50467759068017,8.408098076012362,9.002789347460777,9.95114741077449,8.8308237344971,8.350356286116519,10.229781430911986
27500.0,gromacs_replicate_1,73.538,4.945024665323187,5.276750373706585,38.905746,6.112320487686488,5.536561415132833,5.7994843,74.36265442296344,75.65079379448991,61.05352316528314,46.118745988806126,48.001519725801415,62.74761287719721,57.77550392566876,47.99854093078131,41.352563483597336,37.744988416765295,50.872623218036864,58.07791085189854,5.812625779768058,4.618773745837164,7.5476572807358595,7.963665438326224,8.54823602978842,8.317498043820267,8.440180047798616,8.773436193513195,9.745836915121258,8.244880644602329,8.797323342385665,10.965080524818394
27600.0,gromacs_replicate_1,71.61961,5.361039814411268,5.747034016090317,32.95813,6.545382255317578,6.065645692892842,4.413292,79.5509163150125,85.0741262989277,73.26774297659811,58.89487350842423,54.56353324494964,67.02981944271443,70.92914814416733,63.68907523405585,54.99849135597376,48.87696815667745,58.11486256209551,66.99160998579374,6.025378652162695,4.548031595144611,7.009863884143041,7.765068556838165,8.458323786936226,8.230549161114048,8.031186527981424,8.674358256521655,10.07375057273713,8.283281729432009,8.757991530538844,10.715598720341172
27700.0,gromacs_replicate_1,64.20207,5.664029890248573,5.926571845865115,20.341042,6.13563019778095,5.7309787475910285,12.509567,84.01543666939507,89.57637888854273,79.9763046358389,66.75909088271023,60.35134683317799,70.70292798422808,81.10925487100315,71.79845300691825,63.31631798258408,57.60094066184233,67.39712287795585,78.52448371001323,5.930633848811914,4.681459355756158,6.555401828316596,7.437716769396682,9.1546234232094,8.797149108490842,8.394063465785873,8.971881118392508,9.56607501443993,8.929976833489157,8.61340851248105,10.18874281235682
27800.0,gromacs_replicate_1,69.30244,5.165345302587249,5.540989639541226,41.133713,6.176688136686492,5.534554293555159,0.6466675,72.41604123879338,75.02120039464666,61.83654110945372,47.29661060286278,45.37236912004222,60.4753355219783,60.99389701995743,51.70285045948313,44.475915882437704,40.046235585652965,51.31125217541732,60.38086726185464,6.123539374380614,4.63024907825478,6.960363338350093,7.841356777833009,8.594371072774573,8.701249919512334,8.299175211164313,9.073020511240314,9.981339770159554,8.345878122316504,8.429548902789467,10.318241948071083
27900.0,gromacs_replicate_1,67.06488,5.200077206905515,5.433743965123038,34.17814,6.703307413326315,6.169969115296497,6.2220154,67.93669360736622,72.07962202697941,61.09079733805635,44.73035086893488,41.5754538377308,54.49499778692699,74.20331461836395,67.18611038828757,57.75101743094924,51.771991168008505,60.80460509799514,71.29724660462918,6.019026109377299,4.4971887078188555,6.977878505976017,7.7266358612275,9.145102988309594,8.68268544646211,8.800183961968587,9.126021858906704,9.806767633817485,8.591652948859172,7.845750804052662,10.201879379849045
28000.0,gromacs_replicate_1,69.5732,5.471900726280634,5.748967407923137,33.401596,6.372544229650797,5.766193287164001,4.9153366,72.9714740809733,78.31789127919488,67.02417700374075,53.34772708352737,47.86580788618362,59.56144720235875,59.93859048264247,52.45302670447046,44.974863378716954,37.67392129665316,47.280729156384815,57.13779420065474,6.0528383409418804,4.498427439249794,7.339851846070716,7.943585115523474,8.31054775265773,8.122268508666433,8.166176923509298,8.688217161130078,9.888983790283467,9.016862552130382,8.913331071519568,10.277094925589534
28100.0,gromacs_replicate_1,72.92878,5.4575676734932435,5.837637542841262,42.909115,6.055108433875779,5.556191767600654,0.96398926,69.98768201944144,75.13883404513803,64.5852886054932,50.73793727233968,45.713565437803304,58.38147559250151,67.41102719142114,58.709253172947506,50.19571112165065,43.29313340011886,53.27098386631965,64.39481773728636,6.212461836619738,4.605849485792458,6.566555286604256,7.373786206887375,8.609037586702735,8.255014910622645,7.917803237657497,8.624114485011086,9.69104075746163,8.353855425184841,8.795909130793726,10.121642884009585
28200.0,gromacs_replicate_1,66.44352,5.587237251367749,6.066594511123919,44.51883,6.113197057742736,5.686012005497156,2.2676697,76.2007213781,79.94443346284629,67.93061440478026,56.503125210180464,52.364379937579514,64.54627932516476,71.06116660796117,65.88585557353929,55.964907443955575,45.73138569008303,50.86657195691949,63.51323719161639,5.960885331737166,4.795307932146168,6.694207154728021,7.768734430223172,8.617739268355388,8.402649619884537,8.734015331649777,8.968555030594766,9.381326168438765,8.861806008875213,8.959528503800842,10.621912244125046
28300.0,gromacs_replicate_1,73.46824,6.354388029792798,6.835335362224651,45.518486,6.07142837913584,5.806095700937299,0.85092926,74.95037861340485,79.46077511109235,70.81483165043743,60.713971345052094,54.35780503715083,64.76487239941031,78.48434273876234,70.647880560395,60.71131682273669,51.940548639657,60.78733243109927,73.91381538448725,5.695846562551731,4.588925538647558,6.664728888879214,7.599819771635305,8.085613796378954,8.411035754264681,8.278091463093151,8.878913200427514,9.817936157951817,9.215166094208243,9.509608168409702,10.929912238122412
28400.0,gromacs_replicate_1,72.23163,5.43357971952919,5.719593523871823,19.525795,6.413337436282837,5.82535820572996,3.6018448,87.01579921942322,83.591259851654,83.08110154513484,70.61648847057957,67.53589917094826,80.13449973334683,60.8292701149776,53.03608708625181,45.39267420373559,39.827882110763916,50.51320525665699,59.61974992357833,5.7445222454037195,4.680858322094045,7.411766226770781,8.304044279916962,8.566983460782694,8.532010440241914,8.60634115174551,9.066860497389909,10.335072004695368,8.720249900199805,8.559782581968744,10.350667511688071
28500.0,gromacs_replicate_1,72.366165,5.797636976476524,6.131504632582058,30.033722,6.353652523286042,5.725670382121898,11.2091675,81.04956263401553,84.65545654700274,73.27087409783725,59.53624149694432,57.45552492406478,69.21431491153572,53.70339269521391,47.135888432129434,38.10245827135778,31.66764151735033,42.264772444460924,51.1002154652673,5.971844325910818,4.670313761853153,7.385351782379818,8.336770235113118,8.294077565592204,8.702707601494836,8.879881117208068,9.597294099231327,9.784305483486424,8.936335668021297,8.632569262863964,10.035392188934276
28600.0,gromacs_replicate_1,83.56439,5.715591473744914,6.162113065622231,47.803925,5.866748468329214,5.6150844107357525,2.3254547,70.20139105029159,74.41018891986211,65.77415459660472,53.48460214784591,47.61491964845943,58.8367337494372,82.08047333473189,73.34833481603742,62.48124065317937,54.38186348436252,63.24274663377766,76.68439435158929,6.218946178166392,4.755201932819839,7.863789628030743,8.340787762416445,8.573541011364647,8.28730151441815,8.40417883704206,8.98637129495005,10.050914045254002,8.448752145694165,9.081720833113737,10.390917532534374
28700.0,gromacs_replicate_1,66.744484,5.93118237677039,6.142717775058267,13.835274,6.429883281728166,5.9576339298388765,1.1382828,85.62872874569443,86.50748973085058,85.83524656025462,72.34064993527397,65.66724821194019,72.88993978352667,70.53703964887471,60.83769237453787,52.37608728351736,49.40301994857822,61.03815009954782,69.80589947639254,5.899300757185192,4.6031515552940565,7.223943711413123,7.720464529134035,8.799197699456881,8.689956712321436,8.88066165770989,9.317444756414343,10.118775996160815,9.30968574863452,8.986522793280146,9.9335115328561
28800.0,gromacs_replicate_1,59.154236,5.71985284956459,6.079579533141854,37.774746,6.58257315201454,6.013677297198471,2.8344269,71.26814286322382,77.57645169984511,68.95281944546574,55.716982306155316,48.41712104416778,59.03903180389456,62.400290342923704,57.61320359624222,48.83265508322022,40.532892704417726,47.56093658541678,57.61447332769159,6.195743419862867,4.506805275111797,6.977847437483766,8.002295371165154,8.487509728430107,8.35048913923303,8.723878241314482,8.711877856479745,9.535045298305132,9.031989553848634,8.686666805706803,9.838011992775279
28900.0,gromacs_replicate_1,68.33247,5.90696457355242,6.329530864516886,41.27162,6.035943840895971,5.5088189453454115,10.824989,73.0368655631366,78.57094538109112,70.01017872309126,58.07033121433001,50.99396779933245,61.42408960431257,76.00438110966682,67.53269256404518,59.31241519971982,51.69879267421168,60.038847151848216,70.89399890532528,5.745692941097135,4.552172264587782,6.6682548918541436,7.580216220886238,8.660618114645711,8.433005841712749,8.24635855877293,8.918701818777993,9.171906407495282,8.740205821669214,9.13964834253365,9.88926612625736
29000.0,gromacs_replicate_1,71.16458,5.31349949978127,5.619127881311434,33.419216,6.15120176104002,5.662044751155734,13.761978,76.29285502547255,80.57469932408664,69.08295026173879,55.22762089401276,49.948398284647496,62.577673028370924,78.16280935593333,69.45089797456437,62.58642890857514,54.50875360416306,61.95701871290863,74.26795131691517,5.690073067037439,4.844454422867856,7.363452454078456,8.364844244963331,8.97484476493612,8.703268996263482,8.581868895904302,9.083735199899076,9.46003012085441,8.83506819905214,8.745575691796011,9.997531749008658
29100.0,gromacs_replicate_1,73.47974,5.074345579418634,5.521142320327928,46.374496,6.2946487961726625,5.747023999098288,6.52948,71.84908509158872,77.18433249048977,64.89617570237783,50.011025958320985,45.720069313264005,59.524405314130654,58.42742212022429,49.77857084731409,42.592127565161604,35.45626996580152,44.80919997240318,56.50846657411558,6.091581148051782,4.619372290176312,7.037156926747869,7.931709811382006,8.817806658906415,8.493603837574264,8.323034809253004,8.93689636823789,9.76443365026372,8.476238999060335,8.876020245590295,9.855462655546987
29200.0,gromacs_replicate_1,67.88923,5.662178943432907,5.854893306303032,28.752914,6.115963273727633,5.556915583502298,5.5981293,76.86288115051778,77.55120923305908,64.10904075182158,50.87664780575334,52.69174854807844,66.10611747631869,70.79110414179968,61.223871995344304,54.292594727901054,47.180702617898724,57.919527770917334,67.66625997422769,6.197006983581643,4.851758565800939,6.967240399895057,7.627130964355084,8.384891553876747,8.522493156778532,7.891970170566054,8.7954584073452,9.86012565029017,8.605871528293857,8.337171752079541,10.260862203986433
29300.0,gromacs_replicate_1,65.491455,5.195390185276777,5.5416600773571325,37.10875,6.169573343105526,5.583141633200803,1.2434921,74.7081925114437,77.75057490841232,65.10174350044102,50.69442059591247,48.21398781493588,62.00859040153232,66.80688671399253,57.88262204921561,49.66271362849463,44.044988002730484,54.30923171381033,64.96553169170102,5.865371739589989,4.670549855806306,6.855342867627108,7.674744701318125,8.751954781061277,8.477241243146825,8.429244937334353,8.99002083790496,9.884751987389393,8.547462136902157,8.557969070112696,9.862743544534291
29400.0,gromacs_replicate_1,78.71661,5.482990076900035,5.785525814585069,27.06755,6.400077907266433,5.847110923289927,4.60289,80.93565054472666,85.6674469139425,75.39255707553615,61.09989662348258,57.19091098998467,68.18503436644228,66.24368151804352,59.01118871885964,50.15519907924391,41.852713577796294,50.642222160814306,61.32093976651623,5.911390997672656,4.893329884167223,7.559076215346012,8.670687597563626,8.898560215053262,8.806856951034607,9.22934979775844,9.355889846388862,10.146341861723227,8.66617464565109,8.27725670640164,9.999644309535162
29500.0,gromacs_replicate_1,70.8795,5.686564206827663,5.948852909525559,37.32129,7.068173279313109,6.465437813687509,8.742653,69.1947545940801,73.02493593786615,61.40607360064751,47.39579779304327,45.74433663558711,57.77544813628808,55.508888667708554,47.99626602493459,41.09575199857799,37.81125534948704,48.91778173392941,56.79163384889992,5.775832531501067,4.783770395310792,7.343354109827046,8.15454232935363,8.637621380201182,8.581944484777575,8.739642825494983,9.271772010312821,10.086549465064671,8.646485388842036,8.670509229309648,9.714410151740237
29600.0,gromacs_replicate_1,68.11449,5.1594142371926734,5.520105029165019,36.714073,6.520496877488505,5.872124167659602,0.25331116,76.9276810597101,80.17970667318953,67.34546498341054,53.58949993537347,50.1973774405048,64.3466587578675,59.65920475435716,53.5459118557284,46.38071918819146,39.54469125015549,48.72826237842671,57.68989652215339,5.984654261853782,4.767306000248067,6.968843119890303,7.965551630417601,8.763484425081524,8.847708422659975,8.519709638865436,9.02069063958361,9.806659232213716,8.209995162644129,8.12195779215681,9.992270513014748
29700.0,gromacs_replicate_1,74.88961,5.131961454300087,5.422461518190239,37.232193,6.570112139057076,5.923206846642697,8.236435,62.513144486764794,71.9112847075673,64.51497071182172,48.93841542367948,39.409231072694745,47.980460387844616,56.616119200176016,49.86830123501109,41.5809047639477,35.20555503868597,44.96132889388546,54.49181560907815,5.729696287974794,4.840596219900199,7.060056774889599,8.199147964215365,9.141285293193421,8.484416425570512,8.666770912833163,9.098200738450613,9.954481748054365,8.595594144298671,8.020258969743667,9.676385324265043
29800.0,gromacs_replicate_1,75.7041,5.37028184348995,5.690178147672035,35.649338,6.072004261697297,5.60719285853617,1.0864182,70.42149423888075,78.76858816551088,71.80637053011228,57.02535629125297,48.069237407981454,57.43507805979287,70.95590283001926,62.92933369735683,53.850372472688214,46.37626745258565,54.87342205272378,66.90737509021734,6.657820312546528,4.826179932869967,7.057630939145121,8.037826286269166,8.568559522088956,8.375422312526037,8.44499396451714,8.831908422061657,9.432883341879892,8.51221196433869,8.675906788802248,9.964010517367052
29900.0,gromacs_replicate_1,69.560844,5.61550933073657,6.020096918814135,34.280106,5.994597967153789,5.514204652790722,4.131096,83.84476910620491,84.34659616597527,70.68873779320504,58.402373987643664,59.52390467769486,73.16957557756332,73.31111027065454,64.70283423772268,55.07525104702165,48.47293362617128,60.303344410544476,70.44449340118418,6.014036832694468,4.567114290432739,6.389770994418175,7.249984066406198,8.677952448763568,8.639911572983067,8.493687029961894,9.171264353758996,9.712142664753596,8.685423046453144,8.661327683446993,10.087040372029307
30000.0,gromacs_replicate_1,72.99576,5.717765961892257,6.118287158498546,42.908295,6.209891441510483,5.659946313763075,6.48143,74.36355947760792,74.510926520913,61.60075636824393,51.066652576284746,50.03985317176551,63.798625168763635,71.17396494563297,61.946811360814856,54.18060853899861,48.284694343089114,58.625987012992596,69.54411341821258,5.904876539638271,4.49406403924389,6.777416469554554,7.437297009775838,8.763141339889234,8.678782848908387,8.270573686632568,8.980485745432235,9.816150048833943,8.957339193936882,9.166466476403945,10.508750818250835
30100.0,gromacs_replicate_1,68.60814,5.982936059939633,6.381667153523542,34.12928,5.750699763110516,5.4731778455143045,9.586456,89.23896249780164,87.14072103113672,81.32541586913108,70.46872569392248,67.29790258652743,78.88138613127303,83.06001276272872,74.14331282622186,64.94287426081833,55.6843746995837,64.02285603233739,77.57017569432837,6.198685870271678,4.957664072149081,6.610212348252217,7.661391926141926,8.69155154487782,8.415148618153067,8.10271635291157,8.701104094338278,9.732568870691978,8.715725459105256,9.040496777406565,10.202395748822221
30200.0,gromacs_replicate_1,68.080696,5.479229333774085,5.898420972908252,35.862343,5.915247731601855,5.466724023184713,2.1754456,84.87266360033381,87.08894512898705,74.27730893953044,62.80907092624043,60.20342436181246,73.1993894760256,72.6608442555544,64.36427311689702,55.746561965502444,46.98263684390466,54.823571500759414,67.70262766752217,5.960957573934643,4.525217033486233,6.62001418865459,7.304760851042023,8.604446040817846,8.145114375750106,7.993946306246016,8.578687819070597,9.53917426060369,8.875520639329972,8.66225053404477,9.855303167142367
30300.0,gromacs_replicate_1,68.9821,5.605956442126542,5.97208998150358,33.071518,6.334842795091116,5.778106012677479,4.1194153,79.44090266926362,83.58303536826351,72.00407012182968,57.93454865146139,55.52957126003013,67.80821353245653,63.844349868052724,55.43141980911552,47.222689006209436,39.924536530909734,50.11761213104185,60.32998104767368,6.258941102725198,4.892529677779058,7.086434797275312,8.134605329356875,8.752449897598165,8.573580085769276,8.456684243245025,9.145866686991969,9.513166266497215,9.055358904566477,8.856780964458297,10.644445433003924
30400.0,gromacs_replicate_1,81.31446,5.6074830569076415,6.022139160954843,34.747692,6.364146450244802,5.934093741593598,7.797371,89.4415491299337,89.49197947267214,75.04676288976894,64.10006012831661,66.856656312932,80.66161126490955,61.41799368922355,50.92700024692454,44.190580330439424,41.22572656026702,53.13832424264393,61.61582110777713,5.794623082455273,4.4756898721548275,6.631673813408449,7.993709736365085,8.714857500069407,8.673719938824082,8.39861778301038,8.850250333599925,10.224098886972746,8.965929812785093,8.557989637596574,10.296390627479585
30500.0,gromacs_replicate_1,66.229126,5.298871257966001,5.542490806693855,26.07431,6.1382924159816605,5.4862178262370005,2.9061356,78.9052535969611,83.29272871071417,70.35448351267429,55.83853918036158,52.028611333806325,65.53164534841359,58.80570060240297,50.651767609252204,43.12987564164668,37.03395596113494,47.271753443409736,57.51419211202795,6.046516587068948,4.6897164312111785,6.754347475575147,7.6738229840227685,8.749606874612352,8.497374420718756,8.002251847330436,9.074891179520357,9.561321438265288,8.097878950188141,8.455764434220288,9.527794921280378
30600.0,gromacs_replicate_1,77.16344,5.85930809548657,6.140262716767795,22.756493,6.1553221625907115,6.116330402011355,11.595039,86.11338287947514,82.8034542928431,85.9949842203229,74.12012872908358,69.92994553846472,81.83409435707529,86.66813046892219,87.4498005675079,75.43096197139678,66.6246934018233,73.15665930323182,86.38354270345245,6.071258925904109,5.073111672849696,7.25377676316072,8.287640103649364,8.244641404714551,8.333530858603936,8.281059763883258,9.156056249261415,10.037751509700602,8.643923656392486,8.612283629454048,10.236543837593695
30700.0,gromacs_replicate_1,76.80394,5.443337661009053,5.618978915350429,29.469566,5.947976231153621,5.596543961044882,8.837341,71.7317222837439,77.83046579034658,67.05993013126046,51.17806270592521,47.98681808658404,59.78937248511224,80.8719486253769,72.13564359934276,62.434793921837,55.71911973591965,65.19585213390843,76.21964070167267,5.875359188708595,5.260084435501975,7.731996858892901,8.64825005345981,8.883443988879876,8.489318267646254,8.418765663846171,9.172624530395204,9.746893992168893,8.170892668752359,8.329123044601742,10.176731592424822
30800.0,gromacs_replicate_1,69.833855,4.883315211592046,5.173320967182908,45.289764,6.2369205174178095,5.738800822451603,2.905365,61.28276529527095,65.82764383019239,54.28045377055057,36.78242445894071,32.955431644238445,47.07462499332803,67.1623359392765,58.193970124862744,49.05150471464402,44.277428559079134,55.31827806376281,65.65069848794155,5.880950858122558,4.713294928154512,7.2759257007813005,7.906565530530091,8.759565545391949,8.599368290704021,8.23805665946869,8.997203739483696,9.5273027745798,8.311309165900987,8.17928039921842,9.709752813664672
30900.0,gromacs_replicate_1,67.31104,5.453088353486995,5.737115591457354,34.94395,6.347262144454923,5.826205413362283,2.4236603,70.53540754121808,76.40614222100787,65.68590173097853,51.49324163781649,46.10920360696392,57.4671759261046,71.26226582998436,63.60312030783385,54.87079778182629,47.51454616610697,56.563526813455944,66.7080348644752,5.70266659863445,4.467714744131748,7.040530221292741,7.874758310252848,8.59195027800813,8.729772722965668,8.750370502224087,9.484498205374964,10.22429725862309,8.269879775209688,8.555614002322228,10.136120622416685
31000.0,gromacs_replicate_1,75.3673,5.688408692989714,6.051573130725205,45.900223,6.4233803056720955,5.903780187399755,7.8841476,65.28282556526449,70.74018488752984,60.555348384880084,48.85189160967385,41.46054851424499,52.80518665129445,73.58171048802826,67.12317465575954,59.22602142944166,50.428366559035446,57.30145161632398,68.1422478694821,5.82309611706197,4.5409541273728555,7.199117155475982,8.156801450692962,8.343981345107018,8.59003412585793,8.630571806010062,9.257746094474342,10.211815350181949,8.543053039836371,8.316734406937577,9.68978191812265
31100.0,gromacs_replicate_1,71.980835,6.019504374715148,6.566777021343947,52.3506,6.337324934518516,5.94999019130338,4.959366,78.62006670414674,79.55829970022943,67.37030797956295,60.23379531478896,58.31254539617129,69.91435730659641,73.91166702834595,66.57204018973363,58.33167500049435,50.61582304745519,57.917400057224704,70.55693766584699,5.768809065359767,4.325491731034773,6.181936026190193,7.34155824647335,8.111530797399883,8.375412402611802,7.579863674819813,8.89625013887698,10.172583127495699,8.637318256181576,9.342189222631424,10.299295990787057
31200.0,gromacs_replicate_1,56.552383,5.808882869564623,6.092358630047709,28.748817,6.229395396440348,5.678128113107333,0.33396912,79.10245685472137,83.9568701503755,73.11693205133217,61.12983310750635,55.746211557015364,66.84370014186561,66.95993918473715,62.964904521127835,54.7460300363066,44.23148536531752,48.360792487988356,59.60360606686264,5.758422699344299,4.355749366585452,6.68036258818923,7.481867166815077,8.513778418163511,8.422101222621352,7.824604285227327,8.74324047740706,10.051929577921955,8.333871962291983,8.676570271037004,10.588898814360425
31300.0,gromacs_replicate_1,65.98187,5.51861342017173,5.860297079045088,30.957382,5.799386774136756,5.325001189760565,2.3603058,78.5103355526742,84.22419338350937,74.22610313018681,60.12719628591289,54.36930614716753,66.16432341214835,71.1359647442687,63.81645475627719,53.903150154448646,43.65345000466558,51.108095399616886,64.01877001120305,6.470659256455989,4.673106612099671,7.317299237302283,8.011137564252211,8.306408905839858,8.24705587284813,7.710932692721404,8.883511829753404,9.504148328418317,8.206719636139246,8.807163883878133,10.041744295622323
31400.0,gromacs_replicate_1,71.875656,6.329946624775853,6.713179861333216,33.64617,6.203816068207116,5.756398623279507,2.729004,81.59267692793131,86.38628849718604,77.48821938350645,66.61565499046064,60.63169052976294,70.17767979625972,67.93601389991302,59.15402790131125,50.81695194962006,44.730523985079984,54.809154866875126,65.49891324776145,5.7552462522336265,4.550187730541902,6.661991659484078,7.67438219918209,8.462719060019035,8.519887435801788,8.519386761333237,8.96160471064144,10.244413379475544,9.037090739812426,8.94992919721924,10.454756145635368
31500.0,gromacs_replicate_1,65.91796,6.020688390695616,6.434150852611274,36.37269,6.3721432720572,5.91027196453767,1.9015808,80.38942843280572,84.33391246042123,74.36257150711401,62.69542830153578,57.67561187122063,69.26905083797602,68.37372127259988,61.178100886364895,52.224653162291204,45.24004511899722,53.9250215148852,65.21664870572477,5.436998994953793,4.532985314274068,7.3078757048028145,8.144754413698136,8.542107963911404,8.577136515563053,8.402690928262137,8.783188915790479,10.239542126818991,8.972316388233162,8.790350327155684,10.876260140156766
31600.0,gromacs_replicate_1,78.151375,5.7522819540074135,5.970461453517441,23.72815,5.8619282445644165,5.463768637455341,9.107529,79.77581975246632,85.42745614414308,74.75843961942174,60.40268128743937,56.21711427706131,67.60108460224197,67.35981276616015,57.029829587392044,47.387878191887644,42.39915126776254,53.58181118952283,65.27293558429844,6.241808398126308,5.1009091632558645,7.393031751378703,8.115261350871556,8.495087651040153,8.215800081488208,7.737962016237523,8.663080240022834,9.76382715835726,8.519393226275847,9.1735763444727,10.058352439851106
31700.0,gromacs_replicate_1,71.66447,5.7958039628017755,6.178906985469464,33.60563,6.142912604321178,5.610966964150452,0.5628662,82.28703088336495,85.41476094660105,74.78767873941204,62.83242432781741,58.196537527144166,69.99558501789592,68.0164806009267,60.89095028964417,52.366200185417306,44.00044474686916,53.216348393188625,64.66201175879719,6.056696010245675,4.844822366997225,6.805611322482918,7.9518542886628865,8.599562385417592,8.54477880363497,8.443261336785557,8.991263224845724,10.023245021717825,8.456543187615294,8.73356440156103,10.201744383796251
31800.0,gromacs_replicate_1,69.800705,5.53870763779278,5.827791613022365,23.505295,6.231279583767196,5.7329956340572155,4.36232,82.02174012801494,88.38150405125408,77.62088121142673,62.331622975432474,57.10058566168233,68.86745879210847,72.40423169382814,65.65243094452674,56.351621861816916,48.73948933392426,57.54113883201128,68.18604450834515,5.812830386554277,5.0678148980234194,7.097671833290874,8.10949677065749,8.238226549253454,8.134834477594048,7.972350837950111,9.141597832749989,9.905254998892994,8.442485923010558,8.774496669283318,10.390925355339352
31900.0,gromacs_replicate_1,58.994736,5.541203599283372,5.982701181069043,42.87413,5.996264066148539,5.441689258965101,3.8350601,75.34708002393391,77.99106098581642,66.71365769073073,53.399563833429646,50.64020497522771,63.98575081705653,68.06258535930378,59.27809800960709,51.65987906835951,43.828980120571195,53.621739666470596,64.67313245037323,6.03828164330214,4.398884681776639,6.749750235279233,7.8425520787942835,8.637246855158871,8.501042187141708,8.145358135082425,9.114637766377971,10.093504711909318,8.321064343248633,9.118153501745889,9.883525747253579
32000.0,gromacs_replicate_1,56.96234,5.7730863439154,6.154268704662402,35.506165,6.019413519210066,5.999697778600175,20.74414,81.25767566035842,83.61771883885487,70.67179930026501,58.89656254383664,56.294815450841426,69.74337831601134,85.77311652737023,86.91892452986578,78.25225481170365,68.65475566424388,74.6486630628072,88.67570999792967,5.972604095896863,4.6901208313477865,7.927078983856004,8.465178411521348,8.411562940418218,8.424971493553253,8.117465940254386,8.946119505746028,10.090077533372867,8.49270829423905,8.87056776868813,9.937095308128887
32100.0,gromacs_replicate_1,60.292107,6.041403120760449,6.386804356426929,40.943066,6.390215549054658,5.72281943274158,10.02523,73.68294932447053,74.68592960023811,62.92875839670564,53.120900142655444,49.80350139442662,62.64152095734001,65.49445294840494,58.46860963311228,53.011751993712366,45.792514917471685,55.23426131913465,64.42649260567723,5.659688818471394,4.774009904079082,6.278601318363224,7.3896829165028795,8.576166739186817,8.623191172173026,8.139200872336858,8.943245487865045,9.848666035750446,8.87714860444246,9.27260335707944,10.570925270513538
32200.0,gromacs_replicate_1,61.514915,5.261371982065495,5.5157601843029305,27.830688,6.012339587672102,5.414528940234081,0.9966812,78.3200406401986,82.98282166957686,70.98897741393071,55.94498890680525,51.20236879583529,64.86943590025507,61.506090522019406,53.779905393302556,46.521527316742215,38.537142185523265,47.66057636653138,57.964334473233286,6.480325057715862,5.168163562360408,7.03152740208509,8.016270906838383,8.474462835252757,8.348316827995424,7.8366511087431725,8.499723786938036,9.572639807424569,8.2042641677019,8.919635593706467,10.260171350087981
32300.0,gromacs_replicate_1,70.179924,5.343827389216989,5.750627823056278,33.759056,6.300136008855353,5.837394562902296,3.8776398,85.02368144228859,86.29327206192953,71.74142957279756,58.60766201757548,59.16757487014792,73.46877282671676,70.65881782809471,61.15818991940687,53.90314128424595,48.612520944253454,59.23194873810718,68.98381277654067,6.172590801429527,4.978340258383798,7.120172886585635,7.859065572954645,8.680566392913057,8.439461591941349,8.139295643282532,8.527570220437964,9.73859461465591,8.247941838625346,9.118345997333861,11.159762338965091
32400.0,gromacs_replicate_1,68.531685,5.1878793301028345,5.70480483186641,52.736267,6.554712358547294,5.979058826906602,2.7356339,70.8515355797677,71.09766760182725,57.84409509615024,46.2399542743436,44.818731749671386,59.65576411409636,60.415002610022604,52.110076677804756,44.28615320487221,39.53699566183701,50.87203445234171,60.43160177996919,5.885938700805641,4.6990860309049145,6.854312008952383,8.087275902211369,8.68160065756037,8.500227074122806,8.182672814430102,9.16546319592683,10.020927894199957,8.476571683572155,8.74121781319603,10.285905119801193
32500.0,gromacs_replicate_1,68.360535,6.259970647630676,6.573350792757252,33.066208,6.189130363367529,5.828248315673822,8.550171,79.13966234697195,80.3641037415476,68.0495268580281,57.271070537521325,56.31098861628762,68.89168783506426,78.7077911679502,69.41758305767821,61.684031335028386,55.19266475886623,65.17335607813219,76.1628646253156,5.7955736784007446,4.588005477039774,6.505295071889634,7.386527136843095,8.34538051221324,8.243913647225801,7.970571038535925,8.814995443627037,10.215988137958522,8.674387407754297,9.504445212979991,10.935596750468871
32600.0,gromacs_replicate_1,74.06576,5.334620062240976,5.689920658283602,31.269455,6.28325184549657,5.7486868170763055,1.2967911,80.3079769756923,84.37134013774713,72.75427741060727,58.10592789645035,54.24397719001983,67.22546673273645,68.2859734544709,58.50274434614282,50.70142613399637,45.299966300748046,55.96617876205964,66.11148416361928,6.072329598555302,4.931927515183785,7.235534632040472,8.411087439921507,8.143418662546797,8.359526491813035,7.844041619710715,8.873851911449083,10.20707826286857,8.33570655736328,8.668376159704316,10.697903573957303
32700.0,gromacs_replicate_1,68.78796,5.517504740171212,5.939796540419699,40.38275,5.829608671841797,5.57096222010121,10.923569,81.5791663179996,82.61429476469313,68.78902411966047,57.242931726731726,58.42873497593259,72.41177297198408,83.53113297688991,76.40849680644406,67.0891026284002,57.84871807918582,64.81560086099333,79.16057471744782,6.040751394910252,4.754895926623485,6.503807226997096,7.574904616004313,8.652686635005546,8.645478724821134,8.06291701084073,8.501951182962319,9.511340944072968,7.913444220751712,8.795819013819736,10.425997082772076
32800.0,gromacs_replicate_1,68.57067,5.081908886542874,5.280507023596844,33.97667,5.9656525754104255,5.415062027629372,12.951035,67.55270600268295,73.20099941755562,61.98645292380916,44.78535649795459,40.263988381343054,53.609741173777635,53.621424097018085,42.76092818758181,35.66155556868723,33.76325788281257,47.13893486208108,55.949983990153314,6.257152816900277,4.896353771521664,7.3641065679267985,8.396049050568893,8.928055228710772,8.812309601123797,8.43725079670436,8.766857239647095,9.213035510605705,8.26760365999559,8.522847232910474,9.638267012426981
32900.0,gromacs_replicate_1,67.431984,5.975030068617518,6.353444787620358,30.33506,6.122926768587753,5.765337394496937,6.0787125,89.14706768382375,87.68612040995313,80.77307137951627,69.73384841252353,66.34962980172688,78.26651986560236,79.22994183222323,70.71656420873462,61.92005317728457,53.00601237816073,60.06990292158386,73.10943339304673,5.852957381904259,4.49323581970224,6.673358985131399,7.857133952938638,8.383079844774873,8.400076589498118,7.8464367667562,8.917890467749366,9.704511605236922,8.044678512565229,9.490371426012494,10.345885332043531
33000.0,gromacs_replicate_1,64.7286,5.782079031676017,6.213411109372739,38.90097,6.6095180632954,6.1719589538824,10.592636,81.17161961141939,82.20774601831837,70.53697644501769,59.5368028425674,56.760018423729086,69.92961465866786,78.50128431431668,72.40103728824987,64.35656731727214,55.79612919322175,61.4089012072566,73.20984455670758,5.614533512266256,4.404206130407526,6.507808261523667,7.559349784474993,8.685226241516402,8.606657574617666,8.17305204894006,8.961213512676977,10.0664972421587,8.193146138403753,9.334377743632976,9.997671296182148
33100.0,gromacs_replicate_1,65.57544,5.78962914149872,6.209900158283219,38.50653,6.341589346867403,5.917635832960422,2.7865906,82.08295949605855,83.36116633293786,70.40441200108897,60.42717912290472,58.83422644682115,71.82154723872479,68.88867579496376,60.517255262434446,52.42967484773564,45.12454120980193,53.925131370184666,65.30371553361498,6.243000556887555,4.615268048802845,6.718297375220438,7.591118867044849,8.281023179992465,8.542850350164947,8.083416935012211,8.729024244293882,9.941266939788779,8.488528641012797,9.028795638399227,9.75890450045977
33200.0,gromacs_replicate_1,69.93161,5.517764598452709,5.900545480859619,32.712555,6.006578675368938,5.447000563246558,3.729599,85.42860255331107,87.95272976951907,74.71985438650157,63.475336280048246,59.56164770123265,73.45602706804674,59.454327225856396,51.03101307157072,44.82312460157169,36.615537655310554,46.159804365625334,57.447638235133866,5.846784042876032,5.019947355605575,6.633862911683779,7.97419008662525,8.829268262325728,8.52508957695485,8.41253141525205,8.88211755151588,9.533727371288043,8.688171741656106,9.085815592192866,10.102595428171496
33300.0,gromacs_replicate_1,62.553688,5.500562527136261,5.854118962440239,38.356552,6.266860922035729,5.7985153619022105,10.473267,76.23311844064023,79.15642107930351,67.50711143416024,53.783924645950464,51.76142783623365,64.4076602399239,75.94078308307631,68.4793951252409,61.19378762321841,52.751489228291184,60.25892176753483,72.57210291648755,5.8232646840668565,4.881492311424423,6.274230147332556,7.299394606925356,8.681093163610019,8.883323128249833,8.29294828276258,8.813119391723905,9.92430286612035,8.203857746311341,8.786432074159112,10.349023874778547
33400.0,gromacs_replicate_1,67.52691,5.396008998171926,5.745764352914251,42.88864,6.119155514519895,5.65940292825464,6.4116287,68.9214792092635,72.58118834660269,59.623442070273036,45.709417824517345,43.29370222637373,56.648098169227495,73.9649244331577,65.16784104134224,57.26289702525055,49.92176280897438,60.03997152018269,70.42505067206088,5.8941829568027275,4.880269720755772,6.616583759785397,7.675244651514941,8.977259094484186,8.737807638699609,8.259398443828648,9.002519463358341,9.872240820798073,8.698560458279449,8.782707964985217,10.213329289261777
33500.0,gromacs_replicate_1,58.806496,5.518455486676408,5.87992970874576,36.799393,6.496768376360863,5.829873537625239,3.1984406,77.24836716493773,80.08494979862489,68.03822746138151,55.19262528190003,51.91461276559909,65.04659240628439,62.05847654206665,56.42955454779396,48.8699134800626,40.88761679950016,48.42412393253582,58.598710472691906,6.4329189919452725,4.865779311182022,6.5828032851154905,7.642633153855237,8.200314115684423,8.521978700583384,8.09474793670812,8.892831686683168,10.147905813935633,8.468717761244667,8.530295796370304,9.961202900718899
33600.0,gromacs_replicate_1,64.0766,6.443455918527332,6.714062304574467,24.646744,6.250242512067833,5.794236427816508,6.063431,83.4156522508623,86.4169529597582,75.15896014365865,63.209300567745835,61.8834103946514,72.95446115444109,75.91503677742845,67.31509606811281,58.731621556050975,51.819722805222334,61.06592358473939,72.32694641560782,6.064252109213101,4.4254601918661365,7.165854593044803,7.946372523619911,8.346055892355345,8.317285547158525,8.118600809657565,8.965354034976276,9.808551243880913,8.597804248198248,9.075996589821186,9.947274992374107
33700.0,gromacs_replicate_1,69.33119,5.249711979148123,5.6722513655857965,35.755753,5.780796938614601,5.39333932696101,11.865295,83.49517950909596,86.12777044073883,72.38317316937476,58.69523011987653,57.14324138085127,72.12503807063672,79.72869231989341,70.53616340560009,62.8950235120095,53.73841995945989,62.02962409106687,75.11507669846304,5.799922583129999,4.873996645462462,6.701394490963379,8.029820896630774,8.812359896840462,8.454041525771839,8.040216818594438,9.11767019453995,9.690397897263091,8.08126159674627,8.65838842155472,10.282196503393182
33800.0,gromacs_replicate_1,70.72683,5.333018393274019,5.657001705513209,37.542244,6.061731802617011,5.596881901996821,3.8200455,74.72700265216093,77.95070718787393,65.42068851130142,51.81926452293471,49.659486559030434,62.69263832428795,67.22559055899679,57.16070748994452,49.37283062477848,42.60774015836469,53.531394336139066,65.35947444114778,5.972569154312959,4.771150251012599,6.597099382338174,7.475790260497365,8.629894390356556,8.282174875201544,7.664487039355927,8.909128741966526,9.943007646083577,7.6408175170873625,9.219621198422516,10.681220536464526
33900.0,gromacs_replicate_1,61.697235,5.335627107497714,5.670286510851854,40.532494,6.034843332832818,5.7632301963399835,12.938217,72.65759843247022,73.39775337663049,58.27439475814624,45.10381214979186,47.61846848711352,62.473207382282446,84.72305681935234,75.41927583171604,66.53995361341768,59.574411371178854,69.06048330585877,80.92187940770724,5.701570875735186,4.427775330643301,6.661019475901886,7.812870066485338,8.714606716785664,8.670022967993559,7.938821730402497,8.986232008565269,9.50138110736373,8.020481750273316,8.68034810202804,10.37720988660291
34000.0,gromacs_replicate_1,62.58281,5.437515789656917,5.74353339729236,32.9913,6.082771047893684,5.6284947359942255,10.71978,81.26561110868516,79.97055910598114,64.72759799428725,52.792389959523156,56.99388696511932,71.4488189572295,75.39084896128391,67.44395161551037,59.75772140510251,51.773301406594676,59.8716788991079,71.72107989224044,5.985561819928964,4.520558326600923,6.351249375656594,7.451398717933832,9.011855646735473,8.740235444948583,8.345260675856947,8.74520385694145,9.693937444987228,8.1972991385156,8.649557395640613,10.616594661014966
34100.0,gromacs_replicate_1,67.91939,5.400198608853315,5.754071618699575,27.769588,5.904500420184645,5.409844093319669,8.709572,89.55016494124611,87.21061654347135,79.45958151188971,68.00566069289337,64.77875978030896,78.03479538944481,72.13406336410446,63.31439020952764,56.70244836785824,49.10610209944414,57.997328275894965,69.44123631533041,5.726293320906393,4.727505500251642,6.2565519586142235,7.385830674518674,8.85916533223051,8.620783554041894,8.04632458747414,8.497434690561866,9.473940560563047,8.628814552694037,8.558303725877773,9.742058374979342
34200.0,gromacs_replicate_1,71.6484,5.944193274861207,6.4238433752437585,45.993896,6.110988792102357,5.832795733279627,7.9486465,74.17385097793235,77.5247170482442,65.89650381114777,54.59011950637619,51.51948265483888,64.15396917063126,80.53975149527793,71.34801843388873,62.91200362687757,56.17371442159291,66.15771518058142,77.74777012798442,5.572640691199755,4.476162949122433,6.7694269312971596,7.626219911281692,8.713175187484092,8.542206400796184,8.175649939954729,8.843046358744207,10.108519574545968,8.273344557609672,9.124362806782921,10.621921625077169
34300.0,gromacs_replicate_1,73.24895,5.422236697532268,5.854497735978798,43.811886,6.031974762808452,5.702461942730039,5.5904236,72.33583896676951,77.03262375419625,67.86415123882365,53.90502497253077,47.97951569606934,59.74164709309065,78.94528860800487,69.20301395686096,59.76290039515943,53.66170246353708,63.168469801984806,75.33683348049998,5.647039009313453,4.99724607911123,6.551231603318037,7.602875642202271,8.81635342802595,8.752552461608738,8.399270474819568,8.710833441717542,9.863282031747394,8.44404715976603,8.640659944786467,10.41589086294493
34400.0,gromacs_replicate_1,65.165375,5.026850151412878,5.138967410186393,25.567474,6.285703203386283,5.7747574164685105,5.8316956,70.31317187761503,77.52298036859429,66.12321236884962,48.59795517249233,44.24568799882849,56.29269846302979,62.24431025315297,50.482962289785114,44.48813606395472,42.95457518758466,54.94103615593947,63.689291145760016,6.038244888587366,4.61382335559692,6.7709720378495595,7.777189686717955,8.874289283143517,8.934590053298189,8.733496779069371,8.827289811539298,9.85067172413781,8.313423469230342,8.825893576035455,10.91415182547235
34500.0,gromacs_replicate_1,72.000656,5.910089811861468,6.26206375277977,29.669731,6.071856712788122,5.479675724385093,11.383499,87.00747555259147,86.11887225939074,80.55772101586393,70.15913313926113,70.63250624726876,84.10042880895098,52.58904626095477,41.795182361533804,35.94638702190777,33.358247436870805,46.54563919761796,55.185632521765335,5.639650489710912,4.563524536428959,6.769726866317359,7.8844736979666346,9.041770593045976,8.87111816374309,8.498069606492017,8.689751911694893,10.052618264910617,8.279661514978024,8.67292822885491,10.493288993140085
34600.0,gromacs_replicate_1,69.36656,6.0721475916001735,6.2649216902724785,15.794571,6.123658468636581,5.795833563981312,11.607697,79.93372841425638,76.31741568879129,87.74341188752972,81.24309751502875,77.48397650644759,88.3026695449637,80.50609103013973,70.78647576052053,63.43956120125281,57.40568757974863,68.67069061630674,79.66660963947001,5.627247157397681,4.632372794027985,6.594769531098972,7.6074599089937,8.649073526082049,8.34872025248038,7.98902043896603,8.528749530728762,10.600631605481011,8.650069463169032,9.043273809846784,10.496949718370011
34700.0,gromacs_replicate_1,70.47215,5.243798373090622,5.62772010254194,40.957764,6.025185240833407,5.56428472520055,1.1891861,75.47831474778238,75.23870131496123,61.03924287092859,47.48689687808565,49.39202702631482,65.21585703367562,71.51814386628429,62.014620328089265,53.49613851715549,46.02148206917173,54.95194904254381,67.01770657722197,5.739111537681306,4.284926668239924,6.512551911899062,7.49984225203393,8.5019521970142,8.309189118806236,7.944994306787703,8.733372286411681,9.922750794163514,8.315238963085022,8.965752337205242,10.423203687578107
34800.0,gromacs_replicate_1,62.149002,5.23691705955047,5.662876324408767,40.075974,6.054764503183069,5.403438298756931,4.5126114,76.7682034272593,79.86197637964426,67.33295973909206,52.62577814355094,50.49057774810227,64.60758563982998,63.580830849374685,55.905955170169435,48.07188356536839,40.32414665295685,49.68899975000673,60.24694864381933,6.074542420021366,4.991522258830713,6.6418119576926085,7.886363504115436,8.719047871656636,8.344998938987299,8.650031606636528,8.714589487178799,9.404149330714379,8.412390112937265,8.584635200272729,10.420731743680047
34900.0,gromacs_replicate_1,68.02237,5.486609499295258,5.733977143623391,29.599869,5.919141450014563,5.408245429788871,7.9576874,73.54145468195848,78.58221774621416,68.18381399820225,52.45524778243673,49.50766703500834,61.08996642174608,75.6361153094791,65.13418351104141,56.21353919682572,50.955939188500736,62.16627549259651,72.9780593519692,5.994730258204478,4.597711449468236,6.896330172003511,7.962677164211632,8.708385463820596,8.376884956583819,8.366514384764814,8.878778364765214,10.052602844178539,8.310237423357107,9.05633957652299,10.872428717190276
35000.0,gromacs_replicate_1,65.48796,5.469240557242002,5.833742402994699,35.296295,5.875890980977525,5.551531496070841,17.170456,79.9207272118447,81.85039347915317,69.18677523644583,56.364103011677635,54.85196607488012,67.82075940649759,85.00000506732214,76.2007856666457,67.87212063720717,59.76289946960133,67.89803758129096,80.90582981450282,6.286842393626678,4.786936326593927,6.735397626176205,7.6712396208672375,8.553231347614734,8.696964256432429,8.529211906367667,9.121693884769194,10.205374042238054,8.195372316237624,8.865130853363377,10.567982731682436
35100.0,gromacs_replicate_1,72.10214,4.784822907938295,5.012940896744835,40.03978,6.17228186337605,5.7863695145450516,0.811409,69.33436076317501,73.26595135297175,59.81294678743388,41.68678460009258,41.19063076218653,57.01050761234034,71.33788980047771,59.853502094385846,53.693284520268236,49.364844653310904,60.369582965824115,71.10550662722662,6.363369932758427,5.500480894079001,7.148497590554302,8.475034751659615,8.792840150674916,8.626501094327395,8.10871592477466,8.757924236627304,9.645752743697805,8.172525522271128,9.024171991375162,9.827247577985972
35200.0,gromacs_replicate_1,64.78644,5.169968215399269,5.59697084068941,40.867523,5.732126527016513,5.367260351438547,5.1355515,75.76181634742981,78.92637423885927,65.83287009994658,50.396892233626644,50.10379437753463,64.35230977716007,78.42869410956422,69.58141627960165,59.19953250429056,50.983551921564526,60.75838906502282,73.4356481792347,6.033063691421491,4.898344710074822,6.889250609009223,8.030205376321888,8.67433038485608,8.33123436805004,8.069661343580163,8.957802889324924,9.610438548163655,7.979265638508309,8.181349497529771,10.106433180103839
35300.0,gromacs_replicate_1,63.079903,5.545921818118474,5.7838966897380075,13.880455,6.273712008225549,5.482873831022979,4.0572357,89.0948019673595,85.19220348358427,84.6500247692795,69.71705745706815,66.12219425964072,76.38502881066002,52.81875674095068,45.50412855846748,38.49026919141191,31.617588543007713,42.38954524588084,49.924446834539566,5.9761606570990615,4.833815558223761,7.170130820199896,7.9353680196487115,8.979771975834064,8.651620188576462,8.705554309963263,9.0739797239372,9.470072711575831,8.038520311003024,9.103458299701694,10.36884054035463
35400.0,gromacs_replicate_1,59.771027,5.477841774151329,5.770988510228219,27.39293,5.80336364604747,5.282065913973926,7.224983,79.99362386666681,84.5391164778862,72.68657894630788,58.03700368988145,54.762356259743676,67.13431523683495,72.84986573434846,62.63083108733297,55.116712583952044,49.12265764377321,60.16654451177227,71.42173985824212,5.978609575469162,4.770074092218201,6.595604077583817,7.812269388074934,8.65095210700846,8.281705644297464,7.824738888997912,8.841964700273767,9.40743887881152,8.381729562765527,8.972713324350352,9.95990960701159
35500.0,gromacs_replicate_1,62.636017,5.207951855963349,5.434255205848939,29.044014,6.0861956429886295,5.4414279128549,11.268341,75.33704717756882,81.1770475538422,69.49877339166828,54.64448361312654,50.03542047850104,62.34035330946409,48.213843054810035,38.18064623829805,33.05487333053164,29.24884914769447,40.82685218862886,48.72550075328384,5.992750294709977,4.519828064070432,6.965367678013236,7.750493845758212,8.984075207955367,8.252467544324428,8.336265849134852,8.982845392353283,9.638691581321623,8.359911930690412,8.699162118307655,9.885686146165211
35600.0,gromacs_replicate_1,61.33674,5.3508328616555705,5.62396822642393,18.607605,6.55559744756473,5.683327912064049,7.683136,84.86480708363678,88.62083207003725,81.30047266995366,66.45502733716295,60.10143632248153,70.96522815082545,45.22408895394824,38.59305310796688,31.79983287586168,26.46234690601468,36.436005905007875,43.997821320796,5.790498191107675,4.67103750170126,7.318061200242987,8.077157722571345,9.160012569614274,8.90020908802251,9.152219945797453,9.314231001322286,9.866587675752262,8.757283893370087,9.00342851597437,10.230638703432058
35700.0,gromacs_replicate_1,62.29342,5.70473344988378,6.0956173106903915,31.891548,6.725022196768849,6.036144387164277,7.5357666,88.63698378320818,88.25210369338919,75.27369654723098,65.2183703733194,63.93199131995919,77.94064456121127,64.96287914170289,57.65150092244567,51.42209504092975,43.76642921092173,51.539865055929,61.499469638328286,5.8700979935202025,4.736190204214237,6.993762558417372,8.192865780003224,8.816138823251032,8.662663328707985,8.341580638489491,8.976528277755792,10.439570625882778,8.241440055083864,9.047390074062074,10.855483400127062
35800.0,gromacs_replicate_1,63.647026,4.989624683119591,5.224278469198763,28.856258,6.083483911316095,5.53872383277382,4.289917,75.49294018290743,79.88370665197995,66.04305899623135,49.578458635722484,48.092216431688705,61.635115299147664,69.3967166631128,60.92467682735118,52.934721115600006,47.38979533287012,58.46631138831454,67.96562102814103,5.892846044192211,4.680106593906199,6.657886296867766,7.556319539786872,8.884678114582695,8.348770251181861,8.376917409984658,8.666751902853099,9.523781937324996,8.303218078821962,9.251842492518957,10.563025039754306
35900.0,gromacs_replicate_1,67.26234,5.639313982126139,5.974148137989568,36.986458,6.787573123895757,6.316871543587071,12.158287,71.71115981984651,77.47769918973681,67.7016696196693,53.22739692500375,47.97936630631274,58.93630762484872,76.12438280262225,67.83159203288379,60.83315273225225,55.404403553928645,64.3392717479644,73.92046841256673,5.696266601657355,4.6475833667249455,7.029056342288176,8.250175354441598,8.61829469174384,8.501054023567486,8.306435036433463,8.738007576313588,9.928620287041436,8.45308470410064,8.79596992858219,10.142567668942272
36000.0,gromacs_replicate_1,64.08883,5.624035749498507,5.907356902563454,19.35791,6.022950355369669,5.552944750354739,7.3208237,87.91593441855406,86.10522312314706,80.08501964882639,67.80808105992719,67.57019371242843,80.02733768895772,73.81338616668573,62.657830108106765,56.920103962987575,50.72369429057878,61.095015473548905,72.22455653536919,6.071929701895464,4.698865190263114,6.498468228047737,7.696046425791925,8.845781855798899,8.24836124643296,8.376147792999676,8.972312763531958,9.894160948626395,8.34029703247953,9.422579514478738,10.658603651410735
36100.0,gromacs_replicate_1,66.61439,5.630898022520257,5.931382523266746,22.418869,5.974966480263062,5.593152375066137,1.0429764,83.88128778114518,88.71553015345688,83.30815675917616,69.28779031194922,61.418610509513265,70.77227181144222,74.94437708987073,67.51730832871328,58.040613733249955,49.09698235158183,56.76746488546906,69.06754842383977,6.175313766215604,4.908978979473478,6.404464580131987,7.360871272430463,8.29834167942555,8.559374250143382,8.164067146623376,8.707273902319667,9.667934290173786,9.280141867625497,9.159048750356412,10.163184965912706
36200.0,gromacs_replicate_1,67.86493,5.700129292809215,6.022835405359761,24.743103,6.303638558680477,5.945968084456034,12.155884,85.15553073250291,89.29903885011083,77.1656101291044,63.7667702263226,60.67156187603306,72.34450705852798,82.77088828958722,74.81675110477414,66.23256343489524,57.78722326524175,66.52980246206324,77.89117947384803,5.960912368642691,4.666256887345912,7.113535239660866,8.00797029281348,8.388805217515566,8.54097761314963,8.680187393971044,9.108206841988194,10.10287741573781,9.294529467574934,8.825166792864545,10.244278136602984
36300.0,gromacs_replicate_1,67.72771,5.425499752103038,5.6777500178167974,28.985413,6.494626957276718,5.933920368400529,4.4228745,73.25117532443991,81.27028182685383,72.6427455350417,58.23011396094213,50.382551437433115,60.10422357475068,68.58256503900148,59.889634041516196,53.1309435583653,46.714096796299,55.62814654918936,65.91348935115494,5.896635324296357,4.774464407872185,6.629816822253896,7.661964821917914,8.736344738558353,8.69268965452324,8.718045369419267,9.200609067129307,9.629909066794237,9.165272312628877,8.56363947442635,10.427181592374044
36400.0,gromacs_replicate_1,69.18823,5.328847681687716,5.737725092401832,37.199455,6.3295706922028145,5.958340932838609,13.057007,76.63160128613461,83.08894699820439,72.64323475169395,59.93513259014307,51.751367043428516,63.61454358122011,80.85116267152486,73.43930107147932,65.54636061776912,57.582922201593846,65.16593874947289,76.94218590369739,5.452871194933642,4.767821124541284,6.772901494893871,7.723946748266864,8.618583189359349,8.221326614783472,8.147021282616317,9.081833927748292,9.846458256492786,9.114668357229197,8.918894716542443,10.54457863109505
36500.0,gromacs_replicate_1,67.47371,5.314360602493652,5.48985268436483,20.7649,6.3149697740833,5.869382169669316,14.953201,74.36563448916766,84.51378663249825,75.68991849601002,59.780116827516686,51.238650587396634,60.682960780577766,77.72160804432514,68.2190436802739,62.03655240565163,57.6793734627609,67.42319704512057,77.49921276849291,5.856526243857487,4.955869705647856,6.770243138918969,7.7113534563098485,9.285828332754619,8.643412684584435,9.039325998007143,9.13636622733973,9.66098021487873,9.30379956885312,8.77226889316025,10.141678645064081
36600.0,gromacs_replicate_1,69.743034,6.077130049376806,6.403253810021797,26.300728,6.306655342395786,5.741488541627338,13.175621,88.18352790102479,84.640677025836,87.91007584210891,76.73241140304816,68.27358122494678,76.2373663733628,71.25192661693737,61.08094423863956,56.26848987443298,53.483180585732946,64.9158234002793,72.87058494953386,5.891060911904341,5.0051521800823355,6.766110977352569,7.897174057969785,8.750187354018324,8.658963184183877,8.97888108301992,8.908924480489448,10.216877973878999,9.50119998796244,8.786407596069074,10.92927988449411
36700.0,gromacs_replicate_1,62.89621,6.06755913193189,6.339185133748337,21.466782,6.168969174913197,5.662304305204535,5.251396,89.52016628032618,82.52077856695148,89.84891584087732,77.52471167139355,70.59011864751889,78.91456736390136,72.58346410658484,65.47330625857087,55.45618743766136,48.61417523610579,57.96363515978981,67.88665569733813,5.798311973245987,4.6682509044842755,6.98114192375724,7.788884826253239,8.551333987813308,8.640940462045187,9.017694655076914,8.99034633833567,9.764925348695892,9.880333736952277,9.1025621327718,10.363866329518869
36800.0,gromacs_replicate_1,73.298836,5.858386824130513,6.198127163523938,29.084225,6.3652532601821425,5.8662207028481275,4.24263,86.69880530817795,87.04813298022408,85.57056866599041,74.16484548784184,66.21262713108669,74.3685558407718,74.12425593995734,66.2125978370498,56.60709317291186,49.692820957261375,59.42324892747781,70.1156342930342,5.282935335282838,4.430245703033529,6.139091201339718,7.317159120418763,9.656268655679499,9.295831209337397,8.94727998710525,9.012292272398032,9.444425437085805,9.307817569562502,8.946399233566936,9.893222216299435
36900.0,gromacs_replicate_1,68.60445,5.597958434763309,5.844482663712365,38.63629,5.654147652019563,5.203711457677809,4.235832,68.52216826557661,74.50524415610825,64.90790049697723,50.67939371077431,44.00123562289758,55.97192231884333,73.75283887663085,64.29030974432672,56.80324859235199,46.85526491537156,53.756218802578324,68.39126449095215,6.280655450035557,4.851288697781953,6.877986169358074,7.867722404662728,8.687544871935605,8.518748632784982,8.086588656368436,8.766571917892469,9.56179409147633,8.735910676817644,9.26510241813447,10.329538142774227
37000.0,gromacs_replicate_1,65.56352,5.4306548665300065,5.576009869068041,19.763489,5.940826780267068,5.435498455837191,4.3580704,76.36876252467982,83.6469352522322,73.90114291600044,58.04224609124018,53.56266200847017,63.78687711479718,71.77474953344462,59.55429090349133,53.562148102106555,48.249741828866014,60.52083929234389,71.21624048586021,6.043609170038553,4.645913698808048,6.605508584626173,7.671167905828584,9.181276413941054,8.696472029786516,8.367872100164739,8.822870673411881,9.733418339706882,8.608504011718953,9.103092391569223,9.906549082766166
37100.0,gromacs_replicate_1,62.141556,5.503054975699228,5.755973561010625,12.113068,6.344503170758695,5.667363692760774,0.86411285,88.15023028299102,83.46055546252678,84.7321748162822,69.87385654323963,66.87031757331081,78.84171928235762,56.263429348947035,45.492295522920855,40.84461660434151,38.81563322104316,49.79353984504631,57.34227089865681,6.343653190888513,5.101586297827127,6.5958534840746506,7.8653984555367025,8.798988654084972,8.494876592693716,8.357164396135977,9.05338663839913,9.611895474784504,9.490013746316363,8.509452172087713,10.025656034576299
37200.0,gromacs_replicate_1,65.84827,5.5647085847661835,5.806783117354928,11.612289,6.432944636048088,5.8078385149168295,5.8159485,89.11665724850941,82.42544960007876,87.42840060127646,72.76584820969022,67.09352726188476,77.28351208721524,68.06083134424036,59.909756424088336,52.6211173963967,46.572969301285,56.09927821666218,65.62716351324143,6.060869727153881,4.618302239818789,6.58912622206056,7.437545174692559,9.390279240425976,8.46055495542603,8.46131455344584,8.960979998645875,9.675789393957329,9.647602954018934,8.755491194045824,9.862653512814177
37300.0,gromacs_replicate_1,64.94118,5.480824018883599,5.782548403784559,23.634178,5.913110938558283,5.646452602430646,21.295471,82.15342053173246,88.90301710832094,78.84738024885064,64.46799000076128,58.293611338418756,68.92066324765118,88.12660673380367,79.49525791959351,70.70968860697428,63.51142011918623,72.57139327584643,84.15505484566499,6.03459282990906,5.075008752000248,6.674881578213801,7.885944629260141,8.90977697591907,8.553880457303787,8.573286639918592,8.844675851891182,9.6484039107443,9.220118464914652,8.645399540179598,10.422281744103692
37400.0,gromacs_replicate_1,64.09626,5.824993118625549,6.229512253894495,39.337677,5.896315179661831,5.5095858260370365,9.7981415,76.62321613773895,80.51374666566097,69.1274996882502,57.60537142587356,52.50848146728571,65.23901917929977,79.75761882466738,70.87379795887061,62.9570209046327,54.00803687130256,61.81531596358575,74.20215731388521,5.651778878135173,4.5786863174932675,6.780124453521956,7.642493157667991,8.892637177105161,8.672804495403604,8.698465152464706,8.883600936992268,9.172415073530608,9.361736369798004,9.462444206237974,10.003277619173208
37500.0,gromacs_replicate_1,68.06815,5.049731246203709,5.379339807596397,31.70123,6.289713028557555,5.668123891355037,0.13438416,75.88010299085887,81.86142437027699,72.02628111118405,56.287912915860744,49.29669752223528,61.33181664705252,61.657814148667015,52.90075063802963,45.99416183125062,39.74235872024544,49.81313995636833,59.197947064357244,6.046980226857,4.889718856924639,6.994426834868507,8.170169752891194,8.908053391265373,8.839076458260593,8.419900222839983,8.862689368823924,10.071355134401564,8.281633692664304,8.485236076482822,10.236696643077797
37600.0,gromacs_replicate_1,72.76104,5.8630667002388135,6.25881154671202,36.08042,5.983414446232668,5.502879230772008,2.7510605,79.88011473222784,82.31203599466679,70.4118479482281,58.0345330296707,56.004622728446115,68.50507682516195,71.88091009115455,62.14409987121202,53.70164637862123,47.582240834762416,58.40175891543545,70.04847847146236,5.839153322217161,4.555135177771436,6.919389294317885,8.138413778661395,8.801860056478747,8.657750544264987,8.20329389973022,8.67413354866427,9.769048305460611,8.339673620661571,8.893565313380083,10.381512989693519
37700.0,gromacs_replicate_1,69.30695,6.633612474753377,6.935258432200009,24.26493,6.591095207718508,6.05717505441715,0.06615448,86.9304082282828,89.95722539971585,80.88816786922263,70.14466367328772,66.14180223036469,76.01038418544371,64.16068600476434,54.07844830081121,48.66093959717497,46.59375809540776,59.0764604540862,67.04850940731221,6.233512483295548,4.840918181603843,7.102811230870498,7.812427220677252,8.32355204523923,8.226671020767878,7.8713493889496045,8.77220660657567,10.67778438620462,8.779819020956175,9.238384711598625,10.396068939173535
37800.0,gromacs_replicate_1,64.8262,5.889164428705125,6.282738473124884,32.46887,6.745983445224468,6.129851109537458,7.2834244,87.67629468130858,88.12146892045868,82.62130356557107,70.64808224203698,65.62986902075797,77.2629789368176,67.15992285862305,57.687108307651236,51.41261892949095,46.887600896582654,57.37721184820636,65.93982411372056,6.107300601979452,4.778115970916055,6.609592645415381,7.315300702767928,9.041955408361252,8.617222375584282,8.435832989613978,8.827286358471019,10.064081554992569,9.458710173584247,9.014982888139366,10.352434849309972
37900.0,gromacs_replicate_1,59.94053,5.945813653120687,6.223178571860638,20.767532,6.605985084723094,6.085120214962517,17.490288,82.57211090507421,89.79788208131791,81.73830237629063,70.10521444875,62.202760917968355,69.19472056030109,76.70407854571188,67.26215418998832,62.76193307069238,57.42283249613156,68.35398522839422,77.12883130858732,5.972845110130544,4.329437837562654,6.804637713776817,7.896297787741994,8.741415858085155,8.684006000996863,9.117414822158032,9.108443652147338,10.922575451305622,9.306028188916613,9.30395515274235,10.731971943389823
38000.0,gromacs_replicate_1,63.542274,5.288896174556891,5.592113306543755,21.867065,6.462806561757273,5.835248226175932,9.480965,81.30583635819819,89.76981043087034,82.46571034499223,67.76642536945755,57.98145247026586,67.02832393271825,69.23923723909301,61.56222515470757,54.25604103612757,48.71681948391704,58.825119741578796,67.6404514612543,6.414477795357244,4.948378472713249,7.162671630783294,8.264077459952597,8.802128636501264,8.430607497330875,8.577493215072609,8.918849822454973,9.811269707572281,9.169449977776358,8.566842666232771,10.064142136098118
38100.0,gromacs_replicate_1,65.84287,5.573414136836287,6.023451496870452,39.647198,6.560096056114678,6.034266759724803,11.832207,78.12337551286504,83.2497156683751,73.077989380983,63.09954284669094,53.42014705150842,64.86248315474023,73.69334436697702,66.3901934602589,59.13440859907331,51.94411168873922,59.705368781132286,69.74191682766951,5.6533278038122345,4.570916032214295,6.72590593685628,7.8806952279705555,9.074017843238595,8.738888426461424,9.121572432945364,8.779390785329365,10.027729388757072,9.782385530226476,8.659846906121512,10.243466949259856
38200.0,gromacs_replicate_1,64.05465,6.217509557000041,6.578780800683619,32.612984,6.725156848029015,6.565138595374953,22.541214,89.28600784206883,85.99624515763132,85.51341495849101,75.90646701245994,68.66060575691617,77.42612099485781,89.70399717652768,82.91459953084258,75.52292861911765,67.32952227856927,73.6144505421539,85.05995797433714,5.812363825380956,4.544050799444641,6.888949823959501,8.047703042845278,8.619190012528785,8.612331131272391,8.508140834097086,8.895679609939512,10.16587905334594,9.799638132209076,9.071871570403792,10.730295746497259
38300.0,gromacs_replicate_1,58.669456,5.385009956436317,5.645995848694932,21.508331,6.49267695050242,5.803420099379013,14.893967,80.73576697024936,89.0059245366543,79.13520538526024,65.4756368899039,56.592610973387906,66.46415486706071,69.57955308306099,62.4400047636387,57.97099356522624,49.741406536308205,56.13155540402063,66.32250213697849,5.671236889241074,4.611881555417706,7.2920840298830765,8.332739587649325,8.747464504324029,8.139964889882945,8.676388786274009,8.911125093141528,9.699831123307547,9.38373480425637,8.218869136911028,9.915573134975952
38400.0,gromacs_replicate_1,67.74955,5.506759328474699,5.5133513741780344,6.8673706,6.08359532469954,5.6040200327584095,9.336761,75.31415100618943,85.3454678724208,78.23790634820685,62.44748692286717,56.4154243915111,62.465543281864704,60.4344443646001,48.53379893406275,42.37105852772237,40.74407737065111,53.68918259267765,62.94989048233172,5.746430736947649,4.727659025680472,7.110635607373737,8.303013129816302,9.096610848569162,8.331694108784504,8.685867008417075,8.99439704284633,9.81637780738843,9.420733050268053,8.505618532192777,10.084390098567455
38500.0,gromacs_replicate_1,69.70711,5.403151151290544,5.568638720965169,22.76513,6.273970390794644,5.856367065777271,7.739609,73.03404502632841,81.23372913088288,74.36336916164086,58.062998796950424,50.41263289334761,59.244335773422335,78.06087855148044,68.13668097444672,59.88225902875591,54.430802800292966,64.61631968609512,75.43524135224187,5.49608364768411,4.587726977488745,6.641978023940358,7.557030881420745,8.840633797419487,8.455012046410335,8.73532340248069,8.943550047280725,9.287489026492239,10.038667720371068,8.394012044551236,9.87112048322643
38600.0,gromacs_replicate_1,61.326057,5.753409975789271,6.110490586632457,32.065674,6.3045288458565985,5.914290339874654,22.460358,78.246617554681,84.16663827360385,74.08746722271877,61.057505316484594,54.36806777074305,65.3025000924235,82.57265667429108,76.34978275526953,68.9213634188206,61.097285510654295,67.25358552365395,78.0505120675681,5.817766609704059,4.6519538947253185,6.533220826816802,7.429727835083608,8.917657328964259,8.641502709979996,8.624647285295266,8.751874987462688,10.082323249404391,9.570694046566325,9.00934835441085,9.781967629875982
38700.0,gromacs_replicate_1,57.119286,5.500676519752674,5.819556391468942,21.316948,6.607398378634691,5.910857564486873,8.4375,88.00146521631322,84.83863725472325,85.87223965170956,73.28145398440059,65.20354526010414,74.42740849524098,66.50818587830707,59.07932268218645,53.27985709871627,45.41427430576282,53.69470722905112,62.87736819333343,5.99847666236307,4.988426244342998,6.7685337174430895,7.817382893877255,8.925403834031512,8.69733548872542,8.952411029690774,9.093995579473637,9.665673032322259,9.702927827903816,7.92869028626691,9.817357224978116
38800.0,gromacs_replicate_1,59.392906,5.811554632515357,6.138740944705689,23.953232,6.52988666466189,5.8564128837719,1.5176544,88.49435712503731,87.9045942855035,81.06029034616411,69.3994483497905,64.16107213556273,75.88630599619918,61.990759676970505,53.90134109522566,47.35346317145005,40.26221300794372,49.29446637251463,59.061363276613065,5.665867855859239,4.383860169569907,6.674936454439212,7.656142621828821,9.236764587787778,8.796686380958366,8.983230251598401,8.67665335947552,10.224706338162383,9.736204744926491,8.655348823221363,9.845876004308762
38900.0,gromacs_replicate_1,60.409706,5.5621810710266955,5.7894723974982645,18.31285,6.267937665911241,5.7498535460670945,11.336487,80.61286595073439,88.26009912392891,80.05755726274825,66.34909541770749,58.22634366410307,67.2853659341479,75.01544926660685,65.77884839985155,59.00380776903141,53.126585639479146,63.2303394724372,73.55185793810796,6.090535887109704,4.692970397013452,6.590413239108355,7.527701707817979,8.870015057187722,8.210177155785118,8.281881121456145,8.69066863921347,9.82627246586533,10.012344976404082,8.811368444697326,10.200367966349713
39000.0,gromacs_replicate_1,74.94055,5.865622974759509,6.062542303570254,17.10263,6.38446286078269,5.858939246947642,3.141243,79.77120246687849,76.03633628895297,87.34941815013468,80.44022184317417,76.76717270780412,88.85956996984319,70.06474661992421,60.376228983348774,53.013409735599915,47.02285152986964,57.28358985244696,67.78358491057605,5.749481666687419,4.786854648259163,6.694713890772677,8.006457115354857,9.064445304662263,8.700406194912622,9.144792743168182,8.649339745777294,10.289642905808867,9.37223144080581,8.868523728698326,10.01613919328935
39100.0,gromacs_replicate_1,63.98613,5.8064766601322,6.125455802983294,30.976303,6.584035583739583,6.116184153261061,8.90213,71.24120912882378,80.14110072063471,74.94603162908533,63.04979784446614,51.36051144135198,58.47262599673043,76.27187201157594,70.67396618221498,62.610366686339894,53.50278028226446,59.34114557675309,70.57503158398596,5.632241243176703,4.7192244227287174,7.194440791838969,7.8959922365885165,9.211979862490207,8.785573772941262,9.44723901707221,8.913905714267386,9.89934185897491,9.815309925697608,8.668420296880992,9.43413676713506
39200.0,gromacs_replicate_1,68.2484,5.7619579576453885,6.104145317618419,29.999329,6.727879203657728,5.997791762617421,6.604149,84.70508399770085,85.48158015061274,89.92261342602062,81.4900457710305,68.27347252612456,72.41059194619211,61.20416945417145,52.91011001904923,47.36249489277436,42.8270685248052,52.57863111251271,60.30884399904396,6.122389295081714,4.7106719835560735,7.3986335388767905,8.248906060980044,8.31075062655867,8.35465912994348,8.521359787179884,8.993988359609695,10.111677836501592,9.079460844604759,8.31824669854799,10.326837664091295
39300.0,gromacs_replicate_1,66.25142,5.86881016578155,6.167572287401408,23.373932,6.85392155342081,6.068596636795405,3.575714,88.25888837470936,81.8109805395705,89.89402943013961,78.86963263481047,69.94584637809915,78.67124835122242,55.73488494083102,49.526586947231564,42.08594127734303,34.288722033152425,42.556539004837596,50.806572510463845,5.7248273161705825,4.985763278572927,7.098324119161399,8.52386896318929,8.36483801326065,8.771397284015713,8.923829637945078,9.513039484543043,10.119051250017492,9.411282763997695,8.512589910013375,10.674547289210318
39400.0,gromacs_replicate_1,67.88379,5.737227621290418,5.996882824386545,17.383247,6.297458484311188,5.721945850371654,2.1688309,85.92159153968225,86.56833969988378,83.61895749622418,71.17978157764574,63.60752621258229,72.5440739450403,64.65524885870826,56.982164238912304,50.244850328497364,43.48312759708436,53.39662758634223,62.966815795808586,6.266659922691945,4.930465884709238,6.715854906838928,7.760752880340476,8.54143639567741,8.319503613566756,8.981470446795438,8.83277877705633,9.934851734468545,9.453144882562448,8.489359564989785,9.96122944270606
39500.0,gromacs_replicate_1,73.58503,5.417355956151513,5.755763244659373,39.251266,6.150180010753635,5.662355220955719,2.2431717,66.17974648147649,73.9709929593518,66.69814370501697,53.15909242619345,42.55277411814868,52.416933489970056,70.80943839556917,62.878185890121564,54.428516988178856,46.78959636727706,55.81329535688922,67.38188679520988,5.692622957203437,4.600547041366046,6.245491361999592,7.385162643178473,8.729888449694103,8.418828041203462,8.175760528221444,8.737896848904821,9.884010283367124,9.514440233810806,8.962827919549744,10.322569299402176
39600.0,gromacs_replicate_1,67.64337,5.447080624407585,5.741139930385826,30.096634,6.367941493183935,5.793030548174157,6.7556534,71.84443766658613,80.0379792103622,73.17723388366163,58.9482046862395,49.94776678603405,57.64570541431255,69.84312450177941,62.014535108375995,53.65419555616667,48.78826456076384,58.90360660810173,68.00835641186373,5.702559783157484,4.751191751590565,6.7036889903312025,7.5218563213958864,8.3009375542418,8.32672155142983,9.140739443879099,9.368462179477744,9.797104347313262,9.492609616410386,8.727391626326018,10.082220733450288
39700.0,gromacs_replicate_1,66.6249,5.844825492925997,6.113517248199025,25.71605,6.600161704245618,6.024731450816835,9.065048,76.39717792520153,83.94261743340326,76.65136388301359,62.62867544708921,55.49368084003262,63.7829572452979,70.42573090023117,61.55575251353475,54.84869874669618,51.4718759438759,61.66027549502206,70.68575802335795,5.951694133831561,4.791002750127133,6.7673495842930445,7.650016614641934,8.982729041140798,9.075214503563775,9.416475608894805,9.09682150771419,9.945320926185648,9.788231993065928,9.518456029749204,9.988778344827976
39800.0,gromacs_replicate_1,64.58161,5.865360700062507,6.243991325475295,33.143852,6.741860633054981,6.030928738869089,1.230156,79.56698073893146,85.23665677082704,76.10773334947243,65.02911103242039,56.63964315575108,66.76086912929546,57.20403913099506,50.604577054613245,43.869289655935354,37.73805289613656,45.984027068423394,54.82365544114425,5.952799450023898,4.5712481797166005,6.561689912418763,7.737340543713007,9.148760478311258,8.689137270271049,9.23032444535309,9.14479239832666,9.877373992540457,10.252158122861603,8.955711471700672,9.927548687525054
39900.0,gromacs_replicate_1,69.99702,5.615650965556869,5.982382875129007,43.570404,7.018116145299939,6.339457948148172,2.7375412,65.5466373365583,72.22051910652633,63.97575980792249,52.88040083934104,43.15009762972399,51.95792749479109,61.48597397347943,54.39134727920221,48.47898693245114,42.683785543294164,52.824041050302384,61.74546544965291,5.355546745171946,4.488736238333141,6.333585102053937,7.329330227970159,8.863243835905946,8.621155654998828,9.058043836889553,8.686857131817241,10.115953303760042,9.828147607105286,8.721424428764136,9.932485902922664
40000.0,gromacs_replicate_1,66.76559,5.668895340665252,5.784529956014729,24.776512,6.292564695746489,5.685732780091308,6.1915894,69.38381133839457,76.4349145242777,68.61119291522905,54.91926584979109,47.77831598083391,56.10642076741976,68.06582967619835,59.164077764703876,52.40226726991259,46.80113548520656,57.391691850320235,67.31532670567958,6.034796501646533,4.498640183617445,7.098215034690596,7.804819277468688,8.790699225812144,8.466547944312026,8.647203267099572,8.785408070658365,10.011215542013163,9.564842482050468,8.99494557058144,9.712068458544746
40100.0,gromacs_replicate_1,73.308334,5.719527638908866,6.1440138544960154,36.21927,6.3296794351114825,5.882269979638757,0.77456665,80.67699334434424,87.07554564812973,78.66285208964858,66.75029453087689,58.44699179072661,68.46101989868833,68.83146605132615,60.52632725977814,52.3782195718664,45.60658406962349,54.57428124932062,65.46613607765904,5.7039481505083,4.352131458573031,6.141667402228189,7.341797422382403,8.938832357192393,8.642669836097255,8.767509449390454,8.999840412292153,9.730488521844027,9.482748630817627,8.778322149489794,10.09521347269328
40200.0,gromacs_replicate_1,64.57147,5.947296775796776,6.255303129637261,23.28025,6.105279413434106,5.757200744147338,15.040634,87.18028065941071,86.87636801940782,84.06870310518043,72.98503974673085,65.74800773618617,74.72989772267253,82.97993265644725,74.71303366272308,66.50996721343574,58.94098165991563,67.48423543740346,78.66498906862955,5.874636417470551,4.423055445078983,7.174335284482855,8.011820357186009,8.074816149243535,8.190935470699442,7.722640250035937,9.082553062825669,10.1429703213673,9.021364785060568,9.230357526904406,10.10250540437314
40300.0,gromacs_replicate_1,68.754005,5.626282808099487,5.986272754610226,32.93016,6.008929492386312,5.498100690367718,3.2557373,78.17233052870212,84.4568291294868,75.01437446613765,61.69559182516679,54.89128833283489,65.82767611454422,65.90899483147173,59.17611087946358,49.79529778250039,41.28488369379595,48.788000870565604,60.42669625299956,6.09722682201142,4.967143893005559,6.427875240882857,7.499743286571891,8.620048007583517,8.50744172051295,8.56846010674614,8.947575877561723,9.526156241480304,9.404610727144885,9.300349114989197,10.028345044266143
40400.0,gromacs_replicate_1,64.82831,5.279218006113328,5.630617390372646,29.769318,6.443058355055461,5.918450143997358,0.43327332,78.17504126791594,85.92224113595513,76.6445442915529,61.596041772104286,53.46386688873315,64.08298953134063,66.02776417736791,60.64839971183125,52.00697450849827,43.44359301450796,49.591057983413,59.73991459093484,6.218907025430193,5.338789545795893,6.918016801828155,8.373013165378104,8.211628644393508,8.795370877693527,8.403878933708167,9.113451428677024,9.327819305991852,9.787432496197935,8.72219942827326,9.872050474912305
40500.0,gromacs_replicate_1,67.748795,5.847882095387736,6.298805599217085,38.29593,6.935792073432235,6.304219496679468,0.8158264,78.19774868683095,87.07568249383246,81.22127885342448,72.26201295537153,60.07617266444705,66.00973446072057,63.52963571470293,57.81362032820217,50.13103024063958,41.81608386631528,48.490408827975884,58.11505353870049,5.625869179286026,4.540391143673926,7.066015553385172,8.044503461895387,8.613878132773337,8.71633631650071,9.543469770722155,9.419028223809155,10.130538069013527,9.641522406777447,9.116473805101782,10.28787397274558
40600.0,gromacs_replicate_1,63.26184,5.643633911818802,5.964687357701141,29.790474,6.286760253197199,6.090511498918173,19.547852,74.79734121343938,82.15525749357072,75.32605620468783,62.750096450680324,53.533274861855666,61.40473386843229,89.44221816652242,84.26515278661408,74.88980074078088,65.73060467000239,71.38063962590188,82.37855735050663,5.735068694440639,4.480899526509478,6.398076703055102,7.505805403638846,8.57927834184501,8.392913916561142,8.694992455086362,8.90427240246367,9.597068290712432,9.860893359651374,8.904444877830882,10.267812698284471
40700.0,gromacs_replicate_1,58.978096,6.281087686423607,6.754461252113095,46.43451,6.631680027154752,6.2612598035758005,13.126236,79.41406254912975,83.70132219985783,76.45510961444751,69.53961969210937,60.00977379754,67.39550361112326,80.72636213626008,76.06163684096116,67.62646806924072,58.19864720232267,63.407218589972736,74.8971818608812,5.417327766430668,4.469112382971382,6.411762701458732,7.688066985003177,8.739039810843753,8.682366500277762,8.59518930283452,8.837118948008602,9.957817260844307,9.999792771166586,9.498760440844995,10.580692298815165
40800.0,gromacs_replicate_1,65.433525,5.55237864427168,5.764382924803321,13.030434,6.431514389664073,5.766692078157933,2.4493637,82.86554305773964,87.27774302284199,85.71686422622463,71.02860170468684,62.67475500368469,69.91568695051878,65.13974739884965,57.690421142415374,49.815386572306174,42.93315709906574,52.002900326705955,61.4763903727119,6.3163935561585305,4.688067713988506,7.150745155272406,8.210443775035818,8.42978534689966,8.676019951073366,8.886848885641665,9.08393148088888,9.548171719238784,9.28767002782191,8.7564891043632,9.890895699739152
40900.0,gromacs_replicate_1,69.83875,5.723399753204604,5.932926418735788,13.22934,6.553439725392358,5.963449560732238,2.8079147,81.05075667997586,88.21852015757155,86.65655394839224,74.06397693375769,63.10363753787608,68.5834595450836,61.0298207722904,51.910946516432375,45.42380254993637,40.870498908512324,51.874911116739696,60.635073815852266,6.229873387278258,4.906737783536405,7.200181181744684,8.123970632103052,8.604815792167667,8.81872875742948,8.75545668058118,8.746446262777123,10.05880333045804,9.078317338043576,8.9866255478871,10.281578695460372
41000.0,gromacs_replicate_1,68.91164,5.658742745617268,6.001278896757541,24.52192,6.887267858883633,6.226655657309561,3.2573547,89.600264650265,84.39278032916914,84.646051330345,72.6286316491037,66.27249965328716,76.82287290209236,59.75544972901671,49.83826470809892,46.99690616415721,44.68085483910083,55.737793661884304,62.77910970921142,5.5011749760608994,4.579847522772005,6.720439445812197,8.019393246848816,9.389503853209623,8.996894884802497,9.600647753950259,9.181850627246051,10.011256670028486,10.226220036516484,8.684991120218834,10.06062677404737
41100.0,gromacs_replicate_1,63.347275,5.974701027541833,6.301896726933976,28.706879,6.991067367131449,6.42681384676216,3.152771,75.1061506405227,85.16185140917514,79.83993664431023,69.49482143552275,57.87706012079619,62.80909335947073,67.49880230788727,60.783502862645655,53.71118930571074,46.260203716224225,53.93926290148598,62.72354209856944,5.497906028251444,4.271886039278502,6.666025639626982,7.562689837280102,8.837487450882572,8.680115167146148,9.319334236399817,9.06962790733781,10.328050372183398,10.223423587044655,9.324915832292467,10.522510588167675
41200.0,gromacs_replicate_1,64.81454,5.755714869735288,6.039835619529067,26.972694,6.425031637580475,5.863189869259538,4.2365036,71.51359584075472,82.3440964405424,77.07070406004958,64.67586722862606,53.09567825702215,58.185966163026606,66.77074344106116,57.91086119929439,51.79055450709067,46.846388976653344,56.697095760179174,66.6256436904611,5.646265078778881,4.593965113851762,6.731289886076919,8.16432278337904,9.192321953544914,8.449449528666907,8.985311920958013,8.662343109905054,9.628761289937685,9.492692683657436,8.699224174169746,9.70632227653568
41300.0,gromacs_replicate_1,60.942184,5.5128200016513,5.818096928680634,24.64811,6.3740249274367935,5.764744007220436,16.66677,80.79405617296635,88.13565826640526,78.99666208182764,66.00101735208837,57.48931479209728,66.64214920398759,74.16850499827416,65.62626430000742,60.20588680184417,53.366274801617664,62.1818150997763,71.31260397547265,6.0453662134258455,4.940527999417781,6.685724916745577,7.885135412923429,9.063900746099208,8.819775275496104,8.98970392610358,8.862103474218337,9.625681292650908,9.903822642659991,9.011762557335722,9.869635168030962
41400.0,gromacs_replicate_1,68.56588,5.602106099282185,6.030476358535408,37.430847,6.499227518763515,5.8000853740684555,8.422394,78.89803446731038,83.55427330526093,73.23798353386812,61.24400883015951,54.76509363275749,66.24796128182128,61.344504290993974,52.08350892203314,48.35824452735721,46.13837050395114,57.18812564831906,63.91950297710096,5.353212026318302,4.3399937237673605,6.652177192403848,7.635128630584842,9.2865795458588,8.74184784156941,8.750295309208438,8.679486669140738,9.853370286121732,9.899863811253184,8.843662548220372,9.821036804458267
41500.0,gromacs_replicate_1,67.89861,5.55553601088494,5.817088610425002,16.796272,6.287190127205089,5.979012849999711,19.5578,85.96247990661895,86.61564069585626,84.73775282115517,70.41870546927022,63.700158342001075,72.92846744008915,86.31451082818762,76.77873701074644,69.93498924075466,63.247155231885,72.1510169830238,83.35355462716369,5.794283021098316,4.595172152826311,6.243863956063641,7.18116042626646,9.063788537496155,8.750578904009892,9.213059100752371,9.144686151181768,9.686271324418897,10.364066517686805,8.676637470063786,10.130101657456573
41600.0,gromacs_replicate_1,65.25043,5.544780519081705,5.8585861224844615,20.805252,6.2709437228651295,5.69207319343331,13.217514,88.92845598626702,82.66016901045217,88.35689280588313,75.81057649685938,66.91136525196409,75.83864553672416,73.47534821351748,64.90445111926059,58.62885568643045,51.35788016657095,58.94785774029126,69.48398068407627,6.155774076505058,4.966058022884898,6.5491265950030435,7.5431615270188574,8.950786603180392,8.691762984204024,8.7892576109363,8.868938821436897,9.727367996853195,9.295089518923012,8.636782362803004,9.993943216635431
41700.0,gromacs_replicate_1,66.76951,5.8096646389595,6.107967425179419,19.4122,6.472914302019579,6.096703894692093,18.57544,87.1750656328006,83.37359437940194,85.1878017310843,73.10812867463964,68.7201408964467,80.62886651379881,82.53716066670847,75.05371041417622,68.33077739747985,60.78054806079122,67.9710178043376,78.98746325727255,5.432131886768349,4.874836924467434,7.047070537278656,8.538313624091964,9.49135799234963,9.234719019997163,9.91088428863338,8.94773814355874,9.912087784505143,9.68759260623149,8.376830173217844,9.746900984245348
41800.0,gromacs_replicate_1,69.24037,5.129594742564651,5.361701415708651,32.42124,6.86176896890792,6.242554720560052,2.8580322,65.17345087999273,74.4909963944891,67.86366341440643,52.49748037624149,42.17741504279485,50.476911855887614,58.073091438945866,48.6321197600227,42.588427173999186,41.33378833548397,52.16391726751997,59.12463624170005,6.018218855455713,5.033254314789781,6.8629077343895055,8.43711390593761,8.79011211487984,8.535485044844249,8.870394603770002,8.94018143550021,9.830948069660561,9.888505077042325,8.921283064135388,10.139285970441435
41900.0,gromacs_replicate_1,65.50291,5.60062921754052,5.876879521019355,18.163284,6.203414909126031,5.575565289749525,6.878395,81.55194851425274,87.52897152084189,87.23363408842255,74.188950847545,62.582943020086894,68.16239862287038,66.53570873594214,56.65947909529815,50.747309316339305,46.69219344542988,57.56573225679688,66.32313745150552,5.933778159973889,4.767313891998167,6.786358300686247,8.044076443516243,9.03122231773196,8.488086759357481,8.726137697496155,8.956651220516434,9.58823509916003,9.492813396856606,9.110658653387679,10.428343367816275
42000.0,gromacs_replicate_1,66.84626,5.644356406983174,5.994434813109067,25.985855,6.54069213689116,5.8398079531377425,6.108635,86.03914675873492,85.81645140433706,87.47561425652141,74.99893136776119,64.83428522045062,72.84518670240583,64.74729060893708,58.71311325603742,50.72580938472171,43.80654705763854,52.03367872251013,60.82213527383832,6.03762563458976,4.909340485571534,6.943819072689445,8.039289152089294,8.911002537995975,8.680193968064764,9.338214332622519,8.615634271968016,9.747003373806578,9.707801824394492,8.657798279634685,10.244999194075923
42100.0,gromacs_replicate_1,74.37212,5.299372590945774,5.670357206390173,45.842407,6.056201639720619,5.516981407198988,0.49050903,66.4873961319058,72.80235788950993,63.305500405914906,49.39400357634018,41.56687635495137,54.10301190128336,66.64694660057673,57.119188311281846,49.72651282064869,42.4375441472126,51.23535083112672,62.55779649523239,6.064248539150792,5.029058052749915,7.036678389236317,8.133335887638678,8.492240047268314,8.721433520962762,8.586297851615404,8.973869368870496,9.74180986587984,9.349392871281093,8.766485973879405,10.189789274605394
42200.0,gromacs_replicate_1,67.27929,5.3724190887017675,5.792605161644951,35.450726,6.244203213902383,5.583489585826612,4.099991,76.74457202591137,84.6543416500269,78.3685565324503,65.52032425444098,54.71658449724121,63.448009726859524,63.81386675088416,57.106825062445445,48.48928393952663,41.39560991934143,50.9590115913087,59.50258182775643,5.958477024096768,4.730616466813149,6.951269043471356,8.122090618390738,8.852159424402284,8.53993096840487,8.59915131478193,8.969480353654726,9.479674399146433,9.416916476669632,9.074590609052647,10.090030569295894
42300.0,gromacs_replicate_1,62.8144,6.195771075426298,6.570422303366475,33.679047,6.956411300747411,6.299207072833945,8.625427,75.36938564517378,82.38208474207255,75.38537421800004,64.82697006487457,55.25172574613135,63.131165671691896,52.68969353865918,44.5829803577652,38.38890745698469,33.90679811971648,44.75552547090168,51.98481426116702,5.740102518343732,4.566007294229341,6.586283622820447,7.4375066789051925,8.75604214421213,8.92908544360438,9.880470946684259,9.651563619972249,9.7713877522343,10.394590155326949,9.170084186083141,10.522566171221973
42400.0,gromacs_replicate_1,60.22325,5.83610003793807,6.242923327865228,35.579056,6.581839195850607,6.1624825917344115,19.685127,81.61053643051326,87.14139955419074,78.59910459752058,69.00030299976694,59.0201096413171,68.76337731036915,80.57880514114797,74.56308804226919,67.67543636518796,59.70102897650388,66.53402010846999,76.67715629170304,5.43121731895102,4.546374609552604,6.738218999546663,7.728458998455014,8.555487979493615,8.431646749670294,8.481544436821814,8.688221251549884,9.672695501146686,10.221946063927641,9.271966623616397,9.9247523684948
42500.0,gromacs_replicate_1,74.03712,5.519017420276873,5.65140343577933,25.543716,5.70293483112935,5.270452561766188,0.9064789,69.3482508058274,77.76152645754503,68.81076199124608,52.37515876140772,46.876041725203564,56.569121925737214,72.54567103886352,62.95513990521929,52.1790886546097,46.33230356143938,56.96552933037755,68.13329114687241,6.123504417101721,5.014099540746758,6.831341079329333,7.739141327308016,8.244876020959847,8.466998589312034,8.478325564814625,8.852334430888128,9.235839497106141,10.092758646042721,8.90800117573575,9.54426308386111
42600.0,gromacs_replicate_1,69.7198,5.9398893014639595,6.249769561504438,29.128464,6.08574693304708,5.760474448363478,12.391251,73.73881771740314,83.62817667537956,78.03104605082034,66.42586366908547,55.05206945399876,61.430712695648886,83.80775102775122,74.63614712841753,66.98425021941834,58.738798488021644,66.73904551211909,79.16906299496978,5.68247191568327,4.8561044839812935,6.899671413257407,7.903575895413644,8.732197358403635,8.328742049948731,8.778837549296792,8.84902546310116,9.284683728808961,9.946450816204946,9.072657813820955,9.720701584389598
42700.0,gromacs_replicate_1,66.074585,5.765835951521784,6.121313499340725,32.28646,6.614114991591051,5.938680981217963,2.4383316,73.07516716261468,81.81918462053582,75.04293584439532,62.43564417717175,52.9980451705657,59.946593052554,58.56671328042662,50.92552468659243,43.839534309703645,38.46980686394619,48.57147611135168,56.97017106638281,5.614192263618786,4.539377710531454,7.065100856867204,7.931383010197798,8.804442041564494,8.386741592972127,8.523083925060496,9.098331577902352,9.713162431738752,9.705548231787123,8.613208861913167,9.756201701714364
42800.0,gromacs_replicate_1,72.5418,5.146489506231307,5.295838341063713,22.290474,6.0285994290590095,5.395803456104606,1.5875626,70.82018951656582,78.86268457154674,69.88661319334282,53.09281182911999,47.026980068902674,56.07040214135449,67.6034373926278,58.50721707637672,49.64293257082158,43.98893631030537,55.611334830256354,64.71559989690495,6.178770318868191,4.769151112525806,7.269312630144537,8.093948307749159,8.343464989062896,8.397133657571956,8.525345192213328,8.947272623632054,9.750276529321065,9.492563915154609,8.277440807832527,9.563076677038808
42900.0,gromacs_replicate_1,69.19772,4.9553769905393565,5.211058287674285,35.570847,6.601731611970903,5.925960586590771,0.95262146,63.102927265627,72.75778040357793,65.46332990215818,51.45054438611085,39.24737710478788,47.5076348875833,61.46088450132366,53.52380695559299,47.438216314249665,42.00828477835166,51.87261460805556,60.53745240241944,5.473170518585231,4.499799117910135,6.8810188990945695,7.720461195424946,9.054825009063688,8.725955205592017,9.477910889644297,9.257192829240802,9.289470866718322,9.849339861984207,8.206899414411948,9.625952372487173
43000.0,gromacs_replicate_1,68.85293,5.6783582681285125,5.9928969475899825,23.46473,6.697125911381951,6.08413891691281,3.4930725,84.19999897304332,88.9210661749741,82.05728770544381,68.75122494607925,61.39592774402003,70.97664374027558,65.49481710681158,57.85643838316449,50.215284740785656,46.26901288998332,55.87972815534995,64.59463127847562,5.779749750417969,4.576671895079732,7.2148838493557035,8.090689352711465,8.423377387220004,8.627509308678112,9.252586784619197,9.033537263102305,10.024555590193799,10.301248037009229,8.130739890597612,9.53689067227391
43100.0,gromacs_replicate_1,59.444794,5.937305173029801,6.217299087856888,18.423386,6.034540046542533,5.497411105669766,9.669426,86.19314948923318,85.85774986128318,86.87239461352262,74.41947658821884,65.80683797246805,72.97844803059543,74.44591779841136,67.20364216952805,58.882924129175706,50.47037368949196,58.48601043020006,69.43941063362917,6.1223652292860535,4.502597069332707,6.788175021394994,7.669591612384652,8.39120255769571,8.503624967793389,8.65870881894603,8.954906673058256,9.67351211442019,9.380563796607401,9.424551935746878,9.894818024552828
43200.0,gromacs_replicate_1,72.97446,5.104290134178447,5.342935589722301,33.47397,6.175174711366756,5.6596726214806585,3.5465088,62.9450658632493,74.1844370871078,67.52077080603789,52.8285764694742,40.910284618418245,48.48528226154091,70.80557296548523,64.50339853064985,56.017776537274635,47.160677261228905,54.35955738043741,65.4972418376165,5.73671288495386,4.747802379774912,7.6188747768389655,8.439039706656738,8.846081706062083,8.625803964515917,9.023488923609179,9.329959915889429,9.75254601523621,9.371178351294656,8.264397368538654,9.928233304989002
43300.0,gromacs_replicate_1,77.55458,5.561747923318644,5.843480012476499,27.039223,6.326535940773202,5.960292539647569,1.0346146,76.52418663429121,83.53808729856883,73.8217791478645,59.39752769970277,53.78283260030559,63.45510392254169,76.57630891174371,66.92420749470463,57.92561645448913,52.0419733213832,62.59162585144929,73.15376992614424,5.438777377093186,4.190373410780828,6.781385640834716,7.5966691550240055,9.227687988766208,8.525351110874569,9.310647134132576,8.921969393528382,10.08640362601884,9.489660481374438,9.14245238524803,9.7312561418766
43400.0,gromacs_replicate_1,72.84601,5.932890850357141,6.3972843626088425,41.79297,6.621981458840312,6.156637531667753,0.14359283,76.527219362796,83.64468492445204,76.15577328956392,67.37823227724691,56.32112590075407,64.38569887794806,72.13491184220064,66.04269082514546,57.50829669195264,48.49823949253289,55.159116144587806,66.82425126804772,5.302817104745742,4.438708271997289,6.780336689444365,7.5757057717769944,8.624584440079,8.472621253501238,8.770266426651819,8.733632538906823,9.63972970299359,9.990693454582164,8.9900367030416,9.520995398208889
43500.0,gromacs_replicate_1,63.43242,5.6095381825733055,6.082116321621004,39.582977,7.0990254826445796,6.396202268675569,11.154648,76.7543089550731,85.1400624168922,78.50231231738053,68.82180641905971,56.33517672714233,62.99282944557628,66.55486507661266,63.451207385363254,56.18132110930141,47.659227641391546,52.38562821522627,60.51118556094287,5.556404872394875,4.532778130703004,7.037456672162031,8.108469789569138,8.76951586051641,8.63142344538437,9.381920118349573,9.489172099927927,10.299656778787284,9.763866751181784,8.511158155216501,9.82757928260149
43600.0,gromacs_replicate_1,65.10809,5.284784861239266,5.690864089149206,34.800594,6.734891751800464,6.163465658416377,10.06028,75.27655021465131,84.12746218739336,75.47656999142626,63.68207504542873,52.3678753616,60.62519556389903,73.24410082093581,68.3557525771402,60.74264838629007,51.73390576795515,57.168347533579166,67.19914182969796,5.518589440817711,4.472848136849298,7.407106890904208,7.956142972435038,8.905820623164214,8.47399044101847,9.389768687240363,9.144911549315406,9.761894070720766,9.694208929217277,8.077903700425718,9.281832539581815
43700.0,gromacs_replicate_1,67.82304,5.199313729046101,5.504932214133187,26.3881,6.810843964850618,6.011475041403528,3.4734116,76.40762609749225,85.28736205034596,76.39924921745732,62.35923291430145,53.134700233045415,61.485768362255534,54.18683209228807,47.94084733020566,41.329417254963474,34.539502024095185,43.97108252198771,52.08523162300495,5.5141987677677085,4.8644033756183065,7.677354479903275,8.552584751219412,8.501887846824278,8.642092463567783,9.250403322972877,9.469426919395852,9.73105655412162,9.355069458577564,8.558466056677307,10.030908720050546
43800.0,gromacs_replicate_1,71.17538,5.516017673619504,5.923872336019865,37.527306,6.504285407956559,5.9034743532457945,3.8308487,74.56015355667301,81.7967046487504,73.99217204852594,60.879981194159626,51.73249627224175,61.34119142896893,59.062794061212735,49.09072820635504,43.05489139873942,38.77142975904527,49.604461253064784,57.96503789600595,5.760492959252099,4.495296148889992,6.585857354682549,7.527692833215186,8.628313590868943,8.35237042339356,9.139734894660572,8.800496600988664,9.55365988411387,9.809463134657133,8.807480798987212,10.057243796128814
43900.0,gromacs_replicate_1,68.86305,5.596405360597271,5.876455532613296,17.914131,5.9171349754796605,5.74300899098878,20.066856,86.83084890576505,84.65011716751046,87.26726413659634,73.71468197528132,64.44745866218639,73.36758143171707,89.66030649835945,83.23832017668343,74.0655787993198,65.17808988008451,71.73748905443624,84.03152055195208,5.725056281855912,4.757641794357724,6.911744587167348,8.047312719552654,8.931966968338601,8.668113826807167,9.067289511740686,8.557461247605294,9.234534664079227,9.783621355806936,8.69672375836927,9.979504920532307
44000.0,gromacs_replicate_1,75.9956,5.612886935230268,5.9566141917647215,30.037537,6.891566187505347,6.3440354324754065,10.5439,74.80127710534674,84.30490287946516,78.38266266459406,67.27567509254774,55.07100415116977,61.26239775554955,74.84553374779856,69.52056996514611,62.139721616443005,53.65898347671778,59.26161378925507,69.73358465856805,5.550240240538584,4.978428364904097,7.0184820233964444,8.186314498858952,9.278446386584628,9.000776834228427,9.774591482484917,9.075195896834925,10.17492670553077,9.583953778975829,8.440350775212975,9.668552213583409
44100.0,gromacs_replicate_1,70.72705,6.005981543252462,6.289372073454772,22.861526,7.281645432217677,6.786469217939005,11.9255295,78.82910058293164,87.47524870189498,80.77672403441898,69.19854002626623,59.76296023282792,66.37325880867746,54.38661507275386,44.442159488298245,41.01358585849305,41.393966010548525,52.663550004882,58.07931998193786,5.6632856162627245,4.494499539640376,7.836609354640131,8.169053303227182,8.933043257449922,8.825174897841535,9.931238772647209,9.025655243633388,10.207476664118714,9.556310706339337,8.544511987714133,9.61018790286089
44200.0,gromacs_replicate_1,76.86265,5.271333914436618,5.536130670233995,37.757507,6.321389209611306,5.844911590391362,1.5563202,62.815996346859954,72.49028870649909,64.81929639710351,50.02877660686785,39.71174114546203,49.02410408494849,69.69289973249562,62.18928367698024,53.51670452890745,45.82198172693572,53.53035777127062,64.056729891429,5.540581530575075,4.666285238460414,7.465013571251319,8.285786099062674,8.748551739379446,8.777022304204225,9.552550908678132,9.37029269059206,9.47407693192888,9.68410077350282,9.004310341956392,9.326349547667238
44300.0,gromacs_replicate_1,73.64138,5.456040949887741,5.946467935492647,50.212692,6.795230408656118,6.149247236459262,0.91545105,65.79234909588857,72.90519197405358,64.29662830127953,53.72171202477727,42.28079620362431,52.50594672688082,62.19938977830963,56.67418089725567,49.15916327848847,40.50258780040879,47.81593834355042,57.04899600571694,5.182495597268759,4.241665831717506,6.52856324756836,7.527080481620917,8.766435553366074,8.604210973718454,9.804499642592805,9.080685572219098,9.48218911452828,10.273882578470111,8.485399679328514,9.38579102978576
44400.0,gromacs_replicate_1,78.07194,5.2647081633315045,5.625945989714206,41.060314,6.200395791605635,5.8017333129883895,6.385353,64.97025118418912,74.14782968861506,68.02922231413591,53.43189108465676,42.01486690486912,51.3165769992734,75.36170474387576,64.06145790409751,57.07289146679625,54.7135726505588,66.14559371658416,75.99942889963121,5.708338410662075,4.739900105202155,6.5247537796776,7.612759590718944,8.907068130097247,8.438104002269815,9.048479918879869,8.807614061469899,9.813958452680103,9.741977519875004,9.023330085951569,10.341520310536314
44500.0,gromacs_replicate_1,70.13835,5.589825006892594,6.042099870651895,37.13348,6.972471437028929,6.130315947098675,6.2247467,78.6694837452012,85.26437752755743,77.56655888215693,65.96171390769653,55.926907996277095,65.04562924787663,43.91096751474195,37.03440499693085,31.851946200297068,29.43973679224934,40.587760942829014,45.56751035755327,5.504944144759044,4.584470805873785,6.539996799439361,7.949366091227186,9.152714251309774,8.842758914310972,9.40556747885232,9.016212629242235,10.138386208200338,9.398823700009698,8.56409618124049,9.92164911791675
44600.0,gromacs_replicate_1,75.88535,5.556931851636877,5.927009934169078,35.68077,6.512771229213939,5.964766345987234,1.8842468,71.02771696593241,79.61369807609047,72.14091767097355,58.46173110732108,49.03325318834736,57.40301641181963,63.77757001065299,55.01607155450444,47.22360541075772,43.30559173679345,54.13365147345578,63.19827749144618,5.771381505513611,4.785605330461172,7.304917453557139,8.028511716296432,8.505472779255257,8.802658251178094,8.897355737684938,8.96660611883061,10.132795985455903,9.083957861214937,8.741856361417238,10.082749980666726
44700.0,gromacs_replicate_1,69.623474,6.116362481326109,6.475032706485719,30.326614,6.265813851050928,5.863710769851174,0.38578796,81.20834825118864,88.125825824975,80.32879547180781,69.67953977219287,61.18505006484603,69.53793504802458,74.02382021892412,65.69290813558843,56.60149014347447,48.6983946154698,57.131163830132245,68.97107734890928,5.575653006168969,4.473515518023737,6.461226381239626,7.403264796849274,8.467100598349736,8.693743029158135,8.70368898887139,9.223949936744406,9.78608132180791,9.983566180188197,9.170205711566735,10.49277591472839
44800.0,gromacs_replicate_1,62.650322,6.054561993548877,6.2367509445991764,6.605301,6.314757391696685,5.730006095254677,9.262833,84.5759884448639,77.44362970730242,86.13879827381082,81.0907659449156,74.83618811926682,82.48552241902404,70.49861785408729,63.28120496259538,55.0154582004828,48.90210671423636,58.55919559586718,66.74142054091352,5.9508945822210295,4.8328895527358275,7.108684837857715,7.904882262043478,8.690823340366002,8.39516442693278,8.855006849044969,8.857463453512285,9.815437261846874,9.325385818981683,8.733336468509426,9.810033207296073
44900.0,gromacs_replicate_1,67.74579,5.6052399692465045,5.849081466732039,29.31968,6.52465840671572,6.115844826011662,14.287552,65.53027318234807,75.27752918514472,70.47645404136334,56.52477074105423,45.92016439357116,52.29993327235673,82.10304533629127,74.84132707166954,65.74934491309924,59.608193567637294,68.514088834779,78.65275997603949,5.675259274473036,4.510159609450917,7.29194787333427,8.038202618889219,8.568487020122806,8.47379342513475,8.896488104514384,9.132037470313561,9.755586248374502,9.743612295484127,9.15359676446647,9.577149527918202
45000.0,gromacs_replicate_1,73.590935,5.806282184139457,6.182877509180752,32.097992,6.691134661245581,6.045477533946575,6.8834534,74.23575478233091,84.3135250079206,79.17791732271753,68.42152418351644,56.54198554505458,61.564531390492945,65.41810572091185,55.70808216126684,50.19048161942795,47.88207856200397,58.70020865294141,65.58464101362704,5.368342844289241,4.7181200833191275,7.784275233661677,8.640286173744459,9.211161295337044,9.07476616753852,9.60153998419889,9.0375493120771,10.186950347908912,9.336299903065106,8.676346484692647,9.925112197600779
45100.0,gromacs_replicate_1,68.288025,6.556302648568606,6.85729430666207,28.956814,6.819145165856344,6.567724534652698,11.022713,88.87210505290955,84.12636022721043,87.86278585584512,78.1000639767938,71.63339307602824,80.5533020299244,84.6721044064883,77.03762866085097,68.80199517316358,62.09339944479894,70.1912699987652,81.12510360897652,5.8326572500709934,4.45427204929467,6.729213402788645,7.603003932291044,8.376701465792676,8.228973172461762,8.94964485999525,8.702665753390422,10.143784135919717,9.803091195536737,9.807986034577516,10.437046286607702
45200.0,gromacs_replicate_1,70.27531,5.4161094798161935,5.805614664311178,43.45076,6.3214728816440395,5.936010083754925,10.2144165,67.62013130110644,74.56849085545369,65.15032458216336,52.68604925808663,44.214255347956815,54.31889960143607,79.7177246726284,70.85267060818094,62.90980046022219,55.55487091998158,64.55243722499074,75.27211778674476,5.42108302954518,4.241787484694592,6.425014563562391,7.507190030763587,8.58965303782505,8.25002280498387,8.834298523017582,9.047775218286082,9.778333096815118,9.729140345161902,8.762275855896197,9.98056671939274
45300.0,gromacs_replicate_1,64.073845,5.446241465145087,5.74274853728209,24.108498,6.570126299136311,5.944114865637221,19.545189,73.49914479425932,86.08027365873805,83.39435975603052,73.706901654837,59.10911541580264,59.78755163716297,74.6163260679563,67.37966208223484,61.815029287454074,54.784265201071555,63.186103679672996,72.0826075644021,6.041727546200301,4.505087769943683,7.333953096028126,8.106488169674977,8.519458669652327,8.435686173784894,8.7584505840658,8.854244835172494,9.633219593521456,9.810063271205886,8.485952823446029,9.390622630425726
45400.0,gromacs_replicate_1,66.566826,6.085481771413577,6.351798442619417,20.663536,6.70639174251292,6.20981487525175,11.687424,81.80313757627187,88.3544124617633,80.56670493532424,67.60296621892854,61.220788869523595,68.94278160540487,78.2153518028111,72.39164584737499,63.21767222624697,55.71219768332587,63.93300985679521,73.94592705012515,5.602386253990234,4.426870473884392,7.184704380801489,8.200179968548174,8.649101590348886,8.449497490388259,8.676592400266356,9.170778586952293,10.037421365985265,9.10180480021335,9.084303814871644,10.081407551864002
45500.0,gromacs_replicate_1,67.083336,5.994294950299301,6.3811957899747,34.86264,6.767146829919614,6.310281349388019,6.446869,73.34999718998182,81.22020828952701,75.07622597869471,63.155239648274886,53.227060011199576,61.262477032136886,74.68593756745106,68.75910012855242,60.033055332536314,52.154812097459825,59.497501747419946,69.91576914147846,6.137539878543162,4.2829367859300005,6.889046515883168,7.64517087688583,8.372026353569213,8.119630090291446,8.235544381359228,8.679620343207711,9.89866427182686,8.982042152645894,8.74436252463101,9.98521044739824
45600.0,gromacs_replicate_1,71.07526,5.083622375359343,5.560620129188004,56.26477,6.313430365079459,5.883861757450808,11.656082,59.98236199893199,65.85829877747477,55.549180603965446,42.436632127595786,33.092564166890405,46.385340368486155,76.5943786922588,71.047610886003,62.58467513348498,54.135813367077134,60.67461839314026,72.09110520734953,5.275685517083006,4.3518825196854225,7.355581112883054,8.251748200703572,8.622465475240878,8.627294047092402,8.882857684610636,8.88786301098811,9.548498819943347,9.497255299562998,9.18700481453408,9.971769249526549
45700.0,gromacs_replicate_1,69.88814,5.354950586565816,5.746097666593465,47.36026,6.266773222462747,5.847035502424119,10.759758,64.46898435840173,71.02147381040784,61.01764400248968,49.32695810463611,39.66754667129821,51.38589234057952,78.30597553105024,71.28204862612394,63.37687338423359,54.41526249880123,61.29486405532489,73.55969870917068,5.387531134866405,4.620217740209466,6.602506542533138,7.842768079055639,8.876863869921312,8.886445048591874,8.528036427216781,8.987188455533495,9.528871579149405,9.343870031164283,8.78435066287513,9.821572255790917
45800.0,gromacs_replicate_1,60.318687,5.349123170542925,5.5389583978409025,32.096024,6.474941247610119,5.798210710059403,0.24419403,73.90104748710166,74.78961708578262,61.329341823908685,47.01951987205332,47.57474201506991,61.63170976037227,59.120185286171164,48.82774966225409,44.15314138481834,40.28089504468822,50.98700293459752,59.03581580163105,5.661914103001121,4.504668653254338,6.284559438779943,7.158404444501885,8.790555955956252,8.635728219098999,9.02859954954741,8.898531040594207,9.430785518102908,9.634159542164316,9.4096977200266,9.73404686444738
45900.0,gromacs_replicate_1,60.388725,5.7755490821196345,6.133458217144655,45.471996,6.291797458031411,5.659232964719155,3.1969986,64.3164578464333,69.98923754646695,60.82288716670078,49.12466680301388,40.975083048704676,51.74662825198437,64.65924864036475,56.936662287113435,49.97125000893444,42.536347404547755,51.434258866919045,61.687001545630494,6.199784629746712,4.862428547930751,6.373833523673549,7.324908047987223,8.826084455220338,8.849191638387214,8.730353107270206,8.951429625255578,9.74308727418045,9.246744406540792,9.537905935578133,9.709322003204525
46000.0,gromacs_replicate_1,71.60896,5.800948394091894,6.279934428291481,43.93318,6.002902909079979,5.799029285392293,11.875046,78.10685155530741,83.56224959019077,74.00403220442335,61.95097131288774,56.63178309401188,67.2084060407913,86.70609661407383,79.68346688650085,70.56030526747983,61.239906926679105,68.51966090631387,81.86722654732435,5.733128853919135,4.550238338518432,6.673935513825951,7.646591407985407,8.480221311101763,8.47753432598091,8.44434048877933,8.740055257260492,9.20109321486345,8.986264841425058,9.276397112742169,10.185048799525717
46100.0,gromacs_replicate_1,70.176315,6.041428464199493,6.424389079922461,34.942947,6.697797439474897,6.15902188079079,0.70410156,87.33241290371367,89.86060732365875,80.70492646615138,70.42216096676987,66.2927436440371,77.48261809540942,68.00785669424491,62.555864516503895,53.21023059496832,45.99399109045458,53.65186397777851,64.18215727414804,5.261811206611805,4.532144851438694,6.114266943688677,7.303361181978463,8.754715309879808,8.654207888772135,8.742732679795619,8.875288495748924,10.192263312571445,9.057923561831641,9.139749039152216,9.997414642484571
46200.0,gromacs_replicate_1,69.329,5.769900367226001,6.147628368118655,32.462566,6.0372805857557035,5.6674092082869745,2.407936,82.18154986608606,86.77107773346725,77.06547422442844,64.49170116136261,59.30355205793476,70.14338822103215,77.14835047529239,67.38152497097241,58.12875608006506,52.02574779236587,62.75232952219949,74.26116578316103,5.3756587680465175,4.504816268679748,6.938318613782363,7.915387663467909,8.844770654613377,8.599991142030811,8.642875474145265,8.850896235649808,10.180075622616823,8.980042401491868,8.9412752444722,10.025835908696163
46300.0,gromacs_replicate_1,70.09518,5.731533451845626,6.161890749703377,35.544464,6.44886922014255,5.900776170924655,6.1333923,78.90119605647742,85.83869593086551,77.30489858026836,64.89515579436978,57.172166494909085,66.4023220621825,60.53677921423361,54.41684494574775,45.11699614744292,37.791884965998705,47.04741358922022,55.451850816677236,5.659476719461606,4.588892869809916,7.695701899289929,8.295741219325805,8.69275491225493,8.334630367471158,8.783978021918266,9.054014520616866,9.938066548041574,9.296345912160954,8.691057763815072,9.277307871631598
46400.0,gromacs_replicate_1,69.17201,5.860196766950372,6.269096861781574,35.214325,6.06144158889204,5.612049586266279,2.6398315,82.239510626302,86.82311249615682,75.852593090491,63.54553642406867,59.82009622598457,70.80941009732491,71.22846431419732,61.26186310546614,53.61864329910546,48.593468994815574,59.22266427838289,70.27756760242681,5.709168826848911,4.424568068687743,6.573538498619325,7.475631879633283,8.845558237900804,8.189519065582422,8.414224240528782,8.816173334100398,9.614457651000668,9.174773628085362,9.130251638291126,9.951778883525765
46500.0,gromacs_replicate_1,70.28027,5.633840647846745,5.993683706142099,37.117134,6.652682589267332,6.147707956643774,8.507469,71.05042027675348,77.54327684908655,68.37196733537246,55.872959540527376,48.254252663631725,57.98149040243427,74.22660281798788,69.91993936876521,60.70031646794003,52.48571259857704,59.28210517441385,69.42717844487946,5.57331438384131,4.649438555505125,7.022505172043458,8.010261998656237,8.7269982167498,8.406003936665641,8.948261259497624,9.538571051315628,9.581816617103478,9.789649766688667,8.761837346386699,10.346392506124293
46600.0,gromacs_replicate_1,63.564026,6.171385538725386,6.595215516886735,46.44026,6.327357891915507,5.747560516969728,2.568283,70.27870627523302,73.36941836805799,62.206512898495475,51.872323763475116,47.2956379662879,59.449816402125876,65.87693031232523,58.391586029993654,51.432032532582284,43.01252559432191,51.14333618440856,61.85501659285036,5.725965864666183,4.5416149610362275,6.754519977327487,7.666138758564249,8.7443476242585,8.604257080861691,8.648513975208003,8.85049284771613,9.864243347352106,9.436446608209149,9.173220416174736,10.185093389048172
46700.0,gromacs_replicate_1,75.62212,5.70085157284836,5.986894656774535,32.874687,6.593154188050929,6.101658637199681,3.1145782,70.2143953735577,77.50287534309957,69.39494716209065,55.79956157701386,48.29125634715002,57.1469392217018,70.99135120432138,62.25876503910041,54.643298079186856,50.4864868861467,60.829678975012364,70.99097109384675,5.644077636180615,4.580665012484908,7.0331794475882115,7.859426681432582,8.815361161967703,8.472427791113278,8.770983021947227,8.897472256507989,9.83918501706164,9.44563569455713,8.565296661320096,9.912767812190829
46800.0,gromacs_replicate_1,73.902504,5.680035179474801,6.1596519051296665,41.364227,6.244899432511307,5.876289400436634,2.8663177,78.81201446613049,84.78200501318577,75.56523156438911,63.632761494229825,56.57086181169495,67.00841276641776,72.95582102598595,66.24251376963129,55.89350816330812,47.129459101907074,54.52801916821814,67.12505645596774,5.9693336433630435,4.720821327400568,6.8169637374535,7.774943400569032,8.636657045576959,8.397632923147258,8.373292805799688,9.197378972035805,9.775494438781672,8.650000398445494,8.681192564780904,10.347688942587967
46900.0,gromacs_replicate_1,74.83515,5.448087994411261,5.800868386723407,36.276688,6.131614997843566,5.582307898147576,9.514664,78.72931196707724,79.16422537780123,64.66074641816779,52.21442448814752,53.90851497594939,68.58810952427535,59.36848660904667,50.93135358258269,42.36653135608821,35.149388661885936,45.6066429354944,55.62533601785616,5.945432366564551,4.629472973189747,6.979479854190215,7.828536434220968,8.796293678635449,8.605378816380863,8.542936720367702,8.77917347043925,9.36323823323887,8.989108088244034,8.474985869414372,9.678298454894128
47000.0,gromacs_replicate_1,69.12532,5.251954125858075,5.671109593798993,43.351837,6.430144717778432,5.929831929540229,5.6860275,73.94427007133575,77.15825248160512,64.11864186238797,51.90988286452923,47.45475969837003,61.52941634573709,70.83668939291775,64.38315966839401,56.534515195123554,48.43431196864163,55.748978391172365,66.61419973788453,5.522644173076166,4.3982218057101,7.240357272060626,7.845632092377252,8.658724502267955,8.451467328380032,8.56327652722002,8.757784520201389,9.69208441632691,8.767155144024175,8.513452738873703,9.785622326713087
47100.0,gromacs_replicate_1,71.63235,5.556648842057874,5.89771016124743,39.055862,6.471010989982618,5.998886585296143,9.229668,66.62205719823093,75.04037143658645,67.37673436245088,55.28495727310786,44.67827236359867,53.07769250081815,76.83449206466643,69.9179890904952,62.15362507691621,53.59651139048959,60.62065681859402,70.87732041024726,5.553321682379888,4.694549665801191,7.137948392995508,8.088850614835009,8.929280020399867,8.87395383133768,8.964117210911347,9.215636671735696,9.806188594688098,9.541787401119956,8.481863907824675,9.853044494469607
47200.0,gromacs_replicate_1,73.256485,5.308954592910689,5.7699268212383075,48.840607,6.245478531621157,5.805578200970538,0.4727173,67.54624764359657,72.61148079009757,62.825426594207784,48.59984993365387,42.81176924184666,55.016507853951055,70.8569782187847,63.060966508792774,54.14305498656273,46.68685902639005,56.6244117345283,67.42131951764357,5.671940042180524,4.534838273715938,6.947331971909444,7.8167735327049535,8.9298693294221,8.527683768699626,8.433168046646415,8.987062305301693,9.750147207219372,9.02840324070048,8.488992142902323,9.60027832834581
47300.0,gromacs_replicate_1,73.65069,5.7686166560499705,6.184229737169093,39.786346,6.270220649149884,5.803489423428882,0.02809143,71.41436996234152,79.32669174432223,72.40442655465749,61.14024442995453,51.10004719299229,58.93095859246044,70.8856581244286,65.0410732089351,55.50796324774515,46.61573594802186,53.645282559070765,65.31181763191877,5.978137721374854,5.162333984106361,7.112959703660596,8.111834671716812,8.375917257530622,8.549677728261308,8.458878149703606,9.050279181894085,9.906704661239,8.745375746801212,8.635642979620593,9.615634833776598
47400.0,gromacs_replicate_1,66.407326,5.99580359562624,6.377422048357081,34.053658,6.433747425550388,6.000862957997367,1.7838898,86.80613218747796,87.22346830582724,84.1934731562709,74.82515612291422,65.45635701194813,74.71449992454232,72.23452260945785,68.23410387729034,58.542853524509184,48.75751014930615,53.910252126327045,65.75535260611503,5.467185832650141,4.795815650677576,7.05180887168636,7.9672104660591625,8.78552440969712,8.373885868249491,8.17716171493135,8.882498690647116,9.699993144439777,9.20017338004912,8.941145582125284,10.446485987597237
47500.0,gromacs_replicate_1,66.62841,5.29464689544715,5.741229086539225,36.427467,6.275305140486536,5.828751355917844,9.559578,84.42936131730391,87.25029672014992,75.04037061819407,62.30584741138403,58.33034795958973,71.83265747882972,76.77738845146472,69.33186169016804,60.88198092856585,52.79812746191905,61.306183825721014,72.98965026581492,6.074740286535025,4.399165068409737,6.608022402021245,7.417824583099084,8.68708231086912,8.276841413623734,8.2099333169744,8.651166703559909,9.966088241349741,8.625353736658939,9.528919626224601,10.456951174021713
47600.0,gromacs_replicate_1,73.267105,6.403761066793262,6.916829894715617,55.472168,5.894266658197847,5.478089351055832,3.6135712,69.52156910652283,70.87444636348285,60.29452270729473,51.22520428802947,49.693316903229494,61.24076405994256,67.03997927238488,57.688665752897926,48.81726617650512,43.52005912397342,54.98764844537175,65.46284699519148,5.91165295354613,4.54797009305709,6.519361157844728,7.539760577486132,9.059549665204257,8.105903696729852,8.212749943173167,8.598788647152828,9.507031326454921,9.091020788267885,9.451643623235581,10.297816426433661
47700.0,gromacs_replicate_1,63.27407,4.8334948527501505,5.179327261294745,37.43403,6.325643649785897,5.77859320078364,3.2585907,78.30659006760793,76.72055762473089,60.42100133575432,47.699765387992876,50.34009681033861,67.94031836952135,68.34593726575486,61.87652381324624,54.58865163922259,45.02262119487758,50.580773060092085,62.39729772816994,5.8345493107355715,4.560174179643688,6.512247836169093,7.543978313123647,8.85887276640236,8.863146022442358,9.005975549826555,9.026984834125688,9.4653608217126,9.21667887828574,8.620468547259684,9.979069336559897
47800.0,gromacs_replicate_1,74.72566,5.13188794853417,5.579116128515068,42.497284,6.053272830631516,5.718855146509181,15.08699,74.61008876546146,79.15847127776082,67.0471382667162,53.68902253033435,47.736110361558204,60.85301370356887,83.19901448792372,74.92416340907535,66.41552340807785,59.65757123534549,68.32534277322968,80.02027061290214,5.640248409063357,4.618430688983514,7.14727526837132,8.089841731234701,8.864833234664463,8.538649512859918,8.620282328544805,9.219667843691894,9.759034143341124,9.058973408995268,9.244580155622488,10.035853249945296
47900.0,gromacs_replicate_1,63.81147,5.517709800635229,5.886157745139824,52.400692,6.591377563458022,5.892304861194312,0.95194244,59.95887270622718,64.30547822260542,52.86228150523954,40.00509913035247,34.76810591212678,47.96710054476046,55.14196047956937,46.05260139700564,41.67075210498654,38.01900915437667,49.25166364834815,56.405055260058795,5.760038142394016,4.463131956201947,6.31990510948373,7.3492187208238455,8.797238206907254,8.416155179464477,9.07491017372312,8.8908706748847,9.516496933605708,9.059174104015737,9.023762134840979,9.696557619524187
48000.0,gromacs_replicate_1,64.79665,5.33090325579382,5.740648329027371,41.75261,6.156049696056883,5.867971904182242,14.400482,67.1690192071767,76.1002002211048,69.24776600160948,56.67828874613473,44.546017219873235,53.50879199697746,84.38429729514685,79.26789437475372,70.60963793440528,60.389504429372764,64.7075547640286,76.20531019502839,5.983362609489682,4.729513807106861,6.677903569150509,7.921204286617636,8.658469736678295,8.387467580768606,8.347128956121452,9.180313275063936,9.35492907464295,8.910390016456446,8.874265026898641,9.61377992880026
48100.0,gromacs_replicate_1,69.21415,5.298416062266125,5.694720004067587,41.99051,6.68782140910345,6.007017697860345,3.9054337,67.21098737932455,73.93689411487415,65.42866954579635,52.43484003271814,43.20688997385683,53.271180978430074,57.634512245157175,52.86688256029146,44.16311890850118,36.875911288638,45.294982445877466,54.26249536976002,6.047638466503416,4.87178211270633,7.5501946627120535,8.427664308456132,8.46116773263244,8.34835398896171,8.674115099732322,9.17709091629366,9.989328082736261,8.876698131553002,8.629005511041429,10.106145096031012
48200.0,gromacs_replicate_1,72.31979,5.816485811865292,6.307642059265263,45.932312,6.24842044696803,5.737777098121035,7.043968,74.81919162742987,79.63366079358411,69.34493178067854,58.03891240779042,51.51542839633572,63.78716612453946,60.997008187533694,53.0133221526173,44.822390083318304,37.201903104578385,45.23874539505196,56.647561053012545,5.744370749941745,4.75359158581332,6.900374193598863,8.101457993401871,8.622830561635922,8.455990461537079,8.305656255734823,8.75201335168888,9.575209743987333,8.721715004894802,8.969325726359942,9.630219094497475
48300.0,gromacs_replicate_1,69.48761,5.703169648171009,6.13967416231615,42.00349,6.535488218177541,5.99292453775679,3.8228989,74.13805053049718,80.88829815255883,72.14690677445142,61.79387301321402,52.26123895073853,61.577232098078134,68.66929459004388,61.11489168571397,54.66244019568919,46.58625789683293,54.6651983681065,64.83645948863332,5.90189951761293,4.432710702380647,7.108777737045639,8.002075956497634,8.682028787796046,8.458822974626994,8.888369417668354,9.127518549497267,9.647561371978366,9.301867411650464,8.848797365112816,9.86063129298881
48400.0,gromacs_replicate_1,68.58468,5.371160404736373,5.822218390383666,48.54531,6.554855161548609,5.965036843919792,0.88861084,65.25683464222311,69.613983550475,59.32087389543445,46.03875795757447,39.297434445214726,52.27391925973448,65.28953840375608,58.90486297071856,49.61841124530632,42.83132836184456,51.799681405306885,62.05991707033501,5.904166742519141,4.408162573320094,7.1517017174912665,7.934663782468412,8.54495983439494,8.45430544419069,8.89714112331344,9.004177238771481,9.811759570541627,8.877839149228272,8.576424490040429,10.51767965138612
48500.0,gromacs_replicate_1,66.1224,5.264751314977827,5.5957263670488855,27.123993,6.863004218936741,6.168141881711463,0.69634247,84.23862344906331,87.21384337316358,74.2472860624022,60.26972499670229,58.007345766637584,71.8056971588825,59.232643499649754,51.463139009709266,44.60690055693283,39.60353939661879,48.66675671361061,57.305150961232535,5.528593621916026,4.756692182214181,7.027207694383726,8.098645769205955,8.686643319419561,8.614786482866098,9.24098554345445,9.297990126669696,9.874844982871831,9.491608013609442,8.785066831741299,9.528931430919288
48600.0,gromacs_replicate_1,76.28235,5.616058496945336,6.101247923500804,50.53256,6.146816391366382,5.664951617448166,2.05513,67.71085018586302,72.79324138062631,64.17722935863438,52.19343862976664,44.6335841488724,55.660101004780635,73.20243380731067,66.70095395143679,57.0520684448416,47.725826971055724,54.600993372236445,67.66879768778324,5.621002162143167,4.413012790506424,6.72556122315874,7.608571459458099,9.044642428642382,8.568160764353923,8.880372428203529,8.811142221662136,9.665907996660538,9.723323889798937,8.846529827418836,9.449351571196166
48700.0,gromacs_replicate_1,69.552795,5.464454424054009,5.839422625170175,39.14413,6.41779584453227,5.842280403556822,10.188293,74.08178686126274,77.47144062864218,65.3357654233316,51.156825397743646,49.20445437796425,62.32822907101943,56.699701826292795,47.304292657129245,39.573295840603194,37.13770602614025,48.92953260209028,57.45960432793888,6.148491809201736,4.752492892982654,7.468539851212561,8.353554500519614,8.579509948377833,8.628536715205588,9.081903171087394,9.235794009421419,10.004217229480634,9.047446190497446,8.59959183246161,10.489808521891621
48800.0,gromacs_replicate_1,70.50384,5.23336321333181,5.737710554094508,48.396347,6.556560595165942,6.0531836280562175,3.3799667,72.94477643529689,76.0147306410305,64.75702546378079,52.40838226750115,47.42949662543709,60.76901332544067,71.79604869272434,65.097173024405,56.36311424647444,48.33447545734998,56.79345450100824,67.8790497042642,5.6124428714013925,4.8870296422243475,6.949417844044942,8.091982151269793,8.970844680519091,8.940877799706415,9.48014378959106,9.444240724725635,10.073491136064039,8.99972420737303,8.538791473927324,9.927078028802066
48900.0,gromacs_replicate_1,67.9221,5.895591791877883,6.188173696156631,21.563393,6.70380523529342,6.0742890338949875,3.7255325,85.96877404904909,82.89739530106587,85.6977056656341,74.40761496412232,70.51538745162273,82.26667144959607,65.11706991755477,57.66450746569295,51.197464475998956,44.100620127384204,52.79850908043423,62.50051801319035,5.588902898608463,4.560599640791276,6.760806357959463,7.965393609142051,8.692920653236255,8.341145710740925,8.90402777306002,9.416566544950769,10.313701447308892,9.347869698792092,8.735954360190721,9.67914051680964
49000.0,gromacs_replicate_1,65.86529,5.2837066510497435,5.558933053514577,33.423546,6.2434162307393,5.779106257333368,12.679428,67.98031778498107,75.49722708409759,67.0380167064155,52.27644182928608,44.37816170409342,53.771421574351166,78.69847053616675,71.80546078483098,62.75246142177177,55.32903985712801,64.04371090292837,74.21369813392448,6.026154153277752,4.93754743662088,7.408283092600767,8.363091388303811,8.226257828831924,8.358439638990516,8.1783747828449,8.939199112002836,9.774614310115059,9.233677927419494,8.84977811762799,9.706225159898988
49100.0,gromacs_replicate_1,73.388954,6.116191858676035,6.539601382683337,46.73178,5.829378030280476,5.565953757290308,4.1967697,70.27354826558012,74.43297706544394,64.37029958755856,53.42021948213567,49.40405788511672,60.13195485473878,80.1726590569326,70.06799373274141,60.54350620589379,55.80203938772706,67.55596286718087,79.31130853864366,5.7947828686694525,4.768189055917743,6.812500464525969,7.9927687807788175,8.406965857811965,8.146099134609976,8.087397889128855,8.733126770511928,9.935398317518773,8.888340923409562,8.901189867858681,9.903237909054278
49200.0,gromacs_replicate_1,70.09022,5.648673093472004,6.002088672494418,28.49913,6.469675227917644,5.96342209431825,9.773331,84.6046350804367,85.86664785261219,87.24239874204433,77.52596476318121,65.16290403593247,71.38667766426065,74.43795198428168,66.72464471381888,59.79625524531899,51.94524566896042,59.78740272884948,70.41411915357514,5.949646546652993,4.88564204034941,6.877011397273887,8.444666718609453,8.906167494207002,8.522814831307748,8.977919105847564,9.053249673720536,9.814927912118932,9.839375623595222,8.768971866679793,9.379339814476646
49300.0,gromacs_replicate_1,73.44687,6.310636312969991,6.656278594369798,28.036972,7.336058434361131,6.708183870459415,6.0996094,86.99980884946946,86.26580847011026,86.63548844329436,75.86409391792263,67.20740175160677,74.8000929155582,56.32279201800623,48.6695650181197,42.26098821111718,38.59532711078314,48.787211811069966,56.428681191936334,5.6616656635122,4.65039122916975,6.972592095324908,8.280028576124574,8.608317907160236,8.149781795352416,9.717993877940687,9.094681838817626,10.42425042121637,10.335502679860703,8.526703696455499,9.709966508553917
49400.0,gromacs_replicate_1,73.40477,5.789924764640757,6.3362282554804565,48.641197,6.539189872508248,6.143913693270542,4.0947266,81.0738743449802,84.7971648926468,73.44645715294567,64.15171866558485,58.66613506023398,70.63124249829082,68.03303482134913,62.24729115844317,53.70632238865654,43.568725657245025,48.10380096783255,61.03242605318498,5.809647454435384,4.73921901752261,6.8592114842601895,8.000133487084343,8.200739596282371,7.954971357781236,8.822462865900777,9.15569044133755,9.891000160096826,8.983330788054552,9.210583574364424,9.85178965093769
49500.0,gromacs_replicate_1,79.86435,5.957815552302356,6.374999101806543,37.324135,6.941867749536175,6.443301292840835,19.357513,80.10226477880417,84.18401947995731,72.86297506965063,60.9256678956494,57.61294283952099,68.92994387502773,51.8325754634153,44.07929129369988,35.623067766553476,30.271913515995564,40.465509733292144,50.10053415390726,5.54630294741442,4.752667818765407,7.101217261777708,8.210259702415874,8.603788832527693,8.085011855358667,9.314090244395373,9.123482705966595,9.94002201271517,9.07858733991366,9.351119598590996,10.17082317113248
49600.0,gromacs_replicate_1,77.68595,5.759259085790634,6.218381327647084,44.63263,6.840916806345215,6.245048023193294,10.518806,73.46139417294326,77.27304498770701,65.80569239820834,53.90934294051136,49.75899491311995,62.233849457149574,51.85632824837883,41.29275975335067,37.32014911608148,36.1587420065552,48.20029424382951,54.47518876733294,5.5811969330733,4.722912182391983,7.167313737149441,8.237238211652825,8.407734695147282,7.924306482845965,9.575552136486197,8.91024562106793,10.20622764531585,9.327444958213638,8.922174589004328,9.927821870072542
49700.0,gromacs_replicate_1,79.44793,5.567902253170883,6.037340878459764,42.19272,6.395144199066711,5.913357288832295,0.6545868,77.09698036761775,82.60096253445113,72.15955235142836,59.494114250793146,53.39039837565978,65.71744617619845,67.44389267185937,58.56248239075421,50.9098846757793,45.24775283131955,55.26394121073835,65.62208615075038,5.870416887359545,5.0857060627535216,7.066868734600146,8.330346515151243,8.430478812399189,7.733615163667387,9.042169681067303,8.990135042274499,10.101757178451882,9.261349366239733,8.805769613670085,9.598152746701741
49800.0,gromacs_replicate_1,80.65908,6.4082626105595,6.820765712571167,37.348,6.9017519214796526,6.466736716777348,12.857567,81.15032152527374,85.39968561433898,76.0612192099644,66.32894550392824,60.53591922101811,70.87456402243993,59.838971184739066,51.43313572553868,43.42895297666189,38.74470945703547,48.91234721824631,58.806111921601236,5.625416317497759,4.372704822504362,6.577443204850268,7.441118491963756,8.70279608772158,7.85345376623705,9.201672293069626,8.706378980828145,10.728423455028826,9.976649806846442,9.637313721808846,10.251628197653039
49900.0,gromacs_replicate_1,81.206726,5.672162702592219,6.118242423177201,49.12555,6.637346200432033,6.2853255823322405,5.8748627,71.18300837256369,73.46669168816098,61.78728402715074,50.31602494422656,47.96288297990138,61.347341768522575,68.78647169336482,60.67390630223527,52.4272002850878,46.26487956368311,55.639118816971774,66.26715747806199,5.224453866246193,4.677489415861013,6.933687835097363,7.796483645155157,8.633916764968118,8.310275881010917,8.670419941001562,8.739715501689911,9.85850515670761,9.201752312502078,8.91275469830289,10.182105553780646
50000.0,gromacs_replicate_1,71.20821,5.161874291557387,5.62540080359545,50.8649,6.538280479482984,5.88724042090588,2.9157257,65.62671272780696,70.31575802022418,59.70039456201897,46.69547407867485,38.8897930124658,52.20451150919489,53.526795708524176,44.08429061250609,39.65833095050036,38.38371189094106,49.98507573268495,56.133890684242985,5.649276157839859,5.000798632354059,6.750533669619419,8.154087276511792,8.896080409624163,8.661632750768746,9.301484439542227,9.024290418791574,9.415506788147166,8.969619591392414,8.381477922552973,9.689093889148275
50100.0,gromacs_replicate_1,75.71495,5.428464045004302,5.8745585563299505,45.34268,6.353863678206375,5.7018755433486685,6.1184006,75.00354572262381,77.17752320679442,65.518311567008,54.379333084512176,49.247734402439676,62.60911028480326,53.95183986032682,47.08188655545516,39.706513118058645,32.50492843690818,41.55237383917783,51.795527349922956,5.717226284584508,4.59433405669397,7.056591403450557,8.143950896412873,8.577824138329461,8.498231461668782,8.582897413117204,9.023273427717609,9.794032602989548,9.249685883393981,8.556979503581204,9.690536893569881
50200.0,gromacs_replicate_1,63.075066,6.256795900324308,6.5816183890419016,33.228798,6.30370706432911,5.97972645869235,11.956039,75.00726047125052,79.94144457274518,70.07325042861315,58.53709325564575,53.27108684002108,63.41748397895156,82.45812247919464,73.63291389202767,65.24520440757207,59.06794629305656,68.62754147010763,80.06964492723013,6.061961448260959,4.526857670500189,6.681534524617617,7.399468533194126,8.520331650638996,8.002924671962877,7.932105690315394,8.632660807630094,9.981254147364794,9.747747983564672,9.206647192038771,9.976530947411714
50300.0,gromacs_replicate_1,75.3502,6.099326586561796,6.563866728641445,43.3659,5.986257452739799,5.566981534745956,0.73080444,80.96317825014502,82.06237375404571,69.7515056092066,60.58144170042833,59.19738322089665,70.9790471327539,71.41101484072749,63.21440337595484,54.05849009053477,46.438443712672395,56.63895273389068,68.7194628957985,5.617511272104773,4.52345773129965,7.269247682312298,8.120162436255496,8.4891908409561,8.659789722480689,8.29447259742245,8.980024310739234,9.736777810575449,8.928041632596702,8.837307417925334,9.921616222980596
50400.0,gromacs_replicate_1,76.37844,6.388965924564023,6.835830493911947,42.228195,6.398932410740172,6.273419376531517,0.089897156,78.31378216212502,82.20385470718338,73.01005382308647,63.411421250814605,57.89896558229466,68.44913740276142,84.37514484176339,78.10110859054669,67.62401938941201,58.976811865165075,64.77373289160782,78.23035298980727,5.623334503476699,4.4565890434329605,6.508212615881426,7.5487749184184105,8.753244813054623,8.453507064325471,8.400345217947757,8.545972638234646,10.198648616348898,9.531551471497,8.980665752878064,9.607254905662439
50500.0,gromacs_replicate_1,73.62407,5.658031224173611,6.07118046752603,44.41806,6.158952508600077,5.70328005388913,3.8112183,66.17058832206558,72.3575853540645,64.08697523182067,51.363264963719374,43.321246583627016,53.48589846050582,68.07502941913609,58.30580673743256,49.663192593998325,45.57054013534725,57.46380008669117,67.07619402861083,5.6120390027771565,4.721055764970217,7.133665543555939,7.843225824535182,8.962033718102228,8.294631452499939,8.491698773930365,8.737573530777626,9.464885341297943,9.38086576864361,9.063586383634602,9.614740917964046
50600.0,gromacs_replicate_1,81.45132,5.7722165978199484,6.215407372800793,49.75612,6.308505285496691,5.91616407872255,13.874664,65.87972426683632,71.68020039132755,63.36003197343958,51.97781680265128,44.19428014121099,54.334257531363335,61.46015872879892,51.6337096267938,43.13724066399892,38.11544136005442,49.668111797224164,60.84840553786442,5.573126914722762,4.643277382401227,7.351168604451716,8.163510050061724,8.827081530273817,8.417216942407212,8.733255109884547,8.60966701107793,9.751035608335794,9.054475012250466,9.099425936347995,10.064864092809385
50700.0,gromacs_replicate_1,74.37572,5.8298910296425515,6.311071681257296,45.67663,6.1729708740393825,5.717659811817752,3.563507,76.15902441803861,78.88897616295156,67.66203132278675,57.20221726201605,53.8523595065558,66.13407936250627,68.69639581763887,60.99260194317255,51.226991501217384,44.034023427640015,53.627613411262416,65.13520152667175,5.504586058178724,4.350367912307821,6.9551032860992335,7.823720570888403,8.138118792704967,8.325533384551909,8.34544073753775,8.855150919343192,9.940341468575436,9.02419362061215,9.194852801683739,10.065037227864403
50800.0,gromacs_replicate_1,72.706154,5.3143653106228035,5.723149901713879,52.977245,5.77330540497673,5.322039433985413,2.650322,61.39578016997383,65.72447230099836,53.595621533010835,39.192466036897216,36.35505095895512,50.16070208604704,67.85516963132412,57.08979560559779,48.700146186943236,44.60763490650256,56.866671561069886,67.19675144953649,5.907769408872779,4.998257400189513,7.404146443783281,8.603807144157821,8.2694990139653,8.334824450667519,7.9270441370452716,8.723427773300132,9.538987600714579,8.487648835655733,8.259377701551545,9.578270072227719
50900.0,gromacs_replicate_1,76.34653,5.873252373688306,6.216090379741726,35.42502,5.885757856871458,5.578713810188617,3.6055984,74.94155025722559,79.68988903021474,68.94844780300602,56.35330262649638,52.55160260509792,63.17854663373422,79.0732653695133,71.99687051418707,61.13862825536416,53.52253290718656,62.98030550410724,74.39086188543132,5.81297061819178,4.9591025732248255,7.5510407310927405,8.401333965086923,8.28284797613166,8.117201636554103,8.564837811686068,9.049282777577286,9.790969640198016,8.851075428117847,8.213298962735811,9.687356982754979
51000.0,gromacs_replicate_1,74.31077,5.484028924769933,5.920573942958364,54.15431,6.020428432401886,5.607351184450667,3.5619965,63.41464839854582,67.01458390098587,55.95586867293624,44.11853122527136,38.7195922323233,51.592796273213345,74.54921518607026,66.84913056799603,58.06318712832277,49.86930144604756,57.84967258822972,70.80088461568653,5.60441984504475,4.521189713704014,6.562642777117381,7.548141741353208,8.428101646650447,8.353859329607628,8.577281198928732,8.977071502585515,9.731266615765767,9.095523897433816,8.911566601995629,9.537235702025136
51100.0,gromacs_replicate_1,68.255936,6.016272685964628,6.493574534751287,41.956223,6.336853405919858,5.816763366716538,5.437065,81.96734484025374,82.73282696611594,71.63412054013632,61.39509393555821,59.26835063953491,71.07302627777815,66.87817140972903,60.522656769844886,49.83359718214605,42.013596697989364,51.17772553571131,63.17942769691613,5.8993069630376604,4.586321686414273,7.004056577700986,7.874196977833248,7.971103276347453,8.24094683768214,8.26295394410961,9.128677596031494,9.78401070518651,9.070900586448078,8.630395067956973,9.971933396483491
51200.0,gromacs_replicate_1,74.934105,5.929141414159476,6.359398013683773,38.58099,6.280340304297947,5.879312983146758,6.9015427,84.52745653857056,86.8658318386988,74.86792917884559,66.00922271783107,62.249328334505485,74.43238958668321,67.94094140894802,60.39086278333719,50.846340136715625,43.5084781191905,52.96518704272967,64.01885092538903,5.563406663057572,4.439376850034394,6.7926514235399855,7.951713029841728,8.576507048036685,8.413159929729467,8.490842694828554,9.042326371010175,9.914364499981016,9.195480826921996,8.765804036093384,10.162504607635128
51300.0,gromacs_replicate_1,75.960365,5.599842246892336,6.09762530533258,50.263107,5.9723457429078,5.567188256804659,9.47953,71.38105443008916,74.76777043370717,62.97123554070793,51.64609658309426,47.78223273900633,60.61528322552424,64.95288668563896,58.34709628160564,48.504305114012716,39.064972985689764,47.16527665298953,59.73234763758664,5.922373766752182,4.703726080468705,6.722779381672787,7.883076166496676,8.466891632320147,8.443893233289609,8.412263981584658,8.437115862752778,9.800260273630103,9.241687854164832,8.970569311590854,10.230344831103219
51400.0,gromacs_replicate_1,67.188446,5.7663243986684956,6.178632721336668,41.594864,6.018889723099035,5.586920627100711,5.4030075,75.07006499552317,77.87406584110559,66.48613940046995,54.37332052036617,51.53631007522383,64.64198039002011,74.82207755614384,67.27826656882846,58.17378437084061,50.253008529459535,59.67088944550127,71.5668356323794,5.734666271607686,4.673855160622547,7.073194055090552,8.176357861100511,8.239259622904342,8.370852946065444,8.31825166351478,8.875778903152437,9.820805563129163,9.237152206334406,9.023698203319972,9.728704667350755
51500.0,gromacs_replicate_1,74.53026,5.767208928634505,6.126190423729853,27.89238,6.855307368708968,6.536226173759502,0.8258743,87.96237499134347,89.21962268573635,78.26191155506612,67.07914987214436,63.84243009992401,76.50047091981024,77.724254293558,71.73547428136875,62.805207782652,54.435907083451,59.70161415941099,71.65042957225877,5.754229314892383,4.868420020959793,7.326174390867825,8.139870410983272,8.496888308748378,8.692393935648525,9.207812586901385,8.86169829696422,10.104094588128095,9.279055689472186,8.591704956817006,9.688807959536042
51600.0,gromacs_replicate_1,74.281586,5.481422901451247,5.875012131056602,36.928986,6.270098888856284,5.803263620392581,6.8209076,75.50977822768648,81.16611613109924,69.61627189223546,56.445177743194854,50.999177110704274,62.96528657016687,65.99832477094021,58.481820307182105,49.15031612424853,40.868194043024545,50.22286256716269,61.4032593292257,5.823139033227008,4.523773214075475,7.287645979701392,8.254977399334722,8.228675097910434,8.531930415371432,8.859198915521578,8.694411825773152,10.060792826135254,9.253975703077367,8.914198815138127,9.836346743052385
51700.0,gromacs_replicate_1,72.570404,5.382359124973779,5.852818697117856,45.46904,5.896324891249954,5.477707882744821,0.5830078,76.46546761399496,79.32799721490944,67.07839944237688,55.215068477718006,51.45599594296651,64.92941369220908,71.21625318786434,63.54514781594139,54.69961096562359,45.19023921092401,52.78361123465413,66.162444165089,5.741132133029827,4.569562044127392,6.95012272490832,7.9969029919415435,8.701559787281683,8.313510865373575,8.342061257814379,8.771872037536818,9.920263107476446,8.515554484458693,8.71124864556432,10.192958001913674
51800.0,gromacs_replicate_1,75.16695,5.046695724204896,5.316295384748986,49.293015,6.475674822704631,5.836752113401008,2.455223,57.25476929923621,60.971714572291255,50.03670680095296,34.35553915042284,29.92683448733061,43.954851215050184,61.72153784453656,54.68673538735709,46.66797074496222,39.96590929231848,49.97821357571314,59.96249054854729,5.87083811621104,4.892981746292168,6.858287663958209,7.878642293178803,9.052822154175939,8.59853813214087,9.094451109195637,8.944819938665203,9.737649525736002,8.795141128948819,8.203583403100358,9.678869853002837
51900.0,gromacs_replicate_1,61.511963,5.370863145724391,5.712423589960345,42.896652,6.586119523675348,5.9422222292609685,7.710945,66.35020862645183,71.69369620749987,61.155978591639965,47.794952828439996,41.089481618340876,52.93298463025341,69.67423311232676,63.13248944621227,55.3728448646684,47.633433635210395,55.223623626351014,64.99252312260464,5.600102236130459,4.458654318004173,7.362719477282618,8.395429249871835,8.55313242827524,8.686394813217259,8.501766087737716,9.048838476939546,10.089547155582984,8.505355428495834,8.876141799113798,10.143204286756621
52000.0,gromacs_replicate_1,82.30822,5.077643084582743,5.377758586138512,44.14586,6.387696279712017,5.838060420863307,4.9773026,61.27175489880986,66.42627232828613,55.53847675732378,39.23666280259297,34.678209197747144,47.44806683056148,62.94167174200185,53.68975780686697,46.13777400722569,41.874262830189615,53.80329328070054,62.77102351843648,5.7125087439096145,4.732031748532693,7.12421155834515,7.9040200851489715,8.766900582649246,8.472080684369498,9.019973848140165,9.132427131597806,9.958978428394113,8.857944310865419,8.206368015406872,9.916580404727224
52100.0,gromacs_replicate_1,76.98397,5.561949930655139,6.1273556290987425,54.27368,6.396071298812564,5.950228049768581,13.529007,73.95416247665527,75.32845053574799,63.29771200427289,53.31524094673848,50.799114862300115,63.8627908044767,60.71631891024888,55.085259963809214,45.26708559576193,36.028475220472515,42.12095761836505,54.70863897827803,5.527374966288806,4.401696896414099,6.450270088311824,7.590855398049628,8.500307242780744,8.156217431017808,8.426451020101133,8.82382789205672,9.948039964146137,8.616630514166049,9.20977190494179,10.324570328997945
52200.0,gromacs_replicate_1,71.61278,5.614320249872611,6.044056604532976,38.832672,6.39211939100053,5.943887129649509,4.088173,75.17000563705945,79.90131053785781,69.7601966142279,57.23985532377047,50.79240084871787,62.490485188641564,75.29764504000283,70.55462567967919,60.50835231672656,51.04893895684874,56.16844513972438,67.21506902095372,5.593095489237648,4.6790266016753455,7.059390986121481,8.06051088120781,8.431600298193707,8.596043841786816,8.754267733638756,9.28273699078388,9.999631170145637,8.479035163887158,8.519918988828321,9.762455265604954
52300.0,gromacs_replicate_1,77.74683,5.143132682797714,5.702020000244079,52.341667,6.501847872205082,5.92984264294328,20.345406,71.34646532477025,74.00240126360934,61.149529177318186,47.48665365248566,45.110055055504795,59.361623634159606,46.84088998295569,41.82946506888377,31.541746605371834,23.502118756245967,33.266259987342856,43.22090279445496,5.369787026769357,5.106103063243886,6.905194133871425,8.204136389907664,8.514587412417278,8.762040396680327,8.53717957443559,9.37389695289605,9.575765336975008,8.601970290074561,8.99745325777984,9.884825218570231
52400.0,gromacs_replicate_1,67.17011,5.754964756309954,6.268796896125197,48.057083,6.369247255192237,5.810322138341657,1.8315201,72.91985546018054,75.29486649199347,64.51136215132041,52.57539216631056,48.122883834872255,61.64212903274234,67.24833822903572,60.16486878547141,51.45001402619172,42.9372173650108,50.758305536181204,61.89557925445244,5.947552558502551,4.460908387950195,6.997468100455153,8.003996048135733,8.24039383737842,8.663444569521987,8.100316174505286,8.958219926249962,10.012398760478765,8.944526993528378,9.318593866993046,10.375778135614535
52500.0,gromacs_replicate_1,78.66581,4.701880702815093,5.109026376685523,51.618286,6.289121389761264,5.678447187802974,6.3581924,62.83005002926388,66.85940570246335,53.297829646684356,36.958753280145125,33.36041677828622,49.559283401955334,58.47637044323017,51.72288809189578,42.664659791854056,35.363948451787174,43.77721095735424,54.68318060710631,5.56143758360994,4.870575466508401,7.208217572236813,8.081250832737725,8.582790750957571,8.627890401666797,8.458045905026568,9.104322469256836,9.534344574506818,8.62646979752064,8.292051038180333,9.981367990631838
52600.0,gromacs_replicate_1,75.20991,4.849970100927602,5.291458959729337,47.462997,6.423227098771873,5.722063430482369,7.2462845,72.3298873146609,73.76082306874268,58.61229571632532,45.42985777951355,44.738420433690656,61.415136289374374,47.69794227881593,37.74337207073841,34.09406818939157,31.80945123697663,43.21571120822227,50.099281062371254,5.699821250886942,4.949080957060108,7.090205534240548,8.151958368021655,9.158106720951691,8.723977481242422,9.494969825034227,9.072436087117458,9.45321102839133,9.226343400414736,8.739720900045471,9.687053411047799
52700.0,gromacs_replicate_1,73.41972,6.352943950469776,6.8381476329717525,52.57951,6.316663927253416,6.231306047466818,2.2967834,70.85465188074504,74.43724980780874,64.53498046667276,54.854609247798564,50.97617531348088,62.24866262257938,87.59587906870561,81.63082202258747,71.38705208239328,61.72489431975109,65.61846135903932,80.00884120107773,6.176947193981757,4.604919160809513,6.82966491821828,7.68578013139016,7.944647755499453,8.233357710587068,8.155084894729992,8.647216906847044,9.665507220085946,8.922445991070976,9.90743929719256,10.25559947739731
52800.0,gromacs_replicate_1,75.67585,5.983687299029928,6.57409267902509,58.25308,6.373261960375633,6.343420363497565,3.69487,69.15603367466562,73.49416643236617,63.7714981050892,54.198169400283426,48.38792660414191,59.19026406737028,89.67640599995764,83.6203500780886,73.32388165831463,63.51972318151229,67.89660682507427,81.37307599379453,5.7699477279472875,4.848421809760095,6.834629045639135,7.933076581278999,8.525070925152628,8.172986501809675,8.31705726837329,8.941065204082822,10.147119171503084,8.655279819965621,8.912107460798946,9.680003647065876
52900.0,gromacs_replicate_1,76.50547,5.2656143099924755,5.599127229041442,38.558258,5.65438358862042,5.184938415302573,3.3429794,73.51737777678933,78.42058519135648,66.81357125878965,52.13892453655898,47.9046705359224,61.030801039604285,67.85420301960283,58.621989921488336,50.33492533894273,41.2258452516804,50.904262842395916,63.8664864494972,5.807286906179937,4.996998144971639,7.062542023066681,8.16041225276872,8.561724965125332,8.376596650498124,8.66938789101795,8.80184826563432,9.476521480536318,8.824254621847492,8.465504773035967,9.558361719194929
53000.0,gromacs_replicate_1,71.87348,5.187628898138635,5.451873318703322,33.685528,6.124839095304639,5.493743542996024,9.3216095,71.30684730581989,77.4583341259377,65.5224720431316,49.64757195491174,45.388329845142174,58.071340546683196,52.02394914553358,43.54539782003842,36.04937927111543,31.789530960942024,42.93930002580368,51.38463097065183,6.153738230137295,4.878179463398584,7.208716269468768,8.38857095882371,8.273514423940968,8.446020909385783,8.331326419988878,8.854815162264613,9.73078736110923,8.756240388583274,8.335305152824816,10.086722886186221
53100.0,gromacs_replicate_1,80.38054,5.620778450647961,6.046108266435272,42.955017,6.131957148042666,5.779988363000151,0.45922852,71.48109161007986,75.33359928023641,65.20072068758942,52.80303437347481,47.59470845146158,58.86678577682646,77.91555607302247,72.95120404866583,61.888021297770834,52.051539522002585,58.00421299041457,70.4693375992029,5.517113301749127,4.727797271924219,7.440406659612142,8.346013279466517,8.538812494793497,8.41439234665338,8.551940828191826,8.933936947901186,9.644143205730701,8.944806008990092,8.777354570541466,9.826945831588999
53200.0,gromacs_replicate_1,84.33409,5.293213906286511,5.685491610523064,43.2536,5.552726376824796,5.231445869887686,11.848846,72.99010592300098,77.28249953825858,64.17158012114999,50.38237843358844,48.22834609427325,62.0569239993662,67.7606545310515,60.066497888292645,48.4547240080753,39.58158385873813,48.65042956031619,61.93950889299915,5.760946832082369,4.682605877179377,7.153883539212814,7.879412433402772,8.434105552680684,8.335979163093437,8.136976071444094,8.988912819905,9.313707065669636,8.882140051072621,8.887962632860656,10.060908807208962
53300.0,gromacs_replicate_1,75.78422,5.642121197107992,6.063331929232011,49.714737,5.691465012584799,5.448117246563132,0.42964935,67.56686597508471,71.24629928100028,58.596674820087394,45.387520438771375,43.27453049895873,56.75298621688401,80.15416404327192,73.6967660508467,62.562948467455186,51.499283552245416,57.856854079271564,72.86994733891575,5.400656952257111,4.596333527484733,7.054598871691718,7.976305152885002,8.142223683113198,8.283212552357135,8.051053315028202,8.685984840149349,9.41234835594747,8.923845549240726,9.21811801658693,9.861608977018555
53400.0,gromacs_replicate_1,73.62251,5.1865586663556975,5.703200707435428,53.738365,6.26570900305343,5.847589893320488,5.5820923,63.90848505659148,71.45478562690478,62.640604253041424,50.25868638587334,38.552890541087734,50.93473218642701,75.391689845633,69.6122924334785,60.87729097094002,51.35028364738583,56.37448683871577,69.08117984479576,5.857277567764804,4.504054035867537,7.211185823638726,8.091799709368017,8.56679592259431,8.441548107048177,8.72073980810116,9.051276376966904,9.574155257917207,8.747463146166528,8.461965502035772,9.936434742813148
53500.0,gromacs_replicate_1,72.750175,5.756944814515603,6.101197473085745,32.600304,6.521534735833498,5.91618808388065,3.2917862,79.84908649405655,83.43396182273432,71.45379238607747,59.163931457348106,55.367789578999826,67.79995606509317,61.864665426016174,54.08907902697667,46.88653587120615,40.072116922242806,49.01512283726729,59.333718770731814,5.837161790725243,4.921183835438768,7.699972442982896,8.417728105492978,8.439966439630693,8.282458921998982,8.262101124606895,9.108444472172845,9.938185038065026,8.954943363180492,8.820086885908783,10.100371497117264
53600.0,gromacs_replicate_1,66.48458,5.557248154483374,5.897720374151376,32.922028,6.50265174268678,5.8322990330668025,4.2660065,76.36005608422512,80.88719493022435,69.84776978116844,56.951830109821316,51.321284374656095,63.60169865118033,60.05331597031788,52.456110695363215,44.59444110236122,37.67070204638226,47.977286151682044,57.59394159788032,5.730330467811787,4.351537618899518,6.761374099118924,7.53775960026676,8.391925600858116,8.652771828501153,8.652924776645708,9.0788380432674,9.621493519583872,9.353713907754967,9.176687107616443,10.074479946504074
53700.0,gromacs_replicate_1,69.15303,5.671904467824526,6.06394195970449,44.050625,6.220727861414484,5.634140950018376,4.4911957,68.6748742927587,73.32477138173175,61.75937412272696,49.93521628178113,44.70725619401186,56.723852523200414,57.8639519014573,48.881638076415854,41.97234800742807,36.71209630681699,48.366783637054034,56.579198724760055,5.708628252229631,4.671578085028273,6.758777252599721,7.5999270568045425,8.42245464498516,8.435856191186886,8.508345200938333,9.009680099832183,9.891915291507638,9.222375487586332,9.152932274495264,9.816537562641614
53800.0,gromacs_replicate_1,68.785484,5.774241979657186,6.168780137408874,43.0101,5.823932708397894,5.511636942430215,3.8265457,70.85269100376212,76.09078825697573,65.88682467519695,52.27764549712772,48.25299367905874,59.76317206075645,78.79229569258432,73.04807247243038,62.41386306320427,52.08413559203246,58.82156539445379,71.52340448018359,5.963521270945944,4.824006929159957,7.202149059799355,8.178023181759588,8.258149002540286,8.251010058778517,7.871927149571602,8.909099002899138,9.545257227227443,8.881859524634024,9.0435376743782,9.785513484943356
53900.0,gromacs_replicate_1,69.893486,5.0197749691422535,5.32887759311723,35.29947,6.141564861200113,5.772904658195468,0.35180664,74.98748876803319,77.84823792361509,63.15074844669558,47.232201060611715,48.133616185299964,62.92353331636422,75.00847733349995,70.86051146054308,59.96599638660353,49.528758587392105,55.14442690094146,66.79568405954855,5.9134943857759605,4.881986329020441,7.161134206116254,8.225987907465944,8.8567006544253,8.355864618474108,8.771043340749936,8.95999286455817,9.456287753729145,8.877907273152454,8.80838634426807,9.936649185367555
54000.0,gromacs_replicate_1,69.534294,5.331274156817193,5.760176365489886,45.892876,6.073959469448703,5.626851213969666,0.4740448,71.12591769179589,75.01223072296887,62.842069659871875,49.435479555922164,45.672064317549804,59.57228481981248,72.24919818951298,65.9155010884459,56.59573251131972,46.614146285291916,53.91043846335473,66.8817389158667,6.0738825938848455,4.73291375867618,6.966679711933133,7.6406892160461926,8.504076642987709,8.319118663657473,8.2235799676352,8.804883141715226,9.555630435694512,9.040171553391621,8.819449299380404,10.515218105205534
54100.0,gromacs_replicate_1,73.746376,5.631162175249542,6.098180861721096,47.837585,6.245071534741804,5.79264285942556,5.3928223,68.32918369643785,73.26869070815779,64.4875264893206,52.339935398041455,45.49629363085965,56.41380634334386,68.42341041047574,63.60603380432688,52.888020425550295,43.413719624783994,50.422838099813305,62.4742596174323,5.669265390781297,4.8533464757186096,6.923374974726708,8.047808182208117,8.457756742769366,8.395098545690807,8.339211691641056,9.138660233347933,9.540692697556794,8.9978811661698,8.934249472598452,10.044990353625643
54200.0,gromacs_replicate_1,69.94622,5.06619985712585,5.436852414085409,36.59352,6.681539754460414,5.969055934847911,0.20956421,75.47366561185328,80.18967445373087,67.80130437259129,53.77705898293736,48.482000290849975,61.83008177542958,59.27092904814682,51.99056584042663,44.967303591158306,38.948260884538094,48.25233680429586,57.127832105770274,5.435136826006951,4.7111316938393974,7.307592292756823,8.202990142759962,8.87249981352818,8.604877351252565,8.750356903173953,9.240582396724589,9.98502528642127,8.98027777169201,8.762049982050454,9.946674878946522
54300.0,gromacs_replicate_1,67.92347,5.59823604633264,5.924883105715183,29.712708,6.534910029487708,6.045365784737517,8.471451,82.17001154702233,85.18175228202857,72.34178960105861,58.69254669801222,57.175043325670146,70.27503100230032,57.94362286620593,46.90642120485673,42.34428002987698,41.05826205060603,53.771466340824766,60.45968104670301,5.793616802893134,4.793939929609288,7.111717424113303,7.981749488685165,8.325106401174592,8.278151714481934,8.761711502250224,8.997960787663995,9.779121748965345,9.325329823952371,8.860169441066576,9.551696344115694
54400.0,gromacs_replicate_1,75.44925,5.268966954174769,5.651065914703601,37.572792,6.310386268348119,5.845583681213195,3.41008,74.93431363640204,79.02778609433862,67.24908615991258,52.498249966523524,48.544603661619846,62.12964725282858,67.42458421736771,63.55818960936868,53.476077517075694,43.61563711256926,49.70653021654349,60.33805761397692,6.012897283609387,5.101366208955097,6.839768372035331,7.976965314821989,8.663182253858837,8.462570652919434,8.53246758055215,9.097607997567625,9.43295729773818,9.30530736806604,8.648253811904754,9.400595343372585
54500.0,gromacs_replicate_1,80.97095,5.245110156328707,5.72257166384118,53.16684,6.498814406350823,5.9193289439295595,10.463707,66.06583729427841,69.01268358345986,57.18779302770057,44.87695500825853,40.04662362498251,54.06335225339029,56.2482078888069,49.691157349619004,40.926021265713466,33.103870402705915,42.21840537383085,52.322497183664034,5.55314347878007,4.773396345410095,6.724166923067405,8.062484149582621,8.914362547050448,8.702361730166961,8.882901545081209,9.044826275211493,9.45391579165469,8.92759094424514,8.866570418625374,10.117523334014892
54600.0,gromacs_replicate_1,78.1548,5.685694289440096,6.001813221190677,27.169857,6.033342857315052,5.662505995280187,1.8955536,80.80502740879548,88.51543764726051,80.42108831455987,66.73137514907138,59.41649637194153,68.20154281119174,74.68373896531875,66.6846176845174,56.25882888876669,48.43707052597518,58.12131797517673,70.72123248224504,5.9788213443497185,5.125773475330975,7.2823903533083065,8.433923881965166,8.535200693649825,8.290250540218722,8.341038400644925,9.0592273916288,9.650155633829012,8.75544468708121,8.72197223805761,10.057450699025566
54700.0,gromacs_replicate_1,70.8976,5.612525505821739,6.031262348699642,36.133545,6.467935588231601,5.867809546238952,8.739777,80.75081167821953,83.12265217915177,70.91457529512134,58.96816340526738,55.8746573932014,68.92831250190248,58.98712748278489,51.668209337280345,42.45486315672823,35.749451188285235,45.76363563054179,55.85624802522845,5.617241281308771,4.7303620335838925,7.0361466883447505,7.994765651374375,8.368112346467584,7.940744834089084,8.1191377688472,9.05591979473721,10.091471593912507,8.766547401761937,8.502740728128558,10.015374064320481
54800.0,gromacs_replicate_1,78.23412,5.824547062526205,6.324777229537264,50.170197,6.120943360107698,5.728142224237482,3.9964828,73.65871988685205,74.64586901552165,61.829247189105764,50.57611852249204,52.08901534247241,64.77896345903079,70.6401854994356,63.6262358372391,53.23810951842337,45.018598571088546,54.430575961729424,66.48476444285575,5.694118193733008,4.421270881396465,7.18640846457611,7.963625446040413,8.293736870151719,8.464561210010928,7.842271585722484,9.457659361837353,9.736333186455193,8.424369204371114,8.755083865093273,10.13542335682083
54900.0,gromacs_replicate_1,72.90346,5.586347395845754,6.071533547137707,48.054153,6.124590970155383,5.980166282059859,7.814064,71.43314342169386,75.11374581895689,63.00471817654609,51.173618169058486,46.85148262882826,59.93262033886711,87.19540536058842,80.19403954929719,69.65711882713684,61.01445459948591,66.75063197255221,80.37883085217632,5.7808029846937625,4.596845142321609,6.904003467043529,8.086053891681262,8.439206137417353,8.47288895838533,8.309697863565553,8.93756127063677,10.010946447883017,9.13494070777203,8.298263518859319,10.206695642194926
55000.0,gromacs_replicate_1,77.643715,5.259593081529805,5.700654822253584,36.57453,6.1685882508165895,5.539450926914762,6.98098,81.80819743582248,85.66647444436384,72.91866555661598,58.83171789579617,55.69677898323566,69.71963072045016,54.8176316486888,44.895223972064926,38.33372977492127,34.38168490637868,45.70790023032221,54.60845006834256,6.002499336542257,4.999961484772907,7.1940969382535025,8.436437220356487,8.57848718797822,8.292916332925637,8.581512698060731,8.757982675902085,9.91451334553429,8.664862364644419,8.612899347242847,9.881393392598584
55100.0,gromacs_replicate_1,79.33078,5.277234708576518,5.775619438493357,54.65358,6.021896721547336,5.638605942631751,0.7079773,70.14876369655494,73.9190288185044,61.653062031194054,50.53494135322566,45.646735194957465,59.660199272752784,71.6860251319041,63.46908455914488,55.445717439030325,47.24840839214807,53.62846305850862,67.29586036964444,6.044036565443864,4.938413975102729,7.039504991500467,7.966600369619443,8.769130857360176,8.177063437343762,8.079237989342014,8.743475885328468,9.57178583486017,8.692957261905855,8.76941337079788,10.08322375589948
55200.0,gromacs_replicate_1,82.32332,5.823692904654884,6.382632391513738,50.941338,6.632739948095109,6.320595390397156,5.74144,76.02775925116953,75.8299914422342,64.3958018084796,53.96822666125756,52.9128587023648,67.37125875889699,79.06793279317593,71.55480439737748,62.03031566869817,56.145181621940075,65.39871040998551,76.4368231126206,5.496506438110914,4.815661172713902,7.035782485259302,8.327441110364276,8.63802047700089,8.339314274033583,8.350037173999999,8.983582670429739,9.680284796295629,9.301400447198436,8.791372255722415,9.732557304884944
55300.0,gromacs_replicate_1,77.74221,5.446440617799424,5.831046313008074,52.867874,6.1328482466925776,5.587099744372305,2.2973099,61.25324768500405,64.59415287437719,52.90612554286154,39.74835653044964,36.28715205291519,48.72796395558946,65.8314891812113,56.05695188751441,48.66280582807886,41.62984117213857,52.40962406538451,63.59957564362067,5.845785833131675,5.258135932163751,7.164661170501069,7.931958609651548,8.912497122556854,8.609894107689414,9.01110297883171,8.723069876811454,9.477928918691015,8.670612812500412,8.23861849574031,9.831544453859541
55400.0,gromacs_replicate_1,73.293274,5.671102676053534,6.151895756333884,49.04837,6.218930912312935,5.7285830723596485,2.6229095,67.97017262005939,71.59690674338107,61.48114715880503,48.837092654252004,43.744703104373926,56.024147730712656,69.98257993742044,60.159882366605544,52.74175720702035,49.24214681833731,60.93956113735355,70.13413965872117,5.599745252168891,4.635732760288568,7.0627363673813335,7.911937326052653,9.050631170408415,8.55077654549823,8.78462801820486,8.87948920420541,9.738992286209237,8.822451709285172,8.83995113888176,10.4826264737182
55500.0,gromacs_replicate_1,75.943184,5.479463161826974,5.905308199403406,43.817627,6.062489132671042,5.767823418589002,4.8445206,72.65986687568116,76.5984837074005,65.51427713479359,52.35824099468253,47.90038140264515,60.79988074081446,80.32429017461376,73.45126670260967,63.33593500835356,54.374041676563714,61.53922598252017,74.42637951593788,5.910442492106314,4.742520925690113,6.645800576260279,7.540076105753443,8.743642569170394,8.218601839699772,8.027109070000483,8.669957277349566,9.47584856876838,9.406574676682737,8.587059841802812,10.552731360714036
55600.0,gromacs_replicate_1,64.14384,5.202023211412652,5.558248261221687,45.946213,6.13999945484506,5.518713949810586,12.534645,68.03387260147926,69.75260524865148,56.262848944857915,44.27308859786352,40.91762698453971,55.80172742952542,68.67747533383844,60.49692760939798,54.530471179417354,47.11761045281612,55.734380658428975,64.82467789565621,5.722383522266174,5.001170597566996,7.147920292724826,8.334604329405224,8.994078426306038,8.330193138223658,8.228479739700148,8.919448255971579,9.871419059453167,8.661991218990925,8.387575245495361,10.079471721242967
55700.0,gromacs_replicate_1,77.00783,5.772631096367659,6.25989968275592,52.859436,5.980761742964615,5.60979062302621,1.6141586,69.0872158353827,72.21894724614594,60.75538778477089,50.69646831438121,46.3947483663472,58.995678151179035,75.43433482544671,66.64362153487679,57.939165591282716,49.74955612740293,58.87998192181715,71.21887721057821,5.276754369668306,4.534315148092758,7.039737580006074,7.976267920745522,8.83367771790657,8.604990565915495,8.607991589631723,8.606776376544614,9.751917197433762,8.603253598429557,8.285144827442902,9.610051189911468
55800.0,gromacs_replicate_1,74.19615,5.279898406793364,5.773067667628936,43.44136,6.522378680486764,5.973976215097552,3.5939941,79.87059257532717,82.20179237064477,69.45997938085763,57.33729999035302,53.88656613331711,67.94941624205744,63.68859645272294,58.39290612322253,49.85775120216091,40.33570553694545,46.94980791996673,57.83551233618689,5.419732922252259,4.8679019446517815,6.984945282126575,8.10500915823199,8.93114379188798,8.630987074683349,8.696808763358906,9.2153663525231,9.772869700327634,8.965419853639911,8.341323316104045,9.905407579079137
55900.0,gromacs_replicate_1,70.663216,6.011086045441581,6.4925287475384215,52.782608,6.271678860974671,6.092361470018951,7.7896957,66.689263133397,70.42348701101082,59.41696651864409,49.3295084146397,44.23892233363879,55.89167141260821,85.91033230904786,77.95656086410968,68.65342961349799,60.5667763235549,68.07684371267189,81.09104846702778,5.534838835536267,4.795864246528283,6.666778907791533,7.831201369241878,8.821815067034061,8.269685070379749,8.967975002697143,9.1056645349961,9.734191225119734,9.374670427220044,8.412349786696636,9.46514744738361
56000.0,gromacs_replicate_1,74.657455,5.719369365813829,6.148925753838709,41.01477,6.567061678148303,6.089745737419763,10.84436,71.7378873064717,78.7519442809432,69.89372430662583,57.84042319156044,49.53161190160822,60.06280533785558,60.57541986647502,51.74335543861671,42.740254630710325,37.177796600111726,47.88732450537852,58.009582333013356,5.571998260897886,4.9196740873079,7.069279034320058,8.259476140563706,8.879874399717753,8.748755046007744,9.143831438903756,9.317654594146788,9.998071015475789,8.779310567519419,8.329635312393718,10.039844467971555
56100.0,gromacs_replicate_1,80.73087,5.316220847736274,5.759107548069414,38.362717,6.722445884150819,6.121241936826227,9.141266,81.62140003257409,84.59804019208727,72.35488385615,59.513510300882494,56.10679505948502,69.38511999744776,55.62127505203179,48.25473507321418,40.94859050450392,33.50860108113636,42.65025540272268,51.91638433540277,5.747520244856797,5.070363185195645,7.259366489642837,8.67506099143396,8.639383686682274,8.760384951181326,8.519365668404571,8.956765883664875,10.030429647686626,8.786530547140385,8.660843091747344,10.289423795210997
56200.0,gromacs_replicate_1,80.920944,5.050501890415908,5.4767126948864675,56.993866,6.118386158533334,5.618046553472657,6.3645477,59.043747627999885,64.26767993289111,53.58119224560028,38.785780218113416,32.59488522845565,46.3532386766731,61.95392286372235,52.13261625387315,44.8802200119477,38.99250879257392,49.673527837546445,61.00393360283384,5.970944170575072,5.168123826382105,7.153685981398512,8.205346566622016,8.731588732501782,8.73172383007832,9.014164850359288,9.023143353281242,9.447826818943788,8.879257112570784,8.70374299945992,9.871241634078638
56300.0,gromacs_replicate_1,76.121445,5.441470332181996,5.784325661245081,43.603386,6.01985373669683,5.5277305148022675,19.050903,64.70890862866209,70.01575960042257,60.261375140401576,45.72904077838994,40.980844254907204,52.72295664785948,54.92785062249637,44.831608587290404,34.7512649957955,29.947641571755184,42.961163737168114,53.774858273617994,6.155910452948181,4.691571890393136,7.135280220088573,8.178423896515362,8.325698948897246,8.46432992671539,7.9751399437238835,8.983304924958695,9.815404880007192,8.67956871099858,8.833280580190621,10.07599046700344
56400.0,gromacs_replicate_1,74.99759,5.6544621902303485,6.113720363583469,47.673233,6.315237310141557,5.765488045290032,12.298279,73.03748348275977,75.42622306993873,62.82948983223848,51.38750934540497,49.11058537472666,61.77346651493401,54.88205129344846,46.324325100338186,38.64941875296826,30.844164702904052,40.32914029966482,51.891164162703426,5.838797976211129,4.753452520075078,7.290249701955327,8.344859935697363,8.242286749490193,8.580962129990363,8.354933429560068,8.619169336483541,9.80542031984851,8.937121091891077,8.638863781144137,9.92780753099159
56500.0,gromacs_replicate_1,72.160194,5.433451061901839,5.820445781467826,34.52098,6.510135465178857,5.870309577564128,1.4668655,81.35155738132765,82.89295570095102,69.70849562066772,57.331162249927615,55.48026562779335,69.8258769897948,60.82149729554204,53.480789859239415,45.84655821251647,40.00767397065654,48.89586769780285,58.31472333133685,5.663550573204924,4.789906167351293,7.021655268791451,8.129061325392916,8.795945302321531,8.324061175413297,8.624090185063414,8.712526480883843,9.755097281305648,8.891510393380639,8.49662930487228,9.79596066928629
56600.0,gromacs_replicate_1,70.23351,5.466931838274803,5.823258385255865,42.050964,6.293600971897154,5.8551222436556065,6.7554474,68.73208276104101,73.61362908147417,62.385742309487874,48.683845295495324,43.580279528354104,55.94569719209852,76.2144859935298,68.9667084556008,60.3713239043644,52.63821197353135,61.5100385525376,73.54212505230832,5.775973204718034,4.710476135223004,7.213203603275654,7.893842100079504,8.786903562926152,8.449041292293964,8.6789678632254,8.779152281453502,9.810317208142932,9.407772468951068,8.549531064313513,9.732755532687722
56700.0,gromacs_replicate_1,73.4158,5.334824848806344,5.7809429813473345,47.38829,6.316719056864792,5.833609893434187,11.656204,70.38944037954691,72.54248062067896,60.340979821555614,47.09095423222497,44.777414299996416,58.577834327530304,62.44755222645456,56.25267086564736,46.15867855125057,37.54161159740318,46.0867256190171,57.46989083000715,5.145755593133826,4.73272553887165,7.008198894000582,8.20808193767062,8.516691822080752,8.401907470719522,8.520049018134733,8.94748065816574,9.719688791226622,9.014139124954012,8.737523533108945,10.085703087984088
56800.0,gromacs_replicate_1,72.99606,5.69377745459252,6.200336033005433,55.55487,6.023085557842229,5.507259228462017,5.26651,66.13491099417834,69.74570644698255,59.085793856924134,48.15234560433024,43.671593207933654,55.73153825795413,61.32187939395429,48.70620894397116,42.99404665974968,41.863978912880626,55.0008572648045,62.96860035740502,5.805442853488735,4.775492713716309,6.938805189751208,8.12540157141235,8.516015898288442,8.423781604429154,8.72638225282885,8.741185672744862,9.729619379118864,8.709321544148882,9.053582329399076,9.970285793736421
56900.0,gromacs_replicate_1,69.2698,5.2611232679125,5.582333542917784,45.53018,6.474607892644856,5.995583260969447,10.143387,67.21052196460758,69.1233823644354,55.9370239133923,42.65905735844808,41.39923629199582,55.53810706867433,60.93073541741566,53.30272621884102,45.01737131347631,38.124426514678326,47.56572642150201,58.04406482441709,5.844973193713966,4.684736135647802,6.832188454317916,7.788686875409007,8.67404419879296,8.259185272804846,8.307280788455104,8.828148252845159,9.615806357821091,8.999685631224175,8.308720835773943,9.669046826704996
57000.0,gromacs_replicate_1,72.27455,6.014149847767718,6.411704787705931,43.782425,6.346672076771527,5.884509110987375,5.4348145,71.99542865079162,75.55339100250637,64.08614421101157,53.16689113364716,49.48188672876931,61.23709460711184,65.90409817658036,60.66446956666686,51.18560003370004,41.79948124320965,47.999906636319054,59.932801677126726,5.330517182585146,4.622240721152154,6.861071914760823,7.790368565669622,8.553425622165284,8.511438684027645,8.711043491779392,9.147038777316986,10.251686885731216,8.878132776695962,8.69062883464154,9.813629276982914
57100.0,gromacs_replicate_1,72.91061,5.499820798466638,5.950489420161329,40.32538,5.8872553036007975,5.538118005237149,5.0640717,81.5979959789252,83.48319857296435,70.56059017066055,57.97621937006525,57.95425961387385,71.53261130754937,71.17392054236194,61.76418375001389,52.16033234844139,45.14096191080597,55.391984331320636,67.22138247422832,5.512816579042192,4.559532430818024,7.073508593320055,7.952813804225231,8.543417008788042,8.524666270984083,8.59715849310265,8.792724061547506,9.457699547225575,8.877342847890212,9.086536407930105,9.937097983737003
57200.0,gromacs_replicate_1,67.32495,5.50071835556362,5.897215563784076,43.175354,6.082712851969086,5.595609153669166,3.3088608,72.34904202457481,75.7417109394268,63.85787305227468,51.383535725276175,46.95636747558596,60.610043291732055,67.68293347183214,60.985885315867804,52.31432549041454,42.529414808201615,49.75719931238261,62.301866563719024,5.944352066148943,4.88092374648088,6.595566271817807,7.63516597105698,8.645191302278256,8.521837908180167,8.666118227669404,8.707854810208483,9.430088553645131,8.74770967723547,8.461848120096017,9.635713933370605
57300.0,gromacs_replicate_1,77.24495,5.974992588053191,6.376601898915261,36.715973,6.011991974180336,5.576543772833349,5.3476257,83.15632861659608,85.08259020548628,73.90976400082413,62.79564885369081,60.84256788711441,73.06090064190057,65.94022741913348,54.925724441891,47.45126451995449,44.26764576135294,57.2503469272018,67.16084000843642,5.724812532761776,4.651278216601691,7.4131077039053075,8.130172280896858,8.58261824087066,8.2535020568147,7.907866508149024,8.917455129184427,9.923439269263662,8.435391070022625,8.656535320703512,9.675550808140349
57400.0,gromacs_replicate_1,74.227646,5.850944080696861,6.245209507972523,40.25255,6.669057362163143,6.2218291904322545,9.36367,73.50792871168477,77.1361049460961,67.37290224004052,55.96010153867388,50.36482293755488,61.418484660458574,63.49434962492849,54.83080195043165,46.35065783708989,41.72175274704001,52.48124703048936,61.76253742939134,5.352656355082041,4.472430581290735,7.0971260671696665,8.058958637579943,8.757273367369717,8.766974520790376,8.627344504191512,8.863759393430348,10.643729969026367,8.963300505211274,8.967626988478957,10.158199633881875
57500.0,gromacs_replicate_1,73.27837,5.70517518655486,6.196392444350258,46.993176,6.594642733261906,6.174190697192245,6.6084976,72.22266867731906,77.69631352577909,68.75319132080988,57.66780546231881,50.10403223117195,60.99388787968171,66.43432247689486,62.19119694210074,52.53645796016749,43.93272311592313,48.58763577613944,58.947100013824084,5.478724609152439,4.774148050082906,7.327039730033554,8.401072407782209,8.75739959683166,8.566498770804326,9.540378991707108,8.944948471196048,9.962129265589072,9.324059924072248,8.464121937332079,9.627236392683894
57600.0,gromacs_replicate_1,73.99197,5.545356712829259,5.95515088607855,36.49611,6.2128576561822575,5.789823910076369,1.740509,80.78937913600346,85.27572623884133,74.15453514288225,61.81270741373111,57.58223114262089,69.69254247178965,71.87513464050346,63.03749332280703,54.44741379492796,48.19082203685723,58.80494592191276,69.0603635823706,6.029729520045755,4.75832388415739,6.567072655761356,7.658627881558563,8.567998505190442,8.605884322864831,8.289780067970705,8.899306880315702,9.730448835389971,8.374133690833439,8.40559703206768,9.665165575386313
57700.0,gromacs_replicate_1,74.47902,5.1080712830559065,5.36899649146572,39.339645,6.443211987087505,5.973840697834719,3.8090897,67.06571736158854,72.28410593639393,60.95780756038363,44.51614648579902,39.98635310696007,54.005435753024614,64.35062015350175,53.48563481198995,47.26788371370343,45.2624520222341,56.674497945946136,65.79963123312342,6.073836980717416,4.927738659981659,7.321631840817335,8.3437180991142,8.877747295179265,8.644186015367351,8.692294646947426,8.594253932562284,10.00997670999229,8.969262972500223,8.123411471885102,9.937788292541937
57800.0,gromacs_replicate_1,67.04719,5.963781059670723,6.442032971979992,41.81289,6.577823441151608,5.964179698506702,13.129486,85.65984787726782,85.70297713861072,73.71794502919774,64.30245624832831,63.941049150169,76.6809331745092,51.28753774159612,42.74228057100495,34.79127633433948,31.07973132726481,43.00012909388897,50.97710327241457,5.32149496660803,4.6062042824843425,6.752626320618983,7.913160613473956,8.356469719915538,8.360944993735709,8.796853631519593,9.037354338542352,10.00818701391886,9.113342151436084,8.668870794623356,10.076277664628565
57900.0,gromacs_replicate_1,72.906136,5.304009377802551,5.768073845989419,48.88437,6.199600088057821,5.685230044997785,13.77858,68.95525446387504,74.64166165335237,64.83741544939636,53.48447119737007,45.16592819355981,56.65088258925455,57.91309349956142,54.04172976992012,44.57352789470395,33.86562954472092,38.06420925940048,48.804870814512704,5.762931845091163,4.958194709907585,7.096396180537415,8.28168581444641,8.631762852539183,8.697102167206593,8.910173712817352,9.344720482798223,9.472728035471684,8.77431956422989,8.256127006434324,9.742248034533276
58000.0,gromacs_replicate_1,80.265724,5.997212557507723,6.542624979057397,48.624466,6.9800580516936845,6.338433018171316,8.381172,76.95778965163879,79.58068061651133,70.06928279196943,60.54994254488953,54.72995913538837,66.05877648473212,54.11744125332687,46.37753531852726,38.87351666129003,34.60815586705826,46.16961196113204,54.1297319434776,5.572718505707041,4.858788777551969,6.649267974863815,8.123194411383652,9.027432463863276,8.651608796474052,8.79636407860331,8.745729354847173,10.289374202982701,9.02509592263396,8.58170364413188,10.412574809301567
58100.0,gromacs_replicate_1,66.54095,5.428039025047968,5.622008065393135,35.861298,5.875399612255963,5.30602036542624,3.8973083,65.66538542825448,72.61564629458205,62.53754377722394,47.22538670252562,41.18853318538802,52.87719257053257,63.2980793650141,54.41833323754489,46.20868154258127,39.375728584948796,49.106287082061726,60.00464817782912,5.7307844150700085,5.0553214097328985,7.551643615673192,8.445315806799455,8.693647523110439,8.382324923103829,8.531826032939849,8.778695726848534,9.257296415059367,8.566053085727999,8.095778873733773,9.779602248017866
58200.0,gromacs_replicate_1,71.118416,5.735873237879203,6.231589425477425,43.37451,6.092020594308661,5.642802033610193,8.101837,80.13213476148839,82.13508300619772,69.58571741569278,58.71377195150119,57.3386568708921,70.73086072782999,64.71517384548363,55.31525170566847,46.00920591764573,39.19171001156403,50.79735099537944,61.119190178190074,6.066482357586912,4.537282397877594,6.78655081900317,7.670970254206119,8.24230834110186,7.994122759137655,7.918932583820448,9.020099264473183,9.728624327586825,8.732453494270999,8.832219643528584,9.690559835012072
58300.0,gromacs_replicate_1,73.84555,5.36613969234488,5.7076244928766995,29.810425,6.118136984166665,5.634677078463246,5.9837036,79.74935457754222,85.34386265704607,73.65437636361446,59.13380898018328,55.281061799612424,67.20693454203851,65.54130858485705,59.13798373450547,48.78876212896311,40.55157220138313,49.51111573030278,60.13920282164377,5.90861866621457,4.505541561257703,7.09631342971609,7.9962929328928976,8.178282984821456,8.264907900883417,8.240980756357644,9.100369229626638,9.328289204836821,8.7794760389874,8.527479738318101,9.732156552274947
58400.0,gromacs_replicate_1,86.51357,5.893944260799679,6.247165358254677,40.241234,5.939445900534405,5.721396648972323,10.31987,70.08491355921656,76.59977129674874,66.83763548659937,53.875119510981825,48.364934249002175,59.533800464860086,72.58088179896707,62.88948081395854,52.15659377461507,45.718676146002146,57.01127601338654,69.17291757284642,5.850336894570963,4.305343506911871,6.863863772719864,7.844423618434266,8.213803361387901,8.170700762532347,7.929279626432755,8.886333277305289,9.743531000303307,8.872468818810814,8.654090790853443,9.845170561787414
58500.0,gromacs_replicate_1,70.88765,5.82485573810962,6.360947787488547,49.482845,6.153509248518601,5.774698889489893,6.2745285,75.09370458718475,79.43848036736414,68.60183856005185,58.23156754057015,53.06861721451128,64.9373529900592,69.82163651675545,62.84837710863845,52.85105130544442,43.5679051652969,51.24006405707223,64.14746656847765,5.8445260615670325,4.7779501538569145,6.708267295547423,7.992308603661973,8.094738336503175,8.343132861839225,8.204084315429409,9.000126116178095,9.98342693663969,8.913980989751064,8.781435134705909,10.261421499782843
58600.0,gromacs_replicate_1,68.24131,5.401082072440427,5.713184916482608,33.53148,6.440022383000647,5.865315463353314,8.705811,71.0274284591105,79.10069992680302,70.94834020900244,56.81238949811947,48.68047857659453,57.67646383774947,58.03633452687605,50.014899324667915,41.51274968447466,35.6496927918924,46.08640486651775,55.81639209598436,5.5855504796162645,4.493732356053674,7.342587087158023,8.245257479946364,8.780365545165925,8.819556678794477,8.710760017206761,9.118199905388812,10.092474967067938,9.675486610768775,8.201725323356003,9.927532540256617
58700.0,gromacs_replicate_1,67.456696,5.764053896406971,6.166780936470624,40.8954,6.656762631241525,6.161155321392539,12.613541,68.86758348107058,75.22858102309215,68.36704754015832,56.43082703259737,46.72497662840366,55.427125238421894,76.74936864347906,71.32997249206072,63.08916667155147,55.28491865330663,62.752465700310616,73.0786141358113,5.710363823717094,4.764532612667997,7.331795687637379,8.276916702556525,8.284274569835434,8.15350991277164,8.404551818990065,9.329026545023222,9.633072927774847,9.674198854403224,8.291644386890171,9.752038923682745
58800.0,gromacs_replicate_1,75.57759,5.606269077505065,5.954687311730414,32.05819,6.3155783872852425,5.959610982525339,4.800995,73.31687673601448,82.58542455332234,77.49329764100594,65.66637469431434,53.92889676906542,60.91094415101066,78.4064698883313,69.33856857564882,60.073299799495224,54.00006936798474,64.08911613220884,74.71897082900283,5.9789949235232225,4.8480956662416546,6.928390889671971,8.054102943347962,8.762430893667286,8.662730825158434,8.222857261230187,9.102462856033366,9.914132925270248,9.855531743820615,8.500248493810602,9.74798742145748
58900.0,gromacs_replicate_1,69.27452,6.081754176393835,6.4513241535552925,36.083065,7.304648216198651,6.661329426540971,3.901619,71.61277891934256,79.83870783333708,72.82256100640971,63.013997920513454,52.29474294142489,58.54518590501756,59.826067688338355,54.32352787593915,47.428735895929734,40.2214439061767,47.52543341991797,57.40975815573417,6.118628160629427,4.880880917065313,7.297402526508627,8.500569575167132,8.4835780265127,8.445673663989643,9.018752660452853,9.254777447287166,10.001196700642561,10.415683377077412,8.952220682512527,9.591375411817008
59000.0,gromacs_replicate_1,65.499565,5.777312867100694,6.180914977500343,32.274258,6.115956718770558,5.711398900641917,12.392227,81.02728806316144,88.65562517715132,81.45974591633073,69.89622416698425,60.23866213712465,68.29558756102925,81.37086658230315,75.65526508371545,66.08184772254671,55.99632316013391,62.1244550039496,73.74953668776354,6.223645072831352,5.0437983677184075,7.018208217349346,8.30862082502855,8.006223373574313,8.612152132171548,8.633338412158036,9.543405793866556,9.462574437062159,9.640846020112045,8.631224887009944,9.831855911499346
59100.0,gromacs_replicate_1,60.066666,5.90826083037394,6.1355574061086315,19.052567,6.0867014702730655,5.908292422077953,24.745285,79.34289463785716,87.6352471664573,81.07306965262596,68.34212388391083,59.01093222581674,66.54476682493767,89.90791926014603,82.70525947168457,74.82205715455414,66.73005926338716,75.24054655931042,86.51083119732677,5.928125627447077,4.519180795651463,7.168433810967542,8.105329647044314,8.358742343036159,8.499484689379651,8.831589187792646,9.32371543663748,9.739788144270559,10.256450007057074,8.870935588362784,9.690443498781343
59200.0,gromacs_replicate_1,70.30485,5.689941122696037,6.077574574782572,31.438885,6.4387821670860115,5.993365617864606,0.6397095,85.62593391572545,89.92869562591461,81.22566625960393,68.4377111211179,62.549727365438564,73.19077921721248,73.74458649230682,67.41295997951414,57.496462147887414,48.89655802145768,56.47776468392734,67.67623719853486,5.887192272850044,4.705815731298837,6.944254563491709,7.932294110364859,8.00186533519998,8.238690778622875,8.324980929071202,9.085979930981354,9.414093992355529,9.279480910106319,8.726041385677389,10.09133668481726
59300.0,gromacs_replicate_1,70.71311,5.053744899543987,5.581621024742529,48.62207,6.501573138470616,6.0486983217643475,11.412491,69.7347980831503,76.59733722143199,67.58709578438362,55.13843081601403,43.67874995058522,55.599644549760605,78.7083877866892,72.70550260401392,64.26133530143841,55.09213489631174,60.83699103287974,72.13202690495913,5.779977729540635,4.944806609698721,7.326332502322591,8.713399425656974,8.611709289390967,8.318156197027664,8.630146457145372,9.226756736475638,9.795670372833253,9.33468905698153,8.185823325721529,9.80352395131843
59400.0,gromacs_replicate_1,72.82402,6.0283531548082525,6.462361164622427,39.705017,6.521735787907655,6.182614055616141,8.802887,78.23684852894206,85.09136806047974,78.0809938351608,69.51548648007164,59.117529566844475,66.47754924057672,81.03904334204279,73.60412024416193,64.84594540552547,57.16977551431195,65.36123716299075,76.77736750204981,5.742217512667711,4.481659845859245,6.418793418106537,7.670087456667859,8.458883577807848,8.47995141422924,8.678509210705691,9.361154371158957,10.061605875065524,9.648352308981435,8.644009609455177,9.91404564223713
59500.0,gromacs_replicate_1,74.73888,5.393318228542201,5.824159964265141,42.548386,6.4859889707500615,6.018950724754568,13.228691,73.6625546835144,78.93461369415131,68.67847075485459,55.72152258856898,48.769117818519746,61.557501578756344,60.26366648888915,54.987143461048696,46.01483668514746,36.06206140401621,42.108517526673545,54.16268219033474,5.578650979536119,4.611358409662721,6.953285025825704,7.860933732919494,8.440072013421743,8.882560368240775,8.723213786567324,9.18863537284566,9.871865473593765,9.464279580410539,8.595512835204145,9.625650849496948
59600.0,gromacs_replicate_1,74.99193,5.495614202668825,5.82240878514144,29.739117,6.57228466628265,5.912404014417451,7.741211,73.68900652295329,82.57496909164753,76.19707968824089,62.8642987323636,51.91119554563607,59.8610916982692,52.29390425631368,44.872497081524756,37.71553571593403,34.68095409504691,46.26983133945381,54.141550333097165,5.892770815805649,4.531851469848753,7.047439488501988,7.836929903071712,8.446777965425866,8.680356571860369,9.432549423588958,8.860058592539293,9.885550993832904,9.514921401330616,8.482305869499443,9.975308629024706
59700.0,gromacs_replicate_1,67.21548,5.901036723497174,6.3237822446464715,35.951622,6.265954607943289,6.098252760674874,12.5145035,72.83656810438058,81.6530243741489,76.44955446295558,65.22192914648974,53.738351223813126,60.12560514794024,89.02340394852098,83.34449476021423,72.90997303276183,63.15503502308821,69.3066787033067,81.59553509718273,5.796517469556247,4.607171969307428,7.0719806517647195,8.036337670918929,7.740338261197763,8.310514833589425,8.270545790935163,9.026104971625456,10.045185456165456,10.095158515984178,9.288275974032524,9.918072229959057
59800.0,gromacs_replicate_1,62.99836,6.594664500639117,6.925936571004293,26.06884,6.789770651914094,6.357696019089824,4.075554,84.32449754912896,89.11358026512661,80.76646359121739,70.48790549588624,63.35028816381149,72.1515149473066,75.69885740749186,69.08258407425603,59.71910013690922,52.97010010822915,60.69667557091814,70.79069636882416,5.630831798951458,4.199734177092468,6.748700065775162,7.8015881108305605,8.596161734979033,8.476444289679984,8.628685840556878,8.898203814988314,10.41931439531394,10.052700186857313,9.069401645206721,9.833855056459665
59900.0,gromacs_replicate_1,67.97461,5.440680010434029,5.831024612663333,33.139496,6.609695587859535,6.002340046259742,15.45948,82.15997361290232,86.20230726026185,74.6452833008325,62.174865697865975,56.86239709993598,68.93402350473313,72.8300876921194,65.2786319881959,59.44975190098267,52.105101937507065,60.683945355079,69.72491373972265,5.610402822012081,4.5288323863440105,7.2863553074066685,8.480057301198517,8.608533367635204,8.742967173195341,8.798803502232863,8.944039783591595,10.179864770159423,9.30266300596278,8.643167126022261,10.244425760892735
60000.0,gromacs_replicate_1,67.63762,5.9855839495412795,6.406790627371975,35.75535,6.5721006622700795,6.205511611078121,12.216133,82.0426438252927,87.79784063320825,79.30435412822348,68.9441355270869,60.76884126309458,69.93463637919126,81.2096033644426,76.74932230540212,68.60393728699464,58.190424160552496,63.02482091070089,73.63482919407274,5.7535503099723515,4.334467729717129,7.3104506603913,7.773721489721447,8.794107602989406,8.575178120703319,8.947039487911058,8.855133263253617,10.247889314414344,9.175097368638973,8.610202764224036,9.797790212829675
60100.0,gromacs_replicate_1,69.70311,5.84084520449821,6.191693946590367,42.96585,6.614686166232445,6.046479248518982,1.236908,63.28404217495483,70.34641685278814,61.241145661349435,48.17348295418411,41.33387681653625,51.10737867008479,64.0418607603781,57.81760814867134,49.49817425918386,42.89595850395331,52.32821290412683,61.47318601179639,5.732819815885173,4.632693807914248,7.380083137096974,8.294679903116764,8.45447277840344,8.316494686697329,8.752240895347182,9.094352024757264,10.023104345762377,9.206308084279378,8.405523747056984,10.00286869747636
60200.0,gromacs_replicate_1,76.01281,5.533202635073864,5.87131268429219,27.848106,6.456808233916712,5.9487094211765905,4.1455,86.59727353264562,87.51351296151923,74.33394423593126,61.14955038544556,60.99336454682986,74.33225483142368,65.30387143069487,56.481777733955454,48.54362850033041,42.71999490968679,52.91472831745133,63.252202666283765,5.798695254046441,4.9017724971859895,7.386248676451493,8.600990191997921,8.706369782816815,8.463385207369369,8.177439331520482,8.881754286535987,10.185869382140531,9.040918215850407,8.694260169095056,10.404274958823233
60300.0,gromacs_replicate_1,64.55695,5.372469589832581,5.58038111894115,44.307007,6.1956903980637295,5.641829504116685,0.10651398,62.1303414132424,66.25740118476364,54.253008349487054,40.07476111262216,36.94138879284268,49.66484611951491,66.68755148985953,58.16251090272098,50.31917865791408,43.99156349153825,53.04255429981095,63.98093429146815,5.6445791830027545,4.869179546804336,7.4097185993598735,8.2707046601512,8.495429455634959,8.537258882489065,8.555496333385989,8.932580739528518,9.662107912602803,9.025013958024411,8.553950739433176,9.782820389864126
60400.0,gromacs_replicate_1,66.67915,5.52799028212122,5.9446180521408625,38.630997,6.443529679449997,5.727793324577461,8.583923,75.78668298057784,80.53977418437405,71.7387145663015,59.58571915743111,51.926012096565096,62.87304274819745,50.93609365969457,42.273259211400635,35.39849448504414,31.390025778140497,43.507563680172794,50.62409167456763,5.752775666095552,4.583279950024529,7.117891417813099,7.9917616435606735,8.573972124383795,8.468173570817008,8.775606433415577,8.885551349497833,9.911775758735315,8.792765647429238,8.54335330701126,10.213039765173642
60500.0,gromacs_replicate_1,67.282295,5.52938583689118,5.7464121532876575,35.023163,6.3051407260005705,5.75301665357714,12.984398,72.14881292646098,71.9432474047895,57.64383569777731,45.29268915547663,47.71224480170925,61.65449442482799,75.40819070848637,66.82462358786518,59.825318292081434,52.84808315187929,62.53468472003421,71.67282598137592,5.856687975011371,4.431721355044601,6.900504475894579,7.843769141666947,9.041423521456247,8.637234392085457,9.088040055823258,8.790012544950313,9.869511977805606,9.261080806608176,8.638510950236414,9.88395487450113
60600.0,gromacs_replicate_1,80.054855,5.8244804474590905,6.215911689552818,41.494823,6.573609710008059,6.164027668163946,6.6836624,73.75885686820796,74.4735555941162,60.8567557048042,48.637448333019385,49.960689787189565,64.3239730494806,64.30742937307059,52.88908712131706,47.15620785723923,48.39167672996609,61.09152662246161,67.49339340706808,5.595123529363903,4.6114670996733205,6.881790771236847,8.009923725632744,8.933516839024318,8.863059608724747,9.012398389569928,8.97896305825842,9.687634598379985,9.091926182815325,8.855826210270713,9.730397574394173
60700.0,gromacs_replicate_1,71.90665,5.716540209619924,6.078306590889019,36.528366,6.787511442764925,6.31554464697515,2.8725052,75.05363791644221,79.0372975066217,67.32695430882849,54.25450563132323,50.818372751525075,63.1297352652391,71.49137710482404,64.96186990848304,56.7239334761095,49.419445588631454,57.92345433254236,67.95745550232506,5.615774682646774,4.701801461327432,6.679370633211947,7.687248065328869,8.683904467991137,8.643640322340604,8.814220507683586,8.985184165146766,9.829164450313108,9.220080510237633,8.571002424569338,9.8498861662922
60800.0,gromacs_replicate_1,72.19229,5.241006879141989,5.557631282226657,44.92421,6.484250816424401,5.919181204978684,2.5155792,63.36393825203071,68.04826794710283,56.92607228600124,41.16152602667197,37.27190391873616,50.70794643419617,67.97952841058937,60.090186496061435,52.09473458759131,45.99003188594225,56.29245233466434,65.34490191025677,5.606965517124394,4.680191501171548,6.956189061317833,7.895434526023514,8.624601829693319,8.496392271092283,8.516098593570666,8.844278212201479,9.855227594675979,8.907246731499999,8.76172418729843,9.855366495854144
60900.0,gromacs_replicate_1,71.91688,5.2782520839535945,5.672430371814357,52.356503,6.301715901777447,5.802232294398991,0.61774445,64.44064150749342,65.29340384422476,52.33353991163643,38.99948799407398,39.34564815979416,53.90198808760444,67.11671540970302,56.73149183514622,50.35386029225512,46.48038538936751,58.6572671839781,67.50106817520737,5.6872735118370255,4.785193243489643,7.0949413113297775,8.353377479169772,8.786414242215175,8.356428971377273,8.472116085753795,8.63372907168095,9.8028410415239,8.920032419923718,8.451896291975467,10.38896496508611
61000.0,gromacs_replicate_1,74.57851,5.024181308194446,5.375331024193977,45.905052,5.9728022623158195,5.426175321047808,0.4766388,67.62313759364541,70.45310475589663,56.78792780561968,41.208090830324444,41.12778971672992,55.3806700041662,66.54529534766446,56.32760903229895,48.80570493920352,43.02847288776651,54.575128170098075,65.70795708148722,5.96449453604915,4.5043233857380525,7.350536919847833,7.892190201261698,8.806043103026992,8.325915506782447,8.270634267469326,8.79125412158805,9.193368836097678,8.6002693355587,8.47840628767255,9.868462314417947
61100.0,gromacs_replicate_1,64.65082,5.611802957200769,6.027096635755464,38.391754,6.289413964837241,5.770076929212911,0.3639145,79.1112492029566,79.24300405763258,65.73479942745202,54.29449040931451,53.33345573322994,68.08120699907236,68.04534263451941,60.15786962680937,51.10187170960673,45.143299185401716,55.4055154050001,65.609511860081,5.968183988731216,4.738386275506646,6.687539512076691,7.619981667378357,8.457678935639292,8.355144022363042,8.098398158478725,8.751156617869269,9.977783585054095,8.603215497629066,8.826685480293966,9.455473016195201
61200.0,gromacs_replicate_1,70.35089,5.979397302378229,6.365837805467877,38.026596,6.450527774138238,5.907203185747958,0.09893036,76.85075674130556,82.19747187161109,72.67531185984724,62.52817314643578,55.19742257406137,64.9342706363625,66.2594134624008,57.03488455017953,50.99529579967511,44.17939108097527,54.741417242307286,65.55424841400021,5.657153374368104,4.57447702991613,7.041468043235302,7.754938920690871,8.78772745151594,8.70173014206149,8.742908974023617,9.171698616311566,9.982413854706973,9.257192828322589,8.735372116235126,10.107840922496983
61300.0,gromacs_replicate_1,68.88822,5.970175560365607,6.272311726322683,23.441124,6.822952904581347,6.225796452052127,1.057106,87.51107570522352,87.45600981973523,84.81217439541258,73.03350153217157,66.21149441365951,74.98023780750792,66.24238414152609,59.34336243255031,50.62288636850424,45.16410097069339,53.96483248333391,63.20660291150687,5.601482772964852,4.552975718577569,6.949977055580432,8.008021528824866,8.22505107252891,8.612967380758016,8.501106598898847,8.85994247686793,10.574534947023892,8.950894736435638,8.59112653237708,10.152294277104849
61400.0,gromacs_replicate_1,75.81349,5.955666430219041,6.307537735233274,29.807838,6.681236213318403,6.166733092577863,2.5550919,77.81032238993318,84.9538308655671,77.80094252053367,65.35765162791424,56.98480002294468,64.7744098584789,66.6766581763675,60.83411750222114,51.55985165016974,44.20235429729314,52.54409353708673,62.460341666573875,5.849439199341704,4.371239854457211,6.933195218891215,7.618784058485944,8.566452403694234,8.413059173699793,8.25565751400843,8.656856475723213,10.285865389967089,9.453162003403696,8.887476346652047,10.184374773391331
61500.0,gromacs_replicate_1,67.97427,5.496270496877505,5.993522231391952,50.51538,6.59042708088008,6.200211115736564,4.548691,67.62718287075003,70.67908518802132,59.55813550046115,45.89465746341613,42.758363929204805,56.415772009509915,75.23962581465676,68.56205883833582,58.98817848586925,51.125379576569415,59.497824327028965,69.69512800908191,5.6589645285792445,4.398602071682927,6.624753772456552,7.752787476160811,8.72511961617171,8.462118538164571,8.319729160814138,8.909703186158055,10.369930697847233,9.273437441127133,9.03586475003814,9.96957690313565
61600.0,gromacs_replicate_1,76.98045,5.977323760447338,6.465778137061685,43.327026,6.290295091317104,5.807169541069826,3.5903778,81.96218545877282,84.54772755615893,73.55666107590683,64.26635600701839,59.00719520999319,71.85646975959368,62.973125211560784,54.019306428776986,46.79810908110689,41.060367615077425,50.79096287047294,61.097899419390146,5.8277196010925465,4.62098692130805,7.070975018590399,8.013627285407148,8.547611950244875,8.454877052324862,8.37932956965136,9.275447931807834,10.124956442735696,8.861845442596495,8.927347961674398,10.123954112093822
61700.0,gromacs_replicate_1,66.49561,5.77030116921344,6.208425347754064,43.452286,6.388256422804068,5.94688398002092,3.0764618,76.07779629446323,77.32382834725495,64.66781297649392,53.88611195928875,53.07241289734977,66.28549164925627,73.01235462903878,64.68668510088281,56.44037046015542,49.19304387781315,58.80762673724027,69.27891685947606,5.83663985306098,4.756400445649429,7.172773115948688,8.00948867690298,8.34987862213963,8.444106474264332,8.34940186691999,8.807378938950105,9.937115705886677,8.54563726187354,8.676073752274592,10.186466458893468
61800.0,gromacs_replicate_1,74.961266,5.766710115620278,6.243299444684909,42.268738,6.029649085202039,5.589666865922028,0.9600525,80.04152093481699,82.3328422618603,69.732811842989,59.07659981526473,56.70572881684057,69.23265304923683,69.11506714624818,58.39965948267433,51.26308523180096,46.89021471121699,59.289811955079166,69.5146246898894,5.697983370182308,4.241253414087783,6.540408226989169,7.507696459328431,8.662944692358659,8.711451392608526,8.243898950744809,9.163835993527279,9.76200364877654,8.748232947531699,9.184063052866378,9.980640132112354
61900.0,gromacs_replicate_1,64.76676,5.5144029877628284,5.810362507472388,23.204262,6.420943035598992,6.01486427513979,13.203239,89.2270944925956,87.7403665511117,73.44469038345457,61.35398571644866,64.20009216834603,78.78078448027642,80.17511822529882,71.79742772153304,63.5318017949634,57.42152057071314,66.37104319129828,76.51759635693271,6.351629258533488,5.000428879876805,7.067701814010239,7.907533624402712,8.537185966746833,8.475159625800117,8.259441641635991,9.31339623423972,10.035595327574352,8.82761041669513,8.656445923351173,9.607632666814018
62000.0,gromacs_replicate_1,69.30118,5.133401876481729,5.356096003653055,35.137726,6.912648704710022,6.217437469230528,6.980484,67.25304550611756,72.22631395595648,59.88012675099194,44.93911685452769,41.33093990569796,53.243057284858004,53.82859298991254,47.508302323735045,39.44918781131162,34.688218310830734,44.46143375251435,52.08780944464114,5.796621096570457,4.593031684588694,7.317860316961955,8.097756946633542,8.810843116945401,8.519222375953875,8.837863694134443,9.150121785663469,9.99062109576899,9.274544222135988,8.840300083849774,10.399783050065269
62100.0,gromacs_replicate_1,72.29489,6.017952842510523,6.451073012521297,42.76042,6.006062353499284,5.566511641828626,3.0865097,76.13187957262507,78.82775150568153,68.19881656530325,56.86457981423133,53.313323122421615,65.07731914805619,70.08908941221522,60.68599320235727,52.279955951000794,44.26010232945646,53.743080645540076,66.35936062883843,5.721853946334277,4.6051008491301735,7.062348774141498,8.254023327149199,8.710825202951206,8.298135048890098,8.26082874674206,8.840535446359679,9.651644887948157,9.088162486055301,8.708375679024869,9.445217090741483
62200.0,gromacs_replicate_1,71.59739,6.057540207613416,6.366185777212533,26.075249,6.469047472612603,5.910741635437651,7.8839264,80.23410692873257,85.39747739641331,75.6686547794336,62.88440558647911,57.734858301864875,67.89637603784232,62.16970073795341,54.58240142728843,44.9738948404938,38.90493503279823,49.006936966358865,58.83390983122078,6.054130104858433,4.533672705368392,7.143194721815905,7.725533149697809,8.157827722880848,8.05710756923811,8.032116082991017,8.75440111230903,10.033117682389847,8.896336468352109,8.84511887305543,10.157192944843283
62300.0,gromacs_replicate_1,78.91283,5.451899367238689,5.856582357102515,45.369293,6.163209294823117,5.677791532232087,7.020447,73.14527737901032,74.79896329887234,61.786109994981224,48.58926821259877,48.38925785041667,61.728090219559355,60.3517913999624,50.40612613187985,43.62128530160897,38.014473635820494,49.51607138968589,60.10256897930018,5.856756674446792,4.644295655604753,6.746230590747767,7.74359142941377,8.684291402842137,8.526451527958683,8.793715027372029,8.728362604165758,9.824597682602874,9.093317263651304,8.957503481910916,9.789724222054307
62400.0,gromacs_replicate_1,63.31816,5.700293747785573,6.1093880693812705,40.38855,6.713674884579519,6.075810322637441,11.829666,72.83010440637369,77.60836791319056,66.85482628838184,54.92600465886728,48.503744064654285,60.2685138040805,69.43921879089315,63.93848346287353,56.456650271202996,48.592236434191655,55.95499892147109,64.98301977659801,6.37400986450391,4.698852505259477,7.115097669487365,7.967252971890253,8.513037063435425,8.416587123929853,8.088517452038852,9.193555724247762,10.1239995343656,8.677616764226267,8.814601828151694,10.267524470039358
62500.0,gromacs_replicate_1,63.691635,5.424334883759796,5.726559467078604,23.623657,6.269959598522673,6.084467592603928,22.486664,89.89345904141817,88.90766120330063,74.30317710528777,62.64886347875743,64.62182721959827,79.63372859718986,89.21435216272234,82.68710434459871,74.29117557823922,66.3183022274,73.3514384414485,84.68209899386727,5.943702525288922,4.767339179238998,7.447014636862602,8.32836942357535,8.50410550286191,8.587761041680892,8.46224844815062,8.936337699631277,9.999730328669958,9.003007317815058,9.22433149971537,9.863008172785912
62600.0,gromacs_replicate_1,67.74072,5.4242637146606985,5.785031599873792,37.420696,6.7280725176278695,6.125268792001917,6.629158,74.64952579979797,77.15384391698339,64.64125267590792,50.8271441412628,48.3698086369072,62.031905600058494,67.25048554216872,60.09882127494688,52.49751298233476,47.41036017824438,57.4035050489447,65.64199725735234,5.92643069496143,4.597722108796492,7.41474859698603,8.38051334562388,8.47800575598856,8.33178837113479,8.481652800825335,8.978491934930195,10.116839457416285,8.76743879858515,8.408150438997804,9.804202073609831
62700.0,gromacs_replicate_1,71.91836,5.660995331810364,5.967343789919088,25.396812,6.198627739350243,5.751868163415448,6.0978622,83.8693105917398,87.46805343246723,75.11784252259162,62.57792549115642,59.54745745481464,71.08075306320201,76.75588804480458,67.1600237700797,58.92540424895492,52.0266441090135,61.39788839491662,72.76903660193138,5.714458658182206,4.9126402227713974,7.42704986256582,8.703147882372416,8.339786982669676,8.461303070671017,8.255066148397212,8.919731557085063,10.037112875732094,8.532387022902988,8.28747005465133,9.559828089754605
62800.0,gromacs_replicate_1,68.03638,5.922406018497185,6.344117437951361,39.239227,6.474923636924646,5.980000464322183,6.332802,77.88596717735898,81.92002456073732,72.40740089882814,62.0925518603929,55.35928495046321,66.25200980888454,74.32266195992041,67.93186104610675,59.658717815498235,50.94641385118229,58.59124143998434,69.56005380326883,6.073005579049649,4.722528235964736,7.310258828589958,8.292482064294406,8.003308359428134,8.238082999101003,7.986214703138046,8.99869535202957,10.212633444501533,8.718497478923876,8.752467820663863,10.068122559083436
62900.0,gromacs_replicate_1,66.472435,5.737239790429557,6.150382263835068,34.586334,6.402585028289678,5.858160444487136,1.2714005,86.1561987904466,87.10382490291578,74.63396226742131,63.64649352977849,62.3964920471452,75.58177277367612,65.01411671704233,57.265590957605,49.40385504656946,41.91669057143793,50.214571227443116,61.10046917479553,6.048080738423715,4.5162387886535384,6.965727532342825,7.930864251615755,8.309840004791472,8.19888571157676,7.918991265355288,8.747286529414108,9.790847178965734,8.548834058494974,8.766615976665712,9.759990605394119
63000.0,gromacs_replicate_1,66.58148,5.2285343174984185,5.544433463619696,32.47519,5.926977216542981,5.451204087779812,5.4545593,80.8986552506306,82.19354678522097,67.7006779782466,53.935521460117684,54.85191772331916,69.36377658282542,70.8751836399009,61.02598793541241,54.23273839919392,48.04230891677285,58.79927480463059,69.16801606812245,5.883452851440172,4.978200455513854,7.739754386774898,8.78392194554002,8.183986357871458,8.30763797168721,8.117655534239018,9.061854135913324,9.875365311491395,8.623037870347982,8.873827560266921,10.184538077923762
63100.0,gromacs_replicate_1,65.76404,5.627403199881644,5.85541511093205,36.692734,6.430375439762872,5.7743359833571795,8.179924,66.98416133651799,71.83795555123064,61.20401009179196,47.831459250559405,42.76887329930899,54.18127475407065,68.63597681241448,60.83797766898693,53.752932287154366,47.298995864742025,56.385944694127616,66.13265119884363,5.8726819344715775,4.498503386100304,7.605272683981812,8.361381205695674,8.559393252474273,8.48310763334918,8.65028222702121,9.032527685214445,10.223999815674656,8.787279528634775,8.710611676589613,9.93789363119779
63200.0,gromacs_replicate_1,67.6588,5.350783396059513,5.738818311880079,43.57184,6.1131057060024085,5.602869701813113,2.1120682,72.97540808248668,74.09863190910173,61.09886999124377,47.97223184672926,47.32420959023394,61.74791851028986,69.28403368787438,63.94482406041357,54.740913363077034,45.211718242179394,51.50474535910653,63.50842859556433,6.096323111673327,4.838645876173051,7.387518464107245,8.715585570033328,8.513541280584565,8.319782791532804,7.781998020321567,8.96088809003555,9.649866581094988,8.446399501467207,8.742953346495764,10.18711780801847
63300.0,gromacs_replicate_1,70.334885,5.486290210329193,5.862231852034069,31.445175,6.056040390395296,5.61175580764538,6.858818,86.38789587011648,86.68447757253443,72.4306925421526,60.29715871414586,62.0353887099757,75.88666497107961,66.52763816303218,56.85134060942672,47.589729394245374,43.05878660075937,55.15449421828858,65.43478364698747,5.930269809553457,4.771551853974248,7.375380762043468,8.43968087197996,8.17198909914782,8.071506696024423,7.866194649099664,8.763499030739686,9.975030527670588,8.72231680826301,8.788652980823443,10.285373506836136
63400.0,gromacs_replicate_1,64.80836,5.905670050516484,6.28916265718655,43.588364,6.733864205977848,6.411517937674496,14.225586,71.33082386343801,73.78981993270604,63.37263150628141,52.448310739442476,48.477460276406795,59.93513806984046,83.02360819340589,78.13388825595305,69.43987212061222,60.75056441683699,67.75607081179533,77.85582824101213,5.623672391464505,4.486871554014548,7.128723617177445,8.140705761344282,8.064783298153076,8.18629198287431,7.943600898727122,8.865959443146801,9.996340855066297,8.511254302893914,8.697643102623774,9.75771429829136
63500.0,gromacs_replicate_1,63.12072,6.115038625936886,6.514370741458091,35.614044,6.3045128385392175,5.880608383494847,2.8230133,82.13867076967747,85.8872971077658,77.07004879589542,66.97332083635206,59.83367409956579,69.84849486764274,74.49245749689398,68.27152237223284,58.97800390010664,50.69574686938498,57.76859970201081,69.95275788489701,6.045878659478133,4.522270055591383,7.0390472208140435,7.995909874818905,8.503457857030847,8.18683747249496,7.844031213781371,8.884891795116403,9.867797678985228,9.076494835986429,8.807642863922435,10.229457603412818
63600.0,gromacs_replicate_1,67.52898,5.258262475983313,5.551888224010303,31.177032,6.792005271549795,6.141626296289663,4.4448547,79.54534549176748,79.48896368871682,65.63817875636572,51.93016537050719,52.96282987270701,67.45805953670015,65.70819980426195,58.13053699739124,51.04329379356794,46.02926246393321,55.610121348506986,64.1018719464605,6.126926301711891,5.007280592772741,7.8389734135827975,8.771975883825752,8.309165675628503,8.135280913875393,8.27963819851519,8.920066010614814,10.452729017549869,8.273431756274249,8.332174610408387,10.156730961750329
63700.0,gromacs_replicate_1,63.097847,5.3657730831135355,5.6376973169512565,40.774338,6.650802920485106,5.988338569313946,3.8702621,68.75931875238209,69.0789959890935,55.53896431218414,41.523744230950264,42.78020010720497,57.221603925713154,65.60531350824392,58.50438294591181,50.73016121143126,43.18785461573873,51.38915929455964,60.916883024530044,5.497554762053549,4.649414218148315,6.792773991724422,8.111674085572083,8.845989264182,8.65519449142279,8.480342049942491,8.935192617341787,9.74479179428439,8.917846671362511,8.57227215496319,9.6185401446342
63800.0,gromacs_replicate_1,69.22141,5.727971684577932,6.116487364748867,37.991283,6.113794318721358,5.471717734150971,0.09875488,78.38147335805304,80.10178617396228,67.12116480009598,55.55914218837615,54.46510797117029,67.61139603869884,60.21959300644884,50.79069367081639,44.86493066510943,38.7985155703988,50.17814626322679,59.47820117566393,5.729118797471994,4.808862269727335,6.828815613418653,8.04784014878238,8.620998578504343,8.373878611691907,8.305891162850564,8.962175167508533,9.798366727903908,8.539375395591344,8.750209191953365,9.47655912490273
63900.0,gromacs_replicate_1,67.16803,5.25468900062223,5.547848276065744,37.8649,6.580772470571526,5.972353249783031,7.054947,66.55300067388453,74.76099707134674,66.23726191200153,51.316398492166414,42.467632455308866,52.62243538324196,66.51838041928433,56.2979925253589,51.130228502716584,48.18374539739205,58.64759722848794,66.57635378706311,5.941515486506261,5.004625969602462,7.497488765577477,8.642615169556189,8.563465560733405,8.547375382468926,8.400863084421745,9.206095645627357,9.759523313997471,8.51734850739472,8.644814570458239,9.755895902809907
64000.0,gromacs_replicate_1,69.35876,5.8600668145130435,6.1960486660501335,26.859474,6.1381855856077,5.490599798702354,3.8321762,86.71140735789105,89.27514829135681,77.8294855924421,66.11959844365424,62.86820375344404,74.82848013286971,60.93219072207519,52.71750579362212,44.75311257233258,37.539781087147475,47.88918003573585,58.994957679013645,5.781019060792106,4.83777902548776,7.628166569146096,8.512012261194393,8.296355444450688,8.179070563620218,8.072248778233133,8.699374906859637,10.138241938862267,8.640070980917418,8.70366418546194,10.23634179985798
64100.0,gromacs_replicate_1,73.52319,5.612658911686682,6.013813206871764,32.873978,6.320302167499122,5.922087843925709,11.5954895,87.67566941895139,87.6763752702589,74.91185994179726,64.02468752415412,62.921210364330484,76.95765608594095,80.13995521484419,72.5664850524013,63.733682428125306,56.10198576666134,64.6353361218173,75.52545041880892,5.759681955577481,4.757904541052748,7.430519228847877,8.488165924270604,8.570365528814202,8.659867701970873,8.133827692789792,8.751751671077495,10.075722149896903,8.704431948273319,8.50470349124895,10.146397565009037
64200.0,gromacs_replicate_1,66.2431,5.865667652566579,6.255648069689334,43.614563,6.469780588342558,5.8745407486885295,5.723282,72.12081979878761,73.79689284510675,61.96224986002775,49.925220557210764,48.227643517034885,61.525604412483894,61.33708821026934,54.47786065691147,46.1138144255564,37.48267618650046,44.785383831487366,56.19099238725078,5.922556333346801,4.772470115508419,7.046763254616149,8.074670627400277,8.271581556567615,8.397915839990208,8.278694624313784,9.029795093695137,9.751209458589882,8.977326855907481,8.833275664339412,9.522447755355554
64300.0,gromacs_replicate_1,68.918564,5.635694546876239,5.975263538174817,48.172516,5.656357070927891,5.163456500063172,10.734482,64.20011942524528,66.93831694327346,55.16273953285133,41.43603618280409,39.466459800278265,52.73468019507802,56.18820497036047,43.520670838958445,37.20809605780765,36.739215892827914,50.448721009201144,59.16552912190102,5.9337248268159,4.3660323540569514,6.68397698626898,7.564479269750186,8.403862164635251,8.473169488327677,8.218400572677197,8.72354920414077,9.473198110695023,8.539370085773497,8.828766416195979,10.089144679750778
64400.0,gromacs_replicate_1,76.314224,5.936520006146003,6.326625794614414,34.933907,6.255924123860063,5.847803236143498,6.6207504,80.37149247894652,82.70301951837207,71.49898184184681,59.987658197402155,57.724599235134704,69.36688287683566,79.17392619829255,71.44435906026243,61.55419800073291,53.9824533552142,62.95871920126589,75.24914043996976,5.867536714540373,4.961721728618971,7.407634125432606,8.33084168864985,8.292193322084437,8.457342437008817,8.275773948509784,9.086399820931575,10.082872577440558,8.782773217528911,8.794303485803159,9.750413814780309
64500.0,gromacs_replicate_1,67.235275,6.354900213547434,6.624874567320836,31.914963,6.571097912978195,5.948158123288159,2.0223923,75.25221680534219,77.64242121517964,68.28273480845756,56.52733596598039,53.439370301084466,64.0916874622408,63.56066792560699,55.70320826900739,48.04658605924581,41.436903272559945,51.11869865155999,61.04664659138495,5.815006506202196,4.703631095612999,7.173693818151567,8.215823942505422,8.373236925049438,8.47541210229158,8.459095906318634,9.016511401663756,10.21826789051256,9.352624394985826,8.82350844287865,9.812961136894407
64600.0,gromacs_replicate_1,71.356636,5.5650482077534145,5.984937505091633,38.958157,5.978824711493857,5.446122910049293,6.212883,75.60626319493575,79.83874058933468,67.73781138683302,54.32246069445194,50.440513620890485,63.061184014190744,72.11459698626267,63.92997175041991,55.16190083379967,47.680220710362526,56.839241634692726,67.86655900467869,5.801389062574747,4.784752944631181,7.578990370932465,8.427690735339269,8.373058825848549,8.47347719390239,8.2663445276972,9.00499125421913,10.11065912413046,8.735406482160805,8.858467440213815,10.165910062285416
64700.0,gromacs_replicate_1,62.22119,5.517764204878123,5.796932011624372,32.340347,6.309032534542783,5.693881437331785,6.212631,76.88954231024407,78.6001234579452,64.96762381685662,51.438712495234896,52.11058366511705,65.24589295440849,58.93785991068869,52.56635205178616,43.474523881888594,36.54896874511616,46.502734503297845,55.846283290131886,6.001873294298968,4.7250407752154695,7.424489915558255,7.946557364750961,8.521203275838925,8.380325694989923,8.326511984727558,8.760805099029193,9.846547165899876,8.841872880381684,9.029396457102841,9.84841404049007
64800.0,gromacs_replicate_1,74.73926,5.292406639039681,5.671045862856501,32.727142,6.566716329630747,5.962072547706262,0.54354095,84.49294697844168,84.33520552210454,70.75001245426256,58.4309845113827,59.72916808115309,75.15486048191605,63.46063082054744,55.36602522318148,47.07520785113795,44.48451497048009,56.27871400091372,63.29194212987678,5.9094388554455906,4.971720431894566,7.2399062534294885,8.393679585010966,8.641229196972755,8.418413166670943,8.191937278695296,8.781702431615608,9.920343651756582,8.73518961525424,8.680960549749186,10.075274340581487
64900.0,gromacs_replicate_1,76.238464,5.42041704530145,5.618229514778906,31.314526,6.265055505437705,5.754397087553799,2.485756,70.53187668380023,76.063496805354,65.91655219328695,49.781025104540824,45.71402629711526,57.40020206948577,71.02780839001122,61.45928478189593,53.395118260657895,47.259081615488874,57.254743114183704,67.60991426965947,5.91132409432622,4.960265541463591,7.521576196914738,8.485392910850504,8.493529811036995,8.509750163061195,8.506792921274188,9.312798185950848,10.189731405316028,8.596344622491708,8.284483085250208,10.21902409202838
65000.0,gromacs_replicate_1,68.55951,5.283408312592751,5.722581002510916,40.114956,6.0323414471712615,5.5940998135428135,3.7126694,77.00597261211419,81.27993594785814,70.16841233288962,56.74183925647489,51.29922001744426,64.72814734172985,74.01218839462148,66.03064018655765,56.905636916238365,48.790507161878175,56.566660136986584,68.82540743229264,6.195469699369583,5.225005601891703,7.342633386177961,8.680650574646673,8.473344607315314,8.155739602697547,7.807479447485043,8.890307054030064,10.158307119016957,7.990494585379204,8.54178959230638,10.316746537942132
65100.0,gromacs_replicate_1,66.22109,5.141751830375395,5.446114604540667,37.8379,6.474157544672732,5.923924438811048,3.1906128,72.83505911204738,75.42320897036217,62.716920121729395,47.94759119436927,46.40896967380733,60.6653491000188,68.08039063820463,59.926044471520775,52.49491175191463,46.32843400023168,56.1587248027126,66.10635516053068,5.983267823862927,4.671371736485982,7.288237826485829,8.144344778146687,8.292599310833056,8.240368498401892,7.981948330160737,8.767530737440628,10.210733122244113,8.450917259229243,9.029338775610078,10.5856523622111
65200.0,gromacs_replicate_1,66.89105,5.414518791582296,5.7675992036461246,28.254486,6.4608783326348025,5.860420536293445,3.4071884,89.21355442317349,85.62304396229707,70.93420280003133,60.68006322498217,64.50384555252789,80.36084364878572,67.42998798729087,60.87839607837883,52.330944782647485,44.530733806673204,52.52281246377268,63.11466608967576,5.883539771861205,4.619367832846813,7.212458129346966,8.008754544985372,8.280750320806959,8.381844476173475,7.943277144862265,8.962222622223175,10.147890225513022,8.524630738111357,8.59900828230933,9.714951774697449
65300.0,gromacs_replicate_1,79.188995,5.723428598299485,6.128105160782081,39.62204,6.277143454540425,5.994835410615596,8.889687,76.93584419453079,79.76123551317272,69.34128953510113,57.16548910722909,53.16195635283795,65.17424095427383,82.7252590323716,74.98577468440865,65.82141329208271,58.29270283893904,67.38154327710281,79.40148928686526,5.701024241267015,4.578931683955107,7.280370906844727,8.480179891911781,8.294720895184238,8.645999236392534,8.28214086639474,8.794302665884883,10.108128606977663,8.621072722547227,8.42821624305943,9.882547956591676
65400.0,gromacs_replicate_1,71.84372,5.39592910737825,5.80522772034799,44.387024,6.318966641685702,5.879965587050887,14.848267,73.19366564099668,72.62282417224309,58.220168007370674,45.86726851435983,47.88911629429111,63.006180817911996,60.029241201559046,50.95784627651801,41.665349443025406,35.25760630448335,45.94959089471978,57.43906131734131,5.6956288175425795,4.408048512579255,7.109093094417976,7.906756833457321,8.699943230352066,8.768484167141041,8.414511945417178,8.822819740876907,10.031710079948843,8.570770165527161,9.185659336260112,9.764315766631949
65500.0,gromacs_replicate_1,71.50781,5.407647133939383,5.74401997743942,34.84976,6.962190944330334,6.327801380735098,1.9518814,81.06131735791269,77.83195023914634,63.01447328234281,52.44220970481089,56.53270213644075,71.75311428979776,60.13851531265362,53.118646750734435,46.02518669929941,40.085693642364994,49.69627856286757,58.882267007981966,5.702698921771438,4.485969836415528,6.763632387419815,7.889658476072613,9.00904233015038,8.470939475413873,8.512325235321754,8.887088696717832,10.215735903391806,8.965874892654702,8.702090285538812,9.925306803155914
65600.0,gromacs_replicate_1,66.28312,5.2299852624046705,5.517536200816139,29.327713,6.458855554838933,5.889970594375753,17.906578,83.08614457692069,81.48178414289733,66.48299042687653,54.013784677153325,56.714672983586325,72.80310038793816,74.40606793081083,67.12849315522055,61.49952203881396,54.47447174503841,62.50663399307919,72.84596053826662,5.7440974143878885,4.84513409043922,7.390640270078806,8.243489113522058,8.929306303238157,8.726709482658553,8.85230097191547,9.120443545519104,9.975140265498602,8.729484891789365,8.46429263498784,9.919222546167232
65700.0,gromacs_replicate_1,70.43406,5.785722928294805,6.094997074135512,34.47561,6.32713942539352,5.741634052308341,9.346245,75.94021086954979,78.1997297973571,65.98734784677677,53.56919495370531,51.88248618617185,64.54490943504531,70.05000708575443,60.77684753394512,54.70133391630896,49.38817758654388,60.29306167295117,69.40695500306076,5.670743450242812,4.670752665047677,6.998928252361941,8.226463554153714,8.691389305336369,8.400533211416079,8.29015683685376,9.078637012423226,9.82127910312096,8.874229615987195,8.369965226067492,9.840066583674401
65800.0,gromacs_replicate_1,66.01435,5.670542976089185,6.018601115013387,41.804504,6.185531589625556,5.625068728773933,2.9503708,70.831011360593,73.17409721198294,62.1554700172803,49.58160199985197,46.56138941949753,58.86768533561485,70.38234075873383,63.67377772463915,54.88523332557921,45.61512034256448,54.307076942411896,65.66818015307499,5.853557625949176,4.9240230671696334,7.379948716093523,8.48843806912342,8.796743365549544,8.789958976317441,8.644359866083803,8.942221799092883,9.871591099003256,8.596666408115025,8.795528320872402,9.5441063569841
65900.0,gromacs_replicate_1,65.38121,5.523965720160135,5.933357113843447,37.628643,6.9608035418536645,6.348751711351818,0.5597305,76.91352226212035,81.20239224837357,70.18365846285108,57.801362831922596,51.65994067166726,64.29290485000617,61.97152023750304,56.26872037347282,48.23165547685888,41.49809411320362,49.70311183683741,59.16510461490878,5.7334390472361765,4.686389597295796,7.205839604068396,8.247005107381826,8.001999872936226,8.401844581642996,8.31882791155811,9.377705978950942,10.1499730928368,8.963942044154152,9.026849753739452,9.686619328666154
66000.0,gromacs_replicate_1,66.328545,5.678592394626931,5.982944983083123,20.681602,6.543683255031982,5.968969028165911,1.3224869,88.79990242043438,85.36810672412282,83.09424686557357,69.11284767582498,66.43751832913908,78.81802595409825,65.98214009254845,57.85066384030895,49.45473963722784,44.20404330619294,54.2602914613753,64.68292691349656,5.83669272760112,4.898165132709416,7.340540688657695,8.156160675712538,8.665068257805167,8.248479756275685,8.207100063983768,8.692200398001308,10.26864791267465,8.676894552194003,8.669806460523311,10.484658580904155
66100.0,gromacs_replicate_1,69.47487,5.803293270449167,6.108324473876721,31.703705,6.709035205212685,6.205063233873244,5.539093,75.2688342948145,81.30260233554984,70.70673404777044,58.141225435812586,52.2790718103838,62.94142180253018,61.96622598439759,52.84057183531547,46.14455625574141,41.88983870085353,52.9264483266076,61.50423727226724,6.1201594295294965,5.007179961299154,7.384265114299134,8.562756059818415,8.472556302719056,8.178212605711215,8.173082421628079,8.920968854854609,10.294868640479347,9.039410825321767,8.627319021509738,9.931213201494314
66200.0,gromacs_replicate_1,72.05251,5.3078902427336345,5.470025689217745,29.72425,6.137247403289794,5.610908644685508,0.41091156,76.69916268456593,77.00865828279159,61.79180668261221,48.08448174084465,51.728436053033036,66.43706469776912,67.25950194664934,57.739462807176615,51.0653589936181,44.541262430944755,54.73513276889779,65.88357279551515,6.112941624588354,5.222736320603407,7.62359653823307,8.503802108763653,8.856589595829728,8.644492793401437,8.65220680405231,8.586214466573752,9.535717478458047,8.993213274045551,8.560343644180731,10.354321647647392
66300.0,gromacs_replicate_1,70.25451,5.35666133245036,5.682305656149219,36.933792,6.872329486866535,6.214741863379269,1.8381729,74.53706343544694,74.96248566593026,61.66864209796804,48.6436483058514,48.06452602803214,61.99924949915492,64.05708520326897,56.962403949593515,48.92066269302261,43.509308093855935,53.01880380211031,61.40096193337639,5.5391846712541835,4.667547423527405,7.641418470511337,8.230122720300676,8.755559094674332,8.629127542027113,8.809932696113766,9.26714119075264,10.391311143316658,8.76391171326169,8.490857269821372,9.88759472534103
66400.0,gromacs_replicate_1,68.85094,5.395903513914301,5.7359574413386225,28.898575,6.410950802944508,5.713298123687123,1.262764,85.26881898034893,86.89612604796112,73.33590225939325,61.15942805190009,59.548241789247584,73.03602347718879,54.65739739929925,46.20030280437357,40.95911276303411,35.79488238148,46.16343202173074,54.635071760335535,5.573956343809516,4.605749704118522,7.268774772155851,8.287201139511573,8.568831407028007,8.738487337607133,8.486847373400405,8.704546340036407,9.839826742011475,8.682266721175951,8.59408742718116,9.759252812960161
66500.0,gromacs_replicate_1,73.042786,4.865459378336199,5.1944665109638235,38.82878,6.268692184078974,5.666525220344354,1.663147,71.9316773251834,74.75783866039,60.67191203978604,44.77736721070684,44.14789925738775,59.10371129853249,61.08284160999922,50.760863872249715,43.77402988569553,41.54340566665718,53.313877445944065,61.37505201771194,6.0469064713547045,4.77361847662831,7.476784295562819,8.411098344210805,8.88361154986968,8.646172076549,8.507836869758542,9.153513100870443,9.863065305124008,8.51662721182319,8.539907070524444,9.652197824024919
66600.0,gromacs_replicate_1,68.914856,5.079242357333353,5.438448526811728,33.78943,6.2672242274250785,5.740058667778551,3.8418655,80.3784688582342,82.32217231132674,68.3441514324418,54.56790640736427,53.04150163449775,67.97629884717323,68.0114611677493,62.14041165358259,53.3763511766503,45.11777405089443,52.545828814544045,62.40177966328674,6.10128665148338,5.007796619412778,7.556982683584387,8.613098039498645,8.551194388951592,8.262645700053023,7.989949683498258,8.990917513010608,10.005347524020637,8.289317743375955,8.367920061775223,10.210644279047772
66700.0,gromacs_replicate_1,65.10994,5.6025964994842425,5.989915148378127,34.483467,6.4012372494752015,5.927522693038252,4.1696625,84.86308822033361,82.28502415949544,68.39652617436613,58.89630758105045,60.39726995591534,74.84755893632071,73.84109733601973,65.6851989641649,56.969761793802,50.62746347946273,59.75248781713308,70.65692119116625,5.745816231915518,4.560521263602324,6.998378222916514,8.044656962660182,8.155056672747335,8.224731614029547,8.533660023722447,9.096093728772171,9.988516056898279,9.161136022150359,8.644480950831515,10.124219157595702
66800.0,gromacs_replicate_1,72.92127,5.665595518519436,6.141451122653396,46.657803,6.809490110379982,6.232734753274215,5.8253937,68.92921261852321,75.0329856983289,66.56129278592978,54.442653632994286,45.51809436155547,56.15407967539705,69.81417275626934,63.47751493825282,55.72058665195518,48.00522065824733,54.83081629071292,65.66430268973414,5.605167459671425,4.471157978300968,7.487267011375246,8.285332024103939,8.256038281790337,8.416174023635307,8.61224955275558,9.235973752049077,10.234492308904024,8.476128130948311,9.16362803820938,10.086406857853516
66900.0,gromacs_replicate_1,63.395645,5.195531676763282,5.569408999769779,43.00554,5.9529579880000565,5.422537105608532,9.746742,68.02738691070493,74.73427534414394,64.87459088564285,50.7752692395038,42.71315281989774,54.51503239998186,72.28095387850686,65.38120663818063,57.795321889458634,48.66935849337496,56.774119410152544,68.18468554233425,6.114844299928397,4.8810879975304475,7.380420152517775,8.432204766792676,8.697652827033538,8.19163759724819,8.09270845383823,8.77395115401337,9.673038172068475,8.177252629919213,8.32351834426966,9.95811088690506
67000.0,gromacs_replicate_1,72.510506,5.050288289196614,5.2677561760795,46.233063,5.575824602943041,5.116093622780027,5.0664444,53.341551041754826,60.97711869703412,51.45044696344053,34.737674775321466,28.22586174114512,40.38769519933458,67.9131343857103,58.87478638459764,48.32876716890462,40.81588858311933,52.574388068424234,64.5852973985073,5.734108805017559,5.225078985111529,7.710220423727555,8.580102124171722,8.44745226913075,8.41003342143027,7.903965881457815,8.921452730326813,9.756269957018704,8.103788376907772,8.12351139099267,9.675037797674552
67100.0,gromacs_replicate_1,73.50135,5.13971090967827,5.525876512962541,46.091614,5.973825065435544,5.524031435941077,3.4662247,71.88374568824669,70.85489669894507,55.945764014487665,43.45326089707821,45.76381299261417,61.8129617033415,72.62413403208598,67.1332952671975,58.207888707227106,47.65078406433506,53.05394227306567,66.05463670564532,6.160577748664573,5.307002164017932,7.5618418463956045,8.68716111923405,8.31720911445728,8.525691690433858,8.068858085593883,9.331974398099064,10.063035330633907,8.423983476370372,8.587704163308352,10.189177389794363
67200.0,gromacs_replicate_1,65.29209,5.695733894425033,5.923502341977588,25.590424,6.517901468989982,5.777878875249296,1.8046188,75.48685583429648,82.44880596874823,73.43385743428333,60.1576524002753,52.986443930532744,62.55289947382596,56.775187293879995,49.48572832697847,43.07999748612867,36.17036709613346,45.14914689106804,54.40588397014034,5.593758320439062,4.5646433950015055,7.558369836789052,8.456172773414924,8.327233220739021,8.113293476162305,8.245953297947462,8.974755621262142,10.244417625046465,8.584120716335047,8.840970110737546,10.164717807913874
67300.0,gromacs_replicate_1,71.12068,5.994028988016541,6.289846109280038,24.785492,6.1326199153918965,5.692067987665286,6.550644,86.33713638977987,83.28546706980529,84.836876236734,74.69202081239513,71.71388180101928,82.93520565511726,64.48688333292222,55.59585276274921,46.754956842194154,40.966190027711505,51.403390860796804,62.64776354586663,5.9864304472484955,4.794713295307813,7.734807204335568,8.575044062202785,8.410151798461587,8.181318238527764,7.854615632878607,8.761367834831908,10.081587423531733,8.532896342950124,8.703502911420685,10.295180638673388
67400.0,gromacs_replicate_1,67.69653,5.465167188275321,5.775451855955342,33.073364,5.917870038670315,5.368381839912188,2.103775,75.53190929048509,80.57638608283482,69.48194655206734,55.20969001487787,51.21005058901371,62.56937961094583,64.36190903482013,53.12483193867971,46.378116517783745,41.637559524250754,54.53867985805647,64.46967511853454,6.181157034333856,4.935744093608984,7.534832535892571,8.166030509629197,8.874418464727155,8.66654566325529,8.448701214514475,8.927862981297741,9.759413889924822,8.113501077967113,8.68953880287712,10.18264309381775
67500.0,gromacs_replicate_1,73.60118,5.717084728812959,6.180334470057589,40.289246,6.682582398706124,6.1868723456473695,7.222618,77.64014557305708,82.03812072645624,72.36129055978033,60.56633804878925,53.97166159054414,64.47270412697931,72.33186196929682,64.37958642333831,56.70518119361782,51.52816229061352,61.45458103510511,71.51539012484336,5.798242812682231,4.661217285986154,7.223165481456902,8.116424119720794,8.166529571209272,8.311838439141773,7.911874985974793,8.824719323074554,10.891075411937974,8.869225285348891,8.76540719119845,9.983228302678752
67600.0,gromacs_replicate_1,74.39571,5.6514349364994825,6.008091095214504,32.41033,6.2067650627756095,5.675675744880201,3.9400635,81.67240594810595,84.34302490658898,72.91391262399165,61.28174726177462,56.345653893088006,69.04641158202091,69.88079863833747,60.13292386494385,53.400107017203375,47.208917631240325,57.538141484719354,68.43192413745402,5.83878435035871,4.46858210766878,7.122958578522776,7.888639952239557,8.409225461329559,8.345985313473795,8.041536955042591,8.789723473968438,10.025769665364962,8.624360486085498,8.981177066231933,9.940619670065354
67700.0,gromacs_replicate_1,67.82386,5.475631867647385,5.730698147969762,35.545517,6.0918011289844305,5.5142415541847285,0.2917633,70.06885181417233,74.98408122410477,64.33382229397762,49.96956467058801,45.99162517922299,57.52651977257672,63.677280131921584,53.676290434800855,47.32212731430245,42.199270786944275,54.31930815083489,64.10307667689536,6.16776041189204,4.819231002607909,7.251725096692391,8.118468726335434,8.115890737697695,7.825709928257863,7.625768253631816,9.005097923835603,9.714475444798236,8.285434125101698,8.892033736094234,10.13980700934553
67800.0,gromacs_replicate_1,74.9873,5.66738093333122,6.029741582318253,42.795258,6.098743216371494,5.7957506700790935,8.1026535,66.30438170800632,73.63386930054531,64.82224056910194,51.45746930984506,44.005334948258906,54.32991407136476,82.5044112917738,74.82895655863895,65.22740015509466,56.895611300494146,64.82977265951152,77.19117956365464,6.122501322890386,4.853160604255574,7.195817852806449,8.414595682378135,8.518938063492795,8.53488202179042,8.561098534272663,8.838937897888355,9.308973643512415,9.28822377907889,9.1507654275057,10.084021021694184
67900.0,gromacs_replicate_1,74.382965,5.962505692396483,6.28682782201942,26.793636,6.142979917297817,5.667165642534711,3.6051483,82.51981237289276,88.77362301319626,79.75991065926722,66.75189649491594,60.26216687265202,70.51374911584787,70.39183035955587,60.28569880554106,53.0190417921189,48.286457067680736,58.56477897919846,68.81103477477699,6.152765422256082,5.020004176681774,6.89107114106184,8.055530174330972,8.301891829968602,8.326199277910264,8.148682412508721,8.675435063569568,9.804472331463582,8.179743783470588,9.004822930356605,9.759672623853886
68000.0,gromacs_replicate_1,69.83233,5.159356955595792,5.336377853966633,28.314583,5.747306374829464,5.204953737826398,2.7529373,72.49260228555599,78.79655696325769,66.94211413011388,50.29790253689654,47.38498405017973,59.9575447451824,64.54920322070585,54.618824650046456,46.1025679101442,40.784106688025,52.4396549522836,63.091039601452835,6.248219126903967,5.262999231207916,7.523532889988434,8.75113841072035,8.70851489142296,8.352629153814824,8.34343581857037,8.646969504817301,9.544385980571848,8.434418135992017,8.994670676280773,10.0053626992659
68100.0,gromacs_replicate_1,68.30047,6.001444456974954,6.340352372373988,34.414375,5.761020500029066,5.360628426668611,2.008812,74.61875748729477,81.52080574386518,72.36785778351819,59.74127288125779,52.373791104859265,62.45592656219631,75.52989059090037,66.56496869221587,57.62644794782894,48.71343533802851,56.72196148209741,69.89733620876657,6.06499383694781,5.118142868149991,7.116005814875764,8.282751217864893,8.779339929041228,8.50382436617527,8.334487276597462,8.904970896207285,9.793921969531414,8.909397164238356,9.239844546732526,9.883523435469067
68200.0,gromacs_replicate_1,70.511154,5.52957360881815,5.771173837003407,38.183636,5.894265287031574,5.440378420406143,2.6331863,62.88050131391791,71.23215554904596,62.901968996297306,48.459355273862236,39.37687581072367,49.959778461571744,71.91266070924708,62.00839275357233,54.224466366889025,47.297874987872405,58.1512514489437,68.6459040914439,6.297665810775112,4.875199642498853,6.600743142687933,7.691081771782337,9.170021259465258,8.329903888886404,8.218131285789424,8.756007175700821,9.097575942006324,8.941439101909154,9.072459950023273,9.644458448125253
68300.0,gromacs_replicate_1,63.908768,5.66738123766781,6.1265940850781035,41.26918,6.621039059542328,6.1161524440400905,6.5087433,80.75626240313913,84.19665169236747,72.92696863374647,63.26374163872521,57.28789866857481,69.24503955109307,72.40982684003605,65.40536742934033,57.43066930669182,49.44040185043998,57.06016315606969,67.52139329254264,5.738044602587914,4.659288398998797,6.7494334659707675,7.85065627759038,8.858257575377346,8.339552497901577,8.276519582505205,8.71373107772742,10.017181133177942,8.770532297743161,9.184488698646266,10.162817441750715
68400.0,gromacs_replicate_1,70.44653,5.9437212709978375,6.289539277878261,47.500168,6.390675975880447,5.882707038914571,9.045647,62.042290967764245,67.55089300830818,58.127578455898814,45.6930001089461,39.6009587531431,50.315302590802176,60.25117044706663,52.35690733274288,44.13799991124802,37.59211436519411,47.62694684972535,57.97112372479117,5.923747232989856,4.685386861201141,7.219803631467055,8.033109257950816,8.399576926809907,8.604762521344654,8.253428032384065,8.803805474516826,9.88311489997666,8.897711491058024,9.272220939344754,10.154411757580192
68500.0,gromacs_replicate_1,64.67674,5.626961165975283,5.87478537233176,33.00255,6.129892001325899,5.582641032275912,7.2362595,72.69458183872634,78.59123313285596,68.9128906317952,55.90622683512501,48.636592949293494,59.91683190296164,71.45104896929585,62.377454902554305,55.65441613536984,48.25161969169248,55.659577059380275,67.5982333153039,6.377380478976291,4.9517236598245224,7.648402249949991,8.775003590150863,8.302177487146002,8.388238841456356,7.931937499549571,9.119994925383695,10.13065907457741,8.529813072625275,8.441233283587502,9.95178792482055
68600.0,gromacs_replicate_1,66.60902,6.080060671032049,6.449338388171659,30.773216,6.376325248519859,5.981975951134465,2.6712341,84.88140177759666,87.61675547697706,76.20090066074539,65.38708456318591,62.049832010776385,74.05164171113019,75.05418711389684,69.25268208256355,59.42357813497032,51.443897295420584,58.68042339878388,70.2041489716567,5.656687919353655,4.641414002518756,6.961268524659043,8.099465957602,8.689803578809398,8.139676295597116,8.222444275190295,8.802558636171387,10.232460027574188,8.798108477854782,9.482012944738498,10.464732933283548
68700.0,gromacs_replicate_1,68.03542,5.585373820539818,5.845465149834437,19.724335,6.073856298920729,5.602216451347182,8.041046,88.54476011298316,89.9064249221398,76.58477947654815,63.453202349022455,63.102959409521915,76.15097515569047,76.02503106939898,66.60178001542619,58.31465344556954,52.58148993431979,63.00021542947921,72.96741993105749,6.2097783513863645,4.7293574777511145,7.284451576643424,8.246773866538868,8.459737459807021,8.567246913486258,8.198571698894732,9.023991313451312,10.03394851474304,8.550222622325782,8.647838834999707,10.068971525214979
68800.0,gromacs_replicate_1,68.044876,5.766498498492105,6.207982869046949,38.345093,6.508135912389486,5.925361085930196,5.7823257,82.84314170573647,87.07166458951515,76.06633879206231,65.78766565094305,59.89456059274703,70.95678394034016,68.19405686850693,62.961526212244,55.209925754743075,46.29683913175579,52.067530165336876,63.30788847876257,5.699092579690444,4.749956367868287,7.517420354162669,8.304539050087536,8.631769934952132,8.621696326463269,8.509676512853614,8.9152705920779,9.974223142083243,8.506920018288737,8.563976162955894,9.889464018369551
68900.0,gromacs_replicate_1,79.76156,5.05393565577218,5.361877980641813,32.02647,5.638130056921261,5.271035524904158,8.073311,79.96594404068695,81.83978754981132,67.18592966687783,51.96673403611624,54.676414163945545,68.65195829160169,67.02496927111372,53.071369122385356,45.71944429071164,45.384703207004165,59.40893514724321,69.22636886739356,6.215723593386947,5.161081995837641,7.444758320174841,8.374366694988929,9.05254888322792,8.595798699158028,8.119209943675076,8.492065469361984,9.945314791818708,7.968785135977757,8.452763992263769,10.401719547959289
69000.0,gromacs_replicate_1,80.080605,5.367538726635104,5.5444430928262065,24.12851,5.870655232018824,5.615281071467826,17.250214,81.27309184257226,83.34647229930474,68.16219315544544,54.53022618025662,56.68991525592255,70.1119287807207,60.98963518773109,46.979678074007396,40.91040765842106,44.080027241763666,57.521361010874706,65.53797200328981,6.2183727676420775,5.330813119027108,7.544981524037935,8.158173660510213,8.48532334179779,8.514257360421068,8.32587060486667,8.53783612737031,10.011862082709843,8.656441411928325,8.220580117568113,10.160069324996373
69100.0,gromacs_replicate_1,72.84534,5.4570633155621096,5.787499554306532,30.572556,6.301799836732118,5.727460457016271,2.0634537,82.47011128761596,85.07623719314776,72.6684779584246,59.67628344778798,57.14943340262799,70.4031032377533,62.27720709707611,53.85982560498797,46.96716216377234,40.33831584486693,50.28242484013605,60.40667667088269,5.799110679510892,4.928064157594037,7.106757032941343,8.193248427348477,8.983999451508646,8.299106407198922,8.30122006222151,8.510946680285134,9.750904864814137,8.622467657089201,8.507156011825384,9.921055770974473
69200.0,gromacs_replicate_1,71.406906,5.289200296397438,5.632356328154591,39.097122,6.024222840398346,5.605997367385497,6.329567,73.99541039189872,75.58514207520076,62.00327065590808,47.818724281867766,47.128361993318016,61.68248832854304,77.37232148636517,69.00114340940672,59.83307887436895,52.279663619474775,62.01681498108341,74.29591380607441,6.067879562612136,4.894312756589,7.2860268596209234,8.052087552770853,8.462865322917033,8.309224719249947,7.81870233666386,8.77925422776933,9.67444548994257,8.323850540337185,8.514728627777995,10.104443817575287
69300.0,gromacs_replicate_1,75.88522,5.7375426065193516,6.158749325272171,50.35637,5.953991934603394,5.56488598489341,10.021576,66.8653231931697,70.87977043367665,60.015363296385196,48.50900369125286,43.66102342720586,55.460490988981896,63.51186032522186,54.52706463125722,45.68482429920015,38.35861072688209,49.27424831871766,61.342795103576314,5.970828708983106,4.652777393242296,7.042526444355883,8.024434533814953,8.3673123608971,8.303712761321984,7.601789898039285,8.703675741909136,9.576416598401492,8.523627188291384,9.255786458391704,10.637163961113318
69400.0,gromacs_replicate_1,64.95898,5.481950154654777,5.853842085129756,34.92295,6.166022001243788,5.672945545030444,1.2445908,77.77921517859127,82.13790315562211,70.74776860429141,57.68983738762143,53.4608878142792,65.34121270053669,69.9492703829111,62.3625515041406,53.002795318029854,46.81207410684737,56.75404897168607,67.13065392963293,6.289459073981578,4.815321177482563,7.034219097118154,8.261444222420415,8.249582411640509,8.460237485035336,8.2407950752416,8.708103408148606,9.904222177844021,8.447125742230178,8.84226660377698,10.206647640739458
69500.0,gromacs_replicate_1,63.365646,5.759908810423286,6.00910806556927,14.468292,6.465678710915254,5.923421841671016,13.121391,84.43779344318312,83.93165490419874,82.63508680782886,72.25522197837877,71.45912557258237,83.75112985688376,73.15098200739172,64.20984870817448,58.02405178908703,54.03953506776278,64.71769082510144,72.9272658779288,6.240964265356625,4.669572824044348,7.3848957885405335,8.171886904244513,8.754808978644977,8.09199530968921,8.047945513922073,8.831267527092194,10.46116701675242,8.573682909164516,8.542489324054849,10.337534781178418
69600.0,gromacs_replicate_1,68.74815,5.188354123210213,5.438860119128855,54.658173,5.960499330996258,5.5208370231602695,8.551384,54.143597829596146,59.158895007321334,47.387721167376554,31.425901487554338,28.182726434542385,42.11039011798694,73.86155221774008,65.0446559543825,58.16833433565424,51.111365129857,60.81575390803545,71.75171673491343,6.260624705733402,4.762607254040357,7.060696995040293,7.951844685832832,8.747650395483545,8.39166749806337,7.9274038542501195,8.691132495893928,10.030269031470162,8.549298788305332,8.665397462604103,10.02444865259925
69700.0,gromacs_replicate_1,79.0286,5.66352219366243,6.081308259723611,37.812584,6.624588345375858,6.074921312099703,8.488441,81.42399419256553,83.427132197481,71.96145411243299,60.46170999910763,56.979948273436904,69.57116535741301,61.245110138040026,53.86423520637932,45.602261648810746,38.402621804805804,48.093161825214274,58.53739533486585,5.863534794061627,4.969012340985068,7.53383851003408,8.406589529411061,8.381709932890443,8.578701234499027,8.858541977850447,9.201842617654647,10.36423505376268,8.617511062992273,8.522738885639487,10.040184154794714
69800.0,gromacs_replicate_1,69.55292,5.93978026748391,6.271135401696336,30.072533,6.579810345580641,6.121898179222944,11.099808,84.7360333045869,85.77117326267964,72.92470479728289,61.82963957183982,61.642090928944555,74.08700082938572,61.18394809476824,53.107565157791655,44.95646621909192,38.57793108428006,48.48134620956967,58.68921616114263,5.601544446774597,4.4038922342474205,7.077264403917942,8.002362454799384,8.426338978731756,8.408506624480037,8.682645369849322,9.378074735677046,9.98385905586726,9.324158699910814,8.651115091598582,9.710453460049933
69900.0,gromacs_replicate_1,68.479355,6.511457198762699,6.842746888692501,33.256664,6.989000357568747,6.478325006834314,4.8895645,77.20326656879797,80.36049652564408,70.38852120050004,59.49752415353169,55.94251435855617,66.49545787921349,71.4373082130117,64.36387411588478,56.67078080878017,51.45636768791486,61.45890734345305,70.38765491343484,5.594402864783297,4.475059021414642,7.198929711142607,8.487645388213142,8.205752478256048,8.23381180976517,8.22234333091064,8.972262831182968,10.972112334540238,8.96393158203721,8.817725658208504,10.413796286216101
70000.0,gromacs_replicate_1,69.68279,5.549177067750078,5.799747266614846,30.635597,5.978917564729537,5.5483555347063644,2.9098816,75.25318622995572,80.80476441580859,70.88400382866631,57.28105621499852,51.79659747314069,63.090518047681165,73.55629194043435,63.074736551281774,55.915373831635,49.808640653411565,60.42457943046952,72.62151722732419,6.1947034878616485,4.824042337286479,7.212137789065056,8.192539701802533,8.441496833602551,8.304935432742099,8.286547453156778,8.97465907849618,10.395929133467943,8.705349655465266,8.679182633194474,10.291016544318316
70100.0,gromacs_replicate_1,70.226105,5.979482808115939,6.255952085363551,37.986206,6.103405442661195,5.664623055099313,6.188347,63.41543195633444,71.23480563978086,64.01161576075414,51.54642093102306,42.19485198585729,50.45543130722171,75.56087069222087,65.89508730099774,57.912292900402235,51.926567138692405,61.829166976674024,72.76592944160868,5.970685924017672,4.534728325930316,6.721335857388181,7.845008501380289,8.392034880646614,8.449838874818994,8.263810050129798,8.963620685430172,10.031553982344228,8.755394977252461,9.074528905365037,10.498819444870119
70200.0,gromacs_replicate_1,68.16679,6.334539521899944,6.745654264309848,35.285248,6.349474924542014,5.982447473206314,5.3692093,78.65587878446304,83.46362344609938,75.05634252518878,63.66671391130211,57.63398938424673,67.59423687319476,78.49839285498491,71.94980619926208,61.67172482215211,53.89363822350227,61.68699935482588,73.08325075395622,5.712282947911941,4.604873578346265,6.960573558715335,8.146446576380558,8.6305502039633,8.534419405684842,8.760431552123906,8.866544704850098,10.261840742872783,9.126954247964106,8.92531848591825,10.239360111231484
70300.0,gromacs_replicate_1,64.55503,5.790342361719403,6.238491207470706,42.86769,6.248390852343312,5.710028448199642,16.926994,69.27287826212061,75.98634679853005,68.16122035431647,56.74362350960288,46.7916127525115,56.748570200880636,75.57257464878074,67.26387486501606,60.60919145237606,53.97367245237302,64.40075558074794,73.50889638869093,5.97309284780235,4.6893589840921965,6.928897237690489,8.309369806592782,8.642509685703697,8.49065513190936,8.556648773616368,8.692283680681014,10.042867572116133,8.391966634581141,8.45347278039831,9.63913555318495
70400.0,gromacs_replicate_1,65.8025,5.379687888807051,5.76231437221863,34.72004,6.912119811387948,6.345913257979267,10.051666,81.05760506956258,83.05650168667361,71.5180397014871,59.204535023376145,55.380387200441675,68.67726894963681,72.44977458829803,67.09260647932253,59.631741820054124,51.450138768446784,57.22174325046479,66.73025294971525,5.982518007116671,4.747412913735114,7.269934749902763,8.379885804652078,8.215937020706304,8.550034245479637,8.614930668667638,9.03710870086046,10.25900549844237,8.649458221146434,8.581812356951367,9.989447882885324
70500.0,gromacs_replicate_1,60.825592,5.577422456141145,5.9043729470086035,35.48484,6.612600864744755,5.9221813753163595,6.233597,73.6831524330346,77.74639642141803,66.16389806242351,53.61920083907924,48.72917732288746,60.620085988123556,64.18373541683602,56.999122811390464,50.01261369157131,44.423313901362995,53.98350161612093,61.8051232919631,6.133866782222683,4.755344263592776,7.092360036510144,8.222242748509633,8.164038993261993,8.032478056062054,7.964950860608542,8.700801804350306,9.807916823641854,8.736377491985312,9.053194575972896,9.724374714306437
70600.0,gromacs_replicate_1,64.12044,6.560233965142799,6.798030659730403,20.659836,6.1545443798620765,5.790181775221705,14.271271,85.983553319523,83.4035898588966,86.9309750602138,76.43923202375036,73.00777426522053,83.10434956362712,80.9331222922296,73.17262324045494,63.890238486912494,59.022172303175914,69.95146948240676,80.01497303935871,6.206631097016148,4.964123043331181,7.401638583295656,8.317037524619073,7.874818425889663,8.172949677797797,8.043960788024037,8.771553833675878,10.441713910496832,8.757083351812849,8.987475899594136,9.836599256813527
70700.0,gromacs_replicate_1,59.817368,5.538826514506322,5.863050521107213,26.084137,6.323282980943343,5.76275737846174,3.977745,88.3497979400503,88.31991874177069,74.3812438618165,62.25796900119572,63.874335105821174,77.47396262889951,64.472803819545,56.689140266347785,48.341837053267774,40.10235175126294,48.704717793048815,59.23145051616329,6.339950510411288,4.864375824671598,7.141056687377639,8.030995422826763,7.954683439530624,8.067092929151801,7.424351311676295,8.659416049531755,9.600189303335963,8.094172830555271,8.749937644839202,10.103874093532871
70800.0,gromacs_replicate_1,66.07102,5.940286876448468,6.117453518156708,24.958908,7.102017230759648,6.608549001605499,7.2044373,71.47670007446858,78.3083500824397,71.00034123948996,57.583453808938536,51.304379603519216,59.014210612502495,74.69710894191729,68.37179211754277,60.29623494778402,54.1686327956962,62.62657076200168,71.43111455631922,6.060170334660263,4.54941522770791,7.287263763519404,8.036025415873958,7.974168849549175,8.104302497808334,8.049944890664001,9.078157042526554,10.686863930085872,8.9310380713737,9.091189191597964,9.836647705867879
70900.0,gromacs_replicate_1,63.97248,5.6438696666180235,6.033207250608018,37.69642,6.720938265755032,6.175838419686882,13.0449295,78.42952635406125,79.42497814944595,66.78650513996294,55.27357323965749,53.847274139606355,67.0364445314074,74.92106014549569,67.6561349884095,60.14870666674802,53.220142435685354,61.20270960352812,71.01568970967266,5.927971974504224,4.748987046116669,7.569944825008171,8.740252708416456,7.794615141399587,8.200280118748303,7.938155344870508,9.21311810838579,10.628527964777204,8.496518223200107,8.820239898318246,10.301457835397008
71000.0,gromacs_replicate_1,63.715515,6.207395496388399,6.575230898663875,35.383064,6.826827392673281,6.20452957180644,3.407425,71.90192085009453,78.63013685295822,71.33833592102691,59.446297591143384,51.35040525137032,59.61013710976784,63.93088311417412,55.33691738949009,49.35625944553634,45.97105907604839,56.845715855746825,64.49044446816059,6.23372203123817,4.614992224282917,7.160692458243248,7.890836380090688,8.077083086790083,8.30911796818258,8.050797375112698,8.732111791581678,10.384179724638273,8.78307959618648,8.965057854620591,9.913694038864298
71100.0,gromacs_replicate_1,66.07008,6.174989295990684,6.534073214390692,29.394958,6.600570248571514,6.062127542302328,3.870041,86.79200768199895,88.69127377377036,77.81930329051337,67.472661708929,63.1265981771364,75.31976353353492,69.56992739070435,62.587610961252736,54.20698546582703,47.81442682576912,57.496244247481776,67.90331494302899,5.846424145610787,4.674347933961041,7.0455473639847925,7.994641254973774,8.665736514402253,8.529897044438599,8.312488036041913,8.99493224693439,10.66120142677292,8.533377132973996,8.757685305217011,10.173322697276761
71200.0,gromacs_replicate_1,71.21429,6.537858983357424,7.025373842954741,45.94406,6.850586853030789,6.296908480899674,0.6756058,77.27829515407637,77.54003838820792,66.69260006247235,58.02412121422911,56.05683696126499,68.40369415134009,62.57861851113593,53.58771202295367,48.08103590925973,44.158326604673796,55.14252524793149,63.21596856673256,5.677279057027894,4.505745036317083,6.779533642396244,7.89262526179529,8.555023699265739,8.51073225271732,8.890328181911867,8.75277244142571,10.55939794572681,8.951572343476936,9.383459213971204,9.477977056750452
71300.0,gromacs_replicate_1,59.19834,5.050462049668554,5.316737975761222,34.89582,6.838556925315079,6.129139446562435,9.585396,74.80474534405288,76.75635989283485,63.84517959244157,49.8546856732067,47.39475260963796,61.29031080381311,66.64850987758682,60.70036838251592,54.44428442153462,46.40614084335844,53.18263303736132,62.62320318358101,5.78058067804108,4.706706697984262,7.128252344513511,8.105796782328284,8.533691188310044,8.47953785203395,8.422563412319091,9.07789596694102,9.955426732025588,8.761483595946178,8.59274410221183,9.215815509101601
71400.0,gromacs_replicate_1,63.669464,5.217020066291486,5.620442509269763,40.796295,5.989667112018567,5.360100168039642,2.171692,76.08865518238993,76.69800427014582,62.02573686281666,48.17698082926944,49.646070099956475,64.88622426170828,59.123726237131905,52.90389084125305,44.120448658103676,36.10501083709712,44.586030642594764,54.85786821461258,6.2206016975821345,4.809493125422704,7.045815432838564,8.287293035994354,8.244787611965338,8.130908620935886,7.797640653670873,8.924443670372595,9.68147824015258,7.94281248121886,8.788940629882452,9.209696941061924
71500.0,gromacs_replicate_1,69.32047,6.043012420466677,6.444172506243526,40.738884,6.575477805347744,6.0829800539600924,1.2652817,70.06459863671255,75.48542962442089,66.16213805233492,53.84517446916996,48.309633933534606,57.98628864355909,70.56142367386676,64.20342878808874,54.921722247694454,47.22377066636285,55.10696109872709,64.8589802654396,5.973252996064359,4.683745517844154,6.998792132373299,8.048231784822391,8.116627420473174,8.322607186614686,8.08788299385581,8.912846035650121,10.234586122407604,8.893695633041851,8.619262215356741,9.505170840125967
71600.0,gromacs_replicate_1,63.26127,5.774035515434592,6.105081668676045,29.800354,6.620133859140115,5.981597590691842,3.7594376,78.39164185629332,84.37989230860673,74.85560352567845,61.776989728658414,55.621757224254495,66.4220928286226,65.84892801888883,58.221405787932625,50.67973732497837,44.89219395778306,54.300019979924485,63.04671354268742,5.915538723891028,4.7879940109993075,7.280627511708935,8.356378931798845,8.540726328043988,8.320886272186646,8.278654549954021,9.111589076227766,10.2874509363489,8.390049321194683,9.126435961058561,9.57252916820522
71700.0,gromacs_replicate_1,68.90064,5.137713135866746,5.413479653714215,37.052834,6.352875016107049,5.76166689445062,4.2361145,73.75520379481996,74.88285664784186,61.69922287117729,47.180586305668704,46.462732893999664,62.30873385417182,67.22369313217024,59.181446730873326,52.42045671661665,45.61880466305077,54.470766308786104,65.00806057118592,5.83047080042755,4.715169631138914,6.8116390297447476,7.824786829665897,9.322920192835205,8.650803094141258,8.751378445784965,8.873179494219489,9.581988898118572,8.6954112036478,8.141812731826455,9.325034903008442
71800.0,gromacs_replicate_1,62.615585,5.623605657131582,5.8373032885360825,26.735771,6.535263267460438,5.904386043795478,5.506813,80.50656726892332,80.13364653077363,65.49306006576121,53.196062995989266,55.57763011461489,69.61885772079756,67.87053491613642,60.60870011734418,53.24512888252904,46.06027060428458,54.172253742340054,63.878881988555946,5.972949912620965,4.721829237058543,7.41223729074619,8.354383594062313,8.36979152402254,8.547828689745367,8.483696725768635,9.498331232474232,10.17346978835193,8.641182732479859,8.275019264393176,9.52308442292494
71900.0,gromacs_replicate_1,68.556465,6.054930303915105,6.339038059091898,19.269127,6.51155165746064,6.093230479373337,9.380173,89.38848988329465,85.36008176836465,84.09507316886967,72.05843924764315,66.9829562949209,77.32557401678756,78.34963592268292,69.18944243501723,61.94441791251514,56.16770763210411,66.36967166168525,76.60165057793708,5.903079825775774,4.514515425314338,7.337798806397713,8.005999463658913,8.665244842543283,8.525889798409185,8.540989541547537,8.736781114020088,10.403448389816468,9.187101941830049,8.977176774846027,10.095045019706033
72000.0,gromacs_replicate_1,65.88522,5.854620819990693,6.248990428308822,34.12903,6.574938298505424,5.987606068163929,0.49514008,82.93393346794458,84.46712292022521,73.03422298935232,61.45428388703824,59.24373969150072,71.68433327995675,62.955490942333796,54.04341827385486,47.23406560542163,43.896105392403804,55.433087601436235,63.899319214908196,5.761822056777653,4.590616739089784,7.0595556315096655,8.079400990225642,8.321786729810785,8.447580604124713,8.191097235953503,9.082929657225858,10.462627695397748,8.56128186812564,8.5232642678899,9.856216589705694
72100.0,gromacs_replicate_1,62.95201,5.691984076792836,5.964322380037635,26.986427,6.875336465009073,6.118519238170223,6.024231,81.89317362458155,82.76034358461585,70.40879868257063,58.03707166611788,56.95056926993465,69.9884441226569,62.15577598954117,56.090354013658256,49.15040884676814,42.57466638692146,51.56981594130747,59.54992596451363,6.153832009226421,5.0404864428706055,7.629789710933428,8.601015186876033,8.354943776170726,8.35610596305112,8.569911638671542,9.11873138790005,10.386455990174511,8.78086345045441,8.483194806629541,10.01856842685323
72200.0,gromacs_replicate_1,63.416107,5.953350281480944,6.307802000476128,29.596008,6.777510551791613,6.2342289125170955,0.90065,87.4284801705564,88.65048269220894,76.62847664563911,66.68089888356597,63.93622505105132,76.0938251118757,67.13414701138255,61.81302871383293,53.22044299651988,45.63010069720355,52.99605585855483,63.06871208361233,5.6971694676035725,4.5664360536832245,7.0448368412799,8.091478650799226,8.181412252379499,8.214781807799715,8.034400827216361,8.968301804517997,10.532492628576579,8.965166832727494,8.796044582714961,9.649639173658521
72300.0,gromacs_replicate_1,69.282814,6.014183295374874,6.36327924324709,32.98124,6.899317792458613,6.378314125102195,1.7114639,75.59395158197782,81.1953800616999,73.4476107308018,60.970054497395736,54.3695954430317,63.364202597312456,67.72254218462292,60.959226746329314,52.228128730853264,46.16819012576893,55.21518759863075,64.68139951428945,5.947532319783995,4.545270502697018,6.93632682128617,7.828123408578601,8.48316576405617,8.646977454779785,8.456973631192383,9.034011573071485,10.447326293717623,8.794780976263937,8.923939764179016,9.945841950738311
72400.0,gromacs_replicate_1,70.521286,5.421113543602739,5.7973284682995185,38.277374,5.872933649979074,5.360152453852649,2.9294662,78.30403085859851,78.59619941448165,65.10284592000274,52.628463814385555,53.3956625704606,67.58455385239441,66.23580075652855,57.9732892093238,48.94609360631427,41.13579226452702,51.229946669486914,62.42240431726651,6.449185438708228,4.969129466502367,7.131932919054038,8.084361365917696,8.438281666582348,7.94697166654424,7.600362694866607,8.747835964956346,9.93697943238961,8.309150582642896,8.597467075004136,9.90992601128925
72500.0,gromacs_replicate_1,63.209824,6.0096050374163115,6.3665903878956325,33.634354,6.195226114414232,5.705426874422454,4.201538,80.2346990736588,82.17640833080192,70.74435214845245,59.685185417536495,57.13551840394166,69.17953261734642,72.1365477898635,67.18436198173589,57.09140000205314,48.85876240826733,57.08758887722283,67.77778841515497,5.843274955454215,4.571812888620084,7.146824830164395,8.14008371789454,8.307064451273897,8.376757647455033,8.306320094486049,8.87907589972696,10.195682302431026,9.164108514257533,8.60527552034116,9.885483378813653
72600.0,gromacs_replicate_1,62.58329,5.768745937660594,6.113478541790443,28.757275,6.598670107425355,6.2192812857411335,16.113365,85.50642574433093,89.09108994450904,77.46610646686476,66.367350634935,60.99556788873709,73.40046771622364,80.3061160691778,73.34285347183867,67.3176619612762,58.84088935256541,65.75647423086801,76.84044177253166,5.83131388946481,4.68158055454854,7.519111058357475,8.57284481466186,8.694405588936508,8.446632335106449,8.218614878619807,8.896887053751566,10.15458995523008,8.903927928026132,8.598228326234398,9.898924205923569
72700.0,gromacs_replicate_1,73.09351,5.61936064975655,6.056306007419379,38.356735,6.088738123732388,5.820981866480136,5.225601,80.44633606377299,82.3961848054283,69.44086376961347,57.448591759855276,55.617281473938725,68.75562515676964,82.65654262749145,75.28815271251948,65.06201158170977,55.72072768812977,62.71940519020706,76.22726537355466,6.0118673782485805,5.139642962797122,7.162586730840092,8.269087586694788,8.940939195565031,8.596760273951134,8.576167853385018,8.65418063334526,9.791393325818188,8.712917996450942,8.559241504476876,9.8233919794097
72800.0,gromacs_replicate_1,68.20001,5.890459732251554,6.30741155327096,41.022903,6.506717259159713,5.9726198743011585,0.78393555,74.7781680819412,77.07867964078928,67.06449840042143,54.815091111729025,51.112214912100846,62.82878738269649,66.56750556261345,58.540744007988614,50.087146032868084,45.348159706243344,56.1195347705145,65.11248735928582,5.9682245958771025,4.876663451875118,7.407005651347509,8.252758868357596,8.381827430538486,8.255585203843708,8.442175886165133,8.923691350910115,10.514709824557505,8.742595976488202,9.04809882195902,10.052466101860634
72900.0,gromacs_replicate_1,65.193436,5.633399305061744,5.904254280734565,27.49952,6.513355259074413,5.963033102258323,1.5760422,84.8829843614804,83.5127526187336,69.55829163807635,58.400013726280584,60.52814626468123,75.21975669875371,67.47747226373171,61.153139398466244,53.69731234761425,45.23870539190034,52.58878520447931,63.6438497416581,6.111048810550958,4.602054353168142,7.23180380535647,8.054138023422096,7.989915325568266,8.56744901181784,8.590742922296577,9.217912376893546,9.960740145759075,9.343568646582602,8.571701281552999,10.054180557606337
73000.0,gromacs_replicate_1,74.69344,6.020476538140455,6.333851974775831,25.946747,6.38590106821359,5.939739776233653,7.897415,86.44128058370673,88.7714173595586,76.87116870318548,64.6490505960652,63.82121373585272,75.6441305368854,62.14777777530005,50.28251238466927,44.225426255802276,43.425174468666405,55.587256862650534,64.26081277789463,5.757545567897555,4.667463203263352,7.141329350378698,8.19697641317791,8.698592085600248,8.730860459868492,8.987083822457661,8.712532012634542,9.900117702273777,9.31244377302032,8.472354739643103,9.36036951044765
73100.0,gromacs_replicate_1,65.80162,5.735189177567215,5.98207937570191,26.151909,5.690818480162703,5.3840436865363035,3.8705063,81.30031240768012,85.03861562461049,71.99565535504667,58.35101203176564,58.186530670763624,70.36295260421967,79.8648603337738,69.25111111335217,59.93331387404758,53.48191739298673,64.32855721636233,76.52735706886793,6.051921661800263,4.942480944805901,7.387773176677841,8.608768858407313,8.020011290724883,8.08180258673113,7.909059280021501,9.124538315251142,9.739226101447594,9.06125919689307,8.686953937150124,9.73876085844426
73200.0,gromacs_replicate_1,59.58291,5.888087224347924,6.164878010638693,27.064957,6.7526448240984145,6.146936851534354,16.262428,78.41729323925026,83.8886542298089,74.43076044017971,61.55955133270333,55.53644251221206,65.13686993678816,71.92632424772894,65.46227231630243,59.47759806287684,52.60893967977277,59.5776490848301,68.57530464967085,5.916366996685833,4.755889977498687,7.699871160288272,8.37695668516268,8.76759623411904,8.927711806575134,8.80861993329578,9.250829709905814,10.256649087170548,8.996135163314788,8.060992761261502,10.244761235162333
73300.0,gromacs_replicate_1,73.59585,5.697253224056528,6.005650403306978,35.012604,6.401704728563348,5.93023429974892,10.5047,74.23683907115267,78.97735448357307,67.07288603411017,52.473724516169206,50.97796772295642,63.01038120172044,59.927616891275186,51.224203810991156,42.715935735831536,38.779854405252344,50.78099903283079,60.15675342379069,5.98803603070944,4.8552647204370105,7.691276268401631,8.762879040951981,8.315643233114617,8.238338892941792,8.332832136486296,8.962493103102968,9.727779167123517,8.924355217007525,8.613877743412388,10.167835691542411
73400.0,gromacs_replicate_1,68.59466,5.656773520524618,6.006080267168298,37.588852,6.92457645418067,6.244520538533898,0.31261444,70.16046858686036,75.71421143116356,66.56515383147132,52.59353726134472,46.75032416926006,57.61472213952152,62.387608063424935,56.20869138503657,47.58812111717981,42.11406802708717,50.66203668652241,60.318256499262446,6.216260703591146,4.808591597499253,7.485514522222342,8.483012460384591,8.335125352599604,8.214940098396807,8.507326836844953,9.009458814289601,10.002953418048405,8.94634481105864,8.565515067435356,9.570325532522107
73500.0,gromacs_replicate_1,69.24872,5.346216801153373,5.826595740578804,51.34488,6.213138712236866,5.631903511195938,5.1791077,69.6641917974496,71.17473581482254,57.98445483361342,45.52673431217534,44.47628879447376,58.76087434021009,57.157800144211066,49.54358560212196,41.53015514502237,35.45302152315849,44.96677228459599,55.06566356771579,5.969554614425626,4.594637374347982,6.983276607531745,7.788086602100572,8.84378142433191,8.51265722477008,8.285647321903879,8.704769260941022,10.00370989559279,8.648243423653721,8.675692321834658,10.09392423132989
73600.0,gromacs_replicate_1,64.31373,5.1948674954035,5.562618708502728,42.892,6.5374873220937015,5.8473569765396025,4.7804794,70.1316617367027,72.42528235338834,59.29347028484413,46.2345169518075,43.09061849577079,56.95089056495541,61.9583816895378,54.60820789653824,47.61137990073062,42.32222389468359,52.39184421622395,60.54334695318556,5.8684769524988045,4.767156806851455,6.988848870459428,8.17028161589801,8.678825444848085,8.197734882517551,8.224512396995241,9.002105352431881,9.755248505167913,8.734282575724102,8.323730237547384,9.376049774305939
73700.0,gromacs_replicate_1,69.93798,5.328284532256244,5.769405793438138,37.14143,6.645971066283604,6.055680306613982,4.511696,79.5354000888304,82.35548507151864,70.68951458068673,56.763838930117124,52.994863192461175,66.51230368080738,67.11538115808852,58.74731063219023,50.87229555235719,47.03073350800279,58.22928200855254,66.14789796999086,6.2215403310815045,5.042266223149888,7.213175566879123,8.275703528653029,7.745419585479927,8.265899971985537,7.969639069410662,8.991025294348267,10.182757135799275,8.371364884779947,8.429825058189206,10.087567195976167
73800.0,gromacs_replicate_1,72.886505,6.595768951180683,7.1282489129278135,48.140305,6.687964330416412,6.423574558542416,4.1427536,79.47297081146084,80.4763955212697,70.68834431051417,62.887006878451466,58.91599770293869,69.84530340067714,80.90552767830691,73.38118389606996,63.905465889687235,57.53421740045522,66.12543416765531,77.97891763698355,5.867913709372842,4.706425690996866,7.283168963497665,8.185329365752843,7.9378938206697445,8.326330819465362,7.976481173656657,8.884304621165745,10.552894264665529,8.731036647903727,9.51882632296877,10.372676150331118
73900.0,gromacs_replicate_1,63.323494,5.63215151327508,5.8766828406983445,32.353462,6.65332807257879,6.062387070532795,8.51667,72.40691295949487,75.48421882619215,63.555291658074914,50.30770717522991,48.1822930010233,59.81517536326205,71.3243350646304,65.23051884553345,56.73293820536214,50.22323083435392,59.566358437147585,68.21889399634824,5.877421502713585,4.582235933305557,7.2575779553243125,8.419764159417975,8.47526289448947,8.267554319991206,8.49418258295721,8.773287011596619,10.05737134924438,8.793912609258882,8.832011612848573,9.57725661360024
74000.0,gromacs_replicate_1,64.07902,5.39975239715618,5.812899096550212,39.18593,6.427371068967617,5.956709360170922,2.6970215,78.60754297438724,79.22161253044048,65.54565189501767,53.36652218540986,53.25290407771487,66.9705810348077,69.31705952314199,61.79236964306276,52.08965110782485,45.87693318857043,55.86368623329329,66.3889037396107,5.9915538626484315,4.5097508012329595,6.987706674929738,7.875940984576634,8.62805988811924,8.30365918000446,8.062192603156996,8.835335893847063,9.771867961447354,8.730854722524258,8.722912753631094,9.952908222723558
74100.0,gromacs_replicate_1,72.68236,5.291722346488463,5.648487373697122,43.123123,6.252501109651115,5.736071008408804,1.4265594,70.67852778595088,72.87747118323009,59.369629069645924,46.12889576875841,45.317951427505875,59.1426597711593,66.889965053461,56.6954144142691,49.28096863892558,43.876382092013976,54.70467164183042,64.9631413807326,6.2250658202984965,4.724379981002803,7.259647568713068,8.072181963250758,8.566546692866813,8.664248724416975,8.27139683964683,9.088476837376465,9.668275349386825,8.49160916610632,8.271464669507047,9.453408095585718
74200.0,gromacs_replicate_1,70.42281,6.024881238234975,6.416803710478543,33.141747,6.522578541595459,6.135176989551397,0.021453857,86.08509726825858,88.36294828146544,77.81925440059243,67.60257222518692,62.6917561716502,74.40188862877969,74.76115979118507,70.63417008420285,60.839435173389425,51.31552921481442,55.564684040964735,67.70385250210961,5.739879489307663,4.789307590744984,7.037618814312006,8.117292076375549,8.016756576767259,8.1221300194354,8.004032674338116,8.973137337882703,9.892180465329867,9.325921841079673,8.452480122016494,9.634485979720091
74300.0,gromacs_replicate_1,71.26452,5.993814496887098,6.482004429952165,47.74202,6.316324360765049,5.829039121572027,5.4909286,71.69910933342078,74.46906435818937,63.78110233166843,52.1848409530472,48.8297954329136,61.12806623917874,63.44804891149826,52.99865173983109,45.89317184912452,42.38768809826223,55.28568784178973,63.92967156217655,5.84705861451252,4.466299893815133,7.105556287299522,8.002786331745698,8.536292948220504,8.574067045771471,8.511540852275884,8.853549308474989,9.68329569935709,8.729827129155694,9.10488055973438,9.92833146025416
74400.0,gromacs_replicate_1,70.777916,5.474149824034971,5.734096027834266,29.679771,6.042742986075413,5.454416399464893,1.3782272,76.48745802539655,80.76905754755668,69.27797538762938,55.041435197627024,51.72305366360587,64.18705969870727,63.8637558226788,53.02763433481665,47.61920869082303,43.461080177635296,56.24656128163142,65.11491052717254,6.110712599584379,5.107024652331833,6.8975373907622775,8.192892728761683,8.429223367399741,8.213195210043024,7.90978035726074,8.583704258764376,9.626080983103176,8.581148770667479,8.534227306459583,9.746436140882878
74500.0,gromacs_replicate_1,62.614243,5.876088414390616,6.280188867449182,34.899986,6.071872337412543,5.644413799517894,13.1063,81.9629118577844,84.03150834370761,73.7561227192281,61.5651552525527,58.8448017933086,70.50753029285171,80.74639052327058,71.9244299143936,62.70669683900493,56.38943086586754,66.64459892272919,77.6950940855528,5.858353196637465,4.630734982851463,7.149032989451422,8.209166703470244,8.832568034597875,8.365642174322033,8.17908400214547,8.854749858248393,10.158678494161899,8.620070930984502,8.678486587186878,10.066145527033314
74600.0,gromacs_replicate_1,70.44315,5.7300179362483314,6.200689169838395,43.27736,6.409678309022747,5.940788762590237,3.2918854,74.3247029304344,77.08202429106929,65.75293948264688,53.42885631193249,49.221806963063536,62.806492155144944,71.93710552958542,64.15602975875221,54.859353136395,49.38740016406738,59.04701269889223,69.19391443007883,6.119873765643331,4.960637532947118,7.183278960023597,8.20872670013179,8.286968591690707,8.440615976804219,8.292678223056681,8.69290080823353,9.895703267564816,8.504329730694598,8.628370010188497,9.883779859472776
74700.0,gromacs_replicate_1,68.36439,6.189799554309025,6.5672030863570985,31.922134,6.426884513539578,5.998808557816855,7.4247894,88.7099649601391,87.64137865203661,81.9636831085768,72.08091719139836,66.71829568489349,77.30082478966861,75.95792307508344,68.41657497793014,60.3031996955866,52.642751525719035,61.688297403778094,72.96986968023415,5.736868803770507,4.551672533829681,6.841583289156519,7.579789712687003,8.384232797507934,8.695927737187159,8.775607273147521,8.897629872368494,10.515450195737147,9.00622438456243,8.586241160076229,9.959280254832507
74800.0,gromacs_replicate_1,75.47913,5.7448941038472485,6.031148286858701,38.76297,6.439902119501729,5.926244352454548,6.9171295,68.02433929879643,72.50389154488022,61.638543155624845,48.19012919383016,44.28178057910701,55.52051234970768,64.5366121033348,57.646767795418015,48.25166083625198,40.64658387258964,49.80930012173658,60.24162738661811,6.003979373079796,5.048760674612762,7.462958614268547,8.487940178671462,8.380054773719767,8.570330265957784,8.528428126606778,8.854373483196714,10.036661306743031,8.966532760017026,8.791456652832029,10.088589055290774
74900.0,gromacs_replicate_1,70.37176,6.262402526384487,6.531961398396659,30.560272,6.2360926226090205,5.741650870081458,3.4332352,83.30284102932538,82.53875958111064,86.51544914962666,77.02492880177691,75.4132148741858,86.77404547098388,65.00911011632867,55.57714794542125,47.483406264703035,42.3376313404656,54.61692517376373,63.73178095172372,6.066577690066066,4.6496898261133905,7.329420797252418,8.54679137940218,7.741550784476047,7.944307147346624,7.735731130058892,8.811754622322619,10.535242210703274,8.483810556666416,9.183667576848237,10.07852504044379
75000.0,gromacs_replicate_1,69.95665,5.805405679348151,6.155477351147334,30.200684,6.66815771973148,6.103389190880273,10.493874,85.9444082477819,84.12153474314793,70.17757564498991,59.775946908051196,61.97146852017785,76.16296784191056,58.81767658940617,50.05778351599002,42.03943412112006,37.02607191314665,48.02342273927087,58.14618195914313,5.783565772382177,4.70677390137434,6.905302242800878,8.25039844131349,8.709297325805913,8.299140435734545,8.372713679043029,9.11006566574866,10.114668445132164,9.182315071893136,8.600484238781052,10.141236143805086
75100.0,gromacs_replicate_1,65.55382,5.587338405169592,5.823406770695285,40.05475,6.179958053319163,5.646545125799952,1.0199203,66.16341642521358,68.88365073952819,57.02727509942484,42.69756227488328,40.976701848383286,53.87767130965054,68.12499066939401,60.61269891467502,52.408293923211914,44.4540203456056,54.15635655487592,64.10707548634282,6.045753868404926,4.839479366363159,7.0963543074419775,8.021870220832472,9.221805579634136,8.738520824878403,8.171080505405133,8.784844410789152,9.642427587955323,8.64901538049551,8.53968831755087,9.766169954535535
75200.0,gromacs_replicate_1,69.78605,5.245507085099224,5.734112863587469,49.380676,5.977767968480288,5.565083404988297,2.5554428,72.75909958969824,75.52292987483531,62.556216914787015,50.51889828430272,47.670937319349896,61.61938210620701,74.44643629299458,66.2873296355321,57.1065631449314,48.03771421017119,55.66297788208377,68.41858779546887,6.128574085816823,4.900884702347359,7.586325983586216,8.24238333289618,8.370223037613219,8.346312709630018,8.104647467993523,8.834120338187212,9.608331696503944,8.56379327477168,8.775581141624977,10.043886825109574
75300.0,gromacs_replicate_1,73.643715,5.6215974599659715,5.88701527639894,41.552963,6.216227854101885,5.703968560820691,5.7600174,68.2620904698884,71.41148998746466,59.80024862543181,46.20122048428798,44.31352039922267,56.96042610681264,63.30089428789675,55.25404500014832,46.961608879863554,39.9927894987463,49.70887039446436,61.056674759627164,5.95181398169163,4.9160239935630745,7.2954959748631545,8.267252390228409,8.56198177747689,8.157686330482907,8.180679723651751,8.91955675236169,10.038718633399764,8.43572526184408,8.587063925015169,9.759571343861573
75400.0,gromacs_replicate_1,67.501915,5.2868916850029715,5.6525154646719535,32.26986,6.218285779108673,5.767770781879177,3.7931442,80.50231814004124,84.47012541326839,73.03669036607475,58.00487687109951,54.65629196489639,67.78795807512772,69.85187640864302,61.575255069753545,52.060515310876745,44.949228823723665,54.69844572938452,65.93067346192419,6.1330100886550785,4.894471313350803,7.608418443921694,8.594375901785167,8.552330909082906,8.550235507501352,8.263804743644231,8.749293210698022,9.874851581295303,8.208186858366458,8.51489907950578,10.081382762520365
75500.0,gromacs_replicate_1,70.23495,5.894548614655058,6.087630325320039,31.87883,6.351294792247155,6.003938029951213,2.5991135,74.30083703304402,75.3795849651809,62.76884922832764,49.9183374346983,51.30104759893417,63.42302614576147,76.43013807366204,66.49963676078397,57.99059628977177,54.38858369634177,65.04275324265036,74.86369048639733,6.230965088336917,4.850451820857957,7.6420155275873185,8.548748899766576,8.276471599179917,8.224705601561173,7.978942580101643,8.920247061641016,9.92925468401413,8.5005238556921,8.826915203071296,10.47645519009183
75600.0,gromacs_replicate_1,69.2019,5.604751292647592,5.889799129701601,38.052273,6.6217897781100055,5.997284409909534,1.6223984,64.72434667107426,73.03218428319724,66.29469186535049,52.52237616784957,43.60927777182793,52.120465034688806,58.54647147067783,49.165065956383984,43.030130682981145,40.89073319948979,51.57648430521343,59.03522839351221,5.856845685123802,5.027701807430369,7.610323740281122,8.511334187428968,8.845025027479084,8.522099958424045,9.004790915036322,8.972627839478635,9.933638910094654,8.580366246901203,8.762377565751985,9.545081870100608
75700.0,gromacs_replicate_1,70.32792,5.895263177820471,6.354611467506296,39.051636,6.0571511775897795,5.541874210234722,1.3421097,84.05733151912082,84.16970695999343,71.87176459050836,61.50428143784608,61.37581536778657,74.20842079343082,68.09364291704195,57.45502582783861,49.66898200501507,46.85709875255242,59.03288890395356,68.1381454768101,5.9553717271173205,4.517460461463367,6.824768430097754,7.688044507043195,8.385673428947067,8.176579963528008,8.480965371218009,8.67133091038203,9.86720896086463,8.840702383529862,9.015575715666749,9.682841581821581
75800.0,gromacs_replicate_1,71.66782,5.910973415970003,6.328978862103972,46.334915,6.406705557607855,5.951529777163776,6.4208984,68.6800729820217,71.39216849453877,61.92503254076618,50.91425138213628,45.50196621432118,57.06753503386645,67.84670806334879,60.367212323450445,50.384691170076444,44.10554929989447,52.74760240354898,63.605756163369215,5.837019817585265,4.774660202393455,7.296779584933704,8.186343852247361,8.517246172106876,8.171091515992918,7.812644170867088,8.718864891319896,9.864050522975326,8.626249821059066,9.44388985762231,9.747248505764237
75900.0,gromacs_replicate_1,66.623726,5.377551426658027,5.769190763681129,33.490097,5.8269892241752155,5.3330861043882996,3.5609436,86.3109846925173,82.62485612961278,67.58578744292677,56.31611904238136,61.84926245196275,77.51010157623806,71.91001073832875,63.982899321404034,54.814981552298214,46.030965495166654,54.76070789871718,68.266053639177,6.1208718396330415,4.76548073346432,7.105755570370868,8.03519506980999,8.089308581827801,7.975339713119891,7.861238257847053,8.611655431174881,9.709297860677799,8.515905270952102,9.00132233855188,10.060205834993617
76000.0,gromacs_replicate_1,78.25349,5.485287136595084,5.8741536667217495,37.866074,6.408171100175931,5.947998369448234,9.95433,77.17480604443591,80.68969726677315,69.02274004942585,55.98875751751758,52.46433403845775,64.80462540109546,63.4232638144847,55.24736771772964,46.06828558193091,39.94009665514046,50.067863063094855,61.192497212968235,6.014202873455219,4.581452749373814,7.169833014694959,8.000409050391182,8.371294119994719,8.251420947263384,7.89829277972556,8.6724840255493,9.943613581852563,8.655959665731855,8.710304100567479,9.824620694136328
76100.0,gromacs_replicate_1,66.67898,5.60059321970198,6.051782940008231,47.793823,6.252628868193479,5.87367460888523,13.905464,69.77519650324166,73.2468182496183,63.113644188391646,50.77380231134416,45.117254238791595,58.54485228861032,82.10611108202343,73.48564749473573,65.44405548461218,57.85639640284143,66.51772324199533,78.16527070421316,5.452375252246228,4.43062282700101,6.912356475943951,8.236008999271485,8.56256005118956,8.220172112166294,8.244081417302688,9.127938604707714,10.001498203567047,8.446258505355477,8.458631386363123,9.630721285473072
76200.0,gromacs_replicate_1,66.135796,5.445282074704575,5.639366046246934,23.50209,6.150142548745608,5.609469765061174,7.6797256,81.7427175691196,83.37666906416669,69.16660499419555,55.208734472613145,57.25953049440288,71.17211519142965,70.73009184266485,61.64711576686706,54.80315323605482,48.590172644659184,58.22974448552932,68.72612432730749,6.303899430807831,4.730934016147378,7.159160887920868,8.060801913982214,8.834972352902513,8.505333157967065,8.350634926671203,8.776504165913629,9.985522477667573,8.292462138933269,8.488993473285145,10.051987754689131
76300.0,gromacs_replicate_1,65.62822,5.950286275366356,6.237891414722842,31.03077,6.6258937248562475,6.04751195026451,2.8896637,76.59908951264013,80.33958024655387,69.67714337972343,56.281643258687474,54.20223660836257,64.93209503163898,67.81661813311611,60.843587159574334,52.73107085937514,46.38429491597721,56.06492820903383,65.32809065701193,6.080723093908589,4.562184235620761,7.3162748888033935,8.331772351878026,8.584358050040354,8.20306125064967,8.690394252025104,8.865474333420858,9.821246960550372,9.108363794241598,8.636302499830496,10.321212058796533
76400.0,gromacs_replicate_1,63.70855,5.512789338149671,5.911444332712241,41.403564,6.599146118848429,5.970800191421078,2.2050095,75.22780527609245,76.47577714757487,64.08821339464646,52.30945429985828,49.46281792702534,63.44182251089704,59.4145180162664,51.174992609368374,44.607451630337614,38.83124695307471,48.598735862939286,57.673939569403586,5.487414685123654,4.535306156695171,6.626800927938092,7.6058580969294,8.288419375770117,8.067710880792697,8.060675843179602,8.925612618040777,9.814704010741696,8.679543176936962,8.502446146683285,10.12257571613472
76500.0,gromacs_replicate_1,67.87214,5.361974149763537,5.709048161372342,36.4521,6.565077796251266,6.023007619963695,1.2689819,78.73591088945638,75.77569230920761,60.81343256943252,49.899557176175556,54.38921434650865,69.26264305047286,68.99697760162417,60.21031691974155,51.82683112337206,47.69108314986551,58.93649872025651,68.49034630174864,5.699523230595957,4.512237501918341,7.014223470691383,8.090356471907898,8.199290571703871,8.345964389510762,8.109850730414236,8.821059267280864,10.005639300300409,8.635292427188475,8.795623007129386,9.921989286761672
76600.0,gromacs_replicate_1,65.61615,5.910828677183616,6.306943718933905,34.99655,6.659299277641099,6.056686403369805,5.8064346,76.18383405955962,82.74269768387785,75.25940752601474,63.20473418026659,55.66629947967956,63.54029496726773,59.74870551702498,52.69173692938965,43.82055981559049,39.00229124598191,48.9317830643914,58.290623560179796,5.941029428699877,4.722087603874416,7.068432392756353,7.9237995019673475,8.437171823058941,8.181203458879985,8.508089190824297,9.038630422221297,10.27890377359781,9.157404574908568,8.807727293197267,9.594019625858921
76700.0,gromacs_replicate_1,63.526016,5.582124974013452,5.962334439545766,51.328182,6.083262831551543,5.706856197866238,7.5956497,61.87396129324895,64.48648953280467,53.198914726589756,40.04129359162027,35.87637735533961,48.97512584550946,78.97931262977323,71.40084995671833,62.27458713028516,53.573038025221805,61.56934819196853,74.07710449995038,5.7964937614887,4.54340605905681,7.08562546814013,7.895225889725563,8.076692224286406,7.950486768628428,7.610483587368341,8.793451369389317,9.753232032090697,8.614765155931678,8.86741566092894,9.87943086416903
76800.0,gromacs_replicate_1,76.54191,5.471196083071604,5.820566831361342,38.112885,6.253311465673439,5.700176951679366,9.204041,75.58952058768914,76.80319113940487,63.92905131034479,50.89762633018971,50.862841182390746,64.43991408359037,56.15950485876797,46.51135937192425,39.30073214571529,37.55989218744381,49.935412351969795,57.579814819334395,5.850881214293085,4.82320854979938,7.033365330966151,7.960770678208879,9.174945194282424,8.552941005041445,8.535196828421013,8.422468642412829,9.660055105853525,9.069077900037335,8.438721299743346,9.514500310991938
76900.0,gromacs_replicate_1,66.93566,5.49629981083758,5.8222277249575045,42.903152,6.655953841391258,6.060055350715356,1.9575806,67.69285067192322,71.38746320744708,60.04216533134148,46.908245840652086,43.01204631825633,55.16324475742422,62.80542943949835,56.313477501037056,48.56415288075739,41.35806438563804,50.512803727562236,59.87588138996482,5.927071653614045,4.604940985289221,7.443494169577045,8.514070904989111,8.151164702182141,8.252852303226963,8.04620018973273,8.95635627266445,10.331349808963727,8.416584320497213,8.396015170549246,10.22233409222478
77000.0,gromacs_replicate_1,63.03389,5.58961583051393,5.966018787761963,38.929504,6.799531041991565,6.229690615909413,0.68460083,78.68649057971275,78.3203375603321,64.56158821795174,53.33482858673348,54.82358281240805,68.29759838566505,64.90864668157819,57.53057235708541,50.48825448470675,44.08021023803368,54.02085767472779,63.17992853029505,5.477890561915609,4.539671044231635,7.208200139218123,8.356717704055539,8.828213311060777,8.551370835019062,8.716526690604939,8.721897802414517,10.072732902510271,8.991415765539148,8.600050265185331,10.052452260659402
77100.0,gromacs_replicate_1,65.65466,5.6419586603161545,5.933653837828756,28.281754,6.039408132462982,5.64541225507435,12.353668,78.65625188510718,83.12160586285164,71.66246943503285,57.97901246020695,54.66809136680733,65.98839597553012,79.69188090347465,72.20483768351795,62.93495365439131,56.24262034496605,65.89689849432695,76.28824900210482,6.233743142468805,4.747444206442918,7.258227724158239,8.250316301664748,8.57785441062069,8.11578392652533,7.9131063564882735,8.640046381634603,9.910802067529001,8.41256465949387,8.842316334016903,9.863627442607779
77200.0,gromacs_replicate_1,57.2791,5.361513448179968,5.6989645727366005,29.986145,5.997326440244315,5.444169394959955,13.718483,84.21559268934233,85.79034718069505,72.8091203796845,59.81778018655482,57.95471624510453,71.84229439830699,74.36009054485821,65.53807023596241,59.52373893334759,51.36303211338512,60.00173617638247,70.91177908810651,6.06441278943361,4.9662276772626734,6.791739664229005,7.826201113845933,9.034990858493,8.09703003790195,7.95626568388532,8.55432776967024,9.465096870427837,8.762209281919663,8.501601824178415,9.66785350953027
77300.0,gromacs_replicate_1,67.913025,5.743616999889607,6.147914621626074,32.10396,6.528580619396706,5.947067599642328,0.25271606,89.7707910845717,88.42680039452853,75.67560632683266,64.74639129686908,64.67238722152977,78.9147895647338,62.053584585726895,53.88895822484209,46.23505265636178,42.53122444369524,53.76117152886408,62.07711875816563,5.5248461392642,4.49152580229283,6.7335305991307655,7.749771295766807,8.732479817283668,8.798007594497253,8.57892471480472,8.78204583923959,9.998017005298827,9.346499089948493,8.614020430083118,9.849452714721282
77400.0,gromacs_replicate_1,74.03369,6.076696712890285,6.457926008924991,39.289566,6.852875850144523,6.31040179401432,1.8529434,74.61250160103789,76.66024153506244,66.1456088400667,54.462111857376975,52.64186283541354,64.09768249785061,64.30834744036416,54.98489212139626,48.034372366837395,46.02959191713167,57.60852730636393,65.64132373233431,6.099100417103842,4.781065331027794,7.118974519256255,8.214138286625627,8.451847326132386,8.533758492055748,8.414445842685698,9.174163998306213,10.253121186885204,8.776998514023184,8.965906235081203,9.885613663085184
77500.0,gromacs_replicate_1,63.915085,5.688806798702665,6.0990561620246755,37.779076,6.421310298151593,5.9405343735887195,8.946381,77.0351839323111,81.00603269450272,71.83678626801274,59.66613549612783,53.406072268452654,64.92649741033453,75.6380424948998,69.61891353658488,60.743483948885824,52.813879847738,59.766208543789205,70.11676480507926,6.290527724659744,4.615930620670888,6.90778505150287,7.620318436207001,8.053010339431191,8.223074700246645,7.931159185549715,8.892314456860044,9.776742708075313,8.087569058030512,8.795647808550376,9.817159970066175
77600.0,gromacs_replicate_1,67.96651,5.290453749209097,5.603386548204881,33.14707,6.2660400975831605,5.787480509124851,0.8720169,79.04502549598037,81.22486770866975,67.21426293425313,53.074364887037156,52.935701709028514,67.70359386247111,69.31671993143388,60.415304419658725,52.84989931500113,45.95200862357482,55.789971997667955,66.84052534431407,6.404261521271708,5.1067521945844385,7.372077916619314,8.086249493346616,8.219223495134592,8.239308054813819,7.875802428879824,8.770293204631438,9.887033564890917,8.629181983899432,8.569550791387144,9.68014740329315
77700.0,gromacs_replicate_1,70.12418,5.800161965634147,6.200296886535601,45.31424,6.1361500983171995,5.69614137982987,8.577148,72.22992282190758,74.37781364011678,62.177738720884705,50.47061224452698,48.9560819409855,61.86944808252842,76.52132463181633,68.63623869330574,60.76893014410838,52.11348813415521,60.3394337677193,72.83292071343821,6.286899694918591,5.247977934149842,7.0591189268125065,8.084780973812016,8.426091345145105,8.079517219167172,7.660238972363413,8.92399466429039,9.989107213913234,8.48755685664634,8.597477204359182,10.325608477447453
77800.0,gromacs_replicate_1,63.01847,5.520176464975691,5.845082028712348,35.8665,6.1611425318057895,5.522796984919318,0.46142578,77.3329449380117,78.8172817754753,64.98694704383898,53.70377490062291,52.489773469258765,66.09811279866626,60.01390285872366,50.98987579514451,44.864589547198,39.201821020580645,50.202012823949794,59.687725581068065,5.962214487248759,4.854856662027302,7.29970142287487,7.98522627013641,8.367246217811104,8.08247793045902,7.598908343404449,8.812023991793478,9.901752306770092,8.57131144558644,8.676674276137959,9.882434237331964
77900.0,gromacs_replicate_1,69.57193,5.844952293155717,6.171395472560484,36.149246,6.31651989361298,5.895834464797092,4.6983795,75.37718994366378,78.33919175177053,66.91332192505752,54.29742047877764,51.62852948123311,64.04647004988394,75.77827909498575,65.77977820891616,58.4356508112433,51.70694435758284,61.000267744752776,71.84953017987722,6.016644780251922,4.587247520035351,7.017420412253018,7.9407991311456,8.47071255355893,8.066218361721086,7.563809994235141,8.60451461093789,10.345743010595106,8.57366223690452,8.75754150404407,9.961545247982382
78000.0,gromacs_replicate_1,61.620728,5.813003607067097,6.141044982795496,29.755947,6.109763088906291,5.674205830113271,7.6345215,79.35616751579194,84.31810919265246,72.88505487793309,60.11181854735195,55.843163779121014,67.11977521775724,76.83438580061197,66.59018426798677,59.11208021980676,52.761633407079806,63.52721240428823,74.61696419627773,6.116908399837736,5.047299770796154,7.043748702778318,8.240186850329955,8.513396059724528,8.480896885495438,8.135240948743114,8.961299962298385,10.2060584531231,8.55339412840303,8.855479943172632,10.254334045329154
78100.0,gromacs_replicate_1,67.79749,5.4729426506073295,5.825545526649128,37.57229,6.405373031424549,5.95132091708327,0.09122467,78.36292840867019,79.25339423155792,65.91683125798747,53.93904794162511,53.74018340109244,67.91687063744503,68.70486017445701,59.280504395295615,52.39920670176824,47.05025269484932,57.465973479671426,68.1254534473616,5.860959449221692,4.797932344196703,7.4099816874615465,8.49965688387449,8.151162354432529,8.431645076046468,8.040382326287263,9.12044958684084,10.320322544572965,8.643424413556163,8.835037703291249,9.962806804412091
78200.0,gromacs_replicate_1,71.04938,5.234914758106196,5.635700978505101,44.097702,6.490215024635136,5.937247428804751,8.592056,72.9045655086812,73.8087401084256,60.43800866388662,47.409416360439145,46.77213397451271,61.57001311812244,60.45512485053214,54.5745039142137,45.1883504587794,37.37855677999501,45.43650591992499,56.559493442583495,5.985688044468391,4.767906246831822,7.147448092908103,8.129464226170725,8.561888378652103,8.53575566432287,8.358581791613394,8.971165411913631,9.580246413422117,8.921010696285673,8.44517929486437,9.55778220709555
78300.0,gromacs_replicate_1,63.315117,5.756911752175928,6.048017638104222,34.927288,6.550265690718509,6.054094089684323,3.5654755,73.46429889937858,76.21379642751315,65.09670167109192,52.04576827283203,49.70975692818019,61.813332195503584,72.66833491778962,64.31962390046202,56.241158582595844,49.768854237589515,59.51908314563772,69.05457369392508,5.866165809876245,4.8596236050716,7.209075184972491,8.200301296294338,8.813139424820946,8.512815388299682,8.442347742153844,9.066241235555989,10.174244524745351,9.1544647106306,8.639814200913788,9.886029235021804
78400.0,gromacs_replicate_1,62.702507,5.782228016423461,6.127407605001999,26.682236,5.973461198970952,5.787888653105942,15.473976,89.78931377576667,89.51246059373612,77.31592246284005,65.80629150963647,66.3769903618213,80.11264317472013,89.20865382471682,81.66002313278727,71.5358114122327,63.40124460691464,71.27517957318454,83.63025522137677,6.31818407010367,4.655629128581686,6.926620056414004,7.4690603219520435,8.387293842921936,8.158493591564811,8.446253050284554,8.616833989694635,9.758002396563729,9.17724823548216,8.732593539234271,9.764027019113202
78500.0,gromacs_replicate_1,75.4784,6.241046590572879,6.640506632281149,36.310707,6.34577464518838,5.987835334779242,2.5204697,78.77696695366568,84.2151989996231,75.98114780576836,65.38432393793204,58.64907679852642,67.53457662736015,74.35662629821694,67.73367893060365,57.69037729939751,49.106935451077334,56.96106397989171,68.71819657395017,6.002173015317097,4.709891875532928,7.459715540899482,8.083532823221976,8.230639406518975,8.594846748850948,8.012374550058055,8.837550780054618,10.420106292697355,8.832182100421736,8.778953140842827,9.790505134598451
78600.0,gromacs_replicate_1,73.839424,5.906773582631882,6.295609453457289,31.903896,6.288822785632759,5.941626703165621,0.09410858,87.76549465517058,89.67617742721562,77.6908510741529,65.65715186852174,64.5900634071148,77.38134360141994,74.4800061235615,65.1703423320552,55.89347617312348,51.367721044075964,62.72049398497005,73.48060582607617,6.174850058636261,5.36215705601453,7.794692533042611,8.689981834624277,8.090769703618328,8.334183635229246,7.577865761921955,8.787733120888728,10.10605219687144,9.116481442592868,8.888435134309784,10.17237729105026
78700.0,gromacs_replicate_1,67.14003,5.39775729041862,5.816223356837213,42.9309,6.7096967812847135,6.105008052297203,8.312668,74.1635758834186,74.15845541088405,59.79862835457035,47.446024150684394,48.970654590142495,64.2195571310764,56.64096376159305,50.73923523182326,41.527471142447375,34.582289790318846,43.425361118973086,52.54182190963118,5.755689980041455,4.5098583742920315,6.891255882523578,8.100297620910409,8.463514904383372,8.463147317637864,8.823062692672714,9.039963862417594,9.751107115640414,8.941691259098997,8.991523441880709,9.78017173663691
78800.0,gromacs_replicate_1,67.70477,5.700074602506758,6.119823395850738,34.45201,6.646026525737769,6.375212296653394,8.080132,82.1559616863326,84.2398452477183,72.87677009545294,59.85364077146992,58.01649551480109,71.13673697418402,84.26132291200858,78.5142879056974,67.8338788993757,59.7390781094764,66.59144154887585,76.95402003877106,5.832925091898812,4.5317835248589,6.980418384404828,8.209606636603695,7.877523019656241,8.333350961096682,8.238766132227106,9.064276679831686,10.333986109847734,8.515511964315657,8.970821997551385,9.93417640701055
78900.0,gromacs_replicate_1,61.791428,6.102149155720801,6.5548736127084934,45.380905,6.400318477618276,5.798122756017436,8.820145,72.75902340186033,76.2718790460648,66.86640310007601,56.41852904695363,50.95344568731146,61.872023087725005,60.001724609575156,55.81958843960814,46.05673526489862,36.52690329139635,44.04391168965958,55.667180445177216,5.656381490322792,4.707292219640609,7.402221744377633,8.477038557337309,7.417696746327119,7.897539411531566,7.693452893361673,9.403288039941403,9.908616040416717,8.478181763296949,9.103085957328755,9.618566744187758
79000.0,gromacs_replicate_1,76.20883,5.892472494276063,6.386811603867347,52.976852,6.167612109127588,5.7490354675480635,0.45508575,67.52640126712556,71.06424147051679,61.5073896698221,50.831415268472014,44.93405171211467,56.414508698494735,73.6110947612961,65.5064769246163,56.27199874282859,47.78530554537271,56.123383657195596,68.23244353987876,5.448932076177887,4.613116543822346,7.099654711587851,8.015530837118284,8.062639248599835,8.5981873736858,8.19098003148256,8.836747173063483,10.075823448839992,8.365348122856524,8.613816779586198,9.641047361278144
79100.0,gromacs_replicate_1,71.848274,6.176003661582009,6.562524665169782,37.50132,6.253028615891634,5.9991764352116075,1.8239212,76.77115322555994,80.12867301123256,70.55318443913238,58.733354983418046,55.16437093607605,65.49208137606537,79.09913429500538,70.87964834468136,60.54788910906139,53.85030294971081,64.49318775586308,76.16190267858674,5.684996354405204,4.87574106771457,6.9485898148202105,7.947977948473446,8.36050705822856,8.341675115577521,8.481743027921485,9.073214357781989,9.747998820499697,9.217316833218488,9.102231153424285,9.789469373515693
79200.0,gromacs_replicate_1,73.72107,6.248020473837787,6.698912348038662,41.59561,6.09795493829385,5.862523120931081,7.581711,76.76641326539877,81.37419250100673,72.18448822533577,61.40919559196572,55.890628494547826,66.68348780470913,75.69065991101704,69.41373710017024,58.2045646626834,48.50311179222527,56.17887151967069,68.84425330657925,5.571222549218918,4.431049980660351,6.875898143859671,8.036422061525503,7.945407053837351,8.11269578042177,7.687071753526652,8.709599288265094,9.582315205875512,8.792491913872299,8.710966496534823,9.959721309924136
79300.0,gromacs_replicate_1,69.15962,5.505709011007202,5.949977922188858,40.829693,5.914860326417267,5.543512344450958,9.753067,76.90315430733301,81.72215275785705,70.05595758090409,57.91833984984426,52.50839788067383,65.20905921409381,66.83847746828387,58.854573704082206,49.07370579919171,40.30452583874798,50.22004778898164,62.326859645149746,6.136581378693862,4.773308390963103,6.977465912486039,7.784010879773304,7.485375974745764,8.087357781549647,7.420765750610122,8.750746672074461,9.597816165497498,8.638003592005434,8.735941993689835,10.220146023745926
79400.0,gromacs_replicate_1,64.56637,6.048272767139579,6.4220786393895795,32.778637,6.226098141573925,5.826088505212992,6.4398727,82.93525705177898,86.11627596585065,75.97517179571612,64.92022399566838,60.12899357617729,71.23076940539379,69.8986179468953,64.75958423654487,54.68099742423853,45.069395392265164,51.2954392253537,63.10451742846212,6.2048177606035795,4.814058836739371,7.273910897266798,8.344028933112387,7.014364729098463,7.86523310311466,7.507554140393004,8.804435088247846,9.936403086659746,8.771013944053003,9.525161167930452,10.114170150370837
79500.0,gromacs_replicate_1,60.00618,5.807872625670836,6.174175222960522,30.030655,6.343479860581883,6.093180705281813,16.687714,82.54382191122411,87.10648210372005,75.61918175938871,63.28779632968783,58.587776055413485,70.09834516164534,85.91611861965575,81.64429721196643,72.03550715743333,62.365543895288916,68.1722171215479,78.91791796632506,6.0955565628384925,4.704003355166265,7.058040337869677,7.711204051045516,7.3323675411210365,8.127784692183594,7.866246474916779,9.391750156846522,9.923748872783072,8.687103066280372,9.29502850039641,9.889183595262962
79600.0,gromacs_replicate_1,70.015045,5.976512139502631,6.3981753495438705,42.82405,6.044027776224571,5.684077583875606,7.231102,70.86695523279731,76.17734496509864,68.1967350448496,55.92072490429549,48.87674931802489,59.19940945307617,70.2901528801749,64.78541208058252,54.201242604041376,44.32433686497272,51.81748616656904,64.09244532930616,6.18268900966668,4.787527003572361,6.8407102104108946,7.697558615946043,7.759363854928805,8.20573055962572,7.6383671017757,8.7167954579333,9.97404072884313,8.80310707810206,9.597017386187446,9.818052600526851
79700.0,gromacs_replicate_1,70.68095,5.87325606023733,6.236661035422409,33.543686,6.09750165056492,5.735742309684199,1.052063,89.32755835392447,87.38218382086151,81.92482552300338,72.21394094447804,67.49139161770543,79.30158008256493,75.16890361460966,66.55571204351754,56.327615091419936,49.26609113719551,59.453612242785844,71.00049813949973,5.825642957393957,4.5270630795047,7.153826790884579,7.839270638799226,7.646158127063092,8.079231579645008,7.344323142441166,8.696967833663207,10.329029526459925,8.648737131562767,9.172286419463212,9.788930825601161
79800.0,gromacs_replicate_1,74.21543,5.6492503305498145,6.050454020406722,39.421234,5.513946294894691,5.332785025756794,2.530365,77.54506271617807,82.50780794556024,73.26577271161048,60.490896334106964,54.86088795619675,66.41681270412431,84.71376378388693,75.72001731205663,64.09325953095808,55.94704250613616,66.20541084889506,80.53040635585114,6.216702602285146,5.147805717102243,7.342439900453201,8.24038493279226,7.704793153397881,7.896115950980222,7.2055618937843695,8.534680510603225,10.00562376402827,8.611297503167963,8.796091092393617,10.101991446218305
79900.0,gromacs_replicate_1,67.154205,5.8076995293649345,6.352500865471736,49.322903,6.581891530809416,6.155792459793822,2.2237244,80.40319408887962,81.91961565456971,70.48134538616868,62.10370859907195,57.71938766289985,70.83698068028073,71.25995307102258,63.826247268068784,54.66295010996263,46.64200225115772,54.364728459951216,66.9990789661503,5.615464880956213,4.481688527745357,6.8386152004354885,7.8666947774331435,7.953719498396806,8.083366397792773,7.338329099145771,8.744096791592238,9.937893743160075,8.903625233433985,8.851756032237185,10.199756603078992
80000.0,gromacs_replicate_1,63.922974,5.1628533380042425,5.616395064052538,41.817577,6.304259667426069,5.703919019811666,13.524193,76.53212475428369,78.09705766505522,64.73938082107607,50.699014872962714,49.591514324151106,64.58430758504464,51.19922217002365,40.177749250559046,33.798803718533925,33.635484995210746,46.70128398193163,53.741382666666325,6.086074621263748,4.827420237390994,6.939526808769463,7.911941401549057,8.679342454074527,8.545380112452664,8.537321453986234,8.944503627927737,9.621472848231727,8.870686691187792,9.025912351678864,9.861141265858251
80100.0,gromacs_replicate_1,72.90619,6.070152424409396,6.446499389439227,32.907906,6.233543559504856,5.992996777418848,4.1419296,80.4587944015142,84.52535787758625,73.88620200652542,62.358621876051515,57.802815023870274,69.47609610057253,83.0138150600471,74.94625669640992,64.2207217068303,57.12234427905311,66.57977582490427,79.0992728839226,5.750424491214498,4.794089023673956,7.272432673198517,8.193528263809498,7.491430120951454,8.296948393069114,7.849289710692622,8.81214928255444,10.12562060135968,9.031428059081717,9.26400620952328,9.787791541233252
80200.0,gromacs_replicate_1,68.82118,5.287826563626659,5.68094457070215,42.11535,5.951224510807665,5.4753079169691325,4.8418274,75.31505480303572,75.7354736658983,61.19055252917265,49.3474984678891,49.80341891149426,64.4748894761005,66.8130527150485,60.432102365013606,50.43468220682413,41.45569466493703,49.35280955638575,61.1657740279318,6.4600341314796,4.842036136074617,7.157538847094821,7.958438884133469,8.110986875761832,7.916775568579351,7.558004669806834,9.05362454999317,9.302114817856383,8.561902328068856,8.957944997071204,10.202114295472239
80300.0,gromacs_replicate_1,70.58834,5.3864012222828395,5.56801265521747,24.514122,6.4889179957065855,5.903788038980234,1.7593536,73.38937975512226,80.51872467684046,70.1456715579775,54.63121527315848,49.91606517851773,59.72254186756782,61.73465035893088,52.87467089552086,46.201845454345104,42.93470541727612,54.57481613812629,63.35142983341218,6.081866974401784,4.64858996734621,6.876543072769637,8.076653619700606,8.675102514283441,8.570006090950193,8.525862907950202,8.806340623159784,10.21625861264282,8.382537286487684,8.53802945913817,9.748180751300476
80400.0,gromacs_replicate_1,67.29296,5.649062519278278,6.10275898469744,40.037796,6.389328872458813,6.018742771617221,1.0175476,80.16751411801705,84.80314858906883,74.86454837198986,63.94833851863688,56.99563951986286,68.26432198826357,75.33377807757489,70.03051128101393,59.70188694477961,51.0681026356102,58.02067442808781,69.44740758686967,5.980165312439612,4.444028416931979,7.288454257110781,7.880260955740082,7.035403125458069,8.458663353065118,8.151540945834034,9.134637806458274,9.869603496946182,8.403792446575194,8.938981024232497,10.043686555029005
80500.0,gromacs_replicate_1,69.53791,5.726600961950315,6.069427501235358,26.763542,6.161227098091867,5.792562247997469,7.0437927,87.34041588547883,84.50585256491476,83.0951956137939,71.95950733980496,68.27422616817509,81.00588765318761,78.5547689122463,70.26811315871133,62.39117788481741,54.02051977180315,62.09874149440398,74.81134670512124,5.797422458349334,4.798438991342576,7.776279704254531,8.404955152030421,7.693474476793227,8.502920010884381,8.280931354622714,8.943120052110782,10.425271793805285,8.78736258378758,8.845203641189794,10.66777258855554
80600.0,gromacs_replicate_1,74.70301,5.710320413416662,6.1016515343403,32.967316,5.993037221694123,5.624217676127945,0.1505661,87.78350275284338,89.52505747317693,77.59147158748563,66.43498698906735,64.08737929300023,77.42140985277317,75.75062324987339,67.80541961813314,57.78001696437901,49.579520104743736,58.70499998892999,71.12438262788912,6.099833142288273,4.7870091996230215,7.060425662739709,7.9577520933082875,7.767325967634054,8.177508708005492,7.916175216586321,9.064265658666475,9.756734243494709,8.78262896482068,8.310563262694293,9.538071735934992
80700.0,gromacs_replicate_1,76.81325,6.047007968339296,6.557101081174833,45.942135,6.1763168518712215,5.780445972381196,7.1615067,83.09192495826876,84.42437809265125,74.52990764637687,64.38877036765759,62.033515844693866,73.92817604043066,69.17123043419599,61.488899739311925,50.830215116242385,43.355488789252384,52.16925342468535,64.47970340857594,6.0518269749465565,4.8547270377369935,6.841932021617683,8.044271307147232,7.679937890162636,8.397629891706016,7.7960169429103185,8.668394906665789,9.82101743301493,8.592684200620338,9.186372770720194,10.124931689906381
80800.0,gromacs_replicate_1,75.45214,5.992827983364764,6.506311449524936,50.18066,6.197565960938509,5.753063901480464,8.956795,75.89458313188081,77.53110341441484,66.05034525434365,56.70863324596594,54.19699203488434,66.03735407492815,63.44426354945577,55.53370499750913,47.09539561800505,38.74448480113962,47.33847309761042,59.69818203350137,5.903385760801909,4.7943470888898645,6.646688297798575,7.800784420075232,7.847830771365992,8.423774497908502,7.637598787690344,8.700944000377573,10.17660649055898,9.181539196327389,9.048825888216669,9.788221299957158
80900.0,gromacs_replicate_1,75.0933,6.3574060232132465,6.7816348197214085,38.903122,6.149033604017668,5.8361662368460925,8.76445,78.70351182088476,82.92806962557863,72.41274676561308,62.3325837904531,57.78059251024116,68.12353800987006,71.07036843373602,63.996319987190816,53.81669715655299,44.62764061924962,53.08331251331932,65.27861615789007,5.7149403389641975,4.590874565186771,7.028878506994759,8.034085503303908,7.8624502031096535,8.610250142671756,8.007582692260703,8.939459003898387,10.304244191255746,9.159177161769867,9.098762417155674,9.76218370631822
81000.0,gromacs_replicate_1,64.80213,5.506685427342971,5.7877767810581515,28.514236,6.375799830083197,5.911935214581234,6.8838882,83.85763076964062,81.76272906765465,67.47926500434856,56.04791535100249,58.95798966011305,72.98029447904666,76.9912127371731,70.75375182659621,62.26635651472177,53.14364567788237,58.69118726728324,70.39967504092975,6.073268661317073,4.887130265542787,7.3985894549195095,8.233589475405054,8.092606056670203,8.686385322164147,8.456205244319625,8.784166677087347,9.711496192177218,8.85425817466883,8.60208878892417,9.357727369073453
81100.0,gromacs_replicate_1,73.09223,5.635638989582258,6.088213658107117,39.03189,6.120484793295773,5.629042010258798,1.8024902,84.05379257288668,85.27843336719698,73.7075897177104,61.9723688358487,60.972258653748675,73.99225125861474,68.52712141472428,60.81611719522719,51.31267037993038,43.280350399700524,52.89027603609213,62.606727205302406,5.976464239526291,4.705083845929192,7.15861441588834,8.006474728651064,7.578408073376043,8.3759613977679,8.260889292942743,9.047731170423708,9.650715220793426,9.195700396683707,8.926124709711262,9.604866033518476
81200.0,gromacs_replicate_1,66.281746,5.48594947683197,5.864879249556315,38.872086,6.3550178347107025,5.678548329359477,4.7287903,74.31891424949346,76.97587156334386,64.47312815667334,50.55864711853349,49.86779131372969,63.287789482544575,56.45880451871506,48.939192200228504,40.81134931237271,34.66581734240096,45.69894695096081,53.51995437548718,6.1536361547329275,4.852912126639269,6.837001404527971,7.7840988430115665,8.061124139303812,8.258399594958275,8.026555758235535,8.820867939161221,10.06780307030601,8.88342917097301,8.675986292401884,9.871961343642653
81300.0,gromacs_replicate_1,65.62048,5.918739398772459,6.263568021002662,31.37468,6.506681103723468,5.9022035400603,3.52977,84.06036063303401,84.58504567484782,71.8104214621769,61.420708233246636,59.97026826457615,73.21933033679028,63.35154326846011,54.90206468185262,49.15420600131194,44.27945272535303,54.5522991088898,63.76022781325691,5.683401586940523,4.666403245221578,7.066266456974055,7.920572074284563,8.347155936747727,8.578746823919928,8.459251696367911,8.786894842799038,9.606119748003128,9.31886532938027,8.72701438099872,9.659066079925465
81400.0,gromacs_replicate_1,71.31391,5.026941653065543,5.3814937179009394,38.198547,6.360595446116491,5.8630822682105475,12.073441,69.38994743804035,76.70429619767036,66.67415029127969,50.96915415787321,43.53644507954809,55.5265154554237,58.80776102565131,53.02608114464718,42.63027184304971,35.147583397269734,43.256454805787556,54.48551094312858,6.09358900942463,4.5572287964211835,7.307566963454659,8.493869990341457,8.338936534286633,8.370350782961065,8.46230542438798,9.289173243111552,9.803880780978218,8.604855427711348,8.23593900235118,10.065563076914211
81500.0,gromacs_replicate_1,61.37652,5.863340770631906,6.320115057813742,43.694656,6.929599993199516,6.456684645186421,5.8148727,76.45813919097951,77.36724026814474,65.91707780010105,55.78598071793904,52.12299524373939,65.057836884145,73.66905606596337,67.86924824372959,59.19642138106625,51.09959323267788,57.04073410012159,67.61222336180445,5.610737717821448,4.321861275351393,6.989136527773218,7.98305008227984,8.777684389775109,8.53450656158281,8.963336950572513,9.165327121384067,10.441528678111808,9.308695731028267,8.924089841897521,9.706196165304387
81600.0,gromacs_replicate_1,74.45337,5.7084689506755035,6.127092120094792,43.203888,6.275087569735476,5.898209556081134,9.832481,73.33543347833529,75.32127500467638,62.82345507454651,50.85443087945415,49.61522686516928,63.02422219124256,66.96538180356845,58.65602037253795,48.36119726018431,42.5567885225083,53.16807654820265,63.742772946642944,6.108218105258136,4.406514443586388,6.994507726937823,7.8448248178414905,8.60892905698848,8.456058132088682,8.736114006620836,8.382597565108272,9.736534691717054,9.031392102641044,8.840373043030729,9.971960046659149
81700.0,gromacs_replicate_1,66.474396,5.3913746836814225,5.755769870611653,31.505928,6.5413484455156405,6.07049886463573,0.7603607,84.45247259227054,84.51311724713783,70.10258259364063,57.60650464458874,58.17848685824333,73.27410536325358,68.97881714551937,62.55423308532104,54.04025841550253,45.14997880207867,50.998292943074915,62.55898383988381,5.811952032649876,4.761581709681733,7.1459148775188766,8.195716850009644,8.63138689019088,8.321398875096456,8.809521519536295,9.084563530443384,10.06223769158806,9.224888315887982,8.580661142218826,9.610428006507163
81800.0,gromacs_replicate_1,71.346375,5.4611992305112365,5.950607908841345,45.678696,6.280738494615696,5.748618079448253,1.5827484,73.57826084720668,78.05073116719217,68.25357650536434,56.47009764982877,49.48816713315627,61.490759898619764,69.17870487060688,63.529176855537024,53.91867056032855,45.290270474746805,52.55094195679609,63.1350108508039,5.858929975657458,4.907789204180589,7.064668762610305,8.149394132591706,8.454099042372752,9.032296540684197,9.557198860589471,9.070405144749579,9.78749670630332,9.316849598478209,8.855729946801086,9.701212566364672
81900.0,gromacs_replicate_1,66.43116,5.917604840641695,6.037184430760896,15.212723,6.5005935311909955,5.965826801531892,2.5417557,78.42445558848804,85.6588577592352,76.80677325173298,62.451382100970505,57.069519278076086,65.4323687223426,63.91024195830112,52.86324058912155,47.31688418747937,44.14671881063678,55.716497711338,64.55952252891365,5.942664054939809,5.009737019722315,7.927550334033642,8.565985786186998,8.243942465411456,8.37667811629188,8.733403481132713,8.768340996153457,10.503333361703545,9.367335842150304,8.820646545707309,10.090959625833355
82000.0,gromacs_replicate_1,70.403435,5.751980003145709,6.169004420020492,42.135315,6.082304081111051,5.758636368264045,3.8126984,76.6049812377582,80.21945596282228,67.953031981724,56.066669979556444,53.46411229742059,66.35346776632906,76.68729916191728,67.63590886030465,59.69157295662086,51.9877606380339,60.919103931442514,72.41282620062191,5.888169372143911,4.6583376118553685,6.746434896742808,7.815961297827067,7.782196455820168,8.312373214408144,8.521598561958971,8.932749092990568,9.641756699563489,9.050985316708408,8.617957958855632,9.827252161382917
82100.0,gromacs_replicate_1,71.79223,5.541860437915681,5.9823572379891115,44.843597,6.369503566449229,5.719614787712301,8.47171,71.42898810600109,74.73154331216556,62.89489523094716,49.723057375642064,46.68385193536756,59.97452431913804,56.729147960965726,51.45187009792843,41.99102586379514,32.80022145445629,40.47741301187748,51.06363275455969,6.06463218487108,5.047217878649244,7.3312899491080765,8.384594183641024,8.716579260254365,8.631334772350675,9.427868270062028,9.085429750038854,9.930045125661168,8.618787484535522,8.495682845199012,9.379032711177912
82200.0,gromacs_replicate_1,74.05068,5.3339462779087565,5.592179398405014,29.060287,6.992749318120673,6.314536083090421,2.2362518,76.90727272946027,80.36584586185992,68.91474085078046,55.154945745431775,51.1934819115267,63.53975276391148,58.424079187952806,51.235206175839714,44.15832974563125,39.78173489482632,50.28458239944012,58.176908391826125,5.321984505717878,4.889103562797427,7.289148521935776,8.54520356277384,9.095146884781176,9.237983756406674,9.541411713930746,9.409912693361138,10.17649562527013,8.878445285504037,8.421565198515037,9.75022136006489
82300.0,gromacs_replicate_1,74.44887,5.206877912258795,5.6194194479678865,44.873352,6.099700179190848,5.575437262405804,13.909119,72.08466485894311,73.3858724280756,59.01785250938316,45.01883201115813,45.94325536161864,61.06610849745515,55.24535335788602,48.03635958254383,38.25549040243188,30.742819796121232,40.48310565477314,50.98160764356509,6.3257385533135135,4.727145248838649,6.644275557776371,7.449831497943268,8.740216147630171,8.559240099439679,8.953004251825465,8.720663387936598,9.960309198933967,8.789327421918404,8.731246113615823,9.74198982554113
82400.0,gromacs_replicate_1,67.233086,5.782857030091109,6.197167641879518,39.36528,6.770030432153123,6.129592244724777,0.56716156,79.82668042682813,80.0324972440297,68.42737615207922,57.855834472019176,55.10528618429425,68.93943073016526,61.17789033391779,53.435366235067,46.80138507055143,41.57042823320458,51.666800806823744,60.47496732052638,5.517012427397843,4.5057464088499115,6.745675282847471,7.833711630515671,8.701543769702472,8.56108292491008,9.104773417763676,8.940810383707865,10.203730097280673,9.080722378954139,8.897980124147692,9.573343949414882
82500.0,gromacs_replicate_1,69.95156,5.581255703342207,5.960433421366214,32.84851,6.018677651110458,5.642986496374137,5.084488,85.80055783197062,86.91946712987473,73.59150711343877,62.660050483718464,61.90040260556521,76.21086057243993,76.40701170996661,69.75124042275888,61.36966403113474,52.02645186904334,57.28243563081172,69.95230341319196,6.199192599373069,4.956854986799329,7.089283078448044,7.977517573129366,8.444198568574445,8.33038118427027,8.634037452897418,8.762317521252758,9.422205087164246,9.340228873262529,8.624784621242581,9.583862367826521
82600.0,gromacs_replicate_1,73.38859,6.248314450212431,6.739638402471844,46.773605,6.503031946548953,6.090678891565661,1.7067108,75.42272453962555,78.1936731228585,68.12889428884277,58.334610475320126,54.29074361571167,65.08889297237374,71.27105499545594,67.0158412441264,57.311023226726704,48.027416928782024,52.787410935715776,64.75957867753921,5.875801225742085,4.521303745348954,6.9213157522260715,7.972664744843483,8.262813122855677,8.546106285657869,8.77804060307717,8.863232868168005,9.868784102894487,9.151281226896655,8.581474581621036,9.83876699845335
82700.0,gromacs_replicate_1,69.26739,5.315604585585282,5.761325834375243,45.503082,6.678212773734941,5.999663710911074,2.9187317,71.0317412851794,74.61888973416583,63.757922077601584,51.11685828633942,45.472526743094235,58.08729421637287,57.48119371916935,49.33788075384051,42.36899814710274,37.87941853322492,48.65246647375741,56.33368841914002,5.693350886608212,4.845701899272541,7.03016096764747,8.034710283242285,8.388616196340987,8.679233180906568,8.978140306211719,9.079946747953025,9.940443423345176,9.182719463751653,8.962110677323063,9.366110437236602
82800.0,gromacs_replicate_1,65.05509,5.450738731006714,5.821197793514813,36.961514,6.510451711142863,5.889295038764485,1.2338867,74.94938594727488,80.15199316726769,69.51774731077626,57.18477145520985,50.61056183086369,61.89295113259004,62.35950397316567,56.9032535191216,48.4911169233109,40.22529753494282,47.21347814725946,57.799961539486745,5.992521785628208,4.9976133361452195,7.366792978794877,8.372422802110751,8.39490168399206,8.446115312646347,9.02237767659421,9.450661756984992,10.019569047648321,9.044893207006853,8.38032999194101,9.600807147364442
82900.0,gromacs_replicate_1,64.37601,5.521972355371337,5.946964315505722,38.381683,6.312972191052591,5.732630443231896,11.330589,77.04811291770332,80.08878700511097,68.73962119228655,55.785734264116265,51.829585399241516,64.50808640313592,49.587833892781404,38.02240771324918,34.7712238454359,38.31387920102528,50.807890854443556,55.67075779445036,5.795828206203176,4.59014199749878,7.403179540564758,8.372184082490634,8.305958684338982,8.275473065433749,8.989682297570972,9.266495321266511,9.70970835656881,8.46093511225047,8.807989462305207,9.549426602706042
83000.0,gromacs_replicate_1,69.483215,5.390129163394547,5.749517732474886,35.141174,6.923856881116563,6.22874623106758,9.721092,77.80128695153716,80.3666020852428,67.71931171991257,55.51602504370699,51.67925439242397,65.15208843135093,52.5452947464107,47.17919607366769,39.166361521103944,31.929058856850116,40.42553104273636,49.1187074718348,5.692765758087547,4.905195405202843,7.373152965070347,7.9506607409022605,8.396987158180753,8.667161929409783,9.199099198953547,9.0338817678717,9.833749147805468,9.02950535654927,8.285639582651568,9.137066410822165
83100.0,gromacs_replicate_1,65.50766,5.184136229315117,5.368006151429622,32.542084,6.78909097424351,6.032976943772406,7.2857437,67.81141557836838,72.87349689315394,61.3264510916065,44.95476522479167,42.332780297213006,53.845875211728945,49.22909445797029,39.8164902013519,34.465096756727874,34.02213482832632,45.18778621185733,50.9054404630893,5.722918928194373,4.711999579322803,7.371785273002397,8.524052547860991,8.878475738532845,8.708968058161428,9.14019358067759,8.899169703640762,9.72775113417638,8.871456077755008,8.597595372433608,9.676602678866312
83200.0,gromacs_replicate_1,72.08308,5.596411834304253,5.958521308222944,34.32206,6.437747834849791,5.886394771574015,14.129265,73.3415781131873,80.46843422583007,72.23323722911974,58.876176360892316,51.2520342345848,60.15716260846744,56.60257592423234,51.63086269760042,41.78208299142667,32.58383142954787,40.21011362123313,50.17756403273301,6.014379916504008,4.792711955494815,7.0315559363305615,8.035866397921001,8.402781486131229,8.524845980611492,8.96617479866326,9.304300260488583,9.980003433882464,8.768471298601028,8.960875654098144,10.151576293889994
83300.0,gromacs_replicate_1,75.42373,5.934096512174059,6.412566238195478,42.153732,6.663619462456452,6.150961720964913,2.6505966,80.27179854352455,85.50562931264689,75.99626393893942,66.26520290420243,58.851181412289606,68.6020744211126,62.73077547483253,52.2737325226796,46.7796432406634,43.211330004819594,53.678833522875614,62.42740771489988,5.753482800449801,4.498392481290699,7.126887253423039,8.140653152436526,8.371680760113714,8.61350698067599,9.260724326888587,9.258566418655967,10.063434477351015,8.873421733225804,8.949483944119489,9.29764474181755
83400.0,gromacs_replicate_1,74.3631,6.223637829815233,6.62418426611294,42.969875,5.983311890576298,5.495461790239803,2.982544,73.16259676958173,76.47344645016724,65.60847075973007,53.39551192949919,51.848836823907675,63.02722620452242,61.35119428698456,49.390041770719854,44.45297598680302,43.85326285067042,57.631756592214906,64.95708396555638,6.207993742495194,4.860636329504191,7.028797279149604,8.388261305448099,8.620423778162118,8.564354425295354,8.608587210222254,8.774989688968963,9.891152410993927,8.61026305054765,8.812892129908787,10.058974223755413
83500.0,gromacs_replicate_1,72.12528,6.369238075491744,6.634195748322833,32.525185,6.635345076323795,6.091358116122293,11.60968,76.84680363469477,79.85822531918934,69.41352214818195,57.215291929735045,55.153270257433014,66.2756553185482,56.279527374421576,46.95329783333496,40.50037131251719,34.38167158819752,44.27964336682244,54.14608351586037,6.035554525860812,5.144704852592903,7.599746726098679,8.442673371384265,8.74804912135557,8.717307515704674,9.099367884566929,9.171689023803593,10.101394260446554,9.348101258745455,8.634592563643421,9.211520267837246
83600.0,gromacs_replicate_1,69.70382,5.479016437564409,5.951147030356323,42.00793,6.053996445295511,5.506448241570772,0.55729675,76.27864964224,81.70415936729374,71.38933516160598,59.42382145703175,52.59347519895403,64.35193821423749,64.44151877051989,54.9709539965851,47.143474535910634,43.28927630861769,54.863882694471876,64.10786578989098,5.969732073092847,4.687830237092065,7.014313021376753,7.956578021107392,7.909782844604099,8.507136857903461,8.710310265442558,9.001860846607137,9.906967691761327,8.809997609387187,9.341517642294745,9.926301639664578
83700.0,gromacs_replicate_1,60.155884,5.77733718573314,6.045527479155342,16.889374,6.758852526768056,6.002194744756862,10.536133,87.70998083591641,86.78115397741395,83.24280539349408,69.81875289535688,64.27802244732628,74.44287101237099,66.31167338967587,60.14712922143623,52.660937457238674,46.596725010902205,54.85391766102313,62.260950145198414,5.921855677647926,4.347351823186783,7.0984863015092605,7.843277028103338,8.546922366467603,8.338893481714399,8.990338926102156,9.086851283596499,9.899876889057277,9.042444662723344,8.980791568195405,9.599067602018758
83800.0,gromacs_replicate_1,72.349785,5.475939102422208,5.8369306848197455,45.53961,6.19263205059053,5.6648624120878805,6.4936905,65.52723142070516,72.15458039533401,62.856211669802136,50.342915649861546,42.0238024421307,52.946822509100016,61.33022466110322,52.879801569408,45.21353809199686,38.33189225518354,48.18004181878942,59.65703965537839,5.927653442458877,4.630208888936893,7.566653768874491,8.420154191365535,8.19900927518745,8.47307108069805,8.659426632644951,8.944491091023412,9.526664033902568,8.681367423482584,8.73705250217439,9.565455076598377
83900.0,gromacs_replicate_1,65.68067,5.272741870353174,5.66689581675957,35.58114,6.143160994239409,5.568763850712795,1.8388062,80.50229969761708,85.27090697026216,73.0422747610892,59.462667818111655,54.96636847767839,68.02798436345171,60.94012150129954,53.493529820023696,46.82959314341462,38.28091119648224,46.045321270217514,56.8959075247183,5.963270430184453,4.800212359078367,7.216057779419107,8.285480761712433,8.353642906229211,8.566564464759951,8.652416840465484,8.780712720829953,9.86673103996549,8.582731397569734,8.61111566163049,9.530024053826766
84000.0,gromacs_replicate_1,72.99685,5.584652271191489,6.008876050181611,40.776367,6.399352752660766,5.7807384169388625,10.238754,71.67622839132424,78.18128574108013,69.63528125235361,57.41206644277244,48.35639958271315,59.11091450792465,57.01887646214607,51.44751033039882,42.13244078969776,33.70605784746278,41.359821367733616,52.62860721988171,5.995652961703325,4.73764628959977,7.349599010794216,8.010936871782391,8.199543630263667,8.373711945568594,8.599016101321075,8.945745906525309,10.16002012831483,8.905601706731767,8.95378208216034,9.523574659140031
84100.0,gromacs_replicate_1,70.14034,5.386548990033122,5.799718454919252,33.85412,5.64020707669108,5.307354354934108,2.7273636,85.27237271640686,86.44600494346494,71.94706699077508,59.90112931299161,59.48271376456389,74.42217973588527,78.89932885264403,72.26523334444119,61.05694496790913,51.12584359301216,58.191783977603116,71.54292801126152,5.963636240842368,4.739549221493405,6.841233804236691,7.620298727984172,8.671003171155332,8.544768507758832,8.643444265295143,8.892723173762702,9.6581305566461,9.124641422220726,8.864107905000122,9.906058233690027
84200.0,gromacs_replicate_1,75.18057,5.920756819867366,6.3481532131081275,43.530457,6.292233109499472,5.857236746326245,1.2964706,66.39739317177887,74.53056741836463,67.70215308649458,56.037096731061,46.353909592905694,54.61993168806322,71.92689396880881,65.33309857381762,55.453725176033124,46.647355590329575,53.69864243185838,65.22155680930581,6.050349744581163,4.6768105795471175,6.989845412133862,7.903977994259603,8.571924590275701,8.697375732987146,9.261543854566863,9.137114251276056,9.941331492377236,8.998635225873437,8.995589032267787,10.104279002215637
84300.0,gromacs_replicate_1,63.626778,5.594550807973788,5.819084280292286,31.125122,6.424356994916634,5.784387488269127,5.3460236,72.79279946224963,77.3892949621164,66.09165172227553,52.330260333887885,47.959698471129975,59.91552339619295,65.7933208503555,58.20328211282366,50.861023296020875,45.74258159236462,54.82196921761353,64.51608879624224,5.970318988199637,4.778493223344184,7.08625695927418,8.014491466686419,8.418429260746068,8.390077062288267,9.124672158473004,8.890645455598998,9.712567411549214,8.957180759616701,8.774219785921284,9.554133965523395
84400.0,gromacs_replicate_1,63.913383,5.6243757140336985,5.9969991158641,34.36181,6.790885775756519,6.069657509211237,1.2053528,79.53236689561344,81.4928303280999,68.8004534404318,56.45041183912613,55.0322874516926,68.24965321378446,57.3726381650914,53.402912109964035,45.14487094470695,36.34964180985439,43.08846659328855,50.900623011570865,5.8095239061780815,4.630936612548389,6.537357128809903,7.740559393857315,8.673762320094294,8.530040242245997,9.190409412826769,9.139513776096408,9.896722834479585,8.78011820135435,8.485399296264251,9.54926660050593
84500.0,gromacs_replicate_1,78.94795,5.24574138158634,5.68257048711186,55.658703,6.697892492999606,6.0689435655115,21.523155,64.01166163025819,67.24894827006617,55.033316899621305,41.10989033521481,38.96020671306472,53.13487996305923,40.73719622293884,33.590971223442224,26.47550038209447,19.685343926675483,29.0751484509661,37.96738085854376,5.92201345174683,4.664952831651116,7.1606014545994565,8.193497762148032,8.83673461082811,8.558880382779698,9.835534256999107,9.234724658976361,9.589358030590136,8.619191386043845,8.513218702920765,9.216271612402153
84600.0,gromacs_replicate_1,71.82371,5.930305842636814,6.3662688727885515,41.832977,5.87307804161009,5.437480760519102,5.2849884,75.50826359148309,79.38144119226101,67.88827728217231,55.99713825977115,52.39794144484515,64.29561789341989,67.6788450634534,61.51139374130234,51.422591012438374,41.6819481218465,49.5882696128077,61.80842931830654,6.0457852210199485,4.711020219651033,7.098349177579033,8.049777441238666,8.101522128053217,8.369078549967938,8.55422049974982,8.691045640030906,9.552403568007549,9.121300071824983,8.897758515544057,9.403946198458172
84700.0,gromacs_replicate_1,70.53911,5.907234827850907,6.239337085516322,39.152283,6.0849309785261525,5.6069085929103935,3.8847427,72.10227076718375,75.90655541186247,64.56059174243367,51.59250838304298,48.05586350959478,60.344654828591025,72.23879442098279,63.33658905675082,55.826244783964064,48.115737369924425,57.54571365367551,68.5308669190994,6.084168297511553,4.657192715245041,6.889197627024562,7.852925314855475,8.386191634038035,8.491430948737312,8.666091614045063,9.03443111401436,9.7577457991513,9.044080590581787,8.757427911338503,9.581321502112544
84800.0,gromacs_replicate_1,65.75245,6.070384118627238,6.366191687260123,35.469025,5.915525663219258,5.446231532537471,4.3400955,73.92829734920713,77.38336957194389,66.49387755993568,54.170082915173005,51.52787147851759,63.206275605193746,72.50538710364744,66.4695401004252,57.344060045610384,47.428684827249896,53.94847745490684,65.45171050596386,5.788513434463099,4.7421991959123115,7.000023143650124,7.933647950316654,8.854912700731463,8.587096577359569,9.19571804765456,8.682785437596268,9.80048113207936,9.166817798824068,9.214753597663371,9.74251487195739
84900.0,gromacs_replicate_1,71.71518,6.018431311217095,6.470547865202191,46.671127,6.83492485803231,6.2675160788168895,11.813637,71.67449591406537,75.1020882482082,65.12276994471979,53.96656606445076,50.18341251110067,61.71504393635784,54.975607371871725,47.594269408440155,39.642577121873956,33.4539126427052,43.35303509421232,52.28269761196129,5.950333290129457,4.626674541224798,6.84014116654466,7.983668975756617,8.284101484494528,8.605870366459953,9.40808965904856,9.521093942050202,10.085133370187533,9.251021350876082,8.640351676019252,9.89047032536
85000.0,gromacs_replicate_1,76.02616,5.463961843285064,5.818458155440624,31.384804,6.279467603408713,5.737384186556365,2.6525574,82.3635363388771,84.79775597597512,71.81724658472133,57.89408692257397,57.97982734227712,71.43581457235459,67.43417549768624,59.222993420220426,51.0534685523511,45.941932292447845,56.65433961975085,65.61791710375692,5.888494007203489,4.6247063873504946,7.345067753978982,8.327625821291457,8.387104104255837,8.25744828130646,8.614584566361918,9.131698659105188,9.736613689013948,8.95180445647466,8.723650245796764,9.414904432418654
85100.0,gromacs_replicate_1,70.62934,5.982880236116169,6.429295081234794,50.00766,6.4182282325001765,5.8553073040698385,12.82666,66.61300602410635,71.3022832090251,61.18642246749386,50.41413170745262,44.55022329332821,55.907748003292056,55.3089908827097,48.77717858376802,40.05285845305818,32.31694372927783,40.61339952080462,51.2560896172913,5.777403785260579,4.49851059889221,7.058259195967483,7.886459815341623,8.599150154267251,8.423611739048743,9.418652382740062,9.294536999339245,9.54291004013559,8.911133020196615,9.290999155293635,9.44464212321186
85200.0,gromacs_replicate_1,70.308716,5.653154920505033,6.1019547886323515,42.999786,6.87883319839285,6.2356506298929295,6.7143707,71.74909462685179,77.74957505735179,69.10163943006555,56.44209615774846,48.551768208790975,59.96027996351634,55.25934642501642,49.27240048195636,41.610608891445274,34.75560799391895,42.8056177731073,51.56979230221893,5.803852439234294,4.82348100858372,6.932345112934581,8.07139707546172,8.561740648303735,8.546053334643311,9.747231516764955,9.219177037365911,9.807776161355525,9.007034861157335,8.824688500083194,9.50128762203311
85300.0,gromacs_replicate_1,75.656334,5.738116490056936,6.128583773013894,37.196022,6.410744491513098,5.996988322273667,2.5791855,75.87046395541901,79.90158370112619,69.56264866105698,56.90824340056322,52.2665291120761,63.51452391463434,75.73404250139433,68.48143673971762,58.971600512239576,51.01286514673708,59.498749192362865,70.26250672665272,5.519935059330487,4.440621000619641,7.269163808983835,7.863514622550698,8.523776051379834,8.573660744563082,8.868921046883992,8.907098219517675,9.98616615685357,9.03421050817279,8.519435753007162,9.498870117651474
85400.0,gromacs_replicate_1,74.503815,5.7908950347471295,6.095444961313856,35.25705,6.2953290142889635,5.67395020397989,4.8539886,74.5361849783287,76.86950729837675,65.26082510402539,51.924732131998496,51.07638987275355,63.42641587014284,68.98474946972931,62.47797833257412,54.192616621421784,45.40365126420856,52.942122616755405,62.90105403036955,5.701236017780482,4.676814765369272,7.549163758190198,8.741660012861857,8.605378115925802,8.484813919825855,8.775868531209685,9.224478619894546,9.60819875838004,8.689654834732373,8.717194132274967,9.691730106206279
85500.0,gromacs_replicate_1,72.8568,5.514877711593199,5.983935727890428,44.93454,6.421235787848044,5.771421738991882,3.7854156,77.40627571537003,78.57509188849585,65.90772318691246,54.99734837616297,52.535148676595746,65.7401629041328,58.40467351054621,50.28673916513419,43.624223374200106,36.98446546631618,47.27314256603089,57.31028685485451,5.64874543859653,4.374199216852857,7.187519065279504,7.970090593534486,8.558618057666118,8.604233482056172,9.144619224363963,9.125122321262777,9.713357735599319,8.889262204180662,8.879649392816221,10.01577603001158
85600.0,gromacs_replicate_1,66.78199,5.537229333745482,5.859102882064931,42.83403,6.031562412877317,5.448739726183559,5.745949,71.29433886722964,71.89276794856193,58.6621044980628,46.662084440090204,46.98599163018177,60.73757293067113,58.87139883626099,52.30284159555563,43.78347279003651,36.143221298637116,45.51249539553867,55.72133777085699,5.884659135021891,4.738622177557029,7.091700451804362,8.166916972743005,8.461526282356242,8.220832955521004,8.520210053115244,9.1072019275114,9.605898051928113,8.929770229709405,8.979779832460274,9.41835961400546
85700.0,gromacs_replicate_1,69.59381,5.182796494257549,5.566071358046168,42.718567,6.157537424173082,5.461166409815901,7.1696777,69.78964767564895,74.14907024922229,63.20199594112552,48.844875239665924,43.64006516585172,56.351102425362086,56.98622627067661,50.290098970698075,41.44538649292818,33.23082991647816,41.8376319091965,52.55550735898318,5.933885195673292,4.604839938252152,7.523493958353183,8.313770573296294,8.342372730072743,8.581990525213092,8.605304367993906,8.952141124138302,9.487419039683937,8.34754719112622,8.826247925646161,9.914751638857673
85800.0,gromacs_replicate_1,66.54917,5.281401489253724,5.586075094551201,30.801422,6.417052356884041,5.892432968412032,0.23875427,77.91903399289066,82.74065414075616,71.36283428129168,56.627069402029754,52.559633462094006,65.02008497371877,67.55154645081433,60.05821997013262,51.71971020594562,45.074083818567864,53.88358821949356,64.53971466609164,6.074041990467517,5.047963454550099,7.7700942834935365,8.329317487802024,8.470451775525152,8.336444036680412,8.469986412644133,9.237234602803383,9.32572801748152,8.772628143274687,8.770505482918425,9.399585766088581
85900.0,gromacs_replicate_1,76.92122,5.880154355904334,6.392956681772992,46.628067,6.437091186706757,6.001038021761092,0.68820953,74.20430997179764,80.29302490953462,71.51287690604485,61.596068154844026,52.19842270418264,61.85655038441652,72.52399437315923,68.13295897347643,59.12746498985094,48.78355896744641,52.261126884834646,64.25568674835672,5.5401548793068915,4.6786905859762005,6.984078064276487,8.102128574398376,8.268988969973877,8.688596588300499,8.74499233232834,9.084579366268738,9.759297886599633,8.797240704138773,8.747365526237482,9.38127324281903
86000.0,gromacs_replicate_1,66.35268,5.207078377032657,5.306546275136589,39.644287,6.984388654362034,6.268718465291383,2.8278885,63.14582519007506,64.14902963860914,51.31360796188697,36.36459607139558,37.279754819666366,51.40969483015733,54.891367579147584,46.987742572287594,41.70388591730604,36.86602428040498,46.59269994190983,54.219021701079484,5.12818519191814,4.621482577727091,7.585760865361602,8.701352014971551,8.907472978113256,8.596504569389252,9.321221573508353,9.287002755310029,9.678345946992827,9.174312865070615,8.804886312947465,9.57427200474342
86100.0,gromacs_replicate_1,71.64139,6.155486858832688,6.475952682682782,35.54176,6.773522517650513,6.327204452128526,5.734291,73.15236059686126,77.98879212404763,69.25150317036311,57.03628195452987,51.9175892159289,61.7875182320366,67.23980412294962,59.501863090467445,50.883505109294134,44.69031552579721,53.932689572940234,64.28638198581756,5.667499061692634,4.609771167323077,7.1453249052235845,8.302894393229387,8.34328070353453,8.18559737387456,8.707981110851817,9.240965309285935,9.982467981311997,9.418538477438553,8.819208904014472,9.673314736531616
86200.0,gromacs_replicate_1,74.12832,5.056534432895541,5.459408738432158,46.617737,6.140480386468615,5.505295118668271,12.960907,68.9495410002346,71.37861138897681,58.60946345371885,42.82438292770608,41.26361805122685,56.850044429101956,54.78219679038938,48.83635664551725,39.47929291831137,30.261627206563002,38.49096213271489,49.49776167408582,5.754213646556678,4.649557399711959,7.358963643672439,8.324238654681384,8.711803889787307,8.503655958437157,9.118574964624264,9.25836283883047,8.97226858144178,8.881140124461552,8.846960930223478,9.58398601380202
86300.0,gromacs_replicate_1,70.03789,5.366595808688922,5.723407282629398,34.451134,6.441021314331891,5.950103860196718,2.4350586,77.86531598552301,80.0468620767053,66.7666045848226,53.45438008254747,50.67611960405019,65.39463910539963,72.92418009929901,69.52579539223542,59.70105911228244,49.590911553852415,53.16626968958626,64.39973571696945,5.919647092459686,4.819898406081349,7.448635511843879,8.631658752347679,8.747948210158581,8.50024578497104,9.125256416094258,9.14793759817186,9.885528946505902,8.607750799607604,8.598704015783309,9.427148082919807
86400.0,gromacs_replicate_1,72.29608,6.1641549432958325,6.583676543323381,39.82833,6.036097151254026,5.5958670180257215,5.088684,76.92511950505867,80.81860373654236,70.63596580443463,58.99529336385497,55.39257178994751,66.43873434353456,67.75449652370746,58.72851588722401,49.34524216072899,43.02271079730924,53.64909760301709,64.7056313937951,6.066185070392094,4.7411032533281325,7.000369390753394,8.239238374219752,8.183856834413039,8.30964978581114,7.934714488889677,8.5768567796111,10.025977011614781,8.748905468721404,8.935385755761528,10.058765714819238
86500.0,gromacs_replicate_1,72.79754,5.698327270556558,6.166092049779297,45.9613,6.459203318128059,5.765422394189759,0.8355789,70.77321221596578,75.14722840520388,65.52142706130806,53.89895689785219,46.09985687160026,57.8876453513896,58.75369055306334,52.44898090287441,44.8868433637884,37.46267894520598,46.53570327221885,55.9123277157113,5.830752214567014,4.680634101018177,7.219318549594353,8.174756344109351,8.427864352123901,8.552590237134606,9.018128617148657,9.022148115968257,9.771102356432518,9.674738865429708,8.524035729816083,9.403869568171801
86600.0,gromacs_replicate_1,65.42495,5.418802928386424,5.81682984229111,35.2005,6.678255135740695,6.0510895016417905,3.729332,83.7493103098948,82.26121970923707,68.52351206972966,57.30971244183373,57.93062861681587,72.482215325779,67.94592691870807,61.0956460556655,52.85104508019036,45.261938436047174,53.63452010938477,63.399252275843686,6.044757476250502,4.465489197864154,7.103208580790668,8.233251755621808,7.931977842657605,8.578089936340673,8.632459336708916,8.912115434587665,9.91826006283317,8.89545556020323,8.735144003459961,9.941842024517522
86700.0,gromacs_replicate_1,70.1785,5.437007515375702,5.751839300193195,46.75035,5.941652384327314,5.373300011605173,12.283112,64.33408408813902,68.1457714083053,56.172434506654554,42.271090030460456,39.72525310758114,52.73733736982583,56.41051609204566,50.21272449433697,40.833573549618215,31.745729172874896,41.08819422824776,51.97387894491469,6.109710447641696,4.878006456059541,7.544978228075814,8.377180202925988,8.454934956046333,8.362476668611722,8.625365718000536,8.843902368532708,9.487230575956461,8.715525693161526,8.708627636114283,9.734317702579736
86800.0,gromacs_replicate_1,63.939217,5.540119328299513,5.849158095598385,36.985016,6.374029725493967,5.69135999849344,3.5172806,74.11898206289857,75.1313209792851,62.27387867888956,49.25831196387767,49.133872004083955,63.28739708686992,57.427823184444534,48.40110520088805,41.743710982032184,36.20270284665893,46.703552416624916,54.983950252334026,5.977087514305871,4.798120623315112,7.356758369742817,8.325410828043198,8.508647614828273,8.26057898298807,8.749524585204778,8.726009262149965,9.570039018533251,8.428911064355937,8.573945660535287,9.745328362195853
86900.0,gromacs_replicate_1,75.492805,6.058554063268827,6.36499339849869,27.39532,6.248345394925677,5.7286632751409785,6.1943436,80.1490704820871,85.72953225776455,77.99268423780087,65.21146782795083,58.52061746314051,68.20317069036872,64.47912738652731,56.71442312035273,47.20141084348059,41.19582862453914,51.446448321187795,61.386320467112405,5.994733992456459,4.823637338865982,7.52571876332534,8.580253168002235,8.821523665348407,8.666806443376789,8.71953922099378,8.677428664758514,9.826299346711235,8.701892273317927,8.499219077271016,9.709548371162093
87000.0,gromacs_replicate_1,79.86162,5.62402808931528,6.058727267206618,37.755276,6.129788489324707,5.621037746984171,8.293091,76.92424041374274,80.89592233183535,70.48952909454292,56.31351372472969,52.68642727116489,64.87557810420115,64.22118805382371,56.908222979250226,46.00112864471996,38.40628534344405,48.680082772909266,59.1658541829355,5.337607901669662,4.570543366218985,7.026011300549253,8.124576738042778,8.662669278195489,8.536803480026835,8.850672220915238,9.049310903977828,9.62681220305448,9.090480531448161,8.49905784660463,9.457792261517863
87100.0,gromacs_replicate_1,69.298836,5.722818071424826,6.1619116578782585,40.701202,5.897916938567937,5.42765337581763,2.6662903,77.3042497775976,80.85222631926186,70.22124308798061,58.45353212282466,53.24317215944441,64.99183062441499,73.23210951269263,64.79112411300409,56.177940874169614,47.5082907020155,57.66606694135291,69.59526358699587,5.862980908488312,4.419454438979696,7.267526244470245,7.874970304672528,8.433296326748076,8.382544396283661,8.571764908578118,9.065717406020386,9.767131059745351,8.644215184806054,9.188123599482335,10.200494927504842
87200.0,gromacs_replicate_1,81.47641,5.787419801475892,6.172022943280191,40.78685,5.997969164184993,5.6205784798121705,11.110779,73.92658497629048,77.34758796160423,65.80733740606523,53.93928396035454,50.62402385546377,62.46000602785275,63.16105831733112,51.90318075702712,44.390746633049105,40.03552874047004,53.04179986666226,63.16708006942771,5.997201836047707,4.750491349874275,7.186123921861322,8.08363315023835,8.337982939672115,8.453237029927848,8.276761783583714,8.568266507710854,9.803829817374513,8.989288294733324,8.955409375970435,9.702936923858243
87300.0,gromacs_replicate_1,75.774506,5.35973589496387,5.967755074666134,55.634457,6.259342016965084,5.763289146073812,5.9576263,74.24602323664502,75.1955208629317,63.02249521081653,52.26536827172334,49.09142046988464,64.29613614585699,63.48999528329446,58.88369950055568,48.59980385545759,38.32399775337981,42.760118775217805,55.28332368114425,6.112605641173204,5.013064874124491,7.12058692258876,8.399948722706693,8.173497847602109,8.57771616309674,8.505159727715217,9.207868433131921,9.788834823476984,8.258260067254609,8.235594600341805,9.965370017462666
87400.0,gromacs_replicate_1,78.87907,4.882262630221755,5.463531867842957,59.455917,6.44495943295527,5.9337979154071725,11.705177,68.2674637477258,71.85976603356863,59.56407854538651,46.84048828296913,42.233532710652725,56.54395942649179,55.25039489562453,46.94097012677972,39.340467731117435,32.28764117989863,41.85800522528776,52.44921894835395,5.981629636436169,4.8767611040640455,6.822857244212565,7.963337450948694,8.584978391806928,8.256656312472524,8.629013848227883,8.788068309356126,9.82899877484879,8.305727200481659,8.701628385380829,10.14818517858498
87500.0,gromacs_replicate_1,67.13988,5.142346328927277,5.539292964581626,33.13646,6.072481645368337,5.556959483840257,2.2916412,84.14505556058553,85.95351455547424,71.95151084915193,58.537298922440705,57.96276424374123,73.11066319944352,69.27752697263116,61.9273388504582,53.05526322992822,45.007603826150806,53.708249805033745,64.69178243445097,6.2175398499727885,4.8443454593010475,6.879396672141865,7.87073414516467,8.404706306061687,8.310469354339439,8.823728844439993,8.77141490092098,9.740302476067244,8.637484875542155,8.502619889889752,9.763628864925991
87600.0,gromacs_replicate_1,75.86563,5.563599376958664,6.028884636344535,48.80475,6.305735649772631,5.834635903597038,11.363358,68.9553779195512,72.42541884778561,61.23913459964047,49.15270536726674,45.579758939914335,57.95065718372966,61.010001760482865,54.57349951117618,44.29205217486521,37.032544123279244,46.22278810652372,56.55495022929444,5.854179144451373,4.941351152589506,6.787336431347671,7.643488287611925,8.554998203346287,8.198703782373363,8.589556644121766,8.831717126800003,9.788723668293114,8.945572408860903,8.661727216227105,9.763202581988764
87700.0,gromacs_replicate_1,66.24672,5.3699793305280386,5.767912646091924,46.345978,6.006112508784256,5.537859246170588,5.325569,68.75957104511079,71.95601405473525,60.14340826708591,44.93526728665062,44.41655652370013,58.03445683310658,64.62796142524948,56.35650331363531,46.201038910331725,40.634937373278746,50.75512687773632,61.256448138176445,6.21351014164474,4.849370069247819,6.985940630932666,7.858138397990682,8.32022471994896,8.301069666650758,8.744485307593683,9.180900149442241,9.447607622952363,8.828920165722923,8.638283867042322,9.915828059910163
87800.0,gromacs_replicate_1,80.72706,5.437167404774155,6.016708650870002,52.595963,6.132456249732616,5.733141144124486,5.0857315,74.46892156542435,75.65022830926694,64.06209133791262,52.76769390456596,49.976101148080204,64.02668978674747,70.01609312171867,62.01168238735419,51.67880345085508,44.339340478197414,53.973415220040685,65.21424848277027,5.9516410910021085,5.1074748931093765,7.103129931087859,8.164842760216631,8.1230006054246,8.287597248050375,8.387499712320059,8.654951942302766,9.845284429826362,8.924628126679005,8.898250551531973,10.315986289644309
87900.0,gromacs_replicate_1,67.42455,5.831837922250266,6.26161666154816,46.987915,6.636152376267642,5.957539241016154,7.2195435,72.87358522474514,72.39305799407234,60.473420040959965,50.721751969657504,47.903571628567875,61.723681147157336,65.91220277060631,58.40487626444063,52.03429947550636,45.36550890194954,55.4486828588563,64.39050594841589,5.4390985835266905,4.701616315192768,6.749445656555177,7.791327795110665,8.662407708107498,8.513355617665699,8.880710679082359,8.849185547570595,9.861695150001351,8.855951682412783,9.20027131195962,9.877914310603712
88000.0,gromacs_replicate_1,65.921036,5.427774444956003,5.870254923643821,45.41794,6.111347513778823,5.701513750336561,2.2916489,72.68695730130815,75.41587373308282,63.65160954199737,51.06364890154661,46.889574969834506,60.477894242702185,73.67330894212395,67.95711483354442,58.66351933052136,48.470142700140954,53.82037284463515,65.84792277893395,5.916717853391192,4.852004745399932,7.26703894756067,8.323725125314475,8.258786750399628,8.313760592849658,8.666717416340337,8.976047429521481,9.911367058898879,8.641964048932094,8.776185016350547,10.260313878302625
88100.0,gromacs_replicate_1,74.38364,6.249020216343934,6.522421511594618,26.937614,5.5840853015199565,5.319212810603973,4.163559,78.47568821260336,84.52328588457098,76.68568910544445,63.106101171485086,58.22299630619909,67.7526198002768,81.96329067816221,72.84269891594099,60.978604631037506,54.155453648102046,64.26228951433642,76.14724756929951,6.042245369890928,4.904685446126987,7.231742604493783,8.294047844335477,8.015706555184249,8.304736974244413,8.570898345416365,8.914351455892168,10.029450088001054,8.850734580142833,9.087790294324586,10.050611437981132
88200.0,gromacs_replicate_1,73.0984,5.288223503185709,5.737061420656654,39.085625,6.236720839769082,5.791929808453094,5.0132523,82.97446778567479,80.57191708652265,65.93266492157376,54.615666684908454,57.97877762792391,73.66369745364892,68.94806323116202,62.1084828557105,51.47727600114548,43.498923017571265,53.11116411795893,64.62270867791632,6.1937763573494795,4.69409472615198,7.005484515020247,7.906836061797017,8.155974991763895,8.150087626675795,8.133904505701235,8.982096183543112,9.698756215186103,8.838403889923358,9.263361091979629,9.566754640205188
88300.0,gromacs_replicate_1,67.73279,5.8202076551168185,6.227794961361388,43.063873,6.434977687588674,5.935087116732177,7.570999,75.36438357342237,75.05973464350166,62.1407534683391,52.092308054161684,51.511669545515325,65.34063655495255,70.53505809155666,62.49833604703033,55.69509489561536,50.29825289318447,60.69129443007581,70.23621610480149,5.653528241866791,4.4950629751809235,6.734269963962925,7.971999699361977,8.344452918269372,8.223515237835958,8.476872677172938,8.86820629463174,10.123887397283443,9.334520531440678,9.493651636920937,9.710862291583249
88400.0,gromacs_replicate_1,79.79122,5.840097575484587,6.2754632509875865,40.727142,6.526236767665328,6.186185295357249,9.391701,78.02590887854662,81.18012991370169,69.17108145595425,58.06484246203844,54.630979577546135,67.20865614359941,68.51497837235999,60.394349111715194,51.61500057186912,44.7959372791788,54.413145381206995,65.98127177633906,6.0538420373415835,4.974819695220667,7.221418635182902,8.191191387525668,8.428575818686472,8.2201787380599,8.685975558375013,9.115962307148381,10.285184656948303,9.159709147629762,9.228970101550441,9.758205349602976
88500.0,gromacs_replicate_1,65.36404,6.1129319397561845,6.50632334963129,35.233353,6.26480290837165,5.8482064476274855,3.2906494,83.04466182998667,85.66337977363006,75.40845545993243,64.90050241565253,60.95006938985707,71.76141228736805,75.36176826824766,68.97005536124477,60.26404154188501,50.735863001303464,56.51218336149063,69.07005918977103,5.723632026239278,4.677445643207628,7.205494552915098,8.290051502563607,8.598208268961304,8.672181418782616,8.999263149913627,8.8122333193973,10.413077411447048,8.954495879477395,8.796536042615804,9.849025152864671
88600.0,gromacs_replicate_1,73.70579,5.7814747456415985,6.256212700727996,45.966125,6.694199254282137,6.327252703980636,7.1555405,72.80578224517214,75.9831763577319,65.69147971951018,53.854494723972884,48.95014577766739,61.86197139523034,70.28163512177608,65.6753333384258,55.55873573530196,46.475312340278066,52.098143889341564,63.604548779818145,5.541332702317514,4.583568066955786,6.798296133025612,7.902151277411047,8.625583091745527,8.411622496413237,9.049778331844236,9.018492508131176,10.220047225908909,9.060867352470654,8.883071370050272,9.684906865613156
88700.0,gromacs_replicate_1,64.26228,5.754109950784809,6.248559652843775,50.80916,6.573155470707536,6.311699420149179,7.6280823,67.86975452643634,72.017628916242,61.53309075448139,50.73002061934086,43.682817492544395,55.4942098865189,81.60179857266891,77.51038344038722,67.89071134093864,58.13386095863184,62.30291031831101,74.26035694600425,5.662673424721624,4.508029872239974,7.350779808513097,8.208127215626256,8.250316545554549,8.343775863675432,8.68008687870276,8.899832327010962,10.131759502347139,8.832444433303113,8.484896901594723,9.88066583784055
88800.0,gromacs_replicate_1,68.65034,5.569525634632335,6.093686452545386,52.251427,6.665248774447924,6.129570721147448,8.189156,66.85294794975697,71.38953479695171,61.368728443139645,49.51707378156692,42.2583817924228,54.86177762212701,59.07517550267474,53.00444672735248,44.07680424676445,37.090509375746755,44.93812626136345,55.01647548825821,5.8726960919250875,4.604944121648464,7.419252915051442,8.208568451102748,8.368130511408634,8.350901216525152,8.782135580523562,9.156061866384366,9.946884902821719,8.750316811981502,9.073218451308835,9.749248522628177
88900.0,gromacs_replicate_1,64.214035,5.753440479579581,6.176609380757667,36.40547,6.662982360305314,5.959371613661526,2.0399857,80.09675408554243,83.67104526029694,72.84061404676214,61.13011666101541,55.39681542377257,67.739818481689,57.70478666297813,53.17108861196612,44.99370488793368,36.337930416856445,42.90006762370677,52.25943637209343,6.177065295747231,4.937466601608605,7.406059248099084,8.451696609666566,8.293580699405611,8.528367302368686,8.894604702016156,9.049886408930147,9.919644978724092,8.575267520013917,8.136063867521695,10.064585379039611
89000.0,gromacs_replicate_1,76.250496,6.154187809010484,6.687477376609386,51.926865,6.308320479205368,6.088405413760428,2.249176,70.40718781075489,73.38840052146074,62.92263316544834,52.40461374916797,48.706368436221574,60.105514330739915,82.07966259235721,74.57110397136509,64.3064352286452,56.30830816106678,64.04417807475619,76.20494849037682,5.933725544995308,4.805512278603011,6.937949840105054,8.117263980049271,8.589350985749713,8.621279153540288,9.340777653690347,9.332955434279809,9.999880520083043,9.076039778103649,9.130024207009036,10.114829281487914
89100.0,gromacs_replicate_1,70.080055,6.347464327376227,6.680186583642865,35.434395,6.717475706183994,6.237129210416376,2.245781,74.3908039442149,78.43356937255041,68.46654315706137,56.92259068548941,52.82919248856724,63.4262756280663,71.41883065403178,64.12340453575813,55.754034576433845,49.12549744775596,58.02807749767833,68.13221566045256,5.649359225625203,4.41376258060991,7.063555138619346,8.03413230299793,8.384812850040127,8.609307302042815,9.150195183409528,9.027670541752634,10.677308226734683,9.03314331917882,8.703207579718645,10.072777237029639
89200.0,gromacs_replicate_1,64.4129,5.512456169296678,5.915890351609177,42.294876,6.52777378750081,6.033030878428865,11.263359,67.70054752361047,74.151976314665,64.81179209068561,51.72266033365043,43.27040093289851,54.32497666933097,76.6129092869982,69.57026640276914,60.82470654398162,54.13045052472001,62.3575647872952,72.46773806207274,6.089207448008047,4.822910073002809,7.104668552875939,8.05325620206402,8.39054155150506,8.422606240518366,9.018545462085031,8.680082726546626,10.328811075123866,8.990195227096484,8.794658286304822,9.904211065005695
89300.0,gromacs_replicate_1,65.11478,5.525761184020981,5.989547424525167,43.41864,6.658567029181328,5.946320325532006,3.8853912,69.72315351418781,76.5350713922798,68.96404124991943,57.182937398637236,46.99894670046385,56.3632745649686,55.181480522095285,47.94198356692989,39.97788522539738,35.40574948966476,46.013655599216065,53.35719466264283,5.859543134537658,4.58002221172404,6.729997881797762,8.017023579832157,8.601302584958198,8.739393741032004,8.940650657849538,9.026135449850223,9.845421757372424,8.796824107728266,8.531181690998753,9.837331049335816
89400.0,gromacs_replicate_1,77.23382,5.448226121901595,5.744486899796509,36.74872,6.145319402542748,5.82023520283995,9.492134,73.5340114704155,76.64588578888075,63.440563615692675,48.514655532690135,48.93618482154771,62.176524710810995,71.82128043318797,65.12646529873929,54.10066049675898,44.51203435686706,52.8468077517104,65.11920834678,6.024231017252397,5.030428100912436,7.25513137073251,8.34776220344305,8.181442087691785,8.224226951223736,8.027427968179559,9.323013370862968,9.653886467055024,9.140077554696063,8.848325649498507,9.806526791462657
89500.0,gromacs_replicate_1,71.160545,5.623114581587847,5.987433490322626,40.784557,6.636589031755385,6.07232284239866,4.017067,68.04139876645516,74.10319367550483,64.79884775537808,51.47431794694471,44.8507321900591,55.57946777072415,68.59239458882246,60.178930476800936,52.37470621919161,47.38569031191363,56.9812756254433,65.88814160858527,5.887407613235773,5.310650571272094,7.513557688788547,8.699610926176819,8.654086245465704,8.603851432065241,8.702499168959664,9.346135881596283,9.970289664101,8.977926206363872,8.241199291333794,10.11519602038547
89600.0,gromacs_replicate_1,62.31716,5.174652620367029,5.5836572085704175,37.62538,6.379632348001164,5.672080621726657,5.173027,75.55059065068147,81.41656913365026,69.78070283112699,56.28988481733415,48.484293832395764,61.23814331861193,54.73104588068517,48.482973624154766,41.17171815594695,33.36065666715845,42.43247948371324,51.787700565823826,6.241348846845992,4.753778351622124,7.400226189749138,8.378043423843977,8.15497797685925,8.332013082875378,8.621837877685376,8.894974526285298,9.544333899689594,8.456001601800534,8.56126699163287,9.67890496270053
89700.0,gromacs_replicate_1,64.78541,5.745913330598531,6.167134682415162,37.600945,7.015691606466566,6.412331882315357,5.21566,74.86253668206362,81.4231702878395,73.76098939994715,61.94804415862532,53.1310196808235,61.961905483001466,60.30960875362797,53.24016239258882,45.38032813195563,39.41915333762221,48.58686110229685,57.524328523345275,5.817831089826674,4.587271392954388,6.8924196862064395,7.922328946878613,7.960317814349804,8.570792313804079,8.715489979390565,9.412565482902542,10.44141095100626,8.792227611064874,8.695406779928582,10.00102208405729
89800.0,gromacs_replicate_1,71.48016,5.435082582497274,5.7994781756654925,34.084396,6.182822595059764,5.579706031407167,12.218407,78.59344683651784,81.60283082130404,69.135190861107,55.52119620939208,53.39780619477547,66.90518051306555,53.69098935330523,45.05696481181486,36.32218961731821,31.249263106307588,42.29621188594501,51.07927204521784,5.696538861780865,5.02732159238925,7.471784130695606,8.210695782090665,8.495912800427908,8.503381992304446,8.684422071747843,8.870587495423,9.883620009953745,8.707507234983844,8.881110029908506,9.812350039816977
89900.0,gromacs_replicate_1,67.67606,5.80308603155646,6.253893725601779,40.29304,6.810149782918871,6.2363986784688,2.5664444,75.02074559237212,81.2026091652553,72.97790879786194,61.43104730199284,53.42396803209385,62.81676418932992,64.41475572119752,59.0508685335766,50.263200904228434,42.590539207425714,50.39595061487964,60.03748190553807,5.818355116244477,4.353878374962548,7.344557091813482,8.038604504246958,8.345103038803504,8.404321025025316,9.064527941764082,9.115300669905064,10.366283645318042,8.833934618844294,9.101138336282022,10.270602766126675
90000.0,gromacs_replicate_1,66.37971,5.6445725352198055,6.020222053467211,35.745743,6.075816720173528,5.703157078564376,16.335388,71.45783797226805,80.13969891177116,73.39000688349479,61.335509667821505,50.411811917889835,58.124994816349904,82.79978640229143,77.76486709811881,69.26303800950805,58.77793100881985,63.38227227418753,75.62326499362239,6.038960396163299,4.961331695482215,7.353485154794595,8.394433538209023,9.02553360616967,8.940179416401653,9.27029940439369,9.225188799175765,9.732240563970972,8.436581586152126,8.513099476496858,9.637207245439841
