Time,Replica,Global_Angle,Dist_Phe389_Geo,Dist_Phe389_Weighted,AngDev_Phe389,Dist_Phe390_Geo,Dist_Phe390_Weighted,AngDev_Phe390,C1_Angle_to_Phe389,C2_Angle_to_Phe389,C3_Angle_to_Phe389,C4_Angle_to_Phe389,C5_Angle_to_Phe389,C6_Angle_to_Phe389,C1_Angle_to_Phe390,C2_Angle_to_Phe390,C3_Angle_to_Phe390,C4_Angle_to_Phe390,C5_Angle_to_Phe390,C6_Angle_to_Phe390,Dist_Res_114,Dist_Res_115,Dist_Res_118,Dist_Res_119,Dist_Res_190,Dist_Res_193,Dist_Res_194,Dist_Res_197,Dist_Res_386,Dist_Res_393,Dist_Res_412,Dist_Res_416
0.0,gromacs_replicate_1,65.88745,6.16812559835906,5.7350434686311615,17.707703,4.858714295311208,5.020372222063243,5.10569,76.82487611759524,68.87552273727188,59.4564733598275,57.528232412485046,64.38904023169627,73.68477190043932,64.42008154720477,69.61108932050736,84.58786892628316,83.93602727283952,88.56544337332924,76.36305271909919,7.635840227317767,4.671763575596972,6.960953052579538,6.519249520955294,7.25459520672457,6.242171453668615,5.717258614776696,6.242319945191316,9.64453190695568,9.504128683857811,10.433920862785,11.342463613569924
100.0,gromacs_replicate_1,74.97764,5.8976141918169915,5.99910563492559,7.3180313,5.156689908288699,5.127418880134614,0.18965149,89.69021246921903,76.02191656760569,73.47499857539754,81.605893657221,86.7176419413562,81.44698026925916,58.212561744694455,64.49887852641054,78.29844871875,87.85319050523469,81.50926370148245,66.86812705246244,7.299908861756153,4.816681905878696,6.592208273314464,6.944315485200333,7.063666493918834,6.047284419732653,6.352175422138745,6.9504064541832715,9.21301513684702,9.505144492771572,10.014233393166053,10.544975580665309
200.0,gromacs_replicate_1,64.10923,6.321002547192763,6.228936852809648,22.950447,5.118390778685617,5.057640383612254,4.2318497,89.63347403120609,78.06216875981936,71.8084054144182,74.85504205917063,84.00207631410983,87.82499211601728,61.374732083147414,64.56296484381735,77.73553407297152,89.06035472495884,86.04276974726085,70.72767951163418,7.632777622451756,4.9002989016844065,6.593938668155691,6.775119703742847,6.873079164600734,6.396774255505923,6.308688963969685,6.976874350700127,10.066198282186162,9.500179365255045,10.069293652593057,11.393460688446607
300.0,gromacs_replicate_1,76.92671,6.170953065544174,6.2861267051089795,27.028255,4.9710991323631495,5.14058004026318,8.657272,84.46100929893284,83.0747809844778,79.33651334019135,85.35017221909565,84.40322325228638,78.2592965762287,63.471784461990126,69.51897141491933,85.07743342130625,85.22058514509611,88.5160100890018,73.37905079532395,6.942417277087698,4.418705094754582,5.815258020438025,6.4633783707676455,7.76217792915517,6.584279007069483,6.5670202187512965,7.029067126220538,9.464445175017449,9.511406696242357,10.012664836133224,9.903963908235887
400.0,gromacs_replicate_1,87.66485,6.45888130984139,6.343741418985483,21.445305,5.279788927282577,5.441898054041892,8.228165,84.24122545080422,73.23543876550302,70.47879871479488,76.36089182909534,86.52938688726246,88.32082821774347,64.32320609266317,71.12209325633154,84.7599701305825,86.33008818787664,88.09956354495247,73.1337377864753,6.779137643449979,4.300719487596263,6.37490160375296,6.693028069518394,7.252238805684685,6.588756755980966,6.402819553775778,7.087597822455111,9.462014421052475,8.802017730802714,10.461267192080578,10.548105176203403
500.0,gromacs_replicate_1,81.20747,7.467392615986406,6.934349865750777,2.6536102,5.195433743660415,5.322211883411016,9.552956,59.52548886634928,50.02772331826963,45.18294818855732,49.07043352752632,57.3766499505277,62.731305927013636,61.61682397277337,66.33958160242591,80.98697017546677,89.01027895791978,86.01903907579998,71.3780501961609,7.044192432824761,4.50186716323237,6.495471383032162,6.392349254671018,7.501929196113527,6.470036082979016,6.262781354750202,6.831961446025678,10.169289947222845,9.434235853830874,10.409165984796859,10.818082519621308
600.0,gromacs_replicate_1,75.396164,6.731103817480826,6.781852614462208,23.440285,5.352015912864299,5.514173365430381,0.38721466,84.74763626077319,84.25214656993346,76.95936698208646,79.03866845196019,88.26728986505822,83.46914199912808,69.83091669070137,75.24737366193375,89.05343410903816,80.9743839525525,85.90676439944426,80.20188618450769,7.44611992168699,4.850661109563351,6.549156414135089,6.215120202462024,7.712734595146777,6.425340670660789,6.514375773737259,6.543616237954488,10.099059811571827,9.186547281399896,10.687216769848352,10.980967424867732
700.0,gromacs_replicate_1,68.65993,6.245806284402935,5.9767592524364375,17.12851,5.126267380087257,5.010357032085924,7.2503586,83.37471775201551,72.4065001877265,64.73437258939978,66.14699581487703,76.14182370694712,85.25387984030138,59.91050621981086,62.84980850352778,74.48085116555364,85.80297222190624,85.5186259098781,70.81836960741921,7.489936768299055,4.823888840945734,7.035126705535246,7.226089189159643,7.136395173965993,6.181248168713885,5.476945299511882,6.436313888292864,10.37746646069272,8.332421603952444,10.472620506009841,11.732357964550749
800.0,gromacs_replicate_1,72.07939,6.845461571277945,7.089717359082087,33.612267,5.162336307471065,5.266857107302427,7.7857056,72.48913607845728,84.09365456418381,89.1889893130965,85.12882925770168,75.52754121529063,68.26431107594206,62.00738210836285,62.61748934502439,75.87195344848666,88.37544586680912,87.75032968984236,74.41079475629797,7.059504962178358,4.556149840232652,6.370549260407003,6.529478385530166,8.047886144449278,6.592875708173897,6.063667937044742,6.383115989452526,9.705930917104471,9.394115327313418,10.870560401369774,10.959289488740094
900.0,gromacs_replicate_1,68.29371,6.528315035148819,6.630993421574764,24.332016,5.094145976293111,5.274291381168532,10.836906,82.21053175719119,86.91142840327372,79.21590431304284,80.20670364143892,89.50759615408928,80.77976933289558,72.92668602945992,78.87582169806839,87.53996371022708,76.65459296484886,81.82427966173789,82.51039083786979,7.52927838803584,4.892560609127898,6.719788062040937,6.134531593195717,7.344089323939068,5.958615282148461,5.5637211415032874,6.340149718936553,9.979354371946618,8.916433103890224,10.90839752737083,11.884319449154932
1000.0,gromacs_replicate_1,76.85195,7.157243844835226,7.351422915797452,33.905647,5.1485596219229715,5.282492874277566,8.926849,77.44982411521015,88.05530847973212,86.24284028403379,88.8858749615869,82.52367138529983,75.11003146750608,60.66019365775406,66.26361907923854,80.57529573296175,88.00858130532131,87.42395910405226,72.08682708828319,7.22105994942096,4.747444557287934,6.231761584927092,6.361188499867705,7.2754844356826105,6.846316975506974,6.299126736054689,6.372279470475273,9.7436967154766,9.076656600340588,10.381611121861772,11.048040300477634
1100.0,gromacs_replicate_1,83.69743,5.819113750020631,6.143542587179258,43.010925,5.315980453807267,5.238803254671266,12.589714,70.59598441974732,84.14372955564328,89.01899411804057,84.66775835557594,75.25773958518688,66.3506340366885,50.910962268361665,53.333666824554996,65.72273278426273,77.19658784500257,76.33429286003076,63.00837011399731,6.911334688137896,4.244149026713036,5.8949223947248,6.386269586804544,7.728194034541109,6.694164893282982,6.739616399534907,6.537456069480323,9.868698365740451,9.30324273584963,10.24054779744115,10.723580935485481
1200.0,gromacs_replicate_1,79.637985,6.242317094729334,6.601260766587566,54.19796,5.29729029941386,5.212870668703129,11.525917,69.47121247632269,80.35338381722089,85.55091806565616,83.48289870025515,76.76148424768157,67.8643326856302,50.83992593856989,55.07692761570884,67.99530821691056,78.76299013593233,75.9828754703195,61.85019533991953,6.8641661126526134,4.380638628941131,6.261290138099647,6.210493801323904,7.424419495038353,6.766660198666592,6.151949736990314,6.6771115815510385,9.91785004828608,8.905224485597724,10.63269903040489,11.19082436540049
1300.0,gromacs_replicate_1,80.541504,6.624795171271242,6.106609826715753,17.686195,5.454971932714869,5.5675643836883095,5.8803635,73.125257887227,64.86878905754595,57.62375857058729,57.011972125252505,63.69216925868358,71.92900669583285,74.59556396219219,72.36116809821434,82.27422622123801,84.89068534435555,80.71599050061721,87.82350624862403,7.462394211661868,4.6642555355948225,6.274371418836009,6.492602097569835,7.703786712946851,7.005363208530181,6.232369012786036,6.485488789536118,10.676962396510115,8.936641699009838,10.319706587091469,11.376448346020267
1400.0,gromacs_replicate_1,79.456566,6.354661569469993,6.4475507198317565,23.142258,5.14907934027407,5.279957334295925,1.0319214,84.86806242831771,83.04703891338022,78.28929680142843,82.6693556499897,86.98626907012,79.81343667053473,66.93358007159773,71.45549140163124,86.19592138444344,83.58742245166336,87.96360451659841,77.30864282256826,7.01121317857717,4.093477883095143,6.310395680779705,6.592080600905582,7.397357942670946,6.765818084400222,6.122982507443295,6.748991666002569,10.058980223156146,8.986739711693987,10.213183776921316,10.682619942428527
1500.0,gromacs_replicate_1,84.48556,6.974335369748008,7.002967403843536,20.727707,5.341696276120292,5.514086260935684,10.535164,87.62647847474429,80.20802954409548,75.21855484922317,80.18350769186848,89.58059918203378,84.05109888719265,64.83088048565412,67.66333239942234,82.07918142916633,87.61135345680569,89.35423233909181,75.86580484680034,7.300522900267155,4.5192077642160005,6.449015427527758,6.472804105757205,7.509970416143873,6.2035709307117175,6.119812475601636,6.500672928386743,9.558339129758213,9.66100092087246,10.675522377129427,10.706587499525446
1600.0,gromacs_replicate_1,65.9204,6.7332571904313845,6.784349626991496,24.517952,5.179991038073688,5.255928403825101,6.912491,85.03959245282579,83.592186464445,76.97736784220425,79.89816093540983,88.40823849521956,83.009141187587,67.50962236826702,74.63382244819451,88.31671728525907,82.94059443578315,89.31996628733468,75.85115582281595,7.378980445421224,4.401781111101323,6.56879209196129,6.452605606563316,7.348515624596751,6.150223553128091,5.963265553289496,6.7235291373382156,9.777670174458093,9.03217854473951,10.601469430816891,10.24669483641461
1700.0,gromacs_replicate_1,68.00936,6.254206685955435,6.196723957086093,23.62101,4.990186631513559,5.149353045142099,2.4425507,87.73271244759773,82.1175873557783,73.13156166582098,72.8749023266066,81.28760824958918,88.88539646729669,68.84747842117036,75.44587221558386,89.75079834166569,79.84087188517286,86.46138274897734,78.18201112761308,7.624099982415168,4.907685740604882,6.388219418629901,6.240596214364393,7.292126910359374,6.257769131671206,5.7429667967620475,6.828012544601428,9.93868398762345,9.575110003733638,10.959061475453561,12.003876816338172
1800.0,gromacs_replicate_1,69.86671,6.20346832902298,6.235530514725897,19.698868,4.916198944881615,4.992681153911806,0.7201233,85.2386794022007,83.34468912176403,73.8567284672627,75.73283478944359,85.27463228057908,85.57930370402663,64.4009543318645,65.88003836559785,79.37448585247635,87.3385842717158,89.34265751283117,76.38673350657612,7.531119924173457,4.8067003031519295,6.575352501351659,6.540310026887033,7.630634867063022,6.13876275633768,5.853692374667277,6.671045947389736,9.331481348301523,9.038846030631921,10.333720725452556,10.8607193599332
1900.0,gromacs_replicate_1,85.6074,7.160090709180391,7.058822197524151,24.862503,5.152308368316515,5.281340640002676,8.196594,88.58064921821688,78.47856624079863,72.59074368748303,75.01941089515283,82.8136464735916,89.60680341522524,62.0460814853846,67.77678517468526,81.84302717477493,88.46472801561455,86.7597499424598,71.72793561374722,7.145806040078858,4.38003779666235,6.364337427033298,6.457707311305029,6.898047322803066,6.206844712684134,6.0095039162246096,6.564472823728833,9.395551485293579,9.537980469209904,10.711186077007397,11.42813981639582
2000.0,gromacs_replicate_1,80.48707,6.2420390587813745,6.300303702400867,10.451653,4.834991565180116,4.940540575989921,1.3603287,88.93345501616183,75.93108679825603,74.31381435951933,82.2061484814502,87.3675749100672,82.63900597739266,64.11753038632561,68.34697885553827,83.24381201116155,83.94814349199922,88.63657315380637,75.31913142304892,7.343932386683043,4.664694008534917,6.404415191430268,6.569657251120452,6.919841441784503,6.097792930465796,5.686233026251663,6.488799462549969,9.59703130286989,8.78693742050364,10.769610347429984,11.163762238127216
2100.0,gromacs_replicate_1,76.466965,6.377888097177832,6.341775310068754,5.4225464,4.95551538470837,4.961504194565756,15.492027,76.72689025252023,64.12084728451072,59.61427597882644,66.56798848235992,77.81539607713312,83.3270234280834,48.877823522385256,48.8911730184495,62.14287179221922,75.96424662167907,75.40943707800223,62.36287612332339,7.465571265008508,4.823457565518882,6.4736615820866765,6.542237602417019,7.013186647393131,5.996666760188912,5.730559474033162,6.798633588322318,9.762194643643962,9.110402840596612,10.438981422680804,11.132176124819612
2200.0,gromacs_replicate_1,77.75115,6.520588330080007,6.6580684577789535,16.896133,5.091948307696998,5.268336120326901,6.7639694,78.01350660578309,88.72780730985471,85.7370172327875,87.53108870180455,76.84841377169907,71.03856944246138,77.47626768571651,80.76983068894233,85.1219890500194,73.43619665086251,76.46749338385312,87.99302706134321,7.741828870248098,5.074133802779541,6.502515486367057,6.295024022758185,7.404562733202618,6.434070701341958,6.217475404711061,6.469466812562351,9.533751567838946,9.655615855278876,10.419535217350305,10.868134144832196
2300.0,gromacs_replicate_1,88.461494,7.47559467763375,7.571821972338269,8.555016,5.089795858359758,5.291259184504576,12.087822,82.91847608331365,86.06022689945458,84.77325637648835,87.6090876932264,78.29195098560646,74.78464434157503,64.13946106583893,66.82273212060936,81.64966841076645,86.75602335694444,89.7441094133666,76.37375855516775,6.885005282103477,4.356636111903462,6.466912653665355,6.486146652734104,7.091547501536877,6.477746393016337,6.267327936914897,6.67003231483222,9.806178059960995,9.337793350612035,11.172538907746231,10.983713858313733
2400.0,gromacs_replicate_1,87.176125,7.362937081726466,7.326525773924934,5.674118,5.041210530975906,5.227438591636369,7.8362885,82.82035519148724,71.02114712022625,67.73188652965871,73.64039318929315,83.45590187244672,88.40489534893598,79.40979228271237,86.23131191162295,78.88148580014672,69.03345579489539,76.52638544391782,87.59087101787381,7.259689032031642,4.559852019452282,6.414838665469479,6.645575058320772,7.528627580291238,6.489880638866539,5.908778656765712,6.360417337561885,9.066575452594833,9.54668364915021,10.876370633937464,10.67859207683694
2500.0,gromacs_replicate_1,89.384346,7.063758192226701,7.212197578857695,24.421585,4.962098816068538,5.081560541011626,1.5440598,80.64719984027217,87.75198253390784,84.09114159518461,89.48760133569989,80.58920563903698,75.1626451521329,69.14736752620888,68.61241251056595,80.47199668592225,85.50191494978127,83.393589730644,83.11706221395437,7.370390867004199,4.677508058466082,6.78094649817962,6.91666642130058,7.082815388690074,6.280692330327968,5.815860323335692,6.662952504198435,9.923193333663368,8.610360813052015,10.629446806426193,11.379777755012935
2600.0,gromacs_replicate_1,88.46967,6.488962947806006,6.5828849004556895,6.4067383,4.996894007158525,5.092620907493046,16.948929,81.28513711845697,87.23213869112814,87.59026089607617,83.28942856999745,73.36521016500734,70.72137158403899,51.717571913544575,57.7968017675104,73.59343478822612,82.7578807400882,77.00865349593467,62.359958141502204,6.990465713822993,4.516074233836149,5.980821419798082,5.986219664949093,8.270385073986205,6.766540110267711,7.459559232090508,7.027639053263574,8.855327207584894,9.702868538845545,11.234874473023252,10.38696807588759
2700.0,gromacs_replicate_1,68.35371,6.460272093012472,6.624681060623141,14.774277,5.213119332441897,5.219862947464991,12.22522,76.52583855449791,89.2808348714487,88.8835758486226,83.14038334482755,71.59185065701786,67.46092253658256,66.80939163210473,74.15025728231659,87.59303083873851,85.63860114905533,85.89409748278815,72.26471227937921,7.473397749140129,4.436799844614116,6.523869318825185,6.7938174671031595,7.153147018399732,6.090883857197818,5.973835316905053,7.114711357894163,9.244534150960313,9.120799560331669,10.199304857767563,11.032771266688787
2800.0,gromacs_replicate_1,83.942474,6.809479758879085,6.910692307758526,2.0478287,5.168328766293669,5.3577411818007725,6.9937057,85.313185626642,82.16706013862333,81.195025908498,88.98157190858673,81.0296790717425,76.94920951898756,77.30926702203551,81.58106339524856,84.34945946756459,74.0495977771954,78.96604548866728,86.74993985837334,7.2834738092400375,4.418650610485782,6.924857553918416,6.892304589090878,7.4194161986941785,5.998379546271684,5.426335922332976,6.329363650003829,9.541411042126095,9.259286802790731,10.974553539245925,11.555752606876132
2900.0,gromacs_replicate_1,77.07774,6.255475470178876,6.396188645448606,11.328201,5.083341604992455,5.070196280083612,0.2641449,79.61992554382049,87.30631369986239,86.00636926156156,85.53935426938972,74.40597440715956,70.1938555671733,60.45590214073374,60.68875713847647,73.99765334903617,87.25454935035509,86.05809583447993,72.33204645614907,7.356271311116044,4.690827733262195,6.00571930491263,6.269179082572754,7.272505429322013,6.1355097259241616,6.2060911895225255,6.490259765562237,9.44428749865,8.939650409749854,10.184087893591698,10.650832264568482
3000.0,gromacs_replicate_1,83.898605,6.240663000069197,6.222739076034148,9.729179,5.206386601964395,5.318848316723018,2.8139343,84.31779662527276,71.59806562433347,69.05839379476514,77.28912288870298,87.64280200819466,87.23869950856194,65.49522773493314,71.210792834441,85.17451259338429,85.17467450710966,89.89082357710392,75.07853527282458,7.195179181460517,4.400202148478584,6.441449757330075,6.365029199355627,7.318746397120149,6.154084891466516,6.131039791214469,7.019614906789318,9.615934779724975,9.339692949584778,10.599740983865129,11.3894634317103
3100.0,gromacs_replicate_1,89.70902,6.389370631621289,6.464203978473039,8.82859,5.281756842663128,5.450450655823034,3.6126404,76.77355288990437,89.80761822461685,89.91058955151529,80.49762040093964,69.83557518053665,67.28787022834035,69.95752056399907,71.92971980811548,85.96318047237973,82.53819979455002,84.5656791071478,81.49608574418791,7.327314477304919,4.636855748231909,6.557672046871449,6.6121959192114685,7.529820553099022,6.231234947807196,6.144752992462755,6.526597116692899,9.71613254356307,9.165869093019754,10.649444072196028,11.170127860475564
3200.0,gromacs_replicate_1,85.33897,7.496244571039189,7.630595109587345,27.154888,5.158696518136535,5.343116535749183,15.796135,83.01642046354846,86.51697229399775,83.92525745540155,89.53769174812254,81.83848481980031,77.27455214722461,59.29369517516159,64.34813224404184,79.25349533756318,89.400014250896,85.86995618750512,71.37190403624959,6.8700264445514225,4.243065413915108,5.977103201269933,5.7594863402565615,7.9542920885622745,6.68815654091511,5.947921791785411,6.2448451722453076,9.815839953725938,9.57427498311899,11.175325600659074,11.190106506416651
3300.0,gromacs_replicate_1,79.03587,6.370095947708916,6.494575569491468,4.709236,5.0281911090037426,5.125408949828228,12.176903,88.31462098329759,79.66924363071304,79.90037806317373,89.70310633455757,80.43307296968665,77.0520020059597,56.80802767988611,60.09625016275131,75.25419285963603,86.52429064547142,81.67177640195405,67.89677032344787,7.448614038035655,4.733716911674176,6.519944347744037,6.41665539974692,7.731555458632016,6.440845005993011,6.435558441317767,6.496355995763879,9.553821618845067,9.197138491759691,11.076737549209192,10.82514903876963
3400.0,gromacs_replicate_1,88.92337,6.509721556689174,6.692012367404814,30.173271,5.3628206725803835,5.536036774069353,3.848442,82.10417945611287,85.75238163380948,84.08514565588764,89.49586267100635,79.45889577556463,74.97450915265834,70.95355277725855,78.36681079185577,87.67070008590217,79.39141736625271,86.42243578154506,77.92215493835447,7.569088635934335,4.5825858444403815,6.142250711322904,6.172803146689107,7.507981570714056,6.780370109133363,7.273985940567244,7.018786985486995,9.77271516110085,8.78158829030614,10.503467188638314,11.060963796738067
3500.0,gromacs_replicate_1,67.50323,6.628047761192298,6.797083619338018,17.517586,5.0079239624786975,5.18570965137301,10.099968,74.05808127223118,87.56637614666657,89.0702199227895,83.6978322771784,73.38718283551101,66.94635818970839,73.19036382295755,81.0695822359133,83.80140644556793,75.5142145122561,83.59343468290976,80.70091888610237,7.401894369444832,4.493199936780965,6.45839641085986,6.4372867577208615,7.714831686373618,6.3964591683531875,6.418815518153175,6.730702829262317,9.62894591225915,10.370222106937762,11.074253209825997,10.595744093136041
3600.0,gromacs_replicate_1,72.668594,6.66323428163389,6.791787726916584,6.192787,4.89621811838482,5.020257181509313,2.4859009,88.63157072186681,75.69703566764109,71.84113276690279,78.95083687613239,89.313103137267,85.04521263838191,67.46160794509848,69.54032847632115,84.45295763510218,82.00724328497313,86.6925382359388,78.80815381508783,7.4335359455324665,4.734228408559519,6.733737010647879,6.65419495811685,7.512280554142797,5.647073936961256,6.142316336734605,6.530837846601265,9.587861617035896,9.459498863789914,10.346852384088079,11.112111221861415
3700.0,gromacs_replicate_1,80.937904,7.311973961671944,7.347642423997668,13.373795,5.109528980294019,5.226730940953627,6.167366,89.83423768358679,78.22914963084492,75.03851483083075,81.64214769270714,89.5984564139018,84.19932455369911,63.274808848226506,69.60866323953178,84.16979325498104,86.91522847932242,87.82614964316748,72.22168454193779,7.140270136204539,4.93418674059013,6.978999721047018,6.728488156558873,7.263965740669834,6.614492138326515,6.241711532545911,6.248632467128679,9.666374809956332,9.642463869721837,10.981553449714868,11.123473857290472
3800.0,gromacs_replicate_1,80.98202,6.401800049909902,6.5195804407259335,13.741219,4.70957848743688,4.87586503341201,0.7735596,77.79281224960292,89.49071217614718,87.06629157639213,84.50844573011844,74.0675885611565,69.31121253668859,69.89984422729658,77.44608642212738,86.21998786222397,77.32983387626523,85.57336649402116,78.37398398015544,7.54563851772251,4.645203613602095,6.418456406148429,6.41125226668846,7.586534551476526,6.393586608747241,5.836568531181012,6.2729273141802695,9.386368308162318,9.577445495447654,10.9423404608798,11.063095251456184
3900.0,gromacs_replicate_1,73.04415,6.365449098046044,6.472379828114794,19.159302,5.109730840713838,5.316783378350369,11.419144,69.38284730699748,82.39898879631976,84.08284841630032,75.58389104777805,64.5891719753565,60.28197392032123,79.93593326032558,83.3269410683033,83.15735779314882,70.9908037784722,73.59013282805596,88.74277334126836,7.479690891294247,4.628852919635249,6.583927046872725,6.043355613289549,7.531357089406764,6.630404855581325,6.1554757628312045,6.985687956989062,9.949015561153798,8.900830271251781,10.938189402588645,11.089580784103232
4000.0,gromacs_replicate_1,85.882385,7.68205068344959,7.78992675116267,26.376831,5.863869029050868,5.920242379605784,3.2950516,70.57262769760679,80.74826042078648,82.92417803517475,77.22753972939198,68.53660638247015,63.81576245368389,84.97066446117063,89.90446986763638,77.3083094707654,68.37648448121647,72.5723047027856,85.14623301439676,6.806219129077535,4.318725226916639,6.523966391544257,6.392637771590799,7.398882614562323,6.198538443901339,5.93448645247889,6.127746958706439,10.734005825349188,10.195944549435726,11.401230295842735,12.070991736033665
4100.0,gromacs_replicate_1,85.94707,6.951194407163322,7.091200119378201,18.90239,4.918333259244275,5.111942838666332,1.3749237,79.53167394835046,88.53030926757609,85.66152879566074,87.9038387495671,78.10012022805188,72.64409760160054,74.12312275098402,79.98163944221687,84.32925730691959,74.40738671219803,80.4976610249188,84.32509839081102,7.611964817630894,4.677060081888877,6.828155166039947,6.873365681144109,7.043070818026192,6.059770092211255,5.724044254126445,6.40705628590772,10.091461580105621,8.78432710557872,10.820109496837677,11.841121205023187
4200.0,gromacs_replicate_1,81.65466,7.061778058901506,7.265515613591699,32.020096,5.136194941132415,5.292914401904816,1.394989,79.80188591692136,89.56519654346286,86.61318865404886,87.86469416457282,78.87526907569033,73.88355203922562,68.32650366494855,73.88188546545065,87.76646778880276,81.59988307323543,85.25061191420095,78.72309578985075,7.065399115457946,4.4903449064054834,6.029022614735179,5.75091965019823,8.012769990626342,6.712552899224194,5.976723101295061,6.557835695556771,9.570008524874765,9.613350813856563,10.81203569282432,10.88386055103958
4300.0,gromacs_replicate_1,78.431885,6.626108891055906,6.734389350060015,11.608223,5.0898912481810985,5.252943485988903,6.4945374,86.91221932602144,80.51605249236901,78.33380086761608,86.42392345757844,83.76942421008356,78.86124559822898,65.69193457176927,69.9862520656034,85.00648838176788,84.57351444757576,88.88701464353323,76.71018941118307,7.3974551992807625,4.690461570528007,6.101725582879239,5.927751805711884,8.174182824534956,6.696903970686656,7.022594319614882,6.378615763035602,9.778433240689989,9.678857373771043,10.752764412683549,10.591248507769398
4400.0,gromacs_replicate_1,79.68954,6.778739122977084,6.947848682967565,19.822258,5.079077600511347,5.255430919181317,5.0185547,84.03697945604387,85.13903706456477,86.07375488481361,86.67474565014238,76.71251154875634,73.71221558295504,67.07085769892772,75.4193966977537,89.94263965696838,81.27245969641625,89.56934976054272,74.10406236761008,6.911947244433957,4.301240449062296,6.434171637298002,6.618836082694471,7.983623916823503,6.902117405144905,6.821511580871779,6.624202745208337,10.056978590476957,9.35681256987227,10.722263834452454,11.12110949466031
4500.0,gromacs_replicate_1,71.900566,6.799840789209536,6.87497830533615,11.579941,5.11366314526143,5.2983478940844115,5.4049835,75.09333978563345,87.19788236642397,89.06844326787397,81.14028462006146,71.18211240066343,66.9046466281977,76.38860274956922,81.81026313908164,83.03259008733247,73.30449067382557,78.71050649280197,85.94171689493993,7.483241495594009,4.818676216879207,6.62807651272249,6.803318787705821,7.3612063030549955,6.148559019501087,5.689820444572597,6.69086039924619,9.899472170099537,9.461229515945552,10.770883549250618,11.14411269494617
4600.0,gromacs_replicate_1,66.98882,6.555399710994672,6.730922315845073,29.74504,5.164970821324275,5.317125936863458,13.230789,80.35532286644462,87.68356851757366,82.68437115043133,86.89700274657396,83.33012275437926,76.29181497824902,75.43914768761701,81.43843960870849,85.20643535735806,75.36104336000854,81.03405723647731,83.09377454534797,7.445042385169814,4.617625471208437,6.245490820600319,5.9686827710866845,8.178100609478577,6.893602426503386,6.751225359149576,6.307089699520123,9.907261736705017,9.707149015523315,10.572592550676434,11.11871268023146
4700.0,gromacs_replicate_1,81.25018,6.465444229809899,6.623192653230673,15.174667,5.277090221817443,5.4089441759992845,14.20639,79.60338337746715,87.23240899997698,85.46554772370048,86.73444641252824,76.14593991664327,70.77052443185657,57.7750548578322,64.91539239625884,79.60506575681556,87.76046557319138,80.58499664253866,65.873741098081,7.1962000770490135,4.30578172963803,6.82054521675315,6.424184380138241,7.633366579102568,6.708575561683553,7.079728403882509,6.094523387330321,10.071405423498412,9.335094415627838,10.522921638804274,11.480372007158058
4800.0,gromacs_replicate_1,65.88846,6.2436415347277965,6.384410589067718,12.489319,5.11040900569372,5.161505135869765,1.2193909,82.33069044490242,84.01380371728533,79.27753488730536,86.45092210921608,82.40095533937378,75.55804314733035,61.648327238893394,66.43278053384756,79.87422605323091,89.17073584621495,86.55377238552646,71.98235803317965,7.47994837479936,4.551693194445687,6.704837729435649,6.545446019001855,7.858090987037879,6.598409485143854,7.27617911479003,6.493663623275515,10.003261232575257,8.975825266323787,10.560842862223256,11.463997260878571
4900.0,gromacs_replicate_1,84.59166,6.248206164090208,6.163336238895926,31.910156,5.042375618205616,5.117047428266761,5.36145,87.53171955342674,76.44510568310946,73.77237078558242,79.74933554948547,88.9060135606626,86.34921250223914,86.01679588884433,84.28030839247899,70.34561905361164,63.00541277191551,71.72015980208882,89.0293566143929,6.908307143252031,4.679737846783166,5.760743832051205,5.953511939493568,8.478189901084248,7.291322876530486,8.544569492548558,6.9204827413569285,8.98488778634414,9.683219515564792,10.489923219376815,10.411221031381231
5000.0,gromacs_replicate_1,66.05895,6.2044854333637645,6.355569976868871,17.158669,5.356178232149207,5.172548440128159,11.50634,82.19998088606208,84.80108773803349,81.78589056383029,88.46616327862537,80.51795713748353,74.76286952573354,44.621176237795254,50.75631902575224,63.7589502293991,72.88140627096412,67.33178658578497,53.59679074189557,7.041567957481645,4.76216422634968,5.9647426751398855,6.0017265160714555,8.422978829024046,7.314250975892959,7.187352036802234,7.001528088327934,9.449933293242474,9.04834722870217,10.152194164281983,11.028739912680836
5100.0,gromacs_replicate_1,75.987816,6.314051315072111,6.400233527885795,16.879921,5.170637678009803,5.3249583348547525,4.3249435,89.64776904529461,78.47379045994417,77.56452315672827,86.18708779020041,83.26746926843681,79.42632634088474,66.47064830552084,75.10396912923981,89.66618923050375,83.86532815672203,88.02981458518116,72.83258429791513,7.023063812724911,4.339147746031029,6.430872590786048,6.055334643868969,8.406808846919146,6.834471741678579,7.003096954509497,6.252033726773353,9.35472752914503,9.614457096672655,10.70733909131654,10.817997580937881
5200.0,gromacs_replicate_1,85.33487,6.021218090948006,6.206455196850646,28.896313,5.481194696102878,5.599342469258251,1.5493774,82.80420870012125,85.20434372502665,83.50631944232768,88.90993615578478,78.79963078241934,73.56011632349677,69.2372835802855,78.63920637999288,88.3487366868502,82.4405742343519,87.95299440122695,73.06172177113687,7.213381563444936,4.646904868104705,6.267506540328694,6.440529744719647,7.484035431322833,6.744339877262729,7.695077488571001,7.252625633781469,9.459803562089602,8.83400684668874,10.196694313393735,11.479376759782552
5300.0,gromacs_replicate_1,76.67833,6.996468776674845,7.281762760801579,44.87625,5.15151362021757,5.1999408602221395,18.628609,69.4209539795878,80.11670649345974,82.00064789946904,76.9698460376817,68.67091649918252,63.57101706354377,49.6597715073277,56.11235518261592,69.82642474325927,79.60497084079985,76.39562456005851,60.65530931723915,7.296415446586384,4.654727072060873,6.053017169350275,5.7763918697125245,7.7338462411175195,6.700423562671279,7.291207960141149,6.447454621243525,10.198478372500633,9.6279040000313,11.116615676484972,11.938275298463335
5400.0,gromacs_replicate_1,65.37366,6.725937885249344,6.665629970467646,9.948158,5.0761963367078,5.281435109096339,9.331245,84.36179443534863,72.00451220699335,67.9084826060837,73.056181044702,83.08984877498227,89.54233523560819,78.53555194260716,82.92646850468903,82.78373566745402,71.35708843261658,75.09694192521344,89.72167939317663,7.28855909767949,4.531169070781279,6.342968680229696,5.965301948156885,7.640690148465193,6.45133125733831,6.713934319311611,6.358045917855438,10.011297353834543,9.403556389119615,10.850357141280409,11.842028180283426
5500.0,gromacs_replicate_1,86.70087,7.301883352652959,7.353179866496649,45.2191,5.083222279537543,5.247237049022609,13.105919,86.972134744739,85.00262310524586,81.77528517719345,85.56887389888806,87.92489415425949,82.94800780531301,74.59629115144243,84.42665926440705,81.84208076247361,75.46142985920999,82.717521202489,80.62820845674801,7.096306321366444,4.516723269031908,6.049342016629809,6.106229570555212,7.679402306150744,6.755212640491603,6.706722293961999,6.551395740015825,9.813536040021468,9.719119153833839,10.930646747390972,10.831978339377862
5600.0,gromacs_replicate_1,68.18453,7.115433050129852,7.390601729838793,35.36848,5.598779475766899,5.595338665263173,9.753288,74.5218253941175,84.97580688943025,86.04476461016687,80.12828785050671,70.6329505867714,66.30087617413632,85.49729151538165,76.20442576154012,63.65592151322555,57.20684478645574,66.27975354586277,81.96098726473846,6.951252874978138,4.11732149545869,6.0626473032679655,6.006724631221182,7.961574274948248,6.740149669094897,6.894035261240222,6.59387781370253,9.974996739639248,9.354419208910592,11.634413528651514,11.579165817465862
5700.0,gromacs_replicate_1,56.90301,5.986634967431046,6.175282368474743,25.71611,5.671956874911455,5.8093411978894895,8.539429,81.39767722176916,85.68646164044138,81.94871285616057,88.54521491304958,80.16216172027448,74.21748949786272,79.19650931841022,89.50483606945222,78.56720419684301,74.56997388549833,86.08483549827137,79.96359435857242,7.620703599305742,5.018906740747963,6.44126094081087,6.456982971428568,8.05527730446998,6.6398261869318524,6.77721528445784,6.472009792176723,9.41697543843272,9.021323125132533,10.191478045598776,10.839880703435071
5800.0,gromacs_replicate_1,82.7331,6.6324468629560345,6.7511588602702135,21.065094,5.089665857813181,5.29828638219063,10.923622,85.82154679631996,82.58075445150843,82.01428774264772,88.7390826120821,81.28990850563699,77.186840605033,65.78041240900254,74.58202017001163,89.26052773518505,82.99267846369399,88.12917436098333,72.57748314880772,6.550150361586068,4.162745495766617,5.987203729654927,5.901985763193042,8.431647354121516,7.178571120217443,7.850557417405657,6.546834939887412,9.33992031526379,9.667076741824008,10.482823876054063,10.698755561271
5900.0,gromacs_replicate_1,74.54464,5.996455759671821,6.315149849617868,40.893753,5.597393212411556,5.567865980109403,6.9593353,71.56708194144738,83.7245515035042,88.11579919573146,82.79591158741854,72.7731201629483,65.49313763697806,56.287882076514684,62.60210073120379,75.4992961664034,84.23435467400189,79.57298433098326,65.07991519525523,7.143971418013447,4.538602039766091,6.437628625425336,6.559491814797094,7.371938944074236,6.59412086939184,7.34470102764892,6.499224040706476,10.051583783410942,9.276989040172827,10.142989661559373,10.90513891088036
6000.0,gromacs_replicate_1,69.039505,6.324532731159193,6.513695876997138,23.2398,5.349553804558334,5.395472686253356,1.0878906,82.33372759221739,85.65979227314455,84.76707774535788,87.1619401247727,76.60359767436043,72.76519883337663,64.10271661857692,71.81515609696467,85.16528308383288,87.92773919145122,83.89129998093863,68.24759124658357,7.215271874477381,4.46868080807694,6.048999817317391,5.977159544752816,8.142180892172366,7.235900444272537,8.157569604872561,6.839398187923155,9.451457096267893,9.728331026521511,10.106857604876849,10.387246607397687
6100.0,gromacs_replicate_1,79.57701,6.379194192095459,6.5012184287364345,2.8985748,5.73432071726832,5.842483341665264,21.883133,86.20278571700239,80.41428812732326,78.93209686500994,87.66559626759822,81.92070349331962,77.02415955724973,50.353974197653315,55.141201773603775,68.26504336784463,77.72932576735053,73.58577732495971,59.94297915836832,7.291108322187861,4.6302245380124445,6.8511724435325805,6.605063979249422,7.324997853044231,6.473220827918641,6.960739103352476,6.694441934269583,10.178688104954944,9.052894025402379,10.579456854656172,11.519972664234055
6200.0,gromacs_replicate_1,77.47585,6.682876092449867,6.895329779559957,31.732357,5.145749264935587,5.335856397254397,8.241684,75.7548771172448,88.1193604580751,88.562300024196,84.71757348450993,75.1029385339864,69.04979199532242,68.59800645747848,76.91645144358411,88.78324456009116,81.16440923688613,88.45952218561463,75.9018060127147,6.385078161640867,3.9893479727166503,5.984312013898557,5.740717192306463,8.379454993299019,7.107508297509705,7.783181870481482,6.581189492461552,9.20563473700857,9.794937791439487,10.743169247263179,10.421519997513949
6300.0,gromacs_replicate_1,65.720535,6.980422997214775,7.035823004327284,35.485714,5.772152425932575,5.63295055434537,8.040405,86.17322523556857,83.9401490709393,80.239955779566,83.81220312063132,87.73801976511035,81.76848700185091,62.213605821564606,66.39465334405945,77.64368187091921,87.13195304477037,85.23433398175519,70.66479663697292,7.827217313207636,5.014403871243956,7.036594987525233,6.712544150074029,7.389713723934974,6.373699933466994,7.109617422050213,6.354898529156997,10.536915835039443,8.999985640029703,10.845847136724126,11.837405643445852
6400.0,gromacs_replicate_1,69.06501,6.623301322880829,6.7311833538108985,26.518871,5.222238162788314,5.264439127737007,3.6581497,86.31085738891694,82.45788808423656,80.3649270727338,86.82236101333997,83.38637513351408,78.55638936258278,60.21670113794098,67.21708836879252,80.46075511939394,89.62441934252178,84.59645461105706,68.7934110132134,7.216687970855752,4.50800732211115,6.006952181276898,6.061120030861863,8.287667986641932,7.464993247171884,8.10517725069962,6.759854671064218,9.24006527457638,9.270522239942103,10.526622447708638,10.834092196970214
6500.0,gromacs_replicate_1,64.07381,7.113141255169698,7.356726963780121,28.544487,5.459908116866336,5.661831770908733,15.38385,73.80768652369828,85.0989867047306,86.90215902478154,80.75225253336065,71.20611294859583,66.24063479013921,82.9089847191023,89.63819797893174,76.3140302362354,68.40419331901862,75.69536706228641,89.4407453135784,7.4479479625194225,4.593519106662225,7.182767866774608,6.510772554703589,7.340500001166394,6.40048308590572,7.18508607060143,6.421109661134868,9.931807229954442,9.253281378569019,11.39849265145374,11.764615664203967
6600.0,gromacs_replicate_1,76.05814,6.714252552218024,6.895696928631008,22.403221,5.414600288075836,5.513973456976805,1.6442032,80.93293147272264,87.37066858154647,85.6072654968467,87.16887996683094,77.36173815608008,72.45622330182428,68.69309202642734,77.70878860763275,88.47142322383013,83.36105697904046,87.11115030124888,71.95691507865006,7.228188544762059,4.579956602889655,6.445131456707223,6.3004226080492405,8.177010434627146,7.11438129346866,7.107156115522158,6.42826226416621,9.676331995570724,9.165973607180453,10.885759462861149,11.009742762164041
6700.0,gromacs_replicate_1,65.928665,6.092175605357012,6.2148761364006715,13.73056,5.312075463165046,5.396815286306265,3.8953857,85.56847513499294,81.45187340371407,78.40042391782302,86.30484863884031,82.91153711153893,77.34390378092968,67.9889094714048,76.35198163677246,89.96604973008756,82.6104309752315,89.39290867052856,73.89599039481412,7.605001964476711,5.101679776173837,6.275601515728685,6.197320615565985,7.3856424825422975,6.33993018430515,6.545093789618735,6.503764099503455,9.366976523155317,8.753743169360106,11.161041204495922,11.108903019788414
6800.0,gromacs_replicate_1,81.66932,6.957777586394213,7.122494445468875,31.635223,5.764156082910503,5.8749486351898,7.67453,83.78510856087881,85.62717439157403,85.16791710420755,88.30695868585894,79.67690589660381,76.26449109893844,64.60258099976241,71.17346796303796,83.94261883039177,87.59242100594716,86.98077659244913,72.02976179356689,6.908887879009684,4.553005215290801,6.13209586032907,6.2741568400974215,7.623175736882787,7.112556497327547,6.941373987659313,6.087574971589259,9.60981361125018,9.102279285610932,10.910925786276644,11.042202384163978
6900.0,gromacs_replicate_1,76.890114,7.106744223233513,7.271655191893433,21.501892,5.557388672573961,5.654171843346339,6.023445,76.96390446247341,88.69639117987559,87.73109173348374,86.43560145308231,76.87557352903964,71.4062636649466,62.092839786655425,68.02221683634009,81.89927081175446,89.06090415228034,86.1200707920847,72.01987898570052,7.408404820739133,4.826762660063126,6.408018497506684,6.18336155598763,7.40985929446118,6.6888156034526105,6.753323053837182,6.423907161836911,9.959303438798782,10.00523928937852,10.818126427791997,11.320660051275368
7000.0,gromacs_replicate_1,73.15641,6.193004801223994,6.393264044965671,25.14373,5.278747680843139,5.324534196842693,13.975967,79.65066142527219,87.11805150882796,83.99893098435294,89.76713910977267,78.89994289352198,71.93492195117668,52.87712284859626,57.506979473454166,71.48066271608569,81.47372352128075,77.82908401526292,63.536395030748,7.283350398975282,4.378814719628988,6.507235601881195,5.905246966333854,7.889555590767264,6.7728001085555425,7.431483480068207,6.358018883613845,9.580011711759218,9.52985825059976,11.110229369894789,11.436631941740513
7100.0,gromacs_replicate_1,78.01704,6.437032127534154,6.6183056880624616,24.484413,5.606760422696304,5.659411601809374,16.642113,80.13119385288023,88.11013544559114,86.41937046076511,86.08097053042796,75.77026726222776,71.29112852865485,51.83231615788073,58.13467576117776,71.6557063204175,80.09907348071647,74.74318532383838,60.70334497621996,7.035700686258142,4.593083898940131,6.346719714378896,6.277985295257985,7.924890879848827,7.1241642145097845,7.579044614186221,6.439382673119114,9.82101265869842,9.466786601948108,10.678107989461319,10.953663489759764
7200.0,gromacs_replicate_1,71.75601,6.399623638933646,6.676628712615829,48.21907,5.6226280996854765,5.358988537004664,11.122307,78.69600064191371,87.94494859769452,89.50802587556346,84.64959422446964,76.72768708387561,71.79862447989693,43.49805332408824,48.197431960851965,60.3161099718843,70.16050468266533,66.35424941213297,52.83645263119621,7.015645680051766,4.522991822141902,6.436558378171445,6.479788500633362,7.092237058155656,6.87064376829622,7.164239506061953,7.021758072845597,9.967014451177612,9.342745872388443,10.347194738540766,11.520662239857119
7300.0,gromacs_replicate_1,73.22428,7.183161053096215,7.225349581903877,4.8707733,5.585728390563424,5.76095527733662,8.556229,87.37239770973689,75.95340938600056,72.87572313885987,80.00986771377639,89.78105874437367,86.01903148211561,77.68560293300575,81.69775601959068,85.34679875159003,74.97686105313298,79.10524790554283,87.08634394740773,7.0302633240592,4.468706850615006,6.725643484271846,6.688776315111081,7.535082763980254,6.363912369360421,7.223396843492779,6.359303577723681,10.141017438526491,9.057463014901943,10.934937615905191,12.0537862554848
7400.0,gromacs_replicate_1,76.642365,6.375398405351094,6.657514305064769,37.693764,6.000149782875584,6.113832126920113,7.3460693,73.34068990511753,84.55008411781793,86.66797227340155,80.46089414086819,70.82831685731621,65.805273308454,66.51464982731936,76.46136804263419,87.84148926788151,87.4532087979273,82.92054927726662,69.06628331177897,7.218644473993448,4.6890520308687105,6.53829184898845,6.610210184498696,7.438940823355813,7.18474662621787,7.131749838553571,6.572031802693401,9.505315398627271,9.02476611511594,10.276921821427916,11.63679047915521
7500.0,gromacs_replicate_1,70.616394,6.18478911611816,6.311922176915215,0.73075104,5.358604190863793,5.442101731637837,8.37825,89.03075094312963,77.93554036488126,76.31135596214118,85.94841610362263,82.82659417514422,79.3891468352135,69.14240955341238,73.5984069851539,87.13941918258068,83.31329971970383,88.77405912234332,78.08616867429234,7.093958768041131,4.491496849882417,6.409575103768439,6.649887318019785,7.895283340106431,6.823847338385584,7.6221853406047195,6.424024837870887,9.426625551011426,9.164028626935508,10.351148871441334,10.596051809971549
7600.0,gromacs_replicate_1,78.058495,6.724290082530229,6.882634257016148,24.732788,5.105694097114564,5.279736475804449,4.8700714,83.20719861700987,85.75501451439517,83.66732998992158,89.5483799154322,79.61400074839743,75.08005435722474,72.98886099230762,78.38323235516528,87.97185371350483,77.14739538285936,80.69505688088493,83.78356564592686,7.028998916833891,4.5800891722217845,6.296592118738745,6.287778382709023,7.651073968505054,6.674498538111684,7.21720428129787,6.26643415877907,9.859414190857803,9.50500842718996,10.92721744897134,11.23115385568225
7700.0,gromacs_replicate_1,77.52977,6.25103984218429,6.372180129654985,21.133926,4.879633217840899,4.909200623626456,10.024498,86.57433948715749,81.66295239084839,80.03451892571823,88.28212781228163,81.15875774916762,77.18159335632795,53.069126462308965,59.596929749098145,74.62597566255936,84.49542226739763,78.80223344878647,62.6414515439645,6.883724617114333,4.324952357155066,6.584940201771335,6.628234910248508,8.009802276291946,7.131621314404271,7.532071060287878,6.262670864446321,9.566060503499674,8.874887121736062,10.401612864950879,10.876164490059638
7800.0,gromacs_replicate_1,75.363686,6.063874506514179,6.202711653518841,8.089775,6.034501475102113,6.059676207573806,5.93589,85.69301394635103,82.37215681442267,83.01120247982539,87.32326102147731,76.77916011387481,74.54672460600894,60.85040368174919,66.2326110853681,79.00013781252578,86.4426689536311,81.79872176479235,68.24835007550443,6.848658544631714,4.022964119245518,6.595286093723614,6.3170371974386335,7.607871185686318,6.893448511447068,6.889327028358131,6.53926497054653,10.170106812050438,9.449393149525084,10.790316545497662,11.605745827979925
7900.0,gromacs_replicate_1,82.330154,6.251038347812569,6.4203641346812645,31.431671,5.386412174992255,5.437763577867946,11.9648285,64.82004521591139,77.45480371567196,78.1677331708723,69.7966958568706,59.470674805103855,55.17746382959691,54.708414685140085,61.13736172442812,75.39830661174575,83.93594555485707,77.50510158865043,63.10489362958775,6.8596331448169,4.479313741216859,6.375902394993748,6.5718237576901934,7.897669129153339,7.130229210562148,7.76341940304714,6.286702871454531,9.390562050412779,9.413664022972586,10.068527235216878,11.03567215399276
8000.0,gromacs_replicate_1,87.313354,6.650884038033708,6.755359963723831,1.0901947,5.264654375183908,5.466956462942657,12.73494,88.33836138110252,79.39846229480203,79.36779259338806,88.47445649154751,81.33892524462462,78.39807939013164,64.14024240052201,71.29232673863693,85.93015682241543,85.88615777037228,88.39992619620723,73.44984787278925,6.801649499829693,4.441603795707013,6.897550259456705,6.808362758117758,7.586203384311322,6.624269061921559,7.158810241209134,6.200867974906572,10.093736151124919,8.989745056430984,10.692635968139534,11.182120714537612
8100.0,gromacs_replicate_1,66.944214,6.497986692370915,6.617697388726934,2.8485336,5.077179951062646,5.194316076810124,0.15113068,87.12049302657486,79.59526317571719,77.79728650183856,85.81555535479468,83.20315138396167,78.44237376046087,66.33559034367715,70.155517942475,84.16053823623044,84.05963217903322,87.87943848397995,77.43170683022703,7.432833535676767,5.047725242818756,6.790367538936229,6.655619127960953,7.610692683619901,6.65528487987012,6.797478936993419,6.527522164959563,9.674512831132498,9.555346291380312,10.668330387540701,11.249347174229719
8200.0,gromacs_replicate_1,80.47031,6.174609286064345,6.378726365384538,33.202606,5.166436731263504,5.246003761390925,8.896454,79.90240225327031,87.82911151712823,84.37277320416995,89.3577126210925,80.7906820137992,73.15186623150706,58.23854054891637,64.84989700185072,78.40868574615575,88.22280646609106,84.36747144252743,68.54334490615463,7.511802334308092,5.112601478109482,6.411982876084151,6.898579875666362,7.472698083375381,6.663667703581735,6.253091033512833,6.64299275520251,9.749513784731032,8.890183756088605,10.150047603525877,11.232721215937318
8300.0,gromacs_replicate_1,79.894424,6.407512906832182,6.728603783045752,46.158173,5.483598853365079,5.637167142570136,17.9384,74.0845533566832,85.14266846697578,88.10616888925854,83.24070109186007,74.686928428403,68.27044115661725,58.276360975833626,67.94318588432944,80.8006797152622,87.16803887556163,80.39490563657695,64.22964078979449,6.999701818587542,4.609785979302739,6.035912228185112,5.9629945014193195,8.151424493565601,7.112337715277107,7.867787986510874,6.205342702673032,9.66499518936004,9.04574599903146,10.21886538284285,11.325695160988976
8400.0,gromacs_replicate_1,80.80308,6.514541063704217,6.880122999078951,47.728165,5.933303645210051,6.015936046804305,6.8693314,69.20357675091434,79.70014716236442,81.58752983307411,76.00540110018294,67.2442726607125,61.21539648575293,63.58424239600275,70.87584279728249,83.13540259872163,89.36254619350197,84.12036703832732,69.51866091895423,7.2633552078727295,4.592988504714478,6.734466501429497,6.348734131194049,7.618832570386774,6.567418370440299,7.823455395240707,6.756904947694839,10.284814994098857,9.007874436691147,10.853167955416424,11.64517274176815
8500.0,gromacs_replicate_1,75.64725,6.34000382998122,6.420480573815776,23.690002,4.9760046016122494,5.13193965398304,1.4734039,86.46415423229975,81.71168401500094,77.15102364694901,83.29080814340402,86.22490369800701,79.71247253204963,68.53490846345538,75.70313618307875,89.78848131330045,80.49242831957548,86.50636204975189,77.03879419446444,7.168767794641034,4.638686348673412,6.700589872826728,6.484266224395264,7.758945890002656,6.775982528237012,7.469706952369182,6.416271626577633,9.53336627896581,8.695491692455217,10.323262805938034,11.261319882016291
8600.0,gromacs_replicate_1,70.15876,6.261538833306954,6.436279535044091,22.966484,5.426958767316102,5.325895867077437,15.347473,79.26312255661126,88.0329948812917,83.32921423102876,88.50958560143958,80.90105916317064,73.29889776809577,46.94598929594397,47.985582765914174,60.35579719543312,71.8013602974651,71.28396741957381,59.10999743515493,6.57670122229359,4.284570457258235,6.232799445716169,6.440345901634218,7.806130391091917,6.768629232250942,8.035667187134312,7.079771499225682,9.871815379199651,8.48958174128621,9.754911821823836,11.45649075848506
8700.0,gromacs_replicate_1,84.969604,7.032328244843895,7.249738941593895,41.205093,5.464529900219416,5.629934830679272,15.490311,76.5653356395256,87.44638438594899,88.63141228967687,82.87368183259368,74.9303280489174,70.94623596032513,73.19458028546092,83.49250949726478,84.1236235353301,79.49036804967149,87.63465916273618,77.76046690972503,6.919637943676475,4.4073922535653285,6.140584173520534,6.276095524227877,7.564171317517049,6.643766516229049,7.163507986291828,6.3996226423278975,10.056208812861016,9.108032422664415,10.896826566986977,10.978398409682743
8800.0,gromacs_replicate_1,79.631905,6.285415537712379,6.510827237786671,42.332016,5.272010216869553,5.39380050818623,15.873512,78.2182343059875,89.45233104683776,86.4479674074023,88.80658763883963,80.54301784123011,73.32227243567202,57.65618948732709,62.58747192727489,76.25369506498254,86.47312675369605,83.45728133718147,68.20051989342652,6.9823243474014305,4.620304708181167,5.841073807018061,5.628959647422357,7.928009513716674,6.931192403906469,7.329313403888445,6.485511511650164,9.706860520699715,9.128976658343708,11.095433337510272,11.062278669476177
8900.0,gromacs_replicate_1,80.31049,6.444111142742021,6.608365475180573,26.083523,5.400164629153892,5.541123382147996,7.114723,80.46319705094699,86.83829480690414,83.0034861174917,89.23301879434644,80.88602727487915,74.61130911189376,65.74700038098815,71.74328982067605,85.19354618152299,85.36027556603756,89.60226446005467,74.84721501891008,7.157787132162394,4.514293590880503,6.331429827810408,6.074199144840472,7.538773079251531,6.381289392176896,7.2806652009862916,6.581316928897205,9.834502984958869,9.123783514668306,10.23743905561804,11.428549900376437
9000.0,gromacs_replicate_1,83.425964,6.214136810227967,6.499583440222326,40.612793,5.82626682241254,5.974696079820116,2.4542847,74.59102620986555,86.15985133292394,89.7911762965401,84.8728166080886,75.75047857444638,68.42846763262516,78.90604200205007,86.4956988331737,80.53164999466443,74.22584589492601,80.82456822079916,84.36170573925186,6.920596906478336,4.202904280493954,6.401786357397419,6.200640841611238,7.418904209719988,6.744110894867296,7.300497901148167,6.441563545199368,10.147164811009128,8.861880171653475,10.344367734922837,11.693058608749176
9100.0,gromacs_replicate_1,78.7329,6.697444331944038,6.93695294574049,37.157684,5.260924299670699,5.458418425522714,10.513832,76.82666701583304,88.48474725034335,88.20721637975397,87.12858003654047,78.59369315801005,71.55147059815756,70.10806262025244,81.47526205739823,85.22477040143737,80.38728543287661,89.97371629597994,74.22901696858438,6.732016857311846,4.101403970227372,6.22048278128239,6.1216509222653706,7.546168081783538,6.888955507594672,6.899418266241628,6.242103622279342,9.789030243784422,9.104225864168958,11.151465027654544,11.064663209335608
9200.0,gromacs_replicate_1,82.597664,6.479376146230023,6.516301730169201,27.938866,5.035182194344464,5.194737178541237,1.8387756,86.71304331246877,80.76142873739116,76.15373922241558,81.09065727312714,89.58566482008543,83.30701793363488,79.28293088516223,88.69254435762791,76.30174055056654,69.89552222793556,77.69659618101294,86.12221126561487,7.269337456698609,4.721618227710648,6.074272074125112,5.913274900411606,8.119033216511566,6.847560571052268,6.74475462182922,6.33774377626825,9.493117701080822,9.177414744141828,10.751768206589036,10.83864638033467
9300.0,gromacs_replicate_1,77.5827,7.216259386881973,7.407889743382523,46.538544,5.507985585103453,5.575056800522406,2.5390549,80.3242987502377,89.40599893933747,86.33741656635911,89.28446668482339,83.82841952590194,77.64550035568584,85.67131059753505,85.71706739160459,72.92348255383828,66.02351650619605,73.32863516839639,88.82299093663538,6.934520802524761,4.5391855237926,5.936893925935911,5.853750448886672,7.874425248827957,7.243783496870409,7.351082969230544,6.5077370188321115,10.195450968107584,9.493921816697808,10.826410411214107,11.56760520257672
9400.0,gromacs_replicate_1,86.55436,7.146251312145905,7.2178802486069955,23.544785,4.978575507692154,5.167395490914586,1.8511581,85.83725698716687,82.96742978335261,78.5744349525382,83.80799171241978,87.10028637309752,81.06276996204228,74.4590577237353,82.68355376032012,82.24282311662304,74.5073143315989,82.16112866845235,82.1185468321954,7.0826670417412965,4.514982924200377,6.091096269251289,6.060233975775356,7.45615632838649,6.898149882044515,7.163806826240379,6.261475436853827,9.81221005702557,9.201689890955556,10.618455444228191,10.920859800588637
9500.0,gromacs_replicate_1,74.87936,6.926717029700467,7.289202467144491,53.864716,5.8971490615570366,6.039583769150202,17.355804,67.19084707365931,77.25015236709712,82.87135321452168,80.40280015352336,74.0107240026077,66.53406661085965,59.748161361329295,67.7502734447956,79.93641117513565,86.55087657852259,81.04635556815485,66.35332323058593,6.980121918558996,4.555816608886027,6.190291526886471,6.28514703359454,7.720425754146328,6.575134588657174,6.980552903554889,6.035316211601427,10.224032039214274,9.149357491334612,11.324298893549733,11.538982593863564
9600.0,gromacs_replicate_1,82.503746,5.810190029691117,6.149363886609306,46.275406,5.391358445177532,5.530335428044,11.490555,70.08907984251566,83.14117215603768,85.89839189970236,80.98288358864573,71.19928747793179,64.10030571707748,61.76207237961172,71.21021751041766,84.31927501970968,89.47649643073741,82.58690409960596,66.71686571202895,7.106423994874745,4.328313620385147,6.764945195679925,6.55775553382876,7.515333074380214,6.859662684251644,7.235649541650551,6.291260761599238,9.51758368068618,8.853466270101734,10.243140254875993,11.405905098652765
9700.0,gromacs_replicate_1,74.53292,6.034348619871083,6.271646968187355,30.07426,5.509307173303792,5.606174532932634,6.338997,69.27437920471162,83.0893380023634,86.63162417232424,79.58627143116077,68.686032853842,61.967281521829804,70.17434466102524,78.72765815647274,88.15948819849874,82.2159308233507,89.77707352687251,75.11429342363093,7.021991989762767,4.573000530198136,6.313827976150225,6.073627851719772,7.927515183595893,7.270216911922545,8.219435713977642,6.7826704931941775,9.332228723709198,9.07762741855038,10.15799659640423,11.089474255603744
9800.0,gromacs_replicate_1,64.42956,5.838510762564933,6.007659600643791,28.04525,5.438602572694227,5.467849365205956,1.6132278,82.28150081685834,84.14302492070057,80.4489630776166,86.18738335592974,82.27264918690891,74.88399061170493,61.34178566836258,69.20916478010072,82.09301709108612,88.73914225403783,80.38005719659952,65.89333555395012,7.462456114838528,4.7730800695828295,6.778908975863551,6.085825995497548,7.474247621474026,6.816820164457092,7.523535808591531,6.437403376294434,9.128313845396168,8.50288147506306,10.258969988539102,11.215486371308602
9900.0,gromacs_replicate_1,83.92298,6.638956427246618,6.966415943505607,56.815624,5.713507792133712,5.794592126019303,11.164467,74.11194505624152,83.16877660424657,87.28667041371308,84.27941120278005,77.15877929093364,71.77185152031613,60.45612990468652,68.11840909880429,80.16865218909696,87.88142049415119,82.84943562589201,67.30498676770506,7.21260981739662,4.35056596923155,6.603506059252762,6.429437958765268,6.886914481724941,6.685106961825345,6.785169976426805,6.436843307849197,10.06441605837842,8.642785311316349,10.799374983024812,11.171581186260909
10000.0,gromacs_replicate_1,83.142204,6.596774752284157,6.785882393378261,41.494507,5.1121965397285445,5.207309672582581,16.050064,81.64580932241716,88.6364472744907,85.28892331579549,89.88959197812646,81.29604134007532,75.94227815034152,54.2796768293941,62.57577420864438,76.51686850501225,85.62987551720353,80.88989888919545,63.79660991605124,7.052689304092463,4.615258357066919,6.584813167279791,6.202655590246916,7.38790382572309,6.974471682850098,6.834311904833606,6.703621110137991,9.811293142420823,8.992798358797602,10.93064478916761,11.394131601196833
10100.0,gromacs_replicate_1,81.25629,6.448697506142747,6.727410399421134,38.502,5.057587508504285,5.234017854278441,2.5296478,73.19053524457168,85.01397435813432,87.81535358473771,82.21333965049365,72.2307586509841,66.75676214557673,69.9014447270534,78.27540455329577,87.59353703817325,79.37793189756131,86.91597533614146,77.19776072116164,7.0107439665317886,4.500290092775664,6.048820715789722,6.061740019830173,7.576417521306843,7.045271149529099,7.039769030940805,6.311213179867397,9.68181502074089,9.180065580159301,10.291873046359942,11.150266449820316
10200.0,gromacs_replicate_1,71.61932,5.982725128327894,6.148253385786959,29.882065,4.953927554451304,4.946135603835649,10.887772,80.44616944152115,86.36469110600797,81.19246173793525,85.09686176438458,84.20265933128213,76.15631445448933,50.77502929430647,58.97446279369693,73.07954404945933,82.50017002080716,75.55651730124377,58.949120595990784,7.479911770850915,4.73968130526905,6.704870233196724,6.5876545834681215,7.41954679584127,6.381757874933125,6.372789723322576,6.7121770395574645,9.818050033225987,8.570535519466093,10.508555949026196,11.829859793962779
10300.0,gromacs_replicate_1,80.06522,6.263044018672533,6.486311478138177,27.10527,5.424808917205289,5.45632746499194,7.4096603,77.65972147399388,89.94609291810471,89.04843974107308,83.33540662373302,73.3876073408472,68.44000534782438,58.337258657087084,63.44361661918708,76.7204866339746,87.01954320360747,82.78833969502718,68.24839968260405,7.017831744659798,4.265724328769278,6.322172252317556,6.049864075841515,7.881993814117326,6.741872375014107,7.118864885213941,6.656231242315285,9.964746758188674,8.994406724331181,10.448912318101929,11.387838046100763
10400.0,gromacs_replicate_1,85.53458,6.123445991260242,6.358727741008091,30.080719,6.171712021266159,6.237890627245229,18.089447,74.87318012499811,87.55708557071372,89.79293514884169,81.98555266925398,71.56789320810582,66.29942646064228,53.161197336478494,60.956851956161174,73.28460395606741,78.97731994598439,72.53199456833703,59.26572618614769,6.7530418335808235,4.5107437743296215,5.858780373366253,5.652979412927137,8.364390150070834,7.561216281491521,7.267530073972399,6.465756694950184,9.623380747723347,9.299262339807658,10.407824323983698,10.777520859744062
10500.0,gromacs_replicate_1,75.86019,6.592026281477682,6.493485499539831,12.703957,5.100051515000292,5.288855503409511,11.415085,85.07212676527779,72.92092948963146,68.29922624590533,73.4162676425841,83.81281899492295,89.4597920732422,76.5922247967289,82.98423087635678,83.38125914427262,72.69364095747757,78.10113158547895,85.35378776878125,7.661695302496946,4.910339658916245,6.488723532912134,6.613260850299855,7.541655191874288,6.89491919102384,6.729787492000789,6.519483703789559,9.982121362719308,8.718055677555135,10.437799902457384,11.35761101758869
10600.0,gromacs_replicate_1,70.39577,6.176796099549051,6.2739376416334816,16.012405,5.013631907409507,5.087434456834994,2.1251297,71.35890694771523,85.29592621879077,88.84784304651181,81.21147311744228,69.60872371234692,63.769948351663004,62.342940182666275,68.67559606767531,84.36328534034799,86.90982740149694,85.28664387167537,70.40301804620401,7.339700852103106,4.640791482261878,6.210402600335763,6.367487534528874,7.696011494926137,6.604406208369515,6.636638160631922,6.600268677241512,9.142788534877138,9.55252337223988,10.840037116088924,10.435255339217715
10700.0,gromacs_replicate_1,73.960724,6.633418122809089,7.029933576622261,53.67282,5.400101546712324,5.533529597707916,5.1254807,63.878290760005605,74.86552096003021,79.06223392804333,75.7112523144947,67.68559390955757,60.44007672541838,81.13387017524308,88.84857712932534,77.94802595768525,69.20496254964227,76.01265807793848,87.3814558603773,7.390136845779467,4.845081317559255,6.258767182221271,6.369427391183176,6.827664449708307,6.404878661290084,6.177852381762945,6.730487268272079,9.973753493689463,9.331488130566784,11.044331558559021,11.367121279310274
10800.0,gromacs_replicate_1,67.989044,6.397238948288975,6.387497296557605,14.352684,4.857398140363076,4.966461034056281,7.869751,88.94760482847664,76.52892551215493,70.70133758690135,76.19117877335385,86.48222041905099,86.47879367156723,59.55093597282952,65.19202340268173,81.3849748426109,88.66374203317588,84.47565355490049,69.40349591786583,7.301746727155388,4.559017412812021,6.347165707220338,5.835806705696321,7.563745089324023,6.220306588360368,6.215856903127774,6.570369255704461,9.178126044988835,9.172206062356363,10.81983972419733,10.5350545928151
10900.0,gromacs_replicate_1,75.721275,7.256294217731558,7.420894611568338,31.245998,5.019091719210618,5.224194046948642,6.950989,80.00475502424538,89.93337253908301,85.93938080387969,89.48174099558595,80.08977616900532,74.64142986937658,67.51068711831357,76.05578621386422,89.95782431865186,80.60785254710508,87.73551216646024,76.19271917308181,6.846172357642697,4.239709072699792,6.270696700745962,6.174089662656437,7.52734800048601,6.618487533384169,6.691815610236425,6.908460917311619,9.913212096747118,8.968613120144889,11.022667950009708,10.866543936404504
11000.0,gromacs_replicate_1,85.01054,6.556050635349723,6.7384965275081425,21.147285,5.076375322306942,5.2093248853791385,16.31009,83.38276368219319,86.3083880916044,87.42539073885291,84.02350599560528,74.24731048297723,72.33500242904886,54.01222031940284,62.32916424422218,77.44020640542466,85.35079226205056,78.15360106601652,62.91557544483506,7.115204724963983,4.333244923294597,6.214984773134976,6.377424891692805,7.609068487826602,6.745500568046264,6.6379601568934135,7.032189193815539,9.787824616367065,9.386063941567308,10.780184859759876,10.557779189665006
11100.0,gromacs_replicate_1,78.0746,6.7961844855733835,6.699045212647518,16.483032,4.704823847460003,4.919021204725086,5.59095,84.41922569085328,73.0873399293589,70.72112750617086,76.5602229626326,86.13153080761475,88.510863503917,68.59291959704284,80.46992266509147,84.18209451888781,77.63972306022798,89.2932841435938,73.92577493628579,6.8653735598170265,4.735438164594741,6.5868124989038,6.529141348252608,7.165688079902576,6.78174267575668,6.760704150825646,7.028169793099241,9.537831558077078,9.183960215895613,10.841377578891791,10.609434870557847
11200.0,gromacs_replicate_1,82.201614,6.482047902953447,6.595603502080442,5.1109924,5.583143259457672,5.698570350828572,15.329285,85.22435953193076,82.40653964296865,81.51958031604335,89.5560834615721,79.2828624237525,75.7397136534457,55.7231307312363,62.49995754512347,76.78660826560062,84.5756424715211,79.06440939580085,65.2123479432383,7.201494790391483,4.7031463591215354,6.335723687142793,6.476680820062178,7.055872420822722,6.478904760246792,6.328386403568573,7.03436740301352,9.92061712125995,9.328975153620343,10.844702794980597,10.813413919346
11300.0,gromacs_replicate_1,75.49885,6.328579957618419,6.4534133637180435,35.331753,4.904309329412573,5.059994318600601,7.1179504,82.8154622638413,86.37544404500768,80.96044397787031,84.66790259730243,86.3403437073511,78.99306321618741,63.58081860782099,71.21063472113923,86.47601256634067,83.67260965433867,89.47563977561433,73.13046821881002,7.242573144904879,4.457059327277957,6.275949683121943,6.022269129038643,7.68424625089588,6.607691040726512,6.240398600593084,6.746283250149806,10.13923949830701,9.200258416498716,11.083787138448715,11.116590265700415
11400.0,gromacs_replicate_1,81.40193,6.4430280248281235,6.296688042312111,35.49704,5.001355985565802,5.206878317283213,14.208824,87.325326965844,77.37164669693789,72.79617199929321,77.20007839586279,84.78604522200794,89.22104252026257,65.80037481397409,75.10096947887727,89.95404509910597,83.32589753426461,89.669460981993,72.98029377138637,7.148015352735385,4.436765209791483,6.264081698254761,6.162865354716124,7.271041832951751,6.640644360250749,6.225739488008736,6.786666542632217,9.699667442421584,9.381688913387135,10.823982667262653,10.94234282272401
11500.0,gromacs_replicate_1,74.53236,6.44138866547689,6.557165992226841,12.300606,5.148075982709191,5.231052206441938,6.218178,87.86896600019175,80.44134800379987,79.5038601915142,88.58472938991576,81.51815472666901,78.19799339970945,60.34415277027403,68.27581382501988,82.94367880113988,89.20562018539587,83.1045641918994,68.34498891504359,7.277144851810667,4.563577394158258,6.438376756961406,6.284609653761533,7.219837938687767,6.632990074558549,6.209353360495336,6.979828423398528,9.401802669032353,9.610815726043057,10.721775591086667,10.90476906531002
11600.0,gromacs_replicate_1,87.411896,6.526466676761681,6.647163394097064,37.029686,4.922570763086804,5.166477710025568,17.015121,83.3179546389339,85.43647369540835,82.14049382637094,86.47142908789102,84.8497391752206,78.55040104350277,63.102766785368964,70.47341210989737,85.79765833031233,84.89807892977569,89.80404025475919,73.67397519393762,6.63450038389018,4.19048235058329,6.091970348530892,6.378342345012699,7.191228556173014,6.501236037164902,6.361788729321797,7.269590687789752,9.61907592280218,9.406431084825222,10.522382080618767,11.296280976807418
11700.0,gromacs_replicate_1,81.17881,6.549073957811694,6.814622516077698,41.58043,5.209608877076592,5.336005039170839,9.290398,66.54104430922891,78.50494973142143,81.73824272611843,75.48305691843868,66.34096962208432,60.21965972649967,61.72495971311949,67.46084108007972,81.45108135353843,88.85516376467712,87.06606543421351,71.35839277715536,6.546532520243083,4.018655222514337,6.028065603524525,5.875280638312145,7.545327629347705,7.037245744955264,6.226243806197441,6.435857880208344,9.763569223541033,9.779629504792165,10.92554664362102,11.156476668991752
11800.0,gromacs_replicate_1,82.86711,5.965559368301481,6.020396527460567,11.556213,4.91267165008802,5.042466405666546,3.3845367,88.48432623428589,75.14864548123849,73.58840979037384,82.13637940131342,86.50396583474915,81.87326982260431,64.77070248242377,73.22668382660186,88.89731794923576,84.5016998672023,86.96565200250615,70.5447080410741,7.1056890474192365,4.946515485990732,6.296254500182987,6.889754511476797,7.488228429723839,6.529153887693443,6.00016106413026,7.093782224935501,9.24356241339281,9.214763926294184,10.410062079633123,10.315959316541171
11900.0,gromacs_replicate_1,75.21019,6.514443724167709,6.560815807678838,13.218681,4.801119741322427,4.994422318563417,3.9781342,89.21654912777548,77.84555748389843,73.40310457051024,79.35408397689437,89.86297831113717,83.76997369652538,73.07167634853317,82.76907826960748,81.4402420967822,74.69243815902387,83.95198740841144,79.45910255551462,7.517208061664687,4.516707433749946,6.172743480044982,6.302914651137051,7.280478652327666,6.021360480478564,5.646022154004757,6.715325903343743,9.661929703030637,9.03310731927623,10.722728621986661,11.459774557027949
12000.0,gromacs_replicate_1,73.16668,6.22260912285454,6.369315081708367,20.245178,4.8940219361681905,4.980059631355087,10.5998535,82.72104742280003,83.83375617936926,80.26093029641223,86.72072384745597,82.79506937743572,76.11345504793401,55.61914821280104,60.94990289381044,76.370154284963,86.40111309882796,81.70664182837952,66.64951181614194,7.080900484615466,4.3141943284756294,6.01625599472069,6.4558127768582505,7.576628883552335,6.495347467770401,6.470926813136158,6.941126810603095,9.217832826589754,9.211389676239348,11.017349789925076,10.732026142096057
12100.0,gromacs_replicate_1,76.290245,6.2736506501952,6.473121618426098,28.57565,5.038908421077573,5.211575220383318,1.1543808,73.20045430785395,85.77848187203442,89.4276454036117,84.67232805393661,73.95107335388808,66.86366807451277,69.47811591322193,77.1432261111604,87.63539905524912,80.1589340911249,88.85868809875052,75.95710682488836,6.979949183676403,4.3994035817309936,6.170327910020773,6.417051621239451,7.8992813201665655,6.661792322361652,6.020543408245004,6.861231052899433,9.779783604259375,8.928439328626988,10.4593956103479,10.56169400027692
12200.0,gromacs_replicate_1,78.49399,6.473750740751887,6.264390025749588,24.147072,5.191547585586611,5.309745836802954,13.168884,83.48573403446551,72.46614892187417,67.67395978200794,71.71166756820683,80.16608657003806,87.58123260373499,58.377765872558754,61.30164744988145,75.65035812993086,86.69663956791972,84.59715449921175,70.62525826199945,7.071432588475351,4.31027877365531,6.2816607648017415,6.547993254223878,7.591390378652003,6.633986414340457,6.1722678720980095,6.8704539600832275,9.898625750611373,9.068524072102104,10.846698751605842,10.920506639876944
12300.0,gromacs_replicate_1,75.37332,6.4580069746294715,6.446762934366965,29.604416,4.9629866782787815,5.156233655538483,15.309479,87.31543204097032,81.01447118280576,75.55834514796159,78.61695667719596,86.73101991297207,84.71693129525211,59.843708925512885,66.52239911036735,81.96223632391093,89.39032475856953,85.02626043227043,69.31381950225719,7.380034420553313,4.55301234960262,6.247485609339829,6.600750047209385,7.166081708634101,6.423134915579876,6.087723480633865,6.8624073547703315,9.539937463614574,9.411874503006805,11.23748543118061,10.533654551248038
12400.0,gromacs_replicate_1,78.569016,6.4544278879014865,6.326818029634891,9.088356,4.961662210005286,5.089930842019695,9.760063,80.49383183534088,67.6123511555933,63.694710014941066,69.03570540562708,79.52151014006954,86.16343324548032,58.664979341288536,63.001125624992795,78.45334618643024,89.43035492644374,84.8011611287492,70.55523871720818,7.221841882789307,4.710137402585827,6.256141265990936,6.580028269945946,7.509485813004738,6.340861890259393,6.320624517295967,6.531183447494728,9.438939182000352,8.808650431993636,10.606900471003884,10.686112468850666
12500.0,gromacs_replicate_1,87.7626,7.639659927807826,7.596252525527676,34.3838,5.042868955582797,5.291196158010682,21.102951,88.56085731840267,82.03020315223155,76.92872859231403,79.23999857062003,85.98030661434001,87.09684009415119,60.342868693468745,69.09527433241746,84.80371695944753,88.2197717784212,84.28923612159718,69.56026832869448,7.012011755817201,4.66103914044442,6.191847338442891,6.462087971911964,7.742277972012282,6.818183317950779,6.143654603421845,6.686642323306229,9.434204179347468,9.636855924832133,11.018649243705244,10.798506275089297
12600.0,gromacs_replicate_1,85.27627,7.040457616418434,7.028334988901446,35.706833,4.719534663289249,4.9409157371240875,15.182312,86.96210120304386,83.07004211925981,77.70021948065147,79.52736951035376,87.03520664556692,85.3549353691997,59.97242105600663,67.50705008139586,83.00874191661553,86.81267595398728,87.95401612137496,71.35719811990677,7.183252278651641,4.799413039094766,6.490243347831329,6.629503299662659,7.325637525364583,6.434748899468204,5.624095352071287,6.670123593591429,9.51250427918739,9.069950395257274,10.807236512556608,11.200805335380606
12700.0,gromacs_replicate_1,80.16399,6.937002869140361,6.96547704130625,24.24282,4.923753236499785,5.122267465793251,3.9856567,86.47706031441001,82.00874442543235,75.9955018036721,79.11859181371905,87.46840478503745,84.52664682681214,75.19863014578549,81.12363195583886,83.55877841803425,73.39811506708517,79.22972861185534,84.80299150907685,7.5711079518819355,5.002048446872388,6.124879971125234,6.203674349109729,7.30011759963993,6.785276454125031,6.198838361620697,6.6971261758834455,9.283251083309292,9.766845721239989,10.699722589736755,10.541489389811513
12800.0,gromacs_replicate_1,69.25193,7.213454518954746,7.3527623087282095,24.26101,4.639886691503279,4.849442932043723,13.092773,74.16362178872087,85.59191625888437,87.94456815618655,88.58263565326664,79.64817297324714,72.17814903009078,62.623149675768246,64.04842747172405,80.47032873881497,86.48777722555467,89.12105514366665,76.44116641912478,7.833110594163798,4.78073483695491,6.5119471649340435,6.597320687261129,7.074406399768055,6.190617829841375,5.513011624461342,6.150650046509325,9.583249842157935,9.534726940143171,10.879371681977936,11.381665159880813
12900.0,gromacs_replicate_1,71.020996,6.941727998872928,7.032318687002912,23.449135,4.942163509560352,5.099722300483859,6.469345,83.71581514178857,85.05223312057124,79.40643611913508,82.12485284604168,88.52714213640354,80.63905505789977,62.99915925937708,66.31031367779663,80.50074467963825,87.30779941927324,88.72123557137486,76.50586839302878,7.869253500751786,5.353187402170264,6.612746856823843,6.6781464013484815,7.422361939056476,6.083110291797708,5.336196327935534,6.521096612387149,10.109419547172733,9.273529876554814,10.53091609011528,11.27360835558092
13000.0,gromacs_replicate_1,69.77229,6.613215596686475,6.743247137292823,9.743462,4.913440741543796,5.114768363924315,15.841698,81.42420961078732,85.28705354823299,79.11805100481632,83.84974032366945,85.11398651225794,77.33041445091077,76.18228657130257,81.02731040197813,84.17520394283028,72.3891461125426,79.1636538817252,85.7909349196411,7.065940842400671,4.710282530668181,6.604868439108002,6.886223633045345,7.446226095326327,6.948862752592059,6.028619935275903,6.620668253771594,9.510785098107199,9.506105149920954,10.267268802976961,10.876080153544756
13100.0,gromacs_replicate_1,74.12435,6.701719970598689,6.944849108173962,36.6017,5.386233841540451,5.381446748032561,7.4060745,76.17524510229308,87.40985280890587,88.0199178212655,88.63640828531452,79.36678488307632,72.40989431591149,57.4023518089,60.72709752934361,73.31743756012112,84.02320753551324,81.91355657580885,67.79332996791592,6.9028688608523066,4.326412515768864,6.404444137207291,6.808734569640189,6.912501521550358,6.439749740834056,5.863089645685842,6.834779171200172,10.150331485877489,9.23425231541523,10.667867499900987,11.063715838725168
13200.0,gromacs_replicate_1,88.811295,7.429022099709229,7.625192853618451,49.655655,5.3946603031191485,5.53677968976852,0.10473633,80.0758010019288,88.3029000518247,87.66571403061515,88.4171769661023,84.52105342533471,78.41510078547392,80.84799346929171,84.22727824497655,83.18183281392037,72.10855355109055,72.93849263364851,87.37568895811681,7.0114139030193305,4.237054393309506,6.638362820499167,6.685169733898479,7.200064291889471,6.087056694067749,5.142751068948733,6.535937111627443,10.376824759556175,9.209159038035994,11.327092601014298,11.244569506916367
13300.0,gromacs_replicate_1,76.40307,6.758647976971344,7.015373067511283,36.441124,4.864889385369634,5.049880109003108,1.8625641,67.54353696287681,79.17510889672567,84.23575025693575,79.53396627175998,70.07461384412436,63.095708903479284,69.94439887312373,77.59341935230358,87.66108288695902,77.91237200215579,84.64618856768756,78.75039568464703,7.354216197291801,4.653226893624456,6.553065253266653,6.695492082474792,7.203279828861464,6.149981333982082,5.245284701576852,6.9846365853388175,9.634266387636798,9.426215582614933,10.669058537777714,11.22268098694872
13400.0,gromacs_replicate_1,84.48206,6.169269560437424,6.404084346865547,42.497757,5.501995433481246,5.593451311697499,7.4097595,78.27521431832024,89.263338374013,85.33535457267313,89.0718551000856,82.23460250476258,74.35551730763068,61.53472289378295,68.35328293500356,81.6723899087349,89.86115708947996,85.51546620462068,70.28935150767961,7.02099065411897,4.118354774822148,6.469279947569078,6.497710424061194,7.0903159853354385,6.492468505405797,5.839443272485344,6.7417215253655085,9.960903112733435,9.847166798637412,10.524334311389813,10.784426942335255
13500.0,gromacs_replicate_1,83.94236,7.319481930748787,7.213006327219361,24.69944,5.4692899445670315,5.589126525265378,5.725601,86.7151361107701,75.89069934871965,70.63442426502995,73.68891611284307,81.91699388170714,88.43415539260724,80.33027560753892,83.84769250533391,82.88438635685311,73.17770982359468,76.04908385435323,89.35758255429607,7.289716411299364,4.625431933219863,6.593848763936601,6.758801406227748,7.281983107098381,6.262330763089735,5.661693885434469,6.625475031438273,10.024217426232452,9.491527846230765,10.415966628695177,11.74932603123177
13600.0,gromacs_replicate_1,77.5985,6.891633661015975,7.0115188697663555,34.60792,4.97216233369703,5.165820335629046,7.461937,82.53063425715855,87.45863394945353,81.5297471773854,83.74837342289626,87.12044461147266,79.9814054512014,75.03462185218429,83.72805757392848,82.18190948692796,72.98136801569345,81.80061900686997,81.50632407076128,7.0987341226575715,4.467329269657014,6.129510666116128,6.367873071472768,6.944920436381306,6.557371119656955,6.29819649599668,6.961315522586852,9.919546153498477,9.41059019400503,10.676330413542095,11.21860924487995
13700.0,gromacs_replicate_1,74.82445,6.817510220628866,6.827577518111782,33.60278,4.998632148647126,5.150561640170461,4.871895,85.65326626272481,84.7116724603404,78.39433595432132,79.97430033813073,88.07120218977786,84.13650699218937,73.00047592588972,78.62941311235916,87.67616616921565,76.50020040358812,79.66768580702046,83.6634074181253,7.716089871713219,4.6845814126626495,6.958410780859384,6.576572550157208,6.64798217042785,6.05777501572391,5.1251772223490635,6.822078501056691,9.98334469173851,8.90529052145755,10.832437248402009,11.583249446236094
13800.0,gromacs_replicate_1,71.0548,6.802847623730934,6.973894235352861,31.872082,5.041441417696298,5.239710084433329,12.910095,78.97917052290931,89.64397483141815,83.86391701612062,86.63701965924062,84.49816350046689,76.5733549174916,78.7264838576844,82.59538055119636,83.6369202676373,71.3710175452219,75.13374299470046,89.00053000695843,7.417007754754578,4.615115256789336,6.49625169490693,6.3654073763796415,7.1928627207385345,6.291860491533493,5.583141597406207,6.410950894290535,9.882910664012456,9.409233329486787,10.65729038485812,11.210745309851676
13900.0,gromacs_replicate_1,72.73654,6.990809588032745,7.255010554726847,38.49817,4.957775226813881,5.136694825002894,0.057365417,67.75039581558705,79.66466766299106,84.363581055889,79.95624600434891,71.40494696167677,64.05553770061385,74.72115512502785,85.38820817375837,80.08404000525084,73.64553892245175,83.39859797786433,80.39304944718523,7.137819207605817,4.476625512973321,6.171850418918962,6.27648827998803,7.470073927970026,6.612348357123021,5.730816477125971,6.854155938656267,9.680710652037165,9.837788602940801,10.57589863634846,10.734289433293972
14000.0,gromacs_replicate_1,78.5098,6.454054267366615,6.611424849561429,21.17321,5.011642413785776,5.19102685688853,6.307976,78.74466938927176,88.73838279747143,84.7328162590761,88.61068754835405,78.17761172918834,72.44413365317668,66.16587333335082,72.61924847564943,87.72927252208588,82.04844836807408,87.61732661796957,76.84067545336363,7.255059832411861,4.589634026588966,6.1772838408816515,6.50972619501676,7.108105644292511,6.260941562829242,5.491659766005754,6.552967307159907,9.66220646209115,9.403875606171082,10.893422753586734,11.00640756057451
14100.0,gromacs_replicate_1,80.95589,6.901387660796068,6.980604679569554,34.76846,4.80781876339221,4.9911150941934,2.43322,82.3284838955033,88.52342249009466,80.85770021918161,81.30953198195431,88.69211078166988,82.96428349076278,70.49061869397933,73.18618931127122,87.10852916969809,80.01353761315029,80.84475719936663,83.93982407945794,7.022421892353405,4.3914220970372195,6.641286927322446,6.278506715808523,6.8704528339465165,6.191525781284883,5.2832668837654415,6.531233128287616,9.785067496832355,9.721901344013542,10.986457571872256,11.429727213020293
14200.0,gromacs_replicate_1,80.48884,7.065032669938162,7.2224059852955165,42.546753,5.191972115045769,5.31270260427197,8.157394,81.60993018775171,88.50782077452419,84.32382228470422,88.08266161736962,85.07943890806449,78.38998246314483,64.229853826866,71.80523590662885,85.16140663584801,85.60673019310703,89.03324696653625,72.30672644102779,7.148143870787144,4.721533029437746,6.381125306131758,6.3945346770107,7.100187862743038,6.471872700888696,5.968674385696815,6.793976974999452,10.057690281232034,9.26065410037633,10.758694815719995,11.650650604994444
14300.0,gromacs_replicate_1,80.71473,6.411355263474459,6.5524319891808265,39.93945,5.184650602317555,5.255746298400686,1.6852951,80.01674017859405,89.78004175516625,82.86291373972327,83.68960859893423,88.04943752603955,79.97131463176451,63.34585409404334,66.58948529737535,79.85515221418223,88.83613576843396,89.03068051948958,74.49467519397437,6.734764634390723,4.214215093452032,6.177021362797137,6.163536246809612,7.441676022501475,6.708639797447389,6.244185384133727,6.703179143695488,9.897461969882158,9.476201102974558,10.19913922741086,10.940405627355485
14400.0,gromacs_replicate_1,84.38682,7.0321504175774825,7.016002110992308,33.084976,5.2793428324713485,5.405066850194423,6.880974,88.568539825494,80.23598474428972,76.6415271130077,81.18651645089263,88.30861843234781,85.59676909405043,74.69350414539764,80.50227274820445,86.15100799946961,76.9241814038508,80.475296283123,84.29595918170693,7.237377872467298,4.466862775415422,6.532111314020053,6.491925203250102,6.9623373184746375,6.331053257196179,5.411929778277773,6.786403436478183,10.146186238543072,9.508587131013165,11.002773450004131,11.352987829751974
14500.0,gromacs_replicate_1,84.51062,7.821696893014221,7.999189630289715,39.742443,5.519456400430067,5.756057981031663,17.349144,79.45159627077257,89.00054049905056,87.48986286042982,89.56074587415765,82.24518980404692,76.48516970560327,66.35965095467995,73.66479981287961,87.36652852211665,84.73435541843492,89.6787428851472,74.99211459899149,7.059313236715698,4.431162969649225,5.9384250288452405,6.279117536483359,7.565881862069096,6.848368721385994,5.841753595703355,6.496820875828299,10.079164882504935,10.029110414754854,11.18567109519768,11.045909694809867
14600.0,gromacs_replicate_1,60.939888,6.42525072803192,6.5134734276792505,12.930626,5.167223382043494,5.407858321161597,21.98034,84.19025689755193,83.3096693137375,75.13252566567714,78.1230388486586,87.938478708973,82.46716456327968,82.40528497226936,87.32714133228671,79.09687853093459,68.98287722923212,74.66938571240404,89.75911229150081,8.143477118393848,5.309198775972887,7.01454965344218,6.577014832612767,6.9944379530416105,5.965248698661741,5.672414620740895,6.462285276395051,9.69351430185843,9.056578532672948,10.287625008257915,11.125336832044743
14700.0,gromacs_replicate_1,73.343575,6.915955117158148,6.918429735249146,9.966461,5.080681422639627,5.303197193125984,21.348022,89.19868897135886,77.596595261644,69.89080864602857,72.42548321827249,82.37021336453058,89.59994457910028,87.8224883100832,80.76511066762784,66.35619914687193,56.77988717315004,64.8481505491795,80.31920418538712,7.139982306101193,4.497723768699614,6.511045234676043,6.525335093137686,7.415076546340034,6.271724972695912,6.0660850751566,6.57167389814295,9.590664729749195,9.715458099452333,10.434554924676405,10.838051994371584
14800.0,gromacs_replicate_1,69.49255,7.016087522066728,7.21791142120634,37.13606,5.006735511442658,5.173272023975534,1.1902008,76.06442133186763,87.08038096053119,86.1210560977645,88.70829504293985,83.24689922034794,76.0221868995543,73.60324500559952,80.76622359272841,84.75235493855361,75.22415557640342,81.21662508363113,82.77906006700988,7.550435105749127,4.588229485246543,6.818083372948336,6.363859945130164,7.011337963746726,6.2128017704049485,5.796034972084261,6.457785189249296,9.756155602406785,9.512993673912069,10.90296332223258,11.257332457224141
14900.0,gromacs_replicate_1,62.510258,7.021064968533498,7.112906833117075,18.60466,4.511087005701005,4.81688795167631,28.010723,84.00983983365359,84.29221102821418,78.24301562700803,81.90820651425378,88.32421158315789,80.74429357137561,86.82965211787293,77.86215890189725,61.51906238848962,51.82580970491265,62.55411006686684,79.51598881061359,7.580894407954424,4.837234003914689,6.318829633894596,6.204225845441543,7.7857300574034864,6.498125632339031,6.054856914453991,6.559803224881896,9.540194246899528,9.940587882693077,10.602921932779113,10.90700871984784
15000.0,gromacs_replicate_1,71.37681,6.867358814429432,6.96885653117064,19.426697,5.371979867340375,5.490568185374681,0.15319824,82.6364386265606,86.06460060350587,78.6069618914285,81.54506677162072,89.27903973259944,81.38870937866648,67.25721632797777,72.12190673861443,86.41103568922478,84.11916602352407,88.92562657023268,77.22719218831529,7.337522985119943,4.638133390052063,6.408669235982168,6.364469396722887,7.644644839040102,6.27887052520969,6.29006712627199,6.402285906597008,9.745583471750635,9.901983734474264,10.330658192534623,11.034555383072219
15100.0,gromacs_replicate_1,68.04909,7.156598763135822,7.394997076325574,36.267517,5.1910353567837815,5.357823651040383,2.215126,68.49485269923778,79.95421360703037,84.65852259954798,80.26036924468715,71.67115802922031,64.88290613689351,70.01915624450461,74.09238654411173,88.35063314628283,81.08269567888567,84.07520096312754,81.19442716774248,7.2791966277380045,4.393803376081687,6.454358421683008,6.136898701376448,7.748007272373471,6.348363139303149,5.465257449636005,6.685079727273858,9.854354859155947,9.664115334697362,11.210266239756027,11.0412505307437
15200.0,gromacs_replicate_1,83.61586,7.110829347513905,7.295907625786767,31.754272,5.184004156066227,5.340537868821434,3.291336,78.17435906921683,89.88273334869136,86.1381807705341,88.82567002400393,80.41176615651177,74.04625503085572,75.78929778589178,84.56068277583518,81.1105583179314,74.6338865766128,81.17643339019801,83.35454563289109,7.218925094044317,4.496792927008057,6.366124947734181,6.525028506350412,7.50035189845935,6.450264004404022,5.867715084641983,6.210736363860132,10.305936433651228,9.772990806775386,10.683621979810265,11.036574535152905
15300.0,gromacs_replicate_1,77.984795,6.8370475954808425,7.022534184881591,30.32904,4.940008931790307,5.11967042734667,4.319153,70.21533469820157,82.21958424902857,84.67623188509772,77.91754268393692,68.26071899787084,63.45678606622658,69.92646457926833,75.47631189184285,89.50260363706488,78.65188177850477,83.35345059202083,81.2547030733888,7.155804194637037,4.558982841033722,6.1915822601685315,6.522977143973237,7.582037152445897,6.307515405211216,6.009947676838884,6.497021311931604,9.847182216627932,9.194184385414664,10.612816878913153,11.54838472754827
15400.0,gromacs_replicate_1,77.64449,7.2430013916317435,7.320075357877733,25.127975,4.876804648671251,5.070204018415158,6.788002,83.15443616318974,85.99684076883597,79.58705346674864,82.28638892129376,89.01267334874699,81.87409059302414,66.69754410186664,73.20333610401161,88.97525574701699,80.49778814095212,86.63831264126505,77.94204143304532,6.785442834983219,4.305573261116642,6.525019857872763,6.825894525880517,7.362676850888628,6.512237988580085,5.580555450589974,6.481501003993323,9.998595761184257,9.583343650494387,10.762794271132476,11.455398877600803
15500.0,gromacs_replicate_1,77.04393,7.400666607723603,7.264716318887364,11.016045,5.061365847711105,5.227855620971658,10.343811,82.36914484578276,71.17057760478653,65.68255437064376,69.47651836123987,78.48473866436338,85.10991828076146,87.4772856899638,88.34309887288498,73.88928350786487,62.72871038191727,66.68619558099034,81.52535016337222,7.507118585209134,4.670221926756695,6.290154296710356,6.337266584175791,7.336787917578774,6.085864085189043,5.43119947130535,6.177104679385144,9.895673924339011,9.553538967931166,10.89098463643089,11.147258506365802
15600.0,gromacs_replicate_1,71.26327,6.524157874896978,6.840692843165384,40.200787,4.8624110328015355,5.0618611566894565,4.5993805,64.30272999234393,76.60927827572671,82.509363034246,78.88489029319263,68.91494481243235,60.572390411506646,74.16952458921271,83.52895094399743,81.27835495299446,73.7499124302776,83.16605051271203,80.94074378595676,7.0578414292625276,4.21071955329972,6.246517370462833,6.2162168068827155,7.640698799963099,6.900294951373266,6.077856333751094,6.4624120143452295,10.102658379467837,9.390227811038917,10.538275478362479,11.138454444562566
15700.0,gromacs_replicate_1,78.447174,6.298104320865547,6.5458583187969195,36.584206,4.821772693833873,4.97014086784114,7.9268646,72.49130547046212,84.35379203111317,87.73631622679768,89.95261317344709,81.20371822889358,71.96025185590264,60.969140427391366,68.78248967796829,84.2117465916017,86.07755201601685,87.2883481721525,70.68696671319178,7.105446075985351,4.671734969772925,6.594774081510379,7.021667366969776,7.400289024803329,6.372260225398136,5.496667204926003,6.596204923264299,9.577949618602952,9.480892197718667,10.66167027563625,11.028218466818965
15800.0,gromacs_replicate_1,86.58785,7.235307622905784,7.2689489889131655,21.160439,5.05559912423065,5.2134828611836905,1.2811661,87.34593586225178,81.50061282244795,76.37753596017835,80.98665401184714,89.83066275215633,83.74473496266037,68.3481661664138,74.84441830223528,89.83125254068646,80.54076579272568,87.28509385457312,77.76186661337117,7.063096591653206,4.63423201831587,6.312900698257018,6.458781208863168,7.317126713866685,6.495869840469229,6.219672982671692,6.561515462668046,9.649020941733014,9.411075987717226,10.84387966563822,11.014408869429037
15900.0,gromacs_replicate_1,83.024956,7.01847636633106,7.12621301221529,15.301277,4.9548531436694745,5.139695545985174,1.5369034,78.3498252817437,88.75468996561077,83.38688983290076,88.50764057034048,82.24917804470267,75.12932753930333,73.73565397107129,80.44261943108907,83.22951762023148,74.84893131829601,81.8845866676802,83.25666345924124,6.817281496937464,4.145713157721492,6.285618198676267,6.376428670836941,7.664235042728802,6.437884757595016,5.85781503600281,6.6302668730513235,9.553053706819455,9.298945496122917,10.460265998761601,11.251798922582319
16000.0,gromacs_replicate_1,78.860504,6.989906737860436,6.453044107049334,21.650345,5.838052148494452,5.902552428135604,9.234322,73.4248148914143,65.27473991738124,58.60347846394501,59.93820782741304,66.61227908976564,73.41950136771382,89.40989125324985,84.97950081133818,73.14111301730473,63.65988690870715,66.30381229877008,80.83429650292658,7.281577554582512,4.392370892171124,6.7032978234800495,6.68843327181506,7.087737906492568,6.622931751273171,5.775739896949392,6.5532218081307185,10.648551119724326,9.082911933510768,11.065199375579947,12.885369589786345
16100.0,gromacs_replicate_1,72.18849,6.763567556879664,6.998457322652777,39.082153,4.894351888150936,5.055814971759555,1.6022568,74.97685205791367,86.02593011631035,88.60332614369493,88.71434863832881,80.84101063682482,73.0694809665025,70.11895721553296,76.70830283036868,88.31894577894319,77.87501181263247,83.65565234227768,79.7694470596054,6.708369036539537,4.454250553624094,5.971495113094646,5.823361366596898,7.706976968672902,7.000482287803152,5.979948777716151,6.536340667842622,9.785456356775175,9.621080855639384,10.97938834579607,12.091994775329438
16200.0,gromacs_replicate_1,78.53951,7.077640732716531,7.288000107040469,39.939667,5.138574584102615,5.3059245381700535,2.3226318,77.07316713086696,87.00644635027662,87.06236209117452,89.6904897635711,82.64667632097684,75.320085912069,72.47313187155069,78.09662231087786,87.91185536087222,77.47627707180608,80.94453365896628,83.1060644992797,7.205924701063618,4.479997147259653,6.358319329627788,6.5674659135801345,7.271637173285127,6.29055704813528,5.635484513764616,6.745177197816821,10.338755519504378,9.090369115786054,10.96211563859601,12.398439233692567
16300.0,gromacs_replicate_1,64.77464,7.092677973766024,7.08670275302382,19.283401,5.207245452328615,5.377740050156987,11.083733,88.69049705130993,80.34047869658426,74.4097493822449,77.99163405690835,87.02943391903831,86.11812870637212,76.46519670158173,81.59540894289113,84.77048834192144,74.01499103611616,77.63848824804995,86.61331590419414,7.752288534777055,5.180619840192723,6.7885332371039455,6.665998392304999,6.955409555721268,5.788251348534453,5.47326948097905,6.404572833008037,10.280720046193192,9.113074145433792,11.213618578959798,12.278927915432707
16400.0,gromacs_replicate_1,77.1063,7.241867289337998,7.348145895920055,28.219955,5.314708001629577,5.446074611529323,10.460457,83.06433488246968,85.88278585473859,81.10716760099095,85.36835010236203,86.38549181396097,79.410487870895,88.14774038548319,83.13992055305702,69.44812791484519,61.96545846183241,69.64167531678802,85.21021965573594,7.044743490943874,4.335633600314464,6.297828544216542,6.142920506878986,7.594483365522485,6.248931017270252,5.65751294438872,6.341985334851193,9.803631212078981,9.11979164095188,10.969116460909769,12.17072687746287
16500.0,gromacs_replicate_1,82.251465,7.167546774281213,7.259992645403266,33.603455,4.856205242361093,5.080808079711335,16.345428,82.71505079632432,86.63481342976176,81.20089858764425,84.13575712915053,88.47463810020227,81.10299229786135,63.0703510757917,65.69710298086721,80.63281734144202,87.50224603288889,89.03527682953252,76.80807689668143,7.418385644150788,4.499137738640091,6.597705668356435,6.511068082861002,7.6592569983457395,6.236066264586231,5.711964892143547,6.157342082600565,9.230621209003479,9.626098444600363,11.145690189049539,12.015308367048608
16600.0,gromacs_replicate_1,78.45925,7.02824682872409,7.212906861473663,35.916313,4.83417124721607,5.0383425532099455,10.042725,76.96321426339324,87.33308254899774,86.94553485649982,89.75728599421332,81.3157230427279,73.94515095641123,68.95732415509165,74.36206756058867,89.50778403626133,79.06825488973283,83.58720588615553,80.81180976318814,7.339773733457754,4.833607103976201,6.553542707858017,6.642232223183312,7.212488495647272,6.235338757244605,5.1577210332139005,6.136989156508601,9.841427348078337,9.486905383367173,11.331694456397207,12.651196033404046
16700.0,gromacs_replicate_1,70.11081,7.183501721008095,7.27984677854582,23.566795,4.989823233992021,5.1603328422063415,5.2680664,81.8103099055225,87.49848134549397,80.50397724951385,82.40222866936573,89.53402555286395,80.57007173980952,72.2500932925005,73.96609071829602,88.08627056425073,79.33470754282605,80.87705712224901,84.25897189069512,7.375619061048298,4.494227895237749,7.3142053884896,6.852166345379728,7.3453968122503595,6.449996594236462,6.172117449675313,6.695664647908649,10.273384331851547,9.077681321025667,10.80940704357912,12.325206839127214
16800.0,gromacs_replicate_1,76.05296,7.047189095386232,7.183787017963747,23.687195,5.555706056746562,5.660815925385953,8.258659,79.07915967834317,88.71527751109767,83.73545903827463,87.40571558474875,82.93192750563895,76.22104088787097,61.63863179913403,66.55062068613269,80.17992546679679,89.63917567056497,85.14400775680812,71.89424268492823,7.181800246327111,4.272163854365564,6.691461729624779,6.4504679602217,7.617286990821478,6.777382660465067,6.457868282630541,6.806633359508511,10.055729829342567,9.48954598787165,10.477502775201378,11.675119602464305
16900.0,gromacs_replicate_1,76.40739,7.166188505905595,7.121106161612893,30.514969,5.339761267628145,5.421180108904292,1.0772171,89.68664944232167,79.95454639884878,75.34060666742641,79.17850343117388,87.15042205912555,86.6212224977288,84.63135989829988,89.47456282011349,76.35823537615306,67.05442453507641,70.86268163365733,85.33682281468603,7.1867195641340285,4.480553661537356,6.534188933620394,6.174624468565774,7.8118945452992365,6.773982241055003,5.869924452873542,6.332565654369792,10.480081540386482,9.418793409040722,11.029863660800007,12.43124457364067
17000.0,gromacs_replicate_1,69.438484,6.3585062861787796,6.501180690692778,37.598297,5.062805508144271,5.213428642431823,11.048904,81.40140887826179,88.18613487758898,82.27713450411964,85.18931482917513,86.00272565094544,78.42743927866408,60.995439946802904,67.80487109604874,82.2772943246915,87.82181395255853,87.41848640565127,70.82061736930017,7.1851855154680155,4.376949289628143,6.839888424301747,6.654669816524468,7.226376649870815,6.4006598957060294,5.491058799735464,6.618978702891101,10.067002484704732,9.461406265465255,11.00954500834311,12.220948620205478
17100.0,gromacs_replicate_1,79.4444,6.527581122820955,6.484136880690603,12.170883,5.049523456501464,5.22498126998203,5.2704697,86.12791693267107,73.6641700781134,68.74999348957576,74.84107254159785,85.46713125355365,88.55637634292043,67.4087137765949,72.75091817039036,87.4791235778999,82.5028269720263,86.78997088886771,78.03817074481582,7.2215811548562785,4.604451801120771,6.58527499257101,6.824061769837799,7.069790359462935,6.374887860613673,5.674605083170477,6.714782720901224,10.601634088490556,9.249143341374891,11.066376383331672,12.854965544110287
17200.0,gromacs_replicate_1,69.950294,6.542178534147608,6.7688909970108035,30.941742,5.173383493167415,5.1901910437310725,3.291397,73.9236839126692,85.93400303968089,87.73054100704613,88.60956643984849,79.16160662719017,70.90709105137901,59.91291848366873,62.66557161636964,75.61395501040191,87.26483021300018,85.60971674152098,72.1774029126761,7.480899076640955,4.442704302615339,6.74832228891531,6.662712329554306,7.360624456895557,6.45710962738521,5.658926294000249,6.258355471835464,10.48826671439253,9.114039436476851,10.424487922546893,12.510432963848878
17300.0,gromacs_replicate_1,70.309654,6.933499241445187,6.988403858761231,32.199425,5.095218070361404,5.247293237337391,6.487816,84.02401717376533,85.50905037522334,79.26540621206836,81.57207246767733,89.6032004376999,82.93954847248108,65.71623494628915,71.18992411413164,85.67595854475353,84.03134305358803,88.4612083445752,75.93138543187405,7.457636802404567,4.614158435549604,6.660266427109544,6.004532838928382,7.673487874414566,6.386248939260803,5.381419790322985,6.26805281903921,9.953270554030095,9.274468171481148,10.775552851061168,11.988508518702446
17400.0,gromacs_replicate_1,72.53702,6.404670575065666,6.648976676629506,33.44416,5.400568057298854,5.497246956650187,6.0826874,76.61149436801476,88.84170190755552,86.36974278176343,89.38437532950044,78.83167146450711,71.56018921898588,68.49771000358936,74.04424472380872,86.81912146421462,84.37801606357256,87.41046930159844,76.95462913691941,7.059742903849181,4.214500340798572,6.5546332937797445,6.814154652674487,7.881070872816991,6.759172299795727,5.612539699121628,6.567030934641789,10.225356802145,8.773482320243613,10.411491292187046,12.410413250881533
17500.0,gromacs_replicate_1,75.96173,7.02355203628682,6.940492651208858,30.308014,5.079008661910047,5.270407886265242,9.748978,89.48584003611444,80.58159682444203,74.19024496876166,75.77486875131933,83.08741391098378,89.44005230068494,68.52906808324366,70.34035103331357,84.61844696613127,83.34297963239787,83.49212731895376,82.357944957425,7.481493788394694,4.637654306165284,6.353089630262566,6.369041493885879,7.9599585381093805,6.555261682983645,5.5513586540041215,6.4169727548400886,10.231979771660006,9.430214487224179,10.765546207829164,12.600892310397304
17600.0,gromacs_replicate_1,79.21379,7.0447562816283185,7.037614815202522,22.75338,4.97741936359344,5.177312805743718,7.7551804,89.70085464899729,78.66801450608449,74.49130060588037,79.56856110988478,88.7069030065823,85.56578163029212,70.00906378571547,72.57674016504676,87.34812661732542,80.87136527613006,82.75605602527128,83.28071054691257,7.258607688107507,4.330516436565098,6.270568515977098,6.33437372557694,7.954263028694276,6.534828802673145,5.40393942425561,6.282662220987115,9.788699538123902,8.77991481529958,10.930254825956316,12.243891936189769
17700.0,gromacs_replicate_1,79.24128,7.263426319220724,6.778911410404904,6.7928314,5.464606758739155,5.569324468596452,8.590797,67.79760694667327,57.898771771780474,51.622327576982855,53.29194077795019,61.55211846733698,68.85350336641196,62.083496749057495,65.20775993333467,77.9309300563738,89.21605298601821,86.5458600061099,72.8545206206353,7.151462284531679,4.479296986280063,6.609822013869469,6.308791529757876,7.892483707201763,6.709646361643485,5.875472433053065,6.664126534739777,10.019350211948069,9.586732410879495,10.366355894711713,12.221389799762292
17800.0,gromacs_replicate_1,78.93597,6.643376528530899,6.800953410277236,21.772148,5.169985920762296,5.2270174459180465,1.7032623,73.65087411216913,86.38379380535908,88.76851062410005,85.3177538743322,74.72954459479475,68.33625688601951,63.0823468699339,64.75320703653524,78.1645553976228,89.80139090606501,88.59345023603629,74.72127123986223,6.82843106462689,4.421180763633245,6.07802021787571,6.5074381414974445,7.952622378649143,6.6600679107032335,6.60863416048222,6.318813547014091,10.008360055016016,9.319015934804872,10.255881270599389,11.311232093303053
17900.0,gromacs_replicate_1,86.86681,6.947376245739537,7.07418329258419,37.109367,5.183099102220758,5.378195372750522,10.466934,65.45093721820447,77.27077320269503,80.56033873582221,74.88547214958378,66.10634597139205,60.29194863637452,71.36322555304977,73.51666154544816,87.66086279227088,81.02734087828372,81.57710103631254,84.27900731532846,7.097157178197236,4.360264388081537,6.36469400468137,6.468218167028851,7.682736865314101,6.716841860521395,6.1107163214772,6.548866239811961,9.76999932596469,9.295133181293611,10.717090248005876,11.911824275632634
18000.0,gromacs_replicate_1,77.68743,6.5906218102290905,6.585676430202986,22.868507,4.79988850140976,4.999375847609886,0.95627594,87.7284842409046,80.54407170664875,73.72746157747308,77.18374524274307,86.80467704751369,85.08537506854726,71.67419900410525,76.97698948187912,87.01016304183197,76.07291893336503,81.3218831097756,82.00174971978898,7.303525957374072,4.42394042583548,6.268323191037097,5.90000249851491,7.943418727598835,6.698722297124195,6.168378168271629,6.432875658371802,9.655599007926197,9.325059490581499,10.27864535707754,11.918249652678556
18100.0,gromacs_replicate_1,71.38573,7.081104832394923,7.27294582357752,31.644527,5.222262586342971,5.300336361782146,7.4926376,66.80197401601738,78.8955465200789,84.26931882803278,80.04857465756656,70.81691325509307,64.0186557735984,60.69542448737749,61.68247106689556,75.5642282017836,87.60160091989638,86.3634452480706,73.73446625263016,7.426366088219233,4.627725112717926,6.7383097423227785,6.521982164776102,7.567760960456915,6.418392108197643,6.013574509177593,6.683310106574464,10.012159687008083,9.06906402231155,10.510185121809597,12.466440405392799
18200.0,gromacs_replicate_1,69.308235,7.854390925108264,7.621361635073582,12.307762,5.1011662613089,5.275464864835927,3.0655594,78.78373460755658,68.80230465434065,63.56586652976552,66.24442183024328,74.61165116801821,81.16160808844052,76.25293552392876,82.48568691158148,82.92737089257633,72.86501000531901,77.46378020745297,86.8358652363239,7.200348394999491,4.578505686038149,6.611527673698755,6.82130771692807,7.680223670959112,6.303902809732061,5.913789113340719,6.471677975717722,10.380996891400038,9.272046799283212,10.702865008806075,12.139298813351234
18300.0,gromacs_replicate_1,77.49704,6.56079757532612,6.839983784482152,45.161983,4.733299902865058,4.930676925484728,5.5456924,64.12785594623871,76.02537934565827,82.32942509955606,78.840525904688,70.47527442246223,62.618172838176434,79.0287646143257,82.59444146115074,82.26613105463228,69.75694564406253,72.90461714817437,88.12860477032305,7.189216237257903,4.387077413081733,6.392561811204993,6.100172716767826,8.192774581884422,6.939905608656805,6.1079279348451365,6.230327510843833,9.56525284021248,9.409417638480912,10.453900049181675,12.002605690147652
18400.0,gromacs_replicate_1,74.36115,6.98920577093229,6.763287184270666,34.60272,5.207450080369371,5.314231834749349,1.2349777,86.72503391975728,77.06875107978844,72.74791882499551,74.16892390448814,80.88027860630866,87.89764111326475,68.57090467399512,73.76477550111552,87.01099495086572,82.32424460155347,84.86946888604804,79.1620994416873,7.430934231296377,4.467000415480797,6.5850381176060315,6.309066804337076,7.284834888520483,6.5142074933105585,5.431042308796444,6.77626787688037,10.363032409727087,8.813870942414828,10.731068524176171,12.135413616042817
18500.0,gromacs_replicate_1,71.62661,7.145008632959639,7.154202880623249,22.961761,5.238595114408895,5.390788441252906,0.8724899,87.96265649620771,81.49613118784973,75.87767193257474,80.03332611614564,89.21314756287386,84.1951624028302,70.411134453289,76.4227009868907,89.4148047600594,80.00835113678768,85.58691864617279,79.80367719875798,7.052684846748293,4.413621146362456,6.226520781696389,6.107913803932011,7.890495947803938,6.569463843319539,5.603090337097717,6.495997300957542,10.081857766223173,9.350574537144732,10.783244128073187,12.2452763989609
18600.0,gromacs_replicate_1,73.436226,7.071494452048348,7.191246564337867,18.173874,4.956522428189198,5.1475897472010095,2.4018097,77.86230563076747,89.99799472669864,83.83434672407233,87.65033656973537,82.9161540688361,75.57915732001192,70.69644357161611,75.13453136876127,88.70918405407285,78.0036354729586,83.51502437728186,81.56245553611502,7.061427736359956,4.198005994360493,6.553187507716117,6.353986536274345,7.761840730810196,6.578406598772053,5.831894119804284,6.02524743029254,10.000138529104673,9.331581291495132,11.072418934177723,12.623768885683965
18700.0,gromacs_replicate_1,76.63961,6.826893046439289,6.961660827530559,19.423386,4.9566809800303195,5.137883299569127,6.431473,81.00690217761922,86.31282301883664,81.66686156914697,87.29693516584003,82.5979120922388,75.87862931341664,65.81486793956842,71.91322067685805,87.01521657415408,82.87235951049479,88.04142014506287,76.224757831207,7.147556454213984,4.490114307264457,6.638996179148813,6.473271829918083,7.723296386455986,6.340261195643158,5.976972931002219,6.3055773684970715,10.070403254810282,9.270102551193915,10.91945971459304,12.740997175132268
18800.0,gromacs_replicate_1,77.138725,6.459041908860342,6.533516842337471,17.78006,4.724123592688063,4.901999206853595,2.3984375,68.09753392167487,81.35958045012724,83.32078755026791,75.3459798161984,64.6721966865256,59.74032157835575,68.58613040223156,76.1976892695551,87.4358164106422,78.24349305759195,85.5229397886087,77.7994348619115,7.3080028500142555,4.632862683755732,6.500222140911548,6.987614404770603,7.734091143438778,6.802498293138512,6.105052220575845,6.763856955329199,9.444332114170402,9.103781898875724,10.302804299428766,11.510511693849983
18900.0,gromacs_replicate_1,85.79834,7.285186869611364,7.445559454078825,30.711407,5.032781446660998,5.241661656476979,11.303169,76.57679072339039,88.01406791820801,87.61661250644866,87.51502664806215,78.76875823914025,72.37481083280676,72.69572893415226,73.99860874650707,88.48946131967226,80.11000184293889,80.89273795131629,85.79328205234027,6.704084918000914,4.343501733485691,6.337613372301794,6.292413375607489,8.060267303709882,7.030478296653343,6.248474861861199,6.5811970794141414,10.125737189130536,9.546677730789636,11.13481299177402,11.9799529919191
19000.0,gromacs_replicate_1,89.183235,7.103577669857691,7.105234452761918,32.045967,4.994624469358165,5.1052221986135855,2.1808243,89.7336380062027,79.64049640705832,77.36496632679395,82.3369786069097,89.90301561600617,84.61926242442298,81.38894872609423,88.68532918591843,76.89690251694147,67.39021970141972,72.17142044930566,88.24773580405947,7.294298169565149,5.094700941919939,6.227636426155508,6.589290808636484,7.547165600666514,6.79654431239533,5.6887800601200516,6.194007036123152,10.020715870206933,9.08917266902148,10.734745242328616,12.519302231921737
19100.0,gromacs_replicate_1,79.888275,7.132710609358185,6.982861262087918,21.634064,5.090263219829716,5.251556434286006,15.080345,86.40726275802649,75.45259942018878,68.9883226770258,72.21500358242308,80.56340543658581,87.67239772761266,60.67585854389695,59.858475281468685,72.28931055459269,85.60859423867072,87.4582307744187,75.6287883596396,7.259604836722955,4.488174020855604,6.546698886558414,6.366204389660098,8.122718658538744,6.5443752775562665,6.039692773786088,6.084693173618588,9.728884933395262,9.263285883948702,10.717141239765832,12.220424945213193
19200.0,gromacs_replicate_1,78.15569,6.624450360109391,6.690109239718215,34.692455,5.256744039180922,5.396802707411672,2.9016876,85.94175929564646,83.18119783081679,79.79230502870028,85.00763920112468,85.71793166231006,81.12331529227107,74.04660982458755,79.79269286523746,87.25262306619564,76.75239573232992,80.42752899854962,83.07854921192981,7.134082453172838,4.545705523398701,6.914562227236684,6.922827977780402,7.633615759898514,6.358190986704193,5.284091480336577,6.297623556907868,10.560789188338353,8.895314515388549,10.793915828491468,12.343182663696675
19300.0,gromacs_replicate_1,73.81912,6.458639447288829,6.5503104933178005,34.382538,5.08447661887298,5.238507260695603,8.508881,82.74130898730358,85.57887601475413,79.79815410068547,83.24630183588377,87.88450094354307,80.32667290127215,63.00987909349616,70.20704524351146,84.57369358103396,86.62198536503578,86.77742894730977,70.57775589474406,7.494767969965745,4.715803417297467,6.314543500742684,6.0008051994867415,8.184797795475037,6.884319892675553,6.026463044108748,6.640503133289447,10.089053926448834,9.411280604508793,10.642185959650778,11.492839503861603
19400.0,gromacs_replicate_1,74.872314,6.807812279240109,6.985145316829194,25.257446,4.9903106666316,5.156806454213087,1.691124,71.58984520085203,84.39327219971757,89.60536647690004,84.22031014445099,73.94252499178275,67.15956374439008,69.72304034861129,71.75921928299503,85.72539813115793,81.14986319293915,83.51331837446197,82.5219641933938,7.209772516369179,4.534996484910583,6.2012736637878305,6.369120034710224,8.340828526406654,6.434115984878488,5.891210839843934,6.208825469966055,10.36259181752677,8.90103376888911,10.805318054789602,11.789355062504894
19500.0,gromacs_replicate_1,79.99681,7.345521712654608,7.379989480163932,17.798683,5.131283841464753,5.27624566173752,2.7022781,88.45156822776926,79.55283746611019,75.78123838669762,80.34415444606398,89.1731713114477,84.13739409790628,82.13128586018993,89.37073134092292,75.41214593658658,67.43580770646699,74.43187629658576,89.55437871056463,7.414886142542191,4.7000135222302015,6.913050703127818,6.810546963554078,7.17641880981887,6.2720780447761495,5.513763531168967,6.42237447742364,10.200882104559962,8.810095173725358,11.279660025846823,12.200024541961438
19600.0,gromacs_replicate_1,77.60218,7.148967981968848,7.271639444602127,29.546032,4.902378470173544,5.067820791949431,3.985649,80.98549046510925,87.679944264842,81.7691302815774,85.19632708250609,86.5646853985438,79.51218926760204,80.2169711774205,85.36927454743933,79.33271411402951,68.37842474025851,71.6454861497281,88.0725223836452,7.597163562935448,4.859859448414252,6.411327475933264,6.3347226012439,7.94089804030674,6.625448710556726,5.6691987397608,6.272880176675494,9.956426604532872,9.267216991755971,11.001353713235511,12.01265689696195
19700.0,gromacs_replicate_1,82.95443,6.532428550148181,6.1537867501159385,19.608932,4.860722056964341,5.026158881217559,3.6019363,78.31427621116542,66.9864195302203,60.749436328196545,63.581386247001305,71.77743739631562,79.24034343099184,76.0338986323745,85.11030285944524,79.39386320797198,71.2109041627402,78.63380231633316,84.80462932057458,7.433567051996693,4.448632380174218,6.776389939569031,6.433335471733721,7.961338976257854,6.575193271268653,6.032356854281173,6.358385896327584,9.770118804532615,9.07257739925608,10.768053602067083,11.803308713799995
19800.0,gromacs_replicate_1,76.35899,7.510434515608636,7.258880088004256,25.584633,5.094379340212341,5.133078191086539,6.7324905,84.70686165435,75.72830986085584,69.89072460259331,71.36170766635152,79.38915900330431,86.03140695959115,89.27363212654926,79.34696860832494,65.2052552717156,58.32224627894529,68.31179702454502,84.31912145771867,6.883219433097905,4.465009798937224,6.515791692625369,6.619217683295845,7.677410141708105,6.548078800857302,5.841215899736559,6.361177049752005,10.359232234028044,8.88706360384992,10.978480275247307,12.541161004840879
19900.0,gromacs_replicate_1,81.24603,6.760678424524454,7.0041627861041835,36.341446,4.943570376139529,5.05606425337474,14.534454,74.52379514281988,86.47668186636574,89.9856521350685,84.48374800551922,75.36300703555627,69.6307481509432,54.73912674738306,60.13087603872181,75.03826301088574,85.82420359481021,81.67064730546576,65.72821390376834,7.343494681536743,4.570651476947063,6.569434330781105,6.444456535010166,7.76066167752272,6.710295915699179,5.904424641798092,6.522803603389804,10.112763437927455,8.593771750694877,10.567347845940466,11.821742313112235
20000.0,gromacs_replicate_1,76.872314,6.743247556200693,6.862446163729012,29.808647,4.9297037387633456,5.131954599426385,8.642784,80.74104470199866,87.97731885177281,81.35675633015073,84.61390943226336,86.08664640959553,78.86603134519895,67.63980851324516,72.59390389197895,87.56306497009635,81.19563838242338,85.06537433448894,80.04912431155705,7.5070747187873765,4.483119681468673,6.4380751721333995,6.598091924134599,7.564432827117758,6.261604718736384,5.86997834367616,6.31033022820186,10.25629211822154,9.026712571265994,10.816609278920954,12.89045364022924
20100.0,gromacs_replicate_1,75.22853,6.890721294770147,7.0162692651128,20.34211,5.0925628923843576,5.248668395791184,3.8229065,79.9439224874419,87.70815583431563,81.49507114687218,86.48715346567465,83.83308506465409,76.42745919355853,67.04761298020489,71.4356710925702,85.86334690426244,82.99941713024808,87.42690723746419,78.08118273344549,7.080975453475941,4.345957384613726,6.31242325868218,6.242877273425205,7.8708452872531725,6.815452108627499,6.381468777002202,6.416248642756653,9.783672890929404,9.058858150093027,10.237887978266718,12.008661749730617
20200.0,gromacs_replicate_1,72.8152,6.495428348920653,6.806960900219596,39.808285,5.357215057172194,5.416046724361322,1.1050491,66.09444119488003,78.90391819675169,83.98268873179872,79.12151973819684,69.62305773113394,62.08688758142602,65.28421868415273,69.51113902029938,82.27290953228643,87.24526011562361,89.92522057103731,75.46380172848818,7.014840124192624,4.549651742025055,6.407942355065161,6.664671546962427,8.052000102721323,7.044315246888046,6.485260241414239,6.585888012950353,10.041919928814696,9.381665179074854,10.439809804213692,11.529885458190012
20300.0,gromacs_replicate_1,76.81875,6.674439520178919,6.839278086103665,27.368782,5.080392140428701,5.222766645380427,8.379311,75.52083766546231,88.23118063909887,87.02149093992021,88.09687796952036,78.54567017580293,71.48825282783709,86.68716038267607,87.0595163359309,72.30374116656678,62.70005994472855,68.61461138888262,84.2258830589175,7.2846118405218405,4.814053350421555,6.618914530968277,6.577361439309557,8.114835187215162,6.767495805592755,6.493548362199946,6.46034790583888,9.79292731372352,9.073439758411086,10.882645739801223,11.822484849883237
20400.0,gromacs_replicate_1,81.66466,6.275577214030611,6.055772742459058,25.394974,4.8254988000470656,4.967892942257811,15.941887,84.96522072641824,74.26615428252232,67.03453613947676,69.10500942774458,77.82476275442285,86.13607864668884,54.486406966411195,58.74299672385898,73.7116445113037,84.80918419801903,82.38252646276251,66.91083220834908,7.010012409512023,4.294826421646756,6.4559813344542345,6.504648264821006,8.091685410893371,6.744662938188272,6.751872008897086,6.666244070239138,10.261369831110557,9.11340728491417,10.56327287486574,12.216728560209436
20500.0,gromacs_replicate_1,74.71417,6.8363009624365745,6.977686281558661,19.033707,4.980225788943875,5.163517859111292,3.1394653,79.31564246224131,88.31103426906434,83.73903840762212,89.66967616938456,80.22835979742716,73.89576345875433,72.12528863860176,78.74160773604916,85.63016777713644,76.34026805597057,83.40709958505454,81.34361170016356,7.024690718045511,4.468994091857871,6.191758201434795,6.374497338882618,8.442087948404355,6.316938871158958,6.299065987888998,6.107265274094609,9.739063620011407,9.454933363048477,10.678142244000792,11.665187193665016
20600.0,gromacs_replicate_1,81.763115,7.003542984112907,7.07372763916873,23.449104,5.26471886839293,5.442104057119092,4.767029,85.14112586487751,83.4550418122661,78.58803734744147,83.19252191253001,87.65184033607534,81.47602161267032,72.71093034615554,80.02327399551983,84.98201352246406,77.60022272989423,85.46799554894248,80.21196307494623,6.973030890237951,4.463860853000066,6.3659204938136185,6.051720738655266,8.004285917985161,6.7830803620518125,6.714059115995037,6.420492959520654,10.158228696901892,9.233914561107982,10.6529189307751,12.29011806108461
20700.0,gromacs_replicate_1,82.107544,7.593372590520257,7.656844157243466,15.767227,5.2421948794706035,5.398703854378805,13.025948,86.18412597714477,82.42197460238916,77.94411538047343,82.63254970409223,88.38035742322182,81.9193051434644,60.5345726801531,63.82808648313478,78.81817317748113,89.157118192639,85.01915079670482,71.10779976859881,7.189788454093302,4.571357730284948,6.4190409494101655,6.464171060239133,7.739649273034548,6.833335483933335,6.352363833924511,6.341839065680238,10.033128562530814,9.324843124607574,10.7981345547095,11.535020891310555
20800.0,gromacs_replicate_1,77.08381,7.149647130681693,7.312016659438138,36.93461,5.303000822661325,5.473226027115746,2.7319794,66.22658747083095,78.21220413327607,82.30195151195447,78.50715848061103,69.62613067909932,62.94665570789315,76.70728327337116,80.2731651231383,85.99714635593143,74.66316691026542,77.03301134272675,88.96563069343492,7.393915971007165,4.79472788277745,6.266163991560193,6.104539512523966,8.119935382648343,6.532250979153502,5.3260879971613,6.0926104651667154,10.112530936358986,9.426800250607561,11.294328011730112,12.539270253743709
20900.0,gromacs_replicate_1,76.59155,7.424814234980738,7.457319719886566,31.223816,5.132084784460917,5.30694979256741,11.375267,85.92876429518704,83.94627485640534,78.64334825963265,82.27837890783877,89.82911109965578,83.30226503713497,74.05169841703865,81.83247537955732,83.81265242178317,75.35624631105405,81.07893398969044,83.19228020538283,7.137781949545261,4.354250477801738,6.871610797859545,7.009549935179741,7.606558039521657,6.3160993455956715,5.633830882062231,6.556200367049881,10.008902451619829,9.481896689508389,11.2099398021763,13.357623112601706
21000.0,gromacs_replicate_1,71.92576,6.547034097209161,6.470669077369276,30.365768,5.446681322623016,5.514206233203594,3.3225021,88.05617191308276,82.57108389423803,75.4062119294502,75.5385969108015,82.93293170082937,87.704599410659,63.515284260526116,67.67319780660598,80.094828921767,89.03645074951731,88.5024433885833,73.66712935587447,7.137894552479534,4.352323870334372,6.244746199609034,6.121850161904582,7.842843535090152,6.744628223465579,6.136453699668001,6.308673131202608,10.134812230477833,9.786186908536433,10.769045322343885,12.12767473026112
21100.0,gromacs_replicate_1,79.23308,6.645577807871844,6.779264745993073,25.087776,4.910428623259838,5.033189214298106,9.310158,78.93436573401638,89.63374580255702,81.86261259349526,84.61434434725217,85.41299395972611,77.38325016229808,59.57987371609461,61.13507159079329,75.31887986699981,88.63562820217662,86.83631958635505,73.06139012738275,7.147317374010222,4.502820522120873,6.524493855263132,6.857555999411717,7.691713131500588,6.1964243947768365,5.9063998692277915,6.364502015638989,10.045116574078843,9.4238838368835,10.154736112991491,11.560570222578221
21200.0,gromacs_replicate_1,73.55951,6.993395319503849,6.9662055626630215,23.591507,5.44391367486426,5.564678182989086,2.360344,57.930551630050616,70.4461857704692,75.39381636006128,70.42421674016828,60.24370994275072,53.1521430957394,67.64425573153619,67.89700610717067,80.31651812046424,86.52144379686275,87.36651053067315,80.03027171392007,7.306644036066366,4.560223966383185,6.796649612026102,6.818372419646418,7.646348577101822,6.4557890051202405,6.556950520667846,6.453845180403093,10.41332261075297,9.707157595094117,10.74560813998543,12.484265059676746
21300.0,gromacs_replicate_1,76.70075,7.4083586000530195,7.203603451484125,14.051575,5.079038810197575,5.259682381008717,1.1635132,80.57819601244637,69.81794500929045,64.42619908884312,68.27408040846247,77.25736122756014,83.21782199102456,73.42831468177181,78.69490884883452,86.53763316119371,76.31986556974066,80.73076073565997,84.4404460524581,6.854591582367441,4.53276534104886,6.272106962164666,7.120186654894857,7.950076538503513,6.748842223302632,6.189365241084778,6.3958557095785595,9.659937168629098,9.691366596767216,10.573293233348291,12.283817381706443
21400.0,gromacs_replicate_1,78.10047,8.064710563518737,7.705262651476337,15.446266,5.056475554925209,5.260705697889139,9.273209,53.67546097627408,43.175345924793916,39.04080247316909,44.509850178566765,53.12669234643667,58.394398840680466,71.00942821283132,72.10310279683051,86.86847745205468,80.97942180247375,83.54381717661008,83.96953866779835,7.152829862806468,4.694876935631703,6.563172743459058,6.868810088085494,7.694223994070547,6.21686718456365,5.586747746900615,6.1015802511395565,9.795081038942174,9.269112571267284,10.680709712029111,12.295762098222438
21500.0,gromacs_replicate_1,77.22984,7.231443732029778,7.448971703069908,27.226242,5.160081225455435,5.152719953390551,4.562187,78.28054355645048,89.276292209846,88.32875355101923,85.78398874542961,76.44482645511944,71.58585062904577,65.82558458041203,64.16189894641543,75.26203036533434,89.04692002716573,88.53977822147156,78.94782955125702,7.156592158538616,4.63185390429582,6.286661229573891,6.367451636741488,7.175435779553734,6.2237531043992655,6.161571645513026,6.244265819230283,9.794335664901766,9.684192852947811,11.120859808284024,12.465401065967754
21600.0,gromacs_replicate_1,80.17563,5.524117742290481,5.722754933420102,20.934341,5.737807510233617,5.632401623494738,3.189476,72.76682408580623,86.52802360942042,86.58577486486706,76.72779607346803,64.3575001714395,60.350408187364145,56.96571665925222,59.391241891093884,71.06697825391302,81.28112213420432,79.29065216583687,66.41715709736683,6.768797645544096,4.225488344139987,6.170380937299402,6.795929670111805,7.635578096539859,6.559916314881721,6.441676479174215,6.650830100482816,10.005007091998708,9.908874013902935,10.018611463968666,11.956381221252924
21700.0,gromacs_replicate_1,77.49702,7.141652072541202,7.162080228286815,6.663048,5.013742868222625,5.213873382527828,8.644051,86.45021977813525,74.41933934363388,70.74839142025844,76.92299317749243,86.83149700614429,87.45720006019891,76.22832742392826,80.21618692992145,85.28611976819097,73.71644368939975,78.61344014939768,86.52864542564821,6.891205269277596,4.500800073187958,6.287127120245989,6.7211559951849305,7.948106706466162,6.659019946351964,6.483636554046769,6.619797746594283,9.253852666912959,10.125465802512334,10.559141875613257,11.85229875494037
21800.0,gromacs_replicate_1,85.8477,7.021143858164681,6.823655474662088,20.877838,5.119783717362976,5.170589235086255,11.144112,81.54292124389482,71.11117951290194,66.33971450122185,70.52087045553223,79.21950688438025,85.26930003301533,57.58343259417741,57.050711414549355,69.39975554380649,83.2364442851844,84.66562933819276,71.80731712912703,6.965078135876201,4.497246397626254,6.30959436060555,6.7853843965865845,7.751596522954403,6.703703421646473,6.64557945708444,6.602538262758865,9.794386512519644,9.3712536658951,10.449903972297706,12.722702857310225
21900.0,gromacs_replicate_1,72.97543,6.194400582890028,6.365723226508018,20.022972,4.799316673313019,4.927244561222801,3.524086,80.75519912014204,85.96408879574234,83.28565205993895,89.64153229847602,78.84624530841188,73.08775035351091,67.08491825549564,72.72869129650282,88.04916547317977,80.6532158502528,85.77478285393045,78.30448464952389,7.251718842615984,4.473707378905085,6.345037389624543,6.510205621821113,7.68713785754241,6.241158378965719,5.918501843695638,6.715684538010848,9.932113406606751,9.065348071806977,10.374927265321736,12.47910191830677
22000.0,gromacs_replicate_1,73.2691,7.806999977201599,7.722446194145948,17.632233,4.943812273586885,5.15406051291737,6.7089767,64.31897715321735,53.07570727767285,48.752159102720576,55.112458072573276,64.14569730494685,69.07894681611815,78.92768756654206,84.84200024020348,78.44220070356,69.88083449686515,77.00800501441276,88.05656509037618,7.336429581254358,4.47834640763035,6.441658575002072,6.541271849503713,7.272032886165099,5.9849718124731845,5.785499839927704,6.622006007416577,10.210381931156304,10.005048757247627,10.99459988194123,12.813779402480444
22100.0,gromacs_replicate_1,73.73675,6.94257519835342,7.0672625005513305,36.40489,5.11970238656823,5.202072822624584,9.128952,83.02637434087129,86.2279402855901,82.71237973802852,86.81011634963276,85.09547963078032,78.7038717402045,59.21884783658326,65.09593966670646,78.88248322789867,89.17676413227422,85.09183552934194,68.33653774512636,7.094624921857487,4.522452728663396,6.253872325833058,7.329773166848252,7.459146197225779,6.33274501722113,6.0731906119249315,6.486674122929459,10.058760080707861,10.151352349405942,10.512946188303303,12.789216647226588
22200.0,gromacs_replicate_1,71.500465,6.4701508395874106,6.589659438979968,10.145203,4.93733092500167,5.122416664686656,8.6416855,85.53430695795426,81.39667810141077,78.09734569148924,84.62585619951011,84.27064834506409,78.6559705184868,72.21789536033715,76.59204133857243,89.32352152250996,77.63401089385263,80.57169561238618,83.76945951864674,7.45407602092085,5.094615647740844,6.407349944149283,6.602292061235307,7.465777449668459,6.301120410094393,5.6418691863794095,6.378800817826631,10.124017997251341,8.905459415801987,10.542640995901229,12.782252722521783
22300.0,gromacs_replicate_1,72.97924,6.352906735236963,6.565933683609486,24.504807,5.167983694148317,5.288911240781698,5.422554,75.8531240264698,88.06255137104219,89.16326208273787,81.21407539748532,70.69396863645224,66.0858922868629,63.604768616857896,73.06524712040856,87.25399634328588,86.28653268853058,84.62673830115511,68.3214684090231,7.214994363206219,4.860906501685651,6.085555667422358,6.271387176042586,8.10510554472641,7.011908287021876,6.562135601485947,6.888742018781055,9.466446115852577,9.037954038392902,10.53032183640773,12.003484755096368
22400.0,gromacs_replicate_1,78.300735,5.715304111429682,5.925171825661189,20.018242,5.379890627951856,5.28652163778009,0.8903351,80.49964250249201,85.50454803040304,82.75308622164323,88.57799354376046,76.7910893468072,70.39383052376029,56.71805959430063,62.490370606526795,75.24977270504976,83.6376881025798,78.43321961413136,63.00806656861235,6.967189275395694,5.006751014181234,6.309562994174938,7.210571665459265,7.487680507144505,6.733667565769414,6.510366769565181,6.739370376912703,9.670096763371996,8.959315943936495,9.585822413743672,11.72149570963588
22500.0,gromacs_replicate_1,83.63454,6.193422330179536,6.438163362221552,30.15158,5.3374083501936065,5.332012527582181,1.6438904,71.5559470009097,83.70707125535536,84.69149178810422,76.44507617204751,66.48937051551535,61.773798080983035,60.68952138460521,65.23838364014556,78.03944506870305,89.01962745811957,85.32027237245116,70.27904571358584,7.156827209005539,4.43421123574727,6.1428326587644,6.197114151026635,7.510325292031454,6.554821570777552,6.284800415601597,6.558729899662216,10.247820391260815,9.51601911802696,10.453116983325087,12.065101919346025
22600.0,gromacs_replicate_1,76.406525,5.830819085601774,5.970805392785059,14.870651,5.478780517833857,5.438994035426972,3.4730759,85.08896876239098,80.7713257373208,78.28775759950733,86.53869015998653,81.81703705573089,76.41724092793135,62.12062245328077,66.87504559639446,79.83296114673678,89.015283941467,83.98113722700603,70.14942383908057,7.159795134694681,4.617783861715542,6.045928731015809,6.6260296621504535,8.175285940927136,6.8102743293840176,6.984903158404388,6.731370271211524,9.70131477193154,10.1188316052677,10.010569614165632,11.757638772924475
22700.0,gromacs_replicate_1,81.931305,6.450523425613615,6.648224008010221,28.825645,5.329803584121318,5.469757836860684,12.057877,76.45214709104,88.86467028098592,89.06788123506108,84.96249793716875,74.86655781741635,69.47070878913775,60.16484369684317,66.11401764366448,79.9765492756562,89.01388853970208,84.53414294904131,70.10636734429464,7.453154126835107,4.933759396152676,6.2650305198800735,6.26179642452734,8.033110414402318,6.585943629938705,6.413328720492214,6.639420828968656,9.829095132814992,10.403523292865007,10.66027343052481,12.469103156609574
22800.0,gromacs_replicate_1,75.87733,5.889284920731362,6.067286077199497,26.67942,5.861176888784008,5.756349016000621,0.42375183,83.09840849324883,84.10454607567586,81.3852207895619,87.84397467097767,80.82822775048506,74.97877875244359,58.46398331264042,63.3021674395371,75.27184438975158,84.49826053950959,79.90865734047787,66.21109322089268,7.319717494147319,4.758574280150931,6.233431041444328,6.232513523949252,8.194214815100933,6.99444188513847,7.113361743760362,6.471650610396051,9.97867253709064,9.976778316890456,9.886488847821834,11.81930611073057
22900.0,gromacs_replicate_1,78.47764,5.871869708234331,6.0198731567934285,19.435295,5.152993283519773,5.084931490323913,8.256409,85.9522941537994,80.96287951365908,79.676733879789,87.76970832117173,80.64831208737304,75.56405950573624,50.965695598129365,58.207993752343015,71.88991740086183,80.4058991590657,73.80161309328702,57.8875555578437,6.911077645113265,4.5632760679273465,6.086354482387025,6.316142988304631,7.899068551485452,7.208120109345585,6.916943729345154,6.513474545730924,9.69507477903584,9.265197528698549,9.399790129914225,12.018964575924535
23000.0,gromacs_replicate_1,72.24549,5.96189358771045,6.0917131026891065,13.063393,5.521736343154194,5.5824350685221695,4.844139,74.45153257027467,88.42830654727528,89.59798550288922,81.85990084560599,70.09263893689524,64.96521126793644,67.94119466342777,71.72990417557183,85.11210828939011,85.20401282986447,89.69323826137266,76.39779814195634,7.462678490512211,4.663874661935368,6.671486839392862,6.779196691722923,7.259366471207745,6.1797652403211805,5.996228721834754,6.4979959980008335,10.51227251456096,8.918826482691909,10.008984192851083,12.149045771398733
23100.0,gromacs_replicate_1,75.60993,6.599416709070046,6.42844657614643,19.377869,5.196202633753937,5.266589875364727,0.80815125,85.75960432568299,74.50184691259537,68.64384678972279,70.86495814483648,80.8929561698889,88.20227371148961,62.920722029699625,68.16701166112021,81.50416939511099,87.29273591347736,88.54880168987275,73.36502036136862,7.328503653635881,4.493799434621896,6.59097107096495,6.6254314412817825,6.875872324095544,6.065423808663901,5.8361187329909585,6.920469315469338,10.708607448815375,8.880940277975077,10.569235604937207,13.00570017020044
23200.0,gromacs_replicate_1,78.7995,7.511926071524486,7.548840194933282,8.998329,4.857558468510739,5.055315307514949,5.1802826,88.4499440013026,77.03201633951673,72.7450128869203,77.59051950464044,86.85667646243843,87.13119786488458,69.42103822645484,73.70781147914934,89.5702329894892,79.28577351809567,84.26770760750145,80.67454897431656,7.155065217595107,4.605437104467508,6.701442909482273,6.524667179602981,7.682946190926008,6.457709516810187,5.6096205557857735,6.1507431193654805,9.357211075846166,9.521977474183334,10.815572082489469,12.16426205787236
23300.0,gromacs_replicate_1,74.70684,6.623450659828546,6.723969620090678,4.205368,5.3663548969460795,5.534065174285017,9.54126,89.11133636688429,77.37403609253663,72.07558172709075,78.53649864209672,88.86140168958713,84.49308176526647,75.65289145624256,78.98161848953012,87.62504280126102,77.04838339734077,80.82027446918411,85.4956731866182,7.633422329298058,5.135814180937369,6.503693164922223,6.452980531302919,7.825730398489736,6.173648161406725,6.115846419427647,6.576106415548015,9.82683539016816,9.422096825226635,10.553461727986381,12.199142348406966
23400.0,gromacs_replicate_1,84.56907,7.262057373272424,7.235895891959179,24.0766,5.153041199482642,5.425792994086015,20.941307,63.89729083417762,76.55481384768437,80.12430984118112,74.7887437855255,65.24155857875482,59.20239034857871,65.74114229550072,67.3381246956012,82.18618007373588,86.8495110890329,88.91812367896038,78.18278473670858,6.94656119855884,4.508667897574192,6.20081480101585,6.390562398520899,7.990537606833875,6.779188068833907,6.425578278183795,6.116550192629343,9.120696049048044,9.602319879902653,10.811634834173312,12.313229155372902
23500.0,gromacs_replicate_1,85.271576,7.355807192179074,7.465793359913166,28.232918,4.946344905660617,5.1918561927760365,20.148033,81.23238750762184,87.4220534557279,83.1912915590626,87.02252237730836,84.59868605076781,78.28092112312531,60.143453108075974,65.48780507934732,79.9692993355768,89.45207301757632,87.37092476542392,72.5386544275313,7.5907689829616345,4.90712225904699,6.829801618479705,7.178164946713011,7.365371578780529,6.335741603782082,5.566175319892211,6.331468644243235,9.73170617390205,9.358860056944364,11.37018221147452,12.544930462110926
23600.0,gromacs_replicate_1,85.99153,6.585369458556989,6.743339272852025,26.082748,4.810019155030761,4.981346086591342,5.3237534,72.50754672794383,85.74725889974957,89.54800187982427,84.91166703937222,75.0092740568081,67.91059839317334,66.00313620783574,72.3730925044869,87.63668825202097,81.71516426175606,86.92013250480166,76.76018491398789,7.280553098080245,4.977304954195759,6.747304236470388,7.069638606646385,7.984670043445202,6.6964649906728475,6.153791779484735,6.293232897937985,9.41872647201785,9.34540050401363,10.24277408966358,12.277938625133446
23700.0,gromacs_replicate_1,74.59916,6.184156887331066,6.081275508558725,10.309006,5.3402019159139495,5.309479461692879,2.4330673,85.3989491151357,73.64171723211209,64.50292158344594,68.0491308658532,78.11656307240453,86.99724664639213,58.33495394779831,62.43307500980361,75.69356344108328,85.78611224207297,81.50860451214697,67.31990110208336,7.005496029896255,4.463262540222221,6.568275157149253,6.5084513585319215,7.898513715189907,6.450801574663454,6.456688129284849,6.5721138777692545,9.678705751928408,9.125786250553134,9.986736317928955,11.571715570521217
23800.0,gromacs_replicate_1,71.80181,6.321095596686818,6.50060848777739,27.621277,5.370315438331086,5.379353293566079,0.017288208,77.99250799865953,89.11006543355181,82.07275962996124,85.91793802394733,84.67199087336762,75.6918256582209,63.62321453736852,63.537238584150224,75.20362959154006,88.14838304213666,89.01361870190908,76.12690051901245,6.882434492281663,4.300399053903137,6.20127607076406,6.6840662347161315,7.661907312664301,6.739974006753351,7.036028820131362,7.084607311596083,10.381364584786077,9.736941872598859,10.061040358734719,12.07610110873212
23900.0,gromacs_replicate_1,76.03468,6.806534017925399,6.954457343860651,25.05986,5.329654611489576,5.4886483389158425,2.1993103,78.77962003189464,88.90009559733745,82.41200166533199,86.82241030425419,83.96136176001077,76.0643928378216,72.04650113178874,74.44752825691204,87.67591064918986,80.99122993699007,82.05471964185959,83.91057959248259,7.442367989923082,4.71789087990132,6.932362862272297,6.812300562127373,7.159515383500319,6.27535477209302,5.7314909350701555,6.255224343496123,10.226085238803481,9.49667062310693,10.630800916625898,12.563856400342326
24000.0,gromacs_replicate_1,84.08965,6.556556202415185,6.840804735943809,44.089767,5.3283558155100605,5.490615622433064,2.1815186,64.32755043245477,76.1316988624713,81.90578672647135,78.65647759849764,70.06380509886417,61.96414073887684,70.80212787179805,74.89065481177697,88.43667092079563,80.80036186941558,84.0887637474602,81.10718577792272,6.996149833481367,4.497131524290251,6.079494304929693,6.18540411312081,7.410060046332563,6.7564837388282974,6.638818366005725,6.598078177123068,9.780805231564912,9.841932774172898,10.87067587831645,11.9589385326876
24100.0,gromacs_replicate_1,70.31238,6.170273366156459,6.289722673443294,41.544525,5.3867074893361755,5.440670166551297,5.2442856,82.4870664907407,87.3064551746935,81.41248829304733,84.14335539411917,87.75900634107512,79.64704108615713,67.52296074971788,73.807062105239,85.99835850830962,84.02442989190439,87.5613192831667,75.90761090140184,7.058680282663993,4.622697703016417,6.546784164336692,6.924320104662952,6.846143459777645,6.411790060780137,6.178067898449449,7.091683689053811,9.967384809886747,8.93876645165509,10.703907923677885,12.874392949462766
24200.0,gromacs_replicate_1,65.02201,6.415214232904993,6.547744723558412,9.212929,5.062651601527487,5.018810739105354,5.4068146,81.22942898468196,85.73647694291019,77.80900900144485,82.90244088597835,86.33184215746908,78.20291550994372,54.093930094052446,57.14412459681596,71.23932268589522,83.10783873930299,80.00253992157712,66.02598282693522,7.33235779259159,4.942548902525437,6.652155700331436,7.0446045722387725,7.168513589987692,6.309237307634644,6.104031848695498,6.663605177912879,9.861387826251672,9.536698077643695,10.55503624613151,12.510550304258578
24300.0,gromacs_replicate_1,75.52612,6.156007506378781,6.367435543998618,26.425545,4.831000040752373,4.903602485151468,6.7330627,75.2638976912372,88.49625859730824,87.36568226017269,85.07924078763104,74.60664131735236,67.95142541681659,57.9532090380716,63.67926121392482,78.27721352158449,88.90235946841689,84.49835507411191,67.77360960615404,7.05149493647202,4.594202389425474,6.167064868562766,6.7506622266783705,7.395061367556609,6.556838274173737,6.491040026716092,6.863662885204208,9.521523316665029,9.234297076717938,10.088057627494525,11.727648316625693
24400.0,gromacs_replicate_1,80.78945,6.122366892954711,6.338707798139729,35.29058,4.985706710361245,4.983329490155727,14.096367,77.07011646488174,89.80515029537519,86.64215510706788,88.22670527758864,78.65104199106621,71.80834322525969,48.619936221168444,57.20500431154627,71.63581945326634,79.708612591761,72.0597102812209,56.16966950247872,6.899664257526092,4.476910774421004,5.567078367424872,6.090863230229706,8.477242319689292,7.425018002248938,6.47941912383098,6.838442245297656,9.219718547851707,9.458881245596167,9.980423144150434,10.987467411671636
24500.0,gromacs_replicate_1,77.0783,6.462643956869768,6.490372164626165,14.687584,5.491622558344676,5.612494670411462,0.34327698,89.93876659291848,77.85960982618298,73.64831771894283,79.52263229220299,89.50787219019719,83.54659142753836,68.70183886331277,71.3878276611949,84.1741435445961,85.147936761629,87.23788331156042,79.23026984513415,6.945617442692374,4.317591301319593,6.351601322829887,6.962047602260728,7.1346608103622176,6.239870928714141,5.88018837026017,6.667143538646115,10.294477248482114,9.235395294546835,10.684721083698383,12.89276390325566
24600.0,gromacs_replicate_1,79.92637,6.134694282815661,6.285478869444982,22.562004,5.203431038271445,5.319251668399717,1.6614838,81.36462315373883,85.1737799560966,81.10268347239746,87.30043548962401,81.67381444953476,75.44584703139145,65.61342160025889,69.76216889255514,83.22661849892792,85.40232771102069,88.2439384134786,77.217832291609,6.842609625333027,4.6424602204348755,6.249308813731288,6.547702137664098,7.719124951727328,6.714407163815084,6.25900323057651,6.494654196519458,9.704930956445397,9.342154478278623,10.04918075583193,12.159778224688454
24700.0,gromacs_replicate_1,79.633125,6.98506072414898,7.042445888056952,9.873405,4.886701905618086,5.083341493319541,22.68888,73.1178812128799,85.68967958396824,86.64242877213204,88.9405279749684,79.09080407631711,71.16569995653946,57.07373631264435,50.55843079199572,59.86183803888472,75.43252043217011,81.17307948318668,72.51852637111354,7.282449913661315,4.656399372213857,6.725489307711588,6.798563133240128,7.863929774707536,6.784359941450143,6.559415477269388,6.495656188396061,9.722778205580738,9.242979785117061,10.489153621846231,12.525810018889896
24800.0,gromacs_replicate_1,73.487,6.215710695269013,6.343054711828594,18.099876,4.970234615450943,4.986459929846957,2.427559,81.51422310763374,85.41305365500737,78.27471633125066,83.10447454193746,86.45957469926373,77.61346958060317,60.45583250803925,61.91376392466919,74.15723330712012,87.38520412669368,86.6860120694875,72.38601189215916,7.722859497318998,5.415615535617427,7.220189457364921,7.542198825520541,6.998416090259342,5.778487010475143,5.295941104983449,6.294457657371268,10.033255219350771,8.525863393078685,10.011542905634705,12.714940563226413
24900.0,gromacs_replicate_1,77.52296,6.2883152925104655,6.5230142367192645,38.362137,5.301409898981204,5.417108528933923,1.3580551,74.12423231305173,85.44355122711339,87.63273757239725,89.18299495856105,80.06331377492319,72.02134422841148,67.14221331450666,70.73856360868774,83.69474365642589,84.56512960624408,86.05870708002638,78.69481983905258,7.2468455071761895,4.945666601271285,6.768756012798931,6.9565535024564715,7.355288164100038,6.409340933371858,6.071616866922562,6.518702707501254,9.786019526522129,9.646997661172712,10.41986901150726,12.758221487981878
25000.0,gromacs_replicate_1,69.48698,5.727126883310565,5.99354314085813,42.702713,5.1415888046241935,5.207742105951625,1.6504135,74.12013828717997,84.90782740717835,86.86854938328206,86.75094374145166,84.75766645416947,74.63378909140665,65.30742560073821,69.98364125471062,83.46529788239883,85.54280848588319,88.08885390913537,75.89076840567692,7.393880774535891,4.846286401927569,6.40739869733106,6.967118662846209,7.315045042076588,6.287061115462923,5.437286085547807,6.326632070489102,10.179180513149328,8.620736327740492,10.4557910157082,12.883682119564035
25100.0,gromacs_replicate_1,72.839355,7.639056649074671,7.365240965485756,16.659073,5.428205822736907,5.5656530416987575,6.783264,81.38225674996711,71.17765496309968,65.6290058810723,69.96592626898891,77.92160150467842,83.69145219712229,82.00547598577113,87.62257589095067,79.08014615461227,69.52357412716015,73.9942309245937,88.68911310732891,7.000039660274407,4.530378390559084,6.357924407949455,6.618170439368008,7.816904181954861,6.738625791526816,6.363393505057809,6.628889036692427,10.472273650366189,9.355784677282456,10.977312845497643,11.990340553785257
25200.0,gromacs_replicate_1,86.15245,7.3688314658552025,7.086882987566921,12.4622345,4.809329924442493,5.074627615247199,17.659813,73.5054308019971,63.5454930770815,57.0123662233578,59.701447670537796,68.2813249014188,75.47989523175455,64.61663099962108,68.08851816161707,83.77251054525448,84.7784622768044,88.16889209650975,77.72822434100102,7.6494679625486155,5.013959737927823,7.011162282797568,7.2159743693149805,7.459080995635553,5.748518810791732,5.416078871932438,6.091217321008321,10.072629690692331,9.450942242172607,10.553554696657276,11.988931457228615
25300.0,gromacs_replicate_1,85.3495,8.158093159758911,8.254169056241471,31.048569,5.165851219698485,5.355533767661519,15.091774,83.87733739277144,86.78584043236398,83.54223274676737,87.75475320595739,84.82319594994058,79.85395119040733,71.70207837190415,76.43783469380895,89.95881390785054,80.18227948637504,82.11301293227865,83.62921663567256,7.2586549115436325,4.59515210509348,6.540380725562381,6.4674628423578,7.052401124402877,6.1293098205724155,5.126254575132974,6.3468229749687755,10.740268542607375,9.926351473745436,11.842311357023384,12.674838405926842
25400.0,gromacs_replicate_1,76.639275,6.450939317267125,6.358163168273183,22.038994,5.028689994349781,5.19423450324905,7.1040573,87.42458328094175,75.77968948139932,70.0941543710556,74.10218715821027,83.44107294824322,89.51954823625684,77.57635918130696,81.91458836666628,84.3600139544584,73.16324611899515,75.7263623158403,88.251918052723,7.790618836822319,5.170194426984061,6.78397101518846,7.182838049000151,7.521049219677985,6.423288275718139,5.544636032647243,6.722487259786895,10.080534896246292,9.038294934431221,10.381851848395293,12.314027048727997
25500.0,gromacs_replicate_1,79.21649,6.363334199936739,6.758293905607509,50.494247,5.377780018501864,5.435815315405528,2.850647,65.87545793907736,76.9672573151106,83.51968385389095,82.16772888740135,74.0853925739808,65.92978480475435,63.06535795390105,68.47503030974397,81.55146237851379,88.05234120606046,88.90440972585166,73.41314947747192,7.385973554026677,4.6110519039245155,6.638797838551474,6.684295712957731,7.177714327336709,6.301691493752323,5.518041918219084,6.354401988021308,10.558294722963089,9.294911859933267,10.628567010943305,12.712899554381218
25600.0,gromacs_replicate_1,74.189156,6.672886534021938,6.807286048353515,18.871979,5.082887617573346,5.286529167842605,11.314186,81.46532579990256,86.11888794133763,80.53370404446204,85.557618415927,83.82892057212439,76.97401662532458,77.31410528493895,82.91031730231576,83.04417242228104,72.28650903005928,77.90108050409162,86.33134123253909,7.9679875144519166,5.604847432679317,7.086318374209538,6.7192759775693185,7.090653702558597,6.24824432500213,5.554029583502716,6.318711488243299,10.034117413548485,9.156920688159493,10.317594621663497,12.265228397651345
25700.0,gromacs_replicate_1,86.78249,6.921591528072409,7.034235283296433,27.605202,5.330982222578797,5.517629222957039,10.114044,81.70261377663797,86.69068421334396,80.96302120013819,85.46559554180696,85.8116004592737,79.20345844111948,68.63606240997534,73.45403761616856,87.43737080494438,82.66667055964108,85.74731422232728,80.25815930533106,7.012919024752895,4.228129196627828,6.442886928411777,6.358232399217414,7.76831923184587,6.440019929654411,6.131120228088928,6.570714610383156,10.565325569682336,9.505431494395504,10.282292982825444,12.26846874326126
25800.0,gromacs_replicate_1,69.386955,5.992014222321211,6.157223030304052,26.449478,5.519129249595146,5.475592774416567,5.771652,80.28399308899753,86.26910422410988,80.28875593437967,84.99504434401125,84.72107150227683,75.56591864529615,63.55192038467325,68.23235403801544,80.53529619342221,89.73405427473355,86.48974905107747,72.24777715952575,7.600587504240199,5.189663380614724,7.203378166991428,7.316520197340941,7.037781974992359,5.980540922712625,5.595335311509561,6.711554792318685,10.626569886389754,8.88510310709576,10.233148463714393,12.112483162607761
25900.0,gromacs_replicate_1,67.72224,6.770462517454189,6.880543899611878,9.483704,4.823496654170394,5.0213663144285725,6.8918304,81.64817876794548,85.79769466631164,80.51416043144032,85.97586918780118,83.70679634375331,77.01947827448642,74.39939608671757,75.51554839428678,89.68794209016875,76.15130316019139,78.31916886040979,87.47303433168018,7.3934771953258585,4.756276107733057,6.89896515853976,7.288563520873056,7.537243490407704,6.091408663977734,5.526875279018653,6.2086792533345205,10.288713192247204,9.203960921329543,10.583950714258098,12.14949035298777
26000.0,gromacs_replicate_1,78.41298,6.61527318142919,6.756781298199964,13.487076,5.491365005273598,5.611158045192957,8.400803,80.20568945204519,87.29314962207224,84.51237957314656,88.05804131963662,77.81345525302497,72.31730265670586,63.29475280384575,65.4613919215126,78.72734964271135,89.94827945339635,87.82342107864055,75.14915965565783,7.366938511850016,4.542109547057121,6.735928390674007,5.973558491205367,7.336882421271426,6.663485917639357,6.344063425517623,6.5478645702546245,10.26041662520845,10.163887275436982,10.851644977933114,12.126496517165988
26100.0,gromacs_replicate_1,83.14267,6.101963927856875,6.1595772490421785,31.95063,5.48957595591496,5.6145995653312015,4.3599014,83.76688457271678,83.62450536402922,77.75890831044454,80.41619431889204,88.90286212958016,82.21334722895259,72.06155596277793,77.70651865478806,89.9196896211048,80.05269529092986,82.8487488173064,81.7567334135544,7.499355599423604,4.646187807777761,6.872166217399022,6.91963696655435,7.12505945839135,6.704351374817089,5.609650777651888,6.5582845911083245,10.487183209757653,8.873679610559346,10.194721565830026,12.26035825614777
26200.0,gromacs_replicate_1,74.97839,7.418717189740935,7.546391303007872,21.07582,5.057618114069872,5.239065149734139,0.60904694,81.25041535292213,87.30667074514528,82.7985718549134,87.04488341379117,83.95729367988018,77.53429050971206,71.9461538835478,76.16644132350675,89.5669180568671,78.42322381484337,82.5117832894943,82.88572031056285,7.22816041041165,4.342869764544317,6.845158483851035,6.608857159209224,7.289182743435896,6.009623921886294,5.358545926260507,6.52270747375835,10.931873830765097,9.319897518639673,11.361183717977092,12.71196592406965
26300.0,gromacs_replicate_1,85.0842,7.177812533990175,7.254364315304808,23.799149,5.564862703091799,5.741109311831591,3.8088226,86.3877593966458,83.10313937069708,79.47254877680375,84.68291449600623,86.14921759702732,80.76268409846035,74.02790073099644,80.30456845717168,86.26959252269505,78.32246674868443,83.01616382964559,82.29016155049686,6.698454886927591,3.867539343847488,6.155417577240414,6.471917682617897,7.154703572874366,6.5559984894362024,6.0841492077845345,6.921281346677593,10.9582623667058,9.393129604493154,10.894296371647252,12.449853922806659
26400.0,gromacs_replicate_1,76.11787,6.212277119941889,6.235356221840786,2.330284,5.074412967232673,5.196743883583196,8.304001,83.77310395447093,70.73308755651273,68.00494026817663,75.45208455222658,86.77781130632528,88.17211489723911,69.97181588579778,73.90315263987395,86.95848308318767,80.49250385267709,84.45218893126179,80.48371741195669,7.165180722989887,4.527551559808791,6.50609077607715,7.041734729050689,7.363023092795294,6.171123764264757,5.621643978153775,6.24459985593628,10.022052867847222,9.001999243075755,10.157840187694804,12.286828473825459
26500.0,gromacs_replicate_1,77.676765,6.515356325386431,6.6527665819632915,15.312859,5.083319539698298,5.18884759720473,5.1250916,74.48275248792046,87.29441721769197,89.88444157310492,82.19838719868245,71.36776942267105,66.00901672966906,61.73256360861968,66.16612139082984,80.25435260566549,89.00795993501593,87.68546309121764,72.86301483209276,7.062115080943323,4.650781822024104,6.6287002899882355,6.972867963052764,7.4963715585558734,6.389881696313023,5.970306680953489,6.552605949356956,10.323018627986645,9.40241506644707,10.410041366194564,12.754687276943166
26600.0,gromacs_replicate_1,81.12991,6.947115426883048,7.036155917935363,6.6333847,5.026837823346366,5.250256028134524,12.721626,86.32286515006123,80.63613376665026,74.94426849657022,80.14245644287607,89.75744697379919,83.00504982466701,67.86203690542285,69.6923716696758,84.15916818878712,84.12951095223413,85.76127533294039,80.93912752260421,7.15700211794131,4.6262725161593465,6.9319142720328255,6.540019488260737,7.559257421937128,6.5661025454568245,5.8972848083727785,6.46135773781151,10.669795663630435,9.280499003629593,10.700018529231166,12.175244519249668
26700.0,gromacs_replicate_1,78.576225,6.460743604768256,6.3770019109384615,29.121258,5.588059891414487,5.684916457875859,5.4998474,89.08295954574062,79.6677610931665,73.93883042366998,77.17164319957692,85.84344243188403,86.71008667051652,72.27085320231078,75.80408956042349,87.8436144984443,81.41296658931682,82.71613138436868,82.66348113217404,7.855229416180702,5.0638701375895625,7.416043184706515,7.064881882219705,6.819783362776789,6.19159630173272,5.268415091491445,6.44788873800033,11.154612896836177,9.06888021452378,10.50603454753328,12.855347026125465
26800.0,gromacs_replicate_1,69.91803,6.7046046107551796,6.750516583032285,23.687767,4.922435787369799,5.095992793552532,1.1461029,83.92789936086429,84.80627928126759,76.8072558171514,78.28727393628954,86.96039532227869,83.79157391133305,69.7288597169558,75.20067556635375,89.83686562435888,79.41862880029811,83.59134103049178,80.21463266577054,7.532937287458816,4.876801574243006,6.886624084570869,6.649417090972554,7.335163304449414,6.089524166292202,5.704501451919488,6.432446811854475,10.646058660839396,9.193791330813887,10.176860803995783,12.63164162156577
26900.0,gromacs_replicate_1,73.3276,6.554088440089896,6.73767255556786,26.548851,5.1644670610716,5.278372908180501,5.5641785,70.45102287364546,83.3667990725506,89.7477856121139,85.34269966212572,75.01110225970933,67.36132582863011,62.7797282552256,66.0851838360723,80.19444619776885,88.30363873758685,89.07622720185789,74.5537855780844,7.538699787004282,4.845148146573613,6.491436308295627,6.424039124057826,7.177823945481165,6.478236785773983,5.831306528427059,6.846718224027678,10.255736772340176,9.725130801581463,11.122708296942724,12.684824748991293
27000.0,gromacs_replicate_1,84.76827,6.632816970835425,6.652451487163658,27.869865,5.2528138800749185,5.381084551636664,6.1063004,87.67070762975175,81.1774865950448,76.1806897350736,80.5486602870893,89.80821352405322,83.51259428404126,64.67731379927199,68.5023200479684,82.29074048719285,86.66334388198706,89.88325619304511,75.78987956306489,7.18541690429837,4.652203386698072,6.902094672017577,7.131576230144437,7.250569783472606,6.463487549526012,5.883534070065528,6.670708892916381,10.578598544370799,9.688726698677536,10.529015989124023,12.481142874584066
27100.0,gromacs_replicate_1,81.04451,6.926955760007949,7.037798579733586,31.266708,5.403784061691097,5.542303933146299,1.1839066,81.10228137480797,87.70855209997637,81.19365679727314,83.92740007047892,88.0471932347724,80.14155035099039,71.21333722292744,74.05083296884193,86.70507302215577,82.02197260886881,82.9390534701697,83.21393754625836,6.98357528057024,4.352463912819294,6.462252618333877,6.748478815390286,7.278243813810949,6.448730794154066,5.92481039390737,6.283126570726391,10.59819898251937,9.626100671742693,10.798930237746095,12.499770044954035
27200.0,gromacs_replicate_1,83.79409,5.939969404705286,6.132118014742211,35.55386,5.307151901845074,5.339115913061426,3.4110107,79.50084013565541,88.55241606434761,83.21409700201737,88.21424679633101,81.82050720411544,74.64389483342543,60.34004042519326,66.65777189570142,79.38208240499428,89.30949254588795,85.29637488459569,69.82854384185417,6.975999691634207,4.505721677010444,6.683680889724427,7.047915625712164,7.243871623500318,7.0447475083991185,6.576529674337858,6.698733221542958,10.24387187636574,8.981105959902692,10.267073101978532,12.697544926569403
27300.0,gromacs_replicate_1,79.70567,6.366870714736791,6.396084793244291,26.122223,4.845536117164793,4.998701553005197,8.300125,86.0200055546529,82.48529876330001,75.66487309224074,78.58654468941576,87.29846948161223,84.45455246124416,64.15610194567329,65.49269413692883,79.35448491468567,87.78699966530975,87.6646688438616,77.69985286346015,7.134008402477309,4.788077708744303,6.3692391459571285,7.066152731965521,7.221258579003551,6.366073313231152,5.486548601746394,6.528306557327462,10.446091495432904,9.195373150502999,10.67118818859278,12.98763626641442
27400.0,gromacs_replicate_1,80.65267,7.137479613831885,7.29117089450086,24.400146,5.0142584344735415,5.212695720645297,2.9040833,79.86052706511767,88.64725212905411,84.21435892741725,88.95599247690033,81.79639173729741,75.27763543458585,77.37844310125742,81.72495125673042,83.50068903307627,72.45802397750646,75.76446526229543,88.53834257499298,6.854413886768029,4.160679431752681,6.489529545060907,6.725141052235775,7.371371530377454,6.421713487255379,5.995318736431683,6.402496973461881,10.23135534971835,9.786728324396373,10.575268628773378,12.829924258473742
27500.0,gromacs_replicate_1,71.78967,7.171166719905698,7.240990652891686,13.205978,5.066109316976401,5.1789351600332365,8.207245,88.11528260435568,80.30275289538052,76.92029236586704,83.08799589829316,87.17843952370129,82.177307342431,61.35354607848939,63.363129240024726,76.67913122723878,89.68711784977398,88.44273070054142,73.72511363295682,7.2851231002492955,4.4809469381811455,6.274725288602503,6.768430371597501,7.070864498780791,6.6232722465497025,6.005895717835075,6.648769883060301,10.55682781408426,9.434425018005841,11.016286158946786,12.987328849876096
27600.0,gromacs_replicate_1,75.12995,6.238730308044463,6.100444814940937,30.530743,5.212528436891154,5.337895745649981,4.598175,88.27665868920842,77.4882340607861,71.89742941634634,74.43551991102848,83.31805492890636,88.99877179116137,65.18853544814255,70.54460511459668,83.73858981153478,85.5779149885257,88.95516529922337,75.3267715587618,7.3521282123008245,4.372609762960296,6.588440748870646,6.9811048702858,7.088732187754734,6.615271750682249,5.877694676996122,6.408744364317403,10.48015626012313,8.93422464475238,10.84518131287632,13.185024550196518
27700.0,gromacs_replicate_1,81.19925,6.856619057624249,6.864583971321558,30.25711,5.180535464883929,5.3082072237202835,0.120414734,86.33431513228473,82.28893661276905,76.84428364778235,80.2612713332155,88.5704997917688,84.87567778918704,80.69367643631244,85.07992332269613,81.14826635840754,70.03921611478262,72.425141411363,87.27813064992874,7.476226707188302,4.463801846674973,6.550869520331253,6.520098500923588,7.173236161991344,6.132734639146347,5.6727300836614125,6.4291838178672736,10.443065695842488,9.255256751305001,11.188580201383173,12.69570997452229
27800.0,gromacs_replicate_1,79.90771,6.746409257470506,6.904476058078598,34.839294,4.948528213735858,4.968538469133697,11.087692,79.21904594684678,89.3949771033572,83.0316820513851,86.26524364362321,85.16447989027932,77.85138523891631,52.86355671486689,57.00474563569878,70.82861267377695,83.08367058669987,80.52970796998727,65.06452363864096,7.351754438023201,4.5003603640444,6.48001247626734,6.750277785211566,7.16138017165242,6.500580724653041,5.695980604949081,6.506336604204459,9.969598590488854,9.159462442110378,10.42595046436842,13.19577637613774
27900.0,gromacs_replicate_1,78.5219,6.6891062539859245,6.832227215773396,27.984108,5.072002929462321,5.2696424506822925,5.3988647,80.29612110965091,87.81824743492663,82.09355707237657,85.55401932528572,84.86452252518976,77.38631189769994,68.09993853643805,73.46247848613055,88.12023137435378,81.2438776517595,85.84135440884475,78.97027415030145,7.012526674434993,4.50972451807767,6.70074770959755,6.843639779331074,7.583652279882587,6.612320920803735,5.875051098611628,6.563723985446046,10.240106891758062,9.502350764362705,10.738747307400448,13.030605511202108
28000.0,gromacs_replicate_1,79.12652,7.011570944741038,6.946651342160177,6.635124,5.1028038793886346,5.189030124289127,7.3348465,80.9504765094831,69.41924194789323,67.33164976246105,74.61955296101445,84.2639156245793,88.51642331142648,60.45595474262465,64.45206523962443,77.85360666399292,89.847224293279,87.32965692831101,72.26000727135461,7.332956024495222,4.512212578295706,6.785605480530829,7.002407853522384,7.450356193724403,6.438139151275754,5.827119157434993,6.591561808463149,10.343184971799667,8.7748394346821,10.678729894995715,13.043695583648137
28100.0,gromacs_replicate_1,83.15535,6.93949721819018,7.124525421123446,36.60136,5.065693146312503,5.210626685298268,1.4681549,78.6072950934004,89.47500587402483,86.19636846277844,89.17387451269256,80.9480101331707,75.03455656651671,77.9036267532796,84.12269284000902,81.210688995939,71.4496387857414,76.40023340023421,87.2217668071014,6.694317838744354,4.00829524036484,5.981604533937687,6.493458040920541,7.361422835787491,6.754892784831988,5.93023138344923,6.900605490126483,10.08667331684482,9.232858014738554,10.744132676563245,12.452188371771804
28200.0,gromacs_replicate_1,85.09306,6.893643467907408,6.921240589532046,35.876385,5.044923108713254,5.1552173630942635,0.11306763,86.15633321518888,83.65088423279025,78.59324330492069,82.02900027460053,89.83302706986387,83.39211393427986,81.91031367816841,89.57939832855656,75.2066835663789,66.92092643659758,73.3713559398731,89.67519745267187,7.173298826233836,4.648044747684879,6.605400996784761,7.145369385700699,7.1909176679428475,6.407557530304134,5.388867336045736,6.430010211861068,9.918675998818582,9.17998142639018,10.986693844553846,12.426532620692956
28300.0,gromacs_replicate_1,74.93775,7.367843534281152,7.3950621456838785,16.786377,5.177808993843341,5.364182863920895,2.3844223,88.94984291604082,80.37082763676872,75.1286978804367,78.76235829122331,87.99689299313147,85.38736923315945,70.33919318469906,76.16408607998775,89.98115433840702,79.89061070802295,84.53820814248202,80.36886914311397,6.996605720316079,4.544430316387752,6.935926745696358,7.0090258665373195,7.40306727936633,6.596877147068829,5.842219460588885,6.463588929135991,10.616974670951228,9.349311053447913,10.560003623391037,12.546704580517034
28400.0,gromacs_replicate_1,74.96097,7.112531679798902,7.228884562492031,27.925888,4.835463699045857,5.0217347357886775,0.98446655,68.78491978641487,80.76070309848926,85.24405714282591,80.61126226210149,71.6305902481177,64.60637409692332,76.37944644545375,83.39734173323205,80.59669108034464,70.4279941323996,76.39899578440472,86.81856677458057,7.566138940287712,4.81292407161351,6.524600867061287,6.830429560986886,7.28287183135394,6.147573849245398,5.640008786000059,6.6364720296307125,9.574448374156823,9.239692056448597,10.959150111528386,12.846357546800647
28500.0,gromacs_replicate_1,72.28716,7.3042612450034285,7.520395275897854,36.15001,5.602471082679749,5.747504179829741,1.7503052,69.25444962146936,80.57637826479758,85.31548271257118,80.98453099573301,72.57335165340095,66.14686325733038,81.05286300322066,82.82108791435266,85.43513317886227,73.99943175326854,73.14859636039826,86.31816038398901,7.613002783740592,4.690797360151447,6.943242952579849,6.74420610818106,7.415943125344617,6.064031802008093,5.250859979602387,6.32226901121912,10.80876057691335,9.271894083011821,11.469577907611985,13.198747974978293
28600.0,gromacs_replicate_1,81.83445,7.14742120152402,7.368459423060689,40.14566,5.3994344482070105,5.4304568599447745,21.609688,75.80867028443569,86.22134525072738,88.18627122588343,89.93845782231325,82.54035218080642,74.99653201272672,48.759653236488575,49.8166821276533,62.7153970333073,74.30544107302238,74.3884267350408,61.84233629530099,7.023541369860025,4.29589083390683,6.135067098684372,6.4763623981130705,7.856127211772064,7.100090214984231,6.513640320270894,6.645671260796196,10.298266431471337,9.34484366640122,10.603735190155433,12.300899006532044
28700.0,gromacs_replicate_1,73.25504,6.371248851692441,6.561049892096076,45.632927,5.370349106278834,5.318552517093657,2.3274689,79.77663287742159,89.69819941422263,84.6254862662228,88.13983396361036,83.86826940647903,77.22660004044646,58.083763358490174,62.9860885443577,75.49136740122275,85.92700628529953,83.73253114574005,68.3814038041114,7.578879722095363,5.001892974578594,6.892297654816868,7.673745133347968,7.25079151767319,6.530666934241291,5.772431965912294,6.5305374057322325,10.58032543999129,8.516433165964497,10.754910050096406,12.749328886563504
28800.0,gromacs_replicate_1,74.2868,7.234513250656776,7.379759069680396,31.069496,5.139238920214018,5.319137139565803,16.880112,79.54911909706247,89.09513843740233,84.53842632086264,89.65987719896113,81.88378059719899,75.56611290502441,59.32716455211202,62.13759577625196,76.42076353961984,87.33354430533544,85.95873528118665,72.06242372974167,7.0427885983311995,4.278771321632801,6.28087925391531,6.300756977036735,7.754072240721209,6.8983364252872255,6.3741797883512525,6.724334699004682,10.489621210694661,9.04680986394632,11.16963973792398,13.211632470360518
28900.0,gromacs_replicate_1,79.717514,6.343551723860353,6.6598749290689945,45.7012,5.8289256956127025,5.906139789400644,3.1946945,75.06218638705379,87.09605500468614,89.33949679536394,83.98415853163617,75.22323412398408,69.89865899949483,67.59148907048916,72.16479125346434,84.7529430793422,86.76316464539563,89.94718404693779,75.3523301299001,7.274283000799404,4.769988440721192,6.185667212267782,6.471638344280577,7.060324340156495,6.690489268263902,6.175991977405055,6.6566030660791835,10.337881308337288,8.963150705267402,10.91820050108702,12.676400078560558
29000.0,gromacs_replicate_1,80.128365,7.052143010586379,7.353930219355895,50.7386,5.4744486122556335,5.588634429834912,0.6313553,73.91589407209908,83.47208688351755,86.434918919902,82.32135898695473,75.25334333786506,69.51106952501398,80.22280136819263,85.40050806579212,82.19823620034056,72.58393892090733,73.93047727974324,89.78922482709787,7.257767787059374,4.470517093886837,6.7579537212630845,6.948561865028141,6.875347150478297,6.3899420220278165,5.285364431195476,6.8741492334880725,10.599791699326698,9.367508026388307,11.471002382523693,12.612098064352107
29100.0,gromacs_replicate_1,84.96509,6.552090660117903,6.765985212846103,39.42558,4.998299650134564,5.144063219914491,5.3027115,75.23487348671901,86.31382282424681,87.12491307503475,89.85517425150022,81.71014493738313,74.08356865529957,65.77524010816612,70.20091721554725,83.58118992728198,84.25805956576696,85.66085977536763,78.99415663629513,7.5069963123557315,4.661112199053629,6.650486525832262,6.607826921591046,7.327794213468147,6.239414697562846,5.573822216604023,6.2417508653300136,10.374620805845552,9.3179007576466,11.081500135257665,13.027435736984867
29200.0,gromacs_replicate_1,79.035065,6.3799520047114795,6.78719615261099,60.863617,5.444656539166938,5.413347533095369,16.321434,68.76859232084098,78.28795489380242,83.84970724920815,83.39732491626508,76.49594028250065,69.21328405824876,48.78848613339106,56.0668476511324,69.31219405554488,78.05313133292049,73.96249589131016,58.27030099214883,7.35922197545601,4.532898466976132,6.587343653559763,6.657867334827694,7.022595707658573,6.520253792887031,5.85060558131761,6.794701437564675,10.299097263634899,8.894396715591082,11.270821351131703,13.039714335599534
29300.0,gromacs_replicate_1,79.88293,6.590385911693921,6.868429352031822,41.83853,5.574708007946686,5.524360130151436,4.5191803,76.20737637765292,86.8483986269222,88.71847381040645,87.94691603261208,78.90319776989907,72.01205081767449,64.36413998389993,66.24479860845675,76.92119712090214,88.15803242920275,89.19798225947542,76.24443381248406,7.217635167344131,4.591100704175976,6.196861755867584,6.177744528943062,6.981542770901272,6.420310693558648,6.402792327414317,7.075886393742924,10.544994885311201,9.313514114531339,10.833548833770744,12.871092286279678
29400.0,gromacs_replicate_1,75.167435,6.21574954680798,6.433391688158376,42.883698,5.949463924523155,5.994900112041376,0.9459686,79.1342975398159,89.41795536322887,84.57534288363425,87.72343070332913,82.9105617883486,75.81512620463285,66.53216665972963,72.45960374676778,84.1582478664043,87.1944154344394,88.30949368267912,73.75307515852417,6.995550616880251,4.449594106831777,6.337141589158483,6.734987348965219,7.088846149975708,6.724041265820956,6.4021009838244805,6.789192676725576,10.824131729797752,8.730245562958919,10.220216386826,12.432376106491596
29500.0,gromacs_replicate_1,78.23858,6.584146890686895,6.497619205544427,47.682846,5.4688996712179705,5.12136456631727,0.14244843,87.86270441085108,84.62392945609082,79.10163795615568,78.92749518018339,84.4802414682278,88.51254680137193,48.75790526510085,53.69534798223647,65.66941406718571,75.07730511685247,72.66128736904047,57.03193949647277,7.338889179766169,4.918965910336687,6.657699418152174,6.808969851554117,6.675230096395479,6.6466054190358355,6.364540131114743,6.852794775967412,10.574357146138738,8.471805162685767,10.65870622096403,12.65621418799562
29600.0,gromacs_replicate_1,80.36021,6.376235263204031,6.479175190441378,42.40689,4.916808053057241,5.0317478627611925,0.3279419,81.17339037206918,88.40017583871753,81.79074221812776,83.38074410530541,89.36890519211583,81.25681056938008,65.93478156444246,71.42275846098256,85.93089513297294,82.50452131308974,85.8217072783295,77.44165955885693,7.242575974231735,4.588413296215835,6.415060429367809,6.3555334193882365,7.224728276430034,6.36756490567408,5.862414796091041,6.386131988136421,10.157264094491776,8.803706759085353,10.397856937752916,12.749056904807171
29700.0,gromacs_replicate_1,73.027214,7.183764536322261,7.211043173610802,37.17103,5.301554643502738,5.417347735008418,2.848404,84.56672108097803,86.46392311162084,80.13846430119439,81.23413802772261,87.80370738045555,84.39909181290027,66.54647868447475,71.1637609988096,84.69673459269124,84.91054387444717,87.12569135862104,77.33349303719497,7.401073298678494,4.5314154247487535,6.7186407392897625,6.585403930528699,7.188998604101191,6.638894624354276,5.5266978152764095,6.38577744346661,10.410326565032403,8.751698140764537,10.857349436841872,12.73415571385427
29800.0,gromacs_replicate_1,83.357735,6.441296474218748,6.501763387854318,45.792007,5.4714830009469795,5.446163443210389,4.8220825,82.72117926341465,87.67969954309656,81.60614206844168,82.8019349819251,88.90530101084879,83.51179279060912,59.13184719587334,63.76604508649573,76.40248559512573,87.43460970085698,85.08463695968494,69.83091718213441,7.479730736086264,4.988917005990717,6.366802810868137,6.561743540167292,7.088380615149221,6.401154698185546,5.4201322801133625,6.356182871617817,10.887798037927992,9.035149377903089,10.640389132282587,13.543647179824777
29900.0,gromacs_replicate_1,81.691414,7.1519135550675,6.995752830213437,40.9909,5.546598926990298,5.482375358821764,15.031662,88.14005021674689,80.12755329348983,75.47038332509213,76.94974197812009,83.48518769617681,89.29428599695844,51.161179362431,55.98982479259692,68.38456146791859,78.09467794867366,75.9692696440922,61.382850419207664,7.4753501717432345,4.994453712412988,6.18594143170568,6.333837205112678,7.4129925288643195,6.417875335586867,5.651622454066983,6.291332949875066,10.451184794346517,8.997465472475568,10.726086991653897,12.645772339893412
30000.0,gromacs_replicate_1,74.92685,6.485775617460732,6.700388172153242,36.013115,5.125907457413901,5.2889525842511835,6.3934097,78.00707178367085,89.74219640876872,85.09395673175455,89.74737292348964,81.63950119781919,74.06690925206107,79.97520559722592,89.35574043682956,76.42867759100298,68.96926667168296,77.06083993354726,85.95377547825437,6.844930799699279,4.307036034481878,5.816234316414191,6.010059817439752,7.954180094211816,6.982137356907161,6.277150665762451,6.995565490637169,9.888714260037471,9.080791155464926,10.670970080898417,11.775316259528571
30100.0,gromacs_replicate_1,80.51624,7.433543133912548,7.478487983798288,18.627121,5.432228886517682,5.572269678734571,8.702568,85.89501693168828,82.9733698712749,76.96661245028785,80.04074522308434,88.48881847066943,83.92374264628103,65.48098289887156,64.59047806318384,76.78560299459271,89.2877784319607,89.20000238144029,78.97698840775115,7.052264846072483,4.483093148851776,6.677715872155792,6.640576680755999,7.485190603128888,6.35009943667145,6.2196476735301784,6.743116408756645,10.852237971491338,9.12845100396613,10.943901816749865,12.44543356675738
30200.0,gromacs_replicate_1,78.94465,6.936188629284134,7.182437835139623,39.749985,5.505815096129755,5.655894541084657,6.9507675,75.3251488262229,85.73246747819105,89.53865937240082,87.05811034770925,78.52340762306767,71.74366419712261,67.55157051828073,70.59230939512157,83.24113730272077,86.03816986633845,87.67160772631328,78.58510540288556,7.0796898947481575,4.304365601085117,6.545859548381418,6.446230875817249,7.508216606523975,6.969843902342341,6.153308617055664,6.31831844931377,10.74847372389299,8.738201362428585,11.257770623274752,12.6361245394898
30300.0,gromacs_replicate_1,70.36078,7.314116256974487,7.255629621023722,23.263412,4.817046061489514,4.937797987594336,5.837631,88.79872977173491,78.42163714724461,72.82795029331646,76.91211120353644,84.92092199684417,88.46519862597998,86.72432026135729,86.68122345639428,70.47444093893127,60.9025790398266,67.59973837791404,83.61501702227964,7.262766272607127,4.852733946473163,6.720560133630791,6.94284378617766,7.590785001684417,6.144787155625883,5.456846745589662,6.485517580541667,9.956889713789192,9.13043903274815,10.921699549991047,12.849227686353446
30400.0,gromacs_replicate_1,75.72797,7.302230981382794,7.433761518980197,26.808212,5.273519694894956,5.387646525737721,0.6276398,81.43437001311332,87.9214967494848,82.63695033845985,86.70374886222844,84.29013500664419,78.0306823517797,69.2476636600179,72.70135199616067,85.37907152982626,82.46286981219122,84.74565376671531,80.73976065653349,7.457135898965596,5.045407129823929,6.845261455285982,7.024103230801219,7.333347428769791,6.356490083347548,5.52216886564718,6.29503982171451,10.413942483595582,8.536761957045528,10.664635809930493,12.661448814772294
30500.0,gromacs_replicate_1,80.261,7.169090245918905,7.1925541299655436,32.357407,4.712612076326465,4.8914436515990065,0.69231415,84.80881706371945,85.65850945865236,78.67385767346524,80.0384073744998,87.4890644848594,84.77542813723734,79.01740484380365,82.93596564430916,81.81271670080011,69.08235322807137,71.62963174007554,87.4723673189099,7.147234910236086,4.546076798809474,6.629046185567888,6.895165898888656,7.499266199082319,6.2108924905701945,5.97665020206602,6.529420247321179,10.297401242097289,9.251821145419038,10.732186760868466,12.466441172108231
30600.0,gromacs_replicate_1,86.86785,7.9930385989514185,8.056230006448265,32.77678,5.55005514731573,5.685911800250219,8.366035,71.4234077766346,81.82344575366628,85.80517386052519,82.06287680108757,74.07138451616022,68.40701710302184,79.70704875721714,82.18130542456342,85.09759021024095,74.59413517146238,75.48864445034265,87.95085801771762,7.177535969461218,4.696358481819857,6.432133686674416,6.332248009943401,7.440550754247126,6.352253420687082,5.400815285884716,6.708548195159907,10.736093035630784,9.225747398971798,11.604292308199136,13.177712847819182
30700.0,gromacs_replicate_1,83.68555,7.237049702291547,7.115487318558236,34.324215,5.362804946786357,5.492482717872367,1.6812363,88.46593358039519,79.17045390192398,75.08071320401444,78.58920953206479,85.87149559053103,88.43954296653541,77.60801672995407,82.32753837360524,84.86858986566925,74.16072661690296,75.97597463267982,88.77474946364408,6.9030241640817795,4.352886586785194,6.574059397820945,6.918169191073948,7.0409285335119565,6.551976887198271,5.911938940671484,6.3706913724999765,10.842092337005678,8.898813344762805,11.342595088313987,12.594524168496742
30800.0,gromacs_replicate_1,73.49752,7.103507706246077,7.17386598620161,37.56334,5.0837453476672865,5.238144987105698,5.4379044,84.50265203162135,85.95465335934792,81.01131803657256,83.2669363327438,88.42438071565051,81.67230317471984,81.5575730153712,89.62229361685877,75.87763783853406,66.8087371827362,74.19399923218157,89.37885148287005,7.292131759483286,4.496193104446733,6.486356031528755,6.514643638756868,7.571786974356283,6.8463318551576355,5.861872083162316,6.67550394263898,9.84236766347037,9.245348716090632,10.766815185286308,12.412623219881043
30900.0,gromacs_replicate_1,83.83444,7.8563640809371,7.670626238825493,5.246063,5.141363528038654,5.353922199628929,12.113693,76.45729959370368,65.89519515133529,62.179703886136146,67.33375699572602,76.40016123811674,81.67719698206942,70.0264595500408,73.44699146377498,87.56671441882058,81.40262559362921,84.18726294175859,81.97095802208229,6.944086360662303,4.464603885911293,6.770609774324142,6.508948680770468,7.721590062414247,6.458803809765986,5.870119072919724,6.1826964110097515,10.333804637763281,9.439422873298415,11.216787254224336,12.561234292352127
31000.0,gromacs_replicate_1,79.59878,7.157197230728198,7.307726273521295,35.07189,5.113255966480377,5.279343357276547,9.852562,80.74036160532168,88.95276940801872,84.91851413428233,89.06462065804615,82.58960202142974,76.60151918687782,64.30375497647992,70.3913065595058,84.64515897226238,85.1956756446084,89.92307862098222,74.91847398027227,7.21329201963404,4.539826925533426,6.677780560116746,6.79910425509113,7.3847039164101025,6.421352613715303,5.797037448517515,6.530949115315551,9.954230688653347,8.744913938118717,11.142676330299533,12.51093338620259
31100.0,gromacs_replicate_1,75.01523,6.648184417687561,6.777035569205823,39.42801,4.966872818353536,5.115714981103219,10.128159,80.60768101113247,89.25025447921526,82.79405801186546,84.35656307320704,87.55463304300342,80.30432875466752,85.62067299551593,85.85791361330426,71.76817898430166,62.319714323770725,68.95052212402445,85.52969359096763,7.274034608866533,4.4750436119798955,6.631690659090062,6.819314524390161,7.358040853154836,7.01060038826688,6.098627962400957,6.699254535753393,9.805265276754634,9.289916493764943,10.942568966740577,12.284060343383132
31200.0,gromacs_replicate_1,63.127365,7.211899178265573,7.139011922191561,10.905518,4.680700858053175,4.949435632683854,23.852142,87.22488776526322,76.7837446833628,69.1424635555314,71.67669447973746,80.49087211409606,88.25363197628604,88.04279408518664,85.22251415754675,71.38922319777215,57.733374524082684,58.93183806705417,75.42170650868731,7.500861665676795,4.6711726889671406,6.41571792588819,6.345009888738085,7.428513383067292,6.269759429800041,5.8773704737396875,6.059984497308945,9.804210071552218,8.910337641059524,11.024097581807117,12.296752741620912
31300.0,gromacs_replicate_1,77.846634,7.342550338955967,7.516341112225472,47.540924,5.493309839200253,5.6001798995304695,2.3353653,80.44084676901733,89.16192750833461,86.65760784108879,88.41509733643942,85.18348586440776,78.90899698643825,82.42782199918449,88.00879209582881,79.1894098487944,69.33592686763677,72.42918956425113,88.6408747984825,7.6113011354256255,4.690854680840178,6.57047031755354,6.33457847305627,7.2099066380602235,6.447765963331616,5.531625000933159,6.578869868216647,10.501036962281843,9.410143121367824,11.269461415951671,12.582634096255509
31400.0,gromacs_replicate_1,77.822266,7.329633691773739,7.471924523814232,27.602531,5.007025074675233,5.140115167943553,14.399796,79.9503303430505,89.34351759001768,84.12997893843175,87.67990547265443,83.92832602964391,77.16911574352942,87.36178790804637,78.65252799410707,63.93143139069555,56.85136833203709,65.94056425579595,81.53536358881254,6.871206316691758,4.246406607975907,6.351644202293851,6.41559345778405,7.741870156414373,6.439810300909868,5.702423094944326,6.4129399640636215,10.24381376638622,9.232988811380576,10.987893192165226,12.152538329479869
31500.0,gromacs_replicate_1,76.01969,8.026404933402539,8.01955096329123,23.192787,5.18768903770039,5.1730196951477385,8.663757,89.65019430378683,80.70402098242218,76.99089916458085,81.45068103511872,89.3362852816716,85.58079633847927,82.91521242727691,78.18485301356594,64.3114346713516,54.0232127265893,57.56447193537724,72.4420480361986,7.679075948646871,4.675358404219221,6.808941050870874,6.799287370600568,6.950235000854555,6.116058707657489,5.220839899745168,6.170743726947775,10.457971729108246,9.122281762379533,11.633543002590455,12.805226869634039
31600.0,gromacs_replicate_1,71.80825,8.036275622879815,8.121909141385693,8.015785,5.279727334585692,5.47457509620555,6.300247,85.89925485400711,83.24888802809633,78.46054228494324,83.06359750031375,88.24671750680486,82.12643653575824,81.22809954857784,87.89660936356864,76.72853071826937,69.29956119076756,77.28648692145424,88.77943225247802,7.033566251657912,4.44071207840742,6.4150304247982834,6.468734049930527,7.22873267693734,6.078480356299553,5.656819619465946,6.433914830127301,10.048587074453302,10.033224652015296,11.230834170307864,12.135192672169822
31700.0,gromacs_replicate_1,73.967545,7.147058058205604,7.309376763240341,34.793396,5.074272781130358,5.230104350416252,2.987053,79.26783049582018,89.70668862159428,84.34465367249886,87.29191435134916,85.10714927809882,77.9428137924038,78.66975961133501,85.84191181686931,79.72909746520034,71.46188610279805,76.50075368137206,87.11380613087547,7.258854659008731,4.716776371997959,6.717660154901874,6.926660374645469,7.301436671046117,6.386503431312219,5.414124673180687,6.388818785131719,9.723664950445967,9.344330103606255,10.898696848849033,12.152914469979693
31800.0,gromacs_replicate_1,75.95281,6.978911380204444,7.029932813409862,23.148636,4.780705849473838,4.956312269111978,0.29136658,85.47063586515793,83.06715400706996,76.64489843005008,80.42529521449309,89.41076157322968,83.1079025322432,79.77096200245312,83.6330279928193,80.49430362742783,68.95020510211685,73.18856600268165,88.51825458193507,7.437440958463197,4.765414584261745,6.602228063742323,6.641928147410338,7.191657510102197,6.413440165185101,5.312208837264258,6.439780657585496,9.838630246700871,9.380916139503304,10.829829846676104,12.74872844420094
31900.0,gromacs_replicate_1,80.31933,7.029212941994371,7.047977739386992,32.437172,5.040599046210006,5.161756705061546,4.4133835,87.46003692543573,82.16778782671072,78.0302339778832,81.86761230467576,89.9971307905937,84.10662661431024,79.60358959137132,85.72678881884879,79.57433843118133,70.11129265028733,74.31146477031726,89.75341909663129,7.153399168282324,4.702112321168311,6.464829892915119,6.526029356287468,7.383553384663573,6.4717436059319855,5.570023191436572,6.817755818989828,9.984499553407327,8.740238943421623,11.068141521617601,11.849271146904611
32000.0,gromacs_replicate_1,77.27844,7.47934107899623,7.609215656050653,29.325089,4.840817237775608,4.917541328941454,12.232124,81.15327633666263,88.48651118152218,84.00299738727756,87.43369678657726,84.45582667183379,77.97751973026433,86.38570853017457,80.78268256623967,66.37218733255085,54.74718746175075,58.49934395423739,75.5949652530817,7.666066553959109,4.695174376436852,6.885372856723295,6.921685100335464,7.410151392426389,6.358998789330476,4.928498228367721,6.301001796385313,10.307084679561266,9.130366662548989,11.362410799005547,12.729435468286741
32100.0,gromacs_replicate_1,75.23404,6.938495565306651,7.133842339497785,35.375107,5.015020918057567,5.159103939447003,4.0634613,77.36063846181354,88.23203119223746,86.05203547521909,89.29675500304994,81.78523316838535,74.85310960013285,82.64902102120202,88.83914500263121,76.53871076828067,66.22340720827411,71.61939111493902,87.16459578010068,7.061854334114798,4.474071920730046,6.424931287452291,6.581859384339617,7.507977202490422,6.337871712476464,5.1494118244392215,6.279945221644939,10.243515185538248,9.13992753991784,11.365177497790539,12.396800972527037
32200.0,gromacs_replicate_1,69.519,7.393091951586964,7.597366673045158,42.396652,4.839637458192845,5.025360562660691,3.1494217,77.22538616715855,87.13461919974515,88.627285008298,88.42058774494309,81.79631866010419,74.61076606589506,75.79193940523807,80.24466062414447,85.78768288045059,74.75435338726388,74.39588373583352,89.12311424105302,7.465608891698914,4.316581288998553,6.512354145071819,6.370062067015229,7.530362490821561,6.304053662239503,5.331560632169268,6.238175206560734,10.304106734032354,9.224005900005702,11.250563237658863,12.88653565416268
32300.0,gromacs_replicate_1,81.20115,7.238513363175342,7.384107216039798,27.834728,5.351861153824911,5.490719421177214,8.989471,78.91311567018178,89.55230530741979,85.19532829188307,89.00753642467245,82.19935057626586,75.58533970369884,87.33974634733669,85.80714061368688,71.7005800927764,62.76997228573752,70.13622019257407,84.92076305442399,7.193811700456291,4.5142802511521625,6.563490512758718,6.491697342215679,7.193311082458579,6.210028173093018,5.311477582904061,6.272257461084547,9.846837284257148,9.117331563289108,11.02058357281218,12.221066904609602
32400.0,gromacs_replicate_1,84.9397,7.606459230187974,7.713541184780724,37.435722,5.131269557565631,5.2820889306053225,7.5997696,62.87549009638386,73.82830114414669,78.15741011507104,73.92904907915512,65.94817659142673,59.761134089494504,77.53479271908115,83.96818797178229,81.16293775295303,71.8356794564943,76.6912535348856,88.2614132116651,7.240914438460507,4.622133344529747,6.481270014565903,6.742326735796096,7.47537899024156,6.567279198426481,5.6116647207401575,6.3394912968793795,10.272758068817216,9.430121229861404,11.263599450665799,12.418341227618084
32500.0,gromacs_replicate_1,87.78207,7.222147896120106,7.344008908074668,36.608727,5.067824241153837,5.1239414409420485,1.089508,80.75116675468675,89.14489966369942,83.41102990530969,86.20564662217639,86.09546750473595,79.46080881358895,87.66317054262504,87.37235675334013,73.3141347689381,62.778012291260495,65.68409708290226,80.91875162039337,6.892087589035643,4.211276427268344,6.865463436364754,6.903645506393202,7.180094042829962,6.08406355827837,5.26510008092733,6.425141146513734,10.445133639556095,9.005737695796391,10.736599905240608,13.019276754976344
32600.0,gromacs_replicate_1,78.912865,7.220982945490501,7.353415095893503,34.34841,5.196451548913409,5.342942258382762,3.429428,81.44671923499313,88.70808804364088,83.368133976836,86.32617141425744,85.72534165484554,79.05916607532144,73.17634089861569,76.7704273759861,89.8586671820089,78.3704280463482,80.38392128242083,84.82494275220945,7.039662017386361,4.51032100723726,6.59392939775334,7.230485082344017,6.965095611667214,6.547411884636075,5.3967709913650985,6.379292288146102,10.33681572570269,9.038092498762111,10.690811511482876,12.846380058738767
32700.0,gromacs_replicate_1,81.827965,7.843990782938655,7.502039263996549,20.464317,5.455738057623551,5.577440925135894,6.640785,75.54948111967698,66.2666422167592,62.4134832845977,65.73910365078885,72.78693787176083,78.748352135741,80.55051642347807,87.85658651906397,78.61430798592549,71.55021083644847,76.84840377557374,88.41341057950797,7.058888430533188,4.3442444076123445,6.50719771781615,6.625219464327487,7.263757463828709,6.350078551913879,5.591249845668994,6.2225422612760335,10.441619550110746,9.584294548256326,11.26999298324521,12.606751763912497
32800.0,gromacs_replicate_1,61.369717,7.316618479092765,7.346290772622509,24.23265,5.061032266118924,5.198626390785329,20.280525,86.75109702928646,83.04294356644529,77.2142002239799,79.89837235603578,88.6558119269581,84.03820731324628,82.5856935386113,77.11591232207763,63.78552627660326,52.86204961655554,57.367322171277465,73.07942702002369,7.365590040073962,4.6357688151471965,6.506871707365098,6.7053147151632855,7.126570996168293,6.068376857595375,5.403280646413065,6.19852603729508,10.290162128935602,9.213638398060814,11.36861374045343,12.355236047729248
32900.0,gromacs_replicate_1,88.98482,7.347779063139297,7.452023260661778,50.089214,5.676080793760765,5.820669752495692,8.490349,82.94989342034218,89.23760406862937,84.32599179539034,85.75954672764138,88.57553781563385,82.75166004704178,74.11958068757502,78.33595791997503,89.28560326475133,79.47538842417238,80.2293435796675,85.85757758093494,6.825884121738604,4.183063134934275,6.436183790090742,6.596120392860313,7.485824327441858,6.518434464115512,5.931819601979221,6.335291770123185,11.333291842225702,9.20620798063842,11.85934333294827,12.906736751642661
33000.0,gromacs_replicate_1,75.01662,6.5213334135417735,6.605234003597081,29.250748,5.335917567756469,5.461337282800508,5.851677,83.79184320404575,85.14637642288761,78.9710191380649,82.70678773432826,87.93924327815024,80.31062405376545,64.14424608173651,70.03400598343059,83.45478471123695,86.7235724007849,89.1376679560997,73.78621168685255,7.5677120729148655,4.7812752493696005,6.680214994940808,6.760265220378651,7.54363264435453,6.730135720863279,5.606690857289848,6.748416771132527,10.19727847133448,8.35108829290478,10.665254915182354,12.661206262759617
33100.0,gromacs_replicate_1,78.42278,7.089852375170726,7.2771447826856015,34.947567,5.181551169037235,5.321072957206702,1.0385361,77.34490719531271,88.15093395920921,85.86937846479938,88.80889934417813,83.0346682372622,75.43326148786544,70.06854010590878,71.12715730790332,83.39702487096139,83.75984922242615,83.53205054321207,82.97588146024695,7.22592996137289,4.586947785515956,6.632419068494474,6.508688470543765,7.5049194529524845,6.821015012199133,6.301560348776152,6.2526467151196545,10.680875372119539,8.753104112051528,11.283225603526512,12.824249004012826
33200.0,gromacs_replicate_1,87.27271,6.957140905571813,7.136374387097816,36.947144,5.288676402284131,5.467165091947807,11.087166,74.51500798242733,85.97618448586374,88.94300078708777,87.53516988522686,79.09876233076427,72.43410854210781,70.7358016009625,74.65437691414569,88.20849921785839,81.40817543289658,83.88453152965235,81.94199375194994,6.784540492628151,4.428780139471968,6.478000745954552,6.865869904392207,7.172739913436432,6.348508151487919,5.915435365706706,6.853732073288951,11.03024867589545,9.02579135918705,10.809813499660368,12.924250075770242
33300.0,gromacs_replicate_1,81.50871,6.527626482488176,6.734039729161533,41.273895,5.434732375651563,5.583780343562768,1.376709,75.25430885303773,86.89468778456211,88.27248238325262,88.29487709851311,79.74028055386667,73.04629634945874,79.06494771987053,79.50854390934916,88.64693100701946,76.47577957501858,74.86185939104274,87.28055389586805,7.467186922006811,4.907262940792254,7.014863508447049,6.963632206763434,7.226007607874098,6.162458335200587,5.497793104015424,6.333176142098924,10.597293990124042,8.87368306927865,11.044017417531935,12.430883753567679
33400.0,gromacs_replicate_1,79.489395,7.218664392481533,7.065404831993212,37.068993,5.553801935231505,5.622694213338447,0.52601624,87.41172656994345,79.12116175474381,74.66913140282051,76.37611572429824,83.54196773750839,89.6171416932986,86.54700244833174,89.86726981465094,77.75136550480775,66.88768951872859,68.56701077321054,82.34584472356434,7.061088420472457,4.574339994564782,6.939553234653656,6.768942551922812,7.221939791103846,6.4672426107162275,5.16610343844679,6.138387104264784,10.780082912504495,9.334027736586563,11.549925534020273,12.555927353790123
33500.0,gromacs_replicate_1,77.145966,7.02106489091056,7.2677276504505315,39.43875,5.232354392385947,5.325613375346018,10.241829,72.59990211156855,84.03826953518104,88.91966797730089,85.11004100360802,77.16300479137256,70.19185259323434,60.66793687198428,62.862225128325285,76.10239338153556,87.61254350225785,88.22010808819766,73.78868614698004,7.298700585168211,4.709245379153648,7.097087773753205,7.430776053448086,6.941613736317886,6.203016225639725,5.177602712953273,6.489802601411167,11.07629174722297,8.845198573229686,11.352623757225743,13.538504424070323
33600.0,gromacs_replicate_1,79.22133,7.7961652641961265,7.96173367869521,38.285202,5.30675076806294,5.428235174944562,9.39312,78.54267118315984,88.13228992367655,87.51378676556902,88.61015014248777,81.03657372420126,75.70303799991693,77.42830753394638,84.43302453038454,81.62889355359725,73.5624419565519,78.93553717982255,86.08253042531095,7.224798536291498,4.481625202147654,6.578147463960996,6.4614031130318645,7.206885685830632,6.411384582911763,5.349062720744476,6.166116236546487,10.744641908872458,9.258655087129089,11.879010648554793,13.035633985594625
33700.0,gromacs_replicate_1,75.55599,7.458177116910343,7.560488758253156,19.68425,5.282879608786603,5.473625336104222,3.394661,69.83133532036717,81.8370546646208,86.70405621900294,81.39486493152775,72.13273672235502,65.7615025850633,76.54814228799994,80.65692292322251,84.64102266597503,74.14631536896692,78.83150242554336,87.60500910468238,7.368030564513619,4.439091900489909,6.661017226200102,6.589024932474177,7.311193333162132,6.220494878018798,5.209369462205199,6.147036644061574,10.357993488217001,9.829086475331586,11.254131739803045,12.69936336850622
33800.0,gromacs_replicate_1,67.46694,6.787559056987933,6.766760455953673,33.189636,5.12202644935973,5.268101212447337,0.42816162,85.41123189394777,84.34841219291336,77.8194630944232,77.9664664843653,86.11082026135838,85.8632845022105,68.7389843071305,72.9499716071876,86.74555675017545,81.40284051423558,84.80664884519804,79.8543193164367,7.156433079235992,4.260618351420949,6.617358422459944,6.642541679596348,7.168073691928209,6.497353787587478,5.183690668047547,6.6047919840431195,10.75449157668371,8.97644623848839,11.191332847194364,12.583002412037622
33900.0,gromacs_replicate_1,78.40962,7.173686332289954,7.380428689666791,32.122383,5.794303964632806,5.9672380448563365,9.267105,69.39541716169369,80.89638591455228,85.70087297716013,80.691129551188,71.58872880936812,64.91201136181861,70.95252748233987,76.01583450180381,88.65586362732327,82.24803975132097,85.43672957022646,81.05156527919013,6.998005743607365,4.4691134209841055,6.57163437791448,6.462132756177599,7.435597050523563,6.440343906127202,5.469978689130308,6.295547522141416,10.777014244336918,9.650369645822884,11.71050194125093,13.23335781674557
34000.0,gromacs_replicate_1,75.19378,6.9297829734633165,7.138186757834259,38.532074,4.943970774967489,5.11615638157904,4.0646286,76.59729289152175,87.49952549467002,86.47879624054664,89.83686637108006,82.54686531713848,74.9615994403071,73.8458304168756,81.46427369768016,83.62061805658745,74.5079532957081,79.88411780681047,82.82878035388536,6.9073520705303135,4.209380378656232,6.380563861564442,6.675592792112355,7.824564359719711,7.272757612930724,5.720307783084893,6.4966768309264635,9.84524618956264,9.153465395122824,10.729177980767846,12.198054126018613
34100.0,gromacs_replicate_1,79.973366,7.215602144545776,7.413838914279142,33.256668,5.4773613632020535,5.661713427463175,5.2403336,73.535289565215,84.14906285834164,88.65752021104511,84.76848368313998,75.80809122905333,69.42906092493192,74.58298260179802,80.88395635462493,85.05535160464306,76.58089448605759,82.60250932393727,83.64817449917328,6.959461826810783,4.089156185479131,6.525874450641163,6.4811199814899,7.6101588778014415,6.464789852395533,5.782789225056701,6.065606977069008,10.507169681222424,9.614368268552992,11.32119921067192,12.419377794682998
34200.0,gromacs_replicate_1,79.86217,7.572299171810024,7.658245255633584,32.843903,5.186338799217361,5.398478346830671,15.432472,84.18052508921224,85.88584467715025,82.13096338580486,85.73174937421692,86.3520014184298,80.92000776546556,65.60270784559144,69.61936096187414,83.5471941114977,85.38711344762699,87.489270854871,78.5669831536254,7.108222101883086,4.666431502454445,7.1137398329701105,7.262427429846393,7.303492517526323,6.333601454797871,5.239174851969658,6.216600554224365,10.75747307707542,9.195251586096232,11.227490759535996,13.119403473001253
34300.0,gromacs_replicate_1,77.24357,6.860231675465918,6.935747994237486,10.446083,5.190648947117264,5.361925030757394,9.644981,88.2284494467657,79.35889276990214,75.81056664399551,82.41857245794897,87.59006217940279,81.74705895692003,65.16282942803714,69.12828059401733,83.4118938635707,86.00613414148079,88.75971593017427,76.9889409444572,7.928268731277251,5.118231318343484,6.838870955826539,7.076122323568437,7.31287991096299,6.083681278194174,5.262375423277267,6.341384250037764,9.966989211559122,8.947008123335225,10.905730236614001,13.059128687644952
34400.0,gromacs_replicate_1,66.818344,6.668921050317316,6.839153706879145,26.7219,4.899177115895776,5.082502961271356,0.9988022,73.81647374245128,86.5212704578893,87.12784519398214,88.3923290947878,78.78449817043109,70.92649639312455,71.10646119133267,76.00828974107213,88.71450823843533,77.64222155978659,81.70235805871624,82.92326368324143,7.320889940570205,4.531912056688421,6.754077745011204,6.9620495689415165,7.260936417385714,6.510334224042086,5.544937705605974,6.865762687233252,10.448011761807205,8.874411828862936,10.919033122799263,12.824605636019918
34500.0,gromacs_replicate_1,81.647865,7.128289186473673,7.3391263938868985,43.906506,5.095248833960909,5.282026606953824,10.417633,74.51233767364876,84.72528833018397,89.64338561633808,87.65442483311736,80.06385206517965,73.63094880801113,71.98364280638334,78.83274658936534,86.70465531289943,77.5279175371178,82.41418334090599,81.59482572535856,7.1722836293161265,4.280854173264961,6.530650217794885,6.699147054703452,7.423572018622681,6.599222475676231,6.039808751738351,6.649746290954523,10.023203217816201,9.462974205598957,11.40428151997617,12.842921829022705
34600.0,gromacs_replicate_1,85.58309,7.132078431954626,7.0886982231952596,32.47995,5.514263538048582,5.651617979791255,8.578423,88.76870502123134,80.62132669152112,75.78443747524355,78.51025090934439,86.36808074005758,86.7870819629425,77.02307109344906,83.79069479726188,82.71313304548636,74.13198110681832,79.08707209536279,86.39954800241973,7.341557942727495,4.755749049831935,6.958881946044275,7.0311825847883815,7.322075787956961,6.098382069499551,5.049986721999458,6.490066728626995,10.486253270197501,8.960940704860485,10.754461766355933,12.621485163383188
34700.0,gromacs_replicate_1,69.56943,6.894616436313767,6.942398427703578,21.601624,4.851894606374142,5.044983926711676,8.0390625,86.11344300417048,82.60448902332647,76.56380801438715,80.30017200683773,89.14862994375837,83.41106115264158,78.80364870759344,84.81928492436109,80.71366075183465,69.56835655612278,74.87590492170033,88.5481307415661,7.482073057854804,4.800785620231168,6.543693571720227,6.799738880373725,7.243398710585303,6.178092660442642,5.2198987788305065,6.599957164509953,9.845716382576203,9.283917499089709,11.070916467777803,12.441519146092622
34800.0,gromacs_replicate_1,79.00671,6.6684578256742535,6.93712900798786,41.410248,4.952100566110795,5.118579096012574,0.4310608,68.88196355200506,80.43526610288053,85.69955831923227,81.52628194794579,72.90230914076595,65.85857798104605,72.41684166661254,78.03183627217912,87.4667312496998,76.56719679629546,79.67800878189199,84.04238114629247,7.643263056437408,5.062401869911353,6.426656784809921,6.865902838020014,7.463757465215748,6.148477069553036,5.1612676888475235,6.332640067440559,10.124029476128273,8.90225900487092,10.919618416885168,12.54805136357555
34900.0,gromacs_replicate_1,87.8093,6.967720578252249,7.213871858560532,46.58238,5.307945101480059,5.484339651075861,10.38446,70.73401651002068,81.89348885771165,86.1519014822149,82.73206731067877,75.34790202528589,68.42056689850467,73.24204306431373,78.25395323244965,88.17953740198756,77.79076714450898,80.67060072440624,84.49074747034655,7.17905140331155,4.433908723762352,6.642887600428035,6.667580751165174,7.671986134240125,6.730623942969836,5.771340203587466,6.106210464929066,10.359256251739913,9.247270850428356,10.753560861256162,12.70242049837797
35000.0,gromacs_replicate_1,67.28511,7.357409362846353,7.400930876026813,28.92445,5.365560661933625,5.523384902673131,3.2511215,85.52576402593367,83.79518224355752,79.11168783111275,81.90373394076651,89.69514536841632,82.82996419932162,75.4739961094923,79.72289484960706,87.4108371408745,76.68111277149589,79.45336176684984,86.34600859268097,7.823239164305001,4.939049694610138,7.094006399043652,6.611356645699001,7.2889764659674485,6.231543498023188,5.541633033898491,6.17954728832826,10.259953182181304,9.060089524488195,11.168391622256642,12.725933319131848
35100.0,gromacs_replicate_1,79.806015,7.4523630448082665,7.532433590174936,28.791801,5.469872499323475,5.520220533578516,1.8518066,83.91175273636529,84.89846965348356,80.56549105629159,85.01973398811116,86.55302093817225,80.97479943720577,85.74766163046891,88.1100626619886,74.2075194722113,65.82193193556915,71.45268085899522,85.24483199469687,7.433283884236412,4.75673237148426,6.728803390499535,6.608897347353428,7.790931429605871,6.446916754969675,5.854388485446259,6.190456405358075,10.529796876316047,9.692669494471026,11.461255167059972,12.818754198749405
35200.0,gromacs_replicate_1,75.49574,7.42837643651021,7.532449047882928,22.519966,4.8825101887616,5.023271386137387,3.4758453,81.03905085009399,88.73726858970386,82.04194586406395,85.44040879926563,85.8885628183,78.67657812731419,84.75662010526268,89.84527897376718,73.84804962034424,64.1637144531746,69.9012942761502,85.496625168289,7.537700197437727,4.848900210672256,6.910866774387822,6.807634069213188,7.212811929176475,6.074222393649207,5.690758487694613,6.4649941577752275,9.961188337747929,9.236336760336567,11.0564105148571,12.619430904184338
35300.0,gromacs_replicate_1,73.09753,7.249313855649079,7.493559185288976,36.588028,5.2436233992069905,5.4026151101215305,9.174454,68.12573015138906,79.20459236337105,84.40026722541639,80.89039786355427,72.09260269063638,65.07785351223191,63.35474216531944,69.22731119561635,83.2964216906546,86.83715037821304,88.11169304390656,73.6264211614917,7.2327767239281195,4.348210355870402,6.3936669745490455,6.892348082458162,7.395422612106267,6.491968747041486,5.915274958577566,6.788329784376545,9.91509936507121,9.376595970511834,11.001582573162208,12.584522159722935
35400.0,gromacs_replicate_1,69.45554,7.075691952024025,7.3241297916044035,37.22535,5.230526437958963,5.376695226930509,0.9435501,74.96207869756353,85.8450958031839,88.22456304875807,88.52277099754996,80.5174785977698,73.15211007055939,70.4895661566515,76.62329245607826,89.8015933936547,79.58428074811596,83.66762204017684,80.62232118537342,7.316041789911536,4.677000587711574,6.67612266358288,6.957153305807152,7.3269676573837605,6.463585183245653,5.818886799468254,6.4992962585270195,10.142521275159476,9.02505453157067,10.914925378161339,12.36913149228024
35500.0,gromacs_replicate_1,72.49275,7.00108038670866,7.1547686566652535,24.030334,4.79147751778105,4.945327941135384,13.152267,76.76370672750247,88.91547012052237,85.07433067481146,88.55310479400049,81.95631276630913,74.24120558310972,57.05595805640179,61.48008795849545,76.2914561841911,88.69681614323186,86.31997220786457,70.92057613448054,7.51267689802119,4.707615448656199,6.909133690053199,6.857311494699721,7.3337398973213865,6.294275495840242,5.872093491003162,6.56294780203131,10.37717820391698,8.912194711689725,10.897816783534797,12.557639784886554
35600.0,gromacs_replicate_1,76.144775,7.2509086223828465,7.385304166835377,27.500427,4.972168655555408,5.1556804817918716,13.24836,70.92259258184578,82.87282538725684,88.82462254771043,85.42521772775451,76.66753049339782,69.29868732138779,64.11920316989819,63.68978276160809,77.63566483389877,89.18497213795354,87.87890615654129,79.62868184261653,7.428372946264496,4.51376232201808,6.694461343320036,7.072416815712427,7.326159624439277,6.223249343498011,5.423924739876231,6.598178884546054,10.426560906197192,9.020015906164463,11.06286392644536,12.687928749885158
35700.0,gromacs_replicate_1,66.98388,7.421999712186725,7.242849086763413,9.098915,4.711124623467577,4.918247121968107,5.5807266,80.6830772366202,69.9288511090572,62.931655047893436,65.42443043454061,73.96980541731139,81.49297470986843,77.89384248835839,82.50628013489415,81.8905069113993,70.01227876617963,74.74009234613315,89.36821273261823,7.2418383298994735,4.675911874202225,6.959113767310789,7.112815582542814,7.482727354572909,6.3103470261037256,5.704891787916017,6.5759081654731215,9.59697574026269,9.480220811584944,10.835624197143192,12.171560699867335
35800.0,gromacs_replicate_1,77.753075,7.198457894580438,7.076533357175538,27.558983,5.2304952591888885,5.382479090941524,4.9183807,87.49661341706116,77.78459796817445,72.5067138044848,74.3382821303344,82.58274156586492,89.71479881560478,79.27689203338764,83.54541407053819,82.92877328740047,72.36271611906925,75.52992636939226,89.76083246398424,7.315953485467249,4.670284593246814,6.5495132360926025,7.1615198587657884,7.425756489778274,6.218846233245089,5.175546220773619,5.94462392592315,10.410021972287625,8.975237190941234,10.976196503745568,12.578999935565522
35900.0,gromacs_replicate_1,76.54947,7.820517036482366,7.688321464107299,20.148758,4.756491877112045,4.951317877485831,6.1213074,83.93331489515812,74.0719550240956,69.0269361780555,72.69725612542041,81.1790679362952,87.03371979581956,74.90588715869603,79.19027534401478,85.82217204739186,74.01401279200124,77.37937124824956,87.87839697135104,7.136156696475413,4.555783690572595,6.731935815218814,7.044401725614162,7.530011397726248,6.111231935800803,5.3634703857273625,6.392018288145117,10.208335636558214,9.354677696175758,11.302189170222235,13.040531915249668
36000.0,gromacs_replicate_1,87.80863,7.831247378476111,7.94410535145958,35.09187,5.656757942534639,5.732926023557827,10.265366,82.89697952085248,87.73383759938547,84.13632470307556,87.69817004520563,84.59787064404213,79.4074523327061,81.5752787430561,89.08912578643252,78.33291150448777,71.04485961313337,76.7602916976729,89.166715979276,7.1715399840630765,4.302341112666301,6.636525046595513,6.613683091998204,7.45879180531254,6.588629437626564,5.5451865224823464,6.557509880725066,10.736360539022016,9.409668484569059,11.282292325915341,12.756058913292328
36100.0,gromacs_replicate_1,88.83327,7.647812428315639,7.741580921841177,31.175034,5.2145012135691555,5.251341439099616,3.01091,83.18838597068421,86.8025738967984,82.70296185651783,85.21848407627122,87.1976525710747,80.75039348418163,89.9281600482906,84.45840302926835,70.50801528594732,60.46476456574974,64.59309986888093,79.57962927876797,7.299554723442827,4.569115151962359,6.574650103813072,6.236449542930043,7.367354394644197,6.046046403159253,5.115427443519812,6.215899726289323,10.399092149885947,9.444921799628045,11.479011429746748,12.84927935644118
36200.0,gromacs_replicate_1,82.13213,7.68920271994815,7.561797051920789,22.20362,5.583994394332245,5.653016445874058,7.606598,86.87817760033033,77.09990177518496,72.04824414046622,75.60911729174688,83.75642022927366,89.98832283711958,88.96063672801523,83.2176716972953,69.64793436381058,60.548683652888165,65.99716508836367,80.36262807516445,7.290414741493665,4.4998842601867235,6.6814834840403305,6.950326907050704,7.387403440395376,6.329659145807335,5.2647770486117,6.545476247650399,10.62173332023305,9.611478406359156,11.099072326349297,13.166749690680128
36300.0,gromacs_replicate_1,71.5648,7.250294626833604,7.3608055497922535,21.915146,4.899327782125366,5.08959135838695,5.7829437,74.43479298229975,86.50287422850006,88.75025382860956,86.17282726863634,76.94749103118244,70.5613460150661,77.85480317399929,84.70958797028914,79.50595656159541,70.102154219824,76.86518619919607,87.0822405816063,7.485694838578587,4.822430556780651,6.59326693180244,6.495146146479309,7.6737790881161745,6.695875289996874,5.70232162279703,6.345056567039509,10.039729710832944,9.400990774861214,10.51319100506235,11.093678294984542
36400.0,gromacs_replicate_1,77.87347,7.258985486687993,7.197169450572591,22.124512,5.3686437964500096,5.473880697118572,7.7527847,88.95552146406558,78.79957490239816,72.0784307939691,75.40264399474306,83.55566577284921,88.90897130760732,89.98099150937175,85.14748754266418,71.58852040281411,62.18384467820675,66.1964940685536,81.37821946905498,7.366501551769451,4.6194438487248295,6.728114647870315,6.584697397565506,7.389495887249317,6.169663107886406,5.708543654869696,6.548577921170766,9.9164439457651,9.429627942278149,10.976363342189764,12.463588448105604
36500.0,gromacs_replicate_1,72.42329,6.149932428321645,6.15978103973058,25.867073,5.159002888650395,5.298499882336862,11.51458,85.97222592476362,82.39440447840866,75.1730429402086,77.30860149867152,86.43568549295178,83.8284306839192,59.75404376106102,67.12192049036182,81.54095283054006,89.95793271334419,83.43081586747738,68.14553573647785,6.810148229681584,4.354934166660644,6.515755693119297,7.181986428719651,7.166120735224081,6.572713785006972,6.427026258422117,7.218838860388896,9.61669464938457,9.547790078158435,11.272574747685386,12.026010258909906
36600.0,gromacs_replicate_1,67.73767,7.173512042388876,6.955675470562519,19.545609,4.976108217916523,5.146403783639807,15.873611,84.26541305721616,74.65988457975754,68.37943726447273,70.38994552540963,78.66654346762486,86.02036179954966,89.64052716879765,83.07868992193934,68.68065399502902,58.61725223656794,65.7018265324087,82.94953878585387,7.575257440184928,4.675057035107217,6.691763392990913,6.993020466662398,7.149862359023585,6.312527816487507,5.361214592457735,6.779498214485294,10.087370414808177,8.63270507221731,10.74444630067842,12.39463315378361
36700.0,gromacs_replicate_1,81.4438,6.830028586035095,6.376619766104148,19.795547,5.421259553713857,5.579732767038561,7.350418,75.48641589629715,66.16507275554763,60.0988700411556,62.40954951933079,70.84846456544103,77.31566431022604,68.60843757557681,73.2218526627889,86.6589794179859,83.38850974631104,86.06785496296197,79.20314510407444,7.032043169185534,4.453065596795031,6.58231503493819,6.948250867891439,7.158819932942822,6.178225888357764,5.475746034274193,6.2250884230601295,10.420289296439899,8.923462265841989,10.816609809995214,11.963685939869894
36800.0,gromacs_replicate_1,71.51779,6.709322400873511,6.343085846665176,23.699318,4.99145081531693,5.127063665383673,3.9708176,82.48682175531854,73.94398502957169,65.8946939093602,65.61165021914466,71.90544905011998,80.70217318354659,64.95382606731698,70.22941110993071,84.50669440362587,85.10129222358935,87.94274346985439,76.67573272054032,7.55215538817005,4.610030701895341,6.764167887977243,7.161633002365099,7.134024806280978,6.020921335672648,5.748901829800837,6.494956481474656,10.299170034782996,8.727249884797862,11.28078918575884,12.155986743350462
36900.0,gromacs_replicate_1,65.309906,5.922809811529816,5.814968360387532,20.066391,5.174132871115217,5.21836028452581,3.2458572,88.3580846780827,82.30156696110842,71.4151682528901,68.95713699392527,76.57707532529824,87.25829581902896,60.51174250379185,63.55369501243986,77.19217274656522,88.79971771372121,86.04123206075363,71.86225452184377,7.350056649442728,4.750403612668256,6.7531873008533925,6.628178534255441,7.5957530230050105,6.658214033840072,6.251318746255338,6.483521152230228,10.012194513549854,9.060301602870078,11.06999832706038,11.988356705482756
37000.0,gromacs_replicate_1,68.60492,6.718084189079221,6.924782254047438,32.40796,5.015916865319569,5.189436046760307,9.316376,75.96963694419107,87.11544071064759,84.89969293180043,86.73155912470706,84.78130193802056,76.086017116296,75.02394806818569,80.90391450865098,85.29165387088096,73.636290207562,77.83174086909565,85.25201833238309,7.299601789471109,4.768512655079276,7.016831997022984,7.048047773018916,7.060953295973094,6.3949257390663155,5.553029096252182,6.9684700068734005,10.091012222464224,9.088596557432396,10.817092304006389,12.385973026792529
37100.0,gromacs_replicate_1,77.762054,7.464029274985756,7.622527279891695,27.155853,5.169845990876429,5.355833255137743,17.986923,77.00298319413544,88.16850013798576,86.55208114105595,89.02759232702475,80.84382057524023,74.18690176434978,57.23468442279435,63.18932609640977,78.09929525331255,87.42644548193736,83.71481678070421,68.28505371642414,7.024900657325452,4.509054397750332,6.55346552126186,6.577180643918823,7.383907734200012,6.345082703463935,5.54526724546622,6.094625722890454,10.129788825152872,8.895664896407078,11.421533373106552,12.861499261719093
37200.0,gromacs_replicate_1,78.799904,7.467895479101767,7.526100987557543,51.380157,5.472726993743307,5.582673865756908,4.491417,84.39808555816008,88.60616633479442,83.81857735462549,84.32338493271904,89.98081573254765,84.3914899026005,67.90906781891941,72.29410942903489,84.84934489018944,83.95488130459336,85.17404326263,79.56363218463085,7.779994639535331,5.655183262056073,6.945516762790542,7.120501073740244,7.038853681661603,6.253186298100817,5.135215618851867,6.205253664417392,10.334514228935415,8.913328331760068,11.189888896617878,13.063381169292125
37300.0,gromacs_replicate_1,83.130455,7.53234262621027,7.6573788336797355,29.191963,5.179600487157865,5.326848090536167,1.7771454,78.97988924829899,89.69839309988014,86.58412036372069,89.33462785105702,81.26752051950902,75.05231513262977,80.7469779135134,85.64100754335713,80.37415190885189,69.60737596447598,72.9693565052082,87.98739770093471,7.165660834453466,4.326826815490707,6.5447892159114875,6.7559496312842855,7.284837890357646,6.7233780935398855,5.722319892092188,6.405631750043681,10.400656003569644,8.959426360649179,11.365849456951905,13.035026993854668
37400.0,gromacs_replicate_1,72.526245,7.606242331972108,7.523504952057508,26.096695,4.972774039742273,5.158747500387401,3.3035355,89.10031729878466,79.7831027391331,74.67083723424486,77.37816710173786,85.20124103205269,88.2411618767783,73.90205374568716,80.84618900220978,84.82796070532507,74.5679165132321,79.8169409566557,83.56731812958297,6.9863559820568035,4.510072319045809,6.422739309101671,6.7510585869528175,7.337939122033333,6.462820785483834,5.4893376166948515,6.400106231204096,10.040603332716207,9.664511473415065,11.327713779274236,12.352807753382873
37500.0,gromacs_replicate_1,88.03556,7.583816874846594,7.665135769534013,23.440216,5.0983706149501185,5.147941795174342,5.250473,83.50981832387879,85.55574419101657,80.52221858366275,84.98429051988133,86.89580160265213,80.62244242603126,88.77135971424289,81.29185906929627,65.97292422403834,58.80590574397156,66.00030303009066,80.56520334470775,6.970847576554715,4.374990382383539,6.697551391223,6.972213433346818,7.527003873155551,6.554082953303159,5.897765812183179,6.275102827963567,10.186904735274531,9.430800928060156,11.058126627908736,12.864954173544216
37600.0,gromacs_replicate_1,76.349625,7.113337917256584,7.202689963236052,14.090881,5.239743187464615,5.494136019865033,22.092941,81.65454843143083,86.41406902283886,79.75054380349492,83.86040306125443,87.11020512098068,79.52707910830574,62.81910688891151,60.23566940002757,73.0533171886769,86.42375342850036,87.88347561485294,77.23754901491453,7.120080642747487,4.510425133416975,6.467638092303113,6.580671676746126,7.394075070332287,5.910103483429822,5.800117424202341,6.180544983580678,10.194591296639302,9.5043598230522,11.107873390565148,12.624899959804056
37700.0,gromacs_replicate_1,76.6107,7.112362418711639,7.271146974991948,26.652863,5.12670938469115,5.313418716696533,4.842102,77.0024374923621,88.19133598073921,86.22647861766508,89.78608482005292,80.55230423636525,73.72806198863891,74.55639876116774,82.1487304636693,82.73436883442896,74.60096563760727,81.638252969735,82.964412998794,7.073846395418842,4.478789218837364,6.757598602877335,6.672264499966344,7.463917997112705,6.43714921173056,5.646703825704268,6.3025432483677,10.085741580423997,9.541569022541415,11.329497586204852,13.372153376809047
37800.0,gromacs_replicate_1,71.413025,7.33237057800456,7.4032829236980975,26.286114,5.267642776776685,5.442907225629962,3.6644592,83.7005600181673,85.66896585647102,79.62156040522241,82.14655026574854,89.67844670824917,81.97640182896299,79.75747266406749,85.44062367033261,80.44652780244677,70.45493463577827,74.10398488964935,89.95046276446666,7.341636116178781,4.677816585646679,6.703511750421774,6.585633992454283,7.144532460965992,6.105015510302541,5.481049088550552,6.392026951419974,10.236198781143221,9.110539315445312,11.12647340649678,12.85484010023221
37900.0,gromacs_replicate_1,67.856026,7.186821700374625,7.3546301649562285,28.811653,4.926628794057701,5.109264022223762,2.716423,72.34372733411921,84.03855993269501,89.11783471805641,84.56286210947249,75.67900389354664,68.80250967916496,74.43718815508794,81.25370763382733,84.25230785186184,73.92265648741356,79.47665209714442,84.36188496495262,7.318281726659385,4.565193807830457,6.774462287057948,6.716190412754207,7.297328305140595,6.035359875196616,5.39538056199289,6.338650914816507,9.7518949190622,9.357712555115825,11.159261317913924,12.938318607442488
38000.0,gromacs_replicate_1,80.73564,7.198461415708814,7.314808022430957,29.618221,5.112614210950555,5.284580586338485,1.2737503,81.31392177832772,88.63423109620821,82.25290352812733,85.05197501920286,86.2736759108206,79.42265337360354,76.3895673302873,80.6601180304179,85.28072981927423,74.0224044030756,76.67896233564514,88.36133886049271,7.465735599933905,4.4638699968242035,6.690730490472026,6.722553798654577,7.2513676001919345,6.260002008827392,5.454802525730882,6.571958434188538,10.162959117423885,9.215893413421982,11.437231552604565,12.909017143075175
38100.0,gromacs_replicate_1,77.86402,6.829240009126579,6.90649301990925,37.41899,5.12915904277901,5.293363164291555,3.7977905,83.07382638619063,87.37096205196494,81.41126698526112,82.41629594031657,89.9814807391573,81.81726230948152,79.53753545669777,83.52277382060578,83.46975156269875,71.62237430476395,73.08984901418074,88.87324343013208,7.28319900174382,4.512994309361888,6.552877918959079,6.711166416352773,7.398332502886472,6.329502914390894,5.383082395919208,6.697204136355129,10.428085350516124,8.82792476873414,11.04740974727476,12.682699829542777
38200.0,gromacs_replicate_1,73.045586,7.399515524249991,7.549474127171141,36.5989,4.995695511929141,5.097898226862794,2.2379837,78.87404098125461,89.1771504347306,85.86689306133829,89.71821598556024,82.61883817649904,76.2502840247731,85.50094032995186,89.4490532807723,75.18720933222689,65.13281713102005,68.55217463909314,83.70637427796527,7.453719240549332,4.819495722650317,6.804325377212401,6.739027900577224,7.0769212302226885,6.149600609088164,5.110810343820262,6.22690788022078,10.144102581782462,8.988493256920123,11.198446168460826,12.45249572087353
38300.0,gromacs_replicate_1,80.12477,6.736428377347046,6.919511888083669,32.224655,4.953681243377759,5.141482421860137,2.9679413,66.31954251320556,78.82993359259105,84.44085857797323,80.82149044114722,71.36947301857003,63.449817016223236,78.88311910389571,87.85336368407617,76.9356369909355,68.70127156342507,77.2453276602905,86.66437034047819,7.227442890453516,4.556995891624206,6.835564566384318,6.631867964416382,7.203787110572152,6.230362447808688,5.450017832901924,6.419713585141178,9.913595337733646,9.55365949771045,10.632312491130188,12.305877328845025
38400.0,gromacs_replicate_1,72.39327,7.639191404429327,7.547267797726498,34.89267,5.397122872916013,5.445102194568984,1.1481171,89.47501734020518,81.7317719789371,76.86711378845186,79.21476526123378,86.53466149248636,87.79476241852373,66.40249139442713,69.1335451790567,80.62808039911944,86.94370195177689,86.99715469061982,79.71824214696204,7.352056321518669,4.717111885144996,6.70594654853982,6.7523344348795,7.392494281336707,6.365382142475646,5.48500195672679,6.47766068616245,10.898138176552141,8.81266029354862,11.373242493699022,13.06491218543721
38500.0,gromacs_replicate_1,79.14546,7.213708431042295,7.315338614467374,34.208538,5.286766035901535,5.410508765620122,0.3812027,81.9828938539875,88.50319923361558,81.79659993994836,84.18791149561217,88.22830650669512,80.97245447094569,83.0720565921939,89.68785921552053,76.07213613867364,67.51652134186621,72.84022139427805,87.77711250599815,7.08565058067917,4.588816329174243,6.409388081404039,6.7540395436973455,7.2743638292935255,6.518286624071947,5.6162034435124175,6.778084946114417,10.590822511400189,9.423646371688422,10.974585438327948,12.099223906906941
38600.0,gromacs_replicate_1,70.04182,7.215768089530218,7.215585138460966,26.361145,5.500565297164443,5.655132117185401,8.897583,86.69520669537185,82.4452879209533,76.56927581579897,78.90255034989323,86.92789157090832,85.8676602531129,82.61977154581601,88.56291515144254,78.62098646077256,69.24967162600139,73.34564041102027,88.64209612758461,7.848888983590304,4.925442984176577,6.607679202528914,6.694033476550539,7.077302871568132,6.336007614744566,5.74314019452846,6.508124703794058,10.493833700620208,8.879248566367895,11.044655734429515,12.462737411171666
38700.0,gromacs_replicate_1,77.67412,6.778439834568341,6.8516731026428985,35.639397,5.053013439925402,5.2153922178030285,4.1860504,83.52250839203863,85.65815247634701,80.06890704324168,83.27752815342404,88.43364233756016,81.76290064203566,70.38419375171466,78.73265204487281,86.87030576918623,78.20224598814859,84.88179508659773,78.43154431169177,7.276041046219025,4.802797654215351,6.374910436347446,7.233176433533494,7.141223846029513,6.3375652370191995,5.260895580840104,6.339006544015989,10.492616792819303,8.667907998869287,10.90856642226003,12.91583484660637
38800.0,gromacs_replicate_1,69.18714,6.684586548252563,6.892858924010532,26.607948,5.440182812977668,5.56345640291732,5.5149612,71.84973340405203,83.98083684136441,89.90081545569282,86.60340587349104,76.63852400207004,68.60593813282604,72.45500381555313,72.51275678292654,84.03813547733117,83.14468204502472,82.94805494268641,84.72070369571763,7.465038354875542,5.095669605375442,6.805008607904803,6.965479189677115,7.218706643464266,5.798234872391713,5.278791274497334,6.0706319892673095,10.623347289482869,9.023585041714018,11.06212289611955,13.015972621906176
38900.0,gromacs_replicate_1,82.077644,7.81985872303876,7.446408570327945,14.739075,5.074994514519533,5.245965348599348,0.5163803,74.12655760960762,64.59582354671089,59.64820539763082,62.497098675175216,70.31669553942211,76.542231365901,76.97433711754859,80.87847027407699,84.996725959052,73.2715243323863,76.16502067121606,88.90259994568886,7.435536583073659,4.79614604012088,6.7779874486484735,6.609448204518557,7.23271437073306,6.2850772630292955,5.527961425772523,6.287620623609173,10.68570191649879,9.390118188296585,11.041975795954356,12.462031425243666
39000.0,gromacs_replicate_1,78.206085,7.39675987171355,7.5112189130116676,29.377483,5.1085736530447265,5.293524687953322,5.2017975,81.90144135589063,88.45291569300802,82.15300043804254,85.00651596440248,86.69861452177109,79.64756902778748,79.21065799877175,83.46869460920908,82.71571075975902,72.1447871977322,75.26111660416103,89.23084283097702,7.159990988281437,4.479797227907159,6.695411766483457,6.534227882598223,7.243632428443083,6.387729469351897,5.709653773124782,6.409305434819805,10.026849528522112,9.400738030810516,10.730146932778252,12.570919089468894
39100.0,gromacs_replicate_1,70.3791,7.043965759934544,7.152447036742556,23.41954,4.958531144390717,5.1003895822455005,3.8641663,82.54643941927213,85.91060171993752,80.59774901955896,86.09600833661015,84.77872581435939,78.30228201188623,84.17184368725103,88.48530708982074,73.4599105913283,64.89292904133438,71.63404075092255,87.52930798927595,7.281020847578343,4.578563038620791,6.415315805562061,6.639405227388837,7.580105319140506,6.337969847650517,5.226156980006495,6.199310881777684,10.008489201459794,9.231193974402206,10.95130405322821,11.95177669008104
39200.0,gromacs_replicate_1,84.38244,7.772784085601486,7.934085354881262,31.848602,5.432095753421828,5.356940237507677,5.3000336,77.78989783042093,87.86901452674026,88.2508704738344,87.3625470768001,79.41889087897117,74.02101905858852,83.33624305033811,76.6859664629145,63.37891804585485,55.062425291202565,60.61558857396406,75.04825686065685,7.228385878966532,4.495542295526764,6.589869964637538,6.314029494768962,7.489046981146827,6.134333666617883,5.429334862039515,6.10090487625459,10.63335918925275,9.550400676317613,11.55837140786361,12.888928396917967
39300.0,gromacs_replicate_1,83.85576,8.214155359092016,8.211130656129754,40.843353,5.5160537249625206,5.625219915030492,8.035782,88.82295763004993,83.24174778637,80.38952991336778,84.36247287129473,89.53129978512548,85.21301691023737,79.89715746994504,82.2765307038846,85.88700881329592,75.01718633293764,73.72383891763006,86.58624947716399,7.5798052171995645,4.723568233564007,7.419757273043823,7.34194416608612,6.964264992131526,6.052311639285762,4.697893366672653,6.337602400606183,10.898229126305058,9.090772671556058,11.942186578706506,13.47496242655546
39400.0,gromacs_replicate_1,78.840225,7.273528361455888,7.35101769440445,24.946999,5.237473749061686,5.362317974556037,0.6533432,84.33255877683646,84.5203102841303,79.4991766814917,83.68821642665851,87.2511718235645,81.28151723235179,70.78815651230855,73.42346652742869,86.00062757990038,81.73894869389886,82.77422482962392,83.24640432101496,7.675818708722994,4.730052258951763,6.562848960623751,6.789468339879585,7.106180893765703,5.989036886782453,5.239123411888219,6.260950748279668,10.317802466100988,9.206957227759007,11.274037347786646,12.865068342250218
39500.0,gromacs_replicate_1,81.87531,7.0278125792671355,7.283299158458818,41.90976,4.8966882334602575,5.054532445736641,5.034279,66.4325041059038,76.93315188123941,83.40013000605231,81.37007785249583,72.62493006725045,65.2893845754315,84.1029980454827,88.62949395998946,76.91444778920709,65.0725279931346,67.72072245647034,83.14443061768374,7.387712692764287,4.53253950195502,6.658789201231462,6.647706477136316,7.426195253417555,6.268303445169583,5.4850842944889475,6.3619412508942395,10.306407523052718,9.325993977338234,10.860149019268247,11.927696228518565
39600.0,gromacs_replicate_1,74.15324,7.406397840141352,7.649952703098591,38.12903,5.361057313977581,5.494060512457271,4.99823,68.26230947796022,79.1956610925828,84.19143548675842,80.43900533039887,71.8925326624557,65.29994588572238,83.89086620582984,88.23540273673231,74.5557832423508,66.76733856509202,73.80053807548889,89.10388277043879,7.379205880506766,4.4238719120968275,6.359524615948532,6.645388207580484,7.420639689899031,6.282304659917318,5.6168564369706555,6.354210887311091,10.223037440907582,9.660755784245922,11.33552295809963,12.730197833592262
39700.0,gromacs_replicate_1,69.38074,6.976225336501787,7.03164317659008,32.43548,5.07981209661181,5.229607662115451,9.918869,82.98025875250084,87.09601869617946,80.18144994910503,81.05718671949634,88.06325437322535,82.76743835007828,84.85709640802679,88.24579174863365,73.90301465379365,64.39404846592024,70.42365495797213,87.38681422222885,7.560126154123397,4.780375412925207,6.671890362122543,6.7096739322918975,7.43802857678603,6.438151579084838,5.365970354157443,6.2901953199230825,9.981533436193715,9.4010545042837,11.056264850006427,12.340735082223748
39800.0,gromacs_replicate_1,81.22848,7.5709009988046185,7.642761379788581,14.104797,5.361619332788365,5.5296572644895905,3.7302933,85.65934817557532,82.95050275874036,77.38831485020035,80.97813536473456,89.71275026343264,83.46894556535932,80.15164107245457,85.65113380187357,79.78027074872735,70.37241607057265,76.70810260757176,89.52299152855335,7.49770635736056,4.776636362845705,6.470924199196336,6.698335079173902,7.254504618954311,6.204332763761801,5.527020101072357,6.37820757259377,10.395393072614258,9.787820443303461,11.259095102739922,12.703795683142628
39900.0,gromacs_replicate_1,75.43338,7.288802096314019,7.340085377011197,24.98996,4.583619009893909,4.752985479187326,20.650429,86.37057923077589,82.90334098365561,78.61816665562318,82.11212256835447,89.071206749121,82.89627340208365,84.24756880684276,78.00888063310022,62.08422901890832,50.35508770058636,56.855207966063304,74.1764377836644,7.472274759574385,4.873102721431956,6.49553693689015,6.700423336502485,7.381483442868765,6.784546551303209,5.470115521863078,6.325743705302451,9.85108393744609,9.231738811484485,10.95958316145384,12.34483587492183
40000.0,gromacs_replicate_1,80.805244,7.427040251074189,7.513960807454749,19.678894,5.007298451863173,5.185768817003685,7.047432,83.56123719841398,85.1129894328301,79.85505434653005,83.83971769920801,87.63895398076781,80.52800386401682,83.38279543120282,85.87710349990054,80.54084652951951,67.60669238545898,69.00110190377357,84.0733062112672,7.598179483551212,5.03457806656108,6.493902518850955,7.122720154172008,7.05505227335778,6.0007818954009,5.161481725113957,6.133959828785534,10.264609662845796,9.386367182756578,11.05752555805556,12.990744180101759
40100.0,gromacs_replicate_1,81.723206,7.835860507818729,7.9053053675994915,16.204979,4.993376872890966,5.095586400664519,0.9080963,85.49283830680304,83.4442260948364,79.12678333311267,83.75847853259945,87.56482515066415,82.1060081437019,83.88755066735868,89.41050343001433,73.71294083051538,64.65806902064737,71.42781578259712,86.09493584720789,6.839867350546517,4.060056245609581,6.400625043377368,6.706141581932279,7.427056469499284,6.659476476144023,5.752373261302046,6.439006521632175,10.001742462016088,9.573971540715178,11.263766457609178,12.424813556400508
40200.0,gromacs_replicate_1,76.0802,7.216631559727452,7.247278224211406,31.935577,4.960105289049132,5.142953011588974,5.83712,86.45434331371023,84.11936324247056,78.44590190101154,81.51328044595125,89.2483576956784,83.96564302250806,71.33636471057956,77.43052541703906,88.63767143355122,78.11520150736243,81.68731698649319,82.17129407991207,7.554895573364935,4.615965745678615,6.3095984486005054,6.784841496964708,7.068150311067724,6.008517984040929,5.470755006269768,6.6874571465111,10.234857326486223,9.367510351137444,11.438438491088142,12.518389282083527
40300.0,gromacs_replicate_1,68.49752,6.633702604350075,6.87160048051046,41.026276,5.24853451346932,5.4073838240787016,3.6430664,76.02121886327383,86.82386612583745,86.72209225837027,89.14842818765953,82.86854096908375,75.16165757052275,70.22928770310016,79.93443522199718,86.78214599412627,79.34957542273543,87.31237557121159,76.69734503345694,7.0332032908111675,4.4466268956760775,6.554753510698409,6.90160672214072,7.454589142222209,6.6245572113103695,5.784203543881178,6.96656912732607,9.543120689255554,9.428699718644394,10.761538695383823,12.595416798668229
40400.0,gromacs_replicate_1,75.88174,7.339940120552635,7.2238266620137574,22.958717,4.772773704951205,4.971841094342643,4.256607,87.35251617117493,77.3839066139902,72.03810548302911,75.23958208798267,83.58278616535708,89.71349828721986,77.04564889936469,81.33947237402911,83.8426538201802,71.27852765797702,74.16503706303526,89.72904638747916,7.199938631713704,4.766037645154093,6.661126218005752,7.227897461741553,7.466494709154642,6.328740078772377,5.4479220252416525,6.470571977494775,9.482024561709943,9.163836009800153,11.089350660092716,11.79421017928846
40500.0,gromacs_replicate_1,78.89578,7.7977207408382165,6.92867805355862,8.684334,4.848620569370413,5.054712850208963,9.389725,38.48026914945205,32.135997450223435,26.031789792523064,25.961354659030615,32.712888660133416,38.64143644133331,72.99668258166932,73.92335480081564,87.98392750996102,79.39171641956831,79.22052968189108,87.37057327215864,7.104243746473582,4.365843226231864,6.6362408738759795,6.97851427773165,6.973259378630851,6.289525946978696,5.899873630051309,6.7487334504523595,10.20852981616722,9.672592349811435,11.040921595916728,12.380241303216152
40600.0,gromacs_replicate_1,71.70168,6.413568861333047,6.4525978582858885,32.492554,4.788100374946352,4.960082422934438,6.548889,84.71029263387722,84.17561323763458,77.5296027289062,80.08112236434859,88.62681103656813,82.94879967207467,80.69419806806323,89.28057818460726,75.64608593824823,66.29790926938385,73.49829468802697,88.44393446312459,7.079567237682988,4.444389089394833,6.41350116570906,6.3857685005969005,7.294308740543045,6.430822722409618,5.481040285966221,6.379363902615718,10.140066367897857,9.263202999040654,10.737283300572146,12.41420629066828
40700.0,gromacs_replicate_1,74.19627,7.011665079662361,6.930386624434333,14.965889,5.008695522711068,5.186475956254604,2.4612427,85.23227860958946,74.06010709689355,69.59122843629412,73.9122384623306,83.87764179250323,89.65474156658172,69.21897385931538,75.58080151271771,89.61784483731873,79.07530861178319,84.66508608277104,79.79178049126091,7.399175668893605,4.611944666890125,6.819280492146707,7.02474543673089,7.161639494676035,6.324337825533434,5.653535315335124,7.0877300142176525,10.238031240886484,9.025603425143391,10.799427978303969,11.955079167497777
40800.0,gromacs_replicate_1,77.14474,7.731219684635835,7.576567331362104,16.460732,5.160116931874579,5.139546880188867,20.579994,83.52325452204707,73.21506486607004,67.60207960342439,70.63365228428921,78.75586998067054,85.38288246634812,73.22257285989026,65.51551740995,51.311648656209876,42.86398836708342,50.38563878388888,65.27811655769162,7.116785299300807,4.797282543159251,6.788953724095142,6.669656840775958,7.837259027612486,6.466643316500302,5.547555412151359,6.280697308611653,9.830840989127374,9.319961145354915,11.15106496145244,12.522725235678902
40900.0,gromacs_replicate_1,73.4801,7.064010829537037,7.072932828863312,23.235916,4.75865345236282,4.946139672245059,10.718147,87.61387292969367,81.088709163681,75.58101008510418,78.8296727241199,87.49305812635755,84.97089486345361,85.01286193498187,88.24624549682713,73.16204824367682,62.292517044267036,68.5700845071526,85.58105090450032,7.631518298711836,4.899682236195671,6.645766575803614,7.033579650567826,7.06583269154434,6.1184780047884155,5.359781746766816,6.13245621093723,9.878508245154249,9.38970575499975,11.267760972493576,12.203145736605112
41000.0,gromacs_replicate_1,75.71774,7.308776696973356,7.532694691232462,31.022598,5.195587326400505,5.379074914828328,6.141037,72.01430948112773,83.51697160285838,89.56064464920605,86.69370909746337,78.13151996146908,69.85469225581015,81.6202772806427,84.92229769540765,81.20064075735229,68.82829117037012,72.25456555976317,87.0482357903056,7.366286919954644,4.799922869653057,6.605566489523901,7.079932973920894,6.895195856080138,5.968844095658318,5.67322645187791,6.573602599798562,10.402586850367696,9.594362208101966,11.053944173955507,13.203928364799676
41100.0,gromacs_replicate_1,78.42306,6.703555305367157,6.889822079416886,30.101082,5.167456275464905,5.25587163866638,15.724548,77.37358507474941,89.29816653211564,84.38996870440697,87.91096530674892,82.80574254259348,75.21141626037269,53.218282493070376,56.26908260027314,70.63364700467473,82.26614824306533,80.10369585826611,66.34639440253171,7.117722460035455,4.247033351858393,6.720821206100611,6.577306013658832,7.213712096690498,6.3272363257732485,5.74563968922368,6.298549627651413,10.497004961516485,9.410984182636764,11.043276408857157,12.63366759812205
41200.0,gromacs_replicate_1,64.605255,6.9219282921863226,7.0094469874159735,24.820908,5.309358741004057,5.379711179832648,2.2843857,82.3759675011651,86.85064656599201,78.98654648768142,80.78413264082012,89.5488538633353,81.76109491832364,70.76241132270363,67.25321686372428,75.57084259134548,89.72886393457532,85.31296628484317,85.00424694483443,7.48328974566731,4.6741099168472395,7.103806420166672,6.941472015390416,7.413323948844856,6.1181316643312975,5.61646438327196,6.395275924801733,10.434675096873804,9.277497667518205,10.939084088480822,12.682765208452285
41300.0,gromacs_replicate_1,75.73247,7.000908413856501,7.113520757655983,20.747086,5.449826462958523,5.637764919058262,0.10834503,81.0832258274796,87.10469811710757,82.46187713777088,87.10866056552251,83.33455016502262,76.72011877250911,76.15829493623663,83.29014931160154,82.70498468529924,75.11100719714702,82.19880277476035,83.46029413503142,7.063585056346562,4.457747952966768,6.476173423031411,6.969761011909941,7.436963155889438,5.970830961964577,5.704723465963953,6.304089467624705,10.635663554826541,9.420555830243767,10.486792742609506,12.578516989913396
41400.0,gromacs_replicate_1,77.26279,7.010475686226705,7.049878978496059,28.66896,4.812282402216116,5.006177254292941,3.3398438,59.06989809688586,71.83107372144207,76.2910525942124,71.03927650578326,61.13636684085431,54.54071470959908,81.66335282613231,81.57329545653798,84.60069970673099,71.10918662605141,70.76953360270055,84.27404967049367,7.017487171548239,4.311911316498547,6.438228456779756,6.859242049772671,7.406784538446822,6.7797294599636455,5.92453850441791,6.166091569937919,10.182638779806116,9.293869775095713,10.6495945254061,13.006234828242087
41500.0,gromacs_replicate_1,76.970955,7.343951675500369,7.42677739191039,7.491287,4.845674335165165,5.016911917185362,12.885002,88.11421649041485,79.8778979404485,74.59925512168421,79.60325290462077,88.85251647235532,84.22522277822362,89.30615269937032,85.93895418237558,71.21295402248387,58.44353216411073,62.3509240599772,77.35033004607027,7.074848265300522,4.387433188434473,6.474915825562152,6.708788432986947,7.231032281724122,5.92572688317255,5.671153632368762,6.285636369462534,10.417928419938368,9.456250311315314,10.93723274607013,12.687992049711566
41600.0,gromacs_replicate_1,79.72386,7.867743050295052,8.01278721440884,29.94249,5.4580163334970155,5.622664439670928,7.198448,77.21594316752277,87.33714650592883,87.04586029204258,89.82803718582886,81.90100948070577,75.17669917937965,72.29351735118111,70.15785349555718,81.70372690324623,85.38724807679849,82.9553908303798,85.76319513674039,7.19102661730818,4.28465323646256,6.638432116862903,6.8408285394896815,7.41184979770236,6.272434084627403,5.443419604660553,6.2082844923088505,10.64854054522237,9.35938265264431,11.383366934081076,13.089638616791623
41700.0,gromacs_replicate_1,78.06646,7.3260774295942905,7.4520353403712,26.13601,4.99190685466076,5.194083007195421,16.676056,78.18519897695809,89.63149661229976,86.21228810242377,88.81958704121372,80.05102631304531,74.33603109879489,63.52896153333768,61.134686705509566,73.82424810030963,87.74977191801342,89.90554437732244,78.40896004516605,7.176565756972399,4.572123802897846,6.724351339227497,6.617685229817545,7.706346880665241,6.261223299959634,5.919273279899125,6.192719398470159,10.151365640291273,9.151399134817353,11.149117621615448,12.87141074540794
41800.0,gromacs_replicate_1,75.36779,7.517100330652525,7.68472120336384,41.38141,4.876681928102585,5.027631033473027,3.9313965,61.927280895186925,72.67429666436186,76.57852179206084,72.88071219143562,64.71410386314078,58.18305256225776,83.95914408028231,87.58235082684632,78.14925698705748,65.59859397659513,67.24502642478151,82.84168350125387,7.113234977429494,4.405213292578344,6.457847848290394,6.671115658880172,7.382457340311023,6.314814975013109,5.639502423002245,6.65987550376488,10.622006327800422,8.958219753100959,11.521372291703983,12.557099806542045
41900.0,gromacs_replicate_1,83.88402,6.755013445447033,6.655008779816751,37.247787,5.261456344134081,5.4411831102739425,10.721931,89.10294874856812,79.53622665517652,75.30238534819617,78.2088925749369,86.14809966123981,87.22473896010285,65.18244036428382,68.98224868704551,82.437140047241,86.21696376955839,88.28867380955734,77.7693997102772,6.821955834950668,4.354125988794406,6.417426848264012,6.771156875456483,8.105348074978565,6.905104221114187,6.638362249408929,6.75558283310454,10.61644633352449,9.143419658803124,10.874178698469597,12.484725524647338
42000.0,gromacs_replicate_1,74.3947,5.725124405982981,5.969069216836216,32.201412,4.849134892039622,4.87433158014729,13.979454,69.31723521786786,84.22820834722556,88.94127904607585,86.3645938936952,75.5353594487512,65.98127062729212,49.795300109749775,53.965733554743586,69.02014368681401,79.96370846613716,76.4160774586952,61.51390657275919,6.942355073344263,4.314900744760344,6.633652691592,6.770508580259207,8.003378612103793,6.833564739920951,6.325454313579045,6.318962393206899,10.038002885870501,8.767611521605561,10.476395423204217,12.56396993809315
42100.0,gromacs_replicate_1,88.83891,6.326489714773236,5.961684240948542,29.77029,5.113775080220374,5.324886767536212,15.825401,81.55629224527571,73.4368501243048,65.29197000817032,65.96817343923621,73.08216501182147,81.00857077397191,65.20157000023025,67.59312463503164,81.16629151745273,86.79045855973364,87.52508845662133,78.5884890181854,6.955173640723463,4.436611940632814,6.494023804373506,6.5936934487407335,7.899196042019321,6.4123967485367,5.628713789505941,6.408399284783842,10.359129499047132,9.28874708684594,10.651464004947739,12.018771360427356
42200.0,gromacs_replicate_1,79.074356,7.281262286554304,7.387042860083301,28.530922,5.295087574261216,5.468754168559045,1.5178604,81.8829365204451,87.40265861672549,81.9758994292495,85.05678640512501,86.6956563011187,79.63637380111543,76.89277560105627,77.95173314434113,88.90657982728739,76.8083511680529,76.86943007916103,89.68316513352286,6.9943170028265635,4.255729506924207,6.545841575899511,6.525529435119085,7.437909848410343,6.285208768568315,5.8074951249521884,6.106716091872181,10.349935196223852,8.89702777312873,11.024165689654428,12.500412704401883
42300.0,gromacs_replicate_1,85.45836,6.143500017529379,6.007127209039086,23.070457,5.844111773424792,6.003799225994313,8.210472,88.61812845172554,78.54696143787213,69.28199632697634,70.09568793298284,78.29761266819686,87.98294717140335,68.2630625145888,72.3902424541152,85.10301342874347,85.75502241926615,89.21339083984083,77.52268058441798,6.997648426498105,4.356550239969547,6.567857842210715,6.608062787320384,7.814332016338035,6.4410189258836725,6.16346154216484,6.294585602906983,10.476666638308268,9.49060409280857,10.94746976171393,12.589262292629233
42400.0,gromacs_replicate_1,70.33917,7.057038509242491,7.315991771719197,41.988983,5.190478560555925,5.353314154773441,10.231384,73.48460933952416,84.25262444147617,89.07533980022934,86.3652596939693,78.47343972755276,71.2853790449647,64.1670041516487,70.05440342445834,83.74040220427457,86.59551288782369,89.3292039615647,75.43621610243687,7.299586036467576,4.46746482311555,6.628586991092671,6.85412038015363,7.458520718371826,6.259400029821212,5.393289136480085,6.619790585513603,10.241598608240182,9.083749418743457,10.91908365927768,12.390066649812116
42500.0,gromacs_replicate_1,76.075516,6.299248938182193,6.236697692515867,37.300213,5.43980872119741,5.551612260142355,3.6784058,87.55185567688268,82.34662233964283,76.10941593602348,77.10072516882992,84.78542378172146,87.19453608573437,72.03175912384178,76.5894364910529,88.69187827804605,80.63856340242577,82.36306228584624,82.45860619003918,7.231763488827773,4.5926370848145766,6.773392803802961,6.92830929619025,7.34296545154334,6.385632467342963,5.758888706883017,6.652233499249298,10.249325796213798,8.72571964313614,10.495739845662996,12.879623325938399
42600.0,gromacs_replicate_1,78.58143,6.63091721302827,6.920227988207751,48.71907,5.453611127607036,5.557847602073057,5.308586,72.45475518724115,81.56109422910086,88.32933738228621,86.96340177925818,79.51779114278999,71.93670374681356,66.74448212017197,70.28049934894442,82.63264006142235,86.53847484172742,86.55274127441255,78.9105186393002,7.154636078448056,4.60169712682393,7.2045760414221895,7.1168991108973785,7.437378412572482,6.0849181211760115,5.563717890129492,6.304041049263893,10.663775766598107,8.745208911807751,10.636868339996163,12.30122616794403
42700.0,gromacs_replicate_1,72.89458,6.610449698049224,6.928022919885957,49.38344,5.519133528669711,5.506727962992471,5.742012,72.80076244501974,82.83669463706353,88.03238113861822,86.065830253256,79.04904283171344,70.80612789438904,59.24839801863769,64.4641275811199,76.84134154478964,86.79353669652926,83.90638278396594,68.45534269097134,6.951075504921898,4.5472408433786,6.887679280731871,7.3148561323669705,7.014351280053748,6.121608744156516,5.350623510469878,6.7005929822585495,10.728413036911592,8.311327731440663,10.667212277399258,12.841504781151414
42800.0,gromacs_replicate_1,70.65218,6.507078217487394,6.732941898115934,37.600426,5.521718018883221,5.65239215462333,1.2318497,75.85758339719528,87.90566083180892,86.57411721844925,89.43906344554779,81.77609193370397,73.72039611182188,70.5432114664641,75.59804234998491,87.96219510814554,82.12529109600702,83.99197507246933,80.28799493467302,7.281178406757609,4.572325199885961,6.214426218905763,6.632841600356785,7.602181188730199,6.40946879831365,5.893713877388443,6.515925836201689,10.251768331844424,9.426397976849936,10.947377902393571,12.453308316883374
42900.0,gromacs_replicate_1,65.49991,6.37182671254233,6.721061376093444,51.251343,5.201569898746124,5.345726439076941,12.89991,70.72519866528617,79.91120001624114,86.91548570253525,87.60323970872844,81.28326641327706,71.95136637857281,75.2443682320638,78.21357953710375,89.86292534811132,77.70575340831388,77.28771782311489,87.65683001883924,6.9185314717012565,4.491043281947428,6.838183599840883,7.133721603882257,6.981659885228154,6.010556207217134,5.709495905037491,6.796530773782503,10.966187640076134,8.556997154981095,11.20628952451562,12.67608020255636
43000.0,gromacs_replicate_1,81.07731,6.2649659601035665,6.531757238096061,52.991943,5.514625117994843,5.532345217616143,4.5143814,77.73528486245534,87.14422966779364,88.96169850909773,88.5478751964829,80.60025734417407,74.33607003790188,62.20295117856213,67.23418698030432,79.17865929462961,89.58387460929058,88.04431986565996,72.69920688199542,7.279227045786385,4.700465348251077,6.5463833509543985,6.833469130469793,7.108552298020684,6.43450209565319,5.414145475690977,6.417814239436728,10.27764696415143,8.583715960797486,10.860299123901187,12.663558115019397
43100.0,gromacs_replicate_1,66.882935,6.627973851214272,6.959032546196934,46.92785,5.412694059723369,5.405001525530825,8.894928,72.72782365181305,83.04613646660871,88.68049644733027,87.23334549804493,79.44226292608202,70.68204633115064,67.13551638540024,69.84627863300112,81.30103587092849,87.98044464999727,87.36628991165898,78.29776530840616,7.558790520032807,4.812424422916864,6.975823136124018,6.846911240392878,7.091453741460338,6.11657288949122,5.4427562028316006,6.7501341843217055,10.56476065093608,8.454837075003448,10.603563400033396,13.154735677298751
43200.0,gromacs_replicate_1,66.832504,6.252946237792827,6.069317157076659,11.132858,5.2570635463032955,5.234131078058804,4.5006714,79.71411525600881,67.62432551631588,62.089837292924706,66.973493091967,77.58281889593707,84.30605597961642,64.14085774701711,65.04731543864912,76.80146347866027,89.56326537730659,89.98726302704081,76.39790155911608,7.743990920982202,4.8559936681372555,6.939173104440703,6.6113695122375615,6.795861956113416,6.048042083071794,5.549611562038664,6.775236216820539,10.160245918835619,8.450962110434972,10.098012595500983,12.833074037339603
43300.0,gromacs_replicate_1,63.648605,5.810971077937538,5.727032941705281,37.003002,5.350473544450592,5.363007364827557,8.218651,89.16874589598976,80.20593568037697,74.66198731246129,77.47915465135709,87.16941462603968,85.74831246426346,65.25440140319179,71.91394667073939,84.2595750263079,85.80205962007568,89.9939094674458,72.99851744340039,7.208203425910575,4.697323394593378,6.885575567064608,7.214499505866804,6.836865167810742,6.340623934244787,5.5892163746673065,7.2198360934311046,10.228770718289814,8.33240566739971,10.082305469485961,12.573044731644705
43400.0,gromacs_replicate_1,61.11961,6.045749002665757,5.939706816288558,4.730316,5.149923401741993,5.188683316195075,7.4590454,80.19039297583184,67.01511009622305,61.564791282534664,67.90657901452722,79.1276184843236,86.31766643810153,66.11428588228367,71.29717524242756,84.65821150302924,85.14438763332663,89.12563754729646,75.7107606752448,7.1033649681717055,4.062492319485538,6.337032542788366,6.383064598287461,7.419230083128829,6.650883332812063,5.865322816326995,7.05981489992143,9.700297415024059,9.11446722599898,10.100937542953597,11.845569115855753
43500.0,gromacs_replicate_1,59.921246,6.3222103920433605,6.346699596369134,8.26313,5.397041936438244,5.202571735264835,2.7806778,89.25263069199261,76.9620244270222,70.13531965028422,74.39162200403771,85.54104642732686,86.49618365518454,57.36156808883633,57.10188928933586,67.8670702076073,79.8133837997704,80.76658009628275,69.40050933090907,7.471272935917118,4.508762190126114,6.648338136859946,6.441257270779936,7.494801631612789,6.304299503038086,6.111568869241643,6.458069781147217,10.64251987998357,8.771710647956771,10.103664862901379,11.969735287578999
43600.0,gromacs_replicate_1,67.05523,6.424657235656599,6.441333084831408,3.3372498,5.241493271053231,5.391538362461022,8.218941,80.78716486168244,67.99578276525031,62.36590357696313,69.61469503887484,80.77586538643004,86.93235918404832,72.79516512475607,75.58027655877254,88.88506170361156,79.8210870664529,82.70757285744358,83.92670757878972,7.499362096475876,4.97827496208077,6.443744775302852,6.583556857112025,7.7207043758066565,6.09281686362968,6.105482045300805,6.522721493876099,9.796132262963315,9.40813804834645,10.018449092786804,11.336655442516143
43700.0,gromacs_replicate_1,67.22138,6.258560072580417,6.377083141846564,12.442863,5.110975208030512,5.0307990369862985,4.19429,84.62551852987158,82.201331289322,78.20702411113645,84.64197307786327,84.52146920775479,78.25877361304704,57.25915503843047,55.4698791102236,66.29360898159088,79.79900683768884,83.11811720983003,71.3319142365727,7.268415062311653,4.595036942222302,6.65337306216885,6.800711872081088,7.050965966376088,6.30336761097812,5.936705697022294,6.529442877577355,10.398560117052684,8.627753834787626,10.121035441699398,11.943297785868923
43800.0,gromacs_replicate_1,69.95191,6.025704608540946,5.9927948351157525,3.2804184,5.048734877931318,5.086435391260951,1.5060883,74.62480773023503,62.13773521154929,61.55024195390041,69.67307607870772,81.33273398523636,84.95749257452563,62.045621307078605,69.11008822701835,83.71629969796604,87.26367049201166,84.91210277408935,69.47363531948811,7.414227661375356,4.564500384692757,6.6072284184519985,6.645345548352511,7.678527464177963,6.490611133382263,5.75873331775607,6.571116105480388,9.340298509204072,9.445297899291731,10.08329453706824,11.779626581741281
43900.0,gromacs_replicate_1,70.26784,6.3023217991302065,6.117495238131401,1.9331131,5.032288033506538,5.060648762041381,3.219864,72.17759218675431,58.73023752896854,54.95711136124116,61.8981718159986,72.88179115611189,78.698840251409,60.500972867857755,61.37896062500596,74.5569021711469,87.77782805015187,86.24562573253873,72.46090186418061,7.221210339896065,4.687483956791066,6.715321982536358,6.723157136990123,7.5297686843837965,6.08121486723589,5.9208442262446255,6.556289254978306,9.758899298126545,8.912424031932035,10.23512383444792,11.890020506024351
44000.0,gromacs_replicate_1,83.1371,6.990368313242793,6.9845833186509045,23.369865,5.349755732287246,5.469800905307858,2.561287,89.87789580384018,79.03477704743372,74.75505076682916,80.27538639980881,89.1789086446967,85.47936438305074,70.36984165464048,73.04668154678185,86.10229578040534,82.83146996351546,83.30879995277147,82.58794745929717,7.3687098050424815,4.419015842408306,6.276948982206784,6.3457306519220005,7.382864303975853,6.058691864321804,5.9594782380326485,6.484181464016321,10.414425054981287,9.0285937857099,10.667533347217107,12.044818715435913
44100.0,gromacs_replicate_1,83.53538,6.464607383426289,6.326906168025731,2.775879,5.04109945908519,5.216719521933753,3.6040955,76.8322541141628,63.68272638066499,59.104345452700755,65.07027500812289,75.43339994380256,82.21192507503311,74.4563626821436,79.33626594567734,86.68168653751498,75.14594760803942,79.86026809327053,85.36021785236626,7.780064693533561,5.364080057615207,6.675300652552157,6.443702152577905,7.21021591137699,5.992581765367185,5.5273715588575465,6.3387321989537195,9.974556502631955,8.493143949550172,10.269504737021958,12.243055869575123
44200.0,gromacs_replicate_1,74.23156,6.269605860797952,6.096683624501909,0.9355087,5.139502932614641,5.217881180926761,3.4462051,75.54332952919562,62.964315393970175,55.06598072276189,57.97135436274872,68.02411873444575,77.17074383605238,62.300967368207054,64.6031719518266,78.66796745350713,88.8688153517627,88.52683591515769,74.47837873592763,7.350597964177441,4.639899821030775,6.468595447831944,6.387963799851597,7.288923914442299,6.032465027432158,5.773072213285216,6.710471512737059,9.943081764092064,9.482398255500186,10.273240610054696,12.356940643850598
44300.0,gromacs_replicate_1,81.14494,6.746350695216633,6.945456875400612,29.035645,5.525587233691293,5.677842504707031,4.316948,78.50915631658549,89.7989119217579,89.4204351486634,83.44396662289763,74.04106106173323,69.90729519896762,74.51993056761745,80.31348561639146,86.8043792842772,77.74616818157739,81.79429543894175,83.4311767151644,7.079218207697348,4.410838838774276,6.421850190390611,6.489318259179595,7.294410469208133,6.652697382996447,5.577091934027746,6.542985471963169,10.54357362034061,9.172265476705526,10.73268603506525,12.541096257045853
44400.0,gromacs_replicate_1,73.225975,7.060101959592327,7.242860688666231,29.23944,5.119743071836456,5.222747683096768,8.422966,70.93794193622529,83.49863159848027,88.21596742605736,82.92643722848312,73.63013224301484,66.92136904143688,65.6602246147122,60.87094023202212,71.35154832123413,85.42591430399247,89.4275426185235,80.31989979234758,7.2299690313551706,4.292174338748601,6.319091165657516,6.153518199022878,7.18572351133042,6.319611421471316,6.140876637571061,6.764793030377818,10.19178632414634,9.307862387815138,11.274798239121825,12.354290886288696
44500.0,gromacs_replicate_1,81.15483,6.340671957773093,6.247308510737049,29.777905,5.22919901145736,5.389422793805156,6.2095566,86.53405499088956,75.49170392513795,73.19962124256662,77.9807996047696,87.44670685900714,86.84656049136909,66.31492431855986,73.43153276616657,86.96226815972142,83.39340840817053,88.87744202205154,75.02685484444955,7.569356965735969,4.866936794222141,6.044311634510033,6.118037764484119,7.250014663620464,6.6624055520640555,5.990463428225458,6.681837887754341,9.816365632995804,9.930477089293182,10.60617455633497,11.8251981985658
44600.0,gromacs_replicate_1,82.68056,6.032181606836527,6.186597805622468,18.954048,5.230246194864933,5.265406543291961,2.4917831,82.32225867161682,83.93830174545107,80.62170153473943,87.45429320787618,81.276648682216,74.83501245272058,64.48135631164453,67.04650093005044,80.16340868687116,87.86367706051254,89.9131384093948,75.2744391660397,7.477995150338421,4.745561046804125,6.048404007683085,6.520391615448385,7.331765431997904,6.397777843712468,6.5083736672927595,6.355816696490696,10.12436548797271,9.307848286678652,9.587305587905867,11.632831660441285
44700.0,gromacs_replicate_1,70.23617,6.667962467774104,6.671227763362249,3.3891068,5.2396054015121365,5.4045327207387395,0.4431305,84.55511752786714,71.47715267725037,67.0074031689423,73.63844257107564,84.27702947202192,89.87529812842735,69.92695795039917,76.40664987833851,89.09568210985893,79.85429255345925,85.84228897966808,79.14387000657474,7.045188073565565,4.599927627607149,6.356439686990159,5.85802948018158,7.326140418240354,6.317223999868329,6.051844853593231,6.461372225712997,9.762605898513439,9.710749006938785,10.375555937756625,11.533863269766549
44800.0,gromacs_replicate_1,74.09036,6.474007698798076,6.640274236691001,18.547493,4.967098930167273,5.039295448419961,5.557884,80.67481760486228,86.59568659563845,84.3756502541,87.96582663578819,77.64793110719144,72.92096499103992,66.04729757601912,69.43598977021155,83.34499165514328,84.87909403382693,86.7357009697772,78.00941436097564,7.455822931283213,5.204195055618805,6.814936608300009,6.947437674593058,7.041985016066427,6.214339661817289,5.248584920710145,6.453696744179169,9.864144191265721,8.959246691338421,10.543330824123384,12.225191288136367
44900.0,gromacs_replicate_1,71.98267,6.30460520725905,5.932434150749237,13.75872,5.109385316063673,5.308643973455647,12.529846,76.51672786648132,66.01950441102339,58.21288779136126,61.431794556461234,71.19962509159538,78.66658519154598,77.7371319234573,84.07715631995733,82.26320571084226,71.8103823599321,76.83479435763114,87.08852387699561,7.4086473146246234,4.679599163460259,6.637332164944012,6.613030554028563,7.286145731354127,6.304281594491434,5.821228377122763,7.185782328806821,9.904179414244972,8.899734507150045,10.206095959333425,11.886079788571756
45000.0,gromacs_replicate_1,67.2855,6.358713986891058,6.3312300472452545,4.745842,5.172124235390071,5.148325365922102,2.1031723,78.27415179980801,65.52201485685471,59.85559351775393,65.14256750542938,76.3905809158991,83.05057925333902,61.70819499783502,62.407645554916044,74.78542000415472,87.2337384972438,86.82736425344962,73.49617139248757,7.344842758826817,4.752291782375383,6.2966320289944235,6.6971486369281195,7.244235482921744,5.968044467274857,5.949804231236639,6.454976241411031,9.87612567795032,8.821397743440517,10.168656438499942,12.038357530829732
45100.0,gromacs_replicate_1,73.90505,6.48346371182576,6.326667857941076,7.2416153,5.0917967806216105,5.186371713931001,13.946922,79.35570489920397,66.73380751493214,61.46593505366831,66.68978743584675,77.06363632123268,83.85756289770958,55.348092792913846,56.574041125282356,70.06208908285006,82.900663224222,82.25694513450122,68.82733059225961,7.579833270946868,4.779715946011489,6.1703958380592105,5.958699162805642,7.963669972634678,6.589657506855488,6.035031113172283,6.403247422808868,9.67753150894227,9.16137415919793,10.29911740495669,11.910418792102773
45200.0,gromacs_replicate_1,65.7619,6.497201491698984,6.165363772367924,10.206436,5.562225105328525,5.699034506599855,8.477196,75.82489008471734,65.19462980630168,58.17786034334181,60.065229041559476,69.36812960964625,77.70020085163826,74.03448773294917,77.43082384542488,89.63929228878911,79.66457175989682,81.04398318050981,84.68676466410272,6.982266966081897,4.368100331695872,6.719717509410281,7.036233397556765,6.955377583228695,5.935565356302305,5.367663250946451,6.7360971736066615,10.81968293914001,8.596063427212117,10.348048549279392,12.391523501729173
45300.0,gromacs_replicate_1,63.58153,5.855768440313388,5.819546362854601,18.438011,5.135261892372658,5.191347436675514,21.922318,85.4027210182383,73.53149292698765,71.90504952005837,80.37932828039919,88.81277555502348,84.66313127190114,72.93644486568482,76.40627075920715,87.34628366535146,80.78733911231382,82.75085773751326,81.69905189103618,7.305313259023166,4.824482803128908,6.572509108515527,7.54039514933839,7.196795889430034,6.558726908419878,6.111308418362316,7.029156504542629,10.458600398588137,7.758065719479596,9.903989902396827,11.958013322919216
45400.0,gromacs_replicate_1,72.91506,6.269416592316142,6.277310014435956,12.7089615,5.034896128887308,5.154226233313268,1.4534607,86.45850079971487,74.61392376829824,73.17430886639242,81.10736491050811,88.66545956440082,84.34580190905656,66.04482301398771,71.81295826944617,85.50738207034233,83.30087004988883,87.71291555715112,76.33592952185448,7.284788721714819,4.985240259373754,6.772652589046223,7.052297387333717,7.390189786659265,6.33200202099608,5.254920790799043,6.77018257526336,9.683134267344641,8.749810494523592,10.261711308800756,12.236530215141062
45500.0,gromacs_replicate_1,69.77684,6.4590061011105036,6.576779020729606,0.4867096,5.135042161380469,5.239544026599376,2.5667725,89.54482683641444,76.87716054569825,75.7648246460022,84.7932204666293,85.3234896095144,81.24524019041934,63.448328372580484,66.96703661240784,80.99927654848992,86.79005242012964,89.08528178185173,74.52086218615437,6.998562984950404,4.397450894675262,6.545480046899702,7.159081268837426,7.252673366398581,6.244563246416735,5.531807455151113,6.81842803000625,10.303384942866819,8.822104558128766,10.259821635541085,12.667121573984776
45600.0,gromacs_replicate_1,78.501305,6.329077857782221,6.274777094306047,13.547455,5.103126641004089,5.153437488449264,3.277069,86.4610433976236,73.70564182838476,68.9288978249685,74.43971243122805,85.18512607473806,87.64263791106605,60.96502114054206,63.715895399213565,77.478954119235,88.92941867306214,86.65869003485825,72.44808068551998,6.890165163771468,4.476574181384192,6.4779036298156765,6.897331632839392,7.2023249117304475,6.1298078299887075,5.842049840389989,6.520413512094065,10.383694049178168,8.725544815600136,10.543963974865292,12.314423779884729
45700.0,gromacs_replicate_1,76.30747,6.540091339763264,6.544173027034557,17.36821,5.051125387639159,5.099695857894967,2.5301285,89.89236937472516,78.01767631352365,72.84938930872497,77.32969780233863,87.0965051705698,85.83450869383995,65.5344201610449,66.51541320844484,79.00773575408243,87.83170309860446,86.9513174144585,79.17936449733804,7.5189369668761135,4.649351292551644,6.903469994544548,6.925141698206251,7.373361118160505,6.434043722421105,5.544583979708375,6.415931571976461,10.288108275760877,8.88297302148449,10.285442677527206,12.558815336065589
45800.0,gromacs_replicate_1,74.17449,6.005759609444796,6.075069399082333,4.1826324,5.352716328431925,5.385324177760461,0.17609406,86.39322228254547,72.81234609925536,71.1588827302039,79.33311891864396,89.55630685715909,84.79426231755022,63.55289341914984,66.27023369941605,78.99343529517985,89.60387100132711,88.86221506139837,74.8219181024121,7.426232116706387,5.030434826008075,6.988910007213965,7.087415953823809,7.3827542772857235,6.148970048982867,5.638676634798873,6.832617223125917,10.505545905820197,8.883608474464868,10.324841348268258,11.79264827596792
45900.0,gromacs_replicate_1,86.337456,6.309516155036149,6.285088045348696,21.467506,5.645236253110916,5.745318132208112,5.138748,89.23853654778677,76.71043512624536,72.46048906777871,78.34754100729954,88.58181480870135,85.21783077801665,65.57365088719612,71.16363241306856,83.80370948370445,87.02730452698657,88.35669463241447,73.93580857559188,7.189913960192821,4.945364786678337,6.84165628306281,7.528392483509938,6.8497697351606925,6.341689712032069,5.864671618627809,6.935128103325784,10.656956417546688,8.414587770055789,10.217475583468978,12.26382706595078
46000.0,gromacs_replicate_1,79.55142,6.1548284601803855,6.031539839011297,15.3378525,4.785038373513321,4.9140331042442424,10.653168,83.44340459648514,70.34951351553039,65.96327374192053,71.62559185234218,82.32124185258192,89.59113244599253,57.92449909671627,61.54582573722701,76.72425600440869,88.72061840932099,85.36458050994626,69.95462725657796,7.197677358453905,4.731209161956988,6.233112754797786,6.189552840328362,7.8081666674598855,6.387131921825702,6.112125177372846,6.095759854679844,9.466049749148999,8.825706266544131,9.929047360323452,11.58700245202748
46100.0,gromacs_replicate_1,68.250305,6.32989092181381,5.942722604777434,4.4322586,5.220429237585794,5.2840378994453925,1.064682,68.89939332144206,58.321310632448615,50.88698683620957,53.42984701418926,62.99646937202759,71.38126711314362,63.68006395267085,66.45327419994899,79.69249552139239,88.91389702864669,89.61536554774861,75.36059961231493,7.892989155303015,5.070904052752212,6.978717517765878,6.695869625635814,7.128516744815862,5.968349443074022,5.397002315695534,6.035994177310214,10.390869526676507,8.983204456461062,9.997777600849625,12.362398163309647
46200.0,gromacs_replicate_1,72.46627,6.742825569269571,6.552256539144606,14.73278,5.241430817196348,5.414242443987125,8.42894,82.80209720445673,71.87097324074554,65.3320829116265,68.40280155233675,77.97263950791134,85.37965985154219,78.09981186062133,81.13445172544266,85.78830775467583,74.06511352396771,75.60775912749139,89.38007546679012,7.402467257891367,4.458621635575313,6.671522741047101,6.8369674522609625,7.0711670208419894,5.775369229309208,5.419107441290226,6.333855814940794,10.551457901577523,8.983439868515736,10.571088131557078,12.634747976554214
46300.0,gromacs_replicate_1,77.223526,6.4438728568248145,6.542302444820671,32.699547,5.420564893640501,5.397655986993975,1.8096924,83.8460028109023,84.07428085527467,79.60668551625518,84.88898896106187,85.80493544133772,80.04398220964431,63.54610223182368,66.19546588246509,78.28768657116899,89.73627251306779,89.55483840785787,74.47209873959291,7.484150393023671,5.048263737264596,6.9919923085485545,6.9560847932861165,7.139979295219015,6.0172009066383625,5.637690306413165,6.40547137144126,10.475742499872766,8.831085188837173,10.195814140640127,12.286173615596192
46400.0,gromacs_replicate_1,78.70146,5.9545788439063685,5.96008092890016,6.8223267,4.811313012212672,4.9095156319567135,3.3402176,86.52906798815422,72.38577844513856,67.84057285591024,74.31570485919251,85.8907896072038,87.47692303094189,65.29664364473619,70.74115106201731,85.52554172237151,82.37546208145929,87.83816969201195,75.68580584017627,7.334208824230986,4.7888291360100395,6.5271164813444065,6.594467693348745,7.303707387264222,6.073442274559327,5.760279869143274,6.413289818389215,10.078111619643252,8.826289037089703,9.835436058927009,11.886360289753636
46500.0,gromacs_replicate_1,70.538086,6.32110364136075,6.332323573126769,0.3789215,5.0316890160879275,4.981925658952753,4.463066,82.94214569693845,69.20671578240668,64.00053017333349,70.56671947541305,82.11024688686561,88.6069518063153,56.46234206265711,55.703164240463366,67.66456604582996,81.43405203387388,82.21488370466258,69.65939025340137,7.4908344305213825,4.949760024533516,6.384197772388821,6.810493468323784,7.813104364312715,6.642837049412769,6.0784144288662745,6.420805670372849,9.732912126361054,9.113925258669111,10.052686217846937,11.734317497520639
46600.0,gromacs_replicate_1,75.369095,5.900905843951382,5.977746868063231,13.386375,5.376557599669098,5.454967077676558,11.260788,86.64584825240712,79.24327998412218,73.61560712524691,78.91722666169754,89.31150790141257,81.604765580072,70.32413622764452,74.02220691492576,86.26302455501292,82.84215597529233,85.80387216298256,80.53176620571607,6.798131346092413,4.357965230258965,6.303435684869978,6.469665325633104,7.871144521075077,6.842618412407657,6.6460793145543136,6.726834950386669,10.448360458791134,9.09062196142647,9.856652007459182,12.12542839291008
46700.0,gromacs_replicate_1,66.80695,6.251880719701321,5.919399320063229,8.316757,5.128486459801294,5.002553451982421,7.084259,74.8400508391261,63.15063292697186,56.85519873635659,61.187707971518904,71.46924907928492,78.85408013649278,59.33020706480964,63.374555307344565,74.85945717044396,86.14887374576726,85.38031045491762,70.1789575795035,7.600874107279532,5.02741382357485,6.809756858870389,6.91388024578118,7.376180798766707,5.994492036775797,5.503484019836,6.28115530718057,10.357313735572554,8.098716542524674,10.505898924204786,12.586445958632083
46800.0,gromacs_replicate_1,71.07154,5.897814250646675,5.951923580135627,3.025116,5.36333533968841,5.270205157522905,4.4010315,86.45269542486015,72.1127759613543,68.21118884387593,75.27284025024044,87.10985567308762,86.14301081338222,54.844100678371476,55.8027739419068,67.8394045533049,79.77703820400725,78.62811928813751,66.18182814453407,6.994782255641062,4.502542506429544,6.6151761701191285,6.836504169688102,7.587485460535957,6.658815995322173,6.404555595625905,6.807062068842417,10.473681873107662,9.046034851374161,9.89309939259258,12.184813000656355
46900.0,gromacs_replicate_1,72.01261,5.971530629061832,6.1197245783566325,11.010277,5.568876044430426,5.45637003352991,6.315979,84.06800032239823,81.8505537527045,80.16686097508536,88.28877450770281,79.58976097171842,75.35041811803787,53.77464215589819,57.13156462467266,69.4324664604822,80.07420796888077,77.52267830255774,64.03648377696861,7.326920735085676,4.832437942694047,6.750979048766598,7.145491039535004,7.057317641737387,6.041280912691828,5.467798232827615,6.713129972968496,10.78365233450428,9.141370559647404,10.130882908402612,12.776538147961533
47000.0,gromacs_replicate_1,75.56624,5.903120125702028,5.893217822038627,13.673431,5.270116699180376,5.3174983646452105,11.28537,71.58577819776379,56.597126337006706,50.58927353960748,57.318898891868,69.24057623937803,76.85785509836298,57.56312025477062,54.60141605089642,66.16276348165668,80.17658055116325,81.86200151171892,70.88778872593477,7.5748771433236595,4.871170784050696,6.346607842625252,6.614649059804753,7.829836959121977,6.322549488545626,5.9836962953580475,6.584468637919896,10.28515750635188,9.052185391495062,9.75757830168549,12.35297942265647
47100.0,gromacs_replicate_1,69.37601,6.3274508557925655,6.401344951120213,8.76432,4.98218394682768,5.128709487800408,3.6039963,75.1423994179985,88.82166101454835,87.68847807512782,84.77904818646925,73.7572531125644,67.69901476216073,71.57725622678092,71.99901088499776,84.95137109419979,81.43129123615007,81.76772082309449,84.26218847289088,7.36692562919714,4.451915305716778,6.902153446010538,7.007496775978971,7.355688054935415,5.795684981446545,5.440117731786114,6.269039042379855,10.252409635985888,9.220564395385022,10.708236247278077,12.62876855073079
47200.0,gromacs_replicate_1,62.03044,6.498156262464674,6.243986328717599,35.41243,5.830991120395549,5.743148575388306,5.4298096,87.86096856365843,80.08873529336057,73.17019931026726,71.67980555102012,77.50240911140713,85.42430883705784,64.27551360151743,68.60799918494742,79.73254112633431,89.41157599827696,87.60872180740559,72.68560721598529,7.6888155115162755,5.2126742568181905,6.811640956748552,7.516379067798367,7.079584229588121,6.175552016726208,4.773401902440766,6.231018059804095,10.785556817199282,8.202988584316365,10.859882109682056,13.021891895129373
47300.0,gromacs_replicate_1,61.264812,6.539152411076786,6.152419266800465,9.744644,5.146982309453846,5.009638642240572,9.475639,74.19208789432913,64.32545343783907,57.38563426237008,59.708324583058214,69.25164313171214,77.1680477049747,60.84089128540886,63.16945502070418,74.4509467400298,86.54759111574586,86.08730905719523,72.37439589915965,7.67898414321833,4.865770847762948,6.807039198033908,6.93044788364655,7.0357851189309315,6.23897150276562,5.169108228996401,6.621923990712058,10.84927266912039,8.012002168495256,10.646848385981547,13.162891614686986
47400.0,gromacs_replicate_1,65.680885,6.043371839226443,5.95343571030428,15.180824,5.374896685177768,5.292510558087183,7.006607,87.21429207879947,74.6057435129651,67.86677787033423,71.70903736199757,81.9704275584198,89.37376481567193,62.90794040680046,65.39739102441233,77.57316438703614,88.31480301952236,86.77684187232082,73.10986092913136,7.270133030414715,4.53095836302069,6.383313507150774,6.644986286590295,7.252572400430639,6.417824512604958,6.155834496025048,6.884903427677284,10.733622438018859,8.368663336545419,10.281702059340947,12.550620309019743
47500.0,gromacs_replicate_1,69.91621,6.55312723884195,6.612545260636379,11.935097,4.989991622184055,5.204381759633952,14.87011,88.67243589053234,78.88353168544573,74.26742615250143,80.58957803720068,88.99846952644587,82.53699051939549,80.25183775705527,84.06253817303829,82.24662734697986,70.10394097684757,72.94040291355824,88.80158911142865,7.653548109550573,5.022537147703146,6.6741513469552345,7.01364202274439,7.400464109064208,6.026322075447695,5.277234995704675,6.36594126325801,10.643609714366706,8.8555804922356,10.635422579590031,12.60172057829996
47600.0,gromacs_replicate_1,68.27148,6.2788064113604785,6.355599817426205,8.310097,4.877605246453603,5.059543674386767,12.089111,89.50340953291663,76.67413375658921,74.10562597884521,81.12007067222387,87.9104582651096,82.49744886936654,76.06743195794733,79.31184761575349,86.78689626083357,74.16590996127825,76.37265334795893,87.77227882910006,7.533899102590316,5.063961150539327,7.033629996616468,7.396989810333083,7.080259115121158,5.969117362490927,5.341246978183241,6.558695064348585,10.207881133593727,8.362147974669774,10.487501266365028,12.91312516462882
47700.0,gromacs_replicate_1,66.327194,5.902928649131153,5.704944769868402,9.517715,5.510755603136671,5.278986111715981,1.2848892,77.62454133634819,64.6161738108041,61.56343226534067,68.97725264443056,79.82284889968679,85.69378051904675,52.493386578335915,56.72468040940909,69.24925684806642,78.66445088772636,75.66207831816,61.60133961452854,7.477685867957727,4.705992765358015,6.9593928235005835,6.961938730145067,7.247853839860599,6.126514559101792,5.8816723634887556,6.768976341967562,10.40604723127767,8.550176751133566,10.084857173364439,12.626102739116535
47800.0,gromacs_replicate_1,74.57673,6.591496942657575,5.94587587395438,15.86618,5.627792604797949,5.604083667192906,1.323906,66.50793809845572,58.0483330697412,52.22045185078649,54.91975802304768,62.82485071800675,68.82168856326435,63.51194761578211,68.29434350038096,80.05904502128669,89.92047952389274,87.44039692373369,72.31809132236756,7.227513162559558,4.929545351236866,7.144442887744577,7.557070731130773,6.913493415931002,6.168184139588888,5.424033677674101,6.721858515055619,11.03123992684914,7.82821694927175,10.256664357089806,12.731343257971604
47900.0,gromacs_replicate_1,73.797386,6.222404597929833,6.154812785264047,7.750412,5.388557953913981,5.370284852195991,6.638344,81.87580857420816,68.95031338226599,65.34813414951704,72.03917355162538,83.43699799480292,89.02919820579072,55.445296616442114,61.18805305124989,73.80024931415696,83.89725043602445,80.3188622621808,65.66819433622268,7.019638364908866,4.651577679611142,6.768877523251937,7.241275006512318,7.236436148386206,6.104151824403836,5.67046216691792,6.404904759826601,10.782977383218018,8.36822372971986,10.291931981047734,12.181755873331593
48000.0,gromacs_replicate_1,73.1138,6.105738094256183,6.018135714892096,14.27919,5.430874588857705,5.328677908006056,1.3047256,81.95569393240248,70.26856860149313,69.7178961305436,77.58752093943227,88.42491541430151,88.15548920050165,58.00042270303469,64.50116861830146,77.13502129239849,85.32073003045426,79.54193210602759,65.03711376970102,6.953029715229495,4.6169691371087955,6.8515315450187515,7.243517693598266,7.0452082682517085,6.314346270846439,5.466731829705679,6.827754290006207,10.783785501193805,8.12256631609077,10.494965801471789,12.528610910741115
48100.0,gromacs_replicate_1,76.402534,5.97208927413649,6.043829029310158,21.0941,5.507636031269769,5.5897122098218635,8.733162,88.45939199651897,78.55303737254405,76.21493666713049,83.13195988798499,86.37905588514077,80.22888760070829,71.68057306647033,75.65943659688509,88.21296681169329,81.52471246897048,84.77259621628684,80.13644772540509,7.827872971085573,5.092219654510478,7.158738202751355,7.303183720914529,7.327988036055666,5.98401376435072,4.957689494107478,6.354757563267798,10.486006214459849,8.321661668027271,10.206004770896154,12.83728587313053
48200.0,gromacs_replicate_1,69.3843,6.226150574683843,6.053458181946298,22.195023,5.333469856284414,5.17949004235738,2.9637222,83.9304721869432,73.6106617703459,68.81417851600804,74.19250815576014,84.49562060887348,89.28446540812065,56.839501278255035,61.55687887784599,73.99138140206362,84.03722173855287,80.45291453669948,66.10202328799063,6.950875932121349,5.001030002656602,7.1162023972104675,7.387699481791545,7.085397790718127,6.478374125841429,6.0760951649567545,7.272310994761729,10.589776676828691,8.00493013901106,10.184111160619388,12.132363658033558
48300.0,gromacs_replicate_1,67.92851,5.788271070324139,5.5229640719462685,14.933495,5.335921093117769,5.215655810163221,1.5418091,60.92297640462842,47.894007815984395,41.43277661617713,48.54601396944461,60.84310268231014,67.35680483142134,56.79975381580712,61.28538573287798,74.13619771374277,84.33264299088543,80.25051545987458,65.61418557297218,7.4622683690516,4.894368634750497,6.9466113107283185,7.421882400904586,7.260126913162021,6.219019849505796,5.734987520794501,6.720309259718247,10.263083817761178,8.05102731115002,9.841814287996,12.06585928967194
48400.0,gromacs_replicate_1,76.820335,6.417472042975642,5.803213609293487,4.8736343,5.382737234206816,5.480227915819878,15.596024,61.0346584402356,51.08963977542785,46.3923422248498,51.17692036142993,61.3210167739488,65.82592644124954,72.60798005797963,77.64887876040493,89.62557097155344,80.48854904561126,84.05083121579969,80.26150038379313,7.40738631322374,4.788216735317323,7.249078486525241,7.724930475040155,6.764598866288474,6.163373443289414,5.424673348617603,6.590575334098393,10.855094366669237,7.98636126858934,10.1358096150528,12.299325464446742
48500.0,gromacs_replicate_1,75.62718,5.997140419674378,5.9936384365402064,26.85263,5.4443758660393735,5.442238022488778,4.6063614,89.85039366356392,78.68705929954903,74.50309571748923,80.69791831508492,89.27721039172701,82.78709522708857,63.931103675499195,70.93068406695107,83.42631159066299,88.44306735582224,86.23416447231779,70.67096049466183,7.014639783013158,4.56803793807721,6.8620038340276075,7.187491281245538,6.843417033759358,6.818964600363667,6.006320392238352,7.2294506234833555,10.912790936174583,7.968736945337175,9.726601249811415,12.425781155515823
48600.0,gromacs_replicate_1,73.69216,6.095360683383711,5.895144305651996,16.907913,5.595745868036172,5.596926878842371,2.831932,81.3264936127689,69.32322967584575,64.87281941116034,70.18216485404976,80.42304408180291,86.85531543125825,64.46827189457319,69.66686322639663,82.14252226450157,88.23081875583686,87.3147289402357,73.11493665997932,7.363972032207157,4.701137226417749,7.25101706740063,7.331333717462843,7.081224096626961,6.604322836018334,6.728445231706641,7.5504949339507625,10.438336949284624,8.399960267911066,10.297045245847,12.467129702075455
48700.0,gromacs_replicate_1,62.928154,6.329758459552481,6.459925451650973,25.759567,5.417510241155423,5.482272414715717,15.954773,83.93320578199906,84.39236295714261,79.9338387274051,85.28580110981677,84.61380506782439,78.03793038334565,73.24173012054943,76.70823213911795,88.11340778754149,80.85227325717419,82.65929977637724,83.15897858570752,7.427752524442447,4.7783068027087845,6.809200372871782,6.746632758653193,7.5795978112118565,6.378300899994397,6.1223221910473375,6.453844433138291,10.211439424056493,8.826704000452077,10.198496767122643,12.491008619460358
48800.0,gromacs_replicate_1,76.053535,6.5696917437089555,6.404967485173557,2.7445755,5.209044701520061,5.092544186059889,1.5140762,77.12453117379636,64.6612717961824,59.4003219876591,65.29327978906876,75.38397207739177,82.16445257888253,56.65863414424655,57.88605407202415,69.70018503979315,82.50029858982718,82.52211449727798,69.42456787478186,7.492855176067506,5.146208472858912,6.765568698955484,7.445073184609611,7.205956076112145,6.233320374359225,5.661035079572405,6.833128058583142,10.379367469658721,8.07718943852907,10.175937535008726,12.393200034007567
48900.0,gromacs_replicate_1,87.92354,6.399482533663563,6.40785724856258,38.31314,5.3588017922881965,5.466762386551808,0.5323868,87.52753870395136,81.58399438626022,77.79730208790764,83.01003156971836,88.84874404254847,83.27389838095121,70.2057484966127,75.32348130501842,88.02377355715726,81.7372589935159,83.2179663145736,81.17683121832064,7.517527245470583,4.865029500459869,6.947897067295657,6.922017401941864,7.319551196604314,6.3378322366565385,5.59483833630132,6.61082352349928,10.765154135285762,8.37461767303642,10.595406724138599,12.686591446982248
49000.0,gromacs_replicate_1,74.45004,6.227209964340376,6.042716298420864,27.407478,5.322216249207003,5.143310637542558,0.12452698,86.66064903624641,74.89889586187522,69.53846684717627,72.8329361927866,81.65403467424285,89.3102756955616,57.15052252575482,57.87408346192137,69.16967955152028,80.45291407789826,81.97882017252891,69.34170879995011,7.19935873344307,4.749579448370044,6.897016674701533,7.052477937033646,7.127523103485625,6.096035824765325,5.610907434107219,6.518088574417973,10.73705075729554,8.286501217412892,10.292935426116422,12.473005599292929
49100.0,gromacs_replicate_1,71.17215,6.0573302373345275,5.759632319554102,3.1845322,5.280758872881307,5.267259505163207,1.3135071,68.68608847542059,56.18709385114437,47.88858257639779,50.437700064850496,60.843511668172056,69.5340811256295,63.25089589987389,63.68763976199737,76.08380104883899,88.21657451775557,88.54803274007304,75.32917589651908,8.03610050220424,5.215654915100587,7.395405528168118,7.575139432653089,6.964531868581637,6.082756506787857,5.57277106430799,6.886466929901851,10.468058306212427,8.104647194528276,9.807308872488663,12.898493602768351
49200.0,gromacs_replicate_1,72.73639,6.113297632812856,6.012200588103955,10.871872,5.471183881323107,5.497458177910989,1.5462875,67.80626714724221,54.17452312224454,52.081384550631064,60.96342317896299,71.99032950219214,76.48217051651287,62.180093068131285,66.3418852147868,79.31414394479336,89.12157905211592,85.99901693252018,71.95581796907618,7.378127234439875,4.774945844420554,6.874129922517781,7.252526702863422,7.028381185466962,5.866823729116801,5.667255629408668,6.539621723309838,10.193967729116961,8.598272344558287,10.40670064113793,12.496022846748916
49300.0,gromacs_replicate_1,70.70226,5.897143371387156,5.965981525090022,10.177238,5.319060599561761,5.249860604448175,3.0255432,89.6099485491168,75.69557108811202,71.73409826339972,79.9801750573571,88.33465558293628,81.93111084739702,60.26725706053523,63.34789424309063,75.7637018103847,86.7259446081663,83.57956402831411,69.46659077806767,7.312130577486156,4.521499492023553,6.7354520787444105,6.677021620509209,7.239698093760995,6.416987321614445,6.055824015800674,6.659339012933766,10.083264568593348,8.576089351886335,10.007964316451073,12.233923362931499
49400.0,gromacs_replicate_1,81.043144,6.042790140133711,5.884757101198496,8.248062,4.9949400959973635,5.005568549488338,2.6180725,78.52534115729443,65.26154873231833,61.76665779191565,68.84739950341833,79.51826810305108,85.74652306189921,58.810143885210934,62.750416014558155,76.93168686839108,88.04469908339313,85.25775959326701,69.70033645694006,7.179409154082677,4.757235892641532,6.571782024297175,6.805651733980235,7.041194097980399,6.5093843625632575,5.671985539622117,6.931640350217554,10.102801936158096,8.570404443749805,9.941793931104277,11.926918855319837
49500.0,gromacs_replicate_1,65.02317,6.044167082678763,6.183234889823412,9.872551,5.0999013340730395,5.100179066602538,2.87751,78.26000382944402,89.01939637259865,87.77800523695637,83.24897844223972,71.76089158261705,67.87769368804926,62.95856384151377,63.27250739862657,75.15634528322762,88.31541568463768,88.43002618965886,75.31582867875663,7.390535009485937,4.6401405154803586,6.459548118776743,6.373649478059941,7.425241166332815,6.477864313565916,6.122276956812855,6.574949361327659,10.132020191528488,8.877769599814672,10.013764929216297,12.508817109794817
49600.0,gromacs_replicate_1,72.02266,5.826398929844575,5.891714789136718,26.311577,5.3637348860066485,5.255205473341932,7.0099792,89.96245726451798,78.63435241019437,77.3643489124479,84.15923240323596,85.13625146609904,80.36689060234463,60.41926369546924,66.56830776305173,78.72441336876298,87.855867223291,84.2033561989524,68.78945484561983,7.651216544317567,4.893432499441351,7.042178711577405,7.353904287896827,6.956984220744275,6.198513084116378,6.061997930218261,7.236271131681653,10.022892841168424,8.189840978736033,10.12102347699597,12.27843128580872
49700.0,gromacs_replicate_1,67.631645,6.134353891652689,6.140903419700492,13.145676,5.485007670415284,5.40623383369016,3.0395508,87.29457687671432,74.46352310544985,70.65640290773588,78.2595013992428,89.09863690581133,84.7262557064378,59.96661140231936,65.01454176803138,77.79719001708584,87.18104011786407,82.43860154107125,68.22322155185971,7.047245744050924,4.556437140677345,6.026006825114797,6.5015458480423725,7.346262932021016,6.8581254327888,6.533752876405402,7.377615134021436,10.059986712922614,8.541138083922675,9.724733966106484,11.915055966167488
49800.0,gromacs_replicate_1,74.72203,6.1061665523982125,6.0441467149070505,6.5006027,5.31902965388663,5.421298436658304,0.59264374,83.32112322372895,69.78776216226392,64.93160915908578,70.86283830784859,82.13167165436987,89.35124823854171,66.62495925278766,71.76435357446329,85.3577593615681,84.36505377131341,88.93561558780476,76.1574169767612,7.715795093338856,4.937791282971758,6.560540834078187,6.661189728996217,6.917218086192592,6.034140372916049,5.538817966368025,6.481442780142314,10.546236915808983,8.968922471156777,10.069818516590956,12.39493551410663
49900.0,gromacs_replicate_1,78.05337,6.0473353379403285,6.172238462211678,33.362694,5.58390939387195,5.486106746121859,3.0748749,83.64459387280857,83.77382107906439,80.27546559818019,86.21449236896643,84.37848399857236,77.99748915512424,60.35655786938092,64.25118171441532,75.93658684147593,86.56940183584427,83.99563461138898,70.51915488960297,7.035200317625586,4.482844880094537,6.150316199810775,6.427053265857233,7.483991678614318,7.018706801418456,6.540383404975791,7.362074877157071,10.283587860786039,8.477933690906747,10.143850931932114,11.991063918320318
50000.0,gromacs_replicate_1,72.54191,5.64049756551058,5.820717967530337,15.612267,5.140646929709996,5.1057813955691405,6.8126984,77.15866990268188,88.01137442728799,84.68131410838568,87.20457207300008,75.41962518803756,68.62788810517404,63.831944271351176,66.01164804688757,78.65689288043868,88.97592691764619,88.69881391598622,74.42604281722997,7.573866826002098,4.876366626669483,6.4800282774238696,6.432757081007262,7.575679630692256,6.235767706911358,5.940940838733222,6.4441622649874155,9.959536188882636,8.746060183561106,10.333730439620275,11.697054250050934
50100.0,gromacs_replicate_1,88.668205,6.283777656962753,6.195875445817931,27.29699,5.298171737599979,5.3874834747751565,5.6804504,87.3885016989693,75.70272646669778,72.25578982179684,78.43369832953967,87.84233742769746,86.19962272323265,63.25575099776599,67.1313940412296,80.12090136477096,89.02846763956886,89.31055297505434,74.4757273713774,6.939546316644756,4.434240567853553,6.060667466671708,6.378095865124614,7.537869637033862,6.434457112165569,6.04673981604944,6.744521012469682,9.977990117147128,9.07900165154839,10.194884372665797,12.260802863911772
50200.0,gromacs_replicate_1,68.801125,6.291012755148736,6.5901518421415295,36.487083,5.281468996181793,5.299289007034426,0.32939148,68.29165153428369,81.0381704531524,85.66087817318731,80.22843116936616,69.93968962894435,62.78696263294861,62.979723262646644,65.44058014576537,77.82172275873059,89.97990753216342,89.9580457168919,75.52202183258257,6.885964505416272,4.060852082112654,6.358454923130753,6.325339873617466,7.844907709137066,6.764355726087094,6.331941837542599,6.961801856673754,10.436220845597068,9.425317147723824,10.254514491542608,12.249833938517426
50300.0,gromacs_replicate_1,79.95667,6.065479245919661,6.077515028722359,35.493393,5.442699215569298,5.453384094116282,4.688263,89.00733362219273,80.9856052072186,77.13808669471311,81.65819663153712,88.6028630253337,82.35526780973888,65.18858784058239,70.07640658872229,81.80224939787017,87.7538736508737,89.26828880808245,75.13201563932834,7.761413174207676,4.874951198842343,6.873731018891688,7.001386145047356,6.64044258050407,5.973126303098707,5.796386766770261,6.970895320045853,10.18429728701008,8.741263929206825,10.427902181297464,13.043027037921636
50400.0,gromacs_replicate_1,75.8187,5.785897911966415,5.817315151065318,28.352173,5.384985790230049,5.338602443587079,5.536789,87.53534756725873,80.1419734295037,75.35483711176347,80.88930541541805,89.33085535335331,81.2430055320906,62.63444286030084,69.02039511364396,81.26120282922717,88.92105890331625,85.72164811054184,69.97127098649644,7.514599780809437,4.862450797981129,6.5551936246088305,7.210411448395714,7.041576945716198,6.07799663578577,5.162924168870058,6.397331510506066,10.180006616026562,8.278798736859356,10.127934444559523,12.522821946284187
50500.0,gromacs_replicate_1,68.93375,6.199782593031725,6.2585922204620905,11.232162,5.042085061385937,5.0052571627981175,8.598,89.27026191804796,77.2932092719209,72.09696133959068,78.43092481557245,89.29522543033762,83.43668813691012,54.504210044982464,53.32477039945811,65.1813938964277,78.59885940088226,79.56068940781883,67.35621157629991,6.946363435649111,4.42476856562273,6.339450922686542,6.641427711510584,7.817003485760101,6.682550138096406,6.235095167788392,6.886845452150077,10.149549817567625,8.90169986753245,10.052599753511123,11.80623782877822
50600.0,gromacs_replicate_1,74.43901,5.981307942927033,6.226191221416117,41.031708,5.622436849641071,5.485309747418809,1.8215714,79.12595336833019,88.9100650625004,86.28026030542478,88.08244987727825,78.12103182268066,72.59791951672537,58.1369558359986,62.98023830230325,74.43626936064628,84.45272434087369,81.98007514615306,66.93090758629047,7.664951026165255,4.934034251818286,6.430163711231359,6.996718241671165,7.192699012120739,6.373034961506337,5.780335206445812,7.084092023699106,10.234910583670812,8.3640731201115,10.317169673048111,12.395096494177752
50700.0,gromacs_replicate_1,67.49306,6.120709191099067,6.361630554338955,31.488197,5.568421413988863,5.560669294987972,5.310318,69.2023456735743,81.46478157006356,83.84963347892297,76.27708073295521,65.26028946948202,60.223080783648555,65.3712103546323,70.53938749952546,83.02653368770198,87.63695755988546,87.51621737157559,73.18017637532509,6.843495243009824,4.173466316405244,6.219651435485585,6.344183374836727,8.049265490640732,7.068345776012105,6.406709017429326,6.56505580013289,10.011527170105458,9.064933749879435,10.13446407035701,11.942282922501246
50800.0,gromacs_replicate_1,74.82701,6.7179413414375615,6.469310111420077,21.210983,5.328622799680536,5.379109695775477,9.70005,80.71207555453961,70.03384416200092,66.50076978190427,71.5540423001459,80.93985084700425,86.62181080946725,57.617531442889316,62.36642435551667,75.20319400052512,85.92811381202364,83.64622364006324,68.6746393986752,7.393292694436593,4.401959154930504,6.543420861296554,6.2810507258704655,7.290254091594317,6.7596064960508535,6.236774086417317,6.901337805819253,10.058286816760303,9.082791558945212,10.67360785079938,12.593152001878291
50900.0,gromacs_replicate_1,76.0854,6.025873949808166,6.167542771105349,26.357933,5.5220123842446425,5.5702689166735,5.083519,84.39099138534034,82.7108139802465,80.15303188540642,86.9409380963055,82.83767049781484,76.56472341656198,67.28356490725079,72.44305658197521,85.36628915075786,85.35327006359584,89.52125772420715,76.214013778978,7.467554787337375,4.762896916225228,6.082023220754471,6.458931730367926,8.019281492915155,6.4855695264054285,6.020000942382372,6.516909803137442,9.875265671550896,8.818812901562655,9.98729163202818,11.922444421514827
51000.0,gromacs_replicate_1,79.39395,6.133522900480548,6.0456963947937785,19.757812,5.647202747530764,5.595105454523335,2.6438828,85.33185681778232,72.58967442403672,69.09881102647869,75.31532653359527,85.80073400138218,87.88992003969811,60.359150959751915,63.21108019002287,74.90367590980551,85.2510968237686,84.3261234162617,70.45151715979587,7.735519516203939,4.843105683539655,6.532473715340008,6.809703643236505,7.091676458775069,6.166438526675444,5.561919946940795,7.199866301133025,10.46803344739607,8.714787403152867,10.05340780903119,12.58753974554908
51100.0,gromacs_replicate_1,75.5158,5.78451098493585,5.666571796942287,32.258606,5.128237399540596,5.119886759111924,9.131508,89.70150215366883,79.24728927481006,72.56500251416925,75.43113756426631,84.46549469638934,86.85738757022686,65.05891486314795,70.14361010855895,82.80598714123026,86.84538709564453,89.47993032908359,73.46301602607564,7.441332922346669,4.669619783481539,6.222162148188484,7.0030534618894595,7.197248222121393,6.634910620593287,5.818937165158643,6.883704415130964,9.918532997324759,8.178733056343122,9.81507441392209,12.470081991094204
51200.0,gromacs_replicate_1,71.50305,6.203941522794304,6.1493830011027155,8.537125,4.934662937891905,5.001424484821801,5.842697,84.62601116695815,71.41460583822266,65.48766972432834,70.88496888981123,81.90035574675922,89.26965044629075,65.27991523174792,69.36439300330943,82.12454274961742,85.51284785708778,87.92202776750567,76.56252439234885,7.496397588995255,4.569211868541079,6.111945774661205,6.833136809637967,7.318618414763208,6.5269486333504885,6.47997104844543,7.15715549909656,9.654556218454195,8.670410798250748,9.868867482277563,11.816486207591383
51300.0,gromacs_replicate_1,86.26592,6.023826743746051,6.181016990511384,17.575745,5.176189771451853,5.289908675181591,6.0255203,78.53300544904364,87.22798722085017,85.5563012101615,85.21157932604586,74.23722989164057,69.33037550918367,63.42168369140433,67.14816903428212,80.97507003813656,88.06505548383203,89.33437226527474,74.93091910766753,7.334979236798134,4.67108502183423,6.025860053187787,6.4922200237790415,7.558791119842943,6.566899375190076,6.4902370622559395,6.743344544228597,10.090288135158447,9.297519463329637,9.907033267371583,11.23967949414391
51400.0,gromacs_replicate_1,82.14459,6.166281805583634,6.2159791648838905,23.77861,5.086472327810321,5.044218256497395,6.9974747,86.9998937380447,80.65992011375246,75.351109971033,80.07666927747454,89.80067974046958,81.37232155905048,54.79031913619195,57.59154096391367,70.34551862113202,82.4309797203922,81.26655665889311,67.08756468121834,7.063476627810234,4.411778414767866,6.191750262108223,6.279019202235847,7.678946324810096,6.4987703383494475,6.3084538755390955,6.417220532762608,10.374004528698482,9.024271070394022,10.195610701917598,12.119954707219822
51500.0,gromacs_replicate_1,80.33193,6.323843698445285,6.29896870353585,9.58046,5.100741779279706,5.079277220300956,3.1347504,85.81225588215145,72.7248853377934,69.29713738849098,75.67339460391304,86.21850440286065,87.54008422430117,62.12220554577638,64.16702276193284,75.99262079155953,88.48435787175717,88.46676031938294,74.58870568737062,7.596302770415067,4.887919933428655,6.507861185983142,6.890227807835666,7.376076465412567,6.2661867346407725,5.435425909045809,6.669905734467157,10.354732102355774,8.528581924553555,10.439256531197557,12.548001094811603
51600.0,gromacs_replicate_1,86.811195,6.458742821152763,6.241981121253479,15.739845,5.2871485450404,5.439329571998146,3.4068527,81.01029307766944,69.2387568706248,63.92260689145307,68.46830330383925,77.68131689980744,85.28151700676027,74.3047195351774,77.85130045291946,89.29571320120668,78.06940095096692,79.14309817389613,85.82461013273245,7.2674580303253125,4.533379189991496,6.79563659535319,7.128467010301864,7.323004120750118,6.078839180885575,5.677458987116243,6.8857999868721524,10.748794565304289,8.604021832894183,10.418015333479206,13.218691236127034
51700.0,gromacs_replicate_1,74.94737,6.230066384647995,6.132169608412744,24.111336,5.150905588720875,5.1391107638486355,7.166649,87.22321229567002,76.02502963040862,71.35546315166637,76.90598065524473,86.32923159913072,86.99847407656344,64.1962605333798,69.01170908724822,81.90513128289516,86.99814317363384,89.72215279674441,74.82773391078995,7.655233362905554,4.80585090110636,7.049323382596153,7.119169386343321,7.249604595726679,6.024932595035977,5.090231939688632,6.590081401899365,10.275553190864976,8.408799228342993,10.33521119562716,12.45148144683608
51800.0,gromacs_replicate_1,86.30101,6.452898690480984,6.587130740138938,36.255234,5.731364954071553,5.6850019070848665,7.2898636,84.34607747359497,84.79812416524302,82.2930089813583,87.78983220265505,82.89957421674585,78.04891596035081,56.30364894779347,61.937565258926185,73.96915272370119,83.3533523680864,79.5508350805641,64.4651764875333,7.229024433672772,4.433921945538153,6.596973462133572,6.7728412325528105,7.409242609683938,6.3413698600752815,6.08869822257281,6.848875273160924,10.98472115983846,8.945672040236387,10.397044203975383,12.032039356561846
51900.0,gromacs_replicate_1,75.96454,6.1142106657744755,5.85032579783005,9.795227,5.176283971686584,5.302260442675976,0.16247559,75.62459312728811,64.21869417881094,57.16128598482968,61.34546972590869,71.56749583592486,79.04190826705066,68.16484749932393,71.73817099346817,84.77633334843667,83.76632723283986,85.54172862085213,79.67087804169316,7.446284177028943,4.662040299399571,6.621519669679393,6.589522893669968,7.101227493478418,6.246137814302212,5.671128685057664,6.736780950156419,10.681438458086687,8.87844060190179,9.907379459998223,12.327255896805477
52000.0,gromacs_replicate_1,77.76037,6.2708755393273385,6.360716348840933,33.842804,5.3579987867781815,5.056937060227359,3.8638077,84.33046110645006,84.20642261765677,79.38030523883616,82.90181337272614,87.29425909292466,79.88722416092402,53.37505988733225,56.75365290668544,67.8665363822852,78.67516520673243,77.89920989269177,63.5911238978426,7.4098757563264765,4.77413194503605,6.773219223276314,7.053281622098507,6.8060211292088315,6.25032535324028,5.884087879567353,6.635930770638389,10.597935792418442,8.037716762156975,10.404770639443573,12.201871073354255
52100.0,gromacs_replicate_1,79.28949,5.941927496170469,6.228268884732793,41.19745,4.9080968976047785,4.864373004515941,5.534561,74.76257366738605,87.5862152794727,89.72793224168569,84.66838486057992,74.72572932671802,68.66679945172388,54.89272108043195,59.946068079772736,73.73243966116735,84.84734220359643,81.80657202648474,64.37937398485577,7.308072398273793,4.660925871622023,6.451774334592493,6.692964306684865,7.290157828087899,6.508036770310544,5.519448564644393,6.511316202609734,10.059002995311923,9.119150887055836,10.215448881689174,12.529042327519136
52200.0,gromacs_replicate_1,69.41069,6.066268550072188,5.865438404340851,8.894714,5.14886016651359,5.230167416871512,7.3318863,79.75212552600735,67.30003554590311,60.12688355870233,64.26690420029122,74.6080511126309,82.83281546889567,69.10201559736531,72.61598255102714,85.50436370141675,83.01088212944897,85.07766378654543,80.15004884485458,7.768328396440583,4.868920529296582,7.189394208035083,6.950085193179323,7.067096718093233,5.945069635626627,5.327253288531354,6.390072576307507,10.447967695241125,8.731339907193721,10.418480724984212,12.697272121211991
52300.0,gromacs_replicate_1,69.50679,6.003768662342646,6.163444948783392,16.725082,5.379181789582983,5.377073000445009,14.86776,84.77278708156372,82.35346816196245,81.21233167723156,89.75821280638235,78.95500899686957,75.16294076814157,70.12772778388381,71.01939854831654,82.59076304965596,85.91210513694055,86.33930197984176,80.36878338371014,7.627936164296126,5.047900681926422,7.03993998351676,7.4424071382881705,6.996471354391081,6.238472648711471,5.663945301491018,6.591982124022454,10.384069132831927,8.723928959054431,10.222975742332258,13.148888177072433
52400.0,gromacs_replicate_1,75.7916,5.891374161019283,5.546974184903059,11.076889,5.436641187460448,5.311618378995701,7.1598663,74.0935826880707,61.193691014528696,56.60054445738258,62.53858060105132,73.01180936280537,79.26494601161622,61.49396274570394,64.75436673561387,76.75236780424999,87.6319189297078,85.14999157345558,70.57280956530143,7.322332300692026,4.713650690648626,6.979235750067347,7.667421464724689,6.816904023991716,5.995581421613819,5.883666965565175,6.846534059714626,10.118740023810664,8.526691222677655,9.963540058911185,12.860132835536534
52500.0,gromacs_replicate_1,72.48392,6.460010267585293,6.218242702548331,4.0534515,5.518484901945177,5.513854666178949,0.9917755,73.61026043333224,61.44440373165266,55.759919325046184,60.48976583347132,70.56288453447272,77.70807298527909,64.03009809046594,65.10427139889725,76.7809419942655,88.11764660138678,88.50767688244773,76.10458750301314,7.456683829789606,4.647346085628979,6.510599001892841,6.975333572481793,6.990967600470428,6.3913113848892005,5.858779183482571,6.861151498097405,10.472670542426137,9.120372618046137,10.449208541129138,12.880334327764828
52600.0,gromacs_replicate_1,74.717064,5.862127277679723,5.849295480599391,28.038773,5.354876445363586,5.135667071859742,1.7861862,85.41983537816323,84.03141593091416,75.59291911085641,75.08188652589372,84.1585227402629,85.4331455274245,53.74434760556144,58.383889303512795,70.70941898786042,79.90127179099225,76.46567325630022,62.550599468799085,7.408639635043061,4.529759851981694,6.771082138591549,6.840400063265265,6.942942742194453,6.441170565290845,5.803928274769161,7.481615324449477,10.406625475385855,9.072576226622436,9.797706485672352,12.462885299492333
52700.0,gromacs_replicate_1,75.05804,6.4995406017995885,6.614111424751357,17.47519,5.216205251953313,5.276158615422192,2.772171,84.29487492184026,82.61151042665672,79.05586141463621,84.91680880542907,84.60150256644488,78.29592666649445,66.62637640291209,67.90202206731252,80.6209511292201,86.7609451923944,86.45396132280608,79.59762011641652,7.394796066978088,5.028657318476977,7.134923822077084,7.31910377088095,6.851145398985643,5.980871417425931,5.776658673526245,6.902696894001723,10.609716988327506,8.513638657335203,10.668593700497013,13.233482240278002
52800.0,gromacs_replicate_1,64.743965,5.355671456047465,5.555047118031274,22.387985,5.195972253735079,4.958817277824674,3.4483643,78.87316345409833,85.78055023930553,80.61319062339174,87.61266289656439,79.70244015672871,71.78523454582113,49.1679855314844,52.82961426560651,65.52519314146556,75.60964531519164,73.16360463774252,59.25281283950075,7.525289366100586,4.774718236817494,5.953832349546882,7.055618880623515,7.51479049657183,6.336056774211371,5.54498928600655,6.763996744042097,9.48331336366346,8.890132580359126,9.730375057394978,12.205536814235165
52900.0,gromacs_replicate_1,72.99982,6.181712845148674,5.865113792325022,25.495811,5.526663545263888,5.2897356523985835,2.3378906,81.80878073954055,71.52567307614606,66.11453582001795,69.55606503449067,79.0016831085024,86.45398334411118,54.62726509520854,57.783874744815876,69.03928499427343,79.14350157034742,78.45641678195204,64.82967061798392,7.582782099270788,4.845449343903579,7.006033019866815,7.128791802924136,6.707014649024106,6.202684158380701,6.084278253215234,7.172017271797409,10.518637583885257,8.70589687323773,9.923018200288997,13.245658365834917
53000.0,gromacs_replicate_1,72.30321,6.204486976360263,6.330567721482692,4.518379,5.53629080109048,5.434131259722771,6.070236,86.35328915604269,80.67663418542344,76.96086993369126,84.70331957755423,83.98229465196198,78.61840995170593,55.01344527864525,54.86479201215509,65.97679713911019,78.63510665106827,79.09533478830105,66.920378669562,7.306694877162209,4.45196402548394,6.534446761722411,6.813450037222068,7.240311129329575,6.401420230912483,6.447069991669229,6.891307331493802,10.644206378940217,9.03865405540935,10.319377732178845,12.736441647586139
53100.0,gromacs_replicate_1,74.335724,5.955161646698251,5.88234736155833,15.568428,5.138673962028847,5.06166399092011,1.5926361,84.97616226855473,72.42835173063179,67.88844587446334,74.8042061000944,86.1326851155695,87.78067325159762,58.47674822379437,62.95195024372226,75.3031509502129,86.78037780153751,83.67440330860178,68.72502469659806,6.944589009617722,4.592117496725665,6.527342517441573,7.230663168224934,7.199815653872253,6.522694088653005,6.410748253599314,7.528681449287007,10.211901728120662,8.190697117433867,9.656740877411472,12.445911085293949
53200.0,gromacs_replicate_1,71.307304,5.98112761510483,5.905679680290158,16.917435,5.111432508345625,5.1578289182252774,5.2124634,83.59176013656005,71.75437919550762,69.38762894588312,76.37338065828342,87.1006116268612,86.85888561901281,58.27554084564509,66.86062504480704,79.9626056902163,89.50791178369779,83.63483877147802,66.53365472468954,7.49156521716438,4.659528825426516,6.617694118067223,7.025315747681316,7.329210344851039,6.457641035574525,5.881198676521093,6.884042110414045,10.037800980391685,8.521151610227472,10.222318981053517,12.561086397067937
53300.0,gromacs_replicate_1,66.74066,6.142331312557011,6.232004436341963,11.35041,5.306451092942074,5.262507258603621,2.7844162,89.47068613590439,77.60066305800052,75.48046829492246,82.83231458337714,85.79160102669725,80.78684010862632,61.220398357322765,65.04105168761808,78.30338857318722,88.80984652463009,85.38149702077726,71.57521976472282,7.584138092710814,4.623632811013186,6.717970082984951,6.844378644739644,7.140407441961782,6.4079555908410395,5.801225414365428,6.814525324171232,10.415576038643444,9.373674401260352,10.351742711782768,12.558681652281534
53400.0,gromacs_replicate_1,84.59629,6.4348024563812105,6.56494604827968,18.41436,5.308399571160071,5.4169871526869615,2.8973923,82.36084765290579,84.22560768943164,80.42170052457813,86.33526426085066,83.07815908530954,76.36575010975562,66.79067515016193,67.98962624792486,80.4698078727936,87.28309272768675,87.84831407948008,79.0332656028398,7.154750216115051,4.669265328609116,6.431850746687238,7.073905160006148,7.1214453206703086,6.429873948023337,6.184783279037986,7.06453297216883,10.383135871338578,9.172499828875578,10.128473736836723,12.415427918998938
53500.0,gromacs_replicate_1,70.374146,6.053198810591281,6.035827793261893,10.428856,5.157750216956405,5.2735016410186635,10.982712,86.43775727458508,72.6412256984139,68.50931835037014,74.61525604783013,85.87851024137528,87.63719556924525,72.85232475313838,77.46960934804525,89.06252770182078,78.57238014362389,82.66563177262258,81.2658364053381,7.485685332517535,4.661804246029868,6.8921122826601,6.914937733533165,7.283631652725307,6.231688701225316,5.581309192164815,6.469616405747008,9.989976427317737,8.20427989899245,10.357196166873235,12.505825806564188
53600.0,gromacs_replicate_1,74.45809,6.19808508127666,6.223950628142693,23.688606,5.276989283742675,5.434299103011117,8.651009,87.92777524299893,80.19574362967663,75.35059363740132,80.10324744430513,89.6483775634512,82.98632176540067,75.91062371574621,82.30811533212221,84.20035987218102,74.51545340293225,80.6626270471087,83.66427168527903,7.53665623971391,5.047399992173916,6.8426114713758075,7.108846501977853,7.154885555523103,6.079467520348228,5.65633683418561,6.640063217979399,10.006885790310585,9.130335978632223,9.956503406076907,12.277030205029932
53700.0,gromacs_replicate_1,70.50816,6.134964189842734,5.886230414500419,28.69461,5.7768656235820695,5.570262099468996,7.550331,84.90746482734615,74.99385806701467,68.96606586829375,71.91829555786627,80.8600971589264,87.67075433782466,59.84261932769818,64.16875295240607,74.81138117866341,84.1887878641551,81.410650343536,67.70731749387146,7.111304154967279,4.380714686879554,6.401323191152553,7.068333227778203,7.336678701490872,6.41465568519957,6.28810397585481,6.814934943124942,10.133739734657516,9.082880747221415,9.91624549941367,11.96335897675452
53800.0,gromacs_replicate_1,71.73838,6.398678164473701,6.476819485363085,15.275307,5.030450063760718,5.037335596219762,1.6823425,89.97663214880602,77.94824012544413,77.00364848118696,85.34527790590518,84.76373094152679,80.46535517602416,62.63805618792929,65.78711890947044,79.37854820558313,88.9759899952938,88.38367478687134,73.33871295408086,7.180137333135597,4.474482195061603,6.348516708291848,6.704209118367886,7.43433505247101,6.337811044547071,6.174266243726401,6.43534939875326,9.876225993598423,9.028167295287114,10.285411536390725,12.205273799074018
53900.0,gromacs_replicate_1,62.990597,6.134235812487361,6.232102267068094,11.027794,5.525960384395967,5.463952364203648,0.2659607,87.08172744580658,79.82786100315303,75.2744598448219,81.94696008494013,86.7182450242453,80.64488072571025,59.8960993042642,61.81167510107106,73.37895628840737,85.0961356196707,84.13240857263423,71.72857249261732,7.175836148310645,4.406580635098838,6.495227154365261,6.9157108620738095,7.123095338302975,6.304761656808167,5.687817126658302,6.689152944921516,10.015295765442152,9.0273333979934,10.609786460506747,12.693093465014748
54000.0,gromacs_replicate_1,71.83404,5.8650588950570945,5.733581831976445,10.051094,5.4589783186265946,5.253823506863084,3.1536713,81.83183922151416,69.56986202854303,63.58880677078795,69.3041069718279,80.3809432804421,87.5139176424332,55.935550052891315,59.782481054830434,71.39724791613166,81.78741451040422,79.30911347373019,65.5067852325699,7.694897523762832,4.927931142102565,6.903956813362971,7.432783916850088,7.076870819286972,6.160327816361052,5.525762952443157,7.249186134968342,10.407884480291788,8.079603424923608,10.071660612152138,12.193281907492194
54100.0,gromacs_replicate_1,75.86541,6.587753602949955,6.530380161380025,5.146225,4.85865288027608,4.977382984465503,7.116005,74.77947419409237,61.70968249799159,59.490787154480316,67.07441383682685,77.79191232868024,82.20155709804935,70.01790364342467,69.46032423249483,82.56679139712996,83.20851043192576,83.32084217981244,82.90893155888084,7.392454515213737,4.81841252854309,6.591705873845901,7.198170157282573,7.389598940333213,6.056355834387186,6.047085382717261,6.410341797760336,9.971775846739456,8.542135427169473,10.138092957177564,12.246230205033388
54200.0,gromacs_replicate_1,80.54582,6.158689508247003,6.267255786873946,2.3915024,4.973486358980963,5.078577197184538,6.445778,81.9922229886691,83.93030775012208,82.93708062679512,88.23109937321574,77.53769775494212,72.92229634822556,61.69339435482792,63.34434274820738,77.65898959923406,89.44325676827108,88.5058335271619,74.33962235002532,7.517133156299902,4.6522791003242405,6.627841207973078,6.83690953215233,6.8361755782433935,6.093757932376068,5.709807046912258,7.079869245453787,9.973608271142338,8.31241392125445,10.43162469476418,12.524352353566725
54300.0,gromacs_replicate_1,77.42896,5.970295366430839,5.682961359273016,16.694344,5.265853210381541,5.257363037377024,1.8281555,78.4842862977756,66.24506752250555,61.82067385907187,67.75996861175985,77.84687489431612,83.50333984255327,60.68408696211617,65.4691831085736,78.36861801194866,88.77477683885142,84.36906199685683,69.12185386685428,7.189634161710612,4.472172289690429,6.232392673414205,6.794819102751664,7.504821507183067,6.359419648705955,5.701430476991157,6.588036921248483,10.21271809646749,8.614377120027738,10.272595882608872,12.134507674073463
54400.0,gromacs_replicate_1,77.176865,6.067763834452683,6.154998314909438,14.636238,5.272079511749817,5.310144957075845,2.0466995,86.65390381079871,79.58500183454369,75.60990126756576,82.1179900038659,86.5407457626334,79.83788790148694,64.58954324540149,67.59713234220268,80.67755718473758,87.83781904431584,89.36758110131758,74.76569429430472,7.361463074294268,4.711431859602002,6.746053763923203,6.952012437893045,7.027409721789422,6.4203357590818895,6.050663137628975,6.953620339001879,10.172511689509044,9.010104615055466,10.524471845354997,12.80302827550767
54500.0,gromacs_replicate_1,68.71751,6.283946328431975,6.276937150097895,23.49936,5.021603518678599,4.741669101709025,3.4841385,89.73321925234646,77.98715193031212,74.18238705993971,80.39620324666998,89.92428541122948,83.22317452581993,53.74203025476362,54.80467651837167,65.66868761221669,78.32940767254676,78.16748104489258,65.3580885773286,6.937889002396806,4.440420139693824,6.488862076977488,7.081263337448743,7.094904657071677,6.19175911563091,5.8325522680129716,6.930266397956365,10.100564653094736,8.334627166615368,9.94417079090268,12.720497750436403
54600.0,gromacs_replicate_1,71.13596,5.89172709360184,5.740188632609325,11.485756,5.282594699260313,5.336635964215349,7.780342,81.90301723610308,68.7104216280481,63.5942004863912,67.71087052423947,79.24518800715707,86.49889861626536,67.58527547828699,71.44322946878822,84.44333321357963,84.1999703935046,86.67730921452677,77.80214458656673,8.104906582190592,5.956922243476729,7.259176135558472,7.630240595745476,6.958212132737987,6.017156906800585,5.043724205754175,6.49003669867796,10.056689551492846,8.280070305942333,10.199846930619445,12.292775693465757
54700.0,gromacs_replicate_1,58.84291,6.354796432892357,6.306215493557038,7.876625,5.051726123092293,5.211513345458449,20.489265,84.04221503921225,71.06519581709215,66.93267321185415,73.71065820460969,84.35841043606706,89.34605905606932,76.53623224102923,77.7071627451817,89.43463885940406,77.63965432545221,77.49241545944106,88.39708744587797,7.552276546241583,4.931718469189268,6.703500819644148,6.950007657457699,7.168050381078725,6.288857590694927,5.792716213060001,6.753917450796528,10.259147566133525,8.421034516161447,10.6020570011115,12.10310050041702
54800.0,gromacs_replicate_1,63.38418,6.259947516698303,6.411797641624979,12.19471,5.191915694529047,5.349806468184686,14.826317,82.07979797362447,84.52107722342552,80.83403706350782,88.34644211070942,80.08543224194248,74.50745338827882,74.77445102612997,78.07015663346593,89.70158784026674,77.84449862765523,79.58439545207906,85.75185531419689,7.020294197495288,4.498495041063967,6.369462940322263,6.972606013916675,7.331762472746497,6.66230693997731,6.189810553795395,6.924417169164398,9.817680369902986,8.78265736694473,10.19395653552215,12.5554737184429
54900.0,gromacs_replicate_1,71.460655,6.657051540283199,6.56595964682766,13.7261505,4.908680811721341,5.049245263189075,1.6895142,85.9479264760994,73.04960377507606,68.62364209320452,74.8111016801455,85.18747863846733,88.79287758184915,66.87748247235336,74.19736844808898,88.25391660037619,81.36825404849965,87.30500906298954,76.46963966397537,7.1440275001630615,4.998142238959803,6.342309634960973,7.151763160604605,7.141886602131033,5.915060868812451,5.590521035084213,6.584425846746797,10.12900177959337,8.828819871699077,10.47929413661581,12.441364176665068
55000.0,gromacs_replicate_1,72.63978,5.646422763801008,5.7633965193244,16.428368,5.622279731436233,5.489709638518147,6.1714554,83.87810955379325,81.28478458603334,75.76158807136977,80.92184231584488,87.02175667164688,78.46533160406732,61.65336768385176,62.94445865349474,74.27418043034068,85.20358397930073,83.93844932775555,71.70545413390296,7.289153413584383,4.301647295409136,6.47571145674217,6.5533393047139405,7.3489302548449675,6.441192370752436,6.330730816564507,6.816137825897839,10.452478106852796,8.837069354352003,10.465243250816037,12.486551552290534
55100.0,gromacs_replicate_1,82.988686,6.801897671348121,6.9019190076562,48.315826,5.682468188626883,5.75352420959106,5.057747,82.57353806435317,88.76461464196387,83.55613781476866,84.52309240448193,88.7657880518549,82.3168854145493,64.86621905333391,70.37795362420455,82.90847491538256,87.82511338306738,89.05537783258968,73.50068464969651,6.84870536332845,4.403271770821544,6.6517707470900875,6.991366524504236,7.3369832067782115,6.145547220939682,5.427089880156967,6.387926542929438,10.923530139932268,8.727691291872056,10.771723601158293,12.137315385752588
55200.0,gromacs_replicate_1,67.72683,7.3670707916881835,7.260933790283175,35.484596,5.331112929949856,5.38561929534786,2.1944885,88.65944715214712,83.10150901025848,76.48144672324753,78.09220174639137,83.90633259660983,89.02384124631674,69.93861202355407,70.98780338403058,82.29904794025819,85.39249490753195,83.45836724235039,82.77139977379221,7.154811622169793,4.621437803408017,6.650972534700928,6.6832121131646565,7.1752864010504585,6.060860077367224,5.177902127099034,6.256633573211847,11.468892831962178,9.222029406117459,11.368080024854077,12.996771595510383
55300.0,gromacs_replicate_1,88.38324,6.984104258044331,7.245367189534623,56.663834,5.355483361793212,5.40297090720132,6.5589676,77.05044813684319,85.34723959320539,89.53955122987188,88.58067236149459,82.857850593937,76.12051868068377,61.784523712099215,66.78510350459437,79.02401381803949,89.94332394917316,88.23227386586296,72.44956943251957,7.144039519568077,4.463016636642185,6.919014940230075,6.868222162722293,7.0097791664098805,6.095074332950006,5.6799442334439965,6.799787149965721,11.254702659307704,8.72639873935283,10.732325905244494,12.50482740701514
55400.0,gromacs_replicate_1,84.90463,6.323183536556515,6.562713196468916,40.745728,5.274273355217626,5.337547056989199,0.7921295,78.49298114556451,89.74875352081753,86.164730670292,89.77722606013899,81.43145826339752,73.66915229648718,65.74521353749071,70.64081446695059,83.03198440720917,86.37525144977467,88.14775267845444,76.10166580815793,7.205314109660758,4.456544229916918,6.4930639598362845,6.708317340201848,7.181400230138199,6.077982627423106,5.86952182054412,6.506074316392202,10.617144868783402,8.767082381867482,10.641654732191796,12.095141121824575
55500.0,gromacs_replicate_1,76.01261,6.646635338644828,6.684896295197636,1.5075226,5.189197967914269,5.340485136795933,2.2409973,85.69147556383199,72.43134652070357,67.85186838049995,74.44470943339063,84.96018533332999,88.60964438984726,71.30956658540367,72.51080858297556,85.80742398587567,81.32324983082559,82.62567021133391,83.34585671254551,7.303164510647023,4.8446580701773625,6.523816584832154,7.139710042232329,7.5369520488948964,6.393623085990054,6.25576216323322,6.48268998710593,10.307373132533552,8.948414376136409,10.469460787647627,12.379872798697512
55600.0,gromacs_replicate_1,73.61466,6.378061809711741,6.217810523095383,32.819504,5.2954265297047645,5.280470965695962,0.4588852,86.22898394741117,75.33818593655636,72.35275781241053,76.6929169444623,85.17861522576368,89.17126983688345,61.34889284832002,65.94447843882723,78.54107969078005,88.8904382151942,86.92761920093412,71.34814248603955,6.907220781595254,4.3808266604148836,6.156868634448826,7.199474206887547,7.291188199121166,6.503040183139748,5.938324697829576,7.004391970092147,10.25337380616987,8.860417436797913,10.443897954228483,11.965591672839315
55700.0,gromacs_replicate_1,67.887474,5.738273490235347,5.81463936785033,5.4008408,5.276011647258035,4.996927394457555,2.2558289,88.77473956936214,74.66311624531203,70.37732836194748,77.85109981369297,89.59905276195285,82.78789784927812,50.33828373464411,50.62185298428484,61.06171743325866,72.64221652104906,73.72157830285802,61.93555713005736,7.7003723525284755,5.216095534257254,6.717041432281431,6.848166772477148,7.078436577461433,6.047775978039141,6.067829957081221,6.667293214084619,10.485775863935988,8.413441661556647,10.199144896886796,12.66748419350917
55800.0,gromacs_replicate_1,71.98299,5.833522203813997,6.004691831335511,17.198471,5.192615763199012,5.182051720274884,3.107933,77.67977385133466,87.47744697026314,85.07145592869101,87.12009670250627,75.6655939519784,69.75830302152426,58.85040254230465,62.018655168955554,75.73121066271547,86.91198937575784,85.48017758474455,70.19330245350915,7.62956998602846,5.0822124369785895,6.515326105264074,7.138855524651748,7.2996358885744534,6.016818055754394,5.464512941295258,6.682507600363195,10.273958352454523,8.757863236726333,10.676874448557909,12.727690786701865
55900.0,gromacs_replicate_1,74.95232,6.0133292042258875,5.951079870222794,35.168427,5.362185185919517,5.26683444169463,2.1565857,85.54301329830719,85.25963136404513,76.38897752673772,75.13997054498115,82.67678853916688,88.2997823435082,60.25469072186047,61.129398225891876,72.35384793041906,84.22865039300075,85.33566814203144,72.47312238974578,7.07922130935499,4.516232047786148,6.720426091065777,7.0734213886794794,7.211520367597147,6.400446906375981,6.359801913794038,7.05737410322649,10.450922537652648,8.722050848621082,10.428805296460622,12.254677677149314
56000.0,gromacs_replicate_1,70.280876,6.233306686739186,6.306747529491772,13.781853,5.233893302069324,5.403916694155537,15.954994,86.79410728412815,79.73916036079393,73.80536910442578,79.46663477471729,89.66891633055566,81.83926369424013,77.97351699653275,81.1145914489498,86.29311112728088,74.85789034814083,78.11660073956139,87.31736480391203,7.8171503341871444,5.16363720351761,6.880509561485404,7.20054275136865,7.004703128976449,5.781934657593946,5.642011004154429,6.41767669125072,10.243504655605221,8.98286563406272,10.536293268700858,12.08566744233553
56100.0,gromacs_replicate_1,71.97232,6.38547881604091,6.470133083338894,34.559708,5.152124492833712,5.290085713537385,20.31974,85.89657894702306,83.0701717166161,79.79757846192045,85.09952019185059,85.7552015246502,80.369239605434,76.0084285646922,79.20172522884042,88.95958745487148,77.69816278051965,77.00488596084126,86.14003806001415,7.6990864680602,4.964433089362333,6.660335782459781,6.978010746310487,7.098904571299876,6.430250702290115,5.801155704934052,6.456685099847397,10.465378703198647,8.575290221577037,10.42798152719963,12.157521456948283
56200.0,gromacs_replicate_1,64.26707,5.738055936296977,5.545440637273499,13.322357,5.124067141009299,5.1153211188574845,16.408005,82.51465945874659,69.34736683386014,62.740008489399756,67.47096241221897,78.73955438185743,86.93989991494426,67.92724398472919,72.80490666137163,84.7369976283273,84.79461110393744,89.07586498160629,75.49682850055807,7.647915114409195,4.886505831501361,6.994751435474928,7.476348088475247,6.992745568829475,5.944015114625764,5.535074956868171,7.271411117610966,9.995454107505978,8.218486932616775,9.845445070062402,12.071485711236374
56300.0,gromacs_replicate_1,77.378044,6.0139665710502035,5.991409055955117,10.816566,5.192690854887354,5.229609740559965,7.356003,84.63770374360246,70.78023406476554,67.73683753120223,75.65332064325554,86.72286698519247,87.40379867562424,58.80677664869299,61.67156170846107,74.57799219612852,85.41797763440964,84.40453487084551,70.1066200143955,7.547877318991029,4.854860392842328,7.166835534387147,7.300456092040847,6.9961552324363705,5.941164616641679,5.882371869980631,6.9845934864437575,10.263977750509696,8.422036758041063,9.899470981246928,12.308403937897491
56400.0,gromacs_replicate_1,72.69222,6.283573902811266,6.4529568857528155,27.179115,5.38220861059895,5.332628573525304,12.678696,81.6085022422235,85.51511710519267,81.11366205262146,86.6242991252418,83.02141668149677,75.65427665668888,66.96453037929955,69.18365091265217,80.16746082338788,88.63767145308208,88.84144397216843,77.5002561156198,7.572344715850199,5.256697589315495,6.734840941614247,7.1673043837107135,7.334286020793957,5.9821984362328715,5.526365540777061,6.186105818887075,10.659689353532125,8.836897128341556,10.399281896340682,12.01143712965772
56500.0,gromacs_replicate_1,83.94244,6.26401704208413,6.509243118746305,34.90496,5.074621672821653,5.224250294681372,1.6527328,76.49060480904382,88.83721690107704,87.80789261015666,87.05201795691805,77.03083726311304,70.011828589224,68.61976018250002,73.92290981510843,88.42762598413361,80.87110137109278,85.63021795446599,77.87706028090751,7.25209655599194,4.371561172333116,6.40557344720827,6.842876838097627,7.236206698924072,6.447129316018064,5.86060225073734,7.000893604268122,10.434841903610753,9.056831030900108,10.241579746062216,12.469181682841898
56600.0,gromacs_replicate_1,77.450905,6.367539476019732,6.645893567816088,45.474045,5.640726032562,5.526952136482351,3.6422348,74.73184619452206,86.49867648237623,88.16413545161028,88.30936799100387,81.00691645847347,72.86217863434601,57.30154848850702,60.744959535862925,72.81389215529899,82.92085643289346,81.80375012937955,67.59299199913379,7.251278161123461,4.448125132761426,6.793890211746053,6.769469207288909,7.099150906747831,5.986562974870346,5.256292660417416,6.774682499159333,10.992008776745843,8.74673978800099,10.785683454107469,12.614256728934954
56700.0,gromacs_replicate_1,76.27858,6.085635946265831,6.257653497518398,19.173477,5.298839134258561,5.304366546524439,8.779121,81.35052184463487,85.28322976072425,82.19063377344915,88.83857027768005,79.87784057639388,73.74401423740991,66.21769372905798,69.66076329102206,82.19146785693384,87.42235877105523,88.98593573883458,76.17819027670546,7.549381841799569,5.044235635534105,6.2501072426624,7.014070839034771,7.4882539827655865,5.994929621834398,5.337453076425698,6.59023760092914,10.61017419196641,8.758185930490674,10.544131678032894,11.913451594068034
56800.0,gromacs_replicate_1,68.84264,6.171956836929207,6.100248313663388,24.38739,5.383585582535447,5.37343396046692,8.896843,89.51785138444137,77.67494852699468,71.99756814979591,76.93378679699182,86.99450795201547,85.43167697366508,66.41144438706466,69.67566923281049,82.1624097791212,87.63853135416392,89.87676479165944,75.42432958885749,7.390487241799179,4.28052563691666,6.355937717087012,6.502543887506055,7.644527641476089,6.4059373095383405,6.183418379399589,6.470990395881941,10.812152501510429,9.02116481769915,11.007048402111089,12.900403854728346
56900.0,gromacs_replicate_1,69.232735,5.993406063017481,5.9720358104832005,25.515549,5.261110318068905,5.211572070607215,14.0205765,87.56764041835406,80.26712650275324,74.0972995847802,76.57911673226366,86.64601825496936,84.7377598268624,66.14419637275822,70.68961391760477,82.58091734002744,86.92009446188318,89.85401817217665,74.90663177202246,7.307619538135953,4.662522583452815,6.696565831353339,7.142968605386133,7.231812514237041,6.280912309803075,5.7361841644751035,6.56337253402519,10.281244717142204,8.284378337841554,10.224354436690492,12.533664652912327
57000.0,gromacs_replicate_1,66.61268,5.566768282124175,5.736387661832839,14.450203,5.3967923281350965,5.532319089936225,24.27211,81.13538957371274,84.51807005726954,78.733769258963,85.80579973665455,81.49127257993021,74.02338511804511,77.02971143933745,80.52195331631735,88.9652531176099,77.74758713386495,79.73536727969783,85.99460170119434,8.057589695578832,5.732842060054891,7.56965310759712,7.773625070020883,7.258747983174361,5.712208028306579,5.317342495094304,6.369810222296594,10.260202936205296,8.48171563988272,10.02216252808406,12.12383839595578
57100.0,gromacs_replicate_1,78.508514,6.21481476688108,6.282301313781829,14.646271,5.104463713131602,5.134180026435391,8.206413,87.36936409753343,78.96762036107093,73.64312531520474,79.94600458490251,89.31340029495341,82.20486010145981,56.523723220945925,58.99559942695377,72.18395870841682,84.76057359866627,82.77544803204374,68.65607205296307,7.132564253322353,4.526350324888556,6.474490851809682,6.839583817966381,7.296811305202249,6.15493739945528,6.2419902023165825,6.641109367474465,10.25068643231754,9.244435463133161,10.384363233395579,12.354766649425857
57200.0,gromacs_replicate_1,69.92516,6.177932392794554,6.219831739992155,12.850967,5.065603573114881,4.974915126478557,7.063202,89.94044120566231,76.30372942440187,72.91479814196704,78.72036667973579,89.67025281706981,83.60297443813137,60.955296753646046,63.50284781047386,76.36357814265352,88.36319839560538,85.7413069482868,71.71511649296596,7.064006425020726,4.35149464857582,6.2250485010095415,6.963056727779218,7.513730857314088,6.547017278990932,6.000791246099299,6.937610625011093,10.324856629474803,8.62894949308507,9.955991672159055,12.037007900500072
57300.0,gromacs_replicate_1,75.62099,6.066428225330825,6.017731978557799,18.409912,5.399238631419177,5.3474109280180855,1.48909,86.07552878392936,73.09016570325839,71.62506049394844,79.28192303054486,89.61430003288899,85.5428820329434,59.347234256045304,62.33331256089627,74.8291103660727,85.33613101932805,83.25252399211935,69.69562513164924,7.2597705611624725,4.77453619103814,6.48743450631976,6.977053955646182,6.883616710642011,6.292440673969019,5.995887473486281,7.309033896746252,10.40599772765922,8.902057330935326,9.89577044987934,12.421425726755798
57400.0,gromacs_replicate_1,71.41714,5.803463475153782,5.829962945151063,30.932175,5.344999953326737,5.373057865268604,13.70372,88.4285065931681,79.98400818381744,76.14801464312498,81.31779441920406,88.02993918135128,80.99910379757333,68.70907130041822,74.01536700377135,85.49167577999961,84.52466858353348,87.6013366843624,76.64367351862674,7.728990415909299,5.108980556726656,6.984908562624493,7.16780427371493,6.963799825835366,6.228120023641837,5.481556634872048,6.554774958353159,10.308006060952058,8.419096968904197,9.868365711949025,12.104533540810996
57500.0,gromacs_replicate_1,72.989784,6.547073753122893,6.241385204046068,18.615372,5.67396448499213,5.794639736600592,14.410812,79.85990092732007,68.62388067587938,64.5887048952619,67.94458277354447,77.67474654221495,84.15041469328867,74.42652007503045,78.84408870926522,89.2647470560056,79.57667247968162,82.03198894305434,83.23023525466549,7.199929665147586,4.658514676992431,6.680904272126515,7.199725645189067,6.603902873680196,5.817356532425869,5.53683295549097,6.891227418683557,10.517777782786661,8.895979191696306,10.354915512608509,12.430363963569848
57600.0,gromacs_replicate_1,75.132256,6.3365064778853775,6.381450456282755,12.5017395,5.109012795486337,5.162964209093901,1.7556458,89.35720223928251,76.53085837402301,73.46379209297561,80.67530489338618,88.7087192511134,82.70053334858326,62.41649154496064,66.16174092895454,79.5126310597048,89.39398881926547,88.00209329851072,72.885639474497,7.182648875766091,4.589670637381906,6.589864338169583,6.887270671531151,7.034749529642688,6.335097021023939,5.491249495150923,6.663179254058734,10.167084984597437,8.665830801626583,10.186127103860027,12.221750845288884
57700.0,gromacs_replicate_1,67.23231,5.871440707510245,6.03750103510203,7.9064484,5.539923402356692,5.480562488266476,6.0354156,88.01956743671373,73.51144863461754,68.86511873235246,78.06134980191287,89.83283445030818,84.00578181925427,62.93877046245339,64.75548948643713,76.05921531359459,87.76412167479529,84.99888664483636,73.0394044603245,6.9972670724199,4.507862765914609,6.2700698326525215,6.2538028825946,7.406712187226014,6.39648222865736,6.585713849674835,6.948993578780109,9.979839552702227,9.443604064105235,9.773171103017765,11.774902437750425
57800.0,gromacs_replicate_1,63.126553,5.87438167977633,5.886494481748731,13.779594,5.410145424227158,5.5812456986441035,14.734909,89.39759264512712,75.91657359938826,70.68339178070984,76.2434250712775,87.49489757012749,84.34618278545682,76.42276475841058,82.28224414331746,85.06959951647887,75.11919088549499,79.93158020602743,85.012659622504,7.707958597681835,4.968133712596282,6.982438569099683,7.078103290473667,7.073304921142009,5.825638676549954,5.4613075898148145,6.572398125929908,10.265470933231208,8.55884083051949,9.872139546105394,12.465870994374828
57900.0,gromacs_replicate_1,69.60061,5.82286904966147,5.854656003209023,22.785255,5.343212748354701,5.405867670904437,15.722664,88.18623590770943,76.01999202216332,75.77458859220367,83.9255573662755,85.18650749593235,81.46804386617532,72.25925609896134,76.86986434819036,89.65226094425206,80.84294919371399,85.26807747714622,79.31829428780891,7.415306013627536,4.947109345738585,6.68266668855473,6.900468460404703,7.445559896186303,6.111018337767635,5.6281842823955115,6.9525981900097165,10.10426054988376,8.707005626095993,9.897099725009033,12.618565125353204
58000.0,gromacs_replicate_1,73.0838,5.9828807767066525,5.976289254182903,36.500286,5.486297749756169,5.49496522264553,5.8198547,86.49945926243831,82.27885583490131,76.49573397233755,80.15484850642206,89.1116535907376,83.03474678370388,65.99331048294734,71.4275533728185,83.71734645966846,86.8225622932792,88.99561839115194,73.017098602661,7.486987253971216,5.002732480186978,6.946874332452151,7.170066331818269,7.367133063833872,6.186068166742917,5.52853459121583,6.844003579116036,10.543830259317057,8.763312115271598,9.960238026623152,12.445365721614786
58100.0,gromacs_replicate_1,77.312386,6.4572568577680505,6.45180405790589,15.300957,5.156781947980258,5.233401512052475,0.31713867,87.87252801038812,75.92075493042508,72.22815156412616,78.74270420681862,88.90994782949319,85.09522086485079,64.36479746228139,68.68804204385206,82.46706798660341,86.69289223611234,89.71755838700058,74.76890340838884,7.339546204974394,4.775500096158984,6.754216468647669,6.89658124754412,7.088440306796423,5.90466232981448,5.51136380711602,6.227154664257736,10.440418357085388,9.077231305918422,10.439149126646218,12.462922196726014
58200.0,gromacs_replicate_1,73.7444,6.205299192843878,6.067968267747929,32.48632,5.488554069109349,5.5849994670217225,0.94888306,89.45831091164168,78.90406597733374,72.99101770776146,74.91744266419519,83.05260727809267,88.40265406189701,66.82138338452594,73.57985996724341,86.34326569354316,84.07552209844741,88.57370036190395,75.49770495561789,7.575181408363929,4.9376223584491745,6.88318307129151,7.17195325663665,7.0391132969870895,6.093781623445816,5.241264652546073,6.775570880090295,10.642703297363509,9.018578654360669,10.712926945410953,12.374864968044612
58300.0,gromacs_replicate_1,78.86378,6.04252532183599,6.101059614670826,11.405556,4.9710374218470355,5.110603749255016,0.3225479,89.95979417986312,76.61289340690085,73.81136656036047,81.73425817575068,87.29090286795523,82.13586003302636,67.50783997793,72.17468247144146,86.75873007952944,81.97317684931619,86.21054492716523,78.21085148538465,7.052255402139085,4.685591450056565,6.219632660014591,6.9419376082711475,7.460082810801131,6.398162734673994,6.009786896030938,6.679108372074158,9.867258035508737,9.254957723413641,10.093105906320442,11.846739100083179
58400.0,gromacs_replicate_1,74.09555,6.0314368309919955,6.265314317187501,28.870613,5.3129085360846116,5.324794356377858,8.291595,77.90201211076035,89.47202607922746,85.93025951967216,87.01324418030296,76.61022186504681,70.67728586023446,66.2232275862619,70.75002892422002,83.17477812952507,85.3842243780595,88.6259258503589,76.15343030258848,7.140701331887016,4.620910505522099,6.59558817399703,6.967635504421576,7.538616471276174,6.13543836917553,5.854271024644518,6.759376736273333,10.266304475300812,9.186171817465189,9.852277977301839,12.066504761565703
58500.0,gromacs_replicate_1,84.242065,6.4535045925916785,6.395619577454207,16.961754,5.029697551395393,5.16893035016186,0.41488647,86.31012145667945,74.11533766672645,70.49231346373509,76.3116375447496,86.63717340369092,87.3057488025505,67.77927330596619,74.00907225228157,88.08703063823165,82.12391882918598,86.55500366842237,77.14882911638684,7.065090484535511,4.607845175406846,6.693652767462413,7.251545880891071,7.164212920555675,6.112886684023954,5.1278105666351745,6.832224788043056,10.320252904954813,8.78746740231261,10.515968102521983,12.390611156723638
58600.0,gromacs_replicate_1,80.42034,5.98854878726956,6.105929487848849,8.224106,4.929522976945359,5.121369734860023,11.281288,87.2751736743409,78.85746015368146,75.05837675107203,83.531166382298,84.90304458446576,78.97683089099442,76.41637547216308,80.67033530922184,84.96933403407284,73.7240883021602,77.71374623296481,85.99433911014927,7.349544117279264,4.8518317950251895,6.476186993740748,6.957559512853493,7.635009394182112,6.132373625392318,5.550314538958511,6.544894096546477,10.17812713637476,9.082351931151681,9.62552340762161,11.913191380338649
58700.0,gromacs_replicate_1,62.97381,5.893136420089674,5.677270722144831,7.2073517,5.373009384265679,5.241259801475197,8.808624,78.01531477210968,65.63245339459593,59.09042087336011,63.23600222222021,74.79257658513089,82.46939187748947,61.363202502717435,64.61828278197922,77.08224830941708,87.56330892466211,85.0633765148271,70.74213975988471,7.702660473135529,4.919565397851394,7.180844843110334,7.195208496898254,6.974827153722462,5.947220896637668,5.461129728340397,6.902360943512682,10.18926554653723,8.235409779514242,10.133888513713774,12.420362656487232
58800.0,gromacs_replicate_1,79.15381,6.103041674044686,5.9210449497829645,5.479759,5.299929959985093,5.34297029306746,5.102516,77.558921225171,64.08391111617689,58.848210233038465,65.86721865909543,76.50757108835896,83.10341817005445,67.0327803132416,69.3327706276762,81.4349774424744,86.33482998194525,88.1123932226971,77.71199932389645,7.0720020226517875,4.767858248907785,6.620813292261912,7.376929139511825,7.095822872059215,6.337134528313228,6.003374970984732,6.60528981511028,10.174735374979747,8.631304169898582,9.791457756595655,12.298338993776316
58900.0,gromacs_replicate_1,70.43344,5.668285935761473,5.8457173944201815,12.89669,5.124914199675137,5.166796507415302,13.575348,80.73993220588542,85.01726868126406,82.64088682713711,88.11892909350301,75.95794852284945,70.5458496507334,69.21411708594667,72.64624189236775,85.71152125603555,83.10080200802851,86.33223407540413,78.50431855575195,7.377641142439393,4.865412725757701,6.339471642428891,6.941450904082478,6.9914834540452135,6.205980857144138,5.82691300630486,7.038637596376711,10.056555347275062,9.029466420927074,9.750026401591388,12.157046462090374
59000.0,gromacs_replicate_1,63.511925,5.31440403164041,5.401424913299006,15.339722,5.9418799368266235,5.5818964934930495,12.509689,84.63913533560306,80.46512635894594,72.71336430697032,77.53488924906448,89.6648824740595,79.76037403352407,58.21259892638718,60.14585914315782,69.98818458725677,79.13074616381627,76.77712686307582,65.73493348013989,7.1141478578579616,4.974327671661039,6.8826989408943,8.084495745629214,7.119666804750783,6.56098506194459,6.513194882761302,7.498144834763258,10.358683379539622,8.703944379194061,9.07663081659266,11.66385407064161
59100.0,gromacs_replicate_1,76.186386,5.8452289756993085,5.811106778747355,10.393318,5.34983781388225,5.3433910334897075,2.1877365,82.05680379544158,69.7588842675922,69.6931947279202,79.29537782224577,89.77477807676333,87.26900093043554,59.824550700759715,66.13267443253983,79.10283291190241,88.86161410304656,83.82012556027139,67.4379752850159,7.600309415448795,5.253849995767836,6.8928670291298175,7.529736540192285,7.100243977039576,6.062696985907027,5.608466844681206,6.77933538566638,10.318590687397869,8.358930205487209,10.023982885798453,12.156423347191323
59200.0,gromacs_replicate_1,82.2467,6.122606030326379,5.985870806894081,12.953461,5.1838430732919205,5.18679425661553,3.9485474,84.43670203887048,72.0408442635951,64.95036355669642,68.16769153758223,78.6785569256597,87.4083045836921,65.35688726671421,64.4743207840275,75.60831416733357,89.01438971719473,89.06891951821083,78.8954953508855,7.64279482893266,5.28138578476047,7.365127230117865,7.6963016249687435,7.066246894175972,6.047690861103259,5.4805882305223355,6.774333770815963,10.736462691924714,8.493329485868303,9.907481298687337,12.411603453427315
59300.0,gromacs_replicate_1,77.36135,6.068589415659348,6.073906288851172,5.9211807,5.109531033647532,5.1025923203549315,0.9882965,87.18364163976061,73.0315851574207,66.55159677885982,72.25054884034463,83.56181370177598,88.59833638908273,60.117837418101594,62.01158751424456,76.09700221266083,87.54376570278875,85.09267216903481,71.59053707359763,7.156452505810332,4.8713776606480526,6.630365300788514,7.150958695398025,7.113144327653594,5.999535846685503,5.874060235070069,6.727778298590803,10.917831708821282,8.837534913020837,9.89273805265583,11.815420472157067
59400.0,gromacs_replicate_1,61.65153,5.714993544551652,5.756264201463284,16.668503,5.127211637820398,5.019134321556683,12.355637,87.67647733492387,78.19988938302559,71.7319356956886,77.28268845046345,89.30584025451404,82.46548601836506,62.3478368495691,66.77817716009189,78.71178993109189,88.1255846467084,84.84905034860617,69.74231518804844,7.706760397726825,4.991329193652991,6.623964925133637,6.821376515838768,7.704055687610479,6.37848025300579,6.067276718381792,6.462806118450104,10.210880320362577,8.467598412310492,9.999081751814797,12.415411714158124
59500.0,gromacs_replicate_1,82.88554,6.492649615382076,6.321441940334482,7.4050293,5.317634519939631,5.469423230206686,7.786354,69.6280357503514,56.12989120128893,52.97584488754166,59.67828564502538,70.23606709560708,76.34782541709055,65.76365914658251,66.76339638071413,79.83969510416097,87.58415222885637,87.85145523696907,78.78892025493144,7.179730300690536,4.531188251186671,6.630661015226491,7.241882617270495,6.865266959974183,5.9750885748459766,5.717444649989295,6.613843390838306,10.840290045808379,8.998846067497423,10.462053960414181,12.741673768813312
59600.0,gromacs_replicate_1,73.37222,6.250525168267092,6.282711806392995,3.5379028,5.129123062193006,5.25530163718603,8.44973,82.69369680790003,69.18843353727978,62.6962587540643,69.36647744862478,80.33990269401276,87.89929767175421,71.2826893191636,74.30010087915939,86.99678841471288,80.95371232103226,82.50024642399795,82.43036047493096,7.629891222436139,5.159279065674568,6.994848780072336,7.47951985067401,6.6800566764194285,5.9227236503843805,5.797668225393674,6.921899069932353,10.593156336060634,8.64288611334995,10.361314453937867,12.50665235387486
59700.0,gromacs_replicate_1,81.266975,6.085302860808815,6.218803049891207,2.610115,6.098500735738114,6.220044586693528,6.961067,89.76441503682783,75.54961468793222,71.78154592180883,79.44877139690487,89.38565866394323,83.11629360595424,66.95156439575427,70.74784809370027,83.68611491261328,87.99991626046442,87.71243673955362,75.39236317541358,7.202994499714346,4.3998261801635525,6.4575946488781515,6.731595087380479,7.4036201496985345,6.662434007509606,6.239190317314088,6.728685636189384,10.812626415579382,9.108281908437707,9.821192801182693,12.357291569855944
59800.0,gromacs_replicate_1,67.18171,5.945418367817851,5.78667540839792,3.9468918,5.130506881608967,5.053383516401395,0.24323273,74.3554304360932,60.60769714577557,52.57635148643188,58.17554195212635,69.8624535009723,78.28148473987467,56.857119235320994,60.29423274166704,73.98425461216279,85.22965291627541,80.06176813095985,66.50679773032786,7.100124337012742,4.728751120152246,6.444463697444393,7.281027053426419,7.1409533475973275,6.492677096239214,6.185986484634942,6.7772850770003545,10.357644826047295,8.720219817624422,9.799686038613281,11.817743825680356
59900.0,gromacs_replicate_1,71.39224,5.700383461066156,5.774660347119675,26.858059,5.276465264161614,5.016903038829489,6.5001297,86.09747140400076,80.83695805555723,76.16071978719154,81.70438765995056,87.73882141982544,79.39134497642152,55.35707905874294,58.97361252850505,70.78415691895044,80.99435802289278,79.55213887873344,64.12340561388555,7.666360149422388,5.417838366316866,7.075923836015415,7.5029412210365605,6.899249611215073,6.024982587894677,5.852141095619027,6.9165929413128895,10.301374711949801,8.317441579745834,9.751332493293162,11.856729087425236
60000.0,gromacs_replicate_1,64.10975,6.090156208132663,6.2096017563325985,7.6206055,5.464566647387304,5.6168574416874115,11.64576,86.50717313130325,79.68337509013749,76.24648683932931,84.21407979690916,84.44917966244563,78.5124148370822,74.71134406828888,79.70145817191688,87.46618041991137,77.34455730576393,81.7436280324649,83.78685327075249,7.665683775039874,4.856789675090415,6.720908019717062,6.773508239905449,7.193388306575591,5.882077308443454,5.730385311687982,6.63528290757584,10.348415086609887,8.8459476837171,9.919737558632608,12.252002070575848
60100.0,gromacs_replicate_1,65.63103,5.857351772817392,5.742591126055218,14.926575,5.427876698865723,5.1355653528414775,3.055725,84.62452919068869,72.01907496149335,66.57566774476611,72.26835845942168,83.47429793450449,89.09519483127603,52.81667135346433,55.956877205007096,67.11750585739412,77.99234994746321,76.06938010834969,63.572938555436274,7.719724413956331,5.297517831410215,7.188404927043211,7.218514885447131,6.924491226803585,6.2884056343506165,5.677296952758187,6.872958371391132,10.421491659831155,8.32587578350091,10.319587911239745,12.049067200231434
60200.0,gromacs_replicate_1,58.204487,5.986566379205846,5.9455067961960975,10.048782,5.457569482463523,5.296249669387291,4.1072235,85.50336150812423,72.23325409937499,67.73339754245747,73.97782644816324,85.4411421063881,87.99529924527117,57.943598502798814,61.67389202562904,73.50559005509264,83.66956358794586,81.3323951509146,67.61193236905501,7.207778189382309,4.439608481191361,6.854275056299619,6.904865427446868,6.822744091522894,6.071763675816382,5.7758673837518275,7.1874515093855855,10.49540842360447,8.591669052875798,9.973403632493099,12.409277918054356
60300.0,gromacs_replicate_1,72.04313,6.14053655353406,6.182545808155019,0.3267517,5.020379710684667,5.1831873714952525,11.051521,84.46369011230841,70.2458044554054,65.80266702217862,72.69754219214992,83.68016577368579,89.75979109963029,75.01385955919748,76.92209159397815,89.60249783264302,76.68249777324498,78.54566236721138,86.78679055841084,7.858624904158047,5.10801175990797,6.888612325690276,7.4667734077772225,7.175997659540338,5.746368112580321,5.255041812003755,6.487500621226426,9.989038515486955,8.675546307885634,9.73622094817391,12.33313063965277
60400.0,gromacs_replicate_1,74.23589,6.220712843604891,6.218877045518088,16.13208,5.095142673945067,5.018842856409493,0.05719757,89.64016494702476,76.73608873232774,71.93041117779451,77.29843679402653,87.91074688677193,84.98581528976484,58.65745659549069,60.029923242519544,72.7775833367122,85.24264631114687,84.45058383777508,70.67837758908543,7.204948050961612,4.561648303553077,6.499685059402998,6.84071686955123,7.076627747702521,6.093807711035863,5.920531057098775,6.602374485984745,10.401502145693298,8.668554569233734,9.887524354367086,12.302067663749247
60500.0,gromacs_replicate_1,66.74529,6.033912461253403,6.200753994083537,19.523018,5.265383184582604,5.194686643457585,9.143593,83.2821983822166,83.26519733201214,80.95388259083053,88.34392671984804,80.50180590652867,74.97096649819659,64.13615452948476,66.77105226439245,78.59415728146834,89.72052236951261,88.68567592020837,74.54369168919186,7.583097814643969,4.818477931208978,6.832500777855281,6.92114387545308,6.845498584189358,6.232816983563891,5.2753392154202565,6.91053788608615,10.451735256083111,8.725357564142369,10.234230760434446,12.145155010731445
60600.0,gromacs_replicate_1,84.93141,6.562610305169561,6.591910572588587,11.892723,5.290869758580362,5.411114616408681,4.7888107,89.06148758282305,76.89543823078725,73.3653429902132,80.29800806977914,89.17135550173452,84.2512507213133,64.1432726797436,69.02570053454086,82.81377425660929,86.6018404241205,89.76123254583429,75.1067312132573,6.986523459454768,4.295155019196375,6.300020345116714,6.49075854501297,7.337033783436532,6.05709868616146,5.991885889890497,6.808640203098106,10.666522250697405,8.960252087292243,10.653261674730485,12.64265541107193
60700.0,gromacs_replicate_1,69.72173,6.217169855117916,6.297270157858082,4.767639,5.184586347784071,5.245623389139906,0.16218567,89.7078103918395,76.28259267247856,71.2468992232079,77.46667220950835,88.52653023582887,84.41224084583972,64.38133996944525,66.81745233833935,79.19096433845752,88.4406997115919,89.84343547771041,76.45810323769065,7.354910286742438,4.767652998753162,6.9409009831203345,7.0423577582521535,7.717529245889623,6.029412779968459,5.557413124218977,6.285840465229976,10.687238737761104,8.840425704507373,10.071194233811259,12.457282305914678
60800.0,gromacs_replicate_1,67.21945,5.8930248486509855,5.994231371695656,6.919113,5.5449074059660335,5.347895770142126,2.478241,83.49576831747436,68.38170587676672,63.026123359008075,70.9197942754774,82.6719111660697,89.89189788790877,52.512314589651325,55.60350925476772,67.88073249828562,77.46398144698372,74.84801375798695,61.763616410115326,7.219170968921009,4.979333898080903,6.612200257649471,7.528455183833598,7.207886152863901,6.357820628442085,6.4492044224663685,7.04682673183431,10.329617796976123,8.668481875400994,9.691388738628394,11.903391842667443
60900.0,gromacs_replicate_1,70.50148,5.707229904159578,5.708937048133495,12.126244,5.700368955529969,5.710351082601479,9.226158,87.71821234957478,74.10865160524617,70.30210288683605,77.40433140160272,88.63350057338899,84.82442789820078,68.53264165180069,72.95550675614189,85.13769917780132,85.15591139060952,89.93707816254806,76.26113235802914,7.257492180674453,4.69541781758005,6.8802324818577825,6.825701459091059,7.165883250646284,6.466153964530724,5.870991598062647,7.030016276821299,11.01867080567609,8.594087869881836,10.035113631894205,11.95001919753569
61000.0,gromacs_replicate_1,74.10377,6.1614268050283245,6.1961648036161,21.451485,5.22408041507686,5.2963222464077155,11.773682,89.4340690659689,78.45688235911202,75.32780458995104,82.09603453130818,87.64509166126469,82.38756379708991,70.37550432750791,74.86501804974476,87.46866755604863,81.85333623650315,85.08713685335896,78.93122577167685,6.755438389741947,4.499902006944209,6.285015671991832,6.9499957821709994,7.402502246957773,6.498049554547924,6.316254682046443,6.880827070247946,10.219194378906757,8.794175851641242,9.801182117441318,11.682431062239326
61100.0,gromacs_replicate_1,71.92874,5.7624838620906536,5.6246796631069085,8.484322,5.515129485299743,5.5777162981217465,7.2249985,81.87343086325698,68.57565001563766,61.1794968706613,64.76149995923792,76.20208808070494,85.32516004354417,68.77302934963582,73.44475250079648,85.8366158030858,84.33317656938183,88.16375851077595,77.39929331725996,7.203679898050355,4.485084597194818,6.59268559550026,6.849989096834373,7.48181684005525,6.292282759668434,5.94355604199425,6.423817493811804,10.88431777887082,8.72875125399682,9.366854720840058,12.447896855131283
61200.0,gromacs_replicate_1,67.20903,6.467230280723656,6.42057526946892,5.957817,5.430122653399467,5.529557585565557,7.0278473,83.51583346009822,71.02520135583683,66.18306416443953,72.37386274945511,83.0474093110425,89.24889966756567,71.66028698087753,73.99156986537447,86.94958698144151,82.07968606562166,84.40933466220523,81.85815441457281,7.2863788302214045,4.627258467714983,6.988462135718681,7.140255112401275,7.050986082346808,6.083264507170124,5.892091270792863,6.9081316535185335,10.993374501340645,8.901047235433618,10.138062458080435,12.195124334224218
61300.0,gromacs_replicate_1,69.57774,6.42694589143172,6.26755577774121,6.781891,5.196205575804758,5.336598952088586,7.157837,77.90017985082211,65.94857628323027,60.69469916989523,66.45983758684055,76.97971631078661,83.61521580139218,73.46066851496803,75.78113100573087,88.51669449425827,79.94285832316464,80.12048160923648,85.34894948878481,7.5254954279152875,5.189255172004683,7.260278944899141,7.903313350399234,7.05477661991674,6.052947956988906,5.269674120769392,6.580292412451888,10.452685517185023,8.572328907273032,10.57114710925357,12.336342800975881
61400.0,gromacs_replicate_1,79.75668,6.1536688295285265,6.286640291070721,13.183487,5.930495757086375,6.0187144523363125,5.750229,83.55914456767783,82.8473387256384,80.30892777477528,87.89288942541607,81.24568961957887,75.66845312428114,64.94402031475026,69.09921948095722,81.32669035152831,88.99023817658515,88.3792842069274,75.06727119395326,6.885670977183949,4.3472185451761955,6.512485721040633,6.964231334805045,7.218996112378674,6.366818203297524,5.978691931094977,6.834595101046195,10.892576320038033,9.115631248076049,10.281784220693211,12.235965208216983
61500.0,gromacs_replicate_1,72.81529,6.101484836656223,6.09566825973219,0.62625885,5.306068031439242,5.478688864209797,8.285927,83.01996523737189,69.1093996699437,63.88717255777719,69.95310422070817,81.37122366263148,88.58245198044041,74.30513573905375,79.08468280467207,87.30608001459244,76.76529356696071,80.85062691363291,84.25315867560738,7.570502969992974,5.107375532852671,6.949031796832152,7.629184825660249,7.005447091010335,5.900649027358064,5.419239948211397,6.602752028381858,10.629169755578584,8.836554869907495,10.046839545762626,11.879685663907939
61600.0,gromacs_replicate_1,77.9926,6.003800633080478,5.92020735302583,20.88086,5.268232740507457,5.327810111541735,4.183403,85.69205838599115,73.95867467667848,70.24313685329258,76.08537743068779,87.15339509182094,86.68857720123007,66.42844146216542,72.74810381320425,85.44908207273637,85.22915276583217,89.31550331060757,74.16068499027466,7.34444519716283,4.814665500715728,6.720502834451891,7.130650458184268,6.883357052051847,6.245462991042133,5.847791777382455,6.454611355029029,10.552030889941054,8.439553861807621,9.899485697317537,11.744776612170295
61700.0,gromacs_replicate_1,66.43673,6.1476514683178625,6.181926209595696,15.476379,5.286901667169145,5.099579287694351,5.0676956,89.38646635083445,77.32001911490944,73.13612201902485,80.2003110978582,89.05769698517464,82.64426222374287,59.671155562274805,59.57080225749412,69.90272014468032,82.22081721001159,84.02195834558626,71.61974122662033,7.558680134024733,5.1283554961946365,6.535306854988524,7.375845228702315,7.06683073775676,6.133952264058079,5.536980281374496,6.56057970542456,10.25369737193699,8.342823300619033,10.130815438178885,12.144666825144016
61800.0,gromacs_replicate_1,62.605457,6.184672636784627,6.12682774546427,13.30307,5.394425188921784,5.503898170970415,11.5233,85.9382441875238,73.70844322384079,67.99619705286226,73.14029281000487,84.35841958974814,88.65928308589908,72.68488405499352,75.34929041814165,86.96872191956442,81.16505216733891,81.56140415148363,85.08460833305082,7.604523749281747,4.822379693181841,7.006755322803084,7.5216932209147735,6.946396298727369,6.119571327553863,5.593226282610747,6.503472818324142,10.861825416891667,8.12888763285039,10.391147013648355,12.643530369105275
61900.0,gromacs_replicate_1,74.21997,6.087290058944993,6.181541297535735,13.827751,5.229639141570955,5.268567730330587,2.3245392,87.70615720124464,79.10219534559037,75.91908523967498,82.90941806019178,85.63616954610852,80.00187345617164,63.90490338896001,68.01050689702366,81.06130143113793,87.7280510787171,89.25688535695942,74.5905772911785,7.312007930424018,4.3397377410979106,6.544032241455721,6.3554638812309445,7.340235970373448,6.31862146902938,5.883856324704841,6.605357604440954,10.594815432731274,8.635710023105604,10.521242303758788,12.067333794607316
62000.0,gromacs_replicate_1,75.98188,6.403434283532426,6.505657224447768,6.7751465,5.0693016491669685,5.173668960050148,8.919212,88.27694616941852,78.78450814719986,75.71863491926425,83.12301942775265,86.55830094797298,80.57164709227058,60.48321025375838,61.186835757548714,74.95947250437854,87.90556210061929,87.55841976236525,74.0115382815402,7.445833530134051,4.866157119138615,6.503398363241235,6.619745221382353,7.069820026160377,5.90720544732112,5.621432757836416,6.387527877621663,10.38598392342713,8.941063771710214,10.72461338168457,12.06356891538669
62100.0,gromacs_replicate_1,83.34815,6.606445316367945,6.511708314117513,27.043724,5.504648016075163,5.6577902821688255,0.90065765,85.89357864592206,74.87935880510307,73.11055476426927,79.03539144265538,88.5989924759383,87.05794529963057,73.36518600316276,79.54995441107,87.60341822748747,78.10678550598121,81.82580917323621,83.22628797314376,7.228584175270018,4.78178815599124,6.794702068001648,7.486578619665306,7.024788952484669,6.168112407715201,5.510916615956537,6.611723665636251,10.427463253321331,8.557858714946226,10.381429878135375,12.691409816412047
62200.0,gromacs_replicate_1,64.19123,5.926142165695946,6.040062478273314,4.1478424,5.175161934212655,5.163190345188309,5.2875214,88.70670415573977,76.90210540306512,73.63782691157094,82.04678739496552,86.33496301854298,80.27505450929546,63.00808594798994,66.95363171681979,79.8928628096971,88.60952214165536,87.07759505189196,73.3634291912969,7.8558806314789855,5.0702920766275215,6.645824627184557,7.3602624968461114,7.223342806601192,5.880098340638514,5.5577633746713655,6.479398823571273,10.044590757350546,8.606536939731383,10.210545606623276,12.052174132469801
62300.0,gromacs_replicate_1,72.24636,5.954974943598935,6.05502178831377,13.557411,5.087015368884753,5.090780958298456,4.895508,79.44656604386314,64.2826105085283,58.72107643004648,66.35216875917492,77.96934462627735,84.47933241673674,58.73182089797417,57.24928351565588,69.62865740593412,83.40088621368582,83.75314281727155,71.60752623273639,7.683578268241309,5.318102634672657,6.984222866700196,7.367417318241246,6.948100002247339,6.048907502752088,5.991351859448492,6.494107689789463,10.651332064561254,8.834702710121686,10.351737074762905,12.030254137871477
62400.0,gromacs_replicate_1,76.54274,6.450026778909035,6.377386462084995,8.524178,5.279604657718783,5.467855807441899,10.377167,74.5356936267083,61.808178013878255,55.64814258123994,61.582422161900254,72.49470437934406,79.36203638746827,76.80040706269968,81.52540245477887,84.68109660811814,73.78091075385889,78.71476959895011,86.82415523046132,7.115927982436576,4.701006527111012,6.692242095203416,6.900736612481097,6.961157262163849,6.169385542598624,6.267559876212246,6.827278807118112,10.370264481317003,9.212472417862918,10.323354502886932,12.503962188390792
62500.0,gromacs_replicate_1,71.74006,6.32122247021756,6.045183925180679,20.912186,5.35855515460781,5.480260801454763,14.176262,81.39123123886031,70.46031586543724,65.80489177135874,70.20740852633362,80.19189329846844,86.25513402430396,75.24507773506771,80.50933072441796,86.90019489499049,77.63292582775323,81.3088820035497,82.43134711304812,7.5251552839600455,4.805144981570925,6.228156388937486,6.577667786261178,7.351362961813438,6.551500707905632,6.0002433625698135,6.2726828239264965,10.327687721904384,8.842701979493135,10.006310700258783,11.9694340950369
62600.0,gromacs_replicate_1,68.70359,6.013104678937701,5.933938006581707,6.3567047,5.172035431487713,5.098169984926152,2.1882248,75.98782969135712,61.715069466908744,55.09834528312702,61.25662474823954,72.84943060737824,80.66312890893099,59.20187282551595,61.905506632191646,74.82574082755882,85.93450847837644,83.86249899935468,69.51786418980225,7.664261250281267,5.226347153914908,7.0911227874695735,7.3666971147428635,6.943371280020271,5.7597823345080075,5.553206759733746,6.5457282678346775,10.288003917298454,8.7479911764613,9.682764343593679,11.948333207718333
62700.0,gromacs_replicate_1,73.015816,6.237078135311474,6.280785377278394,6.696228,5.144664579554642,4.895332156576679,12.598396,87.64586943494383,73.72348518004195,70.00538404936209,76.66632953563509,88.01228604299361,85.82680082091865,44.81418068804421,43.27112972338609,55.06294238784343,68.01681472346806,69.67655035572875,57.97963573612863,7.498526225975544,5.135910469491629,7.056974796489391,7.60703775713726,6.913308698036284,6.079365053053289,5.784716756295243,7.038982055365783,10.462164404404747,8.651802685567036,10.468559658447715,12.407213778731
62800.0,gromacs_replicate_1,76.77684,5.936620336586525,6.011066734852947,2.7685928,5.2354342006094985,5.193193202302339,4.606491,83.2761529302175,68.98208113472434,64.46365234308645,71.78907726869404,83.67543494656196,89.43580606172458,62.22544745948646,64.01549050431096,76.09666227561813,88.39549014071446,87.41260174936765,73.40152445396716,7.673895972300828,5.032171333665172,6.893896736251645,7.511098793281709,6.87212257691444,5.940301131342579,5.657788223709532,6.713185784871577,10.637542141756903,8.76316594919116,10.1847907931489,12.524516987404157
62900.0,gromacs_replicate_1,72.5276,6.335630321195055,6.442560137380669,1.6678009,4.886263221326889,5.000455700203288,8.61042,89.36955313609933,76.56690697574756,74.95065168842838,83.25408752592966,85.91797242480399,81.67401310241435,70.1088887064061,70.40702284507074,82.7769484972802,82.6028847830749,82.70055208785155,83.87658003367807,7.333434203754771,5.387850979102935,7.248700578470436,7.509899721400976,7.010927845359333,6.023712062041932,5.314475455200458,6.2497604208636615,10.205017471973004,8.574395219174239,10.492831480982261,12.264321076337858
63000.0,gromacs_replicate_1,76.7416,5.98195478221192,6.119774093614016,0.44039154,5.497460171699889,5.526296132038351,1.8246918,86.72978200288728,78.947608221927,76.36575149197112,84.86727020195667,83.25535001877444,77.94634147193797,64.6343143791842,67.5012725895081,80.28266930051704,88.75695974984878,87.76151699664096,74.15554632990926,7.340574821977907,4.668810839174858,6.864188672964973,7.255305540886374,6.686965737174847,6.016870184535523,6.069671320369265,6.5997009762849865,10.426795499742168,9.31378196130619,9.861833763407542,12.095764995796552
63100.0,gromacs_replicate_1,89.97407,6.090675641319726,6.232775167991621,17.142593,5.372319710455775,5.344578630276524,12.790916,84.26250442908172,82.56555649498527,80.27018964083635,88.79662701379515,80.17960250865323,75.4443913301331,52.67214975059517,53.75851344457536,65.86428248060429,77.9536502387802,77.4427222851123,64.20038432415491,6.668989645125573,4.370998733247059,6.07777185026533,6.980216027392782,7.4648091962661836,6.512734882113343,6.330760334752431,6.747967941114226,10.188028274126061,9.375659947015187,9.804441177084643,11.779348942812403
63200.0,gromacs_replicate_1,67.85876,6.331559578972942,6.276882615841244,7.113373,5.574027605438107,5.561768664011878,10.368423,83.77375705319827,70.91226339033008,67.32489894049034,73.39953794461155,84.43244595280581,89.46500411135561,67.04333209198363,71.13226987089631,83.92556220204067,86.71946071987267,88.18470058192027,74.4897599634685,6.9834449196727935,4.31249888687806,6.305879126562787,6.596849414794908,7.256155860143178,6.612567478816887,6.235618509229379,6.860769344196637,10.568920206565437,9.23789583497364,10.005198098258889,11.639329842633858
63300.0,gromacs_replicate_1,80.1456,5.871712752894381,5.886522977895082,5.883072,5.528735671417398,5.478350113977176,12.526733,84.909046601441,70.95808468752259,68.62354803855777,76.90565818700956,88.42092900107329,86.27119898711064,50.89402678329646,54.467106349223855,67.41638004112664,77.36183161429783,74.62535503744022,61.45528166281559,6.8491915367479015,4.302402048602611,6.298266281480137,7.092075708063871,6.99031855430863,6.605469905753412,6.529528512455646,7.131058123159598,10.30227093919161,8.864563542019326,9.736277510170703,12.028195043037025
63400.0,gromacs_replicate_1,67.15166,6.096172932780769,6.166480393502475,2.9081726,5.65609506384762,5.6599856701911655,14.134377,87.71471791482729,73.97453858901281,69.87368855857972,76.88212228679946,89.16432293910334,84.89947037470738,69.35815379885683,72.34184679678431,84.09186268887824,85.8370986889032,89.40323098074603,77.88241493781553,7.020343688883966,4.527132221711914,6.534121006833679,7.444611092477183,7.393810976659445,6.232407370795106,5.833408397932937,6.349869336989888,10.392721467849746,9.595986552553448,10.102777159015263,11.611662488720679
63500.0,gromacs_replicate_1,65.15337,5.418590472603062,5.577568917836328,18.679283,5.355170616831276,5.269201683062392,13.878983,84.37331884622309,81.43631105932886,78.3855741640537,86.5468444562473,81.20597200489028,75.42714888786738,65.14774606723829,70.42312447956468,82.59423055360747,87.6489989855468,86.50008612375156,72.3528719325189,7.637940663847721,5.111306411058128,6.913732193706548,7.695418397199177,6.9451312783633075,6.338191271517712,5.731149066176975,7.241839518480635,10.039893713842874,8.756545389921875,9.58278452323501,11.910573298971187
63600.0,gromacs_replicate_1,72.40639,5.786397703749695,5.827269027149519,16.744812,5.304496744118533,5.250930195191814,8.768501,89.4012087929091,77.37627725532037,73.42599531188857,79.88706082084934,88.76226293991759,82.16402963495793,64.35106781517817,67.67939285979435,80.35151242184563,88.96578313228551,87.71156209432885,73.85843125317469,7.812015292676346,5.279667794401428,7.230961607699743,7.865569525795149,6.992079936566175,6.13969955813516,5.578489081400064,6.809494744345429,10.733149443519489,8.641856952333976,9.763008940584992,11.851879271903561
63700.0,gromacs_replicate_1,72.73628,6.564253867492916,6.520295682512272,18.596252,4.959758714791573,5.135606795531344,11.680794,86.99419457158626,75.12448511244865,72.31451433402924,78.50806151528377,88.3659591839244,85.99696310839538,74.79646547736466,80.05570509343363,86.2144523755696,74.76599166382269,78.5923364433888,85.2473619570402,7.229994286821504,4.717830471558436,6.890775918718335,7.2345482441849684,7.083031295143966,6.262617753322997,5.5441016283305595,6.937765281595295,10.1894648533808,8.97028236452164,10.236239752441035,12.19496301393583
63800.0,gromacs_replicate_1,70.9433,5.602337118710286,5.522641874978844,6.580742,5.388179006714094,5.260556180138475,1.0197983,81.0347845317153,66.76032577447846,62.12007737355568,68.33280913583309,80.79068562216627,88.19027028861873,57.298829077333494,59.86561151845877,72.2867271822101,82.58661660524001,81.1380290967261,67.50211104883186,7.301090883286997,4.82362623711465,6.649208334057369,7.239839193757434,6.93900087241134,6.481232040459157,5.896512015117524,6.9637297512053005,10.145817052519071,8.8438978702169,9.401520807599612,12.146455917606483
63900.0,gromacs_replicate_1,77.78662,6.363374868970332,6.181644963821185,18.166351,5.361320445101472,5.216355797575646,3.9607925,82.01367002449555,70.88013162150995,66.81465006408743,72.1460684389847,82.32084318205945,88.03413824289228,52.714114651944,57.403851061261726,69.58691332654794,80.11269431209956,76.6309019822348,62.46388107357091,6.761609425785419,4.3905596926334365,6.738497555751432,7.61039344028266,6.748123371625293,6.271384582810911,6.366695768742251,7.58401127022106,10.254837139114041,8.36813138264947,10.169203273072716,12.481937237795336
64000.0,gromacs_replicate_1,72.11804,6.18261228810278,6.1098876510880835,4.051712,5.341521348136915,5.311918335028319,1.1284027,81.97343463845117,68.76772354584041,63.36169325895537,68.65333378392295,79.58844653742857,86.78902915987712,62.33650601275895,63.22288578702919,75.46733730061034,87.9357336144556,86.72062173486727,73.62464032009275,7.538263308800599,4.7324759725436545,6.524799758805333,7.643089055568853,6.996091842536092,6.076573689691779,5.760075573871505,6.650775474511908,10.91050363739162,9.035247705349285,9.948669209677938,12.606403525494212
64100.0,gromacs_replicate_1,68.5687,5.970902455546576,5.93765422194568,7.6495667,5.401900037217049,5.315435988445292,12.552582,83.89053852044397,70.21734602303704,67.00909983297596,74.86423790085279,86.12248123878457,88.44611119822058,65.64336264714983,68.18190986900926,79.47562023413444,89.66016492855027,88.49370104425736,74.47036262994841,7.584260762840535,4.748167563676618,6.862820860170067,6.881113307274623,7.129288753656926,6.3508068167144085,6.037879827305342,6.71986053335141,9.894087780402815,8.77237176697215,10.07777638132784,12.161710213171023
64200.0,gromacs_replicate_1,75.032585,6.0723744825052135,5.9792283428995185,29.895882,5.485887006613357,5.339186607210185,2.773056,88.69713192966115,77.06138378153148,73.20914903433682,77.56800276172213,87.00182190827705,85.61666094857242,57.53218501641248,62.44486793311591,74.76993917243284,84.50630935898896,80.92311808642073,65.81051754843223,6.98098141039236,4.6251955349915095,6.894894936157655,7.12837390347365,6.809294960310522,5.868960638177787,5.604690020520422,6.731446222231224,10.47117177083382,8.7005959225395,10.166309408102997,12.503193715596929
64300.0,gromacs_replicate_1,75.443985,6.045911083955045,6.076141060847243,22.244125,5.030375182341034,5.046389668109637,4.001442,89.20380026871727,77.4294542860655,75.53843730202918,83.2662029781531,86.05298369442328,81.97828459506104,63.2995764843891,68.22571369896828,81.7727731656591,87.58575519092051,88.11197423672093,72.23274780534473,7.218247591498689,4.719304668606874,6.905234967922692,6.946254380579501,7.203547541267977,6.383506108794455,5.738759640088384,6.758259631872251,10.219423245539067,8.523048481919348,10.055714143070915,12.393861642939587
64400.0,gromacs_replicate_1,71.95183,6.033209267576673,5.939041945432844,12.768723,5.655895915189039,5.66244116460993,10.236633,85.2065619270149,72.58962306689686,66.53372696436924,71.15629794029518,82.693760463568,89.67163062252308,67.59543379002129,72.01419214316861,83.53226599409726,86.60770452113262,89.94858052893336,76.42549051382612,7.006779306756907,4.704601131126971,7.2825620525069965,7.620186403287041,6.813553577337388,6.221132770009937,6.079932330394075,6.964766193897304,10.544968901815542,8.449172550543823,9.84793659525105,12.485850677200656
64500.0,gromacs_replicate_1,69.035835,6.16853808014413,6.13327421098583,6.6770554,5.20028142256217,5.149063865998235,7.313225,83.89127362885593,70.59527294397508,66.81759443673008,73.92723555921941,84.677455445031,89.08680075032723,63.31006491695202,66.1831302397247,78.10936280938856,89.81606303424012,87.94570464772634,74.18843590980714,7.46941263763265,4.796902391876782,6.797612898338046,7.493305317640183,6.920396457720053,5.948668023304993,5.906106086577285,6.589222272867845,10.825919134679781,8.474681219399653,9.97940555161798,12.507937004816098
64600.0,gromacs_replicate_1,86.871864,5.96217178188449,5.827858871511673,9.936867,5.045834714473555,5.1259940124940035,5.789749,80.69430323827902,67.12529522084344,61.85317423395999,68.51659695926031,79.41185630622827,86.50771360461631,61.04032428288689,63.72031454181729,77.90893395391089,89.25237434289144,87.0558848025399,72.50740692827456,6.382827770578059,4.146578281301826,6.3820116661379345,7.110792441511262,7.710839481321957,7.002886067763108,6.58719334067817,6.945943037245315,10.255863298193404,9.202232153493966,9.657299728594337,11.762312180838709
64700.0,gromacs_replicate_1,73.94779,6.308737060928214,6.347191601934449,14.405136,5.263387554748516,5.3121126058352335,3.28582,89.69349455251464,77.56541952585924,73.8141476953486,78.89966283997323,89.78106463235672,83.12274727297313,65.3743529241304,68.82029918422006,81.86658345224791,87.13731101459904,89.5812752735216,75.164189653244,6.9047659980528415,4.535185487829708,6.7507031270750595,7.282579674050383,6.921121485497429,6.341965625826697,6.47481650859757,7.165094964138333,10.363793899904168,9.00281927282864,10.082360974848061,11.859442511070514
64800.0,gromacs_replicate_1,75.08314,6.311018986403592,6.261455224805468,20.247421,4.979462591130208,4.980156138952777,0.8433304,87.96598442728305,75.88715190861937,71.43737444808139,77.75957528147183,87.54151192559121,86.05766416148705,62.54190850641475,63.98793802572287,76.57771921719299,89.40989225262157,89.65299680078772,75.4357401004319,7.26458752373193,4.661454126537828,6.9454810700271254,7.245469060449752,7.059384231326367,6.127324459681566,5.92166653902681,6.781493612922915,10.302817670753988,8.461180151949144,10.116049574689654,12.450255843020186
64900.0,gromacs_replicate_1,78.96662,5.856666099891527,5.853506108818968,15.959305,5.0540921371302385,5.124385388356928,4.087166,88.5380281614878,74.48311670410554,71.37690066064141,78.32794653784406,89.93887923459876,83.05611218067172,64.6001725166944,70.95927233655293,84.58138872481602,85.48277490458987,89.48094034263423,73.00124151644617,7.2036923139214215,4.9232076165995995,6.962931009274807,7.647080505938276,7.302048119043611,6.1604275021366846,5.653345082120429,6.682770872312937,10.230887479615348,8.562812930559865,9.9150974305874,12.113957673349313
65000.0,gromacs_replicate_1,80.71834,6.048938775389042,5.911488984125615,30.735275,5.456350757017628,5.208939797615545,5.721817,87.06159689854356,75.81014149646691,71.93379875548726,77.22931991464476,86.55294304538732,87.99358431542501,56.759308645070014,58.80814041320322,69.55128208660946,80.28988523859488,80.01602634322468,66.62573987702496,7.016294252489192,4.486007932577524,7.027850422401417,7.565271001816848,6.66108811357374,6.2177477500080816,6.531410653904024,7.188508531497112,10.642616778630233,7.971144533376313,9.95912510859002,12.146291188055557
65100.0,gromacs_replicate_1,72.38374,5.992802532895243,6.196268206780404,22.67363,4.885332318825975,4.9886850739068995,9.726463,77.37257624046192,88.63867272207821,83.9546014217308,89.63934857988028,77.9825222531101,70.95765686283937,69.28010069525541,72.3224584051329,85.41521972484433,81.98831187570663,83.51558529276484,81.43116376517172,7.346410127816799,4.721680258063485,6.386479880998238,7.021984594865329,7.197941733826262,6.1783075777384395,5.55809863038466,6.245118428872278,9.961471652807253,9.149663964383329,10.05964287236098,12.080819699603184
65200.0,gromacs_replicate_1,72.694695,6.25689869298221,6.179646327391778,17.080116,5.524532459797213,5.401184242676304,1.8568878,87.39055586016967,74.58770477431337,69.55972136789642,74.45891166990648,85.18201277813323,87.93776956801807,56.55531776949524,59.577588415871624,71.45605390164637,81.91450531910226,81.32836119750651,67.57188427139786,7.1086793886643695,4.953449363006199,6.8140960143322244,7.406196299602954,6.990653372446315,6.226498397892702,5.557406591998563,6.650470552005235,10.663963592961235,8.485341476761503,10.101221151858947,12.570318496011064
65300.0,gromacs_replicate_1,63.242146,6.065173815107006,5.970608129851886,4.4207916,5.401272389283972,5.223416014783183,1.9735947,74.58703973077263,60.91629285949164,57.128685946965184,64.73316983963626,76.50488047080697,81.7071961530834,57.122701881250464,58.3514987938166,69.42232343749865,80.82648818609775,80.37047186186284,67.65948068720067,7.3357700464731765,4.865962193901714,6.748887958616366,7.542164696081305,7.105697045358635,6.012871465772683,6.049898621428773,6.889321786091778,11.000130773977451,8.054620799911898,10.285374988410435,12.39237679411309
65400.0,gromacs_replicate_1,64.65495,5.828668294783312,5.897727719225278,9.744438,5.531379527891579,5.415797877438721,6.905571,78.55644132148053,64.47444189139134,59.85208746068014,68.047514295875,80.0858819579468,85.86060484542016,61.272306331332736,64.32783911732639,75.78226439380298,86.69719330213621,83.7709560339537,71.21195614426283,7.533363201103725,4.931018673155447,6.668131821673456,6.84004140660112,6.964362153710018,5.909714634028689,5.919085963174384,6.485551078024688,10.460361220271777,8.390255131966548,10.003428858716335,12.014732061865603
65500.0,gromacs_replicate_1,70.53913,5.776391915790272,5.774147492462514,5.7036133,5.3537498414753655,5.202428999059953,3.1432343,85.05653649435307,70.95124813288824,66.38334860748392,74.2625184326771,86.61179811644635,87.49104500642547,57.17132161790387,60.66295949003708,72.87020619371512,83.46623800920167,80.19356691828646,66.33328372391036,7.369716023522129,4.846084120405873,6.886419825203192,7.29432751544431,7.338388584001023,6.064040539785762,5.800841968734802,6.806357027656795,10.19448688548794,8.327935336828189,9.692553640129123,11.739913714164242
65600.0,gromacs_replicate_1,70.07824,5.729566131408951,5.794220723316552,6.7950745,5.475470238281447,5.300332677650182,9.3821335,82.73621927994323,67.8011956976118,59.9685535511835,65.18250395105487,78.1473594785737,87.0955845440703,61.78907848875826,62.33968092844469,72.76672599848686,84.37277674057958,84.14239471337577,72.36949645005264,8.030585914615122,5.471713778191671,7.090998144487522,7.627294137458078,6.703679996953847,5.946193014231458,6.040611659477967,7.290719540219342,10.253812314855974,8.11675302653658,9.8068810883352,12.320954483736221
65700.0,gromacs_replicate_1,74.69553,6.037671950597092,5.634993018646653,10.448448,5.291056491995343,5.139115246854821,4.1827393,73.12993380873668,61.01993323347083,54.669608199102015,58.446198062816066,68.42202175380042,75.69254999017285,55.57308156800391,53.46233870722885,64.50519480273397,76.83219635485146,79.74751441176139,68.13538329076097,7.308917374162857,4.783841268982773,6.803359379198919,7.5238394933163715,7.468249156591185,6.323436388533008,5.979149639660789,6.738679112628017,10.498573288849117,8.176999278021597,9.822703695556251,12.228961916929116
65800.0,gromacs_replicate_1,79.04803,6.106485216748488,6.161058210252999,13.593971,4.868249074683818,4.904513561686638,6.030121,89.55706973619485,77.72442828548738,73.96583672605053,80.32106107632183,88.46089259116789,82.18678769057976,64.00035823802367,68.10027679911103,81.3332313477165,87.04575834430025,89.1928934099832,75.0927343490004,7.845236869393068,5.30326837294191,7.255428349199272,7.800715860340199,6.858460639918138,5.72494404558857,5.431095801044179,7.0612500353076815,9.945971295661556,8.036222966208287,10.19310891423161,12.02423981008046
65900.0,gromacs_replicate_1,73.22882,5.848031388501541,6.00764256260622,14.572838,5.1817883946143715,5.272602549823659,10.56855,84.28528892709639,81.42218833660115,79.49716498654016,88.32853247265578,80.18319328118581,74.22065847494076,70.43963003356954,73.80814740270068,87.2644840223328,81.84018652218683,85.64807561826964,79.80708117137448,7.611489917742387,5.106951534506816,6.792661616291053,7.199441672279622,7.291815611792462,6.04614849598845,5.577483867520186,6.613525126241523,10.20374950782568,8.352020259081147,10.410519339550302,12.07675878449678
66000.0,gromacs_replicate_1,76.53559,7.33842017382561,7.421648438749665,24.87371,5.20323372425837,5.326969355105262,4.177887,86.09616037475499,83.43305081453424,80.26145799871202,85.01910217516695,86.15775186193036,80.4946805835663,70.45413371439996,73.91771050813398,86.91901580813102,81.8520427388379,82.60815937950089,82.52851480147177,7.342755006859168,5.147101489076326,7.140452018480509,7.414126537793302,6.8599070218075715,5.872321282481989,5.220516936388924,6.5185605056898215,10.260244831046442,8.471280209644435,11.28421810411485,12.486239775230143
66100.0,gromacs_replicate_1,73.2753,5.9086783654301565,6.062134251949244,22.100098,5.449815414235445,5.3718578707385225,15.924255,83.9276855165125,83.32457397475288,80.1410482259311,87.03959469238357,81.3819046885003,75.60756245911439,67.73215511372753,69.34729269785319,79.95927460999584,88.75122303469472,89.36993114612,77.49792306269286,7.245004465492479,4.806758451225008,6.577918624213888,7.590016833884642,7.236667966157729,6.438370805234947,5.993875249888061,6.942239031601955,10.738929735026824,8.299761739134727,10.046066922122707,12.47115215860704
66200.0,gromacs_replicate_1,71.298065,5.904325402554794,6.0281120072704555,12.459267,5.10977161253209,5.147707863337691,14.047035,73.1356871070311,87.03290151775892,89.75921575324551,81.54033236412216,69.60308083771291,64.52759870674024,68.94485684908602,71.20123021866662,83.77711117871993,84.7351996063153,86.14890028332529,79.50414670776105,7.631556356472212,4.711211752021119,6.607760793923473,6.938872618404912,7.066450215483903,6.059294048307415,5.973919521456526,6.923293816860874,9.892606001785444,8.832900175030726,10.22904302500824,12.422617581393219
66300.0,gromacs_replicate_1,76.73908,6.3533160522837635,6.435244315861672,6.3591385,5.054644596059834,5.129473963555782,8.707222,88.03555698288034,75.38076373133774,74.92029630416218,83.19318045678476,86.55407683118996,82.57006185692497,68.10175321760508,71.28748869974606,84.82812231294005,82.71127265953848,86.12203348781262,79.68033512611342,7.1979708464401435,4.735147201182784,6.651844404649599,7.314777983850991,7.030957926224626,6.009897965235454,5.540470334349416,6.613486351310496,10.532078297533266,8.486517031477659,10.430497498651198,12.375658693204672
66400.0,gromacs_replicate_1,78.65728,5.608824806605335,5.7851584082488685,13.281441,5.4947687824869265,5.413765057132349,1.3355255,81.32747973277174,83.6212651532869,81.45003261712638,89.88615939615174,77.74423807186592,72.05584163924695,58.88650604841651,62.88432562863076,75.93483247664473,85.17442200547983,81.78090666220608,68.00397834334706,7.445267875179215,5.203439366931032,6.949532133350686,7.628459464039076,7.382426592981762,6.414553802538932,6.437946432078054,7.199321228275603,10.069891868432212,8.311313435532359,9.517417073558157,11.431527324385371
66500.0,gromacs_replicate_1,84.7188,6.661295764644704,6.761750418595296,27.306679,5.219826444395719,5.364622782346312,3.1310043,84.90796901266843,83.93031093167586,79.54904159511487,86.15509436856325,84.03934900578696,78.94386457464367,74.94510517221462,79.52986150770752,87.41543113673711,76.76259853920854,78.90139699200364,84.85825544465663,7.21821092689101,4.667139797388148,6.808552873783347,6.920333153416659,7.52297481256537,6.198854957672337,5.31047395144276,5.977406218493505,10.463770937695884,8.51017284361236,10.42285849170161,12.41344162943834
66600.0,gromacs_replicate_1,73.65008,5.748357989608236,5.843923888903744,20.40026,5.120470781877059,4.98503505026516,1.8671036,85.1703189715431,80.58308925524187,76.05745622414875,82.00745925376471,86.31597988527652,79.13135111271478,57.15845609851678,59.253789203562995,71.90185890948091,83.12200759672636,81.78841750671465,67.71517292200322,7.264686096703673,5.258636049203753,6.7336487946351715,7.209630815861208,7.438916870688315,6.119047961772908,6.221718251975741,6.828306972518232,10.261383521924259,8.342825296476322,10.056607918157846,11.991040302376124
66700.0,gromacs_replicate_1,75.86717,5.975110786212633,6.080862027732505,1.4427109,5.185689089595343,5.279173111540535,5.888153,82.78572242611547,83.29277044233996,81.32696527562555,89.92611744411656,78.68184302456244,73.9536909222186,68.19817603212415,69.98932830981714,83.35136503758433,84.42007599357,87.26386268071138,79.52049072073133,6.889306642818065,4.83293198102286,6.275430982734509,7.208046385615816,7.1852216504853645,5.97924004711197,5.97758404859432,6.446947363530373,10.170670786995966,8.820928803396122,10.26701765176007,11.828012575976786
66800.0,gromacs_replicate_1,67.22888,5.932390085725778,5.89702205249998,17.768242,5.291881418945418,5.2163496555750255,12.06385,89.34476729654008,76.42020642024792,70.73038414163995,75.78692700816308,86.78416347572023,85.56896025739525,64.75190523781893,68.05707462652059,79.76163957386987,89.11816470570565,88.82819679860286,74.57553812105084,7.682951520927462,5.0826575389130495,7.094478250321739,7.555058584368486,7.192929813814279,5.9360070449642865,5.882408814480322,6.782101972913841,10.280839307882086,8.432758892733814,10.042674414633307,12.39461233946792
66900.0,gromacs_replicate_1,81.4115,6.387969666958716,6.518049821153516,1.4178085,5.110294843011769,5.11146695221975,0.48297882,84.26899113081615,82.04950782850483,77.66858553780222,84.58631302028296,84.61561246534127,77.99820877997772,62.32579546079999,61.11738466141964,72.8092067914054,86.21533490724576,87.2249641531093,75.16064620117764,7.349216754304722,5.269811732000895,6.963681682985671,7.648664504119347,7.180941034959391,6.333011180625412,6.508793562533163,6.664454429337752,10.568243243324593,8.48909475150537,10.338674263172623,12.397085285251363
67000.0,gromacs_replicate_1,70.48088,6.022508162891872,6.0953017359862365,15.9168625,5.234432636059556,4.978597141893124,0.43331146,87.53969085980502,79.39926895074032,74.14303749061558,80.25863664942368,88.59110604604913,81.34738544805337,53.37528508705615,53.5403723122572,63.72527822666034,75.7218695164863,77.49756909133515,64.81707128037979,7.68131143812695,5.0972988347347865,6.952607900054569,7.2914060595561585,7.02375993536761,5.966625899209344,5.902405709079121,6.736186304419466,10.58250376690789,8.321539225476833,10.250507157912537,12.409295907195384
67100.0,gromacs_replicate_1,81.79354,6.238827934382726,6.342038957861461,2.009529,5.412271823319641,5.356755109561991,1.0660629,85.99244340361807,72.43401481271866,71.1056215007717,79.45800926390878,89.54508983069131,85.13017429365084,58.85939432930347,60.38989654649856,72.65475575104335,84.03762439659498,83.83623550971205,71.41496403608548,7.519502890307437,5.085008671683725,6.675584461930589,7.157678851271235,6.943828958617271,6.103526712643368,6.172556217511894,6.7638098733781,11.062578684211696,8.225697643980437,10.729662526732453,13.168536935760853
67200.0,gromacs_replicate_1,69.19183,6.284681978646301,6.4121564127048085,0.85523987,5.0158480330862,5.11288180110755,2.0996017,88.81369492198556,77.84542201128981,76.12413550023902,84.4732713360579,84.51737082785044,80.35146684755375,63.90759458789374,66.44007323733625,80.40999264048544,86.85696539724887,89.94259744475627,75.47683493599867,7.5649638873762335,4.725388166051125,6.589862034580331,6.804296931202933,7.237775208171489,5.914462312899917,5.659464688465589,6.204393333713783,11.07328337802899,8.632141254908683,11.087686495358062,12.675589456966277
67300.0,gromacs_replicate_1,85.915695,6.018246799788107,5.908098780758174,7.9257736,5.103569372467584,5.007541533606711,7.614197,81.52170392830809,68.51838123166377,64.00454260960109,70.50841325557688,81.5829221465116,88.19862831573307,62.540242244295904,63.528992284870604,74.53756417297835,87.35553575877162,87.82978222151813,74.70922790284567,8.021186585276642,5.742684549652871,7.1268657436790175,7.535669589621689,6.8749448028326805,6.157382139395698,5.692795221490186,6.72823026253762,10.730891499332172,7.986812996179292,10.121691244633986,12.575851132082509
67400.0,gromacs_replicate_1,86.523575,5.883386055561279,6.070578059974968,20.2724,5.36350492978881,5.3237726686650575,1.938591,83.9106381318187,83.35490099113947,83.88607686002887,87.29169961257433,76.35071304751106,72.29142280025556,59.934503941974555,61.89880645760814,74.62345775995011,85.82261140476125,84.80756421581788,71.12727714122062,7.327212250881146,4.845523727873448,6.656471912354649,7.021129993224586,7.043230327067362,6.427275893234937,6.38536176787104,6.859507492504778,10.583689485067241,8.934530620189937,9.886577318154956,12.18037915087991
67500.0,gromacs_replicate_1,77.381546,6.236147443730844,6.124996933430542,5.7444305,5.805775777609102,5.74103762587731,9.397041,79.08327316124635,66.25104793764694,62.925626623619905,70.2987359954117,80.66913360784665,86.97054345178533,55.33935872038677,56.665070529046105,68.69205270468316,79.17743319385023,77.93256991867891,65.89283038422714,6.904433451431519,4.769071711217302,6.502229047116124,6.9315657989483785,7.2317825003546305,6.645579666299831,6.720473890984855,7.220592582482211,10.900514385117598,8.737722140806001,10.255045050398914,12.605111305351132
67600.0,gromacs_replicate_1,88.58867,6.30531598063324,6.379777567453889,10.30909,5.033324988120837,5.1335741906875505,6.3695755,88.36310393098813,77.56546506967562,72.88541846139506,79.23520656855337,89.76592865638554,82.62173782329711,62.261659355404696,62.587028714033394,75.31015847578877,89.0454388556561,88.99685322217023,75.7498290133511,7.324407672916756,4.856010047589839,6.476999247667798,6.511173738860568,7.504796736368314,6.4967390080688165,6.017865455489032,6.257978936683227,10.603483575958268,9.126563471452707,10.583285137843854,12.538693083135637
67700.0,gromacs_replicate_1,78.2697,6.338195908953409,6.327368025896983,0.43270874,5.614584399346531,5.618724079341771,1.3249054,81.5525079187918,68.4288139126948,65.09327193154186,72.56895392155869,83.0974763175967,88.45028835179535,63.241354589180496,65.11166939936706,77.10311906091775,88.04299228203982,87.57527834845139,74.56822714498776,7.586737946679385,5.17698276316444,7.033536947117105,7.568574100215293,7.4894607096358445,6.055750396904293,5.6079423876323755,6.7095660964703026,10.5434279515908,9.000644994379801,10.217518741669082,12.061067465497498
67800.0,gromacs_replicate_1,78.53808,5.891956737403218,5.850561669373163,1.1929779,5.2417820551276915,5.216083135995363,2.9486084,81.1808578477263,67.32882187947557,59.546825850278154,64.87283762725411,76.31811973666578,85.61889089343116,61.80155559650341,64.82295680984035,77.98576093264586,88.84407781116445,86.07126038449314,71.42185259824923,7.7564988860309905,5.053670284868063,6.670276428171809,7.315274316999739,6.966651861930314,6.170671566868692,5.739732909810555,7.085776762022097,10.360944615879697,8.438617627672173,9.766291098833563,12.36437698584138
67900.0,gromacs_replicate_1,72.58089,5.987489597484043,5.91949770773671,6.1782684,5.138345241368012,4.880424991119792,5.9961243,74.04320893884903,59.86338532936881,55.83805278045357,63.233699924927606,75.02863484725029,80.69736883543796,48.843865266549905,47.60230695620446,59.05969999809131,71.83784404006094,73.19299000808086,61.352711681300676,7.792283649588127,5.558738257524628,6.663600981517191,7.5840281787430985,7.236455458267437,6.004288479327643,5.888686864939156,6.869606507210445,10.598768868790918,8.257122409736391,9.913982363186742,12.454480002632149
68000.0,gromacs_replicate_1,74.605484,5.938877098704747,6.020185628856133,6.7331467,5.344473893066751,5.390010802391381,13.056938,89.76228115088743,76.43334032182956,72.33325395331237,78.97040132747217,88.87456313278621,82.8477628323984,68.75286348339021,72.36712816538211,84.56852564775632,84.80170666353096,87.22985676179721,79.55530175221249,7.571075633531088,5.44720898802726,6.786475519325195,7.700736607691808,6.738702862945566,6.198087946633963,5.854464194328116,7.1874456515432525,10.537433680180115,8.7199598080182,10.048026856887693,12.458220553157739
68100.0,gromacs_replicate_1,74.170494,5.987637996889136,6.000357470411337,19.632568,5.53454099409851,5.3766313734749085,3.6506577,89.72319241877828,76.3435660980427,73.19830817123209,80.46996165036795,88.97838104370038,82.74424781893524,55.528191844513195,56.52270667812356,68.42650977499423,79.5139481535691,78.89885208992098,66.64231474797207,7.14064616121498,4.799105395524408,7.455486572066816,7.56216702123154,7.208758718076256,6.265942670623723,5.844168592140846,7.029739765245223,10.741950991285165,8.396629333422617,9.969377100328728,12.448567646008067
68200.0,gromacs_replicate_1,80.639534,6.1248183679856725,6.301474033288393,16.030365,5.773394738277263,5.857726113158451,8.49337,87.74133382843704,74.76719532241962,74.15283138089852,83.71427345061142,85.83197808899128,82.44957178714337,62.46907030187555,61.8983029662335,73.29724241322724,85.38139165918261,85.30525839593534,74.73923646305754,7.059721803679424,4.593604535854627,6.456389374164482,7.233731607493546,7.196694844202144,6.279833549489543,6.2345087352738915,6.9186420136142415,10.870987716008527,8.971951443364057,10.554216244242362,12.574744304208496
68300.0,gromacs_replicate_1,69.182236,5.936173689420297,6.038471710265253,9.312462,5.0596042279636055,5.120304854923322,5.7430344,89.90261273316074,76.64725925965428,75.62600802672017,84.1106849943707,84.15498404061834,79.94509362087071,65.87728554229379,71.1461721612627,85.492676507031,84.35648980000232,89.37747933907126,73.6134233750468,7.593697976485487,5.061867454202049,6.592723509004353,7.316709480175055,7.147476909728678,6.379724841904003,5.756436605993046,6.941720983250407,10.14220318826114,8.731362569032042,10.222683261013296,12.153508410671137
68400.0,gromacs_replicate_1,70.58857,5.755162495577208,5.774615501943841,7.0199127,5.248470807072524,5.233059133526526,16.965485,89.44339778247652,75.0795323853994,67.34619643292908,72.71353998182069,84.66751605239708,86.42190116069588,69.45952332445701,70.70579631202503,81.78261387276005,85.76772701116293,86.24388368042547,79.9067281160619,7.494044282187371,5.12969811225192,6.725703121889391,7.497233247090893,7.240337905343004,6.123920292142066,5.823102510641571,6.5442779578086645,10.206637512599313,8.977679274160709,9.36331485982333,12.338698464639316
68500.0,gromacs_replicate_1,75.526436,6.186999071540203,6.130112282816068,5.9270706,5.4295122407449,5.437425043293491,4.24102,81.91819496616644,68.8470749508084,64.35812915612415,70.94378763759659,81.86235048801032,88.38478119982027,60.50240231593737,62.10119022482837,73.97614242793168,86.35645814231829,86.07830818299406,72.85455716211364,6.961936077869856,4.691084238753786,6.9917135726897595,7.286397562962338,7.203837330789442,6.376075899339385,5.99825076016699,6.554812998470972,10.152168193175894,8.921657916130233,10.128768464858892,11.973183124791028
68600.0,gromacs_replicate_1,84.45186,6.390063229917837,6.2334260904350804,3.2084732,5.161768585372087,5.182088768199339,4.5659866,72.61843588431533,59.78262548929626,54.693397394286336,60.96951941598529,71.71942508784537,78.14407373822398,59.55264016219112,60.98157189397987,73.39605701193118,86.04097374223821,85.54192327220942,72.31318036091437,7.3972762063667306,5.096608992117431,6.635761836672022,7.151445843487332,7.252897323404587,6.2277495485643115,5.836541724579804,7.18323182688731,9.801173942185846,8.64157311790625,9.859459002402934,12.190153803721659
68700.0,gromacs_replicate_1,77.70747,6.118899926223059,6.153813236633924,13.671059,5.592799156302229,5.62965857658946,3.230095,89.89132108395783,77.29385061418112,72.22438953430586,76.56915223765854,88.11370392995495,84.630232668924,64.66276276129688,69.86421770856133,82.58165731108717,87.58731985019126,88.05654486163257,74.5079703223959,7.137756187421238,4.883094746730422,7.070505109164847,7.422943077707672,7.072339222137271,6.3949996181147215,5.541802979492935,6.533874766863605,10.84689049231569,8.79635379692205,10.170667329008342,12.356317257381153
68800.0,gromacs_replicate_1,75.82753,6.167112938674471,6.171184118986137,2.4280167,5.1611949866502975,5.132346735412607,9.692131,83.24380935022873,70.33988340681871,62.43071229087166,68.16447467339975,79.27083808716006,86.61651431736972,65.62668223137462,66.64793259263898,78.26740536387067,88.5156615630002,89.2417782920915,77.12091355712633,7.355214068628863,5.162808048655375,6.789360138889978,7.693730916966075,6.7713933384599505,6.135950145186857,6.208161435141681,7.185687871689846,10.854041542398766,8.836152845183571,9.620437123444479,12.607288142485944
68900.0,gromacs_replicate_1,75.19042,6.030025611307975,5.976766485927363,12.370354,5.563105149876032,5.746965209306175,15.306442,86.01391481010786,72.36298281010252,67.66487450257841,74.16802033286125,85.02232813132424,87.57229577838531,81.60210553291644,86.09543606982493,81.4121394116402,71.63145376106105,75.44613807227933,89.97571153314523,7.34182170294348,4.766979765104374,6.9768326999715695,7.455781676941474,7.162422096304459,6.247774511350206,5.395221610868252,6.9215517987608415,10.394160859930029,8.40678620755075,9.844082922872124,11.905265766070508
69000.0,gromacs_replicate_1,77.178314,6.382358406691819,6.462711944522691,1.2260361,5.467698856139086,5.576477003307534,3.1245651,86.94548755661874,73.635485230158,69.94724404792444,77.43166820121195,88.91049951802727,86.1862510910619,69.1844972907994,72.40007641346948,85.1651229788145,83.97907182495679,86.45642695832031,79.76135379203909,7.03217284109097,4.762855606366409,6.772620068645416,7.66536212119838,7.3198405220481,6.344616080279322,6.130095979667843,6.976257540194794,10.53687068926557,8.731895612418082,10.395344079039848,12.08930662108156
69100.0,gromacs_replicate_1,89.282036,5.8784309401317,5.774017425579926,4.05822,5.505208920110509,5.287370666217477,8.953255,77.19487989122078,62.954197844502986,54.904050035913336,59.95063638761676,70.82298496875771,79.94419305295924,50.47165230863227,48.163971903431175,59.3541038330446,72.383181973573,73.43489103845046,62.38457258699124,7.486299729910941,5.221765539948608,7.451875373947148,8.126369815101084,6.761286187695881,6.398271199656926,5.880234792087813,7.378968634975513,10.593892800181838,8.044408383152833,9.80488741218226,12.227516069741649
69200.0,gromacs_replicate_1,70.14865,5.646404963190769,5.735032306441878,1.3581772,5.069296192275342,4.91025851295722,3.576805,85.057101103059,70.31436307853106,67.31639650305621,75.30153563530736,87.49168117565013,86.31759550658815,57.95030510513389,57.17378233122091,68.58951491006991,80.75872742486726,82.88757998984569,70.65000582352957,7.406487520169452,5.082190332325582,6.4089058476782395,7.2830206927313546,7.307830911278814,6.5348831846989786,5.991447768199641,7.136731725571093,10.32705848413211,8.45545396823751,9.539095905317483,12.236697816665423
69300.0,gromacs_replicate_1,89.10025,5.975476546329154,5.877653266465707,7.8646927,5.095212676281273,5.127787780723035,7.0698624,81.64578256055037,67.81849101976063,64.15092518365287,71.63436786375088,82.35290027398962,88.9621547117876,57.886760749429484,60.85211939551452,74.19800600367766,86.59220522298395,84.91686681808456,70.49164433255937,7.228590093357183,4.828790388718147,6.652555976004884,7.119264627165839,7.529184521611924,6.2845471521424505,5.64367380562939,6.6646924265727145,10.508656735667417,8.715270209476406,10.442134494417251,12.91494640792248
69400.0,gromacs_replicate_1,73.221664,5.947376879961075,6.02920848537673,16.319145,5.255191422814248,5.115413182381143,10.390755,85.61897791616444,81.74388834956774,74.83434763974934,79.45593259178378,89.1878487451458,81.51302276894329,60.99888660245518,65.23331706760467,77.05628329014327,87.61362154087409,84.20302322844422,70.91900203864496,7.275452511709002,4.665777229346123,6.2749389795022,6.900522545817544,7.289647797355112,6.805877398713914,6.146521134103166,7.0837457753372615,10.017514413528662,9.203066161004609,9.88686550245734,11.948931665109079
69500.0,gromacs_replicate_1,72.67721,6.396579216365313,6.570692257412838,17.801888,5.1325708090889055,5.09798978244515,8.784691,79.45848221157064,87.64808300207613,84.85108422443231,87.11038665980493,76.31212582444697,70.79005438834051,54.33165262497646,54.170527660118914,67.11411400154148,79.27353917425188,79.73058196072849,67.09943612213112,6.909210601173064,4.288968700264296,6.632875194801868,6.950024813534759,7.1809505682565185,6.596026729998855,6.490302185207365,7.148069202300155,10.430936987987174,9.366212967518516,10.206848129514887,12.289923400733741
69600.0,gromacs_replicate_1,77.60293,6.040474719622839,6.165702552698404,22.479347,5.255906983980736,5.377498879240457,11.770485,83.20130303723087,83.22608674608037,78.66863549824029,83.84204805192914,85.3169856911768,77.03817904025456,71.83531362666768,76.9422265000963,89.64355542133889,79.86018698625135,84.57034241024058,80.01141063083536,7.067987708783139,4.539329126271863,6.584182763022417,6.769484759954453,7.244672568939514,6.489484247912961,6.3934865298401515,7.09906591944219,9.769649180208956,9.421254208722296,9.94708451378499,11.85594301098998
69700.0,gromacs_replicate_1,69.830925,5.4226894660301985,5.518497319151178,20.410683,5.372574697490273,5.060752362726074,11.612167,86.61529632085794,78.87500297850573,74.82145555265652,81.43112296324634,86.48026176479223,78.65679444584431,57.73242547032028,60.01566419078678,70.81350394059844,81.12002555428587,79.84603900929557,66.6667394436791,7.725693197544614,5.137400828465859,7.265548655476878,7.771892539370631,6.792284427138647,6.156473401332609,6.100654151749841,7.3027394134029615,10.036773342676089,8.617825332528698,9.569204636082828,11.65456193636933
69800.0,gromacs_replicate_1,77.64427,6.1267641579606975,6.226139457161464,12.819992,5.533094257698812,5.402090918300963,7.509636,88.45843134352778,78.94904166954665,75.75994186928206,83.78355658266801,84.60102535382164,79.44454854158401,61.11336175420421,64.23378309470105,74.86797983820217,86.01889588548019,84.13222399980779,70.94984591896367,7.420510964108305,4.467152202792304,6.862937683121745,6.674478285956379,7.278309569195084,6.383745968911573,6.385667767888608,6.712762569972368,10.291212697686117,8.596684506379741,9.698808288304265,11.545859527965131
69900.0,gromacs_replicate_1,83.89735,6.161025243925234,6.2274234681585785,16.028801,5.331210658138723,5.386384143950286,6.0077744,88.53920056038699,78.44919211790976,75.28936618012992,81.77896470428729,87.12588825462926,81.12400477423166,60.526097666705674,63.94829784699669,77.78681265657353,88.3998949491088,85.34202372879402,70.61210137247839,7.123872303513347,4.671310516741604,6.466684564633889,6.337858936566468,7.407896021001766,6.468693229681743,6.137511383673521,6.7368585544993,9.997947358026664,9.050868615660535,9.982959938187616,11.449722623773178
70000.0,gromacs_replicate_1,75.435486,6.0861296981625586,6.018952647076341,8.195923,5.02395238869674,4.975699813794138,6.8789825,82.1818659753072,69.30464486431329,65.88780674435537,72.8403294580943,83.95003367246456,89.9883582885255,62.638720536011654,64.65262680897165,76.37375860099016,88.69923287465511,89.35693963853396,74.98659582967807,7.216509646671368,4.623471137382007,6.759307100003466,6.865391101142432,7.109648156329321,6.520679720205966,6.323523465728994,6.904144498539873,10.130271648384547,8.603481339181183,10.359633792877133,11.941361425760958
70100.0,gromacs_replicate_1,80.447495,5.873363899646305,6.061610132190655,22.734947,5.444317123281787,5.3318292691289955,2.910965,81.20406407531708,85.01307032449047,81.86489636701415,89.73365578028765,79.68062038713636,73.00782438122783,60.07897783846484,63.034674646806394,74.90783545496473,85.794549932012,84.00060418962484,70.51057079101405,7.288515664198543,4.663276395379518,6.956037110487748,7.114481504914312,7.090081917924909,6.617260275139138,6.136591906087854,7.052681798950214,9.869554025764371,8.578334129318076,9.690804405567855,11.406354339833142
70200.0,gromacs_replicate_1,70.57417,5.739429968259539,5.909369538909396,10.99424,5.133995453149253,5.171368461887862,8.2367325,84.4782040875308,69.57837106674475,67.65146918337514,77.04168831057702,88.66949430868208,86.37087434413496,65.98767738526706,69.3516334482542,82.76394866360359,85.80487988401481,89.25869176664783,76.46218319594598,7.171973324312338,4.744447010476332,7.152384247221531,7.494259373624808,7.280386951576571,6.4427454282747165,5.979251881424986,7.273456405636457,9.987918154793377,8.807028636315954,9.673857336423211,11.39374267770353
70300.0,gromacs_replicate_1,74.883804,5.817535358047016,5.789910054355328,6.437027,5.290546768607074,5.374941391974211,9.37516,83.62468728801043,69.7198027532071,65.51142939466845,72.73979046003201,84.31820098231542,89.75364212677388,69.74497093741935,73.81897390393722,87.57855590336297,81.49124998134062,85.90204209220501,79.24454652573866,7.12334007542117,4.628832621848649,6.192960979656204,6.4339892814853705,7.324607384668463,6.807926751019034,6.7700514844216455,7.173722597042329,9.771101748396566,8.923457718152704,9.739572452243037,11.342540782141691
70400.0,gromacs_replicate_1,73.87009,6.305644180161339,6.423779730040862,2.8716354,5.000711565194836,5.1185909890501415,7.3804092,88.83045392948964,77.81518066571674,74.89653626247008,82.9509499538198,85.89204016051696,80.77794634723027,68.89760391870256,71.96490997978182,85.31982756234059,82.0401094797746,85.27963589786155,80.21228738096136,7.2676193164967176,4.801974840186446,6.53346611924209,6.801337362449381,7.459338544250226,5.944900217832769,5.835269880319541,6.334601997544506,10.114679360728239,9.085508542340953,10.200579502311287,12.13041211493913
70500.0,gromacs_replicate_1,76.51198,5.823466856288027,5.970158706291381,4.1080246,5.425715282314002,5.372333016203639,9.200058,85.38782939689823,80.3175928497426,78.39329478544418,87.60660386002468,80.52971554415066,76.15153622775635,65.71917750780892,65.40262298555045,76.20821562495694,89.0289820864182,88.2528786028915,76.97046798920913,7.067522762638739,5.131522439559555,6.410168580782969,7.076517866408282,7.16848788958538,6.397457980374447,6.213974840886162,7.165324143593288,10.110171597379063,9.2856436219135,9.676837512834574,11.435425996900682
70600.0,gromacs_replicate_1,78.12445,6.067018249705643,6.136583402776925,0.7784729,5.1671761541937675,5.16529834650023,2.2230072,84.82004588502392,70.86667207783398,66.01174230501582,73.61531372361392,85.09042605880406,88.65863095640596,61.888505541240086,65.11535999163422,78.07604542626963,89.72666215621068,87.10100993726276,72.89894498812373,7.1077261351024745,4.718211949263939,6.7065262067795395,7.552025671024057,7.105293808946641,6.4720522811242365,6.472804253712609,7.061476873590604,10.16204297843008,8.957678490685884,9.894022238829232,11.852566049400094
70700.0,gromacs_replicate_1,69.54124,6.2098119879002045,6.297728891215604,5.796959,5.059389726046017,5.03614292540576,2.8643188,82.5958822988906,69.36989631867547,67.79171053930249,76.3873236264588,87.89254507298328,87.58624211736847,57.94540894993643,59.436412273293264,72.02717658641318,84.97992834755443,83.28897535012993,69.9180319227909,7.550192340455495,4.826683001178273,6.687190176419798,6.614802464190087,7.358341813664959,6.2125089085501415,6.310608029598802,6.654869355815297,10.086747747014401,8.470344169268222,10.077595231020425,11.715785800879697
70800.0,gromacs_replicate_1,73.53063,7.027483403800544,6.978863406048822,19.66893,5.0459050609200915,5.151986424275764,14.769585,67.11698575964067,54.73911119179913,51.568485069381396,58.769942196560486,68.75096221474887,73.2006846014439,57.83855381694144,54.00871974369443,64.8315532122839,79.94713267088989,83.2553296580125,72.13033787950533,7.632145620174494,4.778390569450763,6.829335299970763,7.032144878095422,7.096802987418688,6.426859297847926,5.80032088810084,6.500833920279697,9.927126819413214,8.60698894670185,10.534062333600886,12.022503291133969
70900.0,gromacs_replicate_1,80.79939,6.2840684917734455,6.316786219950173,10.638138,5.213633940831327,5.288115261692779,8.816322,87.72648719471235,74.7871226544009,71.98272168612137,80.14145416728842,89.47645508081045,84.31405411271926,70.05893744469435,72.32214634029164,84.87097892724292,82.54140070377275,83.69628356781365,81.60013646008672,7.4999141205178885,5.209302140601062,6.582000906555262,7.0242830353709325,7.5014389131452734,6.187494196938032,6.137585131068609,6.231944248571258,9.799963901136328,8.729189052180025,10.187076329367702,11.857115869776266
71000.0,gromacs_replicate_1,80.260216,6.341586549243934,6.376886975972539,9.6638565,5.202605125258102,5.318087247897849,5.513077,77.99680513259389,64.1406666731116,59.1636264460753,65.70370251459522,77.14934865266538,83.31166176707447,68.63923423013385,71.6345742369579,85.38496614630122,83.09241568830137,86.15381676268466,79.56896495502724,7.511176288317088,4.950988091290861,6.764952680569577,6.784770957579331,7.438099498882302,5.8332586238535304,6.027910810963032,6.391525311324486,10.447249595586731,8.969714291965438,10.29873551376829,12.082852640449207
71100.0,gromacs_replicate_1,83.00226,6.47997626606653,6.56308666246811,6.657814,5.177443502936252,5.260562451430829,2.4603043,88.48505671133537,75.57090811279622,73.05387569196408,80.4015048340562,89.08348253488259,83.44900830642928,65.66131892515115,64.63199044056994,76.60802419997222,89.56327106915815,87.4742339371157,79.8588293793463,7.378393602462251,4.768214768275624,6.64074117638154,6.818192595372455,7.348825437807111,6.002146218880478,5.571970741098801,6.304034629400339,10.279849983022075,8.627377195044566,10.449423556292164,12.040910338724595
71200.0,gromacs_replicate_1,77.20001,6.036290193027917,6.1062603649746565,5.3633957,5.377239490224186,5.361256985857163,4.0306015,88.71655182349704,75.06933173224255,70.7071181711935,77.99764207521514,89.59891889730142,84.46950830941651,62.67464799433547,65.69182560492288,78.59231056145603,89.22842895604215,86.36598952726229,73.16374887069207,6.991217461395796,4.491310347817148,6.540903982444376,6.719715142217268,7.275691152710735,6.51126815402717,6.273857301238828,7.162645182933064,10.259913771279095,8.934186015058705,9.689118249585041,11.98452671955093
71300.0,gromacs_replicate_1,72.69471,6.307669429052114,6.150894696926265,4.0392838,5.4026019724539855,5.414847079767876,11.352379,78.52122201947667,66.06578998655493,60.483387791792396,66.83216358290468,78.2168942230137,84.66080495168079,68.18334996808848,70.77269929514819,81.95035521429246,86.35906915274522,88.25867803995239,78.47020002326626,7.413855224970325,4.989383986888653,6.8614984007425015,7.003748544560707,7.260710602976154,6.164794367046173,5.880920630589366,6.604642203993993,10.382928784704264,8.402236709948177,10.047633945772743,11.916442826231288
71400.0,gromacs_replicate_1,83.67717,6.089118988009355,6.054949652452379,12.837517,5.125966378897546,5.195866968676724,0.14334106,70.46747350014701,55.792635140552896,51.9218795500773,60.0200183192693,71.24394764788526,77.03121902266155,63.73685616890093,65.5511149990303,78.89889882059707,88.45237964931349,89.76778879872731,76.22950975977282,7.392876930618016,4.5452412386494885,6.500607790966376,7.004290208763458,7.0035209995879315,5.951742860712952,5.9181170669529655,7.015243640196858,10.981134693438756,8.256662944286724,10.381661790457478,12.673345031050683
71500.0,gromacs_replicate_1,81.30353,6.314763105044735,6.267993372768468,0.5527115,5.097260052501738,5.10897742275507,2.0287094,79.09195454866037,65.60630738094565,63.57191650644543,71.56093522061146,82.48325328489665,87.32657272450368,61.16680873354274,63.351766863534756,75.94051913357875,88.55542143516192,88.19262009984799,73.42523565939199,7.800933450946519,5.270628540372655,6.850955324878356,7.612389394301175,7.577469106795884,6.130058161008268,5.980669931348544,6.839976356298789,9.940273834981966,8.240431941509868,10.32615418305489,12.554079854380923
71600.0,gromacs_replicate_1,87.32593,5.780413890822658,5.678780846078304,15.571365,5.280865836921866,5.249661444081808,16.164177,70.266498421534,55.02711089367494,47.647037232874844,53.34923731502741,65.12431209491119,73.64640697517966,52.50301110678391,47.04752490907921,56.31428230015563,70.65583053971778,75.04988158176901,65.9344888201516,7.2526834489348735,5.028442940856174,6.655948754241301,7.385552999285342,7.154038327878047,6.720747848319383,6.627235758204313,7.447901757266683,10.30014387123931,8.333971612202886,9.92197308306578,12.785047541831226
71700.0,gromacs_replicate_1,85.793434,5.8530361607210954,5.797040299345517,0.17141724,5.226230984355308,5.129316619600889,8.520119,80.45805275515386,65.95918776272383,58.722756347545364,63.5454307867963,74.92456371971463,83.76059507459937,53.75118488922589,52.27745017470823,63.876206951113815,77.08777550076518,79.54345616331416,67.82392452755107,7.560572071631288,5.7740115646422705,6.585075114765226,7.790498239987315,6.992364071661413,6.332860850534987,6.057652980040541,7.603459606663449,10.299806840815064,8.404668686563303,10.067879957059064,13.04721596333618
71800.0,gromacs_replicate_1,66.04173,5.478752901744489,5.4612150690261645,2.3335648,5.218794290449808,5.014123913397201,0.68066406,81.43543742193653,67.34976137867214,58.10984551073226,63.70127592297462,76.05624909636222,85.37384852601362,53.904850504361804,54.14640218415765,64.68047281351976,77.86144025279599,78.16032776618033,65.28381829603478,7.883262307830216,5.754376268911663,6.840794464566053,7.826254788787076,6.53627444081307,6.111650433104992,5.782217014737032,7.787947177390493,10.767609496065699,8.233739698816619,9.872110412552985,13.155709706513036
71900.0,gromacs_replicate_1,76.186935,5.668372790845959,5.763054496183061,2.7509003,5.273193701848885,5.210754344291205,3.7684402,84.12414821219204,69.26163053791473,66.9936758692694,76.71893858723301,88.76973770525738,86.37706932126692,61.251427384570114,64.11366378692516,76.19354305887268,88.11267876675424,85.79694230575149,72.16586539149534,7.639775275022939,5.043520960458027,7.006419671060805,7.000894342808287,7.1695066729482795,6.067496234499319,5.861456597001533,6.515214572308382,10.342650219146103,8.751562057151832,10.003257054453254,12.078118086808656
72000.0,gromacs_replicate_1,68.79952,5.806559826285376,5.922671497149439,3.2462463,5.51716957772123,5.41946534512011,2.5886307,83.29249316833267,82.93870418751536,81.78589646595621,88.0114372523292,76.1215147407456,73.0796357324037,60.24501207059577,60.64510873314281,72.17577352411648,83.6975765790777,83.1061898869559,71.30829032191417,7.743931672055186,5.179959767959034,7.009701519487379,7.287216178156687,7.09242158854709,5.8737101114749395,6.219899406606363,6.938109083091952,10.549385121902018,9.029756496418198,9.86582352510281,12.141872939487923
72100.0,gromacs_replicate_1,75.478355,6.006499158791418,6.147861046691695,0.33424377,5.307277263685015,5.401944798815059,7.9956055,84.67955828144012,80.85164186909746,78.35563943024935,87.12801316671923,81.54822257946155,76.13371566094276,69.72869297102233,73.44682107897528,86.94148623325036,82.09639176815425,86.39755995326868,79.2623268970636,7.485883042514703,4.718113146578053,6.989575829414502,6.862918843091692,7.159155816365547,5.963878498986332,5.894785801120821,6.418388734802927,10.280375308339796,9.309632542605886,10.436345631722643,12.377090356787463
72200.0,gromacs_replicate_1,66.089874,6.0069901776636305,6.004868231814288,0.09114075,5.44026228030748,5.42510016162206,14.020012,81.20333551562143,68.04885981817777,62.7488004755945,69.52158772284061,81.09380131478244,87.70222066869123,69.24698802985773,70.18061060719178,81.13791865663556,87.20347667051684,86.94393882260873,80.68116075132774,7.483485084063054,4.808531243009536,7.0466539607776255,7.497395357528,6.791293580197622,5.812877180616056,5.738056133770396,6.6937631581469645,10.877848247166245,8.349063787760489,10.464717449284775,12.726753846104344
72300.0,gromacs_replicate_1,73.04373,6.220011320143881,6.336016522261776,8.715385,5.17345348211721,5.115709079783741,6.5399323,86.63837570789514,80.12889694459857,75.80213495092227,83.18309396862894,85.58774167224144,79.4158327785417,62.21763156508879,65.51493772031785,77.35513707708233,89.08445402295587,86.07860885892946,71.9148410023729,7.420407752556359,4.5904985220528385,6.518864186091122,6.712518489756147,7.2682245928242075,6.154386203019031,5.990342626701966,6.787180591062759,10.232342116515891,9.09243622533283,10.083384605103594,12.38364431126411
72400.0,gromacs_replicate_1,74.643486,5.96800166113739,6.031917936912743,10.004639,5.048950962864648,5.115186741240924,0.10218048,80.69786049265095,65.74550890947638,59.5355883342128,65.80908618080913,77.19278769478625,85.62025111644596,64.63674448752144,63.52825311494256,76.19787787508963,89.68024125327727,89.66464765448609,77.69240646165673,7.718060325033688,5.186790679283751,7.1323070906042725,7.144140610182187,6.973547899511184,5.962279297484064,6.059120910811517,6.439888066879904,9.829940569217834,9.03687115966952,9.855967591519375,11.825695596371032
72500.0,gromacs_replicate_1,65.62967,5.679329902196708,5.539063985954,12.591347,5.784708383025675,5.465748828114601,6.372719,81.63049090495977,68.7381323814686,65.42904157964581,72.60490644645363,84.81582540254581,89.52722643247155,54.46380003320516,58.68936457867297,69.59306409145047,78.17798990324157,74.94146663706942,61.770627259809864,7.327054932116897,5.228709414424348,6.869558977642373,7.674494119790593,7.008386183740896,6.188495320443987,5.756920455832811,7.459463382489755,10.498573840600615,8.272669531144274,9.778631490219366,12.142848682439835
72600.0,gromacs_replicate_1,72.060844,5.90318007066845,5.978551682608151,3.1079102,5.008590018462642,4.845738815413568,1.8739777,86.0509094784575,72.62288943931938,71.32778367592194,80.09768762200174,87.90129137672636,84.3088259770402,54.2856279353058,54.59265874714528,67.1976533501037,80.11624698236645,80.22417944820751,66.78396490054308,7.759341769240628,5.302397086028642,6.833185443600219,7.514779255915463,7.2274644775787085,5.811527853799979,5.67734887865976,6.4321029273556,10.269798733209463,8.416185313004455,10.168977083451592,12.166998509050932
72700.0,gromacs_replicate_1,73.3631,5.83296918969542,5.924289952973978,4.3713074,5.287127687498934,5.172339326977868,0.63962555,82.48001385061166,68.36388654445696,66.99168746734559,76.52920702275061,88.27343184738652,87.19277335522064,57.132087898566766,58.191934234213576,70.64668193967394,82.63303754049178,80.35445722707453,67.10095589479987,7.394287225492532,4.915980016751164,6.7819942274791645,6.837774884004599,7.631929686467037,6.288145641827365,6.0420036166287305,6.436387034564398,10.107386665039398,9.082982727490238,10.047638370337244,11.830565875403352
72800.0,gromacs_replicate_1,65.51356,5.521687247691813,5.670856870827651,3.269783,5.39596710350857,5.124549610681728,10.7513275,88.45384606717958,77.37231507177901,75.212678064571,84.63693039970161,82.94009806679817,78.35274648163407,58.51918372459201,59.53562774090361,69.74736339830531,81.5995023128529,80.22764976002321,68.31011226034717,7.763099209652888,5.534401175748747,7.196788340754589,7.5238761770200195,6.922965934014396,5.835703553610965,5.924978539290822,6.489840366967856,10.142957139706546,8.312642527653962,9.920816887086126,11.788717493777668
72900.0,gromacs_replicate_1,79.47972,6.374584854234575,6.450081211647364,4.5895615,5.218741667207412,5.243281669056017,1.3761139,85.24385577948762,71.49805213735647,65.62758185172999,71.43424040611228,82.59313572451448,89.69061981000391,62.83377804830083,61.08370201410881,72.97032784613111,86.87468502440635,87.24438285338434,75.56547096903424,7.6189115907755705,4.812411297325794,6.522180952620237,6.929165065675277,7.086506328611426,6.348652162096359,6.3286887032918235,6.809799502143375,10.628575108327825,8.793896092748836,9.99749861531616,12.14498890551976
73000.0,gromacs_replicate_1,87.36408,5.930649350827368,6.111397518680555,15.153976,5.233426417422062,5.346348461523532,2.1729965,82.99525336218322,68.48475747950636,66.62760413068987,76.041099963113,86.78814880263624,88.78160530046921,67.77598876377117,67.93424537135564,81.66760811729475,84.84394981971413,87.10044209877954,80.33532517411598,7.617112891953772,4.687985750392175,6.284118211385623,6.4916453907865606,7.622872941281731,6.182641033359975,6.107965324625678,6.540054922035605,10.161967562112524,9.181700802738154,10.189398313210202,12.173694768437295
73100.0,gromacs_replicate_1,89.012695,6.38305328034454,6.486010350535733,9.904068,4.952743422381866,5.110049565965539,4.3458557,78.07817558170002,88.21297720850245,85.22850396920231,87.00593320475353,76.41743777256394,70.6144311903292,67.1677749607632,68.08415077858582,82.46686256904196,84.77337295900342,85.93382869070251,80.38352400063359,7.279949266272179,4.740238076674365,6.45761855855229,6.721761725633231,7.500248900853342,6.196068934534727,5.911959788910886,6.993079172349863,9.988402905223515,9.411312949524687,10.335129404353644,11.373926616662242
73200.0,gromacs_replicate_1,72.59011,5.860453878040491,6.014408964834167,12.326904,4.808709912432769,4.903175526387176,3.1470032,83.16459022921731,68.83003499849652,68.37521495770231,78.17738516576767,89.98539469884503,87.00555747999648,62.14254306848175,64.41024332358033,79.2772733835499,88.46781801339422,89.60153997051181,74.43293846717108,7.788922882099554,5.2474477564763795,6.67454908502253,6.870410940659099,7.192868215850131,5.908259802513196,5.824245967457111,6.671075606187003,9.632652487921126,8.87506812647124,10.513605577813818,12.225749880887141
73300.0,gromacs_replicate_1,71.2976,6.135337721121056,6.286391010266979,11.782173,5.035043254795332,5.070004078417813,4.954468,82.86780012179264,82.8482735567454,80.40083195638726,88.27510285536879,80.10693343260603,74.22027843098961,57.180095333227804,63.12908255038286,77.63825677616798,86.86024818100371,81.57849853358853,67.01243634357962,7.148081890829926,4.441648286170317,6.559313439352576,6.926477446228255,7.698174565717412,6.463976947197898,5.739774748122242,7.200599089114083,10.01147565539341,9.137700114832729,9.966094831396827,11.446107837421918
73400.0,gromacs_replicate_1,71.96074,5.825108186925803,5.957899131597619,17.81002,5.170724110760291,4.967323597297843,1.9593201,84.80696190213816,82.20257691325023,78.18963541493228,85.01867717282357,83.11317063859025,77.11416543306768,51.139728806875944,55.29797079797179,67.90037382192007,78.74575883760282,75.15947071776338,61.15340882828758,7.466581681793647,4.862542993250001,6.442338614324805,6.852397528949578,7.067496514089765,6.177839734048255,6.1505554920244805,7.06960182499291,10.04460125087402,8.715830592888695,9.627553023791025,11.656094915894188
73500.0,gromacs_replicate_1,74.92892,5.651318137177386,5.900975578583129,27.966667,5.513275518856798,5.4678082583620915,8.0032425,79.13527044861921,87.5701319616191,84.18128235952966,88.03542895482991,76.21727917122584,69.74204753619968,63.57104052776242,70.55623138612094,82.70173058244362,89.0535692573765,84.37070717525253,69.44606287469335,7.145573645471374,4.736522227417837,6.259211535099856,6.687016606583778,7.02275605334885,6.343228476050679,6.038324405037442,7.656215082560249,10.162992729692624,8.77200416237417,9.489492063960352,11.770168802988342
73600.0,gromacs_replicate_1,76.31591,6.147646608400175,6.248078579336589,1.756607,5.12483646728261,5.152099560325424,3.7658386,88.45824567167833,74.45662521226915,72.2725629466062,80.68120719982139,88.7246972229244,82.8277283036658,60.031815170138564,61.87121202439739,75.26971176713486,87.96234145210003,84.95002163610373,71.46543803929116,7.419848855400431,4.758197786750557,6.532478676983929,6.653620590381116,7.4159874638468,6.12799873099299,6.252560046294658,6.498234602598362,10.36429178291744,8.728121161313373,10.15628754712201,11.806585620188228
73700.0,gromacs_replicate_1,82.25521,5.8313716200812475,5.976032290151809,9.295517,5.053526273055713,5.043199438015357,12.298286,81.14801705042207,84.4523511576818,82.89649488949286,88.42066116747246,77.22787456618258,71.89171301031652,51.0271339274988,54.91823681166278,69.67303274582996,80.2880206038024,76.78594185903214,62.38266285601232,6.97106439197891,4.420588934286303,6.361016401716972,6.763020490496568,7.601735238461129,6.398155972198188,6.057042188895277,6.374530906140238,10.042643952695032,9.300276641384766,10.12798104854072,11.908379719712759
73800.0,gromacs_replicate_1,72.07965,6.196823206174315,6.318768117591812,5.5830383,5.145063970557987,5.181831021293546,0.83896637,87.22980860454574,79.50690952994704,76.01565589409213,84.36477283774458,84.63160507427905,79.12685359308765,61.96293524120296,65.49382128590618,78.71470039207586,89.57867274594334,87.61619421567018,72.70011169756418,7.341221759971783,5.003715368707347,6.770010984833092,7.160545970108823,6.934860085140756,5.7582682652444115,5.77891857497895,6.86511186619072,10.129341220167616,8.819384959050158,10.322607204763218,11.971679760454839
73900.0,gromacs_replicate_1,63.71519,5.891159963544584,6.041884554151657,7.6585007,5.300316926371188,5.1594772009039405,5.209839,83.64797899696282,82.54062877893321,79.77352068421631,88.35173336153005,79.7496139161259,75.03304864809932,58.2564410063575,62.05417353298759,74.45778001523558,84.77675460005044,81.54974734331317,68.13609425536443,7.073709280898388,4.264112875105511,6.404976445857629,6.878953376965257,7.598855922951385,6.518833502300026,6.4016944608300035,6.887244595931139,10.537680512843107,9.01170413594376,10.089835226352193,11.553703526842977
74000.0,gromacs_replicate_1,64.39839,5.610795227436514,5.744180084383406,7.9597626,5.310947405442926,5.120337582133054,9.908028,87.82231521576499,77.70808969613705,74.32950390001025,83.97490242908684,83.73609242838114,78.26717401612952,60.22473795715184,61.740120703101326,73.10712526866364,84.04384607913971,81.87181948030796,68.90750296523473,7.650499560093527,5.051308458238965,6.923570701266134,6.660811764518517,7.276491497982463,6.305504035677007,5.826372079285343,6.368823284065299,10.183302499968253,9.042710328359272,9.897817005497338,11.75729853659025
74100.0,gromacs_replicate_1,67.24911,5.458584676769802,5.585818890627861,3.822029,5.460833034637207,5.257395674552668,7.252838,88.68656116284312,73.46913554037809,65.95625699572015,72.43119359388925,85.56763679967972,86.12001716203882,58.51085671415801,59.96904651079272,71.53804258813778,82.83312230779845,80.37878146584174,67.9623843480524,7.110978170603639,4.852752642464677,6.283071240962145,7.129893583689002,7.254422217693833,6.3978263684567285,6.383740468215946,7.340686233409246,10.032888564030172,9.323255221429685,9.331067473742472,11.549102274057645
74200.0,gromacs_replicate_1,70.019875,5.817622855296586,5.861479643323952,9.356842,5.498505436665049,5.518546183334554,4.8948593,77.82125557542864,63.33491529078066,57.14619576275421,63.79044794585086,76.00162784828075,83.94579113874552,65.14812854883137,66.81275346685126,79.24535068418615,88.84080934233184,88.27986090360979,76.36005945564982,7.246218915833874,4.454920979441927,6.605916330973073,7.178807063621179,7.246444633985935,6.470030578437806,6.323794095778712,6.8319788927446625,10.673353874596959,8.706468647215079,9.726846933642909,12.427859317792148
74300.0,gromacs_replicate_1,64.571236,6.173151531893851,6.22849749880472,2.5689163,5.2699931324245775,5.346020784461836,7.440544,85.43811171622015,71.78338322629752,68.90842413487694,76.6508326418001,88.09325808738464,86.47176684905284,69.05277097186577,71.12453545350112,82.91328479700374,84.8674915297058,84.83238794966591,81.71602283262516,7.5196741092320005,4.991282717018415,6.618628415009925,7.225029889309437,6.8584874803255875,5.9290050638483764,5.735216897730055,6.893060136539989,10.099475129945432,8.582872368924447,10.490381169513284,12.323083679524073
74400.0,gromacs_replicate_1,66.291275,5.792919263625035,5.619909232183179,9.922447,5.009867734694568,4.958682490790807,10.71814,79.69563564375308,65.77325667224754,62.13319406937485,69.83841895732546,80.71010421831627,87.20409191261103,64.54658029916196,67.55797049342566,79.88034731773493,88.63269791994907,89.32242532078723,74.28757846682629,7.954136907252167,5.709120262167206,6.802716698081875,7.279634081061199,7.456895345298553,6.209845016670636,5.7969689830363835,6.415177980864514,9.79550960561194,8.38019743726564,9.65637288290377,11.77439946747552
74500.0,gromacs_replicate_1,67.64894,6.10632166783469,6.234506969617442,4.761238,5.271445538843141,5.371100037396747,7.927971,88.68050979379674,74.57594877217367,68.6864129509545,75.5308970747669,87.07109575246561,85.61645079356518,70.78909360622626,71.2450232864213,84.42204349002259,82.9163188165329,85.63947650408568,81.26743009355145,7.459606262986183,4.877871732138263,6.807056681456828,7.353047949450837,6.823872414208631,5.782555392506211,5.851485628926836,6.3843876434885605,10.854117028478175,9.056926118395936,9.994223754906187,13.134388788061534
74600.0,gromacs_replicate_1,75.1465,6.22247781525614,6.263394779922438,17.423798,5.07891068275414,4.987682724004119,5.698601,89.35078562199647,77.47632141892622,74.44674237601403,80.4870434997577,89.03656826871189,82.1424992079463,51.81278124938613,57.98793253065127,71.82986379192488,80.9121332804318,75.55362489868064,60.476798521445886,7.212337264629284,4.640470848787971,6.593527659293939,6.675399065657755,7.6224068064625525,6.50688316885129,5.745262131206885,6.740245285157766,9.56847605644406,8.752065519302754,10.131845950463564,11.83881191468463
74700.0,gromacs_replicate_1,80.483475,6.5710503491771854,6.682322361936521,12.015633,4.971592590198108,5.054357068995225,4.5109634,85.38210676890894,81.86906422231536,77.4592300321882,83.59470353039558,85.65786658015443,79.16713543745318,67.25764208201699,67.95793617949528,81.22069186972065,85.50153634924759,85.68409680383768,80.02086989841118,7.14389926966123,4.691859899116009,6.424744312467877,7.01771308852926,6.797731448382476,6.000127664769472,5.668360372996223,6.486880098263941,10.162237502968582,8.891202338814589,10.426512907419642,12.16200587217147
74800.0,gromacs_replicate_1,69.18738,5.918141131181564,5.899364045230036,11.058678,5.276110949118531,5.218840755743651,0.45720673,71.83227638412711,57.792493817009806,54.63116437313982,63.53783992072816,75.4047153071514,80.41488037634525,58.735130219126674,61.22612272604624,73.85515251569956,85.56910606241794,82.19522224872715,69.06370122034203,7.668260156947963,5.313678973507124,6.851954912235505,7.176829731040255,6.818367525194735,6.032683890448722,6.062486517532398,6.572732948842507,10.262000821326447,8.630398532028053,10.172094684763938,12.047589457984513
74900.0,gromacs_replicate_1,63.65135,5.707410120175514,5.43392683985395,10.395134,5.487103775902586,5.248545025678866,9.651222,79.14376843718279,66.23246649252208,58.84261212898537,63.158921924813676,74.13141693573883,81.96136547235467,59.61035264318712,61.889753279726825,72.89978304266928,84.31154738330687,82.93089129982359,68.1428352320697,8.074744700583905,5.272454580662667,7.148747721758695,7.528072465069446,6.782255708355665,6.045949134273202,5.922513513588999,7.087154353314256,10.505761371185244,8.075147745718978,10.312095182113701,12.976764390385856
75000.0,gromacs_replicate_1,76.39444,5.778925413488732,5.948827249962047,10.165001,5.214035481506847,5.201188790392453,7.363426,87.72085603988181,73.69700038984043,72.42254054947676,82.33088534642987,86.29045700377837,82.66666257946409,56.26723976714881,55.32891031728378,68.05307355070815,81.60473280835534,81.59801455646249,69.03107715030337,7.199174302576435,4.750023047776215,6.346728313210667,7.428062407382461,7.044226355342921,6.726366718556728,6.522639583353789,7.638575359143291,10.443288523774747,8.960541520640959,9.927017055556881,12.202821753926415
75100.0,gromacs_replicate_1,62.88733,5.637237502473692,5.7772156197294855,9.832405,5.312195486537358,5.433868943608902,25.314072,85.97419795279527,79.88365883305674,75.9330175962553,83.73086647548374,83.68693368290326,77.0319639986734,76.2547349235229,79.49135962582518,88.84722592299424,77.71214524258558,81.88486426393835,83.9670934122129,7.721360816941159,5.243605632124979,6.846663572449477,7.127393648436432,7.355974623297824,6.320380894997259,6.0634334565590615,6.615473378041324,9.91699445878505,8.804697380779531,9.952509692048721,11.797603384331234
75200.0,gromacs_replicate_1,79.15137,6.707940269305344,6.649859968914986,9.714897,4.935235172895412,4.978205459435208,15.287453,85.34399719487426,72.6188446000561,67.01461384574674,72.44239931796946,82.4891963465296,89.33125066533263,53.970747178251344,51.64522504065358,64.07941344950696,78.29790628029886,80.79578558768199,68.4283845194424,7.495644952213914,4.766073243313346,6.44660034244872,6.944403143318835,7.120605402658392,6.541144534438117,6.659342257163859,6.922022205613295,10.786487203419043,9.29797764141349,10.445905720820708,12.224907596723936
75300.0,gromacs_replicate_1,70.63414,5.6357974459479045,5.603778725912503,13.329147,5.361656249898187,5.2694828150660555,6.7709656,89.2685728347795,75.52664661306281,67.34498655539558,71.62792853870523,84.01809831552448,86.97628207057194,61.26220675268847,64.99098197104786,76.77416966734957,87.42415734543596,84.54438673966942,70.4475265877873,7.59832814666779,4.964809163176068,6.817984893274552,7.005360348061091,7.071347747297021,6.337701854266799,5.896571612942531,6.257250812215788,10.636810052874445,8.658439375475401,9.944442347637382,12.422903368970628
75400.0,gromacs_replicate_1,81.39357,6.038249102301053,6.095700515386737,2.3079681,5.103202566262289,5.302776128742627,10.822777,85.13507092103809,70.86623821644336,65.60350432781806,72.48826413626156,84.1845351905426,88.89450846326004,77.97639080686325,82.07731355445546,83.93347910737695,71.98621548811293,76.11973094962971,88.71061638406005,7.62962856147413,4.987490548728443,6.788077391431514,6.742395656680932,7.802018545036585,6.201993178328336,5.9698262907478234,6.293518885519069,10.281209273521219,8.852919792473836,10.025112533439213,12.031978900602686
75500.0,gromacs_replicate_1,71.14362,5.5498957766288,5.676987301762185,15.361267,5.185568460157546,5.20098554705113,17.007072,86.36003731352876,79.72183554792159,76.24780555870949,84.45487482608348,83.18962156886172,77.24713273633208,69.43272972025457,73.00021959012044,84.8123243815889,84.2167609259401,86.64163685101879,78.69897326860432,7.506651883361019,4.720870024577587,6.596040039154149,7.33756583611494,6.871664714248413,6.209379708978463,6.0774501427543015,6.691174706442507,9.985669955833743,8.562164627410285,10.224283143002696,12.353654874665434
75600.0,gromacs_replicate_1,77.42671,5.910771293149196,6.012189675406767,16.304398,4.715452836137938,4.743832342203053,3.2930908,86.793508577866,79.56593841025791,76.36028746465077,83.98478341475742,84.48947860160337,78.7440501495156,57.81067636944045,62.726024825855994,76.54006007650979,88.38765167778412,85.14471307716849,68.81122092501298,7.136764957404836,5.01526869748185,6.741940651231921,7.237236714171802,7.110094381116455,6.120534956406494,5.785252374553426,6.850876220042896,10.348966956442807,8.69206694257235,10.789235263849703,12.409617187387957
75700.0,gromacs_replicate_1,76.78906,6.214272063237781,6.228676449061368,27.469986,5.636049589840112,5.615613541581274,0.019683838,89.7645539535506,78.58598638921245,76.40847625484135,82.45965195763452,87.33869524476245,82.52756096310397,61.68061350999426,67.53536573539289,79.60668704828649,88.7695224920511,85.34047137099442,70.29996293636663,7.565559539998336,4.813201271971077,6.836525214105981,7.037792386366989,6.788620601464772,6.001252011812569,5.428698446153854,6.810340809780826,10.698318808439291,8.673631827635704,10.580561043494477,12.272242675076384
75800.0,gromacs_replicate_1,74.36621,6.416821913154074,6.461969865232738,26.548763,5.407616017491746,5.236866866039684,5.21257,86.1806354409686,81.87518625823002,77.28743962506395,81.6521997229683,88.20280998596813,81.60643646741238,59.915624311184196,60.471544122724886,71.72747531742867,83.08353621026342,83.92605401379198,71.3171058310719,7.378502950645478,5.156644454940571,7.02997418489638,7.539451007415468,6.857969590888517,6.34003493244,5.897882197593213,7.33232862832847,10.77998339954828,8.36527111507711,10.161382740898505,12.068878636942227
75900.0,gromacs_replicate_1,80.621254,6.22359521711917,6.2484715281518275,4.2717896,5.199870546238726,5.222000120468196,13.909477,85.88025122797617,71.78077628925922,67.11720599031833,73.86971456468896,84.87594574370094,88.31868933575183,51.60522526720112,54.54902378099008,68.68515187079365,79.82655950332816,77.34063628203408,63.1487995480828,6.970035052196959,4.597220166770511,6.569655356294539,6.999567850861431,7.2661706966631545,6.814199889121873,6.813546220255511,7.0832114786588365,10.595015356364604,8.446872952131885,10.691834284881788,12.146885252646916
76000.0,gromacs_replicate_1,70.776085,5.796674187713925,5.809368043801271,0.10910797,5.473559721177031,5.3207171760547105,6.789894,81.34034313331203,67.49934256546227,65.30809480028941,73.96360078015547,85.73705462137244,89.19054194512198,61.149437623029584,62.02259250978829,73.26045913224765,84.88409808316239,83.64371304368392,71.36218696009836,7.341318447604184,5.019604997601531,6.8559327166049995,6.96667193071345,7.353717212788244,6.50376954999218,6.470997708730609,6.853336520316393,10.168292747298457,8.529738293843952,10.054418999597686,11.613436520849799
76100.0,gromacs_replicate_1,72.859,5.928545123890219,6.130123455028638,21.157837,5.296311365043595,5.276141073030572,3.8056717,76.64382516683781,89.42634189690588,87.2508398600008,86.00240271471488,73.87702249976493,68.15775708695534,61.408178608016314,66.22841073066621,79.18552859777826,89.02886904516707,85.23530440772153,70.94303735523772,6.730661325756913,4.322426030818764,6.122625018362205,6.776317710000757,7.695187434484852,7.116137627625702,6.2629092933996855,6.735531864552208,9.67101170685735,9.642338541142545,9.85870905966019,11.422333203598486
76200.0,gromacs_replicate_1,75.31381,5.873154783307048,5.930231356977573,18.56353,5.209773184994211,5.186781793007098,5.02108,88.58934438242197,77.80979515252137,73.4878782172188,80.13960702140075,89.14555752874541,82.11516130086547,63.7059885168521,66.8145121048118,78.90868766413475,89.38258361186281,89.10146503837868,74.8357786789283,7.41701023299447,4.94145601123168,6.786478166722844,7.58983297469595,6.798846565052952,5.9025855385524775,5.8371170650771225,6.761121817791265,9.91725057305221,8.433391116942799,10.195659443260581,11.926238001367068
76300.0,gromacs_replicate_1,78.55186,6.0895750795395385,6.046453840019857,21.97329,5.499661346571276,5.219031110430664,0.6901016,89.50069902427798,77.1122907352562,71.85262906865138,76.05242773079446,86.04867381169569,85.17102877852511,53.19216807734185,53.40292980279758,64.11054066078057,75.45091502276338,76.07374779427633,65.29970921079828,7.333838540241599,4.86411805660924,7.052366400511773,7.697035550157913,7.037915760761784,6.109396424570448,6.0620495516810005,7.167336346299493,10.693302322189144,8.392871233772537,9.862957765021427,12.654171642305787
76400.0,gromacs_replicate_1,78.14407,6.112094377411681,5.990870426037721,16.322235,5.266762939590718,5.242082733789171,2.5235672,84.15269337920348,71.91768393425876,66.8313043792534,72.15172882322926,82.77790551058605,89.9897540923771,62.48163481028565,66.23695688833813,78.9916401567215,89.6089654467517,86.4468181946223,71.72017327720954,7.347142125045985,4.758250583349712,7.117977272565221,7.337815696559326,6.928364306756763,6.00232595539125,5.8618286924996745,7.173578224133113,10.489950853880945,8.36757273111945,9.974358902539947,12.288522911060006
76500.0,gromacs_replicate_1,60.593433,5.385229777216069,5.521180958302958,4.1342926,5.489500528441003,5.227953477852124,16.177254,86.0283175966662,78.4622042190361,70.86601451091897,78.74862470260138,87.53620011153792,79.75155700440199,62.25055000940567,62.99721722063271,72.01918226192382,83.38851859065274,82.95334322614482,71.80654521447404,7.3316644709050856,4.744475812233165,6.692125025012711,6.986044599426621,7.390741152568323,6.493264674956918,6.535891121497958,7.483441019926824,10.26996331523878,8.94110340388466,9.57902362107562,12.663416824950842
76600.0,gromacs_replicate_1,58.846016,5.241398198648049,5.385852044142371,4.55262,5.306430278193877,5.137240981095113,20.836815,88.183691743252,72.31229513929301,66.59753053201533,75.02223965935164,88.8077336699202,83.88085443443117,64.66535276259837,67.46144777639232,78.02280799156924,88.51433505869863,85.49022018732026,74.10154792523682,7.04131564037938,4.574726479335953,6.436695526828261,7.193314431161969,7.292598025002752,6.513799182328765,6.849682882123023,7.6703564617842215,10.021795802585347,9.390509104119618,9.284453723884646,11.075150019017675
76700.0,gromacs_replicate_1,66.84046,5.694812119965301,5.651909102488283,3.4527512,5.79490856400581,5.649217490376034,15.099846,77.55794092126158,63.4784492944035,59.419016628192956,67.40530904191446,79.6272940684718,86.02563727733772,65.53812672887484,68.31555637228739,79.22413413850634,89.19102768070579,85.419590141236,73.18786066920393,7.51689760722557,5.140383051942709,6.8389447465866375,7.401364773083472,7.044333773796466,6.054920051088967,6.227412357867676,6.526088405230459,10.631421566335455,8.578294041329116,9.688709884619126,12.106123940252546
76800.0,gromacs_replicate_1,70.01748,6.353414600826463,6.437441285071891,7.5909195,5.0732995450419835,5.234103535414032,15.952026,89.34136056977735,77.1205506331198,73.70413435323685,80.17580567444222,88.97403520230615,82.75095134597832,77.06285929874082,76.47498468301293,88.63380176934521,77.71889579518212,77.22405749801307,89.7179782043172,7.542635921859849,4.7175943986000055,6.319203209609453,6.417997461121039,7.178943472201888,5.965725621551539,5.783988330118946,6.431804268000707,10.24354801694385,9.040870499831675,10.42021108362554,11.908883874572789
76900.0,gromacs_replicate_1,71.58925,6.25049354213855,6.298888021803621,5.038292,4.972028845429372,5.0312953085339585,2.9547653,80.28443157412812,67.29356555733891,64.05422233510103,72.68386787225722,83.32337353379698,88.6986370745882,64.06776554028784,67.2040109738496,80.71269371596014,87.17356183352088,89.92524992224594,75.48839749185231,7.0098545571992465,4.979281370538271,6.906358948741314,6.988198400016782,7.132049256348684,5.968815724312031,5.911939779207643,6.664090918668961,10.721559079414048,8.384280661492207,10.10355251687923,12.244681516323997
77000.0,gromacs_replicate_1,73.89379,6.368488019223308,6.331234726612489,17.066742,5.043593121563602,4.966708549440922,1.8789444,87.69471499542072,75.08961547585362,71.28594330360372,76.60721144287373,87.05293679657649,86.32373608468112,56.76348537490073,59.05155607330929,71.18944226493574,83.22300446915864,82.64280903172651,68.78487851684197,7.751037759178304,5.095835513743257,6.759045057171111,7.135912149608016,7.060505268192539,6.163157703882336,5.416938362182324,6.718940280516764,10.544387925733005,7.838941223610124,10.418215748156928,12.491169986584097
77100.0,gromacs_replicate_1,74.807724,5.9301364812513455,5.9062270449025185,12.045074,5.2291906529195264,5.254752633611381,7.6707535,71.86008354697793,57.4912039296064,53.55478156795152,61.635326558999175,73.48051192387334,79.11937979641434,66.53891957483246,68.31799817354705,80.56969414444346,87.08713548884407,87.45967824927952,78.83030334346046,8.058793490381266,5.7288093222882015,7.238265266344943,8.044234170232285,6.816999059736086,5.728133593180344,5.472991081641558,6.77348674431568,10.360852078463555,8.073525420606638,10.150262462783335,12.663772843430548
77200.0,gromacs_replicate_1,62.166874,5.86260320260219,5.828532217648561,0.94851685,5.172900295519312,5.0726166384935985,6.337532,80.23956869290534,66.26249304686291,59.45641940153348,64.54423760649053,75.96404840339751,84.69674522739831,61.29391691610185,62.50019776505053,74.0747661868417,85.93953397499615,85.18542804551677,72.18008378938238,7.469924074824252,4.562221124418776,6.532341677297157,6.712438379637644,7.204552009798614,6.172841219962485,6.358463115014348,6.641988108142837,10.575440450747163,8.73108508152851,9.968652719109267,12.093745984267835
77300.0,gromacs_replicate_1,73.06845,5.9959891242195,5.989119635330023,4.4833984,5.076398441314948,5.1393310702295105,4.4740753,83.75093985784204,70.4873492048573,65.96623377217666,73.11476734783157,84.39578889893491,89.28267410286696,66.15208898839016,68.0941208802257,81.37823661871967,86.64202512767976,87.74712638932105,77.8237081461585,7.509009406722541,4.73809686931994,6.464980783844766,6.861433704273236,7.112545969460136,5.995740221749747,5.911954289519093,6.893256148532434,10.284651368118778,8.999974612155114,10.024989660506709,12.249394515731346
77400.0,gromacs_replicate_1,80.91829,6.2886246650248845,6.308151035500508,11.365128,5.444374084908069,5.50716866907481,1.4484634,87.56532240920761,74.71281430230705,72.40995032333622,80.24864321489171,89.42952570337503,84.15227009286828,66.78329240823751,68.9010254554087,81.68848239991532,86.87378842662989,88.71200090444721,77.94392200759656,7.336475858440554,4.7259158480176255,6.357137851740158,6.625889051398251,7.31271811216444,6.471991479670976,6.030077006526933,6.276475662489207,10.37509820972736,9.015400722956427,10.25532419901301,12.178645116503839
77500.0,gromacs_replicate_1,69.0627,6.145984159342237,5.975099746209869,0.9897766,4.82592672077429,4.799521720272993,5.207367,74.12370691594889,60.90622757522293,55.705000035624344,61.23523681253287,72.06392047168924,79.65717966378335,56.63657274380279,56.79546244943044,69.99820746741058,83.43389004927774,83.72562390346387,70.87170183180923,8.174455341575774,5.589436057073219,6.7912764162521535,7.3151307275966975,6.687772726725613,5.736988568478599,5.457116479083119,6.744795958568572,10.40419751214065,7.875905586088768,10.084072406053544,12.7426274162403
77600.0,gromacs_replicate_1,76.04896,6.025453068766458,5.879573778715873,0.6278305,5.328633800932974,5.078734921353458,0.003364563,76.31128953263729,63.22190601636559,58.421079700825885,63.73944998950343,75.31283246738111,82.18323987046159,52.88226180571494,54.39399021980828,65.88120938460713,77.39830915674517,76.80855883405839,63.49074691248033,8.066739020707677,5.779914016885861,7.269566693680726,7.813473601715454,6.7311460504048375,5.706616618992016,5.474659662817036,6.6747879430065575,10.633751628495375,7.909400447406411,10.398946586505598,12.204139579643426
77700.0,gromacs_replicate_1,70.45075,5.651111133983414,5.670732015151638,5.564026,5.778342418437973,5.575745547528794,3.2640152,87.25178686859694,72.05022320865295,65.98236786885745,72.49206854664453,84.83729019771393,87.15689189527585,58.84131859373642,58.57561069915475,68.29436267980417,79.51073942539234,80.87531118927397,70.18375366447741,7.905536857240739,5.190856865486059,7.097422556912081,7.702356952325849,6.840939854804662,6.0543667973317925,5.489122572922846,7.041741250152533,10.369426771797523,8.099138299264226,10.097955891134294,12.53199364820201
77800.0,gromacs_replicate_1,65.86496,5.589826930697169,5.646005492242798,5.1623154,5.704454348089437,5.5933146273102095,15.881355,88.084785789723,72.9642966110776,68.56334712740522,76.25672570837303,88.444838161885,84.03969801320585,67.67407192496339,68.64784744660072,79.92990226847,89.45208208864156,88.2734255800002,76.32320963667489,7.572791295946142,4.785454949172907,7.126684177189906,7.340939968758202,6.877078236846901,6.1594615174134315,6.023120054060661,7.317468412828825,10.274450967140453,8.81027876867507,9.827643411943036,12.487967488781504
77900.0,gromacs_replicate_1,71.293396,5.9524119077465585,5.988357823915104,7.7890625,5.197639469278582,5.042340479705672,1.915947,88.42544738003959,74.20706619223571,69.8280212717011,76.77904582900459,87.98282179990973,85.39053917573959,55.74284210077435,54.4756051167639,66.199753984779,79.67236267926508,79.5899259158618,67.71314317040586,7.258933317029971,4.8294017870934045,6.514282980150707,7.315743110207785,7.119527226739873,6.358625697212512,6.254156312981698,6.791030036673135,9.881528255417397,8.565511800482964,9.871460442729115,11.48982041384243
78000.0,gromacs_replicate_1,79.87457,6.327682555566454,6.2866469583570765,4.287178,5.400879079955309,5.461584988072742,1.1237335,81.09041282802629,68.76404773540727,68.10889040690803,76.95786397770756,87.2817343001903,89.34275638327048,65.87610338825226,69.05759673886588,82.13434000071017,87.19751929789909,89.28476699820125,76.16360869197499,7.658565657651939,4.8490438610277495,6.263016333920976,6.59850050375459,7.033944843057025,6.157654811120034,5.65956120911596,6.505115124940162,10.311379661216186,8.667170448265743,10.224204790791788,11.936825520293917
78100.0,gromacs_replicate_1,74.384056,6.329879386061719,6.3849917707971064,14.811821,4.940986300337396,4.929966047563436,3.6781769,75.83456112757968,62.22381616585792,57.41305947025174,64.5827099386403,75.7901980198175,81.99176609250108,59.60743397857688,56.67487477776127,68.39247320346027,82.59195127090376,84.14706867289742,72.92559794434268,7.777329671040836,5.0638181807925,6.771217421567387,7.166594543983986,7.532446189398349,6.22852082555965,5.9845372925642355,6.632528184276656,9.981780313803439,8.482552293027195,9.800303793014182,12.08391477003195
78200.0,gromacs_replicate_1,72.23272,5.95663275202902,6.090277580915433,16.227493,5.322831831507621,5.361296041908213,6.3659897,84.36369521437653,81.47791104518171,77.99868396301284,85.451282952168,83.26668332816077,76.72515649353988,67.94670873679537,70.04474239609756,82.03274965167408,86.6499310765716,86.741394272424,78.9711635591235,7.717337608586711,5.1216696301105555,6.915830463415316,7.410358789755877,7.000537668942242,5.877809654913201,5.375965123195467,6.604462334938661,10.439855079131567,8.70043751863649,10.031731286870572,11.935875028819808
78300.0,gromacs_replicate_1,61.917274,5.775491097398126,5.839656816887232,16.915688,5.047794058859402,5.130909685941076,20.946861,89.58070352352964,77.44177557310209,74.34075077914012,81.63069100299244,86.60475786598367,80.2075469158659,71.62307857904045,76.01180036919823,88.61299592974,80.96011232097347,85.03683174949546,80.49003387733867,7.4901097006458865,4.952167654170346,6.288074714171383,6.5375430841770585,7.607976122005189,6.58431223266327,6.00501692715767,6.946053125605042,9.948242941172298,8.694344169491181,10.049634627142359,11.73594484224087
78400.0,gromacs_replicate_1,66.738815,6.193818565133882,6.112189954454059,3.308693,5.635755736734586,5.540885156720029,3.2849884,77.01258615697554,63.58770898371433,57.567933155767804,62.7576425598764,74.18869559909177,81.73262440238422,58.07214790021292,58.130024987856686,69.80301512533629,80.95703187105977,81.37529879791688,68.9513157576611,7.409666396931137,4.667730985321006,6.836151413357168,7.003260140089923,7.009747351029798,6.177210550370973,5.779857150897419,6.644229719170762,10.538132816800225,8.579739507249068,10.176991142314373,12.486073888512504
78500.0,gromacs_replicate_1,65.91853,5.7128625708339404,5.686324836284587,3.9358063,5.386522175802893,5.229259780481885,15.020279,84.13338668741908,70.13206884799274,63.80447923834043,69.17957751501133,81.20797741036503,89.8318774137238,63.075506929419205,67.5548287907872,79.16991758127264,88.55263422653505,83.77251275042453,70.67372871543672,7.4211836320412194,4.7926164019740005,6.398586145791038,6.7560793186577595,7.072373072412281,5.915232702123265,5.708568081127339,6.78918359592482,10.238463753731043,8.68662659801708,9.593359907531505,12.020636206080303
78600.0,gromacs_replicate_1,72.65967,6.222190331121113,6.424938049082613,23.240295,4.943189516700892,5.032558595098897,14.828789,80.35561245740897,86.67538569124284,83.45476107175153,89.65348225535823,78.6462595322344,72.77533421989288,71.39390664073133,74.40549003536316,87.49631148327475,80.24921381143133,83.27173750810871,81.79767925985432,7.649667673372207,5.079095722205008,6.184714144650344,6.775374853368522,7.151045961634037,6.216882912147844,6.087078571963458,6.387438881821348,10.032116150392218,9.009228550794,9.788184089201778,12.086849456087647
78700.0,gromacs_replicate_1,89.315445,6.017516231018097,5.916906315001054,5.201256,5.068342083254592,5.0533602060965865,3.3204193,79.59319678243547,66.0553515436934,62.374976286614334,70.37272808977971,81.85374854505916,87.4110190170046,62.48813593593951,65.05847004719337,77.65107608917148,89.67209611217298,89.0692353524908,74.07199542244602,7.3677651260374475,5.024697329629548,6.640593730917497,7.228973168865409,7.140963982108928,6.155220539647143,5.877628918756693,6.710937669199143,10.645143956790138,8.737602476110656,10.329720247420868,12.13317251600354
78800.0,gromacs_replicate_1,71.15153,5.704821640787687,5.5120199952660975,2.6946106,5.3571536332348755,5.231377105870182,1.8414764,74.50865175073058,60.28662711462083,55.05856982920842,62.172066905371125,73.94219075474895,80.85437036033139,59.09773561818574,60.489649153686365,72.37933783093906,84.11901281607174,82.79162920544121,69.57142905313056,7.824981543808065,4.9240179006561675,7.168228981658785,7.218316742811396,7.605258630618326,6.152916909528822,5.869437103525644,6.708796713431944,10.182436064457121,8.63837020419796,9.846740682714362,12.387192119587823
78900.0,gromacs_replicate_1,71.796196,6.100891281221801,6.022646015951036,3.3609314,5.099096587923391,5.283882526845137,9.788879,75.98614035168595,62.4390463777733,56.91966398705662,63.68790759401627,75.22690308326374,81.9704461185281,75.4688014825827,78.29633864678591,88.71768840189202,75.96180140588486,78.41183064723934,87.01192149503358,7.751692321123595,4.797908272476987,6.448860340170521,6.837690634692568,7.522616266162107,6.100848792844853,5.7494910133511485,6.42346958013325,10.049628279983988,8.615047492721242,9.657865846719151,12.053055817652812
79000.0,gromacs_replicate_1,72.83298,6.286444320336465,6.2769686472502535,4.380295,5.215026743499955,5.1682371338909805,7.0875015,82.39102491106993,69.62324781892768,66.48377799981948,74.95853224439949,86.04134245101739,88.979315079537,55.2387261449284,57.19471308545072,69.34921419925898,81.21131626995893,80.12857762323195,66.92795308333267,7.4317725085417905,4.766267187613596,6.641513194417999,6.629561623592206,7.195433479657621,5.959834853981782,5.780579343412131,6.461322840761545,10.35603165646108,9.01211072887636,10.27471506320574,12.295896974000337
79100.0,gromacs_replicate_1,78.83493,5.998301191679601,5.899332740892847,5.725235,5.662345590003689,5.801934645796741,7.172577,81.86690920399518,67.91988049530231,61.120862671263865,67.47901291889981,78.3258406072246,86.33915447259155,75.07951157661924,78.6290163631799,88.30940656370889,79.00940396030674,81.56436531647506,84.39137875324661,7.395903049555329,4.548330727639389,6.807014380283522,6.808548974949516,7.063445121017036,6.149083606857634,5.825249929728985,7.012144278875895,10.617309545749604,9.131633943657487,10.063021318235451,11.796439507918501
79200.0,gromacs_replicate_1,77.613,5.71169078298494,5.7025705565248845,3.4646912,4.934094346025018,4.950876246956571,6.7558517,78.01090158892718,63.080435251499445,60.98219126118505,69.96389574454975,81.61020567999819,87.44743266226175,58.17527389658683,56.27668782269998,68.66673532497656,82.9166951887334,84.36916647405332,72.2800224669589,7.684390461271642,5.223786748296005,6.312733940109271,6.8469957261324215,7.234734368006355,6.296341892772657,5.84952095092957,6.519569153075322,9.731394969297865,8.69005727288389,9.810513724768365,12.16619951732547
79300.0,gromacs_replicate_1,74.94856,5.743914964890643,5.422762052792909,13.494514,5.320948995532541,5.222285546799656,11.30201,75.93704924740189,63.12211517600503,59.29192187038734,65.94971008715486,76.37916060062636,82.8628548412597,63.21812223367397,67.41387356706988,79.06544768333667,89.61810884258685,86.97479311957025,72.5025073497061,7.851009513137442,5.456910116001979,6.821936431162778,7.451554022443899,7.188664891783962,6.022620407990436,5.234094488932867,6.581910865032055,10.674288975511121,8.136638745296313,9.814901992132956,12.185631982686091
79400.0,gromacs_replicate_1,70.973366,6.209143323277375,5.940750229169682,5.367546,4.9991300953625135,5.031988293818544,9.204903,67.69877038217155,55.192749737189416,48.978207127306376,54.40421074943432,65.42480700471894,72.42368220059876,66.15694094527818,68.88137693084956,82.31584393882702,85.62798948249527,88.1679557731064,76.99583935322076,7.299803868832123,4.317204929102897,6.440579961429115,6.971197963090021,7.5052371423151465,6.59370846601068,6.110056206066923,6.443510064114032,10.06904572374814,8.455149889968723,9.806634854234755,12.131136394878764
79500.0,gromacs_replicate_1,75.43718,6.339817502751693,6.488757366043678,15.445,5.219988881818992,5.19532452916771,8.934372,81.59555141788883,85.4196583134896,82.72433484674059,89.63409527103067,79.37645412499876,73.71870595859862,53.780952590498345,57.540327796877456,71.15418298619139,82.30103258978478,79.42146594160424,65.23165517316389,7.146083649229903,4.2353158382531575,6.354427123802898,6.585186713246714,7.625969037050827,6.418316878864272,5.774170481730219,6.563995992021281,10.380681385522491,9.097904115137236,10.242974698246117,12.194991085037946
79600.0,gromacs_replicate_1,67.83467,6.142285142993804,6.048002213537833,11.238617,4.837557201347108,4.852649624769149,5.2356415,69.3549313452039,56.354866960435906,51.8767003934846,59.391645416577525,71.25654050126631,76.6779708946316,62.417722262176355,64.90809994655018,78.31786520344578,88.76319587878925,88.96210873341249,74.63451083803783,7.58972584561982,4.726274698187818,6.736923952776039,6.919438205008545,7.14853130593459,6.019864621969216,5.686336260015361,6.70221317545109,10.195811146383466,8.310238148467391,9.867196732728907,11.566564085681877
79700.0,gromacs_replicate_1,69.81416,6.018562473192681,5.770173735538406,10.7402725,5.230828160723361,5.262774477658628,9.795326,77.75094879461513,66.21662881437055,60.632781882980716,65.85490431482475,77.05445357969744,84.11670068718628,67.34860497075601,71.8753223255041,83.89165289478046,85.26225959121238,89.03188515880935,75.63781215435802,7.405888197672539,4.923214087225806,6.404371936408888,7.335672604964346,7.021680980110816,6.001577886386578,5.795817357051842,6.475708835890785,10.212944282334542,8.270592816825225,9.763852325587525,12.285911930557155
79800.0,gromacs_replicate_1,75.944885,6.209201395733147,6.184549054003059,11.1782,5.301688226334494,5.363011403455997,1.5418167,86.83390893281144,74.00199128135047,69.53295631177862,76.14194526008417,87.44653026408378,86.87327508171413,65.8347955034773,69.27102735339139,81.84069796269756,86.38744054872943,88.90038742977384,77.00907293742658,7.534230428660031,4.658811965881512,6.68835199496174,6.737085044936728,7.655677633320382,6.174095100932228,5.757480786643001,6.36482428088626,10.62311617581125,9.214784896062655,10.054984869789624,12.28947137680871
79900.0,gromacs_replicate_1,81.218254,6.5918438056598,6.630303326330086,22.297966,5.231135500814094,5.377964562227497,1.7759781,88.4726737928613,79.62539616546485,76.18279901686304,82.48907617665866,87.7819826554318,82.2574505649093,71.23974184493787,78.70153083147837,87.91873574087492,79.14006148489163,84.79321567635698,79.10827238752181,7.207748758976996,4.603092804492492,6.126988849649798,6.924207211494553,7.3452372372266845,6.415514117462469,5.921199234785681,6.6683238846305075,9.785175668401894,8.925062167536533,10.076892722918618,11.917052695609573
80000.0,gromacs_replicate_1,71.92234,6.065189195413962,6.20682340620803,10.203011,5.08198519941362,5.1801938767633136,7.1925583,78.72161393684121,87.59542620400076,84.68379441619125,87.28147703124358,75.7812947790096,70.10431307870506,68.707729537467,71.69115924133273,84.36062271537271,83.05166854702463,85.83675043147811,80.1764875614733,7.492587582958173,4.776738319233667,6.887479155852464,6.98002094108561,7.1210313954512605,6.18897382829398,5.7554635831029675,6.835749162897757,9.858986612220713,8.787658148283606,10.061952507953198,12.060228886079633
80100.0,gromacs_replicate_1,79.24887,6.464460402180416,6.429372301179808,22.900848,5.32441862162139,5.295765073301082,0.96001434,88.76047311080431,77.47493383952067,73.59639982176047,79.33498772226432,89.06839089148887,84.77723249552626,59.9966428502255,66.02161784466354,79.1021004280382,87.91114843597884,82.73049060221074,68.96244774432584,7.1246163117953545,4.8917719221963,5.777821969547871,6.113936041837349,7.344630579710431,6.6438705342136934,5.820992010715105,7.276064652093777,10.018596554235234,8.74740996758719,9.80429672659628,11.213753856171918
80200.0,gromacs_replicate_1,73.79439,6.458798550999303,6.182304738607133,4.5597,5.253246114463906,5.506270762645983,19.50576,64.94092676515446,53.089204400802004,47.737476225822604,53.04126508834325,63.24582964875492,70.23108774612727,84.40482911123912,89.86421416015885,76.6507526378681,66.10147341296533,72.25586774230818,87.71626624155645,7.385446367358666,4.846098454908112,6.204201730585784,6.594614465001433,7.370114051939002,6.108988663335972,5.714407810672739,6.817952511794024,9.933014172199776,8.934294421653222,9.857804076307842,11.477348742778963
80300.0,gromacs_replicate_1,62.244617,5.883226089671234,6.015638623766416,15.397514,5.059916395034634,4.853226540267397,3.263527,83.99803313504161,81.95115874978481,77.2797497974781,83.46109873658355,84.82049146566956,77.72413302743554,54.654885562276704,58.64540762665252,72.21168325187895,82.85243372166566,78.20627127307331,63.59326488577188,7.376998742475113,5.157207754571653,6.349790015409585,7.01538061094295,7.597902759002829,6.535177307111541,6.305234414045725,6.945009072506043,9.568283127500314,9.152349963513714,9.31376198355642,10.790545211465128
80400.0,gromacs_replicate_1,75.12044,6.090844461113404,6.073989229531802,7.3225784,4.996360754897668,5.101198134496483,0.46933746,84.2628565544072,70.73260106493714,66.94723583258852,73.91907961094635,84.95289353361073,88.89768400558934,65.33328211284987,68.76294622004964,82.29878369914303,85.35727215460538,87.66214158889314,76.90915426296809,7.246460543198218,4.528902600306627,6.579383821481384,6.953336848614306,7.234646640249503,6.375094577391961,5.544720811070204,6.509654484252577,10.126563303021399,9.124893035453166,10.418019325391297,12.200718716680358
80500.0,gromacs_replicate_1,82.26926,6.34204794014235,6.446562172966754,12.978699,5.337126842091003,5.470576912188277,5.5415726,86.73050477239515,80.4537681816845,76.59602085192873,83.51406880177697,85.68810994287144,79.56613871270186,71.9927845562269,78.21461780958921,88.3171754957724,79.19057446793411,84.76136962994634,79.50271672631318,6.959471851764645,4.322643273119563,6.345325615357136,6.72422249268808,7.241310901442829,6.160720020110337,6.11216975841936,6.886954575009366,10.379477115321956,9.33660430126214,10.05336638850565,12.109684418617974
80600.0,gromacs_replicate_1,63.535637,6.258949723654184,6.3774269077539,6.8778763,4.865399434385407,5.091147064918662,17.027649,87.66583440733443,78.96487629380762,75.86514017507102,83.96569418021333,85.1945440095379,79.3405461874692,80.3660629951565,85.85765175302896,80.13630361909928,68.94176480838689,74.20287763077981,89.18582991799693,7.7502029640267605,5.151167802552116,6.8656576105322,7.046054769416151,7.334577872011663,6.39220402000363,5.749300708207736,6.622437621883216,9.542939024654817,9.06928521439449,10.164719273632414,11.937282965355934
80700.0,gromacs_replicate_1,75.752426,6.366245347685132,6.4649130904389125,5.557846,5.0626538090555036,5.178054186006834,1.6325912,88.56753541349998,78.14822061253379,75.32397904512469,82.99372625447488,86.3840420758428,81.190081929258,68.60255773984282,71.05980685749114,84.47803325178803,83.21694850035934,85.57334293578135,80.69097556255218,7.572237877025666,4.799807452922472,6.666908345709067,6.895770719284407,7.5970426071392625,5.940875475074801,5.601155967571641,6.2504758028757585,10.015940623310334,9.040986395576644,10.042218105514811,11.935863200423931
80800.0,gromacs_replicate_1,81.901535,6.569316289594034,6.315180179376313,26.392021,5.43901209980302,5.563581624522996,0.37371826,83.55609447672147,72.76908824421099,68.48461261621789,72.4847932619282,81.46174473293924,87.84194090679458,69.18639096158098,73.60653423223964,86.2336017748472,82.69683978731061,84.9233736893521,80.73371498610292,7.135457952443242,4.486714148714026,6.158115275629272,6.516478600018266,7.081721915885499,6.005914100070162,5.402294433511649,6.581855483790874,10.857494277928076,8.715817239588896,10.163454989666825,12.335729441197604
80900.0,gromacs_replicate_1,76.34789,5.983109810967711,6.047031368726179,13.534996,5.333324485793747,5.406244932608341,5.2052307,89.45798760397464,77.11762846826231,73.49274407163188,81.28858501534994,87.28847800800048,81.69453053303637,68.91623193184809,71.52575017090567,83.65690481482669,84.45617717487096,86.62600500289076,79.30106627248784,7.232703529008785,4.760720418887237,6.155190226099932,6.648314528119387,7.503010656880786,6.417998855220335,6.363886137125739,7.193906509783066,10.223935911048176,9.013337042670083,9.842180226653014,11.172738125936588
81000.0,gromacs_replicate_1,87.58813,6.275017686430257,6.2919860420445515,30.456635,5.0455666364594185,5.157219891943178,12.397537,85.94327907201786,82.20391683368103,76.16193050973929,80.52636165051369,89.847061000576,83.05223047051064,57.92289222022483,60.4750979811883,75.00076959343583,86.40668445286589,84.50176249890201,70.43856881306029,6.982356017839128,4.461510345490537,6.107429172243546,6.300843135591397,7.520094952993004,6.429891019716312,6.13217443641926,6.430521676374551,10.566670434563353,9.30791000516582,10.325792557329418,11.795990161023152
81100.0,gromacs_replicate_1,69.64877,6.17710553870138,6.100915054752591,1.5155563,5.106831690825815,5.212165513747815,7.656517,80.19114435358887,66.78217101110954,61.331786969160916,66.19746403218653,77.22560426060207,84.93226470498729,68.31918137804837,75.64296949662662,89.60120612689967,81.44492652523994,88.14446818853708,76.13689094944013,7.232467389913283,4.831763682450659,6.120900548631676,6.5035250001198195,7.254845517553383,6.2521924741509425,5.919761908235504,6.831114724597088,9.886627887776397,9.186869743069549,9.859855944365714,11.439737798300957
81200.0,gromacs_replicate_1,67.94366,6.198298396114171,6.324695815742835,10.083015,5.0021917105404405,5.080439831319271,5.6168213,77.52550280225948,89.2092776586233,88.80143036129036,82.24143757120208,71.16046430437746,67.44820873387656,67.05794187673344,68.73260513226886,81.54324076784765,86.10652394475905,86.28757662373307,79.85894882837322,7.231510016467411,4.8153041888983585,6.1282855753846075,6.372330629570027,7.366015904551951,6.252865078790519,5.758415909997082,6.660489809837393,10.329494063216329,9.10824831742467,10.17406451790982,11.615921261237181
81300.0,gromacs_replicate_1,74.34814,6.0547689084589065,6.086623643376466,12.221024,5.4628241417166565,5.565091236898656,6.6736526,89.3015877116373,75.79771763834566,71.16480510718155,77.7167495476312,89.09934733861611,84.28449538549071,70.56484195669013,73.74921462245636,86.08544162127012,83.32394934228066,85.21285092226445,80.50473577109712,7.527429851502041,4.779866553227186,6.581434586918458,6.567042353830482,7.025966940809754,5.912670988325189,5.981501232959396,6.695936209092825,11.07399794946023,8.569412710615241,10.168988697764862,12.470547837259222
81400.0,gromacs_replicate_1,70.727806,6.231055471841351,6.064655878097525,8.344345,5.0316074814349605,5.037053283535577,2.5391083,80.39023504791201,67.73008985292584,62.88211454193615,68.31925412461968,79.19849778863805,86.4404663482785,58.395891815865355,61.481741035118915,75.22120634210233,87.84243829558538,85.11837087163188,70.01087607640433,7.343309841360075,4.939335529311533,6.432868644442825,6.6626086383272485,7.16840153669389,6.1020419388796565,5.832657669396921,6.785222954899337,10.196819342010523,8.621700457216901,10.00432360185436,11.861417308736458
81500.0,gromacs_replicate_1,64.552605,6.553102341614947,6.390155456737949,3.1564941,5.8551956223292265,5.937204557179372,2.076973,72.09656196920338,60.03632020764554,55.12883569555529,61.12870346755501,71.82061026779171,77.42730614058102,66.31668200235276,70.48947922079476,82.67441428801078,87.61060430117391,89.46913870872613,76.30237900177316,6.858833908685102,4.428829361070458,6.684752663363879,6.9381356827949485,7.331009170223528,6.659706383105457,6.3835822211876625,7.097092323525978,10.804904471999007,8.654987234033412,10.593331389233947,12.391819985869082
81600.0,gromacs_replicate_1,79.704346,6.981291776215773,7.018530933247792,12.466438,4.97823601039531,5.089253584147456,19.114525,89.22825834970159,76.80923666647764,74.3685342913905,81.30510149255389,88.93712487973889,83.86907934170246,53.76477525911202,50.87817564988499,63.70921834116541,77.8459021270324,80.12899387224257,67.92040284115777,6.79121118684044,4.534911720507726,5.920157304507796,6.364731935870024,7.801752556554259,6.978068234507906,6.9294543980585095,7.108503257196347,9.743595380558364,9.339627385277165,10.32455742262959,11.303795502158609
81700.0,gromacs_replicate_1,61.647453,5.806238748656484,5.867431386779523,2.557953,5.224065445086862,5.234070968912291,13.268448,85.49380677253836,71.42473714014221,68.34672109248196,76.48172915293254,88.56878070135978,85.74448959125284,68.80171920449003,69.58305888288392,80.90679662471548,86.53117444382563,86.43571891207151,80.27478340566944,7.7428621768622214,5.18468487432113,6.631676671473217,6.81987139534746,7.24612146688982,5.9739001302846875,6.049446811188932,6.277499231170119,9.914449941854755,8.933994833468143,10.229184706275221,11.986408521687576
81800.0,gromacs_replicate_1,65.40437,6.070506133521247,6.006507122686439,10.4941635,5.436406015358892,5.406170855062983,10.3209305,73.40549327957292,59.46472454811192,53.62511355883114,60.34463403806134,71.92898955994079,78.83658964413495,66.42186230399216,69.3316585725385,81.26485641893706,88.14972279741754,89.70104540557924,75.97935386493334,7.519236034935371,4.8204270548230745,6.6249191745809215,7.289795914698086,6.8628201214561395,6.085983720874854,5.9886227807494,6.923414226748622,10.26240880094797,8.225965322170342,10.026658658691655,12.338842269793322
81900.0,gromacs_replicate_1,73.60639,6.069945909613015,6.1587959236522085,4.6328125,5.3560603349429226,5.365660913146767,0.9410324,88.63090506270804,75.00200249843307,72.51289486376452,80.65077345938907,88.33607952834994,82.37802001882618,61.94599491085243,63.13535905085272,75.78397042297821,87.68639900315227,86.06923483232464,73.41118838595234,7.306691292308457,4.831209931612154,6.480512958285732,6.357346403886876,7.5375456179778695,6.427537258603433,6.391327403579958,6.697434502012667,9.966361664211862,9.128792645832533,10.159373348800028,12.045901601408302
82000.0,gromacs_replicate_1,63.520184,6.513713144521425,6.477733893909462,9.865036,4.716823308162709,4.799739749072019,4.5396805,84.82380427528867,72.29028796679923,67.80156943755775,74.39949655332778,84.5377456987259,89.30269982077247,66.52769255794352,68.71321616950591,82.43200829858857,84.00753391202358,85.30277849644445,78.65638928742788,7.663007480751911,4.7140424680501445,6.933310728747822,6.642087851982109,7.3680846662378565,6.010183716936452,5.752960774340883,6.286483572355265,9.999475439107751,8.42528310930907,10.38536250530246,12.348920313511314
82100.0,gromacs_replicate_1,59.793083,5.545303003916955,5.4506442500749674,3.4881058,5.552054315207622,5.388638683432008,10.495636,82.3645646036598,67.3920062688921,60.611565907097386,66.00560001527661,78.11654821147113,87.2168884341709,61.80373072315719,65.26845250496852,76.7525969515375,87.49156241799918,83.57009007502963,70.18859159851574,7.188033313718269,4.65958607022568,6.337048368145568,6.896093644340289,7.4107469790450695,6.366312985751258,6.265082542280756,7.198819091417313,10.155984414472108,8.752281722266238,9.830019466972757,11.62632378218307
82200.0,gromacs_replicate_1,54.87381,5.380912061449474,5.52008050827495,13.35524,5.1698973079629935,5.1617101041157385,18.479156,83.69736452052531,80.59828648016587,75.17883936684069,81.49878673785891,85.33760276456145,76.77247948873007,69.39777135816108,71.4208816840031,82.40422908414017,86.20719975216237,87.22566100301474,80.2688971664483,7.510911824047991,5.2062708743322,6.669823973995511,7.124873421740764,7.395485367664717,6.253734105967288,5.8001286285436215,6.525981822240967,9.84996555332054,8.365334390436796,9.415424949846134,11.420771780130831
82300.0,gromacs_replicate_1,61.91451,5.999850235676571,6.130423962052151,6.762985,5.00549032666935,4.998658867782425,4.471756,84.29607273226394,81.32993157159962,77.1669140612228,85.38162680863336,83.13318685767508,77.04836447966638,57.719186058748924,58.32846623865046,71.82430275276428,84.09063486686682,82.60229712704773,69.53283918672788,7.214161564850942,4.650942135409488,6.351318962391183,6.535617131590111,7.418828054984029,6.521472781360305,5.862329989612438,6.646408747368113,9.941648112163879,8.815217412180239,9.92272409987306,12.086545795336681
82400.0,gromacs_replicate_1,68.94201,6.038299508245238,6.127913751227384,23.476799,5.258148660336112,5.245115740384737,0.014579773,85.88263985566732,81.48913835785454,77.2073438888444,83.17209528260332,85.7372898541941,79.17477544440322,61.03730417381067,64.13237198227205,76.57165752154174,88.5051280154669,87.1288941810353,72.42972277016416,7.3229123358185335,4.697605445952365,6.274773058742193,6.648752955170794,7.340932801748225,6.0151570160278345,5.597758963904041,6.576013965939192,9.953860696654457,8.808138153512164,10.157501932255418,11.970558259203061
82500.0,gromacs_replicate_1,65.96225,6.044577827476072,6.196048564682288,9.7124405,5.025471896315895,5.07875809077815,4.0355225,82.2254692037463,84.5464219931533,83.62361816908384,87.15852249473011,75.72418796107452,71.69351180486275,64.72270732942724,68.11919711943001,81.65021064361879,86.0621734774194,89.73442042055001,75.27725947007768,7.3110126779499405,4.563238112065593,6.235242133600972,6.708853487251513,7.13237555439308,5.98994816692228,5.6422597576966504,6.485340631116216,9.919995807352022,8.61595631464023,10.173186658856382,11.72732294417613
82600.0,gromacs_replicate_1,73.26426,5.923760643590555,6.0247487812339475,5.2577057,5.295221869161798,5.427766894947687,7.7441254,78.39202397469015,87.95533130583787,87.19328360337033,82.49890993601994,71.03048279207418,67.81428716944914,71.45823697293308,74.37454876102308,87.9349788182885,80.819573287025,83.88821020568625,81.65320745363157,7.513865132887438,4.941023434105458,6.536286893990532,6.849344861285151,6.888171778398156,6.219544369193882,5.897667715643489,6.639982419281877,9.882760445779008,9.067052277505317,9.780939559723626,11.88701112454044
82700.0,gromacs_replicate_1,70.22676,6.1098589027766375,6.212679627563017,3.951912,5.24105279123621,5.30983892955125,4.0548325,88.97411140034836,75.69587079832812,74.96268578048796,84.34936879752101,84.44677752221659,80.95013613152419,68.40183145150837,67.84338869647108,80.11813291891133,87.05882770291605,86.52604351021822,80.09265051072948,7.302754467060672,4.801571607878118,6.374478912445878,6.5533881560696905,7.207646477762112,6.1567588148599,5.987875461117446,6.361551236211034,10.604107052297865,9.000262830648175,10.125075992648517,12.300283633870432
82800.0,gromacs_replicate_1,55.67244,6.15528750172642,6.330975630893284,12.309547,5.25656627814881,5.337926296426126,18.555183,80.00182243925411,86.2668181307569,83.1028568475378,89.3064309294024,77.7985386561997,71.38045880104298,72.47496639525872,76.18559210596683,88.02265549014793,81.4934443369741,83.95722286133422,81.69929452313589,7.614527638858908,5.084929075386133,6.439717118166139,6.598539858161863,7.236439194409151,5.932609798202048,5.747186466259041,6.261890106445014,10.041629085061894,8.67010582929126,10.010029395208177,12.066323732017281
82900.0,gromacs_replicate_1,67.79883,5.9884926952155615,6.139144101162366,11.243828,5.334042395339886,5.19837452177314,2.8190765,82.0277971682372,84.04048233928764,80.32486649622437,87.76225031168656,80.53088019491761,74.19883394463581,53.80103355737298,57.85676947078537,70.85582943257118,81.37136892989089,77.19592229093263,63.93054880438024,6.905730671531604,4.656165598029511,6.2653725696868765,7.269802541423622,7.286620885824721,6.064240219605779,6.475554365934347,6.604842731432803,9.939930291025602,9.15241252373309,10.068689840129833,11.633647196051852
83000.0,gromacs_replicate_1,76.08602,6.441176355335308,6.633504901429772,24.293373,5.340138670033948,5.49196396765408,6.566391,80.29531724642915,87.11473655832455,85.26122913288246,87.32312872696363,77.0923992676809,72.30548362481345,73.82135423794841,76.36154029849868,88.93836517084188,79.31193543821662,80.54268918381314,84.96405839377363,7.130419932723291,4.449129739567183,6.216680859499726,6.335467715523925,7.360000204139055,6.3827298601905715,6.212078396950765,6.895819160284744,10.52469214191913,9.410666090961927,10.446392902372928,12.0333401689478
83100.0,gromacs_replicate_1,60.692047,5.717276725163112,5.809176017239295,10.33374,5.163250715468268,4.97978469128544,6.071617,86.71271752754247,78.61056470115743,71.88671823953551,77.34151276218391,89.01518239368995,82.3947595537067,56.431755530264866,62.716726296371384,75.68362684499458,84.33011885370613,77.88586426465277,64.00221746268933,7.508063093967504,4.75244858794041,6.083577608757931,6.934244339063706,7.259231729205276,6.541746537215567,6.4858690410362785,7.187486788331997,9.713789073211267,9.014652478683704,9.48669442622822,11.662100345212487
83200.0,gromacs_replicate_1,81.84126,6.26710427151189,6.399721068774852,11.605965,5.583329379084439,5.638502949472888,4.341217,81.04832301549817,85.1190948104687,80.8673487698541,87.61333675652575,81.38891357345803,75.02062450323687,62.86719953347019,66.08497326716348,79.0082994143491,89.35811613644614,86.28833872660718,73.03681851819302,7.067061793184562,4.3876229642872415,6.6341993635665215,6.72745999641379,7.238128533629003,6.398047017913327,5.925029246498041,6.666414450317556,10.17445591393129,9.35096212871728,10.219556207972845,12.59133440418247
83300.0,gromacs_replicate_1,82.20911,6.513191208129222,6.608386767185116,13.566711,5.40026353460342,5.489661612119639,8.526337,86.2829749340765,80.67643458423835,77.83903347290253,85.25451996871534,84.76247679169084,79.30271735726609,62.80825076009976,63.68842646366146,76.29861271415179,88.23563476836004,87.78334384005639,75.17439896433851,7.268379992792342,4.504406791896993,6.250723774431709,6.396877087695911,6.873879994486559,6.216692223129714,5.889645560080888,6.600356857340505,10.604210058606531,9.375156923660407,10.466685759694528,12.682547573668327
83400.0,gromacs_replicate_1,58.837322,5.999924719693744,6.011860717728761,3.8079376,5.322294210257501,5.334932036380783,14.3263855,80.17306387043219,66.29537142024276,62.30502688300482,70.3737282946199,82.08579389568456,87.75684565629652,68.88264189298059,72.69531542132343,85.62912776613653,84.54571745124238,89.94691354882293,76.65378172100432,7.276573695122566,4.821834242346707,6.397762351872689,6.891175741579657,7.324467922161657,6.02311663646457,5.762478617135008,6.618682882526198,9.817237348372663,9.335680599838613,10.250876086154452,11.654346471318378
83500.0,gromacs_replicate_1,63.65818,5.471244709695993,5.4739073186226275,3.7209778,5.066370760626442,4.886995288324208,7.550392,84.15931183465574,69.30105808328358,64.50800562763114,71.77735830987653,84.5058513661968,88.36886908615074,58.916444858522645,60.336052695551444,71.7980104519372,84.23846594300757,83.08706225474349,69.2608357500431,7.710494165917016,4.874742222721242,6.896156838632383,7.190271533922593,7.0839704213536985,5.974202026721595,6.134657371815493,6.793809022931295,10.070935109173107,8.9639886149099,9.72606168267681,12.498238107710192
83600.0,gromacs_replicate_1,75.35789,6.120980692808123,5.882527061695526,8.360016,5.1401243088681525,5.212194044089741,7.424988,65.00900120533576,51.43843430594207,46.56685017439716,53.33899208696514,64.45235218395894,70.47883853815237,69.09697535981529,71.21694029264222,83.69594114994358,83.63764674659133,85.72427516850445,80.05661302846067,7.62773635485812,5.20561893490515,6.654211416526649,7.2572361161063546,6.915934621233376,5.9387311773224045,5.4256075369084975,6.615525445734231,9.975259869688013,8.71032691219177,10.126770808262693,12.295263878876558
83700.0,gromacs_replicate_1,81.08822,6.098280848131163,6.008957391354096,18.834496,4.953885658969625,5.057161260241845,5.375458,86.36067774021299,74.28164384356462,69.13997104323929,75.29062740054167,86.09698369122334,87.86751924992896,68.34856877085278,73.48059902433113,87.33564687138482,81.83890620052202,85.80077947905109,77.53848138023585,7.392088953178101,4.677590812046165,6.671909009569792,7.049453377048469,7.258964607115915,6.1935937151989,5.663877702911604,6.975091987234926,10.304456845356924,8.583960523306018,9.914462609905252,11.922421266360876
83800.0,gromacs_replicate_1,71.365364,5.70875840574867,5.813132955488568,1.659729,5.67360373740627,5.492185653750169,3.2509155,86.7477731827574,71.45990058618098,66.54431494789212,73.56630255123986,86.00956851755926,86.84742749432357,57.780990851791,60.3337424971336,71.95701675828248,81.69694361634097,79.79655559579462,67.02961229635265,7.419098422340812,4.901634372289944,6.52987546905257,6.510908540431372,6.894674773605405,6.5912343324036735,6.668449702959819,7.364136435738468,10.293037721110965,8.471157823707305,9.450885204210623,12.083148182441434
83900.0,gromacs_replicate_1,75.36446,6.114562323305761,6.013278919879912,2.2766495,5.120544826648063,5.14616263668897,0.059524536,80.93588656508172,67.26093274491062,60.81496212207634,66.80868699072816,78.06342145262664,85.46562271693608,62.772827204800265,64.16722059262833,76.82892326292371,89.82118471286856,89.23059840246687,74.78071251971515,7.3895978516019145,5.0109430779330815,6.619815763257531,6.960058995464627,6.995967354303847,6.279390701565274,6.1804129348453465,6.486102240277992,10.22626453936613,8.834430663291919,10.23427640335124,11.754908283103436
84000.0,gromacs_replicate_1,81.33469,6.389547037276817,6.367274319947716,4.467552,5.307856159160107,5.311104778723799,0.9462967,82.25218841000424,69.22855361574551,67.05130184195443,74.70506029803636,85.32090405682729,89.75473388484801,62.81701768530983,62.15249739579297,74.1521135087199,87.51855632063699,87.74354022523019,75.44066801692547,6.826584070716765,4.505890689038209,6.022189438488382,6.85308791581818,7.176607400549021,6.544641415719302,6.4658674926016335,7.4486093436031755,10.27890379292286,9.088221429657096,10.164830831927707,11.31789372512304
84100.0,gromacs_replicate_1,62.28421,5.499301027963437,5.4635116453998265,7.656082,5.047737598753662,4.7496357543012415,3.9697418,76.84513628032025,62.060462578032485,55.77864349130682,63.04648533183866,75.15558006414344,83.21114591586569,48.11923910058213,46.17075458470666,57.26721155485965,70.31154514553465,71.59125775187991,59.33416063812219,7.397483762661998,4.973188395748665,6.651065448570626,7.035649966774823,7.338874817582858,6.271793196865726,6.154449602840808,6.863566353303104,10.199748909528815,8.540910477638885,9.491125453947427,11.780531621079342
84200.0,gromacs_replicate_1,75.62376,5.843173092736943,5.662599739787641,21.028656,5.226364028669825,5.087857357250957,2.30233,84.06976611306068,71.32472173348026,67.06921677810416,72.39988524092672,82.52993960066658,89.8963115077089,54.09158721562251,59.34006884057763,72.10353777323687,81.75298524648386,77.28279813926493,62.11199266458389,7.086678224334326,4.790546279672706,6.184901446914009,7.135723116641125,7.336152943862562,6.385851374685938,6.312808116794672,7.192486876842768,10.391527931897263,8.855049937778405,9.789607850165291,12.056303191221955
84300.0,gromacs_replicate_1,75.468,5.88982958544489,5.803579628515071,7.7000732,5.244221386578833,5.36003988694021,4.4522476,82.85110095951526,68.99583621191088,63.826291982839365,70.77947795144401,81.82588821028,88.58154436595771,68.3732428527777,74.53525419007855,88.15861001723908,81.86008739275167,86.49410296269073,77.56502692740123,7.1962035571609695,4.835896734893092,6.798482400342375,6.9369764767880815,7.256949354153187,6.538191714730066,6.289891634755467,7.349720008194711,10.302475612463509,8.501690006582985,9.778045731892039,11.991684030663164
84400.0,gromacs_replicate_1,60.35846,6.014439692783891,6.130770005386053,14.684601,5.274244850401308,5.241017122338064,2.8349457,86.6094799622828,79.74572811378027,76.55953215268642,84.48725985351666,83.96021924998858,77.860189806726,60.09883531033387,66.42468392384477,79.83722158806569,88.15708841087253,82.39131248832707,67.65067003972524,6.923534379873692,4.387138548160507,6.55682960397026,7.006753833313771,7.341843344494988,6.531598751182821,6.516956729184707,7.137737980776696,10.080784501804288,8.726957990656675,10.341184394618997,12.087366135573207
84500.0,gromacs_replicate_1,70.36384,5.537613692896995,5.635457701571254,9.710747,5.3919258547788305,5.273725617931975,7.701233,89.0002694801839,76.74493989102423,72.7597857585617,81.5635240454602,86.22646261714996,80.23552486582102,61.84861868105141,64.60806183020516,76.14960942008553,86.9814950197664,84.22000827340541,71.08282100473994,7.969064703248147,5.071515583546137,7.05999871194324,7.478721827571536,7.28565980091734,6.128634147967662,5.939296196275812,6.860863950609634,10.157774095904212,8.507876692429312,9.639725793053245,11.518188253210917
84600.0,gromacs_replicate_1,75.591354,6.09134213315093,5.8683873952286145,6.0469666,5.356697809303263,5.304293306836586,3.02639,68.7497874591184,56.218502396661805,49.01210166929612,52.90905007798236,64.04525385677277,72.55172270797085,60.964565098588984,64.55031641436726,77.24040320203349,87.93225998955656,84.83160962467838,70.83651999473489,7.482547120854805,4.943125662045525,6.466336084817113,7.4297774921069974,6.912240975727717,6.116122967735136,5.939442975945149,7.117722803308223,10.441390248741442,8.86910684564946,9.506748923676028,11.60757457548517
84700.0,gromacs_replicate_1,82.57093,6.249229754037961,6.247493716921623,19.43834,5.364564399254925,5.499992645676987,1.5854263,67.7138944904846,53.768315809527685,48.94577834384267,56.465922023119,67.3467646924021,73.44671865995875,70.21064214763551,71.5672796380799,84.36531547965126,83.11307496283453,84.92617701603692,82.0266060404314,7.465444503750795,4.763679234014535,7.206789904450502,7.237800140226757,6.617943176150444,5.884174453738843,5.993210913028581,7.272200080335409,10.53708468470926,8.714721920783795,10.494418949463542,12.65943005872746
84800.0,gromacs_replicate_1,78.62836,6.167518219295863,6.22538765525212,8.282845,5.4512916617273595,5.5350163619131525,5.447731,88.18600338160799,74.8111137256629,71.13219844543043,78.41455279967016,89.8185306530694,84.47868971016072,68.68559130000227,71.73458745603921,84.29870631177356,84.79134761075397,87.1441360349285,79.29343497509804,6.810120043630324,4.4942977704126825,6.133484840569259,6.437671427526812,7.451686377137385,6.3557219569573,6.617320227260991,6.8642801999304215,10.739256638163548,9.318473634200377,10.13756186686011,11.735864036945982
84900.0,gromacs_replicate_1,75.30733,6.311405410127478,6.406281749148088,0.2383194,5.215509452329754,5.170932669559609,0.10027313,87.77955826945274,74.95101636956636,72.28525396608022,80.69083943692058,88.65390771455257,83.46893389810172,60.16104365384814,61.01417720590083,74.12401900635017,86.07955056298806,83.84484052185765,70.80492579118281,6.94661840423984,4.494731920729703,6.648446169702088,7.164039048790528,7.430579229094267,6.653191443933725,6.149845186767046,6.725368350989049,10.130191993565077,8.78316506886452,10.204538567503594,12.105990700574392
85000.0,gromacs_replicate_1,73.944435,6.127386195930102,6.272696112257008,13.584618,5.184303124462577,5.225715118567311,5.9928207,84.96156670084147,82.36481044328225,80.5024298604821,89.11614277439837,80.25304197979816,75.25923013225778,66.15283129842335,70.53413550048333,84.12611197007413,85.55043830302,89.23625527813829,75.9562122043312,7.380486876503405,4.679945933259094,6.510158394007822,6.503110748183847,7.341839822232074,6.209915567147754,5.9387543806003045,6.807109138240156,10.29647461018983,8.815220438851478,10.023822129226625,12.164820247623497
85100.0,gromacs_replicate_1,73.586365,6.033150162499408,5.907792100705186,2.8456497,5.029520300738722,5.058735145451694,3.3757172,75.18701589251295,61.34357293914124,56.94576625299008,64.89878101335985,75.97386405872199,82.01800835864775,59.65481980774203,62.51689147241911,75.79929352300348,88.24996288066,85.90225998608055,70.66413764431348,7.451710756512636,4.869794457686168,6.379406271122235,6.686145563776313,7.1451095296063984,6.21446826533927,5.93053840858706,6.454956778273725,10.155201245272844,8.462123297746938,10.0336323040454,12.35726272499417
85200.0,gromacs_replicate_1,68.730225,5.802615297118435,5.964738758739582,14.252495,5.179486612600628,5.114320129533503,9.954948,84.09077374019634,82.09662614760332,79.00418388682492,87.48504438336619,80.91528232451273,74.72119406762859,63.368785575716856,66.86959497948838,79.03146093920634,89.73834693280456,87.47671623802316,72.96691708610123,7.811183557427719,5.330678113268117,6.662145735567976,7.006062868218858,7.3047242591090065,5.80902242173269,5.296980084377496,6.328312111865089,9.719814338306566,8.64626050529298,9.925769089033555,11.874294371717797
85300.0,gromacs_replicate_1,89.39862,6.367533448516507,6.532503621601365,18.232445,5.234003850516361,5.349616578481222,0.007675171,76.8867597777032,89.7646884637031,87.98656898729321,84.05838166397574,73.49655643199198,68.22523867941467,67.14529399201624,69.47723536125726,82.76863628905866,84.9234072688626,86.39976989938293,79.29057585652403,7.32015012300367,4.865504237358041,6.3891056632491114,6.703620086546159,6.9967647225943495,6.016002665672535,5.716774292200381,6.82448116263773,10.079233212438028,9.313909484621266,10.285599218073672,12.146967007540521
85400.0,gromacs_replicate_1,75.979324,6.101304435647712,6.029797854105912,16.597519,5.189506129528758,5.0467227775922145,0.9849396,86.26351628150942,73.10267329345048,68.81813787685948,74.6709568790498,85.50834199622125,87.3509304420112,56.198508522960466,59.685078979424304,72.1687824372943,83.42464592983852,80.16782153863039,65.82767769972185,7.385165940963572,5.120614892637377,6.370629980015463,6.83628554291044,7.268399081709899,6.517068901637752,6.115816583188632,6.684983500362891,9.807400961018553,8.547733275646113,9.847686778922647,11.498386080332114
85500.0,gromacs_replicate_1,74.81707,6.279872272987284,6.218047657032601,3.1953812,5.218616865810424,5.117319947333763,4.3565674,80.87443009907705,68.03346597473927,63.28437914339174,69.87571218732525,80.95364633804772,87.58352766238478,54.13520371033422,55.41339806388402,68.54389683392859,80.32717621303381,78.7259511730512,65.8385592636588,7.268741400622171,4.364814944311222,6.019028588645718,5.935709201479323,7.6843271646300675,6.43206137690082,6.536067715521303,7.0315293877246905,10.11949803810474,8.937041137323051,9.895168816361787,11.426800630988916
85600.0,gromacs_replicate_1,74.42731,6.4407027407446495,6.562290428323952,34.02088,5.113593392251417,5.2564034850677395,2.429123,84.09730897895945,85.13749921548259,80.64804289486672,85.43562007673339,84.56803595510979,78.47743306850893,69.21951928129351,75.29373854062484,88.41913311153107,81.0289491598941,84.01913824188568,79.52612260916113,7.300901368490069,4.86181304115045,6.0560912108295355,6.91645908717088,7.26775640960272,6.161781460822129,5.750089544177774,6.672282975894588,10.156471897681243,8.641830305984518,9.981648465975963,12.37193720873319
85700.0,gromacs_replicate_1,63.72129,5.412167761248713,5.491252765694053,22.890602,5.367632995759157,5.185970201220053,7.158684,85.36686084892216,79.84842221441325,74.1554863628548,79.71601149994261,88.27267185177602,79.04871431161258,58.05912376221394,63.22527553811931,75.20497768577965,84.2280140802007,79.44104483437587,64.96955407521227,7.4723755222581225,4.9553735549750115,6.442065183503483,6.8459152135880315,6.867711679677933,6.359644946233922,6.234964620926951,6.970998076520862,9.847848120172843,8.585287209684548,9.74986101947861,12.284296069483931
85800.0,gromacs_replicate_1,81.385475,6.571979808154632,6.492123196398525,14.579636,5.466121658486268,5.520088992660373,4.2658615,84.33433546382864,72.76896579061928,69.74773991378453,76.73179866774674,86.17814779339295,88.4709319239767,68.4739563331001,70.48333263059438,82.92124674138402,86.05150903023213,87.06096784540698,79.80188188734422,7.131591607177605,4.718502710710898,6.724209623023917,7.065404992464318,6.739059675676422,6.107070448652891,6.078181592826531,7.082435585949255,10.817695214428742,8.574412694310455,10.183451844925301,12.319575471417254
85900.0,gromacs_replicate_1,76.37697,6.233674661395006,6.01597540498513,6.697708,5.198971685672233,5.202809909260446,7.19326,74.12742935849825,61.4317474806427,59.03189472765275,66.21271716639633,76.70151456921923,81.37603282096568,65.63572664776707,69.77155115493794,83.16357689700308,86.25574801753626,89.16336132842548,74.14371796003488,7.012984589029557,4.533365191884297,6.342637614379108,6.578149981130909,7.5015524950985,6.560161702569144,5.969732826568119,7.268194695376261,9.808844610671066,8.467132879808272,9.790174015780101,11.469680773286742
86000.0,gromacs_replicate_1,80.86965,6.180133083588414,6.447770467034755,36.778225,5.362268581460563,5.451532512037256,9.831116,70.86109829999079,83.1454365458866,88.64315058489423,83.87731218739822,73.41137194645019,66.60018171039519,59.124150810337866,64.76444900006942,78.13085711290263,87.71510278503527,84.18524765421196,68.91887681603468,6.875059563918579,4.3934410811686275,6.056948744994026,6.4024350703116015,7.306898325185936,6.2814031570309465,6.016523832528176,7.0104549759862955,10.574073717911237,9.209244009954975,10.524365954021778,11.477933731806734
86100.0,gromacs_replicate_1,87.890335,6.32548941052329,6.489898279486704,22.204613,4.958603067877232,5.130764437882486,0.056747437,79.51592966935586,86.99322472400313,83.1976897636207,89.23420299758341,80.20786740797774,73.38236563594086,72.06596208992073,76.37438693297186,88.8132111041102,77.34888423250288,81.2248830937419,82.94774694524584,7.013789647420028,4.588110294312715,6.146381605349515,6.572810834646307,7.510488085321441,6.199691250667113,5.995977388763603,6.157100894261397,10.013530321045401,9.76086337683495,10.31887676415602,11.217972162801193
86200.0,gromacs_replicate_1,85.70009,5.811139686772145,5.86866495216475,22.700691,5.1975880661215275,5.193009232601689,2.8155365,87.61649590440904,79.37152173304193,74.74033260694533,81.88307016805038,86.83985108633144,80.76229773358648,62.398118245761104,66.67772610731252,79.11090804925138,89.69960321850039,88.26520820202771,73.24852684577608,6.7765541399997185,4.87598998180398,6.222443857591921,7.098118925042957,7.019436987287284,6.316889339227086,5.921851909094032,6.9881764222010965,10.154399753373578,8.78474478811063,9.471766279252112,11.383575604023868
86300.0,gromacs_replicate_1,75.21852,6.178558317436729,6.286003936240048,14.087227,4.899808026662501,5.008708061179811,3.8211594,85.28166111872173,81.03692832452478,75.410956006752,81.4630522345598,87.6774042560416,80.2871141087784,65.38597034483924,72.9548026281236,87.11100671547939,82.98017136337405,88.53386313543925,74.13100398212862,7.159753019624349,4.980635820671396,6.113161676061177,6.727160978989482,7.624785498775994,6.171878161693296,5.944344087041303,6.713916642857634,10.033693540990901,8.835938206499847,9.885275827500516,11.50364692174532
86400.0,gromacs_replicate_1,68.28018,6.122499475704003,6.235922173553851,18.505394,5.238379277925856,5.283813838864621,16.52005,85.7160764930948,81.4830784903722,77.85648218230955,85.0981880470421,83.93229735314985,78.1863878494405,70.01041865169357,75.67453785415526,88.11872898521331,82.39927965085728,87.43958203436465,77.87220426313056,7.5212719302641835,5.03951658879773,6.377060111131952,6.583941788717799,6.9981996267571605,6.162431848641783,5.880562155844823,6.801334471888595,10.072487870007928,8.755773037701996,10.008535187605704,11.311077078233204
86500.0,gromacs_replicate_1,72.699234,5.989680919777523,6.128586505617995,3.8366928,5.203507286326516,5.262667996348397,4.7808685,85.92463317117308,79.94608212028508,77.61393543505133,86.62496354531159,82.0003775365614,76.53127115898684,66.69607214199618,68.3066358089446,81.46183241009771,86.44662045122385,88.7676070330879,77.94956063018839,7.323561011168155,4.937615683224999,6.5835802828875885,6.637485759281433,7.15818265450639,6.044427067977999,5.755875417268965,6.5377187897001,10.238210681598995,8.965987719377022,9.79763900562264,11.58050402795669
86600.0,gromacs_replicate_1,82.057465,5.839328757163879,6.044663392882924,19.419151,5.437278719649527,5.35415942401059,1.7784729,78.19139946243935,88.01321500385586,87.2838447487149,84.21494636316427,72.826224217354,67.98537087630471,57.394184498943915,60.96430543643358,74.0440695271338,83.92974206952955,80.50630237704128,66.97717400694313,6.741224463094554,4.408941903089653,6.36072350038458,6.786454132064739,7.707227932000667,6.700702459739905,6.966330975964604,7.153469780422777,9.738988902524849,9.170276111525004,9.461746074431256,11.138750743821632
86700.0,gromacs_replicate_1,78.57936,5.533900928542984,5.644869030332521,25.073921,5.259699781491035,5.128389478762575,5.9277954,86.27111692671953,80.07083380879604,77.62562887565161,85.44118977497705,83.16981510375399,77.56453835445569,59.41897396992869,63.22787293423543,76.05968929691193,85.87805116377821,82.20044124647039,67.62956495226595,7.240193009577717,5.193776858303536,6.458806509925332,7.372803906571092,7.049113338595379,6.581809546233488,6.782213743743593,7.218101005652312,9.718496578733918,8.75312452941975,10.01070102650305,11.495261410954711
86800.0,gromacs_replicate_1,79.546745,6.406833135945027,6.419907915756145,12.75885,5.264729454677293,5.3508101467319715,0.25753784,87.69624095904535,74.86576449024207,72.24239008751132,78.79214865210699,89.23737139816215,85.1238053732441,66.31065457619022,69.57223425598995,82.41900343625274,86.04032106180128,87.79757541432718,77.14766633185518,7.391180689448296,4.698598927788794,6.781406550741396,6.591565003608741,7.20699091990542,5.938324895699809,5.841688920845008,6.545178260225453,10.544084188420033,9.058495373555655,10.311986892400967,12.198677032850236
86900.0,gromacs_replicate_1,73.59493,6.260917289210071,6.307794145831811,8.037567,5.377807673374608,5.2965240918079095,3.764244,87.53993097264356,74.95058212640073,72.65115889880485,80.56567861385399,88.30567584212015,83.8093895689314,55.57058457690673,59.342195423548574,71.70343075219506,82.77291285051056,79.78560450666474,65.39008810667926,7.907373932262618,5.220403217319571,6.685387362237704,6.9937439344863535,7.148462305512663,5.967441794203894,5.321924352003495,7.087748755475198,10.474277453147028,8.423463032578638,10.312681656104473,12.218138153712479
87000.0,gromacs_replicate_1,75.393135,5.823656740182265,5.772225107513908,18.492699,5.278712747434584,5.314204850412617,6.420807,88.62799253308619,75.1885407136808,69.22940812429394,75.40523274931553,86.58790571271295,85.57366053717405,66.42671192586526,71.77708005755771,84.08140905367625,86.09372547703124,89.63779938846538,74.15367485747848,7.2591680979496145,4.879878462368717,6.8460916248394454,7.232356944907653,6.965427348264874,6.045978153910726,5.391171439044869,7.32590808766769,10.298929342684746,8.414168145663854,10.265516459024415,12.92777021892966
87100.0,gromacs_replicate_1,76.949135,6.571237528914694,6.633352922417925,1.2636414,4.920077033091298,5.026887730169857,3.4771957,86.02938113191003,73.44788931478276,69.6153033224433,75.45491630326514,86.11427594348869,87.77252335935607,62.39497216490383,64.4797216164514,78.3505040651239,88.08064589502989,89.96179950549498,75.1756527502591,7.383630854806802,4.74888051171684,6.764220692533887,6.816193128310664,7.452331517649912,6.050412306519977,5.927405591712618,6.22155587313591,10.097417165700506,8.777902196946243,10.331026369635907,11.794981411059798
87200.0,gromacs_replicate_1,74.60888,5.833947375983992,5.943035157008117,4.3085938,5.02218019037772,5.122038757950055,6.589485,89.42665680825824,76.07127359474688,72.40445603253906,80.5685028088552,87.35601235607493,81.44998420900397,67.70497422936512,71.89563058230935,86.4868514059794,82.41780694692174,87.59227885276671,77.01791294305815,7.777069952479234,5.430670407759149,6.737856395409256,6.543069641340834,7.288312471770209,5.994212088980688,5.5158575960259615,6.368993128567771,9.480390950695373,9.343343867545125,10.289847156461963,11.369571386371929
87300.0,gromacs_replicate_1,66.81237,6.576328341825583,6.365122310231816,6.3567276,5.081883501064871,5.215650323167099,4.190399,78.3978249612421,66.15019894237903,59.6866638633262,64.0520760385472,73.70017418156768,81.91590439372084,69.62838678311986,74.1745471429903,87.31938457121248,80.9990079532213,83.75963176471393,80.92597281083059,7.658137105188289,4.606482604440966,6.768416590091804,6.798703059670443,7.357016614767312,6.040669163520062,5.36025109875463,6.297599073255892,10.164711167022011,8.695122571634748,10.395730526362078,12.480781479301093
87400.0,gromacs_replicate_1,77.66177,6.249351894424066,6.156419621444974,4.3760223,5.11711059207062,5.160035783261713,3.3213577,76.64765057658339,63.40896866402089,56.996932998058455,62.82597984678654,73.83165188828382,81.19256846049899,65.83400646834335,65.7020841831944,77.60629567024021,89.08782521963515,88.8488755853813,78.26031057378586,7.3937490436442195,4.657925712833353,6.558365006368845,6.548542278232107,7.3826143998284754,6.301656682415517,6.019443238803574,6.521972962917213,10.101919507670265,9.083081545632751,10.40147283114512,12.156324519607947
87500.0,gromacs_replicate_1,71.28553,6.242832595982154,6.3030991501393485,8.289848,5.329596289987561,5.233139339906962,11.215103,88.85273263270942,75.3070195459916,72.29853508507253,79.3768655701552,88.87435542779332,83.10661524541565,50.3818286478673,52.15311931808851,64.42538309433999,75.94841179125756,75.29095393802584,62.39702257453285,7.569295338002829,4.845522229421652,7.193295049644146,7.098034838544582,7.270931191113425,5.982327875834752,5.677127020139028,6.562932586297107,10.452502868482027,8.872600563812421,10.413697968235674,12.815633009635862
87600.0,gromacs_replicate_1,71.70598,6.1448488911345125,6.259625320316027,4.2406387,5.205517988270354,5.1912123168985085,3.406807,88.12940176630481,76.90701424058592,74.09028840904817,81.6582137672474,86.70626276297702,80.42215515710302,60.149783294820786,58.91038372313655,70.94267008321447,84.36973776157522,85.8961690879156,73.45284444763833,7.602305179288623,4.929086160281175,6.6538772380277855,6.687962451946139,7.2679175170585,6.14956267822138,5.654074976616389,6.449998809996296,10.408366991042332,9.073254298256636,10.317950830910416,12.168451459409347
87700.0,gromacs_replicate_1,68.066154,6.346296393603076,6.141049864334747,7.311905,5.226481484844079,5.263821691342588,11.110039,79.00338576441983,66.27248013303199,61.00754896422355,66.41466584015487,77.42956113412374,84.41661151951484,69.1149724800496,71.69119137281884,83.63205209087944,84.85146613921198,86.2323004112487,79.86779385389728,7.618029679127084,4.81604016789134,6.513534240498309,6.907187110838657,7.338089706940569,5.9827163068652975,5.629575723900839,6.325180530056508,10.405339282556525,8.797758532342536,10.356557369760772,12.395244815561087
87800.0,gromacs_replicate_1,71.00646,6.4214192415243145,6.144651170625226,16.105568,5.318844031259584,5.33228574593351,2.0205688,82.16524046450068,71.11279572230198,64.13175243151484,66.06119569951719,75.6521516650844,84.4727110351838,62.44435665350896,67.01164154100067,80.13265373843073,89.22566154069614,87.96349523925812,72.94591137269472,7.3529617239397975,4.718477144697536,6.656510513949724,6.659729705051167,7.025253269696783,6.038214706249641,5.398499429631265,6.536293485548669,10.98231903126792,8.760775133180463,10.615856914607019,12.128113499489599
87900.0,gromacs_replicate_1,80.83879,6.504525426862628,6.515030672052726,6.299515,5.203696010112053,5.346651256052321,17.761063,77.62006202543975,63.18610728492218,59.5786103524619,66.47287936958209,77.41335687866196,83.1903546671186,56.03913738845788,57.151361830952375,71.44193256827232,83.37235756130359,81.81430571295479,69.16777077060979,7.389073416026097,4.860055286255792,6.512965785023171,6.585219870553619,7.409154258614044,6.24544176185333,5.819038149747798,6.669383104109344,10.220392604123528,8.772059982739686,10.357860699457266,11.93924431742071
88000.0,gromacs_replicate_1,74.02774,6.308453056185059,6.250932961488535,0.81882477,5.121954108491465,5.256355255189061,5.146698,79.60070251446011,66.60771032286696,59.842790769682864,65.01788963070581,75.76487583046799,83.21307227567036,71.68264610630058,71.18967015757868,83.93523324296105,82.40487689075384,82.26812945375517,84.75309548095392,7.445088335279041,4.813570655603779,6.761189733580682,6.877212883248382,7.067806419439912,5.795634173074049,5.541458571940476,6.2893162096963735,10.54390983260482,8.839952472140588,10.144777780120828,11.941079833475113
88100.0,gromacs_replicate_1,76.62564,5.961222376989869,5.915962066546202,0.36910248,4.9028350916499095,4.945360793761916,2.310089,79.98116356749881,65.75694794061431,60.69675615856,66.98099375017291,78.66913156238088,85.95631849438291,63.92836244398783,64.35884184582294,77.51519642747729,88.94780020760024,89.36433356623814,76.4291652334801,7.57185351273625,4.8231468914313425,6.954354520462516,7.4525735902420065,7.812475042684013,6.235200862734652,5.928907914197289,6.291865268340904,10.467329820245256,8.569152395579888,10.022701882781424,12.345856523781645
88200.0,gromacs_replicate_1,76.12649,6.530809643236338,6.403889059126006,15.415169,5.029058567845991,5.147153716176342,5.7632904,86.16362275597933,74.21784987021276,67.4148480147042,71.14194358510888,80.96576123423107,88.86490336602012,70.95461254435807,73.70806854887753,86.90627243560365,80.61194369406269,82.48028453759255,82.11693446525938,7.187436132796802,4.63548949081668,6.419620892936218,6.788831312372151,7.114462693876803,6.134867639856559,5.701230409896848,6.4497605906733755,10.133596149944958,9.194795359558423,10.357409264059088,12.143039153135216
88300.0,gromacs_replicate_1,71.21644,5.674129932026225,5.806570945523842,0.51441956,5.4762112642947764,5.453028854980681,3.1413574,88.65363898967688,76.77881989705138,72.47770419039534,80.88640131004574,86.92802461440687,80.2407330559379,63.63306634369598,64.0153710588746,75.17464186824718,88.10624642668208,87.24847572607851,75.3980091118803,7.42050297649002,5.013379752492066,6.462920261173129,7.14618883936269,6.960897935838502,5.914578394807401,5.766760135127821,6.926362859833292,10.529328867594733,9.36701420511707,9.703493000273182,12.44878289273587
88400.0,gromacs_replicate_1,70.539,5.7783257180836545,5.670628662435987,21.995796,5.2085294459661755,5.0817972626882515,10.945061,85.97925035228232,73.40899272493758,69.91152194458525,76.03797256772714,87.18650709986966,87.19945504469065,61.93239484100292,65.62055756934572,77.27460588233771,88.51981825954275,86.4414879495146,71.32714950329981,8.04139814287009,5.2409206694498955,6.945227530069325,7.5660840948294315,6.7094386729103945,6.018754034956564,5.274461390112971,6.413165211712907,10.043514015173017,8.49387168198695,9.887287392260099,12.350349163492096
88500.0,gromacs_replicate_1,69.133224,6.06476236902429,6.056108791553039,15.801773,5.13537163898334,5.153520248669632,9.104431,88.75524561460522,75.29366380484761,70.63151837471622,76.82320257812121,87.72430613934932,85.18496393664051,66.73028042926154,70.34341114595507,82.86389388625436,86.1928499148133,88.33832909603593,76.75826863426472,7.640571563980721,5.147983055332468,6.98110450861038,6.848585452365713,7.38256451990274,6.198138118376707,5.680857781486547,6.641478846542511,10.531662452871107,8.982254972204714,9.984874299769094,12.263642587848404
88600.0,gromacs_replicate_1,70.173836,5.879777545945882,5.846002388295853,3.6273575,5.1233004207054655,5.132997786374574,12.856224,85.2559375247767,71.45293232092118,64.18257869354369,69.22049233434426,81.03641577497544,89.40194358625611,67.40134848716697,70.67515401402045,83.66796198304165,84.03087283699101,88.16952640780636,76.65447682515854,7.555217725260568,5.043045904279459,6.920838725497087,6.86707847019013,7.214612740523583,5.867602592769171,5.527559585797793,6.627653589146319,9.993152164057848,9.036945664436677,9.909331018490555,12.258722617706708
88700.0,gromacs_replicate_1,78.81393,5.891263673582481,5.9929790921196116,4.760231,5.202494561127315,5.224944613693632,1.054718,83.0161241130874,68.88035725440153,67.13490424677933,77.10692410664763,88.8667403641747,86.94696878885259,63.26967377450162,65.32129377148371,77.3872661874285,89.4247084145031,88.0755216131589,74.18005295093562,7.325657847396112,4.7058949587516965,6.571872880083036,6.853798911149576,7.036115097306618,6.359495854936537,6.248164440192166,7.179373979025268,10.027544322012147,8.996333593279434,9.714360327071995,11.868029474820602
88800.0,gromacs_replicate_1,82.06803,6.247248102686743,6.21044896065122,21.341461,5.0568735600222245,5.16083425998754,0.87342834,86.97450981705072,75.12060570590127,72.28003110978868,78.62279376732782,88.23845150016919,85.8375143955771,66.69701473254413,71.46423575624796,84.85743619609345,83.28483871856703,86.3869976281163,77.00991951423441,7.3564034067110615,4.52912036933383,6.349566436020028,6.646662925947662,7.436720724853286,6.0498836046019315,5.550889570912308,6.751973158287131,10.081431529978298,9.233275011689807,10.217856182284077,12.306527174642458
88900.0,gromacs_replicate_1,74.60016,6.386411501964011,6.497254817430966,10.528061,5.697211897055184,5.730130513894403,2.3874817,86.1696902366452,80.41412922334884,75.51334542440705,82.47938580961507,86.60707312881011,79.81059072180017,63.594871801563265,65.3249813013527,77.08192406369007,88.03055940642543,86.33261298246678,73.82527668826016,6.607951466490079,4.132735761910731,6.031249666037631,6.154473922979246,7.760009197719916,6.408518220523407,6.130230323267815,6.630227767606845,10.196925102301067,9.703933723338334,10.38627672628631,11.796576516463125
89000.0,gromacs_replicate_1,75.7722,6.05550546744061,6.202947617427572,15.860519,5.120553214950918,5.3175713250397605,13.952881,84.81522743621917,82.15461467185615,79.88598025151656,88.148111349312,80.25298648353903,75.26381416738161,77.0076553414001,82.52910890774714,83.7778753485853,73.46401293179258,77.98078817523587,86.50584316658141,7.37940140957595,4.7888444728680675,6.566357814084847,6.538414649711103,7.351847644924474,6.450470432055104,6.161155056358001,6.389478512480614,10.14351947858128,9.443819490086007,10.000622610268517,12.076506964954813
89100.0,gromacs_replicate_1,78.364975,6.498624696936219,6.666192192427339,16.466393,5.636760437988937,5.638110605059632,3.8816833,81.47084577882954,86.06958513785737,84.38201138398178,87.22393147262888,76.8505921226965,72.57862178005466,67.12859886850033,67.03599348342287,77.53610876741688,89.84652017589309,89.46546364113055,78.44343111479616,7.100084798464754,4.34191448454593,6.316084718326537,6.52589596474988,7.315517018967647,6.300260685672704,5.978571512030007,6.523278674825733,10.346346525131056,9.462068152297851,10.479818950990511,11.680735471203583
89200.0,gromacs_replicate_1,67.19877,6.147915479043367,6.206124356156658,14.6562805,5.15689760922027,5.33416008396661,11.357307,87.29595097274306,78.64617661216569,73.14244539317916,78.43830399458005,89.35532393862815,82.1929313111752,75.31522257445437,79.87390121448577,86.5377154790678,75.48110689361476,80.42973588137589,84.18418137837145,7.311359129152636,4.572000228714697,6.441060794424677,6.402098792130142,7.412075041667601,6.488163816809341,5.839907690676042,6.625253136892148,10.325396312779196,9.743447565856869,10.21324046984348,11.880686163633065
89300.0,gromacs_replicate_1,74.89032,6.36917684178703,6.510728717400603,12.132622,5.099823454757961,5.274390686401534,3.6818771,81.88304028407082,84.37650753100006,80.8751922246792,87.98709561795192,81.06832780515131,74.77929171637277,72.53205106618587,79.0531668102185,85.93227262107833,76.49168687540444,82.89697309258327,81.84393060241281,7.42011398783143,4.444406460888742,6.525688621394111,6.447144964380347,7.37950500186572,6.264546179214739,5.786197396762573,6.357677617728411,9.666193602711635,9.867930826814279,10.132897441266293,12.396428894620701
89400.0,gromacs_replicate_1,72.24943,6.156652480074979,6.259865519678277,8.269081,5.003002647821247,5.123804696276543,10.891617,87.22229057101562,78.48933135733267,74.51084602067672,82.19491923291334,86.840759775134,80.73513089690454,72.43656294954694,74.65014615746591,87.4155689868959,80.20109438601901,81.40586556506331,83.88227103011523,7.674429410343951,5.138844205914685,6.7715242001192015,7.025598535344343,7.5187902582245485,6.29426209106441,5.6734410387332,6.514595170722418,10.018035699949438,8.948894751419768,10.261423909763822,12.18732318895518
89500.0,gromacs_replicate_1,68.27852,5.841706845587094,5.965279006767022,7.6871796,5.163872808833728,5.273569813090583,12.849106,86.34024351368778,78.77542740616578,75.59629322017355,84.39607004436492,83.53940841949952,78.36303932078849,73.423493763626,75.11692240971851,87.67334126885525,79.63214593956094,82.03661596802944,84.0221840836357,7.700656290908651,4.942584191145141,6.71822760014744,6.781246766589899,7.405424889483325,6.262926189109922,5.697098401625857,6.512512083226389,9.636154180561286,9.192129125921575,9.954266606814864,12.200709780194641
89600.0,gromacs_replicate_1,70.49017,6.141176223035684,6.299294999592089,14.82756,5.081105195971776,5.103713686728958,2.450447,81.5927606854556,84.69489200249365,82.58943464059827,89.092936861306,78.04749065026844,73.33914613591779,63.512656987443684,65.43022885142936,78.43399677227467,88.97321439324571,89.69399886386321,75.45297689059625,7.393094574849318,4.663140258572708,6.742246080239746,6.611764571550284,7.115149070902325,5.892684457662245,5.81815326959445,6.334921201807529,10.101744957059676,9.105477728441572,10.101872104686478,11.672246784159862
89700.0,gromacs_replicate_1,81.55909,6.232672901719939,6.076250755800272,12.354668,4.981041294427161,4.9519785229858675,8.655167,81.85190854495373,68.82677714174132,64.54000551220663,70.23658981849225,80.41165616878087,86.87488993820291,53.90443671290404,55.14230561911848,68.84627104677952,81.87384505617707,80.84106009331504,66.80094885686806,7.54057563644184,4.799063356581936,6.725129646187174,6.893447217869208,7.4471446174931195,6.282746314930673,5.9768687034817285,6.9096605326012766,10.05840378865383,8.563525809946782,10.136926234038537,12.085032105668093
89800.0,gromacs_replicate_1,74.329445,6.196350015278634,6.286847968190228,24.73574,5.073359056410387,5.082880524110866,13.970169,84.31500280625505,82.590078148967,77.49739818530634,82.7539656690731,87.11362041197623,79.68298909093488,50.280464398858406,56.14084517398286,70.34813700464655,79.99945480422835,75.87382895158362,60.57252910263688,6.94180765843997,4.5664162842843545,6.482161833948256,6.737612490799425,7.348053786603273,6.6141638138898875,6.300155630233376,6.47979277969715,10.221508950644004,9.404214504830792,10.015187984170371,11.705386514417233
89900.0,gromacs_replicate_1,74.59375,5.835234189324995,5.956332917812205,8.340416,4.995739829527319,5.022288883806785,9.337509,86.59058651427164,79.92175084016412,80.9277446980396,88.73811827405544,78.26019790430311,75.87558553922369,56.42136696754939,56.25325372532264,69.65374226445601,82.98901209537276,81.95372621217797,69.20381824010937,7.430890109643025,4.7937691820182184,6.7247271079410496,7.036650488868383,7.231732224327646,6.122549217012677,6.192406480695864,6.456474899885793,9.743984969216111,9.405104729948706,9.877482328876958,12.294431915012483
90000.0,gromacs_replicate_1,63.04166,5.478945427042126,5.645152734902898,1.5150528,5.5692048721490295,5.317051129940873,6.5683136,80.91420603189157,83.28352170735143,76.5797182237523,83.59020925639824,83.35953232343,74.9223893050735,55.90907263304544,58.964041640780586,69.81027728630694,79.91441758023588,76.69262628115393,64.81580596139653,7.197410881382394,4.995839955467244,6.187894283293055,6.60890943771065,7.185280431820677,6.165323718131612,6.363551724684284,7.439273591736188,9.926662315431553,9.574452357534218,9.292505779475047,11.19430122872214
