Time,Replica,Global_Angle,Dist_Phe389_Geo,Dist_Phe389_Weighted,AngDev_Phe389,Dist_Phe390_Geo,Dist_Phe390_Weighted,AngDev_Phe390,C1_Angle_to_Phe389,C2_Angle_to_Phe389,C3_Angle_to_Phe389,C4_Angle_to_Phe389,C5_Angle_to_Phe389,C6_Angle_to_Phe389,C1_Angle_to_Phe390,C2_Angle_to_Phe390,C3_Angle_to_Phe390,C4_Angle_to_Phe390,C5_Angle_to_Phe390,C6_Angle_to_Phe390,Dist_Res_114,Dist_Res_115,Dist_Res_118,Dist_Res_119,Dist_Res_190,Dist_Res_193,Dist_Res_194,Dist_Res_197,Dist_Res_386,Dist_Res_393,Dist_Res_412,Dist_Res_416
0.0,gromacs_replicate_2,63.455734,5.768220958040137,5.907617566822713,3.502884,5.410360666031416,5.345619219844219,0.579628,88.34547411194096,76.32628173704838,72.1186778794907,81.45140299082442,83.87420419230747,82.08941909414901,87.93683798608357,82.60017249055419,69.75439383318708,59.70988320809136,63.15597691564624,77.67968429934785,6.801018150780878,4.006589864656808,6.015641654922832,6.067887710775493,8.009441489682352,6.550730065130453,7.009441691834494,6.9489645674883365,9.188587027606088,9.553413975773363,10.11807188396308,10.830829894189613
100.0,gromacs_replicate_2,73.44125,6.111845531542147,6.296249078300137,17.161102,5.207045567725279,5.205752883814763,5.607216,88.49576091535495,78.09055373158485,74.00474947820254,84.20606190379134,82.96144202250254,82.85126507021342,86.92835628191894,80.21812337293261,65.88434022515538,56.683003540672125,62.696986660130406,77.4692547340394,6.83621701551524,4.422933699800031,5.7607510565517925,5.599988929155678,8.380167219071708,6.973633102191233,6.981204599393816,6.656739375808755,9.10218021366963,10.10705429594947,9.729675844685191,10.354636486509957
200.0,gromacs_replicate_2,82.87329,7.677516155342556,6.856393917868493,18.741585,5.0475651404108355,5.234004008809458,9.110764,19.603194909529854,28.697458698962116,33.53734026486962,31.302391307729906,22.871539180700008,17.28027201810694,82.47430978917316,87.82531188842907,78.88963172861239,66.80483195952856,69.70191576701465,86.17639390226645,6.970255412480577,4.387967985496865,6.333431175590549,6.194505936347247,8.268095672035205,6.762793800921203,6.710099196376648,6.511292064814219,9.097712705939749,8.926650386840487,10.241525791348899,11.325060235503296
300.0,gromacs_replicate_2,72.17476,6.400993857305821,6.493802018160383,3.1346054,5.3351626719915135,5.451070303393778,8.364258,85.2264187153719,84.44185664278999,81.25015756195658,89.06129041978089,76.65663129656312,76.44580581608705,79.44189181264244,89.0712015908244,76.89504144872959,71.60075518431012,80.68411382415374,85.15083987305879,6.795566752315561,4.067760869252582,5.8257735416372824,5.973343635821306,8.0844604266242,6.940725230756164,6.744589158525244,6.558793438380634,9.18339154537456,9.602778478548313,9.607287304849883,10.28601177787303
400.0,gromacs_replicate_2,65.14453,6.340495530736194,6.482059525268304,12.8181,5.26135015070505,5.342741698204635,13.230141,82.03081316132221,70.79732945922252,66.18327277507869,74.07118528400171,87.55931554663319,89.56665466426364,80.32433884974195,88.5923646487459,77.97804717701996,70.79243053755985,77.0885021961615,88.03444562605578,6.937272231115637,4.458506081816033,6.053141754224738,5.8706183874227635,7.972800990454127,6.848111140957792,7.6820524631397715,7.120685623124053,9.073675354883495,10.754858713797221,9.983734553289874,10.796013523503484
500.0,gromacs_replicate_2,68.50348,5.890624615565135,6.02444165424413,6.680237,5.368806775408886,5.235695707322656,12.765266,84.06827822052016,72.27954113282921,68.50135865575258,78.29581213946213,87.85823344108412,86.67904794480272,75.00355288262728,71.15018484428924,58.874759268273635,47.388703436050584,50.024541123910495,64.3334974253893,6.844069843927227,4.3854884207931955,6.247403539478697,6.329664746267272,7.712913240301311,6.74294084687936,7.36247205744486,6.726354989484207,8.702002399097116,9.770028324892426,10.176314126855539,10.49150690334673
600.0,gromacs_replicate_2,69.34437,5.906040961463703,6.009229127163406,10.912064,5.118167408729241,5.127655667837075,4.644928,76.68725238908672,65.35993769000869,61.344027832265596,71.9230077550336,85.07841306142178,86.3449330539127,85.66623736046336,84.70442477530797,70.6655997490466,64.00879842537289,71.9119418154209,87.21526090509315,6.958791730327325,4.34607244366405,6.103709300011992,6.36948059139881,7.786520737076324,6.5022936263477105,7.0150819342309845,6.718925518241867,8.922582807452427,10.239372063066272,9.93007386150585,10.173361133276625
700.0,gromacs_replicate_2,76.96041,6.014984841593709,6.245437028200612,23.330566,5.256117975775417,5.420108334237282,4.736374,86.35286622645908,75.52037190773501,68.0473324791563,75.67939849505447,89.92397519945942,86.81993445358273,76.7270704530355,86.92575406910554,77.97590836384639,73.2520212600577,83.05611124389434,82.50409104046683,6.8411947867580905,4.114851822021836,6.119695733752011,6.127101699156736,7.777763981001543,6.323595963086199,6.325867378646991,6.630704667014894,9.467910745822833,9.743467354740377,10.092664220100254,10.15710616035473
800.0,gromacs_replicate_2,74.75845,5.8592322891515805,5.9950826204114644,5.812958,5.05953379482646,5.135615966671312,1.1908646,88.56772828017051,79.8762880789181,75.31070797039324,85.60931975522992,80.00657460742322,78.86735028993435,84.42406604088032,87.69905304632437,72.7226472069411,65.19079160874493,70.99114274572791,85.98951807427812,7.096487498011107,4.727441698890575,6.248582315074437,6.7324569887943575,7.902028198225904,6.429411441017803,6.523585590413255,6.880592179021309,9.098429347077479,8.873020838496554,9.853584786579162,10.613255938630347
900.0,gromacs_replicate_2,73.45812,6.562944303893202,6.695471576066526,8.154602,4.958956903526349,5.102982002346998,1.1300278,85.08447890827034,74.76471415458273,70.25888202025554,78.6385290218995,87.76626423682347,86.40197256814457,79.80609094552327,87.70827292927245,77.46379013439669,68.6185893004568,74.09463819864762,88.76864351729593,7.012016268120341,4.1737076687921615,6.071660826725764,6.3353172502591635,7.857912184836697,6.708298069919336,7.058514555307793,6.779463073179656,9.883312950399691,9.622833945773868,10.800863002707644,10.78811472316579
1000.0,gromacs_replicate_2,74.35501,5.87628785641045,5.666120049367549,3.0561829,5.478410178520241,5.492977453216577,10.840233,70.42420857299506,59.6830630680424,56.40826078806746,65.75649201089321,78.85059308366273,79.65949865512032,84.04215679117829,81.19359725927292,68.60875783098429,57.25858296209757,57.52610602462586,71.97266607945582,6.8778538693433795,4.529092509226986,6.125997889375107,6.285039104320295,8.373073785582616,6.943648375635764,7.64216346071693,6.658305191577315,9.23516346451408,9.945985523632348,10.063057287463614,10.09276741779447
1100.0,gromacs_replicate_2,67.31691,5.963213905460158,6.136959758940739,16.138199,5.038260549781053,4.905045373524784,6.1840744,88.64321116153081,79.9982232526188,74.40086747970835,82.60525911838322,83.61645109106529,80.4755954603153,78.45922067825678,73.49451229350116,58.90806679933714,49.439023408481155,54.21085647217776,68.63671969264904,7.043323425667139,4.430346087909298,5.988101842981204,5.914833283461969,8.377035835860188,6.716793999776963,7.1998830658701065,6.832691671981612,9.05965889267926,9.153477281304626,10.41763409949431,10.411103547052083
1200.0,gromacs_replicate_2,68.45885,5.689914528686704,5.805583661377928,15.229622,5.115720572731218,5.1330003766183525,3.4291992,74.31798130836722,62.6366775952904,58.7369176967807,69.9258788764324,84.13157510630616,84.31016859877035,86.98233968776475,87.51371174650482,73.76248959226041,63.7978009820129,67.33352384283565,82.126097138874,7.151821894051794,4.402181562367076,5.986049206694895,5.628629191635412,8.556278168488197,6.924948727363846,7.465686603645173,6.915858740305828,9.303653341291396,9.43989009707842,10.215127764431053,10.687445512291163
1300.0,gromacs_replicate_2,84.82182,5.783720864159325,5.690192904515135,4.7409363,5.705227263213568,5.6569141626392225,4.5172806,72.14631064646686,62.79626476236005,62.93523884747243,76.54449064034804,87.33615534935552,83.03486953957677,86.82032868461161,80.16584428749732,67.5416501554421,59.11435657114642,63.88390927942893,78.31170811853107,6.360103584954081,4.23613683014057,6.096387390496394,6.349394882737262,8.464593493360233,7.196224987119212,7.865406581201007,7.674028311101672,9.463525421359803,9.322460834377212,10.093668310867297,9.871394670662985
1400.0,gromacs_replicate_2,75.508675,5.583319537368281,5.392330889494432,9.256737,5.2125497324964964,5.190757840607824,8.9309845,56.2488247837699,46.34992639849723,46.89763037020654,60.06625719346553,70.74907932562355,67.68740626473455,86.12825053493744,87.74662038419301,74.17888278556659,65.50646621964367,69.97608171388173,85.03718211212272,7.016810401260534,4.333050545117328,6.363364803282579,6.547815638006373,8.27741341994451,7.0483771458683275,8.082280705850357,7.060287165126985,8.903606705179019,9.86581569225962,10.167281713763634,9.62242071438085
1500.0,gromacs_replicate_2,81.69294,6.376297680405609,6.362238703373337,0.8250809,5.027207856317598,5.145162227267157,17.028923,76.95951924963924,86.78046674254978,89.7142805071453,79.90515498123263,67.75293068734088,67.57655812153789,83.22816898742246,81.66455696223157,68.71107097083106,55.02586762383662,55.533817067867226,70.61941867872655,6.626318038677307,4.321449784353539,5.746721688450539,6.029572777237786,8.420621267714111,6.972105692619855,7.71569070023827,6.708687108803293,9.332366936190907,9.803694067471003,10.551220496648412,10.192427402646981
1600.0,gromacs_replicate_2,79.91235,6.315190834203904,6.489965135879302,20.065758,4.96776295053941,5.097472071429998,2.9638748,87.84261705567717,78.44335853630653,76.01238669192074,87.09121009587963,81.81243208854706,83.13218699479623,83.82343277272857,84.9992703888292,70.32266203669653,65.41669101956995,76.96003170195749,87.5128527971336,6.478650729310591,4.446379279002068,6.0783050663113265,6.362352001783984,8.047026393033887,6.947332412900002,7.444755368536117,7.304211016752253,9.657035732043342,9.594314772032845,10.58163094209507,10.050604428589583
1700.0,gromacs_replicate_2,87.892006,6.274981091288924,6.197383966580749,2.5547714,5.2351983947510705,5.325405001132281,23.861504,74.04457780523425,64.37644880113498,62.51793553268143,73.34882996123133,85.47075872942503,83.38943926203044,77.2639410695701,73.54229623422553,61.158381247456646,48.73060396690182,50.27620244897172,66.22721877584506,6.856781144320429,4.301994227054925,6.256601765166524,6.436812031507456,8.479529535081284,6.775143049129511,7.756981744733646,6.884171609739902,9.53572725928006,9.388904982038701,10.714517929126622,10.130417093183176
1800.0,gromacs_replicate_2,75.665695,6.384665266885905,6.535291564125654,15.317749,5.378793792684343,5.427025914981529,9.266403,74.04231194279221,64.0308537624656,61.82811171339794,73.62255809991183,85.16737227269033,83.61627932300061,89.00694941012813,81.46578733572417,68.25471417626906,59.636134009625835,65.25984254616495,81.43065508452032,6.786563905982293,4.052819630523655,5.599331226398238,5.5823798045397455,8.68858695888712,7.532218994978711,7.474871167039702,6.968380286298098,9.370965219801223,9.763374898787909,11.12819096246743,10.261112454366387
1900.0,gromacs_replicate_2,82.324844,7.427935431989991,7.5373613368911645,18.794456,5.176098006326259,5.367375772070917,7.0781326,87.73610322304181,83.39781791632731,78.58568997970302,84.5852914050652,83.69542272830604,81.54353424462914,69.3986692427874,81.3753052156639,85.02108233335231,81.46107954278617,85.9841096228189,71.89579310764225,6.52806739104032,4.182165914381896,6.327885016876946,6.193756176872556,8.129635910039452,7.013885045644331,6.450688626989333,6.406408386220464,9.483873416670756,9.024177663232976,11.490186130922256,10.3928005658119
2000.0,gromacs_replicate_2,81.525345,6.3764206809421715,6.511550864318976,10.168564,4.658089281049784,4.85902380757382,6.792572,89.42738068925101,79.57374091383204,77.41427520215962,88.85290183394585,79.79024329011482,81.27465572749001,72.48510001020945,84.50654424434381,79.71266983305385,74.74930520730545,86.53104122138507,76.7633116704487,6.815782315569603,4.439815040629073,5.802496825206354,6.051821353055266,8.158346005013698,6.994645516904152,7.010975805512894,6.769330815302551,8.834624005436385,9.136667674767313,11.030781601905316,10.132837595258458
2100.0,gromacs_replicate_2,69.63778,6.166657007725211,6.290565071075826,11.297371,5.1026995070041705,5.090511487820056,0.50766754,80.18062235427168,89.52480552686893,86.71250094431582,82.4630611505697,69.68130271808865,70.54790557750823,89.49318519130307,83.55471158949298,69.38764608488063,59.64668523351154,65.07055596592562,79.90584565473955,7.117432368156745,4.62921511942752,6.965175484043892,6.983386378851377,8.082757348353876,6.551586323267435,6.420439503650239,6.413381826228268,9.179889903287858,9.33402359218341,10.700681617634908,10.798473932342668
2200.0,gromacs_replicate_2,87.73035,7.189198284912506,7.274014457413856,1.4208603,5.005515901441882,5.171167310251376,12.018623,86.55633266119595,84.64652665152775,81.64115054570262,89.31905878958294,77.68777710132834,78.06696986032156,62.70414790737988,75.03948157063435,88.28303457251099,89.59533333558402,77.33611364308838,62.86506034387604,6.864675724992921,4.383067878699932,6.192709504990932,6.357334013474227,8.208502762691404,6.8509326177183665,6.55648827870539,6.51592687790307,9.008492281899548,9.610165695674564,11.70526938544543,10.679779366862304
2300.0,gromacs_replicate_2,83.12974,6.299856676616617,6.366231223080967,2.0424957,5.174357873794356,5.2857292736877675,10.923668,84.8472371822667,84.95729359156587,83.44580864100269,84.57372268283538,72.57344618193316,74.63701942517092,88.50671381558105,80.00600770174395,65.59174579884923,59.09660221856918,67.24215972892556,82.83297142262754,7.024486455238083,4.887445911024248,6.04179644606577,6.327001789068801,8.107216970668937,7.117798569062099,6.514738727107179,6.759030094577204,9.031838921212316,9.616671931908709,10.393073128445888,10.22148521430838
2400.0,gromacs_replicate_2,78.33345,6.914501288346564,6.952471954761669,7.293457,5.082297922119878,5.25594718772705,8.673416,80.68357124225155,89.3870753104926,84.62759408708534,88.77370604001581,76.2845985807132,74.5581638016337,73.03650500692511,84.01981337406048,81.94050392993651,76.67043847706756,85.64999078664708,79.12345395052112,6.699729832240672,4.263732601732629,6.057801829570311,5.848251160699562,8.099610753377236,6.866113763659105,7.128498719607976,6.349093308433055,8.864349155081229,10.682524176752795,10.759420750281967,9.752487580843926
2500.0,gromacs_replicate_2,83.14763,6.050641375703556,6.12602232686591,14.124626,5.262055442721497,5.2567070993104865,14.795143,75.48431485375005,64.64085531609044,60.15710149451367,69.09384903864611,83.9192090163245,84.95475325142691,80.54673564970571,72.73626235011942,58.454954425413554,50.8779208677807,58.54320631212011,73.77371038870434,6.733715189368337,4.4741943812275,5.762042187941174,5.941970111688252,8.10161759369432,7.0405804930285685,7.292589826296522,6.8358811550371215,8.519677303307386,10.269384184310173,10.835624906124421,9.801666842669016
2600.0,gromacs_replicate_2,77.7189,6.482479182904823,6.474882128810854,15.086868,5.1727013399884365,5.175752530954405,1.3960495,69.12673872073337,58.67451589927497,55.20154942401587,64.76382343770047,77.42770290823125,77.93598771071287,88.6872473306772,82.45340558009865,67.99421239372167,62.11237851738847,69.2613440550093,83.96737744474646,6.818809505240804,4.0108635225631675,6.436184893238586,6.456695183011152,7.962990405384596,6.560571822465095,6.5861316995977806,6.6900250667951076,9.23567001793516,9.810968545880575,10.794172454816149,10.450548119424605
2700.0,gromacs_replicate_2,66.716415,6.362441515449632,6.275778232706821,18.482162,5.270575264604549,5.471421873525478,15.287125,57.161357439380055,47.49487962485124,46.42263611684329,57.97792185962917,68.7498282547761,67.15166727613465,72.06331366562698,82.59522418979931,83.35353146154249,78.32890926689323,87.76204474235664,77.57157112971971,7.196880086622054,4.20589907699132,6.005183332432133,5.759637509230253,8.166482347988683,7.16951545729425,7.315133562991565,7.071591663767998,9.022951102104658,10.340494168494887,10.957350028449731,10.125829504456568
2800.0,gromacs_replicate_2,70.65811,5.969857446323557,6.18443910073071,26.038681,5.547105372916819,5.490469562156806,0.09946442,70.11577389855427,58.989183288129915,56.21889925361782,67.84277642031107,80.05479557394236,79.61866459345788,88.30909733160185,78.91043266895922,66.00833142082065,60.36290646161373,68.33083342229655,82.70250693423472,7.117617266257508,4.3184651141803885,5.553883072656479,5.593297134341517,8.333273237821983,7.341525717519518,7.7060784153853685,6.799016465964606,8.552383603205046,10.761846201232139,10.892946734286564,9.041235175406284
2900.0,gromacs_replicate_2,69.62278,6.509748508409747,6.669374184773274,12.41552,5.207280163002421,5.3425828833996265,11.434799,82.5716983304912,72.20341609395587,68.72421734727601,78.59802220405481,89.05979558087073,88.52348365859973,77.69694576485156,89.32897488939172,77.62167671050567,73.74876901937084,84.36101583266873,80.46713382992148,6.734785292668913,4.131681911713976,5.958242253586951,6.292550514522475,7.99104048690938,7.426197111065246,7.99713931440463,6.882055133375564,8.750140952395938,10.730112656458399,10.602011227723523,8.932656532532466
3000.0,gromacs_replicate_2,82.67448,6.480375854692044,6.345900708398639,4.254036,5.380927612127015,5.54621318231077,6.5703354,66.12363868858621,56.7000479017246,53.50629043620559,63.83626264796498,76.38359109546053,75.18059774680906,73.37564911528855,83.77429129842265,82.67304309681963,77.0576660728924,86.46630950742193,77.78842924898112,6.9248179373894265,4.306778979794806,6.114087422621754,6.225179446533306,7.824059748760472,6.930078084602413,7.250107276750885,6.810212799991458,9.07184941346472,11.065566687014616,10.914824426359665,9.912182612898954
3100.0,gromacs_replicate_2,77.487495,6.569037440298172,6.586124022070159,5.032608,5.399847516987245,5.3847199166939115,5.2563324,81.5052808853117,71.77920135024999,69.71119104622412,80.2811903716454,88.63136378499887,89.40196996532335,87.60950998723688,79.97866819808687,66.8408646674148,59.51254594436012,67.0078394215019,82.14665763037918,7.254682169248577,4.43694303466768,6.119297387988327,5.942281670452173,8.198306439023217,6.794705454454867,6.564759804912313,6.33827891093003,9.593792983332884,9.988759289243301,10.977804103607006,10.015326550919106
3200.0,gromacs_replicate_2,81.08145,6.193369217993001,6.235840327788367,9.837875,5.054830769214513,5.155553050170147,1.9022217,85.01341492633915,85.21250898454672,83.00498216686826,85.93540963966394,74.39683236221096,75.1462094763774,85.52614505903787,82.73514291816912,68.37300115618426,64.9804483632237,76.89575787944818,88.65107480640329,7.0672179247944165,4.522481744927637,5.541366234016785,6.011667412499578,8.130766833761337,6.83101489423513,6.495622892538252,6.621066514707027,8.65277808705553,10.349118588401701,11.224888325084933,9.768881130873464
3300.0,gromacs_replicate_2,73.70935,6.628870771878321,6.584286729779473,12.377533,5.053122883102892,5.197334764100247,7.4361115,81.28921559536029,88.86223270599902,86.60252131501998,84.18743756172333,73.3322671361677,72.58897476371958,79.06176962959533,89.21364553992564,74.68215529633096,72.15681778550015,83.36521860288907,82.25497673853425,6.726821681877054,4.301122907880102,5.732157946421232,5.932502617314207,7.939218634406833,7.0959049518282855,7.1480182511984705,6.931018183728368,9.016052206621534,9.819602807819095,10.884661228801471,10.144731592684744
3400.0,gromacs_replicate_2,75.151344,6.126765526098679,6.286582232091032,20.538239,5.247550111270958,5.286235406901549,1.4929733,69.27801022987477,59.20182743468083,59.49502004972521,72.0957778682123,82.13905285251471,79.20716237775545,88.8521687993702,80.26945624520188,66.58901542310169,61.8110269028372,71.82050097308878,86.02117525419217,7.021425720756441,4.494343609134784,6.18484300261332,6.217967283568398,7.848280659369927,7.072673412645104,6.833599667340459,7.109029936919167,8.7453082613437,10.354637175971552,10.344323363946597,10.12745460519032
3500.0,gromacs_replicate_2,75.96731,6.138787990371816,6.316792716988437,28.624344,4.931791208358364,5.127547864355893,5.419609,89.29702853678285,79.29921622858896,75.33100216144445,84.7413335830407,83.29859467218374,83.0924824471014,72.2540219936403,82.04948654082868,81.90522558888892,75.73997417240132,85.85774048351351,78.99398748135043,6.865779077554475,4.462663806655367,5.805629815995312,6.1481801023836145,7.943488938260192,7.172152638584222,6.852176250742295,7.148395343119238,8.910337458584749,9.349717554952843,10.425882786218338,10.08933381290479
3600.0,gromacs_replicate_2,72.11577,5.940476176852187,6.111799707407122,27.834274,5.305699524688001,5.305216876839433,5.781578,64.59834253857808,53.35804937684564,52.094432811820376,64.55590661033334,76.83711255876226,74.86170741779988,84.73969617532477,75.4865678951352,62.125668966064346,56.86769160862459,66.5854001008464,80.31972710046429,6.420598714159961,4.022585744164918,5.943174952595135,6.235181796726181,7.701951446090052,7.072273561152946,6.95008294107358,7.479668793248989,8.970270853880205,9.966550143867348,10.551072105009943,9.838994983640827
3700.0,gromacs_replicate_2,72.77799,6.09064269202851,6.188054911140463,10.803375,5.0747511400646585,5.0598568297223485,9.775749,73.70505303354724,62.94866129572305,59.70363469694596,70.86614817666008,84.00351283464231,83.45406715401856,86.98995498280034,80.91264217816206,68.95260945719649,66.88521545911176,79.27917704794743,86.46926160614464,6.752031855734283,4.580400252831801,5.766306939495835,5.774294144861258,8.488764754794879,7.562344088402157,7.224921702401176,7.12510659431086,8.326152438695592,10.473412479378448,10.477462576428863,9.547578945858046
3800.0,gromacs_replicate_2,72.63198,6.148876996166706,6.283039332098899,3.0463104,5.049901023096875,5.081769226953517,3.1760025,88.12656188836453,77.62791451984592,74.46738483290908,85.24878757118402,81.66501526589138,82.1550615279275,89.56779780837137,82.48866935161898,67.56408273993843,59.67058771810445,67.5562956150232,83.30960710930421,6.538866960918834,4.089542156688615,5.866940611114113,6.032138997566193,7.994579209572779,6.605651604025273,6.498029965367675,6.898199183360203,9.257061393227158,9.167175408239544,10.544489143193298,10.52019503530779
3900.0,gromacs_replicate_2,80.096855,6.261173206067578,6.3737800386491745,3.5625687,5.227728294121421,5.4003150821756,3.7579193,79.07930245415261,69.47331515037503,69.58764462358431,82.61219875230925,87.31274193794555,89.52143927982245,74.69536387476398,85.01834823585094,80.9610286162043,75.41185624683794,85.34333766564126,79.05309422829636,6.879421365029055,4.512098326825892,6.129173529703957,6.242547706337572,8.023451182991842,7.079365887790422,6.669161512046153,7.139047436613672,9.103234729909055,9.40794131223806,10.596302508443495,9.913867967801028
4000.0,gromacs_replicate_2,73.098854,6.291895606799282,6.463628064260116,18.760101,4.795815362347471,5.004059786911872,8.989883,77.9342156459145,67.13383178724067,63.133514328399336,72.74148911845336,85.91381390469175,86.48473226271686,70.88391909187008,80.57956642421206,83.987612456945,76.64210246116369,84.5987071571963,78.22197846950786,7.023067653581459,4.310156059503502,6.087721866832306,5.959346041116255,7.831912036756832,6.55136158085656,6.432907797897656,6.505319991114514,9.181334149745833,9.656449464731981,11.163710133457855,10.51933025202336
4100.0,gromacs_replicate_2,70.32828,6.024574008500433,6.065667499139522,7.3560715,5.292921241266833,5.191278757297808,6.910927,74.25790547463795,63.760924772596354,61.1982085629581,72.64624054976544,85.98298550558773,84.14662162321945,81.84282086696547,74.6727581255967,61.04861983473865,52.844824131996056,58.20001338707018,73.77857949331036,6.853759999140504,4.287995809933303,6.251608688814591,6.177216090062295,8.369756644451327,7.176478800051688,7.424606901227991,7.131725078281819,8.898883001316966,10.20783260594015,10.05990734274315,9.55488993737457
4200.0,gromacs_replicate_2,72.329315,6.439236733677894,6.533612497468944,1.879242,5.466291274854027,5.469955683389124,0.025032043,78.87401075459762,69.52937661091393,70.2646827195651,82.63066682265195,87.6194729090798,88.94102587754895,88.24442895729699,85.029893366164,71.9741130777302,63.570269461358066,68.52388408313159,83.2809697893749,6.866459262436468,4.573203513059148,6.068260281185209,6.210539461192339,8.400991225638345,7.196914650022032,7.544536376606084,6.9180081715342805,9.622812301369189,9.793723625830648,10.681145235499725,9.611051637611823
4300.0,gromacs_replicate_2,68.34043,6.817197844356245,6.733344594556546,14.0238495,5.928458636267852,5.882578443641531,0.66513824,63.39277968241416,53.309799545170755,51.0677725288378,60.253073686521105,71.73789356593934,72.03978360405432,89.81886191237292,82.65583234260313,70.96886218266529,63.869163041188976,69.70993148837978,84.2335487245659,6.852119800467551,4.123289192025507,6.305866465649125,6.002667913759741,7.906271106660178,7.17381483543286,7.339715555416588,6.710574507090593,9.41720539327959,10.312328911511809,10.90259846700818,9.810392465616843
4400.0,gromacs_replicate_2,73.070755,6.203088886495723,6.343265229982959,13.893936,5.547710610537119,5.550340176427996,18.4422,88.98322591346768,80.63406447215715,75.87044112482135,84.56810793845685,82.36015584954261,80.54737380656607,75.51567575235356,70.08202619244075,56.17830159138382,47.482365851855995,52.623564240706656,67.05121418186319,6.9532018544725815,4.395246337747228,6.191627269165208,6.300394475738221,8.081501204280675,7.014022129252399,7.208433068964586,6.858900356481865,9.340425953521148,9.873715491626395,10.7183418541625,9.462606151873066
4500.0,gromacs_replicate_2,75.29154,6.8516136691415195,6.896854663235431,0.5012436,5.40895644926123,5.5445858241057975,0.7286148,80.04904146284063,70.95054796188579,69.5668953770248,79.47218112381626,89.77634442711351,88.99784929061418,78.90466681026626,88.12097120998318,78.2100138183802,71.833690989022,80.92444237450003,83.93606154466907,6.858475585700059,4.347167758692946,6.037587533508272,6.218049284989456,8.038602580707936,6.685533757977195,6.395430324891867,6.572171926125493,9.984991884550585,9.715953457677948,11.287380788431143,9.505109928986126
4600.0,gromacs_replicate_2,79.382744,6.291123147898737,6.526440078964648,21.37532,5.261396191494341,5.403050062520908,3.5995026,76.30314977106451,66.3329014005651,65.6748095620421,77.92938947639067,88.19441053285155,85.97291409010552,79.9552426745269,89.93105439840052,76.103936013199,70.67665036457757,80.3406281071763,85.208211571972,7.284758221789803,4.906578082125266,6.597063617578278,6.62302601506507,7.713979150662845,6.813647021026358,6.440890353250577,7.023127732026114,9.08262741975631,9.533197580111846,10.300078380227742,9.623527836141037
4700.0,gromacs_replicate_2,67.66819,6.612331418298659,6.744882818338582,6.6387177,5.355040414357787,5.344104650612594,4.001114,88.62699424983445,78.1661888671407,74.72176770030154,84.08021313130176,83.76707362306861,82.86543676565907,87.29888138316046,82.90487906599904,69.2097340312691,64.65450572552193,73.38204656363284,87.51329007354518,6.602101598796398,4.476785446221851,5.924937421556122,6.036345362617994,8.070039550528106,6.806236374432364,7.009301689785643,6.598333476574288,9.51356771364439,10.147375014124078,11.010728236228703,9.109009478583602
4800.0,gromacs_replicate_2,74.29662,6.3996736242608625,6.559795123675859,14.715111,5.052769706927625,5.175418276407348,6.9746475,79.0129794725881,68.74991532879118,65.55461157559023,75.89132906371947,88.27824734721672,88.1168854229044,79.99794086051124,87.85167177817395,73.78717107644938,70.77157729562504,81.75275051436591,83.19772155109129,6.837366779048722,4.288209721179704,5.93774488744303,6.117831601279591,8.304340519790001,7.156324580750195,6.792083852693626,6.723241626876328,9.443987578445334,9.511920887529644,10.958461161716095,9.075665588913516
4900.0,gromacs_replicate_2,69.51199,6.400989508641264,6.519745704543584,0.6815033,5.418575753991601,5.408424084443951,4.4489822,84.62235954780968,84.16178574711962,80.76115699602074,88.78017841869789,77.96247010525656,76.26790681598013,87.87201395447545,85.61734874722528,72.74799693909172,63.92556620837761,68.0171168965143,82.70355949666059,6.880512599891674,4.548374719299547,6.279615895253061,6.253757008889433,8.240822637815082,6.944511827685879,7.2610426136839665,6.850298536932837,9.2675607652344,9.270454560179344,10.487062290293135,8.628830578051563
5000.0,gromacs_replicate_2,72.3876,7.074160411321769,7.125736198538545,11.781044,5.626461160035242,5.556077340040389,5.1153946,74.1744549249841,64.6639030267722,62.21910096368601,71.22328959787035,82.92631284097375,82.75246820027769,84.03337032360965,75.92833947920869,62.863499789153366,56.804299939752326,63.97899557549954,78.59209598889744,6.834114115335738,4.153034142995295,5.637325466972772,6.054924507951789,8.464932953216824,6.671776084638413,6.793121169278615,6.45746957992291,9.447965986779334,9.976903510843627,10.933932910064106,9.04842402523772
5100.0,gromacs_replicate_2,71.235344,6.760068588187265,6.888291640370546,9.731651,4.978906002035831,5.012785752419252,0.87379456,84.93372953543843,74.60371243962479,72.22084404392301,82.263151233841,85.88545506115776,86.48973512972728,87.00044945661662,81.32547267815124,67.58581832134858,63.81350748817896,74.07468147415086,89.69465586255946,6.882629287977051,4.35485533790302,5.916348143690316,5.913605423055633,8.463340403640911,7.262152197043744,7.084370550052355,6.894065206174915,9.219845560047231,9.513055664569695,10.591881400262684,9.014197940424703
5200.0,gromacs_replicate_2,74.67502,6.794730464579052,6.899410061756451,4.0786667,5.96474827526687,5.807627957817818,6.2348022,88.43584050195653,78.74809659070067,76.16009636461433,85.56326321573728,82.48268377223847,82.52821171406868,79.67210036881215,72.20608373746524,60.31719591471005,53.91578980840989,60.64667720310101,74.16346107383775,6.698861763441386,4.1761884379744805,6.390561226305709,6.31516168365695,8.10455493697531,6.933125164420615,7.632425943854881,6.819917198628124,9.556758902638725,10.16952569560526,10.783463037022216,9.458207102033942
5300.0,gromacs_replicate_2,63.627884,6.911972172007969,7.023250598900926,6.397728,5.183978967393393,5.405248947403661,21.360771,89.58594724652507,80.12734293913982,78.18923939351133,87.77433092518946,80.89407307361736,81.48384404080025,71.85040411082014,82.0142730141588,84.46760995507891,79.61972277082823,87.5843131493365,77.5564079008366,7.388320618512469,4.56634892443243,6.3770655655965545,6.3968302868891165,7.816088473773813,6.6240342160515535,6.683347116795325,7.007123215344202,9.066319077473848,9.846880457691034,10.639548650670951,9.435126166297291
5400.0,gromacs_replicate_2,78.67982,6.46152815031882,6.565952449447054,4.3812866,5.2159994151001445,5.265056097511546,6.8643646,80.20930813903279,70.23401704285142,68.18283312210113,78.79518482042347,89.11477219583765,89.57948954807483,89.07175998887419,80.88126299981617,66.88355144737892,58.96698706322103,66.71672302654216,82.09514264226911,6.738145780277949,4.243143567521816,6.2129342741217926,6.2374713708704785,7.983038731966821,6.883212383743438,6.813925178094538,6.553392042404197,9.626708418108958,9.743055953046946,10.901150593721486,9.502864984247312
5500.0,gromacs_replicate_2,71.70986,6.6304690933104915,6.838712029863435,21.0671,5.362435052040114,5.430308426422767,11.168785,82.99007901842246,72.78658722784373,68.19806420633606,76.04318228401655,88.67359276888682,89.99566176106565,85.34062759279536,78.79752431990059,64.91663900171928,55.71863629327438,62.56669187682682,77.28855316494167,6.851430821656363,4.149675555785125,6.320119709643611,6.375768058011953,8.05561149101453,7.143447826359968,7.003963586940559,6.9815066334993,9.661202368251487,9.893936023673094,10.651445481625913,8.838548559381298
5600.0,gromacs_replicate_2,65.4396,7.096167361163807,7.220934346789098,1.6047287,5.449195439060665,5.7008920047692,20.312958,87.98267685716104,78.55171843110203,76.6777702020711,86.67233915129361,82.45565161176616,83.28845250627087,68.90433581737571,77.85910892076123,89.26601283792127,82.82495466345824,89.75375553385837,75.67320946774227,6.7635454997708235,4.03200942592178,6.16664667280333,6.224842488797172,7.916170374341897,7.044347822703651,7.196784821142904,6.9441883128150526,9.863993274218585,9.14434065037649,10.957462322632185,8.972904403751405
5700.0,gromacs_replicate_2,70.51413,6.534562799700007,6.82037249841041,25.12484,5.622874349031915,5.4952828588076015,11.483261,82.06788340215533,72.10736569928662,70.66445206445879,81.30587795348114,88.60192496373644,88.52116562082378,88.5715373344659,81.79512936753541,69.68429465696045,63.05459459072525,68.39405822326582,80.5954859119149,6.889014242874275,4.813415182596661,5.808794079767629,6.1302624918999085,8.150760853521929,7.294270865999993,7.958762634607573,6.704918815069485,9.587625255557258,9.424132268267897,10.819470181259078,8.948120506296043
5800.0,gromacs_replicate_2,71.28483,6.27022354427532,6.4798633475015395,15.354004,5.784838613043754,5.633664176719925,1.136383,81.53182820851303,70.89544604898977,69.18109944700424,79.82705947947217,88.63845554911038,88.90592446788506,83.65778616942526,75.40122865452742,63.109619507223904,57.93317846729109,65.11317726313739,78.41709058065967,7.0377510869176625,4.603116588090745,5.8074472236567685,5.803707618747142,8.124381065578433,7.267568837333159,7.488091848225031,7.348387665104778,9.363100289010244,10.239545735026438,10.940728480277063,8.678920975708515
5900.0,gromacs_replicate_2,71.4458,6.295695922537917,6.493315813307327,27.557892,5.2014994573606055,5.08256050324535,2.775711,86.80815802284683,77.23951945553353,76.44904462657027,87.73633445021534,83.06426174740027,84.48887788394971,80.53624383931408,71.48500972753438,56.20961841632065,52.58352485629096,61.981187624666546,74.86529630458317,7.021604937255768,4.774741043733695,6.220550218314812,6.929560491575112,7.767112997469333,6.853746424162212,6.676634887188914,6.974736118182682,9.400358823260849,8.847811048620493,10.463352285826167,9.22309914222976
6000.0,gromacs_replicate_2,81.46256,6.305169810292538,6.358035892803417,24.258423,5.402513449764046,5.476231328617689,0.9893036,86.09347222164367,84.42858572285945,82.07079420257679,88.94481770796796,78.27177693685837,77.7806784736985,87.29561591028028,83.17346194385996,68.83895164623348,64.92591897668095,73.97935057874291,87.77751833127219,6.78816949358349,4.497524128088185,6.129382683145795,6.295953912235432,7.539952242271415,7.019023714632067,6.94513410428689,6.642893902320562,9.495247297392407,9.247291589390548,10.32201446716545,9.118239395600979
6100.0,gromacs_replicate_2,76.93951,6.621536618400716,6.748126547673296,9.984871,5.689736397209608,5.762870001105575,15.971451,80.32767012533988,69.49207897211632,66.99518725364675,76.40554295883287,88.86137146942626,89.44150247084887,81.5032189571726,78.40385300555356,66.00944382489043,55.522550935513955,57.369365888227385,71.68894895363887,7.022335252903222,4.67337621204113,5.909394458649243,6.288328556292954,7.987090055939064,7.006146012519499,7.28105456979964,6.758708094367956,9.716742358521897,9.739505145373132,10.5720391363436,9.020152068001318
6200.0,gromacs_replicate_2,72.9942,6.251084533051566,6.5395607545654295,34.032898,5.336066398751031,5.353535136446837,3.7055588,66.71802378202305,57.08280568014423,55.960152752753764,68.70563091701915,78.79710856948627,76.02003986566773,87.51159245794193,83.39191252005722,69.03361155650913,64.03914731640245,71.89276678371064,86.06223152536992,7.320291928434615,4.704616118777432,6.24863322565223,6.315238921534319,8.079870706747428,7.024913823198217,7.116995958255098,6.619431460070874,9.354259926395686,9.690964603819548,10.528012868917918,9.38728543757328
6300.0,gromacs_replicate_2,78.87525,6.2049357544049695,6.3135833654699365,12.422813,5.191500029922068,5.178814496565377,2.7805252,75.74112349837404,65.37972287503602,63.21903182155821,73.87976473320423,85.58429296289836,85.14172899881942,88.58309358323936,81.38659857770544,67.80278151888014,62.929673260008165,71.75104403983424,87.18169160958908,6.943218633549139,4.398492020621105,5.647165751532029,5.6284849416999165,8.355121727557473,7.509266630511788,7.118735867431972,6.906773014366676,9.202867833355263,10.0701593448387,10.534457340186727,9.043072787182265
6400.0,gromacs_replicate_2,77.882225,6.835197946162977,6.882693346218882,5.3478317,4.994467917959695,5.141624805911814,9.326721,84.3042175737292,86.46989698987682,84.18109689755963,86.20382835703026,74.726988683458,75.33951624921664,85.68262516036614,85.75055277434794,71.08950421349286,62.65134720527909,70.85960230707855,87.28039617092489,7.015316300945895,4.273373569997657,6.300502928589594,6.508138449528938,7.844847802650268,6.5883799835947965,6.456794996477942,6.954789894542013,9.858833222939348,9.522738565941083,11.221543226778499,9.97433077922872
6500.0,gromacs_replicate_2,67.4525,6.4472888206934575,6.558829549321632,0.33943176,5.403749437214628,5.3168913219145155,5.704193,89.23169236769026,79.78798798049698,75.47999221665356,83.05218643162557,83.63498646846323,81.24688951983171,83.83237314820467,77.502468395579,64.36080651902907,55.28619831580523,60.48784384812693,75.89394139916628,6.678648004708909,3.9573113469889956,6.0216991329972585,5.858533017424747,8.597234103029772,7.029105363030635,7.209750784210965,6.749442237689501,9.446114500766845,10.46799414744073,10.646377180118582,8.911692313882444
6600.0,gromacs_replicate_2,78.74987,7.1354931847138,7.238484704694006,2.8757095,5.319073939059026,5.43923346155704,0.24031067,85.5917525711195,76.61048219795602,73.73404526248227,83.47370650587649,85.5587531506661,86.40794393470304,81.12747337279751,89.94413139691774,75.8667734684038,69.21870484244035,77.44297947412437,87.4984076949769,7.081760752480628,4.332460788629614,6.270907773785953,6.136922857039978,8.3763751855013,7.1022858096813115,7.302658458104347,6.497247743097654,9.425362130474035,10.114135413312805,11.346043266954581,8.906518764043865
6700.0,gromacs_replicate_2,72.79941,6.720577561674596,6.8235923012322415,13.225838,5.007846589426976,5.2963590998412915,23.812004,76.43760426715907,86.45175927518191,89.36625266596775,81.76737889573984,69.17380285554879,68.01302044216929,66.95629693247939,80.11130672091497,87.2445741353197,85.9345285345616,82.56234701717852,67.18212594674424,6.574479108163675,4.116586492221577,5.8648541433084835,6.002817129835418,8.570653987276499,6.9693769286194085,7.1284859112488475,6.439260488123876,9.212391491289354,10.455746550494089,10.812602433004182,9.140326194181917
6800.0,gromacs_replicate_2,82.94516,6.240811740178229,6.388141313248411,5.9533157,5.097039215565684,5.16061064419516,5.1137238,86.85392541255122,77.23335368796181,76.17659639916987,88.67368231568909,80.31608012013776,82.83221120379858,89.72975312522912,80.4382212808376,65.48751860319263,59.843913385421786,68.76295763168184,83.93356928222418,6.861124383377324,4.329791696173196,6.119530191947168,6.127412574595639,8.042872441959524,7.101090294525722,6.904745478181569,7.174580928211963,9.718193973630557,9.05917603485307,10.641378010848491,9.504050109701181
6900.0,gromacs_replicate_2,88.6354,6.742995885897247,6.823013208180395,0.8351288,4.932212662076656,5.01304414373153,12.575569,85.31938814389115,84.92270602142307,82.60107137091845,87.24175949606825,75.41906604877278,76.15492474092667,87.13413062159138,76.84910784812648,62.65311457937746,56.32874414052652,67.83572884938631,84.07419930853233,7.001079737869537,4.323420931221778,5.7918592561733435,5.93968843228363,8.20159351668303,7.004451003954638,6.781161383419266,6.367418714411863,9.110426784763714,9.743585090715943,10.911551949728906,9.254385071026462
7000.0,gromacs_replicate_2,77.408005,6.1442204891941,6.368179993479764,20.385933,4.976071196914823,5.078895136437719,4.2551575,84.28058823870734,74.05191710834937,72.60572674636454,84.11856214781889,84.8214919457402,86.30881628331669,83.07780619003006,85.46564334326499,70.5891520546327,66.66753211668183,77.335629709665,88.41759653162319,6.703494637335538,4.458513075711297,5.447203731450456,5.733188932401446,8.67056630007582,7.7993899980598185,7.79475248371457,7.3048644492639365,9.0568257553353,9.490913816647888,10.425851576011933,9.157209910678882
7100.0,gromacs_replicate_2,88.31953,6.304290901178912,6.487324340273531,22.557594,5.193241143250805,5.297122450996219,4.181366,71.60770057427786,61.57176486539154,60.462126482246696,72.4009297784502,83.47118818329615,81.2708796180414,87.14545687690857,81.45765320079849,67.38053865859409,63.739791153308914,75.07093600689679,89.34975068384617,6.575715486626648,4.1876923260041,5.82872610775014,6.283423180405299,8.2665241965185,7.231611010602589,7.495367119753491,7.18902395817668,9.124897605409952,9.16351872417677,10.50265957465753,8.831842793478447
7200.0,gromacs_replicate_2,73.39983,6.852078574854454,6.972123882699373,7.7898636,4.999432623923574,5.229051534046214,13.712227,88.96786516570721,81.21175660885609,77.04423670381948,85.02906797771028,82.52263777375342,80.69237620504146,69.8394795884402,79.42768002829554,85.6962543273382,79.46008178646846,88.3163847794663,75.6780711324466,7.259343460073469,4.5549354824269015,6.070212716015601,6.189269864285419,8.059259779562758,6.877070434832903,6.855803384362348,6.651370605842553,9.338412782137551,9.829635772525686,11.012306859578928,9.454396500427425
7300.0,gromacs_replicate_2,80.01102,5.908466294861433,6.160459198798826,21.28717,4.982621818305523,4.932277261713131,5.5684814,78.2815328855001,67.82082497871015,66.73090003654879,79.44076724813218,89.24624165852657,88.42607628550398,82.71329313466384,71.5466076075544,56.135923982515614,52.90344792786653,63.21426830490538,77.88035106266457,6.998843054572132,4.770046301993729,5.328308466895837,6.113987921516721,8.60252166432973,7.425761497022314,7.3679540321363035,6.957083021320551,8.89296818920831,9.572870288448192,10.376135980596402,8.937736637378352
7400.0,gromacs_replicate_2,67.77726,5.792474949175552,5.939679787719815,18.317474,5.357311729232428,5.248846084417565,4.079399,71.92239180069386,60.281636664175245,57.69500658325056,69.1659048027483,82.00965071334127,81.88968617371886,86.13938645905215,76.31292887914536,63.749047400214415,58.994177810424326,67.8923274150602,81.4380596053955,7.068368248333302,4.2495568537978725,5.874347670252614,5.895047124516745,7.899920087907941,7.066740033495187,7.144822396160808,7.084699916468226,9.203443280109292,9.40950796647021,10.683402859496377,9.149626584740226
7500.0,gromacs_replicate_2,85.337776,7.2188362066754745,7.3230006173738005,2.4343414,5.217517289926379,5.357377967476302,1.5028076,89.75279332559847,81.22500463266164,78.87116148017869,87.95641563037586,80.64671316651761,81.26440863299298,77.33777655756722,86.77969758895064,79.19004853352918,74.22351447899419,84.10981098390718,80.66716207329176,6.805235490393345,4.4145908683759325,5.998412347694257,6.042174516897338,8.015162608770346,6.894873051399745,6.308055682178492,6.529952550789348,9.810892734740762,10.226343665675259,11.02226759299661,9.612565743768334
7600.0,gromacs_replicate_2,86.86753,6.8674762600926,6.972259455799325,4.9080505,5.638815621847594,5.785537399806963,13.198479,83.7911176711717,73.92585592751195,70.1646179773076,78.53979968692396,88.83139240703248,87.89330464152391,89.32525458085198,85.22858950715448,71.61369013735572,62.654539210864876,68.68866203159975,83.2958637970084,7.103003733038865,4.478732246405097,6.145717101210261,6.106841786347266,7.8923899246929965,6.689340281771152,6.9218007025564035,6.581905331741421,9.988230767812544,9.64410711862414,10.899091789525594,9.74589687552678
7700.0,gromacs_replicate_2,75.6888,5.966059221073974,6.083748444839919,5.4524307,5.1414936681133225,5.023717251490397,10.819351,88.38363126641322,81.37482639079956,80.22922427724399,87.20996095210542,75.52618417950846,77.9773798043185,75.87441338686615,72.00487364496057,58.588770484762755,47.86191366232075,50.5361610781879,65.01957658511772,7.1670244793365905,4.556866635784334,6.173355428336245,6.211279015953051,7.790258425257307,7.199952005984823,7.088138157367546,7.0203228188522235,9.456817270864024,8.270025524027016,10.144177761784768,9.816243069717778
7800.0,gromacs_replicate_2,77.194084,5.943516414125139,6.180141189659389,20.852028,4.985765217284641,4.9243431758069836,5.728035,84.81406799511342,73.91771717752167,71.5380268793068,83.89629834620266,84.54145371651464,85.38283021149724,81.17469571285068,70.77836332284198,55.980582031897235,51.92535869981603,62.5854431122372,76.88210781762764,6.973797192788727,4.3571632279845725,5.986158550221437,6.274987002272595,7.8685259896335165,7.065659415644325,7.029143056770246,7.25153947665168,9.363835988706336,8.586911882650421,10.654532862411907,9.079090416896102
7900.0,gromacs_replicate_2,77.82599,6.35228631160195,6.439035103114437,7.8541718,5.104772055612626,5.112641984606641,9.687599,89.05530778853712,81.86638911626493,82.07007896758991,85.17038939009345,75.4940553728837,78.69346756783894,83.93282181842358,77.39045328849738,62.36881370245953,53.2891209826513,60.408371250774145,75.64185719417534,6.723075454726019,4.177329475128425,5.512796375917518,5.704365619308516,8.840478810173398,7.862644745165749,7.639135396590329,6.840773467492862,8.774314707122107,9.202705095564362,10.166624020680876,8.909285202027181
8000.0,gromacs_replicate_2,77.373955,6.07804009068274,6.306539560952355,26.318092,5.167785715994501,5.332123266329241,7.4919434,87.22122682869268,77.12384510312374,73.43679113200066,84.65390077775771,83.41484583323802,84.4640953778025,77.81010815874878,89.57749102837815,75.7017489080698,73.36809628949314,84.29935943740456,82.0306756903315,6.916240705987664,4.8314817405692985,5.726138905197385,6.202168188250818,7.845176286456614,7.14089041934828,6.8660472192616,6.70667021173589,9.172712591038241,8.991434013477274,10.263247672248026,8.99774651908133
8100.0,gromacs_replicate_2,68.71203,5.715242771397861,5.77330276052085,20.407051,4.949824488655949,5.018131877824898,0.22276306,84.72032421366802,84.31110209986727,80.8012401509404,88.39962712231542,76.10914760008336,76.03477367567227,86.87453462268711,81.25177813981999,65.55489329790001,62.92261473407106,73.88232501735652,88.59617957730545,7.020989857615875,4.4487517791644775,5.903008329698888,6.026957032636294,8.133794108673564,6.691172486648289,6.785338439656451,7.095314471914966,9.001804366215632,9.191846119093166,9.919786781557278,8.94113846983179
8200.0,gromacs_replicate_2,74.31051,6.202229348371334,6.346684486116322,19.165985,5.525300035094015,5.582385024991344,3.972847,71.02749702358416,60.507072029902865,57.50008592487552,69.00072480017035,81.65397398076148,80.90723869652294,89.77071627873973,82.04752395655636,68.13451197011341,61.85688990436385,70.2461033647911,83.94376928148982,6.867865892757756,4.1739895861592045,5.872969714756469,5.742476087290748,7.905191852560177,6.933672876390069,6.828254224081015,6.788853251444388,9.79413773312601,9.534503815127424,10.739811344851075,9.125584965664704
8300.0,gromacs_replicate_2,78.73439,6.0960096679597084,6.249640596093988,7.0867233,5.27211241162266,5.2832270710828455,10.745964,89.78901714283664,78.85821973670173,75.79851580486677,86.1761858218895,80.45043773406961,80.37573881224979,84.46666929056722,86.3563790460856,72.69504647504607,67.61662230417012,74.70524922024649,89.42543174194348,6.843179030223897,4.4070298197250475,5.9019568337805355,5.9795857810448,8.472274952142163,6.674851149781888,7.051560210839366,6.919553979600974,9.1535911621128,9.681331771020107,10.462531395365339,9.227497251405465
8400.0,gromacs_replicate_2,87.08941,6.445477805870369,6.569876073650141,8.906494,4.931582053130476,5.078795081767384,12.59877,89.11127158999675,79.58049964766694,78.09914098852812,89.8438694491159,79.29571960835082,81.12940904451429,89.62307002033505,82.71386826235224,67.46799388577278,58.70803621579577,66.48155122745753,83.01467392695021,6.999333137446665,4.666761099339505,5.957518393975951,6.12584650313816,8.264410683940165,6.891358693812562,6.660732751018864,6.998023224280619,9.473144527548582,9.312410666464142,10.853518372632099,9.21818286671093
8500.0,gromacs_replicate_2,78.06277,6.238898628646712,6.319268851242388,6.3420563,5.513661698125835,5.480021068927503,0.79267883,77.06072424716271,66.92035779707508,64.45179552992248,75.06247656689926,87.06666719192908,86.38736885706372,89.23598408565847,81.65265590474398,68.26776214413603,61.9060146696215,69.83544008926383,83.92375633397458,6.8184799414615975,4.636124693006086,5.937079926923826,6.40332622611118,8.22306524601984,6.952005762089307,7.08812046725797,6.67124316273661,9.529186779425855,9.783082486820941,10.553204394722314,8.58363546432288
8600.0,gromacs_replicate_2,79.85425,6.743051918050385,6.828153785229381,16.382645,5.108297598528914,5.187415124511853,13.045631,84.79341204423469,84.78865575242172,80.27426723239245,87.02958476191782,80.14922296438117,78.14629529183397,84.9632337279078,78.41527110302572,63.68317711155882,54.45747899187733,60.63525792907653,76.65659487184902,7.019183877567288,4.55498604996674,6.052621008958842,6.071053045533552,8.093113421182524,6.671577963657457,6.767397503909962,6.753396785236956,9.288615626848348,9.303748438593116,11.0381456305138,9.21006653416642
8700.0,gromacs_replicate_2,67.51443,6.363199250281508,6.502028184124894,8.287003,4.997019670007584,5.1442921940909985,8.405373,88.86811521444146,77.78504868650877,74.05362734098107,83.09893924141414,83.69546648332084,83.08446345467027,77.87702372407409,88.82663181267446,76.82934751092341,71.92581720693231,81.98866511207925,82.79299093068899,6.752994513472419,4.2733768613364065,6.158173828617142,6.269333761136595,7.959224336643002,6.454619762252092,6.279595998395166,6.821973014117511,9.52520386714744,9.050565102210138,10.373438778697247,8.979117535473234
8800.0,gromacs_replicate_2,83.651985,6.697276763223358,6.810405470421321,18.744942,5.204085630198438,5.2745993338021755,17.817093,80.00160711298274,69.98772568459256,66.18975620569188,74.29386574202265,86.73140057361347,87.83790315103631,82.86693389433191,74.70621722795119,60.41476567263679,52.8883774516981,61.70630032355119,77.29490677691828,6.600482947220206,4.167725194207122,5.995564153057357,6.021370457208903,8.166695968002967,6.993645124645486,6.914533114361834,6.713776629660222,9.512687376528982,9.104387763037478,10.605267395071069,9.02416635899791
8900.0,gromacs_replicate_2,89.52812,6.271297085569987,6.350308556725185,5.5044174,5.3521754957308945,5.467556315347403,17.209862,74.34471886349147,65.15406254988558,64.90171901560142,78.20668188562793,88.33324851823438,84.73795950017575,84.8148628590199,76.69724744845277,62.513824094972875,55.44003440849754,63.97748493896202,79.18109173634501,6.65494201270895,4.137811401392744,5.542386853868746,5.786469896338324,8.75631748155969,7.508944435450629,7.5009056059913135,7.01276133600365,9.514579041237404,9.380376928989826,10.504045898570606,8.88275990020075
9000.0,gromacs_replicate_2,67.0796,6.64352274122039,6.795867896433856,17.059814,5.3013435717844715,5.285400723274671,5.109886,86.9984109759855,82.47728929178218,75.5710263359383,81.10196698983648,85.42310371198039,81.01139186281499,86.65771782647721,80.30724960438454,66.30898536664849,57.56684550524307,64.18057824922758,79.10474504714412,7.055591391979237,4.509047892134539,5.853556364758231,5.749700328143669,8.444951349325937,6.834699906456913,7.030680069862591,6.565262180561,9.400746499339805,9.571182529500568,10.972920670023697,9.449782707684163
9100.0,gromacs_replicate_2,74.212425,6.345108222651967,6.510835011435353,10.741959,4.985183253919051,4.9486560077796655,8.187485,84.37145223817977,73.94513230109402,71.42198824612868,81.74854733843262,85.94576268352097,86.00574308100548,82.97173600273933,75.1888011059028,60.665550601131464,52.254674868616114,60.10406305910063,75.57165900734783,6.85630080337262,4.351232945489985,5.651461838674766,5.909426189024644,8.796264747311465,7.366716881975871,7.019859771066624,6.830844099985978,9.149305996356473,9.925091927569502,10.489512450154313,8.616000184898253
9200.0,gromacs_replicate_2,80.10773,6.756832402892388,6.870271946186197,24.262856,5.420978663333281,5.453050186043667,20.078346,75.6065482759502,65.69616325140336,60.04979075569732,67.18070341224572,80.37164608984955,82.30086035131508,77.51947504293463,69.12062776672151,55.22807220070705,48.30180691109091,57.62431453914566,72.2254252277963,7.059281309048714,4.414416811352564,6.027682995144299,6.037089675120343,9.01055412416875,7.302253507424401,7.86928814033305,6.606980208558793,9.293429150805133,9.596073853605063,10.484457673235669,9.307542175559743
9300.0,gromacs_replicate_2,74.292046,6.612120569198119,6.703718067923749,4.370804,5.230447889723954,5.158341200802822,10.8858185,82.7259908115308,86.73333566078979,81.65090651388181,88.30569650258819,78.2134788062077,75.65561920401812,80.9642195458272,73.75864117486165,60.21362465263822,50.64503380966049,57.385617026063805,73.63262955981052,6.639909327899784,4.105618175309701,6.368842886553983,6.596228860966684,8.495291836287736,7.028927272918521,6.985596242739779,6.534781260027757,9.770139779637182,9.471569530718766,10.280236408323852,9.132427046183002
9400.0,gromacs_replicate_2,82.5815,6.129634461202243,6.305178434160866,36.882812,4.834022840475888,4.9221339700374545,17.600922,71.29320593943439,61.506051142102486,55.2609829346229,60.5506975204566,75.62885878128913,78.11221116177542,81.8698323856358,72.72860728740429,57.39027355576373,50.337096773663646,59.99725433622226,76.5430554534517,6.840088956377768,4.476291645783913,5.548174949271382,5.897147166458909,8.705228130944718,7.4815200796204975,6.804183539590338,6.855899755935731,8.885471683678059,8.923154904841223,10.634002128340674,8.52437841856603
9500.0,gromacs_replicate_2,79.228874,6.312877933875361,6.4024324730607995,12.249908,4.9176254536095225,5.075231361674989,7.4594803,84.24647026088208,85.2632937583704,79.26025938011524,87.01861366193253,79.20105405805937,76.66556734293468,82.82623091261254,87.63476995380375,72.47492247342606,65.67572042940722,76.74227419922778,87.6620604891231,7.172233075497024,4.440151386990756,5.9437757030502425,5.8866961727770315,8.301276067936813,6.59951543349699,6.439624034231859,6.52696654685262,9.35715844255107,9.362978547948966,11.205448840163667,9.078830883496789
9600.0,gromacs_replicate_2,76.705605,5.855600449487747,6.026142533757151,22.464485,5.220974121862302,5.193156411520747,17.29264,79.59684940246612,68.38733481584431,61.20828436370872,68.2225214703871,83.88206906142918,87.55329715917189,76.78345319411207,70.42019742481611,56.9162147125282,48.443759289667895,54.52991717564335,70.87373973805727,6.464843100634136,4.09823926995712,5.724448213814449,5.741557712789847,9.076352971191854,7.243895249919465,7.2487957156236975,6.529503172107355,9.370596478250595,9.468806075173688,10.459702315956692,8.72767368789764
9700.0,gromacs_replicate_2,84.25139,6.017174489847376,6.234087942362886,29.898735,5.050534756047167,5.180340439460022,23.827118,88.53227757891105,77.98211029998255,71.34721604798382,77.42281448000097,89.01564779935879,85.46082605842514,78.97756592023968,71.77770450005879,57.536256879164235,47.96833564249358,54.827938214005094,71.09469706978278,6.7328967972910485,4.488634899445848,5.857588941724687,6.182344678821252,8.553224828271162,7.300099675461751,6.8435290039306045,6.2890485788212,9.225431238482226,9.273535163852923,10.746427268155928,9.006720209437448
9800.0,gromacs_replicate_2,70.895706,5.733893795747223,5.873800748544232,6.673149,5.157128753576877,5.209448833332959,11.350609,89.61595614410457,78.50409776432541,72.78031380680318,81.26768308458115,83.85498700604167,80.79012510609688,82.5254877225211,89.08241627024908,74.92192220811842,68.60290481100805,75.66383872237303,89.91506136655241,7.1735709640826135,4.4521275240312095,6.127770533177329,6.270057669873543,8.06115173442696,6.882655388095334,7.146007001381427,7.608272402694135,9.306714925152752,8.811117678158137,10.219021974865916,8.866739112403573
9900.0,gromacs_replicate_2,79.93221,6.737948410361033,6.79658238364853,6.7851944,5.385390112733155,5.548272238929047,8.449036,81.32825041462716,88.40812694922415,83.08687462662304,88.7382835554027,77.47916046819512,74.65338559420046,80.76855421070539,89.03202872905926,77.47465027486346,69.86564455569926,79.24172762726995,85.7330720280429,6.829136441876256,4.254501329928452,6.129919728078526,5.847418026211947,8.380079683453266,6.98602245120489,6.516645771849389,6.447814799966938,9.606275670573735,9.38340761310494,10.591655062333322,9.636267623103027
10000.0,gromacs_replicate_2,81.268005,6.5966565643043635,6.524209462716256,0.73280334,5.34844759785711,5.317496015257665,6.2947693,69.33270807090749,79.6947960953591,85.4214551707471,80.57479209912086,67.00884955608812,62.95528029015965,86.0664527653849,76.14236557951394,63.34806418477829,57.31322611662632,67.16653264116876,82.01609928739978,6.5774972365782105,4.425992319181254,5.802061676002829,6.131004202837023,7.941649185700261,6.945014943965984,7.195068524063296,7.247003755446568,9.514418968759129,9.627085251013149,10.154703187461003,9.196353306362388
10100.0,gromacs_replicate_2,69.68557,6.460714082343443,6.598708064685391,9.054695,5.0490713632727795,5.093801669511997,2.829033,88.31579450508954,78.13537816174916,75.71561902553047,85.34153026587518,82.50055524502723,82.4423787102486,88.74590780549836,82.18530086728313,67.62231110027008,60.70796523829509,69.56366428663239,85.3408439863225,6.986671952285139,4.366965238580558,5.796454500659772,6.009440295404901,7.899775384683008,6.652414831375156,6.685906317969296,6.372605827085816,9.34782969217772,9.121695279441935,10.998835710624626,9.467961342792204
10200.0,gromacs_replicate_2,70.81714,7.302102448085519,7.407945759216869,14.625282,5.193473304025827,5.229757884993881,21.377983,88.99942887487035,81.62866554509804,76.10464418561494,81.73762759914906,86.50581878518963,82.87550529205096,76.05042253913355,71.76173942767848,58.98655021760643,47.17920333718716,49.50309364475293,64.50736330692865,6.55514608805471,4.3337482437985,5.726831523912995,6.099040852291555,8.371858988144442,7.168078516948896,7.204694327033078,6.650277106184582,9.5000053801269,9.441975415627896,10.550135019464442,8.900834129254465
10300.0,gromacs_replicate_2,78.670555,6.404689050767245,6.523906017491504,10.398476,5.451477872488825,5.472402020149761,9.401245,87.32347715086166,82.10250200193296,76.46207948321117,82.93381892920156,82.9771359735412,80.00957039907307,85.15710969566474,77.30852741889032,63.60391866763352,57.13530739848806,64.19335629058028,78.93544601736772,7.032238559037056,4.409072385899234,6.145092538561256,6.3036050014653275,7.874278682852174,6.798734060326932,6.886587280110282,6.817852643642348,9.504351213685068,9.14909701792465,10.643059866405078,8.746079812095193
10400.0,gromacs_replicate_2,73.247116,6.174875742065735,6.246709933909617,18.48024,5.171842799759379,5.209984843971889,11.539284,82.8172319486631,87.19586275151406,80.40612082680934,87.84220352050968,78.57258145571504,75.95804134548328,83.6243751819494,77.98906655544785,63.412188805586815,54.205675508394386,59.593744418302805,74.68951603527572,6.92449744568025,4.331264317390656,6.207300763135681,6.551495692996716,8.31346789692854,6.7206132317647445,6.726493967146257,6.915586665427008,9.40538931187127,9.293842203274902,10.64801495768458,8.749720106828217
10500.0,gromacs_replicate_2,76.09701,6.169579097276697,6.320737512506121,17.790123,5.376215217166046,5.417188477550817,10.401222,88.87178684267592,80.36171736709412,76.46118929269767,85.8841198352695,80.8239734764473,80.28926658353326,83.99941708307497,76.46265728074047,62.10492264782671,55.13943746892031,62.68881193153612,76.9570658182816,6.941713298681843,4.233977306849748,5.774495848893901,6.162819643055735,8.108877078515508,7.012108032623103,6.979640620753733,6.571523760255891,9.371802432030082,8.446343209589475,10.806073350297293,9.100175781274098
10600.0,gromacs_replicate_2,75.23674,6.491228012948632,6.597151547977245,18.792793,4.769411479976468,4.904731268487762,3.8656693,85.16059202090246,84.50601841869572,78.75722108385237,85.58209190970307,81.71892381448183,78.49473778573947,79.06866106915889,88.89970472665787,74.76811083254972,68.92429073953421,78.04161456925439,85.49578835517968,6.98190217531478,4.529666444096175,5.61237439725263,5.824251955956882,8.077456361466126,6.871191926469462,6.569908663391472,6.870614033564089,9.366287874774082,8.848835980638508,10.48174742734433,8.618513051559866
10700.0,gromacs_replicate_2,78.29656,6.572756707448769,6.622169101237362,9.01342,5.391481978151945,5.450237481320845,2.4482574,75.53780125541194,86.19013333131502,89.93399297106625,81.31434018105338,68.31056899125042,67.16954719233854,85.90863107169022,84.87146672733044,71.06004409161277,64.75332327252634,73.3882693878392,88.6624871630921,6.613866654634909,4.033840029741775,5.91612752691931,5.874060215830882,8.074343691696104,6.872808474090103,6.9219661695870265,6.792232891580623,9.626576061766992,9.810187537838283,10.616812779353381,9.327842574417284
10800.0,gromacs_replicate_2,71.570816,6.367358902158613,6.493295003751703,4.428192,5.021220823485476,5.046744424412012,7.4896164,85.83066723129492,83.07165692898526,77.56370217617372,85.21098743485149,81.21900073492073,78.4106571280213,84.67214027657351,84.5743917894628,71.36628604074947,65.74398075742316,74.86661536618644,89.0550611809762,6.90777759160795,4.317190762146581,5.928971695191533,6.1388153429761845,8.104786497219907,6.797579176163183,6.761703866236577,6.623572539484127,9.80186353030551,9.232988912857705,10.646713310621347,9.078602742190684
10900.0,gromacs_replicate_2,85.89842,6.678655297338783,6.7908449177977595,5.392021,5.4806877141651364,5.599959956255782,15.88562,89.20682712304738,80.88843563620789,78.54626679623078,88.94308827506441,79.33981067961022,80.48598557330459,86.5402936749605,80.0965674495444,66.60554096672273,57.47878160042515,64.61708088141162,79.61923271230518,6.990684794496748,4.46999973776624,5.79409449724861,5.8634036425844425,8.391353176777768,7.003000961022088,6.749995465570903,6.451465810316122,9.729437402595588,9.414977573477685,10.658299208693924,9.083885808729713
11000.0,gromacs_replicate_2,76.79099,5.871893851594539,5.975733419128318,18.28624,5.276610024190192,5.304832830527008,12.287949,73.80856744404653,61.57010091072293,57.125300002317765,67.90403556075792,82.63990334979671,83.50775374211742,82.33404458865445,76.22549366647229,61.96297805785643,53.80816679596901,59.216112162767836,74.29182807336468,6.741046878487538,4.4979013042827765,5.83272313904729,5.8709500590685595,8.33393751744534,7.124938107449865,7.153150462129867,6.500059468388948,9.118796999403724,9.318380657678361,10.487023303108366,9.04568294678826
11100.0,gromacs_replicate_2,82.15107,6.240531045078645,6.330405622758475,13.989693,4.989936698943938,5.1692196395225105,22.019768,85.76131298672676,84.00134890781433,79.4671189095508,88.2271059478544,78.22656426832003,77.261750280616,83.56848955234162,77.08238948365549,62.03956119201332,52.286509883939765,58.6078306226644,74.90977471232318,6.705742702027933,4.24998363447988,5.747859610728799,6.033230309761952,8.061428890878894,7.156599566243854,7.060890711144831,6.540083786265799,9.730051234256353,9.30103318985751,10.590420347196103,8.89763999075042
11200.0,gromacs_replicate_2,82.784195,6.027953883247503,6.241765878936769,25.08931,4.976922079553019,5.08013480434815,9.7164,83.67051063274504,73.09848042308707,67.13656320245228,75.50396007361138,89.42199533494163,88.46732531891222,89.58219144866722,79.29072782339013,64.48403326867673,59.63854474609206,69.99173110067224,85.28906652190358,6.861038780746103,4.558603958160937,6.084483139481334,6.103460198989914,8.053273640814187,6.791028940170369,6.7566700472483205,7.009973388021348,9.45371446812074,9.19065535426843,10.301771342052525,8.912750679881546
11300.0,gromacs_replicate_2,76.48781,6.591469637152138,6.771766023470389,16.297775,4.85943130760021,4.974281110883885,8.847076,84.31828009394744,74.07348860357861,70.32920316517244,78.80902156957836,89.06450647847157,88.26274664594263,87.49379139985989,82.15383563669741,67.44212820738106,59.731037360893204,70.21932329744205,86.91537448382428,7.21010798451987,4.431943144007078,6.009136018452727,6.060718640555833,7.795854012956966,6.7102040840995265,6.482920779342904,6.633653978503105,9.641410277741075,9.034509281365466,10.448648675526671,9.165453075116071
11400.0,gromacs_replicate_2,69.19115,6.275379629622872,6.505510086886726,26.126518,5.2446390250970305,5.239875162069797,4.9327316,88.15161707245885,78.10054736240345,69.33926527116894,73.60878881930346,87.61337743372457,86.87689673562527,87.61865996606484,79.20536219603534,65.1374726953322,58.26593283133035,66.47667168383146,81.9047690810346,7.181089560321105,4.652059705479652,5.831802435657535,6.049924481605281,8.64351213174961,7.107380163092083,6.8955403094499035,6.78059134971517,8.962900629377888,10.13072519045674,10.46859751764336,8.480851658136382
11500.0,gromacs_replicate_2,72.70887,6.86637909959216,6.951565133356589,3.138382,5.352848822055616,5.506077259761056,12.515686,86.49501938766919,76.51027981736107,71.8315806170144,78.31778854905001,88.32670501166587,86.26932734008297,77.01673331003408,87.40303612213678,80.15572275484466,75.29827037953613,85.26761962262793,79.87134876784125,6.640222013148323,4.053882722061149,5.884560640367857,5.943792650894281,8.137511670582581,7.1694033000147535,7.495960747026557,6.795842708090633,9.635350876661372,9.392635476753485,10.759714184723158,8.898593116808405
11600.0,gromacs_replicate_2,84.218796,6.671459478892969,6.863359194003611,18.669441,5.356128951506835,5.5081520387431775,7.339653,83.8349053772349,74.1045553453352,70.78719428006228,81.0665010788706,87.39059170809185,87.76375344716084,84.63920093586395,85.6735892502496,71.33473733771872,67.13288659723418,76.9432575384922,88.86003150030942,6.729514226741245,4.240378656325694,5.787883073586768,6.0853217622715565,7.929016234514076,6.929473358926528,6.923949049032132,6.85703075163041,9.301014113705442,9.670596812067808,10.73780662394881,9.086467516530876
11700.0,gromacs_replicate_2,77.69831,7.030690448518242,6.992304651788304,14.091118,5.26241474895702,5.3472286834418625,9.669067,77.36953557517568,86.79421014031638,87.51510097517283,87.62331261993833,75.75825421392614,71.43019222415636,89.18120790729772,82.06009492734363,68.33037376188646,61.85078530310946,69.54875836832116,85.16829435654395,6.89116887629011,4.328199423798063,6.13619804619436,6.089838274013651,7.94913498115594,6.743812015512259,6.514526170017706,6.202155185186284,9.753132781677014,9.781846174131854,11.071038477409102,9.247979690201511
11800.0,gromacs_replicate_2,81.684944,6.910515677101565,7.0941065574165085,20.657715,5.057329747350472,5.165472113107505,3.0105972,84.83975764030637,75.10641396223231,68.89125822119712,74.20812862927768,87.28681281930626,88.55631310342969,80.68992183815718,89.93479578860932,75.43913522776752,68.10863818407667,75.99317420211894,87.02704463618795,6.830174417210219,4.417995743282602,5.783834185006963,5.4158605372988635,8.43711388116116,7.303605889690111,7.213095394233589,6.896411909176062,9.412546741335898,9.047385236145628,10.694896764278022,8.615341061981164
11900.0,gromacs_replicate_2,86.541,6.531476803848512,6.734928606797447,31.275066,5.57664680597338,5.733830432340386,2.113594,88.5158729389489,79.07584657118326,73.50932219409844,79.75325541566725,87.5676597924279,84.97154926713954,74.25366785459636,82.50316433377684,83.58730708169031,77.74701340175278,86.57017728901891,79.34146246394668,6.656802369908274,4.202881321439631,5.7159214194780255,5.838356058837178,7.9833507722479915,7.084382812176493,6.958346916577904,6.984181733107703,9.696812838087103,9.711921866528542,10.644222208655771,8.87233664771821
12000.0,gromacs_replicate_2,75.371284,6.223497207331032,6.402944977040305,21.409195,5.0731080301976155,5.0953522079252975,6.6481705,80.89107914077559,70.08753578793801,64.75299658150058,73.77520315317705,87.10430267009778,88.40517337503432,85.82501014744349,74.06951196454638,60.60431994493149,58.17021428699565,70.64063719528839,83.97692406870732,7.006623488255628,4.523860624097794,6.031394370800833,6.0556554123381625,7.791266072705871,6.689299169464695,6.4753557116021065,6.6565285129450835,9.313641901301404,9.007295337062432,10.526099418677784,8.697628781324871
12100.0,gromacs_replicate_2,70.06443,6.1504996018983755,6.269061222902195,1.9694214,5.316970229706283,5.3410478198035785,7.4043503,86.09394548102608,82.4713651931385,76.8809911226296,83.86802319873107,82.01271558397559,79.0409658622567,84.64928243352185,87.33857599308818,73.71861558763672,66.20859318475908,72.62366762801585,87.81157561497416,6.811110203810374,4.299118036230392,5.98203091833953,6.034968068697129,8.121675872729874,6.837205012935552,6.947227428256027,6.867628208746562,9.73054670457371,9.689479649682177,10.531809464006628,8.653561894634018
12200.0,gromacs_replicate_2,75.77692,6.430485455963353,6.586742683140022,17.15509,5.153093924951395,5.225801588773732,2.0613632,89.70609117456934,79.90629084911075,75.03451860541607,82.69070965554675,84.44397466894054,82.25111908303269,83.7585924830844,85.75132823889774,71.78175502975948,67.4456722828586,76.97646407562068,88.10310189460078,6.955457226593691,4.379172317130379,5.831440035903953,6.257854637782595,7.84273144543946,6.755588191806194,6.683864541916326,6.57644677919267,9.357312989927212,9.28571241671008,10.60412275497992,8.826238729614689
12300.0,gromacs_replicate_2,82.32888,6.018361629961125,6.132509600462134,8.100296,5.157545860439199,5.265402274808478,8.906418,84.72307788955695,84.31882377129459,77.32133582957069,84.78256730956566,79.83191722437522,77.01246683920878,87.55688263414771,84.44815773437678,69.42976678707302,62.25703518422755,70.13243225740455,85.91938824745904,6.877635283926302,4.387880474779048,5.759575354047105,6.153557772291762,8.105391567126883,6.771326907206035,7.069311795937628,6.932836494753066,9.388715680835496,9.541784569035455,10.157180772944331,8.832216243211047
12400.0,gromacs_replicate_2,74.27523,6.469090311626725,6.466350375687279,2.9489899,5.07696112757537,5.075073865616671,15.372307,75.89866352353705,86.20924826995406,87.57653334144469,85.93841684072807,72.17512755847048,68.5257750873869,81.26199358583202,74.68528061979895,60.56586604959275,50.218636782299434,55.759766542560335,72.38692736565281,6.921650972443223,4.6135355996818275,6.032576421451767,6.547111055956629,8.09630485137375,6.803712826590213,7.0198429372154045,7.0194194217035335,9.501618438853713,9.378599372307669,10.666458977594573,9.209121707204154
12500.0,gromacs_replicate_2,69.33533,6.172103859308787,6.233513309786894,16.639893,4.898377888677733,4.976180951179143,7.661957,83.43315586270026,86.20862068661636,81.2477514641135,88.95767068876627,77.73613388657472,75.53082162948945,89.17812678594754,79.62502029355521,63.69777091592199,58.01226011981708,68.27787421196989,84.00292783868476,6.974891759789512,4.407621895997011,6.07457694558934,6.212576255693735,7.766508752146445,6.679878241127465,6.25303385641097,6.499829838045086,9.930496279755895,8.865123956424103,10.563942468704326,9.536574900378522
12600.0,gromacs_replicate_2,70.10866,6.005891040654151,6.174841172923469,19.087791,4.864569451604092,4.840451740634509,4.1354675,74.81244384573907,63.648994830667235,60.169296155172916,71.86108790359907,84.43791593023914,83.91657468457133,88.56392675534047,80.49083012955758,66.56601774938117,61.42166109249456,71.06634469334152,86.75473293943115,6.650622482125902,4.2956197615289975,5.833257763747804,6.172006010675578,7.985909143238179,7.134913617811874,6.855582018348533,7.518684803069914,9.077334652468345,8.984971427863957,10.69989314807317,8.871718951791395
12700.0,gromacs_replicate_2,75.53618,6.421268095435607,6.5034682118149645,4.86467,5.171915852861782,5.245380208311424,5.0549164,81.88800881126427,87.21446931814778,81.76988924785311,89.12498939815369,76.89737449274482,73.98225846868678,88.63149257306644,83.6265645973438,69.42272966660207,61.1805420236303,69.37117178902852,84.89829433964265,6.5672809939027275,3.9403121774032983,6.06160709840537,6.568068888824069,8.042476537218299,7.071934503730278,7.112939240335136,6.865702128511539,9.812707346824917,9.293387737890653,10.456091560324591,8.661826769138433
12800.0,gromacs_replicate_2,80.351524,6.611081982760141,6.738804292101782,17.55001,5.149378310151628,5.316302827530766,1.7261581,87.94077256194957,82.08057412520317,76.87002590974967,83.60185194453504,83.40265832190516,80.91389191469852,79.1934426064338,89.77456599640747,75.43328446510176,70.16280771434482,81.64554952005828,83.40287497727358,6.727518464018224,4.208465862144938,5.790121872295915,5.973189235290713,8.29819437077984,7.03492580167729,6.832402232814226,6.975559237060912,9.517422365256841,8.8678979677977,10.982640407230305,8.820249487998236
12900.0,gromacs_replicate_2,78.57236,6.323670679351496,6.426668877330509,22.636894,5.11412641609424,5.219109403721304,13.8402405,83.94726009262955,85.92668910783443,79.00084185840102,83.1580499226043,83.78451651867609,78.38480289050639,87.47773727325033,80.43184134908753,65.67465921370052,55.94500231567232,63.20602212273483,79.006548933036,7.011992586425373,4.432103353604533,6.037721595390068,6.111572288881428,7.8902464142737125,6.666116485862883,6.472316019914155,6.8102854213861175,9.983217347349347,9.22273967451113,10.715826094289993,9.166392523861607
13000.0,gromacs_replicate_2,66.44158,6.537028933182207,6.654515387804261,1.719902,5.126984142897143,5.33478844331613,17.228935,87.94398342717092,81.06814529244456,77.22516929415593,85.62772252393336,81.84071621264535,79.60597257272471,73.90250336768005,85.62643338866646,81.94358842252178,77.40435862476494,87.38159146547198,77.38273299253646,6.891943316071068,4.028223685938407,6.156869842594108,6.039394121632147,8.00038714016229,6.57583671596913,6.297764773053796,6.73182092726716,9.614212480696157,9.0223140982263,10.960894132088105,9.293736406320031
13100.0,gromacs_replicate_2,84.18073,6.6565883048756085,6.8949607774984365,32.53244,5.3179974969499915,5.471107157107007,3.9854202,76.2642279012483,67.21071170035303,62.47065136341985,70.91840020683995,82.57133974651843,83.84547497092028,80.0520461050797,88.17033241432159,76.94752856784012,71.26738331173793,79.49139359253697,85.54463557725046,6.915515163510816,4.331161905983592,5.65168147804355,5.824311858919775,8.03483754693881,6.878793056818953,6.534181826534067,6.486688856017648,9.62580481801552,9.270896059104137,11.019322673620769,8.59080463215812
13200.0,gromacs_replicate_2,78.051346,6.641502088590543,6.797649389466583,15.357132,5.44129696926418,5.564462938476002,1.3842163,81.95116712548645,71.79109632673976,66.92643501846588,75.18002642036431,88.2627331279454,89.7399663810806,79.54453108652663,88.03444721110935,77.74681668550215,71.06387065929464,78.91263411662622,86.2339633817505,6.713374079999462,4.169862558880364,5.909334295589873,5.767416872822843,8.241430929148684,6.855151254972764,6.277218575878459,6.376521154709181,9.6516115313091,9.039609929984344,10.815063433076237,9.018189555372496
13300.0,gromacs_replicate_2,77.35351,7.1358195413634515,7.0732733153141325,2.4141083,5.108306188085114,5.2622721375626105,0.2972641,75.87320068334971,85.29424341104794,88.83296052464038,81.49351538112428,69.8959265300879,68.2842805081855,79.60521110546233,89.45346942727429,76.23550299721606,69.3355031657781,78.83287571618267,85.71050165368501,7.142902676161266,4.447208200262881,6.086238864103802,6.366750277297022,8.185310810322859,6.690342518178947,6.569503601770015,6.6917084708668115,9.512267296040287,9.597361838969123,11.121453013357861,9.497198070780929
13400.0,gromacs_replicate_2,88.74236,7.028835585097452,7.152668256090899,16.968666,4.8377999890584436,5.011748698482512,6.677376,89.71813687571353,81.342775188294,76.3461196205747,84.26239333933789,83.89269070180498,82.55126296952464,74.08457387454678,83.7470552052151,80.48349091808402,73.96315263734533,85.18217217758986,78.7157026132485,6.6052833801925575,4.366129562903247,5.713549944208436,5.788726716063341,7.945891773515585,6.878378139825761,6.5200707666550075,6.688790986903348,9.210823152298104,9.56992627568399,10.915926654404506,9.27021909085594
13500.0,gromacs_replicate_2,85.635216,6.456463336557121,6.674281496990775,26.963211,4.883234739590945,5.077350441337782,10.296669,79.77991307856495,69.66187624697605,65.71267083675427,74.64320587025142,86.80066379074913,87.48522272365375,83.22060771977971,86.40148553292786,70.66394063500375,64.95354332125751,77.01324529854993,87.51479856529004,6.621936189805956,4.215888221040226,6.079084339304702,6.162226268787369,8.351939726254907,6.965659735638714,6.745266293628821,6.426757817341014,9.113716297958385,8.774858329838723,10.948964582011513,9.05431066814213
13600.0,gromacs_replicate_2,75.24385,6.104096760402495,6.242339841063362,14.825935,5.04114323583263,5.087306921832089,7.6116867,87.97207900036568,80.82049594952284,77.14201968383964,86.91332989363897,80.60757035718032,79.57221628374215,84.39389934968612,84.95032193777747,70.79227482692916,66.29753726039743,75.48799701091636,89.55149905845505,7.010759201827886,4.587152134636022,6.055008149059183,6.163275756830574,8.221296040774176,7.2671941692358555,7.1031759508803445,6.848048255182055,9.019452456319534,9.115737257416685,10.346774252869455,8.493399115989275
13700.0,gromacs_replicate_2,81.97462,6.0558982110252915,6.181805257856551,2.2875824,5.120588280688229,5.159186721191779,11.079788,88.05069582091252,81.36776719411624,78.50128822882496,89.48344678622252,76.8500106132457,78.53677517067992,85.40338643784148,78.11222742350895,63.81540230364885,55.7148683448095,61.931586569308514,77.7435913061443,6.756848047802282,4.4969071335820265,5.7978858206171235,5.771179189371715,8.387822949237398,7.218905954909834,7.445367987160428,6.921600399405689,9.53814783712458,9.239294907603279,10.341158106033388,9.095514224028719
13800.0,gromacs_replicate_2,69.591805,5.953760970664518,6.051766502899491,14.724564,5.089164889927257,5.080032340198403,3.2625732,83.90423868364645,84.89615723149868,79.36072888686914,88.26756567413464,78.01309958582026,76.06219849801712,88.20529995167622,78.02207012261918,63.9989984936975,58.65932271550715,68.2820326000285,83.2503386440348,6.889409641198394,4.202877917517036,6.043456308215191,6.1686751908084325,8.109215994807474,7.057404541407701,6.657760906186227,6.828832611525383,9.099734338984597,9.288802332291134,10.5014049448711,8.730867482121637
13900.0,gromacs_replicate_2,81.20651,6.285300230404777,6.154562219739205,14.129517,5.02251986999547,5.16473124302902,6.511116,69.69618661775911,80.26361087858619,88.37786284871953,84.60879045592358,72.00610757140016,65.94026733268113,84.44226726265376,88.18468510133583,74.23324232837314,64.28132558592465,70.38650069231083,86.56269937052866,6.765389731234169,4.358408673043491,6.113531253509095,6.1226657013939985,8.366788456870623,7.351676617937751,7.062575833466388,6.78788868283807,9.358408353527068,9.68119058036836,10.571645755586331,9.317515945772088
14000.0,gromacs_replicate_2,80.76726,6.469015819695528,6.5939645132754015,9.746666,5.012584205666665,5.176836521063008,2.6945496,89.29743586961095,79.012573694482,75.89908293047954,86.37135704701794,81.52607460859063,82.13575149670173,79.15547890936752,88.5354098232957,76.34285835202922,69.7572574884088,79.18676032496072,84.8584865461263,6.903070349887428,4.507441832713912,5.722246105638972,6.067513749847685,7.9280558505730605,6.87884790712325,6.8499278762019085,6.773409904741984,9.53733751741516,8.961272804462226,10.734572463315484,9.469290217378148
14100.0,gromacs_replicate_2,80.84141,6.266571821869241,6.397585144955553,14.013527,5.296149447880155,5.366122292199377,13.335854,88.46270159257186,80.71019447318493,77.28953937650641,85.96605252583059,80.95804749535492,80.15866245322049,85.92022487128153,77.64374048066524,64.05235862643775,55.59317345643782,64.36755618548032,79.30846263766281,6.8506325563961035,4.072227914866577,6.066436110182723,6.0073080042432085,8.019887301311588,6.872008878526173,6.34802733293612,6.494687057652648,9.735845328800224,9.184482906166002,11.321255714041301,9.221898044800026
14200.0,gromacs_replicate_2,85.22071,6.738480233640657,6.8706092989726075,20.639275,5.1254483946676945,5.2725107176462425,2.271515,83.72680144879187,73.97228016362622,67.84004984325212,73.31215604847073,86.66717661758584,89.64997511021876,79.2751456609602,88.29813526443618,77.26678651989812,70.16165603743957,79.47812494033612,84.83996963378863,6.734729557592441,4.2123991498038675,5.90290288606408,6.289237801248618,8.275560744399616,6.697485625743787,6.391554733212271,6.846722900752683,9.27530187522729,9.163510062525532,10.921130486185266,9.368358969442818
14300.0,gromacs_replicate_2,84.9931,6.999987719461806,6.914138503532846,16.754753,5.0144302548264985,5.192986216594418,12.4533615,77.77789850827753,87.47868401853445,87.45822731664497,86.03744589859438,74.60317831410818,72.1690502305663,88.14944075930804,82.74095468108204,66.75569727801287,60.25778435119915,69.89926915165364,85.56350390040254,6.9471031095309685,4.228762228213616,6.329045897766681,6.3744782936934685,7.840868133556434,6.46588937650709,6.4976509630348,6.230793582927352,10.318774627699048,9.121382458710295,11.14817454013962,9.878000173699803
14400.0,gromacs_replicate_2,86.76997,6.693494642548379,6.820298323081225,19.501457,4.941210812938395,5.134202158707008,9.934921,88.88608316546723,81.7823271495183,76.52907520441163,82.90260552882361,83.8789905759073,81.65176891585014,79.10460732899602,87.98369343182708,76.76336343116888,69.27258961050006,79.36789238781303,84.54971658819846,6.705673502220832,4.174984017069577,6.023570006159976,6.246612965021467,8.29655496161507,6.615909677419549,6.136529182512536,6.464084977676331,10.084775747338584,9.326997979341717,11.349510769891806,9.424250049154416
14500.0,gromacs_replicate_2,82.450195,6.5049577573741075,6.609831831309247,9.920502,5.139093021572175,5.213849538552615,15.727425,88.45389304135172,80.93988977391123,74.5075272263027,79.77510651548026,85.67498502600401,81.87118565852155,86.0287006266386,78.57347525745875,65.10458195430803,56.01950924143433,61.85193993597067,78.94569950384455,6.409322794368261,4.124459955143008,5.92125147591239,6.037487257626265,8.023392176143313,7.224418009765421,7.007628371247383,6.795158984183131,9.386189683062405,9.282103080314894,10.802142469301515,9.269111596519092
14600.0,gromacs_replicate_2,72.699715,6.619860536900972,6.448162869651724,9.348549,4.725180872960414,4.913047905803782,2.9450989,71.45894526394979,81.5167943895779,86.39959581730776,79.78202699484443,67.24172299143532,64.30928987250692,76.27338207786802,86.73155877843853,77.17191085201164,71.49104701936086,81.63450498048661,81.57123523838987,7.186379325916868,4.438483899857814,5.727995953989562,5.645560879730825,8.401457192078475,7.02989378844541,6.682511696032316,6.796503527791299,9.082001771668308,8.840030635729192,10.62172381764626,8.68382521456847
14700.0,gromacs_replicate_2,72.185074,6.192148709920222,6.232868564802657,28.789318,4.710684087566053,4.877301732258056,7.8377075,83.84435631837873,86.58689128016516,81.2141936688803,88.21302523520833,79.59413453415767,77.3299983221635,86.26323168788713,81.12916231596505,64.48635115079598,61.731303039449315,74.95485875146126,89.73074634518075,6.927577638304293,4.441775716216935,6.126524972538307,6.051455611625114,7.845585383550647,6.918365812029186,6.5028289302617255,6.735714044837145,9.11790238106391,8.899992879566561,10.576622190332703,9.340318704712171
14800.0,gromacs_replicate_2,82.3695,6.2053866759832275,6.283431366370854,28.297783,4.8171938420756275,4.978111065086802,3.673523,83.56613797203974,86.88407235629715,80.08143981815115,84.7962530514238,82.12108090771022,77.76140791086947,81.77738571543294,88.51383769875795,72.44315945606515,65.66182412231267,75.95671345327885,87.70667129976886,6.704870829592462,4.391933339964399,5.726798863474017,6.2248099283138005,8.186261102160898,6.9476452326734455,6.557479128546889,6.726057240958404,9.477071947202472,8.718324609095713,10.981726213299556,8.801006449227819
14900.0,gromacs_replicate_2,68.689285,6.488830538276133,6.578054943296849,12.234543,5.369875654996636,5.483753914157029,2.850357,83.3149720808579,85.79022638590473,79.97036663562962,87.22197121525801,79.8265599346619,76.52030695641348,83.1018000933161,89.62960219340862,75.96378363483569,68.35461555146554,75.11996164592448,89.362962922776,6.5956037708332085,4.211549266401205,6.088845888331781,5.898047364174695,7.866264550018567,6.835362916262537,6.8696661532138314,6.998495834697615,9.688331874204959,8.95184120720575,10.955232835757627,9.246244295676986
15000.0,gromacs_replicate_2,81.53521,6.638997121550889,6.8212798767059,19.863579,5.2689734352842565,5.3882830429924065,7.0923386,83.74249249152419,73.52535073928156,68.68286328215612,76.58750197877242,89.22464978446054,88.50411952889706,88.06848680979331,82.61555199069296,68.29199658825593,62.61421896499877,72.3914833211942,87.22630559300619,6.8286618912931605,4.15785134456441,5.944737113416219,5.639909707288291,8.253332213220503,6.828226121956618,6.38040296072583,6.571449192197321,9.341899704270611,9.32798732441932,11.250426654430255,9.55673040424425
15100.0,gromacs_replicate_2,79.01741,7.333406954718962,7.471049193126844,13.830643,5.34804189034738,5.500163870425966,0.40132904,86.02827066466145,77.00326203598392,71.58826787409986,77.74966024269636,89.95295840188268,87.50365747587291,77.87234133196945,86.78013579318156,79.3379160417939,72.73309270282961,81.52344863231883,82.8811082939041,6.707343180878007,4.08628776427912,5.914586994224387,5.757503181967932,7.889215507315651,6.8492684503074885,6.590367119054789,6.623754887140934,9.81499224153468,9.760218014783785,11.291695696317738,9.541316011020642
15200.0,gromacs_replicate_2,73.144554,6.708729812835095,6.3518166797168,3.3169785,5.582062788194856,5.543617725257955,3.6269608,59.25784221900281,69.23638031527145,75.48507880445567,71.19821068989502,60.36825414852992,54.82391815865013,89.85520822479388,84.07219055425985,70.9715000945605,62.6668731677797,68.47094102938858,81.66509654814683,6.668854682224129,4.381038344900936,5.895848877186802,5.907443670495128,8.31208112080779,7.053053644768478,7.222126443569197,6.638570384523644,9.552240618084664,9.320921656853242,10.822565168268545,9.231022176791594
15300.0,gromacs_replicate_2,80.167046,6.569406329594047,6.725861961160522,20.429718,4.8630164173693355,4.996447591699619,11.4726715,89.18778867663309,79.38468515395698,75.18090169255667,83.0871942060273,84.72316683811913,83.44868004035632,89.59207128434254,79.1000722690711,63.49358709261745,59.247219427267076,70.86733913221927,85.97994403728657,6.832596277272778,4.080407008724266,6.000700204968978,5.787082148876462,8.038487039675335,7.096980743879734,6.912119104933702,6.662491355723563,9.319234647187523,9.991839095823062,10.966995251533666,8.639307580972417
15400.0,gromacs_replicate_2,88.4899,6.43575450494197,6.551303487546211,19.153114,5.081558286754865,5.160316826497912,13.218338,84.97070186069448,84.86556538653468,78.27925582891869,83.98020671145147,81.94967132140424,78.10283112864109,85.55756532812602,79.34478924058973,65.39493020992079,55.44644728440474,61.247874184766474,77.77074380435808,6.770268940919633,4.195230864954995,5.933358955866082,6.2460240419167175,8.012611972163457,7.0962013775954595,7.202638802399238,7.029333575602644,9.597087741440152,9.04232153073917,10.558894717030425,8.811484664172077
15500.0,gromacs_replicate_2,71.79459,6.660945665592433,6.681792338258035,3.8097153,5.484469982134087,5.465378288560545,16.32412,77.11950702464473,67.65663577021711,64.87111410846782,74.07127171101403,86.55476337604064,85.91232653476466,84.51758475372847,85.55003325041538,73.58046057694133,69.76982098638892,79.56521623157923,87.54251087291208,6.851457101747851,4.3379388074636935,5.907768993332826,5.99524738021165,7.824678857123017,6.754500207813236,7.0477340510002024,6.96687771060049,9.81007114279945,8.93737177213575,10.87243277212056,9.149490701028721
15600.0,gromacs_replicate_2,79.2495,6.636927416525965,6.80264176291653,21.26886,5.148499597507063,5.339974420915078,7.0709305,89.71537878267891,79.77052563664907,75.43316965260207,83.11901523904778,85.03424933219068,82.56774295044525,71.67369993625557,81.10103358189211,83.78290339982125,77.45000537975845,86.18533769067156,78.90341794253416,7.470721020306921,4.73854884170241,5.86784727596827,5.695551472736823,7.727431540625985,6.45665551948099,6.229915739311732,6.830196198230639,9.650237169702205,9.058479494740032,11.11904193352637,9.692853546643802
15700.0,gromacs_replicate_2,84.60941,7.080218552866191,7.292743657375573,28.605751,5.366065716580633,5.488844983749836,16.494217,80.46419296739492,71.4702516049284,66.08242644910038,71.67887055860588,84.3294953499422,86.77358970166951,85.6740780283502,76.90694826581448,62.70544373825243,56.279545242012624,66.9815285166987,81.96788723883914,6.937926494457654,4.2818681875429485,6.12139395822767,5.87437500745399,8.1373245651658,6.841352703332188,6.6341165810992315,6.2933017720796744,9.544558495335849,9.005127022302066,11.50928362538963,9.529066854643355
15800.0,gromacs_replicate_2,78.551544,6.347600552354943,6.315478388879139,19.848267,5.03289967643851,5.1829844053451195,4.103462,80.1432460519564,89.31484574270074,84.8615669319336,89.2342835001016,76.02688284653709,72.90971401454205,81.29412997894656,89.16650692438625,73.6907994547654,68.0687964529966,78.52493149676751,86.6070151319766,6.8870977384368395,4.331409850493429,5.545950196686216,5.414091005900365,8.564792916956138,7.220058230131989,6.739550038451082,6.765485539631618,9.56786321094609,8.810576811720704,11.038190997781635,9.510276744414695
15900.0,gromacs_replicate_2,67.66555,6.8880755379827,6.9874284381614675,2.4544296,5.052043914168631,5.104895646660877,5.4855347,88.7618685434836,81.88891504854274,80.20508521884622,89.76273361013574,79.34470820851098,79.93663975254255,88.93813191825245,83.06231594124563,68.47770512987938,59.335598134947816,67.24061092627201,83.49068917958581,7.149262446884416,4.1868147335035095,6.199264961973995,6.164076443444553,7.732253191124855,6.818191436865483,6.953954415383169,6.927249411484161,9.337257102767925,9.233445081031778,11.324695912815756,9.095237610277648
16000.0,gromacs_replicate_2,80.396,6.483197030504547,6.649969536138461,26.170818,4.967585003901042,5.150027191955108,10.842674,88.74206160135725,79.08848433607427,75.87871218997238,85.147369945122,83.63110354509996,83.30329117021331,87.69149098287247,83.79855611568532,67.15037070859383,60.77863680752009,70.65188190905495,85.95882117077961,6.81758619526196,4.452713200674617,5.882235175071989,6.285378819124,7.901872750129811,6.985372020098877,6.484922613106569,6.763673007761867,9.867554854869631,8.596379392070586,10.779312376947372,9.543447610718554
16100.0,gromacs_replicate_2,84.1211,6.843525090097763,6.943407568461073,26.753578,5.099226131120565,5.275428276563688,14.18853,87.45251424475069,83.61859389736556,79.49758991844202,87.07162028739538,81.99061207993803,80.65329184552029,89.6521738177111,82.29169680955475,67.08148291099124,57.54255410711786,65.28097822740628,80.39004705230408,6.970209782289667,4.47366451204316,5.9469032412526746,6.2658698336770895,7.931400938882809,6.903353329457843,6.017409629630751,6.8363676178690085,9.812728102479907,8.993480966800435,10.7759418212048,9.115471481637815
16200.0,gromacs_replicate_2,74.53505,6.714053828656394,6.5817713294878954,5.80838,4.837377308949099,5.091727884843458,15.336334,66.92478308119526,77.04958400292982,84.00106991451825,80.16452923307966,67.81220836331033,62.021389506285665,66.55404860404485,77.32154833352153,87.7805671336678,81.36647129542604,89.81087737399622,73.54801773591683,6.757869151580001,4.2703428597461235,6.1160001677316735,6.211270859814588,7.587897336346007,6.956804400516556,6.2290812105728675,6.500021349572258,9.735661114371684,8.94089463611497,10.65338994462874,9.167497324414459
16300.0,gromacs_replicate_2,81.10866,6.050022622381995,6.172997466457104,11.233833,4.899591779602983,5.017453575631277,6.90773,86.33793108960968,82.7007152613672,77.8491503907817,87.09883499024507,78.16583882910355,78.18300061635613,86.05258124476269,85.596338865486,70.30787286941576,61.61314887894209,69.28564123727719,85.73710722114252,7.060886506729161,4.462725727545388,5.91421660183623,6.135490980202824,8.092300369354382,6.868624022269639,6.330694211322254,6.3658938129638445,9.348213021988153,8.88912346240604,10.504017570346248,8.832858808914121
16400.0,gromacs_replicate_2,77.68418,6.896591016219299,6.915502271636975,18.94107,4.838584849496795,4.998020140833165,0.5676651,83.26039806249403,87.21251023232485,83.42010016263313,89.7547534274869,78.04102363997244,76.41816758537273,80.33312008297922,88.98130599182132,73.31579967390871,67.61057208793436,78.4296387782228,86.02664864114791,7.222661896376804,4.599090235514396,6.174870724269962,6.10444093234154,7.933119896150053,6.950814756339403,6.882076440409311,6.897413114091302,9.376214943365843,8.584997831973851,10.571663756875795,9.125127684790117
16500.0,gromacs_replicate_2,80.370514,6.684815659623345,6.879752372251094,27.091194,5.26759289140437,5.43820096338879,7.04216,81.39299497576107,71.7984822977798,66.54893171104588,73.67202344714441,86.93758325217519,88.62468046914178,83.39975856712043,86.85290923081496,72.40932289851509,67.69125317230575,78.26699263734852,87.62680844818219,7.061759241837591,4.341699026050926,5.775256371918181,5.950708983267925,8.358972016185037,6.893449717155407,6.564142019149161,6.4024528013702025,9.272670742598072,9.213884422083936,10.647740076489525,9.085638060261463
16600.0,gromacs_replicate_2,76.432045,6.729399948061548,6.888616277208996,16.563515,5.468501491767709,5.620699978192212,5.8608856,79.39799412670831,69.27265436962502,66.21575677369373,75.42751667100106,87.24349998745153,87.75501011918425,83.22199506504782,88.33196930937731,74.91758929756338,67.91360464042435,77.16787634201158,88.56947456418987,6.990272018298979,4.0424624280130015,5.989727916302126,6.029308629827601,8.057513503206067,6.96484671206514,6.977600384287169,6.9704732759821075,9.910617594920481,9.522435450584137,11.421665967494055,9.480739698113236
16700.0,gromacs_replicate_2,81.53786,6.906913219795918,7.044717569480115,10.513451,4.944163454538283,5.0677528383934245,6.50058,88.65409434034954,79.27941920638249,76.06646096731878,85.67206278933068,82.83584039614878,83.1016024195445,85.32927121868562,84.12037452274096,69.56242781894845,62.7569845222181,73.66720958160715,89.83984461287491,6.827481677112979,4.014539772497818,5.871337479960375,5.928858083879021,8.112026584962459,7.056897046848334,6.899031990687407,6.642954832689407,9.313759058523324,9.714174319404995,10.47366516741268,9.097829653273719
16800.0,gromacs_replicate_2,82.44043,6.366285859378382,6.460845737466536,22.909958,5.363391571886142,5.508004506105747,13.63636,86.45938028175479,83.23001924679741,79.02761707665242,86.61503369550522,80.87620671729063,79.17057180720488,87.98114186751259,80.67466795452795,65.81670828914595,58.65258539196079,66.39363653166322,80.61213517481988,7.007825757654891,4.3727331619666945,6.042266034547333,5.9949750949917675,8.039484801542573,6.964213539431837,6.510928394157058,6.557111603712287,9.9854885992308,9.29605821172492,10.89230111403476,8.96890607936358
16900.0,gromacs_replicate_2,87.4556,6.755248987295684,6.548962964851588,16.00071,5.066906055440167,5.193390153826043,4.2129135,71.74672058584494,81.42154268623176,85.75474969169328,79.2864958265536,67.32535233787766,65.04992079749847,64.56458607275574,75.37430118444153,89.53833148990994,85.94013555397892,82.9508568974024,68.18998285014422,7.086131869199135,4.586424305583651,6.012346137834462,6.207416627110502,7.809721373256696,6.882051564842392,6.639375613327216,6.959244224398969,9.196045019679634,9.75662238887238,10.794403483688303,9.227649400698013
17000.0,gromacs_replicate_2,76.09617,6.628991526174263,6.941571957137601,38.84619,5.3132290915357165,5.416495826747118,10.619171,79.71174201103695,71.38919224404776,66.10315035231764,72.84645997337219,84.45887687438955,86.32071149487965,88.41923819273676,78.64639212125884,63.931882905043835,59.57532223259184,70.29368932948947,84.05460121972403,7.041707088941831,4.501203423713007,5.779648838706339,6.128907585397346,7.852915196893103,6.774055359962957,6.611586147069201,6.639944216608975,9.838030825066959,9.215927869752148,10.892814021806881,9.321864979279336
17100.0,gromacs_replicate_2,63.9543,5.853246474510574,5.896582187247844,22.323288,5.0877727185145005,4.967181586591956,5.246071,83.51503963556398,85.16466163305876,81.66295893875778,88.87768283773171,77.05473785626452,75.78856008277879,84.74107623569242,74.22146879015571,60.74968506393264,56.934772502152924,65.91028756897715,79.55486732817747,7.31052088997255,4.7204224309880365,6.051496184808875,6.464677209532596,7.6810840703584,6.757771821192176,6.583455917886566,7.113562174849675,9.346387306541576,8.966308673114087,10.525172256783316,8.777754889928486
17200.0,gromacs_replicate_2,82.59716,6.394700467921601,6.603959910245956,24.268768,5.067278883360518,5.218352203302672,15.54129,86.42864275760365,76.21948081781912,70.89640211596706,78.48751216714523,88.08024297459365,86.21925207939717,87.88763498830401,81.17891325714835,65.84946525731834,56.30095223241367,63.925910590024806,79.75760954293723,6.4537391696796655,4.441600506142129,6.21960192002639,6.207954138399567,7.993528508480764,6.532241282941934,6.222301857791595,6.356518448398426,9.775258058535695,8.83192017365702,10.998265400320628,9.3038952241539
17300.0,gromacs_replicate_2,74.99142,6.283111235997362,6.572101550466058,33.46862,5.038628573256966,5.087947237412488,3.6663284,86.4508943833004,76.52060616031905,71.16722667071139,79.36775566983155,88.80214298289877,87.1843690629102,89.79104024849333,79.75691879536896,64.84335292031098,59.42713180723653,69.60192519766683,84.5351021284336,6.81466279041231,4.29616325973288,5.691598232428026,5.5797054773196315,7.97782873393235,6.846352175263556,6.619775314206231,6.772748609576917,9.50889497485656,8.600434579858453,10.827027816084026,9.094888014382239
17400.0,gromacs_replicate_2,80.561905,6.871289013979734,6.787617724112807,11.438477,5.127251108967254,5.31038334771946,0.22009277,76.60530777816146,86.44822749831438,88.43917426221847,84.0074422159906,71.89251965853259,69.59193139077081,73.84880633119445,83.04307100008597,82.0983461986939,75.47822481967069,84.48852861158291,80.44027042737005,7.347421738299241,4.472362326166349,6.024322019307609,6.135334595677199,7.730301279404416,6.342752223016358,5.994258816879037,6.233632164205625,10.132464583776441,8.978144517449916,11.154629672542148,9.729999006673026
17500.0,gromacs_replicate_2,78.77863,6.955370287642899,6.983457061867024,12.7656555,4.9177857340096,5.030966083711363,15.66922,81.5526735803012,88.56989373285262,83.90574097211108,89.38174498756479,77.08578716079028,74.90282241736168,85.33761241605193,77.37619853018796,62.96788093861187,53.67993617029803,61.34915212948998,78.01104890612677,6.349201635311908,3.9742876537304674,6.023620668421404,5.985352636788614,7.957605988246388,7.1191736589560195,6.7417990061178745,6.681290099858303,9.82080279698889,9.178721982514151,10.781429263258646,8.725727853385663
17600.0,gromacs_replicate_2,76.699814,6.522345399881877,6.640940068001808,1.5770035,5.212487977622927,5.33907891824154,1.0867004,88.19154683533543,81.92414033053996,78.94067633164842,89.08745076888984,78.84477714466752,79.36179282790906,80.38785471166793,89.8288207719164,75.3123507456927,68.53792240233082,77.41128989019583,87.43790613921936,6.737281656551764,4.313534897508424,6.082453263501923,5.962852736913957,8.25300769683964,6.774835491211128,7.020053642188582,6.646151840133899,9.599965510016157,9.785856835760951,10.695741761584031,9.318147880966619
17700.0,gromacs_replicate_2,80.85359,6.214866192591855,6.393342244033473,25.441612,4.965888364372156,4.955754216100648,19.25235,77.50318335157665,66.67548958309477,60.88371621620618,68.24212100186756,82.71501918705232,85.03330624623445,75.786124451934,67.13043809257339,52.53125429500429,45.32986589091937,54.47216478847392,69.87245304807098,6.901379163714144,4.437916326150429,5.829801704235973,5.7263294234575906,8.428325012643757,7.229177489992753,7.219780100452817,6.945273073700768,9.414492121432042,9.203729810161828,10.736128659241261,9.047609465644129
17800.0,gromacs_replicate_2,86.491646,6.017281224237682,6.253694928557428,30.703804,4.866173729926326,5.040761296486361,8.314354,74.84280790188875,64.66953475817134,61.04430520916969,71.10554615600958,83.52685399951332,83.33628023503296,83.63429686432765,85.78766633059217,69.17584755903138,64.26928491452301,74.7141779357271,89.73746069485964,7.05510516186516,4.293882354222889,5.790678293875715,6.237789319724883,7.879359807265763,7.124061160580177,6.905894811138027,6.676306821877555,9.578241236805807,9.090437950730005,10.478917805863727,9.077002738372935
17900.0,gromacs_replicate_2,78.41694,6.178733792650918,6.3567126834527485,18.768852,5.167352855896307,5.248224916574449,12.35537,85.63195889842483,74.89531120270077,68.87238509424435,77.16098995706396,88.78634129418117,86.50601521980826,87.82462277432305,79.72363627813685,65.46506985040736,57.55535889456506,65.33752769843053,81.01844585344857,6.578729399842107,4.026823573978115,6.0436624436325435,6.24348348505466,7.642757621370235,7.132767834288254,7.177282967809204,6.888623999351499,9.859476259110773,9.15982159005763,10.986994746905603,9.311008817524508
18000.0,gromacs_replicate_2,76.78052,6.5348896579395275,6.661673728700781,13.447166,5.047133623466477,5.051094915429237,13.258369,87.06261511902844,82.67334103239727,77.17786283179025,84.1040360523454,82.25497737466335,80.16906299142583,81.25850343571248,70.78915718743772,56.65733836165997,51.46707827898566,62.364816465813874,77.60718956021293,6.8053384562412385,4.682784219949521,5.9435364743575425,6.221191371677561,7.949243230702039,7.05537017969966,6.885607018971273,6.8637782182988145,9.616608956895902,9.869446824940702,10.939818158579783,8.800501916080668
18100.0,gromacs_replicate_2,73.41704,6.314768674394973,6.473614842733573,19.742874,4.9879578445727875,5.159310445607014,6.1995773,88.43486426105457,80.94079813211263,75.0983123932912,81.86654041059121,84.91922639721341,81.40435224890702,74.80037942446339,84.05530979133654,80.09308642047549,73.08783452406723,81.48399916832348,82.77820959863595,7.3524529167058565,4.496926892494826,6.17094943471552,6.1928333680222885,7.710520013324484,6.3733777583313955,6.438760406009204,6.502587287394524,9.521880126777404,9.31059217439305,10.675148217130282,9.402186367042042
18200.0,gromacs_replicate_2,71.29433,6.265212492807019,6.385080191140486,17.177399,5.086646916395814,5.109413693638077,1.6370087,79.27844941415876,68.36010234840933,61.73240076817384,68.45940518214137,82.93926458966432,86.510951958774,86.581099817166,84.09256228577934,69.93096925367533,63.314967257150975,71.42911465369382,87.28804201964097,7.105565211215293,4.361071038311203,5.902490131096821,5.778709314438549,8.302129813410348,7.055797617538302,7.354404565021199,6.792528389147799,9.33267195557861,9.676923590429546,10.550911550785113,9.470762520656594
18300.0,gromacs_replicate_2,77.2777,5.885084684333514,6.193616661649655,30.614166,5.10284521358047,5.159712982020992,0.009681702,82.41017704859247,71.84417813548085,68.45691092943737,79.67433761865364,88.42421470441167,88.7179399131129,87.83989029509924,82.19209738354388,67.2685194788666,62.16236827601126,71.31798943744032,85.5941298360071,7.135429568246195,4.569358971517286,5.847801716895266,5.9791816434864495,7.565216769014728,6.793533281346688,7.180938729504352,6.8649777236258815,9.642621802245637,9.442291053835852,10.314355206986741,9.63975892072771
18400.0,gromacs_replicate_2,71.64348,5.9695817115060645,6.185882112171138,18.90799,5.082011324702367,5.046341499068047,5.0594635,84.87266249036627,73.59967076996716,69.12019298852393,79.61550071277044,87.26663113031232,86.59828695723552,89.1356492056235,81.1097237885416,67.15651346568342,62.36121358587359,71.10246256833376,85.65435608039088,6.898192284972867,4.330540167077104,6.0029113279186275,6.183096171547978,8.384953818090056,7.492190177692934,6.804701608795763,7.071396757887235,8.977227865599865,9.356650820864461,10.291712430830678,8.865843848964653
18500.0,gromacs_replicate_2,76.679436,5.972983657333319,6.066373780885285,8.627014,4.984154529564168,5.054971468055117,4.9603195,76.8620583588856,65.99032616040088,62.58436038842543,72.68096253229201,86.73559759006862,86.40336127055413,82.91001045936088,87.12051061533207,72.84195122258525,66.10070838058004,75.37858901441322,87.9976899281187,6.981631451115623,4.294736111195695,6.098452229916156,6.7441829491613845,7.9216849278830335,6.857690579610044,7.036739878810292,6.628026516426517,9.319530866500848,9.407020728604595,10.237278096814945,8.946268815675907
18600.0,gromacs_replicate_2,78.93507,5.705916149589733,5.929431894271028,21.872025,5.196516883900703,5.229089214432286,2.9577637,85.7296567543322,74.99252851763809,73.27831836618797,86.39979416000241,82.71484046784327,84.70668104457462,88.65457076044935,76.19625475345985,62.82838839025431,61.15704731853267,72.85425406184793,86.30235766573759,6.776273668651891,4.804461357518442,5.402491042031086,5.604171969075639,8.874691737643413,7.5343153798686595,7.615112995730948,6.773148862916189,9.020698989263048,10.200484374307326,10.370526470488432,8.323625987015776
18700.0,gromacs_replicate_2,76.571396,6.160397482847221,6.3042721337917715,21.001389,5.017206875721408,5.120588019901203,2.2337875,68.53905057590727,58.67717167955203,56.53922592275077,68.03061522340111,79.99493907941141,78.56752194553106,82.78150725732594,86.3518930189404,71.36483294639423,67.40640145706654,77.953644167099,87.1670374268635,6.79564344692798,4.469767376599386,5.457775960578419,5.807383879022468,7.753884230067379,7.009076863477385,7.294464328588659,7.064392099028532,9.215304951885868,9.620469079281275,10.579517540191947,9.170768318811787
18800.0,gromacs_replicate_2,83.55313,5.761433973014204,5.879931121547031,23.622986,5.174580667532003,5.140070328479819,7.843025,88.7826282058629,80.16999220044369,78.58798805280233,89.9800819884722,79.04371169724985,79.25578020866736,81.3884927741371,71.01977508259722,56.73763793354621,52.92210669155427,63.63486354961003,77.10508911420476,7.069187841508636,4.390668129468083,5.917992601773078,6.255219491119306,8.0229662005461,7.156121273750936,7.569788999275651,7.197694617155248,9.397699561120112,9.082794730387759,10.349522530975072,8.999916673593964
18900.0,gromacs_replicate_2,72.80376,6.0645294374857475,6.2610636069171814,13.943825,5.21786878831684,5.254765178008207,0.8729248,82.11987799467589,71.46715907770208,68.65459506266237,80.07652784346266,87.06448078587594,88.28164054095011,87.32191281513084,82.44745003136094,68.19557985094768,63.904920177758434,74.51796144848707,88.97579964443977,6.703396829996967,4.149309600109771,5.578693366205837,5.8368110969216875,8.44119958736883,7.527631533133029,7.279465241110076,7.013105305234047,9.202330946192571,9.866198081845582,10.07520392564192,9.252850104610154
19000.0,gromacs_replicate_2,87.52861,6.908162229480841,7.019697163167169,6.1172943,5.292797741928299,5.4701218748800144,19.507576,80.79994312958466,71.93255736480248,71.29781720556865,82.48414813164648,87.4828674391368,89.76835601016614,86.39355687220194,80.64881541870292,66.6514204753334,56.69051156351681,63.34569630760542,78.8434674383095,6.810406124892519,4.229002808347946,6.0693936260451595,6.0922123151655,8.432628356621777,7.163293475775408,7.651520058280421,6.368406377689374,9.928296263806573,9.484385454468132,11.127349703357222,10.126779325305268
19100.0,gromacs_replicate_2,74.36352,6.094635885034168,6.354079947765536,28.613342,5.139626507059076,5.227306111759435,2.6805573,73.10663936087892,62.11019068143546,58.11898447378462,70.08636589138635,82.1314003238117,82.02078015271198,87.22937220498916,81.52233991342213,66.84650653108974,64.12456886836111,74.28734300512814,88.70498565283376,7.328510222268892,4.798997568556901,5.570354476396996,5.9196585568993205,8.14423421607126,7.3588804811575965,7.111240711666391,6.885550455488666,9.219207283011574,9.643094709824673,10.704716907377616,8.761818614836546
19200.0,gromacs_replicate_2,74.09374,6.002085815443398,6.170891298822639,17.499962,5.415261124577283,5.37665794183977,3.648491,71.41955247646716,61.28659492061856,61.23998780698206,74.5600468618519,85.25656675140952,81.88652706996868,84.94257070380995,75.14352814969929,61.999853679257946,58.01485611363288,67.39873966576302,81.21798296682736,6.887499884082506,4.67952886156075,5.859004755332979,5.9787565876052655,7.816461327397658,6.756617022258324,6.914144369632189,6.7669883871276815,9.558675434405972,9.709474290724403,10.124193172742409,9.132471021525516
19300.0,gromacs_replicate_2,79.73454,6.352261681924024,6.382935934686823,8.646515,5.257613265320602,5.340048077392193,1.7548141,73.78456535023548,63.59708442786322,61.698412157148226,73.42667767290627,84.82467314158298,83.3268993847495,82.96338068650252,87.93226729439543,74.00562235700295,67.12163006826306,75.49269816595249,89.33611168227944,7.012030603776946,4.2047038331812985,6.0519453976226405,6.139706154646261,7.799596605958847,6.801363318923897,7.473745420558736,7.1691746077381975,9.958573199532253,10.144055368501713,10.496717676638907,9.096025376810456
19400.0,gromacs_replicate_2,74.942535,6.2353649931543655,6.296601605058971,18.371895,5.063942511543968,5.254894674964646,7.845581,86.28089891683284,83.73646198136329,81.39013984745893,87.51630655346011,76.51023937593543,77.63230199594918,70.94803321708399,83.60946810686883,82.57730850012878,80.58302870181669,88.11045059671099,73.51835722503444,6.972769311602133,4.779089848065419,5.463168794580998,6.111778987654019,8.065727551038126,7.02427964094094,7.360673562653675,7.14216452070379,9.239703697343588,10.09800986955792,10.608286181517267,8.754008979332314
19500.0,gromacs_replicate_2,70.87081,6.116388796120763,6.3343235016328325,21.58693,5.630974844417827,5.613200288420592,6.227295,77.21851538657744,66.5879070316652,63.04713167835564,73.36451917454738,86.3478644129465,85.90747385775354,88.29289268727264,81.48990194379782,69.01472834985103,65.48698304830553,75.15594043310514,88.28102202632266,7.0013089942434865,4.473057211317178,5.526691677317872,5.900178505911196,8.429119893196113,6.942441632033575,7.243245971274656,6.943567581439981,8.924176358953837,9.637174875312324,10.557372119078344,8.51311814897973
19600.0,gromacs_replicate_2,68.731544,5.798875077692749,6.0838570223552395,27.807762,4.927781392888917,4.72989011166739,1.949585,73.88371352717326,61.991709586170984,59.116515724233494,70.60814369254274,83.22853781559303,82.96226830514495,80.75311226124924,72.22057642121064,57.64518092278386,51.849372612564515,60.51929483278542,74.80232121916288,7.060504592691645,4.5708111036610175,5.96636113347783,6.517498464296109,7.747464687292642,6.971049603148767,7.441757531260922,7.111336300692494,9.264485840242745,9.00972057980087,10.213316032237314,8.615200317428656
19700.0,gromacs_replicate_2,76.78176,6.594413841588535,6.569664278157165,18.874023,5.040859014112615,5.208689860236539,12.456879,80.54028759779688,89.63197342191906,85.20563433853957,86.89891615587773,74.9677282110061,73.41374400872381,89.90177772936364,80.66558127296142,65.48673148299666,60.70827418338804,71.04461418101535,85.18575143619816,7.138226294378896,4.481535286786371,6.0684983184170385,6.193718669673658,7.732316517825553,6.519728909463576,6.84296757638056,7.005919749485669,9.547512322432137,10.219961317247252,10.61365624117452,9.200316162924212
19800.0,gromacs_replicate_2,72.70618,5.767093824486236,5.714183334113951,20.981636,5.290036799579863,5.250225809563601,13.278503,57.39877500836219,46.17737973614157,44.50232690836562,57.48034487518702,69.92236436768738,68.18344447044633,85.80729227307425,83.21869333520638,70.78349822898456,67.60225000874486,76.99330790394696,88.49792503283847,6.930463861557437,4.410395982986315,6.1641030966364205,6.237843595196007,7.59028213816052,6.751240863128999,7.216325214416561,6.779614859641344,9.093205654104095,9.720620723601732,10.236410646171189,8.920405280493837
19900.0,gromacs_replicate_2,68.98485,5.910070801397496,6.114764268366943,18.691338,4.953741954825454,5.014093632093039,5.510872,87.78815869116238,76.24900413154727,71.69735499810957,81.01148303206219,85.85710931801272,84.01639815912318,84.01116006362383,85.31673506820503,70.73996463162615,65.43199532617051,74.70342404290126,89.9680275794974,6.862538594816595,4.243180058236212,5.908673600014951,5.78860106281781,8.14831724101336,6.974634287413249,7.115902918533461,7.128029266859632,9.330643246713061,9.745510310477401,10.190731007142938,8.668293257038039
20000.0,gromacs_replicate_2,70.746414,6.036846820344725,6.170314029355081,5.3631744,5.278120545514907,5.413143063450432,17.432663,82.6185345025011,85.934915655586,80.2506693355197,88.29701633836565,76.93453008947016,73.92956266512596,76.61555776051621,83.8588951177555,82.80206292588392,75.01609385439554,79.82965257937714,85.53208716563392,7.509358616636063,4.764854488295044,6.275179820806248,6.237749640655841,7.82999519156536,6.5654253483734895,6.9502985814845815,6.536829056902236,9.342981320640542,8.341616865918427,10.191192545083954,8.889081827873712
20100.0,gromacs_replicate_2,69.94105,7.0728081879262055,7.1484452656965916,4.3944855,5.715080933829971,5.5136024040839695,14.084656,82.12966423780752,88.76728181227863,85.1830967128814,87.03163878923219,75.24311928211178,73.91469998810322,71.79286722622099,63.23854933827765,50.91037000880502,45.39315343551351,53.85472304705747,67.79027899139398,7.02812019253507,4.16677065182811,5.9951660723432765,6.139692838241886,8.189538931932208,6.983425170538132,7.4299650489562366,6.699761444667157,9.446939349827804,9.599304675856981,10.828975894708693,9.007053162708198
20200.0,gromacs_replicate_2,79.06255,6.091721797660786,6.313969059002792,19.454544,5.23311290471258,5.224527941270531,8.226746,81.58884476612398,71.23518477404347,69.09522483070162,80.88148473647169,87.84556882351902,88.95742629523781,83.74960697029621,73.93172139875311,59.778957121683895,54.15228490987509,64.65368434941723,79.08149818569197,6.9112113474973595,4.590271225236862,5.784019157626477,6.185168446483377,8.029468056259649,7.205563497076063,7.284786099615849,6.8634184485224505,9.218779279283485,9.762229294303523,10.44548903483766,8.955580028702135
20300.0,gromacs_replicate_2,68.05805,5.63561793691071,5.820228916159099,14.338287,5.12623347436301,4.913076012230928,1.9491348,89.14153451748925,77.10422116075321,73.0849342547263,83.76028821154274,82.39186548938302,81.33354636571252,78.76384027942163,68.53950849055346,55.3874366326665,51.444502182544085,59.919171181765535,73.92641423981223,7.063144085902143,4.585314432431014,5.641012702350356,5.8550091693688335,8.329574764804232,7.24606108713681,7.35831451584954,7.062164042883007,9.115002921360434,9.841273533168078,9.87804733499243,8.63803230003834
20400.0,gromacs_replicate_2,73.66919,6.575456988049342,6.725792041678766,15.692833,5.04305425391579,5.184528971507554,5.371933,77.45435847060925,67.02181332064123,64.41499431291648,74.81219387534115,86.63967491452742,86.4732434911634,78.58564967912378,89.6379684089265,76.36982978351209,71.26626766876714,80.15797223572201,83.68914025904905,6.813161010859582,4.154548206568347,6.0426163897503375,5.971522000301842,8.285723995964688,7.144484050932065,7.314308262970303,6.886904830172866,9.04280327911818,10.150303442325619,10.749495479381247,9.131589018751814
20500.0,gromacs_replicate_2,74.6311,6.145040482300469,6.419387849071886,28.056229,5.267528480769468,5.326622374016817,3.2593307,80.25785366858646,68.72539270902638,65.03943828942603,75.06270531872754,87.44760115715181,87.97024635822531,89.78588414989171,79.27259890212633,65.40687271196141,61.47661979826571,71.73236356605562,85.58083573796188,7.0927356906782,4.670059226638733,5.86770980039646,5.761825477731179,8.00964932647965,7.105204187652677,7.234692952532465,6.943759639417196,9.327084155789555,10.150712173977393,10.56759602307826,9.300045775044106
20600.0,gromacs_replicate_2,77.025055,6.191658383916099,6.475990160371809,24.698982,5.173968006206743,5.252354319777211,12.260307,78.24949590469618,67.84293469823136,67.39296675592163,80.2255594636992,89.691593794828,87.87988533595409,83.62141069090036,73.74111737313696,58.231545827003735,54.14648025133046,64.99738386905955,79.13863864304695,7.108295962937646,4.633165253204563,5.889451902488968,6.292256164898461,8.032813011261155,6.890207534083823,6.757509345338328,7.142668971175321,9.387484454214952,9.350361419699185,10.286189466094719,9.394514537908021
20700.0,gromacs_replicate_2,75.64534,6.176700073477222,6.15766187107473,0.685379,5.151871692927529,5.083804111942969,0.9638748,73.33276364001911,63.54603766122248,63.529142810547626,74.95846392243675,86.5695783228535,83.71840320897971,88.59687141550486,79.06372575698121,65.63568859830502,59.29898388700935,66.82611698308149,82.64585699075155,7.123281475421371,4.307188145732543,5.843733275542115,6.102818288526826,8.054759254489397,7.126251283581386,7.4546033202068696,6.9059319654313365,9.191099178010184,9.738865001411567,10.520425666869746,8.888119026942272
20800.0,gromacs_replicate_2,77.2883,6.6312573540079,6.771776316506207,7.008003,5.747593613992293,5.782405050031291,7.904747,81.54898246956829,72.20380861774933,70.5364044140763,81.94457918004835,87.08579065205632,89.03968661987518,86.16955162608502,78.77268034083494,65.7349460471964,59.12585243813779,66.45954697831856,80.44975878111414,6.729733494701566,3.7817152439326818,6.009282867028956,5.66058683188178,8.027210204295349,7.247355581266739,7.326597675026109,6.609106537684718,9.93423903884117,9.898817050995266,10.862567904070232,9.86333545311476
20900.0,gromacs_replicate_2,71.48144,6.201614368277815,6.559660562619615,38.657578,5.465560921839858,5.457549469240882,0.6866989,82.39969823613782,72.92773420659584,69.38490657491701,78.59995395297375,89.66388151897749,89.67530462520281,86.20267352319934,76.60596294831005,63.19500213207458,58.714927988383664,68.47553572266584,81.21844768813823,7.515951405396878,4.994053704899739,6.126860422626079,6.183679167616906,8.183758047304583,6.7383703846928595,7.009699514688532,6.975820780095926,9.290591704524408,9.538877794878633,10.815817078596478,9.312466398350656
21000.0,gromacs_replicate_2,72.58116,6.074496461602566,6.3040370438283935,22.464676,5.174361001119036,5.290303326955557,2.6440125,83.86606072645624,72.81602487144029,71.91229310525978,83.7072205058096,85.71192678382761,86.99004123389051,83.45529059921658,86.00089647881211,71.58398588821277,67.6789641746093,78.08249450524433,87.89166488549131,7.319859779253715,4.444600162966657,5.810221785925869,5.705222005395487,7.984600457373952,6.733290451439409,6.883001618314447,6.460641389130209,9.363773787741962,9.166007603992313,10.427526608633203,9.160575761361065
21100.0,gromacs_replicate_2,69.36392,6.684717772442216,6.804833735800072,19.184868,5.428824870712781,5.507786291664165,1.4995499,87.83654053553269,82.28211285504057,78.52264523396659,86.9869386770995,81.47401361438142,80.16636211289648,87.38671301562947,84.8835983291464,70.68334516664245,64.21463823279373,70.97382576586332,85.39300817990328,7.0156295522145715,4.465214144978547,5.917719874040655,5.907244383542882,7.725999461318673,6.743855287606956,6.515787549852337,6.426026687028209,9.531843262881525,9.629702203055627,10.925166001087641,8.989670218845415
21200.0,gromacs_replicate_2,78.515144,6.630306303864392,6.525942477629066,4.7078857,5.583170013240764,5.532113442198527,21.940819,65.6871727949869,56.58720863926384,56.60533998848967,67.53849885022272,77.68296125862084,75.57836911770644,70.7218893600145,65.40907694424415,52.42647524444875,43.39677665363997,48.27602777434287,63.10738371998995,6.578723103299964,4.2865999751188255,5.817113368504673,6.321907327928623,7.911450695560657,6.929989016375503,7.365317874883677,6.652464471344118,9.966876703779391,9.687414003461097,10.42494258389592,9.295941222657413
21300.0,gromacs_replicate_2,77.28054,6.377455821882954,6.700235387996991,34.853622,5.102917445709793,5.216783038187395,16.450172,76.2561450523054,67.31249060893529,67.4169463778883,79.16103499080646,87.79036188456878,84.9618182191014,81.33561715826042,68.87227597099128,54.22610766806564,53.65900834047626,66.04557909547411,79.12776542748519,6.929836304119558,4.537429549909261,5.86352868075577,6.15225134546556,7.574996536435302,6.919370396551989,6.710604685132484,6.904195115164509,10.12936801913258,9.1099340900235,10.68034514840107,9.571503298581451
21400.0,gromacs_replicate_2,80.15755,6.1103709785803755,6.42756437250302,36.91857,5.2936619828650615,5.4666246638392515,6.6753464,81.31810087446839,71.04999520747505,70.81436090370617,82.06392933570464,88.68361670557941,89.79486189278175,86.73595576407955,78.89674371864548,65.93716867199412,67.67513091691565,80.07926880263568,88.18553498319227,7.02113062756366,4.832695698474467,6.005157316966926,6.1473285055430065,7.659787635849746,7.14527981200331,7.30180330552096,6.910092714136204,9.22543205066054,9.456062201528477,10.326488406606018,8.921871335699432
21500.0,gromacs_replicate_2,81.82812,6.418890781344577,6.282591582163416,7.2170486,5.865483531628794,6.000266644417867,2.969368,66.91570525980151,56.53971959191376,53.52644264327245,63.57294582610013,76.15013649944063,76.11975737971345,78.48485387720146,84.7525600020745,82.30573199083697,74.8604381288633,80.04881669882504,85.8501502454375,7.240721472520703,4.758438719296047,6.154831445934418,6.266131029847278,8.124615206135253,6.837610664563271,6.782695473872957,6.737629049681048,9.53465855921686,9.938732105401485,10.478591031269463,8.942974480925773
21600.0,gromacs_replicate_2,73.106285,6.617410523933192,6.714337496052685,1.2166138,5.283836796654187,5.32619960460268,0.60317993,82.58386232596328,87.12517837271287,84.06595539261639,86.81020136524663,73.78863895796135,73.96660137780384,87.99415598064006,83.49535683118594,70.03676690091442,62.74370416551762,72.03026464814472,86.77913153627644,6.734869999497684,4.20757990330653,6.259805034838865,6.28362212307069,7.943190634946614,6.784065414830744,7.15675552774281,6.656368902770837,9.79549120551198,9.937990229662848,10.857434140225408,9.54114705687793
21700.0,gromacs_replicate_2,73.74279,5.9586167999632105,6.228752559264121,25.461243,5.003462194368036,5.139462351874246,0.3969345,78.1811301483024,67.31915813319804,64.58339080588082,76.40743537278537,88.96300631359236,87.31560476838779,83.26182856094906,85.66601204538513,70.484955890536,66.58449841814613,77.43272507577831,87.89476579527117,7.3826650328845,4.968712475177051,5.824443896865004,5.993508973027829,7.75637853462602,6.989032226320062,6.986744527984701,6.778746635271616,9.287509597588885,9.437117692236436,10.600380863018852,8.854930272230712
21800.0,gromacs_replicate_2,68.36879,5.790113133808277,6.0593397564772165,30.128403,5.06711482803671,4.93286079080522,0.80023193,85.84867670788543,74.78625445619826,73.29198414571394,84.78636800589973,84.33457193587694,85.11570760930647,80.2835153007802,68.00692007546756,54.78071252389835,52.24612986769936,62.31834764744312,75.41540306652517,7.347978085080607,4.965471333747676,6.044759245271306,6.4158635635688555,7.757220764118184,7.013607446178963,6.877561584181672,7.196852806095223,9.06675489233631,9.392250877033801,10.549628750380817,9.252086297953893
21900.0,gromacs_replicate_2,86.69468,6.461163300167471,6.6566069713599285,15.463158,5.265594505726414,5.421209253325937,10.73793,81.71531703709331,71.9568528960219,71.75640628462081,84.4190046459653,86.0475142467414,88.73928604868414,88.99227643229732,79.26276112993509,65.04494511250611,63.48723721615462,75.3968121045686,88.9041927000169,6.4772866391547534,3.9102651230370054,5.7730525947316,6.024585054844114,7.758516045062114,6.999890441178312,7.23427453219629,7.201675099169084,9.614948210398593,9.653059291685022,10.666673225549676,9.454057891852704
22000.0,gromacs_replicate_2,62.482384,6.264955807707248,6.453159195232705,15.5915985,5.325521703872464,5.239298744289785,9.519928,87.61440119288002,76.97021658225133,74.74359827999275,85.0426392704533,83.31132961046629,83.38950445418824,89.2292313034224,79.67824714344988,66.54459663080196,63.70778720756531,71.75022564212347,85.00837197805872,7.137565513443064,4.498663950997909,5.840100376410733,5.816763208254438,8.040658698868528,6.928005182685541,7.188189907091948,6.901091420981434,9.266055794111727,9.81033697890846,10.296716482528087,9.056202276145667
22100.0,gromacs_replicate_2,74.52702,6.043288649964395,6.181459968323821,17.640556,5.1629638849697015,5.0228288133512535,3.4998322,70.14382660765284,59.588552028304285,58.57789496094764,70.92426220069919,82.15372366860291,80.31274795945225,85.10425933275958,74.19606283478076,61.88874188095414,58.26853769674249,68.13975088455021,82.37724789416353,6.888303733790269,4.445786540449679,5.706558297581563,5.812856366540106,8.641280349730108,7.295504184484829,8.000197892028014,6.954550716990451,9.057258182625379,9.906614555375905,10.543952505041865,8.77617706951734
22200.0,gromacs_replicate_2,74.030594,6.541898194875037,6.58370364362552,14.667007,4.851972645221939,5.066016544100267,11.89679,83.56510512074833,86.34577162334621,82.30598530076722,89.44778543814395,77.23590323680486,76.10183820685744,67.51381164292683,80.30517585528044,84.38322247698994,81.06472463824309,87.4481677669684,72.14183315498107,7.057876737013576,4.2639459211603565,6.053014405934511,5.785243750284911,7.661606088291956,6.722686149573304,6.938952326511947,6.748808953139297,9.399085404667975,9.193897729197504,10.670962471092244,9.35855342100896
22300.0,gromacs_replicate_2,82.60092,6.088790394779017,6.3111379416630164,15.050545,5.511412671083419,5.512929224175211,8.617004,81.43615646429737,71.07650446459596,69.51831859142554,82.11167301186836,86.12899718691028,88.69574383084849,82.76601106953028,74.90097390450934,61.273632876348515,54.675695904188665,62.87215863246947,77.22284201704414,6.919262084726465,4.438063179155323,5.749205270533549,6.265301001641111,7.9129609995283445,6.755556873294493,7.601873778397137,6.982062319061653,9.51811962385734,9.478915749207935,10.70140993307851,9.154617360725412
22400.0,gromacs_replicate_2,72.47759,5.800571511339428,6.015105991636371,17.754211,4.981137762053083,4.916518156482319,7.115135,84.22966605117585,73.24657542445857,70.66807491962606,82.67482468590765,84.80537984223056,85.8001191388928,81.88033275245954,72.09558316788609,56.83476078511,52.68311774295733,61.95698008981836,76.49824888574769,6.841803434143015,4.328791005727072,5.7497297691035385,5.843168394073917,8.064015084895843,6.878129503871413,7.140709546475057,6.815024456758938,9.130160604170177,9.134879390952326,10.534638704743363,9.26979031168337
22500.0,gromacs_replicate_2,68.71941,6.337830688747529,6.418614143690351,0.70915985,5.274984057403616,5.316503985143469,5.0183945,81.69539219314645,87.75394038951445,84.70522567544339,84.68415716905501,72.08466352927712,72.64525865024802,84.79284537149184,84.65362418476485,71.21432528574321,66.45881116583764,75.84815794580136,89.83570806063209,6.923599299633541,4.284500671168118,6.141298379395958,6.221801087516061,7.730407764925001,6.6218193943645245,7.270540878814992,6.867073543778037,9.473120697885424,9.857420747198928,10.364503617029891,8.847195246887527
22600.0,gromacs_replicate_2,59.398384,5.688387710093591,5.892041568494074,21.691132,5.069040695854758,4.756276467521929,1.7179718,75.7186186272307,63.71714552126625,58.77301244243457,69.35634269909744,83.70539930871404,84.69236188611654,73.01083035561086,64.75195904455671,51.30973317422715,45.53801610944167,53.58297345525536,66.54263840318723,7.674000772800102,4.96939099528344,6.041026090198089,6.148521074803183,7.975308399741049,6.822650051411361,7.167686929185114,6.643279740670472,9.007285701522848,9.598653276965969,10.291147991210035,8.869940314463731
22700.0,gromacs_replicate_2,74.369064,6.5452431926560335,6.528311722508045,9.602882,5.633976379005914,5.727071391211259,2.9624863,69.13069182722361,59.251626709809635,56.761010249269994,67.37556212654519,79.07493149151136,78.38277307268271,82.87676576022321,86.25421539075687,73.89464917103463,70.27061035510779,80.93906510989393,85.12009032451034,6.502996570735019,3.9620718380497553,6.058516781050398,6.028143987142729,8.024413866103995,7.073025906139311,6.858739767218139,6.720446849481566,9.615470204854207,10.343143989336333,10.480187788325138,9.046417968797593
22800.0,gromacs_replicate_2,73.72441,6.444067187870709,6.565414294802107,2.2326508,5.620565836666335,5.656959508287426,1.8427658,86.79664188510453,82.56227870154396,80.5406589813532,89.67786858981928,77.13466530153002,77.74214396539232,86.40360186948637,83.5541592541425,70.70342943190776,66.61462374745672,76.05323389570209,89.62970964104511,6.669512458484411,4.248663629932641,6.073833694188668,6.315019994839544,8.270641892823273,6.918265687505452,6.969419545892084,6.940985459316267,9.954657483964596,10.294924517240993,10.620772667213458,9.24574244190626
22900.0,gromacs_replicate_2,72.57343,6.32709120623479,6.410029761756869,21.987,5.078894575719812,5.1256128698218015,0.20097351,85.88025604693482,83.6906980414492,80.31520044116078,89.10245394568602,79.14197358002255,78.46450008287438,88.84423590947868,81.15399901986176,65.7039254766913,61.1722291348152,70.91134474097541,84.64511088732118,6.803861186595544,4.272145572221115,5.787080433481527,6.088259255004006,7.4209653373318245,6.792717588417768,6.788254743261807,6.969956454181102,9.361107912763654,9.750931373520332,10.924304761894115,9.236095311715822
23000.0,gromacs_replicate_2,67.6642,6.754688599002707,6.869500789651468,0.0023422241,5.168728703520062,5.352118562754905,18.920929,89.92376433182072,79.73547351310243,76.69356857325509,85.7115097967478,82.39423817233315,81.7497732659726,73.58026497038689,84.06075861811533,82.72658919775529,77.98755924792378,85.64212327454987,79.06007379840953,7.201694162784437,4.343333294605979,6.223310615773569,6.311721282013572,7.503145884166152,6.538608420575492,6.387031537237611,6.690992044388196,9.29514262365623,10.31455621148476,10.761574920235727,9.51236242365591
23100.0,gromacs_replicate_2,81.741035,6.138523412284779,6.296342377160854,21.983582,5.223180589438248,5.291096572653524,2.2577515,88.23655832190572,78.80953601114123,77.58280655986836,89.00517143687705,80.03664494481542,82.29679578972211,89.00910869332758,80.69693536014559,65.6959780917488,62.68110856067286,72.38866892556995,86.35398054972588,6.900541977353682,4.746696939176883,6.015829103357279,6.629784350086836,7.669201033407575,7.214126060642851,6.99837495147918,6.787342687076689,9.344561079401293,9.62201253847746,10.049832175016558,8.870566242304644
23200.0,gromacs_replicate_2,72.096565,6.21414976122503,6.467820912705094,23.406425,5.31710016719956,5.392218982565842,7.9482346,82.97308754984124,72.4304596635926,69.506028220261,80.56813889117677,87.61968516319105,88.33782286291803,82.64986398542402,87.04370937450707,72.5924669771161,68.94791203735035,78.43627013646066,87.93175933150997,7.095485098240104,4.376767990080842,6.013530326527481,6.0241626590889,8.227890443137118,7.130374160063611,7.6820482633598255,7.00258087480988,9.274258768284048,9.706881714445828,10.72253892672768,9.443295375653685
23300.0,gromacs_replicate_2,80.00768,6.537363086440081,6.596562667172717,11.066475,4.935586123208679,5.130324206336479,15.0685425,85.48471826037398,84.27651367427194,81.71909733054662,87.3142364269301,75.67625573303437,76.79722129053204,89.77388797825353,81.07446955154045,64.65843249382905,57.586642013970874,67.4153094109288,83.73027096000949,6.758555058688389,4.269760956946533,5.883276285678451,6.301986525087394,7.679546384416288,7.0135160613587075,7.404026198985928,6.740288306209516,9.890301305324028,8.930087023659784,11.043538738264465,9.349709173295848
23400.0,gromacs_replicate_2,83.8368,6.566169683394965,6.7323767016578,22.7771,5.136833338348083,5.290994290474758,2.977684,80.79637975298037,70.34929809878643,64.21052746330007,70.70585156272897,84.27186977947666,87.68661175035444,76.49945591292179,87.31916223003985,78.89356707755213,73.90052289413387,84.16762851121398,80.2170820155666,7.023096989415093,4.553903741451516,5.885641627725925,5.876631795829919,8.171893095412132,6.920290470548881,6.550714923823219,6.7069071745031215,9.74078084165821,9.56186995953596,10.695125824699002,8.63041364468319
23500.0,gromacs_replicate_2,78.90628,6.108800655997078,6.327368141273239,24.071655,4.889811990348617,4.970344437099041,8.725403,82.60536035124866,71.84315433006688,66.1634567200809,74.39021002444782,88.01736078614317,89.93305160487424,89.77584047071309,82.57695942674853,67.63329685266571,58.441614148413876,64.38704372533108,80.25109724925683,6.999416675048009,4.339024710621104,5.948513601634552,5.864617189255174,8.137432806132443,7.133723930219839,7.339299785215398,7.065066995915932,9.175324510047636,9.122496288994205,10.710703027282092,8.679592015642218
23600.0,gromacs_replicate_2,80.53786,6.125553504821541,6.366719996191039,30.71009,4.970477790609737,5.106839258430936,3.4023285,68.97521399986903,58.291365017015615,55.36886808638905,65.99771908308357,78.20197788808309,78.01289810172045,81.4368434480344,86.19146424531574,72.65361098682112,68.82432156118337,81.52756593070225,83.91367777199166,6.6798444719030385,4.630930364516037,5.634316305094211,5.971520305321738,8.055174310339874,6.998046882231521,6.973199021596965,6.922932254716123,9.12051284059591,9.293192959048564,10.623129694049748,8.84558323335049
23700.0,gromacs_replicate_2,84.62403,6.322265084621386,6.480260088992372,11.457359,5.3282448596686125,5.357090276642465,6.851616,88.60719975062428,77.89775866068946,72.94364748353702,81.38089746586391,84.7153570257065,82.5854299285414,88.97682539400577,82.6291212853306,69.55585873182808,60.470194070343965,65.37094871854097,80.83979649747153,6.829341570499757,4.483322050414637,5.781174986785485,5.6604438513351845,8.328373928525458,7.248566751986239,7.381245382518817,7.0409901394621635,9.292781701457619,9.622036591858134,10.476146449388892,8.601429962133308
23800.0,gromacs_replicate_2,78.352646,6.4272477154410135,6.349710254193245,32.30271,5.222570020435078,5.373337167169924,0.75984955,79.358791076116,87.5133546803951,86.25301103577166,89.22168341067285,78.74623551062875,74.73493219419721,81.22003236334959,88.92957885386399,73.71129362674127,69.49885268911244,79.610114240426,86.63917392923773,7.29225433715579,4.612975545571072,5.8750422935261435,6.218748382873186,7.644754795109969,6.636756789690955,6.354547617293525,6.613805530126479,9.808286475960708,8.867258129812132,10.488198067126465,9.052984961411802
23900.0,gromacs_replicate_2,69.72611,6.352843233030938,6.482691707855906,6.1508865,5.276295770592835,5.326531506271137,12.124939,86.44346782397866,82.01523189253385,76.75725732454941,83.4378710687393,83.20048787450206,79.17563447679517,83.06926697934661,89.15308131342475,75.91577140988458,68.38571163466554,75.0004621205806,89.58932738433663,7.102694959172818,4.438523065664918,6.144821758137972,6.137959337686907,7.891310584322514,6.796529578024575,7.023477471653898,6.811933195453542,9.868115593507564,9.262222233369837,10.46600524856781,8.9431448378702
24000.0,gromacs_replicate_2,87.699425,7.1124940482539785,7.138109470409883,11.8265,5.624455271898263,5.768879770553408,7.380806,77.9779517177229,68.22368620065062,63.124149203625024,69.52606072731241,81.89671143942677,84.80246798105219,78.92773686681382,87.08857786322649,80.36256942722181,73.25670538370233,81.45720798168362,83.37765818466131,6.5813494811188,4.210130621964343,6.318759010262717,6.3691130091333195,7.381030695328786,6.502772610168399,6.406434093472599,6.294332843388367,10.260681039433251,9.882596417059938,11.044948360803055,9.571898810144713
24100.0,gromacs_replicate_2,87.44284,6.816464869102482,6.938978655062032,7.9950714,5.147130379591602,5.292780911730957,1.0523834,87.34986467742718,77.93741863020934,72.86609094687932,81.36682108616112,85.63504808458403,84.58779376983186,79.67895633277381,89.32284065562696,75.98693342362021,70.45571340626633,80.51266580913055,83.66319646800439,6.797171118659281,4.203443038988159,5.985435038702492,5.991977081711928,7.548166732826825,6.773016278537612,6.4573051389622735,6.662357662513491,9.552111477513888,9.14323118218636,10.96137590999794,8.90794178704226
24200.0,gromacs_replicate_2,82.756355,6.471368933381811,6.6515687877058305,25.64148,5.222734794333107,5.377168150290484,6.236458,87.4610762579313,77.9023744765864,75.452323295912,85.46717019093956,84.06585157415006,84.15299144127341,84.59077810509473,84.02807170572657,69.79350537462396,67.62990677657568,78.96945776671468,87.1700164751951,6.977287302838629,4.766585992134383,5.355222381378209,5.918934238179298,8.390367141820377,7.01051039190531,7.133017057788424,6.875295859757553,9.35629559605092,9.532504771077953,10.356384640266068,8.594457496023761
24300.0,gromacs_replicate_2,75.10417,6.485458671012412,6.582352333582186,18.894218,5.141161320769732,5.149222803183895,11.318054,85.59324223361169,84.5454227594201,79.47126420453236,87.59823269474754,80.25301111407492,78.24597225184303,82.43505514859334,76.74967628630975,61.04340365471361,51.60584182354291,58.53626386309724,72.65624473173007,7.175795969726465,4.576681302452467,6.2096509250298695,6.653720904361465,8.060488951452497,6.781960267274947,6.543550477685535,6.440453813720325,9.915962774240032,8.953803804194534,10.55890111771726,9.145317020800505
24400.0,gromacs_replicate_2,83.158165,6.141988642166065,6.11270178672923,16.251907,5.215308910612602,5.2198612199997845,15.977371,84.0279417371271,86.41728758846429,85.97671970843756,82.18647448436025,72.29947638041085,74.63155939929803,77.91695148292611,67.35896272656902,53.41204146439621,48.471476282386895,59.73853728998259,73.43783051059341,6.91489432140176,4.528353869258506,5.807075446484766,6.29536540471608,7.824953207601359,7.066140403078493,6.90741969569684,6.987259895510517,9.5806862201903,9.12561802530233,9.91988561698239,8.771410560653077
24500.0,gromacs_replicate_2,73.92975,6.001001102786528,6.202727175388239,15.165764,5.387093616005068,5.371576623937697,8.427628,83.9067551678313,73.73930470132842,73.85308217294505,86.79217418962206,82.8303156315813,85.35591705547797,81.62093618935533,71.18349286243046,57.63032015753689,54.45092087451169,64.6327425932592,78.01341186268861,7.037713024626381,4.240754435568677,5.978749395364624,5.83610945942712,8.16609176674781,7.093897683852217,7.116309636548598,7.055395527811013,9.342733592458808,9.56583947606126,10.561532355157633,9.211438070876856
24600.0,gromacs_replicate_2,80.78863,6.248458647734973,6.339346988741488,2.6640625,5.031898899758642,5.101013192973649,5.74543,84.8538127530762,84.6817848526731,83.20213472777259,85.9241509762439,73.80232134913528,74.87496800955805,83.31901488094424,89.03113137329409,74.53420628418188,66.55460284019543,74.24877326583916,89.27878605506965,7.008299885502683,4.202985880033736,5.688340908796901,6.175584570420418,7.8587025991980966,6.60681145385026,7.21995806306857,6.764685729723725,9.304762800321825,9.793624278046792,10.072244316496512,9.13470383111038
24700.0,gromacs_replicate_2,78.244095,5.853272450564933,6.031015623993897,26.828712,5.025667925392138,5.065565164983036,4.798073,89.14651836957886,80.1087258039647,76.17086747502013,86.03282278734852,81.78496142056636,80.75005877104208,87.1864817360311,80.46025295099197,66.24684168652752,64.52925138349661,74.99200699772658,89.00522273431153,7.086969508638653,4.585064800493898,5.594967644381885,6.059896443076855,8.296264550157739,7.261277411260218,7.056678683762767,7.42946317899827,9.043823592662555,8.803993708884116,9.843723281084895,8.699998778649219
24800.0,gromacs_replicate_2,82.34267,6.28771896397286,6.379172103136202,13.404411,5.061741059768376,5.168980064311575,8.862282,85.47352241156725,84.1141753640737,79.96746124766723,89.09682244444346,77.8406316987254,77.29285324497063,89.80874942924851,78.91151119086513,64.19341712868257,60.47686619378472,71.89720501075378,86.5662835675839,7.284099288546656,4.674190295331421,6.29122002255272,6.6501320150068635,8.097124665774638,6.81232112196441,6.819681827931884,7.051662017843841,9.285664275713977,9.224839029774536,10.796686417219616,8.923397298563899
24900.0,gromacs_replicate_2,72.504234,6.037142008105177,6.172135315953599,18.977303,5.213061380869594,5.29523360314484,5.019684,84.20887259746702,84.72023070945345,77.24881299986185,82.93571125932496,82.86712885673957,78.33024221447776,82.30437525130681,88.60529474891622,74.39275955245705,67.73376112939475,75.7527062325061,89.0344947201329,7.27483007605172,4.515815561399028,5.748523349115485,5.608686252782617,8.372427237296717,6.896552726117062,6.767617433463845,6.588470397211886,9.340119948636138,9.508557222058522,10.589767181870856,8.935265858623184
25000.0,gromacs_replicate_2,76.97199,6.19754441268038,6.34377554286128,10.5238495,5.0093208946153736,5.190972080741319,10.598137,88.94569790921462,78.16417328455009,75.05337884683294,85.01649756755447,82.54084499000975,82.54797402539253,75.78677964494976,86.85332853032915,79.14117346834462,74.47695976476817,85.51943414102921,79.85422838166402,7.35441405684555,4.453744835107697,6.207089635984542,5.822717927707077,8.08055183969395,6.342830162762181,6.003149881518922,6.329170270511106,9.401221373574908,9.198333364082046,10.660437152437835,8.551932784887612
25100.0,gromacs_replicate_2,75.70994,6.321139165325215,6.41101038601928,24.551514,5.293423503428507,5.315981163219147,4.391922,67.34352170234833,56.61117187935358,52.12656571977547,61.26482059078108,74.10097947617132,75.30567566328033,85.78027545755688,83.19332798547765,69.87587317749899,65.6650217470239,75.71377706906468,89.5626224035971,6.823670153593013,4.341542080109846,5.701386657750019,5.9295918762691295,8.021626868243914,6.888959506862938,6.874304729755345,6.987601011864362,9.411159000535172,8.908757522297647,10.470839920779392,8.482666814498641
25200.0,gromacs_replicate_2,76.70793,6.579370320115609,6.7052095940352805,14.607323,5.085941922915783,5.179706749258124,6.7296066,85.2359592376937,84.42908184466977,77.71731815911079,81.92419116505752,84.69210559899308,79.6590991556413,80.71444589054916,89.18414628288247,75.00395644011404,69.37133593531868,78.16622038556321,86.17958324942806,6.78660259641896,4.2118945608587985,5.788284519232504,5.850092650108235,7.73927138956604,6.56486099016518,6.9054653932583205,6.76293143236597,9.677659094306774,9.216284356444543,10.531046369527553,8.785698081130787
25300.0,gromacs_replicate_2,82.56702,6.802269783098741,6.967144849092959,19.285172,5.4331868371641585,5.60137461669101,6.9515533,76.57591024330127,66.18307828518023,61.91121460629318,70.11055047246565,82.64011491866516,83.90092838055583,77.2287326274411,87.62659333944097,78.9248062735979,74.25789115699797,83.85174900360344,81.88413454964889,6.794932191668779,4.4586204544888774,6.1441088459765325,6.425231371167145,7.786055923697954,6.7963662563942595,6.564874834434997,6.808554431831163,9.943948897561484,9.671905657599762,10.983390789553516,8.889320415833309
25400.0,gromacs_replicate_2,85.58988,6.407053505158455,6.717309960314194,39.12915,5.0448696535652875,5.20503596738919,11.981819,83.81037146521209,74.6114671915995,69.49993368225324,76.08942824339506,87.82138021862069,89.54037708840168,89.48775053899485,81.48646944222646,65.4600626588996,59.7662083211765,69.95408976623294,85.40823487250033,6.720078902269579,4.082139057721818,5.569948752620407,5.954262152943468,7.910024593647369,7.080718636163938,7.308809087347694,7.367870568918291,9.58102084414425,9.15340207563035,10.74410618444407,8.94882091712062
25500.0,gromacs_replicate_2,87.25927,6.320310687744019,6.47565886973937,16.801949,5.140823628353524,5.185343466468878,17.887802,89.26608690796279,80.01358176606833,75.14778318306553,84.27660840648305,82.50321374215872,81.05971115445318,78.00076430330623,69.15368217990122,54.227790045461056,48.67980099530315,58.76323486897597,73.76684633450864,6.728420290731022,3.867790331791474,5.657738509543753,6.098248164498851,8.066070797596506,6.793696480503275,7.181714991159609,6.9265145105805885,9.608470981383919,8.818415775776355,10.319458873404896,8.521624271155547
25600.0,gromacs_replicate_2,83.624084,6.2971402125964495,6.5645679747738654,30.91278,5.065350085447316,5.153880290722662,11.314323,80.13743465192358,69.93967574310497,65.30459157852962,73.85478689474712,86.40470459069819,87.69738449135147,86.19723999563097,75.50049023887921,60.27369791457676,56.85192648875808,68.26739214768182,82.30414738495386,6.62663957757829,4.354419909796393,5.753147193292331,6.062841067332167,7.983236665056518,6.963355870083527,6.660671564226859,7.127300151938243,9.468707724541483,9.209527440060116,10.644460064838748,8.320458558190156
25700.0,gromacs_replicate_2,74.9526,5.838604316750101,5.97038419782212,6.8611374,5.655025189320612,5.589118123836835,2.7119827,88.17526635929627,80.27165614990534,75.75934797056152,84.35954705241365,80.8695938477653,78.83489812896212,84.48753615727732,76.47247855981153,63.899858874722156,57.808611732455326,65.64626211118791,79.10625169761224,7.1218099363273994,4.430734303563833,6.172923684096325,6.217198641904807,7.803812916290927,6.597590481311432,6.853827673623658,7.097877952420932,9.252125499386702,9.05928724364419,10.634509996900727,9.233115695277059
25800.0,gromacs_replicate_2,75.11682,6.329299739817218,6.355609497514209,3.5196075,5.083134032248954,5.18517258628644,2.6960754,79.62478453352324,89.1953573796398,84.94243076299543,85.52340249303926,72.08441966833018,70.78808677119844,85.1420861263454,85.41378761582205,70.52942839265145,64.83242330475767,73.25096849552332,88.30014601881007,6.808736094055398,4.5613217912629205,6.002031686132735,6.078862401380429,8.056974073344561,6.819368759296396,6.7134268501070835,6.848307206306125,9.845115708596374,9.177457793464335,10.70921864911185,8.852864590875413
25900.0,gromacs_replicate_2,79.6817,5.895773625310154,6.005613974208685,12.952927,5.135124039666939,5.068741908712424,12.390762,79.02955793193223,67.60933957658155,62.843795230474,72.9176844290433,86.83802074885614,88.03666827461252,79.2551770979717,72.60256188887186,58.86954899182011,49.53527530979367,54.22859104986857,69.87101645494286,6.811920647601109,4.074726943710332,6.24662205158032,6.158953920978974,8.16871982221144,7.1811898610054,8.414620971043963,7.607933453831523,9.384645685172796,9.39622654092908,10.516817019410796,8.572326824255903
26000.0,gromacs_replicate_2,88.200516,6.284543129505929,6.527943066553951,25.233948,5.281353543503056,5.408619958414871,3.8830566,81.19469325482133,71.13502834762483,67.91288416300766,78.33385255281904,89.83985409382332,89.37697461494615,84.7517015686025,84.13845337806836,70.20461172391678,66.03291692939317,76.73367053186145,88.9966137542355,6.936391663235223,4.449812569670795,5.657133097115696,5.715334895525107,8.448849928172422,6.991091183125014,6.998742730850247,6.5494978593790005,9.066721582632603,9.321976023093352,10.467623034118137,8.624316511812658
26100.0,gromacs_replicate_2,64.95808,6.620231031926671,6.705665523459257,3.1475906,5.113901427710508,5.365747030429494,24.749115,83.57806891585726,73.05526144752771,69.58696469097005,79.03143611892591,88.39812817630913,87.97731251062466,70.42936344311353,83.55581750872551,84.52113625018333,83.21303720851988,86.56743160019937,71.76570422560367,6.849258363267106,4.414342337880299,5.908809236877034,6.003520812716215,8.00132314884308,7.210961911025845,7.269144500383753,7.36428437230686,9.012328903292874,9.242556255459245,10.434326507173072,9.043939769923048
26200.0,gromacs_replicate_2,77.704956,6.163072436848377,6.252108256136208,12.598724,5.43991631241498,5.356871482162133,0.23968506,79.2269073071734,67.6632136376443,62.89947845682423,72.09411488727392,86.06634475934815,87.84718664693875,87.55066701354662,77.131272057601,64.54842494448806,60.165335974372134,68.98002043671757,83.40659886422506,6.833834792649765,4.12964167715677,6.259862483554108,6.631041465267276,8.06008435345225,6.8178688663423115,7.586687558819443,7.451994637952107,9.191913624328082,9.415330972177117,10.385247519422029,9.264395135288286
26300.0,gromacs_replicate_2,75.5524,6.066194105610135,6.116374849195467,23.238335,5.148039608863673,5.271847530573928,8.431541,82.95019849307556,86.29564325324503,81.22228979505238,88.93554340932587,79.22317596670577,75.95105876198383,80.42966891921661,89.87186257170929,74.35618722325066,70.86671123043337,80.42679440719324,85.94218841822311,6.859187720246941,4.320070395103944,5.813114277360926,6.215040868320098,7.615553290351858,6.788523674997768,6.724097132344276,6.8672197928269645,9.638366968774784,8.782722307916957,10.271455129928734,9.022893060971017
26400.0,gromacs_replicate_2,82.72923,5.939826617033177,6.0073022997949215,23.327614,4.991907190914545,4.953419791794646,23.80793,83.59523889721758,86.0100309467558,80.20863190145602,87.88078902087915,78.51917353158521,76.16820371928203,67.63365755729855,59.68487130813365,44.55150317832585,37.579124644821206,46.909328592265325,61.63919000594262,6.994695177193783,4.307547000680388,5.7593296036302135,6.104714309483176,8.248414803688467,7.183035041480436,7.711752190326941,7.217643924051104,9.286888133870557,9.051502447063962,10.435562825813202,8.582836988407806
26500.0,gromacs_replicate_2,79.97922,6.576820615858584,6.777230554745379,22.257187,5.091225709790954,5.258196309095224,5.4082336,76.66669503406585,66.44290926878253,63.405636588549974,73.27299263918603,84.85180711122952,85.17493452083232,76.20505702589016,85.78768497895965,79.50534402130384,73.22569724915647,82.21868428284759,81.65137980538236,6.549458211793312,4.143243686069995,6.038446976818516,6.039780847730051,7.905081823204409,6.786875078852565,7.1457498007404165,6.676501742802864,9.721371857689261,9.005044048237783,10.772465172466672,9.169426611191957
26600.0,gromacs_replicate_2,71.38833,6.436169091400619,6.526534671486888,9.433861,5.519143952981917,5.278671557155025,6.6224365,76.30113507275935,65.77416991825291,64.02061564695582,74.35691733991277,86.09318850321836,85.41508472864831,75.475006205554,68.7290298144241,56.83154382162775,48.326977321716605,53.32987994184661,67.52002677618974,6.861182691270793,4.20969566706724,5.875376244907697,6.175926569956287,7.918864425577659,7.156690604390285,8.052880048390426,7.2738245679046205,9.51625455608361,9.284440589651876,10.587468537775724,8.82949883074134
26700.0,gromacs_replicate_2,84.28042,6.663894251994747,6.770940075448237,3.924675,5.709718749719196,5.689776817051387,7.784096,83.92179851023052,85.85217112773272,80.79919666132089,87.32972490966576,79.04634497370668,76.43129079544559,86.80931208427889,80.38747304460198,67.61143172083887,59.456178130093626,64.4174331254975,79.69347633298652,6.5391315219969774,3.9085847263231517,6.012664810331563,5.945794094565211,7.545436092724189,7.017135421963793,7.719647426041494,7.243837490716491,9.79560124369852,9.715134615937421,10.52136361977659,9.06825096529034
26800.0,gromacs_replicate_2,80.14145,5.971394906767206,5.912788198846607,21.479866,5.254703310048617,5.333593488592257,1.9619293,59.58028317504821,47.84082268575234,43.682328810668125,55.450138690745526,68.76213378377265,68.981809015294,86.25169989135752,84.39157634958714,70.17554711728424,64.76188202116079,73.51828982558304,88.87581601592616,6.566960638474334,4.0090152358335285,6.327021281598643,6.0364807891371175,8.32085207578943,7.0202704193745795,7.509836329275997,6.836343007511887,9.49931130179324,9.327299520905903,10.728677736612486,8.899352587766124
26900.0,gromacs_replicate_2,79.73757,6.08384507433199,6.2863008181044355,17.914047,5.0951250404360975,5.139626454937278,3.9172516,85.2651338503541,74.05421743563228,69.00368476231371,78.06999410129832,88.05866500101065,86.66153667763632,84.96980395229774,83.96411360733603,69.72063830552857,65.42502278875145,74.95012156181679,89.9822831024046,6.979885438038156,4.316072151306219,5.510763892143326,5.886796332530609,8.067942407923836,7.083756845230097,7.314317514848775,6.643406439323821,8.78640335008513,8.839841194234879,10.218585414757953,8.278240037868368
27000.0,gromacs_replicate_2,83.90613,6.104067031706637,6.264798373990453,24.022278,5.048508761379922,5.135997638413291,13.3270645,75.09856991309763,64.56122015331765,58.872874890533296,67.84572826809476,81.86505797048311,83.18530902660865,85.37310800753251,79.20695620025579,64.4958859384955,55.030584276073625,62.78221394231123,78.16961771849444,6.576505717089721,4.323127318838602,5.922460653583739,6.215525075176292,8.222588567668332,6.933808409470789,6.900466662927845,6.538119438252604,9.421513084564491,8.476630937469077,10.991071281679977,9.1214009024467
27100.0,gromacs_replicate_2,80.16456,6.7542528124654675,6.7747728307442525,10.203659,5.393726026836791,5.169227911516752,12.441475,74.31852840841864,64.42063710604582,60.26656251102439,68.89558777672616,81.28393540662655,82.23604016291891,72.5201545804929,64.38659720897861,51.775102812061725,44.415905975227865,51.399129666840295,66.02152027468085,6.805880738033259,4.3039069989123355,5.907781640295245,5.874200038931113,8.121633499877543,7.267012022947415,8.219833235219447,7.008420512911597,9.478559265398735,9.308284338760604,10.641018438699597,8.842806724684475
27200.0,gromacs_replicate_2,79.30458,6.399462806438041,6.549576359349818,18.187347,4.9210863804473135,4.97935139900202,0.13899231,89.31074440005624,80.35483497149048,75.73195241158628,85.55764081318911,82.38141493127529,81.52530937150046,87.53452942966518,80.46282520765263,66.28798684011292,63.730716108816736,75.11628403513023,89.65774739052874,7.013767353644014,4.215725250390599,5.7665832606522285,5.721579981937718,8.111256044311302,6.888891282002557,7.397879761520868,6.908835526245545,9.264933786481675,8.877833850749445,10.417586378725755,8.734422368738239
27300.0,gromacs_replicate_2,82.55191,5.837006693206564,6.008353257831441,27.960335,5.2853961921685615,5.172601121142201,6.844208,89.26027701691093,78.30287492672936,76.6988551989976,88.63913099294095,80.57386415880602,81.55202060638973,77.08864692173347,67.0925961823373,52.38211434543582,49.66680549917714,59.47894117937292,72.30620789320031,7.003577442805287,4.892964778331047,5.972565418059768,6.571116267707268,7.802438215103161,7.007484409432279,7.68689880306817,7.40066858484438,9.412305857359248,8.589728632119565,10.238541874540841,8.635759575637145
27400.0,gromacs_replicate_2,76.41522,6.876929835469662,7.079400676508,21.840897,5.319175580807897,5.248116281154309,0.1300354,84.2911872679035,74.44965585051725,70.56051082780203,78.48514385886467,89.91945168308928,88.38386661557121,85.42267126451611,74.14969457573983,62.14080994721959,60.14070204077704,70.88968510011534,84.22593999051259,6.719571116029276,4.400886389709,5.619757905327774,6.10991483811435,8.328148957422572,7.490469780145121,7.898458528595533,6.974188270374679,9.112171374297715,9.592615412256256,10.383703382580284,8.345432651300843
27500.0,gromacs_replicate_2,69.75404,6.207171958320463,6.50791872708017,27.208061,5.364714947743212,5.461420277591462,10.5434265,82.83591495326762,71.70749327964458,66.85259359217328,76.01757250131887,88.64766394588281,89.37029754688841,81.30010626175533,86.92366770295946,73.7455106626576,71.62844450439778,81.55369063066324,84.78157425300324,6.875276987541589,4.1714139412597495,5.890086418692045,5.7094182915566005,8.156527672440816,7.217375108007994,7.336239306913611,6.889579363940383,9.613315973735947,9.473479919859708,11.114294008503814,9.047634082128923
27600.0,gromacs_replicate_2,78.17334,6.030331165237939,6.243497780527314,30.881134,5.277724003348247,5.348124669345958,0.0018234253,89.57516788270351,78.42710801042321,75.72344989404668,84.5466321270009,84.03068300918484,82.9310504754928,87.82662201560666,80.70905750263115,66.67153781322834,64.43528821065296,74.8794848779698,88.45052650554683,7.152373793134802,4.352436311148276,5.6117817505322884,5.804370140395423,7.459352062334389,6.8520102993033705,7.350325431267318,6.994701824259744,9.81914951823232,9.716937240536957,10.853594557556054,9.139607924362942
27700.0,gromacs_replicate_2,83.80005,6.078664921430957,6.239642309736724,7.9764557,5.107337509347544,5.081560423299888,1.7528687,85.5997514104665,75.35739718079643,74.57826600252716,87.43755771028592,81.34983498339649,83.74718885404764,87.4462879168143,76.02522236559841,62.04337869924713,58.71978459928486,70.13624442872639,84.87597864493854,6.742564866760059,4.279548718542027,5.959694413697104,6.410056411760129,7.529731581660271,7.007437506768241,7.554496143055327,7.5141376278287115,9.385952564064597,9.23195635560823,10.20704913374205,8.656212400837905
27800.0,gromacs_replicate_2,74.51094,6.365849638148249,6.314808468393949,3.340828,5.5346162727209745,5.436500102283199,3.3049164,76.92044609190518,66.3100019524208,61.773916681267686,70.13200629725446,83.7452370987804,85.12354123470256,85.045193006397,77.55242033417362,64.74118817216697,57.77796516038207,63.84797391609884,78.42746137026968,6.650027665696218,4.318417683514392,6.08137958739116,6.37757803920025,8.268234478280862,7.098817225140362,7.95090224687669,6.849424928214575,9.517852199513444,9.832786233880823,10.139600960738296,8.841032031375294
27900.0,gromacs_replicate_2,71.58979,6.178333163376897,6.124913457993211,11.077736,5.509138585733803,5.3604901392245985,5.665642,64.65318260586089,54.487831201060224,53.78526880365843,65.96469815128816,76.43946440329532,74.85506483884765,79.3018272562069,72.72717440507272,59.40403809024713,52.257911267296215,58.27332417831648,72.08330437702834,6.7044851978286895,4.547966802278039,5.906243507320998,5.997986222381196,8.464413630195283,7.152802574907549,7.537108726653441,6.8025742866593575,9.048448041608184,9.018104388829123,10.633752069939556,8.591932321103098
28000.0,gromacs_replicate_2,69.100655,5.799828706881148,5.931536386694086,4.555687,5.277564817025867,5.002911899659926,1.7817993,81.39243992545164,86.5115885651357,82.31934182862382,87.90649065231241,73.26419703485715,71.16740089270067,78.08110024721474,71.69056621457507,59.7424008918644,52.057983396822806,55.38902640769063,69.10975841929536,7.138234308266844,4.35764265944771,6.103927517743415,6.475711538293575,7.884096265801011,6.96963315895504,7.67202024680106,7.159331989990132,9.484922802009857,8.7910153243859,10.078019284629324,9.200043965687273
28100.0,gromacs_replicate_2,79.83504,5.95696248002514,6.135866013868593,13.993835,5.1926247232234015,5.146237111486254,3.9724274,88.00692947794178,76.99889122610153,73.25077940700571,84.05260978356212,82.71613865399321,82.80273292501997,85.10914054515516,74.06810339693935,60.69486803955973,57.23279457925569,67.66136069869741,81.73833277355426,6.644701336373138,4.122704142209962,5.983968925696356,5.854160277312977,7.895934726990211,6.942772874467906,7.474464693920516,7.1378664293706064,9.305499529001784,8.800994655750989,10.429175036913174,8.87522910930571
28200.0,gromacs_replicate_2,68.95299,6.1293767575885845,6.259510321443353,0.40550995,5.262172054154119,5.125868615608747,4.929901,88.56897227633067,80.5113213768599,76.34342501198522,85.77153172769877,80.6349320094613,79.43065231819637,80.78893790656508,71.57176869059089,58.20922940422916,52.638225208334624,61.06039951595254,76.17781792028389,6.634415408426058,4.359365360034487,6.0359982888958905,6.293067250304118,7.5454090360772055,6.713673974412955,7.168355571942736,7.314264306387918,9.470665457145746,9.361626154633006,10.251707936510334,8.769124997586953
28300.0,gromacs_replicate_2,70.20456,5.929423135137857,6.068422592637865,3.930107,5.162536526386667,5.042569038254042,8.4511795,87.12369550618234,81.11878917466814,76.37906993729592,85.72230058583402,79.56535116623174,78.02643399910653,79.7910209708085,71.07269324884767,58.00061569773149,50.13788826059107,57.836437055010464,73.46650407472673,6.781089931614918,4.268975917884185,6.113005582775311,5.994968177572025,7.996211271823995,7.024480617258438,7.534291259513474,7.126743395714206,9.783152559581895,8.895566230170836,9.998625859165065,8.898529559354786
28400.0,gromacs_replicate_2,77.47651,6.239047836138654,6.2808890167883185,6.1816254,5.385174550146943,5.283386835105875,14.242432,83.31330969600971,72.97953434149464,70.41130483710342,79.94454044055027,87.00727413050313,87.39460670820193,76.29530396687628,71.362795017631,58.66715192931986,48.42952336756868,51.619143306187674,67.19646312905695,6.645802003632556,4.032214838838276,6.351944453764157,6.3718697232756645,8.072506190317853,7.117692659884124,8.222213146486213,7.013677697168514,9.851851620744764,9.05877718030633,10.23718242372481,9.082035243423734
28500.0,gromacs_replicate_2,83.93997,6.168268732570461,6.285525049461405,1.6810913,5.366736961821782,5.460974380555865,2.8784485,89.87562070456583,78.93226166835332,74.60270378245228,83.51308509646655,82.37644703108242,80.95208725760128,81.69471159153915,89.25347844900928,75.34880421562343,69.53570545344992,78.41978694868456,86.87292783784416,6.831985745746715,4.254996569914975,6.100569470434654,6.396502714615157,8.098608774480619,7.173050474190375,7.514559390515981,7.137404002655481,9.354734170576782,9.28998495919258,10.19323980070516,8.803161223957112
28600.0,gromacs_replicate_2,79.40536,5.920972564673028,5.990802934913541,0.5743027,5.299715655253817,5.067756347722369,14.336456,83.37968502583723,71.88723127731123,67.66535944127972,78.43471633767095,87.23934956433727,86.90258769851341,70.86833618119763,65.48102473811298,53.33544633083482,42.81510382424118,45.21400024299338,61.23064117015461,6.807539785769544,4.236096498041345,5.820726826675405,6.1215748474713,8.506869646327047,7.582248089275894,8.475052115472224,6.897914193348778,8.977754622437297,9.40415687352363,10.223766823038362,8.256898925551148
28700.0,gromacs_replicate_2,82.98022,6.157009191673218,6.296512114419151,11.565773,5.40488810367567,5.360423542019538,11.628555,81.0577740220453,70.40796876491788,65.85943258542261,75.05690342611044,88.63787780504093,89.91815535858396,80.72538755422543,74.35108010785281,60.776845070630415,52.19806565266882,58.61939825945969,73.88530883471483,6.4458531696025005,4.046254889473935,5.9762915142983895,6.281410370225994,7.878965363753574,7.211858072560306,7.468402409665677,6.961061169700721,9.458294764273644,8.921398537647292,10.371589900627113,9.130059017141011
28800.0,gromacs_replicate_2,83.36904,6.071791515653843,6.248968581449818,32.331535,5.101786468373291,5.1932050746276905,9.296913,89.25639972550461,80.73701608320773,76.17508532954878,83.71704183267121,83.83944809031418,82.36247294515488,88.22067997079591,79.57514030750889,64.42982686831675,57.83174874673945,66.94990563783804,81.85197829454101,7.122801327433028,4.625497881028593,5.7297710303067015,6.405179707776281,8.348310024224686,7.237871303150686,7.5292870988134,6.948462826840111,9.22936828060492,9.517647284915697,10.380672694887519,8.389184861257377
28900.0,gromacs_replicate_2,73.686,5.772497885437696,5.928045565924715,7.7855606,5.143296059774442,5.104388515620346,6.476433,86.16782952670496,74.73614972277512,73.18981354356916,85.10774045757522,82.03141837751426,82.8052470169273,84.3131231489999,74.37140267581111,60.67740509509601,54.62780704398494,64.29139221558901,79.11038894849132,7.107948196843987,4.702913304742034,5.760126289669131,6.0196411146724715,8.110456524878213,7.233262578842344,7.401456416845219,7.27769911630732,8.983627077219644,9.640094801031431,10.384821177251757,8.30461191343797
29000.0,gromacs_replicate_2,79.36814,6.205991235286095,6.257606148755427,9.107132,5.486651406574402,5.382471607319267,10.416031,75.22762199788285,63.908008010774964,60.82425882562827,69.80713891929376,83.37861875091718,84.27041359245499,79.62499248644451,72.01331268911868,59.184904177931756,50.94196815863009,58.642877412826586,73.29341569146642,6.283240982896594,3.752439853347018,6.009938370306723,6.2786671286700715,8.104625921670872,6.914742229337454,7.747718772925601,7.1179704469074085,9.866225650389186,9.795142393705753,10.323338385130494,8.709045213984739
29100.0,gromacs_replicate_2,81.40096,5.938675667457331,6.191434767883052,26.735931,5.264377652856321,5.233770235615761,8.578316,84.60213794828923,73.67613862497333,68.52120388208846,76.78667627644347,89.82610460500332,87.67247622126824,82.3731548081222,75.37896431351733,60.80253054526417,53.09752475718187,59.879573511889625,74.29320031081768,7.097789098322688,4.763491104802504,5.675667749820629,6.232100544702236,8.398986269158211,7.042555411541363,7.807585307830064,6.851196746237979,9.203970296630501,9.335614623049342,10.624264331663099,8.393088979884483
29200.0,gromacs_replicate_2,84.234535,6.072217684610307,6.347962909737952,30.197205,5.211608916296953,5.21726847904857,3.540779,77.31731255144356,66.36096241589851,59.8699597051339,67.51162298233999,81.44174345325698,84.16228146930607,86.83104122343877,82.68147783890721,68.8861465680788,63.596218947005546,72.42232358637858,86.71932637535826,6.685785336410874,4.514300161932775,5.592356106448264,6.18306770360231,8.559262758956601,7.56442513535466,8.451690798512821,7.662263493031407,9.36660139035893,9.306084821601756,10.171442590375532,8.093564126330115
29300.0,gromacs_replicate_2,85.547874,6.792630800294725,6.902288321106017,2.2596436,5.214322309684108,5.266796008870455,3.6738281,88.51897811027504,81.6351837729614,77.71375543367643,86.086234947429,81.44819122580728,80.42372469204216,87.08944363506953,85.09593097704827,70.70944814425657,62.74797938089375,69.87326808017004,85.96346356993251,6.316196526158047,3.705534528088915,6.3292858175008595,6.1918601485961196,8.1844269227799,6.9901987487891715,7.836076311643211,6.856868116493217,9.769917498122126,9.32460953054394,10.718083832889667,8.816962072656562
29400.0,gromacs_replicate_2,81.6381,5.900855528163276,6.11710264019405,26.66114,5.057236940990944,4.973280155100414,15.774406,72.69047378388086,61.84236055345568,57.54501493396935,68.44832381433302,81.96238270207668,81.66216444799143,74.32461988884248,67.59948016525989,53.10472662897827,44.11500280687903,51.65273349303124,66.71274899379489,6.936029573854402,4.332703151594301,5.972396418642844,5.9631291278179654,7.985338631307204,7.018281499086484,7.872791314220818,6.951725023537892,9.421207394595418,8.890690706792698,10.842468636964067,8.884859252776424
29500.0,gromacs_replicate_2,79.95315,6.032130791115929,6.156840293305508,5.1530914,5.412226198980064,5.301039652186332,19.689621,86.84682111256294,82.05981019260336,75.98337613795215,82.74626935118008,81.98812549523447,78.90874311377826,71.20165166460306,64.81297967609414,51.87366372552756,42.42048587214235,47.07874083127106,62.92126689198698,6.718845788310511,4.172281511401728,5.969402039076131,6.132635572926711,8.336660204627226,7.209597284246092,7.845809374749597,6.727319882180797,9.551240412958444,9.410286439124015,10.601734608580319,8.535800679135214
29600.0,gromacs_replicate_2,77.49222,6.803100898207902,6.945527889820166,11.843758,5.315507636840321,5.217485206415928,10.879082,88.60664494910172,78.83352517241796,74.84273979048461,83.49785541327748,84.1430151147651,83.49011463019156,77.47692615908913,67.29365289583673,53.65615816247977,50.5035749141026,60.2669978088003,73.91508256893961,7.0410222827367015,4.407774953094086,5.7473362346765,5.721134267182182,7.941220879332167,7.286040497460239,7.635101714915585,7.261058797130438,9.293430173896308,9.69125523995594,11.070551283652,8.94943236318138
29700.0,gromacs_replicate_2,74.755196,6.320771107377999,6.390592146725866,0.18933868,5.3218554422125015,5.312563412886695,2.2225876,81.81343437806458,71.91881852232726,69.52736959467188,80.44300501222224,87.72092255234291,88.52006298147391,89.75477057042376,82.13195884904701,68.7408358219128,60.49688250772287,67.8996915849597,83.27808183570802,6.667198209121723,4.431152016677239,5.805549508111462,6.202771302968608,8.12128815413379,7.0299222626187285,7.601371255433359,7.045429181420469,9.393963960587186,9.80962177318796,10.52357860025493,8.725425768960712
29800.0,gromacs_replicate_2,81.97159,5.633869243600095,5.860975382126257,17.80069,5.224045899489727,5.058844830371475,8.922691,79.85657491842724,68.27176129200419,67.23351183380122,81.18198587747133,87.26325569452749,89.47341597027925,74.78400048464529,66.1081799319344,52.447300310770785,47.600410469232564,56.23141384903117,70.30058201308252,6.760356961827439,4.3463771696274405,6.0559512679631,6.422898141904777,8.142676764932009,7.231251367386259,7.965915329450246,7.257788623169019,9.208192655843458,9.003580775426023,10.366087810032273,8.893588968501934
29900.0,gromacs_replicate_2,76.60688,6.123108088203311,6.227443016540984,3.055725,5.1183599069790615,5.030837472984166,5.9252014,83.73399651891462,73.11784106071954,70.30254500721735,80.63870969056252,86.56312998396638,86.71518717192706,83.06214227916253,76.45398829666551,63.55155553454106,53.68833605558679,57.528597548003944,73.84299819696237,6.744203366625052,4.7044223774118334,5.750457496785358,6.306951369312627,8.189489902375904,7.379984112906068,7.832446671059304,7.10072007150062,9.018436969516266,9.144740041796517,10.183938511677717,8.551924259436054
30000.0,gromacs_replicate_2,79.252495,6.345364126913608,6.4385711892574475,7.9573364,5.374422453560711,5.457835690381472,21.174019,79.3099585560136,68.40689106173924,64.55861393456368,74.69234708758738,87.56117761345595,88.04572947898684,80.97869575996017,74.68804417602632,60.83362395897568,51.192530881086334,56.419932011229456,72.47933831628596,6.533437471443762,4.27915589351061,5.837298712517335,5.996721132501677,8.27792641516645,7.424113158913148,7.423842758106895,6.898392401928152,9.247063581546215,9.530593088059561,10.974844908731857,9.247286370768663
30100.0,gromacs_replicate_2,78.28202,6.512083746511048,6.586527192552145,8.852943,5.1238278938942035,5.216654832622253,0.123687744,76.75252406148023,66.56348170695534,63.645209322067494,74.30715659737564,86.36482377164397,85.41769883407288,82.84992035004974,89.8081051302577,75.00336758908509,66.42464421422017,73.31870972454725,89.02900703011197,7.200978433044708,4.648756096012638,5.714775759064299,5.819226526928796,8.230323019348678,7.050515397065579,7.279045759979606,6.3335389687826265,9.287992939221262,9.328675924173377,11.183430179988225,8.92236626333745
30200.0,gromacs_replicate_2,79.14185,6.8809483029857015,6.951947173743706,11.142609,5.117692671324458,5.129128459479634,5.571106,77.54072984015781,67.59134619537251,63.75156158642095,72.38968722801633,84.79378362417218,85.4452465375615,89.30557278245881,81.42279254246259,67.4217625182519,58.53472674045764,64.15231544806332,80.82472883759718,6.769068325186297,4.503582226978629,5.8632433922303875,6.46799575707267,8.099144179882545,7.068812606050093,7.420502832060382,7.152271866178469,9.29658829555306,8.987718499086531,10.989673377220097,8.859073231693904
30300.0,gromacs_replicate_2,86.77836,7.384823004256776,7.544990069063585,24.823608,4.655564408828179,4.861157686510026,7.03302,87.89422731162422,79.29499866526051,75.61901171378875,82.88881073094821,86.25807693967445,85.43924046624126,78.90259784468428,89.95893724725262,73.77914353711796,68.47769443768118,80.37976567779042,83.28882036508783,6.921400753720176,4.854977925740606,5.418111271462372,5.55692637009353,8.348685970763157,6.951320357620412,6.595811239745639,6.523144694132237,9.299753393703142,8.95124450692879,11.193189887922934,8.896479940286513
30400.0,gromacs_replicate_2,86.15808,6.996186973083268,7.1179063170256445,7.747238,4.972357979332948,5.130724238201201,0.3964386,87.00558235823043,79.03525125357417,75.82269246637499,85.75031165970952,83.27701917093071,83.94796683372005,71.86666174262298,81.92555394249197,82.9482287862963,76.18323078548836,86.08751505487737,77.56255596275332,6.9154049858909445,4.350899518782656,6.0700695318314795,5.961541568467778,8.16096423090829,6.8583605791671785,6.954031876795819,6.256557291323367,9.157973900614687,9.238310570363643,11.067633209593057,9.157131301947805
30500.0,gromacs_replicate_2,71.32703,6.18158631662913,6.3210752209234125,12.453491,5.263116461635976,5.148342969261303,6.4958115,79.44376317976146,68.31067716829358,64.35657588221997,74.61841137412188,88.01253159854093,88.8316781069043,80.92334819522986,73.54641112818142,59.5130667548193,52.18202997456091,59.05376329898346,73.77435922060748,6.815695013374465,4.273274237995352,5.853418491604488,6.1191365406243765,7.877431518477712,6.945911061726736,7.655247774024366,6.852889004527472,9.346579523171767,9.32720720690299,10.37459723754007,8.41503578016739
30600.0,gromacs_replicate_2,87.97528,6.389924646988916,6.634293687762379,27.074783,5.4944736610158085,5.563019514997364,6.6662445,85.97337012838211,76.18654421354658,71.11424020516833,79.61447959973475,87.90205049966613,86.59330592214151,89.21547256434529,80.18055548950244,65.87882740192408,61.04125936684014,70.56366365532723,84.80476226527514,6.71790137100247,4.4000200611044145,5.76683295285782,5.862404547859438,7.7769950970761,7.086637151117251,7.242148805359724,6.844752549863615,9.604556234967339,9.527817619871593,10.68780251455387,8.694382634705587
30700.0,gromacs_replicate_2,79.563896,6.042662799144255,6.278337228456577,21.992981,4.928112298684575,4.930496854908454,7.9447403,84.43105842551215,73.85781533721833,71.05774726213595,82.27519963566955,85.7741043432366,86.62401535937427,84.9691690354835,75.67633900617274,60.50322926982059,53.33504433726953,63.0248074591808,78.22912778410102,7.042865801128114,4.6283192924769745,5.520353733240981,5.85936061593176,8.21480543344691,7.004508516160982,7.368558984042652,6.736761079007148,9.10311050938794,9.803178598101521,10.427360271698051,8.806774893706557
30800.0,gromacs_replicate_2,75.14517,6.185429026031071,6.383694532727957,18.309288,5.340791488899443,5.199679988542084,4.239273,77.1823589718505,66.51577980929375,62.938210087059176,73.2025978585161,85.75537952773189,86.30104456877284,87.28194848352392,76.04659215757978,62.61766242379646,59.691379934990366,69.10333633106912,83.21290057437558,7.14165818773621,4.705145831521534,5.675723156513784,6.205908257256958,8.1112340776119,7.18539736805214,7.572545142677585,7.251343429133041,9.202091462347363,9.63573701054671,10.145625875605154,8.461222468093506
30900.0,gromacs_replicate_2,80.44267,6.504268070376533,6.677745233581972,15.8552475,5.13314504914309,5.162363657658143,8.600891,86.66893464584678,76.30866437783025,72.59637829654855,81.95367486131923,85.44611313068327,85.07244656003417,87.00948066120783,78.17158034173008,64.27613084291674,57.01423093361492,65.94276910812758,81.4009996193448,6.78049469499782,4.364086036975016,5.8225242629595,6.048528012492226,8.289599640539313,6.912580966977113,7.242466852305747,7.093421908399157,9.472321567217161,9.016461910924466,10.719426940636307,8.891639112567411
31000.0,gromacs_replicate_2,87.50841,6.802016514470779,6.78562929346234,12.641991,5.122823636363901,5.242052854673825,15.3834305,81.33027596456377,89.06885674011733,85.02932574585812,87.40162258421195,75.59626159435506,73.68856043364215,86.30882420911274,82.38546370225431,68.19647989874744,57.574395354307995,61.41126122137711,77.09774021016496,6.795766399513048,4.331912166265867,6.188139687256995,6.648380016314006,8.015311854802148,6.914521184444974,7.281107646384565,6.633659748357589,9.721056788353277,9.296164232542308,10.347519995744054,8.806066191988332
31100.0,gromacs_replicate_2,68.72934,7.335227926341115,7.495044861357103,17.59288,5.456777156644216,5.380070493084016,5.810295,77.32887397642158,67.46522998240425,63.99403683884988,71.12347884346298,82.51712362799445,84.56806790704358,82.86640818938281,76.47827240998092,62.984229433252224,54.28976940707946,59.497687674412376,74.07413362738595,7.128142330955797,4.2446383024743595,6.066158811226039,5.828454554775915,8.106327299967681,6.783699807033023,7.166144196778084,6.676013581001266,10.03753485273006,9.75499479348331,11.09562228652135,8.894969762008653
31200.0,gromacs_replicate_2,76.674,6.844057089896081,6.961959192661049,6.355545,5.138039402926272,5.273198111392629,6.8080597,88.08061043383869,81.7985682504609,77.85570529842516,86.48083550542611,81.48374823181437,80.12328350429785,79.07230832738288,89.82458940668653,76.27990556577983,71.96848578947301,81.45774508828795,83.04869108228634,6.738767216879239,4.12862989380581,5.685370699079807,5.860917008231342,7.679049996494162,6.932314767448142,7.574095567961493,7.069889590686172,9.571192681460651,10.056996404516438,10.92026156248588,9.018710764169061
31300.0,gromacs_replicate_2,78.42793,5.904491217070068,5.875323933871381,14.8237,5.294174380428242,5.324990540320758,1.0276642,82.5837488779181,86.64345693851554,85.03488463060754,83.41983317557145,71.93832834475646,72.7528190203049,89.14461576637292,81.09075084818056,66.02589314034648,62.67346510481601,71.56828854286273,84.91329260355853,7.20090445414707,4.514428131100088,5.926732676983388,6.243853411323935,7.718039638062322,6.455828200502022,6.953047836700216,6.4742579178730955,9.660303471793553,9.24540840486994,10.875091331332976,9.238942954176506
31400.0,gromacs_replicate_2,74.042114,6.017829479071292,6.2295261178646335,15.317268,5.025571297919387,5.067193416259483,8.024368,83.2714219158275,72.67410483314961,72.18673691729873,84.56313327404105,84.19089839490286,86.15817599902951,85.07514791098198,83.76163818989816,70.25570895789775,65.8546382918077,76.56837091508665,88.64223580127559,7.2876709830153095,4.69591944219462,5.904438051251985,5.968006537750316,7.789342308427939,6.91034718274968,7.387269248864241,6.830055440682052,8.682848691463215,9.590123177009012,10.891291219592372,9.004196217045232
31500.0,gromacs_replicate_2,65.52554,5.823672057005463,5.847854803964818,7.2059937,5.46039562207963,5.13025018016385,11.781624,83.19603359796234,71.96972950198568,69.18676924884127,79.13135274298163,86.6824412344264,86.82217625970053,81.33039911655767,75.10519732864155,63.62029659954374,56.598465706863855,61.54179887209999,75.28168956959675,7.406889975160192,4.866669940589347,5.990530487345008,6.2406458338462345,7.74441487733634,6.900508688248919,8.537421752316583,7.206413710449292,9.07148770604619,9.839105182709327,10.208118597539341,8.717636243133263
31600.0,gromacs_replicate_2,71.47475,6.105219999009082,6.237914081717351,9.362747,5.573597799520407,5.419691533170567,9.120171,79.65363367443106,68.58750220630202,66.65793375779577,77.42978163101884,89.94376114183429,89.47267959443266,87.99462746000619,79.94622633421847,67.97037806329134,61.581617663618964,69.17253277959836,82.22774455354217,7.184203197244919,4.599543608461975,6.101943036047604,6.38439630159899,8.107558308066519,7.06221063098272,7.7199591189524455,6.72971392966237,9.10306997737548,9.807339446234407,10.280553100771098,8.191979951609582
31700.0,gromacs_replicate_2,85.22295,5.806276972665787,5.894361844807059,8.47493,5.277051237233587,5.189882910213185,4.2110367,70.05531073272658,60.557495843327345,61.79908524159062,76.01058893616155,86.07760822623769,81.79889263789865,84.20499057416038,73.13632727508339,60.473276573164775,55.94433815857107,66.14782665794833,80.73614714598973,7.117481780218035,4.28227290381335,5.912794728742158,5.967043631048276,7.97513754025116,6.877760809738769,7.642211798567925,6.994646183809358,9.603009565526317,9.848562560382838,10.234899681186779,8.815398857479163
31800.0,gromacs_replicate_2,77.72066,6.0365722302022675,6.139942624385903,9.655434,5.051294306190342,4.9803773753749505,11.595383,77.9796273461623,89.22480812725676,86.55361291015122,84.59177851976362,69.86476175258142,68.63582667687473,81.91155463364292,75.97429026899793,62.65100081668435,51.50970582295411,54.15744032798661,71.06309461225187,6.825657240949253,4.160559972059459,6.2262268266261955,6.502599891839191,8.016160099027047,7.144456284401476,8.449561823795873,6.920337024233447,9.697964828096715,9.307405971248894,10.297080382250344,9.057559278654368
31900.0,gromacs_replicate_2,80.06513,5.965262518716149,6.1260772374050925,18.08133,5.408948262612217,5.349462432932349,9.535606,75.61516100817907,64.47919273989685,62.041021959581016,73.27850526622223,85.99662823150412,85.46912193912947,79.74545732849346,73.14198414904303,59.15586044494759,51.812796665090204,58.1623416631752,72.43303755653058,7.102977579557637,4.586965183296688,5.423177865859689,5.535318229728668,8.141157427317228,7.303278825734452,7.727076392630669,7.176063369606439,9.249235310812933,9.798925462341503,10.680422494266734,8.86017792109077
32000.0,gromacs_replicate_2,67.20064,5.737933182924278,5.996064349504463,23.243439,5.304624419075716,5.018785830539766,3.6291351,77.35660361304235,65.22322481280517,60.92417047853004,72.03307301948729,85.43807157918798,86.33611867823244,78.41386159658653,70.15894188645389,57.49810663416062,51.913889877927716,59.631116733063735,72.3918490858881,7.140669029060321,4.543514854376734,6.2256301789671475,6.557638387849622,8.179968419144185,7.143607676100239,8.101660117795609,6.938776137657646,9.094068102577781,10.109451322566388,10.003333857697214,8.355979234165703
32100.0,gromacs_replicate_2,72.79404,5.78361457097903,5.965682050959279,17.39663,5.228049345686614,5.013054865592709,5.593857,75.82165142481992,64.58461257302933,61.77943431787672,74.26254971369515,86.86257197063554,85.81478750403825,83.46525551995508,74.4450655249653,61.22084780347779,56.2130374265684,63.215251513799295,76.81122257333307,6.896103819446134,4.3018834729179884,5.934322011985215,6.357727156468316,8.021228557635371,7.136479858054846,8.12373631125486,7.009107447549877,9.447442547069715,9.561963508502796,10.076553410207396,8.441611664335195
32200.0,gromacs_replicate_2,79.674866,5.9935296958103,6.151735475017462,8.7313,5.231134938853322,5.102066386256852,14.3313675,88.90822401234001,77.84311693008439,75.24149973672239,85.3934488575581,80.9766470313476,81.42558278412403,72.97089054805274,67.09022740025254,53.771948240899796,44.46798123675914,49.967569326400174,64.51696648650805,6.934723860056132,4.4131693408972374,5.85952750322857,6.324536075673061,8.431534103507017,7.361047319207954,8.106924448106875,7.416677964771033,9.367193464607984,9.731978253730563,9.96570762701354,8.229508560384943
32300.0,gromacs_replicate_2,85.938484,6.5495330955687265,6.673061177700819,9.275909,4.982265934345712,5.126454482588699,1.9473495,78.01256331515522,68.56105467742006,67.54301374212996,79.31349478246439,89.66105033832613,87.47680122944199,79.37136576976116,89.98179141542794,74.83455372387988,69.88833897712354,80.48503286200926,83.90060777599041,6.969881940130904,4.325949717655578,5.860520087350258,6.230318767151363,8.11862835926408,7.254254869678757,7.517010987277385,7.185636294288621,9.252612035417394,9.790483872819028,10.63126859539735,9.466867841897256
32400.0,gromacs_replicate_2,72.55884,6.063529487005076,6.114529684915311,16.906487,5.1679307411988695,5.2024305056610896,10.763435,70.33548001348923,58.741658092069464,54.567316256129885,64.27475992842217,78.73028482510057,79.68167972829757,83.08805660617142,86.24774820848765,73.3155720618357,68.42226827892551,77.77912601020734,87.20934451540356,6.871500221543598,4.127438992947936,6.233966345003162,6.147488287813645,8.110290634236183,6.921053163448981,7.601112541855344,7.274373791758488,8.88348024787873,10.086322406759516,10.515788985650543,8.796736097280082
32500.0,gromacs_replicate_2,78.868416,6.745357937869166,6.894071497728223,10.935715,5.482060987816027,5.475587357022028,5.0878677,84.95785987208681,74.89831989436513,70.6966904963408,79.1671276601942,88.93120612526054,87.27400333776907,86.79727510525466,84.51330862583575,71.4264983122675,65.38796790016296,72.38385557302321,86.98495719634263,7.120098774739648,4.411490484101583,5.88992706145001,6.027869220456362,8.311865453191967,6.800048508706188,7.676105461668418,7.102246559270043,9.513002484974622,10.11288137143021,10.53879859115308,8.996631926594823
32600.0,gromacs_replicate_2,74.00136,5.738369345573419,6.021386325453588,22.966919,5.368760831026377,5.247059241355815,0.51399994,81.57085605068943,70.18258150739028,67.07017626579932,78.57721489704181,88.10425544335256,88.73379365063454,83.08055782724904,72.43913617555083,58.97959432508894,57.299648046583414,65.84897608429657,79.27798813132986,7.168674294202941,4.799815979377668,5.519820320576068,6.098036836699066,8.400496372730759,7.323269941579721,7.87707235531728,7.292108567763707,8.900582172265228,9.872058503878439,9.598123651998643,8.402087369531696
32700.0,gromacs_replicate_2,85.30564,6.125070030985265,6.354923682381045,17.332382,5.449766401551833,5.481276334596161,2.9032745,77.31755308802195,66.90726766471239,65.85041475561667,78.64123360614596,89.71417544863388,87.66814807640645,87.54559998900484,82.84468049328161,69.2627756957977,64.3814337897597,73.22662595849208,87.42288018518286,6.906913629034998,4.694502260988357,5.596636163328442,5.953315062686112,8.273630642462866,7.201304535649775,7.848422942716243,7.117564819991572,9.222541819633513,9.65387546734852,10.423562422614843,8.68822015601664
32800.0,gromacs_replicate_2,73.11741,6.4493643657766855,6.624269602181331,17.628113,4.863288495895019,4.854012224649967,0.3031006,88.09608491530447,77.64273994094165,75.22451374467552,84.89316824942618,83.32487039785174,83.4034124640741,89.60251687869173,80.52350399917273,64.91328611115811,58.784816370271464,66.77035312753144,82.81423547380263,7.150933996472479,4.575907661938187,5.890785880370191,6.232484122512568,8.168363875137006,6.824362335553329,7.370207241678655,6.958364454630484,9.136223161250038,9.70371838996625,10.740892973608757,9.202928772053763
32900.0,gromacs_replicate_2,76.578415,6.047019861540999,6.245100700514813,13.113602,5.391396766743486,5.345945939914775,0.02092743,82.54169089909341,71.50741382385844,69.33583137479853,80.21251324471096,87.49766302283396,87.18834699062903,87.99511581946221,83.60758645712056,70.38024933873231,59.78929002027301,63.91064289072513,78.16445751499111,7.0332489894199055,4.298940780917536,5.770461861300518,5.713049643663515,8.04852584641485,6.82048540045084,7.915367854766927,6.701326624176786,9.531851547093492,9.171747690790562,11.100321194824657,9.5731201143378
33000.0,gromacs_replicate_2,88.413345,6.410015182328805,6.579670246619735,15.847084,5.180757594114584,5.309841230161866,16.285965,84.9189020294927,75.05078842345289,71.71876187050567,81.5679944908814,86.1590467349297,86.45501412765717,86.11260440439764,79.27394592281483,64.99130828822214,56.234871492343196,63.50062622086266,79.31711176516075,6.878834897252851,4.478452433241234,5.739741665117197,6.053576938937194,8.472606090631846,7.116218465712466,7.824448387963649,6.829891558341985,9.142408433837605,10.407222222310176,10.901029538520744,8.710951700685277
33100.0,gromacs_replicate_2,78.62601,6.011809274313448,6.1522262942202675,5.7478485,5.48670288227485,5.324007037858527,10.719849,89.08613261117,80.09948508352166,78.26891511361127,89.42749329836407,77.41072471832166,78.652377769041,74.86502756755608,69.52504672829114,57.0748998476449,47.96009791957875,51.16770106443557,65.5408483612754,6.991182627050685,4.196218495318942,5.897505440668276,6.275870475415513,8.209953687098384,7.1139489677858085,8.232627701409571,6.80876257764059,9.497823364039062,9.384093584707982,9.874862776101915,8.466908317137024
33200.0,gromacs_replicate_2,72.39772,6.389511545172619,6.5949878917576745,16.44654,5.40672236819633,5.37975625608757,0.25667572,83.3497478908668,73.14163162056,71.03893545192506,82.14577118644185,86.67969445968023,87.66353356554038,87.788884151868,76.71603561793178,63.87302009975899,60.675239021038244,71.76804388669878,85.05879269473203,6.875276990895979,4.432596583705095,6.151741271011843,6.48270021539372,8.074429938246116,7.125035157986144,7.364965360566363,6.835707326871186,9.197686218027245,9.610474298046373,10.795167309081984,8.722228652438456
33300.0,gromacs_replicate_2,77.398315,5.59569447034171,5.538071957297525,3.6552734,5.403176489887029,5.231544679320602,14.715271,71.58181320391388,59.77695625343966,56.580707703808464,67.5065152075948,80.81076307862719,80.8084413309431,72.2274311938108,68.22842878853446,55.52540102921774,45.28414936837939,47.37365459174358,62.0099500328983,6.862833027856147,4.459165911413222,6.150068670712662,6.906965361957715,8.119719346963862,6.86646572739096,7.887807651728659,6.68026021971265,9.196559587619165,9.584318626484519,9.891622879942132,9.05012062195505
33400.0,gromacs_replicate_2,77.44913,6.030185753371827,6.202375155288594,12.990761,4.946288735959313,4.9264901718882435,14.553787,85.18641910575013,74.43196953775382,71.69811438052184,82.95277309791375,84.56117693220129,85.24684234706993,80.33609076437611,73.11119936986111,57.94367123740362,48.349101337325926,54.82874224016736,70.52860274253948,7.003623595130849,4.411458851963998,5.9863523102803935,6.297438502251081,8.26574465846902,7.03810091414993,8.140185139019009,6.832450302077745,9.401808135497213,9.534490590721742,10.441566736190145,8.850536101608453
33500.0,gromacs_replicate_2,81.05039,6.31632012281685,6.518758307766784,17.34967,5.9135514387225285,5.7971709651657815,9.4028015,79.09034174609098,68.710924158932,66.76448514000377,78.4179558297258,89.7439817197618,88.34726011979234,76.726239783625,70.91879729458492,58.43576846477668,51.161924564813894,56.75612192689035,69.91715070306454,7.0294428781458125,4.578333799999195,5.934753471581627,6.3599323778338395,7.975456314749722,6.957399177268287,8.025628673404098,6.702347958453844,9.730868546951786,9.922733554704635,10.84189608402165,8.870112996647693
33600.0,gromacs_replicate_2,57.030144,5.409295232962863,5.591528039442784,14.48317,5.4360491196116465,4.988227763338284,15.372803,74.12910859115713,62.100974631107356,62.531280118302654,76.24817834161921,87.81789373451998,86.56434519210933,75.72059151848144,70.49873810352015,59.25710551755092,53.327615938219196,59.22838132860748,69.48435224768629,7.403647847327756,4.781473902678554,6.530616862778189,6.825929004445987,8.079546392137512,7.086844059390928,7.709934294799,7.334931651206451,9.217575136009485,9.091946809024316,9.76355237603012,8.709257496242419
33700.0,gromacs_replicate_2,72.372604,6.215963176485796,6.2441415744024775,9.821785,5.538809220315248,5.372483555919489,4.6942596,74.43768938764592,64.01206815693654,60.57332237086409,71.47706397301545,83.78381728880179,83.6331192520214,80.06730887084245,72.72495117110344,59.60904541664448,53.220960390853875,59.070601075244504,73.28500972807218,6.870240965002212,4.22988138655838,6.023278555724307,6.035095150653256,8.225563909479446,7.155290729302645,7.828352939169411,6.677331646421404,9.420552226843192,10.241520075692955,10.481177752064431,8.51001339038563
33800.0,gromacs_replicate_2,65.46666,6.082882665141411,6.034472714870522,9.306648,5.8612421323451525,5.558648013499289,3.4091034,78.58178627017675,69.00076367555855,67.9186597802429,77.9706919369673,89.66662770231817,88.9288087125712,73.00728318710644,69.812438719038,58.61549454781337,49.3600422083767,51.128054064366324,63.34686212271097,7.13332838761919,4.596533428317893,6.23772794765661,6.016742904773835,8.261641557302845,7.45393134396021,8.404534539955199,6.761686653825019,9.08353738307165,10.159071845707127,10.79425566516728,9.117492939110782
33900.0,gromacs_replicate_2,75.90198,5.996285175308802,6.067873164820048,19.692223,5.404408795529544,5.292410853728005,8.029839,66.31350240527453,55.9463436353229,54.16770580352793,65.88969639480831,78.2426356408095,76.29810663545749,79.70927434848791,74.72206731186319,61.83220314253785,51.69475167627279,54.57883814568994,69.03752796895904,6.835380744670661,4.317630501000904,5.498294568549579,5.942773342996727,8.624286280432399,7.415566393350464,8.509373720455427,7.07697919355084,9.052588761491595,9.924278503134424,11.070395387272939,9.305550853961654
34000.0,gromacs_replicate_2,83.374115,6.086305699510186,6.146341766564523,4.2365036,5.290298306683021,5.284221912240369,7.393364,80.72336311030685,69.68860106475705,64.98638564241112,75.21764424660171,88.85833169258176,89.80523374169626,86.23119098301457,80.53972276756423,68.1170330317627,58.20704601232628,61.358800449869776,76.48141596540127,7.235771259870283,4.4338378201757065,6.078446274651355,6.096108758931014,8.336511761654396,7.0972087183783135,8.239090813248978,6.480638103827053,8.97356552776565,10.53492753621957,10.5975130929239,9.315768032264668
34100.0,gromacs_replicate_2,79.24735,5.714735037083041,5.801732608790381,3.1011353,5.47444961024389,5.217869190847231,12.063385,81.32006741813707,70.09400499431062,66.51374740262946,77.38824024907193,87.82406264115333,88.34002715485231,70.08147736662495,64.269163596012,52.09855745565481,43.12237562348891,47.72066766394563,62.309015503800424,7.102189514269102,4.577577430073737,6.028569683418893,6.049064146041212,8.024085806575286,7.012823929804026,8.189394909219597,6.865706274625009,8.476840695036204,10.594914622723941,10.285845473899366,9.223576044530999
34200.0,gromacs_replicate_2,72.64239,5.817976633411565,6.068322831146841,21.565994,5.275525220409664,5.370768128536509,7.82415,77.61775971063018,67.35712057183244,66.35552234394653,79.37530718359778,89.39139218510064,87.99544974935044,82.03332164087814,85.4006766389049,72.02718872573179,71.03758932191171,81.50263405012757,85.16400287545825,7.386484069443069,4.791118117072236,6.154038093302392,6.699049875870464,8.036632003313093,6.975796303565292,7.015504084096008,6.891149744358499,8.931039151003706,10.051196146179599,10.451465054906567,8.959166289155242
34300.0,gromacs_replicate_2,73.85357,6.1293675220639425,6.355633516377993,18.334053,5.371883164233635,5.331177957957262,13.866821,80.98708943169152,70.7097004515315,69.1852869619835,82.2104277979006,87.17398717898944,88.81786548660094,77.62615254589831,67.6691028856282,54.40025115109876,50.42838743124493,60.13794057715814,73.66963847826598,6.652384553043544,4.437371102676281,5.500048429397873,5.686439115284866,8.347903350048796,7.1306484780888395,7.423095813080727,7.0406379620648645,9.295741589605157,9.951839998202262,10.6621395755869,8.892232407053692
34400.0,gromacs_replicate_2,58.243904,5.091682247707662,4.993768760123354,15.677383,5.630721498751372,5.253846666150647,6.0907135,57.880305752966,45.711986965182085,45.073969368936076,57.95882528190967,70.91800165573235,69.60443847184615,75.06508667730787,71.5448104236086,60.41860301309306,51.160831950462914,52.66854933032287,64.77370987835508,7.292680183163592,4.368754435123308,6.009054122240561,6.212612620685813,8.932733583336933,7.253922558911556,8.607211629609699,7.008054388391976,8.583210477463917,10.20288056008434,9.94112129738679,8.466036069672924
34500.0,gromacs_replicate_2,87.3839,6.289421899996393,6.414995209195917,25.06453,5.547499827222217,5.688157196610675,8.575539,70.52796504930649,60.13394770003367,56.146706029516615,65.49128235160407,78.6789962378657,79.13065952623482,86.08827447127392,86.48327460899065,72.97483192305296,65.38602722794825,72.75408084846912,87.41827523460249,7.013383407574276,4.477292346530727,5.73505989541923,5.683458077609712,8.856281020667664,6.97416729264542,7.231094063618783,6.271404239912449,9.46034995754629,10.364982578684213,10.687190862410077,8.994789116971003
34600.0,gromacs_replicate_2,75.13278,5.6709279740232414,5.505504353726659,1.3760681,5.58226785031243,5.351697128324167,1.3259811,69.19347464067992,57.71323328919837,54.57602227080339,65.03323535345723,78.30253804539855,78.72553567389707,79.52297576816181,73.8277005596221,62.35078129568765,53.065014089414596,56.213793832443,70.45877581126555,6.301678388533514,3.9935508024876336,5.954166939753124,6.387960974359565,8.841791265465252,7.293268409062483,8.173509203892646,6.961923815222135,9.231645603895565,10.024967059848361,9.822497269149926,9.321712831269222
34700.0,gromacs_replicate_2,79.87578,5.87787096994097,6.000119933182895,6.086174,5.3614868787085,5.351834295907269,5.40007,86.72474471182646,75.11400095347258,70.80520459879193,80.18340669472762,85.93809625271,83.79847687503059,87.76066441579832,84.01487838158783,71.04035255267772,64.27268316724971,71.21096365658212,85.12134097137924,6.949431464112133,4.354148057532872,6.164207018532861,6.507779450453852,8.145869051884798,7.039327781217478,7.350498090590396,7.123346954979245,9.280278839108023,9.986778349163915,10.068674739711376,8.722069557983922
34800.0,gromacs_replicate_2,77.945465,5.956670763674455,6.213905410969115,24.236732,5.354839447541794,5.386774593599795,10.346558,78.4205411625138,69.6106142724452,72.1015785043348,86.80451923545928,85.40651515411349,89.06540077258848,82.65387914813414,72.57486049459814,57.50902346987438,53.6855854189345,64.11645409587135,77.17774758729114,7.023187859212713,4.542983226493959,6.083360514290973,6.328151667729003,7.583759645885732,6.833906547177388,7.15909214695743,7.1996149456289,9.768355270894835,9.23817747859322,10.921289746077072,9.718077270066361
34900.0,gromacs_replicate_2,71.89192,6.176817183749422,6.247327119069328,7.7820663,5.370208691616214,5.460373825253403,13.883865,85.02387170737865,84.6899493733701,82.40602454057895,85.94619108262472,73.98652800616964,75.45998876817401,79.72373104882641,87.07507948543318,79.64307564011608,71.89971893317743,76.61689225716944,89.41042676038833,7.082699595767837,4.434773959452747,5.822044688849674,6.219292715454412,8.213962700347476,6.946704410508683,7.687069466733297,6.938855105322774,9.399709242979874,9.281805297734959,11.32919891390249,9.675997486127757
35000.0,gromacs_replicate_2,76.83639,6.274753848252387,6.400145855718834,0.43860626,5.311021847631088,5.3010982643591715,3.8321152,86.65469574108775,82.7093730863468,80.1762770370363,89.36855034969422,76.30699295473192,76.74866411691393,87.08473171295222,80.70573367423067,67.20927606294555,58.26927238291168,63.216482669363465,77.95600632298616,7.283660207671178,4.489497746580855,6.3433506344179325,6.363501124841659,7.920436427785077,6.545875966584768,6.924854568686681,6.7237064235070125,9.477308755223701,9.47580062903436,10.643019673339417,10.22884703240108
35100.0,gromacs_replicate_2,74.13465,5.6745186091435516,5.976244303077607,26.414429,5.40095082573195,5.313023055141323,0.2999878,81.97659759265471,70.12394886219994,68.8969434162782,81.59438027364213,87.14256910495439,88.17223747199624,82.46192933796058,70.40558104273748,58.53015836506996,57.45774762015946,68.27800492889232,80.6412546199981,7.224725341650753,4.718951559529214,5.527778160692851,6.184429549348144,8.343845532335202,7.226968257072566,7.560171953572639,7.279975502602724,9.108592010086607,10.095600312791031,10.588018922370768,8.953875181357
35200.0,gromacs_replicate_2,73.41288,5.896448444666871,6.145940708570702,26.648361,5.1778082775839245,5.217930141457978,4.202141,83.40841830767302,73.56245534367262,73.56472829064823,86.87993487926302,83.26071859876166,86.15044702236855,87.41829262199613,79.87496467433198,66.85400389990886,66.69845752757342,76.48735706013048,89.85876061219993,6.846171399057856,4.417307694619089,6.161627281553657,6.232110387366778,7.875287839196335,7.3623988750821585,7.397335212384982,7.206885648607006,9.272572900758274,9.229445408664963,10.592866543719705,9.262535686439815
35300.0,gromacs_replicate_2,75.48611,5.857917445568152,6.15310625759899,27.855896,5.175598876375916,5.14040706828941,12.966026,73.0556388339357,62.417304259280215,62.38269570027548,75.47482010085865,86.58601168920036,83.35190371751746,76.63624867553852,67.56306040345498,53.16420838629269,48.095921461316784,58.04598054797181,71.77810389973828,7.100832234320242,4.6649024221236255,5.728197590215454,6.108141330860768,8.144509363249714,7.176220302871334,7.211676812754989,7.260663121376972,9.122398325766868,9.449543220628989,10.433324428201134,8.903109219704344
35400.0,gromacs_replicate_2,63.353996,5.7304089065947235,5.730801471195669,32.119102,5.028273368920381,4.777587295416048,9.634102,82.00021440573225,87.2627860050863,82.23763550564078,89.98791238387483,78.1582871634653,75.77942595478503,67.58740980908011,55.93784776034733,41.9672713657206,40.81552641501343,51.91786825838131,64.43046590399159,7.223320253983302,4.661506833716274,6.457700104743095,6.506636817290409,7.596597866121575,7.033992258700757,7.1352173808565835,7.014228792938697,9.318018403229757,8.575927743135994,9.742532007213812,9.8796595381948
35500.0,gromacs_replicate_2,75.65555,5.659885524260414,5.628189709275605,14.999779,5.346376342411909,5.051813988558395,2.5478134,85.46285623640212,84.89499539994006,87.44415190913371,78.49621659650585,69.59930832812411,74.24720154814156,73.30459593037311,65.83623533709853,52.2830557200342,46.212933050589825,52.12649213536619,64.75063773025737,7.270720821514021,4.78781655535321,6.259502316415046,6.623321207354246,7.932284940512804,6.995919355662476,7.245735608875764,6.805843814361601,9.83170598382343,8.578049893671793,10.091216790768282,9.667336077240448
35600.0,gromacs_replicate_2,82.71572,6.243855998978254,6.43794062382586,14.837746,5.11361432307059,5.239489639354706,3.387352,81.32474899239945,71.31081039704192,70.39867747973288,83.2427043974884,86.07009106567962,88.44641632458108,84.85000160312254,86.70173560194044,71.39825754507191,65.58703386785552,73.95773319820644,88.67276712467878,6.792091965960461,4.051794222463236,6.097262408222813,6.201963152535116,8.014399480109022,6.864521350385392,7.110175569174217,6.4846290699347,9.410026975640415,9.419773257232748,11.00272051536049,9.348344049904394
35700.0,gromacs_replicate_2,66.450745,5.798704454535665,5.916926912140307,5.414467,5.622447371241208,5.29824751269505,8.176987,84.47694270918032,74.92168839787213,74.69573978634715,86.8652742703573,81.46273736747035,84.57833445632511,71.10910976664707,63.16246628707044,51.1578253751861,44.21398188203305,50.29305366666961,64.2710964167175,6.957192649882357,4.330812150743299,6.138095039479626,6.302092993921468,8.049879108959605,7.183412338447283,7.999151910610592,6.997059275049619,9.582359457511812,9.498917897877675,10.08756067070316,9.112845719136256
35800.0,gromacs_replicate_2,78.600334,5.817510665474664,5.778628829466301,15.980209,4.834322041315158,4.815223305637681,8.448463,85.775150965256,84.786026238899,87.07913082943143,79.53668833790063,70.55550175082782,74.7041396600799,80.92108085561452,67.84181533052435,53.461493557061246,51.88462322613525,64.18409715555083,78.45707445915579,6.875930855457799,4.6144999954509744,5.781635258806433,6.6076940861485625,8.081722801039234,7.1759624374847855,7.621228767026555,7.2887390624794435,9.227952931613508,8.813671794025641,10.05927641406287,9.226175462813245
35900.0,gromacs_replicate_2,76.525246,5.8539894305039875,6.043287929775846,20.168053,5.037613463012835,5.043404994934798,10.081703,86.75603992678407,76.33365736599076,74.52585277139357,86.81724791767466,81.81949159213737,83.4494957773899,82.38350527737447,72.46239111895953,57.434079261956576,52.370843214891735,62.20430305836851,77.01210968420953,7.01538313221952,4.2231818319106065,6.064146488838846,6.5673012863681715,7.945943067621801,7.035640668813581,6.827133112645024,6.843835097761453,9.173101690601953,9.214012556868816,10.411349665212338,9.748838278058354
36000.0,gromacs_replicate_2,76.91499,5.754339093103735,5.914143508162658,4.2004395,5.139762795829837,5.035135933280669,11.409935,87.94539023449884,77.25754782482352,76.23230730928056,89.96482058344067,78.28397621975508,81.06392547070813,77.77885215594476,70.12585236303518,56.54520713914659,47.83006172750952,54.6975365422937,70.72247049474801,7.051389201343104,4.820771492582821,6.105379421675189,6.194181051205208,8.330274105115983,6.810650207207703,7.818516832588142,6.601447918600525,9.236001725916319,9.38149702907942,10.2804553554208,10.439597388306058
36100.0,gromacs_replicate_2,76.137764,5.589791702545948,5.722079902516884,7.9762573,4.913708979003596,4.800244714925824,6.543846,76.15881807713725,64.88413486376619,64.7760107835235,79.49347957571571,88.74844780049935,87.81206504351654,79.3291479866103,73.00970843623134,58.32551361237708,49.539716913699124,54.784155248871386,70.47189279879585,7.507918648679013,4.530012344865798,6.141852468260684,6.308727078416663,8.263989945493316,6.819454593517511,7.464753756968084,6.831009799390741,8.88091663270387,9.16674844199559,10.431888934453543,10.362292678260186
36200.0,gromacs_replicate_2,73.40698,6.393724657496732,6.4540531065495745,8.302437,5.228207744233921,5.373065057366667,9.2201,80.55167604147688,72.1225934947402,74.20874784281251,86.62763355950051,84.68736015971564,88.85962673051999,76.4224445026961,83.25158897441636,82.85824252182202,73.77942052425689,79.79052004652516,84.61011153275217,7.28288398030423,4.51650937337115,6.171351633325441,6.007426255528377,7.720838531898939,6.694185701832687,6.9819097699211286,6.804189320287621,9.813073289831026,8.915768854607267,11.014910142281307,10.715935091992389
36300.0,gromacs_replicate_2,70.86204,5.94262071496114,6.1019805752489455,9.450447,5.1446691759674685,5.024721863562078,7.0034485,85.14393848903258,75.78855649548004,79.9736272458657,85.92579576590204,77.84381944139983,83.63770880318927,78.03876310253884,65.628815930452,52.91862798323646,52.13158855247737,63.08909738219148,76.5724517731115,6.941259264047932,4.379087899705735,5.66807758368792,5.970943140165921,7.729863385787785,6.95901458742381,6.729100374493773,6.8728770484341775,8.819499416398509,9.73892173899834,10.146545511389098,9.612287342803212
36400.0,gromacs_replicate_2,75.56511,5.496895927574654,5.515658999229251,1.7450714,4.876625484746372,4.764033922365373,1.1133957,75.59298087330656,87.49862244527,89.46809989831488,79.83381676660389,65.43949769437677,65.26046960558725,85.62594229699751,77.98771936130089,63.9143047889981,54.944926195631865,60.715738710596305,75.92652159524887,6.904046749281027,4.364922013434148,5.849267643881246,6.49937105051149,8.147441147188426,7.011423320300278,7.225177666645253,7.095249435991047,9.048892114248911,9.2688764842007,9.912781055924574,10.062998129621965
36500.0,gromacs_replicate_2,72.76503,5.527165866256154,5.6005630136081015,1.5000381,5.527068925972261,5.383959424111244,0.3518219,84.78698016122182,73.36000606435263,67.83613176337587,77.12870345500353,87.39073999903042,85.42758648988818,84.99020043428551,76.26379137223411,63.306862881864674,57.72908993811284,64.82247726249479,79.62822502359553,6.56442784296528,4.25651226176945,6.312497909241528,6.533231363740403,8.167734102386952,6.850554478410326,7.578658550215368,7.218921455071985,9.310473900703634,10.22871893779605,10.654964558330006,10.358198432831205
36600.0,gromacs_replicate_2,72.1871,6.050179427360857,6.176252142799506,7.4159393,5.10818429168915,5.211182183313617,4.586418,89.59170292195046,79.4797310715705,80.72794112990644,85.85539605754234,76.16089929712079,79.94387458013884,83.57642528032754,85.53200550115538,72.09421688737592,66.6596692628458,77.20626822435442,88.24952274125802,6.785789603481149,4.184026955908355,6.205408994757389,6.3556974395027614,7.832924441254045,6.938954029969144,7.141515261945614,6.92379974580231,9.269059822108863,8.763039484560121,10.301337611299,10.22620083273677
36700.0,gromacs_replicate_2,75.934044,6.076007545402393,6.049475505715365,7.5879135,5.6990528627674655,5.658936276359714,3.5391388,70.53563642327099,59.82786858480375,57.677382467510554,69.27070153727385,81.43000764030363,80.01304684426837,87.03758075131314,78.60457245814392,66.01443072546449,59.84555734429847,66.76926789613383,81.31828612478903,6.448586972112915,3.806671095959834,5.946906169853023,6.251817071141048,8.447433102061225,7.185191347270723,7.74393974200127,6.873242622332656,9.287503555886484,10.308090291906353,10.377409790169564,9.602398277052906
36800.0,gromacs_replicate_2,70.79507,5.773541073633628,6.007956649393377,19.995346,5.264027132854577,5.100606644630333,9.241829,83.9566855940278,72.2152133541684,68.40963529928904,79.06587586146706,87.58637346243424,87.05151872528278,74.84814226807174,66.15738290538896,52.21516780804692,46.52262963962602,54.66388764825064,68.6222229588201,7.247844838201731,4.597338475671124,6.332715921027477,6.712046835638001,7.64629693786289,6.617428960502925,7.0533559814293,6.857333153058689,8.934239998529952,9.020718585357248,10.760877931807116,10.603423000204689
36900.0,gromacs_replicate_2,80.97296,5.82833025252456,5.947912921003621,1.7403336,5.100665038223193,5.100076588206604,9.352615,83.5155570173502,72.42890698985117,69.58398353143352,81.08484921574578,84.90134412756456,86.39088337505001,85.0088359702913,78.58595229293078,64.37020981856018,55.17672918035679,60.073455178748965,76.84132966483068,6.848712461595236,4.240121071501891,5.852695660222047,6.056176049542428,7.982944060645054,6.915642219709761,7.863817982816959,7.13347821655295,9.072059804659043,9.28717183574425,10.182037032533872,10.018566704295598
37000.0,gromacs_replicate_2,79.39901,6.246028823627228,6.380351549375955,2.0203094,4.92266923322404,5.065870719537067,12.962311,82.7848371275873,72.70942134829724,71.73632886057315,84.10684321586808,84.293798103406,87.04995704613373,88.74075163678623,81.95836655913129,66.71305034414033,57.1928326794772,64.02948338607223,79.85441149925992,6.939343881570241,4.518442991422573,6.431583360595948,6.215901310505045,7.823641161568557,6.731861968888773,6.855945756945464,6.822590923945794,9.46358041801672,9.461453356164235,10.722985339086147,10.44536486603739
37100.0,gromacs_replicate_2,78.09367,6.2036232596448,6.412153883706707,17.084015,5.224989988669663,5.273900334319152,11.208984,78.38512445486116,68.86893869348064,69.43143773328786,82.80696683918715,87.2766675563738,88.79627417853867,84.26647861886008,76.45789088265262,62.3979020816155,55.346603072433425,63.1590002100545,77.82338801459454,6.963638560375452,4.346323878285805,5.6434627638359265,5.723614921088269,8.070301517740901,6.907670658323875,7.333787514389727,6.774400664045841,9.023043929051394,9.79357420990902,10.803145953591276,10.091964821374564
37200.0,gromacs_replicate_2,81.098755,5.688427805699615,5.892568138241235,19.992882,4.995583096502939,4.994056888878149,19.657104,78.49008259218324,67.2736713934186,64.31815293657642,77.83922520665038,89.8459734828444,88.473714277655,75.10143760865846,69.2065547645381,54.56738813375261,44.418034687393394,50.44127010316879,65.7105831635553,6.748177306370929,3.9995655185112815,5.886259407644654,6.26270373601927,8.327217795405817,7.045623875685266,7.80625340599279,7.09135957744652,9.085744726772608,9.548801190511236,10.591627327010924,10.027470139748466
37300.0,gromacs_replicate_2,79.26688,6.202863675420451,6.251236020116841,2.3746185,5.467070943352806,5.434298598434023,20.582993,80.10445984860951,69.53833985533986,66.22338491237758,77.3136154421187,89.71968695078911,89.43161709490025,75.07014767263895,68.12931423925481,54.562001417328396,46.631746018804385,51.659387614905,67.31869573065116,6.722176153124703,4.118970102491294,5.8455988931023555,5.800616727018908,8.215804797627099,7.007485181138023,7.5537882787459125,6.726063623668712,9.209189678780135,9.989975100985436,10.882161510131153,9.719871421190259
37400.0,gromacs_replicate_2,73.023544,6.397166974655807,6.4956082304368,2.052971,5.560206315812663,5.55005350828281,0.15228271,86.23364521773192,76.30921063445317,73.21918443284102,83.15489347173204,83.83607028562044,84.42217386016422,89.9371559251238,81.49057308081763,69.07007007324364,62.187218498988194,71.09392203714101,85.72856553394485,6.880997286841926,4.005155817809378,6.00345703077508,6.227360219480702,7.633616948241166,6.6670891580955765,7.195908632406068,6.869197278690407,9.868154463384876,9.102113855699924,11.22014809665219,10.234949745065258
37500.0,gromacs_replicate_2,80.69462,6.419994554717757,6.5560892448869135,15.146828,4.997602411547888,5.173364585789238,19.486908,89.38741705925302,80.73233985323377,75.78022879385337,84.02096119188367,82.34785337525223,81.56777537977608,85.55007063541845,84.26421301827091,71.35583960241311,58.30495667248426,57.6936713505677,73.84339531881855,6.543017941618516,4.153526883588524,5.699980647965621,6.066804880469507,8.33714383181022,6.964950753371025,7.781447185218479,6.661846278617755,9.52101656572623,9.580266533470079,11.012368840193462,10.682439974237909
37600.0,gromacs_replicate_2,80.51348,5.895280951497687,5.816344616422261,7.0961227,5.079085383915938,5.158615150233046,8.230934,80.54486498143096,89.52844880213513,89.3763988879837,76.33697789587157,66.7052933667737,70.49673150129998,87.72634364866225,77.24849327995005,62.26430238642253,57.4018543310014,68.41313228949936,83.09730566376118,6.651033791925926,4.121208857911084,6.447546018957798,6.361238498983593,8.083969293846634,6.8990267554678795,7.197428316955407,6.914014658380081,9.504892628865377,9.22211529403678,10.494865756751565,9.812288162277781
37700.0,gromacs_replicate_2,71.26822,6.2007821288299825,6.229700281660499,15.134277,4.770649694649253,4.959849742422954,11.000755,82.84324883320559,87.03294190008091,83.65663370038506,87.17749864632137,74.4585816664555,74.31791099739937,74.22527498214087,86.9884423012161,78.36245939384058,74.12423022205131,85.267172000045,79.66959850338289,7.194901541061483,4.755965581757499,5.974270938967585,6.465256249719088,7.747733944079571,6.659673203337254,6.719327398329045,6.845277258627979,8.769921465207501,10.088253010792682,10.883044946829184,10.26740389855624
37800.0,gromacs_replicate_2,71.62614,5.580482095758248,5.728528504095347,8.533699,5.340711005544105,5.165189132382796,21.951324,81.1272261094293,86.49134628348348,82.56955380755588,87.20115361803569,72.56140817344992,71.16548678437758,60.90500590066624,60.552829120332575,49.07359216656583,36.693538871114356,35.52420254866458,48.4945732486262,6.962154912163197,4.246794616171891,6.4261520201456985,6.469556271092979,7.719280116017411,6.7577064100913375,8.083830658357307,7.116660678716498,9.453184252739431,8.560696884487658,10.322296525602017,9.914242966346224
37900.0,gromacs_replicate_2,77.74401,6.144657339509885,6.366231302496311,25.719849,5.192939038179777,5.1459875019094365,13.44976,85.22137668200281,75.72207103002864,74.11977466675417,86.2119047506614,83.41738592428655,85.53581988224053,76.74260200926436,68.57005004749065,53.68159375128119,47.4534172075503,56.03903596111389,70.3581503549331,7.076884264826539,4.514606412669832,5.597206013762658,6.061272410891411,7.325838361831336,7.00509160518381,8.039803843297658,7.498154392602146,9.045115720884004,9.26701398909094,10.65855463052608,9.811500573685336
38000.0,gromacs_replicate_2,64.480194,5.502750906058821,5.237733164705426,5.750595,5.889662420377518,5.545164608715553,19.66536,55.339238831902456,45.89544565856242,47.96141455295393,60.14679992264121,70.11908768812224,67.27704827927425,84.26337117174039,75.30057950241059,66.27662291954974,63.47303935337941,71.15654184994487,83.09691379699348,6.889571276946455,4.443738665886264,6.138562240744719,6.056002611581663,7.990354466033501,7.285908095863468,8.118544768258689,7.707914703817099,8.353459055594781,10.508509771074865,10.490374437179364,9.213135319364586
38100.0,gromacs_replicate_2,74.268036,6.2618188896428,6.294398720694955,14.269402,5.05231128071637,4.913543025899174,12.697815,84.98599209201662,85.50233712635062,83.03088150645766,85.39999693292413,74.5222857542142,75.7364589358979,73.7888353933308,68.02328561788569,54.28928877253416,44.223008929069614,49.28018474226648,64.12488847536945,7.013710901051503,4.448021305037136,5.869871217442863,6.382953176464087,7.941468149039205,6.859218360281396,7.908737235155538,7.25960743171889,9.471038063531248,8.81880788565019,11.061484756910506,9.709090420546785
38200.0,gromacs_replicate_2,73.53547,6.0673103135219755,6.067178760650751,12.72094,5.561952783696141,5.533754418393679,10.719864,82.34829915184591,72.41754730332933,70.15439072486937,80.23066307008837,86.91392302272524,88.25288751579579,83.59285680133188,77.45723064429029,65.25030278867465,55.79178343443895,61.216735813911804,75.96166644014181,6.842578094813372,4.313773211053054,6.145352272418701,6.243167911193842,8.41211567131256,6.990252181511239,7.649446923862679,7.241592269260542,9.440110110946396,8.89598166511236,11.04175708940679,10.394439834199954
38300.0,gromacs_replicate_2,79.58414,5.510762626272968,5.728807802218832,24.731873,5.111952216970908,4.887414911665146,14.548889,68.02989475555333,57.04387766946197,57.602553973000234,72.2655221115314,83.51905732230752,79.28884887091873,67.82504917792723,57.989799795282686,44.36926486293598,40.18355648289364,49.82685128798482,63.273327435513195,7.030017051683704,4.503444831189719,5.707743539365896,6.075969152897394,7.997052998924396,7.2007308638938206,7.874260745054735,7.032279976089736,8.758701703760824,9.160733988998954,10.600579047033486,9.330160805139284
38400.0,gromacs_replicate_2,75.942444,5.660175517006125,5.909450892199951,18.035294,5.187551372786925,5.106929990986453,1.8765793,81.16199404464848,70.5271590196649,70.78878304838443,84.91758246258249,84.08049373506948,87.29377613489133,85.84103039543183,74.22741442747189,60.77375760099585,58.87769246558234,69.62445266188953,82.92763269555034,6.869114187835543,4.386397387200154,5.778686810608768,6.0628533343734405,7.765726368663125,6.964088410463961,7.373524760841945,7.541238718019267,9.420244569424902,9.234033132495487,10.902817802238754,9.722173305373813
38500.0,gromacs_replicate_2,72.10271,6.242339873959135,6.376097181221908,7.8068924,5.159494097677805,5.158239529886234,12.735863,87.1064114672523,82.91596961872284,81.91208237484977,86.46892527786723,74.74904164576961,76.73636600372092,81.53509797596537,76.69048111364731,63.10434305815015,51.664970546371386,54.887651217141205,70.21396039230322,6.791896392455586,4.203448076452668,6.190939267456354,6.135750565784449,7.862144519960984,6.973918108193464,7.815655075869488,7.071985235902718,9.631424799810043,8.90557191092754,10.966919845016857,9.781978128731149
38600.0,gromacs_replicate_2,74.17319,5.9858272090480495,6.184724265551886,16.442749,5.069236338913007,5.140566915601208,2.4147034,77.85577058924605,67.06851151408875,66.71061019126695,78.91476372459866,88.99897886285142,88.30240106528709,87.76674875369365,83.38389701240658,68.8559799329945,62.17417923022493,70.98908609375952,86.50348967771403,6.804259660904675,4.272227137431705,5.683381408893798,5.723773997502925,8.148669937520326,7.102710685971504,7.711728246960507,7.229552169587096,9.295137061155547,9.246840357380965,10.949230445062533,10.173995925114928
38700.0,gromacs_replicate_2,76.53228,6.066600099841824,6.206900495211802,6.483368,5.156223612326145,5.07721606173875,5.6090546,83.59047591228224,73.15633026847681,71.82686921088185,84.0295862876904,84.19439371497755,86.50004553344905,82.7959466392981,76.13818646666213,61.60657011868653,53.39246238801063,59.242806314559395,74.20799709740722,6.826529410974965,4.089028011427887,6.061446167932545,5.956478550239378,7.928172113659284,6.932942146182695,7.587514383503564,6.744537257689636,9.276412543185629,9.320846269566992,10.811145449528649,10.086041998434563
38800.0,gromacs_replicate_2,79.66242,6.162768264410611,6.213937682765448,1.2037048,5.002737767055455,4.998998855797008,14.936111,78.94259764722973,68.75253511886068,67.03798958243206,78.11885071184632,89.2811531785677,89.19320300539876,80.61665334500455,73.79680945021006,59.64655615335598,49.15995861196592,55.49872342968951,71.84014924065424,6.901359733223752,4.399110717040075,6.42599050927421,6.179811892716536,8.370544387938738,6.975221721644802,7.187229491645026,6.718579156334742,9.57227599965143,9.393413141045981,11.053376539366226,9.873655568663969
38900.0,gromacs_replicate_2,80.35246,5.8523064830924545,5.984747078712013,2.5697327,5.025004036698469,5.053323527807924,6.4328995,85.04592104771574,75.63470798245869,76.23184762001523,89.8644353036918,79.71105075924116,83.50498696944378,87.84710921907143,77.80407216974639,63.40799789595895,57.09009669048377,66.30191033834282,82.18589472285828,7.1226267160156,4.557571295413955,6.045962662754526,5.831371450469397,8.207852916100311,6.978527909595887,7.860985336789809,7.020309814882923,9.272393463506868,9.02916456578701,11.195026624244147,9.949637330795653
39000.0,gromacs_replicate_2,64.37324,5.76140318145994,5.872878992604907,0.34246826,5.4105619644305145,5.270756577225026,13.612984,78.60163174931685,69.33303880074678,71.25759330161657,84.90625683942056,84.65442975128884,89.8247214164341,89.62575960702966,82.1024391297682,69.86942248027229,63.41751585232332,69.71538422920955,82.87495934358222,7.144584792062543,4.403509626342593,6.256084861044714,6.3200464259283935,7.884937213311002,7.017782070865622,8.002246291092613,7.405197628397879,9.419421830213071,9.063067607427408,10.623018320230688,10.609865328960604
39100.0,gromacs_replicate_2,81.6597,5.8179973430202985,5.9467838741592205,0.66365814,5.331308737572949,5.257425022225447,17.513992,87.9154758608057,76.45663167947971,73.43133736890094,84.35235562951046,81.63475749861793,82.09681507941605,73.43742476437457,68.69174651426391,55.619790153388905,45.609127616652174,48.01579171146127,63.69550595927535,7.055275108302737,4.510961694196839,5.9727320091829394,5.912853024584071,8.552185204230074,7.361139888325058,7.942337074907615,6.6996092856502,8.825722301464376,9.637624195189817,10.757422234169276,9.601127819688218
39200.0,gromacs_replicate_2,75.15933,5.105444296879005,5.529466590991125,39.2133,5.097594889595044,4.941365300716796,1.3441696,73.15649430504159,60.00517370118373,57.1946455726647,70.1193573992757,83.04228032125201,82.79339914820407,81.43948231379541,70.11133782114081,56.35482952788358,54.116485007053434,63.96430463962465,76.95330163292498,6.9891312448039775,4.840859500629568,6.021866155702331,6.488741348879637,8.123162814238832,6.9081879719590855,7.138598168801291,6.955633292207365,9.067387913650794,8.958353181318543,10.566437351879907,9.781733410485312
39300.0,gromacs_replicate_2,78.02052,5.9692334603341815,6.078408030385058,1.0747833,5.363333682353296,5.181226069955076,14.402054,86.18191221820308,75.25611879077314,72.9505392167794,83.38773134886954,83.11405967974164,83.52518687120894,72.57917949181287,66.83282561784043,53.885884065469455,44.31169160439609,48.887938927910724,64.33718659437069,6.767768743197695,4.223831504471554,6.125199711676363,6.17286218317722,8.288660620904889,7.072632754433367,8.174868390282445,7.097987511628781,9.12200032393702,9.133034079750894,10.832249020515674,9.716390163606802
39400.0,gromacs_replicate_2,79.91298,6.177931790355533,6.308080960336049,7.155899,5.040947203916139,5.04140084638596,20.880959,87.40738025610057,81.79478478223336,79.73357990192349,89.42486095352137,76.63853450509862,77.70446929265837,72.26598406287687,70.95883340062616,58.203205269760396,45.56451699455242,44.35650418845967,59.10953880571602,6.853888743879709,4.117341813998044,6.207492561348488,6.391687933407926,8.13676121759955,6.998077237057155,7.73387712547556,6.81482164613194,9.606088854204433,8.809073098497478,10.912695804515982,9.991330806871225
39500.0,gromacs_replicate_2,66.21217,5.799838212371546,5.963821375366057,28.615295,5.335996275003243,5.109623035690179,8.777855,88.39466066623413,81.3967284687381,82.53112770466066,85.54308612204754,75.40421286526716,80.54421146782005,75.27016988486474,69.38242911831557,56.65306132929167,46.962395906688435,50.70147227344805,65.58341834267696,7.079122841217097,4.4337375895402165,6.2650714711612565,6.412098121531673,7.4387450760408935,6.7298654713059065,7.233079105279889,7.057164211022315,9.313308502446827,8.693966298798976,10.612513688979128,10.192867610359087
39600.0,gromacs_replicate_2,79.397644,6.2316767431456626,6.3094083694349425,4.435463,5.242126886482425,5.291522812983598,6.8265076,78.32592999609854,68.10311519035281,66.40963509757668,78.04077661092278,89.83785800966967,88.44993207882531,89.95676839868084,80.46983883218365,66.28076492695399,59.78199721635445,69.13204071145215,84.20010809101741,6.628508982433089,4.152275117708199,6.182130396355093,6.232497353183832,8.228821346022666,6.989185183598651,7.76025418148823,6.970446790036296,9.352783740877388,9.434489315322732,10.634970117902713,9.987483591744773
39700.0,gromacs_replicate_2,69.412994,5.626348666538422,5.953213723904105,28.349792,5.3160471341973805,5.216363647569869,2.6967163,77.50269909416235,67.11003173917788,65.216791469714,79.49509935409947,89.84024239019604,87.30262961086109,81.94744177308912,70.51490317610222,57.33820579634199,54.622400132847204,64.74831597278667,77.6259457541993,6.991953044507098,4.4110328985138985,6.139817829175911,6.178747683539956,7.9106031136912565,6.967445031392594,7.7695814483777905,7.346523887661396,9.003714745436243,9.533283023994613,10.690974224538211,10.126855522617296
39800.0,gromacs_replicate_2,81.864655,6.40021474779995,6.216460366750847,1.6211014,5.059470429911542,5.067544526280657,9.106659,73.28666635291327,83.12231968119735,84.28656715781827,72.29112745972624,61.88989250822298,63.574677761325276,84.35989557594644,75.06177526522472,60.40184306427671,53.604717930029835,61.876236804326105,76.79575009450203,7.231956491862514,4.386825713189507,5.904581709570319,5.914442459304279,7.8636137254293965,6.92623780550064,7.156801631250347,6.588771689785666,9.25241054333904,9.145841232321656,10.987003859562872,10.361971181903582
39900.0,gromacs_replicate_2,73.77171,5.70026701705255,5.828334589129054,1.2820053,5.462170022774851,5.305640087507593,16.863396,84.92951102595109,73.22792364026206,71.70632722870218,84.20704078038868,81.85048438968175,83.54472518178538,67.78790291520488,63.620820560484326,51.223687575643,41.73845444507905,44.367617112508896,58.1643534947218,7.012782378036358,4.336181181880938,6.280246891309317,6.695613645730263,7.981477566030446,6.889680100242988,7.6386684593184215,6.9012072260333115,9.504514294605087,8.412530873613363,10.336265610875575,10.208363874016094
40000.0,gromacs_replicate_2,76.511795,6.006288449490612,6.052061911875869,5.1399,5.279162279342251,5.1990878037156785,12.678436,85.58082753142921,84.36466917666394,84.09520986446994,83.06928424029229,71.84085764387397,74.88159222524963,76.89366471650293,68.61607228705775,54.69635765540424,47.52110797670601,55.12808002922335,69.85283645150854,6.877010085087067,4.274096581936624,5.574425708527169,6.1508589253738855,8.252609943975868,7.111524814263411,7.611525268296513,6.7051089087373565,9.353932678486226,9.049188990917585,10.622587162775945,10.086019019250097
40100.0,gromacs_replicate_2,74.13291,6.027046043432375,6.026881895001342,11.390839,5.234338427204017,5.085486994117878,4.505745,67.50265046895751,57.47472996597908,56.61600305981349,69.07142910705275,79.8039736184221,77.5637130398439,81.36953893566414,72.61974405614474,59.61554936088323,52.62041516671461,59.91563697519324,75.48880567029606,6.942696951125645,4.230857801677953,5.85559494681442,6.012125954384433,8.153863558916592,7.059650443214928,7.483484043040877,6.8858115308676675,9.054569396501844,10.124045700023258,10.831040345192479,9.790402482463618
40200.0,gromacs_replicate_2,75.963104,5.875121464299956,6.177617943652187,29.596703,5.204017837131832,5.113671708505328,11.097549,81.06902974948889,70.42198920119922,68.62447918357975,80.72973761105612,88.45470955897336,89.326518441062,75.16504728816399,65.86445763379457,50.863649943576625,47.165727462185096,56.50804601013979,70.00236972329843,6.723093187053972,4.3040537623930435,6.102963900919634,6.381938978244326,7.838659536383933,6.857190028596145,7.0761534632518925,6.911772713086766,9.672365005833651,8.974258620375362,11.079474169199747,10.183868196522777
40300.0,gromacs_replicate_2,71.040405,5.966307008821607,6.18492196398014,17.677383,5.365848017365159,5.259238378051288,5.0512924,82.78482391362208,72.60144943532582,71.09745311091714,83.53991021663765,85.06330825947488,86.86654599004565,79.44156910987438,69.69774840308968,56.26682270507473,52.39707652250036,60.690888635897004,74.16151849810925,6.868411884383391,4.295003465227626,6.371009206048804,6.426046473124866,7.719666707125305,6.684552311848534,7.168854928075192,6.984033261760898,8.973457057190876,9.333640394716108,10.766241895887172,10.4160498589222
40400.0,gromacs_replicate_2,77.08876,5.805794159959916,5.922731970817188,17.156334,5.4850574302409045,5.469206695157237,5.908081,70.02967993314388,58.526920936939995,56.86017690647338,69.65976656104675,82.56778735513501,80.496920184651,84.97083163874308,77.28164120484055,64.1107664814915,57.399748304499155,64.64613615130351,78.88999652898517,6.787065916211478,4.178409561979838,5.857143661836679,6.263016682119852,8.230336732445231,7.2559177420046375,7.166333579334324,6.9553868490184945,9.32571124104125,9.185087911310859,10.43295916596131,9.799007897675644
40500.0,gromacs_replicate_2,71.008835,5.593967878712486,5.641089322745329,8.473068,5.483200323604638,5.397539554533705,2.1697388,71.50362947334864,60.721931504121265,58.43238448449922,71.74961369819829,84.76801217256998,82.57459353099242,87.54972218617274,79.13942292688402,65.84299371482577,61.079432176135924,68.57034915004023,82.04256963420191,6.978281540415516,4.234030227037837,6.208912042008873,6.335142426775558,8.190189457209721,7.1687191184870676,7.728232921255973,6.888322382727454,8.88703758229755,9.222688124337372,10.204887594834966,10.363726835789324
40600.0,gromacs_replicate_2,74.478714,6.26889659642211,6.41229898457981,0.10118866,5.3292323328132465,5.273113930143644,4.3687363,87.03073608046095,78.0927769126492,78.94998765976696,87.87945205354323,78.02212094694173,82.1233942066324,84.08730162600278,73.43512135242021,60.549262358817614,56.16770011666335,66.72619170287253,81.12537195701339,6.737292995453456,4.473808339147293,5.862313242166351,6.240030305600885,7.972160482881266,6.9224543966320855,7.436123747146834,7.327562471144107,8.772374321206975,9.297731973707727,10.572651754986135,9.876124165538723
40700.0,gromacs_replicate_2,75.41785,5.937021802006114,6.010697202358842,4.1255875,5.356919306898949,5.132226431519462,11.350685,76.63702309268363,66.19142774476654,64.40876509084158,76.68722840238874,89.12056109140622,87.14025388010562,71.002057969253,66.39687971631946,54.323029364779984,44.37811908849778,47.260303225896706,62.08003583618328,6.860887540358663,4.073859307606882,5.9241268044688224,6.161208080421647,8.256961820996722,7.215714559237319,8.200021923221353,6.956097874521397,8.893610645937605,9.576989978840203,10.662143520203692,10.081596720391401
40800.0,gromacs_replicate_2,75.721794,6.281204373664106,6.291878262011613,7.414154,5.385643108798979,5.254966396009,4.2035675,74.68571634771081,63.94430593231474,61.273022367346414,71.03366973538546,83.8093649758574,84.20708683400403,86.89229285117646,79.7121662854147,67.27691676409782,59.19335567293645,64.21375837666886,79.04597567488842,7.065794746087785,4.3145635906539885,5.886608139811946,5.869411899725245,8.331081319459944,7.1437310282691895,7.8266803540913745,6.972944225879891,8.982138195405403,10.0136258620691,10.563016846187685,9.392686606038732
40900.0,gromacs_replicate_2,76.436195,5.284789259437393,5.389581493311526,3.0954208,4.896140110991064,4.799625063394335,8.175735,88.56126718292066,82.20168765764097,85.8666799169538,77.40867548093229,68.67729979330366,75.94643225322478,80.0360223559328,71.66881827802332,56.05774394404112,49.0944675833263,56.21372230740054,71.39548162075751,7.043714950094828,4.34812003420434,6.01523681313866,6.3839432977838335,8.307641836459053,7.14611134167528,7.475731292701944,6.728511862257834,9.20250342325158,8.960989090842803,10.231240464844467,9.728593856607404
41000.0,gromacs_replicate_2,89.63646,6.157389093811491,6.176098196415614,3.9127731,4.953219149317008,5.13827091217804,3.3192978,83.95870414289446,86.63568822565122,86.4668266003962,80.23694593518344,70.44018902879499,74.00445917394039,79.24585792130021,89.34563425298182,73.96972053887417,70.50813267382706,82.60132207337423,82.94142414830638,7.393208092310366,4.493840653190993,6.320285906168811,6.267412786764031,7.569777944945941,6.745328347770351,7.148189806447729,6.91939018577013,9.74808571568968,8.881682591854547,10.733845812017595,10.34082822154944
41100.0,gromacs_replicate_2,83.1348,6.017569422875746,6.113554718861624,1.0635452,5.1294495740227966,5.076875208377159,12.716972,79.01183341837061,70.31360448512878,71.49581593368588,84.76001903703391,85.09961525195293,89.96678129867873,80.03431631784377,71.28246788248212,57.229883312768045,49.53173671961932,57.380383612384996,73.05581273343807,7.000398350187131,4.432143860210081,6.416575322736479,6.4124973750756356,7.8222097789367595,6.787638871943111,7.133566034544266,7.010108258804696,9.45613546091512,9.017644630625325,10.599039070729068,10.135201854303858
41200.0,gromacs_replicate_2,72.12015,5.972936639900559,6.055266766816289,6.526428,5.292528779753634,5.1234737393055925,6.637352,78.26981098393875,89.69347881627543,88.56993999610543,80.69461657641972,67.44713336594518,68.1524973797153,77.37246088498303,68.96001708258842,55.37740469547137,49.330517088711616,57.78214247816303,71.86844546962622,6.769115043407085,4.319459735557776,6.304502900457271,6.614972761723072,7.654019341809338,6.869191433468106,7.0687534825030305,7.168524798250949,9.634021668998157,9.122515643346224,10.467462058460947,10.105517747791739
41300.0,gromacs_replicate_2,81.41485,5.833482993801656,6.12116391108661,36.106262,5.24011152989668,5.186282593731022,13.125801,79.48001709787367,71.43137911618166,72.69542889932048,85.65360121669706,86.84724976076303,88.92230402216889,74.39854160212333,64.50240203396359,49.05908065607052,45.56063883549886,55.01644085748725,69.06074908751009,6.982698778499757,4.511866722694172,6.139913195097242,6.1016177108764635,7.54404579006488,6.68319729861611,7.242877888335721,6.87961087821499,9.521579715719247,8.424693534917704,10.295467133418002,10.307669903082358
41400.0,gromacs_replicate_2,59.01837,6.118974228328128,6.256839310868299,6.364006,5.430795343924539,5.4857805511802775,7.6133575,82.20133177839584,71.43154531414064,68.7706877523482,80.285829517865,87.0034008052928,87.97442795496717,83.31416825662812,88.87733991670329,75.85377931650417,68.76992716538959,74.77593678033112,89.18330565173498,7.000476869974553,4.374790506251444,6.399742967633393,5.947583044846908,8.030169089474864,6.8467680602882375,6.680410983953908,6.570402888841937,9.827005736326848,8.939848145916745,11.06561749759975,10.397036748971383
41500.0,gromacs_replicate_2,69.84038,5.875385874913661,6.086048296529239,19.345848,5.420726464510563,5.2767030584151735,2.8953094,79.4791942718857,89.90452986670293,88.67306551900626,80.10170923421077,67.05352318255217,68.56881010116264,84.82497879080186,80.089893738627,67.85740126463821,58.41589900581129,60.58313525997075,74.85497381427248,6.863651868615677,4.150098988601682,6.340666472097384,6.489877233905289,7.7851413938248655,6.855320126631481,7.6568830068661695,7.14068889154582,9.782565933919125,8.810427328044863,10.600839995439799,10.322978363050488
41600.0,gromacs_replicate_2,77.23748,5.8684413380956,6.084396463241367,16.430504,5.245799563743454,5.098129057162816,6.237236,80.53785714585956,69.56155049625212,67.4184814835822,79.49831264392498,88.03488365944658,89.12226777989332,77.78269097249887,69.5875994014385,56.06825289284403,49.477593709370595,57.07290901823807,71.18807752906689,6.799343939453986,4.158345480374905,5.891467545400464,6.143690731274155,7.871658591279498,7.05571965391819,8.230439360377567,7.223285435312382,9.6024681681524,9.178694361508374,10.454188400023975,10.177197463889883
41700.0,gromacs_replicate_2,77.164536,6.090313871846423,6.237659763682304,7.6716995,5.460014887083751,5.455414735888862,3.712616,85.13936294449486,74.11612758803159,70.60292377129076,81.22691988748099,85.09741343119074,85.27964581998367,87.4406696262466,78.94512478657785,65.5167763632822,59.738311806373,68.0606541487926,82.13672568411397,7.026661918937829,4.240051699663454,6.076384149196329,6.488897719407975,7.689755301284897,6.614440215688464,7.022440209560044,6.811790164200148,9.548887173856548,8.857616399173724,10.603955455549228,10.241106351118514
41800.0,gromacs_replicate_2,71.88485,5.941999714246599,6.0762401245400826,5.4299927,5.106624056321376,4.978937797205739,9.357201,87.47433473068415,82.5460875529492,80.92004542690249,87.21945117593917,74.9065299704318,76.35408472471592,78.46561946872153,71.56221118301288,57.20779337364148,48.564185652261074,53.8662498514399,69.06364479305283,6.896007047140515,4.322553967737398,6.147016318772681,6.208769712958738,7.876563570477568,7.062619688380036,7.413130056350804,6.820201707955505,9.749916636356286,8.806890660440866,10.846782768481477,10.382353315144755
41900.0,gromacs_replicate_2,69.35874,5.835491120200489,5.97494976872301,9.125824,5.127886964876714,5.040332903537458,5.8994064,73.61710946911089,63.79606909822137,64.78766430220972,78.72442574827292,89.49728558860237,85.29094637445864,81.52578966822175,72.427504982183,58.55230093538825,52.847464439730096,61.15103325326336,75.90394957375722,6.99691438941516,4.293880079655384,6.425561079039672,6.527547291524448,7.882880246796842,6.919683503381929,7.071065045024928,6.774706122216227,9.916936671234238,8.491507819136539,10.259415287528027,10.116253335359648
42000.0,gromacs_replicate_2,71.01284,6.071731746319424,6.199800807013697,13.787636,4.8098870609222235,4.793876756530881,5.3401184,89.04839102324927,79.72569980134452,79.72460167716099,86.74713110063304,76.90673083299548,80.51430315583134,84.8025722187798,70.23782540497518,56.645666307126525,58.0562010414806,71.74856748968037,85.49054792362276,7.161967805963174,4.827455034521594,5.234225399490817,5.671427567372121,9.785148183590154,8.162552353376716,7.705458265967926,6.7726317573869075,8.62288769943518,9.504120234590191,11.132023915578998,8.941174701734838
42100.0,gromacs_replicate_2,71.06147,5.663034301045414,5.954011434450151,24.970871,5.189743782296841,5.1888448185737985,2.7423553,73.40462282724545,64.31062999738705,67.48179303716704,83.26157015141213,89.8340421967452,84.58834814337692,86.13715029321884,73.74265981635301,61.07758651946744,60.58684240933197,73.17831478806066,85.83587642613551,7.4843491635697665,4.947127578898579,5.391572311408054,5.710350697360484,8.68927087716468,7.758723222634525,7.6430744336564915,6.64172007222628,8.550612393785496,9.657047163026748,10.776153727709715,9.463043703160233
42200.0,gromacs_replicate_2,66.63695,5.607094895675313,5.926483594924242,28.604645,5.1669462698510635,5.077435539037407,6.158928,72.12706213813367,61.811488177752,65.76010966261465,81.18133737163046,88.7757985568984,83.42106476855723,87.9580634039991,76.9328605093362,63.908059745563314,61.17431321449497,71.01748885215851,84.39006143009247,7.352319221436012,4.862926209358265,5.392463728694222,5.786293698521017,8.500991002024147,7.983451112525551,7.149383766542721,6.587843160080214,8.702524421280254,9.55989762819134,10.459013907404925,9.30471981568929
42300.0,gromacs_replicate_2,84.057045,6.204510433351759,6.287943691278781,3.9779587,4.968028114702683,5.088536456078379,10.198013,85.58326413534772,84.38931622093925,83.4532940632764,85.54835081044165,74.1638102069857,75.49425238856183,78.60513099521106,89.85126579807125,75.66832511401978,71.27787866805691,81.47878443112027,83.30797120826904,7.00790228034599,4.312315664660568,5.9032249062052315,6.06850006863676,8.065213419444934,7.061439286707009,7.146618514868669,6.647480419222064,8.739720091516556,9.289143566575765,10.763676639939641,10.113072903155627
42400.0,gromacs_replicate_2,62.73089,6.573331747294703,6.798231602267492,20.599464,4.853708116329027,5.00475448932641,11.075645,80.43269457351825,72.52600263796963,75.00239227345232,87.31133652322458,85.30456504430224,89.71439674203565,78.64029038728259,86.85578352019489,73.57326276785015,74.82842634787143,87.09975361490324,79.14556131854458,7.357979362173085,4.57655709810322,5.7653450345860175,5.385813762237743,8.445421430579646,7.5698092318854036,7.004507303387137,6.800957003172211,9.088680390086546,9.982883674281657,10.802138057558356,9.818755195118545
42500.0,gromacs_replicate_2,81.25423,5.6198935309040285,5.89756382374284,29.836098,5.058529334095016,5.162952550798886,11.31868,69.89430532644411,60.4058499959388,64.52498977639803,79.54939153420712,86.96159172403188,80.86401002025953,86.7202811026136,74.64611365159126,59.595178582214984,58.336087086579475,69.86030519415365,83.7479267781015,7.275440689699789,4.9599335570298475,5.126719900217915,5.412445712509903,9.053811607354623,8.108276774225011,7.857642223833638,6.8903997313141385,8.778912053373192,9.702162596989305,11.225552318156254,9.3067173744927
42600.0,gromacs_replicate_2,69.57873,6.219722428831742,6.439588279303954,23.951942,5.182826349804831,5.238451097405323,3.065918,85.75263180754587,75.55626533963996,74.46449112523453,85.24450977622223,84.38619521329565,85.30179066260115,87.67009551199976,82.97319571881637,68.10923475417604,63.865310052634555,73.29005818852472,87.15862697410596,7.300493211932174,4.535221454806539,5.78883676769211,5.7749956343801205,7.779365916373744,7.36703180118483,7.50279636157905,7.198324819950175,9.230583659611721,9.293697929029534,11.005099458532102,9.879207087585236
42700.0,gromacs_replicate_2,72.132866,6.001094152194501,6.052939606890956,19.485054,5.089740565828664,5.1128469014329045,5.2722473,85.69252374029551,83.88308175321392,81.43730045167766,87.11028476279701,75.86347235226881,76.63714082619127,85.79824777089644,75.48875041854397,60.23782109079585,56.31640879309855,66.22260659402592,80.4128804142269,7.1055947640011246,4.1938602791744,5.764578382939142,5.7015539515768445,8.048797821832403,6.9185915982475334,6.891193357050323,6.6184277164865435,9.435401665623253,8.98684681215508,10.784847493054281,10.582547822369829
42800.0,gromacs_replicate_2,82.068565,6.08157771737127,6.272793783082175,13.435326,5.532556370586006,5.5592054612508655,22.91893,84.94229628860492,74.42517851085233,72.0036300686358,83.43362370671693,83.82485604845712,84.97894522715931,73.41666811911543,67.6337369461586,54.57304521213107,45.74121085120468,50.51363943257982,65.36780155321303,7.015851986328117,4.219612234893959,5.826167428389807,5.854969148054858,8.210551609852255,7.172150720644398,7.8226433448562185,7.056976970291726,9.544442178992151,9.568356375621777,10.698347405270052,10.255998741629488
42900.0,gromacs_replicate_2,87.49058,6.238855087853522,6.391991315305289,8.0984955,4.951717570228854,5.1241587485201086,5.332489,82.90934757920692,74.37746659510711,75.35193553078675,88.71132735753211,82.01573912424932,86.54493418031703,81.3246869168932,86.55716137822931,71.69502385122648,67.98319369551665,80.56474571309433,84.19841248116329,7.275166784453355,4.6275492693049465,5.757123808922929,5.899405910225268,7.819223017901621,7.12872887587692,7.21013642297587,6.99817480757469,9.141425310724445,9.266989183126245,10.780215320214257,10.203766865600963
43000.0,gromacs_replicate_2,65.980064,5.570365925907272,5.936369915125522,41.34639,5.611335532584851,5.382931704380144,15.447372,64.15038251327088,53.26759711837733,51.06582181665661,65.11626090779055,75.42318226715466,73.68864262464989,68.15489315176032,59.74800774585907,47.135149789480174,41.16103715941129,48.937529808763536,62.40871878619241,7.1919475895299145,4.63284110761808,5.227251760150926,5.455970959786651,8.90169982595016,7.8699132437359,7.829979090741429,6.782263822416249,8.555707553681676,10.172740615521596,10.722056210919341,9.331270264845044
43100.0,gromacs_replicate_2,69.78674,5.755464335355406,5.898630185045723,20.180656,4.986695061968652,4.989524225383714,20.005981,86.57751468301102,76.96747024602874,78.80514528237848,87.01967735917314,77.99436653939621,82.68640914776006,72.54462021641658,60.44794309165611,45.40818896055922,44.89261415755897,57.22501961141458,70.3401842785292,7.26468318639376,4.476502142597058,6.029595062353201,5.971182215831657,7.68367550236055,6.963568728836756,7.172091881359573,7.052630992188711,9.22828701408491,9.084021144332965,10.771512655520135,10.375077166542605
43200.0,gromacs_replicate_2,61.562996,5.544096061886314,5.916957795783824,33.000168,5.2073333831879,5.087440198084976,6.2690277,76.350954860157,65.46158057812212,67.82562721263213,82.11530641044557,89.3513069535646,87.33512314735667,87.62902281251907,77.63974029937187,64.58159665918738,60.45933496937256,69.56817242291893,83.16245555480593,7.74947508418792,5.33502644830512,5.303947948618278,5.111585456577742,9.962317534574792,8.344721616804833,7.984171058987015,6.663039538529062,8.452272137148741,9.843176780543603,10.746938008178413,9.595331421298571
43300.0,gromacs_replicate_2,74.17351,5.774420239543957,6.020406977837673,21.200233,5.2122151032808866,5.1521857837145895,15.554565,73.82162563799847,64.92661794979138,69.94004314294727,84.80441262075735,88.72769929797231,85.02513645511974,75.9297220341664,67.43567671730823,53.11527946743145,47.18647237761551,56.06151630273056,70.86127719698719,7.14875157839063,5.065859673439399,5.235472032053049,5.348139357310587,9.345351391009503,8.128085334598167,7.863479651564546,6.799509849316186,8.343927401097437,9.89313418368478,10.719657065318616,9.637152967998352
43400.0,gromacs_replicate_2,73.14497,5.842196721058019,6.117798374554627,23.905495,5.1613996756702605,5.1870149116470285,7.8697205,75.15625901504147,65.72823181071453,68.44107321835872,83.96724612842709,88.88173172857277,85.97022968185601,85.24811291373899,73.96948861744393,59.76611260338672,55.5026195546086,66.25294104122497,80.67207035939047,7.260446060141996,5.009530537733317,5.219416569385105,5.100630052584952,8.910521263681641,8.064734563598675,7.82139017302988,6.687131965595445,9.422098381897188,9.320361222187953,10.575726115657355,10.073073930666453
43500.0,gromacs_replicate_2,77.38747,5.972992084951867,6.296611014778252,31.900314,4.9175914440146,4.929228526352625,17.065048,72.93444415324286,63.280026490798235,61.506431939959086,74.17867409934072,84.95129596083218,82.80236714292637,76.11678164763332,68.92126766699988,52.8031912390284,44.73784879525314,53.32188962593815,68.70843932229204,7.453334263987988,4.731936584895031,5.827440653510338,6.031514731728913,8.304540231858239,7.231795106804887,7.33099257529098,6.812994944755892,9.38417719733115,9.678558812824646,10.762404750811413,10.371420063268868
43600.0,gromacs_replicate_2,78.235115,5.993298507730162,6.140265455236293,13.097755,4.959739575382935,5.061190484895543,10.81591,85.66130831843266,76.5970808183297,79.37717359792703,86.24211267734825,78.24966848500054,83.22470164172823,86.62310341173242,74.13220391050314,59.93887311818831,58.462537243147665,71.8068449452582,85.459778367684,7.234159490711467,4.946377358545701,4.974432614438896,5.002551089945739,9.831731507187467,8.158241434446794,7.607913473537034,6.508156233622424,9.146594569834166,9.755606256519997,10.735527049627228,9.74096304153949
43700.0,gromacs_replicate_2,66.1114,5.326086743378636,5.706942268964159,42.483536,5.038053501397501,4.7254437913761,11.683823,61.496931014259516,50.447892490896045,52.832945000622956,68.33074262123334,76.68151244753098,72.18227847682739,66.72902869878388,57.265992536053304,43.269771724265,38.9915375211507,47.8889044635532,61.80834284933211,7.31711947516533,5.12092821399136,5.552337785485827,5.418569328771582,8.935371821549204,8.369357649722375,7.778113960935453,6.815150565034606,8.172588113935467,9.638584661189864,10.295414844485254,9.514645319158301
43800.0,gromacs_replicate_2,65.2175,5.582390046495656,5.79204329720085,26.941254,4.999930820246438,4.733871064284935,10.199455,86.26137265766562,75.42776430215498,76.1094425917605,89.53678308688514,80.951652028469,83.15199879382031,69.63199450368754,63.64080012973468,49.682311353977816,41.27947574977515,46.7215913573688,60.54742524120634,7.412008031344216,4.876777254814794,5.464974257075294,5.32957374599855,9.175473948195203,8.186035288335598,7.985847418160609,6.644294973898669,8.532394554533589,9.478084561253697,10.580463477903802,9.197851534253305
43900.0,gromacs_replicate_2,70.7,5.587756441571056,5.918220500554673,33.131203,4.868567241729748,4.6899518472873245,9.842125,79.50269567477095,69.3308001307118,70.35090941401481,84.10621797931658,86.518591681307,89.87255554441975,73.5773600020033,65.71821193171085,51.473970936702024,43.833633809243494,51.17121095585016,66.00543035484073,7.353648946720605,4.9963592405753605,5.184880356369458,5.43251747825942,9.279562392598221,7.87985263633704,8.030128397170643,6.988067692358637,8.212234077229,9.149071025901554,10.28373302030562,9.473105990576684
44000.0,gromacs_replicate_2,74.11148,5.598942198833967,5.939896099652189,32.541958,5.148671838646899,4.921376483055581,12.423271,73.80565496588825,63.7850209406601,65.4135306428692,80.4207956465204,88.68671435436144,84.67864785111217,68.66160711770412,59.18836189291956,45.32101554520605,41.14124096650092,51.43048426868467,64.55797502838432,7.391867512777888,5.2237144075405375,5.322832196425346,5.611529877003847,9.313099364559843,7.809327492683828,7.796443674341667,6.633964686098773,8.401353514199444,9.756993438415547,10.345188155403378,9.131290854159689
44100.0,gromacs_replicate_2,64.897224,5.400941924297252,5.637670695209512,29.86839,5.042119898790431,4.880081224266964,4.2369003,84.3558119341066,74.35890799559786,75.11984734176708,88.44985602403516,81.91835889034843,85.24337328132172,77.51818703768437,65.71035872040653,51.260147463622005,49.59048400128317,59.17951608928384,72.83211868634271,7.586370210203609,4.6517217956764725,5.614658216386013,5.842805835947105,8.230865935741196,6.945296305335393,8.124976344940945,6.673374230187236,9.069602350675044,8.91462443762569,10.716426482770098,10.833856710384108
44200.0,gromacs_replicate_2,63.40181,5.60812942686828,5.739894305324425,7.849777,5.1032146318325236,4.817210799641567,5.9446487,88.24275627813228,77.21261147186887,74.10477533901724,86.4103634588669,79.48848240421471,80.69582523466184,72.12529389835937,67.87317352446004,54.61231610985592,44.41138456049407,47.57634864512286,61.37091149233988,7.665658831206068,4.772425065068708,6.420454575984153,6.580181961485124,7.849758712783876,6.634388507035755,7.3987632024121455,6.745356851408333,9.311734266393078,8.385717786764278,10.510811155177853,11.032653999017008
44300.0,gromacs_replicate_2,73.54695,6.234643752913635,6.335440564550575,3.4453049,5.536380214299022,5.50138881910203,11.178581,83.45744168280385,73.70007868314521,74.6952563449631,86.61816635349327,82.86852696979477,85.82620270320535,79.04963953234946,77.38983181363625,65.34006603370243,53.85386256429924,53.74757262290275,66.8275555784986,6.916566130174916,4.397364031579139,5.975358115096066,6.245969030216108,8.116348139262184,6.929403503311227,8.053248347532723,6.885658590419724,10.051672268147936,8.778232768600654,10.569487706633836,10.887254864631215
44400.0,gromacs_replicate_2,70.059845,5.841671466254498,5.834678899752632,19.68312,4.975764608955012,4.981537748119296,4.302658,83.51127361249269,85.50456767027129,83.82434556132725,85.50973384762455,73.88222284355554,74.58711476086967,85.3269849496884,73.41779142312319,58.51342963857608,56.081905217218896,67.1226828308623,81.55870127524123,7.26213451049774,4.526577487305412,5.540536756974286,5.939473849307652,7.899457665248156,6.9185746773956875,7.718342833541785,6.989723408719385,9.850421596619302,9.082696449071925,10.733262050830934,10.252119108068491
44500.0,gromacs_replicate_2,77.27459,5.812826982614017,5.8652226548322135,15.8116,4.789874114523442,4.858709957806095,2.391899,80.92420440922359,87.98621940867473,81.54467969688216,89.71791450755143,76.2065982203254,73.25844468255136,87.81242650986371,81.27159130648039,65.45986912681809,61.28334040880088,70.6016643182287,86.17131964115683,7.353895169180735,4.732505201948122,5.561533387517138,5.57553255793477,8.08118638728474,6.9027602100105065,7.394020616189,6.851721611903132,9.363239460509751,10.275626337040714,10.582045140955497,10.138702908944074
44600.0,gromacs_replicate_2,68.91908,6.223357327859867,6.082501690757101,17.357475,4.889195214670122,4.836275018189738,12.41861,78.8532148410643,88.48724703513142,88.63107123457436,80.8598846292118,70.12688349156832,70.54944753822356,77.97843305767627,69.63530653219257,53.671153903284946,46.793796612104806,55.812514523741086,70.92053015386956,7.043001497471889,4.488639880856756,5.302720313396812,5.64163088345121,7.93199357108046,7.276030074315454,7.606746354613492,7.096223595611182,9.44136119543828,10.066251962864783,10.62850685555129,10.087948629814141
44700.0,gromacs_replicate_2,70.372345,5.655144717727063,5.781985428844204,25.516418,5.292682423805774,5.034700417569141,6.5242004,88.89127636139284,80.190119257249,79.01544386884704,89.32353580017659,78.86964113722689,79.77515016841369,72.44409363182938,65.86784026337989,52.866562040720915,45.51059831942674,52.15017564770703,65.84882900662211,7.63275902560434,4.920194841316594,6.026611718572173,5.952736304883521,8.333834639473771,7.069106332724439,7.897331312376123,6.746594247026129,8.699450267661478,9.275963883984337,10.39445270121024,9.80431168922476
44800.0,gromacs_replicate_2,56.52392,5.629385072681268,5.776131148731833,19.625801,5.250450294846348,4.819737569405577,11.862343,89.11735018462365,79.11798615638992,78.27915931340952,88.48382972432998,77.77847716427134,79.2666227357972,59.941653414426675,53.17243149397662,40.654698998782756,33.816922871704314,41.066479349454035,54.00748891136803,7.2723713802103,4.8020628738451,5.543136819611787,5.946692711622872,7.934398718307234,7.178625751480795,7.719381667098768,7.182525300277423,9.030006203785298,8.94711084016362,10.097752121253981,9.998133956173223
44900.0,gromacs_replicate_2,78.87926,6.38377030202931,6.4485104259760675,21.07109,5.241870630160078,5.405963913724844,21.679863,88.92603981789962,82.24875942146146,81.64340533691636,86.71781234939408,77.43581783947982,79.48145986965274,81.99934213008908,72.7204313995116,58.032021927356304,53.006215734981964,64.14106995005757,78.48798008389451,6.8006924483828435,4.229337645514164,5.565663280571854,5.778020756356905,7.798118899876292,6.815487589391796,7.085812811668707,6.552734088772925,9.591463408524076,9.623699330200122,10.918609836906949,10.750985056544991
45000.0,gromacs_replicate_2,71.61047,5.755517987790789,5.744652630917025,0.6247711,5.282910472377204,5.250703749711052,0.7858124,81.54188544192142,88.35939175942438,89.45532034555353,76.89102081346962,66.59419519118049,70.13611858192776,87.9010721427461,78.05397645748079,64.00196188964092,59.37048135201391,68.05597624503227,81.863667776346,7.087122080509997,4.366337960103577,6.026152857307134,6.074729079106434,7.703763838131523,6.619875279262447,7.336596138607272,7.18629605465239,9.439729513591644,8.478636291442712,10.873141130805738,10.493941000210764
45100.0,gromacs_replicate_2,66.97277,6.200957384667396,6.223409002015661,1.6909256,5.69489147979731,5.3677250553990685,9.020523,73.19981404968571,64.49767722918136,65.6048187209642,77.68535801229437,87.73239164287155,84.2206408047915,68.87515036744996,62.32049399029003,50.62881536625373,42.80498049647225,47.800697948340016,61.42702126312166,6.828388777209129,4.231773117646569,6.050867793735397,6.222274662264228,8.058075963217464,6.977909089269737,8.10609391323985,7.00548089804974,9.11115901659547,9.416194363853801,10.736003093938287,10.212259077389602
45200.0,gromacs_replicate_2,69.09243,5.884077767203833,5.963799338585763,11.693581,4.970751618274599,4.893758307159435,7.1342163,86.86865319864954,82.93468318141608,82.01615197386995,84.67792296218387,74.29721071980237,76.39962073258164,81.49506079601781,73.54359734794744,58.68029097713835,50.05988870214405,57.70672413289954,73.2324979774888,6.918189539803366,4.276355409533121,5.946894109800051,6.344997004286855,7.839197992210222,6.949313429882529,7.1870314820680825,6.994808000697144,9.111102809249457,8.738872814419269,10.990532539489303,10.305152854002928
45300.0,gromacs_replicate_2,65.47629,5.615197889164295,5.570224809121567,9.037704,4.9745353815245315,4.911413051658342,3.6555328,80.93677434421622,88.83868135695099,87.34635536945676,79.21964791519927,67.74940362616087,69.78111579320776,88.42097591539601,77.3274858496267,63.256057680102245,59.70046547811108,69.33356921627407,83.91354290658576,6.669359197820533,4.229948075139272,5.661169785468357,6.184644105313273,8.02457953743851,7.061522791266419,7.57625342316095,7.430521800386824,9.541881050769712,8.824330355323736,11.117056798994492,10.188919455361894
45400.0,gromacs_replicate_2,76.24245,5.845393336256096,5.96853598194813,15.855179,4.923547898185883,4.811366483608889,7.3624954,89.14065705508015,80.48037104775358,79.26842953423665,88.2205438570348,77.13404048978326,78.87090838667432,79.34527211885764,69.76823561762873,54.264245652369006,48.14944127951288,57.96251842937581,72.65510687518409,7.028463395761886,4.274100497460207,5.794533564782102,5.969076550941154,8.199442178190983,6.988122909594638,8.231002794564889,7.148445711837866,9.715633539766507,8.734296602788357,10.704072693865214,9.891739714815486
45500.0,gromacs_replicate_2,69.51148,5.448987949091467,5.619140724556354,2.0475159,5.666792959564145,5.386943059264088,4.1746826,89.44861645880887,78.77879321329918,78.35604619573319,88.21433504449149,75.67659353197858,78.30556176181886,73.9298818771969,70.22608193387394,59.04761389296611,49.17233157764425,50.173030369339365,63.224670370770085,6.612166503915951,4.0950294910159375,5.9644102518095625,5.837693575398815,8.512623780541391,7.2876646024264335,8.818481766441506,7.206966534306153,9.608602667493537,8.680495501678468,11.470463840282637,10.070334452683555
45600.0,gromacs_replicate_2,63.94673,5.0987295380372615,5.444132334419388,28.520279,5.409171294813908,5.181671696187901,2.2761917,77.15486426784119,64.41679483977987,62.61267331064832,76.73613958553223,89.61298359864922,88.1193550048482,75.99465889902908,67.02189639656214,53.44471203660743,50.18102997980173,58.16710887861934,71.04678756964192,7.135840621327384,4.468373124083495,5.712557277145927,5.735941238251158,8.081910130539875,7.236255887594885,7.777668297116797,7.1969055202727334,9.276257235637011,8.410251791841183,11.598358817154061,9.912457519084857
45700.0,gromacs_replicate_2,73.74405,5.568083411848269,5.716981745834454,6.130188,5.017889943320984,4.887469161729829,16.776596,86.64569321278674,81.82851847693772,78.91159296554572,88.65672470097059,74.66006535331526,75.73469886153964,70.11947552515471,66.19975617379471,52.52625832453131,41.71485112625151,43.59497711276102,58.771701145498724,7.226929225895626,4.49712551738632,6.00434519735763,6.077287984821198,7.804815011156626,6.606083146393234,7.515552148641619,6.866271202010513,9.119298878829913,8.514667376856805,11.173085975107083,10.753603971714
45800.0,gromacs_replicate_2,66.71594,5.619951776909783,5.609530208967359,20.748352,5.051297109999819,4.780678423041441,0.25212097,82.85214092283051,86.0318970188067,83.94860589007644,84.53911106287683,73.14618427457017,73.90097594341938,74.47917951637673,63.58256350590975,50.38838221464926,47.40051161571369,56.55400575883642,69.22286529463742,7.803611468836067,4.994145972923542,5.91669337811493,6.21531977485343,7.723181483706416,6.753920901760551,7.527043208338337,6.864095473948762,8.914108445169143,8.19452896202485,10.951466598938696,9.938475204105256
45900.0,gromacs_replicate_2,54.616585,5.2566631150085135,5.4313943426238485,8.189629,5.214695088282077,4.7006221410232625,5.523712,89.18206104853316,77.99065528633335,76.77088012279596,89.64988855708656,76.92617426584705,77.34023881936689,67.40527084752578,61.06115530596381,49.500411830661186,43.76571681593342,48.30305528313192,59.786116143534,7.474020654911103,4.860972315638745,6.412455788140585,6.2363726852072086,7.668490108192873,6.68929460049752,7.742772296931076,6.970793885058565,8.96469105408451,8.44471958158842,10.208103506233407,10.213597023123876
46000.0,gromacs_replicate_2,76.37266,5.662915566880717,5.74409349141385,10.9262085,4.895709899533087,4.832634989592599,37.92601,87.76201451254798,76.79974789339629,72.78556781264125,82.0990266155235,83.19213556956997,82.51242179195629,55.49624555898333,56.030057573747115,45.44084836001607,31.709574777099213,25.562975268636155,40.45365321803668,7.143330392072459,4.431175664650345,6.0681396642236125,6.190494071856926,8.005910949792112,6.850710801984815,7.998075670515422,6.877044438376374,9.104116885236236,8.789329943309975,11.182270875946962,10.351322095030703
46100.0,gromacs_replicate_2,73.22587,5.767792446825738,5.887869875052218,6.1138535,5.081482289798657,4.917632897789219,11.512184,88.48998471525859,79.16613088953305,81.41172740780621,83.96553793665687,75.3102623479857,80.03809870850671,74.11375977871657,65.73968316929145,51.36380171530123,44.258942422532066,51.860263090739146,66.54241118366453,6.991888399993914,4.292531672022243,5.884516123706592,6.338659943128087,7.775213722461271,6.991908982920388,7.9480513561385875,7.37452876704318,9.4457543060501,8.99534734725774,10.620940651548821,10.379419483870933
46200.0,gromacs_replicate_2,73.81404,5.2593258350718495,5.528623523087309,22.590698,5.221341311535711,4.902156961393248,17.291435,77.98266674264002,67.10485931694829,68.00847746299922,83.41734310337341,85.53733930702717,89.99296461175182,59.33675302590261,55.96143191563401,43.142216240788755,33.48917456028177,35.84474115128821,48.98571443582813,6.964185628441917,4.297809131162466,5.9160905878363375,6.338347983538831,8.342603519322182,7.565944466740876,8.557076835053646,7.467829778394133,8.419824248909608,9.060659787054993,10.56661633551621,9.742267952091302
46300.0,gromacs_replicate_2,80.97554,5.90077799869181,5.942222170921478,4.19442,5.2001376008900895,5.198584074470841,22.408348,80.02215894316187,69.8953725925756,68.89563290707466,80.39045341342857,87.67510788888619,89.729230557365,73.7990899123918,71.31286182213394,58.92143668778475,46.01536076718057,45.83282696015229,61.51927534131302,7.053625424431741,4.252336975893495,6.249614901601151,6.272738396304979,8.370991658666341,6.8622189645318725,8.189884092019174,6.557878229800411,9.436428827788752,8.705369914011769,10.666906599370645,10.511563014788189
46400.0,gromacs_replicate_2,78.97019,5.997232052145788,6.130946615105664,2.614006,5.007962383088838,4.985834115240728,6.903,85.72019593053341,75.21561312237462,73.80442816686688,85.7242392420092,82.11777646936184,83.69357037320034,85.82117931325698,77.47623539161037,62.84932831924189,55.003050782433505,62.43317292727561,78.53946252070321,7.147562999405745,4.1667617769893095,5.78820774948573,5.997267057183784,8.134356300735519,6.906965192465302,8.081829495241147,6.753677125263553,9.401351841759308,8.914148410357948,11.136357470267116,10.334796917628143
46500.0,gromacs_replicate_2,85.624016,6.090321560941717,6.2697613066833675,15.24733,5.107680785567328,5.0625517076455395,26.453537,84.26906613149625,74.38645222040871,74.21561887149373,87.03824330740485,82.90454609391524,85.4951732396749,65.39212753985709,60.360334565182264,46.3795048160439,36.367715730129156,41.63457695880143,56.5694322197442,6.694403216807179,4.083076720415334,5.6849874791281625,5.842000454652885,8.202280546276919,7.148884113947641,8.274162413220187,7.106822558618745,9.556006039260303,9.263525190909494,10.86547601855601,9.989718215158963
46600.0,gromacs_replicate_2,73.39644,5.59287425211548,5.725493505205676,10.245728,5.188785896612042,4.934015045239359,11.912079,87.62222490333863,81.17568464663346,79.10134017777897,87.69538908706272,75.31704477751204,77.22835907625891,68.22397394555978,58.75217454566542,45.661934220724575,40.17710250770546,48.39555885147264,62.495273078821796,6.854641408826204,4.329707048011055,5.965638779563276,6.4592633281501755,7.704350548461327,6.867672383294481,7.961365190305134,7.52698038334061,9.182257514137843,9.08978579560647,10.750637447028923,9.661552240009081
46700.0,gromacs_replicate_2,80.55261,5.692715299539312,5.895076302702796,16.952621,4.978195685518083,4.8214278678812486,18.200523,84.45143661878738,73.70704734126966,70.60489124303541,82.36015542766366,84.76377663563349,85.50690359603776,68.49614612771012,62.30082982181654,47.67095118496704,38.34551965396485,43.53359045091233,59.12411824981471,7.084081235739624,4.764614335389301,5.576262033440725,5.811741305740604,8.17532022983817,6.769309692734793,7.747486851415223,7.156696150047063,8.90406604350323,9.128999928951233,10.912272271316446,9.428476687815161
46800.0,gromacs_replicate_2,78.16499,6.142282371821545,6.282862658863184,5.797127,5.444359900390655,5.412791206878175,19.28621,88.55695430142265,81.21880896144879,78.94844310105582,89.79152639461945,76.82290626888845,78.4955015946448,73.41039930032234,72.1544051352554,61.30158120032208,49.442671404919906,46.60173113120043,60.37572577939647,6.919503955599732,4.12741038067534,5.767450880108414,6.0379525749819285,7.969989706663644,7.057858386447686,8.237277579299912,6.908126121403447,9.820183480869543,8.46942315769437,11.019523864553243,9.893220747211544
46900.0,gromacs_replicate_2,67.075554,6.096759798896581,6.2618875466569826,6.732094,4.996004070306203,4.84801396744091,5.860901,86.13258078454902,75.46162058076081,73.77361940965571,85.3828589254524,82.39664874593969,83.60285388817073,78.2246868356389,72.3220600191446,58.65310596147565,49.44119338892096,54.47202781819793,69.10345176892355,7.136636417623553,4.47751792076821,6.097793804198505,6.176168023356693,7.883319237008371,6.700656870946869,7.219330695418871,6.810585740401525,9.516316329353373,8.907608523501771,11.104936082770523,10.12784209260348
47000.0,gromacs_replicate_2,64.94757,5.079333385382397,5.294084676152309,25.199684,5.264950005404338,4.784039729825617,7.8714905,63.16307315587026,51.78509652483605,55.07424201162144,71.42609975955995,81.59296469525009,76.4314935917907,60.87690741827924,58.45024315646808,47.27621109951516,37.343212895372865,36.814287882104786,48.79491743685737,7.19013182273531,4.581704004082572,5.887506223387169,6.2236030559562945,8.708027902138078,7.199393697193025,8.450753920302658,6.843195291274595,8.746415212099603,9.288067324364714,10.251031650983613,10.239894144321733
47100.0,gromacs_replicate_2,68.62844,5.353751453582338,5.51976445719463,12.000305,5.251078472419705,4.912635125878507,10.369705,86.83602697006451,76.04647621904198,78.13478807399966,85.60888119443148,76.37566802069912,81.20204469865064,66.13836716424075,59.577855431482064,46.672225802480256,39.273154218546175,45.85782300344308,59.49450213853703,7.478619499995834,4.927580731764386,5.873997402675958,6.511820460540662,8.034031187334802,7.248579787319192,8.10517455169429,7.45035975619801,8.359314785767731,9.086043133227141,10.275955414288614,9.485199660069862
47200.0,gromacs_replicate_2,75.26101,5.907326432513815,5.994304736586517,4.051956,5.068636145011258,4.884264459677047,9.255699,83.43425592946362,73.04919950839633,70.75684164714592,81.82790412014049,85.27362371324807,85.93175683983584,76.81029845174878,71.25869034788067,58.18532117678447,47.7425892289411,50.44127737547124,66.17521669157244,7.283212181059313,4.55353140808822,6.317478405764388,6.318988681041969,8.183521605207714,6.629472047021926,7.659119380792018,6.56508044279764,9.273920306963637,9.061439715004179,10.757679957871582,10.265117707601405
47300.0,gromacs_replicate_2,74.753746,5.260715229931247,5.499191910853226,22.749413,5.30238091640094,5.04173764917549,13.806961,70.48599763463274,59.64308831729892,60.651187035907185,76.1899408600455,86.95826820606123,82.30402631183053,65.74468088699336,59.54110618652548,46.499951304841254,39.14555813681547,44.682247926751685,57.914752932687556,7.316610518160148,4.478506684083535,5.718278842976727,6.301749207983699,8.564972582816988,7.454960607814282,8.060165982597162,7.023699709297953,9.140914139023451,8.414643549852718,10.549599350698806,9.53623285492411
47400.0,gromacs_replicate_2,74.247284,5.950976258845914,6.102985236083392,6.890442,5.3446444364261145,4.9641127755302845,15.004196,85.85197942278158,82.938046206962,80.60805633482343,88.35558833237108,74.48062416573802,75.74952378026063,61.57129461484389,57.0182935873708,44.64503690420221,34.57748380553707,38.97491243841967,52.410045475290964,7.2294732927576675,4.538783556209941,6.128821477563233,6.459161980895434,7.978210485484811,6.749719882826371,7.622508544672722,6.921405267911772,9.158663771307365,8.849680214462037,11.170606134178197,10.079911019322564
47500.0,gromacs_replicate_2,75.05875,5.718785366942772,5.852877977181099,3.5485992,5.394098644382156,5.348953934578702,5.5615997,84.19263244217275,73.87739742460028,74.22705599582736,87.54155741131477,80.87423796256806,84.75454110388033,89.21450550649783,82.5709315911413,69.86499043765632,63.1245803137835,70.19691379425906,84.32910317827147,6.9572088401701215,4.373310078721498,6.1473647878672955,6.4755308699556595,8.037011762568357,6.752233073220218,8.309994872830767,6.9843578461441975,9.694363141109289,9.371458167036907,10.327151133495043,10.029824365144007
47600.0,gromacs_replicate_2,78.1588,6.02254683374632,6.029785604589108,7.910446,5.4109167724040015,5.291627110324136,10.595352,78.8401678676011,69.20473893372478,69.49763510105245,81.40522018237127,87.52625564722078,89.29790191815812,79.67703403307735,73.27298520166381,60.31493728526755,50.732916467551696,54.93854849453865,70.26540605540258,6.747991651048601,4.181694262928429,6.3420884631877215,6.694737072691296,8.029679554426577,6.967006909601924,8.471810706143895,6.953666671247523,9.419213287360758,9.437034336845395,10.442702490754145,10.312610500530186
47700.0,gromacs_replicate_2,74.12169,5.703596507047931,5.895197084593481,13.62999,5.245192790232129,5.130488075780998,6.587303,78.2003443020425,68.1183489152003,67.50912014840503,81.22641030936498,87.64126105873312,89.23048476248923,80.71320722376356,73.08506523168376,59.217457478199975,51.895332117866914,59.083085082176666,73.14009276119182,6.95376425976338,4.545771385829927,5.865643447985433,6.005811813977294,8.315872768691339,7.102011356897481,7.789430195108097,6.614817736869207,9.38284530971143,9.340658823619997,10.213289092375508,9.475995375533913
47800.0,gromacs_replicate_2,80.52173,6.351642881178876,6.477209833162664,2.3748245,5.501295609868366,5.5464466294212205,8.0820465,87.88759755500634,78.1535827091358,78.21429395847737,89.86541970403448,78.82838727110818,81.64877171465064,87.7948019392452,81.0858114246123,67.47749709169675,59.000566276096734,65.36484909380147,79.99023046826048,6.78003734362854,4.3331974220402065,6.068432299136377,5.861274016059422,8.199615791826607,7.174570188154618,8.058688323694719,7.104990398296347,9.5626707053211,9.1202912156031,11.041043572715122,9.71425989077406
47900.0,gromacs_replicate_2,66.35411,5.774969947268604,5.910689483200044,16.698853,5.087340578298523,4.981467718189222,7.644287,89.22128298008514,79.85843649571282,78.41069305873984,89.31966422393094,77.73528958079505,79.01117999399331,88.44168022347132,79.79177573413656,65.37980874740703,60.11998842061608,66.76014632157919,80.98427411225448,7.152547235657458,4.634983383658422,6.017399195652753,6.2866904891056,8.32114174981734,6.892115441649528,7.603629205017705,6.654252207660121,9.378691017629535,8.808302122546126,10.969257278242642,9.862395515639255
48000.0,gromacs_replicate_2,75.40206,6.40727764267085,6.521545000805805,4.4291153,5.310167120770253,5.336501591721643,11.800201,82.83515341721282,86.60711571857141,82.53569369277963,88.90021021709858,75.05989562138078,73.83329058850566,85.07539433856883,81.44481937553986,68.65633033753798,57.059431841414614,58.14166652202219,73.93735387921328,7.352840454518583,4.506192938645813,5.714970325750761,5.60962462842992,8.359498847817664,7.037203083638073,7.730688781113598,6.555206469820132,9.260753286153783,9.596663312428634,11.505802821377841,9.400514666672487
48100.0,gromacs_replicate_2,76.16686,6.003665639905028,6.068693023624998,1.9186935,5.268762262301589,5.233687807918745,10.899796,82.21201797967751,71.78890332555629,68.42069075467761,79.6646831629631,87.32496973685029,88.00189885982591,82.8491539493879,76.4994971706475,62.96584435812043,52.96990428352041,57.342948827581395,73.73903593622467,6.64020208231359,4.286384116639401,6.247424546121164,6.3425872373475265,8.34560128895506,6.826790388641071,7.1309281397904165,6.802232137351288,9.857914206875458,8.989517573509662,11.1420640598975,10.042468643897129
48200.0,gromacs_replicate_2,68.16247,5.768351847516943,5.923069635958623,8.543114,5.308563750961609,5.1541012182270105,14.83564,83.50631905686548,72.44529307931178,69.33422562575058,80.395408507363,86.17361153515928,86.42643956108716,71.57916596155125,68.0458298788879,55.37814164683603,44.44694378090695,45.648506046582064,59.961558043681805,7.352827125020246,4.634758326986986,6.201209666723717,6.284232714144559,8.252165581217302,7.167138910125141,7.842288331299478,6.472601929001726,9.067857979074267,9.596727436227617,10.714056570848337,9.784995160758806
48300.0,gromacs_replicate_2,80.26932,6.28859572640983,6.247516679720583,6.402809,4.982532522969982,4.975844221628789,17.974861,77.11217982856124,87.48125009955059,88.69188723206952,81.72209271457464,68.68875037858203,68.68834050951665,75.61196317725263,71.93999274811901,57.669025857696795,45.66787152189097,49.778754435935596,65.0635726579169,6.837550460321632,4.268942712964735,5.949321033029422,6.468669428581244,7.970532770546531,6.890736421049156,7.2922812637624395,6.5926320679437715,9.470183695833157,8.602932074989946,11.222872171501376,10.2443344074007
48400.0,gromacs_replicate_2,79.263336,6.184644105483913,6.33214680788079,14.015419,4.994460775416089,5.146343537786191,12.525772,87.24934969223324,81.54717465873769,75.39470784327114,83.19190671116908,82.86893313041347,79.85546267834148,76.49574085160975,86.71550679710299,78.63938256986778,73.34298462985308,82.60583425253384,82.03352481828861,6.655085776258489,4.504638486872193,5.9211795855065885,5.953343286508169,8.965905560309185,7.163734378777197,7.238095316582984,6.904315147117226,9.157791279766675,9.075445503787881,11.007764608705441,9.683664238421441
48500.0,gromacs_replicate_2,79.81317,6.121453533394351,6.268520238539477,13.02578,5.0866870404950655,5.173673618482,0.6836548,82.93328320161332,71.84445506340603,67.11143077282343,76.2861438892728,89.82380857607264,88.68637719977266,84.81395750643854,85.59308527264257,71.25638539480347,63.98132245236284,73.24500777139198,89.16283010271596,6.4974289922158235,4.19494974012055,6.119673424399291,6.414818054056193,8.420861117566709,7.044619296566978,7.273076721933953,6.790110535424238,9.628176989129342,9.063223266671262,11.265514324185544,10.012401001617288
48600.0,gromacs_replicate_2,75.37873,6.004285346334287,6.2832701338157335,27.561401,4.986975256987276,4.840132991558621,12.461494,83.95675497388578,72.60031194569157,67.46088027275052,75.6309148137935,89.51482124650168,89.07935676939691,73.48909144292831,65.87070099566132,50.92518348533441,43.15160756211633,50.99925381716571,65.9763399975121,7.076135522341478,4.429667635136614,6.112492758600555,6.448758713948992,7.914342270517472,6.73447323938728,7.469603949958097,6.961906560592498,9.086189953308123,8.8866701655156,10.799209739822603,10.066702482655455
48700.0,gromacs_replicate_2,78.572525,6.0313368022748035,6.213054973671886,13.118637,5.436056327287325,5.33893039259661,22.044762,88.0514230506775,76.90411884074175,71.53864831420007,79.16373502072086,86.1140656121897,83.9581052106966,69.80770903302317,65.26841804720334,52.78834293593452,41.6596752109353,44.71131905845975,59.862596953761624,6.701513245947656,4.004149204188988,6.01337237556432,6.0668448059115265,7.939897710221004,6.655999227537957,7.391604315097896,6.794212935590871,9.865352080655253,9.088531295994084,10.774239087129011,10.195830920657059
48800.0,gromacs_replicate_2,67.329735,5.572702446129198,5.73393519224078,11.2434845,5.278585788052625,4.97263564453117,3.3794632,89.27359399149876,78.20502224848373,70.02276766337471,75.92583954239409,88.09430316310635,82.24704820186096,73.48380061038026,66.78498627878548,53.97744308163183,46.554940408544226,51.59710066576424,65.31872559210196,6.738035933682788,4.2215365242949945,5.929876438249268,6.25487356131664,7.931545008176214,6.858087767542929,7.9616301248761685,6.964515144249167,9.288173073650565,8.877451884735255,10.976449807808025,9.749643365320843
48900.0,gromacs_replicate_2,73.02269,5.708414053058126,5.852556324954509,26.214088,5.029137532030283,5.049148623274537,10.549118,82.53567041230274,86.94469834578425,77.39590287969182,79.59053559492779,87.0182266918231,79.22542015387654,83.28236957898311,78.24812712634356,63.41915412999966,53.398067893246896,58.54578036106218,73.40910466718805,6.922164658046953,4.173562922261704,5.819591614699009,6.05690231790567,8.18227077578481,6.771296409112698,7.381034181200984,6.5441612244074845,9.453925859394467,9.374786004324092,11.130433601485695,9.64159755316307
49000.0,gromacs_replicate_2,74.4597,5.874124368039406,6.083618016184011,20.08142,5.168238259381207,5.144039887817825,5.1495743,87.15776100803042,75.67444127846748,69.04007891139388,76.4415430519939,88.93451595793456,85.53888357318132,84.97566551192071,75.9548356456163,61.598597382144064,55.8920436858914,64.68197684830331,79.23442410971889,6.8616291937913125,4.311002251160893,5.886284986273918,6.423584665547713,8.466952380560432,7.128795408192906,7.907424671406556,6.683310076310814,9.6765527884059,8.680974279129215,11.11465242216307,9.727999642885166
49100.0,gromacs_replicate_2,72.25502,5.83300234715181,6.052416544834746,19.619888,5.310083335452368,5.214979025514707,3.204216,89.2521863547964,77.35311795282463,70.91200763623588,79.15976342353665,86.9789504270808,83.7270992655141,83.71266067324609,74.56858170805367,60.77371575408111,54.91505042579358,63.41690550604715,77.87674971796564,6.724590653360301,4.160333652586135,5.872821167703867,5.999217438384097,7.669083967672903,6.806312713376395,7.2819732705466045,7.1965207882128075,9.680356882042846,8.646450084945966,10.958764588652294,10.043420935615636
49200.0,gromacs_replicate_2,79.30469,5.978419472154201,5.687448326982848,8.749947,4.786377148427072,4.631517597061155,17.028633,70.62051477181292,81.03947894673853,82.28215016604368,71.0585721785049,60.54706139768995,61.60616854467412,67.0650465185825,66.09755374903504,52.65003559774491,39.795822135566425,41.649699952152844,55.585235605479426,7.40484679488776,4.998296804326719,6.39407052768751,6.6187011103001465,8.05570317424469,7.03704002824079,7.883027388076975,6.737172314776761,9.161013470747662,8.521634309988585,10.542445575021107,9.922389086453583
49300.0,gromacs_replicate_2,65.293465,5.520953487080053,5.669325074922879,5.659935,5.030433645751704,4.772294280380829,16.823471,88.38297016819679,79.84704680395332,77.34247864566805,88.76612189646596,77.39721844698356,77.84590570987817,64.73350511202271,61.12929505089902,48.77574852260211,37.24754818594555,38.60505455517917,52.731782538941914,7.475575687910955,4.689317198141056,6.114219110501009,6.294758008491931,8.209004632938447,7.055016860886972,7.551490924028862,6.925688912623137,9.059237440575648,8.734729097639958,10.719741703056185,9.771682365771202
49400.0,gromacs_replicate_2,84.01813,5.889582091621933,6.033704287643297,12.056313,5.182417176317647,5.249225970135051,0.23753357,83.37735623882448,71.91301616143042,66.4317005975708,75.83573024405824,89.00755317715165,87.77544975347415,85.37461654887794,86.23208850144258,72.61604427560218,64.84166323797348,72.3051833064531,87.92721089611118,6.907746696679633,4.620115348567544,6.208916896928798,6.518007397878411,8.527952407811751,6.8153149932853,7.5713881889947965,6.772967444985152,9.190504449893728,9.331815233661503,10.633870669732985,9.654845991276108
49500.0,gromacs_replicate_2,78.56094,5.964352153596384,6.003241024476354,13.078712,5.0095239284669395,4.902389900476386,18.924232,77.75485571087529,89.37486637652398,83.53332576815646,88.58707839576155,76.48975436101219,71.65271573287363,72.99111003064519,66.56411750616915,53.05388478864921,42.94719700717553,47.675521020781005,64.21033783330378,6.909886503103626,4.311105875672721,5.733640792280659,5.9278685689413555,9.328952221378726,7.39633156368872,7.923001163870489,6.539007774360282,9.012592831078527,9.332425327071785,11.00649233490298,9.074684287458904
49600.0,gromacs_replicate_2,71.80732,5.665067152514094,5.799156202379639,19.674965,5.177306437591796,4.922853688692118,9.38591,78.49511535316935,66.5537864686758,58.86194730237245,65.51308420971635,81.65769365129962,86.33964641214766,70.6667515449327,64.19231294363746,50.953786033124885,43.09009050686021,48.71003747194549,63.48874761464564,6.708473616237412,4.282644014665054,6.114830082844192,6.47623197110992,7.859413920562797,6.75185812619407,7.770385089038492,7.274468212471074,9.039869472044842,9.188872454851735,10.604359484717113,9.629249589771874
49700.0,gromacs_replicate_2,76.39012,5.110848899410664,5.183648967368086,28.339249,5.259748233831098,4.976698579226297,10.364937,66.79133726293422,53.950969031948006,44.705016019750474,52.3075319622103,69.96887260086594,75.09323960547329,69.11110298055004,62.61412405375615,49.75132205565999,42.012450471333224,45.80360751897375,60.93903044818147,6.7729299239684355,4.299735971722897,5.688299570226191,6.044315543814453,8.794943676082037,7.049472239875323,8.109493798023074,6.84154407607057,8.800375128188058,9.366269876651504,10.877321887986296,9.299545882154959
49800.0,gromacs_replicate_2,76.863945,5.524862441118172,5.712259992847884,25.563286,4.936799404945466,4.928157527587683,9.968033,86.86194412237904,81.71208645962733,73.47599092779816,79.24632962614092,86.03051819984597,80.73222860727563,83.08314476509477,76.45532829620642,61.38494376669498,51.89116994923305,57.7839448592273,72.9505363913023,7.124707933503063,4.670376143967873,5.956064968391515,5.908194343624334,8.510146329984579,7.173282687194102,8.023641385580474,6.632189954967902,9.120458907715722,9.134177936794325,11.290954194945696,10.079853908861727
49900.0,gromacs_replicate_2,79.11242,5.857122058089233,6.0406246419665885,19.24649,5.115952677745377,4.9088948045702265,8.662109,87.98578069352467,76.69512528759718,68.27731502374345,72.51558830951116,88.31224988795138,85.79054402763799,74.53812484623155,66.7699558237372,53.22758582947514,45.221771871594015,51.34377744176051,67.26937619472842,6.7634419562773385,4.248268995974904,5.895048749677139,6.244257602345918,8.670264351976062,7.015431195418151,7.19832577646286,6.733589023088159,8.611291531272656,9.198395942468103,10.255122107748724,9.626595643259586
50000.0,gromacs_replicate_2,83.61432,5.437906008495057,5.611680474642182,20.761765,5.2076824692300265,5.160196827924269,16.81031,79.16097345959486,67.10251358745688,59.97513884104351,68.98653587180993,85.32949483384658,88.29124839122929,75.57679460764237,69.3552794783895,55.851096280016456,46.11768870792424,52.17111071679291,67.45517050027617,6.661598312367821,4.375254338440268,5.756446962508368,6.023320628421464,8.769425397118187,7.514531764806771,8.154790921014829,6.920797452819466,8.773041056204498,9.237153704469211,10.710963817658328,8.95845077979866
50100.0,gromacs_replicate_2,70.89255,5.617529002376246,5.782125547167548,8.658112,5.338900436023924,5.089347472571782,0.5855026,88.21740551560474,79.2237905045872,73.60420727863523,82.79059947779476,82.57323181305013,79.30747823430784,77.36668907613353,68.32511531843012,55.42916780240214,50.571245407744385,58.67836373472909,71.99150573870129,7.1052557816114685,4.506688960723416,6.066997953956128,6.374398407575926,8.272716998475817,6.964013588154775,8.160572639969985,7.212573488484761,9.277097986869313,9.262377300563172,10.967143590993823,10.11848848809818
50200.0,gromacs_replicate_2,61.007904,5.109609819962914,5.149298356746205,10.394852,5.248014871641193,4.790901471747214,3.9828033,73.59800392259382,60.59464673951864,55.7929166372269,66.89349763523974,82.62320895229395,84.2390968877293,64.6768190119197,60.43375481354844,48.336678172627366,39.205194850778916,43.5952119997971,56.394082690181605,6.910290401481684,4.02537944635316,6.141689563525529,6.515185528464996,8.454958158229132,7.176322496330965,7.9851280811750085,6.937607252354988,8.987898816640735,9.297806860547345,10.707430655723808,8.78785310829545
50300.0,gromacs_replicate_2,74.53885,5.584608942406503,5.750326787794117,13.209137,5.278210361666794,5.045094043969693,4.0853195,77.31428639863748,65.24048206637565,63.21826213824527,76.0198585767402,89.59919817992684,88.20611204268619,76.36459323705436,69.25535559471842,55.90795124684297,49.00545056318122,55.04249050995416,69.02954334911186,6.735134401932458,4.469017975049474,5.95949781167383,6.6965806831596835,8.31043322667082,7.316592375394292,8.100367920914271,7.339138750734226,8.775882591411845,9.326093578977137,9.65471763402013,8.714217261791807
50400.0,gromacs_replicate_2,69.62696,5.913502507495396,6.054727799298787,8.221947,5.404555116429157,5.317756152420807,8.625389,84.42136471352286,84.58420582696833,83.652110397651,84.95944239903226,72.94125932012003,73.45757166514854,89.7374205019418,80.95858406754529,68.12887872927777,62.868342417311986,71.74450941323119,86.06012423758675,6.944309454695012,4.245657645431964,6.438348876260899,6.416708659161144,8.4292194462421,7.159676362010295,8.017797901229287,6.642009283470071,9.496788029668561,8.646931995619862,10.46318315501644,9.936619327190192
50500.0,gromacs_replicate_2,70.75555,6.296363355147484,6.438837474659026,12.936119,5.5224249263721585,5.495204545365634,10.314178,77.03747574802668,66.20852076121872,63.838071498472246,74.86094574673098,86.68285976254951,86.68999250972799,86.18275015234765,84.68884479705414,71.64939171244635,66.75777437382334,74.83517246999077,87.92296785622948,6.701302591375934,3.9707241052223834,5.925078553374883,6.055884826592491,8.214060797020053,7.044470137700786,7.463001861489272,6.911103938635288,9.72524396603741,9.190386864475744,10.268906607769036,9.41061229218045
50600.0,gromacs_replicate_2,82.5764,5.374113815965679,5.579201394712367,20.60453,5.112191622032239,5.065521079790409,8.286659,89.58907173308128,78.58649235921318,70.09941294833072,76.56928969883032,86.50683972692183,82.19232512240572,83.48455523852772,75.1625614567364,61.02609769154277,52.99543667365065,60.69778836639031,76.57364106510775,6.845774044290858,4.082811064944017,6.073569248764983,6.06597542966597,8.116300098919588,6.968025352193399,7.561138982418026,6.871413382406851,9.101532030545032,9.133090013878403,10.45418045901973,9.635489381894086
50700.0,gromacs_replicate_2,74.57427,5.553270431678717,5.702877265559819,12.092308,5.25794344841298,5.0626192675798345,6.812752,80.35788502888447,68.11496670730165,63.9217402818267,74.91506231034396,89.29180433622895,89.20786919729106,75.43094281192002,71.14487935723521,58.66945642022707,48.442060645325434,50.05176932073363,63.88190243591334,6.931817402817644,4.732399601024708,5.797072981344001,6.170001078192356,8.421608564564742,7.259927267077807,8.058913160751008,6.89390088944819,8.825925562485034,8.94613006377766,9.665623909286778,8.86102545579801
50800.0,gromacs_replicate_2,77.091965,6.0889484934685365,6.158138809712124,9.396751,4.996644881279723,5.023909930863465,5.1340637,81.14102278011738,87.84796279430061,81.88745814933871,89.45489684730727,76.67325879092664,73.1254892352702,85.46657444984771,86.36440160885581,71.81618663037013,63.67759537543322,71.39194120062245,86.82033951414427,6.8854723467979495,4.293587974055975,5.914245651000771,6.347624280759983,8.137949026256615,6.876103944320402,8.063924748030205,6.654905306232703,9.528106725100628,9.203109854394738,10.8775037959268,9.489181115693404
50900.0,gromacs_replicate_2,77.23425,6.100105281533684,6.307891547110923,19.025772,5.255358836286052,5.2444540511189315,3.651535,85.7055591777795,75.31004558948676,73.67107766590921,85.49131407185227,83.2219003062357,85.39873360069016,87.10100651080595,80.78019806853501,66.20858319964707,57.246582350688655,63.18973838734487,78.0418730456521,7.10481100813639,4.267492667750376,6.250459652249815,6.173036877893591,8.059165022014792,6.783689174550119,7.561957868541647,6.955165808660513,9.745272978618644,9.128427433687158,11.074129014494112,10.083152360450086
51000.0,gromacs_replicate_2,72.2764,5.532625959041363,5.7298872294286545,13.422974,5.573954866974983,5.368692482878716,10.144051,85.26437734919979,73.12782300881456,70.88466671064786,83.76340565834249,83.30213636037222,84.2563646913865,72.74890682039205,67.94864697020762,55.31833791106271,45.90899486218929,50.61055540422513,64.0977048186719,6.8985558394822295,4.273676354866206,5.827580134583253,5.906161041420829,8.538521063007337,7.391354907944178,8.349464090277367,7.128196612535367,9.35534504452716,9.170679932689074,10.500414086662976,9.607853631052103
51100.0,gromacs_replicate_2,80.39042,6.645959208226745,6.88321283959792,25.827309,5.213281344318809,5.29291308669604,13.725258,82.44639081306183,72.46319834714555,66.80164905915122,73.95352871070413,86.38617835853971,89.1688663641981,86.1961270797228,78.73302158753289,63.354588565262326,55.09579028552712,62.84152446873327,78.62681561992673,6.640119653519228,4.151744538458664,5.9333008257933315,6.231370597518349,8.1614432748177,6.9070372401213245,7.108644235749235,7.086186521913079,9.464710149840492,9.163633436862437,10.895175042126677,9.49549953065177
51200.0,gromacs_replicate_2,73.59818,6.066226228316111,6.226103691101021,12.987602,5.1940545342255,5.228064251548788,8.725288,78.26672786149034,67.60492780043337,65.7749466748747,78.38926540888576,89.9734252306773,88.17209465321305,83.1805556728401,87.26783945148905,72.61173324345734,68.02913450812,76.81542094056773,89.05570218789727,6.9480401402951175,4.21279071544767,5.978492234143216,6.293691390148029,7.873421243832585,6.766908095998482,7.130384508637055,7.0849665769881405,9.447412730262448,8.675552129567256,10.717466759270302,9.95149648760861
51300.0,gromacs_replicate_2,80.46356,5.957315405548033,6.1173903891639085,18.579834,5.410367898735853,5.361690210418519,4.1592865,88.34860839018394,77.80631762778211,76.24029392759668,88.36740593446555,80.74217030328131,81.86570447771093,83.91114941844125,75.84435405018111,61.406661936726415,56.198988831409494,64.23576517471315,77.35288372013439,7.03048574913177,4.572384542125429,5.714757627086957,6.051389488384434,8.075999574561873,7.19165503618865,7.7901535759292555,7.274805741253614,9.515735017957597,8.72473480517228,10.88822456921029,9.609763434919136
51400.0,gromacs_replicate_2,84.28695,5.73872988394915,5.931532239980942,11.4535675,4.982801187859754,4.961574339990241,1.711647,83.18982230440203,72.56448346408929,72.64625678236688,87.2049318884557,81.91851688520468,85.70648090375018,87.73844967542993,79.12997234440415,63.74618876047035,57.48822167016762,65.15472127590816,80.5050180252334,6.627025788143124,4.325938136845292,5.797214516800168,6.233882219949787,8.21134719966806,6.925158471348762,7.531745477026137,6.698943014018259,9.317635439941084,9.15781862530004,9.699428011117023,9.634010382552368
51500.0,gromacs_replicate_2,85.66699,5.4609073703662165,5.332716196898272,2.8659286,5.588418635692993,5.49396187461726,7.2294083,66.18886242781625,54.81988846836474,53.78511670174172,66.64876591836735,80.03438739909046,77.59820869473737,80.81730006905235,76.01733776062598,63.793511801556946,53.988769107989924,56.671941773068276,70.8561903540345,6.655492652067857,4.3314781099689394,6.463191801111488,6.843470437812948,7.861043444586324,6.96653218076657,8.373152944816571,7.330169306747721,9.328036058630001,9.25806189253558,10.340076840842091,9.314855320032608
51600.0,gromacs_replicate_2,68.07343,5.519833189540163,5.848550488119304,29.319916,5.127681615332176,4.761536883006702,8.373955,74.93220870279163,63.76904937208047,60.556005899749486,74.42425015452842,87.16905162380242,85.68496086880087,64.37916864906256,53.89243028618883,42.15971326779759,38.683188638314945,47.308795958978884,60.43338301811011,7.1581958023740375,4.726341771322418,6.030434920910614,6.684172190019134,7.843267233126632,7.158632481707211,7.943564464262251,7.716052504239514,8.939572347290426,9.45957287495158,9.901339074207439,8.908391186993056
51700.0,gromacs_replicate_2,78.99344,5.799784921257272,5.992387992432001,14.767082,5.164365293082524,5.111938396359542,8.269432,81.41135198617576,69.88370602602878,65.5148953782856,76.0405102122929,89.46224911055435,89.49293616552848,82.93953633195441,74.02602495633889,60.45328736302852,53.36149677680099,60.83445540838526,76.6735617372722,6.8182457579417965,4.420706317696105,6.235128238002646,6.762661640382603,8.266751480932932,7.120448760332497,7.901217683397001,6.9507883783583635,9.387389308517992,9.441390332911118,10.506984862197427,9.205862834660183
51800.0,gromacs_replicate_2,76.44596,5.762002178031227,5.611691896480477,3.729042,6.0491355396412985,5.829720469587832,16.016266,66.21966289676635,55.44686831494142,53.83231701709901,64.7457499759104,77.5409462369138,77.02753795176181,69.52466810126127,65.78957605312517,54.7160330626989,44.747993401258,45.824187341650045,59.78790217908366,6.416342739250895,4.212904479104424,5.880496199367349,6.184202069726406,8.623306323690343,7.4195044394119,8.643644260082443,7.138148956373301,8.870828908651058,9.791511301557305,10.14760132544288,8.378974662691826
51900.0,gromacs_replicate_2,75.239624,6.205332780645145,6.2957203678213425,5.4203873,5.216438953203845,5.200484031778799,9.131149,84.7582850133417,84.30712566462493,80.28419471071817,89.06856431894379,75.96946873109306,75.87922090927611,83.4416116863781,76.956884559637,61.70217332233556,53.91513753181885,61.133520149472844,76.03956714613524,6.880563952879874,4.385894263450678,6.2858735399686765,6.68902592305146,7.649406876958382,7.019929153464974,8.053495132182626,7.229394123174032,9.554367195220456,9.261472608942652,10.809542359554817,9.878407857281564
52000.0,gromacs_replicate_2,70.68185,5.686734219625748,5.815968813489218,1.1647644,5.507031541913215,5.46332477741719,12.027222,85.83927928823378,74.34981459382419,71.05898550860611,82.27384047392043,84.07584446275592,83.739593107542,86.28031965974925,86.45761493307646,73.63416825800165,66.85609558662674,73.33003085401145,87.21764575209832,6.913928257532914,4.328511262198146,6.369383596794735,6.786710943438409,8.341253134027351,6.572234695149327,7.705134311256214,6.655467371237864,8.875988352627024,9.976070697815013,10.238589428754434,9.235433971461369
52100.0,gromacs_replicate_2,77.22581,5.725159786026714,5.8637792859370315,6.919174,5.235545191419935,5.1100617989032155,2.8682404,85.27295296500185,73.33565789836793,69.27545479622756,79.64254616657425,86.22297325977111,85.60930550515579,81.78516865422188,75.82108379104145,62.03596581801305,53.939024114114545,58.48186097942985,73.18383764695841,6.825519158855957,4.137336141253958,5.987012581677696,6.015598192183327,8.25734508886308,6.938636643670431,7.695319263380383,6.787787569436804,9.432418252393317,9.638095459541326,10.500530977562589,8.987690069077214
52200.0,gromacs_replicate_2,76.536644,5.881921481521852,5.978915973979084,11.00145,4.99309931759074,5.053299024629023,0.67798615,74.55139146953262,63.200564317301605,60.206396591299104,72.4929548311169,85.66922916286065,84.87655729919804,85.443532326024,85.6708330441257,71.09977600738677,64.0750909318247,71.55424938783528,87.84301510077995,7.314067668024435,4.760978506589499,5.997886611470629,5.894507194270358,8.355270149461635,6.632251142151682,7.367902588999783,6.648312622909589,9.10025151774294,9.5151916466927,10.449140648103521,9.74579613364715
52300.0,gromacs_replicate_2,79.53127,6.106471357560598,6.186846868389693,12.009872,5.2001663766955115,5.112991183046378,4.8700943,73.61974733074474,62.7631814860239,59.378764946293714,70.64226413581393,83.49971015371206,83.00923650927116,84.23118705053308,75.66212244659758,62.15806311241144,54.29937597263798,61.857733742272586,76.80565871839869,6.789782042499668,4.238052140663574,6.26032686969245,6.442214833355742,8.24560788838468,6.83930391305833,7.961347945890245,6.814309812419869,9.374136144299534,9.781689369702303,10.46632913639522,9.581018028580546
52400.0,gromacs_replicate_2,79.55105,6.139868570615918,6.282884160269944,15.28997,5.655451358962229,5.555860064809858,19.855232,86.02280559615161,83.77991639867672,80.01633270839747,89.51031028074438,76.86721115180741,76.66679146734224,72.46598432741828,69.60366086252961,58.278100309759964,47.29441795189762,46.877417783502395,61.12309375855811,6.621264646534746,4.065179441787092,6.094658456622672,6.229947820841208,8.16116553674032,6.896361193953304,7.891622175641376,6.736943603688047,9.610821582712456,9.108763367268585,10.798413513823133,9.858487227052931
52500.0,gromacs_replicate_2,70.364395,5.9236682163689185,6.061240583153968,5.1401596,5.306778097101137,5.2504212453036425,2.670578,89.21204475145622,79.76386989379536,78.21433336887563,89.3617534484948,77.80057566965786,78.82506711889398,89.03765255481258,80.33167458947455,66.72198284133985,60.87758993547235,68.53788458459987,82.40233010461603,6.927326906079117,4.403193034775314,6.100120157800939,6.174633464621445,8.241655884212518,7.056573389998227,7.731968228529538,6.641956956861539,9.45342323347063,9.412628106453738,10.378274112580286,9.831309346105453
52600.0,gromacs_replicate_2,67.047966,5.497218318164744,5.4844720889304535,0.9779968,5.5248652510462115,5.24185654323335,6.2408447,71.45925983834974,60.73731620659607,61.93069831148577,74.04710707044164,86.26455341509994,83.4663319443865,73.50349626200267,68.69902332285393,57.32733776470888,46.6749081566172,49.1624022925783,63.70046560175498,6.786637209747071,4.0587966414192795,6.189738815847324,5.923271837259691,8.270709663648201,7.1450181908832855,8.2833583629371,6.983198203608942,9.095416232123052,9.368704946118704,10.21030095854179,9.40357922839785
52700.0,gromacs_replicate_2,74.84211,5.457982938744393,5.710022024278751,21.001991,4.931056818363909,4.853302218426311,1.6587524,79.15674979461659,67.33717894253789,63.829122764727046,77.60565654974387,89.4116053549056,89.64847474717229,84.58737254704555,73.98920564884303,59.433322692622866,55.6426955389942,65.08418417207601,78.97063220413133,7.137111481992721,4.5713963325279146,6.150992844960583,6.298924577133268,8.060332284909421,6.946912629235398,7.45792762414685,7.04987342449301,8.982372030064921,9.330083385304617,10.092814509102283,9.435627189727104
52800.0,gromacs_replicate_2,77.79493,6.062142961049688,6.067113822218057,9.366867,5.173076308513475,5.0901995500416115,7.4554367,69.26700097993516,58.588976728290554,56.85735019536149,69.06533216972957,81.12922550305649,78.9336576760951,81.82072837691494,74.0525035375986,59.94111803826434,52.9801046360258,60.80154320400282,76.19619776444046,6.71511364080865,4.033999788626166,5.8724637444787,5.983891585330173,8.770453481528756,7.196704164266722,7.664458050324208,6.907237503288423,8.976966252599393,9.539699159373955,10.699515833600202,9.679623531660463
52900.0,gromacs_replicate_2,74.66221,5.348154649326638,5.427466768321007,1.0504074,5.479827086032653,5.336958020066381,1.5341034,80.69396805499613,68.55999073258617,65.17547193875868,77.1859625314811,88.10607165382692,87.80124210078006,84.41566206268297,78.45656632560582,65.47247546814683,57.756828771307525,61.091770819813874,75.21721325151871,6.971121480544721,4.610888825920852,6.160623123418434,6.248066817328588,8.793916224824011,7.043336782129025,7.82465860167513,6.867355331374471,8.970145071837267,9.393997489679606,10.37084428073028,9.005641104579881
53000.0,gromacs_replicate_2,73.2461,6.418380242745619,6.451963573712011,3.977745,5.0974352429468075,5.285531045097413,15.659691,80.17633207908072,89.30036469030883,85.9058891570488,84.93705849379153,72.35755732988599,71.09018191693114,73.19358061890168,83.3354291681387,82.80170639878224,77.74675802144888,86.18818723175254,78.47899695959677,6.89683603767043,4.274854162828995,5.9436217957619935,6.478189964698091,8.347115473297375,7.066357892456518,8.294685460508424,6.905505554124855,9.25241862831663,9.29224645612442,10.487172799533957,9.595735417161917
53100.0,gromacs_replicate_2,82.37646,5.890463329069432,6.063583179924,15.880661,4.910523523087375,4.9168889346838105,21.848648,88.98111116798312,77.7386688363179,72.9351124227531,82.06500904956215,83.85664140466739,82.15441215567054,71.55212756012848,69.86663707936114,56.54900948003224,43.76865514708503,44.30641531157615,59.639153862363166,6.883293180861322,4.178976260411362,5.951533345765784,6.566568091626579,8.128938828989956,7.080941437972784,7.312766623862014,6.992236154309363,9.495561476215078,8.866727430518088,10.350771555668784,9.640718417084573
53200.0,gromacs_replicate_2,75.207664,5.734478583945296,5.964571982145143,18.966278,4.983382181262948,4.924173228498262,4.1280136,80.68192202255983,69.67988281696977,67.43587560546823,80.15806490677798,87.75672981571604,89.23140843820751,84.03117214978694,77.96893485882136,63.522396293282526,54.11183479264238,59.25309313387042,74.17573501961964,6.885476165993419,4.263746218470338,5.809500377094695,6.0645465200774185,8.87794655896965,7.16969180986297,7.684600429508805,6.908403532048898,9.389826415071832,9.199081705488908,10.319322041908517,9.287523782492848
53300.0,gromacs_replicate_2,65.53933,6.338444150341582,6.366906497697209,10.760521,5.310233532344773,5.170512974575963,2.2602158,82.74148867915812,86.61423070780869,83.95350478886961,86.2626812003595,74.65656416291364,74.17327354186975,81.90808489351934,75.1030338370642,61.52946551476318,53.28258998296616,58.66491606733463,72.88776518938975,7.398219893033647,4.70271920150558,6.201509287445231,6.04482384082288,7.797789943191661,6.752931733230645,6.829888142065694,6.868073432581338,9.650804735260795,9.473542071822033,10.638834973896387,9.865736341433502
53400.0,gromacs_replicate_2,73.230606,5.664785961198729,5.800625190906214,1.4990845,5.2434597328776045,4.927742409878556,12.956612,87.71017733576254,75.8744038140231,72.35742464667267,81.96403097330501,83.38109425615201,82.05373669435768,65.92864126242243,60.47831808576298,47.87668582951021,38.36814875122462,41.992242259539125,56.33841919692081,6.74573285627152,4.287182954994503,6.206956722236146,6.484052858572709,8.243235519612371,7.034225935767496,7.653669663591604,7.058592218340154,9.37295088779876,9.149815288332807,10.010313405202053,9.371815424792725
53500.0,gromacs_replicate_2,71.230675,5.624505862313228,5.750403938947389,3.497406,5.307082712200995,5.140298010483416,4.340439,83.02053359441464,71.35374205139165,68.227244313116,80.0917946480101,86.22131634847294,86.64621947272177,85.22716224111312,77.83925135306073,64.49078933388621,57.37336885429205,63.60837472946172,77.53041481870974,6.8127402575915745,4.081006995800138,6.044325800627784,6.1793641530685495,8.225118018882899,6.961218407892402,7.909015302113364,6.97050490601674,9.115668903638731,9.449106033112523,10.676090989957522,9.205725817909562
53600.0,gromacs_replicate_2,76.16625,6.25366810598828,6.381278665969837,2.333603,5.091814962274179,5.143060026822209,0.26358795,89.72889512004237,79.89900518747609,76.96954494898488,87.38259991206662,79.55323574298563,79.7634412042904,86.03486623543262,86.44641842486988,72.50859890666796,63.89331838989483,69.43968015796115,86.20821717133971,6.811799150385845,4.171148279465261,6.12578736281771,6.353839762460756,8.372753964902872,6.8687810442458215,7.357221668426082,6.619841729476635,9.153643558785934,9.715827205800704,10.977599924261513,9.668564901684205
53700.0,gromacs_replicate_2,77.6673,5.753270490833662,5.83656978163201,2.311287,5.339996214242142,5.1631427162231365,18.150589,80.08600896678885,88.72050934369466,83.96451498605377,86.47614599028213,71.91885148343769,70.39249943827917,65.58460620323386,65.4521756384312,54.799401937908414,42.53728025413733,40.517628533628475,51.96296417645197,6.942672173955495,4.338502961566338,6.136790133049992,6.471653511148238,8.738908495345262,7.0461193344995845,8.180315698058143,6.744364611332923,9.447304329639131,9.014651906678722,10.262281863754726,9.398832808454511
53800.0,gromacs_replicate_2,69.44671,5.970223260862188,6.126092123051745,13.391281,5.4421830179582935,5.244613086384428,4.459839,78.46041444716666,67.52072211940062,64.06216521040747,75.57622108772895,88.25466977816409,87.92599253434496,77.88065347929975,71.19871248718819,57.716243919128026,51.103352527739084,56.56595860585821,70.13375614299159,6.852183255407887,4.249531551394927,5.853133605314485,6.171393231322078,8.033783228663374,7.026974620630086,7.570548149677115,7.122432200701098,9.428711522216586,8.908701747196814,10.0899124271021,9.210575166092953
53900.0,gromacs_replicate_2,81.98902,6.299030945260577,6.447587433083426,7.3958435,5.407191861272108,5.380801767874845,15.386734,81.1143154785216,70.71147698046958,69.85795185081548,82.64667354938791,86.28075963380971,88.7431425317319,76.5283355136614,73.14810582350663,60.10436170267073,48.86716197656771,51.25762939409256,65.71379739070964,6.867416157717376,4.339523413195874,6.002146205348073,6.155217624156731,8.53919136954245,7.080700916388269,7.815598023450583,6.6901587084593075,9.419655157528181,9.676167666998165,10.520549711096352,9.491239761989315
54000.0,gromacs_replicate_2,79.86228,6.007919592173463,6.142900971514198,19.998634,5.289255450791684,5.232170587367461,1.845604,88.11864856693637,81.14132949949466,77.96209157474125,88.82395237720378,78.99057271790721,79.17380469710942,85.11670747177156,77.1997911370321,63.15051254194331,56.19343370709795,63.58665866539729,77.933701673338,7.070768603602715,4.800036951472722,5.561548530117574,5.800817193224365,8.94537422186965,7.268722455724995,7.553039350642676,6.6548344908242765,8.959851357732054,10.077837466487294,10.72442552487504,8.935812785619465
54100.0,gromacs_replicate_2,73.512436,6.246365148033124,6.321905703494259,7.714836,5.231813655527988,5.083007965117396,7.406105,73.9813802131945,64.05610108401925,63.60040108117302,75.42826048103726,86.70923469984211,84.34303893384919,77.30558813652092,73.2588023372992,60.731605903621706,49.84171770945698,52.15484109504039,66.57118209499518,6.907765544439133,4.352757436618278,6.150353210326673,6.324836056863163,8.562764041906968,7.190635483015979,7.765200576355725,6.756879946939207,9.483817812246949,8.70852848456066,10.557821216577326,9.899277593057711
54200.0,gromacs_replicate_2,89.48717,5.931777115554877,6.076822352343707,15.207092,5.212553290819714,5.311665413984867,4.0173645,88.03445132580252,78.33232527580927,77.28646592785637,89.57898522871272,78.65044853817871,81.38139666558403,86.90678262264547,82.00862162845938,67.8842701434279,65.17876397504489,76.37946962579866,89.65941458351351,6.765028110506689,4.706669437412347,5.828046923665261,6.200568839185451,8.556795185673593,6.959977533743637,7.6898156009138265,6.841762526518705,8.630030130114587,9.557031390424262,10.440603413106441,9.56960544286336
54300.0,gromacs_replicate_2,79.30854,6.299799362851758,6.3400616334260835,18.778694,5.093404220335702,5.2223453135089954,3.6430054,84.99723780020996,84.82296225579249,82.37756806097349,87.39862345900269,76.37691889977852,76.62981600470694,80.83283450927556,88.92591464298255,75.49116341924665,68.47542266331565,76.14964722203553,88.70414729242538,7.046233201532845,4.368044220427329,5.9875465825015555,5.983621638436023,8.330803235608885,6.758896768950338,7.257707419440328,6.707577188241245,9.547113792041566,9.297847191024273,10.731715142334956,9.992914090020616
54400.0,gromacs_replicate_2,74.49464,5.689583438248371,5.872939392299376,13.74292,5.172769402151675,4.992504384591716,4.3232727,89.1325596576095,77.69478749540473,74.18761282724871,85.94901893231705,80.92929580754871,81.17704077775366,77.44205998204949,70.20526705575404,56.421625269024915,49.48042745080771,55.655938821538136,70.19218203846242,7.101503206905631,4.518565738682987,6.267468260445158,6.661566101071313,8.044155645757979,6.8571773230597195,7.008475360693141,6.53980324711112,9.537868505905134,9.011998935730443,10.184480627180218,9.677303142611663
54500.0,gromacs_replicate_2,83.45422,6.316244294788328,6.5235628146398135,20.879364,5.429247688960218,5.381220688949387,5.2183456,76.12847804315304,65.90794293161503,62.84703827218673,72.76863303612402,85.20970354855694,85.30274074672876,84.95824045922654,78.14128751699205,65.0064666922384,56.30113642404089,63.67182664112816,77.48423140206457,6.571256304447751,4.2845297941355645,5.586030028289271,6.16076198503849,8.39241846307533,7.185710111167229,8.216138058539244,6.995094820478043,9.745669452741186,10.245042208874821,10.869170969119217,9.478919750253905
54600.0,gromacs_replicate_2,87.252785,5.879380490302274,6.113198017516041,21.305374,5.101964157058984,5.162951452174635,7.253929,83.4291308304639,73.26194690399784,71.43442299188312,84.12470101048508,83.99845340414534,86.6283361635942,87.35145583649067,78.95559843294028,63.58391179273572,57.15470938233883,65.34228478761634,80.05360409445693,7.025685331403178,4.693382753030179,5.693090762562942,6.140421093826063,8.36237283082647,7.0254756952463415,7.308028839328352,6.765142582287692,9.353440325022893,9.08445932472125,10.423977516407621,9.589745087573872
54700.0,gromacs_replicate_2,87.61058,5.822447553340853,5.959851519642544,3.0700836,5.417470764735991,5.3731252859174115,21.975876,89.15820548026686,79.79375710401823,76.61535961229431,88.6785646449924,78.05313804837697,78.89628336288686,70.23363492867892,66.92177707275349,53.8059127373938,42.76450232688326,45.701739401641994,60.48716232594157,6.805801540744683,4.3796990300379735,5.975987957814709,6.773256949324533,8.31414546746529,7.159023912116166,8.359485500513697,6.805547298729718,9.079221157659129,9.351636149923413,10.10454354628526,9.287706785462152
54800.0,gromacs_replicate_2,86.417076,6.047462762237594,6.269529224539138,22.196365,4.920411083085779,4.873340330935467,24.410896,82.93174820952378,72.43076738106694,66.6120644270035,74.16572176944364,89.59613037078704,89.1596936345511,68.44497515166489,62.989164723528525,48.68480775138661,37.566030626199435,42.59972236163098,58.9308503857148,6.927202172979862,4.215544620021651,5.941584034307619,6.084082851541368,8.376991808555514,7.026621716381376,7.95920284145604,6.920449007546629,9.120706886175112,9.593223532324258,10.615205192619158,9.623113103365187
54900.0,gromacs_replicate_2,85.73602,5.901776732868336,6.04613318396233,7.3931427,5.268767415660558,5.216028171039894,1.2593307,85.59384419322421,74.55673803946969,70.99863655660278,81.41874204045395,85.0034714499665,84.68445335363546,89.39912729119473,81.36237670710075,67.93392360237772,60.924920123795765,67.60176886903766,82.780218302137,6.818953467742475,4.569902857911961,5.8031889287171925,6.7782294712734155,8.62653139722851,7.010591877123464,7.662810070075497,6.844772280503177,8.991840404634356,9.756117319821245,10.132967842653095,8.871067819048578
55000.0,gromacs_replicate_2,79.641914,6.747457425578278,6.870170796098035,4.304901,5.557266282461146,5.691673253945845,8.634453,89.37206434578913,79.15467924192941,75.44131072536187,84.15205118385845,83.05073643327363,82.14394158881173,78.13439363187669,85.68051803892953,80.81502737276475,74.02100389500686,81.29741590977828,84.78789438985615,6.685750100643053,4.218571925096272,6.155941056068268,6.221941843021004,8.188540276473852,6.643326202714859,7.711259215157274,6.561338820927551,9.626540184208322,10.024776398441174,11.0370357543986,9.489538243247729
55100.0,gromacs_replicate_2,74.4096,5.547169447185412,5.617858222058835,7.6051483,5.064313515120835,4.972771487886718,6.632263,75.41532718241119,63.52587919358817,61.35420203531756,74.49327283751558,88.6735392870828,86.58499119671585,81.30466282198844,74.15349996319891,60.41663465559075,51.58969904584507,57.25475584444778,72.34167911004059,6.8745740311521315,4.305321872750843,6.0772922380103855,6.259210135866198,8.2842458572498,6.9548189361640045,7.620097243956513,6.750646644987424,9.321659891018593,9.434609106604006,10.140724093452082,9.242750499096408
55200.0,gromacs_replicate_2,81.987335,6.050015959196842,6.172649482086376,2.180313,5.6442268821262,5.685310732181837,2.788887,87.33087513553676,81.86115418278712,78.65921727266651,89.96279199644309,77.31953108751006,77.60033888744962,88.96199122519012,82.35001187647744,69.06454976050725,63.63601220771828,71.93822004424061,85.86090076370085,6.9244393597150165,4.362660487344147,6.0950569439365605,6.177177937025331,8.238095473556575,6.836262775989208,7.8505298075863355,6.788076011855318,9.88047510731344,9.811910534799459,10.985342452719324,9.586267340427952
55300.0,gromacs_replicate_2,75.62234,5.834719772999412,6.090327492185305,23.649742,5.166143726136862,5.1086846623293445,0.72206116,81.18258752905072,70.77583643101683,71.14340619945162,84.46688020731531,85.31367933757664,88.69374443777619,86.03010067790117,75.29702048304357,60.893742407674495,57.86900494252684,68.0060025775499,81.61133828689015,7.29882004150485,5.017482600545597,5.502092087332456,6.04015322022271,8.816643407902024,7.284731642161816,7.867521403435406,6.78022650029537,8.950616618193463,9.348396828316217,10.634911559942074,9.477342121449755
55400.0,gromacs_replicate_2,79.161606,6.043068913068046,6.05200799137112,4.1318893,5.431205571554089,5.429610261099718,12.363113,74.19929280902916,64.09083688634622,62.23066909964302,73.71179305923344,85.85293692872312,84.07897479701617,81.60007314632303,77.4352136160088,64.5914881778743,53.89923087380779,56.91623027105412,71.39131007735526,7.089430878056257,4.544764706213702,6.093267800467584,6.313968738001284,8.671098921969742,7.103706515950671,7.571457953818662,6.748032150877439,9.315181954089669,9.769336914821514,10.505754230285335,9.41779173553255
55500.0,gromacs_replicate_2,70.85349,5.397951266157962,5.505896245132833,8.761414,5.653818176539783,5.334054397067237,10.017502,73.38526528525466,61.45920360139537,62.38578360565921,76.92697981967628,88.66969457852476,85.28443764519902,67.63367129911015,60.976668927747106,49.00755464693915,42.37625398822909,48.67437671528315,61.57199361333909,6.995245280797828,4.447362859282271,6.040136323553514,6.198391400763173,8.350393550841638,7.210919642242262,8.230029455180558,6.4245419869386735,9.03122875553736,9.178813535521256,10.28129347710049,9.13811977449491
55600.0,gromacs_replicate_2,82.99785,6.475670993173403,6.475624401244986,1.0627289,5.199712762158248,5.350896751656628,3.5495682,75.75304264741541,86.33048521134205,89.86827814318694,81.33196058378263,68.45238315062409,67.40811156482388,78.58239755987067,87.98106787887703,77.73168694825108,70.9389994639486,80.78096003474424,84.53358608273093,6.939405189497562,4.126882797182395,6.270824459499063,6.187798100106269,8.264794603162619,6.921087488947634,7.3504450325490085,6.861430486786527,9.661360825970291,9.424511881333874,11.107998554689518,10.167220315989425
55700.0,gromacs_replicate_2,83.993515,6.089879848265218,6.025143609884051,13.4795685,5.654221603349815,5.454174395431079,19.979393,79.82778883516339,70.47246922044624,68.56499231211558,77.24922921238172,89.97287539710744,89.71722178106448,68.60638467681089,64.70068402522585,53.55473296866335,42.77094213320481,43.10435422300171,57.821555252859525,6.845980019269517,4.331567399266704,6.004457348036856,6.686356732101259,7.767375313546395,6.583712625861492,7.709579594678492,6.86031199641086,9.191927230875695,8.944065281587523,10.829584042470424,9.83560025888872
55800.0,gromacs_replicate_2,79.41978,6.323091159731825,6.436239470629485,6.577362,5.5968768185462325,5.608642836471943,7.1920776,89.53849528510715,80.1814671135218,79.70074654445335,88.5567908034791,77.64977291020197,80.20208335763098,85.75873469134648,77.147306528483,63.77335534698028,59.039723874822876,67.86879057573844,81.6324779117562,7.062372442811332,4.221626212848109,5.905004379269515,6.3364990825095,8.018500903796738,7.058169449676995,8.045064800103118,6.95481903837828,9.635223792974683,9.352910242750804,11.456404059123669,9.832536901224914
55900.0,gromacs_replicate_2,75.77503,5.793509502038994,5.990941968659666,16.70507,4.856812994194368,4.581432412768008,14.217728,79.12285870003693,89.25092313133331,87.01998343421234,83.25158708854418,68.65503350660494,68.53013445888466,63.701573788580994,62.10663960981511,50.14549330249449,37.32079469129669,35.732787396804675,49.91718868444102,6.999194096849533,4.375804549787607,6.636361706222987,6.394234302539907,8.360300333527347,6.911030228180039,7.935600821500438,6.657738441676675,9.302733087151488,8.925058537343133,10.352268725609086,10.061062282119249
56000.0,gromacs_replicate_2,79.31004,5.879908942881472,6.047910554111808,18.009285,4.977859859588,4.894726940450238,11.890373,71.15123839641618,60.68254650299365,61.40527408803503,76.26033786488388,86.04109196671234,82.23222994710719,77.40120501410131,67.66904996266526,52.78191393076602,48.033885660850835,58.01093882589858,71.9519318550026,7.108878610316253,4.3776200855854075,5.582826664291862,5.829319547362904,8.567218995122607,7.408019655311734,8.151215061760363,6.8303996617314535,8.736293043617056,9.74649499665303,10.74914846058596,9.878435370789104
56100.0,gromacs_replicate_2,80.54278,6.014195486494546,6.012279714077642,4.08004,5.554627056902169,5.41161581457918,14.740204,75.79441136109729,64.8033345157974,61.50082180674841,71.26624903643416,85.30607075719055,85.51554513190581,74.4254616468599,69.39388902004228,57.28322080730577,46.922429329533045,49.8369515155525,64.74763283081249,7.063532486480001,4.342440783124611,5.992400382352221,6.338728094014282,8.030862487980281,7.090268044963969,8.230837781626617,7.123028848837564,9.38566161077711,9.413724456854629,10.353189573985565,9.105471154026745
56200.0,gromacs_replicate_2,71.76521,5.593441911333593,5.777034415964226,16.03624,5.144135664710919,4.918988798762567,5.751114,80.31367614020398,67.54084917063122,63.820021389734016,74.74448402967157,88.74525676865183,89.76888516405694,76.68478008469172,68.22464295123525,54.4052522527573,48.159663863010394,55.684787152524315,70.5839255743604,7.062369045381272,4.729992684751659,5.6380213194795905,5.907320753689318,8.673959805216645,7.4263185641355065,8.270357987849339,6.897593749628064,8.729334944069734,9.095377929473754,10.404638237341754,8.933104277246708
56300.0,gromacs_replicate_2,80.47661,6.07742830845474,5.868458143062253,6.0874786,5.916100701759659,5.599960561259726,16.09092,69.01352348052463,59.747757950396945,56.929126870784266,65.59196924842388,78.00141428245338,78.4213429307606,67.94004464078927,62.47292984411673,50.91661188389462,41.29796557255232,44.97755652217085,59.72116577922912,6.9677403806346145,4.353856414011894,5.906671084336594,6.233100126115411,8.48315747930893,7.059243007117501,8.482525467694089,6.663991024249723,9.306519175257508,9.983864239045047,10.530226160007373,9.140390837456605
56400.0,gromacs_replicate_2,85.1934,6.196418343548629,6.257147185495495,14.436356,5.565167859825527,5.404426317390173,3.464798,72.89514234208015,62.05100219697582,57.75073962470266,67.77302038381193,80.73542665697653,81.60568994152891,81.34341225619185,71.61858621872926,59.26907109603259,55.45180399845917,64.84917059953774,78.73387280555175,7.075307389793736,4.288145361900735,6.4267872061199816,6.420215748055098,8.515994197912834,7.740064359985359,8.752407113389355,6.873660772083554,9.070158398411904,9.643903457952012,10.580430553002103,9.230275427366418
56500.0,gromacs_replicate_2,75.801186,5.8835939472182295,6.00537777793796,7.014862,5.313097282512838,5.339604025915145,19.181847,88.73234990844634,79.73749724758038,76.20782662582658,85.8440750946863,79.84246390385108,79.118983631899,76.14469132396842,75.84441674340093,64.84571181727279,52.141187436992745,48.07145736413155,61.57000680762615,7.041172696526285,4.299371542583341,5.709460592712953,6.024977205025281,8.470145417610425,7.207411841869262,8.601730735735359,6.957937000175437,8.916510119297044,9.420551243984603,10.322823004200348,9.30224957229021
56600.0,gromacs_replicate_2,73.59694,6.119390523222176,6.235540750715131,8.155304,5.362109004668208,5.294394991006359,15.888954,80.7641221676032,88.04009437241082,83.86762996189113,86.82240043570147,73.15273923024193,71.7178326804514,76.26383139431931,70.96783813363402,57.79413679219623,47.560831192052724,51.979457900337586,66.81683473978597,7.334828370399184,4.610763127662421,6.352565707148453,6.628425549078875,8.108518808019591,6.654086990873693,7.414118219911478,6.500294630686896,9.362504997272577,9.185461396874759,10.313538216035523,9.879965880793657
56700.0,gromacs_replicate_2,83.591125,6.129710077871436,6.392859930868663,29.417961,4.9046383024376174,4.989593229810897,15.623322,82.79324767975694,72.42366111874831,67.04452253356486,75.20937041201879,89.27822230072995,89.85250496258664,81.35104684382988,79.41658973453933,64.7365373367238,52.90175456068713,54.379480815017565,69.94451818626015,7.072863039440145,4.469282416609869,6.071264854391543,6.331892854570994,7.907480013003339,6.439486544833246,6.851756775346372,6.424312019129118,9.583034053602622,8.692445993944194,10.993058908054287,9.914956891214016
56800.0,gromacs_replicate_2,85.57941,6.498478393918937,6.689158974060781,19.552925,5.328870642852601,5.358890427125143,16.067825,83.58167924260394,73.6901864993679,69.07410717971756,77.82182705506607,89.52084541680955,88.57489369918609,80.97793093625538,73.87005626588655,59.36126476227453,51.08319768879252,58.12288357976112,73.48105312223213,6.6637737142721924,4.329782393550186,5.688639004479277,6.007270492847979,8.965356087520403,7.344729740897764,7.984289554673662,6.379605851786165,9.606141655604304,9.326183088834732,10.799550063721188,9.224573942757727
56900.0,gromacs_replicate_2,84.418655,6.0327980223039885,6.100792980704294,12.134071,5.089553964808386,5.119303044407209,4.076233,75.51133820089338,64.49202774119536,59.919115948870015,70.03773561691224,84.09160855205329,84.39534120019613,89.1863378057828,82.86388298409636,68.72267341133976,60.12277707081757,66.02035455036373,82.06191786836746,7.082416856284609,4.393978672766795,5.964448661533837,6.482247178732432,8.086148327753255,6.549789392328383,7.115824918778124,6.80613392796382,9.150933346950097,9.032247760602422,10.785449001212461,10.138088787774189
57000.0,gromacs_replicate_2,77.27197,6.501264771941999,6.763540722526652,26.003479,4.878896798368331,4.913737997516615,18.752045,80.33815739336006,70.80906084526664,66.76425449259763,76.31012758100144,88.1880906145089,88.82082851539076,78.3268710442,67.93237965596569,52.797485653526145,46.47100541291512,56.77715125695122,73.24727948748082,6.932473134022514,4.341124346459611,5.642891688815871,5.546094585279159,8.440629395047992,7.058408021092326,7.030961311522374,6.726255229790561,9.1005703401355,9.614862731101514,10.812253772592909,9.711445703224474
57100.0,gromacs_replicate_2,73.82425,6.635943482546192,6.802795814639893,13.960045,5.371499893240455,5.188471129822342,12.670479,88.85092563149952,78.47511008587956,74.16580616712645,82.461174336759,85.26572821716097,83.71171295749842,72.87770945304152,65.66378109046688,52.91367845128669,44.54861614784642,50.37290576664527,65.6885518988692,6.876561846421717,4.227949317203301,6.256591967358432,6.239589782674744,8.038791985359069,6.884714724604339,7.484083726645065,6.8842986529524115,9.341499088748561,9.267518580091552,10.644326785234428,9.730469272550085
57200.0,gromacs_replicate_2,86.70087,6.191786637375002,6.125110186334872,0.2722702,5.390314514535415,5.404285645653495,21.916946,75.13815826173398,64.46904378090682,60.16437353624511,68.53650187001709,82.83901577886378,83.83092129005236,78.02740837497963,72.6943500616986,59.75086676948543,49.24658257309859,53.36989059765018,69.55234089855819,6.866068030647103,4.353205359423938,6.125786141498269,6.300677356053249,7.908455619566422,6.487882359766186,7.466821401144302,6.715624610543571,9.32548079605535,9.556995535453813,11.054365200661467,9.715416624887729
57300.0,gromacs_replicate_2,77.22314,6.146045636975852,6.264752013940852,6.263603,5.095162624185087,5.144366952359639,8.843277,83.35636202445153,72.09744539327983,68.95192895696344,77.87165123935586,88.03367454309607,87.0658224613767,82.90555940612555,89.43418779788941,76.08523029196084,67.1964186423196,73.070624899731,88.98221931674881,7.132587699831251,4.619897522609989,6.242186111337324,6.142511885455479,8.314755298706752,7.170560526526557,7.0959349989466,6.73523892675215,9.207078152974756,9.218153150505572,10.788479359572928,9.593185170168685
57400.0,gromacs_replicate_2,85.276436,6.0702705945238895,6.2186835995326275,18.84742,5.140432037226492,5.124473549840056,16.176521,85.84198254346991,82.89020842241985,75.82321351964221,81.6843913915915,84.11249487425567,79.64375673559556,79.89837078749878,72.45934894356141,58.791797867636326,48.88889504243264,55.863219045891846,72.14790794382681,6.570998772277392,4.203181022950492,5.890749518376463,6.121809256197303,8.392363517172006,7.202016522258612,7.633246734723757,6.717018233625411,9.273887009290632,9.164473296530693,10.454767372390391,9.22491610218467
57500.0,gromacs_replicate_2,79.563705,5.564187873298459,5.829267913538505,27.348434,5.020784290530411,4.932485670605778,9.259369,79.82589298759676,67.82673914316874,62.27464015250853,72.65236502886249,86.73479426379436,88.35671897715895,80.35622380842646,71.11153596072991,56.82584974419026,49.94486401703104,58.61192426566332,74.0505132430728,7.113278269894704,4.450072930707136,5.938472184862989,6.169562996858078,8.22598391021554,7.335290067596926,7.736016580578945,6.947185980527596,8.8220196629654,8.69789968136751,10.28507036782283,9.177124251068728
57600.0,gromacs_replicate_2,71.16106,6.3543475324949155,6.5348712049160005,15.003159,5.41341917098802,5.20153888859268,1.04673,89.06021475774405,77.99140943051165,73.06969058651887,80.32547495571885,85.8140204495235,83.94511617129211,81.26147098142566,74.81096538146222,61.91739924615295,53.99078809620916,58.960839075896196,73.29197373140502,7.232396748966435,4.602356135947,5.924931212513416,6.067144056177776,8.029955881305419,7.016377855038856,7.450060794568779,6.886100626820498,9.129219491350131,8.698570592742346,10.48843728071499,9.079090316148353
57700.0,gromacs_replicate_2,78.72252,6.056322196028994,6.206227800257076,16.293526,5.095465734760207,5.099376779254492,6.708786,88.18498254153066,80.73566787673518,76.60886428994849,85.46046403706552,81.45112415050905,80.0736219253231,86.06229219436459,83.23598194032166,68.98069007220269,64.49420313254444,73.95759015146992,88.7150602892334,7.046091728087462,4.413969087164888,6.018482621435568,6.65389087946138,7.970737219696848,6.84643650309851,7.171597933545893,6.965663603570919,9.439249815939007,9.031238003758483,10.37772774817759,9.175616158868422
57800.0,gromacs_replicate_2,81.224014,5.7487214027458675,5.837485677253207,0.7486954,4.9314799966113805,4.850260016776691,17.406075,84.67366554448334,73.35198981704276,69.06021753260231,78.78474427617108,85.97171545205562,85.44952874364509,71.98310283120526,69.63582835149346,56.150673949377456,43.9334099010573,44.24280938449621,60.11152475999577,6.951912661516008,4.319130058356841,6.169701782328688,6.461715087975156,8.137971546036558,6.990996708750947,7.711198296181763,6.987169292261453,9.281701388549374,8.835592739727032,10.770691514770224,9.621577018119053
57900.0,gromacs_replicate_2,89.523796,6.296236117546664,6.402794944061942,10.114731,4.9257189424748,5.098881252209406,6.6542892,77.52429712235512,67.21449412650972,63.81481881673286,74.46569154053326,87.58871469914942,86.72373965194093,77.01280847498221,89.67529231553378,75.86315048615452,72.80100740544748,84.32962996652036,80.2527661177476,6.777826246976903,4.430486526897796,6.3813479000233375,6.526300538786293,7.7036294954012074,7.041706735514611,7.536854765231587,7.216857381132382,9.042822896312037,9.130481701142926,10.702277550402135,9.649716373866282
58000.0,gromacs_replicate_2,83.93151,6.318299142324211,6.401594085614751,4.7071533,5.420252521712864,5.369076232804624,24.407532,88.08645102143127,77.74580328455677,73.41867612848316,82.75300150952005,83.93694355677911,83.03145590962343,70.11181915087352,67.27207601277973,55.743025867344286,43.67369409830709,43.98318811376793,59.021096109260284,6.801418120078864,4.141061421619882,6.198702879935699,6.361790359407525,7.935835023445137,6.973561350088297,8.198831703933545,7.050782639029797,9.45553148862844,9.151643937831901,10.730565035111727,9.505240009698463
58100.0,gromacs_replicate_2,81.63379,5.91976522584788,6.025331372866326,1.469223,5.235831124816698,5.010573214120906,15.301323,83.21297719903372,73.18350587096107,71.23757203905545,83.26402177956376,83.84256098950088,85.58467320988314,69.61778027383677,64.00057753025581,50.81300892627774,40.7118471911114,45.27494638728903,59.963569390896026,6.461641220019741,4.042000547757358,6.354335015079915,6.273448658305492,8.20843110322846,6.970926145046102,8.22978086377341,6.861081049744972,9.595540681574306,9.378741721678052,10.380538646244368,9.699683222325637
58200.0,gromacs_replicate_2,83.86009,6.490894551630597,6.574678362414111,10.564041,5.227625091499724,5.4045610330024045,14.894524,82.24185452729094,71.60571638826003,65.6681763424699,72.81559535379571,86.73601422666724,89.36463295682022,73.17771828520874,82.56967559902805,83.64803343780571,77.75813619170417,85.70280635432954,78.82241231167991,6.91366987855501,4.189435428415975,6.060530398880625,6.355902362123663,8.293992861544446,7.0114312394820555,8.112963605266234,7.247441794547974,9.336985483034288,10.1057570701028,10.886801841623635,9.544524817202175
58300.0,gromacs_replicate_2,74.44155,5.939163188328246,6.068881451058612,10.522636,5.289607024046666,5.1241460886586525,0.7689209,79.26996192130478,68.06083509940812,64.14321023633302,75.68711454757401,89.44544229549439,89.06897583204203,82.24672916058556,72.99457350031422,59.866096936381965,54.40535048481833,62.09460297071878,76.22791629520566,7.178950922043081,4.530058510749912,5.943120308170987,6.197868467173168,8.293931582339887,6.820116306613601,7.774873644227755,6.460122614043983,9.049080886966857,9.871825741154929,10.730768630193543,9.44817388800962
58400.0,gromacs_replicate_2,73.66425,6.0092752613692015,6.166849110610324,11.034988,5.036297118551731,4.775059067039508,12.668449,78.16404481594984,67.83786547168981,66.55467089010558,78.8133770346913,89.23926971349466,88.90414514874601,68.6061968157692,61.50438190336963,47.64744592359948,39.127832593827726,46.358473811630816,60.691014704364434,6.98854399141988,4.649825669924776,5.797331495985499,5.939235576601965,8.03826583264814,7.064528780293548,7.990748693882797,7.258691906469592,9.004188840694948,9.683705484426698,10.934674815281802,9.701670903631781
58500.0,gromacs_replicate_2,78.531906,5.811167609476203,5.807040613761203,4.5950394,5.302057344364324,5.030919057371558,1.2245407,71.24381589967152,60.74476073293409,59.387524799309475,70.82488981317634,83.72942931302423,81.65440100018456,79.75690908891129,74.53673180196928,62.30999205508212,52.156651037935944,55.120150007064055,70.02190766231568,7.168501333330409,4.514737473278692,6.07257837924094,6.34305025306144,8.425620290877823,7.338355680887775,8.41547409254432,7.013268993108563,8.890723953830635,9.260961547339825,10.187746291069017,9.471046979152746
58600.0,gromacs_replicate_2,75.21123,5.71248485337903,5.829417368731921,7.959114,5.42274938015996,5.247694263040387,1.7734299,79.36231514877981,67.68110016965306,64.2910237594465,75.99333355683832,89.67320063756092,89.57988664338936,81.54326196782566,73.65317227593013,60.54151003671838,54.728855640482166,61.01499548920028,75.4965901934113,7.179395334718689,4.200243132823942,6.005187748877171,5.9676461416520175,8.280516302284601,7.312693486110967,8.49241690660424,6.865716601196845,9.06107376628273,9.969183978377,10.661219084785381,9.4573038901123
58700.0,gromacs_replicate_2,73.934296,5.731728579108094,5.9524749069594645,17.363823,5.259823895813975,4.972635434307122,1.7437744,83.59172046653566,71.91251915184448,70.92714063043071,84.12320669167995,84.42242298306257,85.71688294410473,74.72288071124585,66.21184267093518,53.04261096965336,48.297551726441384,55.49399489021154,68.54721139007758,6.884291229265014,4.319564987100787,5.454104640989445,5.981215115718072,8.700569037733073,7.351942552920874,8.14951050295549,7.299881439906099,8.779626667250543,9.821291293635277,10.147096268008797,8.923029061619726
58800.0,gromacs_replicate_2,75.50951,5.497611167695549,5.808115793668746,28.384644,5.291790343412843,5.096899388286095,0.9827194,73.32069485981872,61.82797906941757,60.93236598535351,74.99160882177284,86.59531030304781,83.92642182068977,79.39362103645583,74.68499057702743,62.0701112743083,52.54329675606409,55.62775675996817,69.23537510747218,6.787483161071516,4.827576907791959,5.850336863872919,6.0171783546826045,8.355009444811493,7.393208429702928,8.660075933870619,6.87952690848335,8.645027486859103,9.361702214763847,10.013359300089668,9.13007250166982
58900.0,gromacs_replicate_2,76.333015,5.7171409937146285,5.945333771338581,21.694176,5.585237585789623,5.391225914455863,2.4908295,80.13537792626754,67.86810696846813,62.05351491664495,71.15413672963881,85.93856689111092,88.42553939577726,80.19389444399165,72.12684280594682,59.04479528756172,53.628431315392,59.84622536024671,74.12690466101759,7.0274870330608525,4.501592578788296,5.546778208511997,5.722932115193036,8.761571387313186,7.243802729593369,8.37121869204107,7.297770261861142,9.225047837878815,10.258396753288066,10.473246450215424,9.15572898486937
59000.0,gromacs_replicate_2,75.30888,5.225433368954002,5.547968782879395,28.942703,5.094123198627717,4.887498793151705,7.393898,81.3418536884798,68.94106656507721,65.60984479759641,78.18711696972856,87.99960539866527,88.3187841023253,73.36389344774179,64.57091411546088,50.12967063090169,46.03836631387152,53.83078633815031,67.56202986113836,7.4074552462900956,4.826393936110799,5.555863852777953,5.982745531503672,7.764110939924634,7.109164015012549,7.698609590369271,7.196955802138443,8.965160827951902,9.529195130850585,10.244124629306047,9.182553928191776
59100.0,gromacs_replicate_2,84.49099,6.46268889674561,6.422485085695246,8.673363,5.60924220735991,5.547886275699341,25.953842,70.90512118023832,60.55506933578592,56.95534294652412,66.00538448139804,79.21144837635595,79.54482204567081,67.11711729684093,64.19647908313601,52.50476922169975,41.55984344697135,42.58843385477804,56.730645769952346,6.94686473271028,4.275007264185042,5.982639273371939,5.9972877094660895,8.318500418349908,7.169752046451933,8.480445956855434,6.808373651850246,9.039400107391184,9.79764342784072,10.881199925998505,9.307125781589257
59200.0,gromacs_replicate_2,66.94468,5.854147314972075,5.761837151181598,3.0297012,5.844299361788357,5.573452505729098,14.059624,68.45437742645932,58.017002543254954,56.84504084816022,68.74590594631562,81.13581081949668,79.43089238000788,66.12553392660341,64.16744979209736,53.5830351758743,42.917576900438554,42.01708027430133,54.08424229656402,6.904172044890648,4.275551230884339,5.941666134779701,6.062762901558587,8.144056334452166,6.949024508093981,8.590014195707084,6.925024166748988,8.348388446637465,9.352067061606904,10.350931609052651,8.97975247249122
59300.0,gromacs_replicate_2,79.09383,6.1474406897810905,6.365736698613029,23.89608,5.127893460486828,4.975534748622964,17.696457,83.35092171122818,73.0119012830912,67.66317097392349,75.50519340859165,89.85037703177403,88.93935298752916,67.84326880613962,61.2219991497912,47.14290944706768,39.33229875092214,46.17200357972784,60.49005854116454,7.10199560069845,4.529312753081069,5.861937456159313,6.340408235053484,8.29482836084687,7.0099778633627405,7.79546161155754,6.849008294673153,8.612244207617755,9.624803393782445,10.901410785903176,9.274440292961206
59400.0,gromacs_replicate_2,77.779205,5.5151151201602095,5.586663600621443,4.2748947,5.225017885592575,5.1564429005633245,26.620575,81.5977888215676,69.74191065830713,64.60398872149707,73.67364809616663,89.37832485725451,88.66485466153229,64.85251099162085,64.1808378323683,52.72656041601998,39.91132815902014,36.923783108801246,50.895467266174634,7.163634942361331,4.675667035345888,6.060226134003773,6.067651610948274,7.995226480774198,6.899830137123491,8.310408419351846,6.7048789440722665,8.669733049977609,9.067623976876417,10.767656827500229,9.239657461900672
59500.0,gromacs_replicate_2,67.82029,5.607000635482251,5.702231029950203,10.836121,5.470002417310735,5.370008303838591,7.35627,76.46877620067198,64.33123434987802,60.36366193671653,70.3297250223136,85.05216390900148,86.17921016479852,89.90184481868268,83.72984570062201,71.406097820635,62.70542434500879,67.43436638049887,82.55734601813383,7.202049431832738,4.5617642672921885,5.9824901419341545,6.053451898596648,8.391434874537639,7.133246280072415,8.36941369222219,6.896401682589489,8.629615153190839,9.921664572031965,10.375334800277285,8.995512443576047
59600.0,gromacs_replicate_2,71.11395,5.734433989951481,6.013665515806375,27.56446,5.6807733134596665,5.411320586138681,7.0478134,75.53586720970893,64.36143702046996,61.51302675008895,73.07749889337099,85.59355815466543,85.02576144594298,72.03757871115161,63.92993493964121,51.52810341275407,46.02870887435719,53.428951374502965,66.15411149251294,7.11480941727496,4.479224765828973,5.947747205767231,6.547835700622175,7.855964941972546,6.951490214426424,8.014405793685452,7.0113245967036075,9.253839147783113,9.418533506699205,10.305578595576455,9.273999436776329
59700.0,gromacs_replicate_2,69.98604,5.639331734933298,5.808421755100533,13.814644,5.224190363590468,5.125969936616898,4.984543,75.6584911339385,64.09445942411395,61.944766513853686,75.40405593496808,88.33411442039001,86.2553092719955,88.2060343728572,78.32814909100924,64.98193370354461,60.316228797621456,70.30223985819259,84.44047949863499,6.906246994964899,4.143451771454132,5.852465845828195,6.10158792878394,7.888508977197259,6.96738010792283,7.891323885979845,7.223751928365046,8.938731822686034,9.681999926929981,10.62494269468515,9.573587935193606
59800.0,gromacs_replicate_2,78.91177,5.170555107819045,5.325794431730243,16.617516,5.134697912771016,4.860283643808621,8.502823,75.18184161882114,62.55137126034805,57.29438211394734,68.62333948890426,84.83263384971568,86.4852742500416,71.36105698760224,64.24743509782422,51.546249401844506,42.93776384224613,48.4636347521744,63.00212498379545,7.185942925165403,4.4416993267482985,6.118216527730635,6.469256150379922,7.86896092748086,6.917611632596532,7.963910857656642,6.812559640372319,8.70985617110639,9.410604115144295,10.186329113207162,9.139927780951885
59900.0,gromacs_replicate_2,83.184975,5.789408838769632,5.915855041173788,21.39466,5.638353687757106,5.4226173921784495,15.866364,71.6346050316709,60.08581398898031,55.731148859548135,65.83759999577366,79.82480692872721,80.84819754104947,68.81754795385552,62.37266299085744,50.65541875812931,41.77912481591248,46.670702408240786,61.312148645235375,7.060874664199542,4.38989204374639,5.782644368712309,6.071635961728114,8.277275983102255,7.173573417487707,8.272636349318143,7.015546865292677,8.647010344969697,10.330277618393943,10.467244198156761,9.089110580506826
60000.0,gromacs_replicate_2,77.33177,5.324025078715569,5.397338464648841,22.909576,5.281584844368397,4.998423038082253,4.359169,64.68147413752254,52.1414916743128,48.04910662251547,60.7763707338005,75.19799699139632,74.6704662842745,75.31965129525452,68.0870726732651,54.9919869845066,46.57920363970002,52.272186305984306,67.59358090959512,6.971604884068347,4.518980716314222,5.889696609795134,6.032917356275861,8.568986822584112,7.073002675574222,8.124421034702896,6.60541260072544,8.56096127596601,10.12817425224966,10.375116879678808,8.953554885408908
60100.0,gromacs_replicate_2,59.54287,5.56013441820349,5.782867781203511,20.614151,5.268746100775616,4.714127396700177,4.7432404,75.34192700915052,62.9546725193779,60.47568852133108,72.64604250236472,85.30543951029472,85.00723163495257,60.864131158533276,52.60684510415698,41.27294375605918,36.1229468565267,44.74627275038326,56.26460233720111,7.151483284915403,4.504276716035691,5.980193975875196,6.279787055531244,7.899467467334632,7.144927392637459,7.965627942280855,7.122763557912823,8.824088380200257,9.542614707116881,10.656257427196689,9.245326072590276
60200.0,gromacs_replicate_2,66.07505,5.560119220938553,5.715804871442663,5.3845367,5.387897615574988,5.021637544753535,14.355301,88.68911649538927,76.54220867559808,71.81931899343435,82.2728972674396,82.66422487022197,81.73442453705624,61.01169747734634,56.692627877779685,44.34125358954304,34.843164895484215,37.8687584758963,52.013934481337,7.5095790780287475,4.822334569445425,6.049828620757351,5.975167062976685,8.34980242766968,7.2642859085077145,8.049720304462028,6.859810229356817,8.277585547170055,10.10095495553776,10.955704365992268,9.182168337189996
60300.0,gromacs_replicate_2,81.33564,6.22622293593855,6.467777138854246,27.431953,5.409334475044832,5.268679587928725,24.416359,73.21279986841668,63.47809085917629,62.16793924019945,73.60694320935215,84.5643479258477,82.75374498258854,62.42864138596917,53.3440211796825,39.986046832794884,35.8885284132925,45.40612536422462,59.0421276046574,6.768809198743536,4.271428005711132,5.791238175658728,5.891417049819466,7.909511408081383,7.096710724290651,8.253887687368278,7.501324114933529,8.941160648657162,9.616568171279079,10.874384339575407,9.24326003395002
60400.0,gromacs_replicate_2,77.67779,6.38300983142475,6.507290694699593,3.0079193,5.250596581270051,5.3007919202627845,3.8284912,89.49807187560076,78.81662526525439,76.29099314948539,86.5285045794645,81.24625003940926,81.34373530911543,84.87354676745349,84.72598353552398,71.24132683291182,66.46519655502203,76.53707702594266,88.67789716520475,6.952316822136727,4.365008233772704,6.043546131882055,6.488891929280727,7.716378654313991,6.421930178457247,6.9230856995595085,6.9060630908386,9.33556199960505,9.84818031795669,10.859577095265767,9.994893342795171
60500.0,gromacs_replicate_2,71.17582,6.030005748121999,6.120784621727866,8.918716,5.4939329135242145,5.5935078096374005,10.072472,78.1132507468356,66.81363583446118,63.77809922390808,74.65905138280826,88.40375074336019,87.77049059315256,79.78905513999977,88.79060960590446,77.8124447677402,73.14446391100715,80.53033084485311,85.46724483077494,6.876541001652342,4.074677227622071,6.021639566010172,6.085177763481157,7.746801612490124,7.028763666395689,8.04668787640561,7.311646175225982,9.450983395491814,9.530458216758738,10.561543537192586,9.678830046079824
60600.0,gromacs_replicate_2,75.71086,6.150535458517886,6.325100193126401,15.539955,5.190474174025976,5.167460110746781,6.2176285,80.8789656082555,69.94751110477586,66.45691411953462,76.84683599574602,89.88823493684794,89.95694400873361,86.22197727676148,77.86225354504163,63.93098400466894,55.94976626495952,63.242547690433035,78.42319502577226,6.953090625668634,4.2619712826696485,5.863398645601103,6.2556179578355,8.086107140795685,6.840522819276326,7.5992228534168955,6.768093698169941,9.082557998299606,9.588953253440591,10.591795234132587,9.54202882325638
60700.0,gromacs_replicate_2,78.98026,5.611196023263484,5.490852244309003,14.604507,5.128629628923505,5.0682925615299235,14.446594,77.03088822133341,87.98945240186522,88.5728095136858,80.84183237437526,67.6638935833474,67.65680738573599,75.07879519405488,72.00740794346517,58.39573838857037,47.15311611440167,49.29172892747477,64.09731889411708,7.126557685969722,4.347036809481751,5.754462886339266,5.85302791400153,8.71822440103511,7.211807801793468,8.188210793756735,7.005164402366144,8.863807519910406,9.345991137941496,10.448540943238358,9.434053175480456
60800.0,gromacs_replicate_2,73.06118,5.403460252348253,5.694405464028799,22.118652,5.410653651198261,5.157491934178982,8.833534,78.37102806374261,66.68048452132612,65.271398508176,78.86985318577624,88.48349804755885,89.6028800456965,71.13555845912815,63.33206094812905,50.18945648003592,44.212098297485596,51.048365845162266,65.02834134437254,7.189491737568638,4.342996654476301,5.752279580946686,6.217283140118415,8.081545846070286,7.001532692141311,8.692799629260849,6.857704233550404,8.740009194385102,9.915624786827312,10.639299768819559,9.079981764617894
60900.0,gromacs_replicate_2,80.935646,5.60748777396768,5.703707882787493,22.719719,5.494414368334624,5.504501004667746,3.8665924,72.58746427926319,60.54758094176093,53.501771601532575,61.54554838632858,77.8371356541074,80.53691235614096,88.52283621750311,78.96490813707214,66.16583607314554,61.52765609509347,70.72844890083203,85.10259346654895,6.982432227276963,4.12962260197471,5.913373907513421,5.920048283884968,8.182102851493523,7.083628458612325,8.50211189182862,7.094164167827421,8.937945163623409,10.702851054405206,10.737706232942825,9.777209776177154
61000.0,gromacs_replicate_2,73.58154,5.552635930963356,5.6934316087272645,20.29744,5.048773883236913,4.802335038534492,6.2959747,89.64938136332857,79.13291135552866,77.76230877754041,89.29942651701518,77.9812254891825,79.19815135953296,71.97160058383211,63.53784895724029,49.785327789228774,44.703264906523344,52.57214070466707,66.06405574346844,7.071085243350393,4.507448788671087,5.6615213071296875,6.271783646866308,8.191599897387427,7.001248267348855,8.177043565199826,7.137052125560755,8.625498346209291,9.949310097122513,10.547790950490876,9.411861534771194
61100.0,gromacs_replicate_2,81.45343,5.855691531672251,6.086074769271856,20.385773,5.205240927839541,5.121472965355777,16.38198,82.99155621675199,72.55879684684295,72.22136096524031,85.27299751153616,83.90188499632792,86.36779552286622,74.39977753875093,63.54571717842664,49.881170672468976,46.426241563849324,56.366425190164016,71.02041556815423,7.023442073899304,4.542394851204787,5.82272142558268,5.917131282052209,8.041437791717867,7.201518976370798,7.770597281899407,7.335826426925862,8.934706050279086,9.93487306361555,10.760620543688292,9.031365671019449
61200.0,gromacs_replicate_2,64.22866,5.472024396593513,5.507891553401748,11.741486,5.265858112640966,4.99596348333953,0.81908417,67.81438075357488,56.05355860485698,53.77564728616983,66.86301693317293,79.94922690352188,78.8249509649106,80.1347679595227,72.00873696253892,59.29118293867075,51.79819550607583,57.49177684653577,73.60781832708608,6.74566149222811,4.465333933438117,6.06724670920191,6.611240363549735,7.80484684777599,7.0276176207177725,7.916946047553135,7.579475774359139,8.626569897610981,10.354040607117948,10.521285114000962,9.546358054006333
61300.0,gromacs_replicate_2,88.56787,6.257224912607933,6.331664630027774,7.406639,5.802178982344026,5.732453003310821,15.198097,80.25830812090888,69.907106662368,65.75920817785479,75.34304271747781,88.80033966227921,88.96181953115644,78.39774635158523,70.84054673848424,58.55121590083513,50.85295167927232,56.95708425515012,71.88984810055047,7.105618813538213,4.492172653171818,6.116505860754032,6.25220229091313,8.326728776657093,7.041690330904761,8.223026545988462,7.460083333531012,9.316904356095533,10.608218858321495,10.752732707058698,9.303372974288848
61400.0,gromacs_replicate_2,79.50805,5.9263694182019,6.120562673916146,16.705124,5.318198397280166,5.333029875439725,10.719498,83.96357400166728,72.70200291646186,70.17558014401874,81.71021367880874,85.86365569172729,86.48074438477487,83.64931644178104,77.41947925884756,63.46557449648333,54.27909298684835,60.342740911305995,75.14918821325223,6.848714820121488,4.217210024107617,5.8972591793059,6.100582805513874,7.872988856262001,6.575351493189849,8.491352466663628,7.450670476246958,9.001502063503606,9.771845879217164,10.610962773209458,9.524593229116132
61500.0,gromacs_replicate_2,86.13572,5.750760850875898,5.912327460606799,5.947792,5.073565677785521,4.9477280720323265,16.658371,86.2664648514154,75.06045213675091,72.219000164883,83.82404770255944,82.49294076933658,83.91814539115875,72.45206193185004,64.3294029158977,50.13808297158022,42.24952412982899,50.024249968052104,65.68800906224769,7.041601386111636,4.204571741918619,5.962554800362921,5.763834646117376,7.685912419950852,6.694444023041805,8.486598921968858,7.3211299400512555,9.417339089886383,9.564981904564943,10.784241714395147,9.93713731310711
61600.0,gromacs_replicate_2,85.29351,5.942896890832865,6.198623843016743,25.84365,5.398285153137083,5.4691156078725065,12.4282,80.25574445969018,69.70861479802448,67.67307734700384,79.32044031230814,88.84856491466748,89.64336087034414,83.72561777539428,76.42705642673438,61.64979050805303,54.91350004986455,62.77088609817707,76.42522532868641,7.154644640175824,4.540870254204031,6.114457253988971,5.963152020880043,7.411387091884038,6.280301207363634,8.028776879610641,7.643405070411471,9.06084004563046,9.188311802072837,10.752643682036041,9.990519524397637
61700.0,gromacs_replicate_2,81.21612,5.645187122949125,5.817962794644223,22.542763,5.239890509135642,5.235883930651696,0.51439667,72.38343521637934,60.4574531869879,56.06710829918995,66.52303242805593,81.16140267925489,81.5353837222162,89.90686403664655,79.25982846045683,66.0302130616346,61.52077926760958,71.58824767515185,86.4121787782423,6.925302867152188,4.1055508792278825,5.853950875223656,5.945160095782631,7.730635269968414,6.678728546214969,7.967723434446519,7.124429954091267,8.831019419912405,9.475066595803096,11.133518611281797,9.514912353182615
61800.0,gromacs_replicate_2,86.72408,6.005305903520483,6.045264141840483,11.634941,5.735640369941829,5.716787897075721,29.327744,70.98732185352353,60.24060753020104,57.2450823785583,68.92033729972852,81.95229101605615,80.71955924173577,66.73531466935515,59.94803340713941,47.36970847975357,38.17838016487327,45.63242045257376,60.69397132168038,7.16679559822993,4.323502516620841,5.825437528497775,6.162198431103816,8.539393869537433,6.796488388352703,8.23218741467172,7.4352541708571165,8.873670620754245,9.90858454562699,10.755502964800037,9.312865616343442
61900.0,gromacs_replicate_2,85.41684,6.169366633705357,6.388190527045353,25.116089,5.726370575152444,5.895748753925017,7.268753,80.4632754287565,70.49090987941453,68.54592597646844,79.57218673799598,89.2608551699618,89.65766163981552,80.73197349681939,88.58111315378454,77.13291538462957,71.19516681135235,79.62307319627548,86.4592652792438,7.079518922663076,4.262825511896975,6.007547254568873,5.714508882223595,8.029454974435323,6.649364496165366,7.810980586593661,6.88126360600525,9.482965347840608,9.419439514767298,11.02098337238492,10.157443983891213
62000.0,gromacs_replicate_2,72.71576,5.261585743398308,5.4632926894780605,25.272385,5.610114236404873,5.380084343402509,2.3290558,71.42213833521822,58.14746220746801,52.39858312746205,64.18325478611126,79.66073792934148,80.93873768499954,78.0836403448526,70.10083112431391,57.46548586238956,52.22614568929768,59.08243562606162,72.50403484363282,7.214020156578309,4.430336425038902,5.708323911370069,5.978898878797284,8.31751972183924,6.751230368685791,8.45488309817819,7.002295769887944,8.227539371016322,10.333095269934448,10.300172195666656,9.142576621566493
62100.0,gromacs_replicate_2,82.9443,6.168981224723583,6.409490164719807,24.326042,5.777623864225937,5.796641011505921,13.163704,75.24666926608654,65.12382653507494,64.46219589062211,77.27648463950969,87.32640844648466,85.23443689151887,81.35000367703596,73.14591151883995,59.7021736988056,55.0402226933757,63.497591195373545,76.96764790997227,6.749384816997204,4.155611618775918,5.7436273359783785,5.6997605321614655,8.318783887847541,6.852000396682016,8.344249053519624,6.947921090952203,9.063599849629107,10.051066695600364,11.198650513325244,9.318087874215772
62200.0,gromacs_replicate_2,83.47857,6.603724284506554,6.583804743622118,12.964577,5.20901134248425,5.402782227782704,5.3721313,83.83902905252374,86.85074843481482,86.04011373623452,82.26251567869116,73.03029788861866,74.72755529172692,79.20627668933069,89.72973445832518,75.76680410625687,70.55246822851406,81.63194503347825,84.18758891276484,7.302189966515379,4.494670809961389,6.186159807211989,5.939077325535364,7.665943607284855,6.453564673182338,7.695204903985097,7.129193175679561,9.488569761155844,9.743651248934098,11.125816831140243,10.704816163457272
62300.0,gromacs_replicate_2,83.30171,5.987122679976958,6.073902205611773,13.064377,5.759483894289873,5.745140436964282,3.8633118,78.29229333130148,67.12008941576676,61.49938118273685,70.65168704649993,85.26491419210986,87.4676739832854,88.36209547014623,81.80498548349146,69.18057343014912,61.939822003182336,67.26966833708731,81.35613757871408,6.960901175957997,4.232215677029963,5.918371529386718,5.9367835284485535,8.587446551116889,6.78851782099343,8.496438341853848,7.2294784432023,9.528812871073512,10.117405669904068,10.602120675302405,9.373941952269275
62400.0,gromacs_replicate_2,78.80359,5.9223100387067875,6.103993252944226,14.908768,5.678787919698269,5.665992412427474,12.559944,78.54221080528173,68.11744984421334,65.46007278356723,77.53080395167683,89.8685474226313,89.1492428731572,81.45378807320245,75.73474752574735,62.91046656285811,54.25609259209901,58.49737351636886,72.76444447998698,7.08369398076614,4.221614286966878,6.2811818278604115,6.221778816270907,8.024813010321536,6.352305129377367,8.460354006292741,7.236167928817131,9.778120043232244,9.875980069363928,10.918934051018844,10.399691429284275
62500.0,gromacs_replicate_2,77.348785,5.717847423512703,5.97870542857075,27.724503,5.250296339483446,5.270495470238829,4.9641647,86.39636566885868,74.97848759789481,69.52552318304481,78.25568381539888,87.82454723933526,85.22363435567982,87.2853691493864,76.25447937179398,62.09232028425281,59.82462939822129,69.93063256744439,84.06952294003491,6.950776329226426,4.377491668764936,5.699930562023084,5.948188263723593,7.99423922348947,6.659664905802064,8.376965518506575,7.364220786199697,9.36301749726678,9.694409694762191,10.602993582631596,9.831677803966423
62600.0,gromacs_replicate_2,63.595444,5.739129193084592,5.91309224859645,8.709785,5.376623269249333,5.204557964041853,12.288559,84.77739007971756,72.80563293045721,70.51315763531098,82.2440571544347,85.01785858499078,84.68479815161912,87.48027474526909,80.62479264942316,67.74646110734416,61.483486164124955,67.04920347744466,79.81876349862182,7.127295180619953,4.238691072799068,6.18872108625942,5.9089448473626796,8.500432874205561,6.598245671914769,8.35933000938583,7.165788191576585,9.677158095675116,9.21511970868126,10.785377663493717,10.15774711833119
62700.0,gromacs_replicate_2,87.84995,6.336822697404452,6.459009341376021,6.08815,5.291085832823409,5.432469026706474,3.0886917,89.4880313033321,80.39237739161176,77.37765139730686,87.89440178866936,79.36068758376994,79.74393958665352,77.7914215849364,88.36899554301054,77.90705954430271,74.21817381991798,84.22173924655709,80.44193487249314,7.127217157962132,4.356573333399976,5.855573763439395,5.872616983761857,8.090868529641764,6.638196849462324,8.380194543513854,7.001959753373307,8.868893336186895,10.583729872738727,10.740975034188411,9.931812228805377
62800.0,gromacs_replicate_2,79.19097,6.203726499084965,6.3850620999276,19.260284,5.057222294118076,5.118530168753884,1.2030487,89.43868715079839,80.0168343405432,74.19764490849688,82.60152453652877,83.85934142682551,81.85876403482456,86.34000247298877,83.68748648999843,68.98930199380268,62.34503654186667,71.91836776176474,87.94188625564568,7.093835644993346,4.281219867966144,5.93571627662557,6.360739931998787,7.8029663797259525,6.375486755363368,8.208099139730296,7.2315417330519,9.014778391407317,10.14517864517445,10.811866289294432,9.44810859351078
62900.0,gromacs_replicate_2,75.722984,5.953131256216167,6.086356121657669,8.9459,5.506080914203079,5.4669283536076465,4.9056396,82.45651673473657,71.54348661553493,66.47399704523247,76.5090867157254,88.67611557656593,88.06414542870654,86.37847499372687,79.35072807942976,66.7553727122289,58.15663861691657,63.1486804220798,78.02973751839654,7.119727381354268,4.25902453807363,6.296991024574916,6.416618189081579,8.038536247126906,6.631368787580825,8.766888628531564,7.256222279570403,8.974160578372645,10.51415525312626,10.697913408856152,9.936693398675454
63000.0,gromacs_replicate_2,83.87298,5.96131873267751,6.191895042283302,22.268486,5.543561231847379,5.578355081013489,9.983826,79.42364553525813,68.65873537771148,65.78157933264012,77.13228196991119,89.7546621850943,88.63310960117813,84.657240919776,76.28912618476987,62.98098775667066,56.9662215120618,64.64271542408822,78.2906206012876,7.027527901038963,4.265216272531916,5.969652445896426,6.039808341387946,7.803867010268998,6.371875601006327,7.926788312274856,7.101163508579449,9.961281882973406,10.310086694024546,10.664529927704876,9.943755928163204
63100.0,gromacs_replicate_2,71.78838,5.745561651796203,5.9075692596183575,9.127449,5.29671474732004,5.21984532463818,3.1426697,86.30464186510349,74.55688510287,69.06668149072003,78.1875884168607,86.6731838369344,84.65636722921774,89.40615873723,82.53505968655244,69.30390445077913,60.789429699561744,65.38119132211845,80.26677381361324,7.29194623309049,4.386803116285646,6.31841541775502,6.553677605551731,8.446708347215468,6.678106933836218,8.457019357694723,6.89505349212919,8.623457233981805,10.361524237460788,10.46489670435594,9.373097612680635
63200.0,gromacs_replicate_2,73.87015,5.327795544547192,5.413675365845091,6.9675903,5.691967178180596,5.526127052877179,10.070908,79.75663818168402,67.39556295293076,61.91053851700543,71.84205792791045,87.81897274292214,89.56907086972521,77.861716389559,71.08041110764795,59.165945766071765,50.514600775186764,55.78443759455748,71.00733031796204,6.921042821876968,4.202919068390762,5.779691928592611,5.8841877959257465,8.431887132875962,7.172022923655075,8.656614492587684,7.166880433539257,8.194777769990662,11.031470090175876,10.514959307481853,9.342592524640567
63300.0,gromacs_replicate_2,74.90513,6.464216482405601,6.566405061165928,1.5548248,5.62408956422536,5.544618479298795,9.050156,85.34387173501572,74.94769604804048,72.13702865853216,82.14593434749538,85.76003016886649,85.76554902654196,88.03152325732249,82.13020030677744,69.9892010664164,66.25068142846192,74.54369219081205,87.74446711063904,7.627540322502986,4.667506162092669,6.199100932336381,5.721530443194812,7.9317934441118805,6.706337702901589,8.54950652367643,6.6800019772284775,9.10641439582003,10.925986599862384,11.042340822788681,9.393724258712718
63400.0,gromacs_replicate_2,64.15151,5.691693272281989,5.924751938386594,25.004257,5.136145491933104,4.8063485594521085,0.26797485,78.8175734386761,66.6335671589262,59.06580403913773,66.94443143133373,81.75402942941069,85.97111048963387,74.34633914311304,64.79339746255582,52.35371410810501,47.942077453168494,56.88823382704666,70.1181952331998,7.401718618370046,4.768090414429818,5.837691432600413,5.911487013613814,8.010323127663103,6.83551110328711,7.986580329241287,7.306446827450511,8.563489103595408,10.345393806903806,10.816645745695704,9.288684397738821
63500.0,gromacs_replicate_2,71.806335,5.2047658091778235,5.384416192343994,22.537628,5.392829847215481,5.108439215515326,2.209137,68.56633247429257,56.07348127906971,54.00464209506293,68.53409395323995,81.35100932618096,79.79499145566658,75.41390867818673,66.02798819122394,53.1555051917705,49.46730011342739,57.869394481595926,71.04587429045306,7.068036127119849,4.3573156359607585,5.81202202908187,5.8090590973911675,8.232322516827127,6.994683831747255,8.134088524230384,7.057516706704753,8.585077774894849,10.102491969422898,10.089993708220227,9.459242131119792
63600.0,gromacs_replicate_2,76.47482,5.95241572689832,6.048705694635408,16.184593,5.372456943664173,5.268013885296369,9.146233,69.62368326475251,59.18652168375311,58.65697828117387,71.70700654936651,83.12406759888712,80.12869175883033,79.42185201438855,72.92023488447795,59.43401673239658,50.86466644927697,56.41262342756348,71.30467015642328,7.167902206825679,4.256590681949312,5.987163202253598,6.177441086747841,7.579031805815096,6.855908612487233,7.9573522556351675,7.122812441002316,8.964932602175455,10.319917735052838,10.429013070794,9.916710463049949
63700.0,gromacs_replicate_2,67.694855,5.886664764004469,6.064643280411779,34.8253,5.387506479908129,5.260321292706155,1.3219147,59.61857930436497,48.61327044745164,46.77159134314868,60.11536902994879,71.48781845452362,69.3611021036719,84.33763242448292,76.07722330292388,62.9187103227658,56.62071837174831,63.71275426118297,77.83169075366564,7.207913870359982,4.281504643603114,5.882716344651582,6.056440504823637,7.7528030633209415,6.995119632543209,7.635454998187943,7.231107960148791,8.74832554487747,10.004206032765605,10.35458285749075,10.217340418334418
63800.0,gromacs_replicate_2,62.67871,5.780978741880797,5.868529753155922,1.184639,5.57505113458071,5.331210162929758,3.902542,85.61382482156353,73.60917691059501,68.72393627512866,76.73199723411884,88.52846034541366,86.01422456895615,74.86793762810956,72.46032914262797,61.61739343409122,50.671627369349366,50.507815358842024,63.79066487579557,7.59331731192063,4.9243131996376475,6.17793054501967,6.087787239359498,8.21643475680415,6.94177267863047,7.712991183250129,6.69462893141999,8.68011759897901,10.101866241213326,10.941070989476273,10.31171279884501
63900.0,gromacs_replicate_2,73.56235,6.248601372588046,6.4499949378547985,22.932625,5.243182627330025,5.116481308608531,0.26535034,76.66155274027376,65.35477705127077,60.938698220905124,69.20937671327142,82.58147393617112,84.31814547413555,84.50857552280894,77.2544060109487,63.38941479874291,56.0508609093151,62.35620043819671,76.89468690001658,7.200486952872809,4.403930926703486,6.282776913002902,6.363571995510125,8.041278048375084,6.899029450997844,7.64567154107813,7.167501802630499,8.74011661669987,9.769858317766206,11.163229030263873,9.677758173667245
64000.0,gromacs_replicate_2,68.673546,5.879905935968489,6.024342999770045,6.755043,5.54173524569198,5.23355014058318,1.1314087,89.00977956594042,76.75309296989623,71.64430044788658,79.64538413252377,85.88463920401173,82.71199250018964,78.49195974509365,70.52696669221078,58.80204025249938,52.23955033280297,58.25861533830094,72.03305746084573,7.442036547316492,4.663172408913451,5.967641939311893,6.219366543101734,8.247496978096803,6.848693171539506,7.467813945912028,6.794677103845461,8.570848441693675,9.84656120278131,10.377906831993661,9.511971331523403
64100.0,gromacs_replicate_2,76.320595,5.429918225969251,5.596186024888203,17.855324,5.122482444371606,4.98533775837087,6.654335,78.67037332132823,65.88090709193881,60.02255783580553,70.38733411314574,85.9259322334056,88.36021993307189,79.28230228078492,72.10345944805549,58.20157057017487,50.194224872956006,55.98134333362194,71.10254207544115,7.20423245828507,4.487941954846729,6.192694321330845,6.127025743185954,8.074291474290842,6.880196240225309,7.464728949260527,6.896689745096221,8.758257793937592,9.662449448927902,10.537265202758167,9.388258741240628
64200.0,gromacs_replicate_2,75.79274,5.351937402543631,5.609753087971935,26.5737,5.132386125931607,4.827405158327875,14.767212,75.53324028157037,62.64218993446226,56.21731727027217,67.31278154187886,82.66815213993885,84.27158729791974,66.0466860355989,59.86419311330131,46.837783194056726,37.491029892755186,42.49363424009761,57.26862879284555,7.472274159454308,4.7110024565293696,5.917731689824227,6.108900228991176,8.088604356044916,7.108906832378654,8.05672724666915,6.669055800743943,8.394024785974816,9.868616452832224,10.622697242348087,9.246843018032834
64300.0,gromacs_replicate_2,70.09147,5.972632761707667,5.87809480462022,20.199562,5.326968238039836,5.162961315970871,0.8335266,58.75127088009718,47.51083656300838,43.87081121185088,54.06190061100819,67.33417370888534,67.90117577937194,84.16382719559452,73.87120402344367,61.47885832844413,56.29936280076718,65.14750671330846,79.92501927269703,7.041057322432004,4.263244048049266,5.905330914818704,6.092245177067119,7.976723893022428,7.073556996369894,7.708437527475754,7.149268902025065,8.803663500312497,10.046543541379757,10.339927599734978,9.744354206890092
64400.0,gromacs_replicate_2,77.456825,5.96672705375385,6.076913578027931,18.667671,4.977701363996687,4.899635652557422,0.36582184,74.07888991120902,62.605603385714446,57.500726141331874,67.3407770344389,81.43251797183277,82.2636171913764,88.20958040917931,77.44055798189095,63.58247315218978,57.574593021948296,66.93008249712774,82.69521490266256,7.105477672988204,4.180708001733894,5.85711357407279,6.03894629679359,8.323257169172384,6.994046187684403,7.764491537047173,6.946458314208478,8.311283752730075,9.848217926713371,10.615138962965112,9.331234117858052
64500.0,gromacs_replicate_2,85.511665,6.164984991671453,6.311032950267521,18.75531,5.209159549014491,5.308552911857377,21.288864,73.36587890302414,62.75678818991541,59.063681312539245,69.39452035616277,82.50312905485114,82.49791963107408,80.58542203969711,77.0184852134911,64.5776436194433,51.80739664480877,53.680158220285534,69.32981952238568,7.254757989047156,4.233436653427221,5.955493786356484,5.875886570745407,8.317580602289302,6.71277334592835,7.5618351058304185,6.688217930453359,8.613397710031633,9.975117405112808,10.88615036452657,9.849059759977916
64600.0,gromacs_replicate_2,80.44817,5.608287346394573,5.680796393832929,8.11541,5.111091893400073,5.061599237417565,12.30056,72.49375628730701,61.039072372124025,58.1227783417354,71.29403129501873,84.43240122702687,83.52464067426921,80.79885707700865,73.1022837986218,58.61468005315092,51.14273029251769,57.907291891301355,73.82494889872042,7.0481966044745965,4.4169750546774225,5.997153370099843,6.290961068931554,8.000821055614306,6.893712540099958,7.574644033220103,7.0085254842947755,8.745785544213026,9.692575306036622,10.411929557695613,9.598662014013115
64700.0,gromacs_replicate_2,87.60032,6.11737110562965,6.234450570681413,13.310028,5.400340578644472,5.418608777070664,13.116676,85.72600202231366,83.66801147672005,77.7467361069348,84.93103528277474,80.71248597908271,78.01689996303017,83.978309088572,76.513048056679,62.86538275154326,54.35078017167985,60.459649060023445,76.27203367909013,7.030763994974245,4.2105101208526134,5.742020527739642,5.780346339919174,8.867149372178142,7.254979165055122,8.025707039795034,6.780245644542139,8.67439505571634,10.517070514476133,10.507937076735628,9.51005082823848
64800.0,gromacs_replicate_2,64.35708,5.5450984250150706,5.757473244931823,25.118805,5.616210288608392,5.294731875517294,5.1550674,73.73023033403803,61.31026864130092,56.750249868841,67.82677702678147,81.90095576214077,82.95128078308788,69.76787583316288,65.35637646995117,53.18046118564663,44.69257037922578,48.74664394717177,61.14918005019521,7.108923172415047,4.50699124583496,6.197363384482285,6.429599090474031,8.666153604254202,7.120992469431993,7.970945531950683,6.684921564862315,8.635852187379745,9.9134615270677,10.354676059917365,9.072873374062482
64900.0,gromacs_replicate_2,75.25867,5.594072529202413,5.738301388252,1.3939209,5.262886752343174,5.018096756814642,16.338196,89.57603683120657,78.3718510269327,74.15572626978067,83.87754084068403,80.91248165714467,79.8403139214726,67.22988016299175,62.329696494378766,49.5523916446814,38.65910996458108,41.64452636756693,56.94123051600306,6.776319773254179,4.124008872411695,6.146466918161459,6.709988784756741,8.202059150190555,6.924970798099245,8.145201622697344,6.777629936324656,8.72617019217315,9.74724716360136,10.363124744090577,9.053111240946205
65000.0,gromacs_replicate_2,73.741066,5.59729478062138,5.757951034963772,13.4748535,5.917473246398398,5.685812175070766,4.4004364,78.64549146979071,65.85786755861642,60.92340743253361,71.60788675370829,87.04078530767848,88.19522188405678,77.79111753028116,72.96165673750039,61.71391314757241,52.86768124136571,56.20978264985064,69.74526943958382,6.84506517408003,4.322603100561241,5.658415764919345,6.0783646118824075,8.656821932719328,7.316131961664004,8.57338834085655,6.852142715081978,8.506722122619154,10.196408251743001,10.222816963068533,8.467044517992688
65100.0,gromacs_replicate_2,81.34612,6.369226558606722,6.435563923708287,21.26152,5.1544569448808355,5.048857244201125,9.107994,86.05346851329564,84.26437077560549,80.96832207768169,89.33473337851318,77.43955354788666,77.78897516281123,76.9318881937969,71.20922538340515,57.23543075474738,48.85761879687206,53.93310790846784,67.9853431712554,7.19296526822726,4.552378210904175,6.248948515873769,6.3559432103467985,8.11478895092294,6.860573576222324,7.885863929114571,7.060217341394224,8.737383815011395,9.192038393843925,10.638295109208913,9.53524672468913
65200.0,gromacs_replicate_2,86.038765,6.3473049321799255,6.419574828035577,12.157349,5.482264535400686,5.684126587114432,14.52301,74.80002318596065,63.85881919630461,59.52190702692259,68.89945166623558,82.2025927989914,83.67442334219297,73.21658913847166,84.57980761726408,83.08600167767867,80.5187820025997,88.63354609986801,74.34375027710774,6.572831996521536,4.136393077815154,5.9470725633174535,6.254871518997276,8.427262963521557,7.169230663378034,8.64251654558576,7.015781671576101,9.01220094923957,10.102690811672838,10.665592001526372,9.20800095082715
65300.0,gromacs_replicate_2,70.15552,5.926299388614475,6.051300494682385,5.7850037,5.12194307075886,5.051086124700843,5.0271072,88.26616214006967,81.23938254310762,79.47576785233628,88.50997769776714,76.04959116604972,77.90654121370957,83.19609469232647,74.21098626860795,60.40153421188919,54.189741243625996,62.10286435961814,76.99099563234554,7.633235421150075,4.74814819157336,6.263199395630679,6.455467866388728,7.653197865999606,6.4472326278841425,7.070089815712401,6.96924913233024,9.01916883812788,9.066821702308378,10.585580878743613,9.665530156640854
65400.0,gromacs_replicate_2,72.59758,5.714466438109844,5.911876618046829,17.08474,5.245066420874842,5.141523073350395,0.55849457,79.7241806878298,68.01918216935628,63.49316103811995,74.2615836402464,88.3502235772545,88.86521721784986,85.3339963203108,75.77184925076385,61.99464328217291,56.690950215511435,64.9126235235604,79.654570691149,7.168604538062833,4.539744870644694,5.838833139638996,6.436577934178347,8.100496249429328,6.818909039095923,7.833139157287626,6.755855559409044,8.373843634522759,10.098531379024342,10.780178837287467,9.130953989878204
65500.0,gromacs_replicate_2,80.34846,5.630489982566102,5.804494320912594,15.147659,5.23148461817532,5.177120331405482,7.84037,87.06401871759546,75.1967942517425,67.92540808688011,75.4511605399977,88.53270431543996,85.25130139387109,83.9311858214214,76.7581105733089,62.97382217960665,53.73795707517272,60.78253490470221,76.41025601541253,7.268158723429562,4.628322758834512,6.169536282368175,6.343902178792328,7.926736931442025,6.454309398893456,7.389572088916001,6.832311704371306,8.921361179956689,10.530374273913282,11.089984637967172,9.72105584174662
65600.0,gromacs_replicate_2,78.78554,5.410121637257814,5.561866570257653,26.052216,5.192245368280515,5.030153533804407,8.010895,63.468074205179455,51.45613959062466,49.57200895944493,64.37055810771862,76.45274851612145,74.2505927772733,75.93033932438227,67.79346441910904,53.8742960294855,47.561226662410945,55.20720650237746,69.86368829708077,7.368833471831769,4.872255162331008,5.872875111525325,6.541600432105345,8.239242875637808,6.928152469670625,8.135203571576094,7.301827186627233,8.622959486748995,9.856214624404782,10.82342430873255,9.346333224973298
65700.0,gromacs_replicate_2,87.711,5.686841774348409,5.80331907410847,14.737732,5.471190526514788,5.270619570703064,3.198822,75.52658545230902,64.04191588480644,58.674602721016434,68.34553605071322,83.91215766667061,85.20401414058269,79.32492738066912,70.7361853787973,58.03328055422467,53.06585171010015,61.553460601574315,75.97222713210961,7.278438593232862,4.624628640331375,5.8801836126288185,6.815144755037207,8.386039976332658,7.278352436597484,7.704307465544197,6.955162769010473,8.873713003575324,10.057214460368048,10.192366479523821,9.127173352432605
65800.0,gromacs_replicate_2,85.378,5.756215142593466,5.997961089657576,24.686028,5.391308226215946,5.387338703633774,2.833641,75.08286009407168,63.88449510405935,61.38071256412073,73.91048742713593,85.88345356832276,84.66168999226144,88.21538235894266,78.13767813507648,64.84645932553475,60.05584018615791,69.67337851323032,83.44303705583032,6.820693088328794,4.351741062885685,5.540134623341212,6.172193925175582,8.13044764588977,7.154924748123036,8.087264338356967,7.0445737728419076,9.044899215716773,10.446968762748508,10.680866584529777,8.896928966609899
65900.0,gromacs_replicate_2,73.39243,5.705245394208671,5.997259334158659,26.702133,5.08132977985603,5.017286885724688,0.51000977,73.7860797989658,62.827143205022345,61.38478833791213,75.30105179030865,86.53255196703698,83.8741778319253,85.64184243143436,75.85402505915084,61.57137210250757,56.64415089056273,66.13473255882316,80.17737374900945,7.130166002188072,4.5762721742143055,6.447366470403484,6.624120403611044,7.770551109535149,6.804441115812993,7.393543365333678,7.306173141274123,9.145285525971435,9.885837150845802,11.13475830097927,9.53497960140052
66000.0,gromacs_replicate_2,88.02398,6.214501526276587,6.37460786919832,12.534386,5.241757097706766,5.339496001944313,7.2269516,78.76293722126992,68.50121513951682,67.05971477923545,79.0787797800167,89.33532279297349,88.8441776130251,89.01538062758573,81.00187004338612,67.23005779521611,62.397588264413116,73.38893007476312,87.81250494545033,6.935760604289588,4.102063174479551,5.943103169515077,6.02365769340048,7.991857607375589,6.792155747829536,7.5275005880195796,7.307894880995262,8.966168474062062,10.170838197559666,10.663556716171454,9.811953147635457
66100.0,gromacs_replicate_2,78.10109,5.190762353503811,5.4248931928576525,18.545555,5.398379198272546,5.059695211141004,7.8467026,77.19374093313118,64.84930511274685,62.14874941325162,75.8536154374424,89.73205956871412,88.3821265855991,69.16221216559128,60.9433968151964,47.55693369383632,43.02887034873558,49.702890884012575,62.95993477508026,7.510321368471815,4.73318758693667,5.72279094195277,5.862768513667954,8.446789947067783,7.264798121505305,8.367841158994512,7.280413345696954,8.734469211134378,9.656720862757336,10.625754569829333,9.501420781823214
66200.0,gromacs_replicate_2,89.59579,5.728422223920172,5.944038132780258,17.624588,4.923975763702736,5.070127737836285,6.9814987,78.53626178822219,66.97895378203984,63.056120053868455,74.86890447831273,89.27278750587939,88.5388251560773,77.96052280824182,87.8377565989922,76.74035549443205,70.92475359562435,79.9070894361706,84.472271248946,7.2119660228095785,4.607568777370118,5.692170576672057,6.011173126191864,7.945961163924266,7.0501418538061715,7.389290397226142,6.99039903802861,9.006870684936908,9.376623610497159,10.756979416437845,9.64031783227193
66300.0,gromacs_replicate_2,72.42296,5.648379755601041,5.820746367285313,19.52362,5.699886281523979,5.597343299233359,13.927933,78.4175620535058,66.29184893154401,61.25451914763903,71.07306114546931,85.93574821317584,87.4457027623037,75.97451277300136,69.77044637110279,57.139905341191124,48.154388348742486,52.83122341645333,66.96887678912461,6.91291441194374,4.131975450798613,5.979305801489366,6.0774848527770775,8.699601890715428,7.031155114829324,8.357005482930242,6.812193102298856,8.842375898422985,10.282121105514758,11.028046882875243,9.436847014106283
66400.0,gromacs_replicate_2,85.287,5.972927941627123,6.020847669938056,3.9676208,5.366475159456395,5.338048642709938,6.0094986,74.80706419412027,64.79203614320072,64.19142776479124,76.89232248363011,87.90596635447743,85.36416237069899,86.7750378197957,85.10336205648662,71.73700551613348,64.83664950123709,71.8548620263463,87.07066955049969,6.906018387962233,4.369648257473202,6.026458483483989,5.977921521490807,8.33015203171646,7.075529446547899,7.767662966220931,6.677447440768807,8.87750834877252,9.40107724228602,10.526944406743816,9.728149611937134
66500.0,gromacs_replicate_2,85.92641,6.489865076942657,6.483324969158455,2.009079,5.289318331102681,5.14435596171367,15.829155,75.53847369331373,65.83702755700747,64.44183153892023,75.39561838503091,86.91826515886031,84.95371725976071,71.4038141031914,66.25972148290286,53.40864960736227,42.93718664882361,46.52987004422801,61.59708648149145,6.735694062099308,4.1756189051367,5.84127352283442,6.262683170591743,8.47888518433125,7.117528531107908,7.9734939753317855,7.161071446505812,9.047566402704003,9.29110927921245,10.767460123933034,9.752258935983363
66600.0,gromacs_replicate_2,84.939384,6.073755589830186,6.15950684762655,18.507332,5.187748859719493,5.201990461957593,9.537018,87.62711403963515,81.90528832708284,80.09118508669745,88.12684488979286,76.7236621217176,78.00688525255786,82.297097143683,72.43654757484579,57.54697828354915,53.23720061120881,63.13311961347691,77.47646876932953,7.179384420901906,4.433459082843556,5.99301417880823,6.061682213768407,8.146663429531069,7.085287575580042,7.2159418238768245,7.047878291351353,9.286438676901794,9.231374039344368,10.855368228437646,9.801307708121515
66700.0,gromacs_replicate_2,76.830444,5.792546077613682,5.961704654142908,10.33535,4.981238506931831,4.899533030792098,1.1968765,85.52347742693902,74.70784089641892,71.36432085178262,82.88879286895204,83.94025238188809,84.30979678799187,87.1949579186447,77.20332713439765,63.06995332653979,58.13205075618521,66.09202747021143,81.04639184143072,7.079688112437918,4.276295416450184,5.7911610253809345,5.985739727130084,8.335132072121398,6.956428064740475,8.271728290053472,6.930509492285349,8.940355621740801,8.99891823368369,11.000795170064828,9.647746497885443
66800.0,gromacs_replicate_2,76.590706,5.701411546245521,5.897767482469088,19.051834,5.058588076890659,4.8084721848490775,10.693413,80.77603954241935,69.01337224673901,63.1733125303851,72.6278371055281,86.94912355591231,89.49060613996426,68.95630573276684,61.68998893268949,47.94219161774608,41.0116518422587,47.92372324673686,62.069039321077554,7.128486453359865,4.4181255545023,5.678609671531388,5.980154396242595,8.265119719465938,6.9208620897228466,7.739215170795057,6.740185069817974,8.888122195898182,8.63380400665033,10.557792715689937,10.00635928525032
66900.0,gromacs_replicate_2,76.89533,5.778575141318456,5.709919858588714,8.789825,5.446472548485112,5.2978513243543075,12.951698,63.93577688912159,53.67405515756434,53.35942444083545,66.60172027461127,78.4528232841887,75.1832393691387,74.63952548551238,69.44910284751234,57.15590151572134,46.801189293440366,50.37350919268048,65.37483031132763,7.097173356203733,4.439704947856063,6.126488950564614,6.532756439939325,8.029752493821924,6.971799797621121,8.113629371009837,6.98944620306445,8.98397575698437,9.141526301088444,10.637969357204554,9.568030948872703
67000.0,gromacs_replicate_2,80.96687,5.729126529787318,5.739654054418244,14.338844,5.20265607827358,5.0795303691793325,11.280899,65.17546035377991,54.17358603933502,52.10126771314638,65.74718173133414,77.9382208605328,75.97682415816757,76.77688008473841,69.73285929264121,55.59651305902289,48.06471768931514,54.22499553940818,68.24420288705572,7.274466092666135,4.563103784778748,5.638422131326096,5.588329632804304,8.658723891368288,7.072832121279412,8.2088269009034,7.054618199831691,8.806042146141172,9.665287899496498,10.341381271201545,9.039665985065994
67100.0,gromacs_replicate_2,81.711716,6.313565238807911,6.435299498051296,6.090065,5.369793174412892,5.214227843195456,14.465927,88.72594273993984,81.01685689394057,78.73536530063215,89.7837152392777,78.40179441494868,79.77501877424521,72.30121204226421,66.93469923274823,53.47962443583559,43.86617603721623,49.27996755952403,63.48666244059095,6.904411983564375,4.089747577791927,6.0003256380844565,6.166960066820481,8.55296459705857,7.048285924099978,8.150812043713215,7.090056673095652,9.474165967157681,8.874264335028446,10.868209495550307,9.992754587506342
67200.0,gromacs_replicate_2,79.80893,5.725240209065814,5.830547642100239,1.6496048,5.1711340847304355,4.995450629104093,18.774452,89.73103091651669,77.28432498063516,72.69016272307879,81.60414418023336,83.49311962925015,81.09696421120829,67.19862828948744,63.567761149531414,50.83184245521501,39.47898639028719,40.39013205461771,55.03473156943342,6.970234628161719,4.290520036922126,6.235947549726815,6.294947382468311,8.221677318320491,6.884914466965653,7.926822829372384,7.095460377147001,9.713153514079824,8.641465363559075,10.585966510241134,9.935008369012742
67300.0,gromacs_replicate_2,70.98817,5.7795039277507145,5.754415037546374,9.33667,5.282415570105923,4.953924338981325,11.978004,79.40070946514582,89.42278025530332,85.91246490133408,83.38357543910351,70.30910387087371,70.24575673928913,65.214297508095,59.40168335822036,46.635902654775315,38.64473162444498,43.37090638287658,57.031148588429275,7.096883392156941,4.351325226506997,5.681350702888581,6.070035641105435,8.491882071074318,7.073075140907794,8.301754151109916,6.93671594179581,9.16679974762488,8.932540613163244,10.44653211378009,9.28671393452253
67400.0,gromacs_replicate_2,74.19944,5.9437893744447265,6.133640436695429,14.497208,5.335954954645897,5.2122479144821146,6.677681,87.53357577777268,76.75700049930958,74.7926414412955,87.80365010632798,80.53990683898051,82.35458647400064,87.05561252972127,76.21173162355583,63.7388629751795,60.39003471405786,69.4982406436654,83.09838801434807,7.153817922296544,4.496223763128392,6.071399540108471,6.534847680090907,8.489857836323267,7.184937170594887,8.108004697731147,7.059778766861126,9.046260556843922,9.082508127563914,10.7791589663577,9.583994362607484
67500.0,gromacs_replicate_2,65.65177,5.326067211859735,5.4565238372683185,8.315109,5.294724322597908,4.902353357858665,1.4083176,80.19081473223183,67.43722693110651,64.03291205225054,76.16291678585395,89.50193369593572,89.49573623686878,72.51065629461105,66.57354295228171,54.47773591876222,46.51578751397049,50.85162486562057,63.81973987439215,7.176866103073456,4.457995551983726,6.090426920804441,6.0182588018140795,8.120276310804577,6.930244346214596,7.9438681208583946,7.048425610475885,8.818681958053205,9.172974412394888,10.468875163174147,9.501810635131903
67600.0,gromacs_replicate_2,77.07185,5.4324350818261635,5.660183830293544,22.308594,4.929502992089399,4.787744615558743,14.780884,81.01551915619875,69.30409507095166,64.00558370280001,75.0640341936809,89.83153739443367,89.7118844058263,71.76818709042155,65.54217611855401,50.70445609342476,41.58722586000292,47.41574041672009,61.83474884960874,7.151590110130818,4.490785526379861,5.939364336779019,6.409780038369867,8.07421327638571,7.027580679030078,8.364574178696207,6.958888030821358,8.789820785815682,9.44162493780135,10.466393491443855,9.314286285466064
67700.0,gromacs_replicate_2,79.88747,5.695561891152057,5.842118496191527,9.62307,5.356640414463495,5.1382214472369245,15.548996,88.6852926160678,79.8722407192588,73.78519862732387,81.62283107031392,82.63890691370453,80.03757537929579,67.39180119328013,62.089521429013196,49.12066106111494,39.8101279515539,44.12777204105474,58.7817569202351,7.134727813867365,4.405540393068671,6.04058239447135,5.939220553183888,8.547302570594535,7.325758320845533,7.978011928728445,7.452687126014585,8.709135141685735,9.09006621774781,10.561680515176775,9.34697216516135
67800.0,gromacs_replicate_2,73.55832,5.946014045477141,6.164785077356546,19.822983,5.205653262243552,5.13085119608893,2.8627548,86.1380006179411,75.42832601802785,73.5243749085901,85.58339885551149,82.7637743086262,84.36106553358692,84.00534394833379,79.12450174410172,65.61216722046197,55.82170946323691,59.55514512702876,74.33187959995364,7.43529170641462,4.646147277230385,6.06341165778595,6.042325704477449,8.28238366393832,6.918421663756293,7.524724931356937,6.751313590860843,9.351559029593583,8.963626771510821,10.643838560880232,9.806343938879154
67900.0,gromacs_replicate_2,71.435356,5.619790128140195,5.6887957645929434,6.3045044,5.181460192080424,5.018716710476384,8.73941,79.71603851718316,67.74504839214035,62.90476787067598,72.01023663197756,88.15270494774026,89.05371101498584,77.71094617808902,71.84498641803111,58.68274473880105,49.1834943302395,51.29437016486183,67.05622323279295,6.946921844941253,4.2365130776456,5.945209774479618,6.570985126299893,8.112524395608254,7.10607733760472,7.599207573804925,6.644757629957763,9.023094125801666,8.86558476236871,10.439436146500508,9.723482971124598
68000.0,gromacs_replicate_2,76.993965,6.206386494260948,6.1121886940900945,26.592545,4.978760171681764,4.9852301537057375,17.96608,81.81770664826387,89.72283315986982,86.180260882907,85.24038982606463,74.04375662046931,73.83759241136765,75.14089435344597,66.80598390435605,50.92276291423104,44.44564279467155,53.81414319428615,68.93982606230374,7.079742266671799,4.186522404942426,5.7926666664639495,6.08110839481496,7.845705202805181,6.7704838073725035,6.976595333854,7.103281545962714,9.41267756054091,8.98597141405665,10.663969132921647,10.373033949281908
68100.0,gromacs_replicate_2,72.298706,6.172713152221035,6.296068156505217,12.372742,5.371261621920862,5.197840329218745,4.385643,76.09142431183288,65.2660430128959,63.800595862468164,74.59430489170597,86.31604505050899,86.04244737920988,79.46393502035039,73.0326695993037,59.0675786063438,51.483492923608836,57.071071583502196,70.85203711426739,7.053385258955545,4.163164842246148,5.856236928074228,5.990533804401828,8.575511904458102,7.078804193049038,7.71150449862579,6.944008311344231,9.337258790627615,9.8527223269942,10.485304272069861,9.57119333232491
68200.0,gromacs_replicate_2,81.33946,5.810871932981177,5.79563038336458,13.275917,5.014419458577511,4.857175598695649,13.264351,83.28917260465924,86.37057822514254,85.1450545060858,82.59047937016874,70.84548435795811,73.24125105613948,71.94529560675133,66.8050403047594,52.72192298251589,42.68904499999744,47.35453687014081,61.88177492402313,7.194152350841793,4.555594091390346,5.922149610644979,6.505553065346491,8.100683575707695,7.124961386234272,7.656610582675268,7.282427113089469,8.962958997501085,9.156244468373622,10.079301008119758,9.558852609845186
68300.0,gromacs_replicate_2,76.66069,6.292503628936378,6.32191408366771,15.050629,5.064835073138691,5.1323199618904285,5.4593506,85.26098208223316,84.99193674316467,83.60243926439618,86.28530681184958,74.50072642710182,75.8244813814727,84.01593638872963,85.14526827930293,70.83894537526551,66.68893061124085,77.2831049676359,88.24605706476295,7.392158036844292,4.7555622535200195,5.85317952027807,5.895032095598457,8.26932630139205,7.007157093889871,7.919897836201426,6.683487173220879,8.971463985228525,9.299954615563374,11.242690733611457,9.614701952936192
68400.0,gromacs_replicate_2,75.933846,5.419178597129109,5.59182911715222,18.602966,5.522192199642796,5.38055002177777,15.484779,73.15514881056428,60.97205468860569,57.684853102828185,70.08977626125157,84.44341920218064,83.94346900401283,71.43175454543677,68.15583323425379,55.66021408239241,44.71843399163532,46.41212903843726,60.247278687069205,6.833664195450644,4.273398127027781,6.128771965324349,6.287793988139364,8.268899201689976,7.053779966505985,8.081583036799309,7.1247522035731645,9.182992475784213,9.287986982750182,10.413884729626762,9.45831384643053
68500.0,gromacs_replicate_2,82.07038,5.7180749726453675,5.98264239710335,36.618484,5.162659654373527,5.090948266504875,16.243141,88.38676501355428,78.34941761728022,72.60913773312973,81.72012889256216,86.05087627834291,84.3696746136332,72.38675056491313,65.13324545123234,50.55135817555064,43.729947125434116,51.0846688235458,65.72591467192461,7.309342783231034,4.848538830722862,5.957665404570583,6.192006376570159,7.608524594395753,6.949781891913539,7.487204939350376,7.072541725298185,9.292556077793035,8.92292491221818,9.958758058290563,9.472492489358231
68600.0,gromacs_replicate_2,86.96385,5.7970687540818595,5.941975657083795,5.3379364,5.184392601404421,5.02497506620106,20.823204,89.21341088888927,79.13035452798377,73.52804163361756,83.03465132417185,81.8638662221275,80.00731347960537,67.55992464201616,61.825029445585635,48.66249087888205,38.60182715746848,43.66949752354774,58.89239006194008,6.778942444643127,4.439611123609083,6.07276402359753,6.407933819802439,7.9284885762718424,7.067966222711703,7.685810699667259,7.2129435482042075,9.435393809572417,8.756010334149272,10.517732703311715,9.446764384237985
68700.0,gromacs_replicate_2,84.80859,6.073476715079126,6.231381400835165,7.6671066,5.2612335517587425,5.220692505323657,5.9928513,85.10199707546,74.44510907207476,71.4717196300326,82.84293902579427,84.32126568733132,85.51873697803893,85.0184268787129,78.44887433059687,64.6794283268189,56.236433940699705,61.340124215249354,76.5603535981553,6.885611569966719,4.071536071908186,6.255891562429834,6.285708198334391,7.910646853825426,7.013396037791793,7.566535271571568,7.058080442585816,9.24199742177787,8.98654335444794,10.169069840843575,9.83281203157447
68800.0,gromacs_replicate_2,77.31864,5.74234979845397,5.878571156379253,2.4041595,5.40855744840468,5.155877053305121,0.14173889,83.83407713090911,72.99624808724748,71.52608931250651,83.99712599663947,83.07290404028056,85.2392056712886,79.06935473398464,70.34156938793593,57.96118450842359,52.41143736614897,60.007639982643305,73.85099591746251,6.901527625504517,4.472871933282113,5.9172887137365295,6.537654906458924,7.887130368674366,6.788104524251683,7.609818943543439,7.1322595782100855,8.919733687711963,9.194025145901461,10.099966044150499,9.497730345034089
68900.0,gromacs_replicate_2,81.14108,5.941942432657509,6.14854964036685,25.333267,4.919290350830069,4.995351725910111,7.008217,87.22627115422627,76.08145920119449,71.30159352366597,79.47144950938316,87.03496525763664,85.44307310335624,89.97056829155345,78.86975281504982,64.23064227942436,58.967938468349104,69.54025140871751,84.66107554797192,7.125210539261645,4.463391187653688,5.864405981959319,5.710045728593937,8.02372620430914,6.765269674780644,7.736984778640731,7.3375367876663775,8.920192700430011,9.01111949636746,10.97733639716651,9.711531044045765
69000.0,gromacs_replicate_2,79.60343,6.175441780141336,6.056890143599485,6.3710785,5.814406622123729,5.72097351227251,9.14901,74.07291800469523,65.14777441347486,63.67901871201105,73.96469796568564,85.56383411339448,84.32378141982889,88.56118058187391,84.52238105416261,72.68218847708248,65.33650513915966,70.2220031565823,85.11238082206914,6.8026955180477735,4.033980095665925,5.7589954942345285,5.950018899691207,8.526415357773695,7.362894767694599,8.87474588458186,7.278257305643862,9.540676893662667,9.800703833155588,10.746910999784776,9.642616066344004
69100.0,gromacs_replicate_2,66.986946,5.169208360262518,5.338927833699288,4.1838074,5.4267205070789375,4.939062117712228,2.5525894,88.21836152232028,77.76015342682719,70.99373619003127,80.8618810956943,82.67635559296201,79.29181611434205,65.56571522269125,60.804172253233965,49.08824272060615,41.09077643015731,44.20328982162115,57.67319729293731,7.142485903301144,4.376607803624589,6.183986865093193,6.416651383501653,8.682173687180594,7.051317237234992,8.589142965789971,7.222290964696355,8.493789292181052,9.353818610079546,10.29740431416426,9.61678452189533
69200.0,gromacs_replicate_2,78.195595,5.747450491778738,5.9564936832095965,23.660927,5.1142136326621275,5.061050092867683,18.12526,79.54965660525205,67.50627897543768,60.31841941018728,68.17635189117695,84.0950286237484,87.13966511259804,74.26413153415635,67.46749844645741,53.62754743088111,44.63565925323584,50.80530031365412,66.25190443629896,6.896415056426665,4.548277274186723,6.01511470125518,6.188440971646153,8.201595602608663,6.818186224178512,7.2694916848283,6.815286547926981,8.997012812927947,9.435546589323286,10.62783231347728,9.506803347218316
69300.0,gromacs_replicate_2,84.79925,6.083299712974634,6.175688135210824,26.092842,5.470684885657103,5.395439631684872,0.85147095,65.24035361541077,54.462118978389725,50.048735931674265,60.48088476819736,73.99483946966228,74.17684683697549,86.91514435578972,77.58642775161427,65.34235094907105,60.19243173266623,69.53228915066632,83.14992848281781,6.620869683508598,3.92373911996865,5.750001291428403,5.907731613456191,8.15105409205137,7.221453086622785,7.881620467075224,7.372909976243226,9.089728711653175,9.309858773068107,10.514401282785633,9.123747304466626
69400.0,gromacs_replicate_2,75.053986,5.951386869300922,6.000540109194383,26.61818,5.565694874229254,5.461695077344327,11.833931,58.750643732921304,47.73509764263115,44.34550022366188,56.44757141612796,69.04964257296724,68.42241885863747,78.64801835914656,71.84180145192137,59.31520323604216,51.13986347662092,57.22423332603472,72.17300523982256,7.037207279180276,4.521670997463239,5.861913526484019,5.8898766828095,8.120240959989193,7.069805510352186,7.3550137708762815,6.917959767770671,8.86763283381234,8.82850062315589,10.294219834364117,9.600054315282428
69500.0,gromacs_replicate_2,78.494675,5.718071457437931,5.857528373100518,6.3179474,5.428448994136971,5.346418367703333,14.694252,86.60164209553776,74.78833405470843,69.6408312977375,80.29693498086877,85.45807543468291,84.04575005024718,76.63413187939642,72.8972087157575,60.10184744196457,49.453893519719685,51.30134320280586,66.04965967097371,7.343567831954628,4.580636470271294,5.96477531902573,5.955715145889066,8.214370034204261,7.06596584452842,7.887381478116229,6.954318664082946,8.716673849745089,8.948810644750663,10.358525939124668,9.307007784560527
69600.0,gromacs_replicate_2,76.84936,6.348216343065603,6.385392149549767,23.378342,5.207257503538107,5.135962280601649,9.09758,68.65725416967531,57.86067317641295,53.128058382939,61.34232980667387,74.9893119068612,76.49374977129258,80.90206651974219,71.63702620038721,58.075180541401906,52.12036633605032,60.40586842144617,75.41628619241943,7.323852652308114,4.56026174953417,6.03913088619882,5.922455878737943,7.974693288468488,6.765341363316483,7.215198635475496,6.6726220873337265,8.955840404592259,9.31824597631466,11.079574358006912,9.856888407724568
69700.0,gromacs_replicate_2,80.210815,6.543596459845089,6.735060207369991,29.983349,5.061718925785756,4.948574673673375,7.666382,69.26335394593833,58.58850890986634,54.31951654094376,62.38492163538257,75.22739416270542,76.58065221363282,79.45379134959157,72.75591801342256,58.39754812976026,48.985994736418384,55.90267127752377,70.81900962251103,6.807832784849248,4.54277930695705,6.134058851971507,6.250177980292681,8.157015309450712,7.021389557367416,7.551502083539041,6.76444012989533,8.93491126307101,8.975948200057099,10.904080571878351,9.599616114061092
69800.0,gromacs_replicate_2,83.194496,6.228477995161455,6.338232535961656,10.283241,5.596800168543328,5.680955011104411,2.1234207,84.07630275829955,72.99796021291613,67.54552501745616,75.34494239344097,89.34289121142504,87.90043224974066,83.14272177539918,89.09071163014838,76.1350836898705,69.34234606919841,75.63133147475546,89.59354140649812,6.916107429096217,4.198821551728963,6.094047395481882,6.172489073289038,8.163939375086448,6.583489872753766,6.564489360445406,6.537792818449837,9.540968408194006,9.007351582582357,10.983928173573153,9.70821472401286
69900.0,gromacs_replicate_2,82.836876,6.452919394968393,6.555626109413648,11.314316,5.419444236547923,5.363715489160306,12.597687,85.93417319436062,75.10858195422601,69.12127132868511,76.53630931476404,89.65790274386262,86.77902269046149,82.16113492186196,74.0380694128699,60.88421128719826,53.00340723292819,60.78427528087339,76.44571101222535,6.662480509354626,4.152883142356262,5.886338939500593,6.5223531938648085,7.696018662883413,6.93218245479156,7.655758380212062,6.989509224628517,8.905498540744242,9.298918403228715,10.825336170258598,9.282031720298711
70000.0,gromacs_replicate_2,74.51677,6.027975985203128,5.904659905896483,14.544884,5.711246490806494,5.588436588156333,5.378128,61.96125275360923,50.968329001989986,46.90942858308762,56.48756544480011,69.6644465400706,70.96488586853363,82.21477587330031,76.50896041287716,63.98847280001614,55.21986330464408,59.45855701724705,74.04072806897268,7.51081594878786,4.653032096648602,6.184373341786919,6.097637765615864,8.159642910537409,6.771578970674572,7.01836512919899,6.597486695587563,9.120859735632912,9.545910486265425,10.731145585101125,9.713151963107334
70100.0,gromacs_replicate_2,77.05684,5.825633858663247,5.851628311675194,14.064796,5.398509390448371,5.122139774842341,12.658714,69.49591135021511,58.11243866407625,54.125235958264334,64.85758205125835,79.66007489167968,79.36924377169082,67.5052734889793,62.76750564928559,50.99820527481584,40.54748443842826,44.191696405259236,58.10136036772284,6.823647578035378,4.399677978990578,6.202821980625844,6.563037863847761,8.27095274857013,7.132473824934781,8.264118606820546,7.018887912424593,8.647268504029816,9.231974013144216,10.688162227880229,9.64213576356025
70200.0,gromacs_replicate_2,78.86086,5.965156580227435,6.025611184440916,26.141052,5.208709823254951,5.169240812568983,14.179077,65.99686905091336,54.95512879568452,49.29846267169094,59.357950605060935,73.88212327108225,74.75268704865195,78.3023477711986,70.95495684435451,56.707221864333,49.08406219264609,55.70013306171111,71.22880948007125,6.866497085786226,4.3944938969289495,5.800248234824162,5.904871431090422,7.9599853575171675,6.78750282851154,7.215433029446448,6.71259732231438,9.148795172767256,9.04323936267263,10.687710680096542,9.756579389248207
70300.0,gromacs_replicate_2,70.60002,5.961886593789306,6.124786598166763,18.815727,5.276804765447491,5.162737715189428,0.7413788,79.41909194458309,68.05455815391792,61.70550437714741,69.6536068244392,84.09469987064278,87.27673261251519,85.7757664407538,77.02781191912031,63.922035944556534,56.8993638918585,63.52077074843997,78.9682828194256,6.614160509047,4.064876652780527,5.852317159722594,5.85624507888277,8.27719192295666,7.068172109788193,7.401186348423424,6.956267755111395,9.089163377999155,8.88323711576513,10.651294319541384,9.614560217608974
70400.0,gromacs_replicate_2,77.33784,6.539101105168558,6.7298003295668885,18.78466,5.293432273022048,5.278923144244285,16.26242,80.1170204344598,70.41928113147725,66.67399951345553,76.29798035904179,88.4292957899637,88.49270152859373,77.38032671386058,69.07860684235077,54.57398284118448,48.058243840438514,56.74618003417721,71.41217965178953,7.091057010643284,4.294648130943784,5.917540923218882,5.800621850573642,7.870141931446716,6.769968162658811,7.083145584388176,6.9377616936982935,9.391757653919907,9.032693684963188,10.999467618100661,9.751892421273114
70500.0,gromacs_replicate_2,62.788155,6.347166629754759,6.532239220519964,13.195267,5.277327069525145,5.2075834834055135,8.3918,85.2314227866303,74.92621344067348,71.74178713474032,82.83180173406791,85.52060823908026,85.73113883498388,89.0862293649356,80.1265603065147,67.00190351991097,63.65450904877655,73.11961323730682,87.16907165928858,7.148995402436131,4.493753555644284,5.942016227948953,6.143326972081606,8.023630257899896,6.870200183160489,7.109765088409431,7.338152802781493,9.12923653315801,9.535469874262567,10.805054178524419,9.721282850868652
70600.0,gromacs_replicate_2,73.070564,5.4357088360035775,5.606126547059173,19.29522,5.119100582868559,5.0452450480760325,1.2251282,86.06370393302134,82.07528398365082,74.47047664698181,81.91799641648203,82.52014085411844,78.44730898300702,84.66089706999547,77.871179903093,62.939570806969755,56.26341469580344,62.26322952044588,76.73324767446823,7.233943938368653,4.583178253272739,6.0036718549681005,6.308241353687268,7.958419774182634,6.642224612804417,6.894736518868145,6.920918471740545,9.11366893979523,8.807179341280964,10.270858167640151,9.44234853895958
70700.0,gromacs_replicate_2,71.10461,6.103905767685781,6.262382326513595,28.740143,5.243202822545353,5.276603797338563,0.2146759,68.18960870165915,56.84187373116458,50.91899099287082,58.958287184794465,73.59140986818622,76.14839065147224,87.64696447519879,82.98420725731457,68.57327135885964,63.0945352834115,72.00300348659509,86.77342970144564,7.01627504688622,4.390358152053012,5.87725857544985,6.2446035396571355,8.182923476447039,6.843422544244554,6.789626093271627,6.492197968201948,8.889415193894147,9.538355056059661,10.949210848842801,9.595079142470636
70800.0,gromacs_replicate_2,71.7723,5.655281612695616,6.002420389906398,33.887505,5.330082632353037,5.236842205371381,7.9779053,80.58042785920452,68.98023151527383,63.41807766342958,72.42692912359063,86.38302320368162,88.27640569098045,78.38268197535669,69.24183694501397,54.889994955370696,50.50393571495915,60.11274565108279,73.58509863954046,7.219615849208293,4.4135554766129825,5.419421517467105,6.027848425770575,7.920204725084839,7.133340571836918,7.31977626073165,7.541651862857679,9.038822982054848,9.084378842152283,10.975876957935228,9.067427092352574
70900.0,gromacs_replicate_2,81.61785,6.124405256010781,6.403208874806073,38.10623,5.15000690875466,5.243249162443195,8.956062,84.11009917386436,73.99459737090878,70.10703133305834,78.14188648196513,88.77439246508197,89.15736763982271,88.61149615692548,77.30045475692386,62.57973361584844,59.84872369815531,70.82387967475337,84.51264975056435,7.036002290817613,4.245787648333357,5.8242809432611695,5.978167836497777,7.859817346907565,6.772739107809811,7.004320005319528,7.131213930984003,9.09459335518796,8.986177014275697,10.706377978678795,10.0373166699517
71000.0,gromacs_replicate_2,71.274826,5.879775260840887,6.047317827824584,17.124786,5.4612689403802905,5.3479728776482,8.371086,89.77385122551722,78.8783087026442,71.38699234294943,77.25893207271372,87.75754268136689,82.92923037898203,78.6238803541843,75.10151557031419,63.14436675216798,52.38972273814365,53.45935697555738,67.73210733509153,6.958588548909798,4.647815700638746,6.029373710626035,6.616272804141905,8.055910478075829,7.084646314760171,7.8734282547697285,7.383703929313564,8.830634727189269,9.28190612193199,10.351616563903788,9.660767569365595
71100.0,gromacs_replicate_2,84.38213,6.258432016951432,6.544768823778861,32.14412,4.8885740226457814,5.063506045829579,2.8471756,74.17076635894198,63.834993698748775,60.51394499340305,69.79360418234927,82.11466051703651,82.39029331941715,80.63658483403165,85.81036089097935,71.79198145002154,70.05756693666436,83.74846356539601,81.74175164238794,7.0146331271967135,4.272004797706685,5.974788386509379,6.216652728758532,7.808982510020908,6.786525644827787,6.204688049037157,7.0456954440333845,8.956248814822072,8.88674922397053,11.004962511551442,9.955853067972669
71200.0,gromacs_replicate_2,89.18775,6.297263066208573,6.507645180799108,23.444038,4.9522242748277625,5.12618566378639,13.11087,79.8824290193415,69.6442784293423,64.79021789310318,73.85446230508926,87.25448018961943,87.87168275912511,88.39345381151034,81.30800168213909,65.70588507688032,60.048719347697734,71.04618780347842,86.73799778703707,7.093243149041296,4.377926525000133,6.044737046682852,6.196194767956987,7.618164473633153,6.734374885474247,6.883311391220257,7.065650630644931,9.288853142462994,8.975913091911936,11.013650392294851,9.771076148904077
71300.0,gromacs_replicate_2,80.3533,6.1972795825140965,6.501375950340078,33.157303,5.144905619306356,5.118867166834701,8.063469,80.0664841923588,71.25901390960139,68.51264657349455,79.60143590203941,89.62755679121555,89.19506595115058,81.9964505598006,72.54384776870022,57.066417026067306,52.921325677372074,62.58509237301341,77.15810116278978,7.21122553004122,4.5967168050066665,5.7711162485387195,5.818567831386986,8.107530574247724,6.842756810687875,6.954133346906247,6.755518545150948,9.21523451991011,9.002455736648134,10.804364453634664,9.69526544378182
71400.0,gromacs_replicate_2,82.77754,6.6203726259200355,6.6053986697854645,22.872955,5.195776416252761,5.193538343940404,12.43821,63.62384750288992,53.34500562231311,49.65378496100041,59.16129610074265,72.17282898497237,72.11472472957553,82.31843300278408,74.65198459501326,60.59694291584738,52.239310873076626,58.82154873736581,74.67293529683971,6.96766546512172,4.249135118321986,5.911527536603161,6.184338636350372,7.8323148465911485,6.768327684671044,7.062127023075947,6.690681091387362,8.855494698586186,8.80334731215191,10.89408279034588,9.744852926200046
71500.0,gromacs_replicate_2,85.85774,6.850250364936727,6.977024438799648,8.391968,5.116890544409011,5.218324163327391,2.2497025,87.34310840994969,77.426143659266,73.79798159759346,81.71409062762233,86.08749938380353,84.7075398603112,83.91514422452529,86.48818531350514,72.00808268152794,64.46843814234151,73.75331141051527,89.78378121359181,6.7878145548516615,4.4838774627450135,6.3044282963608955,6.547702236851121,7.4667626998605785,6.467856414998514,6.498967626413525,6.90943260914105,9.280084834311706,9.249692089676065,11.27156040554185,10.26572567593974
71600.0,gromacs_replicate_2,84.82418,6.587092317440517,6.677981369209178,16.72113,5.090223534040665,5.187343863932135,6.3251343,76.0512268789207,66.00139678609325,61.399055710552815,68.69923276724779,81.43282218604814,83.58803721946965,86.20182488944258,85.16254064247728,70.80432157920531,62.22746297071168,70.75643353232712,87.09547307748237,6.771684950672293,4.531092067613394,5.792327336483943,6.198674820339542,7.98574057098195,7.011701526936263,7.309935710368262,7.1294985696114415,8.983153179565928,9.396756064809262,10.878122003726704,9.200924516299647
71700.0,gromacs_replicate_2,74.1272,6.0256346760812525,6.266223548666852,26.640144,5.085292128572909,5.117389229565838,1.8278961,79.25245803522544,67.6782877037646,62.06246988998523,70.30299745554306,84.49731456565779,86.83688274395207,87.76810281264034,80.37873263321829,66.79015252295191,64.10542367674135,74.67887567856934,89.48981327542744,7.169338604054451,4.620166770939485,6.037306262969087,6.415623538486049,8.03944824805094,6.748912469913936,6.504524754646099,6.9346516950836685,8.96790698247534,9.119055498716577,10.699179862769192,9.454445205814435
71800.0,gromacs_replicate_2,84.39927,5.996540480971553,6.073881073498655,16.789536,5.07363094315877,4.922757287084138,7.2910614,81.1283467296385,88.23697242152862,79.79617304476979,84.84677974917393,80.72374699706164,75.01869692458823,79.99783297629837,69.50616254635891,55.549000901320774,50.0077139899236,59.41865034853621,74.78181904076276,7.021424137708298,4.307862482705284,6.084735341338582,6.315001685072805,7.926198405206279,6.722817150705504,7.192224729863707,6.910855178161613,8.590475646509482,9.19670407364114,10.331837400508686,9.23285045686664
71900.0,gromacs_replicate_2,84.558685,6.322278472541039,6.359044890832768,8.485764,5.529409548686023,5.531101681009482,18.09533,75.15568278579543,64.56480843688419,61.1977772084499,71.15538151660546,84.08434845982895,84.33974577856621,80.21585701421223,73.31437253731009,60.21119786093238,51.4981164027891,58.17903669731758,74.18512756402816,6.722304009009192,3.8998881707353052,5.911502120592647,5.9504209348781485,7.832385396761689,6.824250664858641,7.257809183850681,6.9264157609736765,9.156072563971303,9.64200552432451,11.271929473812792,9.851377855429082
72000.0,gromacs_replicate_2,85.08779,5.9310536390826165,6.015726273215685,28.198479,4.993845674119357,5.190966545302921,14.523697,85.31356893595608,85.13875721119253,79.3850777627371,86.77570425402538,79.17624247686646,78.08019370177051,87.01203306532115,82.86048990913054,67.50721889260639,62.478879523909136,74.11880386530224,89.38749124363201,7.0658943629069295,4.426318270234159,5.815283696639751,5.874768964939209,7.636006489333084,6.719612814926156,6.73130385221059,6.94001865191055,9.33230229599654,8.698545902905135,11.10571824311634,9.730302813768086
72100.0,gromacs_replicate_2,77.758026,6.1369067267005954,6.409318355087656,30.838104,5.078346482676001,5.1868989129115555,4.020645,87.04723753328987,76.83302928140115,69.70237126044641,76.08124272420046,89.51031423264337,87.14098991790729,86.16243904401499,83.50395818356516,67.98494510354234,63.38729391244045,73.23899346578376,88.61370846479917,6.9807456089139,4.316462771306614,5.915985752164864,5.7969456779844055,7.946171178358954,6.59989196132863,7.111353446827499,7.051862254294321,9.284905145827727,9.235832716170211,10.543468096471111,9.658298349890261
72200.0,gromacs_replicate_2,83.77139,6.609491023368068,6.674326139366107,18.94619,5.206998487704595,5.3492566827504495,22.803978,76.28086183905214,66.14999610501671,60.77380751416808,68.2548467714157,81.32423290008578,83.44442336540571,80.35034330209858,77.20352286091006,63.38518996402616,51.50158964024137,53.78573609388528,68.8864779262224,6.8825731269574275,4.094845082787021,5.832976737399989,5.817166338719973,8.358468979698749,6.730448616935088,7.231143883330808,6.947624184322266,9.443387891279755,9.208195904753037,10.972999471084197,9.958645348342902
72300.0,gromacs_replicate_2,76.65081,5.61528022096861,5.773942425706162,17.678192,5.053351407829045,5.049708436828326,13.573914,87.60599650904099,80.62976110892613,72.77369918234405,77.5754871539871,85.90440864486385,80.56499457822622,80.04145479581521,73.99154210310793,59.544631142767415,49.48787912813592,56.25244016160566,71.798308857632,6.9335347633382165,4.285050427123731,6.034883760097247,6.307398855205232,8.248607475364112,6.935220290766387,7.766499968755514,7.024766710365298,9.254739869991724,9.240542895168659,10.419055935311423,9.75763739895611
72400.0,gromacs_replicate_2,89.85317,6.007563957721503,6.192243901202483,26.50383,5.378041395137727,5.459650665874786,7.7342987,79.832052797295,68.6445545718219,60.993720552296196,66.80085627655787,81.78381304213741,86.22371005792007,87.81826186815182,86.56014618287284,73.34230125644957,63.25461020354599,66.96119776927682,82.09606370554641,7.077981988997086,4.3876338587372326,6.06116875438343,6.179643613026478,8.363272926931709,7.105951323577097,7.7764873644685295,7.132199071068254,8.938939062729649,9.285104242135125,10.512285087123518,9.17199172140527
72500.0,gromacs_replicate_2,81.87734,5.967810690640586,6.185337002204944,37.128403,5.14305420551541,5.26003728165946,8.462494,89.89366401395458,80.50449105067315,74.64281805010337,81.00466831783935,86.03768878912952,83.72314685753521,89.63941111704698,82.73326826767823,67.16441694335076,59.80796410485,67.74864931928674,82.69653470311623,7.242267483642969,4.662135517727548,5.8335534002099765,5.686528054598607,7.863446613088281,6.768706807410355,6.3623747775032715,7.03968329071554,9.238635227224355,8.811320080422515,11.009131331462806,9.52735172144893
72600.0,gromacs_replicate_2,78.28663,5.826647279937621,6.037299267817536,23.786987,5.175962405728261,4.958209929156429,17.45958,79.00021559844336,67.02701829279603,60.72905222279759,68.70912599414478,83.3026506891954,86.68104457508407,68.01569967225464,60.616721185414626,47.49781422428146,38.52629956977268,45.28772946988313,60.59005874452158,7.009076606428978,4.460144516711814,5.8595506153329655,6.245690268164888,8.085124706509944,6.948493743550086,7.681788810316265,7.0951227991057255,8.821204432085818,9.581242005537131,10.717410070682671,9.095133014630582
72700.0,gromacs_replicate_2,76.81534,5.722178043518061,6.044956123458699,35.47924,5.171318672780129,5.13330014617369,5.3886795,74.32838870404794,63.478712183989735,58.77966526999512,69.32883552579185,82.5736169002142,82.8364147800381,83.55323166749118,72.16912254085214,58.0622873388795,55.912699791554054,66.18924874840467,80.34319082947532,7.277628285502355,4.511812858644731,5.793072192769503,6.204800082740139,8.008819250455629,6.888065647628658,7.140641933428869,7.025312089971646,8.983101510698159,8.775746179563074,10.217464177080997,9.030666308001274
72800.0,gromacs_replicate_2,76.00917,6.485455080589288,6.742306488110299,25.31102,4.947503411246407,5.027480559183138,10.012337,79.0094456220878,69.01667915745051,64.81434439475338,75.07215658406548,86.89085246833007,87.10584550290785,88.35187081587559,80.58232485754351,65.17853993681496,56.507241376252594,63.97527148511647,79.83699453976246,7.185938318584152,4.376954290057202,5.990985342948261,6.249827589029596,7.790935242154196,6.757455821813066,6.588172117119184,6.7113315835261185,9.01938236663076,9.494127567712244,11.283966435785816,10.164504238583302
72900.0,gromacs_replicate_2,88.35002,6.099966235183718,6.292951366967692,20.522034,5.023747385876582,5.042171780113911,19.426384,78.89907275243546,68.05317773714326,63.649405985922485,73.8124868205066,87.2956263287123,87.52024729530214,77.90509259329349,68.62324315275725,53.61010904010408,47.07284345949446,57.1096235053191,73.08289935783371,6.959174641833503,4.552020168846199,5.891618604205574,6.150731747497114,7.724951543671912,6.976799630743164,6.658003984639872,7.148785095733249,8.925507673999745,9.193717250222074,10.769352532402419,9.438201548351188
73000.0,gromacs_replicate_2,78.07112,6.166678214039278,6.368581726405153,25.666092,4.9442227891090464,5.08722278907556,0.23532104,81.19956772081548,70.50349169076362,64.48796276926852,71.51051373802838,85.3579049724756,88.67069792383704,80.64324218952531,88.69375069835455,73.65418740181255,67.68730299763685,77.92773173922753,86.19934556729913,7.044498987799884,4.400917060818684,5.873408903200264,6.43139229244253,8.074999915921792,6.875278261715447,7.169064126468694,7.269038051680456,8.801417469760617,9.270147331742463,10.59966281842017,9.26834101408696
73100.0,gromacs_replicate_2,76.34492,6.006742127411366,5.76988673637196,8.221413,6.064608134173926,5.836199175430371,0.30545044,63.16409781892865,52.02238819817018,47.33353965130851,55.36474940020054,69.83130696221498,71.66486610090828,81.56836095405457,72.55773958828837,61.91800593847961,57.80543681014375,65.85037489918064,79.29504170904578,7.041114390002349,4.455919104194241,5.720158339780164,5.72150930597724,8.045990851945177,6.7644907235403995,7.53130724529301,6.983872790411737,8.518472416377191,10.196892989614135,10.773007650636075,9.357636492495184
73200.0,gromacs_replicate_2,73.191986,5.8963159494053,5.9714580929124015,17.886574,5.182326070990731,4.9858853630700875,2.612999,73.19969689807282,61.083043125537856,56.19601005912984,65.67495436205269,80.16476987360822,82.05371670456321,80.50162883004668,71.7695044198969,58.38222213913324,52.628327549072644,59.070664681326356,74.52358956964653,7.190808841562372,4.539382615004855,5.907707038617633,6.092406590121728,8.919127846067848,7.080746928175043,7.624150023020656,6.9477248789027914,8.47357529148336,9.430508029983006,10.569506396681271,9.13388141516166
73300.0,gromacs_replicate_2,82.87827,6.083038610223513,6.303377792000097,23.0653,5.193219953296362,5.284664530442435,9.026024,84.34878751069314,73.57983683735982,69.07755333057122,77.48336255861945,88.80858166300902,87.65717478188951,89.6732908771263,81.25412762329529,66.31269790480333,58.76500430228546,67.64718102922957,82.989208752786,6.719010130085446,3.992684507818061,5.628217786440798,5.866820662326453,8.325558166388294,6.991230158887859,7.2660970698363965,6.87875530368533,8.963350471630807,9.191351829161976,10.696281269867946,9.851330357553547
73400.0,gromacs_replicate_2,75.10114,6.05719088723399,6.3287850588347,34.903893,5.02895388750543,5.128279187124422,16.685066,86.13081763563868,75.98713074083065,71.34294350689886,79.8561539990802,87.90197428510899,87.2104042566189,82.06576997399367,73.541875566143,57.6590788443856,50.808830315779154,60.51889158007364,75.41099141529922,7.0467170047181815,4.257431198406273,5.773315911437314,5.895267294705474,7.995801857273574,6.724304250304359,6.542977847107111,6.998173683685792,8.949312917098506,8.908231038964146,11.18927630684817,10.00592556256364
73500.0,gromacs_replicate_2,81.4381,6.030153358653552,6.184844390550289,28.579208,5.1103834454873605,5.051359476872669,14.720367,70.89266270023744,59.55621554150366,53.31467253119705,60.89646787536936,75.6049938109847,77.80254982061216,79.85082258379855,69.78607595095117,55.39860967096968,48.5025940954018,59.02873655722708,74.81383727238745,6.9739684527348285,4.424876399233318,5.7177809204976455,6.163725574241388,8.214489984253051,6.848635663098949,7.041124816919031,6.673904651616894,8.571954383296426,9.431789803467096,10.892009889149369,9.27193767448978
73600.0,gromacs_replicate_2,73.07327,5.687849572180422,5.910096284465977,27.028576,5.21371925799048,5.028628279982374,5.2207947,70.81502329105285,58.72233211559414,53.77639116051765,65.62872282962664,80.05359359125583,80.3173504162012,78.92448664302559,69.93293552705329,56.568999822855666,50.2603650221785,57.236058731221476,72.42688406521916,7.231063903267316,4.4020684628814974,6.093065562210626,6.018029628341545,8.393922583050754,7.186812416640875,7.805272448535032,6.874867760484399,8.49805911470816,9.228553309021752,10.380566203917697,9.123159854606936
73700.0,gromacs_replicate_2,69.714874,5.49558832127243,5.665091655179991,23.406952,4.992768368954566,4.780360062233519,10.411736,69.52416745145251,57.40374625177016,52.20906031761705,63.279513174378266,78.19204999225849,78.79177932090492,74.62597004945975,65.92470589558128,52.08477032387042,44.24671455912078,52.631258729874304,68.93151235965742,7.063652116295308,4.502191238942189,5.901559579369756,6.066892790574886,8.10558248304782,6.955346365762109,7.888661289000978,6.899176378223105,8.6124044493738,8.815565171488757,10.801799351564197,9.221871635997575
73800.0,gromacs_replicate_2,80.278625,5.8281284189771405,6.136366377619185,37.11274,5.115432849635391,5.206788228178934,7.088852,74.67889850700008,64.19543897830918,56.98923261703286,64.15686426920962,78.8943746022532,81.71058453021023,89.37923927723207,78.31591250488434,63.95310763538553,60.58156393233974,72.79866646375828,86.95938364971877,7.033514396016033,4.327200507128212,5.978900749851855,5.735212038571486,7.94601189817541,6.809318829582104,7.512748637510244,6.6439733915844315,9.056611706081968,9.169763463974206,10.943005896635498,9.653247898759215
73900.0,gromacs_replicate_2,78.51033,6.139013643382403,6.31648278140936,32.759613,4.890691640821926,4.955241438057576,0.81196594,67.76133858304198,57.56003509049602,52.16598888043309,60.64345184021273,74.69983746742405,75.9159900465719,85.50712374918764,84.14467684639192,69.3834849439193,63.50190985639057,73.15400238461822,89.2416041806528,6.863345900452166,4.1079685638441354,5.9027401605873875,6.075945374264476,7.9559885048035355,6.695770075365349,6.888426684720065,6.588741230810372,9.203454821765899,8.758875945353026,11.032972325338529,9.840705141150863
74000.0,gromacs_replicate_2,69.184166,5.789322208745257,5.990261287367457,24.139275,5.024885037471984,4.929197724638162,15.458794,82.11205463842963,70.52027912377858,62.97497630470212,69.01591812144437,83.75951919706884,89.35818352599792,73.66634555964278,68.50273549502299,54.62283878699727,44.25710067898743,47.92718293379612,63.19688589833646,7.0656825117221596,4.369925689078099,6.051462589738143,6.3287013290333185,7.770160939737695,6.640658306050403,7.211520380053785,6.811443942486727,8.891571397544823,9.020825134056834,10.94423023785744,9.610228308689972
74100.0,gromacs_replicate_2,72.3672,7.0128846518120085,7.142365718616255,9.469475,4.82190217485406,5.018952742748094,10.280006,89.27748549658595,79.7719510611647,75.75679725607314,83.66157613358908,84.07663754887211,83.21057528620442,73.74429196077493,85.30548853690298,80.23956708789869,75.5135032813398,87.27282879229345,77.32129177078002,7.223698698751056,4.306827168101021,6.048047422992407,5.950011635614088,7.853515031786331,6.61875745901191,6.272188915234842,6.636181530250468,9.349374314567001,9.110360370698642,11.392208714584338,10.170303954645757
74200.0,gromacs_replicate_2,80.87338,6.422019349509255,6.663781753288768,29.95256,5.0788677881494495,5.139949895515537,10.000923,76.25963783632888,66.36593056621697,60.93875657315801,69.3882573118498,82.10851907657344,83.94589593485772,86.60937526339067,77.89016581068488,62.70802210528865,56.71204690819831,66.12536291761366,81.17520862297167,7.085557386190597,4.657325152651121,5.880468468283803,5.53193866833099,7.843503570659213,6.727577595715162,6.900946913032365,6.892824349852623,9.056091034623241,9.424380230944637,10.820076265475668,9.710730827588064
74300.0,gromacs_replicate_2,78.54535,5.83335378906246,5.968310508856345,12.205292,5.310872203497533,5.2005452862451405,12.554779,82.51294322818435,70.63422123572532,65.91518100468785,74.96170518661732,89.65988990430101,88.7821802751097,76.71541053948674,69.48416584352388,56.101297511035675,47.90667669283187,54.46361154726806,69.22846842287184,6.807689426466595,4.377939452626798,5.897476561967217,6.274645308843503,8.397358627911425,7.1325259303957385,7.309992559417104,7.172102485500482,8.90739227263968,8.989929614517752,10.31846277166659,8.969676420983225
74400.0,gromacs_replicate_2,82.605934,5.933716702014488,6.102244232578073,25.27285,4.973309830916189,4.925668962343157,9.592529,89.79942390627363,79.32526874361793,75.73338876219383,85.83582512331168,81.69199153390444,80.89156146348373,80.65559677390732,68.79497448506294,54.42002322949268,52.54208546236975,65.11527218245254,79.16246838226348,6.907531510074859,4.362077438717267,5.940589355938659,6.542647629224325,8.100423967564003,7.086788607570793,7.621473560002153,7.049373928256954,8.83288932519233,8.92848606660901,10.02206697924608,9.621626859383591
74500.0,gromacs_replicate_2,61.355232,5.511003292138327,5.6755974582543125,21.109344,5.407622723357515,4.975013743099362,0.35312653,74.2774455927506,61.57359236146812,55.27099471956211,64.88930191217332,80.08223852076327,83.14336272677075,70.2983484762243,64.3486394215832,52.33385736494947,44.6607733042232,49.25981881029322,62.141569792214426,7.379605008545428,4.605016373106981,6.2139732375844785,6.235160380197429,7.774937680148214,6.867546085195711,7.874977703047539,6.957987342385432,8.378996371606403,9.49501871572123,10.281228533917302,9.573849658452037
74600.0,gromacs_replicate_2,76.62332,5.990330525129912,6.076145638860399,7.838318,5.425158931291195,5.482398848228918,4.689705,80.62870051730232,69.40735692602185,64.46628586621578,73.61094310645473,87.99826464435822,89.12859473359684,87.35635690894736,83.50049817051044,70.21350913384508,62.636096852169764,70.95020317752497,86.41406914850488,7.231424074969546,4.38846688339175,5.9413240478647475,5.979444682208179,8.07139765718365,6.887478429178835,7.633883325419743,7.345338186017883,9.042762754717778,9.662798574245134,10.553550506957102,9.277344375804423
74700.0,gromacs_replicate_2,70.250336,5.9330397683158616,6.108117794970949,15.856483,5.252887320603987,5.108615585980174,2.8972855,84.17115013234456,72.11956092720114,65.70246117289611,74.0936908288163,89.06528817075689,87.94302039953487,83.50512711978004,75.50346245671409,62.212424316859824,54.53755985815661,61.41879009507735,76.62468157807105,7.3431443809051435,4.512383919719903,5.91158482973649,5.896091337197388,8.615417148551103,7.128697282994211,7.763712361905483,6.6689930592180495,8.90193249998972,9.735277757548577,10.440597433409312,9.089138884670822
74800.0,gromacs_replicate_2,71.70007,5.935612745247146,5.962276358005529,9.574135,5.492459123770254,5.480209220485364,1.4406433,74.65459658675681,63.44096086081763,59.888371307499,70.40705515635419,83.43493489532788,84.25713932777758,88.8999470718884,83.96426037013978,71.21445521751193,61.19895942576106,64.49454534574913,79.30315890912678,7.362076657035315,4.679145620911958,6.090862922590322,6.120765189182622,8.25395293765554,6.972321215348377,7.323081719174325,6.729554722783061,8.672233512094454,9.686930053679193,10.730413566674843,9.81459990048157
74900.0,gromacs_replicate_2,80.99735,5.631842485637258,5.92960039932355,31.65255,5.251971434180347,5.178618046513023,14.715836,79.60394732873947,67.86452262313318,61.00594087437801,68.49587155450261,83.4797854995671,86.2876110571934,77.4512376325131,67.70852498459479,53.835463668364774,47.718450658544725,57.6315959595314,73.01588858450113,7.177687986806839,4.84302892374599,5.587427575983346,5.7791051163476075,8.556645582338758,7.23120012801054,7.75320858541227,6.878162788709158,8.627844194738366,9.607350671792632,10.331345052221632,9.369231679834712
75000.0,gromacs_replicate_2,74.710526,6.145193220247612,6.292673944699433,21.967987,5.445930075160546,5.3594341204784754,8.226601,76.83864172418427,65.53675320142301,59.072803858664514,66.42961732721942,80.41908090456063,83.88865631865373,82.4946932908418,73.45178542303852,60.38665389817841,53.68424871595453,60.96725820604596,76.0347487946105,7.122322574197023,4.138228280976163,6.108017330116041,5.982361718330797,8.013166878047588,6.879387199391696,7.340276187718353,6.519771521354222,9.307741488755987,9.944101116423909,11.137113706242767,9.65777688862494
75100.0,gromacs_replicate_2,83.2923,6.169354929414388,6.173659103704956,13.387459,5.382188437365266,5.212703679741519,14.201134,70.11289488170944,59.336585648386816,55.054047576650014,64.42913081557701,78.69070658488714,79.43455009341065,74.43328627148148,66.04146808664862,53.00845225449172,47.189676945165274,56.549627405881026,71.41893480373847,7.160426123503647,4.638566710022508,5.733614788125822,5.982983794380758,8.07959122166503,6.836076559207846,7.1862038512699575,7.0781224281622,8.572048113282897,9.293312088344623,10.923957076523942,9.398596821343936
75200.0,gromacs_replicate_2,78.05399,6.161293294015622,6.240828605216896,2.0254211,5.624037454651654,5.309739419806984,11.937523,84.81031444582112,73.65389068617033,68.74245365556953,77.444790033241,88.83229444399153,86.49051632804019,71.33708786844032,63.523087508498314,50.99888926182699,43.92039763143728,52.112625304100135,66.43045751682916,6.884309684792042,4.233310142020119,5.834335398115554,5.9357604626091565,7.832790689380165,6.8342837141519315,7.334215227904216,7.174602074251948,9.432866168513259,9.178455599575035,10.735518411569084,9.801289808549818
75300.0,gromacs_replicate_2,89.51375,6.002648469791212,6.22827948092621,32.652176,5.218712068388888,5.262799200172678,14.802742,78.69700084211541,68.20355807964233,59.542248847072095,63.360855507123745,77.79810544930278,83.97362125803673,83.87572396741082,78.06599062482833,63.74644760465287,54.213801577165846,59.490580879311636,75.44853696574522,7.268460014815751,4.568289482216527,5.924982900458883,6.070474949445955,8.294868724481455,6.931962616468697,7.622132257008976,6.51209059417285,8.640034627145607,9.343878062603611,10.543210916193495,9.548906725762693
75400.0,gromacs_replicate_2,80.947464,5.681665481316757,5.7339036602818005,12.855705,5.523001145635339,5.520213503169632,18.871773,72.36345930344697,60.375812003452126,55.3917107897017,65.69770806623607,81.35710089100147,81.941195377645,79.42118352945668,71.83151389922298,59.01556169064287,50.76355485531016,58.24033627603226,73.97718221533235,7.114881927918456,4.477719179769218,6.2181936458563944,6.391337712376523,8.157134456587192,6.856136960529376,7.412959001746944,6.736290665832632,8.581386640071067,9.46933503064192,10.710532045627497,9.427554397558186
75500.0,gromacs_replicate_2,79.15366,6.607600097830385,6.779742285653585,20.399788,5.627193621532386,5.6673479730052865,13.623611,78.12870479200548,67.78180590101397,62.71702924557538,71.0539701210438,83.93979922045595,85.61862137155538,83.79956285785079,80.387019547091,68.32190528749457,57.846582954767364,58.82087553341422,73.21944748839529,6.719482766854725,3.9159739690673043,5.976011091033418,6.292122039357219,8.46568032319317,7.154586338631945,8.334505547848341,6.756141422497164,9.04386919461686,9.423153928493306,10.867072389505136,10.076393240301249
75600.0,gromacs_replicate_2,70.851776,5.773619234432481,5.875383536405996,26.010597,5.126988127560569,4.940757806743579,10.488815,68.61700345132724,56.78898486566221,50.58617403122911,58.80834157203558,73.63662835118939,76.83033535931521,73.97907527705856,68.32673661379596,55.113769338297,45.24613735316854,48.6536724232385,63.59351227833943,7.0252310170232395,4.234404141862706,6.299393303700449,6.362810656280444,8.097395563528197,7.120689062240797,7.92761727372939,7.066786680711878,8.84172271435089,9.250671857121597,10.326900221179272,9.686901252787665
75700.0,gromacs_replicate_2,71.12446,5.711693756285817,5.7027978521318445,18.90567,5.356659874494701,5.1799774321342165,10.508171,68.80578707139952,56.84172571818347,50.9792510523351,59.815364841027254,75.03800648003897,77.3737602679697,75.19743689430493,68.53234080013658,55.32412115000482,47.450958750322044,52.92567409331664,68.25254477989975,7.320388532629798,4.584910496751964,6.052385975189202,6.438740365150102,8.083540355182816,7.127063907193089,7.774402482583723,6.933592411297308,8.367659238918916,9.53667596340365,10.711659634456467,9.246679846267764
75800.0,gromacs_replicate_2,64.405396,5.844768191658276,5.803281010717222,23.095924,5.899549679369132,5.534255669645327,3.367241,59.07591827814072,47.292109392334766,44.47284343625605,56.17550751825661,69.12279921103973,68.90951427545022,71.95884844287743,63.88249213696338,52.73444573796448,47.410874781421995,53.449621787529686,66.12805055607834,7.057653514431536,4.407128159400318,5.820958478874415,5.691692897494698,8.234992218466937,7.401926953735312,8.773534104469503,7.457790582019485,8.567545282790288,10.159312058246181,10.457890011421553,8.884709487189632
75900.0,gromacs_replicate_2,89.630066,6.247873477862981,6.44788767145346,20.947632,5.683775641570963,5.666563302860385,23.755814,87.1646682295766,76.50489991783394,72.47118121190745,82.09374742152453,85.59665990017692,84.92393652366012,71.34195407390249,64.08770184262902,51.53849015015106,43.58670160019354,50.698852089305944,64.9358541163172,6.765810292062866,4.133197487512659,5.68680353333852,6.033954008053717,7.94758261348728,7.033037371389938,7.474672218083744,6.7958114386347175,9.058398762084977,9.89123316582162,10.576094523966503,9.529113331448738
76000.0,gromacs_replicate_2,79.29093,6.119638863287457,6.523385796681569,46.00796,5.679512048280055,5.82105592553875,10.352745,78.65937202278474,68.94028273059551,62.94097971834319,69.37401957724276,81.4554342118082,84.19416833016014,88.98865444459484,76.85935409750053,64.20315259643014,64.7701878739824,77.0579843165694,88.51438285553174,6.982325178729935,4.396598261762763,5.700820888580046,5.987805909082931,7.696434356362385,6.8624595984507515,6.965798516081925,7.336483369538972,9.418900571487537,9.693052776743212,10.54718847955671,9.560226483615093
76100.0,gromacs_replicate_2,72.490456,5.777976958262745,5.825919252309128,31.318085,5.646319857129314,5.409283776068005,4.5867996,56.90989885585739,45.2241481936554,40.4920345512158,51.940176625580925,65.91085021842662,66.11960962340446,76.70207851200598,71.44114546890339,59.19354711088559,50.367938605091716,53.8664467214268,67.6976709499682,6.9327586820874325,4.319746369722129,5.811066154884471,5.99725612411391,8.176019594451564,7.38457170200654,8.090352383819202,7.382711919049436,8.682062391748158,9.982177883904532,10.437177224325469,9.330420948587454
76200.0,gromacs_replicate_2,78.21735,5.639772710521161,6.112892757685068,50.142242,5.25384305295702,5.019453583966796,6.546959,68.33073605802339,58.37787031590559,57.399103430274145,69.64182923156947,79.0144944232741,77.70875716566897,72.66656214687254,63.28887999954211,50.21137191260286,45.75635249217286,53.375528309021476,66.20843117753151,7.573080335748869,4.992871809640728,5.720647098297537,6.060016769837664,7.9286965834241245,7.131978220613608,7.813304688619476,7.1374019427621525,8.62272276180075,9.26507673853141,10.132649572289225,9.453549095913578
76300.0,gromacs_replicate_2,79.511665,5.9375297837120895,6.060805029203728,10.161827,5.555206130330836,5.544666654798399,13.343163,80.80673078954001,69.25344758576048,64.43276118118875,73.30483879228586,88.12090780904549,89.97234244793987,83.02461819431062,78.7602721947106,67.38256706604227,56.29979813979031,56.668744104292735,70.77400881467676,7.123959313697137,4.501591669608369,6.016917750145725,6.490290584164569,8.060376471770683,7.155498457709843,8.224885932210325,7.047901048598975,8.802029051052537,9.455428284765416,10.634338815367132,9.695338114709696
76400.0,gromacs_replicate_2,81.959366,5.861307807294736,6.0398425881638085,22.096855,5.534630714120942,5.414201634474123,13.268974,73.83161666373783,62.04500095204015,57.83722573957742,67.93117900985013,81.56323367797474,82.72226862185289,77.01864132241353,71.47823057526443,59.0611082750629,49.36603127202815,53.18327555050685,68.5006092819479,6.99118469483984,4.562023703513711,5.68037499501732,6.162222253109054,8.237857999885593,7.01809987694576,7.839824707552696,6.656208602891752,8.957810572901417,9.940394025687276,10.59996764075373,9.056448714226399
76500.0,gromacs_replicate_2,75.865265,5.843575224051248,5.940052787222233,11.965469,5.39284439815083,5.2563324064995145,8.102463,76.18695581385951,64.50584487724359,61.41240937233149,71.34177536484393,85.07957742712736,85.59099138748756,79.20113518176043,71.17469210481201,57.86895184174659,50.424029625243165,58.08482469402029,73.0272871377316,7.148388933150363,4.536617573277112,5.857518320857214,6.166981648836155,7.957265403884634,6.718732210142426,7.332383919842385,6.992478565432844,8.84245056958179,9.14534866922723,10.380645906097895,9.836552130867966
76600.0,gromacs_replicate_2,64.50025,5.380986943358945,5.343045891818849,7.8346786,5.910999500422504,5.446497828738548,2.1425552,67.13062220493948,55.581723990001144,55.47820195253753,68.06507646954253,80.62907708026587,79.27400604861428,69.55748462266924,65.10417454938984,54.48917720170065,46.59589333190309,49.44466046750783,61.456299412397364,7.255642800600366,4.533603622457827,6.196070276062366,6.574230697347731,8.167092578998956,7.052080407618342,8.810008055153954,6.952059193997121,8.578200935476765,9.97529858486381,10.318920899196186,9.015756615159289
76700.0,gromacs_replicate_2,75.74779,5.7650108643887,5.929655194869083,8.710251,5.38118201756228,5.226793248282594,17.818886,87.0453993018604,76.02525817016829,73.45868113895261,85.80987158433382,81.85596519163144,82.49701539250819,67.33896342533716,66.55654811828558,54.9477880893663,42.5947320300058,42.431882260412245,54.74988155355098,7.330635338369698,4.425812004301285,6.1440165393918935,6.413439393768709,8.2135916718162,7.051035948950823,7.979971421533259,6.748466476408259,9.08595165468941,9.103100466919338,10.785995662707824,10.174532215152793
76800.0,gromacs_replicate_2,70.598305,5.738877179215274,5.641539483414915,3.3187943,6.254535223925505,5.77188412126037,2.999092,68.40760757948877,57.34810802331461,57.573769833740236,68.93623758738714,81.33408165375383,79.19451846185306,67.00685770615074,60.37548203141315,49.788247678936315,43.83930870480999,48.83738688608174,61.3283197367528,7.059080396520252,4.2119243858629165,6.300259920738935,6.292900612487482,8.181956338847629,6.986993371242105,8.42143042417266,6.868684034869413,8.885548926324013,9.884726929003612,10.386784777566191,9.727979874382026
76900.0,gromacs_replicate_2,79.44138,6.4401600500785285,6.537889483986961,12.368813,5.303377831354537,5.121701104296785,18.22789,74.53795217306761,64.70740609178156,62.847917648586396,73.74333638651063,85.37339559831508,83.82385035523909,70.03348079476206,64.15343839508476,51.98493072948017,40.965439688097206,44.32629205893578,59.69847831875819,7.386063295009671,4.546447495779271,6.054001254712466,6.4652321924694345,7.59603838359876,6.8193704483530775,8.045120142307823,7.511252049161296,8.37955200208045,9.630681132458554,10.908625560620418,9.538608623260199
77000.0,gromacs_replicate_2,76.522354,5.946458360662578,6.07916009533351,2.5668106,5.861940529012369,5.6066330475186765,6.556595,88.3477190240322,80.5253164716252,76.18045192823502,85.36187553100119,79.92530593794187,79.0755333220881,74.8053576453947,70.23341858303378,59.342522168836254,49.15904273074311,51.41307153372114,64.87318123840154,7.310336248543399,4.3898006466548045,6.055018283140227,5.847436150128809,8.05497642997839,6.906085576890648,8.365941947770295,6.963333697188201,8.608605095611457,9.36268206384395,10.976849747658228,9.328541501431802
77100.0,gromacs_replicate_2,75.1891,5.887823939749817,5.994304479711541,19.388832,5.164958564808383,4.981813760451302,10.811073,69.62117818240706,58.65681149287193,56.31247191642816,68.44319560506001,80.98681437148245,79.42408284875629,75.0405029661202,67.69473284636416,54.23760932856417,44.9792262296114,50.04943371604651,66.18175757159301,6.954923108271868,4.475470477405293,5.914812739330649,6.152719740664414,8.118199846464755,6.795168290431888,7.879725836671532,7.053355761171524,8.272345053498265,9.91334950265273,10.74780305827766,9.539381516131803
77200.0,gromacs_replicate_2,74.636444,5.840793661279099,6.049140084845784,16.25293,5.583871564419173,5.451878179332019,1.5704575,76.63697207499051,65.77553287298572,64.86143223070405,77.99506018641476,89.65550524284164,87.64627185852848,84.15475287056695,77.79747420166235,65.04390246328659,57.019287933743136,61.977075651331134,76.40867696802373,6.93300084066635,4.327933602467032,5.687270883760615,6.1757026475409385,8.567041347304382,7.210551957189139,8.213321909587677,7.382313705909484,8.91052335398545,9.864510307879739,10.360920029650368,8.708821814001968
77300.0,gromacs_replicate_2,82.39222,5.840436070493092,5.8178478935498,3.2788162,6.193327106245257,6.034138323844422,14.985748,73.84367061695245,62.669696619671285,59.83895336568447,70.60730951926232,83.6880838815227,83.43485623108835,73.3546241552082,69.86065607368238,59.019205344136516,49.092561648827676,50.76151612080206,64.28312714051488,6.942353773668588,4.324761473304002,5.958310782588315,6.168978735165648,8.456656285759259,7.359424978409475,8.302903952722488,6.918390217605279,9.176234200753369,9.83681876312165,10.864377439477616,9.153201025378934
77400.0,gromacs_replicate_2,81.07923,5.46479833364625,5.618896181800997,19.64035,5.698552884249052,5.4588926294696405,9.065422,70.22258998254489,58.048330746937964,56.942483936526855,70.30759074579777,83.04728153477254,81.06753865120142,82.8844501375826,72.5848432420091,62.30868399299941,60.946499170412565,69.30229143762746,81.45951115684545,7.015190317760343,4.431911415016901,5.879420024840609,6.391391836979433,8.367396095235948,7.227811204554896,8.455501426602032,7.582154735349611,8.82823223344052,9.762040239877274,10.57049676822907,9.175858525926925
77500.0,gromacs_replicate_2,85.985825,6.387104037742082,6.470282748173761,1.1136398,5.80902706719219,5.818735817806575,17.40184,87.39456535394199,83.2963671870398,83.73422316576873,84.46007460691021,74.10429378511482,77.01497210765551,79.4326551784308,71.34715619469979,58.67127819389626,52.471764979701476,60.75696225046777,75.13686656450864,6.968644089984795,4.553367642093391,5.954922603645009,5.763307513574989,8.196880899073768,7.222352345391154,7.077992537208504,7.023613713501844,9.570497541624631,9.622622774835733,10.869830660781309,9.821453542385242
77600.0,gromacs_replicate_2,79.79533,5.224180466383648,5.3899302196874865,20.466942,5.278171508902456,5.079652899960239,11.448204,72.2535193961244,59.47060779430343,54.90775663091055,67.37300520538282,82.90099847649539,82.63194059977725,72.68990502500056,68.49815150480671,55.82202705090762,45.53137430748155,46.55363609793852,61.33315862926282,7.277787367085675,4.641005655881134,5.984466731330433,6.441368327190543,8.120025164120799,7.023585113006583,7.890461073152437,6.877048992111038,8.454828876620864,8.899438877892237,10.203665071721277,9.476003892349494
77700.0,gromacs_replicate_2,81.46517,5.920461576164414,5.83859429058407,10.328209,5.454367698998141,5.274319991225849,5.0210724,64.51075507811214,53.884823316158894,51.81142014188856,63.966457543845195,76.06940296216246,74.81050403902174,81.09800218710937,72.62513644260888,60.121639180224115,53.523586390251346,59.8098671983085,75.28460450310594,6.899129329262469,4.224676148897155,5.9576098918112015,6.210495587740411,8.207742403356972,6.997949771882357,8.039229085566404,7.1745182471983036,8.921059660005827,9.767897315944456,10.273130843098983,9.331218911993718
77800.0,gromacs_replicate_2,66.55778,4.783397317315316,4.677804450533924,22.769974,5.3883692402661385,4.841048281965883,4.5329514,52.6325543077575,38.5803684645331,35.26430646192734,48.84177841000413,64.51308453190781,64.35885973763965,60.365181391590454,55.61933646649512,44.468617130821144,35.72595534689172,39.5749730154103,51.78534590565675,7.493404666904312,4.602964181426705,6.434305368699526,6.777804630700601,8.01038787855729,6.829913400544806,8.151291548568288,6.9313772808888094,8.24080848347414,8.99868761059606,10.125638908190693,9.375304303539348
77900.0,gromacs_replicate_2,81.13729,6.235506062988954,6.403672698867191,21.133652,5.21381612829091,5.279420183895147,3.031311,73.39914072208205,62.32080655134218,59.01862411423224,68.98714131150278,81.54353758768856,82.17722975613891,86.13610811016947,84.68811902538359,70.48092176741493,62.7846103480311,70.85047205971252,86.82968816722438,7.318032871374553,4.585242329099275,5.875411055888819,6.033303096264319,8.085634644321276,6.821123216739115,7.6456377364509605,7.095861358114959,9.069468344477812,9.910857406105787,10.966572966738736,9.447577111567888
78000.0,gromacs_replicate_2,78.76053,5.903734539476439,5.963636032331909,0.8236923,5.446469547395098,5.264641530581543,9.210503,78.82188215873794,68.19853144512169,65.9584240085083,77.52678082138462,89.5529933940999,89.15012402630381,77.38489132632924,70.35519341739351,57.62985433620174,49.367810441929564,54.12427649806771,69.44967841961669,6.849343721969693,4.146647677073392,5.800595061287911,6.124338597252909,8.372997066510617,6.910974026863127,7.6552738209963245,7.208901337874478,9.218286153667872,9.070827634415066,10.601101306568523,9.82600508362572
78100.0,gromacs_replicate_2,87.02252,5.993054734651778,6.046330335076633,8.927315,5.334307699606135,5.285777643850946,9.680786,74.83076555478989,63.47257271565487,60.65431107772401,72.17603965550052,84.99960384609616,84.76790321825217,82.70069404333694,74.42642716453308,61.03014103016889,53.649469628518894,60.09284671157373,75.9179166123054,7.0649221754491,4.45648840097238,5.961768316749053,6.184853458382884,7.672784468288329,6.5423947181076265,6.917223533940072,7.032961875000447,9.402126166604162,9.135312148198235,10.941116689176926,10.270703284431335
78200.0,gromacs_replicate_2,76.0411,5.671656061899232,5.476835851766215,7.6970444,6.106101242096269,5.734709351989128,10.30336,59.90695815810832,48.837768033637126,46.912564326970355,58.227166746493786,70.45549135789732,70.22729148724147,67.907439358768,62.51056045719235,51.5364121900833,43.38553793253622,47.33406776849086,61.206452416019644,6.996813306059271,4.335636027886902,5.898901808689882,6.310789130130055,7.948889258415529,6.760277374835135,8.268922851092356,7.355487031173737,8.851280286287418,9.29421129362547,10.349309697078391,9.6902075151606
78300.0,gromacs_replicate_2,83.68519,6.282139930742469,6.49403072945295,18.422173,5.367947451164917,5.285875978274635,14.313782,81.98805023761017,71.66443366219272,69.22464074897819,79.3433866003969,88.06976336617397,88.84558772417364,75.1536605321326,70.67479290934983,56.60275267321125,47.4681798973142,51.91371599319245,66.71858903406607,6.7343999519331135,4.14096800173781,5.6180396807146815,5.632999222811231,8.425583578154487,7.316313686183608,8.510438269816396,7.060318279153194,8.86480105242705,9.578217057914161,10.75963356424646,9.439878585606383
78400.0,gromacs_replicate_2,78.64003,6.757880831935494,6.890726668333968,14.947189,5.626778606521439,5.569967302960727,8.663826,75.12303265412679,65.48654499848253,63.7895251001005,74.23564634544489,85.09929068373799,83.9215867798212,82.01974769555484,74.05116612318419,61.20554397122982,54.163663755033014,62.49823046316631,76.12813376442375,7.29378741196132,4.481820715051937,6.055798197056996,6.124010625479864,8.258520236529503,6.913673943336896,7.9469219943561775,7.197084759660005,9.390622845926304,9.567632315388693,10.95275448556448,10.599232825619332
78500.0,gromacs_replicate_2,64.309814,5.8744722461354595,6.053347568197576,26.054756,5.204576877461084,4.997047741900424,5.1360245,64.13072986141033,53.05893829017303,53.435993942707505,67.17505830370402,77.83947978705034,74.67257963486566,82.32928843957197,69.41744625135063,58.73080952587611,57.64585959499474,69.34749700133989,81.4001515123226,7.219581968511003,4.585454743941158,5.901820679532636,6.340904004824667,8.023978426160141,6.84098812899189,7.231149666433206,6.932956058681678,8.231607310236907,9.75800045105466,10.758401688325193,9.862188362038788
78600.0,gromacs_replicate_2,76.97738,5.608908190978267,5.896583714963153,24.703545,5.5378527867260585,5.304587597827763,6.5964127,81.56594078480427,69.83848717073732,67.97455679289848,80.53452797381063,87.27317905512254,88.32362557106782,73.49973479293644,66.10757397311271,53.09521325106379,46.98826651592807,54.80889215094301,67.76524923944142,7.368098732579481,4.530760273963235,5.949388332480425,5.874063213512998,8.363409918273046,7.071522675764949,7.7177747739142495,6.9640371066055735,8.645961338734082,9.574476024683614,10.44244326740572,10.00060750703979
78700.0,gromacs_replicate_2,80.61193,6.142640284861048,6.130194026160734,0.9468231,5.494498477597966,5.2290908523134805,16.863655,74.97889163420876,65.03246028272073,63.17498602485772,74.03683543122314,86.87401039211069,84.9080289040102,67.9517535309748,61.035208383555165,48.11987387106615,39.571578181139586,45.2482544234235,61.08395276451985,7.381721879521352,4.615067002463984,6.207877590740907,5.970372620527273,8.063290432840365,6.7592748329315375,7.919624000013052,7.269129549754024,8.885784818984769,10.002438588855226,10.80997358326955,9.765618053395706
78800.0,gromacs_replicate_2,82.9189,6.466762506748341,6.500698037181866,29.158737,5.430716646792795,5.424741688287656,9.0998,64.19469224397737,53.65768529438469,48.585757955869795,57.9515624591118,71.07018955338292,71.94020027459463,85.38736921676501,77.54785643502824,63.9817456330934,56.082256436772205,62.286452727951,77.77902812703485,7.057353635358888,4.228656202606601,5.6703506066178875,5.731759798149378,7.802008931133478,6.960198682508454,7.614004399875185,7.67983786004095,8.901583998166947,9.201489870780843,11.370259738841126,9.798157837414797
78900.0,gromacs_replicate_2,71.65276,5.442229010291058,5.274430515495122,10.407066,5.792379967838171,5.3669483831077835,12.854271,56.77195596393647,46.145598898603616,47.501468338555924,60.8117276948753,71.68874222187526,68.49419472913752,62.39156613421752,56.28466565483548,45.21087785758194,37.00580637259319,41.52631989847091,55.35483616764125,6.988424742273625,4.2405540819763825,6.104432957402051,6.341562655488804,8.093591002787436,7.109428981166781,8.104787726873305,6.933497994513623,8.616402034060751,9.459596442652387,10.62357375561791,9.584882837162056
79000.0,gromacs_replicate_2,74.014404,5.213159615177431,5.17457079594512,24.616272,5.576012427893715,5.169103491644617,4.352829,57.75939136900847,45.2109164597431,39.79778765370595,52.28795868808671,67.36743846130649,67.83483561154345,69.20712450664075,58.784356364723166,47.21752127084425,45.869834417815056,55.25876737792311,67.28301918294828,6.799140865980502,4.271309573663911,6.043003968933297,6.3023297360275405,8.087790811562101,6.986202565663599,8.105320897761612,7.119904416845669,8.074231629149295,10.073797024261992,10.281846824611858,9.304659452749792
79100.0,gromacs_replicate_2,72.843895,5.627936575805161,5.371675942779938,11.208191,5.973768332557373,5.695392485698652,4.2431335,53.65525344754589,43.4585505549161,44.13202764810005,56.93968092218647,67.3790865284604,64.79116564181038,81.62324753773662,74.36768322821283,63.23645614849804,57.080538776466554,62.16969000617512,75.55123462362677,7.1040082305448635,4.245218396094636,6.126513047297866,5.680365282604331,8.614595887944969,7.290148910029308,8.536613857401782,6.666035899903213,8.577462044358853,9.997365252686379,10.619577450911253,9.28075934198856
79200.0,gromacs_replicate_2,71.931335,5.634971350294365,5.669349409838217,11.347565,5.882763847491713,5.657841091856494,1.9316101,70.07881446311995,58.31008974372045,56.42104781315978,68.30156935904483,81.56094413473392,80.67556721365614,78.91454096206492,74.05777363196621,62.456880473371506,53.64842148623582,56.53234264531894,70.01232581343676,7.048305000756068,4.29448945410997,5.9864261929964,6.297241733087058,8.140663999121617,6.882880705392321,7.943771448763728,6.903949114331394,8.644372462884222,10.064852240739064,10.639592382365198,9.255438594536056
79300.0,gromacs_replicate_2,87.08998,5.757431863126736,5.8156302171036875,0.42723846,5.629243078906933,5.401986991499009,17.46389,79.79336379641715,69.05737249987934,67.44107213415559,79.14103993220192,87.9104023596137,89.58393736986982,67.77251657720032,60.932784633621544,48.441004090889685,40.13138776058217,46.46578742270459,60.96994504669233,7.083987488580073,4.201180701836323,5.829613707958158,5.791003973283481,8.15923002716461,7.231346387522665,8.274578969786939,7.093059799838063,8.656352843989069,10.021247540700173,10.485467207103312,9.535436358980135
79400.0,gromacs_replicate_2,78.71464,5.421005490424329,5.471924412196813,25.719978,5.7901596960055235,5.529360837416018,8.779579,58.63372627481299,46.66988832211394,44.46592655834374,58.05439314837209,71.36953224990451,69.73908017159468,72.19938852067415,65.88465791961151,53.952677106974,46.19029773362891,51.39676028576958,64.88751321233336,7.240315431584889,4.4796507118178885,6.18809880504575,6.400246236589486,8.557209884718313,7.304041479683652,8.444231093310778,7.055967045179746,8.567179908121181,10.03554753071861,10.62000666566936,9.182920646622497
79500.0,gromacs_replicate_2,79.97078,5.3476977697301935,5.3054836375181385,10.049629,6.533367440637652,6.302069597085053,22.32476,63.600736034000484,52.177302419981785,51.57086979506506,64.39906895153278,77.69623911643309,75.75033060571178,63.93149150984463,58.88102069602352,48.21446550150107,40.453576656050174,44.2222252906962,57.23889027295507,6.840792352223585,4.1148990543118735,5.98959677405551,5.905811640125792,8.670678994449837,7.520804926403036,8.881387761425023,7.2986945292824075,8.450380213890705,10.441539770976897,11.29109564248271,9.264998936814944
79600.0,gromacs_replicate_2,76.68626,5.799331113879615,5.806790863975572,13.086739,5.857012479666727,5.666621721933888,9.185257,68.80288069679335,57.17257514579339,53.85226940380755,64.3672431956604,78.43786384748351,78.3826239598731,76.44036586285007,72.49317057796621,61.13234360532419,51.530157136886416,51.96921911830212,65.61077641720082,7.449301207991188,4.645688769010237,5.763646030237507,6.157469238209014,8.558289483545673,7.294273916785607,8.346978296081577,6.638541315673103,7.948825115763972,10.024530333147514,10.415742148774827,9.345452088930115
79700.0,gromacs_replicate_2,74.21488,5.6581122456112025,5.7670354615696136,5.4336395,5.733044657929142,5.481456627048436,12.893616,81.80825585661884,69.65206776538803,65.2335386922291,76.17354448038331,88.926946892055,88.71783742353134,69.75623902415502,66.14494092747091,55.05813117921669,45.29595843121952,45.4962019050397,59.30679387719645,7.018278276697729,4.367013555632672,6.075590846117544,6.361313669271561,8.195627422359914,7.1481263207581325,8.622114318226,6.971488959369996,8.436143491212771,9.681725648100377,10.589799550867337,9.197609241558308
79800.0,gromacs_replicate_2,83.66623,6.340567623902743,6.2367456395776015,12.718048,6.086431940369109,5.841015883152691,11.661804,63.77281922467468,53.47372646285752,51.477996569319515,62.81154592918455,74.53880731353668,73.64724855091987,71.10111886662652,65.88703338761451,54.26494192098168,45.72166801753718,49.01052308459483,62.849729026285395,6.677219919365964,4.537559195445277,5.883943362162783,6.436450907750157,8.23094542869238,7.250769823487556,8.49083726641311,6.887971683949398,8.62021244961489,10.221109695533084,10.487100650367553,9.108809063515556
79900.0,gromacs_replicate_2,78.980415,5.359148029729132,5.421892194667962,26.758648,5.677133376105244,5.4451202077353384,10.092911,58.718469089091826,46.89430477411629,44.302207620899914,59.104462493109416,72.27913529289118,69.43400526343709,73.36793658531948,64.99979461147409,52.44194011388614,46.71269420209796,53.38448621602816,67.73572766718756,7.316886848802743,4.972074446437654,5.866404544284699,6.125312859950942,8.367432304501012,7.1764505762643385,8.478359812046714,7.103346724413203,8.106176057605857,10.497405933351041,9.930935710019664,8.93044269228325
80000.0,gromacs_replicate_2,73.646225,5.7301230295934005,5.655458766361354,10.699425,5.827208625445137,5.594065678961331,4.3076706,64.03607391384257,52.8003645293529,51.1610371989279,63.05192342652615,75.54506995114382,74.28599291731251,83.68345459915948,74.70738349746685,63.8899910726555,59.33674141532006,66.60525829285672,80.30467350884072,7.237809981101605,4.457989066698071,5.784543063070954,5.964684796526629,7.966816113443988,6.887627597122779,8.187970194427686,7.25729419591536,8.741929442872433,10.752405455246379,10.347085925552008,8.9910139882493
80100.0,gromacs_replicate_2,75.27774,5.707991112038893,5.935355428640107,17.750511,5.064353480716148,4.997022886642914,9.534332,81.63029795545187,70.20177866383752,68.10149884675205,80.85637971787301,86.26570605260078,87.9799614789744,81.3147588811362,74.23905859965097,60.0468724952378,51.00537426464216,57.878878524995045,73.82078942975659,7.506626787869841,4.503209628113854,5.771345358196114,5.468909904593789,7.957540770911159,7.065022419047921,7.684120972607753,7.47485682421377,8.504427952639404,9.238442180777053,10.420332569444078,9.874571958657942
80200.0,gromacs_replicate_2,81.18457,5.655918520699059,5.877552283230608,22.85823,5.436525721621423,5.30711502808726,7.2264175,73.11722398126935,61.29463442164811,58.090338036201544,70.9768017198717,84.10216185647532,83.0654268847184,79.53122730464419,70.79084568417095,57.75500634611858,52.04826725658734,60.714219390653184,74.6369059308469,6.897700611699852,4.337149967587933,5.839409013760833,5.893079285820107,8.061414080113257,6.855781043233934,7.7647110973278215,6.554937378686503,9.240325220863769,9.88344283532069,10.091521175040347,9.501636896798436
80300.0,gromacs_replicate_2,72.16248,5.42280372038762,5.740933933760154,30.59813,5.312886857008567,5.142195287520516,0.9056778,69.43005336948828,57.94674459107407,57.34113169754689,72.05115275652655,83.38726172173789,81.01732272305834,80.0458759938259,69.59815114143397,56.63830138875142,53.57379907411306,62.61494831730829,75.22663111783235,7.386604917381935,4.838322691366823,5.906769770260656,5.771828978980003,8.020815327954383,7.2295473063902005,7.472152268552818,7.339700363146251,9.06667819764915,9.604329496582245,9.968317366011734,9.033050785369804
80400.0,gromacs_replicate_2,77.959335,5.649026027824836,5.902839187885973,30.205719,5.336459472351313,5.219969970021589,17.004036,66.87488391698163,56.16317916328138,55.10753354707371,69.01947681759228,80.33364512527541,77.54514348431086,71.74228544199768,62.32343904404417,49.08022966661998,43.08842074894275,52.52899655118544,66.35535106730602,7.397563726359114,4.746449677613261,5.434009615749791,5.376037885974315,7.864987138113085,7.207796184562412,7.490365623215184,7.396714853278384,8.717612406221876,10.078897245305312,10.757463348645148,9.508052132181723
80500.0,gromacs_replicate_2,76.18817,5.650430600261232,5.545226908894302,12.878044,5.746601020560928,5.584696531292511,7.8026276,62.56566061542125,51.08309697707999,48.3760708655483,59.60393549079005,72.649008227645,72.64803175771567,77.1675718745476,70.55227585175649,58.124667876297615,51.001421136570436,57.14867664436745,71.03448588419991,6.912154296560275,4.20584459036074,5.967517989879887,6.009312168818602,8.049878317245946,7.166419387369933,8.433274938491888,8.257874546317005,8.684557656366673,10.291704856568803,10.347466667235734,9.034452652272027
80600.0,gromacs_replicate_2,66.571365,5.343565977147304,5.483862843043554,21.103226,5.338658529465294,4.971255719821799,0.23438263,71.20241217612158,58.6371531293437,52.999440693307285,63.353447909606075,78.79237600941697,80.86747092249739,74.38522294906294,64.93559330024404,53.21776193537841,48.291580861586866,57.300640318835946,70.83249992966608,7.263111933284568,4.596553290003303,5.9302224598583,5.666085843640886,8.22853795345928,7.3197317025334225,8.082322561790413,7.548616288507692,8.16790320429948,10.134260558358827,10.098579031098792,9.329124589304124
80700.0,gromacs_replicate_2,73.52353,5.542195699124075,5.517513146637451,4.287712,5.897615011168273,5.513388769919391,5.2500763,79.26726922009027,66.79288466568171,59.85788456227288,67.73564156111476,83.17820242568693,87.73613321803194,69.67668502254593,64.44468766207106,53.214036602297455,45.06532530323833,48.41397545516861,61.888153943445126,7.442918516422837,4.403539056034984,6.254155752405652,6.015555399501322,8.06955710235963,7.000309075496015,8.127383547914109,6.973164890495134,8.714442413320606,10.911357110378699,10.380132780131424,9.665326829374171
80800.0,gromacs_replicate_2,80.163445,5.418296761149076,5.501743346257684,14.951782,5.428511419346198,5.158635740628385,5.64489,74.32835188937113,61.92095173505791,55.41480968820417,64.72517100198348,80.83633565546552,83.4251585632775,75.69088871354376,66.21015035081594,53.58045920786017,48.824969449626046,57.243330466796614,72.29017067888546,6.780349090223662,4.295735002639248,5.7471165422946715,6.058719867637231,8.035410296793684,7.048576580571548,8.076485487206215,7.364691838061664,8.498077708047717,10.160890404357033,10.501691775227064,9.320863086409952
80900.0,gromacs_replicate_2,78.06059,5.594379344323522,5.3844829090086,5.903137,5.559503676678758,5.34432085065053,14.252716,60.939980740817234,50.30216307541365,48.311961378827625,59.89201721554329,72.30040466573365,71.32160199483044,70.38976162238114,65.96231026629326,53.65341583054831,43.33912523442615,45.54207598516471,60.388999218642546,7.1491587195396535,4.266567612154795,6.289237018478481,6.242029886776841,8.323471071211367,7.116661558515617,8.883390739853985,7.278718243874057,8.40368052681341,10.256049906395063,10.425605589613008,9.340383777399849
81000.0,gromacs_replicate_2,87.5505,5.965248954167127,5.951498760595442,5.2852097,5.3980882744936265,5.333180391256499,13.2260895,71.30696280894577,60.84505201114003,58.389867609965634,70.07405919349132,82.35372203803965,81.40832862606932,81.23991913539527,72.04570691039237,58.60454630952875,51.33062317681809,59.60756487738684,75.81495080222795,6.842704431034636,4.5260165361024915,5.898394587454614,6.355546027113108,8.096911480276814,6.7638640194757045,7.72429333739571,6.909937459673955,8.490030912973118,10.17251092165172,10.28137505873708,9.217227284315301
81100.0,gromacs_replicate_2,80.24724,6.224113543675287,6.23962759260286,20.268272,5.435683595393438,5.251709542815386,3.877304,64.65234665563908,53.74590761371415,50.65561192049331,61.62404729067885,74.26243091513989,74.00331643536204,80.25080599309996,70.93943951617254,58.412999637724326,53.90569647511578,63.02696804697538,76.72927999593793,7.250572054452871,4.553544531109676,6.142718149059508,6.124195465384687,7.932180536425242,6.9012268379420165,7.985369773824816,7.034691803318646,8.945244304171718,10.49738216223212,10.54488919890272,10.140381553663552
81200.0,gromacs_replicate_2,80.779465,5.797679701882438,5.75734769784732,16.320045,5.166427114573279,5.001479713563461,17.49253,68.80102375140554,57.106860040052815,51.541069198592254,60.42033407852064,75.63572358592418,77.5340720063194,71.13098822977929,63.597525919319764,49.74059988390771,40.69753929354636,47.66803543591698,63.84274076160905,6.8154095500884955,4.432265906669683,5.990798810689701,6.379888723848727,7.76647835266793,6.7170166480253135,7.679829473254669,6.565923338120712,8.594199568844722,10.212685742898945,10.53870526340679,9.690683421190684
81300.0,gromacs_replicate_2,75.537865,5.584649454423453,5.385010514180072,3.8482666,6.074133722024782,5.592677833669721,0.9688492,65.98435108443209,54.330896207417545,49.840902300492665,59.06858067152813,74.46340256161338,75.94392634970997,71.04789021194335,63.491306940936845,52.71231013739191,47.61050229341318,54.05496585086929,66.4065299845639,6.733607276514749,4.182876878571393,5.8220767199062795,6.004053711913356,8.13566418759215,7.21538338460252,8.509441248694024,7.07190907479209,8.606642588730459,10.674497681128928,9.941755695212402,8.96892418853494
81400.0,gromacs_replicate_2,74.70607,5.388128076193551,5.410889677613431,16.763779,5.368592858815787,5.05512098441219,9.439865,67.99307237699855,55.20947932738982,49.953740069556275,61.43424080881745,77.10494649083277,78.03822216026921,70.01485454470955,61.76307401056977,49.46747774972707,42.77494611373081,49.673204205284165,64.58185829927488,7.195619809738612,4.5675287201269565,5.895127980988847,6.15303675493441,8.319406769870401,6.788193081329851,7.871064688953245,7.097935486426635,8.207166094261774,10.388997629733117,10.29245822587724,8.811394490574372
81500.0,gromacs_replicate_2,77.992325,5.675691599070959,5.6092946991937325,19.904968,5.767085365693562,5.589727502566221,12.388466,61.732693064441754,49.618523293616505,43.69411415835399,54.352387789629624,69.19622059978131,71.47825720909368,73.62169416126314,68.62810185475347,56.669016082371,48.040106422738646,51.27582996410376,65.75329345576394,6.690308233344511,4.163583569362238,5.691094520720445,6.022429392803165,8.52416199270388,7.268256484390092,8.593640397949263,6.737073736016372,8.561232523978097,10.223678644879113,10.691115622470365,9.147997361376623
81600.0,gromacs_replicate_2,85.789085,5.4502732888633245,5.6586750304525255,29.391125,5.171073352312258,5.008065674290979,18.662987,69.71492571498685,57.90666607014303,51.63535619170245,62.670740622362906,77.932446422647,78.90602028188883,68.35549166149426,56.7844385002693,43.40408752649213,40.45971475219897,51.90091242258706,65.74992085461761,7.220460668936451,4.509717617175103,5.841496576665125,5.793695292895695,8.107647938193525,7.294724288124847,8.303842731435614,7.553383447010323,8.403768677302287,10.566834089921544,10.26417292272945,8.902765200822259
81700.0,gromacs_replicate_2,78.404785,5.147630433642191,5.061532366749785,14.381142,5.6485979721779564,5.381773416365804,12.448158,63.51154952442544,50.691590752699,44.83934258449358,56.50085213715584,72.683057023297,73.77830039587161,70.55607470593438,64.75930156206825,53.01574398261211,44.073944847145384,47.759330224092686,62.316548097638645,7.139867693194701,4.627471669065917,5.820211190877621,6.4112858242576936,8.108972043201863,7.072658553245559,8.200012157923826,7.1205568686040195,8.143326194608697,10.127764634932303,10.450620230140546,8.688470501878593
81800.0,gromacs_replicate_2,75.69921,5.426066713404971,5.559757921343673,16.540184,5.9248138937908,5.618375276645298,1.9513168,70.07353796264265,58.29101568349528,56.940673176879685,70.65186543954455,83.29777988138486,81.80028542853113,75.8592954199896,67.59500019208171,56.131981370899055,51.82401386612504,59.6000348883253,72.31607843108524,6.956413081836953,4.469960280739825,5.480047862605505,5.865225277840197,8.030499470851266,7.067359079248798,8.113752798428031,7.060258114830946,8.80835127336622,10.060754373505242,10.79063639538688,9.112439884120782
81900.0,gromacs_replicate_2,78.473526,5.236651409807457,5.175713819095234,16.095985,5.5842514929665095,5.2466671046573445,4.4823227,63.20659601710516,50.94022612617111,46.28801125795041,57.66414230084408,73.30276296787949,73.94116425003399,73.0552648387335,65.60127687121604,53.64630472223566,46.75914746067571,52.001955920175405,66.63495011087761,6.9253702973180875,4.562576126866071,5.868405258732095,5.945912157756498,7.980667544018482,7.142005931617247,8.498885569068813,6.951816652455616,8.025298353516465,10.633514687116028,10.597924700847969,8.546000128452093
82000.0,gromacs_replicate_2,84.03993,6.051452373339569,5.95610126751384,7.2152405,5.894828714089413,5.733033465676833,19.468712,68.86656911265693,58.05374457304319,54.29877490569841,64.6425914223543,78.37122967206665,78.55867194750361,68.30267414260554,64.58488153759384,53.29151543657946,43.65763763490829,45.261406686064994,59.391876122213816,6.6782068504948064,3.9824100641984157,6.262942459676349,6.59179615784939,8.062327926028944,6.865175176316712,8.581385636044358,7.345092376757201,8.992324453810923,10.483213485847683,10.702721333329002,9.287713379763959
82100.0,gromacs_replicate_2,75.238556,5.635866021075848,5.830152002783241,17.175766,5.867000743368941,5.553368160752688,9.2682495,78.80038870852707,66.7991466339461,63.95915604890533,76.05405285482696,89.58145510916273,88.8279088501373,68.75067694440847,59.88660495703941,47.97624926081045,45.64533419109379,53.52579998369908,65.77776414838455,7.101155612036872,4.361707687436392,6.021792462757195,6.378245956739367,8.151411929529052,7.207828165413702,8.259790531309113,7.767286495222725,8.541733920228918,10.522554287915268,10.250238079039653,8.80768864416707
82200.0,gromacs_replicate_2,70.10329,5.501880222726886,5.705519782823024,24.978996,5.163669224383262,4.833912658415312,2.7377243,70.1594100477729,58.07628142019547,55.362782895189426,68.07325789454757,81.47519276635153,80.31221111944345,77.71021127327643,66.2054234873809,54.29770900427942,51.289313106484514,60.44872097998982,73.95362211220154,7.396954262495841,5.023650174696143,5.826570393164305,6.330587757494125,8.215558304823968,7.1928714539750365,7.576653565548407,7.207392110075729,8.221737564147498,9.707066172118429,10.121881106822109,9.033831213670926
82300.0,gromacs_replicate_2,78.73782,5.822980507599412,5.802664233014982,23.700256,5.504687772980908,5.306121221621102,5.125206,61.09645753082019,49.61525465309895,44.88652759613218,55.68697784333967,69.83364471808544,70.47191819422417,76.96352913187097,72.30556660136283,59.20317170399642,50.54652731337615,54.092922830698605,68.15550878947627,7.214200323849617,4.529566206168841,5.874181484771639,5.906767328040707,7.970064134851435,7.243597565418939,8.098037574188115,7.001518546961832,8.410789481085875,10.067480308335078,10.440992210750718,9.094710219681744
82400.0,gromacs_replicate_2,66.01097,5.077199510408798,5.289848243602986,13.996742,5.851784862091159,5.373157259668898,1.6603088,86.94397654194519,73.05143382161353,66.08436640082888,74.82209099531126,88.5848466516686,83.77590165974402,69.54931943441434,61.54283266373733,50.89905723735963,46.65767578477101,53.01202419124452,65.05742829657086,7.098517722191613,4.252929775540519,6.0583837197337,6.2006506973948685,7.943306220479186,7.151724584344504,8.554091079362237,7.46349839310141,8.386533456119107,10.108460210190255,11.083762593517713,8.644693998231604
82500.0,gromacs_replicate_2,72.75095,5.327829816007529,5.578818984175725,24.235191,5.443411306822393,5.188233566992066,6.2061615,76.952534569024,64.0708108457491,58.74167770434506,69.81817069389102,84.88398746471566,86.28302535785798,74.42620399464994,65.46464092833759,52.931245172373885,47.73718908306711,55.58421555925207,69.46839090962926,7.089905654802481,4.555894990171884,5.699090575106416,5.982671594014595,8.026757329937581,6.981067447866791,8.18331898263115,7.29408051932585,8.773893704045403,10.57420094085867,10.54620482904687,8.95235362111556
82600.0,gromacs_replicate_2,62.665356,5.837499365317788,5.92556835126539,5.3537064,5.546819777485179,5.144169225338916,2.4370193,80.8454736895739,68.94028397154085,65.72744659688944,75.67666053545621,89.83004837582287,89.31970461227023,71.84561646792153,67.21427786031613,56.13376917614736,47.39792124964674,49.94204616780815,62.4952811116782,7.338088180566769,4.628038238421003,6.392363681466735,6.48916164766223,7.7975591023953434,6.977781439767159,8.168836653551455,6.986717561887815,8.95735711882474,9.668110667070177,10.705976317841246,9.19624201057018
82700.0,gromacs_replicate_2,73.28409,5.3785319116089765,5.3680689041100464,10.719704,5.5302523739291765,5.151994900085828,2.108551,69.19627829245104,57.16267734528606,54.59404857759367,67.02685871543201,81.19336511398602,79.9296272267675,74.4971493249213,67.04103613321084,55.19155864900659,49.262875816285764,54.6749451933215,68.02816008358414,7.197673729086938,4.673359627417871,5.891200672905668,6.416438372383168,8.152249046280811,7.123714859877698,8.130565126259803,7.213085816116175,8.652742724643973,10.212072108699605,10.738986939505903,8.789596191588046
82800.0,gromacs_replicate_2,71.412125,5.046553783845784,5.2635967586087915,24.489311,5.647858018956264,5.159465162564,1.086998,74.73688807520037,61.11452049782165,53.70698446111209,63.456405884205225,79.78733932559113,83.7396212338602,67.13110760179362,59.51876779496301,48.02660689008668,43.246825067822066,50.257916281593666,61.95556956965559,6.745960163726909,4.3715366694514834,6.08806480553131,6.450421418466479,8.219410319787059,7.032709703622459,8.134625908976679,7.11445920355525,8.777861097271861,9.87062816487214,10.495042607852282,8.965771304369612
82900.0,gromacs_replicate_2,79.5857,5.523190969423291,5.401363742607777,2.1539383,5.662247774902088,5.3489368853073955,3.5768967,72.00860236016176,60.01847076889833,56.68787728516801,66.67956532242373,81.08824171782996,81.83754213662327,74.05609286595138,67.81853017555231,55.85303060137394,47.57965939425669,52.040353841014365,66.44809401058588,6.9356947416292245,4.3878658335238905,5.931165828075679,6.318749425871365,8.01162077680165,6.822184547982205,8.42376763091758,6.893063985817548,9.197394654033962,10.225080396692197,10.217533059064182,9.153080805073971
83000.0,gromacs_replicate_2,66.24946,5.1083227467801775,5.100580802445561,12.149887,5.364156131733107,4.963528029158697,1.8366241,69.40353661517194,56.38495648254092,52.43862830662619,65.74644626614328,80.18727532714296,80.58129324431013,69.8017883917792,63.459121744198086,51.186890561667305,44.752665077080906,48.03683811418652,61.407336067953615,7.06610818219613,4.447736568895326,6.00161999483721,6.719572877505087,7.86933148516474,6.812659250193768,8.08338904316435,7.370510849090315,8.586025281383714,9.862835254019597,9.713313789626861,9.362432149219416
83100.0,gromacs_replicate_2,77.923035,5.700721315964034,5.608466139470935,1.1480789,5.801232628994002,5.606715747818667,4.3743744,71.56081878079735,60.470377980415876,58.263599035511014,69.96621772032468,82.92693557976118,81.96684410984312,79.12789928418911,74.34210226857408,62.54752088561513,53.64639748111067,55.551235429184224,69.31577985491388,6.63234032359476,4.026939085820993,6.085618991723324,5.9966491257570205,8.109937417491608,6.958069591663378,8.526048232245678,7.119660562204673,9.362126636742582,10.066272725472372,9.888745603861043,9.196474953927577
83200.0,gromacs_replicate_2,67.09708,5.342098136247069,5.302103969032161,5.4468155,5.536415292561097,5.152014218150804,8.765137,76.27690545446063,63.6670157790264,56.419173069683985,64.07744677811687,80.70810070360633,85.09309536615987,66.57835009597794,63.530792883633616,52.311979987352856,42.11481365409725,42.0618263550928,55.350750435539304,7.46410164155336,4.785227522821845,6.099506812735512,6.45363308609132,8.295398241787051,7.243863326657733,8.369708383269675,6.970657240001767,8.635618338466482,10.618552605357685,9.609453236247388,8.76569570395772
83300.0,gromacs_replicate_2,74.0998,5.517252234857938,5.549307308401686,2.93087,5.572709689790365,5.33213263466945,13.261353,79.43807751016843,66.9546337710064,62.23200725828088,71.96003100703936,87.24390111207715,89.49147752968832,71.16881979504701,65.33286816164278,52.90847294266883,44.08206851538988,48.087701668794644,63.08799837999868,6.964996869173698,4.329167944282974,5.977152030547076,6.012738226583355,8.618538936818915,7.081457508234563,8.186368046949589,6.734026040109029,8.497347801685978,10.630156622425728,9.984394346783214,8.937806280289001
83400.0,gromacs_replicate_2,79.14754,5.689591028383509,5.801301954684738,26.467644,6.025462433578938,5.624726499296477,13.631386,65.80058447224536,54.0223144394048,49.32984213014842,60.912069743848136,74.68494287218132,74.85674246029275,60.23618750323898,52.881994573918256,41.81157922386601,37.64966349797842,45.31032402706995,57.20646624716816,7.288251744232889,4.461642027052508,5.6595006756211514,5.524217805453102,8.086851980083344,7.093521183723131,8.27037938342047,6.819717525281953,8.620035728907858,10.885935355331418,10.416560302343154,8.880859681315117
83500.0,gromacs_replicate_2,70.59043,5.601448013292438,5.5083275252403405,2.539238,5.919778269142029,5.514267203451008,9.500862,71.2304217859831,59.61184877534193,56.2140590581821,66.75832574751382,81.3222041711416,81.10628291870361,67.31263746055836,60.43381497972824,49.11650294016757,41.43424706995187,46.284604181090785,60.35117930173517,6.971774556735275,4.139165429756831,5.87704180986103,5.741986497568396,8.74147364913819,7.358850151165377,8.521645238731143,7.157551008663947,8.464527457527883,10.872011686886099,10.056454265214883,8.904597660813966
83600.0,gromacs_replicate_2,73.701035,5.840576860862596,5.855936921987449,41.799118,5.40537262742514,5.337715959608289,7.215515,49.63763373958683,37.91417879990591,31.425057899229163,41.55417912325446,55.34976696811028,57.298706995673946,88.67105047730705,80.90026129569733,68.56619951638582,65.03735128917813,73.7369413067733,87.7267266447471,7.213810019410816,4.487426587831096,6.249081873047715,6.491729770378704,8.102576288152417,6.716323478527267,7.188067755565933,6.513938719645708,8.100617267822104,10.20372966036337,10.632377023595446,9.491582267393197
83700.0,gromacs_replicate_2,88.63991,5.990430740170452,6.105813393761848,11.019928,5.766965442427478,5.665621840257689,7.949379,81.16842442663923,70.39826386939987,65.8196513039029,75.19254788410151,89.46088097809155,89.74685191229506,83.33777791310247,74.835116822016,62.61183750876738,56.19202255757542,63.69314335033916,78.4519615139617,6.824204698666083,4.162293145912813,5.619646095751514,5.665136504642655,8.708438513044108,7.107650700865736,8.759962357394144,7.151199834812296,8.708742283979994,10.498151869910549,10.305199116772366,8.668133020301779
83800.0,gromacs_replicate_2,68.45684,5.4672839534828235,5.348498161579993,24.316628,5.815178883182121,5.378185692764819,4.240715,52.41912686386269,40.50563910501809,37.61712623315404,50.30576723553244,63.692653236915056,62.827309632045,72.5084280055374,62.643313860513324,52.81354807293262,52.352961535848074,61.79406533798144,72.93561318540509,6.947783859138772,4.4204264534531275,5.6619713219095456,5.786852327567351,8.766070795175919,7.414995372779445,8.0874079802566,7.011296422592197,8.225326929621357,10.755968651926603,9.885695673935594,8.613947267814167
83900.0,gromacs_replicate_2,71.9466,5.478354291460787,5.220153649027449,7.084221,5.9592966463410475,5.595184140138901,10.148422,58.417112250356496,46.69876909448278,45.146813308311756,56.361780638644994,69.18533555796161,68.61917309600193,66.78915839721861,61.83144323733695,51.25681004130063,42.220077231705524,44.85924614470989,58.836939302182834,6.934386377032958,4.190351590076632,6.142142494149252,6.169614082015608,8.390365797829752,7.333291487954299,8.606013134197134,7.906516316678009,8.388932603436732,10.370097358304726,9.784618343748974,8.77331887348204
84000.0,gromacs_replicate_2,79.36972,5.7875226789408,5.718854999096365,5.6373444,5.923980073686607,5.74773580916306,11.0355835,76.50410251485997,66.22639981201011,63.74339040318832,75.04687452133761,88.62654310777957,87.23739250644269,75.54096847980922,70.27323868756204,58.573098958019905,50.232022401190356,53.83889807281216,68.33835581411796,7.021757622809232,4.1664845697151405,6.145593403857804,6.599345926894836,7.629243655348102,6.768789586137424,7.79753408122706,7.0959730033270425,9.412120017815775,9.789134401018913,10.434734259739026,9.534195956442826
84100.0,gromacs_replicate_2,80.69755,5.282613930389614,5.431642931190287,22.287376,5.546634277469938,5.246343225208723,7.5400467,67.51466822750079,54.922419562124844,51.82585066415144,65.29548746195614,79.23267052753525,78.28815688551656,70.35771796498886,60.61633802930052,48.6688442751068,45.75360262616426,55.0686778602115,67.72352818709679,6.937286361022056,4.33860995834606,5.558925194318472,6.2261150456402286,8.182122622309054,7.11919833776406,8.503643223157257,7.26814829808589,8.499069481757422,10.162368909790747,9.538413435300152,8.661687695452388
84200.0,gromacs_replicate_2,80.82321,5.297886923898205,5.469517047763522,13.499924,5.424182356251287,5.074489074093968,0.75027466,78.31534588090788,65.55880075861322,63.06364373894419,75.21574560893464,89.56819169434792,88.72712735247794,74.19229911881608,63.07205567247523,51.797294441384395,49.69594490216559,58.467881034220966,71.37509626700549,6.843753546208615,4.272051919107345,6.1304052076974695,6.541849773239929,7.883049157563418,7.101153512539603,8.425035835536175,6.832591315629122,8.483507515401596,9.555158157146636,9.768170000378218,8.903894026599382
84300.0,gromacs_replicate_2,76.59678,5.548877142509103,5.471362782109854,13.162567,5.728257956333724,5.537105058783279,10.159019,62.34866212729553,51.01033223728967,48.4624467680186,61.08514702450021,74.39827991062124,72.99898822920298,74.3581463629502,70.4183440346928,59.03944998429976,49.22878213774453,50.57706134558066,64.58351536648125,6.895303539412114,4.447165680888408,5.848923971476496,5.99343120211433,8.598296644737038,7.065242290954449,8.163935630917255,7.018986557540266,8.364616358375926,10.500324991077635,10.080303592707663,9.08839767973796
84400.0,gromacs_replicate_2,73.999756,5.566853443288668,5.441467111221819,1.3266373,5.719536536308995,5.579753740017567,10.959541,69.10201186488226,58.31414125349738,57.965116648487694,69.7914032898687,82.65591382158199,80.01882594391328,77.99817677581738,72.3049554787227,60.880899160383706,51.47209943894759,54.49994404210559,69.71021325515514,7.1174028679705685,4.238116198267362,5.874862844296326,5.7645230120092075,8.304747340815005,6.950838361484072,7.990500316142837,6.644488368879703,8.775522249062309,10.084539572730666,10.380288132277686,9.634418543557892
84500.0,gromacs_replicate_2,74.9604,5.815528421000962,6.000777617498955,21.133965,5.7579571290450815,5.3522958466405335,10.368332,69.5438833080647,57.89756112596855,54.703167983413266,66.54757704045797,79.10331974098301,79.49256543037042,66.69736982581438,60.29563040054888,48.59381399220927,40.73993722459374,47.19851581978236,60.53643205137654,6.880525839196568,4.113353104430206,6.092963610398452,6.237840913530472,8.265762283988968,7.049490705057298,8.37227059159008,7.081210330971548,8.548385773215108,10.139619534021579,10.12014713196461,8.994991678670324
84600.0,gromacs_replicate_2,83.05553,5.261372086976605,5.420005737639115,29.601128,5.266440976159132,5.0434225237330415,14.701782,65.82421840881113,52.654392106282586,47.290156587110445,58.597941692665316,74.08339892841033,75.3154687770107,70.63359493831845,60.9944792504277,48.283079500913296,42.510450678643764,51.81392342164885,66.28082460410697,6.807920114286531,4.418867648235003,5.809541761628543,5.962761298380977,8.044939511074936,6.721241911441962,7.403874032476254,6.771908143843123,8.289539675225258,10.47790784813889,10.117554247825149,9.41562456965598
84700.0,gromacs_replicate_2,70.76196,5.2071125029756,5.221354361893935,25.729546,5.42457924351683,5.184314656914344,10.812523,59.68646648010044,47.17382015963835,42.504734279544714,55.42640054433518,70.6916178964886,70.91552051689334,70.3307762375022,63.71323252357846,51.497925312023455,43.52608464971245,47.68936249010455,61.32455349872589,7.07461757006622,4.502012387858501,5.893837906693756,6.085851193363935,8.271890316351804,7.234932440282862,8.199168699451908,7.350126257407782,8.022099563345925,9.840588690504543,9.975871355414874,9.527588546071945
84800.0,gromacs_replicate_2,60.618767,4.908927880316271,5.021954213086035,27.03997,5.668322978376134,5.112824438635508,5.500702,63.24652199971327,48.49628000556691,41.736451142785235,52.63451682034467,69.84069037756878,72.82081043464214,68.27197236335972,58.67249605143551,49.166079827787904,48.25561018057,57.70949787486337,68.57261747618458,7.27464864982456,4.731976944229365,6.3092770289936055,6.57080806053737,7.813055764879612,6.822694759206429,7.245284431602398,6.915140700425411,7.8183699379648655,10.106726005795117,10.476461521383284,8.858541224238111
84900.0,gromacs_replicate_2,72.187614,5.150158317672663,5.251491442883064,26.758812,5.5537387487703995,5.3409304688500825,12.438118,62.748855445341846,49.3555419436461,44.857638291044985,58.24458289428467,73.5316854144138,73.61722082836324,71.40886596393801,65.36748732882829,52.52230651716916,44.579252394397955,48.91636530468543,63.64630729253428,7.0629824233512215,4.561498808134377,6.038937119668057,6.256811004181609,8.203323652071187,7.2217661506872295,8.176534389349175,7.221228163088626,8.04003797363047,9.663647006705718,9.985355783906604,9.134537511724778
85000.0,gromacs_replicate_2,76.352974,5.788395787074112,5.7657965546248535,28.450363,5.287012533565043,5.310326569305841,8.073097,57.407883664454985,45.59565381124084,41.64771835834185,52.16748230506483,66.6070806708183,66.40173866321919,88.50743221059234,80.0678733970899,66.62506166588936,58.02647894426075,65.04158289100084,81.19814011870928,7.185206733478483,4.432523558842371,5.747795727153075,5.922841304213228,8.609756640341953,7.1802915196264365,7.8259473434331115,6.887177075920509,8.463612288990431,10.268954627465199,10.160414447041028,9.295102864971472
85100.0,gromacs_replicate_2,69.811455,5.782113222086469,5.92898015629155,16.508232,5.300870914281674,4.908795519233548,7.4695435,75.13404637761488,63.671031016122996,61.56425998301692,72.83653636544688,85.41484422944616,85.16322364993489,66.71850330905347,57.874708320263984,45.368776534980825,40.478648076748286,49.32208116453964,62.080809035719334,6.720708002284299,4.084161816395452,5.7614684256048,6.075603210960063,7.993849646073866,6.947798855331391,7.892111194189423,6.914006043958767,8.733490416114568,9.861914461865297,10.384686302651765,9.425591539162609
85200.0,gromacs_replicate_2,73.81025,5.499668570352149,5.467643672440023,14.881668,5.663719622530894,5.321078435122684,13.741791,63.83402205943411,51.97971008863558,48.83642741482811,60.882133604588375,75.04659497392024,74.39035953231388,66.15368885462874,58.57541567155832,46.554656373502965,39.28225102521934,46.44359372278459,60.27006829507117,6.820909558042939,3.962032265673343,5.761434833474069,5.831616723289291,8.19153902259791,7.160502607150974,8.218451495088056,7.087804640874135,8.656058024180336,10.37341261804953,10.312334609876363,9.205021736043435
85300.0,gromacs_replicate_2,75.617744,5.417435766714841,5.365892937457309,19.128265,5.653467746511,5.415855115974676,10.114227,62.29514464775434,49.81695790393244,45.994875116917534,57.250693179507145,71.97597619443916,72.60014251369834,70.61688277494498,65.93365884306064,52.92990818704334,45.26903974130659,48.41782783650405,61.8933935195851,6.9554169171606235,4.240657409173772,5.830602151216265,5.772033755008542,8.19033435348806,7.182628467780738,8.216760773667486,7.064135003795882,8.325079029498893,9.87750037261224,9.976822790241926,9.152979659204023
85400.0,gromacs_replicate_2,88.266235,5.804363479313917,5.65246263638851,17.240921,5.982456880780545,5.7565427176176405,22.023254,55.86404691614341,44.41942567486986,41.69792931852229,52.58070393526386,65.57111045721062,66.26242520102822,65.63591355944708,59.21056326746856,47.71269793422002,39.68895969370868,44.43785360042237,58.975043395166196,6.569880029340591,4.087906945669324,6.055197845565841,6.216190315594245,7.666528234636022,6.699674680162587,7.9931238299476775,6.831113058738876,8.74128340194117,10.08777713611037,10.32002223897119,9.768669849314422
85500.0,gromacs_replicate_2,85.81989,5.500213694896739,5.741473621262833,24.674225,5.195752946588183,5.114809009105381,8.190903,79.5054249192331,67.4537249034757,61.5833842687906,71.02331080757834,86.5300460238978,88.74145918844224,80.52795466085712,69.49450976514792,56.24134664595344,52.77372419334061,64.01105342306326,77.87619616633927,7.045649351201861,4.394768351080071,5.886824045012214,6.071593419410366,7.929066956747976,7.165464461090434,7.617810032599299,6.886813288270263,8.491946995369013,9.820736442269926,10.269807254407228,9.3800964832943
85600.0,gromacs_replicate_2,80.18132,5.702537239159892,5.499379377834147,14.537605,5.876821526291965,5.618750834836442,17.88414,55.16244383478137,43.57372578984847,41.93310967603745,52.89259900884785,65.54898932690895,65.61267498758234,67.98187944691641,60.39885110672191,48.37090558786043,41.04705578262347,48.06323182649149,62.79795526196501,6.758866103944578,3.9873716461598097,5.74508194723928,5.946048935893577,8.296031127612581,7.269809568645327,7.708494648248784,7.07805648149003,8.512215652790882,9.99185347663405,10.436254482725428,9.228839463220488
85700.0,gromacs_replicate_2,75.61255,5.448068999192035,5.5120546332817595,8.614571,5.5188685918632565,5.210217067872103,12.139732,75.01544722489797,63.20588073239291,59.45324204527989,71.22327960718998,86.0004263028425,85.12609064566722,67.83884475940934,62.2533696118969,50.20382744104193,41.252679908462945,44.58014043828789,59.27179331440858,6.947494752892171,4.252522824930844,5.960347427911055,5.9737267277170405,8.196848057496,7.336555490773942,7.950205861656319,6.867311585081931,8.372634487681324,9.91878752049845,10.051032454393011,9.125025574227367
85800.0,gromacs_replicate_2,77.87259,5.42200425192259,5.576975204707899,21.060005,5.258267355887597,5.131242193821879,5.966339,69.54704559385273,57.8563454771183,54.202797695917035,66.90559590910289,81.78816225647822,80.26728303529363,80.87327361136128,71.13887856921451,57.72203456475131,53.28337641917576,61.51605334572089,76.42439722891585,7.253534024472758,4.524210124163956,5.986548287841142,6.188728621543021,8.040193611654306,6.791089489624733,7.480875978442053,6.85374197701447,8.277569327678819,10.181105640094772,9.637813844513214,9.049211087799652
85900.0,gromacs_replicate_2,75.9108,5.364246658840734,5.438063018839372,12.22319,5.535424155071821,5.064647735004945,4.774231,73.80794487398245,61.205695797551336,57.26802784576067,69.24873969716303,83.67754791244391,83.92197515165796,66.59858213578337,57.67210579761032,45.95658759945755,41.51973296475613,49.12479255135312,62.303638630186406,7.250930397321297,4.626367094191082,5.626497337292702,5.989838108642856,8.01961267769291,7.182827218534721,7.889557973635644,7.106157349337116,8.435807685674343,10.18562573009848,9.7397205788447,9.055809645061084
86000.0,gromacs_replicate_2,78.95771,5.892532141492718,5.987833209238216,21.196198,5.7383526900569946,5.483699935688235,5.341812,69.91082470663554,57.99214037156794,53.46623696864671,63.686177191811126,77.04874779936576,78.57908486182329,75.74861702189165,67.284227148211,54.86921756857632,50.572505061710196,59.06766933762642,72.03706269005204,6.921916869582348,4.292690701799754,5.590077765676381,5.42311182230513,8.570749051105944,7.135818723438701,7.932631450282746,6.598161407050607,8.707066839949963,10.624758050019073,10.631274232251169,9.33744718721016
86100.0,gromacs_replicate_2,83.759346,5.910765981936709,5.914585514910919,14.435287,5.404757748412242,5.310629824941678,5.8946686,69.47214706487041,57.88274639725221,52.50410965271833,61.081515424964955,76.00207633784954,78.03912190550952,84.89302443823681,77.17416671262284,64.52076723488389,55.8143941313226,62.25010107466108,78.56188264298565,6.774943872875198,4.076855600176392,5.725775297898084,5.79778229166646,8.235206070956316,7.080789510892355,7.890720260751801,6.850225387212129,8.853244395287641,11.01033935430433,10.099440697780752,9.182293942930393
86200.0,gromacs_replicate_2,69.32929,5.523872641246435,5.71394955351377,35.84236,5.173576998988729,4.882143094347343,10.115486,63.722908883740565,51.260689098665736,44.561406431202286,53.151402051177726,68.32103676805814,71.68582704784656,70.81564018261753,62.410621357869104,49.028020191279985,42.70187311287798,50.45433336183281,64.79293899330186,7.237503981424907,4.53509534414937,5.596987825685766,5.536061308473914,8.524071165929184,7.170979416529307,7.900657837378072,6.9954760022892275,8.201437668591726,10.218320762146515,10.510412807350324,9.300528365897003
86300.0,gromacs_replicate_2,73.051796,5.884835075426591,5.73144329572969,14.357376,5.448352073841282,5.3560425890499594,3.451065,58.81067455516377,47.629892381719195,45.102971407369395,56.35327964708085,68.64478335260736,68.42990253500079,89.92141030737855,83.01127343565604,70.09606141741246,61.85447315756531,66.43163192917493,82.23559153510514,7.1933368368718025,4.368460928328228,5.8788867577014825,6.0711267889127924,8.116261588169355,6.783351800006803,7.81422771248287,7.006602937814919,8.422226878219211,10.550836129762285,10.057950064919867,9.217502112232559
86400.0,gromacs_replicate_2,74.99901,5.823877393584554,5.842274796075562,15.808121,5.589325065125311,5.366380424034032,8.900002,73.52025591476693,61.62372578094489,55.03945052083722,63.40351894818168,78.81169844942731,81.45078499322753,74.75914600741986,69.40504983334989,57.78404878331421,48.85988721692453,51.12241392299675,65.90348177567853,7.264309903768374,4.2599334579349994,5.952999650264935,6.0069213154176335,8.334761962491463,7.0219808453737524,8.073570317073246,6.790488706050569,8.355404102904904,10.420560219116288,10.544100673044737,9.190225794648278
86500.0,gromacs_replicate_2,82.470795,5.202295705915558,5.318120267249551,25.737358,5.28046894461552,5.1431099986895035,8.5145645,64.70009605226782,51.76443334497107,47.73384355022004,60.663903681612005,75.1261620031318,74.45182081698259,78.1210781227501,71.95982821956362,58.551464754292724,49.46537612678775,54.49420080624201,69.59314979817046,7.303452749935736,4.557728525451754,5.777214741476437,6.09963659644509,8.091684535773208,6.925387435712076,7.951414208274452,6.862962545990745,8.326687671362677,9.757037676378403,9.807463608727657,9.527394219794628
86600.0,gromacs_replicate_2,75.275734,5.4389693149186735,5.631569313951796,29.15207,5.108107364625369,4.95138273182789,12.954651,73.77144352141217,61.75380526869028,53.50449154847158,60.32016280425854,76.63098986569793,81.19075028702069,75.00589393102535,68.0335267394698,53.82972840824657,44.33545370942338,50.88792092758202,66.86931648473187,6.851062875667672,4.2663261682475975,5.983284680936554,5.879548688866215,8.161667089624178,7.005472317285703,7.673329308081888,7.12854731137464,8.084457755652464,10.378973675979354,10.08453202005349,9.334845623665267
86700.0,gromacs_replicate_2,73.05561,5.505864498111806,5.532279554389634,28.744537,6.051648312307287,5.714893595772655,12.18837,58.15698110102008,46.20470350096269,41.553164670181026,53.42657567918643,67.84033767482721,67.84219835581415,65.62849108232284,57.77954046935603,46.2932810485192,41.62321012281207,48.72380284982858,61.38708537732732,7.121448627391045,4.607116178176426,5.691186600575298,5.840625410198937,8.408472505504921,7.261130557313865,8.525122291549048,7.346195506892309,7.8997879113134735,10.607663047110005,10.174388511059488,8.825943646629977
86800.0,gromacs_replicate_2,80.01873,5.7238213998844225,5.871229908325235,13.756905,5.228386655966787,5.124279166502725,5.5590286,76.97238771574757,65.57759453154738,63.55708022364851,75.98186027543703,89.12912595716759,87.5600291589238,81.81453829027919,72.98906939514436,59.45591603171416,53.65889328954822,61.74517836040232,76.78869574129392,7.398784449857858,4.707955964052008,5.765096303879423,5.927726192056956,8.227735735790212,6.745734134804653,7.238346439063704,6.7520092284576885,8.27417952110197,10.084850480780448,10.520040160125097,9.29505268299448
86900.0,gromacs_replicate_2,68.5254,5.437628125612386,5.615632720157763,13.138145,5.430770006588578,5.15371501079758,8.393715,81.92659458278713,69.22693759697992,63.683206857400435,74.27799677841159,89.74365448734538,88.21194158352314,72.10834934267945,66.05173067845502,53.95739464476548,45.117093550293674,48.534205237955355,63.130701447989935,7.481654948869793,4.701196140965384,5.961039585376856,6.091888542419848,8.005420448416322,6.979672843671665,7.9828118285078045,7.150239783826899,8.124171951503868,10.254846335604599,10.284009854341084,9.510912978195861
87000.0,gromacs_replicate_2,80.91505,6.0613739097830175,6.021603202642901,0.5162735,5.504501358111868,5.395245636315679,15.339714,76.26728099536679,65.65148669351915,62.19207377981509,71.8895657974048,85.4657789412914,85.38145867288908,76.26372491897467,71.3167076822835,59.018539194105095,48.207315556462206,50.25722830364149,66.12224977287985,7.03774649054688,4.266859787584434,6.450182991269791,6.288181805062701,7.821141852884011,6.6127300290919475,7.931896093211653,7.216687461455605,8.76923970368113,10.60612503200288,10.503878853148182,9.66931990515137
87100.0,gromacs_replicate_2,83.75586,5.4875638343869895,5.3972195514052785,10.549248,5.702991550750016,5.3543131674739515,4.5788345,68.41312139716072,56.00472571658443,51.20759410906848,61.506643296386244,76.51040385756437,77.99378634138971,77.9358151149399,68.73440249528181,57.947295238943454,54.54717063651568,62.01872949576065,75.02437738322719,6.7806118708207554,4.4378090724724615,5.780883415116269,5.841515396106542,8.228616550076591,7.04801339843882,7.976773680524492,6.986996303265229,8.212864825108742,10.491813980927152,10.607955581274442,8.848608479673926
87200.0,gromacs_replicate_2,84.54542,6.062562988185625,5.994659007698618,13.481308,5.8531300070899706,5.732379330974461,20.414803,64.71654055301134,53.436697796647586,48.97558279468668,60.12638535251374,73.0337061281806,73.70699752557512,72.500884421999,67.07120524917914,54.91089310131615,46.24733739501364,50.70060637482121,65.11995020608019,6.937841022578075,4.302079992056608,5.752431574198198,5.889525950459189,8.225743104033329,7.025119847895029,7.993857255137307,6.924213587601756,8.573566887047406,10.581964116238881,10.570069221467417,8.96895594957379
87300.0,gromacs_replicate_2,76.58995,5.4246066226745935,5.633327813932141,27.37547,5.8088134776779485,5.398416666067952,3.065033,67.20932466070956,54.136422189406574,50.56989337660148,62.98363023766128,76.79691754691586,77.43841132826698,72.23601838806489,64.37176507861535,53.7165458311607,49.62160481771401,57.4522200246817,68.93388048319422,7.257961529556589,4.343326997775685,5.910516582715364,6.031955559322209,8.409727938192784,7.276529417765726,8.310229971661554,7.08603506865344,8.582643950553482,10.374254583916672,10.341179683596925,8.976247109506597
87400.0,gromacs_replicate_2,70.217995,5.4088173014074545,5.463094081247208,14.182182,5.901555144929455,5.411572876285913,4.7203217,69.4566660102226,57.23661648229536,54.07156686895356,65.39612340333754,80.41217918991771,80.24655970820905,65.14473589096379,57.407335957437326,46.35704891651756,41.97575641912501,49.540336256262144,61.593273210736136,7.177044909749983,4.5264565323847705,5.849477955636793,6.032989019891666,8.250058176084153,7.232450497802912,8.267645842895543,7.225621127956663,8.382626652025612,9.954261729365452,9.994883204753792,8.965447274669177
87500.0,gromacs_replicate_2,74.943405,5.407448671023555,5.455484467550221,26.535164,5.559711005265627,5.032048238874811,1.9075851,59.32277079993259,46.5780290338846,41.385180715615654,52.99756153399487,68.16761546704173,68.91302340349942,69.29583406748043,60.69253671416121,49.828493633313514,45.62053455056497,54.053190910267325,66.29921770976561,6.965530709820894,4.410538637457773,6.235033953416944,6.329687522553984,8.32872690472641,7.337612463238108,8.288985789417639,6.763065886930092,8.029703499458709,10.105293436345397,9.860495248502927,9.300358888309999
87600.0,gromacs_replicate_2,82.96526,5.4099355399470435,5.6111717834821535,15.746353,5.333839338763733,5.234054871122786,10.176422,80.53073156973431,67.78841421988771,62.70751287122623,73.97065280456829,89.1961743738609,89.53248191945525,88.19698306494287,80.85206152256637,68.37317769734612,64.78099648165998,73.34441410768117,88.16214799475686,6.841322885732064,4.510843538452793,5.867357256964765,6.199327586192658,8.057678183071829,6.87941295208304,8.035669187156156,7.152600294742539,8.603017589666818,10.098563230408237,10.05014324872569,9.18807172131216
87700.0,gromacs_replicate_2,80.393555,5.239126632382689,5.172990632541781,10.534798,6.0273829806130355,5.863881033250139,11.313103,65.97597451002605,53.82968930353234,50.44540391385874,62.44902278077325,77.20460760156419,76.79365373464083,76.20587720200778,71.0770670122431,59.53596228901796,50.44560631158539,53.13051925407566,67.25823642750875,7.268353180613936,4.769039729736386,6.000323222722954,6.3506340934877725,8.397101971175914,7.089133654019143,8.491711868629064,7.273920551422586,8.117198255593433,10.232508171027375,10.363767263881353,9.147679161419878
87800.0,gromacs_replicate_2,79.13969,5.577190122073497,5.183705105751162,8.528801,6.282258054870542,5.968542633534059,9.661224,50.922247009500545,39.75131745883337,37.46797956677652,48.29306720696706,60.73707179648301,60.36825691084666,72.35939344140724,65.996015163698,55.050102451347726,47.91739769494124,53.22960084947764,66.67115804508335,6.951009116384001,4.180616436399766,6.225250335243873,6.299685248793914,8.00790913534524,6.975406009910533,8.19500891145581,7.427624239658214,8.66541395599702,10.519961035710502,9.936460582002384,8.837084673379978
87900.0,gromacs_replicate_2,86.171486,5.778731595940337,5.797146030541911,23.952126,5.817052394494991,5.54926857648381,15.911316,58.70093896739137,47.11459399326057,44.963188616040924,58.227996068564785,70.86996083522816,68.79481743094365,67.20596989974196,57.05674472521815,45.32475717264441,44.40221354419946,55.26063811513727,67.1113434915493,7.118545221982061,4.4184023034335995,5.48851232273701,5.970807140692113,8.211307671786365,7.268004494059192,8.254290229034325,7.70704287360728,8.518809234944516,10.307863138193522,10.18372829847209,9.087308876328228
88000.0,gromacs_replicate_2,77.14265,5.534598543573386,5.6114865643714005,24.130554,5.788459982203718,5.455836490981665,8.272087,63.73834902163584,51.54314759699779,47.47619036153773,58.971231642209375,73.27297655581502,74.01133734267943,68.82155486916785,60.56110702972021,49.1808137846215,45.081103597632186,53.315514208880174,66.27033212559446,6.906220424370964,4.341838479747761,5.782434918274176,6.081225072532102,7.887100700420616,7.231602429835489,8.481081016496095,7.398387121260335,8.625290021578305,10.57916734042627,10.086371892268708,9.299729783641636
88100.0,gromacs_replicate_2,75.49873,5.703065288361297,5.7049204333686765,5.349785,5.4946118121132494,5.177081919137696,5.354904,73.38515202377249,62.253245143305186,59.61911652855943,70.39673609730997,84.06105699770099,83.86043752658927,72.61121450105372,66.58613651485487,53.8752142410958,46.08142717482766,51.095529004001335,65.0519443711714,7.4130959493155,4.717938107117445,6.052185265877317,6.118931767684188,7.941812149163953,6.70463369193379,7.8649407312074135,6.965275827315366,8.366707653169476,10.241655348294735,10.502283369651446,9.559265730862334
88200.0,gromacs_replicate_2,69.81354,5.378696894531959,5.192063190842782,10.874512,5.518493836472503,5.086812143404692,9.151421,58.463611424768786,46.62563668020363,44.41026794989473,55.183331148223246,68.70195253476855,68.91246852264003,63.829219650674965,60.91180989850463,50.0964523670071,39.08368631742896,39.42760384159751,51.89538503055549,7.085039552769311,4.5828417585897085,6.1116893469055436,6.692610588907182,8.112452739673287,6.983560501936846,8.377533962161909,7.018617819351389,8.340092408851714,9.701496142140092,10.037440052216006,9.508906651959457
88300.0,gromacs_replicate_2,88.872406,5.649863086795168,5.658526705678947,14.562927,5.650649206649422,5.518226457092789,12.40332,71.21335691296443,58.69487040923995,52.3488471026451,61.36655016099595,77.85290778705685,80.35290982504193,79.1224429591541,71.74079801375348,59.02938739616181,51.14416440918748,57.35200034432955,72.2520877591945,6.916147341824598,4.174471399221512,6.1101901857712955,6.354486046225884,8.398985952343741,6.904917263375971,7.893682678554883,6.7276572826714345,8.707291733394001,10.293344797221508,10.157857978016738,9.43641723465267
88400.0,gromacs_replicate_2,77.93951,5.777497303646971,5.6913066792532225,22.059837,5.539205842591646,5.40481456963725,3.4731827,57.040803107313735,45.29599020077542,40.65877863252902,51.56944795704823,66.01249419248204,66.75262069638856,83.55542886546512,75.52082447688318,62.76242621632477,56.439676594153156,63.11116868090799,78.35175374817668,7.0835629554344255,4.235150034090906,6.268075225019305,6.602654658609329,7.79937588475617,6.939396656549688,7.4337586458461375,6.637480748544483,8.296025243440322,10.095730965056482,10.727143365240648,9.859697128283738
88500.0,gromacs_replicate_2,78.61025,5.17176774773228,5.173955509516401,15.619301,5.387882799591981,5.15709933053926,2.4258194,67.63484049072359,54.33339627151923,49.36556818929482,60.83102596727805,76.446295890465,78.46954963109673,76.45388106487815,72.67385074998424,60.61301299249756,50.65652528492867,51.79676371279078,65.68090450215024,7.000248719731769,4.324241422518714,5.965858972332554,6.481950401960418,8.137873043763062,7.139781278741625,8.41292061957435,7.011040033486499,8.620729866784647,9.900916803518253,9.561483031731418,8.87285759566635
88600.0,gromacs_replicate_2,86.636345,5.865082518869412,5.626105040683498,10.746101,6.371513690403053,6.097693740642296,14.860748,68.96223830833547,60.3841354283005,60.90881486742494,71.5444830578675,82.25696449347657,79.64881076873357,68.57825775089573,63.34017129628056,52.85469314733173,44.244711239624586,47.206761164912244,60.64192910429482,6.872571700762341,4.258079740634591,6.235170116680275,5.991990966641421,7.930931570065343,6.945525489723997,8.191802395197877,7.026916562823161,9.109691484811346,10.10712532812013,10.571074098730215,9.94680911967151
88700.0,gromacs_replicate_2,73.67259,5.168657579430921,5.2675314999389755,18.81755,5.192801513614987,4.952738594205751,8.140106,66.12377629862219,54.04727284043724,52.03269971398584,68.12495171511128,80.55669912683504,77.88233046367895,72.06332128198969,66.9420609338063,54.164588173496725,44.941628368972346,47.41404678783506,61.856382992665885,7.162191896754015,4.523114461465381,6.077792714460297,6.44153932919823,7.59760114882608,7.042753044958027,8.398235538480353,7.832933030197014,8.482845550716732,9.503835152609064,9.3291699485766,9.089386241078786
88800.0,gromacs_replicate_2,66.40889,5.042674578372254,5.18650869322743,19.525833,5.6946717176622785,5.247477956624742,5.8750534,73.25202568073937,59.48990493503841,53.64282721530376,65.62935039528175,82.10628179017097,83.63182484934559,65.68119468730684,58.862143878046474,47.514964793036,41.62563046140903,45.89751730665525,58.572910944526974,7.226832848298383,4.507747734623611,6.045004074380331,6.277486905487342,8.027897268267912,7.174073780208698,8.116348469301316,6.817549231874952,8.532195103390588,9.930807542423596,9.680698728615367,9.060175727967955
88900.0,gromacs_replicate_2,69.203995,5.2761865061409585,5.177022985312134,20.682266,5.558105172715243,5.127341075260923,1.4320374,55.04529500696599,42.75876373272026,41.358892236642085,54.998682774424104,68.05189609646301,66.47134386195805,70.49398653850622,61.94350104611123,51.25611009343797,45.41179978145039,51.44292912824818,64.7524043386749,7.344293382404869,4.594708964746715,5.952348883187959,6.052060180941815,8.072705649941167,7.137285820702718,8.031436879828814,7.126142733911731,8.069890958739162,10.08853542469493,9.908287705588302,9.305744766535067
89000.0,gromacs_replicate_2,79.116554,5.8867658192050785,5.927706880509992,20.846313,5.697685423322757,5.461594422204381,12.77578,65.47643701434103,54.29473299974316,50.19089857285681,60.68649334592509,74.28916448095374,75.13097521429253,70.13203115391003,62.853413311535974,50.681472048193015,44.056923174327196,51.30612197791033,64.5343221627526,6.849502438794159,3.989384650925467,5.707250280821597,5.9475236811266745,7.868388063221435,6.960578841634098,8.182721158412797,7.196653968584839,8.544921092284541,10.410180018570067,10.462588085231484,9.187128921850004
89100.0,gromacs_replicate_2,67.55221,5.553670033663386,5.592546243801985,14.239601,5.545188476857447,5.133040454060013,2.0324936,69.52112312382592,57.63853913076498,53.53793972649073,65.3482794806776,79.41518140451629,79.69458658029038,72.34595463703889,63.02843904403045,51.34937925844221,46.14296296961219,54.06464187480923,68.02247019103388,7.091865151660582,4.505378643058176,6.300763616768209,6.411932742457957,8.110031498506844,6.903930206353581,8.095310761257359,7.127278537667273,8.371994415226554,10.524588032389206,10.439195522920372,9.086894248566752
89200.0,gromacs_replicate_2,82.448555,5.347811133731222,5.242244895808738,18.777306,5.415691656115657,5.270330266689251,5.768318,57.416031975138544,45.68702275619029,41.47898562406739,54.22939876153829,68.16068380419563,67.75389733368132,82.28793420783948,73.18920993524621,59.891104877396494,53.585488485556695,60.855126227063586,76.00902088127899,7.285850295804413,4.695296384070842,5.922859298693666,6.190856075299715,7.8002774770153,6.973012964877311,7.957362427834312,7.0635143425880935,8.227707279949398,10.511188496557164,10.400399425524316,9.313546433578006
89300.0,gromacs_replicate_2,82.105,5.361400472772484,5.336994894591369,15.885284,5.445927990686434,5.208779398060408,4.229332,61.62148192983866,49.51724281072441,47.42111109936199,61.27189538559908,74.09269824196616,72.58220267257035,78.19135843296202,69.69882615799496,56.66064646566786,51.106979233611476,58.24560547859388,72.70046229848344,7.054896916297399,4.367091015208155,6.051064762630359,5.91243807871099,7.740318180228049,6.928848346634459,7.854123022733071,6.944751751004932,8.41509211009213,10.34161319492655,10.164875643919817,9.560690292699183
89400.0,gromacs_replicate_2,76.21555,5.7029104060025455,5.627182541908668,19.33715,5.729583770153654,5.409554583269172,9.326668,57.39561347840615,45.75801695027136,43.71121214049312,56.01856865968973,68.8786447957993,67.95317920871767,69.48668578308227,64.53075288386951,52.985698739587306,43.60935635092343,46.89099288402972,60.46660411255535,7.028385741260131,4.327117185372318,5.982564127198714,6.10967927064621,8.64505752686475,7.43779663085917,8.681451291519938,6.7274183365385145,8.406634288939136,10.127218325671432,10.504446572443282,9.196176180397805
89500.0,gromacs_replicate_2,77.896286,5.1699908116910445,5.039010531935989,16.104172,6.087223258360667,5.7269179683488,1.2658539,61.02233519776323,48.39330080770731,42.96889455613446,53.67465084700756,69.02576085050028,70.64635487812309,73.89515089772024,67.22942674755826,55.74645934251243,50.208242130320336,55.07762089197732,67.66832626777523,7.006187550171231,4.317678863966993,5.866030525020728,6.3568116807808295,7.913647774994982,7.0362518244107255,8.240251484350845,7.147656199984285,8.101998028871567,10.120754933834311,10.247873967841096,9.04325513008982
89600.0,gromacs_replicate_2,71.41558,5.5171664515663865,5.406782053784753,31.3003,5.6730306780593285,5.356860304995136,5.9211655,49.28790173199786,36.91175094251369,32.06878799664538,44.05748693227873,57.77743980461799,58.389081989411466,71.99993043685524,65.79594301715989,53.37363208937269,45.843835214828125,50.567474482005586,64.14303417906189,7.419246742977903,4.540365109121972,5.993589325103189,6.477357620213239,7.978552618596793,7.052365828621844,8.027052123649371,7.020727819751734,8.125146269690532,10.401731650260759,10.363817048270548,9.142909408808247
89700.0,gromacs_replicate_2,78.9976,5.3452143649878066,5.32967343315151,8.9928665,5.7559526705555735,5.408587286335748,7.7716293,67.4297599602765,55.65961036667888,54.17478681441882,67.19382878847308,80.6026783839228,78.75941000558822,69.72250419204471,62.319668790733374,50.63529948938526,44.345386022957875,50.53134925693262,64.73525514228189,7.020565514866183,4.192872265554609,5.974539367800314,6.517818831022797,7.850438321861327,7.3039345825732545,8.385228808674213,7.3219545377127195,8.556936709892838,10.050940775654334,10.329164535804466,9.332930822709189
89800.0,gromacs_replicate_2,85.00947,5.999421397845704,5.467779735989518,7.958763,6.305970991853324,5.968425864200649,1.0833282,54.92182367700554,47.55326872467056,49.5882554722273,58.93978045324889,67.70964313584842,64.96184005688899,76.48543927107356,69.88297611778937,59.375732518095134,52.26100547694199,56.77019769659989,71.02450495235678,6.558340128871341,4.1260482839201265,5.960561888455721,6.281283291158817,8.3032344583006,7.184693726014809,8.784457925639222,7.261538780427144,8.850354948382291,10.37171832615929,10.550223306334367,8.770868951999239
89900.0,gromacs_replicate_2,85.41293,5.383014109008577,5.468922618961454,15.864555,5.7272781110098805,5.37836837585234,1.1195831,74.99985586985535,62.36177871706799,55.52139783398566,64.76202242368872,80.32712559865827,84.0781828417113,74.86923954648397,65.67543094857064,53.876136745446395,50.38937999405323,57.79726210928922,71.04131930185228,6.894005364609453,4.743802982119756,6.000811293896089,6.452808084907958,7.976852242930384,7.108071267706232,8.37885803403202,6.775188498101538,8.45306978307756,10.277595551238374,10.529373593415341,9.23336171415099
90000.0,gromacs_replicate_2,73.27197,5.549496641032677,5.55106984641125,24.586403,5.49582490724863,5.102332685358987,11.4409485,59.747068050575955,47.25761730118077,42.6328625280892,53.71040001857519,68.15342021666973,69.23017907101644,64.46931859863057,58.34392214521533,46.00616533986741,38.273642116608606,42.4085626548729,56.61428445993226,7.121759716498878,4.490532181317435,5.923726431975955,6.123597895987306,7.596965822472287,7.1372742229798805,8.006598600302123,7.017318637517758,8.605433082478571,9.819413954277428,10.692540154272438,9.041983833244737
