Time,Global_Angle,Dist_Phe389_Geo,Dist_Phe389_Weighted,AngDev_Phe389,Dist_Phe390_Geo,Dist_Phe390_Weighted,AngDev_Phe390,C1_Angle_to_Phe389,C2_Angle_to_Phe389,C3_Angle_to_Phe389,C4_Angle_to_Phe389,C5_Angle_to_Phe389,C6_Angle_to_Phe389,C1_Angle_to_Phe390,C2_Angle_to_Phe390,C3_Angle_to_Phe390,C4_Angle_to_Phe390,C5_Angle_to_Phe390,C6_Angle_to_Phe390,Dist_Res_114,Dist_Res_115,Dist_Res_118,Dist_Res_119,Dist_Res_190,Dist_Res_193,Dist_Res_194,Dist_Res_197,Dist_Res_386,Dist_Res_393,Dist_Res_412,Dist_Res_416,Global_Angle_SD,Dist_Phe389_Geo_SD,Dist_Phe389_Weighted_SD,AngDev_Phe389_SD,Dist_Phe390_Geo_SD,Dist_Phe390_Weighted_SD,AngDev_Phe390_SD,C1_Angle_to_Phe389_SD,C2_Angle_to_Phe389_SD,C3_Angle_to_Phe389_SD,C4_Angle_to_Phe389_SD,C5_Angle_to_Phe389_SD,C6_Angle_to_Phe389_SD,C1_Angle_to_Phe390_SD,C2_Angle_to_Phe390_SD,C3_Angle_to_Phe390_SD,C4_Angle_to_Phe390_SD,C5_Angle_to_Phe390_SD,C6_Angle_to_Phe390_SD,Dist_Res_114_SD,Dist_Res_115_SD,Dist_Res_118_SD,Dist_Res_119_SD,Dist_Res_190_SD,Dist_Res_193_SD,Dist_Res_194_SD,Dist_Res_197_SD,Dist_Res_386_SD,Dist_Res_393_SD,Dist_Res_412_SD,Dist_Res_416_SD
0.0,67.85286,6.354659847691567,6.231325725399311,13.617642,4.867391611316525,5.049000225228581,7.7886405,85.14665037959539,73.93737048968015,67.27228646707898,70.39672412375323,79.623880501964,81.71485065409246,69.50793865468476,73.10626705870335,84.76372023333316,80.15150196020888,83.46429362885854,81.61464683459918,7.476301175497653,4.644631210407565,6.752881582549683,6.492376273551166,7.243385567945858,6.042495327356323,5.722086369977944,6.341969463231067,9.577507399769276,9.23436059691694,10.459876701656425,11.386841381364286,3.4789963,0.16781902536436058,0.4301495645009925,4.993815,0.022348911955055287,0.024792637735317435,4.0407076,7.2286817016279405,4.404005371765988,6.799931626277018,11.21290382599108,13.231402547590273,6.954454810997648,7.102585544389796,6.336534796425837,1.0198431657474198,6.44116581713317,6.863905700128521,6.675888531342423,0.1843384807679014,0.20277358264465692,0.19141803477745195,0.30385706673838564,0.09524031210872465,0.19031174477420132,0.12382645607828441,0.11285195131262447,0.13445276417916693,0.26976392026411966,0.21704452487501338,0.09880298789591849
100.0,79.2785,6.023615627100232,6.147428644498085,19.867002,5.123784624825433,5.141477393771176,5.243357,84.61629661215112,81.97643792229307,78.31743173954933,84.87479245458523,84.31471694728914,78.19602492617821,59.10384808494734,64.9401546055618,79.04610022826847,82.89869033470433,79.8435875313387,67.88879072580717,7.115587288471932,4.611041145715652,6.438258781252486,6.799301052357559,7.249277647595974,6.442906037079961,6.410915582922143,6.850148561462155,9.245520870854095,9.233109080180222,9.970344812324837,10.797333585426813,3.7315695,0.27227599931026863,0.3066214819191879,11.064551,0.035574237318848435,0.10021137503171475,5.69894,5.539132041951841,6.232942753157934,4.55040178980207,3.124671995643773,2.42751738379916,3.2438612656674906,9.630176477024115,8.498117896071436,8.306990469989389,4.367641108471426,6.536125205968018,11.26657377835517,0.19672687925745413,0.18432747322665854,0.14138476469232586,0.15107865390880032,0.1608312653868557,0.4343815519202187,0.22357302938744167,0.14782220471385882,0.37167604150633565,0.3381524928773373,0.6022617076636012,0.2816218051289691
200.0,72.76694,6.440083932795922,6.440487080925717,19.155306,5.06260771167761,5.085395352066134,6.751165,87.29972250369603,78.63151766728318,74.88995074846433,80.78172380889158,85.40533882423453,83.39132854192336,58.58433629988277,62.94527148454196,76.90343959049227,86.69821034037106,84.1072998677034,68.81126022599501,7.338633264161225,4.618839421430331,6.318601660817417,6.335742507725027,7.379721024947926,6.653913365804396,6.251392560972701,6.630990983088052,9.808907343025682,9.34574403689642,10.365540361143918,11.325944230024168,8.2759905,0.26945041745763704,0.25246496375105304,3.3647144,0.12748058599970813,0.09509172596050527,8.256996,2.3276919453632576,3.3593230700167753,4.045489395074943,6.251250696938481,3.9481685852250794,5.876639267731354,5.720370096570597,5.7456695196649425,4.921795061411706,3.6166848431131284,4.470131830335969,4.667057491703692,0.28538138459807005,0.24514120429511077,0.24683776430411575,0.3905799650854616,0.45957769315973085,0.22435646328453615,0.06956415307231957,0.3006297213127888,0.2910376852407995,0.15055820474722936,0.2579682251925316,0.0630946984774538
300.0,79.34998,6.241861248555541,6.338504639073552,18.281572,5.030758794640833,5.1344401276968545,11.3697,86.06607504353819,80.72181679359154,77.56434529416053,84.61288699799296,84.58073664245678,79.19316602815984,56.817481167438565,63.59381265884537,78.58711235084313,84.42773153148732,81.33092295684338,66.1206723280183,6.841298172862918,4.490505564187866,6.212960141959599,6.66205538990879,7.6293351878231555,6.628531537371941,6.632297727741979,6.798684404142596,9.496395923830235,9.476212076624533,10.011744786666972,10.698051439308935,2.575063,0.3181928314226452,0.3528624040643137,7.6525493,0.2989127190838785,0.30314215230032576,5.1393266,2.568091349240132,4.273457979066734,4.7561061187576446,4.515442732970442,4.069013583757404,3.2192648626295446,6.11834296805925,5.140259979801419,5.624766626552283,3.042263601658055,7.8780672070312106,7.57503020745774,0.3660901739747106,0.3059949990210767,0.3596624700686488,0.18746101412657606,0.15953292986691026,0.22258727193814393,0.7575816613095945,0.38517188717411005,0.0607646460493012,0.09807187484380543,0.302345847768688,0.7848381739733938
400.0,85.40208,6.42729962457348,6.359308610876201,21.611496,5.344948710538944,5.443236306112506,7.2165475,85.97755529174367,76.18680928972026,71.8830114108929,77.26588515280753,86.27154403443653,86.62804705028105,63.25021590336681,67.32705507462582,80.66637858019133,82.71314696823542,83.86619618972355,73.82328560109617,6.966156016259827,4.457795757058278,6.461222416651495,6.819957600046135,7.163926507489358,6.407250497860822,6.352197238636033,6.6934370892483015,9.978075786933644,9.10638771106847,10.575520268604569,11.268192159677909,2.5106761,0.13092744626898226,0.2128481834543656,0.36016533,0.19234442094962823,0.24013249395319794,5.582968,1.6227261116268328,4.234446594260202,3.5701020659981566,3.8537412994466522,2.5054846784109244,3.4019307558778653,8.93898718581238,10.352704113360069,10.217168057026926,3.1729286661373033,4.486499637261178,8.138418832779392,0.19682046969654604,0.13848243862542833,0.2114014168641495,0.1411143068016778,0.07667561753633263,0.15789393356916856,0.1693838756649162,0.35124214064340037,0.6140331901112814,0.5189690464233758,0.3916451066332739,0.6948325712977503
500.0,79.48518,6.552380138881033,6.4431621214068215,9.258118,5.170447438084021,5.2498134155126515,7.1649346,77.15753998553954,70.1639884055342,65.60492604784942,71.64587310788839,76.42305966495432,73.62712918674256,64.8250421881044,69.12402290216208,82.98548189908014,86.3149684777372,87.03927341741716,74.73083200513756,7.227414533285494,4.572353036584269,6.4214782193817355,6.4943529177642105,7.439637170631118,6.206760387488576,6.371938609831162,6.54909614976992,9.778783261650824,9.251782659714776,10.136940606574521,11.299261674283363,1.5794256,0.7964740296694621,0.4281066677707501,5.7207837,0.023344775567973767,0.06898811095351917,2.0686986,15.543694052920923,17.57564251283249,17.798434380714713,19.61030757460417,16.598210073475332,9.711959827061522,3.3050081908235858,2.5263189439579166,1.9611214897874052,2.7068758780257696,1.2158722136774764,4.235144569498468,0.35008244751475986,0.26453340534629033,0.17029760213270936,0.32386658456027523,0.060373323613983114,0.2284537556597528,0.09692077395458915,0.2801381032382356,0.4158260727153473,0.3518751592142866,0.4268233550834383,0.6255783373776576
600.0,76.10766,6.6382999162501655,6.731456833936899,16.724106,5.260583766354817,5.401422488710936,2.2819545,78.69945002611941,87.16901342792012,84.76881270374628,82.45124212673515,78.65681889977319,73.40225536740724,69.70199720231086,74.65113334083156,88.44957120369905,81.23716820303301,85.86873071413761,79.73499142789645,7.266172699672917,4.697770037035393,6.678918676945674,6.428775411123919,7.527672807766148,6.393560932387806,6.403153896862463,6.50709690368407,9.775326158080409,9.226116674079806,10.576325183559502,11.11366882682267,1.2596378,0.26407305127782404,0.19508973881106043,10.844287,0.10729905840218508,0.13459030177672543,2.8370342,5.523798855263599,2.823508654213163,6.870964359426924,3.1435909635973136,8.399948309989684,8.891646857561689,0.7987732501031309,1.607111328994996,1.5744685827992628,0.7043059000607786,1.284495353567213,0.9214638020240788,0.1638784233692494,0.21660464456761905,0.48843209720835906,0.599707512532153,0.3021295262011347,0.238934352201166,0.24546112308428908,0.24305662699694608,0.2865032273511574,0.2181340088670335,0.2545432368971438,0.30995375547012866
700.0,70.94686,6.175579140511805,6.174507261218196,11.337398,5.1871470086240485,5.207960370825371,5.974907,81.59792277235793,80.7053063590488,75.79936167044151,77.75208484171543,78.35488701476696,77.36401935029232,64.76280858361991,70.12266416276545,81.42600651345798,84.29986604624297,85.68178052207769,73.45083637059894,7.298214316382087,4.599844509989455,6.729663802566442,6.893074197798641,7.120759428471192,6.311697475216072,6.077697863394811,6.551767404219859,9.953253086346933,9.15814079671225,10.028206710743328,11.520819116922743,2.7382586,0.23768026460965577,0.27645282658177167,6.6863747,0.20452866240473788,0.2234436865434466,3.5975068,5.911417824551852,8.784743773686948,11.273781994566635,10.122143368065144,7.056717067068065,9.718952899396436,5.642674306332973,7.630492531336613,6.285011661565117,5.35181222584615,0.7932424523290265,4.312904463931098,0.16751821659794106,0.19613916294845432,0.2720103273796734,0.29289022954114463,0.04075562788425077,0.19891572822993045,0.5640613085174815,0.2369484579959025,0.3679539963181723,0.7997144675353094,0.3864026212163853,0.22002730381722083
800.0,78.98499,6.497132378691187,6.5218971247939175,23.083998,4.976858813804529,5.129148474276262,10.280533,80.90487601100818,76.27784870763416,75.83052961540223,78.91867913397373,82.3085304968469,81.92893620950517,61.7765975096436,67.15359552509354,81.58955467818697,87.25477418750312,87.48886082328055,72.5029735479933,7.109369169847213,4.666365405117287,6.298184421148744,6.618097136106294,7.7243307438885145,6.589589491506775,6.2219282963422495,6.689977149706067,9.620431898615328,9.532676445067482,10.346129526779464,10.826177166032073,6.1475234,0.30806260725616164,0.496021197683601,9.230907,0.19989878481124082,0.18502176883307533,3.3192048,7.297000139597728,6.791729495055712,11.609958988029046,5.4373013140130695,5.899095980453837,11.838253112066594,1.45100783718678,4.485057003797849,5.206583940924802,1.4730468269683386,0.5567142224551298,1.8799655075937354,0.13975231185084241,0.14530371116457635,0.1432903922579745,0.08384455475472442,0.3407676371103294,0.01767191443025774,0.30921293294461755,0.2769769211107537,0.2108415186025012,0.2374023642055162,0.5152769137597937,0.11660908316256645
900.0,72.741974,6.197581347064227,6.299456316066165,22.789762,5.208714531825095,5.278106852768531,9.304504,81.70125417779087,83.30274149342526,78.6230120456395,79.75510815959247,82.99757065593094,78.74453400616,61.551093745728885,66.14339243036268,78.32821343051971,81.47015590805542,80.61552334660287,71.47056860813863,7.2778872829252235,4.645256198134854,6.453148725498363,6.43542118924008,7.378412881915662,6.1730642885396625,6.0548278284245205,6.42477545364289,9.925403598819692,9.578030746713987,10.461056956857968,11.455541248024806,4.329693,0.29493722713965936,0.3625984709374331,8.340732,0.1295640642141077,0.0928970329998781,4.7766523,5.210138436513637,8.525909133197887,10.008791393382072,4.972460597215236,8.083657889689189,9.738135373146129,10.232692054606803,11.183343363356803,8.22863838955165,5.253601550346433,3.706966524908001,10.232585195619796,0.21803085339368947,0.2515850669720219,0.2524807627628978,0.2747771653986623,0.2040817022668774,0.21345500899753875,0.42650431508751896,0.19651581857228148,0.16359220903691174,0.5730329532667555,0.4974388845504977,0.38648612760628787
1000.0,77.71747,6.45240712463142,6.622460260374852,25.383354,5.159506577709463,5.256943536247185,6.726476,76.21540670606903,80.350594540155,80.38697690236945,81.47581889509509,79.05609282889442,73.98693248602052,60.661546179765345,67.05022348814694,81.36335243554888,88.98794027395799,85.0009332244998,70.02326654248077,7.067190499210814,4.5517534392794,6.248809741422406,6.484414616599374,7.3018155622206535,6.718940211619436,6.165997128966005,6.520316332002721,9.70950030835544,9.159499775261748,10.191700338452074,10.86496447744471,4.995376,0.7497078816784737,0.6900888777050315,17.20902,0.025790563592677004,0.07774148179543414,5.66056,8.402909314297942,8.1220307869842,9.090356987666773,6.418662880888892,11.283474477558862,14.274666258137104,0.43792084001092046,1.6759309380521912,2.112875356745301,0.8633474171985633,2.982555610562515,2.5951563628490097,0.1813181065485798,0.20606384360976746,0.07171845472162384,0.18333162501192024,0.07927436618009961,0.16212757237755726,0.2098737847333241,0.12891555031501897,0.044145935886061846,0.07321264144379505,0.43194852393647615,0.1888433098550323
1100.0,77.29621,6.0851111458169775,6.260409309453801,24.056938,5.294600165909439,5.317634139117732,8.127414,80.09837674247795,81.45983195159191,80.74428411209304,83.8933551140499,82.16106339668302,74.91813163819376,57.30395693017834,61.84401375888118,75.27956793869244,85.06031641598089,81.46445243841099,67.26150038893114,7.095329019162764,4.383294727015199,6.231539339797334,6.528930411818077,7.369489018209589,6.495213665912117,6.087583418658649,6.464514318957516,9.915003893140339,9.343092036042693,10.28793634447383,10.909605767281631,12.13889,0.24757616482736342,0.10779581858930039,17.00778,0.18572446561900563,0.24914000666444555,5.9896812,8.886625262951178,5.782020890078911,8.027946888708373,2.578878181597028,6.472331635215122,8.474005761420988,5.556478722893791,7.514262370942595,8.390479619870687,6.82375398340665,4.4652968879980905,3.726740588400313,0.24315898807201014,0.14313398953506426,0.29159014563773955,0.1352922670307091,0.3532634432126052,0.31458088044037896,0.6542966383752782,0.0649829727808762,0.08834831977154745,0.25276553116345457,0.5744711669310681,0.2627801258896301
1200.0,77.656525,6.448029687500877,6.650330888531395,31.88888,5.314402265007058,5.344524196865681,7.886472,78.91462843991566,81.68885456563463,82.73063909121203,81.72452398788481,79.73190557977556,73.62536244158618,57.988440377916625,63.203643735952824,76.972676921523,84.31390272275279,81.95905425064461,67.29135899826447,6.98642310970146,4.320009870577931,6.279766759271575,6.235220799565957,7.589692168148921,6.654157335883991,6.141514253163325,6.518241691702419,9.78303073223524,9.628765179291014,10.649536756428914,11.006086890297665,3.7320569,0.3309179624014228,0.37849977728898937,20.429184,0.13158966422635476,0.15969726528318268,3.915014,10.19201214085178,6.260890200024545,8.95994841164642,2.5767720508556153,8.47587811572108,8.954767920294158,6.493514670446983,7.281300750733266,8.161638466348862,4.8413105300317625,5.660232131511945,5.257361219205448,0.1619623709463091,0.09154233882584177,0.21049040016824347,0.43281050446050734,0.19099563483036278,0.3444444610875172,0.4151996868561173,0.16807631033347545,0.12602846561114406,0.715330282196583,0.1765508065797476,0.18051830304905037
1300.0,79.76837,6.795071609738536,6.728111908372429,20.526873,5.231093366871032,5.364186692116401,4.5496697,78.10076172399023,79.98816474922371,75.60059657423885,77.81629442889692,74.54272094224069,73.6106879768203,68.7683114116718,71.78008451037633,84.98892577707703,84.40849384517605,85.89963555534563,79.80527795994372,7.2527535882791385,4.565995162045772,6.39786155463121,6.376202912433553,7.313923351831147,6.6338899323275635,6.350505586474562,6.470904787632759,10.125622659936228,9.462321375468353,10.512043474960356,11.34390447017485,1.6327887,0.3205280181036094,0.6089532764596691,2.6393867,0.2651859851745984,0.25928089703659785,1.8847768,5.235681563128819,13.205309246538611,15.588049487966662,18.020671709868022,9.561921036122207,1.5124397802646166,5.149330483943837,0.620873416936767,2.494444428614827,0.4396856736205831,4.6247688672981875,7.147896656405005,0.31803145766736285,0.1424740680469973,0.17528225458142832,0.1074730308890246,0.4606167756583376,0.47681054417743,0.763712249736663,0.21747524956280812,0.6173367261894175,0.5650741716057105,0.3432557838730693,0.5084735085215606
1400.0,75.81018,6.349594447354749,6.440545126263622,14.736163,5.114707060770981,5.203567018158086,1.1533483,87.29271291180135,80.1919540923289,76.78929588222107,83.28343427215283,86.08035888439879,80.47364952261208,64.35704969253807,70.24100067220918,84.98677203786457,85.44433847658074,86.66834054748348,73.3266749676419,7.109763102896825,4.485123948425131,6.445615170439127,6.678961116329916,7.2577971916319255,6.508541452839725,6.371093551677446,6.87224057966414,9.783130636912796,9.251200667658985,10.232532349754848,10.737112995966413,3.92306,0.33528884714896745,0.3150720462740266,8.193006,0.034281272140704186,0.09373131010176398,0.110252,2.4093959456913456,2.7584723326083327,2.3870195675558397,3.028842124191366,3.241027126161266,2.4195136381089504,4.391524958894115,2.7706390038659903,2.4706990901625985,3.5912143041990423,3.587908446124729,5.450448148709067,0.28322449471296374,0.3586506925007043,0.35184931150927207,0.07941884398259988,0.12109495977620324,0.49818631234556976,0.9632121753089059,0.2941856884031588,0.5014468214886004,0.22941421023170813,0.08687774863956187,0.09480418916977232
1500.0,82.748985,6.7058876812456205,6.852489291027943,25.936106,5.118273610301298,5.293297020009778,5.5092444,81.411842908254,83.58382133996493,82.26078738590424,83.29046664676812,80.09006925616279,74.80244946375639,68.46728653362361,74.36027602938465,83.80276976546237,81.45416370896307,86.1096580831152,78.20172291331737,7.170837839490363,4.466990336547743,6.338624683747903,6.537678732116254,7.271753989534375,6.462660823722797,6.195653213102414,6.618800511050285,9.647558219160922,9.584125409182512,10.60491569010849,11.08730861445895,2.8440766,0.2450013787287656,0.17119453211223845,4.8465657,0.21428694909453222,0.21006379053953167,4.7037554,7.237786391326589,2.953937140195049,6.435666084039991,5.036208471680692,9.294406673541825,9.138233916954489,5.125063694063089,7.863262525760911,3.0117379249063703,6.082486538792525,3.1389380264601745,2.5585892849308176,0.14522953846098244,0.14575231577593384,0.19483755341646158,0.18756929880141585,0.33350706417395937,0.2525622861021776,0.21446049761533392,0.12199035028101142,0.16777311878424883,0.5568050247857713,0.07026887619628575,0.3432567835390255
1600.0,70.60606,6.603353624113448,6.747325533517447,24.106222,4.986674965111511,5.1182187801573065,6.413984,81.5345132436236,86.27324869885747,82.66665440205675,84.96818596098323,80.98099710264033,75.81665809723047,69.83533480704516,75.79066448773746,82.87887974092573,79.60538562751127,85.11439772421444,79.63159409286375,7.387536794183674,4.674887783930589,6.54759302494935,6.501821577847298,7.380641082785643,6.308764392377075,5.9664179641210255,6.368080840082385,9.68704581736624,9.092451906036311,10.770518178704236,11.086231879796232,4.4075503,0.2976594919879122,0.2670032998058484,0.443784,0.19650682051691581,0.1749100820977197,2.5714462,3.037591910439527,2.3372456384945175,4.935379707934922,4.426888506857847,6.487423908653229,6.277314044857058,8.148425271049947,10.298907507287769,4.834057872880785,8.828446101696318,7.540478957158924,6.77137001199685,0.0687926942552803,0.2590727404666314,0.1399658479054902,0.08437239140404637,0.07466761660741664,0.14026942066941303,0.2330084953819972,0.30861586716804307,0.17943321133863382,0.18680356295068706,0.33390118798408075,0.7296800364751791
1700.0,76.0241,6.058105228299078,6.154638979962239,23.87063,5.005465478897255,5.109212342485653,7.552452,83.78774938201558,84.20604587138428,79.67545354422289,81.61188040117219,79.21086752376114,78.30099739999268,60.219714394676124,64.67616972985972,79.0882169975837,82.78167722156387,83.15849104936665,70.60683404553048,7.199495294717828,4.51621137826198,6.327575664296294,6.211583297542657,7.435604383385345,6.591114765832576,6.469369184724329,6.799287807933209,9.612540324271302,9.305612137030474,10.494333779340899,11.288569607579895,10.892213,0.16991640864192922,0.04480718618819073,4.132592,0.04574601751879929,0.036378853680139184,10.7020445,4.301253990071327,3.3927654780229095,6.6185697999688715,7.593702296686207,3.923105648502533,9.697032017792283,9.607109867701723,11.24846810407152,10.87470702375538,5.813208586508782,5.538199672430317,7.935816106086808,0.3980990651484973,0.3614757160100914,0.14216662879330652,0.27477972357437175,0.2556646711520529,0.5754344564105695,0.9048730374776351,0.27513837341347447,0.5011054855788095,0.26414131885661246,0.40832102532920683,0.6466985933356688
1800.0,72.67765,6.337152442370262,6.419040635464076,13.261418,4.888820372045388,4.987547540680828,2.7951252,83.25438911239335,79.9097899434955,75.42650527081639,80.44338640873856,83.27167243035571,82.25022866090762,63.26815363190491,66.55307769761855,81.18384381155785,86.86800186091632,87.80938371609422,74.54066736038472,7.598877313685233,4.758532894963842,6.547884607329565,6.4291022576787755,7.227079141108128,6.100354363768358,5.81233125544738,6.569785124280518,9.431519715716796,9.100630163774644,10.351799629529507,11.221080211037025,2.4548159,0.36063287812862144,0.3245017583067409,10.42961,0.06592306562150912,0.08131738400898081,3.3309133,2.1232141042587047,7.382316714488373,6.99175354799383,7.480622884146192,4.765909850664983,8.476524638220862,3.443012964515925,4.773472190307202,4.583561238060885,3.1695168388412096,2.0118431615571346,2.6685699642252994,0.08019299068109681,0.07028162765076994,0.19683587876294845,0.3102612691257479,0.462694146877665,0.32180912135149276,0.042813700850797366,0.133455725873833,0.21461509417355545,0.20316168324017145,0.39315096441061137,0.31449069161081644
1900.0,79.129616,6.845547877038226,6.859655769982971,22.413935,5.174586689849679,5.268023566648642,6.3965125,73.72553499360353,79.09291197819418,77.20718758550339,75.89657250722546,71.48748684380442,69.9361101964081,64.42694310421543,69.1527044087086,79.38480991392692,81.20921383911501,80.38440585111005,74.66039323536391,7.143439242378734,4.5149756214062755,6.315679586787245,6.43370457485709,7.358764806799427,6.445577945626366,6.427984599080386,6.579013136624539,9.451385574549178,9.401857923772754,10.443765862627417,11.378062148056884,7.9552712,0.3336850139111724,0.25091723458157306,11.847054,0.10725816836292884,0.022642543117653218,2.1002512,16.18734740429105,9.640666739307639,8.300125741096654,10.72186129559108,14.414147521794431,20.218408839233437,12.053120423982525,11.349489073990119,6.159792955155061,7.967456399443415,5.529135761605594,12.853354167128076,0.289959906416634,0.14712958498107875,0.364248847154354,0.1017012200825108,0.8098661612512839,0.7199215419455982,1.1073121377682438,0.3506050264954539,0.7299958337563681,0.13181747158927704,0.6754845115952735,0.7692498895991262
2000.0,82.65835,6.43942052078334,6.561670446831414,18.657518,5.032547120830359,5.129387456454367,9.749112,79.98455949970217,75.13355043595895,76.59961791697782,81.35457421223234,80.48128601899442,75.04036826310598,57.88397876293803,62.4643401876072,77.3713986759015,84.1972889753464,82.86479676360396,68.7359114076399,7.193784199057088,4.479265045085385,6.455757689872539,6.572101154002467,7.249220614773535,6.301572551124536,5.893210011050495,6.515753691864788,9.60806792041007,9.132714603179519,10.435341323279296,11.07709951876752,6.1878953,0.284111206238211,0.36257121635172507,21.477415,0.2364359481891361,0.2152272249661926,8.295737,15.780747025458446,1.942433923436572,2.990156611234648,3.5809039393751574,9.903557052325064,11.888439298955397,6.962951089007886,7.423603480556984,8.245948577161172,5.625440600457822,6.5682604757631236,6.682351635202892,0.24458114513686052,0.20608371036267917,0.17669588038728448,0.26665588996660716,0.6713182693086656,0.3532829588169341,0.19750678888418705,0.17205978834313843,0.02844545563337752,0.30363008301993116,0.29843635292439075,0.1971544873012978
2100.0,80.64066,6.582834516376205,6.698875054478716,20.606485,5.1814814217180905,5.284913764104223,9.668721,75.78152193584607,79.59366401166662,79.25301959902053,78.50468559519406,76.14244364193476,74.33753147876281,61.04203116594556,64.34110076608046,78.41685353896165,81.29739530774856,82.87881517235495,72.0307171362002,7.285527994420537,4.603063944112955,6.50653491663359,6.354733684841963,7.419606580416301,6.2520117635881185,5.915060646622551,6.588391451458613,9.717394999260415,9.347639203604023,10.812600780004367,11.190011884498702,3.8186722,0.4392038621722652,0.5196924529709765,16.026619,0.25495166556825755,0.3322744284250825,5.6578207,1.9732791387935003,13.65935057041825,17.00902736180309,11.078179211153731,5.592691365862495,8.519836442420988,10.857893830683519,13.43088819799909,14.101959544193711,4.778553740142522,6.589162776649689,9.080961251701744,0.20232295748894497,0.20329403808740512,0.23284449933375181,0.1754375045619863,0.41271611671610253,0.22270519534987282,0.2250610046266715,0.27240013242276,0.5640639041236171,0.20968941300278984,0.4331499854775335,0.279277799892492
2200.0,77.19375,6.518986800150443,6.6323940448992,11.486768,5.014137245534767,5.167917954466368,7.93323,80.08867541572621,83.4998029141667,83.1741930025968,84.42638435218072,77.74964182351981,73.01960358760493,66.74602863928989,71.16488857845444,81.65763935539353,78.21748883334448,79.9012959119015,76.68018767026145,7.457319100364427,4.812990554498402,6.360106611858868,6.4732281250806905,7.3820179022581405,6.466088445867025,6.345797661492568,6.706658426439467,9.501454345687579,9.282525895305005,10.433893115950891,10.83375110968201,3.1007826,0.21474062499472885,0.22603865466936585,8.174037,0.08212593626541465,0.12036332064190522,8.135659,7.115345696474936,7.18723625854606,7.460248883897889,2.940093842131216,7.080613674368113,8.165487759611777,13.016752351260992,13.219253351332984,8.827953849383272,4.647978077659619,4.672888282138498,12.656867141602632,0.24796376741933696,0.24133627307196295,0.12411459730361314,0.23915664663553413,0.062197561155738844,0.17795250792245448,0.11113045428796312,0.2156136496349687,0.5745004750994913,0.3864920271868262,0.27797514146291546,0.16608197178064124
2300.0,78.442795,7.001315295704323,7.127847978419541,15.220149,4.985779070933082,5.177458597819467,6.5492096,81.07410742155396,86.8241971193264,84.57152644343967,87.994787466165,79.10400008174265,74.2104175409681,67.80374903179445,72.80258037163485,82.83339275402251,82.51712537967634,88.12634789718042,77.60514499895812,7.132160706159737,4.6468692843922,6.454352112498601,6.483359787005221,7.418707797503251,6.378820696536233,6.036111869942483,6.502232612491816,9.511366120093347,9.427236360728827,10.850640310960793,10.927785501238242,8.733097,0.504642081824988,0.47638027063848276,6.6552763,0.10179402624051068,0.10641391227772459,5.2976136,3.0139697459529167,2.307627210880929,0.3229822575521123,0.5863693316800724,2.6213875021175896,0.9382629269660987,3.7642469769173865,8.472636062532697,1.2405714539559287,4.5702760389794514,2.1551165028814037,2.246794519456897,0.21893247606521635,0.251448489916847,0.020392628000333233,0.24636720891127198,0.28642323391967245,0.0877928722059666,0.20318401821899343,0.1467870736614408,0.4473648463477923,0.09619429331356175,0.28149193224025154,0.4029047417695977
2400.0,82.46738,6.665693300901315,6.750594222667949,15.784065,5.017109305820402,5.180806885261897,5.962896,82.32986118302227,80.22576522139134,76.50571487428103,82.69719076461904,82.38678921253273,79.71516487285676,69.63716555961419,75.48756995426265,83.21463518620361,79.23128503970158,84.48957890648957,79.14538857567184,7.158048016798734,4.529571700695622,6.380856373958781,6.351442955703252,7.576806981827159,6.592117636036043,6.191344145062902,6.474491850336672,9.451245102723076,9.408077536320363,10.57408206358611,10.544949573865933,7.8266644,0.6475609928153178,0.5325575277935299,9.166887,0.1638088389764859,0.15006480014713297,5.0731378,3.197469327041356,8.345083030194406,8.047448817751206,8.170581048599075,3.389418372312196,8.306679887030723,8.80260889435104,9.789486698790835,4.332665351556265,9.049176611894493,6.905744920496401,7.448101710336395,0.11962940749347167,0.22660856502225593,0.0317512331171172,0.30147294520808016,0.14845011810549014,0.21698228138233716,0.4476957775306747,0.1770649995868695,0.33765215019297634,0.13846209147627125,0.3307412105877995,0.14760545179809703
2500.0,79.02155,6.51987973730008,6.6505605909744565,13.078796,4.9565575339363255,5.034811206567208,3.8173523,82.5636031116511,83.3227073552776,82.17717127656353,87.2363168133515,79.260102796989,75.60176106930442,63.031284278770535,65.82375930309864,79.51962615232826,85.27317032007399,84.1954901407859,74.69661525900388,7.369348840525938,4.766268494984896,6.714260595506623,6.763737870794119,7.340196535596317,6.442205948350277,6.169942144181925,6.652800017057095,9.804671542187757,8.719823803325845,10.591453089201687,11.129443758937192,13.312852,0.5739769231843118,0.5645376028162847,10.805017,0.0476484649637708,0.07798722878862971,3.4057689,4.0188535134102406,6.579983826195257,4.161090481190953,2.053894161224294,4.946669148088544,5.943026967052267,6.941378290328743,5.254457695560383,5.4423324125715995,0.20007412077537082,4.388426361719874,8.586218955402744,0.0054054302300467335,0.17063344517304146,0.0730066328247755,0.17374404409954902,0.22579840568470055,0.19832556636196805,0.4780202666556853,0.2032428457806942,0.21475837676358672,0.358640758258674,0.29048610691233184,0.3783567720156108
2600.0,78.82723,6.244982086512306,6.2501704925570705,10.440503,5.0020875727293905,5.056163352793859,10.70135,83.67557875802164,77.06003855284975,74.64277476718301,77.73784908123368,82.00224595927456,82.12313868659116,55.53548399631288,61.24421800898023,76.01645080714465,83.23825704875111,80.26219446391319,65.55360577674884,7.2708338772020005,4.619286093481048,6.170709061102687,6.184057191327803,7.7249483461643464,6.703820317635504,6.618579598707179,6.741259008471952,9.235723066101068,9.26525045490939,10.89485578004779,10.709849555200291,11.791759,0.2891159588381051,0.3609113984618493,4.501779,0.08676441799136997,0.060958121811722804,5.9231277,2.089262703814575,8.850115617950213,11.319140052209082,5.148441380631975,7.814049808933964,10.027598352517924,6.806144859664215,6.299870288161192,6.409762624536339,3.073951120913888,7.672910296908817,7.363933270459254,0.27801156593704474,0.09361449884245966,0.16514375751850302,0.28055912944075156,0.4959872080985174,0.19292478524393483,0.7473221914087679,0.25580948638190115,0.35025370267555944,0.43189517908888253,0.7644843067667927,0.3255070543539029
2700.0,73.51087,6.404372749594876,6.54488552980196,8.317845,5.171620863283032,5.2651378212026545,9.136737,82.5464323811767,84.25041700593299,83.55670553897708,87.3906697927067,76.9787164448917,73.01508227510531,67.0089272832205,72.68526268330628,84.96739585094484,84.00546765412643,84.43307714880056,75.27356917741044,7.487297880790188,4.59620721040996,6.531810855455954,6.587996472718569,7.319069672694218,6.291905113898776,6.177855889003049,6.66885489863586,9.52359709445472,9.027411517363184,10.573571884777282,11.170320205900076,7.5723763,0.053946849166118895,0.07163355742170117,5.6083198,0.11109375849969555,0.08020435009377251,2.7036285,5.227422893335183,4.368201972133838,4.622977629088613,3.68765771677,4.6829684144625014,4.84941267198244,6.282582324998747,6.767823634856878,3.8884702476369486,6.827249427494888,1.951929437409403,6.37864704176384,0.34597872778037414,0.4131067443004539,0.24340909122521537,0.2724031086498865,0.19986944019667766,0.3576995845030594,0.306353713101927,0.4601028316567617,0.31870505540467037,0.2762026303248708,0.3925102293901581,0.20835544116046834
2800.0,76.84164,6.362981609573592,6.465259539371504,8.021403,5.048658294864457,5.157570163264325,4.3113685,85.47206616927203,81.56180210265951,80.41305882117827,87.28771838546324,80.35747139913755,76.84592131710305,68.5960935049997,72.33162787809654,81.87671432435361,79.46131531788954,82.86468971316394,78.78310971506845,7.494338920286382,4.634376469231629,6.581656182858591,6.623489180750009,7.453330632269423,6.311787169620755,5.953531936979812,6.533773914280721,9.468674066465104,9.208247598805551,10.768663881256485,11.39667661581617,11.145354,0.5411665997153535,0.5375812947533175,5.653234,0.1723644503142916,0.17346345085027629,2.3823748,0.5821515789401003,0.5257090391123834,1.7398291802103147,1.8419091560639,3.7555553864177744,1.8787328547407676,8.819886737284364,11.5109423077069,7.463954416484967,6.489117637816,3.5842127020956545,7.720723568818702,0.34887451854935936,0.3518290697982752,0.4322319663026246,0.6120741397885251,0.30621826293027793,0.3625674342537134,0.5440059592894064,0.2667000920734785,0.4806674621605844,0.22329624330381104,0.6271336753850586,0.14272764253725467
2900.0,76.742226,6.1125364015752455,6.250629527392909,16.421509,5.139965649029096,5.189302385234947,1.7013143,75.3947080010726,86.76304466715072,87.18708783615914,81.70733640049365,70.52881188226922,66.0043211313784,61.87334323053375,64.8749040677592,79.02037326427738,87.69128451842498,86.95427888109418,72.58720456881987,7.1390068592223885,4.532043658677371,6.132228798386344,6.441882790971268,7.401430757193633,6.45133178812213,6.4424010716077404,6.742108646504207,9.621337311426766,9.221405046567368,10.204111864278923,10.765557641979568,3.6590881,0.1287759988762067,0.14218914604113014,4.7864194,0.18921280151506814,0.2187729250051802,1.2446277,3.781881385439864,0.9355895790528849,1.8995289411571195,3.9664280908195115,3.97931439186118,3.8964125065062447,1.817817428805493,4.089908180782266,4.6493948815590835,0.9348124052362353,0.8173900433136025,0.9137272258001776,0.3650369709792693,0.2852917741864649,0.10963819899471114,0.1605488034826207,0.3417048899479079,0.27376884664001916,0.2062661812514862,0.25059664087831385,0.3089102420788269,0.2503843082746412,0.09128578897022036,0.18120229969789214
3000.0,79.12942,6.215691773477112,6.173315807142523,14.831309,5.200086177333399,5.197431054674412,4.457728,85.77672591041005,73.50654282963733,69.73923496628318,76.52764990212569,86.87471642830802,87.33595964756125,58.45919791707879,64.42808718942638,78.67127720872948,80.5655420773749,82.3261598796647,67.46040717146047,7.332671185717345,4.655695760127146,6.542833249344516,6.549904699906603,7.31981130945097,6.348690606942348,6.265964002453784,6.921641747408533,9.621294162074909,9.172389455199417,10.316543972764878,11.227771751316096,4.9164467,0.3980594353552178,0.410327560803745,10.02242,0.08039495022048128,0.14103730532631834,4.012884,2.776860749822424,3.4935874630451855,2.0495033749269567,1.2107634333070485,1.2732049584950005,2.0488855732442524,12.311853545701451,12.132598812943614,12.898295944874986,7.11522231537906,12.927130989068257,12.747450177414612,0.1785355281060858,0.24788850444133387,0.41816784635580867,0.3698395897728578,0.047105935908384536,0.22269428651336887,0.48845026833019595,0.4436261111313602,0.05310874636779232,0.573758890912805,0.46740421156910666,0.20634849035827565
3100.0,79.2717,6.3447168795313615,6.280298835069602,9.265315,5.238385833230626,5.225176371530892,2.8534317,76.96010393054631,74.97600078619915,76.14527779519568,79.31739451750694,77.24104950188715,75.66000900153801,60.76909350301665,64.77213162240872,78.00338065833046,83.57151102771923,80.94359678770938,70.00291417541611,7.218897095403494,4.581253317103632,6.526754662255107,6.68699207653784,7.343338116235881,6.473095843123898,6.236040272543619,6.75507532083837,9.93795100774692,8.511495831062396,10.272978784203156,10.876462976145147,9.339473,0.2102844636534005,0.16075770141513523,1.6159925,0.04912574685323388,0.24216331822002102,1.3015918,10.373882155859665,15.453810489386774,14.153339237070112,7.946003099190592,6.587054445267685,7.426218236898431,8.488537816716345,8.303814430823914,8.943399050705445,4.719385812963493,4.392802401740339,10.053463005743579,0.20595227312024328,0.2285987779796532,0.13401698506393908,0.10225582610149432,0.19019430121765715,0.21836200499700426,0.2531075590263116,0.19998721238044131,0.3520120935719694,0.6548445661862369,0.4504281584724794,0.3266879298614794
3200.0,82.02964,6.607045758168706,6.736212487383213,15.081409,5.1423307020928055,5.2708728360610975,8.2651825,84.74727986481788,83.06699865601394,81.4522736018854,88.49186691176361,80.68214439913048,76.30656303501034,62.751089072293475,68.19969551339067,82.27444667127394,86.35032579496595,87.08760773173663,72.46953305803736,7.049949105922276,4.7056707610801505,6.352490007438686,6.515490574872018,7.660742895266906,6.541700765292475,6.016528561166187,6.634343544604583,9.693572063901064,9.192212626977613,10.435044710861368,10.814214173502855,8.36961,0.8290974008062997,0.8273905359438299,10.707142,0.159070691193866,0.14385050483545192,6.618605,3.770886426671454,3.699082735756083,2.8507227831682598,1.4707379780687875,2.6595327686792443,3.6487790717723954,4.771007230826208,6.450676520164751,6.075564475924951,4.996188244281563,2.0824293156566744,1.9328711701566967,0.1881434736089676,0.4010419423181924,0.4115823184415253,0.6733019080253979,0.5992124553631367,0.4065129722104571,0.8023133586641947,0.3497308051074972,0.5051479847987197,0.33194642272794833,0.9720481181515254,0.44843121855961404
3300.0,76.53494,6.2399526018999225,6.199991345432033,10.394742,5.1467419518275,5.1770379311008705,7.3387375,81.08003061874015,78.015876959214,75.111609360532,76.31594879247542,72.76192095582792,74.0832288931472,58.79937711916353,63.148086435706695,77.2839033518141,85.95364712328087,83.09904058146651,68.43414134295635,7.425445254580983,4.747169156404477,6.706127201822395,6.560313668749486,7.581927900822464,6.3162315063823335,6.345703854466449,6.625996731414954,9.593798173395351,9.055151057617788,10.55971843453538,10.811478196536461,7.4135385,0.11279360414501136,0.3684928922183778,5.2188134,0.1075591528764086,0.044773589534478055,4.2804394,6.378868135926102,12.422012523779713,15.633928134472516,14.28587716361671,6.8533999862217625,6.956334935630342,4.808384180976466,5.0743298985781395,4.5995193035594735,1.5328649737577424,4.459406487771045,4.1076729972109405,0.32949164178364687,0.1949016364234653,0.38771321576181367,0.2542195476721315,0.30057725862950985,0.1739491570876307,0.25916813979503805,0.13024521704679037,0.5891631293891962,0.2229618598709126,0.4854739843643193,0.19852494440953952
3400.0,79.71113,6.380979210810923,6.53298111995915,18.240206,5.356960323110187,5.4405977224592945,3.4564667,82.58900810799146,83.0563700934477,80.06695191077932,83.55956405848916,80.43847611699711,76.72496648924634,66.25960180063043,70.87271555177638,82.67644880266141,84.97797881024677,87.17588867046017,74.88392346453627,7.360237992111808,4.507229404317396,6.4535234981315925,6.218197805376181,7.671632108249837,6.629717135743442,6.881356195914955,6.831188544391392,9.709544116816149,9.192380083913505,10.556094552870634,11.199081172752045,9.00725,0.12710683274789433,0.1912341755601622,14.497032,0.22347348999784403,0.18122329209248147,0.6117925,5.24589828572269,7.919407468590342,9.919473851924923,6.943803374918703,6.294972871706824,8.543181931833315,4.065362621462837,6.5708736572391215,4.823197193679726,4.956033218044873,1.645621097751465,2.6373422362932994,0.2119542758769537,0.06536859474780195,0.2727274518745754,0.0443035607632385,0.26685095159197036,0.24380312039032737,0.7633035541519692,0.41579031202427874,0.5942676643829804,0.5430441128522102,0.07406498489917832,0.18256615082684857
3500.0,72.76411,6.171409670370077,6.3116460332711,16.214151,5.150400308807735,5.236782484554844,5.609838,78.48808327543252,84.83313499306237,85.70491117058596,84.04833424303075,73.6782625969171,68.98003319678268,64.95689580098461,71.38762819123862,81.37244970289875,82.34421902378682,84.39012515248805,73.48244858196209,7.295772394163016,4.498833368984195,6.385348303118874,6.347077849897288,7.594753590482605,6.589655926715374,6.777963247331491,6.876851350387938,9.592183747733655,9.49410396656638,10.647452545494977,11.11169166632254,8.268196,0.41171402099145293,0.43532604724648305,1.1963613,0.12363267561622888,0.06973822928654357,4.526283,8.844386722696015,4.7161974786946965,5.363828412957573,4.757270074417423,6.307614443330881,7.253291069336159,8.573447671981453,9.34364106772206,4.142549911982461,5.914960404288433,5.2423116204724245,8.250461422007014,0.2545878647548805,0.14320807431543237,0.1181398494351401,0.07820563436624678,0.11714195830104954,0.42678086679012095,0.7417817758071237,0.5372752856211152,0.42293648288454005,0.7838947412079263,0.4564921031934303,0.5367103060314045
3600.0,72.04605,6.243711088835089,6.343217199172155,4.2949677,5.209224394096049,5.293485155374008,4.6633325,85.5150486967565,72.44103690143098,69.90551801906922,78.40684988064761,86.13907920201672,84.29582288095988,66.88008854158123,71.03827889870574,85.00155729244484,84.52328040705099,87.01308553618948,76.04324752304352,7.4533743822299625,4.651940956344081,6.632439645082699,6.573272255697883,7.394889652563408,6.215089425923936,6.477217172135141,6.642092296946053,9.668962033463684,9.500925546955637,10.245644489544889,11.223293918033761,6.2699537,0.42550379159677126,0.4196878086811521,3.008015,0.3120345254900748,0.2689385674238655,4.792426,6.065456189803654,6.207896290574085,4.964658824570087,4.824939374550441,2.7920194929076985,3.854260611363342,2.3635597069312624,1.3046255560936153,0.9995520151317795,2.1909673127106917,1.4009990214853867,4.1115075316622365,0.14180778857998994,0.1741084110737102,0.5526078558249898,0.4741750826029665,0.2673437126426209,0.5441227621052055,0.6438502068018538,0.09897865478500584,0.42336171281393137,0.5767805783382361,0.48525093735068797,0.6238608810829573
3700.0,79.46548,6.35716651860244,6.413120714467861,15.491712,5.13565991192901,5.236898794562069,3.4382527,75.52547185409067,79.798460041017,77.77242808273762,73.03736905520145,68.32620292510025,65.14152416684003,63.69457459332104,68.93566083110174,83.43833085421686,87.29742102243905,87.61730900224603,72.63887199978949,7.190232015705118,4.659267974195056,6.254650461046892,6.171781068444961,7.963210853850142,6.991626093699878,6.639061559286177,6.409030422808126,9.267181167739663,9.636691152477866,10.451599762042799,10.888370449690138,3.44742,0.8571310259330593,0.8242982126006453,8.660269,0.07527468389676684,0.06645089401662604,3.1300995,12.67265104104412,2.9600054985662467,3.5557302384064378,8.023897633621347,18.73306229027371,16.893478624909473,1.244763465672224,4.051984524142187,4.428955518791364,2.4952815447410237,0.19342568821025583,1.270121217606169,0.07445984291922564,0.3382184813762026,0.6292868615937416,0.507974201547109,0.7269110886812992,0.42201596731356195,0.550715980458898,0.14755592313900762,0.36706054787017256,0.038303504917584504,0.8041457873170615,0.27410400199722096
3800.0,78.63086,6.248400930613552,6.374562689184959,10.891136,4.86213910997899,4.97435536327398,4.1888604,82.51468683603348,84.88601311410683,84.13106197811884,85.80629516365501,76.20685535394381,72.3543653569961,62.88825230193535,68.55008827918395,81.54397225664864,85.24001477112859,85.21060757154177,72.7811678665965,7.505130379532059,4.756404069894171,6.511522177688341,6.523664392292126,7.373434296616705,6.370341790107008,6.040617224177718,6.408814146829382,9.47994580988759,9.27078473077057,10.481431862385522,11.181795792286872,5.5133734,0.23467519545460147,0.22383627752657534,3.4008071,0.13261274215502933,0.09005971694975559,5.698376,4.780853164898993,4.549731217890119,3.3968832825727255,2.3166707881389796,4.357037819847249,4.106740468646563,6.184371626142694,7.762294079848895,4.1426116533839945,6.850590443889399,0.7948850364814084,4.904274400644431,0.23123703865007164,0.09631652119990941,0.14142087950559026,0.11819994978669983,0.18732315263293867,0.24425285310520914,0.2792952394988028,0.11777301658572252,0.10433162450849992,0.2839492863157104,0.6514028897678489,0.1213996335833573
3900.0,72.75605,6.108956577678356,6.315752689690247,25.754637,5.234978805910491,5.311121721872348,8.051659,75.52665734898925,82.50144382270985,83.27935454991173,80.41221444506338,70.36186304011771,65.65138497320426,69.08876993044778,74.66205942513464,83.24995262828007,81.12030478818046,80.97283812208731,76.89408519787979,7.377369133094299,4.576779889609191,6.4245790427404,6.308430430031582,7.433247816198148,6.575143748628787,6.475356339781793,7.07181989957985,9.906229888201514,9.205332770309015,10.434389254882257,11.169084650149129,1.9352524,0.4380130450341366,0.2967736421467203,11.810404,0.13698406739851637,0.10271781310916271,6.3804846,9.324499159226075,1.2463601583110184,1.6884003414018256,7.238159192551666,8.915583047383219,9.620472060901657,10.303212849207448,8.360671885342358,2.7655354586510406,8.911619015522662,7.523743861576599,11.419501959450574,0.10155191659009019,0.048382759816066136,0.16825182042336975,0.2802441154158634,0.3889970624969239,0.18237922010758006,0.6186742679292617,0.07552486017251679,0.5347994445654377,0.35269122623065396,0.5996891133896657,0.6533937147506099
4000.0,75.76699,6.457733628666514,6.524399154135051,15.230708,5.409246354822663,5.256345202414027,6.7782845,77.51257965303803,77.4355714755762,75.98366629847878,77.6908031627711,74.84742719897162,74.13662960360928,59.217012190752364,62.79229995864181,67.08863285075098,71.31792857595929,70.35243478156214,65.76137999476423,7.220337245569875,4.718322606743352,6.39121640354448,6.636051609954019,7.416936143407959,6.5675330096713225,6.762178353919499,6.861722064765265,9.865973846102163,9.423994436059083,10.212564806849764,11.045026408408598,9.834058,1.0716629010478094,1.1319139138957746,11.882416,0.3941184524206484,0.5755540919063431,6.348493,6.014810106729388,10.082555383143085,12.926212065835681,9.892128714697071,5.79030685665166,12.057440726841875,23.856827127584044,24.664050935308104,11.104995125917393,7.72487215047511,7.964665830341398,18.66066547465343,0.5856948700751233,0.6193541996949983,0.3354078004800791,0.3168014983833789,0.40678189258318637,0.5474655135227559,1.2427757861202178,0.6541949675825434,0.8601869890489887,0.792294022852158,1.1594274281026247,0.9169353652028148
4100.0,75.942635,6.267466238893166,6.305007919584022,19.720224,5.002220281036943,5.041609712841841,3.6923752,84.27087312344437,79.32839450086327,77.10940591183181,83.1390624502731,84.23653745565754,80.21076863433609,65.17292655886668,71.98319690996738,81.46860453802975,78.49994278953938,81.68885052106543,73.67481705656773,7.526121984902126,4.838243198750778,6.641493753495733,6.851872415127759,7.266664035556672,6.487612924745161,6.231368825021701,6.711455041060116,9.59897187798576,9.039207689987213,10.351764259105705,11.293126168575897,14.795505,0.7128472234119924,0.7456966085222164,5.385771,0.21842272430649498,0.06099807977510693,2.0076535,4.937062696053749,8.09955287344804,7.414726855423702,4.394062904047275,5.516925559001057,7.548712374902635,10.106050501082857,11.2800736292554,9.073121423530058,3.614981710429508,6.2531056175502115,10.899262413509328,0.4457135231832202,0.5493522680534454,0.3220804067959625,0.32351986767907215,0.20243709658591888,0.3877024268461391,0.5949870447866948,0.28830810788121536,0.4738684549356795,0.7448757044147585,0.7297140548998088,0.7455240789030368
4200.0,82.26667,6.205274495154619,6.3652255646395846,17.482695,5.335626293392994,5.379394559487797,3.0777156,80.76044834403551,83.61354922516912,81.57373741948585,81.14428672219852,77.13999072932363,73.03205281467484,62.076010242245864,67.18661465477308,80.79776317918099,82.36540045943717,82.7699826053683,71.49060541306115,7.173385351051009,4.514905003307821,6.325264038946666,6.328024966833802,7.790289780908622,6.823055033033259,6.665207154646946,6.629354542890227,9.68655622675265,9.549755230279079,10.077059410342583,10.745082373281713,2.1214476,0.7581314724184111,0.7883498600778557,14.824712,0.3245610427131902,0.3774786503493724,3.5032861,6.202381407886269,8.923850124700104,8.667029248315737,6.181930636468522,12.454718951125342,11.064264313675803,9.949434898847691,11.099193975552609,10.881885903632769,3.2525433493156677,7.04015148090205,9.151003457044183,0.30054741287274067,0.14536691317641245,0.2729890267399044,0.512219368459979,0.22482948975427616,0.10336281703925017,0.635845572329697,0.09911897085272997,0.4847962105249518,0.08603252826896875,0.7030928383128544,0.12059072126767258
4300.0,76.21476,6.3523888380096905,6.460199650986854,10.52858,5.27023614669442,5.3356273980262605,3.8722813,82.37122761751786,83.07342775648843,81.38472327292907,82.97427718741476,77.12179553972103,73.06770594103092,63.913548432608,66.71464580863802,80.3013480217936,82.51574027909068,84.2707259766082,75.0943703188123,7.358619382230072,4.593253890563543,6.23846831194863,6.28338463463638,7.71506280050919,6.5706230789704385,7.153239896290891,6.611006552602603,9.691884201424367,9.438719972811167,10.36728588451478,10.906244674414735,2.5439184,0.4667051103583445,0.4752006057106633,0.9697547,0.36526511476416346,0.19490921406725528,2.5323672,6.6156279334374295,3.6066296744209603,4.589364849990758,6.055154770349906,10.676787769886102,9.066460408320566,5.776628010967428,6.890905280141021,9.0006001090833,1.9129328680580548,4.792808088487801,6.613574613561155,0.10060994282939024,0.14505778889821805,0.19204050826194852,0.3205745037507935,0.500311702129923,0.3395334981432921,1.0171095036692963,0.3546302390614903,0.3348065889102255,0.32977220183048783,0.4415997826069941,0.7937091606690905
4400.0,73.4068,6.163912877724503,6.30383976288017,16.191183,5.113883160935388,5.178200275298924,6.1310525,77.84514812413803,86.3097340866213,86.52550847331817,82.29356810416023,71.31389806409777,67.41061315289505,66.2320191850485,71.72927420249876,85.8204852720794,82.36584929715362,85.52669963161931,74.93654779383078,7.2024386225990185,4.492071960002315,6.3850033403385105,6.600023437491941,7.942518744838758,6.763654216464865,6.617313195651108,6.706219923447758,9.739645717125908,9.306569907890447,10.073689874850146,11.018224298126102,11.654723,0.5871198806623101,0.5841301806759628,3.588637,0.19881485896370502,0.08823529601650006,3.0139656,5.941223665552815,2.100684768487178,0.8505020010688694,4.773009403229601,5.19786593723478,5.848085890189445,4.461598583794458,5.438396312898384,6.921637668024202,4.889073774805949,3.5015013066250122,5.858576059087681,0.2800703681218648,0.2891125751175727,0.09303957883664227,0.2541316766790707,0.19618558253682597,0.2948137916881878,0.5581438085182635,0.1603237211250558,0.6050984037798831,0.4902679979578632,0.6518129376818318,0.4897064442419487
4500.0,71.543304,5.9772568843500755,6.0911722325270565,8.69518,5.3801492003247775,5.339420715905799,7.0776267,81.29873540169913,83.00460197043338,83.46943088266475,81.91006454942972,74.87191707104705,71.25358902235088,63.31781117698423,66.65891877470887,75.30278320185818,79.03287673581966,78.46581972265862,72.79027261008649,7.258165512570211,4.6383004410618796,6.510863782238878,6.60703108194442,7.658938801975747,6.719261911049872,6.594864348225443,7.083977147973433,9.67470570679407,9.101375985790526,10.036353818066239,10.953616039888606,6.9120755,0.7551415389866841,0.7226292019973021,4.0514545,0.4172692163833395,0.227579034963122,2.230807,7.218635121598108,7.569689400138781,9.031880022443188,1.5041144035545868,7.82309572502178,7.087340739049418,11.613687529115813,13.127584813034385,6.801488412450491,5.11199563891414,0.6321995448889759,11.678079480863632,0.32795503314546215,0.3111515253209403,0.332220752773944,0.3947903131632255,0.26207513086325923,0.49980213602237866,0.9360760921159568,0.5634602950151133,0.28618484689969576,0.3909117932071143,0.7668153932119904,0.16514328410327764
4600.0,70.557884,6.223950596660749,6.293954012119911,20.532331,5.195241018044308,5.31955649409866,9.519864,79.59191388068494,81.1584366766478,78.2892551426637,80.07638761256878,78.91769038397597,76.90829552671325,70.34487967871314,76.85633487344141,83.97897145406277,80.03811189828257,82.05634249659555,77.81994468825413,7.3324167158037765,4.633606079875195,6.406236065542719,6.637693655280226,7.7671447765027635,6.74342179358342,6.734051421396259,6.666170499738193,9.63711382115387,9.194477749849264,10.070428093451556,10.80538074516497,6.270689,0.3005183320850274,0.4612048749371091,10.679965,0.026245676951897078,0.04218032304454124,4.372403,0.9868987466447129,12.843544645517591,13.69907858960287,8.457064438660696,6.180653953134827,9.831597015254431,8.247270874940783,7.4963734557806285,1.887409544831818,8.219742544310167,1.2570279862184937,8.897156297340107,0.17564297248143845,0.17642418359503442,0.14081054433345433,0.5811754881320803,0.3562307560452757,0.3337779318639028,0.6914762546228534,0.3117568627278074,0.24292501650626652,0.4830108890704951,0.4688168710522222,0.402299048066554
4700.0,76.998634,6.240066898017417,6.168981477955071,14.973317,5.196391495925488,5.274686753279724,11.555263,80.97036828844459,75.6635912824956,71.80871959928852,75.79354593522089,79.016508007646,81.72401666799121,62.672204165924626,69.22665571877782,76.623028132596,79.69697491503351,79.12874221774375,70.78373303983547,7.31945182526147,4.636720891016655,6.613872085739818,6.702799080733796,7.551598257236997,6.6200768702342785,6.289180706781182,6.4808500071512505,9.822690168292667,9.133560664654302,10.025643619594513,10.825782796052266,4.0578203,0.19520175446811228,0.4208329255705027,11.9654045,0.2139778481569303,0.1271643193431115,4.69655,1.1859104822988857,10.223414762340113,11.873944408845574,9.49337509763945,2.701509816844148,9.523253793005834,13.075436355968712,14.047157406564482,5.3579485079682465,8.149590983916651,1.966231602023565,11.894205297592118,0.3021789257945689,0.2943788198694084,0.17935257128617063,0.4067349279692148,0.25847749207166576,0.08205371181428651,0.7330603202104395,0.4367825859600357,0.3162108112677188,0.4686518308756604,0.45134844385388023,0.6090979561473874
4800.0,73.692314,5.981212244689412,5.961904752696809,14.638191,5.026631919446115,4.9676781429061005,1.7747244,82.0192546713616,74.42961603260137,71.46638502031603,79.30556603469016,83.53651520406034,81.45938315146502,60.95413174646299,67.25976232466611,73.19630809865099,75.90147631295758,75.49090834429164,69.00947057468225,7.4787765298596085,4.722232113379122,6.503711554471049,6.835610688842796,7.525622976458576,6.631943018107577,7.047507996320417,6.982191346842463,9.612900586011866,8.902894675490733,9.826519063595777,10.811723454490206,12.378489,0.5616053296254423,0.5649880740918687,3.4097345,0.2029697389271669,0.19796639844767605,1.4181526,3.1548916305978074,8.919237306207677,7.972816361443648,7.996038627923456,3.2793484751882582,5.3092145664016455,17.65682196112086,18.619296596478495,10.447011050566331,11.493791362495754,12.107906102215637,18.602709083061058,0.12099959880009169,0.1921113912256043,0.33665096337380845,0.5227201445835952,0.3824478898121796,0.1587203597872843,0.35603257106214575,0.6445630839610484,0.37726569005936894,0.666997846115131,0.7731865735803027,0.7238696108549794
4900.0,74.58407,5.9795355983666765,5.910923575324579,14.206225,5.292899904441266,5.193929356466403,7.709793,82.7030461989524,70.76343676316759,68.64022596634616,76.6020040858437,81.21693220444688,82.92020156187344,68.00055198056161,69.96847202592205,73.31479363778038,77.09150912539226,77.0931389977639,74.11531364945641,7.206594723018765,4.684824154135661,6.119902589894927,6.644060666326883,7.677342685307689,6.909296502012652,7.583496109989029,7.212326433166812,9.449795299729663,9.110673440007188,9.788667028264989,10.420428247923402,9.169245,0.23317771265184364,0.2992859848264072,15.371971,0.24255730751272275,0.12685353558924625,2.5479293,7.228990655118912,7.961854824193831,10.744733570304502,13.07593108192638,7.8044586340291024,2.978562594979532,15.610498410505697,12.445063943220712,2.814902914027197,12.200126922517352,4.888989059168265,13.070121636345698,0.2621834707704351,0.2537070031656409,0.3293264609170118,0.6210759627916923,0.6971183745653048,0.42118358507969406,1.3565220986139985,0.25335225877589707,0.625744236707892,1.0216950350958962,0.6972587929226466,0.25942476105244505
5000.0,73.87861,6.008820604587299,6.0521846270972235,10.375911,5.186825709635248,5.125950887066264,5.762502,82.32127800183355,75.22396155937899,72.65526990669669,80.41646885120686,82.75719040883978,80.30132970328054,55.64604955478013,61.78797078011953,75.66248183357547,82.00748675334037,78.25840476760793,63.86663579342429,7.004211049988647,4.635484403783793,6.1811868984451594,6.510373493220271,7.662005071822996,6.969580013223087,6.8616598021206165,7.421756823449492,9.487094933831818,8.824341578747982,9.96117431902681,10.853145804405473,9.649744,0.23012813168109894,0.26979926428433326,7.78577,0.1786950842821565,0.14010189694914552,5.6097045,6.5314155294644864,10.703867935058524,9.669522926347057,8.968565289277105,2.6748870638919175,5.585148515003086,10.261863642359883,9.98286942699058,10.747237177110662,7.926885543895592,10.088269612241495,9.629452756684126,0.053414054097153565,0.1605357269163109,0.19857460618656178,0.5206265334574315,0.6662537966196942,0.3006684883936564,0.4005493091322778,0.4898017740352819,0.29536312232669537,0.537044705209286,0.16542823739966708,0.5618348733342794
5100.0,73.88238,6.033955810031974,6.121054491559275,12.283526,5.247445507659159,5.240747259370004,3.968483,85.1162161888934,78.42913167087731,78.3107637245846,85.03325029561994,81.30958671860873,78.22980889325703,61.94083560812777,68.68390867276307,82.58724847992605,85.22376824748281,83.32577389805773,68.73316195961822,7.1981170686246925,4.55637480863435,6.415010082754292,6.697763124675473,7.585102950872218,6.733119228985227,6.899709052927399,7.018087036901965,9.551355169651943,9.327172983705106,9.9570763039543,10.931929191888983,9.149269,0.4812973340262339,0.5260325886270153,4.234113,0.11270297813740045,0.07299860991650484,1.3357675,4.0292080909175345,7.287943195979533,6.2903759015954215,1.8484950819501864,5.2370808003660905,5.7764082435631545,4.795573517331136,6.073464970913898,7.060224538155932,2.6734852122269954,5.580077094698905,5.102382060016478,0.1578552009043539,0.18822051842796877,0.12109773820455035,0.6368979480654154,0.7135256576753899,0.10679957906775452,0.39496858725786055,0.7011420748172839,0.1995025893674774,0.6995683856557899,0.7163667211571525,0.2884029310411105
5200.0,76.181946,6.114884573744554,6.092910500539585,13.158314,5.433811113092133,5.444387783287673,1.8266627,80.63007057311945,75.62926051910377,71.95223602628225,77.61954879717005,75.32891718380694,74.77590443256217,64.0301236952617,67.08419312427729,78.30833345384512,83.53113883082422,85.88364541040686,72.649832896993,7.215743900115693,4.551202427721248,6.17528226474334,6.514208082553584,7.544752002042121,6.696832104556318,7.201058817182428,7.150841107881933,9.736140122617714,8.923145549461811,9.878349393679935,11.01459998502798,7.959608,0.2702473628222263,0.09897223647409428,13.6534195,0.08155466119205489,0.1348694931418473,0.7427661,7.289396024449637,12.346149201827835,15.860207903186225,18.32345660420743,8.004716801396414,1.4509853822602736,6.093917772920866,11.71084854647646,11.010381248569685,4.248807532676083,5.289710471788458,3.587694899202238,0.057506290411785274,0.08288745986265318,0.08029372597084247,0.19414194616503475,0.33956614545027547,0.3593834512065229,0.7724714553025085,0.14117116317052264,0.6518301135816792,0.3389116946884955,0.741440131264006,0.4659270325662492
5300.0,75.03744,6.3188014774028565,6.35177142009821,22.55452,5.1265491278410105,5.1507666431437045,6.970904,70.78423163866397,67.3701642191843,66.05376704858368,69.00013184046647,66.39609265847314,66.36094569181824,57.50418621531611,64.85787145685673,79.22681798750835,83.24665049338434,80.53284305771143,65.76469670645571,7.133061217726319,4.5367736728322186,6.307048139929755,6.528671964878645,7.761667045789729,6.784519783329312,7.023204521800516,6.910608619379449,9.817315492896364,9.267774434464256,10.245878938850048,11.033145898445198,14.584832,0.5910396886630318,0.857612368609533,20.496723,0.06590210820249491,0.1626148609977965,10.139883,16.824199919269716,22.033515471078836,26.805535784664972,24.520995194147286,12.548625496870416,8.578655071194037,8.001256540114221,8.58141801004331,9.346486514545997,3.378571909276956,6.130767259409788,6.800217847591776,0.27745193689561287,0.4585261548033224,0.5291439564025037,0.7996322950774831,0.11164440983174383,0.11449463941039911,0.672200224446514,0.4018289158313487,0.6017267739861153,0.9474683384908424,0.8769773907479851,0.8252713232069192
5400.0,69.26617,6.125764554340524,6.123762348204941,15.450226,5.363392198103436,5.396690959875116,9.063504,84.18711329099943,78.92207337469577,75.99556300342756,76.73636966379803,79.65528021455977,80.77155267121658,69.22564009333655,74.03071804353571,82.23365226462447,79.91316027388326,81.97033170856109,77.83687143726773,7.3286258553684585,4.781858007381506,6.2737678991847545,6.484431306193925,7.325867146688185,6.640496179002919,6.676450270884787,7.182091217817269,9.760152484277407,9.237031834459048,10.150201261590071,10.843008258190054,7.216392,0.5783748205469832,0.5997521262600993,8.554223,0.3271323213221764,0.31054706655810216,3.7351475,5.480133344760522,9.301395549575282,11.763745554454193,3.7926274508684923,8.805015263120954,12.213734994581648,10.131295003789242,11.093230230496133,7.661253465059286,7.430905166867024,7.415251985099968,10.993102343887601,0.12621263004981625,0.2290496953703794,0.1553607796497373,0.47848596419921247,0.3442665062676402,0.2587721673736036,0.6912526917295763,0.7250396472225583,0.26664334960678826,0.4140436009001311,0.7486978715012629,0.9646308448588279
5500.0,78.48562,6.48454867456326,6.519107247608862,24.126997,5.338724988223824,5.333154584953395,6.8081207,81.37713016463229,80.65975657209596,79.1890358641836,80.143800428727,81.07340832912195,79.74410687137366,62.10124750058289,67.42390082962545,74.82169250576497,79.53147381820426,79.82018196798616,70.15960066914785,7.281291572333578,4.606926019652053,6.3023898857445,6.633337462659475,7.517716924935981,6.738882645590181,6.901212113421306,6.879838167258666,9.72051875405128,9.151395992190722,10.02384166917758,10.886976296905198,11.314316,0.7098115390674681,0.7467712520635795,18.736597,0.24296360615244492,0.15759246747587596,5.462817,5.038417068574953,11.591547855471664,12.191873740800837,5.910554367351965,9.702529261156199,11.919322105258995,11.193462638873768,14.727303697073323,6.124140887483376,3.75874498511501,4.283249090401675,10.096999875943343,0.16281219659904314,0.16015492277279206,0.2526659633327266,0.5819668202336277,0.5162608945164584,0.21548893522659066,0.9271323396962889,0.5589213057674022,0.49373452091670855,0.7763438408217593,0.7854061452767246,0.2379934573949476
5600.0,76.141716,6.476591073567849,6.527184773252553,21.396734,5.654847332188602,5.655674103741724,5.1665473,76.80728837958314,79.07114696689753,78.02306927772969,77.26785888625314,74.11038680344636,73.34577284485023,68.95823774782967,69.46633449137434,73.47859598422646,77.55658786528032,77.3658222591963,73.62938486808658,7.123948784719882,4.3631489197034155,6.186966402193249,6.382834226740301,7.51583202471532,6.76907397648183,6.934460804633095,6.824511322588993,10.155397035197446,9.06174938826301,10.292988115128873,11.198599346930138,7.424785,0.5587443713615068,0.8097426171750435,12.184031,0.09320477508402153,0.10314156345840718,4.796228,2.826592812863888,12.350545300215847,14.338036191874112,8.888773714261308,3.631100989620998,9.147484251871917,14.44309282565977,5.846639512518244,8.526393808641156,17.655721808448657,10.07780146344016,7.93921122014289,0.17014875521032727,0.23096205247247112,0.16090410689319104,0.43037151113328176,0.5244693526342499,0.35820211146458036,0.8315960215522521,0.2035440261865974,0.3512862874431447,0.4406975519940376,1.2629498873579574,0.33873616389402095
5700.0,64.09035,6.0778257899853,6.103839571493167,10.659535,5.501037769845716,5.5413004493279,6.3286614,80.426177064864,78.00853551089605,76.07106207810466,79.65410051340974,76.99648954139649,76.31673667144408,69.37728220610951,75.38488813297634,80.5307957924328,83.60786885904876,86.89072289081413,75.50543510077519,7.465908628617531,4.719573787574087,6.628432845554602,6.622520967061462,7.715999546329525,6.651094747381001,6.462537865548625,6.569563983391025,9.483400863985706,9.069772229664155,9.922219624459542,10.69481166646417,6.4901977,0.18626015571487906,0.062081066864888,13.369417,0.2521580961131791,0.3136244642065907,2.0040119,3.8873789477692444,12.064286141499435,13.696448529269913,11.571748724479564,3.375948228659522,5.740000304674329,8.53107310731471,12.343108239970668,2.4185686890072273,7.838340825985037,0.8653998029527774,3.924755475086769,0.14386058814399305,0.304146029522193,0.23122189008031463,0.15581091370707637,0.4196158303934453,0.28114944559258614,0.6069877927414269,0.24795845232919145,0.40347523393596624,0.5011642488375498,0.30686135480430776,0.20397354483269906
5800.0,81.13833,6.256311734223257,6.292116675612203,7.6782227,5.1432755569552775,5.203859410222458,11.483955,82.25318947141399,75.07821611889891,74.82841564117172,81.7219687279589,79.07487510428803,78.25532792163169,55.947313445368025,61.402571770182675,75.87484649779394,81.10961877955783,80.24851395268469,65.58395273625335,7.189271277396679,4.6230546099716525,6.350562469088069,6.310891530471603,7.991790529188866,6.788720514643027,7.2409718607828495,6.599373235515365,9.487882741694735,9.407021282030078,10.136761376535171,10.769304786800626,5.5019717,0.417221110622108,0.4197729067502434,11.605297,0.17364480756281148,0.10776987357167865,4.9219294,6.986365044642419,11.495037501549547,12.30061343191663,11.036516926481202,2.3294685754150177,4.1464489980857095,11.188301825559428,14.746845942065086,15.543991851375095,9.907637419333085,11.022071840292956,9.42989439499957,0.751278377732076,0.40862599943098665,0.3153834479026684,0.3754739567958406,0.4253885773105708,0.38898277039027407,1.0899523775803799,0.14229859469052866,0.37271415106568445,0.3272189530467498,0.3396779742149899,0.7878346316201492
5900.0,76.49236,6.177859486687253,6.259446864764676,21.420256,5.290796378848634,5.318958830743029,9.207057,80.97977702172858,76.82330660653037,76.06008774843859,79.06438371460084,81.5757897582859,79.16334733302334,56.42143723051267,61.19038170181948,74.92560132766094,83.22231366298901,81.13481460053815,66.43620632549273,7.172730617668126,4.65048697276812,6.534234385996197,6.705626668279886,7.30960176530892,6.484285256649865,6.8142595507501795,6.814849668655712,9.952699794178306,9.31601058579942,10.066083245434728,11.04386957779174,4.79659,0.15878715820134268,0.12468161642769689,19.247898,0.2692883484151003,0.2155643714456395,4.9791737,8.648604847403792,6.2350860558606245,10.674635923862962,4.594237078310473,8.039951900081078,12.130716401389721,5.920072341822572,8.928014521376562,8.971428117653106,4.990909107824909,5.902069184634291,4.261931551451885,0.03305434845716443,0.11511719919895456,0.11732501820258162,0.2202118698265885,0.12851603705294232,0.15491224840620205,0.8071585124781244,0.49760520866656965,0.2799364779734315,0.6367576668985491,0.17787792720923212,0.1407417857611312
6000.0,73.39664,6.3043683644154065,6.370450540015329,19.421549,5.116245624064907,5.215533747340975,4.927231,86.52140263930688,79.53794049625633,76.71155317614496,81.68360942661552,85.11989004001491,80.46929986670175,67.40595373513143,74.86197510715756,84.89235753403112,82.70522377338442,84.83553124184155,73.43279697024138,7.128179102200725,4.52651496761635,6.260239141282406,6.319992924967081,7.662811583271661,6.734373185467437,6.907132410028157,6.737103567762411,9.46510470221105,9.436722035151083,10.046442934386876,10.49102645908746,11.004436,0.017463497140268926,0.12574022732028384,3.586986,0.22693379356625218,0.16428100819689356,7.090098,3.762894221447818,5.403753151032822,6.976844285922072,4.750130991959321,7.380958932594614,6.694325965548018,5.833445800391363,5.9113161234049265,0.9004509091519892,7.112038951534928,2.293962410535236,6.646936615428776,0.10649708072634269,0.19321046504224462,0.21488031029611,0.30530889947658474,0.4832706335929558,0.4343439902354089,1.170096498163872,0.16363906666300623,0.354571861088576,0.2532222188366036,0.10055735091318864,0.7449894173331838
6100.0,75.70237,6.339903360235161,6.370872227087662,9.102298,5.294451690159937,5.391725742695989,8.903104,86.2772942654927,77.30748316465666,74.94446693393171,82.38191248008023,82.70671903034471,81.90198974513744,60.90279482766551,66.95998968355134,79.46027200581034,81.77835234357536,82.69605295580145,69.44529785836129,7.274880640508954,4.64464886230675,6.6308204438415395,6.680981686587326,7.4004203547597625,6.603935564925233,6.497715734561339,6.958672806936214,9.740623121003258,9.13720868539234,10.143139504408474,11.060108810058424,7.951418,0.12272598833313826,0.27408833669206584,9.749386,0.39839979496382655,0.392866044384854,11.359666,1.4644669910911836,4.505992017871636,6.147511818138191,7.949543168097077,0.691530188318951,7.053957193408704,9.47150068922684,11.089082378018393,10.20384358774593,5.10796076978344,7.8926636867767375,8.395192852877306,0.17525661301380435,0.20376726180221688,0.4411923565653959,0.3725585044838594,0.14098612053517212,0.14177446853789963,0.7264541875156916,0.5353793365082808,0.45763395700402487,0.29263215755004296,0.37859805668088226,0.4522355955781873
6200.0,74.96556,6.407452976167882,6.4045154747172965,22.685684,5.282320027716133,5.421643721081751,7.8374734,77.43524047058531,82.5804604836055,81.59009777578386,78.92502635453154,75.23100475524933,73.89455625571831,70.38243343401493,77.36061047651388,88.0226913593516,80.2443521708799,87.32319812194412,77.36578090125316,7.060154830981013,4.34750981073416,6.2280907430936425,6.357605410244363,7.459031427037918,6.547880407529024,6.763458965651051,6.8352694611164395,9.79348621202588,9.610855588506585,10.268851922373223,10.90431364889762,7.747415,0.23868065701386285,0.4700305143254486,10.257755,0.24976825563370164,0.18702613408732818,1.5817182,3.189193941897655,9.98539028178893,12.867144250918193,6.962237684429298,5.365639645208955,11.171478474632405,1.902739918983025,0.8861597102113073,1.5801753798774691,2.7642477108034904,2.6043602771941328,2.956531455094629,0.6516341254835303,0.44087574267779395,0.21249612554993438,0.5726978340394837,0.8999276224030968,0.5975956682827286,0.9757114217881606,0.2243247477662341,0.7272317073185177,0.39116117453445515,0.4113591423366979,0.7508683470432231
6300.0,70.24552,6.336269985883319,6.454567917955937,24.892221,5.483017618457398,5.3904265861944936,6.1280923,82.66962905061034,81.32101666986483,78.73643751282611,79.36455972740487,78.53911704039598,73.81296093491959,59.372215604646875,63.72982846323163,76.41322173411068,85.92280732555777,81.86820119244447,68.01177548571121,7.4023989840388795,4.692730336275029,6.4824205237788775,6.466072696212151,7.517784073164267,6.707205728950186,6.767364511243492,6.888546978986113,9.748467661535612,9.324630411736644,10.168119418737623,11.41650656974459,5.899362,0.6366568749613528,0.5522605333821816,12.480798,0.2596839466392983,0.2805660273760607,1.8010783,9.574942939894504,3.9293150251535507,3.8136782960329936,6.6406617226270965,15.355646572783016,13.563026178069903,3.0533976047337803,2.913660017752169,2.6714819994406014,2.6517330759895987,3.9608621847765924,3.5261772886650466,0.38525093516849485,0.28330857674274135,0.487877111922082,0.26164347886526695,0.2813960552657459,0.3005834809499758,0.29708343940855636,0.5808246473302909,0.7373743792810251,0.543915398918144,0.7032944102788015,0.4933944259485974
6400.0,75.10404,6.214422884878405,6.2939441492965,26.480143,5.231313271551601,5.301944442883008,3.7456844,86.5099703416703,81.56701526934955,77.59816144464064,83.7231057958209,86.38266027699979,80.00687439606409,65.50220001112467,72.4613361355889,80.40002016995764,83.9385575668212,82.50715107594463,73.96135093799835,7.079175614475105,4.425571535725097,6.161812804698234,6.398955826594768,7.705919637600029,6.7906061761430605,6.868514792528928,6.878134463867272,9.64304750652363,9.15945364371318,10.025082804447194,10.973110178605578,5.537072,0.4417574615101785,0.45421975614235477,3.4092035,0.18895818272450676,0.27949515788626694,2.5165305,0.30848931299181676,0.8777945672729556,2.531509129082104,2.822382219488395,2.888557112906839,1.779041826303867,10.428253890720653,10.62019748212193,1.0164883244776755,9.36267868528119,2.944165564929643,10.14403446970837,0.1968852863959665,0.12653542557005626,0.29718141587596897,0.49367757332042267,0.5118637578865204,0.6360448075423007,1.0716309297496944,0.12458835074474409,0.5459632976692624,0.1473357512996338,0.4926007614432179,0.33980115059242777
6500.0,70.27053,6.42524381078957,6.4079708852693384,16.7482,5.363940300368758,5.438985729069241,6.7296014,77.59648028307242,73.02293014887164,71.25080216766732,73.66911610173614,77.60341689227549,79.82820401478354,68.64613760023585,74.29051031931861,79.24588413002519,78.9651825217175,81.0535094821144,76.29162882787695,7.421970981014397,4.6749740861026865,6.667556712339073,6.58945124351936,7.347012878433123,6.404947289460218,6.619309732853171,6.5521670420892635,9.781877071017789,9.225981811147411,10.241404949413187,11.367099965760772,6.4600396,0.6149567745501872,0.8515109148243057,13.846591,0.08584364571190141,0.21784980029404838,7.547156,4.426909625773417,11.081653075694721,13.879302166441594,6.345531932078925,5.650428840999881,11.958543904676983,13.562300300828452,14.059594269728349,5.35353743628646,9.146212658475232,7.074917323475886,13.278632161003593,0.3296344359983563,0.3183464336397095,0.5461010600674352,0.27257200670699716,0.20257769933541403,0.40746273370911784,0.5150766618275557,0.1561173145828545,0.3189264250351835,0.08675335844598538,1.0739686869912535,0.3987277990469378
6600.0,71.78034,6.131609196358703,6.293400587255131,12.561691,5.421942502574114,5.4206812617984,3.3720882,84.5668188766851,82.27127640488241,80.12454721361028,86.4755116423384,80.53986690688902,75.53462270461604,63.740998220047295,69.87278333853673,82.123887386922,84.78429168176875,84.25548883462325,70.33462811244976,7.356359068524781,4.602324581263877,6.480757921809933,6.470178175124055,7.5709518934015145,6.516441902979331,6.619545514287696,6.687334842580493,9.613059029258869,9.2846306144671,10.088354896561663,10.97457140622761,8.121682,0.5051898053528302,0.522033115281431,10.180567,0.2989101134657155,0.2544910728398775,4.4269905,4.787655265836285,5.539669941307899,4.972964588622422,0.6623924611535268,2.830377432471933,3.6784338964810948,5.794726035732342,7.3875489974052915,6.130103915877249,2.369512927068176,6.475482209355745,5.404246661750964,0.3108565192643535,0.21916481413872355,0.07847268517870477,0.2107773058309981,0.5523552558700189,0.5219676058542845,0.4304527600628058,0.30083902606778073,0.10793298565331629,0.272668197563652,0.7049882732769244,0.5847825834054092
6700.0,71.79478,6.055262639245292,5.961756854150344,11.742978,5.114359261135653,5.157969224113355,5.890419,81.0806814255791,71.87659999895318,68.96220253420783,76.28824861877473,78.20569847228857,77.27470836554026,63.07655432191507,69.8263863325447,82.07439598950192,80.27963905362417,84.19227915783476,71.48056248374894,7.548748791701929,4.848908063354182,6.502373082006205,6.513609180205003,7.28481056327906,6.268577001700641,6.131836385516723,6.587358043171001,9.667980541321407,8.63794764254028,10.445374038587834,11.261310975534705,6.8920116,0.218989520889023,0.23016817838667378,2.7742813,0.1825445158977305,0.2177419866871495,1.9840707,10.620127945315398,11.494239334582621,13.336192770537735,15.530677489392632,9.53981441757045,3.240090630611267,10.507397127654661,12.371575420560031,11.498206344668748,2.393134840547405,6.086961354771592,8.081285728350723,0.16367415723115716,0.2620133931442696,0.20905377599268746,0.3312705843606633,0.11666704878381484,0.07519316333014028,0.3904446506189194,0.24616812108329492,0.49124504128854496,0.2719555451667068,0.6198251770250095,0.3680788712509417
6800.0,76.17218,6.139321053396773,6.270755240853362,19.68223,5.378142213105499,5.322439177392445,3.914271,80.59174321278527,76.88043026738043,77.48392683561934,84.05449907037142,80.6030927331592,78.66172641157203,56.691614579164025,62.5245659596701,75.8827526080487,83.7243243772851,79.57468311709611,65.20446593038012,7.125678854902103,4.582402985787826,6.171205674891197,6.436673433375759,7.638355524049501,7.018413363211141,7.07356766935052,6.944230404644028,9.497440895785617,9.006847350922074,10.099809889089538,11.06459764940085,11.908186,0.7094931456728618,0.7396096745128656,11.271575,0.5406620163767525,0.5928384124320655,3.3167799,6.224956617003762,13.020761924695595,11.294461140621385,6.848212164693569,5.761198054718822,6.8280941548207235,6.905215339769997,7.506094019397273,7.180333197382652,4.737730890327905,7.389483057875403,6.300800467336939,0.21021120806351898,0.061426149145907244,0.431389709392384,0.4065574066681696,0.14330770866152148,0.3020259583904427,0.6012709184568902,0.9504788370400599,0.2300500887021391,0.5194120151828647,0.7123182979466708,0.6734146723563835
6900.0,77.55935,6.309788867737464,6.421227385057595,22.625368,5.241642830660157,5.278478906453871,3.4008129,79.3989418976788,84.86484475678583,83.784441585678,82.5741124259134,78.97773385980834,72.7437711860133,60.23592166125852,66.06234986590289,79.99671813630324,85.48081190960318,84.48346800686949,69.42241894688634,7.240546896431785,4.7669747737734625,6.433806532153407,6.575060115711241,7.379755989961546,6.655765235089071,6.443427074680661,6.796704367947766,9.553021699329294,9.331768762143414,10.244501859654708,11.183890132448267,6.3963943,0.7042360552102587,0.7712707677296248,3.7667549,0.2964005624201528,0.3253601271666519,2.6008365,8.004452976191029,5.383416176983509,8.583705971225763,3.5292005827909865,9.955234022649387,9.375450390572793,5.981002711329481,6.309858520547055,6.917123083233894,3.325234603306802,6.466548937145249,6.815888564537193,0.2593704475034417,0.1956083788847865,0.06559927835232912,0.3412471891015722,0.06604742772422567,0.13554662824145366,0.2749405781266697,0.46383551104046256,0.37789162853925445,0.5877325457837026,0.588774109708037,0.5254052004254188
7000.0,75.28775,5.984528270365608,6.079645310897912,14.363518,5.117365425954561,5.144850099890124,9.440869,85.02674908646352,78.07047600250897,74.56603456294609,81.43714462159993,84.65286064771102,80.275002321196,54.506475237771234,59.3498996396393,73.90474311066328,83.8036337950698,78.92624094897702,64.34123093304355,7.235932041295193,4.461103980406857,6.350768450516877,6.282491579140057,7.870771364617929,6.676144703893596,6.685947281834132,6.710560994311223,9.500579595364757,9.145583251216435,10.178388171573006,11.018107357885398,4.1318893,0.19578051003074465,0.27306146667089537,9.59796,0.14297120428969093,0.16751223531938342,4.6867294,5.016332593837917,7.906240575338478,8.361737572011762,7.715992007322691,5.089472238792696,7.637000686878035,1.4541041312861254,2.0103903081462846,2.448027988722836,2.1386417847119548,1.012825132642407,0.91834859273377,0.18513954473789887,0.07463573843949249,0.15245901229027764,0.4038122035457853,0.04978751907754395,0.32340254861051587,0.6483155510092794,0.3358217003236208,0.24636693615792696,0.3348078599589515,0.8087105689946785,0.36306339357273776
7100.0,77.38201,6.257079423711701,6.386070886043448,20.62509,5.371421117469488,5.395208832451989,10.615901,84.27059743366137,83.44756780387516,81.35366832241807,85.96067877449678,80.38916947824816,75.56767854888717,54.23518614046392,60.409641027043534,74.3252870142224,83.33045986991573,78.20967479082167,63.506866592089295,7.15143184798832,4.560515904399143,6.288357176298663,6.4762371817215785,7.754260058791115,6.809651174350872,6.846810881319172,6.579878906854816,9.65952235039969,9.592485273814766,10.205240683851168,11.011583880776739,12.902404,0.16624836259638373,0.20184549188254208,5.291945,0.2860632256271705,0.2742015655846164,5.623272,4.706916761085099,4.5582250398736335,4.633116052064713,1.5597242823780033,4.258829575753525,4.576188860595135,2.116332761999892,2.0365720635021294,2.8073013293352904,3.3306886870623678,3.00243170056559,2.439368431355536,0.22860416979505396,0.2482787118076047,0.3135833971443215,0.22428585004923235,0.15690060454934646,0.2759833250714567,0.6386149758504068,0.18733727770312938,0.35401510533573755,0.29489220634717217,0.42151141048238305,0.6418060388448685
7200.0,75.91079,6.04824481284295,6.210719988816742,22.57664,5.247009386280684,5.250790615214477,8.841342,81.72857685933931,83.40808605226381,83.32743590522357,83.43053822613842,78.28674638505764,73.8891658142608,61.0844268945217,66.2566326472592,79.43856150891784,76.4312424252633,79.18699237487048,70.23720620928731,7.1915437320341065,4.641992446778399,6.4434012397379234,6.6644227476664355,7.384669650440192,6.67737914655552,6.602852958509467,6.901037663917703,9.621612831356243,9.28242524299315,10.032349233176241,10.7924729036001,4.7272186,0.30552275657645384,0.4079660294596872,22.2759,0.3291376824771357,0.09710342243326094,2.6278625,5.390382586001876,7.874394922251992,8.947705671956136,1.3390205534023472,7.007610905007168,7.115869117357073,15.234266101034963,15.644333231463397,16.562018362532616,5.656040000115939,11.234416104279072,15.127189033139924,0.16641586700266078,0.16393199016259,0.10052740013401114,0.28715536965160227,0.3053851846863453,0.1769629711838829,0.4888751853660021,0.16683257668084459,0.3198615387312984,0.3277235470544542,0.2862370477622126,0.7820649327911005
7300.0,78.92361,6.588857064630681,6.601418321058838,8.064158,5.303109322729793,5.439609430046505,9.320956,81.05772356873331,77.1922338054043,74.71028561760805,76.04164895167064,79.01231992233856,78.78424966394137,70.1440372426071,75.39444708427435,78.4011939281811,76.69546633079216,80.96536310631517,79.20827844953602,7.267001311787599,4.557173777876327,6.585571271685075,6.613233391794515,7.4854466175869625,6.458990395131553,6.545756477127115,6.510422751830831,9.704784382569722,9.41889392269386,10.450154257047105,11.05671336170092,5.832641,0.5391362410509607,0.5420381971344106,3.927389,0.38203655210555776,0.3478777651971488,1.1092275,5.8705651430047645,10.603470126850091,13.262312578539703,6.4478544567035625,10.714266602490177,11.857719939406854,11.683821236994195,14.778675266515862,7.072580716047025,5.4594591837241015,1.8097772998735626,9.454793361513493,0.23382505193796788,0.12922455091615864,0.25470077325975693,0.330639846164654,0.13341541307088606,0.1816297091131647,0.6040988525092635,0.29084738176773667,0.7601523218964009,0.3170426024733982,0.4199589719993859,1.1136940908591786
7400.0,77.57644,6.128287205017244,6.334870052353942,26.329674,5.304723149255285,5.367623006961286,5.0847397,77.69486251873663,84.31980612881864,84.98555872769268,82.86931459692003,74.42218730585112,69.12257190520192,62.02924139474592,68.61553723983359,82.04996930705902,85.23842713918327,84.01703142684289,69.32998602581661,7.138848501699118,4.449789957304782,6.459674775726993,6.580099538477974,7.522968852135288,6.828320894930807,6.740215503607715,6.701565787383363,9.562334276412637,9.319906206027136,10.049046197633613,11.01335199408116,2.974765,0.5362431489686418,0.5039642373956466,11.037071,0.6276240278610341,0.6497745401780388,2.2922704,7.949406624403042,3.2015615055877618,5.803058670366036,3.005681013606706,7.690353120167787,8.477044006471967,5.690633113668382,8.400290867828385,7.902957953884544,1.958753490775278,5.510941822551296,4.61159521432056,0.2638068110524049,0.29762801254308535,0.22065521706798302,0.38280796112571647,0.18961014717232041,0.3094201509148501,0.422075955223054,0.13059368797078938,0.3579181522066887,0.2567149479874256,0.6174000801604747,0.6298640952650517
7500.0,73.29286,5.9732822869481526,6.139981447193629,18.757324,5.17891266147772,5.188390509812874,5.6350656,84.05612660158583,82.97519262581675,79.51756639402218,86.1325525212931,82.16550078273077,76.45399269922206,60.05851494560151,66.55705287512329,80.25972733213756,84.6076121783534,81.86221880479475,67.80542685142034,7.041874489108001,4.527416473882918,6.365680771356324,6.658770854764693,7.753745739769272,6.793624151327606,7.111635060471937,6.715819673840213,9.401660525748275,9.344744460576651,9.877908772269045,10.42622447531222,2.375493,0.2978472512995448,0.31435592859937533,18.03044,0.15898857688608387,0.2232691802649655,4.5599203,4.469181986727946,4.880807602465324,4.766828188926015,2.460161321045149,2.9101198289543313,3.264566638979366,8.229455729509288,6.771407390046805,6.54148785445896,2.845013428626608,6.344583598354888,9.2379616613615,0.04658860565145532,0.24069350889709637,0.08551394636274244,0.2543362902831891,0.20587800909000262,0.1402765804846091,0.4442056308744603,0.3112180063468729,0.031827709008053456,0.1944859675056198,0.4105152390085008,0.14811697099937554
7600.0,75.87,6.158051345460432,6.3551196047194205,23.288536,5.138367003600314,5.152929533896606,6.964231,79.33701975760353,84.54985843937024,83.34346331519201,85.06290450891952,77.37665816764796,70.9958688332231,59.67320639107748,63.477268923920285,75.84572729803337,79.42798850018947,78.13478539444894,70.35846121512161,7.209916022424463,4.683626831069508,6.474533736043077,6.719359122337039,7.473103644073013,6.66141111619327,6.862640370271305,6.815590876923685,9.77734892050286,9.43569702071444,10.272077057349545,10.762699912370147,7.5738187,0.6648926177743765,0.5814273633417765,9.6967535,0.10451190187780575,0.11701392597760467,2.0253217,7.41964694294738,1.73985859241003,4.697526347573959,4.499593620578469,8.057702479021732,8.651325526382891,12.70794885997828,13.795648988551418,11.828794810243444,6.19430693432715,6.565410170231364,12.958353620045731,0.15986891728572897,0.0942016061119782,0.2163561453481759,0.37785058567614405,0.3146983184628152,0.06626847112590256,0.365606506163198,0.47570912486993944,0.2469957185764586,0.09853591865838342,0.5692088035949698,0.47857946175083826
7700.0,76.920815,6.096479700246026,6.210429364607118,15.502284,5.073936463042198,5.124493546018255,4.761055,82.43082868789216,80.87498992717958,79.72368329918986,81.86877755985621,79.1587486760469,74.21856165653027,60.33228330164249,64.66090056301621,79.01163879499856,86.73060499404635,85.31498736141691,70.58439835831332,7.349484357240221,4.674474414905818,6.513911153184133,6.769530755646926,7.446989520998052,6.316632011082291,6.364363126872209,6.391305896953159,9.759066698811273,9.045381898366848,10.156218774356084,11.437498335961182,1.486303,0.20924881395459,0.1791421003467347,7.1131225,0.17638759442338975,0.1922688102195513,4.7221413,8.605931370586202,5.755817043766944,7.89610991193017,5.560691716049147,11.605585696941395,10.993001032472025,6.418244188947518,4.493477227267459,3.820505643432237,2.0809964148173954,5.766430910009968,7.0010432281238675,0.4196470479401524,0.30269498273678414,0.12228174829289437,0.19366342869642075,0.5144938699374064,0.7126280886834259,1.011951378458915,0.11291599867022925,0.5150098878525465,0.15603046077678087,0.28843993969918147,0.9681369235146658
7800.0,71.99285,5.8809949063776115,5.998023732093088,8.578323,5.537769726858923,5.519241354730675,7.2395325,85.29641576897022,79.53483603763125,76.48745244745871,82.96622080400915,81.8157539511568,78.66865567853347,62.012668702385234,67.20620186780842,79.90092273530384,86.98268901916002,84.33553830709239,70.43811994776684,7.315391894302739,4.584901178787117,6.5240509139957865,6.633382169809799,7.423875258181746,6.6635875530636115,6.749880711696101,6.81620865562821,9.737152492562979,9.123486275793065,10.139997139067885,11.191589041322432,2.9417899,0.2227126249852735,0.20770366071163351,5.932339,0.44542199870048044,0.48616715410716765,7.8182764,2.196714775561754,5.0810437356080165,7.7486075806406225,6.952063244705777,5.171061211227318,6.685021137673352,2.954518531038353,2.6658683285705025,2.560093886885086,0.5563371388664528,3.0155156722342786,2.9226430515365145,0.4133477998006791,0.5223343550373011,0.30030998211312976,0.3059433012757325,0.4909690668946406,0.21900693538680427,0.12817627406796336,0.4272761077740095,0.7668698197375666,0.40645483418991063,0.6294079768529657,0.37542596318064625
7900.0,80.76789,6.100026601630169,6.222458934246671,16.082079,5.119656771272468,5.142208387748376,6.263603,80.85269245717818,77.58221118432601,75.95892327183118,78.58600431771316,76.9277504460754,71.84310305536907,57.106490914284734,60.86690722015737,74.85439751035209,85.9761784799103,81.70513100164465,67.6076070204938,7.0963947001671075,4.550200086687938,6.324029920154442,6.572623383811437,7.55309035288698,6.7691726023821746,7.017714126918999,6.5571032593028376,9.31304127043637,9.108311362460201,10.151385314892993,11.031366433873401,1.9275025,0.13630962129764035,0.17317557008632328,13.352464,0.2360013608325776,0.26211320634675556,5.6157694,13.88692629909429,0.19918353520025234,1.9798567957698998,7.647604855372129,15.147690185268836,14.458903518835182,3.1942118005262485,2.8233895243201097,3.0308617520648635,3.0373422909327403,4.104988748855644,4.326460375040269,0.2085125980720089,0.23455952721139292,0.0677136662254954,0.10009341487023725,0.2999267520498884,0.3222064514286561,0.6719100234953975,0.3467997912943857,0.40685577976956405,0.3104220376272842,0.37507409768652855,0.060283790186975474
8000.0,80.73089,6.137829969635398,6.308271912957612,12.507324,5.334096962008002,5.394938211984415,9.6134615,81.94959030332454,84.03365441489358,83.02214867994543,83.83395744257457,73.75889898164989,70.69841407101012,60.34506495269047,65.9601625203099,79.59524225992293,85.69110154275306,83.04278447438507,69.12086182095759,7.139752249699337,4.504500735706691,6.6218573372698115,6.523317223272642,7.661991510687087,6.743635473149034,6.834124768591107,6.434619552756956,9.550236219403935,9.451948126893077,10.15251215080719,10.928036577064853,10.852199,0.4617350144099444,0.3973920224066645,10.5936365,0.24374171317534066,0.18992146697970033,4.018487,6.17932474265722,4.141844985156074,3.3331731335036405,7.1207011240333165,8.978442725869725,7.8543377078885435,4.501963043927625,7.188034826707669,7.135593895705519,2.4568064802497136,4.6401948047599495,3.749710806116111,0.42248605502549536,0.15890414704117,0.6036506779912854,0.4757761967298436,0.13423669596084503,0.10465053271304248,0.3743942184693798,0.4814098141142518,0.5023492552902278,0.41480430523947714,0.4944096099242687,0.39314690316615103
8100.0,71.781006,6.469442800665392,6.550600271249393,7.511706,5.091633558313435,5.131246269369286,7.276899,86.67540152154265,77.76273578110211,76.05519953419542,83.77149445396753,84.3539341501472,80.86086899106662,57.35494499812512,60.093813062636485,73.85270972764998,81.68649740175077,81.06466382632094,68.69643023196063,7.50784357935316,5.049190085621075,6.626091243094932,6.817103364112062,7.348194292549711,6.459135258408039,6.392345990011129,6.626393147244618,9.441314267226522,9.204643141469525,10.438620756836558,11.062420456392013,7.3413,0.46984879999513096,0.40553139396763166,4.0594325,0.1262864396525978,0.14874977951985743,10.473683,0.3855817213363089,3.155297282394537,3.68565654766336,4.489185511398963,3.473192285482999,5.232904627354142,9.873680703801671,13.064789984020063,13.349785270735564,7.791142572234457,7.508409918497446,8.27370422881801,0.07561502410120215,0.010515546212323297,0.2769533325707477,0.13984951578664592,0.2623190566577796,0.18104984532050045,0.3545883616994225,0.3110116282233706,0.2082141933875106,0.4052988108033546,0.30964339665166046,0.2409518002013688
8200.0,75.000755,6.111904973125356,6.250019674605017,15.69241,5.22507713133269,5.265397476518177,6.32416,82.1338466382124,82.41611943191324,78.74525264178224,85.32592353274272,82.22004019120436,77.12535508605254,58.13166294404066,64.01200474627565,78.23831719009802,86.33120311037747,82.3706140799939,67.67232105976368,7.26471357043503,4.694960180563727,6.509866704130009,6.8189439171649395,7.375603185762675,6.61460472081973,6.462544005657538,6.634549548279917,9.617187048050843,9.219674254654128,10.038452116592714,11.234400048860431,6.622621,0.1505014177417501,0.1466293713937877,16.085789,0.15908676276210512,0.18963537785096965,4.9040065,4.242680014643158,8.081401325879822,8.037189759497737,7.51419298964711,4.904969140931544,7.942100478508271,5.871192313040004,5.5188889480519485,5.2476825265819285,2.752093549710536,5.202796697285686,5.409784376838936,0.34009438148286164,0.4889862856718154,0.08483524083498695,0.22238051105949655,0.20020691327456458,0.047733747386788775,0.34173461703229124,0.3047080115963253,0.15687260003212058,0.4975111471246865,0.25165492600775796,0.17594968866511776
8300.0,76.053986,6.208637846716646,6.394734724577421,22.590103,5.203998185092967,5.201696572312182,8.910942,82.69606133225632,81.72875962021838,82.19829017880689,86.55575348851103,78.5948649674878,74.03034851896699,55.053678936698056,61.75040942545598,75.48905456786794,84.05120684667655,78.60854283653428,63.405747658886675,7.170451970123518,4.711025733327195,6.317892230955702,6.524927629708755,7.6806839055599845,6.657549706027297,6.783268826436056,6.720654008099754,9.467659747783477,9.02627959287347,10.286545500917061,10.923047044635053,7.812638,0.35265317023490844,0.4003550862610706,20.720997,0.24225846570530093,0.390516697650734,8.233783,7.881095494543855,3.598150996297575,5.334007090716116,3.3002375262650236,4.166034640423516,5.769483427530682,3.6277353243197252,5.793189058619796,5.121872075447777,4.099012432101589,3.980878517873704,3.241632163778878,0.2576537284978337,0.3754731447684805,0.261502991000751,0.48768464716979665,0.4781847118483853,0.39469959589656245,0.9608504832948153,0.49210328342793863,0.2363623972554413,0.2192715473202513,0.7298429944262042,0.39311454449664884
8400.0,79.99598,6.279441963999882,6.474462188567081,24.14389,5.568180368908501,5.630803373496749,6.8064857,73.1940118174987,84.19236758466832,84.57136051630097,79.13322764528624,68.8281429308736,64.10176221806499,60.75183498144793,64.57126368237577,77.57901611566324,87.41755167551459,83.9381661562022,70.22237493295799,7.083186718474678,4.5321791029319405,6.477595227870175,6.530008395576597,7.684404242366317,6.6264984693500155,7.106071342329529,6.6267698183607555,9.830040870943034,9.262657759597134,10.44710515661597,11.294619683828437,8.4564,0.26593562001930393,0.38434724536602716,20.809135,0.3225882148790986,0.34141942758940685,5.0848174,4.811865306454571,4.170947686935548,2.6095820310654343,4.361431459230975,3.3575217894449736,3.9979161167253325,4.2713902991570185,6.23392095008428,5.332470082259734,3.1676922000234935,3.3162006509424593,3.499423226591378,0.25349372109623247,0.08808978348988533,0.2224928401262818,0.1904862145425627,0.2070506959130389,0.10808187930252453,0.7335371158925316,0.22198875734900222,0.42536985748229744,0.4249717346769806,0.7025268339754414,0.38309961726350794
8500.0,74.48119,6.187829454536924,6.322180347788396,14.532321,5.012670725440567,5.028202067078159,3.9588852,83.39058106327245,83.86528447342839,81.61903551379778,85.01027706824557,79.61034804585704,74.66520278767155,61.2302022548506,65.4889400644169,79.7089537290126,82.65755449015755,83.65061671176967,71.2252842351122,7.317123407804927,4.761462954763423,6.505643915711072,6.597860977364786,7.631966933797169,6.597003185365691,7.037927349535366,6.583282980775419,9.445776689031085,8.978816352136613,10.286823893309066,11.280850551468921,10.7977085,0.3597823335011727,0.30026140901418846,10.667035,0.03872901684997723,0.19349678167069573,2.8781776,4.810123043804801,4.439663112651563,5.326189070535175,2.925776407572379,7.361675402311621,6.412747059410662,7.93681600374156,10.158553856079461,10.873284253089158,4.4610173376916915,6.949453149882023,7.722163619714352,0.17394315992591908,0.18479571395649358,0.22992181010984122,0.09853535017357305,0.11023816861733685,0.289197533323217,0.7246036950053666,0.24716680636895447,0.07705581086747103,0.25180250036127716,0.591119347524466,0.01977979985323252
8600.0,75.07345,6.217438357770497,6.343651392787,17.369696,5.262208318866358,5.260680573416504,7.2415924,84.42987927112902,82.43937836037908,78.94621932172367,85.74722241008699,83.43466815131175,76.98553878845955,62.458535288257416,66.58726391098581,70.6206322660391,74.56640934470613,75.17648518866135,71.7712897990344,7.167147819210963,4.591971802039307,6.523757732922607,6.699866788618034,7.463207121099491,6.5641228468132375,6.8277635786501065,6.931515782597159,9.669573551153043,9.086230160192725,9.923231909796108,11.255139026219519,10.269456,0.3503392562460356,0.35211474130700204,6.2217393,0.2716275766133377,0.12185445359475928,7.696798,4.50782884698534,4.884925342816455,3.7957923528496016,2.424702355968139,2.196570481792947,3.3036778857869997,18.021559429255028,20.503215908117674,8.893025457277117,9.699687801187807,5.284195292308304,15.344634221394116,0.5132398892034199,0.31981269939389473,0.2701272885029879,0.35523456684042,0.30338957544455075,0.24042148002172695,1.1078481797174675,0.36633279110363215,0.17635305508142954,0.625473935812162,0.5870368866009078,0.2939586182673031
8700.0,80.37582,6.456900315301952,6.594354869184369,24.728762,5.41880137171939,5.503826589347103,8.472621,82.39537366508007,83.40941256393437,81.87303965033685,84.66767189781747,80.74378490669324,75.32811358112131,65.89624422032318,71.3333594625453,80.29881856519252,82.70997373211694,86.38619937849609,74.39482682779779,7.270462740711448,4.620477892844826,6.418304899761163,6.593943751306857,7.540613073433089,6.465923165818676,6.3668161371677146,6.5983218839026,9.856974052986851,9.087180791508972,10.586961368729504,11.161623856900862,4.1091037,0.5330714489759915,0.609660205181842,14.970684,0.3469926683968893,0.4831154359272004,7.2500176,5.492660020060473,4.075981722236431,6.62822202571276,4.133210794136457,6.175207996506805,4.641962896880239,8.219768420624103,12.926374050518751,8.12071203808393,2.8259674708228846,3.517465874531849,5.219353658418955,0.3038957251445258,0.21119483887593976,0.2462499673822788,0.27528596551099865,0.13059148471106136,0.2785636583116897,0.7983293691992462,0.17423402262158436,0.7026291280339718,0.06816940256562663,0.2740126545585238,0.6414057952170987
8800.0,74.069275,6.0652013759221495,6.26226972567554,29.570143,5.081728961757837,5.16886035964842,11.845161,80.61585559798074,86.48336774656195,83.69136983767349,87.87412327238614,79.22389603466065,73.2188381471438,59.92638069882469,66.15034025986928,79.36356334922733,83.20150450002768,83.59313827016098,68.44039516141551,7.43500707125422,4.8772685684294395,6.519678853023517,6.496255478371272,7.43086243782987,6.353021821307024,6.304039705948417,6.577231751613179,9.590665852781205,9.072228854559585,10.484946356399997,11.094540790422656,4.9196854,0.19394805630733933,0.21565872461094546,11.459177,0.16652057283225774,0.20544385092080034,3.8813496,3.82829047884085,4.244652981190494,3.5784307061123437,0.8228933118853295,3.0219088665317124,2.9761777343632105,8.226658251122068,9.710511170496122,8.150582194896904,2.999093417770089,5.6707229262007255,5.83296535153072,0.3987873082076574,0.34688256245451765,0.5880144237649143,0.8175658876671501,0.443615194752892,0.522328168785087,1.0499590866892918,0.14263156573873056,0.4513075052042557,0.08220531999535526,0.5517083780513677,0.3370174833394298
8900.0,71.01889,6.189792307387596,6.267881528041208,12.610396,5.0529172503559385,5.137796689868909,4.3810754,84.44414072032775,77.47459416279948,74.00929623159531,80.83637155354613,85.23395063117293,82.43988784408289,63.080073877183274,68.82577783884882,83.20824880246217,86.38443480466627,88.29350855753258,73.01981227520766,7.623690309991566,4.849701554116015,6.489094010700305,6.418758114420958,7.237558748504747,6.115531828358136,6.277165056310705,6.36465087218448,9.62550686753679,9.048865018133531,10.322390774825099,11.159931694619146,11.256947,0.3377408595953283,0.3803328039940246,12.271622,0.30724047141787864,0.3496812494355941,2.6775794,4.247954787945205,8.366028934359427,7.919569441574818,7.620621925292281,4.152770609410243,7.4446508893602,2.314117959664426,2.5483602266165275,1.7193447329207796,1.0594010204519975,1.9249093290417707,2.2174444624668683,0.441168536748343,0.332362815191115,0.1444530249771714,0.41298241126715335,0.2738028500956142,0.38151633828523385,0.881140131951157,0.32767056567753916,0.18111095198334576,0.07564953196699352,0.34203600293272374,0.3119138115757093
9000.0,76.936745,6.343963720303674,6.522913225655832,20.957315,5.292405288462489,5.4356450661791875,6.877205,82.40281283350048,82.87618747933057,83.11594012856578,86.7060629732977,79.78738853683929,74.14536547733343,71.94730418704852,78.20286341602936,80.64041655669162,78.72147324881855,82.79290116245056,80.27114040235837,7.186608250879705,4.401516182857165,6.524642369333217,6.417458219259451,7.477273175778663,6.6101822130520915,6.2475441926959725,6.521205919640583,9.77429817931134,9.208791024188859,10.46117956369858,11.273545935651248,11.2967205,0.18613473955122342,0.14162471168102078,17.456572,0.4753160918796533,0.4687020215394033,6.893789,6.827280100032629,2.893697840269136,5.859743019187004,2.064004654069421,3.7763248732698598,5.054067654785396,9.789808464677463,11.057942653948919,1.1806100862047528,9.128130372112823,3.4187163602190376,7.155985949522711,0.3254344764299991,0.28500462547110855,0.15079957961011614,0.20795212890307663,0.1148729261531141,0.18108768802322978,0.9259852975486401,0.07022514147944314,0.5434286344074668,0.31722409236144966,0.3743744493580008,0.4939162590379179
9100.0,72.066864,6.100093519797045,6.250005391737882,20.665436,5.157688895640319,5.270511306503473,9.527486,82.60376670090383,81.23603937355252,79.53201230789364,84.41192367852331,82.81941349693257,76.76473995686801,68.72464840207495,76.38446061318146,86.87224108925763,81.9291465231694,89.00300177764575,75.38463976071694,7.280060130666576,4.6303743134946735,6.5053643600704545,6.657783600410884,7.307043920859971,6.421045750696301,6.499530548004578,6.604009635916927,9.549538420665574,8.93075029412779,10.279379785179538,10.906380133076889,7.911429,0.5710229860215907,0.6207497082302372,15.129603,0.17872004049290974,0.20975900829358254,2.653195,5.41672362414995,7.31080464594749,8.517112866161963,4.640915210862036,5.834072712990378,6.631223245841828,1.257736381705709,4.4669715810102115,2.1752263729111285,1.935762722511346,0.8443843609137877,1.0327342116539449,0.47900067398484886,0.4596907796357193,0.24703848612717713,0.4651191118912223,0.2232065092526437,0.4053671404204553,0.3526607966081702,0.37917158304621573,0.4426802798878971,0.21178090629062576,0.8038217902450547,0.3939411287085243
9200.0,80.64588,6.317988418595604,6.440344323273025,26.332848,5.209425115201972,5.275190801660717,7.4425964,81.82365572823295,84.10880042968613,81.5202197356341,82.0956641509572,81.82194702945112,75.86291018557459,64.18784257873051,68.99449519926306,73.83833435491402,78.00276794705773,79.17167607542953,74.03431586854289,7.189428274117944,4.626944627278622,6.282528266072085,6.408895220958384,7.837026585227881,6.760766756654708,6.354164622777913,6.428954639431047,9.546253233922611,9.338122861150472,10.417663126255778,10.939643721325561,1.939148,0.3834599295247626,0.29409594706305975,1.3908525,0.1602754046949119,0.1079507339842832,4.8753877,6.60721953803506,3.875251688834711,7.148998111605419,1.8549891544903259,10.603490852988273,9.883464758306845,15.399655806121965,18.43432856971712,7.296852156803601,9.539118910282674,8.5481104758378,14.675454271722746,0.07097777556534306,0.1852373225995559,0.26282064203185534,0.5736757177170243,0.2521723145228352,0.4127594768915479,0.5637922047155586,0.18022231021390375,0.2131939550563007,0.2864783382308141,0.2903846354201129,0.2723626206731384
9300.0,81.59188,6.70688080263156,6.834093723860391,28.741747,5.154693135062813,5.255033145947029,7.2784295,80.65284547353413,82.61677580619299,79.74971942412162,84.34130472964266,85.03375404566093,80.49705985303164,68.40574755012986,71.43047087556971,76.50757572948127,80.59440454832337,80.87230699509935,76.93254697055953,7.311898019639906,4.629338418945175,6.409901603818405,6.437879934283572,7.539353290669321,6.808080968995864,6.425355171572433,6.559164973071188,9.793213654063818,9.205535095027,10.432752489789946,11.381022684603957,5.157687,0.5240616752801082,0.6188012821511116,22.453335,0.31821387184377936,0.3002358496441844,4.393163,3.306082623614637,10.4972210487445,10.053114094824414,7.197308221774408,1.9909614905291009,6.0142584456752415,15.689350307565665,12.469273874171487,3.1557485146812474,12.633348591254093,7.993399562765057,12.41483706952713,0.3314965334274475,0.25259055788556545,0.43773308645712705,0.5437239253191529,0.3642853806867278,0.3791920179090347,0.8028438641554991,0.08282643165599358,0.4119987126427289,0.2612021655934958,0.34474983970517803,0.3997817008268301
9400.0,79.27578,6.585640359485993,6.6555449129263335,18.63164,4.898490267126234,5.051390204609658,4.408615,82.08630062866514,81.05839556210525,78.58314688103378,80.21690943256066,81.30777403026478,78.87131041796539,66.52562157243479,73.62377483922366,83.81428773644838,82.07606491660108,83.27881168939692,75.17297039118915,7.431282302634642,4.672993170995492,6.246000765923256,6.479421234540357,7.427876547733486,6.563936595253476,6.3184325447213,6.504934263264875,9.514541656245795,9.067318062138732,10.259888400419925,11.022526019086166,6.4386444,0.4958757744310221,0.4871790380766476,8.601005,0.07057848716305483,0.10604974720659863,4.53739,5.696465920661461,8.558886577700294,11.006037511768216,5.309158197006908,8.010412459231894,11.46258837561015,8.39889012539772,8.541205366711326,3.02677874710225,7.671636586479238,2.546407170071761,8.35979430871197,0.3063799516474359,0.28374414871005754,0.13499658071237794,0.39780867410590404,0.12640390047713207,0.29001839881714914,0.7587586470970986,0.21326762743620825,0.3370324269468183,0.2176558148015046,0.31167306673364426,0.18016293622948
9500.0,75.570335,6.612573075238912,6.806999804665616,25.65444,5.4084583177339285,5.5132212211363125,9.839007,79.55222773971808,79.76324554050579,79.29760834557105,83.18617111121242,81.33053476039278,74.74278933267409,61.106980340369425,65.02187928603689,78.17387761725026,88.28223254593532,85.31956619911041,71.66571316509184,7.359606642327208,4.572364718616544,6.4450317556282215,6.445969402400929,7.560399855631826,6.363028587000102,6.3537232106872485,6.387351697649169,9.922982071916971,9.198352574862588,10.625394071785811,11.308989383200576,1.5175167,0.34918936610469775,0.46077257235788655,24.59241,0.4320138845592401,0.4715889135145065,6.9034276,10.891228970060427,2.3896150108148064,3.4488735257345176,3.040788465046428,6.652306002600299,7.417035609052835,1.9195133408359302,2.3642622065410133,1.7501752234649501,1.50036278887163,4.0054515414650105,5.187595759571709,0.3891132104266125,0.0830504980364157,0.24208381382258481,0.13927921245881134,0.16498260440495974,0.2679133541273347,0.5673440709238223,0.34674912142498593,0.27804965548711086,0.24172230664487945,0.6594139958805284,0.20023735382614335
9600.0,77.53742,5.760479139667481,5.984336009195199,27.661276,5.278257852140232,5.285282248768382,6.719742,76.50231771608604,84.1973112138383,83.65849556645054,83.84679724767784,75.77307870542374,69.03634447154009,56.95306199053729,63.79385976238421,77.17485034323083,85.53615340719738,79.39053583530618,64.26504698064342,7.334029287314986,4.690034463880244,6.519817927742898,6.772456411779331,7.4690833755343,6.822532493221334,7.030824016568908,6.875951507579413,9.562712597304857,8.992438788165527,10.063760918970049,10.857695431325466,4.871999,0.09718579623235424,0.15300509965113918,16.36556,0.21856653820260896,0.30690384220742317,5.7957006,8.067158967526193,4.321927633905983,5.220178614287046,2.4809696205065745,6.418438950727291,7.008254294187105,6.335518990307502,8.418998056831335,7.702729380037317,5.54751263006725,5.112235915121039,5.0578932525102065,0.2052873478959263,0.31346345315230767,0.2800463247305436,0.3010968245737383,0.6369610705811928,0.220343110040328,0.32046318746044383,0.5364096210971931,0.6369543756592334,0.32290563487442914,0.1556338487188548,0.4968802290476493
9700.0,72.48604,6.236462500319657,6.422908913935895,20.836315,5.206041291178383,5.317842896905673,7.022934,76.50508149453745,85.28047973026429,85.39480488696137,84.4424105246336,73.74065640987686,68.14012407112715,66.53660800172537,72.83340536626572,83.55302982879383,81.88780457350344,84.67409686674938,74.83287140131226,7.346773095887188,4.590599092854856,6.443433968709948,6.367754202322199,7.446084981824882,6.627044643741885,6.748990530035592,6.72101835098253,9.43469805063841,9.084085604458261,10.515277617360518,11.136663561768131,5.7142963,0.18329343161671646,0.1488749236270091,8.509224,0.2634129649738703,0.2513389039647946,2.2300496,6.337113612792974,2.2470496183009137,1.7153618594611069,4.328136915131901,4.492276056540637,5.425728851465712,8.408846568093246,10.303271849629173,6.946524163488196,4.543755009027226,4.423179692084616,6.997612728525386,0.3939849135215889,0.06681142836538885,0.11751807083400494,0.2932331471310445,0.5080592348332392,0.5681209935065158,1.2735356115046348,0.4143994158216791,0.17371347849293706,0.08975650896791705,0.33918018176546727,0.13274984982429314
9800.0,72.31587,5.910663706381172,6.0828537132051705,18.689665,5.086418970432848,5.131976228510957,3.8217518,80.13775836553991,84.49082820447408,83.45442861386762,86.06303665447173,77.29600901362319,71.65279493806487,62.876163545888375,69.12413166753969,78.45957727118333,81.64926450585705,79.8674197215458,70.55343840458293,7.389814702518095,4.723921918703964,6.435713842752171,6.3843272210478945,7.531654689600605,6.662708362779919,6.895694099984742,6.659168124346141,9.286295966737194,9.005624865370205,10.004306598191812,11.118207485398292,6.852776,0.06667143295716502,0.09395430419521725,14.851548,0.31054801183762054,0.3015259721320232,2.2520926,5.911337748895578,2.7998255826180065,4.717646995760572,2.590426960397623,5.024074923422244,4.9132237225328295,10.46135247915568,12.367186705135444,7.351816046184658,7.369960041726098,1.5717908895084514,10.279237512314646,0.12218868204886553,0.08915602601905849,0.3313676457695869,0.26270472556274793,0.15082163834023407,0.14574470918412002,0.7623612508401711,0.21356318620781106,0.17305901543903948,0.4354452928297583,0.23568771495515786,0.24991527555808232
9900.0,79.20731,6.417101572506726,6.581582316409722,25.289337,5.229195710889745,5.298952154864602,10.012578,83.63070642005349,79.27943727579095,79.07877082338646,83.3313737864672,83.3338495650462,78.03572582693964,57.66136150131401,63.92783142217588,77.8766720028017,87.04607212535628,81.5101409578895,66.20810425435616,7.3521968818017385,4.58928091392552,6.592301794359806,6.672522367223983,6.988976470730669,6.410234613221484,6.339085456045417,6.835064042327581,9.823771025324303,8.809839355992137,10.566705002389355,11.19225151170138,4.084647,0.2301044841898995,0.36776891833987285,27.317915,0.41942656753571517,0.4304745676827034,1.5668789,8.259969696647849,3.955931494644986,7.7299704454057325,3.5778769112016353,6.282453160911308,5.942643957214796,3.542093153737724,4.109630797908477,2.627927553386858,2.8063915294414596,3.6483682973249167,3.4973665099060898,0.1474745559135367,0.22799246758437564,0.012286673711980467,0.2911252346565915,0.13063251637526924,0.32003531104906824,0.39125217927810785,0.38185674691291444,0.2084070618252118,0.3027151476825952,0.40571089306046326,0.09253467057671819
10000.0,80.4038,6.170335616002748,6.311275289278163,28.94119,5.014924065039646,5.095310956724453,9.06709,81.23751988801645,86.79066714086719,83.7198025213587,84.90494370025414,79.90200939643553,73.84728030693981,57.734127817288375,64.81134174906765,79.18098901254832,86.9771577672794,83.41577680367679,66.99633450544208,7.36016929970572,4.897265792165082,6.7502681858634475,6.700029947632863,7.11863332082996,6.538779954474467,6.20022432596181,6.788385023134968,9.761327697947793,8.849620859964451,10.34537621585229,11.103214299902262,2.386765,0.45981233605180843,0.5088976497306754,12.344316,0.16836511019835004,0.15249064302425122,8.073192,3.9869359595604243,4.410363444246537,6.227472780850708,4.338612394105596,8.10892436683471,6.185785737711342,4.537131350357116,3.801589491914322,3.29115407432605,1.1788400018024277,3.0937886205569796,3.6001550847271564,0.27343025721998043,0.27638864987270917,0.4322582762252103,0.5025932760125166,0.2929665596207017,0.4127657561471028,0.5500279146331621,0.2371253566060878,0.04333481363533348,0.25864324424524965,0.5144915675028794,0.29204259711281655
10100.0,79.44651,6.311624837258857,6.3855079816692175,19.01858,5.101614216673431,5.238773763572051,6.657135,75.46897378227526,78.651419047567,78.45723049784834,75.90569641037438,72.00858811594948,68.13782417471687,63.92137966359616,71.02179999761007,83.73720173023366,85.82752227493421,85.36483958812289,72.10624350152213,7.27906936340937,4.597895293799335,6.28204443890527,6.3708057771548425,7.325583652924664,6.595561250096513,6.495698346878162,6.459144516624261,9.65543941623997,9.266717541113161,10.449276769245534,11.030474714981716,2.7969482,0.14112127464109614,0.29624703619023784,16.901436,0.06807548838029004,0.05725078870882068,3.824486,10.675536469718233,5.672860016171386,8.265791338448356,9.234544419193995,16.694497706391605,15.045951605091298,5.189602112145892,6.454701085173493,3.52803180075629,5.635463294908563,1.4705575358278133,4.409386624125578,0.30822015612666287,0.08559291345133348,0.2290187359048378,0.2748201671310471,0.3071676025971974,0.39158239677557155,0.47130751638382584,0.13360286032864557,0.17278268783167544,0.07949772422591912,0.21477436623327373,0.19332916989943313
10200.0,75.10992,6.124803629134003,6.258628548982659,18.349844,5.056365257519523,5.131866763287867,5.436991,83.42065322131545,83.43000624710675,80.87758630167923,84.7671639738691,81.56176454377025,75.65545842928212,60.55279345243116,67.95871408458919,82.55958306028721,83.28825220630705,83.8684941898113,69.03308201629298,7.339527603566921,4.676617474373167,6.4122248754883495,6.529193794076402,7.42586326149782,6.508165415842419,6.346079213065583,6.669891365647557,9.617397732645086,8.932597223683837,10.469231326832377,11.111586346198528,3.0485384,0.29726128269279994,0.3070512344401365,10.003242,0.12046932197331826,0.19736820247541,4.9217963,4.439056794896894,5.111474976275108,5.2942264379695745,1.2487661809964665,5.224625249801432,3.91532104062379,8.662038479681868,7.901829930408114,8.30448584413169,1.4734478257035266,7.268770459826785,8.979975703657251,0.1645445053718793,0.054806148476678404,0.2553611767125641,0.15443317586417069,0.22411707842705242,0.1095022653763127,0.1856703763525506,0.12582274274418234,0.31817924698854994,0.31605483604780565,0.0556601200706531,0.6863339892762447
10300.0,74.661385,6.009177515882354,6.187707169702326,20.286911,5.278191779166495,5.292336864530011,5.6851907,81.15148603667988,85.67774101925342,83.42500448064344,86.81638276323072,77.77704824553713,72.26570079707722,60.63115663133909,65.2075080161963,78.82190685086114,86.82016726739062,84.43428571238276,69.84612679137591,7.198662703927321,4.6072269254859295,6.43798483489527,6.350487371703127,7.649104443899955,6.515227491085483,6.674279910882672,6.679517363584665,9.766329472282484,8.983631716496395,10.071505993170431,10.870004335401385,4.9246454,0.21988765052271794,0.25865205833702654,6.0179963,0.1421110823414283,0.16517455195267525,2.2264366,3.1064276152232275,3.759582700098811,4.901184808552577,3.093839714002729,3.8451724558457396,3.3998148251430202,4.543386552175906,3.602484312281655,3.349657327635577,0.2508605324668534,4.461252978950926,4.6177641986905,0.1791256518420482,0.33916676680855873,0.24935950126838102,0.31314805742443136,0.23872681804803483,0.19628030708431604,0.5415289682522159,0.047920305493528235,0.2988332831013479,0.09405329573290777,0.326855023298522,0.46137788677464564
10400.0,79.50361,6.057750719275762,6.25557904021587,22.532684,5.481697670460462,5.547103607064926,8.554378,75.99195697921027,87.51994897643429,87.76340751170142,82.89415712285987,71.87367880504668,66.783293805232,61.53507944403143,68.37817862520097,81.86232780997467,82.63395987354572,80.99501807011661,69.23084212679414,7.076301694757458,4.689859435486291,6.041617717932962,6.443419607467773,7.86108523003617,6.996881189422599,6.912035076950989,6.848412361955735,9.528690251236467,9.304993913141141,10.03601263429748,10.632506972605924,6.1556196,0.1498380661027268,0.1466890868073221,6.999223,0.6411253007103287,0.6148432403425781,8.539826,2.06410489196819,0.16159263509636498,2.397628404474328,3.9830929970804267,3.7950214976711183,2.9878517257249313,7.574603281600951,6.594059952839983,7.639784090029254,4.667193873317755,7.368257495930772,9.43342850139526,0.30474701582629576,0.24841526473488357,0.3363999577781676,0.7794288404368998,0.6486557541186264,0.6598101092983611,1.0365995735630562,0.4047145743949512,0.5330728592962677,0.4640238975203941,0.3449248620351018,0.5121963337242479
10500.0,75.71676,6.481494412571567,6.532344656294716,13.288548,5.244018480526945,5.367805884116424,5.956022,85.70632410043508,78.56753879967842,75.68954918667295,82.26630315174668,82.76032918957344,81.58508760871287,69.77506450199702,74.90778917120637,81.66360104429803,78.11722166732027,79.718635917187,79.08209352263323,7.424836166477907,4.734502941458654,6.378950130976509,6.442016536542446,7.549265348182914,6.5478318707967444,6.365682230273748,6.51223485996303,9.835444718217062,9.239820492714973,10.179833414577946,11.178007364139233,4.032519,0.28021867192737826,0.28805749986462664,6.222264,0.13507767555785002,0.14194330615773787,5.6217914,3.239264588718876,6.245752811240153,7.491230729320157,8.081986049854885,3.0274857102049246,7.323787893076141,10.564659066045268,11.492101170203188,5.275461564855079,6.6962568634771955,1.4037121986977956,10.427094428570898,0.23780825568542033,0.2752443771894828,0.23525648442378283,0.39903459564344035,0.15487185262765518,0.30065825045790867,0.4433204492397029,0.10899121468171706,0.5413203764041212,0.5120409380881142,0.36260756243915643,0.3137819029389792
10600.0,72.52788,5.996305722520664,6.1033807734864745,14.205658,5.167921924217761,5.192525295590449,4.3716483,80.92507944487384,81.49310327051738,80.19398727505468,82.62498098728382,79.86878215857764,74.15867727067292,63.69640849703486,70.03543067533019,84.26526826933836,85.18211119655504,84.7032008697742,71.08176882380293,7.460529325925299,4.763843146028628,6.631241882699091,6.665384544499982,7.397859029499809,6.404951969143611,6.313568771068482,6.698702480719089,9.47936237992084,9.111749215666988,9.962022833692428,11.002896920945304,4.697553,0.2580205869724231,0.26614071986025006,6.744229,0.2488653470001881,0.1147407477097883,4.4162307,8.826876610495297,5.399696831145343,7.8161387255041594,1.2243223983925355,8.890852120970504,9.160935059554975,3.571335821985894,4.228690181225157,5.014221763082216,3.2062360654125825,3.8878450601290635,4.449570291531679,0.14616060423635233,0.12313184693539364,0.3646873418903378,0.27114745991205014,0.3320674232438211,0.17857691126816874,0.4633240923900404,0.10433340297226548,0.31878719026581476,0.47572790837485474,0.7763117712905274,0.5019731667135916
10700.0,73.04571,6.54033752200148,6.667215032785034,27.50493,5.116647479834222,5.231766221713392,4.1702523,80.82687696946702,76.44167591404546,74.09103293300103,76.32556040734934,79.73482253610308,77.79488897720717,72.88445508408797,78.90360146459018,81.00564835733306,77.12661559521744,82.02792396938507,81.23506059402905,7.442531384102664,4.679950609849889,6.508192040812028,6.353856755982123,7.046525369948675,6.18053077617278,5.936123874556884,6.614034520468205,9.890771356362302,9.05099072678656,10.392099551345714,11.469757395788577,0.9235308,0.30911665324992044,0.373047229975793,24.2634,0.24572251133264308,0.27815968294513244,1.7665132,14.692272493150908,1.628302495865465,4.329248155218333,2.7787641852406995,11.039064798807187,15.363232235051846,8.59549999356461,10.845705127852451,3.2924631793052406,9.082425404768507,6.583581620358742,6.880636731410947,0.22280455645057465,0.15254436884652806,0.22525394757294798,0.01878128128509766,0.20806804166903667,0.33965148881608087,0.2445479393269265,0.3635310910013141,0.13444866800441801,0.4822343678338963,0.7730562210418116,0.12839262709764399
10800.0,75.83991,6.173291667947009,6.2720453316200775,12.736056,5.068121139205105,5.17684684258857,8.119278,83.95295036845448,81.70176630032914,77.34185970389457,84.06623523292443,82.7208045994533,78.3585190735065,60.98798362966687,66.07307542978441,81.09175688246103,86.55266352785146,85.81952181621459,71.1573567825695,7.340329381709748,4.641978821866496,6.584888197643173,6.548338013088767,7.548856424696549,6.367663251026628,6.141445139915125,6.636709491469123,9.680075333539031,9.114921263974862,10.227615348190271,11.105792158604968,9.971506,0.4736465709998369,0.40193801940561874,8.887757,0.1826427797897664,0.21267396611857042,5.102219,7.780750043416172,7.086345735383697,6.326598130057874,6.9825997186568465,4.037543695105457,8.454588961194498,3.3647940900197795,5.352102299243378,6.13143165432819,2.027751022821107,3.36284813245637,3.112155152622231,0.23274694900880658,0.20611262347228024,0.21746666197984235,0.6256438939826426,0.20510721811054103,0.16404266489951877,0.1949584945236189,0.41081134225527804,0.44459371017829946,0.09108342171878163,0.91805656926016,0.5062189341781191
10900.0,77.01057,6.6324825724459435,6.770459364969498,26.088633,5.119040826962241,5.2971206739045735,5.5900826,80.1326226813435,82.17032487477549,80.44655451658305,84.81931602318505,84.53885529378331,79.55755637743054,68.72247375894223,77.02345342534439,88.55717069126315,80.14233698423435,88.00738524466941,76.38160820015126,7.016465307864657,4.362807076818627,6.2048683492639185,6.2058762154659055,7.707752513512929,6.645166116638091,6.4177353333903016,6.622657454185742,9.812245073269837,9.186529857754072,10.467210529444639,10.953126528787699,3.385558,0.5872750844689513,0.6458481830131225,21.701872,0.12560853858533366,0.13741426321854214,2.0278766,2.841835608644995,10.972659989561286,10.203419160958248,6.502960934204281,4.263682133099702,6.748231614361959,2.076793887239733,2.633730452117518,2.197270667123295,1.5489007072981416,1.6618921158544657,1.8845918249236877,0.15646017196539536,0.13405169355255014,0.230683207169955,0.4150979741859929,0.5847969406080588,0.3196558604508145,0.3534149535304522,0.2541198758300233,0.19092074575659826,0.44332355672547735,0.5855059172512216,0.07819758431386498
11000.0,79.415375,6.436234859839307,6.514604314274746,15.9129715,5.098484037062476,5.121442386992711,10.679118,83.70878877711095,80.90720270679466,79.42130494824008,82.34115485827287,78.94449616438631,78.60395424065787,53.8387356276894,60.168903290308045,74.56813360707208,83.97371204170885,78.51214023114466,63.104750982341756,7.434526622314311,4.6560494058248105,6.473991612361115,6.3896604447693095,7.472980196827255,6.456035617990712,6.153957205555621,6.823353904805908,9.929008473758483,8.870439328491159,10.42179226259262,11.091908265362271,7.8659177,0.11334375557887906,0.20866169452939856,4.938164,0.07228892978220494,0.08721610243398553,5.0438046,0.6503607160039128,7.547657428028613,10.0960547114322,7.769297301896882,4.9978250712287995,9.382740007574474,3.303747921490416,5.382436043613334,6.55165080968828,5.134122835776642,3.0712660078593226,1.8855096569256908,0.29876259717381987,0.29196942972516654,0.2256210907942817,0.01098322180641849,0.2955592440741832,0.28010803993706923,0.42997999428422673,0.24520880003531972,0.25252334452826,0.4571054360832023,0.526073679672089,0.4880646525077446
11100.0,72.60226,6.2229909562283225,6.258187667204774,14.929794,5.023823524949939,5.037830863101075,5.7257156,81.59935928507622,76.59855791982461,73.60597011567144,78.45962963453297,81.87648376916206,82.48158373103446,60.81491417067816,67.81961943140185,77.82256845540809,80.24755466596297,83.01545775417581,67.93800212703316,7.118861603558844,4.712636600124839,6.734348982931562,6.687740090701436,7.162809316390649,6.617780942577383,6.511515074509553,7.0811860313899295,9.662446527698357,8.965315652740937,9.994604504410328,10.827970547921744,5.3312488,0.4965467552601884,0.404637558962114,10.827889,0.2822188934511973,0.19404804747643448,0.42227176,2.8610040322211363,10.541639833193384,10.468560567271094,7.286688850194583,5.842073914352786,11.287152169768323,11.00511573040073,13.48487393441724,9.831863481962936,5.819608902678829,10.645561615666892,10.654861040262672,0.22933181949377243,0.05353792841129898,0.14884734048550202,0.14152696317473115,0.043552806621150866,0.14659533145339063,0.34125258407871095,0.17801412298316974,0.2762661830867361,0.2866077823419233,0.7673992019123389,0.21093511852009322
11200.0,73.84812,6.112976723627355,6.139151142563072,9.1185255,5.2853037614341005,5.272379234404963,6.5487366,85.32745955666842,75.56431447173135,73.86860087537396,81.99178328745262,84.30130155905128,82.12688848202662,56.944481885399796,62.66448330002402,76.40792210931463,85.10815195723806,80.1889933108642,65.41246883593105,7.443738277047733,4.712527755329067,6.442991347984484,6.6593468158416895,7.352903286720699,6.365822705398775,6.107129906172529,6.732438173660268,9.830367950563465,8.935472811542292,10.110559244445643,10.722354199950447,8.985284,0.34932690844063197,0.43685499582007065,3.9933436,0.2683230009194541,0.36910039630455016,7.7047772,2.1602205582779006,6.302322203344309,7.2538360893294795,7.35417073873383,4.357500751937572,6.06086922977762,4.539227066602396,3.609764257386302,4.071260395174974,4.006580065407884,5.730485222791289,5.144648640864986,0.21270382483623268,0.1664311462802364,0.09438628602665755,0.2005506491970822,0.3218801580722797,0.14610918314767396,0.19163627132065858,0.283036937825596,0.10706273504146213,0.3574183893622602,0.6933073910354721,0.12689993594593557
11300.0,74.984184,6.303609933019003,6.338426908720738,15.755708,5.1618268183702165,5.22603090344714,3.249812,83.19008682800376,77.6663350008621,74.47357915673014,80.8603047874849,83.23526432998908,81.13098834376096,62.93664738748189,68.66287675807611,82.79787343025545,87.16730173439846,87.44308277128845,72.41692033207887,7.373262768292707,4.648876274997468,6.571713964393429,6.620868465176358,7.405711717737421,6.309775905734917,6.065570257154146,6.8421658770382265,9.937581055843857,8.9122469630366,10.34002129329447,11.215966746219578,0.5420854,0.022235830219625264,0.17714908306558308,17.511553,0.23605650459781163,0.15278382920535585,3.5502079,4.1836848185140125,9.848702452871265,9.183821044810408,8.563366694832844,2.7031356391473738,4.336492281296057,0.6694902386006613,2.4307766495161225,3.4944607893723125,3.162500585706751,1.982392637992593,0.6461889719407332,0.11440367882410388,0.17303927722289977,0.3016398073808263,0.5248952996135964,0.3030860030652786,0.28255400267204556,0.19160794346961935,0.22744795783207705,0.28092608427170634,0.25011629424875764,0.6497806980961671,0.08606480822584982
11400.0,75.552986,6.115900724758691,6.109587986172003,18.171679,5.032871073897904,5.091756646331277,7.492045,87.4474010829555,76.0115514658247,73.21787657028601,80.17718393416665,82.70264206518164,84.68307699715167,63.77517406717835,69.16924053887993,83.47782624567871,84.04768921570884,84.81522238601008,72.71918716591482,7.374101551059444,4.672917670576819,6.493389857978184,6.469036614088654,7.445632048642053,6.646032740574299,6.166035456659156,6.661284914309484,9.504104283014128,9.071146991426694,10.198275508913659,11.025971759912707,12.562587,0.38453012867655434,0.2358961768057586,15.121693,0.15689857122671216,0.09982897379187237,6.62561,1.1620376933046097,2.8339792213281267,5.7163059958959295,8.589833383284288,3.4360339463370297,6.901634903914206,4.875141452283816,6.23726711011453,6.747363147694691,1.091840242170607,5.294762408153354,6.62172365466939,0.23315730411559604,0.20485536289658546,0.27570729590456855,0.3240764688700547,0.3726129625674284,0.40812371441376677,0.05385120590812454,0.19490879507741363,0.2143240421148022,0.28965859759678253,0.6289168907741962,0.09249876554815528
11500.0,75.55096,6.039008318185829,6.13081089515201,11.797752,5.093496992154967,5.103815871063342,3.5505269,86.21273040787212,74.18611631086917,71.3345260555726,79.89949857937148,85.45894440273038,83.74074533707322,58.53860205557356,63.70612247170279,77.7078137424049,83.95485130648865,82.13228185236217,67.82459537560469,7.47171451868735,4.857498459906304,6.576310554241797,6.630604729535709,7.325640254513046,6.474359255236034,6.210388524225355,6.959756932967109,9.4700196892933,9.095112971342887,9.929201127288342,10.656790595509124,1.8395821,0.5886239576788175,0.5258954059692169,0.66537976,0.09272708941818925,0.1276549022205127,2.3647614,1.667381032091356,5.885781147848821,7.612714346440985,7.590110942740438,3.4128636967645636,4.802269303649735,6.237746015868233,9.593401261401217,10.869912837754704,6.230412639947995,6.710464481907732,5.441353721205458,0.21052049386699642,0.2595100725448359,0.16380407307356445,0.3607521041513131,0.10050672013837925,0.17062410370528042,0.38313051701315376,0.2671774257184741,0.31480659484736645,0.46736739478631406,0.7521035840348097,0.37391709392598715
11600.0,79.72923,6.391646498126895,6.482486166529266,18.57808,5.008740120109993,5.158781674346581,11.570325,83.06026741148266,81.49448721436657,80.7034413739628,85.25756513460298,82.13798772851963,78.12211318652938,62.853656195789455,69.3818243682302,84.06967409683011,85.56459331581009,87.74485828294792,72.35426063493202,6.922764988019448,4.325382300423742,6.334753107473709,6.553527059840374,7.436345701342912,6.382953493108776,6.28485701854597,6.900220347011658,9.773308594590377,9.205083793820975,10.301221402493574,11.16594998449915,8.0885515,0.15404321007869193,0.1482288863841179,16.044989,0.10909557930459265,0.0964587040625764,5.445973,1.580330293214962,7.594195775319052,5.620623614182957,1.378109235456521,6.456814393096971,6.593673121990467,3.27751635987194,4.712276577209901,4.709951220145326,2.7408265559572245,2.4996975838448043,2.026865481580409,0.25081291624060453,0.1264833547974671,0.21371151892870383,0.1627649275147535,0.2526453912712362,0.38319153855228577,0.09459178141331584,0.3538360550160726,0.45777286145866275,0.22764320153284517,0.2848846607717461,0.20048880083642365
11700.0,76.47869,6.2713213121861004,6.466781819450248,21.183975,5.235916317536534,5.3389168681612205,6.8746924,77.5583549469903,82.18770597228355,82.21785601292616,81.38241342090738,74.02425449982523,69.09785210717979,64.78762697877845,70.67231690721647,83.4782961559459,86.03870835347368,87.76217731402987,73.49983468224741,6.8785501006347145,4.332654116988305,6.347070205641773,6.483472076549918,7.366722883981374,6.536074003319551,6.187956166825935,6.766977382170122,9.779671833894824,9.410604721996053,10.289009516291772,11.131124306106395,4.1489472,0.3268091848001634,0.35162505603005256,19.19911,0.24094768350754736,0.2203865015092369,4.1717815,10.101494633438564,5.107231623403459,5.108385149917881,5.149276067072384,8.864390627391886,9.270603721910971,3.8397370910747948,5.834519667957654,4.464929468661225,4.940997245956561,1.1917393870747042,1.9912676448594961,0.30392966896926193,0.3001421153373444,0.29976939042694445,0.5665125469139856,0.34330980075031486,0.44228580948701807,0.3136831977204964,0.3704161108637616,0.56497777407257,0.32583669361779133,0.5858503670042525,0.32149281782529177
11800.0,78.20037,6.218555697778849,6.3059715899973625,13.737477,5.02247867117065,5.1699908040386475,7.027092,81.44705517178994,80.55142801722677,79.25619922405797,81.20135187536494,76.15949837216986,72.28498155658603,69.67928520410082,76.94522014397695,83.37445385759973,79.53012312593772,81.69330959157533,77.07715020277722,7.136794948805535,4.686784717644973,6.600135022106817,6.76357693309578,7.708325043155921,6.565452215788511,5.931042382449348,6.954405700712065,9.612330277374793,9.226737640692575,10.404046822744391,10.9033620894472,5.3473125,0.24806938979170612,0.2875700116903787,1.915749,0.21080280684982955,0.16126363784942027,7.095307,9.141654787137881,4.681115521316384,4.922785868121898,8.408593046092825,12.780656433858182,11.362520864063281,10.225561696504903,9.897454536767471,5.772952867794272,11.416840054357992,7.623699707006498,11.047120639049004,0.03920536352971344,0.24152949629738907,0.3498864078201801,0.10936638754110303,0.22175775151369817,0.03786478017241104,0.11006128683413967,0.12208638027372962,0.32730868782079037,0.26996918899447875,0.14471659948055723,0.614590400303382
11900.0,74.8372,6.301454002106252,6.4038724926986745,9.962491,5.020799157115537,5.143097146349592,5.0373178,85.7116555225568,80.11200637276134,76.99020482307063,83.27170091988258,84.62626696470973,79.09874126101936,65.80618964185393,72.47935154236355,81.69507731804788,82.7773240845142,85.84609001452543,74.45955900114375,7.260870608482894,4.507879385674583,6.373683940176334,6.352639978772204,7.453935307605377,6.343214086540665,6.059301160878467,6.773625720284326,9.679144155537479,9.12051375996277,10.122486541290789,11.17321492302978,4.6622467,0.3508592527244383,0.2996941236090545,7.596011,0.23450798348250304,0.13441010691910457,4.5137057,5.929388022750731,6.101392860603503,5.8768927124724595,4.731839449924401,7.078991655975925,7.257754821852036,6.414552353324357,9.049240408929041,2.720455166668938,7.158685926312467,3.1605328499962217,5.0220987819272604,0.24953451511234956,0.04239690035610835,0.17695995672178885,0.05649429562373516,0.17422553985793318,0.4135132678567697,0.4130473159615327,0.15340739595775377,0.32333829781583723,0.1427071311058823,0.5317388361496841,0.443418209920955
12000.0,71.818756,6.131455742876721,6.289973002789452,16.085146,5.089205969857344,5.158094299469101,6.3549066,82.32284559728154,84.4291742552328,82.42558499424449,85.85690727585258,78.83279458427552,73.52883657705894,62.22421675719351,67.66375991255636,82.0928811045463,85.49998388484948,85.71374625704188,71.42548669105004,7.310581328526112,4.611686069653776,6.519762147349567,6.626822588788625,7.479579475868282,6.425960702528228,6.137593809019388,6.727545273348281,9.571446976726499,9.1458841908953,10.321805830887037,10.791317413309562,1.2787411,0.1567733361049876,0.18106152810094206,7.0563464,0.19734744408760327,0.15996126641387154,3.7051828,5.031031033254417,5.262866409799129,5.680828616079806,2.1111168121400157,5.535374672731703,5.3294554172254776,6.198128731327254,7.083688062755184,6.899191821516305,4.198263969156468,3.7136678834054875,4.4357514314961985,0.19890958261653582,0.29382093386771824,0.4556120837699084,0.15556624440979527,0.09108425959260377,0.181004753713481,0.5147071051930993,0.27117615787000204,0.3579044073188839,0.058763025108041655,0.6023936255916267,0.2191944183457013
12100.0,68.953766,5.993164534993503,6.1911123529613725,21.946325,5.109732051725848,5.1624767971778835,7.8846664,75.68653688942972,88.08870870780773,89.2814672782877,82.62797565415943,71.29201992118011,66.2331864820214,67.26905959930532,73.14150622449138,85.64443355110136,83.23416767734567,87.16972408947053,74.57322359893176,7.36389209261003,4.700234504248711,6.512972698653215,6.62139598032498,7.532655648309564,6.434469635560789,6.070803392563408,6.988555161587949,9.683132321037085,8.894062007843125,10.232844999591782,10.699399522404725,6.3536787,0.2458544108276175,0.2455454905098409,6.4380445,0.1189865744233909,0.04252049159093249,5.843328,2.2350333502035795,2.018860071647552,0.6890977151254273,1.8024737802937632,2.338204957514058,0.5730426772483218,3.7241941171022974,5.984344066864995,5.613018800867489,5.364712673574023,2.3236502052932075,3.1656500915969015,0.432829923639122,0.4009294808355483,0.36869152055722404,0.2011120146425644,0.3346065091200899,0.19698207069514978,0.28012999773265373,0.3885866585187015,0.094667972399016,0.13034761663812583,0.22492571333023237,0.11925794872615696
12200.0,73.60729,6.631587527712857,6.478676387727525,14.374866,5.2316677607361575,5.38094198889432,6.6274796,76.59996796750558,65.96712957130448,64.246979726938,71.35489741850976,80.6417558196456,83.50857323277955,68.35798923374477,73.25622188692266,82.01680443556916,80.40471780474223,83.56075706031551,78.06720965686759,7.234636351801941,4.501344134938281,6.359920859467533,6.461512431229944,7.331039137571781,6.396532883230538,6.1863620262152255,6.699018435568676,10.085435530914893,9.092255219263608,10.813993232874848,11.189732047921192,4.632719,0.32357448970691177,0.295246870659252,8.507622,0.16685417849231712,0.17134403668061662,6.121059,11.29831762102447,10.20872358032457,7.17541184196746,5.77048935948082,6.608155937737506,7.554411864573148,9.491418138791744,11.54817966580847,6.512381323605099,6.346618925747166,2.137695052831124,6.609974725312363,0.14202654635228856,0.2769927590233562,0.22695526005088326,0.17502299087451648,0.23688801669183968,0.2151123472018609,0.2577513597677152,0.3021046690585304,0.1937652845051117,0.10009852051036446,0.060693194134130955,0.23710654879869505
12300.0,76.822174,6.035121331995101,6.143023789440693,18.718264,4.9758883607984385,5.112407356076267,8.576671,83.70163048816487,80.76480292705854,78.56023706671128,81.91046433990896,81.5395861473947,78.28339946626417,65.22293216015612,70.69910467160275,84.5181377525536,84.34633543909477,85.4053860148767,74.78529245687581,7.314199774208348,4.708969646381561,6.551029180226142,6.953014876393688,7.309800174140751,6.545716278062571,6.1209331652925725,6.787068747943674,9.496788803973606,9.077533422482864,10.150740061933826,10.594950951985547,3.4693615,0.3931529849757362,0.2880188779091202,10.696488,0.019048567389905357,0.05419165882848775,6.5488863,5.25779370605474,7.759921042991759,7.3877120572604875,2.876883130838668,8.165197952084288,9.815369783787766,6.299520397761074,5.424060169636139,3.1618375430738164,6.372445119305789,2.4936202906456133,6.459893709003403,0.1746517914334549,0.295272904294754,0.27965622043788596,0.3076579356497354,0.1406730306765275,0.23127304318051617,0.653627918475072,0.42691023001961564,0.10515854606071084,0.2992027490965873,0.9415223105053464,0.07058704322589687
12400.0,72.483,6.331164146508691,6.3897338359410165,16.199442,4.999759751460367,5.134582358143402,11.573253,78.50557723591886,80.12743858314121,78.61959221991475,78.95195808124564,75.37569986919824,74.47034342975233,66.23738193561506,71.84300476182769,78.06401895337909,81.69085902429272,80.41765482953184,75.83521008959664,7.186615557727786,4.575846840480501,6.518567503777077,6.612861488736324,7.350376270861671,6.2921163705230585,6.1323917078733094,6.793205452199298,9.498707852958022,8.821615334132048,10.330260852137194,10.85382173290657,6.1155443,0.22171287980825807,0.222545263271234,6.645495,0.09547805971955688,0.038693933356850584,6.2962255,4.282859063514891,10.840123215272644,13.139694528944073,9.626646011380767,5.908193261166788,11.03887677106026,13.689763802870253,14.773755307466775,0.9805538778939723,12.437268575074558,5.739107159236777,12.190723305286191,0.041530688087216557,0.11696251434812877,0.25539283281117847,0.030156382774386602,0.20757905999689857,0.21343966209893667,0.3003531638996097,0.3122083158501252,0.07215869602836955,0.3024102926647087,0.2708545602589187,0.36269535180594487
12500.0,77.86355,6.476756213830506,6.518635708294471,20.804316,5.034989872071415,5.1860980902152995,10.857201,83.97442989222121,81.84048211397626,78.98172020128399,79.22996886794566,81.41046397266906,78.65095338634619,63.946389748868164,71.89607697902987,83.5143136921847,85.24955183100569,86.11645079193619,71.66064996799054,7.155154858033725,4.676869453973379,6.237471676612219,6.513127870522702,7.650925492008529,6.53137777645518,6.115973753281416,6.758329351159852,9.541076470145782,9.236480731189701,10.175654717729644,11.099763027110233,9.00924,1.0164897208898684,0.9355261607034473,12.088543,0.10392334270141379,0.11236459186854487,9.07349,7.3309609129630555,7.076480166154359,9.18769134291621,0.7166736375779317,11.461601489586,12.31733215784038,5.953689306290474,7.342983084423333,2.712616891174592,6.068100754778523,2.2154668134400777,2.920831631548286,0.2218666758649867,0.031065015195668583,0.09366499472070997,0.1664858301186954,0.3333329049385674,0.30128288078965987,0.14575200985188605,0.07312604742745835,0.16349302961752443,0.34791732608788656,0.7501183137768574,0.3620079435877729
12600.0,78.31199,6.352083151073221,6.373791978447474,15.663394,5.042519409380515,5.210703584347272,11.087212,83.87542423062582,79.59857868672913,75.0934413771816,77.50492979122635,80.34743579767883,81.19786663486349,67.01118333452233,72.35587056338589,85.92396743963229,83.14988085887343,85.92475065798995,77.45503571486249,7.216899306841699,4.602793580181471,6.538543489306598,6.804708678724598,7.517429931561928,6.601519431513093,5.940851153856904,6.67851503256342,9.648369984559304,9.26809148616135,10.158082624854023,11.175777136052863,6.1407924,0.6516466385957361,0.6645397419809869,17.402786,0.3643643604201031,0.3128869768575618,6.982359,2.977883063434578,8.750032631468759,11.782408881786328,8.660029012224118,6.431981636824271,9.338476807655566,7.151285540247064,5.6524734341364695,3.362226724068225,3.7825191107325535,3.152777596159522,5.7345617030463005,0.15913620225446692,0.2502504100770832,0.15810768506629586,0.15390305495183812,0.2299324859600993,0.15107640168779346,0.2798450399740454,0.2125322004258707,0.5006232809296107,0.24219116022009954,0.7203120081709629,0.3193604206714513
12700.0,78.60989,6.611183565150573,6.644086468147905,19.992529,5.139339952013373,5.3393873648679495,11.152387,77.58627551520286,75.74717268344686,72.79081141548771,76.34235560724291,79.5988638115448,78.04594297234149,74.03276650328199,79.48668709926265,80.01639576596735,75.70196540509716,80.35867130820317,81.8267766325806,7.410347378044338,4.742119822337946,6.369025961354179,6.485898258630548,7.291879402039039,6.601800127488456,6.149072907248514,6.931597323151212,9.588565370585862,9.256636556753504,10.271421993521248,10.953227151270264,2.755047,0.4274362401749137,0.555195766927767,11.683746,0.2855911163151573,0.2522255361487102,8.112418,7.756107485866331,15.362098795341604,17.361437961930317,13.194941326976286,7.264209040556463,6.951258751459359,10.26384554287918,9.296621672032913,5.981516428222029,10.957223386972084,5.128693518738774,9.082777435756125,0.2363742477811031,0.225741334235058,0.23351358034287084,0.38953574833762583,0.06954852957442087,0.22718951613716978,0.10801365657519423,0.26635385589399946,0.36069661226051647,0.5494797549708689,0.4777409495172885,0.3985608918657622
12800.0,71.29011,6.691943392318801,6.5969360980544565,27.33725,5.1406749144028625,5.295912317404626,13.3485565,64.043088482409,65.26440979645922,61.69710433309072,62.849988956119965,62.52633676372749,60.99958754834279,67.06647003634468,69.70229441494057,83.21624795002975,84.008323182175,84.43483890876088,78.3438274806896,7.569429151705226,4.741758679638821,6.6570133932132665,6.760330073215871,7.321428349474462,6.443298184559211,5.89793688718419,6.508211386619942,9.659075056791425,9.148887903732295,10.436863486280943,11.263572195773834,2.4905584,0.453078510912426,0.7530954013556788,4.207512,0.4436673494889229,0.38975576890952357,4.898703,26.719662665845533,33.34780070182454,39.1896251821344,42.320679197019686,33.72888298437501,24.550676463711838,8.998066481142944,7.532162677428773,5.518229243993757,6.285180365381884,5.204571795434198,8.780121348033498,0.2563674681823744,0.06998142409973591,0.12577723008652517,0.16767602240511856,0.23108031495328762,0.2567151197337396,0.8433195165458753,0.5079811173494005,0.37439691462566976,0.3982390626269379,0.4459802244274458,0.36474209598466356
12900.0,75.06845,6.824705321347362,6.8481762080167945,26.915741,5.152336801303506,5.25412797033555,8.752391,71.76361264716218,71.97795513003572,69.30999690683572,70.20911629048275,73.0111049278082,70.7894272484797,65.26401932734913,69.89125410640814,83.43818754568385,85.91566033317993,87.09100400508407,76.07628834736443,7.420213339954148,4.8014362255013845,6.471590222321239,6.697989645520228,7.309737280099031,6.325975549147645,5.72262890768052,6.6831565684714915,10.00543250676071,9.007408405369908,10.232660143881729,11.257997933383857,10.188077,0.10207795996196933,0.28984112897744924,8.824984,0.19774432495342548,0.22299931925746358,3.0440953,13.651745833571491,23.603496533903026,26.701319987690347,22.35822034594897,16.833453089632656,9.468504810266788,3.6405539521241144,5.7960103383977,5.412145116536284,4.256505654413682,1.4363579086693103,3.2295284952238563,0.3931963252740187,0.48036787675179776,0.15001825676243835,0.14855649951733596,0.11833944683148079,0.21332846157739524,0.46159774138984605,0.14565829802144065,0.3092336849739144,0.6033102881977409,0.38713010769939615,0.28546915394536587
13000.0,70.44642,6.064161252877003,6.235233918215301,13.233333,5.066106397899603,5.127699029520632,11.388722,81.53514755245463,84.62766623781427,81.17139484679028,86.86941625864233,79.9978093680838,73.83974791665179,69.56949689746908,75.05027604441534,81.02092527910541,78.16651150225839,82.36960330296664,77.3875811714844,7.28007195705203,4.745896595741118,6.358807272088644,6.5604391325507265,7.492349667515275,6.73098112089328,6.134766918154457,6.6470814845765425,9.422355419041025,8.982631331076147,9.908796848759193,10.84473134203992,3.306409,0.5383921736417655,0.5213925350410762,10.840003,0.2024731843134017,0.012520259252435188,3.910141,2.727315340598486,3.2816111640686105,3.5175606447057564,2.7369798548893414,4.496565420893324,3.3289947759651075,8.504618930292175,10.725988267139845,5.392001416874463,6.651754967114339,3.612956358308478,8.554054903082731,0.26338613957609636,0.1892817824823608,0.25039639025890026,0.3230714548442192,0.04304015014681959,0.2186569429928983,0.29977216247540533,0.06967838204938351,0.15091130454660936,0.50413655243724,0.3492441774538141,0.07108790975482318
13100.0,73.73639,6.232629373643644,6.410280379045491,25.613352,5.056715256183783,5.145283184909038,7.9175057,79.67029195944637,86.07486530584042,83.72336565748708,85.58243921556839,79.78340557401293,73.51998643728528,65.54346615371462,71.15568694514398,82.21052150481017,80.83011533048206,84.8825001285709,74.19260201161987,7.053130085127087,4.483996765402476,6.512068893723746,6.886535169975289,7.182800319851014,6.489227405856663,5.914790441664451,6.646172311520459,9.908759552023433,9.070154513412376,10.158912737239891,11.142092012516864,5.6157575,0.406321945589303,0.4640954711326388,10.255655,0.29302900804175497,0.22359524489457178,4.575105,3.9405733252630224,2.4248683404148617,5.5791296147516265,2.9532920260102595,6.173505681031147,4.878575695763059,7.911972541014528,9.730131228564655,7.761202531543092,4.428710454728598,3.8048136234437306,6.309884723520857,0.24904223185676871,0.16436292763536456,0.4587775907502139,0.37989466033972047,0.25843627827394877,0.29579138762909596,0.24535598177046491,0.18801645261362163,0.20923406061752203,0.18994104749875423,0.452600498986184,0.12539675351570315
13200.0,77.71319,6.534548104532568,6.643295480283144,23.76166,5.221307925294263,5.332088214987231,6.2434716,80.62131064987422,82.93797461294172,81.04923549983374,81.19093462777813,80.24617879181976,78.2888476862609,74.20073661894325,78.79508300198218,84.35839643072438,77.34938206958357,81.22752594556702,82.28345797979298,7.3889581819035355,4.66151837560268,6.493462506661714,6.843232070901298,7.4784748468779085,6.2233077990282695,5.611916699467341,6.3713176567765,9.787616961007595,9.010340729165543,10.451922079763962,11.204265790348565,16.222958,0.8136862156665747,0.9113628729510389,22.993427,0.16285042524841398,0.17765055465985025,6.404619,3.302796169658607,10.765403411507375,12.699753275778388,7.447274261574903,8.09199209986367,10.248475860344145,6.638368308372329,6.210368812646212,1.0312724967165794,6.334851561569923,7.811303536111733,5.227510096431171,0.4582948088329129,0.5481987076417167,0.17961076502100137,0.22909661036530357,0.24172047361317126,0.1180024711079953,0.45279444321624857,0.34095762467339963,0.5130638838125455,0.17462849260248897,0.8042555056583525,0.5359143167835408
13300.0,79.8044,6.262778851018914,6.475531550168007,26.143812,5.197476822757916,5.283657375948774,5.4646583,76.12939562837904,83.91383770648483,84.65903511222996,84.26043647395659,73.79119360460122,68.18487606009579,62.78365899602855,68.43963862646072,80.67550442554524,81.30045250505715,83.25078473457916,72.08715025758876,7.125371761854662,4.4821897810838935,6.276601729546706,6.662575656478425,7.62228653514759,6.6070682719099,6.031761154918194,6.888885400678632,9.669220662829312,9.189506135618805,9.95643938828862,10.974382417876436,5.4832625,0.4364722980501882,0.4752043752411876,8.9738655,0.31755599563683046,0.2270342333125057,6.075749,7.565885774490331,4.3117937234162635,0.5769299404802793,4.09366926938369,3.2264014032646147,4.441081534023096,8.625306339086423,10.797612323663138,9.695632018960106,4.1480386391005055,5.386799482718327,7.3014269543412595,0.2795642803413981,0.22853094244662095,0.24064339616869765,0.16822235807206,0.39478790766070077,0.41933241950310907,0.9404420423320717,0.3696103718184141,0.04242570883073951,0.29706053443920355,0.6215092046531786,0.22667943827968748
13400.0,76.46665,6.162971735857153,6.256299862778609,18.65628,5.208278340901824,5.262281447330376,3.7594452,80.3834098527741,81.00658206040687,77.45458802936118,83.28980837234154,81.13536684602717,78.47340082711122,62.167245675024645,66.80209226341414,80.37507419526706,85.14239159407637,83.95690778533464,71.99641939912792,7.316680467667823,4.545646399840522,6.726679900196449,6.890306928158144,7.1552813672864986,6.191911674596921,5.820295720838904,6.587676708108727,9.9044618812763,9.023226304271036,10.103505541898322,11.091912024504774,11.320495,0.052640827175791494,0.2007980544988143,20.65424,0.27218766232671276,0.2870363004861334,3.1928566,1.825916597861994,10.825404325255455,11.280863795567688,10.10317343351691,2.2219696323557656,8.512322191954192,6.481488101868922,6.560487651061391,7.335454853354449,4.4850135966702895,2.7179967013304878,6.563938735628022,0.2842841940955836,0.43083491088523873,0.36495598484333047,0.34219127308087843,0.07499017796600288,0.2659748516214504,0.19243730553010543,0.1715588760295826,0.25198243032881285,0.7338138422521785,0.4066083230913117,0.2709884784864634
13500.0,78.40143,6.645951887137225,6.567512247811236,18.055372,5.299323564872657,5.303778980539623,3.8515446,81.03337185262268,74.74703268141592,70.96378392618114,74.39585816296687,77.00949577003477,80.27735363181365,64.5741317316069,68.57761620367604,77.18239485003532,81.3706047241198,79.95024027677162,74.62762341889335,7.315578867541942,4.653457674240985,6.725349118380728,6.937011601076963,7.576075865417387,6.353214886932925,6.056873207216941,6.670783057079379,9.965126387265151,8.92560306638534,10.061986737381245,11.348258126573386,4.808281,0.5864948505258134,0.5877866788843205,9.328146,0.21604642107602762,0.2842408948975742,3.1215649,6.512903952917251,11.84170361293178,13.92402535637562,11.828330008692838,4.506004374834294,7.943244986765963,13.742830244448918,13.271522856205284,4.990025370220378,7.137240584162148,3.4933129509973617,12.941024704114183,0.2798119554868118,0.07225643771742496,0.2624606786179465,0.18349527708124555,0.26969415822860476,0.3125780897043262,0.34228265097561344,0.07063135662433505,0.3257183729345558,0.5117885196019182,0.4398789727004718,0.5304431645286478
13600.0,75.64664,6.294690319303949,6.426363310168319,20.795012,5.039095986410122,5.153797102187756,5.026596,83.75923385800012,83.76632086675677,80.18677471150174,86.43511407916026,82.80953636717463,76.92348527598791,65.69485427361734,72.38957958155767,81.2328886041263,83.35116930728856,84.62696169880726,74.40120743181019,7.175086810810812,4.633466427140061,6.279668649310719,6.670290246834868,7.329464720844572,6.4837168061646695,6.1640803315709,6.76582332731259,9.844164490351448,9.247107400118225,10.170286167938196,10.881828463748944,3.839511,0.5184751642213762,0.5089892017726168,11.972175,0.05809153987911004,0.011589825155059956,2.7636116,1.099961497090058,3.203464923711984,1.5153383635221562,2.548937343852742,3.8368502849444583,2.6966529767592013,8.124970543272573,10.191481279195273,3.165364810825955,9.01590124234786,2.4689902078630737,6.162812233881394,0.26324085721523083,0.22667062242587682,0.21823385170733575,0.26733544282964905,0.3476384202115318,0.1003610557121685,0.2914826395664963,0.2958647213865697,0.31076761633792466,0.32035697433761917,0.4774690135157178,0.29837115378972207
13700.0,75.66675,6.368235411147089,6.431912318699052,18.807611,5.13521335258896,5.237117523410088,6.699613,79.05604474641638,86.05759237213768,82.99983138684662,81.53578953901614,76.8762405971403,72.36773748584686,68.28338422630954,74.64736091130698,81.38552873089453,77.75336311064622,79.96450631225082,76.80890251289661,7.37370982093162,4.563633028237489,6.544881878543649,6.604777023741117,7.338840234605587,6.477115540307289,5.84191111099332,6.797102867203819,9.699463293694611,9.345547291517157,10.109842269111267,10.9624289842138,7.9642663,0.3941931321728856,0.34298337176887184,13.36381,0.18903971035591352,0.0870812711998579,2.426057,6.398107367014908,1.3720994146542194,4.087133782073001,5.546489762220151,10.862723035038686,10.758240490817276,10.778908962138479,11.075605162453243,6.060847945384968,5.038123917359177,2.15693039857516,11.504451871560649,0.3979933844696834,0.10477655353886375,0.359866919521118,0.053662162539318874,0.601517644303078,0.47211194846604215,0.6300299856414366,0.03638910212762209,0.4308284980202531,0.5310260671109164,0.6300927650574869,0.5808551246266638
13800.0,70.60803,6.248796200304426,6.405678478185494,21.34844,5.146067702363422,5.280513459530486,9.907435,79.66276715362216,87.9638063480126,84.73174044169129,85.21822299149045,78.36773965405,72.5297539834428,71.6727999139758,76.1849697923803,81.16485903386199,77.30274163858672,78.86489443518076,81.53617660485969,7.172375536276475,4.4720867339336925,6.362432331286475,6.561603222243804,7.431566331104388,6.390430433465586,6.081195328846301,6.759243382558243,9.718856964373927,9.166896107116655,10.205253840646895,11.201014926253933,3.1939285,0.5121207925447351,0.5167292806168423,10.529494,0.21560267208456055,0.08634627586581034,7.061901,2.3682642479270974,2.8324055398282613,4.459490562182746,3.530618991405294,7.363605304157569,4.941313728319311,10.547495120000193,10.814371375588589,3.6702930567003236,8.779856949659127,3.8591139878684464,10.601793592711614,0.44920977944368845,0.26857672444710246,0.11947978076360229,0.3274548982525718,0.35114033219512936,0.41771273292783806,0.6072534323250737,0.6322934776329936,0.27978085436267214,0.2592241841014395,0.8997664929615441,0.3230524091863398
13900.0,72.876656,6.098670811354093,6.24413295182996,21.71186,5.298702436481724,5.309799463547406,5.917193,80.49630586631416,79.51722785335586,79.41074405328068,83.48675285299213,78.9532111413913,72.8584020223408,66.04390237279462,73.1304555461688,79.57560872471255,79.5756362045318,82.84843042143397,72.51772072727935,7.277549002829399,4.708272407085837,6.749294708252428,7.00062906883974,7.157879299922374,6.374134468254684,6.083928938121708,6.939807571942535,9.675009119685042,9.104319952556624,9.915892361143666,11.16411475775208,0.53287506,0.7727452321090379,0.8762871934168712,17.150959,0.2991230067638835,0.15435339313961424,8.940345,11.436890307607298,2.355171598121525,5.062018840658102,4.982954788891951,7.6109696564576135,8.278450575448263,10.828164127242788,13.369622063061975,7.323639209244927,5.454376469966763,7.2636583533166705,9.487109724737408,0.13252284708883166,0.26542615275080395,0.5417220906935334,0.6468285530014091,0.363895172175644,0.21674616443949296,0.43368002525467253,0.2855039100916484,0.35624412019005897,0.6644095663270392,0.8403952280587859,0.581704308381391
14000.0,74.17165,6.255642621543061,6.357679798463171,14.186116,5.24258099478605,5.3075470668824,9.143684,78.25270011927073,80.86627318447712,78.31884766349928,79.49117748560815,75.99240440927451,75.14527598401024,60.884131985189015,65.78020081248872,79.63646980787725,82.13002384558463,83.14276799881075,70.77432534166319,7.403471704788784,4.747825214427146,6.55683669450858,6.82176383237707,7.212506015483817,6.3530807158586,5.969651611419443,6.834819718655106,9.702607976072755,9.027254193014231,10.450412626675684,11.241059687997236,5.2131796,0.20290607279334053,0.28898297622734176,10.279102,0.32793438671489267,0.2599590964590376,4.1973042,1.7226075832805698,13.068635220481305,13.64240715266437,8.78632084368459,7.628144662648385,11.562286885757922,8.939801318543868,8.066901962293963,8.912345784713212,4.232558045287128,9.434984556081142,10.662496178715333,0.4839118841130657,0.6002030348917979,0.6278545171106105,0.542940239406249,0.4840835529038148,0.43143314540490824,0.930482070535968,0.24749570091788836,0.10827322539206198,0.7244288044770354,0.3843921426246477,0.8754582821194573
14100.0,73.99781,5.958415279255143,6.136398106718761,30.547821,5.000271272433221,4.975426960263129,5.844078,78.78413861665784,86.14350082236099,82.52741957433305,82.0177336280504,79.84851964508219,73.17560249356359,60.07066847282789,64.95654540564956,78.60001930392009,81.89334310435055,77.6587542874799,68.76552566879725,7.188712472204014,4.605881223923741,6.595268726737356,6.604787928262415,7.283672767743926,6.494186925991691,6.088570123177497,6.765094634673772,9.371233321507482,9.188064832030866,10.027483881525663,11.183399301776157,9.750328,0.833087125599169,0.7373351111375083,6.3360243,0.22859173481334658,0.1881107375980696,3.0203073,6.602211751943119,2.3524547343698803,4.442580095007644,3.1042932597107185,10.932479212277546,11.161491356799978,11.4131936927619,9.938187414829997,9.601925266226004,6.527185202577131,6.615227827186976,14.551719829530123,0.3669509496529366,0.33443717460486977,0.04068723044229222,0.3194410392615639,0.3631119128436675,0.2622504962606118,0.8084247352947848,0.21480462267998265,0.5965559833079899,0.46238619818399684,0.9455813132240904,0.5809726390069303
14200.0,81.2416,6.3457545362291965,6.416068364215036,24.809881,5.101763826308809,5.201486717827415,5.750984,80.18038020649482,82.07704385106783,79.09249707619719,79.53987450954115,78.71519145884022,75.9343668751094,65.80911638933848,72.31265443730537,86.23081060447011,84.0671702738832,89.29077862342217,74.25817481504218,7.415479048584022,4.780230094208919,6.421501601046935,6.591710195642158,7.393838782333266,6.559636550825634,6.230096237221094,6.500200456106907,9.666241327143993,8.83088081056384,10.097069687302358,11.164564582729524,8.087056,0.644996779108684,0.7468396276040422,15.361208,0.19756777027632716,0.221799529473061,3.8140674,4.856184142604414,8.992547909072544,8.957064916116767,7.4279244405113545,12.592831125128242,12.870332921066572,1.4222236853955093,0.8973425881937698,1.2161839433064106,1.7154208763940912,0.2360021281207169,1.9401950019299008,0.2718435441164516,0.15366665979568656,0.15002479120095272,0.304691057204366,0.33093999461696,0.1439179598271711,0.5485236009722375,0.25826642507720443,0.34118136779276326,0.7374088647291797,0.7155961252549904,0.43202817144991124
14300.0,75.18002,6.19400317052278,6.265448013469445,23.45109,5.244478558112345,5.265694599718095,1.8309606,80.51184921327109,81.69286906471457,79.12403055823341,82.55473506742692,83.82422316596438,79.86911913723524,62.88692852814746,66.0157441958642,79.04463817269267,88.70689697140243,87.26772087627454,72.74685375722255,7.1039001775384145,4.585861803445099,6.393044997501602,6.643861458354112,7.425327205512274,6.60341391878315,6.22976992337644,6.805805588989962,9.737743481442974,9.269831223826797,10.165571627966848,10.962223333300988,5.2686086,0.19851580589264517,0.26129384566253794,14.397659,0.28575863869020635,0.26334077382886706,1.6224958,0.4926427460247033,10.800342117235997,8.57154992207783,3.3693877011437086,8.146633166564047,9.357555585674357,1.290174607927577,0.8910925177413244,0.783163321294626,0.3069903049161939,3.267979494815095,3.31378377896038,0.32797525587471593,0.35761760794687425,0.41563457737661597,0.4366223487773627,0.11482394717718918,0.19606746494187816,0.13114167568420546,0.20279560569410496,0.1767991869685049,0.32517919376440513,0.45259697966046014,0.019288161598367916
14400.0,77.134766,6.357842584362338,6.336501508735375,17.334127,5.225062880470683,5.19428569955939,4.624504,78.55549162169608,75.33030904399222,73.03135915600535,73.82914746528121,76.37934192646317,76.42545628568023,60.633550024135474,65.07823175384803,75.75636575655521,79.92456399829017,78.62520757983417,70.60312987374138,7.028301049199018,4.395765136805287,6.403161368476454,6.5924669126199165,7.413810064453322,6.534578514775025,6.142726680263315,6.834780907783739,9.6903359131749,9.244886962814553,10.13964352231694,11.25303207007177,6.877342,0.601206479891825,0.6741985931185791,15.8116255,0.21557564116194874,0.24062235953567687,1.9585724,8.70566923840774,13.636335702805303,14.835013441864112,8.644162090824098,11.70586030076032,12.490514633062245,12.223034284466246,13.38673619280249,9.127418971031693,3.167087372049595,2.155008340695411,11.97683425328779,0.20722584605056454,0.06793428206637693,0.1981924242008199,0.460608145086647,0.4052639097576465,0.2205403955722482,0.9074795848136764,0.32848956632000337,0.5736998048187112,0.39710725127231494,0.8647716726691986,0.5823022283683692
14500.0,74.78936,6.72014506744235,6.869729514491355,23.364374,5.448003197439657,5.486732146390536,7.831543,82.51109414679168,85.0797421118852,82.84364068403238,83.04288618537879,81.08106448054019,75.70078148025709,62.06592493330527,67.75193496281207,80.94597493914806,86.21954685288188,84.22027952113125,70.00912904168422,7.413905247583917,4.665683226122623,6.292951988813155,6.509556251113698,7.392162888044791,6.554861480358354,5.977558014654566,6.5876628628187754,9.8610081435312,9.425079056841538,10.2006226729884,11.246062413786797,14.802536,0.982140838983175,1.024351539847945,15.364531,0.09045566789034937,0.25312321318872627,8.345926,6.484828736109334,7.575051637794122,10.20552170985165,5.900797604553464,9.522633221417545,7.670168807916361,3.732839889302477,5.141641485043682,5.652872345346711,1.2914889650387358,4.863782270199924,4.496576160703766,0.49716383918362567,0.4055928215191158,0.3441306929884753,0.25468937513397066,0.15085728682635643,0.33368864377150026,0.41136069737285574,0.3171623713159374,0.1892678507786102,0.5358789278956797,0.8594589400347252,0.8148737095203984
14600.0,67.32584,5.946510561989437,6.027059868969947,11.599197,5.171374469359836,5.233655623930651,14.298096,82.60078249948721,78.51182347265797,73.53156583064845,78.99952100782338,82.5774968307728,81.39196568910411,69.91406603730098,74.64705744289651,80.1452527710017,77.7129645118755,80.05645922531744,78.060018911394,7.91418777450673,5.258839534948442,6.864645914379163,6.929264547449449,7.173681150143722,6.102483521799158,5.8732546917595245,6.667075161120452,9.547770779248914,8.813025641219857,9.899265101184655,11.172761901725371,5.8609166,0.4541416189343975,0.5191784099857358,7.214839,0.21103189090214713,0.34725647480431604,11.358966,1.3870537258054398,9.90043478451853,10.35757849934749,9.190509344226944,5.625355042106564,9.074743462613096,14.128824232623796,14.303861859707458,8.783664717401654,7.604095557920608,5.7109972040164365,12.692570698700568,0.33614153627079246,0.3186682203065311,0.188512382145447,0.3824416106746374,0.2747005979227145,0.14209919559981757,0.17918086547440246,0.3438779450889405,0.14465462878443724,0.5276457683371192,0.615577035789476,0.5185464409711991
14700.0,75.501236,6.097837230672357,6.213077870122966,14.407422,5.144295019304252,5.177544754735379,9.412303,78.93536815931708,84.48454634561539,83.25070762729673,78.05683054733265,73.1497365391823,72.30703094962207,65.75188561384472,67.66999910106091,72.11806922975715,74.88329089084307,73.25038468021076,68.83918536382212,7.076517288288046,4.426427506132598,6.304351928625191,6.6491627472254935,7.6350009582243175,6.546111326323143,6.698811890855886,6.812353487674762,9.69943347659875,9.356420437066982,9.952109319102856,10.882602615717536,1.892108,0.7872903434002548,0.6742159067434346,6.890785,0.08281065099063063,0.11510272751319206,10.345204,8.981126290947072,5.997239415847455,11.570127060685145,4.877682036199961,8.012136422308547,15.068266210406113,19.118331738480496,11.34443427656855,5.051091643199984,15.70302769744104,7.323685534042982,9.980962192201725,0.06534541133363948,0.09267226968102606,0.23732524013477366,0.1759600634020002,0.4728181951253632,0.3830192940944876,0.5864413273841197,0.26660209561948894,0.23546136837517714,0.37988823065933564,0.6586768271523055,0.26959797272213964
14800.0,69.93121,6.1629130596513475,6.254253423109186,20.099422,5.095276095679073,5.065685266724851,1.7562586,76.66568461054065,80.10140895923352,79.16467695755942,79.8788134848218,77.5330145693501,72.88866351591776,62.27809068051757,69.41979362532055,80.13653206970798,81.92239432377174,77.91013085339682,69.06654329597883,7.384875323838306,4.779942972316445,6.6067926021580545,6.724705317739223,7.488406184469987,6.446823351615929,6.026454188442666,6.689892912441468,9.328914838155873,9.166344531893689,10.074418660179765,10.722127408334494,3.945619,0.7733406808240948,0.8704226298773244,14.988282,0.1766172357954301,0.11948498747627606,0.49541152,7.399282686794189,8.123223601333468,8.415449134175297,8.533566318535817,14.973582354619285,13.876970926446425,10.077180134876167,10.564499430804073,6.501103459555807,6.954835675945016,4.120163971256772,12.258426785831935,0.14348637055480198,0.20822733678461378,0.28939940611417436,0.33953745921640616,0.4413027827301116,0.2725092826789593,0.3659740201361999,0.3109256664494512,0.737096841385215,0.546241911296405,0.8185103565780039,0.5944405744247298
14900.0,70.03776,6.228097084697438,6.355648576231505,10.2476425,5.00703718759092,5.037871267922136,13.944161,83.33080882710743,83.57122566289944,80.25154097369494,87.18327458840787,81.51850760829,75.70363238192064,66.37459138273441,66.50138967733706,69.75986313558327,73.0866360669618,73.45309047883536,70.26502902757592,7.469001594530128,4.7513746006169955,6.614894472962194,6.719004410955539,7.890241173082131,6.564546412859098,6.206247709473208,6.502294140882905,9.381508074255835,9.210086031828157,9.868656923461215,10.80005177172418,14.088828,0.7964632482426678,0.7653231415781099,8.516936,0.4311040230676064,0.24159996987610463,12.197443,1.4135707880914439,1.9508367969493883,2.2190923979487054,4.569588997251275,5.923413648310743,4.365340671518741,17.869581580992747,10.67310213401677,9.329755220507067,19.087081726543964,10.040251500466509,8.27574814064615,0.6212399944557276,0.49153903161240825,0.3875599377265769,0.6058165104158401,0.2957537874932469,0.30807343193520237,0.14835820559425278,0.05926965479198095,0.15351962643637385,0.799724252390094,0.6936173050740086,0.6247231794790952
15000.0,71.5351,6.128413329145993,6.304855075536729,21.18997,5.317822989606896,5.34092994398013,9.260457,78.3409755197157,88.46918689125107,85.62673066801135,81.69208545529543,76.62320231850128,70.83334595219985,64.01967452340284,67.7785359448706,80.73751195079059,82.63116955048835,83.27281925198646,73.69032349257259,7.44575323422379,4.851895109447096,6.776559172084006,6.936814859969194,7.430729887760257,6.216722164564897,6.192489975392321,6.692356070982899,9.691388795453756,9.241848355647297,9.884087177439783,11.34881992516753,8.153517,0.6418989342989887,0.5754588177739575,1.7288477,0.15133627586589873,0.22819328706693273,10.476385,3.870381402955743,2.0900074398058313,6.105670226701767,1.0488766887781518,11.00459069691909,9.141231327505956,10.244317501295697,9.016204716613546,8.639004513443169,1.829649531160784,6.460525029920945,10.3125058688953,0.3652565745900272,0.5410805657315155,0.3656324657554123,0.5284298053703702,0.6192443677244902,0.31250648021838945,0.163746011032325,0.25129518675208695,0.31007142262812853,0.5803081044496511,0.40150562323965056,0.7586454230996086
15100.0,72.83566,6.213011138595064,6.381067825755122,22.220688,5.161911818732272,5.120013043966579,4.434194,78.58437310906126,81.69516700936454,80.95118203533615,83.79504726264969,78.10424232667525,71.9006219607682,60.131167830171044,64.21988089555356,77.71152409806056,82.07586395164104,80.59465946902202,69.8655252501021,7.258521719324693,4.5120244230542506,6.39820101032155,6.423426239303125,7.578653738831871,6.525430465779672,6.04593166468575,6.806949095065396,9.654210358326141,9.142366798556173,10.086783000733119,11.220927071307138,4.933755,0.8212086444081891,0.87920162575981,12.774569,0.02522869636513457,0.20600657391629257,2.1010485,9.041742041577566,2.5696998209346043,4.722284991694528,4.489150487972762,7.419397114087408,7.2734612507259495,9.067724708892687,9.480740648860108,10.205843718512153,3.796447036734115,3.1742079660364424,9.876548061178353,0.02933710668316931,0.11216320686475487,0.18050851907674362,0.27224838560439996,0.4918803968364906,0.19190179077345124,0.5931833284710804,0.1657736897517671,0.5395911299191556,0.5774075562193275,0.9796741220261816,1.1322513226965445
15200.0,78.95398,6.506454597516274,6.563900525743254,18.184446,5.05606575061994,5.157281813529814,3.0336227,82.33940162040994,79.03756733535067,75.84508986952926,81.71813559869445,82.89301124772447,80.96611658554973,66.42764541014417,72.45846174610881,80.88085530083313,83.92634720928874,85.34372423023804,75.96950116201843,7.516007426722383,4.775396427000501,6.615186805246452,6.749187880947012,7.356439013558156,6.365033021754667,5.996236029242837,6.408235974905665,9.726231423168,9.334740412213899,10.28270191365737,11.333726209149651,6.620182,0.5240137266869002,0.6564623160434868,12.236871,0.12757642269738298,0.17019235531396176,1.3550732,4.912240385621948,10.40936948359059,10.236672932954427,8.403797861669005,2.597582111417645,7.332162298769313,8.275787950694287,10.753511925476346,1.6671251163953547,8.131813871449202,3.962579106277743,6.432068708378773,0.39801655201409325,0.35596087883288324,0.22959284149648324,0.4110845939558751,0.17820216544047127,0.42903988625874234,0.44328487320909593,0.40400299699450243,0.7009261287915083,0.3796484283936139,0.3472070653461015,0.7547219450335059
15300.0,77.365486,6.395311115150498,6.515775042189946,21.87942,5.276167948117741,5.343394448003977,7.0359597,78.39637943675307,79.60709834225237,78.67458919407464,81.27625638843308,78.87987001686328,74.93595985276,65.35043981871969,70.63331264063406,84.02325985287035,84.57759607535208,84.60607713342687,74.48783926203235,7.158804169131122,4.535592019370216,6.407069898417731,6.720886468756844,7.35718622720766,6.252851987149768,6.331475868008661,6.955934838308861,9.938644732275224,9.168274811814507,10.281806490534722,11.414388513113396,12.096411,0.5285636444688379,0.5091586510878091,11.863279,0.3092377593112848,0.19671219773442578,2.387029,7.138733581616822,7.563022765248925,7.894578532320271,6.1715475957710195,9.862295637657084,12.211846233029613,3.9761191271002994,4.59719326633148,5.739697319443937,5.148516525546056,1.37033683033624,5.883775943929563,0.5258651290289675,0.4708808540134241,0.4031522316905171,0.20275450220985536,0.6577145700555415,0.3744807701653402,0.5833214378124253,0.39862108040598193,0.7587820145735699,0.677120117348455,0.36446186222815763,1.1736100736873152
15400.0,70.67764,6.463658249129701,6.512013827323741,13.442449,4.998475594052597,5.1354355759412185,11.411069,79.34461744919686,79.41782684076088,76.21108423543252,76.22382861777196,79.14669795297627,75.83808647565722,69.75643452155946,75.13197434938137,83.06801007575564,79.78560338405867,82.46562846511206,79.40322817052188,7.285702740128102,4.677848233743471,6.532748551874078,6.630417052199746,7.2186156517684,6.28149625235,5.769323299934474,6.648520781406805,9.794114366200981,9.414746614620627,10.362477932482392,11.54111752056892,6.034524,0.7080004652055477,0.7356761691012047,10.916638,0.24736613232968546,0.0937112242639107,9.139174,7.568763773572189,8.230666302107222,7.623295439483928,5.669308504431126,15.946309647815692,15.03186773658519,9.380376060759149,8.930422032852293,5.123244416245535,10.208368937839627,6.180582211159621,9.440804067229369,0.46940495334404186,0.3805088027995356,0.05294744920560176,0.1739275097858838,0.1399265620726984,0.2488658284000234,0.3504086016618611,0.1627391418046702,0.31723312908418877,0.2978954576352344,0.47504246011944157,0.9713304119825473
15500.0,75.234764,6.498649142473827,6.461928636787029,8.012016,5.104692711605269,5.160844961013024,8.801084,82.99413596924772,76.78110174270172,74.39481892015374,75.70315143655773,78.8320001681936,80.33910137737708,68.43622481170969,72.3892198773684,77.08515839751078,76.54573720024882,77.22852782900259,72.60092535380645,7.269578780172576,4.649926879650592,6.478535534579234,6.629723879740314,7.406400900191343,6.470032899576592,6.38695216315151,6.70713570278476,9.9268732472723,9.438837071406539,10.031268014944624,10.820976706453308,1.9855729,0.78724748251644,0.7088493019318002,5.9250402,0.14435012411652606,0.19721122867612192,1.4285936,2.07396666108827,9.030896106983073,12.578802488571341,5.818653057076307,8.230667280998047,9.268788243490288,18.138158005443874,15.740592344536218,7.912868144185737,12.141277858475942,10.588814900213773,9.90621045990945,0.3297500243342011,0.19006923323118113,0.3079166274198999,0.2593917799458066,0.06699880792441125,0.38951480932136917,1.0608697124592414,0.5587654300413111,0.594347493573629,0.5148794120706516,0.7902069939172273,0.4684797594651998
15600.0,77.56817,6.285000724914944,6.501655339438243,29.695969,5.055534492679517,5.202791938249397,5.443428,72.01867598643354,78.89262572877762,79.8404395603885,78.63480598712376,71.16270156865035,64.94257951746,71.91110689796353,79.30179311649147,79.86966181302573,78.08879013436471,85.13968438211778,79.3515187587692,7.309483562724435,4.531965854766908,6.655921565107595,6.6060927906629905,7.2702228896538195,6.58322498233871,5.940008276496701,6.562641978463614,9.805209416025233,9.31428270372547,10.461788017797867,11.647973626829932,6.749261,0.3039722747759271,0.3993501537623669,11.901961,0.2049317977340253,0.2090588616975184,3.9066896,11.266963332102616,2.3286172896514805,2.4230279865873543,7.265494018811217,11.161067705478871,11.108844120402845,7.745176666811003,11.260643852967888,1.7068830687510446,8.562766771418588,3.8827814098983455,3.9321219972076444,0.3008468217133478,0.29041039046653566,0.39175568781713876,0.38896161954208563,0.32261420220479814,0.30569055383687666,0.21245259082640175,0.3633906538357991,0.38322514335957825,0.31816630747548474,0.28707963842480233,0.6768180775180526
15700.0,81.70455,6.262070519029776,6.444937805292265,22.595627,5.005501484231829,5.145962967760965,4.4270453,78.62028206263483,82.29220772613257,83.09655267536574,83.90047927538645,77.89461310935225,72.07935474151864,64.89548562540377,72.37121755771933,85.78479197026182,83.9963371853852,84.44095282661397,73.22522734955608,7.233011323704588,4.610132121693674,6.409625734921722,6.585130770217738,7.522569904395602,6.562287347614064,6.14453658273468,6.809275584620007,9.567160433745563,9.62672608810465,10.447110042987758,11.174252938458421,3.2406745,0.1482879492074637,0.21812833267495857,14.953211,0.2054015735865211,0.22305849033001557,3.4110339,9.452393489976638,4.937200693254253,6.909636365811532,6.071792420478273,9.221137074092692,8.352652421544157,6.414014589413018,4.874381649824874,1.708854559146174,5.4775886407260215,2.480876410339437,7.470591790102461,0.15702726953312207,0.05338416368235434,0.17545190775415387,0.392333135504186,0.3034269641561928,0.17822414729059405,0.6291068340938545,0.21795900954244898,0.20667090173308172,0.1741065131031503,0.29260478141207763,0.579291695567271
15800.0,79.34832,6.588000738986392,6.695621019048936,13.7871065,5.099186025864519,5.169009526759883,4.9942346,85.84000411760668,80.73383093195422,77.26553547816478,84.18235267594476,85.24851829490102,79.90099247071022,64.55685979309527,70.54412545073906,82.27567935331281,78.67666588510211,80.63335446031799,73.2490875096402,7.309135806383046,4.6585442628055,6.502818073589341,6.75186551160549,7.368515281093852,6.315247035026766,6.122914468830051,6.545326602049774,9.669148545828255,9.45539869264739,10.388785268885599,11.015693116135543,9.939495,0.7006517511431386,0.6208254982220672,10.835062,0.03932836923219924,0.13990467396454911,3.5274236,3.5899900671827614,4.433181815549889,4.236782769370884,4.968543783424365,6.641946531435611,6.363907542927135,12.23387768574799,11.79004444293527,9.849241126409154,2.6010250564040382,7.178906059376291,13.187407690305587,0.42086295356967945,0.27814318652883696,0.5081973427750518,0.4861931667523745,0.2650946140306141,0.48679350612599004,0.4604394225845275,0.043308226547883084,0.13839471313060359,0.07429855337317808,0.5667387640244139,0.022980567963980653
15900.0,78.531456,6.409579768978342,6.5112925765496605,15.064151,5.006986953803985,5.12553741536344,4.7873178,82.21084277793835,84.51365181434895,80.1320604992483,84.81886944834191,83.14394216113202,76.47954056264653,67.42104178424347,73.11208417665863,83.57198231770249,82.39405373706141,86.36208708802396,77.54550041140988,7.078176085366878,4.505407226939176,6.302513215614989,6.496267294256167,7.613609320454576,6.56902245833282,6.146082979481601,6.599302242417089,9.405596497034422,9.406681747652916,10.2188995612702,10.986434516723476,5.896683,0.6115534495520389,0.6351031508773267,3.5640876,0.14961687333497936,0.10095920803769208,3.2114782,3.955587313749853,4.453126860340728,5.861241339863641,5.559793213894425,6.3449177739120115,4.4213547323333104,5.828365935108577,6.404378116068543,0.4875072616145317,6.534749511211931,3.923256892659474,5.317947033311302,0.28922625614413483,0.4706799744916426,0.46229603156063687,0.4372463346619017,0.262181337762484,0.42643669715913834,0.36667626465568903,0.09177185405007254,0.337108796157949,0.6939208445026132,0.6565819655841126,0.5331593226859417
16000.0,76.4466,6.3524158629250165,6.269802213720176,12.035733,5.310871949987344,5.402372692378137,8.515592,80.67476798770006,76.30414569631877,72.57579852728178,77.71377790934233,75.9253847387925,74.60869415533223,75.89738748114145,78.87528421693828,79.41119945953959,75.26894355571868,81.12153984618926,78.3166810942315,7.380538204333174,4.451712160574465,6.511407134317845,6.603092194557224,7.328149817745593,6.609575579244511,6.278380706469529,6.945381916812123,9.695758528758878,9.568080218891064,10.35441891931839,11.382019094823555,3.9986787,0.5525569946381433,0.16222505022722383,9.621639,0.4667760670000152,0.43538156264629224,3.5575678,6.4813085072665855,9.931940446692423,12.57244676973355,15.539557337732088,8.64799304270939,2.5503350094461643,12.351515530643079,8.419948576874623,5.454741663615171,11.161434838011216,12.886343476053815,2.681025626816192,0.20330361967416885,0.1192290282965828,0.32579499695295555,0.18966950474263822,0.22375062204046078,0.2176121418637335,0.7599166115956082,0.6368823064803214,0.9632392816938316,0.9382439501804004,0.6158212801226027,1.4578033920551976
16100.0,79.85653,6.261323764188471,6.453573378502412,26.820717,5.107609345902213,5.239845558299769,6.3949027,80.22920902268777,85.19503640934735,85.65971003943848,87.82525512004982,77.8973870316995,72.63495922909993,65.46950096800204,72.25311323609947,81.11304862411761,78.32766810719737,82.45086983032235,73.7569371130857,7.150654207622932,4.528137986924304,6.344997210971594,6.275364915607812,7.506377061766592,6.669602030260852,6.326666919549678,6.5163051812660235,9.72693564397949,9.638535704733167,10.452921974235105,11.28838339346715,6.66263,0.43956089643387036,0.47685853280852597,10.877353,0.2778261296795744,0.219135600048577,7.2948084,4.598990142420919,0.8878315597937956,3.0076199321566435,2.656164240281837,3.4189516972334433,0.7713078384910791,10.226774457895221,12.311956204027629,8.728971112787274,2.2691963887397097,4.134430731499985,8.757839441490582,0.3928600674831468,0.06476584921868951,0.468719311231968,0.39357594950686836,0.2477652581422378,0.31846495087829485,0.3011097210584323,0.01866036031794698,0.43601970271707524,0.026670376691893784,0.6085825224009477,0.7783141012926118
16200.0,78.00546,6.157383347932267,6.3410410835858135,28.32107,5.247862672262012,5.323710371414116,4.96536,71.60351264358606,84.4259257640065,85.49037486745954,80.48697878623774,69.92690027206065,63.95247765635067,65.68123829444333,70.40867714247996,82.6752094540271,80.28073536558266,83.15742903908586,75.0039604460896,7.282629816023406,4.544224035723308,6.336251899921334,6.595937965870109,7.389316575763097,6.566402533829408,6.412818036013202,6.700561981230191,9.767161832703831,9.689706565998875,10.132156449206386,11.555548595938143,4.0454917,0.8044104833698106,0.8247619860715044,10.869786,0.3082955769571801,0.2118470340532681,2.3924866,5.499925472872773,4.230702243371619,4.002610409789704,8.814742255102168,11.793930667583272,10.519201060182473,8.008941183489148,10.34102232483782,10.104860126328878,2.5018305833630654,4.89061826752252,8.286558708632244,0.09995116518047722,0.09277843662730792,0.04629706016063886,0.05485630026747132,0.10191458179193502,0.25772293759657416,0.698026634038223,0.18299785682455336,0.6242751174804084,0.5543820124257088,0.7199342895601397,1.1321540718962497
16300.0,72.63267,6.390385199644977,6.480282144694183,24.528503,5.07404649289654,5.14866652165125,4.864596,76.57487600755216,80.9396703696256,78.646873316335,76.53198057555613,72.01715458188828,68.98706079401062,66.94944839954131,73.72298226348815,84.23817583559541,81.77353249878779,82.21453374855878,74.79367049087585,7.498419128487629,4.9454318662915275,6.520502982826123,6.745077485511035,7.372025186746517,6.374989675063769,6.200349584181855,6.606706226353712,9.57719131569467,9.311620352073112,10.558031226077896,11.175337463325286,8.537579,0.612017383118098,0.5266043063633518,4.674399,0.11883172526374024,0.22845182373750345,5.445812,14.073211426009577,7.244686344016808,6.714126752030563,9.57451927521882,16.061822722024285,17.692840840268772,9.182233980614942,8.07019560262685,4.854924854405871,7.037849830062749,5.2330218413522624,10.831300357524732,0.22736968511190844,0.20567588331501346,0.23214092398753555,0.11162936125295728,0.44106876452327437,0.5376101795893545,0.6552429604646222,0.2018769562073439,0.6196171829445749,0.33151661496079565,0.6518368352014574,0.9594262600692943
16400.0,75.07168,6.796071191867622,6.86317109173767,23.928606,5.1553920339160735,5.2627924464593265,9.950282,75.26250018558243,74.96925870726155,72.31611894894438,76.35564658282411,75.83248117532764,73.14421995914303,69.31108059081907,69.4149433609574,74.6270153456809,75.77794716667434,79.8184950022815,75.67063193013213,7.222823620533177,4.429993672525309,6.484949758670038,6.564146480650688,7.440014666429917,6.66905907237603,6.459103309293642,6.730690312466142,9.345362429369464,9.572932812815212,10.316880263232978,11.18786312576681,5.226653,0.8471575048895165,0.7200027585917952,3.8539364,0.19663608285369696,0.2067283098504609,7.698316,10.131114425241133,20.01560481063607,19.222893063828664,16.321020692791265,9.953806555542197,5.467308534832648,17.61480226953249,15.194756263844063,10.392276230719894,12.019893090635671,10.101927119357264,9.197695889394256,0.2163903712383835,0.192819873184404,0.17108704257660245,0.3730024092814519,0.23403312868111223,0.3731887014767273,0.761873342322153,0.44601171100082304,0.40551892100335607,0.39244344337091813,0.6099308087951336,0.8583206505948567
16500.0,79.23235,6.354514313341954,6.5079305274402985,23.789139,4.9464629936578275,5.069337861476135,8.921405,80.10478294963603,86.8253121374504,82.91544052477468,85.54493189898768,81.42531615528219,74.54972228790983,64.89070624355286,68.56229574342463,82.85728543930463,85.60987942719338,89.09074117035273,76.1578386489795,7.476671980186559,4.618856097262622,6.45873343978694,6.531151170562943,7.500754414763544,6.373135989776685,6.213972019434791,6.437976144547998,9.271599639708054,9.548276172190217,10.669495800984896,11.202877341136483,5.295878,0.7045332506674293,0.6533879856839895,9.259664,0.16129761804761436,0.14640479044147178,6.8882384,2.5824045962730895,1.7437714558811894,3.443191942112318,1.5871531406574713,7.071132432048058,6.282447797532845,2.5218199334536946,3.8014400689217176,3.450900044384181,2.2742688165405256,0.6959812468077242,0.8890103329173601,0.05103692547692648,0.10962224694570516,0.13879185971265764,0.2824680509115164,0.18278130814324423,0.22019279223505317,0.6266855844671368,0.2538486917854298,0.130144661824054,0.08946175697002207,0.4156781695867402,0.7446751505417422
16600.0,81.97787,6.742000869939791,6.809593242401633,19.29986,5.015515183953868,5.193362368641872,7.624283,78.17858862997694,81.2240491488326,81.01429328637145,81.63331340217418,79.01461757921898,76.75870108887976,72.72291945784771,79.67126222417563,84.58935201423807,76.30009441850709,83.89076963978363,81.35732546735291,7.186276290936916,4.603197550202882,6.381283083987128,6.457172300508167,7.450382129588813,6.6245772198125294,6.03293117432644,6.535806292334118,9.582465952301797,9.922305327319298,10.59038855370495,11.226244028220483,3.3382792,0.3994743413622537,0.5119231761902073,14.503705,0.16339425398374835,0.13451240424724914,3.3152611,4.726215456771357,9.727391305891715,11.902555763294599,7.93051642534183,7.16521521886617,11.374532100655482,6.191311382557282,7.887519510345998,8.379713875725765,6.284392064394942,4.3117540886164205,4.514765590281942,0.2216732263047573,0.21155152263715468,0.1884793529947337,0.3106708513786759,0.31160677100113865,0.6596285026991416,0.7581167348594486,0.3473463316949234,0.23618728404799327,0.46987388498299476,0.7816386779556234,1.2387509442410403
16700.0,73.87687,6.500988013318221,6.669283731778741,23.00934,4.977043407534633,5.075671187937293,4.4656143,76.8499569990957,84.65957589913785,82.96808061821311,83.22915944333018,78.3891656818782,71.61008584408826,67.5470884823717,72.36953374435546,86.67047648759821,82.79700156609924,82.898183568678,77.3738998754602,7.518523130754752,4.662438107652421,7.007672288216067,6.847493367962147,7.318855511555975,6.390958104603634,6.342110304433491,6.692529597828112,9.592443221857058,9.400696680726373,10.314298083371764,11.304090025747945,5.795479,0.6110491809738792,0.5628058083241364,10.419416,0.07624561778570133,0.0762167611695282,2.7622156,7.909975139418411,3.2196792099607725,2.3183590900712407,4.125085063392628,10.330958045515988,9.144651729958003,5.20467146007161,3.098016136181416,3.4089091873829336,5.389297894157575,1.8178135100117676,7.942992516104538,0.3224537811796424,0.30972101235323685,0.4026512015678067,0.17336672900835245,0.3289678865069029,0.28631459203448767,0.15398941421652199,0.09156598983759619,0.5994838396918507,0.29006710585657025,0.4294553465409357,0.899785844112894
16800.0,78.66202,6.5342740632616305,6.664128098122451,19.099703,5.251836935950962,5.398835905227808,6.5306373,81.42910048275492,86.004474548622,82.31296804664863,87.42125761421615,82.26534351270425,76.21744046915903,65.79859236875559,71.04997681239242,83.484572346142,84.44335753025479,85.20423897432178,76.10040528325138,7.529185520549777,4.813810663674431,6.917841806808947,6.9269999508895905,7.233466818640822,6.5888107667819895,6.0156112887030915,6.6063321381435705,9.528820010531218,9.3456792640577,10.459594388488439,11.386444788806315,3.3210297,0.4531721026824817,0.4615706711539082,13.605367,0.29327601923988683,0.25527829917318634,4.966763,2.979032897300862,3.353767747558883,1.2327384945789137,2.068782313406343,3.2311134063705516,1.186968664156247,5.661204276544355,5.825862539532703,3.5289459861041554,6.910842285517555,3.5607243859104845,5.856854753436709,0.3168466258095835,0.5423143903190353,0.2694497568856175,0.4804437514390783,0.35309707739696844,0.16461617589944844,0.39263959404272725,0.19174122532039403,0.5173165031825905,0.21900814943645508,0.07023664412633138,0.3748969569750042
16900.0,78.29641,6.511562308854735,6.628250386833993,29.671463,5.2435612298968515,5.257220572473909,3.3944294,82.03151154375006,85.01842223606651,81.65858502791097,85.64215113606531,82.45447406295166,77.63090809711962,70.92575421110125,76.92168620875542,80.3858175131096,76.39094497580626,76.481572387079,75.47228755964454,7.219942855120517,4.575270604801985,6.435589172839873,6.611144895614697,7.649902206099032,6.69987353836022,6.447421449934386,6.6826916836153645,9.561983267155163,9.963035402652148,10.363880254468361,11.217276573819902,7.935337,0.5838757348666164,0.4564102138978477,11.988244,0.14170951632628045,0.15398512656569627,2.7677243,6.720589836722701,4.462458232963522,5.535516595962329,5.605564883199166,4.830617896794418,8.042297543839561,13.568747033220898,12.88408206242614,6.288483439128745,8.408345529464071,6.839501435817534,12.167564440018412,0.2300648950406728,0.21495859797886474,0.10029755985315054,0.595598719482012,0.14703003086481756,0.0744199012578811,0.7043240997172804,0.41737517014401654,0.9431433374924203,0.5753446062766465,0.6594776027233573,1.1540770556673152
17000.0,77.685074,6.335248414135674,6.353754101964664,28.100029,5.087620819958953,5.242664296257727,5.3315988,84.38608249656238,81.66607658486564,76.68923376733638,81.41593716414268,84.0631622383904,82.33632450878035,67.75707529485574,75.05417742755613,84.98301221737375,81.52160871784302,86.30059197457545,76.24062320985865,7.474908484052352,4.650956260872082,6.626966462051949,6.6290256995049015,7.1759692814904605,6.333622971396373,6.046352649437741,6.572167080217345,9.761079666293183,9.532021922184347,10.748186958959321,11.580337299056517,7.7865195,0.09894099423837213,0.27759418100254885,9.472862,0.11424541488226975,0.12401783668445122,5.0609865,2.587626780705633,6.832354294458179,6.89977571157934,6.809641866591822,1.7868237688169184,6.474590524251852,6.54301838520506,6.752855197750536,2.924353687357437,5.837451188294482,3.3521783462156116,5.648785902467139,0.2622705149682183,0.23869295695367798,0.2666109809501279,0.02578241523622291,0.08605898744267657,0.2656203156657302,0.4909271489228,0.06450275368983797,0.4149788257532919,0.39317971356975256,0.3615756235803118,0.687855639038064
17100.0,82.669426,6.59779479355425,6.674050855728851,16.156897,5.179317701633258,5.335542341331187,8.479932,85.2039597003199,80.34503194561339,77.83943950859224,80.66774087235734,81.96489270622826,80.3403633307558,64.44369536454933,71.35861221562891,86.07469154552973,86.15869314591441,85.77611914851256,73.16280243178856,7.283926292681116,4.47675031067508,6.296480205690682,6.313300272368058,7.488985826990485,6.7992099728072,6.189947772206708,6.563241255856515,9.929874001357021,9.630102085095109,10.691436694393238,11.447306859825707,3.9238129,0.14745651441905222,0.17994671898373524,8.385645,0.22425592811234268,0.23508989049069803,3.4911678,5.179643617844155,7.984112910244226,10.024530632737937,5.048008047006932,6.6310044883363055,9.12973288174511,2.5864424481231696,2.697378457622123,3.2291774957447026,3.204551572334742,2.1510322292224138,4.932084543837263,0.057060698651392676,0.1209871541447128,0.36118431379244775,0.4609265282271725,0.38634733268777316,0.5547910064076036,0.6240448672894345,0.15382844322182918,0.6358585138306047,0.5946903846023555,0.3397364292347206,1.221404359630304
17200.0,74.77759,6.360042616504143,6.507502720532762,23.645063,5.099344205309708,5.178191423280455,3.9320145,78.76318910257977,83.32818718875642,82.91044871649977,82.3252647502157,78.29475554836556,72.13502040786356,62.0036459590543,67.15188233316569,80.75880327986961,85.2053974983921,85.55421105473444,72.07940884252223,7.36228884755202,4.456698635749864,6.428097048672555,6.29501518383082,7.6156082726058125,6.671884061910809,6.259742804952538,6.49426484343185,9.764719110619176,9.85192960055336,10.592953293096913,11.129569275536829,4.366773,0.1674041479169334,0.22646476000536375,7.448453,0.11420592707879529,0.05317707058083866,4.065978,8.978711559811243,4.130022956639707,7.150226984380698,5.695094730290513,10.854876017756308,10.071948164629058,4.659899065105311,7.065626517513759,6.871303969554403,4.460062058711242,2.996465850562773,4.0221037327066105,0.12236711892532498,0.04117654208930709,0.3102240080767965,0.33234221422260435,0.22771205244992504,0.18625664650402327,0.6391220179343591,0.22060875366552393,0.7438639574677488,0.7410216326351837,0.48380923106996865,1.2123173413952026
17300.0,73.21337,6.638995620917346,6.641419060261591,25.144972,4.870200612560361,5.0660710342179405,10.082753,79.28527710335248,79.82237280609998,76.16104190749395,75.94643544730967,78.2098808455463,77.16624855631495,73.2721188173284,80.01643918283547,81.69934667502939,74.9157023851116,82.60852854413399,81.44917101566243,7.3904975733515315,4.553652886103959,6.371896558872691,6.2531904604878195,7.71036809017085,6.636510085086108,6.0814285722367245,6.529378157009673,9.334486312007074,9.582044354088767,10.54225090294045,11.147081175447363,3.6651747,0.2590616598774485,0.3523415851545522,6.122848,0.20347155144193818,0.15959027427156527,7.372356,9.260059097900937,5.955527470856599,6.455849975643029,4.929942336057445,14.506566812813352,16.263827792981445,6.626898869862856,7.7099041940602255,3.7222215999219164,8.073726733879147,5.083552168508406,4.984685331827914,0.05827669574703719,0.07287837427428183,0.260511263368173,0.3114089365429859,0.07290505347034877,0.23498695579195145,0.6718395722434489,0.24073795643525744,0.6112244804243018,0.38664600989696013,0.5171782320498228,0.8719403744068145
17400.0,76.72643,6.35387939797926,6.575192493574046,29.050652,5.1932291786234295,5.260034514812042,5.5047936,76.24078741041369,87.45922205239394,85.64136134125782,86.28695170448215,75.78638119931452,69.68298259722958,61.81278701922209,68.69365001785273,82.89526441432457,83.4301604271297,83.30054935197994,69.65824685399589,7.130306144048066,4.522751046402923,6.323367295183299,6.688584611869351,7.566213480574195,6.862096446036389,6.244561748940221,6.769225285816226,9.58531665882276,9.674613151106852,10.193882201181674,11.04904631479234,3.6306667,0.3359143037228296,0.34804307194467615,4.3145304,0.32831053217307693,0.2931594897441799,4.880681,2.2922766749375523,1.891751319159719,1.5440878386881192,5.745451323665504,5.251939072006286,3.566980539486554,7.8446993026515575,8.68455418508509,8.786890185755126,1.2882882963912983,5.800025406130953,7.525907360259075,0.22156029536345723,0.3044048629888581,0.2760872246874948,0.12192236536763082,0.5667193443906621,0.2596604469196551,0.7109695005506492,0.19707485038594366,0.5612638232929881,0.9231954121653849,0.4050069979182071,1.1792884523825942
17500.0,80.32794,6.551438907500177,6.574080022715478,23.612663,5.074125046122511,5.257322993346526,13.139506,80.52732002989968,84.51336923641132,80.231014743201,78.82216729243873,76.84417534132194,75.97415600964463,68.96600081218789,74.30044525871956,80.43384304469225,82.54522610120047,86.16120303144105,78.55255595091971,7.324486767678671,4.62776977026549,6.277548296320359,6.597353922614701,7.522237259840133,6.545950041216556,6.114050655169392,6.7460707639600015,9.66416523761798,9.535730638012545,10.504792035825638,11.37773747338967,3.7825975,0.41659439524249936,0.361535391957722,16.292673,0.0490082233861595,0.05711874467499333,3.5440419,8.319868891807724,3.9938620556481053,5.234964342743363,6.905664064471771,11.379854597942169,13.785716674424325,8.288505332705494,11.722610432908256,3.6576782498498543,7.5421714271487525,2.332691711728613,4.76554669063389,0.27321078476401006,0.11226418915264422,0.10237956169776904,0.20002790413234753,0.379853172915353,0.29740867298914425,0.6594939997111517,0.3205873657531815,0.684619244879028,0.33741630334388717,0.29751399690220043,1.2188932347982164
17600.0,78.432076,6.594812726901388,6.637595184179024,15.433461,5.088349764906539,5.245953130966424,10.315936,88.674174560601,77.88380336055717,74.28243763991468,80.64791378345807,88.33190498814588,83.05989029038302,67.8710686695482,72.06203318974538,79.97382567026659,79.84844934774098,83.21377270743916,78.42495283171127,7.3203306209756525,4.583673658951852,6.334011458730255,6.452817094352345,7.746415368858558,6.530851890872232,5.924796252652798,6.494117319867282,9.623749415354409,9.599126688823139,10.438325336736286,11.275596647810325,4.2291007,0.41682396007492367,0.3747590808843096,8.045954,0.11286596473032959,0.11942315301419518,2.2715297,1.121384216617743,2.009243034833133,1.087208068357661,1.0355154750598075,0.5584972098392507,2.6606861262440478,9.64616311013933,12.986206413789462,7.497942763180104,5.359463386985273,0.4839088472107482,7.337822509573475,0.09702840842535164,0.22309774651020664,0.13992021468597193,0.10566839427628053,0.18289596287708754,0.009943129634851836,0.47775630895455173,0.22159753464525003,0.34071835539787076,0.8170032931411513,0.646251505531946,0.9249811882718999
17700.0,80.45808,6.456302044684663,6.310510888843535,10.8762665,5.196916482728417,5.309164683691981,6.9164557,80.62018261830477,68.1426946621507,64.32124635497019,69.78018432912232,77.82069445889185,80.03884819675982,62.35308935078863,65.70226046599085,79.65895008719662,88.4564474257545,87.16768581895103,73.26887565542857,7.550939993313851,4.6338334724955486,6.44637689634913,6.404562237917415,7.576363783341005,6.356717573797351,5.975927820358482,6.606210588972665,9.618503114899314,9.23610887947995,10.256407518550335,11.324868231885072,7.804467,0.7072103141720326,0.4640418688912403,5.4091935,0.2337493043067549,0.2291974988237728,2.8817823,11.16582293107357,8.939305475054063,11.272003524678556,14.816439006663058,14.16500166937922,10.146483097323223,0.23917302095282916,2.8915224205688856,3.9283314769616493,1.9047026536869454,0.7662902365367692,1.9157437606655263,0.3488041092072702,0.15190330899469576,0.18326134103828018,0.14169013764029367,0.304893739363073,0.31826330330635,0.30342839823535045,0.14439778668517034,0.35902872204815484,0.3039979518436665,0.3117607387488566,0.8541396183920129
17800.0,77.021675,6.180989958762598,6.309055625189809,22.066381,5.246595497172634,5.322171025629849,4.332705,73.95473309557717,81.74968036995887,81.77505343897461,79.79229614183762,69.52308233239405,64.85657429766286,65.00682828354846,70.73768567382103,84.6586380093454,86.30264239867394,87.47152953055475,73.04026238500983,7.190481308602713,4.665037002435564,6.428197849283314,6.885142771868776,7.47862247967979,6.651292240068822,6.55073688977643,6.757452058764429,9.609513803073286,9.37701389531415,10.07358141141822,11.014810556236108,2.0833244,0.4051414741484199,0.44018515793296825,0.9037506,0.2952855576663432,0.27705397904790735,3.5838313,10.437733324917257,5.1336989739323275,6.624134999690965,12.8118430096363,13.942483725331282,12.244600323412486,3.4537914098203735,5.5628657903447625,5.7444425352970905,3.40302892892591,2.162338210828624,3.2352970210959375,0.32856153476352823,0.213030099633554,0.4378141618642872,0.35127279180684395,0.42697737651637624,0.1317861835024721,0.06682490441181385,0.4957130328740655,0.34617248146851504,0.3720274398012343,0.25747862128746146,0.28462511081613373
17900.0,79.745155,6.477677443804876,6.569698735461824,19.81655,5.105919988851475,5.229450358197609,4.692022,72.52024063063135,75.86213017906213,75.9256850167795,73.90946066936687,71.24034346047578,69.84970559769052,68.13214640551158,72.69376713794168,83.25479785296484,82.5923592522572,84.98161739658302,78.30939584444069,7.225696848474915,4.536135681419318,6.397789435492924,6.693119384988315,7.540038826358508,6.730396479001375,6.505168282562117,6.636983121828938,9.621769494420379,9.107825193208827,10.48281181869848,11.068307268456875,6.322744,0.441837560339077,0.4981743862384037,15.044398,0.09264123769212859,0.19130517348051354,5.1443496,6.407791698812533,14.768137692422544,16.865793281333943,7.94375185778679,5.272830213394247,10.855773773772638,6.145848890260831,8.816034401923002,4.684983291294887,6.445267682866805,2.9722116078422025,5.980555350276383,0.13107228432370913,0.16435729393680254,0.22971903190357476,0.3001820969259655,0.12362910885431994,0.11598798690272567,0.4010595790487973,0.27087438520134766,0.12860601400574265,0.16356592465250816,0.25180238454394965,0.7392958884749443
18000.0,78.23437,6.41869230426344,6.494016500659572,10.124164,4.932510248192945,5.036643597248658,4.0136437,87.88752064823483,78.72537502172632,75.75077711973904,82.92505040232906,84.70592220287097,81.59226358845045,63.85165343840587,68.81473047258483,82.19795581451598,85.0872536682784,83.49435313113497,74.0076667824023,7.611995535622868,4.776843232913043,6.467674712037536,6.312982768903421,7.49383808841034,6.5437646793586834,6.209531218787969,6.637439132578598,9.623945218027508,9.35532569281755,10.294614798944194,11.315895441643478,1.0729599,0.30716817295420495,0.2646719493429552,11.04061,0.21358643559965018,0.12398764606550353,4.3748875,0.8982649026655491,1.6011189463232438,2.341047682558935,5.348909780486561,2.312888219948199,3.0716939123435063,6.957080177252862,7.15898874958426,4.182597685412424,7.807137779292039,1.9160122013294418,6.998185281443176,0.2720516701784535,0.34012903497252983,0.21979698951930893,0.6233969445690418,0.40512824705156,0.14039545067128528,0.31275053086375393,0.19306602959697888,0.36439922385561385,0.351126138801818,0.3950536670804263,0.5974140379067894
18100.0,79.34912,6.4560043185903355,6.586438363113298,22.493113,4.966180988655173,5.096749218485719,10.302353,71.4334094852889,79.81154024482002,81.38190104818267,78.45482187216477,67.9467914160809,63.16875939052222,63.84808589612567,68.8491938859347,79.30213290838384,83.06988530798846,82.79770209071869,74.06440276500113,7.364224223431637,4.667003191246106,6.634415393689205,6.7828940273591245,7.536619697869669,6.424590171630219,6.287730952128096,6.729574897866288,9.744541047378494,9.281223540271418,10.34293607682923,11.285462714234328,7.715675,0.5501464510911777,0.6124605407187271,9.164029,0.24469657980006757,0.18617365996576138,2.4356034,10.887267232345037,3.5218216474611634,4.490796090948509,10.037477885311105,10.314631348456839,10.311230091090101,9.024943992511796,10.81563761202041,3.8799103769244248,7.932157750185113,3.1105380303632795,9.0610383235103,0.1593216679598486,0.03760885700758051,0.466750288422594,0.3266909453432811,0.03579122836185499,0.1482541265775037,0.35823801474433353,0.0495334283934465,0.3291856855766024,0.1844041520876527,0.1461395398139533,1.0546931358976404
18200.0,73.02197,6.832532873358203,6.7531317593532485,11.050832,5.1853744534359825,5.2785011726679345,7.579058,80.72936734071303,74.00570248409929,71.28914936854584,74.97132251564754,78.18841740672097,81.12670601888392,67.48626593559503,74.57064755589188,82.3046786127956,79.26416461855595,81.8784717147931,75.36930729204825,7.467651396711691,4.713828108259057,6.65149618183165,6.960912318319179,7.501726209650336,6.608256403516641,6.401577633358055,6.901681518082619,9.804473279922426,9.18979637074097,10.373872265017026,11.119850201523064,4.595341,1.0379336536234673,1.0175961774111986,2.3127196,0.17437468715595125,0.1156825539079754,4.852088,1.9281230054051761,10.514910643485386,12.364191258517089,10.202445282985371,5.328060337962782,8.262191267944067,10.231552843189341,10.24407802568881,5.156011558030103,5.908656192395505,6.815519907030871,11.550188363247269,0.257031147339451,0.13557990407425052,0.05198351417301096,0.19368303582233728,0.1560216631690821,0.39632051302337734,0.8393356883009958,0.799235602326405,0.5310050097735947,0.16431145425607718,0.44159814499190037,0.9075108593872625
18300.0,74.62931,6.451372765350777,6.668577777690191,26.726812,4.959621886915215,5.111968844876807,3.1954117,77.20304997225973,81.10627950215212,81.49462162101266,83.30537000474438,77.46302803924321,71.53723886609085,70.12503686980884,76.1542787097251,85.61783044164947,79.43420816241343,80.84078009010311,78.20012623856256,7.544499510782843,4.732193070071895,6.579124942985686,6.632597727018517,7.515989682844201,6.553528575498433,5.979212367098349,6.467899003532987,9.661381191707399,9.373232087182553,10.526123080356385,11.365377499850696,5.509345,0.3998928065881025,0.3513828831335109,22.67148,0.217849644158494,0.21375560649323697,2.0996068,12.446621287068188,6.889727578825204,5.322203084301968,4.129192385571296,7.657787116433948,9.23976748945645,8.538493548003212,5.808176569092889,3.523180934507801,9.058931328858392,7.021583608955439,10.596331165361457,0.43549695350112255,0.4232578255632402,0.19183388263362416,0.4622440848825814,0.6524091411578751,0.3672594366369466,0.13001255748585713,0.25991048356064994,0.1234729312568533,0.5198649137554824,0.23897161038613868,0.5531069857408406
18400.0,72.907295,6.566206851152605,6.563279189999423,24.561152,5.092252864758229,5.187982034803227,4.03935,80.63691216206168,81.52676035346002,79.36400425083244,79.31787957816756,75.51268510493752,75.07092738734578,66.04021648008813,71.79859247828631,85.8294343731112,83.23566609126094,83.12490133291247,75.28177818861576,7.429369757447837,4.49974196581923,6.257630977443829,6.397475745999916,7.100653362856857,6.391106471435428,5.979379985347994,6.876537029867971,9.85969697597872,8.99246585096723,10.618773296143543,11.376537825697717,3.2056196,0.529903329147738,0.3688287396512054,11.585157,0.25734012116609584,0.20578437567694904,2.8869977,7.853719302581709,3.879137543712456,5.861769600377234,7.999785418966488,8.968235694705895,12.967582914306826,5.755896502629484,4.125658859181777,4.490525187556295,4.980043369646478,2.0557339517297923,8.145769197286537,0.03946347102152139,0.03494588482023435,0.32710400608100565,0.1279239484786048,0.15963242099957303,0.13569588347037537,0.5601053006307876,0.18806182428167095,0.437064374327731,0.3297695432295141,0.09870532413195152,0.6600855863775154
18500.0,75.68125,6.868745377735912,6.680146593120669,18.684366,5.097793619461014,5.2078935878931505,10.572223,67.24427674600697,58.59875670352113,53.48424453172018,57.81564120557223,66.78007238495917,68.84894239336529,66.7189451156464,71.26900419406037,76.60427935221118,75.71524669456261,80.17616986663741,76.05282482334655,7.438668145951212,4.671702251444712,6.4975488975043065,6.555548205830423,7.288044275048804,6.39328190162496,6.258838690092614,6.783789552386202,9.625110083803973,9.265042827769685,10.590551492310874,11.338481101174013,4.5440693,0.6984426225067637,0.5425549433534926,10.668377,0.12397575064416443,0.21755347563666663,8.641611,26.29554155034311,25.518025065696932,28.117961815304565,32.202679993830856,33.73024045863441,28.245947462498005,15.315217533755309,20.0495326883081,13.386856194487619,5.309180570395236,4.914861367394081,11.25034209956606,0.3350766221909129,0.22764274301498216,0.27595251818347305,0.3879824275526564,0.5259571207645746,0.1798495726641979,0.583859354367734,0.3867542635528702,0.4939032499000454,0.6216951790311148,0.1668984684897416,0.798938773538607
18600.0,74.42739,6.962979109521548,6.911615858167395,19.744474,5.251442530088789,5.349644301539951,2.3075893,67.09970646247116,65.9346525047148,61.58946598850355,67.53921662558248,67.64628074561917,64.96534258375921,65.69910624002249,68.92572574432643,82.5569781729085,84.08110329693717,85.88207338996305,76.07266208972094,7.2739571111987145,4.40296546950576,6.555508693083666,6.474725557675021,7.552963972892073,6.675742402702347,6.528656821124596,6.885065401681511,9.788096351806331,9.318015046374496,10.357731678727392,11.477529992609439,1.900196,0.7172814881912052,0.5063404257370724,9.482811,0.364937834591505,0.29538257751608116,1.6438835,25.921269667751098,34.263407606998456,34.10851404228071,33.756062480663104,25.99165194815709,19.571251034358546,4.820581076945727,5.4678118259192425,5.583646345429567,5.3060523056830835,3.509223703909202,5.387456713541351,0.18551838988237976,0.18928949537955855,0.02022841767934218,0.10495085849735128,0.2805312108975069,0.15489776193606056,0.7902174310504672,0.7448663322349297,0.40158993544870625,0.18532258682134328,0.6457203393445142,1.0087004752165247
18700.0,76.48058,6.479008688606352,6.3863427725126405,20.155777,5.053660474568901,5.140454394097081,6.6013665,65.95340542634813,70.53850537914158,66.18117679983013,63.8106844935171,60.42043667149628,59.46755698490594,64.67705426478045,69.27871211161674,83.19804638130222,84.68143553464837,86.71330815230858,74.8302086011425,7.487077656003399,4.823733887102862,6.6131608737085585,6.509982721013432,7.530752006828319,6.563928425924452,6.346682894000453,6.667151668219485,9.806979836377593,9.083610559846948,10.606699045215892,11.952204996856592,0.8792117,0.4754946677729714,0.499030756478105,1.3654583,0.09310097098469422,0.02839287567790959,3.5137057,20.824752942250996,29.009631986828467,33.76580627674175,35.07280422422289,27.5150895883205,19.219967735638892,4.732376948254813,4.7570129836880986,5.216724856894539,2.926688445042143,1.4303324243619004,3.6538648975948975,0.33317252129135416,0.30102725545963577,0.10686180329568513,0.06034791009116301,0.1975929703050843,0.24549542033811578,0.36086796864933907,0.38797695169071833,0.2470656229464218,0.1849141032133216,0.3316724977988917,0.7702680512335087
18800.0,77.185265,6.49980919094375,6.305193449668721,22.0513,4.9263487339357015,5.025805850870769,2.4425328,57.55869367256284,57.88353986386881,56.06423839497757,53.372338713157234,52.75425395842081,51.327471300193515,63.88426414391665,68.97522624427093,82.28876824943113,83.36050136004701,86.07369297561615,73.492873794014,7.545680370983807,4.686340339870669,6.509092565939863,6.901238895481426,7.610655187680103,6.645289161860333,6.474045794696217,6.746982653702354,9.288441129367834,9.14710523865278,10.101693362885712,10.902697403323437,0.71086764,0.6030096688122406,0.25938878860799386,13.429835,0.24383277488297564,0.17482984653522196,2.1405804,36.88909166037735,37.67253175076775,40.142131160587375,44.988049387731614,39.872907554279465,32.812987431005524,4.524157746176082,8.142081967803438,7.4959407189408305,4.487655179937614,1.424625425996626,3.7475171275867947,0.21274411193639195,0.05505813091303054,0.044126504554736524,0.15313518862581743,0.3776483579468984,0.13639549124437716,0.5444288818695192,0.12725079382115023,0.13923006900393636,0.2580225943614832,0.2078126452324534,0.5526840365110453
18900.0,80.22929,7.033710267689713,6.844552153711363,19.362803,5.201095059963326,5.363937978311369,10.577225,57.474039511653494,54.21213838907468,54.08496896997463,59.658800966918655,62.90864319759649,62.2320804294311,64.17860941167167,68.8119182175938,83.21357879502675,82.94835086144276,82.91046895513716,74.72651135108838,6.997208288398894,4.45359173441219,6.280592602405111,6.3910690302278494,7.497196221854579,6.756198261906146,6.534673292402618,7.010841271590128,9.738740322688555,9.517313662763849,10.436039633146565,11.219350389907582,6.1625214,0.845825243094909,0.728646204745528,11.5699005,0.25406031711410104,0.19656019923700732,10.185304,27.087848360189003,36.0670334241697,37.767307459129654,35.490996402077755,29.928510162683175,26.656752997308626,9.464491785363869,7.67801448083577,7.11467711817068,2.5024628609759083,5.601907014481501,11.19885645262081,0.2568195555512753,0.154100251699475,0.10693668086372222,0.11222489624559713,0.5534158620250249,0.31346231875567826,0.32131301331405454,0.373525037388845,0.40535476698659434,0.39159910123272373,0.6809997519684854,0.7267316928786017
19000.0,77.63901,7.01698696295897,6.965660500032983,34.488476,4.991830004447014,5.146715245092939,7.9990973,62.30982752936389,59.56693838961575,59.23106420807468,61.20978652179026,63.125723980704116,60.41064818139325,76.659393654226,82.29574151332457,82.64412836880675,73.12875956999454,78.08458751530077,85.46701047610414,7.584748990782615,4.950316647960935,6.765455557509026,6.7546221608489105,7.340039465563726,6.446330120978588,5.93437655164761,6.444606244581607,9.913153219348272,8.925693723994996,10.687278949839625,12.090334231721968,12.541871,0.5612519811182378,0.3239219336800819,9.525034,0.019519078436322793,0.048304549323288266,9.784667,33.33242247104801,39.49432832814095,40.63222033841261,34.33313105341804,30.54098182474765,26.441774813118332,4.8154086393038575,6.886876662646986,6.079399034434702,5.68356483654106,5.127859312307725,2.41657221147289,0.2762377458833303,0.2787823176066339,0.6479292228175573,0.5041188103526887,0.3890752753908867,0.3320636248901241,0.75628484706348,0.22276749236061807,0.6693111065694541,0.3399497562366947,0.04811852410130749,0.590304400498202
19100.0,77.45055,6.877429651690126,6.74016634585579,26.064455,5.083444521248016,5.172355814223609,6.6445312,65.5837112194045,61.14091564807169,59.063998345279096,61.88516496555042,64.00951301961629,65.54692691934127,61.14156469972543,65.37242981577141,79.21584771889128,84.63252149447362,85.63123697356134,71.65510884886048,7.257870745937521,4.546956039947941,6.377304280550464,6.45299468902606,7.651916830735073,6.574297100871064,6.468846297737717,6.493286936368797,9.470413181572027,9.286918451660219,10.441323557337512,11.356407610650137,4.1810102,0.7207936588891918,0.3912618296240133,4.506706,0.18324863277152376,0.10957745798685149,7.3123784,30.561087639465942,36.29108408557958,34.75710651600029,29.11225098304125,23.07792996539938,24.536831033409793,4.056324343858204,7.594818089007698,9.205540431770888,1.4116057446954429,4.505126307346894,4.853971205016927,0.11138367937301634,0.3006887048862196,0.298829004987737,0.20565239990250653,0.6349574910321506,0.496612599789055,0.6063774618701684,0.35462554240127697,0.24633604459833983,0.16359645658226762,0.27833814940638074,0.7516097790447258
19200.0,76.78036,6.873704676338508,6.72072109565606,30.50768,5.104239268935124,5.229494819348222,5.748909,64.9570938254924,62.52563559815852,59.03793300046982,59.78564809710037,59.45662237275715,58.23497118857378,67.39345269013148,72.81462381571842,85.28046405272109,82.43007256552927,83.89793474222057,77.3561573588707,7.389778336287304,4.723828592312614,6.857341715432607,6.879106764086788,7.415655816143743,6.393201341749378,5.897964328435152,6.513436743421244,10.123811819054866,8.979239188667611,10.364392148253748,11.68098590439215,9.921031,0.2937457453058911,0.128346806355475,11.130511,0.13758519470430217,0.21259115494842748,5.85081,38.21413404419629,32.76675708522569,33.47305816048515,41.643222322799986,47.02059731571584,39.64184430073001,6.6248078941004716,7.124588510070113,4.147225814922692,6.010878832424621,3.101186818009508,6.510692191401232,0.2717320073965735,0.15690868411996123,0.18613799587760416,0.11717523492380262,0.2804372996997434,0.1257799937656302,0.6419000314142367,0.21207973599453733,0.40804522306741986,0.13257750592130346,0.37290840374195244,0.6030372096584163
19300.0,75.52721,6.913530171913876,6.8037277538338286,31.627945,5.1756725940369,5.326500275799571,7.5275397,58.457018889853465,60.84492420343136,58.85271369196724,59.68345111028082,60.8070797602806,57.38795504719292,69.58594094103908,76.38924132814546,81.00777281278467,80.02126659247125,82.48179692282241,76.26976248220765,7.27908570420843,4.527137172389661,6.421387232372786,6.334377725763588,7.967644067896848,6.854514462484841,6.6886291424979865,6.724643226134166,9.786174472671318,9.334604320341795,10.480110403427632,11.314803537730759,1.504757,0.8486750545725747,0.37137527269227255,7.3897576,0.20590660680045045,0.1776545471332471,0.89574915,28.130123730773402,36.12032697012756,37.753630382882044,34.96378158388151,30.22493539888756,24.126614711244343,11.331421569223679,9.980346588570297,6.3878590553703125,12.11660927934985,5.96994273500977,10.216495563657572,0.25694530699799284,0.20667179597252303,0.09501306032621859,0.2932279738347984,0.35570056777156556,0.05258978660081928,1.2355354801329252,0.1440167358915666,0.30376726330070214,0.2728163550643979,0.1680548487952952,0.2886658893671516
19400.0,75.72345,6.926449840538768,6.799753276254992,25.850676,4.999937917534121,5.130902614061572,5.919393,53.45891110909906,59.05389098086147,60.830684376578965,58.60230543146154,54.40439082336002,51.25724499437282,62.814639410423645,68.24707178745321,82.76493529987314,84.32388528614345,83.81711454388972,73.16964453270953,7.258017157888955,4.615908685224203,6.375523145486341,6.433538062623704,7.809680810896553,6.5361974487706815,6.133343140659993,6.619048002248266,9.644354127260998,9.336840901757276,10.670735684820698,11.42378289396379,7.835213,0.8734284034546481,0.4286443587492071,3.5170457,0.11975340531093516,0.10026214844552565,8.693279,25.559882139643136,38.60268106923621,43.366049082044945,36.104116174205515,25.160341690270794,19.45131750915802,7.819572941155688,6.441875758667939,5.629364328917367,2.7524999858691497,3.6596092524831576,8.757322056866828,0.13229649560084586,0.2211286577019393,0.16741749551564636,0.07222632304495569,0.4686559740708488,0.09748005281613856,0.6039959393048991,0.38177576340756153,0.6241722709765366,0.4977119848220426,0.20310758697069967,0.3681433107369688
19500.0,79.86112,6.399835456057226,6.470876574333318,15.523735,5.022668252841956,5.129535626566082,6.360237,83.3769850635843,83.40397719038923,80.51982046270786,80.19724170230391,80.87172364864983,76.23739435613163,66.4442149658145,71.60179638058831,76.80767499534723,79.84983935960405,81.03457023175395,76.06809257835096,7.333125338584353,4.582364573541699,6.559946131568794,6.83657053384911,7.322494739688047,6.580189913756691,6.350956358427873,6.661631156109004,9.795654475976116,9.016946761359828,10.382241773281566,11.415773142662687,2.7768254,0.8429454266238142,0.8117290932123378,8.008436,0.12358698971281326,0.1307341524116534,3.1764314,6.048138035693567,5.234160441301546,7.181004455562384,2.262404683059912,12.593750942032022,10.222279572500243,13.689206081853069,15.96475842074074,4.941549203173329,10.886133442166411,6.180561559568751,11.705466023875774,0.07289099040644971,0.10871151576624007,0.3129761583824347,0.022585237235186947,0.18137412377862436,0.28270418505377864,0.7794549945795465,0.3242071591321081,0.39345211976202343,0.22999352485606966,0.7955524805937879,0.7548979483739425
19600.0,77.96063,7.116771310515207,7.1019713409524385,22.767288,5.177802573699793,5.284251313652285,3.0175755,71.20257027244611,74.43704597888085,71.27659919850072,73.90547620554048,74.02430296870419,70.80190659725808,70.05835346815991,74.56323307950284,80.63852216702234,78.45997417798839,81.06936354360796,79.09181155751895,7.218782898391477,4.449746479674581,6.227314503226019,6.3141509939555185,7.777696147813072,6.9035149954361295,6.585198344809899,6.728517508590887,9.65630084202763,9.405233850861517,10.420243572465209,10.991146330903986,6.400492,0.7295180625231809,0.4645966233585758,10.165973,0.29226213846756627,0.3105718194115357,1.1061683,12.23161564208438,23.588392487155552,23.382568937785596,20.399513619678455,13.689558566984793,8.097949767453425,10.732204331635044,12.710865238412318,7.408177681748789,9.180801478643446,8.266228274573328,8.9189345846288,0.39967343039603825,0.39570856961944967,0.16979117835761792,0.134688682727558,0.1474643986327927,0.243724020710284,0.8384429666860628,0.4520868199620451,0.2747198236995425,0.20844880681856426,0.505954417693888,0.9148093621728254
19700.0,73.217964,6.089847745914613,6.147907653249,29.446684,5.175309666399257,5.209389607265361,5.527214,76.82520553262712,80.96176814356113,78.13689609110804,76.34853738003069,72.169862461221,71.422949835907,70.12324659180088,76.85701154945313,77.0642410371748,75.22975381159863,80.33165498989399,77.44863011847976,7.403998650873465,4.654636511799548,6.714817424343877,6.962952903162516,7.619603748769852,6.701340855825575,6.35406758114257,6.952528694611566,9.432964158953963,9.236109882598377,10.200548271764937,11.237646098538852,8.4325075,0.4721076643105815,0.2784807334762422,11.871414,0.3805214968402066,0.1721314827029856,1.8605776,1.301805761155754,12.105217224801931,15.059357560387271,12.880724682396687,7.79923588432525,8.348048911223334,10.196937203940356,14.768813576326272,5.387807102530827,5.509980426843595,2.018914131436399,8.961918195075581,0.3693146182861799,0.5327970152165642,0.2169119475678813,0.4687210778372974,0.44949693498302395,0.3805101005739727,1.0672689741538053,0.5369311269058696,0.31092626853866007,0.24538641334757907,0.6583181593246586,0.726323692056922
19800.0,77.06786,6.631472009062661,6.658592911002849,19.899887,5.183635425199355,5.261937135464765,7.5669327,83.21131803272765,81.19865784882575,79.04944121714293,82.89146657619362,78.67425782568742,77.78710481506971,70.05538638432871,70.68538181798893,75.50115763667851,76.81722267524567,78.48166307346052,74.03798258450855,7.362805327799293,4.642175693284993,6.381759966027573,6.542271894725196,7.572037984766863,6.461295424053769,6.048432280290847,6.585330691268729,9.619446584684175,9.195656182648571,10.56069954462974,11.43529958346217,1.4044513,0.7612557286890695,0.5223609260563788,13.87543,0.08727444424915441,0.11167271611501785,1.3648208,6.945892192410847,6.9036711573678105,8.548263062110566,10.036683666683228,1.2500859479831008,8.104923195143522,16.95214338990814,9.328377550927808,10.590018238040244,16.020926495675187,8.938817060041067,9.06230686710454,0.4488923769385022,0.40210576490477284,0.18456175298823219,0.3282000408670011,0.11016591713091618,0.13994695361840126,0.6208676461873346,0.20700179731706356,0.7614054447978534,0.31432883736324074,0.4219501428548121,0.9706058640190927
19900.0,78.94284,6.1852033653924385,6.406612609199978,27.319448,5.017535186274913,5.092102809645753,8.739696,76.43204006677219,88.5536759983231,89.2412998131711,83.02332226909738,72.48536256127169,67.79669182978712,60.656497195362384,65.8291850564725,77.64192325810103,82.06047328878833,81.66973978699332,70.50061749054517,7.505882736333753,4.685157037462293,6.6891972508885,6.856494217534155,7.376018813527582,6.57971144980223,6.161206626199001,6.964135672017093,9.838712354509774,8.793343214053278,10.17899182895822,11.347622966437271,4.2529945,0.5279260577484387,0.5592947900118068,10.260125,0.10040472703752623,0.18555550660348702,5.0399766,1.6661721168013284,1.807893711652006,0.9678076912434916,2.5679468769200873,3.4049653608851758,2.365173732513428,10.773424383009303,11.77732371327889,7.861849060348767,4.346619727014801,1.8555503598250334,9.09556922565089,0.30237034801036505,0.2765474993827568,0.14275481956024447,0.40589263307040696,0.43943044963409955,0.24788931871260714,0.6213322964570562,0.38507163271966793,0.24707996658624018,0.24628711081240234,0.4473117498253115,0.5366253192106788
20000.0,73.311386,6.170891989929561,6.322645267599557,20.691923,5.045713124797989,5.1767433280755,9.40581,79.30140506670726,86.63851705763153,83.44172964983201,86.55624907458741,79.68401639664306,73.5766225787691,67.89059998712611,75.03019463406848,88.87634111616802,82.40181638701854,85.5538754248037,75.60582871590333,7.552263977804411,4.747258371001862,6.467539363864705,6.6815114523318995,7.701382057104322,6.360078207456379,5.921387936134674,6.502095230060578,9.616240639747867,9.037069507578087,10.058015599055627,11.408068026451671,6.629566,0.5301708367736065,0.5298179453626881,15.48412,0.1363203040596395,0.06979858111439231,7.029229,4.8531512526304565,2.918011262348053,2.7622618237653014,1.7357737185694904,5.656711682657735,4.817205495185592,2.8906641289067725,2.1107718662652077,1.137726332550957,2.122715021878479,1.7279040450804541,6.194874428692945,0.1916941343910717,0.23207927204442444,0.09642707616306521,0.18577776458235604,0.4731720107962137,0.35868998314983447,0.1807920664991817,0.18038231661372847,0.6787821071710445,0.0165714183981893,0.6570044440096791,1.286429777575037
20100.0,83.363,7.101839684834996,6.955190910330973,30.168467,4.965433336114699,5.15240449020555,9.871854,53.81613096787015,57.28445636715569,54.89372523395904,56.81442264856228,56.009340335042076,52.76928359566224,64.56616419995841,68.4801652905039,83.1778063367007,85.49409743991055,86.5559066367728,76.81736258174773,7.111566127007785,4.559804304740722,6.514851939298819,6.6481856012280005,7.625588706560218,6.696684218139025,6.275988095534809,6.5133891933415065,9.656596633613251,9.12041911828365,10.258898091110165,11.35964262324861,7.2110734,0.5458652727722373,0.05290566516526714,12.033044,0.17487993112723035,0.171637937526399,7.012671,30.674811900240385,41.22934950440728,42.75070032460497,39.80835068462633,32.264554890941724,26.06974269825254,3.7510932945620863,2.9653871831773757,2.847943192892165,3.73321089222513,1.1888095745452416,3.824306373827178,0.28080088270634895,0.21187473720801583,0.46331938693563723,0.37239947157462694,0.21884303174492487,0.14822694912991283,0.24942204983395125,0.19603413465322173,0.24264320698989733,0.29696186734493296,0.07559047630247616,0.5838910352569764
20200.0,72.62946,6.852936420944199,6.9302698696291465,39.676197,5.108843812932276,5.2591441040744495,12.247302,56.97620652336722,61.48325818880432,62.27727692959934,61.5124626075903,59.20891658525164,56.44197340209961,70.14842579604145,72.97263673856011,77.43625705889393,78.04782879403793,79.6960645623729,74.8212624473722,7.404903464564073,4.659126286034725,6.340521879998728,6.75163837293726,7.670286329399354,6.659625130879976,6.238070189060416,6.631050675537392,9.693604684393698,9.40093878685493,10.42033005452281,11.22558422882562,0.6177668,0.3663839529832526,0.20895520156673625,11.429466,0.22195211978183121,0.14563587814247636,11.268373,13.781460730714766,26.798166539391218,33.80704594681361,29.107001201324213,18.367488665715214,9.89542779368761,16.726274805870833,13.929545564869734,4.253888107927121,15.183360581416107,12.616685580701713,6.0022015090446335,0.33889406013338363,0.11063873376456125,0.05891517876231786,0.1082243076469463,0.349903615702943,0.36098345341517346,0.22301428199197554,0.041758136565279956,0.4591087936537258,0.3539163415515437,0.41886890200384147,0.5115578063064181
20300.0,78.672966,6.514183081786064,6.616433899500895,29.652422,5.309898457283768,5.437120772227338,14.225212,68.58500279475378,80.02604095198738,80.04812888542136,75.21693201853537,65.94703079046175,61.789778933233414,70.48497453172746,72.86346794357553,77.05323454844678,74.2355459712286,77.36857295510865,77.0471194602958,7.473892103835169,4.764533591088376,6.643477648656852,6.816865311067091,7.659140154227345,6.530945476650202,6.388620231902963,6.589176207177762,9.817468145101818,9.5036407178403,10.344537864166682,11.369927272625068,3.2284842,0.6040008752490972,0.8434651025065482,15.720348,0.20051549854347528,0.18912428631832495,7.254957,8.059557557756374,8.92883938121853,10.483893664969324,16.038543456544218,16.835395260913614,13.068564399935207,17.13844609917005,15.640998141101297,10.594561373535079,9.992286450925745,8.250861226931015,10.503691255395024,0.1871799625912565,0.2031196955371251,0.17561775717278877,0.2780866149194065,0.539031448640973,0.2859559735038151,0.8956173483400959,0.11193939872891114,0.5491230529398038,0.445204760348928,0.9003293203084125,0.6834641657875484
20400.0,78.10517,6.1854394847651974,6.275657566718792,29.040075,5.097004966704391,5.236585272229905,8.44263,76.25748979985177,81.00181816683794,81.82797458069045,79.3277459113584,75.65249921852985,73.32740977786129,65.60875536812249,70.88197804785067,81.66955069490415,81.1424845392197,83.8338247919803,75.64567965986281,7.174074444139485,4.483743525792124,6.390029078888134,6.606477485382108,7.814819313298359,6.851684236395102,6.636477347414686,6.657950669672207,9.557758390571417,9.270623954789032,10.273519996053691,11.215771038096511,3.0940106,0.3702471358013619,0.4527972826426495,11.326828,0.30007102596044605,0.27453912725668195,6.6091633,7.677958031333796,6.669571762543429,12.81954158929481,9.17854149488245,4.887596887561571,11.556187081069405,9.765793965773913,11.04713144057803,6.953171530844322,4.747948683074126,2.587722748319498,7.741164752374006,0.23272982551376745,0.17905324819273222,0.09848459264615286,0.23047004240946437,0.3556382246203966,0.2423367934965463,0.41615508054858347,0.07643336514789309,0.6630637062439978,0.14054044585887365,0.35330756438159355,0.8675058405515136
20500.0,81.466644,6.412087962597101,6.572582824785859,23.344246,4.946199954349616,5.118635931431222,8.20721,78.15327518165219,80.88082861718281,79.59263476922361,82.77261056971258,76.8710524381891,71.54121524055932,65.17460316877488,71.62266783575147,83.59373350435375,83.74206888049538,85.11479633262178,74.4123155043369,7.363148932679984,4.676966421184862,6.213571057936861,6.400977132923838,7.767929728239216,6.550443861823941,6.103041674988145,6.71507217807732,9.488075517317755,9.379930032244966,10.24864399169743,11.178063739287603,6.0542374,0.37814974554223324,0.3516197675280625,23.790762,0.049030589901069316,0.040094091375102586,8.898352,11.891780861193865,6.434769389059199,3.9621264735064368,7.712422400405719,10.282286366922182,10.770893856964747,6.518202128871594,6.328287284563936,2.0691558481309507,6.48964194857757,3.805920270339085,8.06382123621443,0.3329893739459765,0.34325372199543414,0.2294580283644469,0.031707617974323046,0.5847967581673753,0.24380012309185578,0.3182086773565106,0.5679666404809557,0.2634012853763569,0.20089776069906468,0.4081750267912645,0.4384397612869862
20600.0,80.3005,6.982285443010398,6.809157932809234,16.905691,5.173317199950464,5.292391978489743,7.503179,67.83214722098397,61.48522416653106,56.93117374200444,60.88515129045339,67.44063560347574,66.98334820240886,65.2252255278453,71.29508244730516,82.54372727901016,83.62054196823418,85.45354093354581,74.14371214295497,7.293815495879392,4.575396056493201,6.622935379031699,6.594457948621063,7.704842096181018,6.4590601130066325,6.35916037067345,6.545729824855129,9.8974527535063,9.351413306930729,10.529943762708921,11.418223448982696,2.4468517,0.26283669259456055,0.24628601685855522,13.468623,0.09103148609715542,0.12967071993750676,4.38325,28.661336861562287,29.326470185896,32.33294075185701,36.87188966345191,35.87973890758947,28.77229049396478,7.645118705219694,8.280104519740968,3.5948103872549626,5.316836633686394,3.5562603406460043,6.239319742241799,0.2983188017516437,0.15028641631125905,0.2226299284548962,0.4701510599828318,0.29294272795503695,0.28263977368916043,0.5997509644530492,0.19982165284500306,0.35550222956706357,0.19922754148951888,0.32994044983019233,0.7566829787129471
20700.0,76.454506,6.730326980003606,6.820706293326942,13.090909,5.063273733459096,5.178462342694234,14.629558,87.16712149701569,79.12651638359308,76.47663759126469,83.53628010426951,86.57377114870299,81.47088907303787,63.04542962329651,69.25007144705519,76.43925227336162,79.82772566630034,78.77670209856507,71.18259777144021,7.194250928347151,4.595605320981684,6.405321390543921,6.685239704810669,7.661633613015259,6.6545963212338775,6.450934145004573,6.540715305975037,9.559635019352699,9.117218170896843,10.317930764016848,11.007969343589975,4.988072,0.7932911878273167,0.7810312002215885,7.092902,0.15588064549114303,0.2470280280817397,4.9271,0.8991817133348283,3.305212657404847,1.3157440618928151,1.9511955153314775,2.0104751825088267,0.7155234241589332,15.576557188843447,14.938546398237937,3.2887333742123883,9.589894379221134,6.559151243758908,14.976470957746686,0.02858486712835152,0.27161525462741604,0.3539043579236112,0.23023165627976253,0.2425971223785091,0.3335268028384621,0.18736612529247706,0.182304042342855,0.5888171283277263,0.31021950890142225,0.47896836418569183,0.5203992360256878
20800.0,76.74137,6.368862144860343,6.488402214358181,26.585184,5.090259143776312,5.198837953066358,9.2587385,72.50947543617086,84.45055013765631,83.81846968717475,80.31406761106363,71.85514695681682,66.50959382919568,64.11806666115739,69.41046065809572,80.73605964879938,81.88045874078433,80.95169963744236,74.78460052816392,7.554289802154314,4.851083970396096,6.6748738245841155,6.708345809009345,7.4741729771967504,6.259451897710975,5.678116956365741,6.541581255217479,9.77436009886346,9.36697437355559,10.455463486672288,11.431991589772082,0.5132446,0.6962405325885268,0.7619996500100588,18.9423,0.263989169020317,0.2669257459639299,8.540659,5.951511784221382,5.8069813817885345,1.4013647425741869,6.911183521379291,9.921437873451602,7.375743857307995,12.947424750694628,10.169021810170424,5.6160971580412165,6.534493719769518,6.57239091013211,14.262304923585296,0.25678748462002515,0.3361906848829011,0.3604060968535001,0.5465693057091079,0.5602167353176104,0.25918258128713145,0.41604980613486375,0.4691264180650834,0.3122521497885902,0.24285906633916055,0.7282689684256232,0.9591903784869829
20900.0,77.600655,6.416404759771294,6.483111445566759,22.340395,5.070009131346981,5.099654196396316,9.527463,85.6509872644203,82.03205222543671,77.7388646974566,83.46676884222654,86.6590405913269,79.76192393641789,59.19597345557875,66.24606158992974,76.57027810681785,79.99852289054222,77.15968312637249,68.15231656106128,7.081107355941012,4.319564938899888,6.528376543038451,6.826225283016062,7.568315853349392,6.642577841387257,6.2533286942270045,6.860531486098807,9.510542834776372,9.074019325638217,10.180154521603304,11.516798017405712,1.8175797,0.908701615053499,0.8621281407970869,9.461633,0.12698960505663398,0.1802700558145821,5.0922484,3.275390915142675,2.7812478938048693,2.5315884492192233,4.035347997958859,5.486062157336308,5.55311893338571,12.870504355771269,13.632672127608647,6.957795002191183,4.439135079369361,3.400651066728763,13.047472395638595,0.04990302607708747,0.06653265118614629,0.3332750809475985,0.1792360807768646,0.041804925214457125,0.3008904608779466,0.7613354443184498,0.36796719222171703,0.4800209794228677,0.38255125004019375,0.911212110478896,1.5987820799263333
21000.0,76.89506,6.270504519184853,6.3764862865641705,24.479223,5.218360239074399,5.308653829946472,7.4338326,81.15251520070044,82.91559092382714,81.1978526426417,81.99082519819422,79.14124348185216,76.49570766158818,60.65032517304693,65.55456659277529,79.34745950893792,88.72804919800438,85.15297566592766,70.34133822895716,7.036937116356589,4.4484488126781825,6.22150474428269,6.455071071822874,7.475152940549882,6.649353725179218,6.2996658248797734,6.679680919418381,9.835850160074749,9.517011694213892,10.283036835115949,11.085637468473253,4.6830134,0.2564087855864068,0.08360949391747759,16.212564,0.3710393091531607,0.3690522893313024,3.5663626,8.94706689675186,1.1034987133708118,6.6839204685883375,6.107489694821752,5.465082849040543,11.06972843538082,3.72805928581051,2.3633333105104235,2.6683172416588423,0.5282219247026146,4.314276064336254,5.688311885586406,0.1560372703703518,0.15551322937508819,0.022348439295553517,0.3136493001628787,0.3257196465010585,0.08265981535666551,0.3097949199797228,0.3733433418119974,0.39720515659119976,0.5091673613671703,0.4850623047737875,0.909954483629537
21100.0,80.65311,6.776480446728402,6.883265709702955,30.187765,5.120790739660581,5.282726957006812,4.188263,68.96920336558644,72.48028869765201,69.36242146130543,70.88184199770747,71.32495010079865,68.11482897615657,70.66581905104668,74.22066577065843,82.0251435864929,79.39791735439593,82.29695201420604,81.17674385523158,7.0868043946265695,4.579793240828713,6.392894824444668,6.550982599503119,7.606133027437569,6.600087033947695,6.3036263260577625,6.58617612423685,9.626581180378635,9.694109660847007,9.987831851476068,10.936754909352734,4.041731,0.5543496786516827,0.3378261938930832,16.19025,0.5001310968662814,0.48980833384422345,4.440047,9.000602932914777,17.72067110826373,18.135085210875864,15.8098125563528,12.226052778193957,10.132700694903756,9.995486341099426,11.637439926538494,6.880589914538246,8.243001625314227,4.248541098875866,8.318346226508371,0.06183307768824179,0.282059221142605,0.11515014222616744,0.2879947922763483,0.0752869442814191,0.35406590333798676,0.9382088845614427,0.3771894008621994,0.44620568054897203,0.25798744713276967,0.1589930281058337,0.5406113213693646
21200.0,82.180084,7.121588453504639,6.986741318206961,19.47083,5.079496893713819,5.24420931057973,7.845011,64.43782704596934,60.992957932562454,60.67703230705818,63.265569560840625,66.08814239522486,64.47531495306846,64.5745420534644,67.4670091968431,81.95315009870518,86.48319461830044,87.23928040714607,76.08377600762991,7.2511303389476796,4.591156117695079,6.436624674067375,6.607668482355728,7.783543136836084,6.534020464634941,6.346135875758727,6.538434942092291,9.868751474886887,9.46538909110377,10.400482692581635,11.39113920379564,8.190169,0.6340361072314409,0.47605079226323355,3.5814073,0.31823878644655107,0.28757674542507533,7.94155,19.197250194699294,19.772548261953112,22.351878134489382,20.131750868982213,20.213999919041292,18.723752954551077,3.682432207918648,1.2209218709788061,1.6592361478287259,1.7417692247764103,1.0081766464804123,4.5331818042965635,0.4486238052964027,0.11491485428347174,0.33425115282743545,0.2304308627656192,0.15865783093754068,0.19834067637070377,0.18386640334430476,0.3384552842327821,0.5266417062386833,0.429058542403293,0.3492466869624246,0.9740074102387255
21300.0,76.51248,6.767223344843555,6.614662170476451,21.09342,5.158530977441565,5.239952801242661,5.109698,64.08955414738284,61.24091788090636,58.0786896528036,60.261703811594366,62.92073158821169,64.39877342024859,65.55148953401564,72.64821755324319,82.4261520242307,78.58400092948199,79.58510132571801,73.053580082806,7.248325146590784,4.80764435575961,6.2269318826454265,6.710122854063589,7.796883286173116,6.690588293014713,6.158491989831918,6.515771513137408,9.22255036840052,9.728571051590627,10.050437763542538,10.970900796287859,4.094606,0.8415749666671766,0.5974345212025043,6.105239,0.06902688301963437,0.10513620180670714,3.8463922,22.403111253316112,31.263534290132625,33.666429532242205,29.22632001648075,21.848857654036223,20.05789617403407,12.13478934894826,10.199057354410986,6.992772797905373,1.9855547148103534,8.144183548827238,14.704845732481731,0.34234055880314024,0.24558999352330116,0.11085541473207297,0.3662059193754967,0.13703448154122874,0.07464855357832821,0.41443987420236283,0.14121129364165338,0.5040824993455464,0.05783728549114577,0.4733485983122017,1.1370221118007016
21400.0,73.101875,7.189597476668432,7.045292695238267,22.7707,5.096416303549712,5.279785507877726,8.584971,60.37883767199957,57.19929987221139,53.86462182620707,58.13419152442312,60.77222796942945,62.01131245875328,71.16224267274485,76.03257832613913,87.24526506325664,79.3277438760202,84.67619884128419,80.67029267961392,7.234590290680825,4.685945169552373,6.4182852128246095,6.866270653340993,7.638999261586061,6.448819076920414,5.8700177865536185,6.40167460639988,9.747646206533211,9.32523295673962,10.288429036130983,11.429533482348953,4.9743657,0.9046284431691782,0.6163640893805308,7.6316123,0.1924315730925817,0.18215454796495686,5.406543,13.338012905584666,26.733176267825606,28.608329923503206,26.05389818518562,14.339812296884059,7.6474536913680105,2.8650502256880173,3.555980685805938,1.625979932670879,3.6493304019603663,4.443042644256506,5.187024232488863,0.47664028628789334,0.22228796404230036,0.3071454465869587,0.1554480601376645,0.1968466416709444,0.46795792126958546,0.24774564147888922,0.27864371560097234,0.1830488124716739,0.15692043554544866,0.3401001180139473,0.7739370858263758
21500.0,74.79707,6.748567321784506,6.8957290530848665,19.02581,5.130800144109121,5.187215259927544,2.4896061,78.3487009913526,87.60985743688161,87.86834825632496,84.92927877813432,75.33567695706262,70.92712978595686,64.88588313526,69.0200898683615,81.61265269425125,86.60624888511313,87.59663976950992,74.97472931158858,7.267642650914152,4.600318391626335,6.411479914249701,6.480574639685685,7.513128029508487,6.362170993172346,6.249186602295772,6.584631837457979,9.645913836713573,9.485923352064903,10.579894971082494,11.406548821347508,2.4173598,0.5366363890746548,0.6277159556096078,13.098123,0.138330230877314,0.07474496376051516,1.8592534,2.90328126345566,1.4978652156276184,0.4074150088645754,2.756632451262162,3.22178465712451,0.6544926293269103,3.2388159565498245,6.499044750227953,6.512586868574372,4.878394111544468,2.706917640089336,4.044617208479029,0.11479288722083617,0.12467362620098568,0.1136107344151801,0.11642345330679356,0.4097263191709869,0.1333705119222556,0.4911162161426696,0.3929397736779274,0.12893373751613346,0.19054228617114835,0.5346275336690286,0.9344201954942832
21600.0,80.55592,6.165015685673066,6.316853167543891,30.044668,5.192399230841687,5.28020963236806,8.18161,76.22332175486262,80.59008419314242,81.42888769378304,78.94591941298125,73.37669470327415,68.17615280382171,69.80015826083127,75.1237801034426,77.09169515471815,74.97650947310358,79.24480743344013,78.07154585799418,7.214087193066244,4.492574649490132,6.282080484484106,6.603109033876945,7.455345565189553,6.505792867868362,6.341151955213299,6.729755933809636,9.63133671424999,9.517934582504132,10.19202083843964,11.376006760159079,3.2964768,0.6373722747314644,0.6719446849528142,11.332357,0.4723710125107886,0.3058015286841337,4.6866746,12.027845643592096,5.148601073078781,5.21091483483246,3.4189112795960495,12.057559640542433,12.013765089269482,12.925209224218033,14.565647661801762,8.202071947671202,8.433363064175055,5.667003999968572,11.198440027241482,0.46929809785898197,0.3180444293229476,0.24630022439743252,0.28085481720376726,0.16421515948688528,0.11903152166265299,0.6430516296189493,0.22545837513473482,0.4224249438803775,0.3397826955307576,0.36100197552279756,0.5049737061737145
21700.0,70.45728,6.297240606697669,6.3698065686527165,8.762683,5.072376860835448,5.215950041733525,9.67821,87.71517609159288,76.019963607039,72.89368048063348,80.68354071555432,86.1424703358894,82.8138415720373,72.40448020209945,77.39673714295678,88.21070255393245,78.0554265720654,83.37355071005052,81.4372291437564,7.306370292765945,4.80949980061245,6.611657664265551,7.13258576030223,7.630803860238121,6.518166307716085,6.378926429839846,6.740515152240953,9.39786867386829,9.438894481775632,10.178088153889236,11.366737309037802,6.418175,0.7369896728965141,0.6906592428505796,6.955397,0.051772913753056364,0.006146248987859613,2.7397165,1.2647438662270687,2.3048870724981603,2.200370697172894,3.3125831833256894,1.0259066495649543,4.129644868890087,3.3613683417180873,2.454088544085668,2.5334537070327565,3.7727099667939736,4.295190695308306,4.718029215595961,0.43722179199200323,0.346736690395133,0.613109131279386,0.5208746136284912,0.2828999845895212,0.14025883087012575,0.328491446915261,0.10634792520458362,0.21736086580152217,0.6694175561666104,0.37878331625713907,0.43654352019504467
21800.0,77.54134,6.401623399730639,6.4662382115491,20.280924,5.347112561088626,5.313142678034517,7.69607,79.39186451391758,81.30647349554043,78.51796251374175,82.62507858887946,78.24943321855865,75.64700096280745,55.18029398264332,58.89448866609433,71.92140747795094,82.06922560584582,78.46061663731138,64.89400187087159,7.220689507767744,4.563179729208051,6.454500473095162,6.804153129826157,7.530579083788342,6.629862507116834,6.554000852854866,6.7657634953230215,9.849726587414573,9.188177581089624,9.998814131297763,11.520479804080509,7.56828,0.5955454159979632,0.41254845322119704,5.0686054,0.2212119407032445,0.21632752624473192,3.25334,3.7592216303124344,8.996757085447038,10.64137391173508,10.52113514130831,1.9106221781927417,8.33575043169712,5.106936833855942,5.500653399353058,5.833884984886012,5.162365243278069,7.2030062124471685,7.437540475247373,0.2259518308965514,0.16675098147763096,0.20684818454228734,0.04233254105324402,0.21485352792538337,0.10344634303270532,0.342989104488399,0.30565942346265035,0.056716325287003266,0.38129021456801643,0.3963566453538864,1.0464616726867255
21900.0,78.30259,6.854202668511356,6.751067739025881,21.960333,5.093050494038138,5.195203736411874,9.343228,69.56261326338937,64.73909754747328,61.66484798644009,67.89937283551474,70.22942069261143,67.56346732881407,61.518202845958406,67.55921955004419,82.2150044136077,81.98988483438141,83.05961906380753,71.00966382637687,7.24529783404697,4.4384210793837,6.344556834297191,6.475238856272443,7.604332211134133,6.392064277900339,5.997868408281583,6.629015167094802,9.841772165248857,9.1249179192996,10.45530698278297,11.468002224292304,5.744674,0.7285249755740291,0.38737383180401036,1.6778306,0.2763877452002798,0.2324551229504327,5.467707,26.589704959648554,31.33527223400059,30.98279869101489,30.24362040432566,25.054003494458467,19.932521937681305,7.786518966476683,10.133519402338674,10.911961166360005,2.704328730005298,4.795313684565545,7.337514747706989,0.08714263149068831,0.16015240121425067,0.12634644933479114,0.12384465702277535,0.17361256490164503,0.13476461689800934,0.4550826463673265,0.08991353993291733,0.08743460367571715,0.32695230106364237,0.12571715948129022,0.8756661403416873
22000.0,78.73643,7.393555704957804,7.274692921026702,20.696665,4.925130054303078,5.087545897884614,10.976888,62.085426414681486,58.357724366236035,54.661675684823514,59.18106868773685,62.012510370889004,63.27211621764169,65.56064129433499,72.04920340689989,78.22174821067297,76.51856687085724,80.25301959121508,75.04903810672289,7.307353965650897,4.539523932742642,6.5291606824999535,6.539484436207027,7.849949606285841,6.415038398568204,6.003608898532614,6.502078330735441,9.688139527005204,9.794119016604037,10.541536823295898,11.489348813356287,4.7423916,0.5201480773545458,0.3922731311874429,4.3212337,0.01632583618897911,0.09106152405889803,5.5557966,17.30637430120488,28.902532873082194,29.09815947748969,26.687170994415176,16.966897377849282,12.710988558808195,14.88372331290799,16.43421338044195,8.798662709285342,5.7582481547124855,6.688667901242799,13.52142254611777,0.18912986338599785,0.05687334811513711,0.426413025496161,0.22340032874092153,0.5033106334022641,0.3755520000547374,0.5026907300324849,0.25286147566240563,0.4733558104429631,0.24360593833988617,0.39485511353430314,1.1525018920053363
22100.0,74.78671,6.3623941394664,6.5293702848303985,30.567377,5.0231345743262645,5.10683090613037,6.5551705,76.06486386197734,85.60181202021685,84.53031368719651,81.77529649244893,74.26768895481861,68.97533473016891,63.7126953040169,69.5494527825464,83.82355827123585,85.5101380349786,87.22168127982009,72.40746510045179,7.0465836106624025,4.524501020572141,6.460304286070834,7.134646543124963,7.61996239231712,6.62895079279199,6.37116473184652,6.716882198139302,9.787209065676773,9.635588787181403,10.039854475917148,11.437977597392546,1.4022224,0.5467209543859102,0.5486541641409444,10.796338,0.09281861613443625,0.08465928821611919,4.2053037,6.369692790150181,2.0673913608491943,3.3376018093986137,8.636530857439148,12.601484409876255,10.274409173874774,3.9356363587544014,3.9973573857946043,4.497583357060616,3.4659477791256723,1.8895618918806072,3.6351296200962495,0.16870789072785589,0.1101667983458347,0.1787776511733818,0.19282509777871296,0.2460616811162456,0.31084310221967965,0.4337950236183611,0.4627101276633191,0.23657909341969127,0.5432964182854162,0.4101840749968015,1.1851162871890917
22200.0,73.251976,6.094939272810882,6.267543251701331,18.478094,5.086511301312872,5.097200518702117,10.961497,78.54579203205368,85.41822977503593,84.99570114732207,84.63851706218686,77.18224234339927,71.15400161983206,59.22088244268491,64.5703549909638,77.66883375297164,79.75862232065877,77.31790099190164,69.28166819120436,7.317537827068677,4.779554600823065,6.593719636886509,6.7968848757289235,7.57047792351054,6.589903058276192,6.153601377673674,6.726534679841339,9.677459817424467,9.225925285168627,10.000710643468459,11.405622516316136,6.909088,0.6306908941970443,0.6324750875890924,12.048242,0.19420875482955646,0.07595932389662956,7.067551,6.350427850397665,3.7871674666894397,6.051343099046419,2.0844989530589006,6.943051627573328,6.7891929680416965,11.280456145229786,10.827985162020836,11.070724515536696,3.431293194093939,2.821208023212304,12.626888807406555,0.3274350113656258,0.28676747663303054,0.2856464950845428,0.39011163679519656,0.27842721763118045,0.3079857467799762,0.5566828902520548,0.4866053992371281,0.4004959972748085,0.6408707281529894,0.555274182839051,1.1923012485281796
22300.0,75.819824,6.21831851032653,6.334047358687332,20.639488,5.054502741146968,5.131819420052813,7.29098,79.91997552977335,85.62099171354812,84.80536230390526,81.37204386026576,76.58313745918704,71.57840607320792,58.9666177017968,65.53908284012971,79.60007954937686,86.60857642965732,82.81253151542201,67.44359173367951,7.404244175846436,4.830713448864979,6.383084857283111,6.575636481653696,7.747409972696805,6.752929820028849,6.257356953334768,6.696359150267838,9.241167243790285,9.231843178788589,9.981668567714806,10.911000920080715,3.294083,0.15198872076091607,0.20757629842347172,8.604505,0.239164915451934,0.19146609453264463,4.395513,7.048727139018709,5.156158613560688,7.92893206449843,0.15808328980135208,10.490274582415147,9.516223983417117,4.017930155518582,7.222516180346548,7.863629531019186,2.687145358686081,1.5720054083707709,1.8440979434143967,0.18044472750353127,0.18029818916566667,0.30157353190691016,0.2634910679506629,0.3209478153091189,0.24693407455958014,0.5213554096895527,0.19043963504442613,0.21365952684485073,0.19486040499700844,0.48259242911603617,0.9861289995784523
22400.0,72.16968,5.899366573250982,6.110271321433706,26.374022,5.281523537218619,5.223728589494298,3.877945,72.23570132150381,82.71926023484791,82.98649734790216,79.50884214668434,68.33801713151023,62.79044301432711,58.159941220333714,63.951365486395524,77.37944887625497,85.61322614160575,79.79641479019716,65.16252419687257,7.195748672456399,4.749172295400422,6.276942504669029,6.790450451341269,7.514943820608988,6.685143407207718,6.182692293489912,6.77378012708262,9.532830492546863,9.055752601919309,9.718674403275463,11.030976750423024,5.5923414,0.18839212847047235,0.20792256655123853,6.3505087,0.2746890524494688,0.1557191656099816,2.652619,7.329066421661696,3.103176629390625,3.3727245986769283,9.4277348771417,9.237846926047705,7.580173663412442,1.2578399858520863,3.035449441476942,4.419451593500977,3.554363043421499,1.6415046960498976,1.9033680905956596,0.2631781427953796,0.3600665744107154,0.06902556941061805,0.36948440886817513,0.3176615676426506,0.2688785746923288,0.37593426915286254,0.30522452427746066,0.43455842097411124,0.6471258339484673,0.11900877103153963,0.6427403357570892
22500.0,79.01653,6.218853108952018,6.399191588263387,23.165552,5.239129239058506,5.295377981977129,3.4609756,73.44841963978762,86.34279655324788,86.56538816902098,80.84200433138277,70.19356610339179,64.90921374116326,64.01605466456807,69.48342427322608,82.85313719429631,86.23000915547038,87.38587099128613,72.54509627386322,7.264513323141757,4.519664290105276,6.360009881229647,6.534363058277563,7.367965872752772,6.54688811109646,6.268980628314954,6.746054586481885,9.842447308869199,9.466811251475912,10.173529595928825,11.177127659870152,4.04479,0.35764742816724987,0.42510935031008684,10.543907,0.09489122486256892,0.11534717463911011,1.8308362,2.461175245162252,2.4651436091122956,1.6380168060083946,5.707904408940846,6.0752426442983625,4.63546363372858,3.2742647524533557,5.8018549885473885,5.83050550179539,3.4360471965509842,1.7890450046702766,2.033621230440099,0.1026743893624097,0.09237756068749046,0.2123986203716723,0.2922843157311982,0.15248714520423773,0.08923392813836642,0.6250321477371191,0.17765169923922172,0.3627670693246467,0.19817497516216265,0.2852026297216945,0.7833702466187766
22600.0,79.92775,6.286910389443151,6.442755812126346,20.85615,5.187732833153571,5.256048694684975,4.8692245,81.88979989807206,84.61436094291605,82.80981373676859,84.40127547595598,78.63595152598322,73.5719740934551,67.74139615295134,74.0684102497059,77.99329163188126,82.1646766677185,81.98269134290398,75.90360125229635,7.216756935781291,4.519589921361664,6.358504284274101,6.573422893832219,7.697348514579619,6.674356686958216,6.440885375368302,6.755549958674648,9.67504003981912,9.62716263410025,10.071884289869478,11.118860839605368,8.455466,0.5298903900714629,0.5111384925671095,5.1880107,0.25250648425267047,0.16416441451683786,1.2124048,4.571242534169559,4.080062856722874,5.550299329708345,3.8016494773117224,7.828371432802263,6.590436064123614,11.896747467233977,13.81131212288224,3.1212542642524572,12.611294583897395,4.813543697301879,10.437464930133425,0.1095889335540393,0.08515171007186731,0.351318578335173,0.2565738430533337,0.42724980467655954,0.3198658596483178,0.473325048351277,0.2012286453840624,0.3111222252677133,0.7319417943001262,0.06008251080563549,0.6567920469647421
22700.0,78.237785,6.227178484232545,6.359519426487883,26.029627,5.187408227956531,5.2818679509915265,7.1051025,81.8051511822324,85.33110202562395,83.41585804266313,85.67893888197422,80.49560186435066,75.00275436568806,66.76465542882606,74.3085707980265,80.535263384524,83.12119538336233,84.65994601620328,74.3526046871201,7.300265752198345,4.748091031309463,6.434461276705114,6.479279425894716,7.9369008661682505,6.7296599300738675,6.384085499814847,6.503255064030452,9.535062734293343,9.836949954328345,10.172323638924793,10.971432649764255,6.743854,0.4416929678579503,0.4181467937219804,16.100346,0.17139312247877012,0.26301299851903565,5.050364,4.7944560808117025,3.1172795140131937,4.956034179186146,3.6011629184774323,7.686480685065017,6.7991672915725685,9.512798050900486,11.913942679888025,2.224367535674896,8.914684925981652,1.3802432713727304,6.519620196617949,0.1334654821206716,0.3390399212535877,0.1947243503896069,0.2056355336905832,0.378620452002784,0.6265248228974366,0.20592993807233176,0.12433263453430954,0.25549066937504067,0.6740300012509016,0.43234783606987404,1.320241560950324
22800.0,79.72022,6.1005885334061505,6.289526031210275,27.032751,5.360443599398809,5.418849058812143,4.5188575,75.06583279119077,83.97397364528216,84.75304850212001,82.55639921978918,73.33805231235998,67.39055682840078,65.55713024913173,71.25509429281396,84.44117585096603,81.75531196515713,83.91628817931591,74.3832948552784,7.2059317914969085,4.6447375027133715,6.414462737493952,6.697640150255144,7.741878016431087,6.599485313149979,6.407260050849895,6.502833770217361,9.726633280816388,9.358924521981963,10.059366498633784,11.055663837691654,3.6038897,0.3633339227903475,0.4650060592166757,14.736176,0.4475282143830888,0.3229045640465486,4.830992,7.04414218755787,1.6808863659609798,2.9295456357572376,5.647562198350677,8.031213664496134,7.225937637039432,6.143459989737349,6.9348095740956035,7.963569481403899,2.3945990955374383,3.4745082908911358,7.092819205523816,0.16533541090275441,0.14379254396249083,0.2483774010951725,0.4219363006089944,0.42710742298205745,0.45204996937221964,0.6135200993264986,0.15562502255933894,0.29177073822870164,0.730305674621277,0.36805462611854245,0.673793538622994
22900.0,77.171776,6.243755764508461,6.326417626328857,19.274635,5.114871931418738,5.148137002462575,6.358213,80.96440310351169,81.20823450225087,80.0154593681274,81.44429607134877,77.5675317528352,72.4355417718122,62.1451534433099,67.27453454645894,79.68510738293581,82.38251825293462,83.0279508095415,71.08567316046573,7.201206883130227,4.6139111969048905,6.3437347014096686,6.639704499345356,7.459552000711846,6.58305745708124,6.264467689605508,6.648808556709338,9.765516590703223,9.370703783967096,9.953357409567307,11.085537564292068,3.6779437,0.6367079434642341,0.5903502455293109,3.641476,0.056387554771540276,0.14921621657615428,3.3950179,10.837330898207956,1.3418286519841471,3.4801559668574633,6.5475843931073205,13.095836970372837,12.36927550851314,10.113638340638603,9.868393345327641,7.786017503148077,5.099747689075265,8.303975200102744,11.572130595703007,0.2688445748952315,0.07660310670536262,0.3210474621679413,0.4716273961845667,0.39426811579947935,0.5443778449565743,0.6495337616980391,0.2773457249926023,0.17886767804229636,0.5165433463941079,0.6404245354291329,0.8143742884843552
23000.0,75.81433,6.030798569997745,6.135910820972906,22.156454,5.189963057516718,5.270045679055333,9.6193695,78.68770482540803,86.78653878266493,85.82805947917889,81.09701863796892,75.38663730992643,70.39591352644074,64.03927991048647,69.96529047282537,83.61826199324634,87.30796633448618,86.41997060331353,71.68688467179356,7.308764486000236,4.6430938745304084,6.412206039264793,6.710850452892147,7.464881750100955,6.40162336211841,5.916409833122231,6.55650857804865,9.853060794824204,9.279462572147002,9.94285042707185,11.156540683000449,10.6959915,0.49711622481810086,0.4393502931217885,13.784715,0.28897390561471165,0.2959446401896526,7.493278,6.526723970249287,3.2063544023635733,5.707416961111559,2.3026830088164623,12.126711340283974,10.734639735980453,3.385523080927118,4.569610236255508,5.009299002370613,2.434773144261294,2.863858572623504,4.276972434974616,0.3625960277593905,0.16457635255845873,0.3366581859202862,0.08637888974370694,0.17848261708853344,0.2495480648776514,0.3994348016065959,0.28963387883826286,0.5769423293440847,0.6562722074811418,0.06598149550416754,0.9083700298447047
23100.0,74.86022,6.335664508365473,6.4166744954058395,23.689447,5.399852905919215,5.435032654752547,7.5455422,75.57735493940584,73.47301426192136,74.07875307047085,75.21925837637913,72.08162158061451,71.41221455971846,57.458928581378,63.6411632491947,77.23663513368842,84.31305098184517,80.5957973470786,66.2350379655904,7.313187791687279,4.48910462424832,6.523546972011952,6.568070018622496,7.29153097378984,6.3336076663243075,6.076046003140757,6.737872250136392,10.048292242778338,9.2941028114953,10.416898727188281,11.61898196715512,2.6212234,0.43880567500061046,0.45218878880434704,24.010567,0.3218418465282618,0.37547520757793124,6.427195,19.095281362550544,7.355861834692497,7.065956563934665,10.24505105040519,11.425190434747782,18.808718882816517,5.624373180133496,5.982935227404613,5.299796232468402,3.5048704201266188,7.0516068161338366,6.319782338326078,0.1426414193407131,0.10971298402544097,0.09423812642366121,0.07412674074544855,0.37961544799535324,0.3130370143379043,0.495482384281533,0.33521606959093364,0.6329919604133606,0.6966365988665947,0.1356626514373746,1.2211210857609454
23200.0,75.01715,6.713762050746165,6.851083547016647,17.308327,5.128849998419416,5.241039207843945,4.8199463,83.22600975204624,80.7043521918386,79.33662782798946,82.22911064505062,82.4209203455348,78.17722773727077,67.46541312790275,72.79637933970926,86.92130612845716,82.83246558859143,87.77079784539767,76.83445737210627,7.318007782879217,4.666320067337786,6.472164350054271,6.784172845027075,7.359419861576758,6.46032151660857,6.074587341882221,6.598821924273497,9.456740404339849,9.485332881630434,10.353960570579844,11.028774220115375,3.5882452,0.7006215538217696,0.634843697381674,12.421119,0.24618860376558133,0.19551137007583758,0.5923581,8.310391175150112,4.50657160366696,8.941454146572264,4.210654987414743,6.106957433494343,9.59836157068401,2.513461042569353,3.8203773630200226,4.915732255114866,4.108197864461527,3.0441304394397672,3.3386762428027312,0.15212095157741523,0.17481591420482104,0.20848326267004275,0.2329850475118119,0.28043191498960324,0.025752093726785233,0.6166769082216016,0.4879576477206652,0.12585969611285625,0.10114527629359182,0.5585487693751602,0.99224032205387
23300.0,74.36024,6.2891108281131025,6.401089094829373,16.092329,5.129880663824796,5.21026844855144,6.985975,79.73416577368626,75.8852705968364,73.57526499060675,75.99020623722471,79.60426049792665,77.06866464806474,64.7965592339332,70.36530910190369,82.93425139374463,81.16914614699097,82.71110351283504,73.82696562332562,7.4493484083145,4.783045403060654,6.464161870476315,6.540994949136323,7.418240757133316,6.30188820440717,5.9918816443824285,6.712148994586275,9.603292705601861,9.315161197386956,10.050809859042447,11.077442575398086,3.3798788,0.28990841281676966,0.33214960766820056,17.303852,0.21273599052975714,0.30164223415331337,3.1168065,12.625895230233937,3.999418169832916,8.053726725581589,2.706687238112827,12.235238405166138,16.593416915287648,11.524556742430546,10.285996897046823,8.502004556803461,3.5724672630501644,5.419970057703589,11.482526953474176,0.20290914216115152,0.4715622278078725,0.03540596626709474,0.09248140499899733,0.3598174504910462,0.1280855811830837,0.16753061623545598,0.12044727448398741,0.37962337978104166,0.3974077012778919,0.4403574374932357,0.9921190748645872
23400.0,82.439735,7.262030830831541,7.060726174795441,17.340109,5.086631621340269,5.29687718125085,9.507968,65.1888862053418,66.70593324388308,64.93172906615594,66.10004199245624,64.08459405583,61.96652067707191,68.43388529296764,74.5416056675391,85.25079031690372,81.60043359734607,87.49671955651901,78.07838570130768,7.090031208096751,4.608510581007599,6.1916865390375095,6.529654051109323,7.760537595413737,6.588447188651423,6.178922868983601,6.515463018478303,9.406495969154326,9.727695864910732,10.276535613357673,11.103394735601837,4.724269,0.6572059973409243,0.27761210776551987,11.781964,0.35638382500554827,0.3582184900731643,10.109783,18.297369142823467,24.003268819993085,27.009704743856055,26.34468394255036,19.33278911357506,14.136777118307384,2.3353806444696694,6.639566811687025,3.937217906372914,4.952823152152033,1.4152521403166418,2.2544420577224678,0.46256894088121914,0.4818391270373213,0.2476921367011038,0.360145789903782,0.5545823097459333,0.2619220424145177,0.6751419788965716,0.34766607940991096,0.4971086444427472,0.11118266694660274,0.46995296687530375,1.0620234702808857
23500.0,77.32159,6.373097867370667,6.527056240085339,26.30478,5.0425210391359,5.151914618933504,8.223267,77.26039408140058,83.49383975409444,80.40990191972678,80.61422533345403,78.40762816082359,71.36386851863658,61.38743976027342,67.97226920498487,82.17996698132134,85.70391847721532,85.10296376429518,71.13132570180493,7.404282059371947,4.807095974599407,6.606213043165746,6.92427474223057,7.5250687160005585,6.3914699064216665,5.876473744045318,6.555791870248162,9.590838817352937,9.229999326243147,10.264809401556342,11.427368858168984,7.6121707,0.8571592763301494,0.8298998400324086,5.9098196,0.08329099384388564,0.0932250661359356,10.343079,8.798577516148864,3.7729860210901403,3.7232412385375744,6.566458328586407,13.374391106540793,12.159490402970835,5.7032022809253835,6.955881795611443,6.9637038048482065,4.066434512212064,4.698672240010388,5.350919721890168,0.26958071154462315,0.3114882371552199,0.26157829609974736,0.2730563689567757,0.15139701821699483,0.15685765465023876,0.42986320322994737,0.24814228272156427,0.22138526711563736,0.17728083748536094,0.9601413046451871,0.9735316698068885
23600.0,77.87324,6.082020818978378,6.205238387951682,15.338635,4.991922256569532,5.091619185170447,5.3061776,74.66595252889236,88.12972047604846,89.77571016425031,81.85010390544086,70.9167734224708,65.72704847653166,65.00131297085339,68.8380499536813,82.93161295113221,84.64838742117144,87.05850313762762,75.70469198364306,7.363232147657453,4.757304862565424,6.722003500998613,6.861140652006355,7.655957765022038,6.681862284807477,6.158498169185414,6.750114780008033,9.495095095155436,9.166302772628988,9.890513347580704,11.080767889969922,7.03415,0.43614990598765974,0.4661174942120218,9.7286415,0.2355603419567322,0.21685740992976404,2.783882,2.317134261070791,2.0634417800222025,0.19758484674965818,2.6590243317179203,3.5449262836912947,1.9941197721633928,3.9860959650465917,5.8799203849809585,6.317269653680219,3.806069985841925,0.5249957552752385,3.0759558924854926,0.09384515095346686,0.2036310001864341,0.40582304168563893,0.47459968712332823,0.3197272061233425,0.1563500311414952,0.3018897900259409,0.42824082492194665,0.07232792863341073,0.30839385687569115,0.38652091722543425,1.1021670904081922
23700.0,77.243835,6.299276121849154,6.376857145516151,21.54836,5.1163871393880065,5.204297262496379,3.2962139,74.84354575753785,77.4416674384551,75.32240317566529,75.72117801954441,72.06794812622974,70.88626434365369,65.40916971917464,70.1166997031259,82.81735947988295,82.71124527797166,83.87949598164734,75.58648710160027,7.270261434351487,4.717946324846728,6.537182775929888,6.635648303683759,7.650600505279343,6.498647770579933,6.247135690214866,6.468961762000537,9.258886168745311,9.310380710004933,10.070812255821808,11.014045932494774,3.5630362,0.15643065367972495,0.28919952227144563,16.70484,0.21251995514789135,0.15400105326870175,1.8006525,14.447225526574845,8.161279319044498,10.394572938943455,9.849062470597353,8.564996911775214,16.204861696813804,6.3185988360463705,7.352591577838994,6.468350554812167,3.397152678547907,2.0731746865170573,7.168129104360223,0.4733989572422144,0.33376918364460834,0.2642937262729185,0.3969411022745056,0.35894440657090826,0.4079828731331129,0.1929370022500203,0.151787647070441,0.4964116743990034,0.6498917469405344,0.07618648869221846,0.6232968673250796
23800.0,71.990944,6.107265238980361,6.307022556469504,24.620314,5.200819705715859,5.251345401446965,2.0635502,75.19865389587463,83.81456503333844,82.2856955988672,83.38521576711834,75.16854186586998,68.44802467689993,64.41142473820658,69.19880285908052,82.63802556248787,86.49350668265247,87.76098270123002,73.51542346405998,7.172976421576546,4.4449981425069085,6.387575208655825,6.646924284872483,7.4591192631634415,6.516977204121244,6.543832115804141,7.001935073268503,9.787897830204376,9.532180351067254,9.946591167608885,11.180281652679964,2.2676075,0.19368089604634298,0.18765664771972349,7.7718964,0.15183803511907157,0.13178138505374318,3.1683574,8.717343360908027,5.177538023872901,0.18594795404278155,7.213026212101038,10.699229530211555,9.980081502700601,0.89897924318661,5.4630945346306445,7.030485946633009,1.5273836224113473,1.7711017595787728,2.6551755253208067,0.26470199950128437,0.13749547067924367,0.18477408419061245,0.037557738240371695,0.1781256560406089,0.32207746142483723,0.4283984917750775,0.2987293126723354,0.6032749120783926,0.26100924535773656,0.36375997831981777,0.777393473272758
23900.0,74.878296,6.317759864732426,6.510696625332358,24.117655,5.108522885410344,5.258835854180249,7.6888046,77.77129427989935,86.2980147095002,84.83246360833955,86.11076588585358,78.27192059755026,71.68581041915546,69.14381101932888,74.25364685868159,86.19772424673995,81.48174170132211,83.65797886221901,79.16883591721596,7.481679398424501,4.743287678403589,6.683031937849409,6.790089410726817,7.2317977228821215,6.345608223428287,5.924860874901686,6.499580598048016,9.686403699250384,9.439030414368204,10.101532365565205,11.54935892933539,1.2780958,0.4398517140220712,0.43300138029894947,16.430117,0.2093978770028576,0.21000387705479961,5.4943724,4.237569996028656,2.2732063439468972,3.5507911885261807,2.0502819755998183,5.0362938639318635,4.592106880323833,6.181011454704811,4.310171593692583,1.9014266807532603,5.619044486605744,2.8078519606830388,7.198853248107973,0.03678988863139758,0.0470345461804052,0.37958836289020853,0.08363938092667679,0.17693044674770322,0.12723837404360855,0.37812866897791403,0.22378996375275834,0.47624098866992437,0.11386720663187458,0.5747350745912935,1.0290425998839208
24000.0,78.69683,6.147337128302674,6.381758888091009,29.385324,5.178236855287307,5.226775351078647,5.3846917,73.33797681747609,84.1208479742787,84.99238867090945,83.17473142643603,72.61260890737921,66.44719940386888,62.31460173386392,67.53737383425563,81.29016307783375,84.99102416237211,82.5740959596928,71.61320817808972,7.15994129254836,4.540742520260172,6.317623977085735,6.467040493458158,7.377555817998906,6.502984664022324,6.396435398986167,6.9040829290594266,9.629615999472746,9.62901681912395,10.188502858062664,11.447396900451082,7.2764935,0.5321368436130509,0.5579257348519194,13.5535145,0.13018656408068294,0.2631056585621362,4.1576447,8.016477373005754,6.994393126016293,2.6952163467540293,4.377354571473832,3.572410697192786,4.202739770492093,7.472432170396177,6.933299404256179,7.335465517046409,4.5103362659952175,2.262221941891753,8.329557221690928,0.28383808772990726,0.11975741547637538,0.2411514779338418,0.2522294121610479,0.048361357727136,0.3878097038402968,0.21865099288632595,0.2868869210837442,0.16315333894419407,0.2507438082269302,0.5911637492396924,0.4698291727352719
24100.0,79.04708,6.183992663224661,6.351590832554113,34.440395,5.252854193822283,5.377261110459408,7.257914,80.40265876052548,88.15721541263407,84.97663022963589,85.81003872275197,80.26778239610171,74.05030553978007,65.64393767114551,73.61541757921043,85.90194734324946,85.28658150602776,86.58024135367957,72.58159970471802,7.198495107421752,4.576703793582479,6.331752782547149,6.474291097683732,7.319769055295208,6.7086462067853665,6.421262966122922,6.793597347387219,9.715803046178152,9.244562884796098,10.206332374615604,11.401544790281909,7.86513,0.10621819408419407,0.12344590735121182,12.697126,0.17810914675197673,0.08198105128956933,7.9395113,3.4310486508188913,1.5062515809979968,3.416254027000049,3.1581711551965403,7.710174037511437,6.361757358890215,1.6551760002429772,4.374948223297894,2.9681827294237766,1.2803518932268607,3.259107213482621,4.968351056132035,0.16312406635791438,0.2541001617765879,0.2724419774741161,0.40996704082549973,0.653097650981016,0.2654160883042772,0.3859715575074485,0.2912342369413099,0.27573418304002606,0.2794894811099554,0.4334696593320095,1.2877849680973528
24200.0,75.82479,6.102131373740608,6.210997477126864,20.087358,4.97248506516323,5.015663990601419,3.6003723,80.7351383543495,85.45055456768834,80.69959039421927,80.19673215977522,80.32442875465188,74.25694720690676,62.0581663808905,67.50961027700379,77.0907034206327,81.21721357754345,81.02058257611363,71.32088434463894,7.266827477566913,4.642126477906207,6.413840358636143,6.727780568826268,7.523316356438997,6.45582555515909,6.221395404126748,6.75005560822568,9.53953138807149,9.489377707380173,10.110873543784836,11.408468687058738,9.593969,0.31546010428518606,0.3097453796278873,13.145482,0.1431060226590907,0.023889963637632097,1.6175364,5.0807113008383915,2.282166847062317,5.283659080434472,3.408152984174733,13.332133474005362,10.328285152144085,10.670457568541323,13.11992145521837,5.763922674354363,7.2476616138428,0.9174064039383149,8.613200821719818,0.09032470696747345,0.27153136327501093,0.40634833838902656,0.5208858767994304,0.46999524711366697,0.12870310118730183,0.33215637470836606,0.07993939557229543,0.2935593374235269,0.1939576535852875,0.42619546976827294,0.9797730704305284
24300.0,75.33924,5.973372349717195,5.966450927368222,20.484375,4.98815419194113,5.0374831258824235,5.187884,82.62948572183898,79.4067463235558,75.08807700133146,76.89734081560584,78.07465217172758,77.07593760956259,63.80074092032288,69.83795360185275,78.56213932624787,82.4548677827978,82.18350713086613,72.68965169832957,7.336446493498879,4.74388229578398,6.313532804473533,6.764203952229825,7.285572487340754,6.484695873149993,6.112725124911058,6.871553888493165,9.62136720133049,9.00561865143171,10.009650548769786,11.354426840630696,2.2342288,0.4072869754069276,0.391797023273953,6.1276913,0.17647401216383796,0.12200076707896135,1.8873191,7.191885434578351,8.024726489516432,11.284871355876225,10.670477371095755,7.917352957068203,7.935834596944215,10.072869731355791,11.247748084950006,3.750790983000556,8.381625313844618,2.3120842868431617,9.134752965854128,0.2480555147183833,0.3252778381950491,0.13402200882612356,0.2760995515157292,0.1986897971836714,0.11699510165482548,0.353290649329951,0.30927046638750244,0.09421284244604261,0.3484217116455163,0.41064761256345284,0.3370874663572533
24400.0,80.75204,6.155300748431279,6.258256407928539,23.583559,5.180542183341383,5.2704138987385365,9.537143,83.45702293891635,81.97677923410572,78.2535538533394,83.11362318418583,84.36542663952213,78.92389534258457,65.79654497349206,73.50181579460123,78.18818651290808,77.48919025118072,80.05831784032955,73.1523470318509,7.070883523853048,4.451647334957323,6.164427698674648,6.441783545176229,8.069084714043255,7.04394535278697,6.464250987162487,6.8932719821810835,9.604095340258034,9.51667578539481,9.922288572048025,10.755676611462754,4.097815,0.33181474108912573,0.3834207161052667,11.060068,0.19339080323798163,0.2524834610322798,4.3979306,5.764885316679967,8.005439941669586,8.39950063956553,5.567624884805103,5.016003948361771,6.719126894178398,15.708812302337863,16.196525081232164,8.016388850204786,5.818036110957306,7.375282485634392,14.944918461834565,0.18313640546344476,0.05748259589932944,0.522403304689609,0.3079847059716879,0.45327994598916804,0.33387978412502445,0.05809819700584697,0.07863673807860379,0.38380316014938576,0.08554051532167582,0.3320711455517242,0.24367439194915236
24500.0,76.57196,6.933360815837232,6.7446783437745985,19.085024,5.115722089776765,5.298462529192336,6.7201133,71.8586475616613,61.04560842318343,56.20308570742128,60.82643995111611,70.37440633304162,69.55111263050853,71.63540202465121,77.08031935731141,84.54591593909966,78.25131123058065,83.39463295726556,81.10752737105967,7.169811271324783,4.412446124107073,6.452604375389512,6.678849310838125,7.608666410533815,6.334728603833803,5.862732657913899,6.474336327069083,9.762832957677992,9.316919512055977,10.393951737952975,11.482097244637337,3.6727254,0.5712803212419653,0.25168707543346536,3.8224258,0.3616806688027457,0.3082851492926581,5.541365,30.56713902746189,29.360969230269898,30.226840421648888,31.138828851819444,31.922796073546095,26.12895150669432,8.435623155192026,7.742489477595794,5.113352615660201,8.403614324782462,7.911387318184329,7.137408551949141,0.26787119667646725,0.091045704297939,0.22512613644488536,0.2654053638828448,0.4105096455666191,0.2353835866938138,0.2709850223733961,0.2040980800736204,0.4627846329212723,0.268015814263632,0.2729657119607338,1.2484873686178684
24600.0,83.29843,6.350680697476716,6.459222928380303,22.300024,5.177611947224323,5.3270180019359294,4.3290505,81.67375074970204,85.02302016647856,82.41434373667583,83.02967989798525,79.28601205032633,74.36015061388014,69.3445727357417,75.8580760059387,85.72196489293896,81.58588031508134,87.49148748185071,77.45378985240936,6.803954478227042,4.3138759236353605,6.237397390888681,6.668957875203868,7.457966646997829,6.740829891363879,6.413846617989276,6.7068182279895945,9.79862122471671,9.352540643101348,10.27139175835133,11.197251910728363,3.6178126,0.19247208695515264,0.17553894973918593,9.277827,0.1461005383041353,0.15218364280931437,3.0200055,4.9695634793778325,3.6418635060147366,5.224635769700015,4.373377910784717,9.755866896809849,7.896649046645823,3.2467914497362007,6.011346683052591,3.0005165697616274,3.412570698555172,2.4607804569753378,2.8427874917029627,0.05390422230525256,0.2890648118634845,0.25384303403983355,0.14782311603120726,0.4581939517752576,0.08760568970387173,0.21299015887514028,0.2054289693530065,0.15354661064125022,0.34600411137026277,0.1972065180496175,0.8339055218037547
24700.0,75.20429,6.363819465285829,6.422928595072413,12.770976,5.1423448377377285,5.197280835693083,12.208832,78.54019580489407,80.39151467891455,79.31685708698268,82.69094388224103,78.40779989723113,75.99852469066977,60.18708328786488,62.71216604479341,74.91197917881196,80.90991346772252,81.88154195171276,69.77726200788567,7.080392851010235,4.513507878524656,6.49457268101073,6.700450449322311,7.655152375979085,6.934137885479231,6.633566731272978,6.820323972210949,9.485545238072977,9.491240822099888,10.134176533929418,11.245519245185818,5.007549,0.8338592591756298,0.7121198797712109,3.527563,0.4074703025717692,0.19028088051169192,9.119977,4.7818601859793795,9.038289267186121,10.720609175301782,8.706230824484885,4.789790779160602,10.743104213819898,4.230481765220238,11.68344785655803,14.62354012369743,4.746031686159776,4.814943582607523,3.908341643379401,0.18885831079515697,0.13166672261025256,0.2139396458935808,0.1430600416572682,0.22846843996753372,0.13450717750250454,0.6509221565500488,0.4289383638794929,0.22529111228065105,0.31129112519106256,0.6639825315559362,1.2015593397888515
24800.0,74.015434,5.994522491815982,6.1755438180797215,24.777306,5.103540363874195,5.117919723148911,6.8763375,79.39381133841489,87.56566875899883,83.08238673669844,85.80988365818386,79.8998555152267,72.87954664280852,60.507481886094695,65.31359742650592,78.36686848930067,85.24360053321091,82.96341249500728,69.3942456892175,7.366657547235563,4.782959933427825,6.531753110516838,6.836581436821832,7.528849784464382,6.473531587799198,5.9915365894946495,6.532135208330819,9.443178179192286,9.189865629913603,9.714999434274748,11.100357709953316,1.4470764,0.19705697030700248,0.14842277132405157,11.041213,0.12194180676971891,0.13495821818071843,3.8816273,2.261539599511312,2.1258632228782366,4.321399520063252,3.6743084288088568,7.042052181573119,5.021828433706115,7.170523262577635,5.135825077976685,5.310563912128683,1.9813153373262125,7.908554443352402,10.2187608968236,0.30936488399873535,0.6061292625671876,0.674910623726678,0.6144023261647636,0.5059951838647729,0.754336251875153,0.6523652729567851,0.23591595870821075,0.7014889825834065,0.5830475034373228,0.2744577070798428,1.398288680694527
24900.0,74.74116,5.997333684926019,6.195392074919493,30.601522,5.167132993262402,5.189322306860089,2.5489705,78.3225158923335,86.23780193777566,84.86445460106519,86.51685035126218,78.78220515562477,71.94106333906572,61.47263224624377,66.94069651235709,79.6194557651227,81.70357168181958,83.03557766166246,70.58659033726114,7.294648658890526,4.6492191591291645,6.44880641941518,6.773534705434549,7.681627041934658,6.680242604056808,6.275430136569608,6.831571437970324,9.555468945681618,9.395318852868195,9.938455263419273,11.356166886147443,6.125554,0.2948525292481722,0.3031979133296264,8.112924,0.11920269298582259,0.25113319413768226,2.2911012,5.0505218747319125,2.725412748660103,4.088785474409823,2.4442716871711974,5.846824049549485,5.363682362554579,8.650213789380572,11.407909810491509,12.39209815986617,3.6828957309202175,6.271242866723902,8.467161907221024,0.06603324784022131,0.2856919818770855,0.30282627195303574,0.17428582651104205,0.2888988363316069,0.3413903111229197,0.4974727135833875,0.32273320324844246,0.20061547818365913,0.2388609381619847,0.4280878735840002,1.2159662104835018
25000.0,78.16163,6.295819097030566,6.456985730384864,24.958473,5.245632279645395,5.357813439899986,8.325694,77.53775847197922,80.40399153526337,78.84056261901738,81.90931260048502,81.02348014790267,77.42844453917546,64.1554473569234,69.4692859754824,81.11743525498584,80.59160197855107,81.64555553054345,73.95388391909266,7.57397738329804,4.954640385864658,6.580587381153797,6.7860940884919385,7.325565545788902,6.263969802010806,5.86708804194119,6.438324165471436,9.576097378151415,9.372217054514605,10.19598192948115,11.38119885215601,7.6006045,0.6088353188056443,0.47963909423725465,18.544106,0.42176427841478686,0.3857422431388309,7.5222516,3.129237895664426,11.080538831419684,12.57080457638778,9.360216463545248,3.733171223135186,7.993284182628178,9.663501594218733,8.667509068901627,6.108910618307969,5.454354849245183,6.303934316969773,11.047230133785021,0.35723761597780623,0.4184237079547136,0.42071941305201377,0.4202191836969426,0.2832461585885777,0.4526333182135854,0.5043867026215715,0.17771940052781415,0.5597308957636363,0.7191627711266378,0.29237873910468654,1.3523973933690925
25100.0,79.40558,6.729139284276062,6.5857549983351795,15.911331,4.9956952603659,5.1956587071321465,10.984706,81.48318810034215,69.3578782383181,64.46233797568084,69.93463678966084,79.28794809115715,85.75432539362642,78.20329174452526,83.73204197531514,79.54657860929808,70.8705727816892,78.2390283208266,85.21743972080515,7.3313166814957,5.013548907657362,6.534701881322085,6.935391213425427,7.576026837840529,6.337355449247316,5.863163019183595,6.633991391815101,9.692671676637383,9.263791142224882,10.285252928817831,11.22130346875857,6.832838,0.7880688638272375,0.6811141205938275,7.37812,0.4912703726512173,0.40341901414754294,12.030691,3.9979125452932167,5.32726603500572,4.6441941430414895,2.834482229195188,2.444214248601532,3.3206828525764402,8.112639405844089,6.704169712931221,9.91644555994113,8.777250515583782,6.7223780968862785,6.298289145421199,0.3469955731788881,0.4236584360021554,0.3027743437531471,0.426910846139467,0.4366635708266135,0.3589613789267615,0.5996150339884441,0.09517861362913305,0.8641174160481125,0.08202231615409372,0.8008698399571432,0.8667532958672286
25200.0,79.17658,6.382164359107119,6.376826817485341,18.278128,4.922936531755133,5.0325773352114025,14.84005,74.80407646246569,77.76776819327434,73.56890328946788,72.44990143916156,68.22611206968169,68.42383567221556,57.674012155772424,61.29995495947227,76.29367186705717,83.71497352504488,82.2192675184757,69.37842993833648,7.293195081049633,4.697169955254068,6.65929560888095,6.828213890248887,7.66642096593549,6.2954254878224996,6.272711690353144,6.476971895916733,9.667586062950768,9.35654500757603,10.241222775557498,11.277094784609249,6.6757236,1.0665257403460173,0.9069764510570167,6.949846,0.37531813241375467,0.20157601606288844,9.73481,5.493073929294635,12.481910747805752,14.40613152484466,15.608940016292385,11.856817665757143,11.251706997446313,7.05363685955967,6.968772070118245,6.746406424177564,1.3308125518525284,5.154553211491502,7.302596708691803,0.34564338493138475,0.27451500220677816,0.31661408772914307,0.4041044838960201,0.3159191302468608,0.5161566812299279,0.8449432737979933,0.40914583342278343,0.3840397677452376,0.12883565786076306,0.7755437709028415,0.6994199077419533
25300.0,82.157745,7.122868210797997,7.2803657377548925,33.203884,5.236617810893101,5.365657524811284,13.955768,81.75900138072745,87.52865149149982,84.21633027767238,89.21729365362113,82.32890884273553,76.57817065678195,62.062195718253555,68.08388572004317,81.46037245426352,84.11862969394627,81.3700664551535,71.64136233101912,7.275404874811144,4.465911254291039,6.453865276428009,6.490766895745215,7.29506898133868,6.3060323854951745,5.820524329344824,6.459273942952701,10.094089200225433,9.770685906713167,10.921999874229451,11.727177630857659,5.784286,0.9966642484122581,0.9465118104655939,8.093673,0.1543552656184127,0.27945469538847506,12.531027,1.8995096345736233,1.136613235246035,1.3311186998987368,1.2674273388850377,2.5589109623021216,3.343315540223514,8.659506465007535,7.417220437062817,7.516199896802445,4.114213144110149,1.916910631096964,10.455174144044664,0.1703435655533082,0.24663073762937984,0.15142544082145343,0.21710109836710043,0.21608164303504407,0.3134160524519945,0.68934918284473,0.2658938762161668,0.6672417004103386,0.43277190957839146,0.9533709701202997,0.8715905944248976
25400.0,82.88964,6.344974113303159,6.366978432149776,22.204468,5.143998425231165,5.246565694988068,11.523044,86.66869661945015,79.3977070881013,76.38182288859343,79.90645610044083,82.64497041448898,82.23197551669455,61.9340569531418,67.5426911894081,77.86527122868948,80.33286303096536,77.56626373407663,71.89951823465572,7.391003302269671,4.79118485194541,6.524455900623163,6.923148061138839,7.3841638932109,6.519728949424901,6.218403224795775,6.756974237446162,9.663245848204793,9.297523549216072,10.053161906361474,11.422816948906979,6.694039,0.23312549542665195,0.10734855335219018,1.8060826,0.13876945707152927,0.046490762633917916,5.5046415,2.738882287562107,4.894609242631428,7.763241669284431,5.795349206795924,7.213916693521799,8.872027077801597,13.585619495728471,12.45992591860186,5.7833130188488004,6.4440911458138865,2.7836236031255255,14.310348386988277,0.3643914276206607,0.41923731110634255,0.3047798202675323,0.23408388438547104,0.18399861115658458,0.13750215908814462,0.8002405891684651,0.13762051972674477,0.3802751438404877,0.2838044760929267,0.389289403903632,0.9636112882246892
25500.0,79.306755,6.200894986007096,6.402933761947949,31.731634,5.235653980718827,5.307491321162792,1.8284658,72.80773369701221,82.55319542817722,83.84098520466392,81.02499262972144,71.55357430645762,66.13661534602707,66.93438395195253,72.21458316893607,80.93354858719476,84.11672793785185,84.97266763347187,76.26618721315374,7.374573525843242,4.720296159234251,6.617563192137198,6.886868588885723,7.399527527969265,6.398111495510086,5.756689797967211,6.657623788248692,9.854662902611844,9.244282003446548,10.241113852990084,11.375874745392842,0.94218254,0.3411117023858854,0.5061604766465806,20.113365,0.18000666047796168,0.12088589548924991,1.0140655,7.878626296477346,5.097063429715632,1.2753035893387612,8.026331133043437,9.094253001197742,7.357172673247275,7.735424335784576,9.674495441166439,2.271918435003883,8.459015915644231,4.449973228655474,6.079353994608342,0.20951892099399336,0.14563290394747866,0.20228429482528015,0.35035920886535493,0.19259371952727966,0.1636768321379454,0.5541836260213225,0.33125036418010595,0.6094136631329683,0.13548047782321093,0.44733244420575763,1.1797679598086992
25600.0,80.274475,6.361031550211906,6.502506347611224,17.922424,4.973645106012461,5.09772871002231,7.770243,82.79240208061451,84.33075916245699,79.98965208809298,86.05639831368482,83.2163665519433,76.66332068962683,65.4089113681294,70.95148615225773,81.0658392958423,79.01700640024666,82.01844969721218,74.66400522085898,7.441891273926362,4.969034605365835,6.848846480297573,6.782188779804237,7.4224487093867175,6.489839417752099,6.044626567810911,6.704629293709806,9.71046146664588,9.099381466878862,10.346438115655745,11.381669405934794,8.293006,0.3361951500348573,0.3422935851008726,13.568407,0.09460798275331511,0.18128573899198763,4.428027,1.4733253375268076,2.9494022370526163,2.971811848233867,1.6150899580841986,0.9479199578904514,0.8193108126296527,12.005289610647354,13.431606114646437,8.817615405018744,5.831873425966599,6.40875938477301,11.250851318844127,0.4722636792048095,0.5886656762599375,0.20709297449621406,0.09452017392843381,0.4061950749551932,0.2109987882807918,0.6122543925835283,0.5315725267140955,0.28769190165074976,0.09050047882465896,0.6251238270965048,0.7652410583326819
25700.0,75.35494,6.998595730953387,6.827995373575033,18.285418,5.254646554082458,5.41809330074035,12.920959,70.68818409856328,65.01358763729701,59.89308462853126,64.61745200689683,71.0812000122854,71.96008302308162,68.77025409683716,75.7233818885104,85.90215377991235,82.35866936902109,87.91871757645255,76.83805139790046,7.333523586485737,4.667150747793364,6.324500516536635,6.404726976679182,7.854586445214163,6.634144530477545,6.23091758255858,6.590329101212833,9.896194215854797,9.61797926643913,10.438338038991848,11.493969076262479,18.892563,0.8834966613760966,0.6737267215883452,8.195689,0.07948768355258831,0.12168350488172666,3.1251614,24.397208190324253,28.585213479138407,26.780103943565997,25.690299453467752,23.251121253573885,21.167193969340175,4.15485022420635,5.851374054388494,1.718309017849315,3.5538045348523584,2.0523698308685483,3.197328514715731,0.3712196934198861,0.5178135322432907,0.10296209677081179,0.1363010331946709,0.07955598966971289,0.27152199448836867,0.36548117222133647,0.14546925469458058,0.6757106870169899,0.17984400747886187,0.277121016369694,0.6745538829027465
25800.0,73.21868,6.2317367728604856,6.41250426005897,27.093271,5.314428970360406,5.376768307205864,7.8830643,79.19397686514397,86.92176045550006,84.29983039869258,84.99314256304972,79.11868270293009,72.52579793185537,65.37735575015374,71.63816958350479,80.55746708228774,84.32437905844976,83.72438523077409,73.17150871179545,7.643295493650689,4.959042017899112,6.592307402390755,6.756551075661431,7.362835592662272,6.3282159226760095,6.076078822921221,6.810984077682455,9.89351212228969,9.31022253671536,10.271050518954965,11.227317052834891,4.809414,0.20973452992028666,0.22221469523066736,4.0423346,0.21499719439131418,0.18942264420986096,1.9009964,2.698375187536791,0.8107636604810987,4.723346731390782,3.4331262212549656,7.14183690628433,5.102786805878349,9.52937946480515,9.963221836719782,2.5684206391756574,7.705393214535964,2.598506386437458,7.931839054460522,0.11491997420510941,0.21913507061543067,0.5305568549347704,0.4850414051306752,0.29946551405711885,0.31125532361025365,0.8961145077506942,0.1754366352863856,0.6361693110674302,0.4644074454082705,0.33686000441427505,0.8284062348783493
25900.0,74.185814,6.65628286667019,6.761203013237129,18.876432,4.947135329405241,5.0812393048169024,8.490796,80.52987274249467,82.46156158022204,80.41795091884524,81.60898558759719,79.97577362554448,74.14124389722745,66.01424214409595,70.32740820238627,84.99816560263743,83.8358025252477,83.6821149365969,76.30471607804581,7.345691641837502,4.771414912295184,6.532442820740552,6.815794705092773,7.704214793917476,6.451256436701062,6.025568218238537,6.612737049484193,9.72560204775675,9.521065801174904,10.378141253678239,11.490469068283346,6.166952,0.2240159727846339,0.1490116105888502,8.20895,0.11450450461571166,0.07945034020766269,5.1696725,9.786568769594597,3.509154140557453,4.730461958806125,4.233561623590925,11.87488518990725,11.221428458723654,7.2674580225207475,4.53043597806594,4.084574566218414,6.743809397102792,4.97005408294262,9.792866877497067,0.3745980512225206,0.1631239746978718,0.3427144998815597,0.41088990978771395,0.19121532686938847,0.31338500449472423,0.8736718823579702,0.534075021645128,0.5794232507842154,0.2921526447660087,0.19493679701445363,0.7048745909770884
26000.0,80.319275,6.494485657751959,6.635973421797854,23.048828,5.241002446773866,5.365731700564166,5.726382,79.39304787027656,80.43925076442925,76.62001784226665,81.24741822451934,79.66729086041039,77.26345173364359,65.27751257013334,69.08339537157332,81.84987504316204,84.96822482671769,84.11739687631137,75.96981714919697,7.406114538038248,4.766135976650767,6.558731508041494,6.460052342500899,7.231980414758524,6.519758107378792,6.151602553074774,6.683145278641711,9.812713484148066,9.49033253284901,10.409736982735854,11.407178272226394,8.44918,0.5153146167634515,0.45961403829520825,14.895011,0.3366012612152684,0.2927853088656485,4.3987026,0.8441544520204781,13.160262286749148,13.161911693717421,11.344663117219994,2.8641245098994346,6.038804862995214,7.149965648664026,6.214492901373923,5.074179813672705,7.661759948612934,3.4220634633103124,7.978802612101615,0.06329181754894427,0.19979252587358026,0.15400281949264646,0.5763905390011383,0.1589894708062061,0.22655935060601498,0.23491314175685854,0.11802452285002892,0.40974817948482184,0.808443389027328,0.40337159894444985,0.8433841583204019
26100.0,78.07098,6.126574830380295,6.258571019146966,26.779974,5.306444849317915,5.356451764246239,3.1679332,77.31995369564339,85.49234521230166,83.54993099956862,81.93883202452058,78.38539111239412,72.16422661688942,64.03442062671708,68.1014196382793,81.18094178314509,84.98202640105994,84.14303644410796,74.36249030958781,7.235792834593084,4.553410674805792,6.409580755910511,6.523283148079446,7.348925824672804,6.5628583599011785,5.9851592215396785,6.567728037584899,9.838286468535635,9.214814253592705,10.291725371914819,11.309817550902684,7.253812,0.2870163217657454,0.3769319499342176,11.494664,0.19639579949719813,0.25245950168083114,2.5431828,5.77589440812602,1.803258774878361,5.01533724883077,6.1815553728780746,12.066703834163034,10.347529234032832,7.385373906136547,8.742113193232099,7.995487104216165,4.71098797731561,1.2721226953052567,6.447795880319959,0.2887261015963398,0.18352281081641345,0.5597927990672585,0.5664760738775221,0.4177556798717299,0.26806224397385514,0.7332339783217673,0.054490408957471426,0.5837682484024145,0.3736663153985899,0.37240237566545925,1.0273778920947652
26200.0,79.249405,7.095543036267699,6.850432487249942,22.448366,4.941575234505003,5.078807698314969,8.12073,64.4292093876716,60.25413206875612,54.77659965313496,57.936981824165855,63.15144679608867,65.43511113134862,62.968715080996226,67.31067487201199,81.69380055114597,79.12634783746351,80.33495511656245,74.2527729301785,7.3707995997159514,4.631215836560177,6.563115904975409,6.560697318640375,7.384698281971413,6.242305389650383,5.84768787409345,6.569196844247252,10.053341794648583,9.206250703787681,10.53908003942238,11.71897585684163,8.781586,0.40061832788265306,0.6027180145577212,5.472312,0.10780387660129385,0.1388498215440032,10.052176,30.14322743875106,34.0946613351691,35.855359583664296,38.58582187777581,34.691134606742644,31.375466119209396,13.20557300600586,11.880041433226053,11.387312156734398,1.0015659465809637,5.6311420146532445,13.46792728013576,0.20465086785735764,0.2542471996427769,0.24510733328130718,0.060434922571708315,0.2989976643189162,0.2102337296009516,0.4634610573827099,0.05076898377819277,0.8206571483832612,0.2642860617786083,0.7632962532185974,0.9341317562863121
26300.0,81.059425,7.172014779654302,7.0470874307279665,20.766478,5.211397839421623,5.39208085322726,2.2372284,69.62946871418552,67.27199344086029,62.60909282278328,67.45134781435009,68.24555736647099,66.45114451394761,72.12348722623447,78.26609971426235,87.19364783691344,77.70673318042567,83.58669947527103,81.37405921190525,7.21330760681947,4.481952748003342,6.450725693479337,6.540569842309252,7.279054688878273,6.449102988430177,5.8707586344322324,6.463783864186418,9.942269825700832,9.485789573389702,10.56973135124465,11.566212781747609,4.080897,0.633268761274843,0.31776910749872905,2.7691638,0.30691968922637775,0.30295620878290114,1.3855294,24.54373936016879,30.2097671523779,31.56215825313406,33.28482697282691,26.433533637910617,19.90977635681926,1.6551844997623026,2.10052692015797,1.3783880914080469,0.6830121616329838,0.6930622502348077,1.0465415770645996,0.45002654976123385,0.55968695763413,0.25584885308742594,0.22209521690190143,0.12165958570784446,0.17886537717172202,0.34752282789311884,0.39827235009110695,0.9152649555802701,0.17449728606653356,0.2832836647200826,0.7658754992709778
26400.0,81.84289,6.887099963563704,6.587258901362041,14.797849,5.227181728461498,5.374869469544502,5.6243873,68.44019097908257,57.50265103701955,53.09363168413103,57.88259440708316,67.58172560252335,71.97085776302875,69.24523416951189,75.37294196664662,86.07152483716062,81.10307087976037,87.0035570323609,78.2268415942933,7.3040685818506494,4.54977644449088,6.4801552000195715,6.807773912053914,7.344914589382725,6.459279271278807,5.963145764630075,6.692721490799362,9.822178035656789,9.301312935527314,10.206259893170953,11.573011100929074,6.9432583,0.8283611194751582,0.4379221521023889,11.492879,0.22263632977727954,0.23478629673054952,3.9567032,27.0338621738545,25.370593112247843,27.234294503772706,29.016966189445856,30.02810975786566,28.566659420953968,3.274257001744567,5.173977286225016,0.7704806602724908,2.944696203344723,2.627911937240581,2.161569679362819,0.23270943213799478,0.14573312885649645,0.12129246303438436,0.46325068333089214,0.6229623378473335,0.25783682360333854,0.3376270879563963,0.7366225261773913,0.1769033866175791,0.28516493412209637,0.05811536210365601,0.6220760423601793
26500.0,78.58938,6.631389274712821,6.455841499904699,12.308418,5.000694817906123,5.146643815290307,6.5656943,67.46716000938359,64.54172650645985,61.991223189389366,62.30030626526975,64.49077896017867,62.953635836526985,63.19577512643917,68.36340334999873,81.11905143572086,84.4886892460252,84.98927487539372,74.21694265519756,7.137263133824013,4.605807163586016,6.4588174933024876,6.8108495222730125,7.551391720294178,6.549149677783276,6.227157305953404,6.624080251605172,9.77181888601703,9.389411867209125,10.174553791404447,11.519647939411508,9.5344925,0.19699395576732712,0.2858427091853958,3.3561287,0.08133288381038307,0.04552826552190799,7.1900306,26.51327303908631,30.74166251823717,35.108990829398245,32.75680136460058,28.492554860296103,22.292453653118663,7.2770004527903165,8.512460218890398,5.105962514457008,6.4565907863204375,2.448356986247002,6.092347959897137,0.10954931406018369,0.10114811621290397,0.3349585152360386,0.1851179835282777,0.14863413677257936,0.2033034529011953,0.5178414530737497,0.06447291989353532,0.5314889874116008,0.07463821777355793,0.3890396484942445,1.0899536375369852
26600.0,75.591515,6.371379859568552,6.465501044964975,12.845548,5.089062048864742,5.2017592221766895,10.711635,86.36251064559234,80.41512808935,75.3313902370536,81.40009576588943,87.74535435332005,80.67604757844438,65.49713970711618,69.68598069170383,83.49207367598893,85.64499876526484,87.4802789011135,76.04154785659988,7.4306709895862575,4.720384226766918,6.5684422767828705,6.573254346600161,7.519044054377017,6.577843998162422,6.200404421964902,6.57338797816645,10.049028344943848,9.277740295550773,10.566702121225525,11.629742929392647,5.217974,0.7617237544584421,0.7545567899018596,6.697322,0.09871870975797352,0.04479188854304237,3.5396314,0.26928845377826605,1.594856444906879,2.6898187874365345,2.559842955884459,2.1116455255975737,2.0259177766892567,2.4642323967228,0.2996389527327578,1.9591673619922372,1.9113804063936226,1.503438594801058,4.345931041308319,0.24865289560854306,0.25435551452442423,0.32206206138793264,0.4278525138050236,0.18819695399808503,0.10077987254744203,0.588617188094276,0.4866295857684404,0.5783549575000729,0.13449645707729438,0.3462155878064218,0.5373131751500799
26700.0,74.876045,6.210458687198617,6.2414711286051086,22.793253,5.259709213615619,5.3197243282513265,6.1004434,84.79757203045416,81.89369169150257,76.11377623812372,78.48148367158093,80.89758091548526,81.6955348517829,65.1769603510095,71.03366561284874,84.39843533482231,84.95181199746195,83.92267489506274,73.66237483816342,7.720347936509369,4.9421761703150295,6.704925678217145,6.886254529946304,7.389856336495083,6.25424202786797,5.815952685355442,6.662635872339355,10.191792251023402,9.189780383074366,10.426785653750882,11.514078273675693,7.9280014,0.30514839016040696,0.1379635226485681,8.857735,0.2880630398823277,0.3209595360070449,0.53950727,6.613470317252985,6.895479851379007,8.950336122717415,7.807342861421736,5.129861861433934,11.145350957308752,7.027005738411907,4.663097134674097,3.318705438326607,3.2100944054716454,4.874286094277873,8.706965563192531,0.1693445330719823,0.11263513267763407,0.616364476556056,0.29610704791102366,0.4936977065405989,0.141341004352335,0.5765370851002897,0.36133992653821817,0.8586760280032744,0.2061444443584985,0.25963461505732766,1.178076398146119
26800.0,76.31666,6.865396018229295,6.715014830220677,28.654343,5.053616473051865,5.225833466902344,8.680163,67.4746655285871,63.074228518875096,58.12117442575342,62.23777304386612,66.84890881998128,66.38340408557676,64.06703668385872,68.73822089213822,83.5177450824266,84.18844572163528,84.38365808761127,74.53789006168863,7.36146493857348,4.789188172901426,6.464159145589229,6.651487964119078,7.2428516386985065,6.291367571362983,5.835520005148017,6.633410280812236,9.956385404443674,9.305489110208862,10.307620215494667,11.410591649074936,5.6448603,0.5809902975873491,0.21245784767066228,5.221819,0.1616664370908111,0.16031604134724334,8.531673,30.347740479203228,35.99374928393023,36.41850068718767,36.116687624460056,31.600909365552354,26.232953468550054,6.427079334989956,5.601881072414289,5.594116439568859,4.161303867566307,3.755948242695608,7.925534530989001,0.2635048018768528,0.08436003939876972,0.5236336989261646,0.15081967627548462,0.17015804760147993,0.23483551471257216,0.4451595225528136,0.2549807792413271,0.6467915119383281,0.2774967982569575,0.24127010638731614,1.0597808977057572
26900.0,72.17451,6.437521551846448,6.578459671351052,28.03185,5.093653046411274,5.270927270592055,10.222135,67.8468163145443,71.54092496033182,73.82867544321572,73.76375980040085,71.05582037029323,67.96216213158398,70.95535432009977,76.47833861948156,81.1954001061145,78.97032721271303,83.92352006096422,79.1111598403488,7.450517174619864,4.71113314614074,6.390034919360229,6.436070794693883,7.213915290171173,6.526142587058902,6.052043788202098,6.806785119017056,9.673000931695505,9.600626647558157,10.718932785875724,11.523472701216994,6.1677117,0.28893810912660217,0.5524775695061652,18.008873,0.16787503825913813,0.07446420216249144,13.102462,2.3696159142313533,15.639425334502619,21.229451078153335,14.714430650533707,3.4716203290570706,6.218281174821176,11.143711745127382,11.937908796641509,6.242187173902883,12.147786372600969,9.466931954875193,8.379005095695682,0.2384028903710042,0.23729417654983392,0.10682604032959954,0.21834365063274583,0.08055561786268932,0.1450819071796492,0.5178836998769796,0.14832211183515995,0.562406482142538,0.44532425593963,0.790697050221196,1.0516973536627896
27000.0,78.91775,6.145184421319232,6.230387900398482,19.836601,5.088922758507359,5.213235500218332,5.5434265,84.59267152109044,82.6541754466755,79.99700821184739,81.44404252922196,82.1266004947729,76.59058870820009,67.15990241644509,73.6877685499597,86.32312945632667,83.06311430034266,88.75780474431814,74.85937846260039,7.069466576791188,4.470606874702035,6.344510672243037,6.666481566513126,7.764660519150176,6.790363317034129,6.289565442920428,6.719940322058171,9.68528820379037,9.512499461010295,10.086373635534777,11.059206712240012,5.7316847,0.447191229749518,0.37832855424426914,6.9778543,0.15369955889077141,0.15225739048276646,5.2666225,6.954031663434774,6.295367584387847,7.687987120595911,0.8261489314747146,10.681994064600827,9.572005026005487,3.0783107136050423,4.775311941431735,3.7297645953672873,3.705821200439014,1.00761191925446,2.722151580103143,0.10423898811590113,0.15918603803050305,0.49302083985632617,0.5478744332155221,0.5891026623344632,0.2876948626499595,0.4625189407273094,0.11602274544455629,0.8072705928926961,0.1983711567106954,0.4320440661603254,1.2348577034841712
27100.0,73.53339,6.338136907434969,6.410447128832327,18.419703,5.281979247562212,5.372082378658942,2.6673305,81.31235529508326,84.57282519587052,81.13425343954923,81.64826868661767,82.55911389099177,76.13855791661699,67.54302215543099,72.40181780545171,84.44551294137644,84.57424124071183,86.17005519960638,76.85711985990791,7.274422158144243,4.5775674818387,6.388557302992655,6.5393249246287555,7.444050637669391,6.518222522752031,6.223450014369952,6.7012055368534105,9.832277540997346,9.481139907126078,10.417755435609086,11.372012860136044,6.701359,0.6144226114357703,0.6261113703115911,11.731906,0.11608198135468986,0.1995322380996169,2.8508368,7.7045495331569676,6.378065906379064,7.81454540465353,2.303748308953205,11.160901542695878,10.52745663062496,4.225209267801843,6.318510152677648,5.221099258429718,4.596952741174373,2.876958822399071,5.505931730895837,0.2637261685617633,0.19636221294370584,0.24118822842478393,0.43474090202909166,0.21393622544613547,0.1556173030242295,0.2751322406791586,0.3651814261976751,0.7184298118289765,0.23572805005621142,0.47036145562161746,0.9772810063155297
27200.0,78.50912,6.127163855744512,6.200934457957014,27.648947,5.133870303074083,5.259605997602422,6.9709296,79.32005082145132,83.36674782603369,80.7705701715293,81.12283144746128,78.46346483060903,74.38600142306161,66.05335405643187,73.1127129806983,80.10192440380037,83.29936634752256,84.77621935833344,74.36998888989824,7.024645774146204,4.418484394038445,6.434654808438318,6.615468318598519,7.509086438036118,6.746096996932214,6.335893277545238,6.7368776349104955,9.722299091784457,9.357399380893328,10.01982747057654,11.380219363926104,14.05207,0.18905566856437053,0.060333570426044786,7.8734117,0.15133796244488373,0.06890154502084574,3.3328161,9.639366978961537,5.1804077343846195,7.232508840874634,6.279106112596303,9.552718277940263,12.788089137028564,9.098728233627677,11.343006553880493,1.4172379021832495,9.413334951347885,2.0170265000723244,5.926224116009657,0.29634483606602596,0.18400263182562254,0.21630369260736831,0.40475130656091474,0.37908080376406733,0.2588619289284874,0.7156061913490658,0.23377146907090135,0.46982480371786683,0.325885576316398,0.26924718284727267,1.167477365352504
27300.0,74.797585,6.254027838097568,6.360683606239719,24.916677,5.040007689954782,5.133794893378362,4.7288413,81.88484230693172,85.8956909164945,81.58906483904819,82.54743265873476,81.46769315644708,76.69773509578617,65.02349880455584,69.4508841199355,82.95189311888657,86.50827379788531,87.06707445737595,74.93178073737438,7.366507172136239,4.796786321085661,6.4194553241954795,6.613611067116854,7.346470248880535,6.607819968012458,6.009962514610564,6.623848044442117,9.898959836979548,9.23120476861331,10.161606123769074,11.551389734937375,5.721461,0.23590312516951026,0.20496305705588957,8.934525,0.2667284719063447,0.2366202205976938,3.4934857,4.975482236491292,3.5923243560602454,6.110356591540209,3.6014006880459255,8.271509041712362,8.811940780721532,0.7644153879207257,4.759971997034613,4.2694487744478655,1.111747584545365,1.6422380954775881,4.385841165628289,0.26399721516877755,0.23967087712696,0.06816314348047263,0.4254234026217844,0.17390191414075856,0.30746085390379174,0.5451644893258644,0.22181755556009106,0.48654030803691517,0.042417150889443964,0.48350100607567775,1.3336747207104684
27400.0,79.342094,6.876123192939687,6.896503156323743,21.089043,5.153640541838906,5.287713115019304,5.8534265,80.12036669464098,82.09436210821474,77.67504434892004,82.7753144463859,80.48219404478102,78.21380066601654,68.92859159313348,73.25823477915185,79.99504585452992,76.68818005922837,78.33304456936833,79.63249363942167,6.921890150086843,4.208093410226062,6.432896697941086,6.705891308951287,7.586335651711781,6.427917298156984,6.372476924255629,6.657433611079202,9.971359507126625,9.765042067247723,10.353496287889664,11.57195336207217,6.8316336,0.23434067823762925,0.3694295515303041,4.2428527,0.19446777949423522,0.09098888961095652,4.4666886,0.36415049933406674,10.187062510085205,10.649180331805615,11.344526790665533,1.319367370671738,6.28165212542391,12.599234350411743,13.080725403367659,7.340606887731208,5.222268040603943,2.2275590918365173,12.481292586930866,0.36367041015059565,0.219418091594498,0.05036863060213908,0.07422007195477463,0.265917890695474,0.19411467089925027,1.1172041349625477,0.44772357830624737,0.5048219218202279,0.018783524810198717,0.19465379586934345,1.1057562927123747
27500.0,72.48785,6.407288727526758,6.480873768271956,22.197977,5.18609091887053,5.204265996137268,3.6007054,85.47181168046933,82.60766621621327,79.50104963129313,82.69142550068779,83.45354428053257,78.83497556640786,59.701220583295346,64.90535563701634,78.25307397704451,88.34217246939882,83.20504424675615,67.95205508983179,7.362492240292975,4.602010907010029,6.364093664952943,6.766971134399111,7.061618171050202,6.586745532700998,6.195408940232093,6.89337521125923,9.823058290397258,9.428843094279921,10.364990946254702,11.609011863315603,4.7483354,0.6623488905369037,0.6740524047127913,12.761221,0.13840286425883666,0.14816336739737798,4.110406,4.585755346492103,3.3229466964666234,4.950555669711813,3.3051522694198407,7.490455445786686,7.452378955109545,2.6099129819696554,4.10668412101814,3.293288641769238,2.3972286668547396,4.775633254830768,5.028856775146419,0.09677675802021596,0.10562601601343158,0.21766621329820324,0.2892220664617436,0.31603700851053174,0.22205652999788522,0.610706545244824,0.2745839882473422,0.9512427284816571,0.33613355883094764,0.5640605695337715,1.232066726622008
27600.0,72.76479,6.045784840507245,6.0570481405890035,32.768753,5.380612329155106,5.336530072830854,6.4666877,86.5178063785688,80.96739305137648,76.49320768936482,80.66178633913505,85.67743157805715,82.65633003557362,56.26904274896817,63.320638946908275,75.92502759807513,81.07488756563825,77.38138055042064,62.84460706507849,7.2170292071063615,4.65926527772246,6.429403164546695,6.771699638616215,7.221247764773369,6.567172019580712,6.320573369711006,6.881892796976705,9.94960911600535,9.106952348333294,10.086348095214534,11.59895854461716,2.2567286,0.2742905354868608,0.1729509439514648,8.081276,0.15502144164664147,0.11583355530206228,5.0729847,3.205500224908855,4.1162569709249075,4.532478979163951,5.4898254637972235,2.0579736905277044,5.726208367364237,8.0850375168827,6.351349991988977,6.856106998153129,4.4990260483333815,10.516392896855308,11.296322817761366,0.16970006093263515,0.25018839122959147,0.1383798853534334,0.2673267858046217,0.131911414643348,0.042636739727340854,0.6054748601156317,0.41774306422390506,0.5178572716219183,0.24209947000387147,0.6594079034497206,1.3966854629269052
27700.0,80.51437,6.276108813334389,6.320146532313866,32.68266,5.448720340473927,5.510088858295883,1.6011785,84.54626513868106,83.58552542374149,80.32675705129672,82.20580447462525,82.98787206002145,79.91278597996178,70.48466045287473,75.63747468046746,83.07460878802121,81.44335937414469,82.3623732584269,77.51228859892795,7.33922384531903,4.5771339095800565,6.538207421543876,6.801958512977804,7.213808681185046,6.501698668122781,6.249599283848073,6.759664521680477,10.118864075039598,9.184095402091828,10.13390579348148,11.57843902225801,1.2857273,0.7120649530270169,0.591961621063327,16.107254,0.2966897877395213,0.2676231830548637,1.8102485,6.004257660954869,2.813712508768793,4.360878019993559,2.510177617185386,8.759433271965694,10.618317397002317,8.901474368183578,8.35974514194183,1.7959392930759823,9.886566850463957,8.727515686820569,8.48712384599152,0.2467054628850591,0.3455242905070986,0.10543207099809872,0.2454757091397086,0.26185634458529977,0.3390939325158714,0.7687941131849941,0.29331236574995523,0.391287680877617,0.2936147117461689,0.9547906086620472,1.0092372528706521
27800.0,76.4067,6.094257572843187,6.234747991889388,32.178974,5.210905555931493,5.2148754601185505,6.41259,75.21406107794479,86.39967378798819,82.56698423371732,81.44905417467328,77.47968568666595,70.54871513240607,58.60391665099967,63.35738258067102,76.60500075157368,87.51110276845283,83.90204942317926,68.77368156774622,7.489268883967045,4.822779663991147,6.633336113339582,6.933550859349776,7.215972498692625,6.448005990998154,5.900396298727475,6.840693225152368,9.77020226937718,9.124574912863102,10.14918972191296,11.795133413929227,3.634155,0.6140447421625367,0.6396523965499642,12.156262,0.33432624331453153,0.3612209070313246,4.0696,7.818934650326138,4.6180045106445595,0.42481535667102927,7.428429650176587,14.546721582601904,13.277730334199287,5.091575522205933,5.7765459593927195,5.190474785190376,3.835972959754139,3.0136844682682487,3.2617771905345863,0.1372927786473777,0.30759918697250005,0.25370826605758406,0.4650911539278174,0.2537525940253699,0.20405770028695053,0.949591446931899,0.2902134009546984,0.34661416521369076,0.04804657288350719,0.3442092731409641,1.2708890957248327
27900.0,77.593346,6.020164041711883,6.19152587086311,29.052773,5.223469251179883,5.189702858970304,3.4691696,78.62600072795196,83.98991990040224,81.47671627461978,81.98931984052267,79.97288166100957,72.87823169693,59.42446272370312,64.13758332892249,77.24296533047338,81.8409152971232,80.86372274339054,69.43782014879916,7.239171960275531,4.591104125951854,6.540502370837577,6.617930730472152,7.696244338379334,6.687170064601642,6.46921868249136,6.775063962220187,9.693739275404251,9.27164876567933,9.933875218036741,11.590525983718337,2.8952422,0.5961222485406469,0.5549853339831237,2.711523,0.26307481588587517,0.08322417782324887,1.6748587,8.676965025218554,3.6858518031412033,5.711405004118499,3.186997456897174,11.237185550707155,11.115030114938588,8.489775051297377,9.945778177284456,11.710999037803745,6.96530279539438,7.640949335782806,9.329556413082027,0.19800400841794905,0.1685655667242064,0.31780290680056406,0.39762102862618875,0.6538000110115098,0.23653205674238506,0.9512951258463135,0.30690932260267684,0.5596679076526717,0.33647276952479466,0.7384912292570659,1.2578256269358787
28000.0,77.98336,6.586832513149386,6.570372712966605,6.8237433,5.14709757715484,5.25179288324498,6.2340446,80.48551727453257,75.25067089379264,73.31113172809818,75.64497624463068,78.86958205396343,81.33122112841049,62.95521420832669,66.96953986060203,81.11459394060505,85.95298133721774,85.85448785579148,73.62799573342406,7.443531106771431,4.5185629075348475,6.4635663241184105,6.512639548030234,7.495178903440858,6.3159930184922155,6.148842150113675,6.54855531446261,10.01270529953534,9.23354835175404,10.304974926691898,11.80203978787989,6.842196,0.3963435408555694,0.33037735109415894,1.5462425,0.041283504946216694,0.07156907028795936,2.999756,0.9601196837457275,11.037396226984134,13.176588400658177,5.75097099733078,6.827897412288814,11.039229116457221,5.840237439207397,7.498798477642114,7.458388818610957,4.7561335292231375,1.8290663182997575,4.394135265954425,0.32268984624568636,0.17288732399259615,0.2976740060850594,0.4319425846378153,0.14827424936174535,0.1063381161417489,0.4752822209660815,0.05112118978179487,0.2881717418071889,0.40863057492162563,0.3575725415985283,1.1149528901511134
28100.0,83.16919,6.568073422604521,6.659960957823263,24.758081,5.281303805157037,5.388496108410958,7.8899255,76.68818775273294,77.34704504915551,74.31955603172166,80.05278058396232,78.46370240020994,75.85833380168857,65.85778016702965,68.19945883315056,76.01100395993402,80.6925286261936,81.52733100550277,76.8419674984309,7.040963776040603,4.293406941777545,6.1980074287935665,6.475776063370399,7.560968426924593,6.7762101642127694,6.519212688907682,6.831213704264468,9.631453791414062,9.428866807008285,10.021172269148083,11.217989248969035,3.2082248,0.3757072572067229,0.40900272678827915,12.918703,0.18694194779122525,0.1618803279135351,5.6197896,5.717334257127166,17.94292304587515,17.315243321421868,15.152992537550904,5.043069251183417,1.447908354255243,11.387284506228877,13.851091451943802,4.524380706164742,8.415965423214386,6.236150168214739,10.73847990731283,0.30478652493941094,0.2513204649771314,0.23834755536002009,0.019964370131591868,0.5194143391238072,0.12378954836169062,0.9747734176391375,0.09261839683099066,0.7871894844555676,0.390155033160975,0.7900954654977579,1.074603047896654
28200.0,79.6685,6.98053008862432,6.9059651770989285,33.38236,5.135968522965746,5.226763588312678,9.502225,70.74653089293497,65.44727987773157,61.611544590502284,66.77591334038259,71.84511867645365,69.31306321920117,63.35905006421737,68.44983495025701,73.22716186251934,77.70956716062086,77.59597644734708,73.57469793532425,7.372570153705111,4.6508366963117505,6.449671120799685,6.679493224302337,7.366738902239003,6.566995143360948,5.971284532481103,6.642922380485089,9.753892499313425,9.327641687500936,10.475105033070164,11.75809004442071,9.200044,0.5479679153490538,0.2941046946272951,2.2017915,0.24161456290048197,0.21428280189991913,8.279397,25.921096323079,31.691666335061043,31.445305762765656,29.89029126038116,26.676765792057004,20.112837124708424,16.130967647772792,18.36134939469372,1.979274679165987,9.436339948242226,4.515944619661647,14.402581684158639,0.1902065262784656,0.04733106329561837,0.15198951043209669,0.4248945388918821,0.17658396902781207,0.1447130127738027,0.659293760961276,0.2204352531465703,0.349389779956455,0.13840692268378005,0.6922932142436519,0.6617048553336263
28300.0,74.5939,6.996361819934406,6.945571378214588,19.995386,5.180962681717379,5.295692581503121,6.700409,72.70498123259736,70.50808552009805,66.62857467419231,67.81748892022058,70.73584290642313,70.19937185717421,63.78761785524778,71.33552271037057,85.18751783412178,84.11110069331615,82.94511444279891,71.75375124841425,7.338333099578581,4.643437630927552,6.5076569161070426,6.545512148101167,7.262713344466352,6.435563442370449,5.912843859967249,6.662953978037649,9.827998834754325,9.56483219286192,10.352777688471607,11.437307032941495,2.8128114,0.5087380559093581,0.40068905032361024,6.76523,0.0690976138744692,0.10870779886123218,5.7113047,19.016336130062378,25.659424410666816,27.26109416838721,23.549237179734142,19.03650752639417,14.731051387961566,7.138225516248943,6.83029715524725,6.864403553429447,3.6563646215822247,2.588906460103699,7.897980439833622,0.30889092025139503,0.11842961031248866,0.3748848139577354,0.41059627030113477,0.14773271520371495,0.177298844481164,0.5532350716135847,0.351803583705203,0.6891366730950291,0.360817795733387,0.45788930019106333,1.0495362457965287
28400.0,75.56019,6.5827156279769286,6.575034866049292,24.229155,5.146240930383337,5.266770203526231,0.5377197,74.79884222148515,79.75732881473714,79.38092557853447,75.85717481340716,72.13403202956859,70.93782646389299,69.52893008892057,75.4372542608255,83.28301969573779,79.97558936996434,83.69605780071487,78.84203427071049,7.526673130327296,4.666956073996964,6.575028951435258,6.640560773008221,7.427823845319561,6.390529602652008,6.1070208480536365,6.616999492237913,9.640151848106791,9.324339787318387,10.443378341405383,11.816033673521696,8.767279,0.5546821408746505,0.5835053852617003,6.6897645,0.280355900811105,0.24498498704330882,0.43165195,8.017553475643497,5.392676275663794,8.761301435255342,4.125244630039684,9.351481359229675,14.968153919097855,6.908966240407918,9.076855189783556,5.541504953465505,9.128617355503856,6.330346824476227,7.116872553945144,0.24351051420665348,0.290449692415212,0.15182632934614426,0.26418900406026286,0.1534303879906527,0.22957054764018536,0.851430299417998,0.11532448767694004,0.3016998224257423,0.403758505748889,0.597680330369538,1.129185878257218
28500.0,71.50002,6.427607926313189,6.503322724633217,31.932114,5.37613919682779,5.363053931105835,5.901703,77.45479777124342,80.81964942959486,80.13953422018768,81.02165638653445,78.18632212811217,75.62622611339388,61.12056436741164,66.61723901885003,76.26419582639063,77.82488705271852,72.8337102381061,67.26828183945939,7.540855096693247,4.920485376749674,6.687764509346896,6.870951738349454,7.318945976772318,6.344522793734089,5.80033069507168,6.639058570324426,9.971096711516926,9.099544158562296,10.52457941227633,11.92676512620713,10.481659,0.7907588434973619,0.9853097203207034,3.655984,0.2837769548200923,0.36447341614150447,3.6558306,7.621370984875637,7.447540020947599,8.961291789053487,7.162264082701375,5.6632854402374075,12.000755991438377,17.43873169450301,14.038393330668317,8.015004726712725,5.080610405730856,6.436454529868426,17.574193478968205,0.1673094089726009,0.5194482089419469,0.42954141305285304,0.64169299295436,0.16268291422220954,0.2444129463903389,0.5453450856388762,0.3141828471174261,0.7323298342462353,0.39882703277967907,0.9599126488756666,1.143006986785084
28600.0,75.85888,6.3110245978425645,6.560179159453369,41.574524,5.420327169481688,5.316543649248204,16.748566,74.79604517722943,85.81577292604196,85.59616961603096,84.21542530806353,76.66069219143934,70.04745689677777,45.88255446136801,49.26932375169962,61.88390889522959,72.04908572566758,70.11067116354407,56.83488541151748,7.124893149587038,4.515369062320372,6.347033832877254,6.540659925458726,7.481409965282932,6.8496424172184405,6.789703852024893,6.921988988933339,9.71771629772752,9.31411608184194,10.344145109315429,11.27509129988023,6.616463,0.8534136406361054,0.8004888130245063,6.24664,0.018130914052642624,0.13247098942210359,5.8142424,5.24175142387483,3.970163415072847,2.4415283152481564,8.424698011206045,11.85709306466299,10.811682853549387,3.1361353807353556,0.4821584583235681,0.720608445090739,2.4549920690768423,5.359499363402797,5.642021981544984,0.11832988467259213,0.21152080779067747,0.19321150282997765,0.2809104347178204,0.4898366317926634,0.26669081513550036,0.8272885566893776,0.46398386404984693,0.5889876820806846,0.15003169239132524,0.5293484642750906,1.011007387681252
28700.0,78.48242,6.4116580248463,6.549397068084992,30.367136,5.2361563902547195,5.357241114347505,10.426292,82.39246885993342,86.07478743483931,82.79849360538925,86.59683469704105,82.4944706609913,76.91311735359032,66.80462660755892,72.51979953179655,79.52646128652529,81.54752100664916,82.60910212975335,76.45623560483165,7.392678023408917,4.7090866520175725,6.646613661055472,7.208640657937523,7.088874190215126,6.505348257879947,5.80118248083663,6.8951961914720235,10.180736501808932,8.87303551385543,10.553590445819696,12.177166811338244,4.533985,0.18204215376556032,0.1581691902494547,19.179367,0.15530568956001972,0.1117145533800736,7.1604156,2.3176593515131985,3.1884878066887317,2.4042499198741782,2.1332109872292944,5.369645677021642,3.927857586848697,11.158799485833956,11.517751991286225,3.804496572465888,9.818304766909643,5.775690726593756,10.202153310459503,0.29879292506385136,0.25368426695973934,0.26143201000886174,0.40462346831656615,0.26828161342604423,0.13644918118450514,0.2811615558119174,0.4412883953920986,0.4683184565815972,0.3088268273542243,0.476572975560467,0.9175505382468075
28800.0,72.32444,6.626674186496182,6.7304936735800425,24.86202,5.080073281139494,5.176553504731888,9.475873,83.01519073636196,84.91884558635888,80.67794970013517,86.16919775983182,84.24101930898426,77.92499934700841,60.01935693081898,64.1139712350366,78.05443443161408,84.76485612795084,85.0689304753751,70.42770767927118,7.209897907287563,4.591925993319915,6.369915382223546,6.46615828191949,7.679602678609989,6.544272002921109,6.030933251062591,6.558464152540291,9.922919230037563,9.008080450579557,10.613990627674932,11.84944092040368,1.9898273,0.541619725458584,0.5670187454819292,11.819164,0.06085180275617308,0.182178117840084,6.51476,3.6333486689845014,3.66197690865417,3.545794795975114,4.293423218671034,4.457485147717563,4.011633088528469,4.764605563866616,8.369848001911866,8.424886263038486,2.320713680876821,4.015084800721485,3.0372830190947715,0.1965222893575675,0.5180169303372825,0.09966973323708707,0.16478016001624432,0.15177343198326665,0.3074512952934506,0.46186368050119275,0.14801040453790631,0.5065536070313369,0.10349427433379116,0.5133930085337949,1.1799880275630832
28900.0,81.99125,6.314797726006129,6.44512025277687,38.618816,5.361949518757434,5.493630657860906,2.5221226,73.93707120355364,80.3018485635544,80.09743619460063,76.91905581928376,72.6556001624304,67.22328570654794,69.90456497892848,77.30252561206932,85.41802574330517,81.39017285713356,88.30917577300268,76.21155486754982,7.309334184228024,4.700294761224922,6.229811517280102,6.52912625715388,7.517318613149698,6.619235661721491,6.177274769609238,6.607130952706448,9.762035202822984,9.424157394906251,10.371640631337854,11.547769701818178,2.3887436,0.24251661575415615,0.2742819376417295,6.902672,0.4047122298574129,0.3578877513649577,0.9935815,14.725959990411432,7.684756269393791,8.491659673361358,10.835986343364372,18.15505377088874,17.217911192424662,2.432124621133869,4.983321043047856,2.083270309211943,4.717562397008544,1.6730015053031555,0.782810524886175,0.16054091692923142,0.17782054256634416,0.04048238897729584,0.154447550569213,0.5441705472261881,0.07239031678112405,0.27978369022636335,0.04287751040838093,0.5473980293839321,0.5506325260159943,0.5030917776708037,0.9827943844505632
29000.0,73.857216,6.6154905920494675,6.7692882498703275,32.338806,5.208016151403357,5.284668073465279,8.072159,79.56428978226927,84.76703592850059,83.09508454233999,83.10249439854267,80.10923844638096,74.43506356781738,65.58619668898767,71.80070308940329,75.34719918237535,73.60232653227085,77.21945685667191,75.06444101844853,7.326645657244986,4.585226772178773,6.485651093667031,6.611528352228826,7.0765563554142625,6.584736717072441,5.6743337103919975,6.952050290114843,10.008979595852734,9.329338506972993,10.714907255590703,11.782780208102745,7.0569425,0.3891747620040355,0.5077450822360351,18.524832,0.31877192149477884,0.2798748738979265,9.606545,6.00121893582758,2.409587655037721,4.793443361296438,3.288465628048644,7.833059451350447,7.776739317802656,18.539806006590382,20.700934460747586,12.211525918689373,2.0003622823486933,7.889354397918891,16.150934841236925,0.1748821848529903,0.10800303988996114,0.2531058589175103,0.5240360834528708,0.21890425440777292,0.1727121068666562,0.34310075198869633,0.42415639851915005,0.634457680316176,0.3178666652816804,0.6899416846251575,0.8996322614409448
29100.0,70.20582,6.297026218633985,6.402574881635371,20.782818,5.31235946107025,5.4353058543250965,10.395513,81.37084988256015,82.28126075424377,79.95366422573339,83.46124151744016,80.14864817104221,78.34314122712256,70.75038718012094,76.40481885029399,86.10910030259254,80.73307495680227,85.75333042377883,79.89189937945325,7.455092197800592,4.460037947879205,6.4293357569565925,6.3209380086799385,7.422568052082146,6.475228196457686,5.743121185054265,6.599173799112432,10.026220456751055,9.456545623935945,10.463169627159024,11.841360407939638,12.876835,0.22334234174117829,0.32130064794978214,16.364717,0.3551617317627367,0.35408218550874154,5.16624,6.16678998680715,6.51425009252215,9.900411426484686,8.967369752738392,4.1895940385759864,9.104734762962972,4.641003582052973,5.378159043743945,2.327265205873337,3.1008342966416427,3.2446726921872373,2.941626640182622,0.10205252466829308,0.20441190932320014,0.23324299618947528,0.2747152087918402,0.1177460680165924,0.2389610635659492,0.25171078676828623,0.3506476283611852,0.33828770856879703,0.2344284752840811,0.5760255995779561,1.0275864590520616
29200.0,74.45167,6.504858325111061,6.526486223932028,38.517967,5.416356795592947,5.524036828669277,16.197098,78.57138722210406,78.56004672317408,77.19815745316593,78.73767429685485,77.81160190797262,75.40459003528959,65.27723923961929,72.29325806226565,80.7153985724003,77.94408714656912,80.71895057852242,73.22231216397675,7.510421423946318,4.675253983149333,6.75650634268766,6.870880867898986,7.107782222254239,6.446010540242493,5.8298056806377625,6.809598598927027,10.010345097479773,9.18131225707044,10.713069220211695,12.087109352919084,4.3616147,0.16943720636391846,0.2763137894129362,24.355783,0.4659929467074886,0.4444430249889243,1.0219582,8.67142495475241,2.817740383296518,6.994131868866409,8.884702577213293,6.561202115934804,5.377167408068158,14.606210478571603,14.104918221320615,10.286999734008074,5.443901711214829,8.281666740718542,14.1970717002081,0.13992244296592515,0.1456562306690321,0.1502491244323419,0.2267082627400743,0.4003640368905205,0.08460588510931469,0.023167720109383883,0.40069334361440045,0.6900257699940937,0.2688340345326693,0.4885441557126161,1.0645268380536081
29300.0,74.64745,6.292962250250462,6.389712466898448,33.552486,5.393050077452912,5.323620564374678,10.813998,79.61495659692592,84.3582599511512,83.06159465420563,79.8611489224371,75.06596091044405,74.24117621376341,57.83006096037034,61.81536972323743,73.83137008119598,83.99811461703426,81.02743597589615,67.53822114380407,7.24777249742025,4.51993662886703,6.453690989705808,6.6076809258150275,7.188279656763562,6.514265422550406,6.1633996010593615,6.964952042327049,10.012231087504619,9.166321148029233,10.461688247269862,11.65978635560253,5.967416,0.7565201050023469,0.6885795241375506,14.894712,0.2644533491457873,0.44024403308526705,8.682963,6.569718435240749,4.662580897062363,7.171719553201237,7.200171458595081,11.431195829609722,14.12243712950372,5.6746343895905325,4.237995471719123,3.3237147753180976,3.796225227083335,7.411114591834406,7.565005584232038,0.1404114720689689,0.23634630561281303,0.23440851664826287,0.5308202787604706,0.23541329598466118,0.20255668852442862,0.5432425751706808,0.22447946639231606,0.5577058289559371,0.3797552114042987,0.6690323862945381,1.1169731302457735
29400.0,72.85836,6.611390593786003,6.623607560701686,35.466423,5.489885123467592,5.563163989854229,7.7599893,73.25374236644079,73.15038726096947,68.28547040763313,71.80093728856885,75.61898676882174,74.68399266683154,68.75185176140394,75.23245525966661,77.63084948392536,78.90190582779636,81.28079836775156,75.94375550351164,7.368392385108616,4.587002166617726,6.522864367800312,6.792750184316351,7.282603198645162,6.591319232442725,6.2071958068869035,6.701947185600137,10.20197580147933,9.049392193276029,10.372732352809566,11.826234558639607,7.1604643,0.3994724001852697,0.20232208922800618,9.542572,0.5659712176667552,0.4354022780226093,10.359358,15.454332964355391,25.779346454754247,23.91057019375192,20.50363219187294,14.870274976841655,11.47184974907658,12.949311268364154,13.591240055689624,5.710878936481211,11.559408715084764,6.445828017377873,12.38688328453121,0.344729203230789,0.17020807934391435,0.34807867783753793,0.18847102079625114,0.3045199116625319,0.12719954919536666,0.6286004383944315,0.07695527562781493,0.7565994128222049,0.6326670343469982,0.509966706548858,1.4086226817128031
29500.0,74.072716,6.583877390534481,6.3676033962280885,25.367651,5.298157644999761,5.217145216203215,6.5908103,71.97194156951151,72.6284192974551,69.3090148854248,66.67669369983591,67.15507352591158,69.17466719188,56.26804601979992,61.36648193329773,73.36061094404991,76.50778251228299,77.011379290444,65.77202583806731,7.585688851258098,4.8821453242154496,6.468745657888785,6.458251869762132,7.413162884768468,6.8447145018181805,6.582639994552449,6.826506167980919,9.885725794762225,9.098363528428052,10.370497455534625,11.704600758318323,3.7840466,0.6250829547012373,0.23946690605759735,20.26631,0.28544025279622315,0.16154419761075212,7.034543,15.507872325586582,20.365765489634448,22.233102226665427,18.85050093869638,16.276210371493324,16.78779514153684,12.246652457332216,13.67026175213653,12.777322567122903,1.2625312454823017,6.21362285227693,12.010242627853104,0.21990661195069341,0.07701736553060837,0.33466411970476306,0.4680388006018255,0.6393417422606636,0.41786049811725295,0.19428177181110737,0.1347762391766398,0.6030137248229039,0.7928089188920487,0.309839412943167,0.831285440803301
29600.0,71.23283,6.131122861970485,6.278287257091094,35.333958,5.15482162010934,5.1885452549256925,4.060959,79.99880895429341,88.95380334941659,85.10041717136612,82.31006165433193,82.82864105198384,76.57537384666539,62.07876076481659,67.70222746576428,81.33822901923509,84.22569454038371,84.73707002353967,72.06866909120555,7.576170516852687,4.786543868337206,6.717330993801003,6.671882248896796,7.306979806956339,6.476566531973705,5.981721480458847,6.660996367283295,9.905042452553717,9.02005981564744,10.436587196295687,11.65628376213815,8.419596,0.23513310726875547,0.21479778887510487,15.884706,0.20613581935027211,0.14540766238882438,3.2485003,1.0439622870885463,0.4846894079329396,4.061386588680808,1.619581696384896,11.681659530413931,7.726357919480237,6.295754369665603,6.096455965042438,7.082273752127354,1.8848021438171034,3.3846997783497335,6.266033527840623,0.3619196066207955,0.2759384496228174,0.35398029118001934,0.3410123318473901,0.332214038262247,0.1484734124038036,0.6903599698708153,0.360642982764317,0.3579961563773799,0.3557902930365201,0.34452555016805836,1.0444590988054672
29700.0,78.846054,6.930539993178146,6.8067386242367744,41.658577,5.332122954127303,5.474793998800646,5.7024407,61.39446083259441,61.61108070844738,59.71015019107554,61.807559440048585,64.32555824677536,62.1108581034486,67.16368430298905,71.95624821420485,85.52571134572634,84.04729343927006,85.37351631174492,77.42593374869617,7.517934575472391,4.709096566418846,6.790000242129184,6.917138367520766,7.191100260993628,6.329205437537836,5.706153817575932,6.654206388916211,9.952407854079953,9.307662664806374,10.49750805422592,11.94191121515002,8.128961,0.7596421538664432,0.41004465642174404,10.703628,0.18751392475906778,0.18352789497355265,6.3701453,31.029261972465136,40.78777483315708,43.35133617824445,39.20449543951253,33.95449009977552,28.518575137633043,4.983129890844969,2.9795637427006683,3.7748382775447307,5.213181370501346,2.5171913652181175,6.257921755812069,0.27192882467232304,0.24411676483766287,0.1100260965130498,0.31502478265409656,0.010584449020380672,0.31047242675127945,0.39381765018151166,0.24181326071483406,0.6709463066024338,0.49981658629871134,0.322938062147608,0.7043421666100189
29800.0,76.26528,6.426552723696656,6.476285307680883,32.816753,5.119169652018289,5.253129249940074,16.170988,78.92977312667675,77.84522039347411,72.83579934581358,76.82547276354762,81.5196993154849,79.64286612759156,65.86092950419105,71.35312800602297,75.86955334875074,77.99302278483631,76.69895347387376,71.28374112720434,7.539482113232743,4.913180827153241,6.3785305762388305,6.685510783762418,7.3231161554248985,6.395775040830874,5.619473859426385,6.594795848699853,9.851521406241213,9.009756186455563,10.503009693695464,11.901314924920465,6.437907,0.23710847424431042,0.13699308411596328,19.915071,0.431796937134297,0.27527113413434995,10.14587,6.1791637252419465,16.69754290627565,16.34047510393476,14.065332263012055,9.047269229265826,3.382130726995736,17.51055183495223,15.350596756244991,0.6237020954915395,13.003577146146908,8.453086401045395,11.548388566850228,0.2330117165135585,0.3007164195599362,0.2877806575700998,0.49400902560503335,0.35142276096219505,0.611140939378106,0.24393078692330777,0.2532596356879213,0.9699801976072301,0.20119349910032172,0.28501375541822477,1.4229480360837767
29900.0,76.01375,6.226440480825507,6.400374771407158,42.39462,5.290652721786681,5.3151075588053525,14.297427,73.43553566572167,78.81343077700232,79.4046179467472,75.93974696834447,71.09112624027304,68.90720665585035,59.070410877575256,65.35800604639662,78.40162384303962,82.2495981695988,80.96807449688214,67.3042948090643,7.449931109778117,4.802128931858267,6.510755214846476,6.704970419170252,7.2680926686230904,6.324917383666874,6.065056938701413,6.6938730647814735,9.919191614934826,8.900075641852185,10.414350361726017,11.944113061660135,6.4663677,0.8025074758750694,0.5186933961851024,15.084161,0.22246894040284604,0.14541010118561293,2.2279108,12.825847590901317,2.592322461537451,3.445053680096271,2.8017324063778797,11.606943312280904,17.791408106388058,10.127267127488713,9.625881483988593,9.973985613707052,4.2596029713522086,5.7204370394336435,9.165691360167314,0.41226709096813996,0.4727526919523339,0.29566510096761695,0.3216361395852934,0.14410865949407176,0.20469516741159297,0.5064882549477964,0.42038745244282066,0.5400425574093094,0.2754095700229504,0.38812853237576356,0.6774152720786436
30000.0,78.37162,6.682525936655604,6.659032207635202,33.337852,5.130797528390836,5.295800707644725,6.802536,69.45702749817401,72.70012665289097,69.38981233641573,73.64299256209294,72.7546142878416,69.58036131849543,75.00895177083352,84.10183716213751,80.50917005132393,73.72580525700783,81.5739218243383,81.74970791709588,7.029685451995694,4.378205576534867,6.168913510967989,6.538145361994165,7.629661600316642,6.729899362280162,6.154679851593719,6.820475870687967,9.783714231025105,9.23705429550458,10.36418331510506,11.571596069853243,3.0548527,0.4018089527888982,0.044292650985479916,21.461853,0.13912120676062487,0.11020037735551311,0.36858582,16.306517603337046,28.977581188645882,28.81219830816861,26.895358765689302,18.250981348191928,11.591942847468305,7.384555160456976,7.983025523268241,6.531432189641519,7.629968317517901,5.737637432782166,5.970833706870203,0.4341714291866015,0.33824788540316275,0.31698392109862394,0.5701570581336629,0.585212574432387,0.28537325733417007,0.9765288952815697,0.31895562796961874,0.5013669532060544,0.26859312370093386,0.2763132002934941,0.6183657439255849
30100.0,74.82407,6.7252621514724575,6.837507806577182,17.48388,5.287926933461911,5.364993048580302,7.3272705,82.42666282386388,85.26488036488581,79.86566527681073,84.92408898499949,84.13457036787578,78.2402614549274,66.64859723651773,68.88850374047503,81.59470748066788,86.13771851795764,87.034386541226,77.98157947452192,7.293552405799932,4.583642049001576,6.775099929846621,6.863174870926126,7.340661972172054,6.35956361313298,6.059738381093871,6.772815547493384,10.20828024366188,9.223580488924064,10.560736918970203,11.6885100708878,5.1113815,0.918141993155313,0.8776314113583025,11.316362,0.14372974295714186,0.23376385988817058,4.6454573,3.012185786485435,2.9397331742311943,2.67799863663605,4.528345580043131,5.006619304492662,5.5945429293911335,2.6539720691896638,4.08918129828897,4.67866121040651,3.645673107174013,2.447227211160853,4.093701600743919,0.2358802600076604,0.2514008980772291,0.31569888655792616,0.5584573296984433,0.25079135230753385,0.30376107322286355,0.33441091329755945,0.37752787715446606,0.560479624056346,0.3148773218617699,0.7439686758928018,0.7317990459517941
30200.0,75.6952,6.734803057954633,6.912300605457702,29.732603,5.46158890356044,5.542954516535622,8.895111,80.56105236816829,85.20756403058378,84.27709673490303,87.55551895470337,81.20638362243933,75.26019753254712,63.1882466527081,62.676413365268566,73.9692941544723,83.01305669160584,84.8352912193434,75.16318569146934,7.171872345905631,4.34309505889106,6.364661497184037,6.442286469312968,7.499901971616957,6.773757902052875,6.203040599013243,6.695879001995842,9.802560615506748,9.592070366233498,10.657982200308675,11.501399598086953,3.2309322,0.690943089300322,0.7065654493991363,12.683174,0.102717210724855,0.09780964101569113,8.905742,5.668143262022919,4.612535460927047,5.002373329379708,0.6646282643194615,3.373638378271376,3.2431652907839483,4.176561176606046,7.582226894037782,9.849846704143454,4.505301220120318,2.7852209727130415,4.989846379627766,0.2051957166965376,0.27409130295967116,0.18736004545951096,0.16436708282099585,0.17050088086703458,0.16986351544245942,0.5224469556810976,0.4562872848344929,0.8199119473915036,0.77514083693491,0.6128466187626489,1.0137339375402137
30300.0,75.68246,6.498168534376238,6.599752132144144,22.572662,5.142947663404054,5.230530427349064,7.6426034,80.435281139401,84.58051704144678,81.61096194504903,83.59533087033113,79.12802857012876,76.02078324239977,68.87848825959517,71.61150733474655,74.80253155035376,72.93317883774834,76.38181451930717,74.42518880006612,7.463755847241766,4.783489374073638,6.571376589899508,6.628457921571456,7.740175943207563,6.444261783065251,6.186904165714321,6.539907486205536,9.800692302604206,9.506981969401918,10.440147048457712,11.8186390002951,6.408643,0.7631009000230825,0.6609847631469847,11.964039,0.3651001567939111,0.3996378836391948,5.9543943,7.394214457952933,5.333970249847634,7.649694475545435,5.991567364103716,5.7994756209915534,10.913590703569863,18.759967796881412,18.513912841505398,12.56812784173348,10.70551218727031,9.790320493342804,11.914068863013249,0.519142680502239,0.4693180960200609,0.4645476854463198,0.3989667498487276,0.46769857863550607,0.2846506631381682,0.9890909491945812,0.21065357660552259,0.378802481746491,0.3395321617369592,0.5721003224101834,1.053501940687694
30400.0,78.87741,6.896592583503851,6.822037786826459,39.39081,5.272721826430099,5.3640996734528406,5.220871,58.64671139499925,60.538475941981325,57.35404296494701,61.89591143395764,61.819849311934036,58.33053508060791,62.78841651049362,67.42883561317974,80.8472540299879,85.21861422980255,84.27601235632424,73.01901322833703,7.370229590235138,4.867386912463991,6.534523966684547,6.789832479182357,7.241141605723603,6.408658599071649,5.707192351466247,6.524903748229061,10.0148057976007,9.173825742257792,10.431576398134068,11.605215402620551,5.5017,0.7260191271565798,0.5768147281637391,11.253085,0.039709590256749513,0.0443778185280648,7.0287166,37.340813292508706,48.6724184903485,46.588682856431554,44.48143637145912,37.99752340104564,32.17856431306122,7.639965626000776,5.055827129040641,4.289367636483691,2.680442660497816,4.866637391608707,9.296552868896867,0.12510665609147426,0.26014907746497146,0.26992333081233216,0.268633503241735,0.09672430757193073,0.12362423497255537,0.6881229177486298,0.2614838189083546,0.6563692224951394,0.5840584236125517,0.20468959953568658,1.0818378261029513
30500.0,75.57553,6.3201801422669845,6.484421409962757,28.998842,5.198491570030353,5.248429035358535,6.0035195,78.96040657368626,86.94310911611034,85.27759155861906,83.01222241867647,78.71636028687175,73.77672440340193,67.84250193952853,72.4074963358721,80.58582188191464,75.37975224419783,76.33386211822022,76.51311992140093,7.512051404069646,4.79514761837923,6.574353745707583,6.858539868981275,7.380404444098872,6.357931686398762,5.998986268852679,6.53144048460977,9.95470707022543,9.225565207717636,10.092952399012404,11.35195157369661,6.032467,0.7499020278606081,0.6153508066657625,17.044806,0.5143952182828764,0.34074154886778724,5.0629687,5.529524234853983,1.8445398019039116,5.722177730453233,3.444664049146356,8.399602184825712,9.550806827596352,14.17543277586429,12.992026791175572,9.800823791513977,5.461525151678499,6.041850755638791,14.741729027144915,0.32161471644714634,0.22457028730951475,0.2587015465683728,0.3729087678892476,0.28507957100710785,0.3732629585774089,0.2679372019852262,0.062263949080624145,0.3419685135763487,0.3228825812703537,0.5538897612505113,0.9963987465934842
30600.0,78.34002,6.800207185619552,6.923009977983234,23.87886,5.1864371384201435,5.349866707963467,8.118045,75.87449829250697,84.8707969057529,86.68143800689408,84.517036103939,75.16531535985287,69.81236175191255,75.41876272782525,80.9709302519765,84.98128332595523,75.55029184783564,81.15562962989812,83.41161985382392,7.376065750500776,4.640597575271858,6.501761534605276,6.41486262338822,7.437221728302446,6.310889764196343,5.754194607280803,6.633092331675548,9.91985005319847,9.310248111584796,10.718478782547118,11.80981584508598,7.466977,1.102877006814584,1.0874790105649428,16.803083,0.3156887918246503,0.29134474309323005,7.311741,4.8905116973918945,2.6614913953908528,0.9325629324542858,3.599659006013934,3.526366203003185,1.6148120962374686,3.7956103400672174,1.4715842523192093,0.9748451361328632,1.0988670776625895,5.035436516139074,4.347083737331493,0.1732098954982731,0.11494726598004715,0.06379520802955446,0.45747203746054815,0.3247472237355618,0.11313424008982192,0.5696442857331889,0.23738559818833732,0.9534377805044401,0.20926586301952266,0.7863499579901294,1.193437609439984
30700.0,75.136505,6.533204829932771,6.393788299927036,19.525316,5.323498056627258,5.382902086240491,7.749743,81.0263239870283,73.55565813382809,70.21637337871725,76.146179509889,78.60565698140026,79.3796493595691,70.79617280055221,75.99214438417842,83.4192848143736,81.70525081371493,84.27819384237498,79.13371700899853,7.297711767349882,4.657830532672311,6.619632330831859,6.94057318475883,7.040096270690788,6.310170544729204,5.683437422491305,6.642838685461553,10.194062581875427,9.070575585024967,10.624187522810017,11.57486536607116,8.518511,0.8495174239387764,0.683368243460417,13.10544,0.06543220083890007,0.2144948434962409,6.562067,9.309116433460263,11.283789406889358,11.913943556333907,13.240290978156805,7.894482618615153,7.867629819501094,6.3787497170808125,8.379374530009045,4.542542851118696,7.557744210078454,7.30688422623116,8.383675787657724,0.3601324377995915,0.34515343359386036,0.10926202420732341,0.2658091464013552,0.08851654358626915,0.2972624935022412,0.3787280823840595,0.2434629439928227,0.6029213599394565,0.25733830453724366,1.0696644103092399,0.9146560890530069
30800.0,72.267624,6.598434111289653,6.55505645421377,25.590658,5.288674780903173,5.355571761611055,10.833031,84.58726417462212,78.02723049870185,75.51236112054387,81.01096266417478,84.2788924599053,82.68978487652598,66.41754404056368,73.77953690291969,77.8188095244471,79.2289952860047,77.95173441773072,73.243579054784,7.133736436639218,4.451603493716751,6.255845757756815,6.431412448583726,7.520273939090976,6.838942105957762,6.3909051840196325,6.822408411845426,9.812161442395821,9.352395740283521,10.462175149801777,11.276773789832065,2.0179768,0.5813209877807984,0.566691969174403,12.06687,0.17817194215672758,0.1192255196134516,5.6783977,4.055989062082948,7.651711100961343,6.763527093378318,7.0862514963201955,3.597930134553796,3.467939016767107,14.12433470377171,14.099751724850414,3.1057749882937813,11.27262112618272,6.948450393735528,15.592800229636062,0.2363762799263952,0.11773090232619875,0.19962884439504786,0.23635523563687671,0.12565170551707075,0.159296382738412,0.5304322955631007,0.2694219839389328,0.26281479662574614,0.490331065683297,0.45326660135275804,0.9937981573018269
30900.0,80.33469,7.067049452612338,6.768942607914803,24.705347,5.0763142456591455,5.249182902735655,8.33711,58.2531199420356,56.50678443847814,51.12650903214601,52.58687815239295,58.98572380513375,60.12569467684886,66.46704363397815,72.63738739555829,84.87651876270748,82.31523462860963,83.47497887979472,75.93108415937763,7.1690929357795,4.573684984798729,6.455434931998696,6.3679088560638695,7.732893650555131,6.58472311040994,6.094090683652794,6.458708137367169,9.976288404896698,9.490960519183334,10.835176497991968,11.519295839746372,10.6754,0.8869247914904547,0.7822722341681255,18.35953,0.1853273478999403,0.16469826237962465,5.6804,34.41829282569354,38.82172380489917,38.58139040590701,41.932781039017364,38.770011517545825,34.39120790623848,6.999424196449583,5.675105994814899,3.620098896270734,6.158435585646572,1.4536050425033256,8.787290417881948,0.2367774057625331,0.10398439186734894,0.2752834112773011,0.3981951437327796,0.02079694855567102,0.16498986667973445,0.3839581291641805,0.2779921904230305,0.3698735100863765,0.19909691303994093,0.6180881532157224,0.9100288320680149
31000.0,79.73798,6.9532755058227655,6.6414082592098245,32.360638,5.164216333840147,5.294789887967131,8.181912,62.48049822273976,59.59512126869044,54.437614037127844,57.24756674194068,60.847935996761215,62.959129647928954,63.547912648646786,69.34815586084832,83.34886849274967,83.58464655634907,85.02893637484549,73.69312949336138,7.478033810204706,4.751438250676991,6.744109226357149,6.940974828741414,7.268493390829797,6.326551786588662,5.719164370631546,6.6034586454294555,9.77304617544763,9.017817920460372,10.605730345374146,11.544829835806034,4.932618,0.2445333917523071,0.5964001024958279,2.7583785,0.16426880398669122,0.11516404683789577,5.026626,35.68631607204002,39.43329987081365,41.56021101034654,44.254226090482234,38.90243362836116,35.015248520033474,6.507177476079482,5.07124204173541,6.134564785603794,3.1401062174504344,4.539365677489213,8.111929524057567,0.25260726316190435,0.2814055664254031,0.07069056521555442,0.13750090286198127,0.16192326677802107,0.11551064397786626,0.07510342567638092,0.37317246122753045,0.22458024612754549,0.3550764698726205,0.5855868577125155,0.8752058154065379
31100.0,73.656746,6.230731378134101,6.305397599618346,31.53155,5.139780460349404,5.217766273188695,11.040874,76.6261649615165,83.50473614289594,80.12783919851239,78.63730254550366,78.40825309379171,71.7883928952659,69.68503651654022,74.18158750860847,78.61721712543904,76.5654788252794,79.39026775700341,75.02944918995718,7.473424929178516,4.679686680394153,6.473533658245867,6.695345790370573,7.4647673253748925,6.663971157788265,6.099160781530202,6.611956220540435,9.787345193596927,9.32253988109544,10.583722627967477,11.509013383450359,5.472701,0.445346242450015,0.47894141681344904,11.446991,0.2760684698608916,0.23693201510366677,0.953045,11.511358739653382,5.939527607600309,2.344083116038494,7.606442262498099,17.806220043502233,16.195234687403403,14.90666850836149,11.307555914399932,8.309136902108085,12.387500336044905,10.324289588725144,10.904199887545072,0.1783947796959215,0.27466794452831433,0.1429948860316824,0.17123547561312566,0.19386242164342918,0.3106822769550991,0.29097054076889295,0.19026628073996169,0.29846316993822714,0.21541413683467478,0.6487592925113225,0.7727349537531552
31200.0,71.16065,6.9395477684399,6.698630301030751,20.59376,4.829580692169149,4.945753498208066,17.52465,66.68310994733442,55.37986057913545,49.43203056651378,54.39550332045352,63.81413866216482,67.85750956172942,63.793192007805494,64.46297647050818,69.74722289305986,72.79597166346419,71.79826360018798,67.50688251100745,7.496244279065462,4.709358930501062,6.381401909536799,6.44590094470167,7.699647395755733,6.495590731670414,6.038817855557056,6.217188602659877,9.666547016558848,9.174109940656125,10.592568676253483,11.300429071592255,11.218356,0.6585861628796087,0.5006522882596107,10.644445,0.1406581750772959,0.031227495506742784,6.9268527,36.70521502364389,36.75205203302889,36.09951773448428,34.42666264439698,34.50344674633019,33.66996107394152,22.22208899804864,19.983174018237055,9.382710354599999,15.553101047902175,13.1231629136179,9.44368323707451,0.1084111930104653,0.06323669618737976,0.2530606049725814,0.28578910086383164,0.2567100346029502,0.36477405405563723,0.17397297082400795,0.13759688708402057,0.15533434419564227,0.5208013362768984,0.5123065362112108,0.8653693469306327
31300.0,74.10032,6.743668189397006,6.692424888701896,23.65346,5.296217875123762,5.274615339874746,7.284887,75.6199091525116,79.21270089641253,76.3979112702266,74.67178418748739,72.81141126359354,72.35959019972582,65.8683456047246,69.2516516937348,74.61085880528674,72.48715357452319,76.64923261578313,75.07587183649512,7.485532321780782,4.761630945721091,6.57547076331412,6.696281479222688,7.154571402004009,6.524095115146841,6.006660736317113,6.912259556835722,10.173078793690783,9.295424183053527,10.647759038157742,11.55595638386473,5.9621477,0.6280692178796183,0.7158084972628096,20.79688,0.2687058254173053,0.2825374256309502,4.464529,4.9362805669599155,16.28816871556404,19.024587785899993,15.838375785246779,10.758349333714436,7.090518228859596,17.914421432498397,22.512609560560687,17.892861893588957,7.168529181322911,9.631776484549578,14.601546672323353,0.20481640700227433,0.1873777460307429,0.18028016245626008,0.4066345455229083,0.265213845282035,0.14878554689967582,0.4318336834471409,0.547940277039715,0.49595682763805654,0.1426371592980418,0.5635542415359194,0.8895484896956927
31400.0,73.123436,6.494433568738636,6.688453708605544,25.8613,5.318748507211398,5.286640354061434,8.47509,78.044513263299,88.08110108518481,85.48719648112218,87.82527011001166,79.37521983327791,72.88107283980878,64.57667893849008,64.78920468832747,68.12905016420443,72.39823383530262,72.65925923200392,68.3915892978102,7.027893311630024,4.454414295653552,6.444395987911598,6.71706486828604,7.6469205380105665,6.5833645207354365,6.136085014138608,6.656408100778993,9.981955384317901,9.363969255909394,10.522825260096402,11.025196096786047,5.726757,0.7262564789811284,0.6785070629364102,12.742245,0.31013910239170056,0.2468251119256707,6.10986,2.3568382722191052,1.1033947587373902,1.3221433129129332,1.6747029054855163,4.471429273902175,3.7938557942352693,20.620186234881245,12.5300516388985,4.869988031833228,14.102045473694105,8.584567928680377,13.527369006840186,0.3765042662086154,0.3584124498972703,0.28510398993118075,0.31595708274849404,0.1317198896103354,0.2975015222466138,0.4125983458081791,0.23581308335871426,0.24300750100437343,0.3128636705429392,0.4901393739756011,0.9793505304258917
31500.0,76.3592,7.052269754500247,6.889778857899397,19.752,5.039232875930359,5.135334313796604,13.394997,78.20570643997763,67.50144825714911,62.412156099169884,67.48249746585996,76.40491321880806,79.63605862684041,69.60852311592447,71.21743459028332,75.36888768156592,71.2606383551959,72.60882146408075,72.68075366623161,7.674925990539495,4.824011433894193,6.524061814446722,6.714664090187367,7.278948444705485,6.297199796704412,5.638736476628839,6.381772410230158,9.77369093182702,9.357066058816073,10.909351965097612,11.643660096834823,1.6725802,0.8436259728973806,0.9786520828895103,7.1459436,0.13336779943591887,0.04442135177012223,6.3844285,13.43932185595003,15.427547860968886,17.657107935415322,17.526609022117146,16.062801752169108,11.918109179386105,15.81124775954178,11.150729538497222,12.101799582294545,15.25999347735545,13.160259535958401,10.57027088863313,0.0035946376507417247,0.12889180956878704,0.27432947077959036,0.07800634193764518,0.30426126687596355,0.17677866785051155,0.3961232080235596,0.18537103519820897,0.652990479838842,0.22419321105168707,0.716999125916397,1.0059711685128614
31600.0,69.554756,6.717929775354364,6.681258238469248,12.844223,5.210948480535733,5.133558086526739,4.6240745,81.4184139401766,81.31209438459761,78.73145779153161,78.60300362085627,79.64494832434706,78.16228952272532,60.12114452210261,64.94697493481728,69.60013147649703,73.72425419781459,73.27642750176513,67.97976853523143,7.371801146589952,4.654164609759706,6.313538783588721,6.530273980957818,7.162928988385911,6.558336292064783,6.70121147150088,7.072708260410226,9.622945994861295,9.40299766553549,10.275490912247092,11.014667125273505,8.237474,1.1925060677630999,1.2587721790156576,10.64572,0.22476001485893662,0.3846340255270993,3.0509522,4.8100650365209905,9.032506127164728,10.118153576422845,4.3462957214117415,11.453320049081055,12.691879424884668,18.337618995561755,19.94231242345067,6.392599321356287,3.855212093268915,4.282196330834969,18.32459389889516,0.34823163980981237,0.24510546864136357,0.14496226435718523,0.18584462177887506,0.06967084559599784,0.4194176499190933,0.9089892564936299,0.558473111255022,0.4471415382734997,0.5466440539989621,0.9805673136215509,0.973908313670177
31700.0,71.457466,6.966076916685684,6.736935157720157,26.52083,5.206224588276924,5.240019662914168,5.859492,61.242700235036146,57.09518740759262,53.92325918678005,59.46144571110498,65.05322262726928,65.50767645503684,63.31744182291012,70.2474595847869,77.76536204792961,76.77057893660924,76.66047562824942,70.80078220508126,7.493081485614695,4.724635905053936,6.46192301505408,6.556020596944968,7.3873425055143604,6.6743815728182625,6.32090765657007,6.702037960651398,9.67516169014203,9.39063680345138,10.53621044972491,11.344539399746916,10.436247,0.7349437847318173,0.7757546146046198,10.166885,0.22758616407542961,0.009702068855633902,2.4897428,28.529015081641205,36.98347381628731,35.62042947433184,33.61136063134926,29.696933298347115,26.553726640720733,15.738611918895023,15.476924516221109,9.244668144180107,7.123338195878766,10.709840239530616,17.748925183456645,0.2078360573054647,0.01827477516357151,0.2526430869746029,0.32193546333187967,0.1805127855073329,0.27811880436107783,0.8067601829425137,0.47465548628983467,0.40537003004220545,0.14905883257437014,0.35809894764780387,0.700095526917814
31800.0,76.13834,6.924539601888206,6.684265451486322,21.271803,4.981466793297581,5.079225915194328,7.642502,67.17821224656498,60.18590312812598,55.300950135398125,59.84347557412115,68.92909811555633,68.56077948514886,64.00811165513295,68.04505049740347,76.34568527771835,74.06595954585698,73.53538868011434,73.58298867125978,7.334826597523953,4.631116418465528,6.266654639453438,6.5036792876386285,7.389772885809555,6.5770871224008305,6.118576281416183,6.860435363004728,9.632909501251213,9.412200612212189,10.334341900762379,11.537502286280075,3.943548,0.6313752350155974,0.46152872886272034,2.5047364,0.18013070413743337,0.11595351522232304,11.869483,29.713614932022796,30.731455822593155,32.02434787375267,33.92299588592289,34.737675580718985,29.470025632420455,19.96252651412545,17.6606995230062,11.57136010659063,6.960046566692661,9.440081780462467,21.08450151584354,0.30639459987535433,0.29435707971994346,0.47384648868628976,0.44344362083814054,0.4091076058016287,0.41166239905115903,0.7650450309783744,0.4185699761889095,0.18407606309402008,0.2451735443815805,0.4384158282657467,1.118228149888785
31900.0,75.75182,7.086526085683207,6.806536345600539,22.380272,5.2679646246917216,5.377005023730562,6.303614,64.83068172180792,56.78407746947202,52.068507943091504,55.95158715219486,64.92514108408955,66.42075151246745,69.30335569014774,73.43567606873857,80.34963442725062,80.29838960812505,80.30675187843394,79.630243372007,7.167247926262314,4.5323231899902625,6.356762789732021,6.516291733331645,7.260203289732434,6.506063205060264,6.217888866285146,6.898574172478331,9.782862215090274,9.426202691674574,10.733001576129581,11.344469128321458,4.2168283,0.2239586317885643,0.2208530399936296,14.851124,0.33841432782062236,0.31940448357955437,3.9706783,31.670055873070407,31.841485266401694,34.599965632743114,37.30167113907658,37.16331306400016,32.2083767264568,10.144173810247676,11.028739636660397,2.571662831305407,9.002486007325265,5.566016539784866,11.076266555018503,0.17844148697271378,0.17918075742276607,0.3040245545926745,0.49768349658989575,0.10748600512825064,0.10238514163060432,0.5683185609272081,0.1682992947297132,0.3856574611040103,0.7554665462573193,0.6455535732429362,0.4630400455060717
32000.0,75.36851,6.766641559561446,6.761589282528219,28.000505,5.153936386233625,5.137208917508374,9.464847,68.07213759079423,71.0918668280645,66.29608775150506,69.14806240090938,67.86876672065823,65.60230286430362,63.27355903556306,66.08263381197459,70.41951038476496,71.57974024222078,68.07361957428112,64.03463703707945,7.509247413757681,4.63463887756809,6.411352424850976,6.627962289630472,7.538737814645402,6.789159674824056,6.262426419908286,6.872831717055696,9.632224914618337,9.332932836401946,10.410777797972694,11.177009619916376,6.9032483,0.7398541991700047,0.7371916699618378,6.0290985,0.2873822197140854,0.2140443077847805,6.2754507,18.13793160271924,30.654545215180097,32.93529760122435,31.58377871184584,22.30176107647346,14.543336676579365,20.44931631251266,12.988886748037089,4.550125361914679,15.309741433419283,9.955998682372828,11.503480103690606,0.15967518532880204,0.10349029414052033,0.4859634634024056,0.31653476451922036,0.16328213554553142,0.4693593229352429,1.1761620442179381,0.5738765380283661,0.6378472749182496,0.42025156261998237,0.9403233330667312,1.3553568502269546
32100.0,74.7342,6.493004263813258,6.684906856100636,25.54042,5.391439996128759,5.410984433661767,5.4149146,78.56344400942656,88.38119640758156,86.70793319047046,86.89312016160439,77.40905825557888,71.94951598367653,65.31297921911694,69.57886928836736,74.12957123681088,75.35500153064997,76.07846935190075,72.94420915521395,7.406931562437769,4.605200936416893,6.413528311938639,6.445683541744359,7.599925386391869,6.6094688565391495,6.350150349672362,6.669056964950518,9.788439606330327,9.279411340905535,10.675175298752693,11.372646707341977,6.8015084,0.4796087647130448,0.43087687503507666,18.04084,0.48489268446552225,0.3217049449646036,6.0693865,1.6658410354976123,1.1219013563083098,0.5946121641458147,2.708636380144105,3.9691552114177946,2.548965728357436,17.661753339260713,17.754673628951092,7.446868701431272,10.49940254310604,11.775238188716944,16.979958750786928,0.2991047601792555,0.1394545897830846,0.1435683044482362,0.16174189156384147,0.11431020732553375,0.25299621811453354,1.04380617909916,0.3371613633109374,0.41730253186442684,0.3666546167388226,0.6451972050935012,0.9236975511991143
32200.0,74.82357,6.60809386257699,6.685184305239107,27.174118,5.1676296957094054,5.230519672369808,9.456241,80.36835419449419,83.91405190931758,82.45021000546792,83.52483917411035,80.73733816050746,76.72435367029057,59.944182322937245,65.26119969117651,76.50145028241221,78.7014591382342,74.6542691493706,70.04434308628844,7.384844983255807,4.46976567452229,6.31729568634679,6.364013341104232,7.588998060190999,6.720892083026581,6.137578306288792,6.7514191823693475,10.020491604472559,9.30285217732026,10.588356816589274,11.570395737790548,10.111063,0.6801230777060778,0.8041122896027256,14.509312,0.28827616201684314,0.1777682382262808,5.4822583,5.789992442685213,7.379812154078716,9.338018715933684,6.097731364394655,5.929173901765089,9.353157613108191,13.839356003277805,12.98553733849689,8.043148086289895,3.7875206469998037,3.102184976920983,16.958952429133625,0.15074402618120716,0.1868962085075072,0.28043339876354684,0.09758674261740503,0.49625994745741125,0.6999816924770462,0.7184879169443039,0.6478985503549113,0.27939320477534935,0.21984955274870358,0.5776996593767608,1.143326347179663
32300.0,77.75348,6.847852611027029,6.914010312708622,18.789837,5.2875790965565,5.439734128570341,5.4025903,85.8413532412654,81.273919540269,78.03030810934773,83.27942211056153,86.61651324070063,81.063286542691,74.89107449349858,78.09343656116941,82.10879635786041,75.47517148552622,79.81916450312286,80.29456368592764,7.239518856272813,4.409512845895811,6.342949745958876,6.256816631050397,7.467902851811403,6.555173661487749,6.139768300698975,6.7890561076348135,9.636774158464066,9.566367156740156,10.528391453747854,11.351773274770457,4.6148987,0.5084048249090859,0.5871964684209379,10.513128,0.20010957436574203,0.20449647222447295,3.3613842,6.0298453116264,7.18579776332725,6.268946339974575,5.183369536244844,3.9649790711069635,4.785502817957964,12.142195884337573,7.564159734569852,9.123081060500732,11.617645996582011,8.884907874240827,7.5340445180822195,0.061765920194812536,0.1761558533904739,0.2007222237650788,0.22797511095526884,0.3267626281863427,0.3031552690805289,0.7231714164604822,0.5270538284897415,0.19562456393608624,0.5690680464077427,0.4265149509758828,0.7767802168211765
32400.0,78.21581,6.595210186655934,6.710677796940778,25.307535,5.2196372566195945,5.324748108985592,11.891627,75.0675359215714,81.33940031240412,80.59670529030042,80.28849027930066,75.59321141420743,69.02949279824514,64.89787352946472,69.08780921335064,77.45585063441901,76.5111164509306,78.16106039212185,75.84628055809291,7.137508978966932,4.573843068579577,6.317867091392145,6.800434257851058,7.341115053856427,6.625629115218962,6.466407295868504,6.821311357838506,9.8126621095039,9.557250368983535,10.41494664586727,11.497947397803763,6.7332845,0.8986239604562648,0.8817951221084691,11.260158,0.1637814942857123,0.11133753565292658,7.838693,11.629763407068817,7.650639542452148,5.9080511375372335,5.717649718065162,11.225884686870794,10.613359182773413,15.543646039471714,16.69116223180512,11.045210498829183,5.564276847476622,7.008415879404461,15.090252167011029,0.13432962101503282,0.08654220395272595,0.18746772040455478,0.10859664418088198,0.18707992774536858,0.05383060651156238,0.7475695756976107,0.5093259533695275,0.4058147382701247,0.11320157853661157,0.7367829200756074,1.0596221647021113
32500.0,80.87695,6.178002827482118,6.360060687261563,32.730072,5.175198777348433,5.103318690948108,6.0771537,77.44169801380343,87.72464163069372,85.0402171786181,83.27473789195085,75.7453339660015,70.29476683288495,61.58157792153986,65.72426924591353,69.89809150486991,72.35262715745456,69.96829292860946,64.97087800068644,7.164935551413346,4.6555673418608,6.443538266144813,6.98118841320106,7.302100881476849,6.537224579348995,6.197354805902741,6.948768298274948,9.814305011894257,9.10151832135404,9.924199196597506,11.556658907246652,6.6887565,0.9056606258988759,0.8581145134678816,11.827591,0.22286902182530424,0.17032489558272373,5.308754,4.69311594571938,2.221139116424122,1.4524534875976278,7.212591319844649,11.606169140871462,10.01071972519108,22.645326650506,18.765515353804393,2.986644194451211,8.297354940252173,3.818417328521587,13.818414872975971,0.4266659099453821,0.40255622036505834,0.3784522357436495,0.07150498930218355,0.4740335500351122,0.517481464226703,1.1005727290062082,0.5076315843177077,0.6084025752545725,0.5337859541008149,0.7711862447964792,1.5391542166387677
32600.0,70.24552,6.469455191784135,6.422673113796079,23.435593,5.348086855191355,5.272190580792137,3.8234355,79.29157800269677,73.1805034326599,68.7166954803382,73.31410182611977,79.53311856506521,81.8773722797428,61.77164559756443,66.70630789520781,79.5179794744649,80.98956344662406,77.68524533521662,70.12247810792599,7.176104560429972,4.561605043652192,6.448406694729104,6.954160879409186,7.177477988615423,6.721691738401297,6.406363213464291,7.025614406549141,9.677443445785677,9.302741342914201,10.028335997115448,11.355747434967896,7.567284,0.7857964739066398,1.0097139116027511,10.783644,0.25288657072241844,0.20751633598432248,1.8980572,6.169296046938836,14.897008386971551,13.16139217266201,11.27088482604521,5.408243600405515,3.2814578858669545,10.015920576986597,8.844271074220243,8.967800226475221,2.4345552294780703,2.747657666650449,12.781272225707314,0.15494468335010883,0.06711928209019048,0.1411528847856991,0.395653219057224,0.2361115655533662,0.342939287555772,0.8970370426703682,0.7123564841384441,0.6929350431881487,0.3625748270974644,0.6477898064001311,1.3137199567032933
32700.0,71.1446,6.484922898556937,6.310964853071262,19.654503,5.542879453839042,5.491831066798415,5.1466117,76.39799213516115,72.24298453161332,68.30575659606531,72.03583063143851,73.82410621718537,76.05322125467985,61.98757586586769,70.04141899473534,75.26957873927621,76.74026316803011,72.8630600495695,67.89004685109957,7.2932070736205565,4.6683523688595585,6.32586537783489,6.8125061110021035,7.502673126105612,6.743616256133212,6.690553459378901,6.9709211757781695,9.769534272564892,9.398651324723874,10.279189572348193,11.14505368565665,9.7188225,1.2097228875067443,1.0319400845549465,4.408912,0.12690949300470927,0.07598697907986282,1.3985211,2.3057918528928387,12.386643759106189,13.627733373384183,13.48861482648998,1.4005924524943778,5.553148677162825,16.550409872419714,15.939485623647851,5.27652764917257,7.438060009095777,7.511144663614298,18.55778295534456,0.2040666220386371,0.280875208846426,0.2563215562882253,0.23827152407891955,0.4302055392222462,0.45898676013147627,1.1917067156510872,0.6754371777300194,0.7101955152465772,0.37123419702651955,0.8875736752464733,1.2873030538525083
32800.0,64.105705,6.4977738129696005,6.4817331590894485,19.644815,5.161142814539189,5.068695691757774,16.828041,85.40171292461766,80.1669338550219,77.03336692336534,78.46774447063818,80.89672422721884,81.67186194653621,55.51215127453514,54.9153070142236,58.764235985259056,62.5149082995899,61.80582744137473,58.44119669413095,7.214991456675321,4.596088013318374,6.4109376651712715,6.872545653522391,7.429893780292521,6.674694223781066,6.637740339997552,7.04873461946601,9.684851253008459,9.191165415666232,10.358088706832488,11.334589816024925,5.1594286,0.7130979533993891,0.7582750639757075,7.9006715,0.0868607696787806,0.11695347593255424,2.9992883,1.2086123085771692,5.441589708958623,8.625895506483785,6.649527023133914,7.505553686303034,8.202219953488752,23.550271217863912,19.376086292684175,5.516487607192898,8.374373084105144,4.729208490702779,13.476386212368352,0.17330141255284157,0.16500439129605254,0.08765745796084241,0.35029880856109147,0.4951187271016737,0.5270473504339241,1.1260437420122344,0.7788436774013555,0.5704449957271563,0.14909941275213742,0.8935223038719199,0.9203026551242051
32900.0,78.86505,6.905937814637089,6.87873963037985,40.08936,5.42060216744416,5.461492341752426,10.37738,70.96217973044887,68.99119886035986,65.15216484054737,69.50726833087998,72.7519008724068,70.6892440225836,60.243297936198985,64.8220222473702,77.91840923247732,80.99869222341056,78.61704905568244,71.01637640035266,7.292830497567834,4.482335533572023,6.379889041926887,6.606812708429177,7.256786665281361,6.473725855712183,6.199355254919081,6.711954490222695,10.206597781278083,9.314159533320394,10.838814182832254,11.903884313706238,8.766343,0.641628324963017,0.5789438407889113,12.219169,0.23879622170701045,0.3214229915402572,2.5315874,22.486544255220224,31.487450747022663,31.68969451595757,29.20271711113907,24.048557460201806,17.50052409417749,12.047007000858617,11.705311399467366,9.882997626939524,1.6206521635932765,1.4109103668714196,12.893240012068599,0.4063223306487675,0.26789605655110693,0.16888522564432118,0.23016535978237426,0.33268723377443044,0.08222401516062827,0.4004784306042613,0.422998355921032,1.056516703187962,0.35695223432651957,0.8842060748660359,0.968825840657385
33000.0,73.87132,6.22747025338483,6.2513630682497086,24.577095,5.325184720739185,5.2987334683393925,6.2224426,83.99545529938993,83.80036321809011,80.77728546978409,79.61935415249216,80.68618613434137,78.49621771501343,56.39825975244289,62.17544833749033,75.61072509798414,82.70492890731525,80.2838868208145,65.63591611004667,7.387923962194658,4.7642624750536084,6.281079718114014,6.493469335412855,7.378209359250708,6.731825660817293,6.349057662658482,6.814731487271931,9.702405907955741,9.045474794609254,10.294544890933322,11.28190522779498,4.332715,0.26140325461693265,0.31664164767101044,13.395303,0.11657476380534498,0.14540697926875049,2.9745536,4.2577163699830605,5.66613882266936,8.404659186278888,3.174048253348347,10.0993013615158,10.669242257282026,7.73263864699805,8.90973953025595,9.503307852914803,6.575081313429025,8.190507710114117,7.5729204484871095,0.21578809683436134,0.10100251576943528,0.3787406580274943,0.2948609730102973,0.19479379950639483,0.09454724941572809,0.6732863573341408,0.24042288281117216,0.6068386173031913,0.7188213164040408,0.32744904026258165,1.2318458141267397
33100.0,75.153595,6.463329506059737,6.561689846121129,21.966806,5.140430690006515,5.230219380867191,2.755783,78.1183288355972,85.95636479392464,82.93093118918237,82.08603832933939,76.9332544743984,72.00375827288082,63.59568062426214,68.79926788480851,82.7212077254539,87.01700598973427,83.37531221646735,73.21257619765099,7.279637038787377,4.525520885835802,6.29567660145742,6.522090892717824,7.382906940177353,6.659229813515981,6.45794608957659,6.706283134549923,9.978035515692355,9.12891279938539,10.451237066107723,11.385014540496696,4.00161,0.617735787091671,0.6527196983900789,17.865244,0.134837917219408,0.1584194986198342,3.2856996,3.5386151769023435,1.9629750725841193,2.937627522633886,8.534592798849683,11.710371051280514,7.4072016723191565,5.651377259404047,2.1980724734903343,0.5933369205141622,2.9910035250086766,2.206761837441352,8.872746966668728,0.17691165258775993,0.05674214444243454,0.325474918578484,0.13716481801227187,0.2840064838795483,0.18803787332701763,0.7069673104641746,0.43261397405892016,0.6360652290670451,0.32555178958277536,0.7210042882780392,1.295098383846383
33200.0,77.27721,6.270021556170325,6.445418535605964,29.411034,5.202982595769658,5.288456103217707,6.696775,79.53251357574423,83.32379389292599,83.09805346374587,86.5934556780951,81.94436827988199,75.67836729473372,65.22100768706359,70.41959571488702,84.04883537902906,81.81906763381875,83.57225138968575,74.87799340981881,7.173181813965723,4.533954034818059,6.291595345486155,6.503705005007724,7.468204870586708,6.689161930697991,6.191340211460003,6.84493426383099,9.947396492101552,9.515700001502232,10.357948308949863,11.590476976070178,9.904559,0.6409275508878757,0.6138548764305708,17.35108,0.07465562967248439,0.1836175083122705,3.8298976,7.8710085092638735,6.510602282486246,7.626840110808221,3.4701599089226933,4.021996654939955,5.954031512621268,8.181962667434572,8.21344430285976,8.497607372872297,1.685040847329208,3.69864160727976,8.88342201511207,0.3365913411311932,0.26981834722062814,0.1618533561372631,0.5152787105724589,0.31184285707945497,0.4734797768960598,0.34861909604454244,0.1140365801190277,0.9380559662091683,0.49651592005957745,0.39463157848531855,1.184982160759721
33300.0,74.438805,6.102911575270503,6.289026566096273,28.636335,5.246796822300017,5.20728129303701,4.359609,78.34168567445529,87.1400435459985,85.92768163037321,86.27847141529067,78.91901778075682,72.70646257663067,60.64583527952096,62.798633870170306,74.94480277161392,78.2833372034038,76.00573222552133,70.80785268831333,7.362733460984128,4.6487663015411105,6.512100757552489,6.649406916746707,7.15961030256815,6.394039529793169,6.12507993995565,6.817525758181822,9.905211705221268,9.113687394163854,10.450037782486648,11.509869234325427,12.351916,0.3817256340417219,0.3903921945286632,16.723274,0.22896493001828994,0.35615822810691516,4.1216555,4.125698725627773,2.6971277971931267,2.341438533453156,2.101712872429851,4.864683685040511,1.349722586032391,16.263219740860798,14.687968610071392,11.920191558076834,1.8699160597349913,2.607974460762537,14.573213053466967,0.12055167670385207,0.22392340760962656,0.4451659021542407,0.3085849347154917,0.0575201273371473,0.23905270532955444,0.6485806540177855,0.42254209597315,0.7131007112212482,0.21156978137722257,0.5244793175333033,0.8589535233755347
33400.0,77.243645,6.802183911076813,6.712610232935057,27.215086,5.3751254445361765,5.397024474835024,6.2901154,72.45917951492468,69.98035544407486,68.44705524324486,69.91795357807094,72.18105740129256,73.6328067651874,64.98085043454971,70.844208060798,76.2110160796148,77.37014485502334,73.18835703258365,67.82742118885693,7.251656349291366,4.668614013046832,6.470115666144451,6.684774654018155,7.260879190485394,6.592206981280416,5.913840092838821,6.659884492060449,9.833427231854287,9.547651904994956,10.577062867953657,11.50319688273691,2.1078582,0.4796231923558742,0.30621501429850206,15.989653,0.38999125293516385,0.3748967106324544,8.390612,16.228387503522253,22.883711771934852,24.57933451638714,19.35652570000619,13.075996035546611,14.183193511478814,19.43173727361697,17.64025517047563,7.461777778054322,11.582959353322803,6.849016088251259,13.597138710624357,0.17313536520499762,0.1660779529588187,0.4248724099516033,0.27068096404440906,0.11028294673251367,0.34084756942471994,0.6477023390623778,0.4647743503835204,0.9354109412756775,0.24141953072450084,0.8486964135025581,1.0072020255197744
33500.0,71.93864,6.363646897653311,6.49913177906634,29.526533,5.240442421081226,5.1913288976221725,8.569636,81.84488928696265,82.664657775637,82.7296106111038,85.14356145015164,81.11946467162359,77.02132179404028,54.18189695619693,57.08418240892282,70.50839728912061,81.22993243097875,79.30229964073241,65.27107747134708,7.267161470141776,4.730852858962467,6.501609293306004,6.872483529767318,7.163379524683658,6.503339329116916,6.199509272602401,6.867680617369416,9.995677567554033,9.307033402577275,10.51269708500174,11.752687629190637,10.563434,0.5904622218725113,0.6723246396036943,19.846828,0.01102996901604548,0.1481287045766891,7.762969,8.110415477789394,2.8154784005447087,5.390760240491998,4.220387296395077,5.841984045632703,7.011491899069065,5.750268181676829,5.02309562551228,4.85502023384525,5.54541716649489,7.749541860531232,7.676782071110297,0.04616623071247196,0.21088094445782948,0.5340121361546636,0.4946106840523429,0.21537646341561353,0.38902531349676217,0.8858381791872197,0.4043799474805046,0.9953376484468053,0.5551974426237655,0.7274225912040044,1.5924863646287
33600.0,74.67423,6.639245838811589,6.798077495542363,27.091558,5.170444051184006,5.271289568792122,6.927526,80.64726939361594,83.65759131431882,81.79547774320773,86.61875286866105,82.52488384045792,76.74928646413457,68.1746845118393,75.07859646923042,83.70810483736024,82.21898680791462,84.06603196331825,76.0645953907031,7.465129200468525,4.62890891822846,6.629284261241704,6.662038278548022,7.2484757631667,6.459040823151693,5.855153004203959,6.715882240200689,9.640281505458615,9.390189810279326,10.804473751671862,11.945234130685888,7.042154,1.0057477488776574,1.0079508776082302,16.664783,0.2073528058929827,0.218357026352979,2.2394288,5.7473587648800795,8.474501963483076,8.306507826274114,4.5834258364062945,4.278908871085152,5.9545304176240315,9.033640170926859,9.361523302158172,4.183005846551201,8.11374373525105,5.289170811204577,9.245998151385221,0.2401490130964808,0.16950511479576197,0.14915221072088192,0.26578129396906364,0.2491706115955138,0.054741213208403625,0.5833776506872277,0.5482288312852637,0.973775397786511,0.1165239427609579,1.0368819298305925,0.9488753697090222
33700.0,72.79107,6.485752031943957,6.459795587801916,12.519481,5.270716384828511,5.313462426651487,5.505694,77.55107522862694,77.90972247718406,78.02343651735833,76.36937611946406,73.4102267540195,73.53282183653529,65.4677500752641,71.33878180948558,80.31496073422541,77.77282089251064,80.43812278197653,74.0088462424742,7.3744412288262815,4.757668405438686,6.554625398923984,6.6608539959371535,7.215288714156036,6.400163082109537,5.859747781836944,6.646693342677961,9.62060178504584,9.546530094101549,10.288945707886533,11.346701731524078,3.809998,0.8438080874416036,0.9886858189249991,7.4897714,0.04534032817748947,0.15954299357258322,2.319541,6.954253647294767,9.358720551740957,14.977190174178439,10.49843941271581,1.5666296953290546,9.104246973557313,13.56528517325099,13.364268550114012,10.061299199150078,3.599888978376024,8.48517260524231,14.264798699962142,0.09144739186154885,0.28219115772260744,0.18192151882005192,0.32861293987001716,0.15025734012099398,0.1612448255902082,0.622141799417075,0.46866179070076514,0.6431754373882832,0.2447029456194034,0.8506084353533261,1.2052301675874455
33800.0,67.55719,6.182675814474318,6.1746076692521745,29.794968,5.2840302692485315,5.254579455283515,2.94281,85.27838731893712,81.23819867051719,77.77267680339368,80.21822353988547,82.74157269347175,82.4133504171196,57.87562869984452,64.16351776744474,77.56380074086807,80.70964185941648,76.95977620053414,65.48642085393432,7.275477810071237,4.608753278399997,6.3406085110968,6.5841288857691795,7.185955816307863,6.488186684363548,5.958127889020094,7.0590301294962385,10.001490494322377,9.162721350529544,10.470020398728755,11.650690353193964,4.724312,0.5254204092606114,0.5355210028392562,4.0577035,0.1432312677414065,0.011984674146708067,2.2496288,0.776662183669122,5.23380689460578,6.55403830679055,5.884932533483664,5.560194669141407,7.791600846471887,9.409772406343805,7.694265904911131,8.020017826905473,0.6287420348529151,6.9648333384135634,12.653537215595735,0.14521705904334709,0.31255467284372773,0.2412860345646328,0.10618842028472386,0.03362827081434851,0.008070740033438144,0.6864164818462887,0.3966823281940206,0.6943968534253179,0.1634486764016123,0.7180092831181002,1.0065508021546687
33900.0,74.15405,6.9421408844147905,6.892206991805748,29.187479,5.416151595206673,5.482487547793852,10.057675,65.45673017471128,62.17414123659554,61.194999774126416,63.441283188873975,66.8829871911063,64.41086780176171,59.57083597988389,65.1441747847637,79.14366787454323,82.32243098039244,79.29307982311529,68.7811793717758,7.017933954413966,4.583096325018299,6.346054293796347,6.5358011964877605,7.462441886943968,6.5747547658100665,6.089214612543082,6.760711671922576,9.712784824692955,9.643361259220647,10.736976798904392,11.78939659437537,5.234895,0.6776082154286476,0.6239095849947863,4.0269303,0.32764922042223993,0.42381463038785927,8.335976,25.12375833405257,30.541851816629755,32.8423296140459,28.26044015060552,24.890306649264023,19.932974616731997,10.78383708598312,11.387503743205611,10.826127395237284,4.9262681565380335,5.4930267451810515,10.734840360345565,0.2553758340168985,0.12645254624557178,0.3436328813047075,0.2276209717475234,0.22414607155868013,0.1242660237800312,0.592219169446096,0.41074796713402284,1.0001077313221314,0.21462748777763954,0.843247461044397,1.451653509398828
34000.0,77.265076,6.558139957614934,6.783495649258012,38.35573,5.274071570028048,5.228939365524025,12.0943575,77.68238229665802,88.37594790282986,87.18268682660626,87.87415116948323,79.40835293836166,73.03229581563073,53.92120141120328,58.41921940939513,67.5579621129444,70.92276108469328,71.16950942285462,63.387996395457314,7.251444966415787,4.518568196543054,6.204858272515658,6.503418938940276,7.463875569764139,7.03546470713242,6.26720211164218,6.833784719951846,9.599629567319111,9.49569444005622,10.45839231094604,11.350830719721301,4.228602,0.44477629592879453,0.41646340124994763,9.814558,0.29894077146138526,0.11906331392196222,10.004624,1.0469499380061154,0.8923048471971865,0.9017026230341523,1.9936072727137468,3.8736910201538373,3.407138430010937,17.765366832757593,21.384461754732424,16.30454881014137,7.260877919980243,8.06180650603201,16.926114510684073,0.3076984116572005,0.2828073154780515,0.21408301664796914,0.20788793878684847,0.3128295193318223,0.23503283343977957,0.6874014517015802,0.35108869277473065,0.26817528266397583,0.3879503011586196,0.29092788892609084,0.9002735725221445
34100.0,74.832886,6.5060570373107645,6.66324171415397,27.743904,5.539161246077728,5.55931260065563,9.180168,80.16445830625084,83.91489236085808,83.28040706636277,85.79780664328904,80.20683193191503,73.99379593397192,58.846516666072496,65.04619515006195,75.23928213595781,77.83590807532188,76.0141152858129,67.43991368426879,7.226096260143564,4.46086786456512,6.330968480951228,6.4284622164576,7.651480490285021,6.5679429180105515,6.194537296870507,6.546600685732396,9.987752197297716,9.641429713020097,10.823612137272045,11.6474897209615,4.503494,0.682185495305214,0.6902184272566221,6.3729916,0.09943997193517047,0.10564848969024955,5.2331786,5.954934266831177,0.9018956477136729,5.195959695308643,3.314391929942139,6.29324548249617,5.6467469520252225,13.766608892307229,14.064579386934845,9.048525676328417,1.9958964497460012,5.709345337015821,14.037173380242468,0.2776107654945342,0.3769643274232898,0.19728927652097242,0.36831380203505376,0.2846678910337942,0.31840601989936945,0.621184033017912,0.4964252331161258,0.4498575594793255,0.32913770674988063,0.4615169619663212,1.1473526346371623
34200.0,74.18566,6.744493534054537,6.818749158163844,24.181574,5.299061948129359,5.356921322776057,8.411822,85.31404175670065,83.72502287374364,79.41507298844941,84.12278186218269,85.42801274103918,80.9955402166752,61.862515873626045,66.87420943354421,80.74665938988915,86.95711553652926,84.26641212947068,72.21789806993085,7.406929297497885,4.609992171467037,6.583472554623963,6.778284295325776,7.297818319232877,6.370854579873022,5.787998325544397,6.648792146703868,9.985156439159027,9.4443153167138,10.602197141692745,11.542591549372153,5.8052235,0.7952671095334128,0.8280668438801942,16.862087,0.1264540702526981,0.06258519381342659,6.1235604,1.005242644638416,2.2120304922819525,2.7695796396730605,4.706676996795274,3.1240109478232663,3.073611318380799,3.713878739865049,3.7881493299884297,4.458256014173869,2.3984873394217794,2.791602420673208,5.5354957742812205,0.2854303957084692,0.07341969538568761,0.4594649746693333,0.422736674122296,0.1564990681991527,0.17385892630297237,0.6067848880467921,0.3838237896465981,0.6701513647254428,0.3830428306007553,0.6178373693044594,1.425156301905052
34300.0,72.39694,6.295032732921772,6.38509798077112,17.730219,5.441426471105498,5.503798910267321,4.803907,82.33344103843535,85.74385976346589,81.04978314677176,80.94542961941897,81.59997359301131,77.83414388906799,62.28736242562483,67.72415040759904,81.34317781025113,86.06373735911677,84.0594231450611,71.21570019404169,7.5404346483319555,4.747321600002163,6.457218595562449,6.711749001145967,7.360921818374291,6.397699924180334,6.146458522848903,6.662946041869849,9.697663408374071,9.359307124178073,10.664679191690311,11.745117209958186,6.714521,0.5091192216909047,0.5044945588185766,12.482252,0.47366563619438173,0.37953984832543647,4.192802,5.217125644605811,5.535332602129479,6.210240264486678,2.7215984535612465,8.788078999815058,8.428710490346651,2.651889748396984,4.0636679660684605,5.628032395572554,1.7455275077348507,4.11691613795401,5.002965124323922,0.33885071352913204,0.3213640914773538,0.3354119534807873,0.36327459793753136,0.10262088421766141,0.29309450582649454,0.8588567648430846,0.3293126456792361,0.26656206415725664,0.37964025865071804,0.2878546044024436,1.3290937080881842
34400.0,72.09183,6.472906691791484,6.5281983925158995,20.140173,5.0901175803819925,5.126215845972162,9.142044,82.60034635810825,82.40510969603285,80.88491158151001,83.97985371558546,79.84903045883381,78.28552792312671,60.25319735031842,62.687106797186146,75.34395687506925,77.89535646907007,79.11914814607148,71.47498627748902,7.3538158747845195,4.687487860338451,6.298109984569739,6.3504822909311365,7.408871810647622,6.706395381830127,6.307909650544978,6.765985349959081,9.935907416135167,9.279233334213407,10.655876196851986,11.16917452310823,4.6303453,0.2558666140195442,0.2758884738588839,17.043564,0.18456322104511763,0.09750915037006769,10.134231,7.7723134216586685,3.775044447827493,7.038595874822798,7.28060623884805,3.3800922411711105,9.55485019451831,11.926804151419944,17.330020368735426,18.917453384810177,10.226330045684373,5.926330668130222,10.48652040552646,0.028672643018186998,0.14156009298116093,0.39496836870994845,0.5312009262470447,0.18062714527624935,0.17253906779131778,0.7533431509307698,0.09296766413373882,0.46379513896828084,0.3670277942601693,0.22812688003016093,1.6773330711806307
34500.0,74.72454,6.957711118499854,6.857696858854969,29.715067,5.214638041624599,5.237252533413443,8.807994,71.75568517842827,70.73822074962283,68.83016857832222,70.40602853185631,73.49605946370777,73.51267663982811,58.85761222669296,67.08584882654554,78.57824363178851,79.10346385629379,74.84617567978249,65.11141028480272,7.125260403400226,4.455325472425837,6.183774784764005,6.567575398285964,7.647126084545019,6.859757269093414,6.6220803556496,7.072099746724011,9.404761197249824,9.543990586421467,10.47508662055852,11.386232454434316,6.0672736,0.48599871322704447,0.4953343681432603,18.02789,0.10913129069000864,0.06209008387798074,4.4965587,16.591562532844453,23.49447054005468,25.472796257133478,21.26812589104887,15.564262868179604,13.566778766356054,12.234008547808651,11.91437030821904,8.963135505376087,2.856035923111665,6.574324899955639,14.286920822113377,0.0994432622452278,0.15114373133778017,0.431331839670971,0.48934190052809906,0.29268796002348846,0.33824816630607923,0.6112089780482942,0.5563426259540625,0.5933971178704859,0.08295347146577876,0.8618055801716349,1.2971016811019436
34600.0,76.07653,6.378108687229939,6.486708597874389,34.024197,5.458670693268526,5.534949523510345,11.337932,79.42441309023788,81.384725420062,79.2049625060783,78.99698823488251,79.72272650250636,74.68656258455506,67.6600703826922,74.87211971532588,78.01820634367003,76.84932719248599,80.94762588512299,73.92293664112067,7.530302047952579,4.775334773545208,6.679090410607053,6.747422392536957,7.318823780436168,6.489300322618017,6.214342064471264,6.792698629433521,9.935296847477693,9.419327650987315,10.572723516357504,11.533981479034301,8.634968,0.7316738400788334,0.5635343344888092,1.7876885,0.3309827254334917,0.26485503680071426,2.9639883,12.76159472885451,2.4881769690153237,3.466489211547542,3.373039555868524,13.333035589757836,16.222031996324613,13.86737342911558,16.242766551514805,7.842831649620676,2.3538872952099603,6.981210888204699,12.505076766796087,0.2069729982994248,0.22917462292878096,0.39243853254082406,0.4855642259957604,0.07932656267528208,0.468805637357055,1.3507287285909702,0.3874615348409105,0.7868446030976542,0.39767527767473654,0.29330541568018925,1.0854980435266353
34700.0,71.634605,6.423756194579982,6.3670948078081295,20.28347,5.580860358270418,5.607698978081402,10.17644,79.05750250279472,79.5669523629867,74.1311519957179,71.02420036486969,72.32565538439009,72.72633258771411,61.723853390188424,67.00651757966637,73.63851781498094,75.41544072375837,74.2496089025418,70.3729062185527,7.50791251471133,4.714218973483398,6.501414537825991,6.591675009944481,7.358842557390137,6.466317726542179,6.39830566438902,6.892896928843083,9.92463845089509,9.586970716849232,10.588382335051977,11.371773800028853,6.276167,0.4099629647545109,0.6043692529587187,3.4251363,0.6440872713357981,0.4874749103790266,5.063343,7.018313616945086,6.819628824152972,10.841569709533008,11.334755872600912,14.569431664643405,11.21686114025686,14.791729554685098,15.683644996528217,7.163906572777014,5.5827251604636725,0.6635428081866426,15.796355019329209,0.13550243162914197,0.16342438367125914,0.05296717338152299,0.20630318617367144,0.11037115758538653,0.3520762196873882,1.0779222168893936,0.34744546581925856,0.10054148504057697,0.26725357002601924,0.5097597439849082,0.9351021086333472
34800.0,78.014244,6.638362833092497,6.839108492985446,30.113737,5.1519557818440145,5.243532505980974,4.543699,78.60622805756311,83.73725259959005,85.8352104991475,85.00940322564752,77.6685691760966,72.90845540350841,68.59283880688844,74.22131267546582,84.84493310888432,82.55614230522701,85.02178842055801,77.23980330534067,7.424130837377582,4.73774527665767,6.279138495433514,6.460629820682601,7.482468277269901,6.659585690320603,6.50083623396905,6.782703480993938,9.836809769093446,9.362500164571403,10.50144820538003,11.438277309822622,1.1946858,0.24970884963593154,0.2996799490581759,25.1582,0.17308657490421483,0.1089509033155672,5.828004,9.33796757210194,4.398476735648433,0.9153057705315097,3.636166203115484,6.381264276350981,6.1622569280937,4.97538024693302,6.918092991940803,4.336705890519982,6.246544522441471,4.669290650437285,5.896517510804376,0.20737963712890287,0.2812758251153051,0.1357874409887425,0.4511884079511264,0.11225172440787315,0.4634848730959294,1.3141008494456787,0.39397155661235,0.410775084993996,0.47835499907635665,0.37781326852181507,0.9806820286673379
34900.0,76.92791,6.652772877030954,6.671093472248461,23.000067,5.433350124359059,5.478175457864231,9.993294,72.31508374688293,76.4036937153259,76.21666019594487,73.71499704742065,70.81199084072695,69.16815076674867,61.747713527813666,67.0581621292839,79.30893622905006,76.16403708473383,77.6723779131813,70.58484789594175,7.280649415674032,4.473577978276246,6.287572073461625,6.377692773812664,7.554123192238436,6.694229143097644,6.521424305562836,6.730773310594315,9.771238627711968,9.69127378684688,10.435051803947639,11.339938571386222,10.008168,0.45201737800887165,0.47397073170844367,21.953747,0.30822828633326677,0.15485651214455556,6.3436656,3.86452620115674,15.934580064532613,20.26239773263291,14.360285719728871,4.2473683645227265,3.280810567278897,16.04521806476923,16.20557630490411,15.766457702429253,6.596735656622591,12.826520212241716,17.368411699876315,0.10399504400333044,0.13389469241142052,0.31617081300701266,0.2520413646412112,0.20309477059500025,0.04667133293622569,0.817462664582067,0.5521682228577511,0.5092912135900839,0.4926405322406632,0.30405241232531827,1.2009981193374781
35000.0,65.91611,6.39236747347442,6.397294590120119,21.653015,5.300596683092607,5.296509875559338,7.715017,85.5989415451592,82.53956454847811,77.22652239246808,80.7844795499517,82.09270586238306,81.11098314310622,61.674093188801486,65.27646402325155,76.87911293838177,80.48902328139876,78.57343438968906,72.00166113653279,7.801838720195687,5.007074680233539,6.626841291898832,6.601555797809058,7.1883699286296805,6.2813437148011175,6.172117325681995,6.644406916443573,9.606747924532058,9.173021629909838,10.469299040926629,11.55580116343412,1.3000901,0.8788766782758238,0.8758461331386129,12.949358,0.1402741416632958,0.24701241408571756,5.2264,4.209257314852071,1.832567344337111,4.406488144534591,8.828468821104195,6.593619589803537,7.839826984723511,12.813397208354864,13.97349308621856,11.438328948903218,6.699808986559125,3.0926774770148344,12.723358710959836,0.39119031308363345,0.3761843979829255,0.4158839276005829,0.14542295345429615,0.13319956550301387,0.16070034040902115,0.5476226564450909,0.42365562003274637,0.6735912492988759,0.22646923607124422,0.6195947672278073,1.0543462543754638
35100.0,71.13441,6.710749699357364,6.697776849915311,22.539682,5.40268213404341,5.3559415332028095,3.6348648,79.88354649441357,80.43848531550047,77.51017801772525,76.81178243379617,76.53967018449295,76.24713639042763,64.67455462150815,69.79979582748443,73.81667157237727,76.56201325407555,74.72955776107254,69.893136923751,7.234960700228737,4.580792263735515,6.374017321257448,6.441685143144446,7.401129471169104,6.604251226376413,6.505224566603097,6.656998182936614,9.97005828854162,9.676886358909648,10.688849044869833,11.438006946052829,7.5098286,0.6427119182758727,0.7579271969130186,5.9443717,0.10650429387023667,0.23317164143336225,1.5602543,6.2116534928180736,7.471039232070027,10.221117090032754,8.240915858677544,10.370654015805743,12.208119428789358,19.010766709413424,16.577980382961233,4.792107440765444,10.651648181035537,6.774998277584804,14.31432507450996,0.19489281987673504,0.15247818475707517,0.313109333936158,0.16706212581299104,0.3415403572182174,0.21390397304728112,1.0486130680814965,0.424717002142668,0.6721058215526624,0.5512143739185132,0.7894815681437948,1.213735156332791
35200.0,69.67747,6.527808867867974,6.558404925637348,16.38642,5.237813908381377,5.250155081053538,4.440333,79.6443074455624,80.40769008968194,77.75783379627406,80.45602500728819,80.16429965672403,78.2593368120235,69.72525316729308,76.4607314153498,80.03029465886847,80.21128503438153,76.95617909255567,72.86609545806431,7.507944359629389,4.669337310978893,6.49216463971928,6.650382542282678,7.437610272329592,6.4570802746737845,6.416135461335746,6.7577805301614235,9.498851272027563,9.376029849213275,10.379911832756205,11.464698177164577,5.6276627,0.7801085095244321,0.8624885578556505,6.0222235,0.31583401136042977,0.19707422761179919,4.6210756,1.8155931206151559,13.283474794541332,12.34889133689227,7.076198386020177,7.051060743988006,9.196320480297608,13.03180559366472,11.61969140532198,5.625314216458418,13.923622949652813,6.41513805035216,11.018098715300114,0.036334458095308324,0.22475059065818226,0.3794504130272721,0.17673326174981055,0.39974940721775565,0.33246892954385765,0.8493914718646589,0.3290868865614603,0.5960037531574371,0.14349530903866659,0.5948026650588956,1.000161984041264
35300.0,68.62106,6.464327032938727,6.435216532507872,21.486986,5.32390012319179,5.382861597478065,14.341911,76.41423348008169,72.59962390986557,73.44418461817567,77.56356970354757,80.25769896686583,77.15592236725298,63.98348829332107,71.30157164607799,84.18344134522597,88.06337636849821,84.09853461962945,69.64830697635584,7.317905408867876,4.408904428230659,6.353726669534644,6.733477709249112,7.267253673807379,6.663690827974974,6.661694837979643,7.127912363582201,9.715639376675957,9.337116459579649,10.370755455215887,11.32262137924547,8.262714,0.7149788479262962,0.916739398252624,16.079449,0.09331176206922956,0.06872508210190006,6.6866007,10.05745961053185,7.408482418699424,10.059595543126074,4.7945553962429,7.99466165649178,10.46232635202804,3.1937420206007614,1.9100664325419403,0.8354009895206833,1.3853430052063371,4.507946631925007,5.7783754292258624,0.13339584528797532,0.060556253187000614,0.22751268200856914,0.15580779072450573,0.29718275694809215,0.25368328619683483,0.8879236180806687,0.30876770877312315,0.2861883448792544,0.04813018536242722,0.5479353910133757,1.094435566528358
35400.0,70.66138,6.240634939333102,6.289311856600089,26.778961,5.352086285323364,5.287424609876392,8.867801,79.89342167045902,81.63037415297282,81.23621094791353,81.11076590613675,77.44191540862575,76.42127113945605,58.08043934843531,64.44860386983108,77.44930091130884,78.9876198259749,76.06601423937508,65.84694986755726,7.3347764001381535,4.655645038811458,6.383817422601834,6.807900346607948,7.374584501708761,6.723505711107002,6.342957227237654,7.005271356498994,9.724408509692202,9.25398834526112,10.416750552467102,11.165125736048864,1.6529753,0.7557445596950447,0.8962121412875966,13.8843,0.12442101599599999,0.07759771995796998,7.143939,4.340176430094668,7.473495070277881,10.995526134213941,7.880186070303566,6.041166719459219,10.077959315369432,15.014434155996655,15.28195069969198,15.472768129477178,10.080507238274949,10.564933464817605,15.634886483057114,0.07787094246336142,0.046520084526032034,0.3299610652863171,0.3161107772117795,0.1850287339418788,0.35896650310398404,0.5488391206410763,0.5654747177438646,0.4084474855581193,0.3009138347943732,0.49682118199421915,1.0428287101454328
35500.0,70.16505,6.434588798038225,6.462428977184035,22.37086,5.12220717277492,5.069781668980148,7.0965247,77.83684360985615,82.123287325206,79.11202100350447,78.57463066070329,76.11958312792622,74.77259695505728,55.54984683685015,59.41677375966048,72.822459048731,83.94511175266325,80.55554366008535,66.10353254364601,7.558755362455646,4.881632722678236,6.661359637117614,6.689222355970089,7.281882201413268,6.379270189039059,6.583390178738623,6.713383496602186,9.72306653703629,9.43415384767288,10.459660277125868,11.488618028240174,12.179355,0.5033413055261932,0.6707934028690783,2.3405397,0.30753836155260394,0.15550991049921606,5.567278,6.5842606946288535,8.022213782372193,10.866476905141731,9.305734770663932,8.704902985861827,13.119934398217511,6.322950427966624,6.002478499788966,7.444172979593594,8.773680289606508,9.492968532187142,8.597553880255674,0.04049090106185955,0.2619576131095252,0.27540487024979604,0.15102222170959792,0.09709170673768369,0.2955147746807948,0.9577980674323758,0.16313456752951827,0.5683685767068667,0.7845584341837123,0.5262536254258623,0.9745116138860975
35600.0,77.17939,6.59280279075747,6.64034674225037,22.924147,5.422938556230622,5.4767502277398945,11.347051,78.82122674639919,80.67206929830185,81.62352622565083,79.69689807424899,76.44253896861416,75.3973716327662,58.22656692670515,59.915226815722995,72.54546836454558,82.70087737396243,80.61748541281382,69.41004826330835,7.237698319939281,4.394389504364082,6.353826108117519,6.740950260339592,7.080774848926478,6.610806101485913,6.676160205336882,7.072896797694483,9.706081093784078,9.557870096211461,10.435143244509765,11.480420151970634,1.2210674,0.6449565282800304,0.6514013846777318,3.9735854,0.4356145209053585,0.3614033389147451,7.3563952,6.861466481106571,7.476821785554672,11.982781029362659,6.998150904401779,5.2459480519181865,10.642007155907176,8.564984820494079,11.659192450879129,12.382443375852528,10.310546248009176,7.543878584211265,9.340515609637272,0.21556590767249983,0.10346583625807143,0.3115925787008354,0.33969324950244106,0.36768858551248695,0.4790373360009026,1.156758413254056,0.5014116222408279,0.6252031878907018,0.5585157516845011,0.5569445602614933,1.061294409420188
35700.0,66.039154,6.55973585124098,6.474149750333756,11.417333,5.080448185412508,5.086854893397045,4.675392,79.4562178779734,75.04255328113355,71.65439256777876,71.4306527863532,74.05124329223231,77.89166728608255,61.68006305966162,66.81202245247808,75.58404422309333,77.48460843873391,75.42905933695495,71.18711567764284,7.342874112688435,4.697530046148046,6.676174058345642,6.9129625364898635,7.360909212064503,6.578453879582367,6.915936243789101,6.928903550363557,9.506916619956707,9.536228281637506,10.294679362453074,11.320640707339786,4.188411,0.7487940222202212,0.6818444420164456,2.0446565,0.3736773426678928,0.21667567432264292,3.9841652,1.1674703336694134,12.269432390634774,15.533574505556773,7.494555749631039,5.234544562066643,9.829283183103554,14.31193197476267,13.59316286676426,5.525477973695069,6.480478661611999,2.589143426380391,16.344931532566523,0.21060227011874316,0.03135603024287574,0.24598261556873732,0.3685015738005869,0.11513355129381128,0.29216056384347033,1.258351884800028,0.36373891226757754,0.18813440666279493,0.20731100788686785,0.567660930521907,0.7709917105380732
35800.0,80.62001,6.487303046650368,6.568703362431212,30.997917,5.222630962949914,5.30394598089989,7.4242043,82.47740880966147,84.27432675771018,80.83001596116854,80.48208585023649,80.24182107674694,78.47507185507419,63.948141974372156,70.10912040361896,79.26565170820822,81.504037872529,78.11556672384096,72.94670858559219,7.449385734949813,4.707287687779238,6.4855870080923275,6.755838287759907,7.30719203854521,6.597031336921462,6.418974393099937,6.865993361696721,9.70753990451638,9.35422424041809,10.453810179453221,11.50424539414802,2.5613656,0.6296827047817487,0.44389275736257283,3.7790527,0.15150261293996733,0.15673974034043692,2.589487,5.014546897466152,5.9783691942126564,8.626897372406658,5.415149379159912,7.237307608811402,11.31675619078646,13.319519971752719,11.804540495400957,4.1355777133509815,8.15208471310507,2.5250197860563866,14.581774470935954,0.2243799582725159,0.22655380052046262,0.39335632926256164,0.5520802438712913,0.3943383738083302,0.46462043708723366,1.2841634165142974,0.9306197852685386,0.6094486371342894,0.4845188033781562,0.5323860175822606,0.9309331749808737
35900.0,68.80258,6.732842099472882,6.737014622312491,22.942244,5.077684972307672,5.048266331573989,7.47669,79.70117421369885,76.625655393932,73.88156731474935,73.69000152167904,76.1179234428836,78.07159314148775,63.44118714788275,68.83525021220687,79.70627831582935,81.45445751313048,78.03279599922496,72.26946131004117,7.368323084050847,4.647984775973616,6.585836825191449,6.65730430677239,7.58468330934264,6.623071103825196,6.489407553334412,6.9041493572318435,9.502306901366163,9.702449661707616,10.737866257716016,11.594215624017744,8.793866,0.947353434709863,0.8701447445613292,5.1684885,0.2996321221499651,0.08750605059569798,5.722754,11.11400748846658,2.7134949999925557,7.885059101973176,1.7303304205590133,10.51015812351439,16.89277564233562,10.161474199978995,9.229954548112724,5.36594341207321,6.468021746685341,0.6373742337196836,13.52492738960408,0.2658132931157317,0.2380725993331149,0.21906311453879457,0.3778990962478334,0.23042591742541202,0.5209608917524396,1.1402212530836533,0.5558138916450568,0.6116745089566229,0.30599862772055064,0.573262275618539,1.281291216922219
36000.0,76.95775,7.1608140802253715,7.193971477712316,22.532782,5.378474129704337,5.491006515914976,15.6144285,84.34636157433444,80.57172092669538,78.09726911043879,83.61453868219652,83.93844109072114,82.45858612601161,70.10699979266826,77.39781577143742,73.95151679447055,71.87320447928022,74.69538885443279,77.84456614000402,7.250460204516133,4.475934808810691,6.429817795553685,6.563434343544169,7.320792144271923,6.565872702754313,6.212824305360347,6.871181027851712,10.063262644675047,9.682143891869764,10.893805824007565,11.394968913588203,9.476644,0.5972010523059897,0.649688130750167,10.899582,0.2423025511884626,0.22102039774103366,5.026366,1.8692974350689877,7.793543581160795,7.327596987836112,6.870880202565275,1.6310113297480022,6.536552545837642,20.47258652840212,20.983744927132452,5.562226956197799,4.372515690237736,3.2364344870871387,18.798362523433827,0.257301373352482,0.18006814708914093,0.23501517041584188,0.30817253523496646,0.12207275209082223,0.09622252591143124,0.6524852982734805,0.2853971705926249,0.7159807702826277,0.3861090096078869,0.5086532331299992,1.1866805316157891
36100.0,75.44373,6.574106306024743,6.654575537935751,22.471567,5.110386184459393,5.202991859251703,13.713666,81.83343477640838,80.88945692550438,78.8052071407874,84.4416712571222,84.7531536063945,80.33553300041918,71.66097447974997,75.34746524590715,75.92645069691527,72.6867026519804,74.3666767857879,72.4204031355351,7.363300041718703,4.734151712653802,6.3005790068548135,6.352043879030217,7.617985908854277,6.568679270221857,6.271338636181386,6.752588584629152,9.598085435348642,9.605585125617266,10.543930715747225,11.316863369649925,15.062082,0.9402276409823282,0.9414626033658987,9.995394,0.17320279857047668,0.18757041654572276,9.415725,1.2028208841586399,9.670271498474026,7.3520311837124686,4.621004882594875,6.467855929983417,8.154287291326717,20.37996840342713,14.860507212860586,6.819168805554636,10.902399437997232,10.346282773049422,12.944438163892725,0.25937465146019356,0.3019326066114185,0.3486173984913421,0.4171830712348185,0.6013787975243537,0.5809261710052475,1.00112373055789,0.4724002525269413,0.6996025228928329,0.19965694508986534,0.8631294236140344,1.3364259201026543
36200.0,71.86376,6.579117154441381,6.598670428591084,23.572021,5.543477813618833,5.498610228222024,5.1024346,81.54692926368627,80.67339557730143,77.82246338924301,77.64165970868177,77.02907422430991,76.19920285401683,68.2946475516665,71.17180355768416,75.28221184935217,76.73624187107158,73.67455737047116,69.17581408636897,7.293645262598983,4.556938153142947,6.353777972533433,6.639970404782232,7.400722620411359,6.667330171796867,6.2466495864422695,6.83234156827389,9.79553761852946,9.626539085805582,10.517287651083736,11.449445230641196,9.9294815,1.00392244194959,0.8723705361180721,6.7844815,0.3571040812890374,0.27113343787005234,2.381547,10.032024539787336,3.2543154825648637,5.450505881872509,6.027713814512897,13.473137768706602,16.291750791079135,17.93592216679407,10.49016125831333,5.3260388426939365,14.445902197677055,7.773703274294502,9.946633042426875,0.09334431698698335,0.052708567345241236,0.30066962977187506,0.571980120113413,0.4512928235930722,0.35496776575543304,0.8627862943703493,0.5480325081897317,0.7180847076119325,0.07750740391675164,0.5843906413857654,1.4966869520584587
36300.0,69.064415,6.376911330619591,6.480199639331855,21.746338,5.149031323553429,5.220621492895611,5.558146,77.93138656806376,84.88295203432659,83.47816196168544,80.41425831823507,75.83251294591788,70.70153098888464,68.93764724122725,75.78064402551355,82.73980714496578,81.51653464659375,82.95359950570645,76.75898035094595,7.476672707734785,4.7855925451212435,6.4926114102364965,6.606871929143679,7.523286438366039,6.487029109013261,6.013062868078015,6.477845751148126,9.684233955018767,9.490275784838829,10.275464679760205,10.758725897541927,4.091587,0.7837080386428076,0.7806395876406462,6.1126494,0.22303355358357166,0.11642738538165856,5.0381866,6.640524298886431,2.415806960453454,5.918453285546526,6.16250731343916,13.131616071463776,10.185996578507591,7.755941494444751,7.746821208514021,2.904944304813591,10.172917138814306,6.58149478703357,9.33986042548033,0.19103449515079207,0.24894274643209657,0.32008925258375404,0.1748213242877191,0.1628241331280093,0.18237540683277226,0.7553417403154591,0.2158548235114561,0.4940023405649871,0.09019355969613713,0.2876088655241029,0.3081263941567627
36400.0,78.27587,6.649640371643709,6.674462259212837,18.99212,5.100594924420364,5.2149036814392,13.489644,81.99638123566656,77.42281836432814,73.88044465889128,76.48055292239967,79.5432548836473,81.47407585648796,69.80056525613868,73.89108270464983,70.29874157102779,69.99964208363221,74.90902034532381,71.47462344953074,7.215306703651687,4.705447625206627,6.194158990257432,6.289825777026117,7.5402235472735315,6.52433377120087,6.2407502587096175,6.84118118826082,9.380286332659677,9.596132926676587,10.647338385260442,11.276148727170586,2.117692,0.5392892534240415,0.45537268680455895,16.171074,0.27615466255087956,0.23475264772148582,8.760138,6.175001542598943,12.493531560289025,13.040805779477838,7.316498700042195,4.39624318225739,9.559754749297296,23.748810559168373,22.17535609963331,6.8087432942352,6.8155008750852435,11.811655566148728,14.468910929689306,0.2993975410899332,0.082230648304236,0.47421710851370097,0.30755959735789945,0.30670825322450523,0.360565981807492,0.46908414799375986,0.27787232590449423,0.5066706999252935,0.29246619350301284,0.35028825190640445,1.0452587179229476
36500.0,72.82714,5.952840185407297,6.013758304403765,20.78447,5.056399864895114,5.017589975096487,7.246877,82.62062118768755,81.10088460028904,76.5503346209265,79.2983527233629,81.90400237497049,79.96419225958185,53.77401949240481,60.168022807177486,74.38685807185205,82.9983102855569,75.92834575194564,61.589648909791265,7.233483474549165,4.5752775744194425,6.367223682651473,6.838386139333121,7.192266455815969,6.728974884225043,6.585380714719572,7.156932798668024,9.280354810772243,9.463336562290454,10.388019030431465,11.060473184015413,0.9668792,0.2736804258757045,0.14339487187387018,7.190208,0.11205135828088449,0.24408310826261326,3.9651277,4.97862708575389,8.36389350694249,9.458864771922363,6.183567453799406,6.81550972346031,10.956063280973357,5.264668634636202,6.35841293675107,6.361434070691828,6.279251626678208,7.887090198724585,7.202269854563219,0.38194899652499364,0.19756096140492213,0.15920206188056701,0.5755465924430324,0.1537329529389129,0.14996192991365948,0.5301286165173846,0.4122405823902687,0.30186735645807417,0.157007828531195,0.7822583422439269,0.8471179992216425
36600.0,65.78863,6.560394592172588,6.446603656776543,17.643053,5.282182531040973,5.272522988636189,11.201526,80.53291871682467,75.60634856709542,71.49866923804687,74.42026835868752,76.93974332814726,80.0388277917234,66.17632405882591,68.64896466736143,72.44495004530854,73.93213309684192,72.05732025337238,68.6528386260844,7.574506599993403,4.789113955765085,6.4683621517014105,6.717892016799513,7.193822154044139,6.493498000509788,6.390417849510091,6.89736627019568,9.63524607846787,9.423045774564308,10.552643980847002,11.060534794251012,6.863003,0.5414664109900428,0.570458044290015,3.3738604,0.30127001404815956,0.16916033280019294,4.777017,4.213495104825345,11.13270938490205,12.436575685914898,10.723386969413054,1.5869696887075775,7.3120395392021535,21.156928387881475,14.494180553986682,7.832718741430246,14.52336823633978,6.797804042371273,12.944595784842594,0.3257112822070871,0.6458674651472129,0.3097310511578727,0.5340934257527039,0.34412442026109646,0.3696361494459121,0.923286510920051,0.10385760532239796,0.5652446948122424,0.6978122956393573,0.23521033391770801,1.1664747065084557
36700.0,74.32311,6.043706987990174,6.017697105669058,24.709923,5.19624349555565,5.112691923868089,15.037872,79.80518015122975,78.92149572507032,74.38652143274187,79.35343475006604,77.78591975814948,76.13196501272056,55.64049093990451,60.6286175254158,73.7248500612272,78.54814422898212,76.02652647136773,64.42144041308498,7.380493049805641,4.83102436803344,6.150035583895664,6.412699090376781,7.5152803446137755,6.683766974174589,6.533779214832257,6.801351933095098,9.33425055033257,9.37041449931098,10.141773778106817,10.727697803821615,15.056269,0.6962225016333017,0.3491940697813266,23.13689,0.2873637782908382,0.41539390987439345,6.912063,4.317836881544139,11.678358569954193,12.910609770400306,14.701807409202166,6.180466076654522,1.6488544342743396,14.625409917291567,15.56589156161637,14.64476882045381,8.124109487319837,9.721450601947094,14.053193815729555,0.38451913797885157,0.3553205872465501,0.5690844779889115,0.5426503904095292,0.3354139965849735,0.5727027568544172,0.9168454543285168,0.5539964954176781,0.9482918300363334,0.39197529618553223,0.6391433320168632,1.0710589009891718
36800.0,70.62499,6.179330802233892,6.158605520400126,24.825106,5.133697212961232,5.164719383855806,2.7235413,82.38227250748602,81.49204658122564,76.83719417327198,78.80815145600872,77.11504180218691,76.56594284177737,62.550194042269275,69.24804131310067,83.02201038772722,82.95701646199865,83.97165726299205,71.38802534198261,7.242067606754511,4.485266587049989,6.462924581944993,6.85594554715838,7.265786896361803,6.521936412573633,6.466143709153061,6.916020004119864,9.813067201017478,9.444314156533816,10.412605277185419,11.31463756415318,2.8512652,0.500955053484838,0.2255047208269534,9.728998,0.16140574878162953,0.05604659398065011,1.4097342,1.6870637361439558,6.58172713743698,9.744673436536013,11.445517657814248,7.311557806709423,6.060032031301469,6.557886688236255,7.237877062193737,7.714310532845377,1.866479521986834,7.498395642436836,7.660561210662066,0.28776947179791124,0.2085545522356417,0.27163168553976824,0.29965042482073734,0.25360566040573795,0.4403883970238402,0.8141367063564668,0.4067545473301165,0.6198931745967075,0.7952299652739827,0.7968065409371213,1.047700741142321
36900.0,69.37854,5.995106789991748,5.939940671142192,23.206442,5.285894575156292,5.270867129918472,6.228521,83.15425771796832,81.89254256294866,76.50879668688619,74.57165073590697,76.28677170644642,80.82038784938665,56.38622163391403,63.16925162888003,76.47032824357298,84.01799274643712,77.06268532884734,62.84137854786099,7.290000608342968,4.662967216095178,6.396940462412178,6.546479930977594,7.38524483061218,6.715749869105974,6.642576325852967,6.9058162602823145,9.591447585049183,9.391148892652053,10.463725646818665,11.247121326641993,3.5454943,0.06939686827296004,0.21570989261158896,7.2305255,0.1081137985790585,0.21981988381685866,5.402045,5.812189605287426,8.260804250741902,11.139457491777465,6.62707008048856,5.2814648101633415,12.277957563451972,5.774956120447161,6.333215123139966,6.1861820297575685,6.234536708125223,8.434058542638299,8.219271551216506,0.3289376674247246,0.21264601517445303,0.44754390418810575,0.5919493536026283,0.2270353211154721,0.15448708962840282,0.38460472644077337,0.3920227629955786,0.3805006630778725,0.392576995496828,0.5251043563932788,0.6466343042318006
37000.0,73.43072,6.5202815445052495,6.438323922763495,25.375845,5.198762993718063,5.25469833062535,10.028499,79.74000728003519,76.27392469705684,73.08245852965786,76.45357573847542,82.17170617293375,83.43512588939491,61.246623174650345,67.38601916673268,78.05832679374117,80.11294222080971,78.13559448162543,70.63236345372069,7.297137422040237,4.670521116727085,6.5051313676649185,6.818162060035476,7.014360918501571,6.6870826561769485,6.540984290056649,7.098364774085712,9.725106342997941,9.522255429384396,10.567114207103605,11.12600819917789,4.191536,0.19656057778859556,0.43475620615965105,6.218389,0.2778698517959083,0.08174582984169358,4.990402,3.3735457532261677,9.436867854623072,10.255279131534035,8.902610665862706,2.2716329045405934,6.366242134869044,12.201495614591748,12.547490688701327,8.364819228102004,7.50152004115538,3.4458421357793694,12.926879229741028,0.12589114972171964,0.1060198844922024,0.48895683590411665,0.47209772404107136,0.08724092450914514,0.2760670935464431,0.9643083022123828,0.16193115310613324,0.34545783380421896,0.47718761462034126,0.22030180779556208,1.1143967983570722
37100.0,75.44549,6.445593657475443,6.457437065595145,24.29838,5.264385843033002,5.263555614032152,15.232364,78.30032510096083,83.29558959577457,80.88374929966608,78.48759020125111,74.59125459873876,74.04259706194158,53.670233304140176,59.85694805435242,73.79243640424137,82.63628052134655,77.49192865710717,62.85904676473737,7.238376232506952,4.571422987460331,6.327084567337846,6.487104920494613,7.365341091430557,6.668601211881518,6.421213889106809,6.618451530842918,9.570298433186437,9.278003343306713,10.693542675811615,11.442579265750664,3.5199027,0.9894149868059434,1.041521090000152,8.973045,0.2004342730466646,0.19659126908860733,5.9015408,6.678408858999016,6.280385189420977,8.743929627890287,9.16693278003341,10.55520912677191,14.631935211851948,10.879301464330329,9.764696801806451,9.650615060394408,9.605312750587752,9.86159541108573,10.313439729957414,0.2755071961281038,0.14232821535780266,0.44237204275508957,0.3588495435197099,0.02780353260543448,0.33186700827645477,0.7928196612121726,0.4943506234218739,0.4985013042960648,0.33119671360607333,0.7048513996628408,1.2288485249520154
37200.0,71.65967,6.2386604990129095,6.330039618639589,37.56045,5.410383180372311,5.409823350792515,7.8669586,83.05605158243485,84.40833833117593,79.80455283087801,82.99659890031823,85.43701173980799,80.25227287271649,61.14395038751328,67.666096830147,80.40041640222437,81.65896189740025,80.58376813578619,68.54784850591777,7.60019553355635,5.18620213678274,6.399906942311714,6.831038844528224,7.02838922145959,6.365244070011894,5.829574501970048,6.857004147491348,9.6082713690042,9.324572564932454,10.675841827722676,11.600048734750892,6.1837993,1.0798377480334422,1.035845347339673,14.960952,0.1268659628960143,0.23968548514432603,2.9368591,6.695268592409579,6.833512434588114,8.150527771736176,6.662063841480539,5.016403074482729,8.19318098901571,11.533313865159704,10.58777629843529,10.288022528990956,4.894400072420622,9.74587723889146,13.25373581664448,0.33481027258187007,0.41743992956400733,0.5384841365292014,0.2669355782285574,0.02282173828386267,0.22626324030512923,0.6016966219639137,0.6902579069581335,0.6420524523623675,0.49361664811100253,0.445933283322416,1.2673021464602372
37300.0,75.497215,6.613986337331299,6.682769788355778,19.824951,5.239774039210908,5.241945039056904,6.6026,82.75467176768284,85.33852523746508,82.10942698199794,84.58693276598258,81.95482658954283,76.9073440842207,62.18823290066422,65.13057902795326,71.82131093384118,75.63355259378712,75.09078436334572,71.36392667927,7.313640334179477,4.511145159430659,6.178047438752909,6.411851073993138,7.618920219834923,6.761542493916881,6.28959734439782,6.806833009064859,9.674551020769236,9.3294690908482,10.437278159594984,11.369170902703575,7.979273,0.7984774145686813,0.8499063095877515,13.578124,0.18914272583377412,0.25681697104406326,4.902057,3.9160807345015813,4.282848264554361,6.3199469281584015,5.179289942513144,6.976518003576069,5.772226450433379,16.648753400962804,19.51830212898123,11.747121546353965,8.641407479778229,3.2452795991610635,14.560258323710283,0.21177865958426392,0.18297544676741978,0.4389125482951277,0.46172185172249475,0.34047279022834426,0.44700216922240804,0.5799924103113526,0.4223826931952855,0.6303181533604543,0.33275712275994185,0.8608327685545636,1.4563171096452177
37400.0,73.56561,6.983140799784466,6.935523132516061,28.228704,5.190707751835667,5.383405727262395,14.625644,77.38741111030534,73.75430576545149,69.17147204981187,73.15981011143775,77.2652316147121,77.95894392991183,71.08209242689541,78.73370732246575,79.64362399977581,76.48690394075793,79.27621699859662,76.21010423024838,7.297805339686232,4.656446191758996,6.337724479511468,6.678320462882259,7.223886616482946,6.44351408156015,6.248253150107334,6.9047085878882015,9.423718948310531,9.766915149432359,10.45744475846705,11.20248608549632,9.015305,0.7271121668116036,0.5723304772279962,17.751495,0.3043334097433278,0.2694630706700462,10.21116,12.967722260039265,19.34150865904022,19.33371422949601,18.30557805064444,12.21950386599254,9.710906003420048,12.75150100358291,10.3860228678796,5.432467047286015,7.838365053532376,2.9277850557796476,13.367776352177476,0.3343513789628627,0.20995421410563733,0.1434725985422205,0.23254287746089602,0.13557258897617838,0.3538747664454669,0.660544935502312,0.5181853966096166,0.5785684395269273,0.581939113465202,0.7724798453878836,1.0005900839087194
37500.0,82.45702,7.023068343515093,6.990827526323798,18.83023,5.145983304482797,5.239122436169313,11.7756605,82.8608671413709,76.52968149402437,73.83124742294702,79.68894647206048,86.38630679682659,86.76787149048833,74.29867049512931,76.82705059293481,70.89133583709861,69.08731683820511,72.7621259475237,75.88196084095608,7.236656802402455,4.5296427638921966,6.251826955404763,6.543858046425139,7.521348073419516,6.693083739944072,6.2267916050097005,6.637048018770366,9.762178835236663,9.657744805648981,10.66007841815561,11.503657579153383,8.3818245,0.5750624256941835,0.7098803286893959,15.663007,0.1214231100646998,0.08144819202357811,6.2389965,1.20550280612039,8.026168461312725,6.072937862530597,4.677321794268883,0.5334709611633344,5.322357401121467,19.792049151235652,15.189797391226149,4.280839536232939,11.167911021364153,6.071303305682008,15.107413221821002,0.33204495888922997,0.14848739478594072,0.3982291001649725,0.4569411852228138,0.4478124229596355,0.1208116780120516,0.28724548866319444,0.3798440636260486,0.4707928306108949,0.6019574370957573,0.3508469897583999,1.2636713962175772
37600.0,75.63892,6.4659479360074075,6.482626362428225,16.281828,5.221846382423594,5.360339629308736,12.698422,80.33224669397744,79.74564966151492,76.77411371782607,81.2847233406022,82.15785488255295,79.55972611291804,59.73821627560461,65.44953617975156,79.18668661015757,86.1706561195462,81.6160424436266,68.41269803348571,7.386867864227228,4.555340356810704,6.147642143206838,6.422905330916758,7.455427149803985,6.612385259794633,6.659592432356685,6.91367372923214,9.425164115850743,10.203256886924207,10.570926635040355,11.43036583286277,1.7643276,0.5608763982025411,0.6488858486206891,2.0699773,0.03297800546529765,0.11693796921241577,10.780632,1.839276675200554,11.160386988187055,9.965386518644506,7.452510914823034,5.4096044636125065,7.884519155157555,5.577531234172931,7.497928216730252,7.870736973249258,2.1152956399899523,5.829988339989939,8.346459073496854,0.24071880223360978,0.06242659686600845,0.27758151234387496,0.1368976715327037,0.2640511493926817,0.6117263566592916,1.017011237979206,0.668128323638443,0.7886788944260391,1.026053521281742,0.4857357248998504,1.17951827398586
37700.0,79.457245,6.644595314949985,6.676298799090092,16.35501,5.131264532939242,5.271090400069846,10.230044,81.02268147993044,82.14027741483028,80.35637661507569,83.21288101822613,79.92362595347988,78.36368586935743,62.49401671651729,68.31165794894264,78.46001647634243,81.57927074626978,81.20278698122951,72.16820010943509,7.081755710150155,4.3915199558022815,6.367236398263053,6.491514411335928,7.433744518106491,6.710771695242034,6.319776027392829,6.701696361798437,9.824824172970402,9.474292560841176,10.658082154893487,11.62466999028743,2.9367404,0.42701163500601014,0.5160821308534836,14.177879,0.0622125914990513,0.037620043337834905,10.906406,3.6220403332777824,8.033152252275826,9.526805382551021,7.926827034491964,4.491580625124409,9.740087037503221,11.543775826086392,13.63073597247252,7.945055904375917,7.3266496216802794,2.596784867231899,9.654616812987191,0.1503201010412022,0.09771633357652505,0.3665214598524906,0.21861826132848142,0.031549957489560944,0.3353473227769373,0.6100375943100849,0.36193280855658977,0.299906506465946,0.10771194036687015,0.6110304944944625,1.592782606546237
37800.0,71.50725,6.524505783951028,6.330168430326212,13.93299,5.36726677727913,5.277802786225134,4.886223,74.77718804666624,67.74963661996321,63.40986057491,68.78636040916956,78.1570350663162,79.06284624678726,60.514402204612104,65.86879798759803,72.51319039868285,75.12811865677496,72.74674483342024,69.04267652831764,7.258459318469477,4.650691423940305,6.456762174950307,6.782306144118152,7.503026164848258,6.632059588269022,6.683060909568973,7.002599292078657,9.596077610870898,9.25529489111369,10.135584895255308,11.2645934595606,3.6396477,0.7099171113032817,0.9578229300670701,12.065357,0.28896387693971953,0.24500437405540923,2.1106617,7.992659559774313,15.520565144676544,14.264780608965301,12.053273582951283,10.383643496883547,2.6769542899500265,17.496225863653784,17.93187582618556,9.900885145468369,8.071099247220689,5.877566783607058,18.72193459195318,0.3439946128899843,0.3455369054235274,0.26296141802182615,0.30494351821834004,0.3118518485530899,0.46522843832305033,1.0539382750835387,0.5414764540214047,0.7525496286743305,0.404554462482171,0.8626870011260993,1.4028517016355193
37900.0,73.88575,6.637180728899843,6.689533949081085,27.943657,5.039901363209792,5.097449357748047,6.800199,78.47904049560215,82.47563732050286,82.1024971931736,83.14528421142951,79.5850336488275,76.53871719000792,60.1130041554814,68.10810022659933,78.46267188403165,79.66445899189027,76.13349774493715,67.0101148385987,7.203527461419486,4.608986203942664,6.2975081713840675,6.747396447985594,7.263772349795263,6.6007956249786774,6.480850852707678,7.038040216697289,9.603082359048074,9.660557342300072,10.326100427177979,11.352401054840831,5.6741405,0.4766956117971797,0.6200741734299715,3.6371365,0.18146262898606177,0.17607207202770173,9.407623,5.903902835897551,7.55905442891057,9.125379749607417,5.219409105899581,5.900618635257762,11.487338687321762,15.297112104832339,13.676779774065523,8.69077315105586,8.444273499316344,8.62363760126908,17.315317210521087,0.5115412976574012,0.2925993441149418,0.4586510109732288,0.029161329290910344,0.18458602663876078,0.6458407439469106,0.951701840099763,0.6304464515251217,0.14537840575804842,0.426509018876356,0.727877927658506,1.3954080573289123
38000.0,76.09969,6.42807987574908,6.388546241082537,21.000721,5.213644977490239,5.2745486529565735,3.812701,79.8681371078651,80.45445160905786,77.15683627835895,78.25724372094362,78.01798723320046,76.86703336161378,65.01942923115546,71.61122360354554,82.22828228722983,82.50733867580577,79.51443391028559,73.22997543907175,7.307778453194711,4.565492808543129,6.276826665897883,6.764758993279673,7.328722373000853,6.550180330224968,6.268277660399413,7.062388989154954,9.746167784913938,9.496998568040908,10.379716146638556,11.284325654790456,4.507484,0.7101884051791275,0.8035044254317153,8.921697,0.11377645238198943,0.06976983142271065,3.03964,2.4604558634782587,11.962483079408225,12.91836494575156,10.423736522806081,7.417049027531181,6.685701296269001,10.554801134887313,8.487252906050468,4.4097613591718074,7.508262483944398,3.4786198504750265,13.571671039982597,0.22677048985111836,0.12250509831655901,0.3585286738368146,0.10760431851928354,0.19279859844782388,0.2702614112472438,0.7535896380327063,0.4307688770674924,0.39889080316818826,0.30905832650107123,0.9188212484946925,1.433669336515846
38100.0,73.83366,6.675345547886564,6.722233394577606,31.10588,5.043124346790944,5.2621650350164915,14.247265,81.57489813689875,78.65743783494764,73.21236642893516,76.62201636289498,85.06454718174423,82.43289240510774,78.60182203273207,80.02564431316378,77.62982113290668,67.64631778910824,73.20010431153781,81.3052252995915,7.611288188960344,4.807041094870506,6.497471671065384,6.513916793549767,7.443340274506613,6.25078151667124,5.851296157282721,6.6336037343339855,9.534776323765856,9.515561389390998,10.400826285251974,11.557966827841748,5.133915,0.14839931406420795,0.17143894082104236,15.619642,0.3569951078656588,0.2601561090453323,15.390646,4.348468166697692,13.879825532591155,12.89034101082368,10.104164586695168,8.071903631442211,0.958071518872655,7.051222696679213,3.0291246911397125,13.918290148682448,14.767788292493135,12.614856859766718,6.5948165140389605,0.3393040765975966,0.501420501698181,0.19420182884838025,0.6372661940559525,0.14781682111858888,0.18303378124864575,0.4247470619237221,0.057532169922812494,0.8634973494608288,0.6400296956352564,0.8412601239888722,1.1387502860888368
38200.0,72.31129,6.397680709331785,6.454230557513835,22.79262,5.103700189086439,5.220049668080523,6.9750037,77.86455134961089,82.12569514920284,79.6277585784516,79.95830183913272,77.13602309732151,75.01801763946041,74.64604319396538,80.8243481937816,80.00378990783263,75.74700941214128,77.43321824215768,78.3160846684906,7.2164722216810375,4.678692029545286,6.262436231422419,6.4708418267271,7.5396716934717345,6.623475127693446,6.440844002843438,6.815633353657241,9.56077192946989,9.533282507663495,10.333279004205432,11.179865737327999,1.0362911,0.8806935973582334,0.9490187123402325,12.039741,0.1721458911592909,0.12358454303585154,7.952795,6.710559573465566,9.055101778748535,10.735955933040861,8.520136861515855,11.240487410467415,14.583831978811299,12.228081595488694,10.205585977944116,4.269227723739705,12.290636183360702,7.713156153977027,9.660236982600452,0.2156464322448207,0.1281182817442968,0.5082856944987298,0.45857482301037233,0.5004023373728405,0.46057712402586615,1.154453433973699,0.5105880450363876,0.5340533045397333,0.47292568703104393,0.7743060689391441,1.117627140011768
38300.0,79.60885,7.170421008130094,7.1120043726363305,27.928297,5.051999284384895,5.202363041318161,8.049088,70.41859793491555,69.72522819392593,68.95475410798979,70.58424420934818,72.77828235052435,69.93166263226759,66.67782022040392,73.92447243710063,79.9692261743521,77.45376218952907,80.70405735140815,75.46758628595532,7.014951967677502,4.431029114804239,6.360587149660566,6.52862609182505,7.221802239044489,6.662643920135106,6.148333677713395,6.977972155985934,9.944198687604617,9.488150167478482,10.586915268314264,11.458555167141427,2.3179796,0.4685044605074139,0.18949841252784866,17.362024,0.4773615541861428,0.441014867689913,8.935778,14.989141038737065,20.5376747358818,23.165178532668055,19.39747094491301,16.259768678793932,12.327769021465775,12.206998839916238,13.2526267237119,7.402306213774003,7.592999930492233,5.172363564682771,12.022389771805557,0.4192130398539097,0.28323825719622747,0.41325864048412925,0.20085883652981465,0.13840367333608758,0.5694986551869684,0.6196468216652496,0.483493741883042,0.23312391039589145,0.09343293718895519,0.10946572154642835,0.8057382014488924
38400.0,72.83706,6.685108227954044,6.684920293178512,26.184366,5.445364952059491,5.458533071843803,3.1463978,86.00951389350855,83.02793203626139,80.92805055087244,80.88143904915871,81.91631185683138,79.77714628119332,61.3011287962888,66.71122481147512,79.31126586195087,87.04609226589622,83.3116941692868,70.71917476998068,7.5832256956241935,4.928405451855176,6.586888409577564,6.687128617731056,7.318263890934657,6.470399946107989,5.944149147282911,6.742609621402219,9.869262803303569,9.1930696856698,10.562487410395926,11.777686196486727,4.1036386,0.8552455848502407,0.7619485580563183,15.883531,0.1999710230249897,0.16207971927935255,2.3812072,5.974933560970891,4.396056065824007,6.524613458480358,1.4780801884845345,10.281661994747006,10.763842231539824,4.468924036450203,2.3128915144750897,2.4239439080428893,1.7396638540710945,3.197200839334945,7.803761256866649,0.20336117516124624,0.18862064786119004,0.10425138698163668,0.06042357942928937,0.24354691633514014,0.2162033029260261,0.7101762174470025,0.3993976686479552,0.9620996197408693,0.564556081179096,0.7598360713169747,1.2496585266364868
38500.0,80.21703,6.605686495769476,6.606725911892144,24.795206,5.289672310045909,5.394777449741544,3.9522629,77.00194418182708,79.74111569433524,77.18183551423911,77.38091729003101,78.51487326905402,75.15871323737491,69.60415733189235,76.26878457432535,79.96669034642427,77.32274302991101,80.13788888077048,76.71001211275615,7.0409122770718575,4.433939187284455,6.27917636095722,6.673058796150607,7.646556570629627,6.668937990740422,6.716872133267252,7.19627339375663,10.017793392870876,9.801371317451038,10.405977785822252,11.013834593278263,0.965016,0.5278827462299718,0.6156295074748267,8.425769,0.1495974762215573,0.09224764031007486,5.656277,8.702715074555039,8.557131088201587,5.552357098347523,7.22273126260394,16.521966545946306,17.02584707821991,13.270406211936892,13.791941293801555,7.252916080686577,8.745430269343663,7.385317228793074,11.1874807882485,0.12329263929156241,0.15377596889869377,0.18671646623263835,0.08576631008402558,0.327634110683293,0.1388185359675303,1.038437805263131,0.3819654555891657,0.5212723009602995,0.643289972429567,0.5141980932472029,0.9400083965910301
38600.0,69.342445,6.368827248396201,6.29927408970989,25.363914,5.399010078096766,5.485671976283672,10.110797,77.7479073835361,77.28903682879297,74.17316496466418,73.16726837766036,74.55980973769694,75.08177029120745,72.83899333640477,80.1648555946424,79.81582733880613,76.7228513027758,79.17312686955178,77.72436228087389,7.46654939399943,4.665104377753749,6.520883989134897,6.823249660631302,7.258962529016092,6.601347123394887,6.516481808562559,7.196917697922465,9.81203456792116,9.258394065019255,10.13567585451475,11.302033454862126,0.6520806,0.7463174655657474,0.8000915450822085,2.6374004,0.19034026213234037,0.15339906700269923,10.547513,10.508727103045823,6.677371854992327,7.545545034412678,4.977024392090266,14.400242344560516,17.855047052798515,12.23175025843434,11.613194626981821,1.3768257495250371,8.817014609297127,5.795386185678189,12.700298991417597,0.344006440980714,0.23182795453443877,0.14676085803439873,0.18010563324919263,0.3237111637397888,0.2327594246661266,0.7501622261053016,0.6007549627368038,0.6200521626922638,0.6614633899319058,0.7884493077161586,1.2061391609345702
38700.0,72.63168,6.397749951492718,6.337233101176664,22.344849,5.369169037707759,5.361030087117235,7.7144294,81.71978023520838,77.7512917999744,72.88606549726397,78.0427713358428,83.4018745570943,80.39453860427749,62.82022405303466,70.28459773979887,81.24088603340054,83.32506092762178,81.13879577728986,69.62481141595056,7.249724948051257,4.663381131377477,6.4971893898956345,6.917995797641651,7.161466649574142,6.623499004999476,6.314108611742888,6.814375655423187,9.920785920323995,9.151287314014906,10.202447761946098,11.526764952223663,4.3699613,0.6910713211088572,0.5602409261624113,12.043978,0.31552421801995345,0.17533322019645117,4.959751,4.381915759412767,9.887148535858723,8.424191722296264,8.515714445944168,5.525832582821697,2.8122881838030858,7.991181109225455,8.667917157603696,6.288440846471954,5.169078276041876,3.897970370171799,8.447327258695482,0.0667754678616341,0.17369231553772504,0.10844438962047794,0.5113833754949305,0.28436069486811755,0.35398312715424285,1.2447891934781488,0.7285032880721112,0.5374380145426929,0.5404863131339489,1.030041405720149,1.291077795599946
38800.0,68.11913,6.3660884704666545,6.3568056094531435,19.4568,5.363990258368197,5.3569611462285875,10.40374,79.93452628591535,77.40474075429776,77.05091235353258,79.94706969120016,79.6187529009048,77.0755058840878,62.69722657640067,66.75954995817041,79.19607341822028,82.13916717478675,80.05379681982397,71.3695016348985,7.316015065345133,4.819838415795011,6.495472047207234,6.86066781848762,7.300500293131056,6.458760050375827,6.2901460175084125,6.771552316019012,10.000341386357993,9.190022017036148,10.134910611724214,11.55026583090695,3.7503014,0.33530238967876036,0.46772581163405674,11.398583,0.06787728537858603,0.17991992669710666,4.677605,8.118927925859515,7.223556914010925,12.268588125247025,9.656492446300017,3.8586671646753694,7.794300786234956,12.310192180357372,11.667508236237715,11.060031890231151,4.717131532705168,6.789556508280022,13.328746997253416,0.23383145356867419,0.340035251590147,0.3522220329574498,0.46381879245501345,0.14080307441627718,0.6524477996721446,0.8808959352931583,0.6908434183011017,0.5786797078746416,0.22111634198310484,0.8247092591105605,1.2848093282004678
38900.0,75.57965,6.593196365964878,6.529879939514681,23.846807,5.140571325217077,5.136166465016921,6.7165627,75.96728622661821,74.391886996823,71.45813487179726,71.21763034298402,73.11528745722005,72.72541903090405,62.55310449925738,68.99714890796137,79.52259432329463,80.86532491403972,76.51366219912269,71.10902400131035,7.50034502073924,4.875769302504513,6.467481456354246,6.6622944576281915,7.224070344406208,6.651201158878339,6.46922072215484,6.985041449485632,9.62193719208541,9.496511318080428,10.124368196674522,11.048841994911898,6.027701,1.0909485743892824,0.8004778072194239,8.024863,0.16479853999780514,0.12397377835608504,5.3778634,12.010788782294071,8.491685786956722,11.059176869993705,7.587919280842208,12.1921277284433,15.524117331598571,13.241936188674726,10.921088173724145,5.6728043890455595,7.158883101349721,2.5167638305167865,15.788020215924522,0.1409272676910249,0.11585171119407915,0.41854023626277126,0.28466005239384395,0.3329239392828735,0.38963031020767863,0.8627440638806887,0.6115184827449244,0.9357290522721767,0.15053517930798344,0.795558322828258,1.2385999322719001
39000.0,74.24068,6.577215491033097,6.693308704490608,29.613821,4.946988518241312,5.027940919679718,11.618779,76.79543927659108,83.22730163932683,81.24699350114939,81.71756607421702,76.99835845795515,70.97744565452575,65.07098778341124,70.49000985470362,75.66579930465491,73.0738162128887,75.83010636718134,74.5701447007458,7.252042090863585,4.513462905480426,6.443836014181376,6.606606578057363,7.420315509559302,6.6441723326855024,6.586835067952703,6.824815751409015,9.41610557719176,9.746227387046247,10.30546583022017,11.599026380608285,4.0534954,0.7201097547293631,0.715289385495107,5.7683077,0.20623831714765944,0.38943211205083084,5.910598,10.952234352766054,5.57228721751683,0.8457618900692092,7.9949178308200315,13.364749548106216,13.035069652087529,20.74655081697518,20.496293340422824,12.701840101509607,1.80772537649077,6.707946876241426,19.80518263547301,0.2786098168013443,0.2460179131812077,0.2417334774945355,0.17855064420603284,0.16540739905549476,0.26100658860978637,1.3389751649736026,0.7722205242013573,0.5949925218132318,0.7769594079059514,0.4262060057142365,1.0087975975762622
39100.0,71.02173,6.3889735289331755,6.564140983043047,27.43672,5.026722914692976,5.009717236105887,7.819351,80.87101162076608,87.86415076791741,83.59361602682706,83.57501475255238,77.96121543753547,73.37706762092542,62.62144846353018,67.56944379457009,71.80844881939787,75.23402333259358,73.71212571192854,69.04730871482899,7.266479282923423,4.599081811074269,6.199238619755598,6.5383048203881655,7.537474517573975,6.8121595624737195,6.298486576082368,6.942283756075157,9.57223083435567,9.555026596327762,10.353643769225057,10.977143106500435,3.8785236,0.5935713511694952,0.5315663974640715,9.321062,0.060093037032649343,0.07954822057123444,6.016698,1.7147835305654853,2.0094940115663245,3.4100275405387643,5.835041462930861,10.370498786354458,6.579625687183592,19.958843089911483,19.757510049232458,8.029096515442378,11.352008212680971,5.0062144221705,16.79607672210423,0.08181505595310269,0.3075157176812136,0.3801845234107493,0.3397955201348576,0.5459634086584964,0.5173262532605554,1.0737467861767713,0.663754716678061,0.37936507037677986,0.3003915374197671,0.5366327230258799,0.9105790154642739
39200.0,75.461235,6.976364356691506,7.077677780356898,15.295967,5.321918093877723,5.337381494570594,18.251398,84.11421909440632,80.36995670738939,79.10620432732327,83.83481764872542,84.58361017059828,80.09366133410875,68.23127199087337,70.40960200442493,71.42811752773166,71.1103409082609,73.31780341325232,69.98937382638262,7.390434982847427,4.615120995155977,6.323825461618136,6.367122392403488,7.480919233462873,6.579523943388707,6.4649701087825475,6.883615419796887,9.628202164395752,9.825372520692296,10.32816055828881,11.359698901202608,12.716548,0.8085255601402203,0.8794760753717504,15.567083,0.33203179144830924,0.30780124941620035,11.59416,5.545269302929255,7.075602996373273,8.015435334260765,3.0789660244401733,4.478278025147313,5.379571405267038,19.61976431180485,16.844014486686444,11.645009013998717,14.194122248543527,12.931131762063329,10.61003329626601,0.33439351323891864,0.11791244231040582,0.3194819545163116,0.13972697062724354,0.04444069910487324,0.4344946508685167,1.2292016786675886,1.0553897617438999,0.9648888992162137,0.6842053435742244,1.183521997649529,1.515569720275458
39300.0,76.36749,6.692195948748412,6.824466098497631,36.555115,5.333075191943352,5.376332554361525,5.8046265,81.81195539733858,85.55400961292753,83.45989836388623,82.47161414000378,82.34019968858728,75.99274216690665,65.88641828459335,71.88667418627958,82.14747339359083,82.90902339191548,78.8426334522738,72.71848253119492,7.314479001740604,4.690415794152316,6.704920305964333,6.873107496589301,7.186190233601494,6.620662393030681,5.855342151976288,6.856972167006698,10.126944030855052,9.375851802665172,10.471194232884796,11.417088952012625,7.0861993,1.370968369995731,1.2346402314658915,4.567343,0.160097784096247,0.21668538676156524,4.5330215,7.855538777610086,2.012686916657057,4.77097705838677,2.2065246481546064,11.320970700476773,11.565347068651063,12.602771624400008,9.644649885701915,4.920176707460147,7.000705874524925,4.759097757183036,12.159348904945622,0.3433784870657508,0.3229297433614437,0.6375795764752372,0.5124251007893454,0.1976006250588601,0.4931166192364306,1.2016093725625145,0.8211686209719107,0.758603293627685,0.38028980137358614,1.3085192185569723,1.849119862108614
39400.0,71.003784,6.464938797689513,6.500709983108116,25.126242,5.152412967756852,5.078957021406396,3.5439682,82.49298778233675,83.23684869048087,80.65252136619581,80.90510100151108,80.85680251444472,78.39674357515464,57.72217007224523,63.102009815633494,76.11354998926998,80.67004598158398,76.38626998980558,66.55153544438672,7.45605137780088,4.703012977922467,6.578044378565109,6.69130964542646,7.289519094898015,6.663888111288331,5.937703842994875,6.477731750418556,9.694532056375882,9.318317341560157,10.458809762723233,11.308947349154707,10.399667,0.7302421356092541,0.7377620185074936,8.098263,0.10995989431685047,0.3301162699131893,4.1681457,6.091377549803931,6.320529649919769,8.180355872587446,3.221689015067637,9.360962813061459,11.446019652602539,11.615722575273194,9.517892931331062,9.20457692659239,3.6188656074080856,6.7704579426405775,14.753180934515305,0.19299463251748283,0.024429170565396067,0.18042073427833896,0.25330778272006726,0.1653733643001535,0.5860377000320182,0.8941574335132032,0.4284265189336764,0.6647075753860812,0.1263180201334545,0.7061361065670521,1.361743296916855
39500.0,73.7891,6.197440406183623,6.3985018660993305,27.585142,5.207670781361565,5.201830201385422,8.286346,78.09680563721689,80.52409275544206,80.19677657815498,82.24404910050184,78.95164244958964,72.45748669715042,65.57405568385933,70.33611095321577,74.94622687839212,77.1073786633528,74.66971924803931,70.49084389182549,7.509827583932885,4.698680192205365,6.40812403036384,6.51609081120398,7.43523946394076,6.472989302283209,6.212420416058606,6.750328064381621,9.76104750595058,9.127591259136627,10.259822289163099,11.074825543549972,9.115451,0.7335100269760827,0.7990073985006184,18.775345,0.2704274462818506,0.1300160470908924,2.8776953,11.599911979597135,7.9195440946179865,8.065459235697396,3.6988642725315724,8.319204719695895,8.553850299045443,16.739269000920565,16.16078080589529,3.142704549876674,10.914890760911637,7.222646300151516,12.006118369475752,0.11345787245367711,0.16714007697135774,0.21760644012049715,0.11404600413315052,0.2557623214930747,0.17726363294560116,0.7822956273747885,0.35230931516534164,0.4729220799379993,0.21473093078057154,0.7255483656573056,0.7626458834435702
39600.0,73.591896,6.763940817404898,6.706914279526811,35.903446,5.305004322288938,5.405947166368244,11.002403,62.480191323867984,63.672056505122605,61.580165303423335,63.170943640691746,66.10159072393263,63.692748780526955,70.29077880244613,76.59873044776083,80.35753584487612,77.85335675073235,81.18796303445403,76.50985232798772,7.292349845024215,4.505618863655211,6.261431246458346,6.525621925676687,7.488093091653376,6.707760635746446,6.372615392205109,6.771652833009536,9.666939056959663,9.418901701674587,10.614227856358056,11.361755986960363,3.314892,0.6780511417706989,0.8276233706877608,7.772069,0.06733006668244199,0.09712404415033352,5.2077236,24.176202719371243,34.00850009246893,35.401382946663134,30.239937254101058,25.497809267463403,20.893763367312154,13.61186524449955,11.98249795361579,7.606500493702417,9.893289629951276,7.955034504786948,12.649419443005685,0.11408769313577895,0.14848138521500087,0.08508561304260738,0.24291943168586153,0.26841932286767806,0.39061681674383375,1.0463421419759604,0.5818095530744797,0.6936746001969664,0.2132962391337323,1.0282092438054922,1.2857560649573407
39700.0,73.3512,6.755995203701107,6.752336936650565,40.53239,5.246908046207724,5.313223340065421,8.5942,58.69290159825443,59.89480026654268,58.410340714757645,60.37785455460725,63.04117354630328,60.01890495021826,70.09702161867223,74.62051636835191,78.75517741030588,80.42357921558998,81.00972806741302,77.27212359926354,7.485799390109576,4.760349334652721,6.4372447986794645,6.603083418275702,7.6378544104926815,6.726211201776067,6.451157093413002,6.654307953544817,9.524954999275016,9.482164499693717,10.496689515017222,11.323413607798315,5.1324773,0.5547837201663051,0.2720528307497003,9.929873,0.16030117358746143,0.07394753277425581,1.4485734,26.51242760158197,36.59964415857271,38.49987236643805,33.474277574674524,28.910787959028042,23.69134111307203,13.00564843133922,11.897238194771344,4.644047988918592,13.906765523956794,9.1763306631139,8.860580654073546,0.15460251393705488,0.040070980521382096,0.21007318641408965,0.3881241339435494,0.2395796306837577,0.25540064802419443,1.2622046766176431,0.47551120325572405,0.5937643181736707,0.0992393699805212,0.6580549531666585,1.1574025419599807
39800.0,71.10159,6.500734357862409,6.676913307100057,23.967073,5.190393292520349,5.353843893494113,8.358586,78.81187634608263,85.61552999552241,85.05421509265987,83.1140284894472,79.96896684263449,73.6633772339316,75.59824617138007,81.57773688171842,84.5157300906656,74.65813597073783,81.13169109297296,83.7445900514641,7.567262355665622,4.803315874967258,6.594035264448293,6.6935190234094675,7.291629492487124,6.429013571093232,6.194584094458819,6.87250714630089,9.871295924979222,9.436343519708844,10.511378117479133,11.72314373116933,9.357345,0.986645672225753,0.9190972287639828,13.984696,0.20995915904728946,0.2149217595060625,8.483911,6.094423721775443,3.792340273374496,6.692807049898138,5.059745414817594,11.207284844762516,9.5078129618111,4.18559771600175,3.543349574541824,4.1246236236933145,3.913920879635537,4.735937727688084,5.662200039993039,0.31632419353742774,0.3017109811788024,0.13810370630258134,0.4290020059139136,0.3656051189004816,0.19901740911253618,0.6600546461756095,0.4313494489219931,0.4697964773279288,0.34454694017259696,0.8479806585784099,0.8493003950910211
39900.0,71.68381,6.2078854712238005,6.3130054772209405,30.624945,4.918219962860815,4.853500686035819,9.647634,78.23400682553341,83.14185561375267,80.48009702970374,79.40763273926306,80.30470555513087,73.71629582634607,61.12994637193972,62.77111495834938,66.62853102546721,68.56921332181464,67.52298144804377,63.386448693080474,7.5813751981444355,4.876411892551331,6.518165262385071,6.832114781831482,7.35689476621225,6.848156412243792,6.233277831640458,6.821478761092716,9.39559111710213,9.241687797658336,10.245646514927257,10.969633821583114,3.278622,0.9766981528222249,0.9124365642617271,7.1369457,0.2962667188598929,0.11139276799463749,9.874389,11.80421758104261,2.4236302750507273,2.901906444401128,3.657642074071499,15.069673809893565,15.196404132504455,20.043308523922516,13.196850897797148,3.9691334419669144,15.777628206612588,9.242526908273843,9.373371471442443,0.22990239019860859,0.24768124822672544,0.055093113993712514,0.18103345566818688,0.27267070589967557,0.10580103401271657,0.937237487099408,0.5215039310764774,0.4824227836436918,0.32945808952511035,0.6978154478385371,1.2222736096414948
40000.0,73.58332,6.905682038028853,6.870397661370749,23.066626,5.30974123643353,5.326970883721278,5.9231133,73.95348072133307,73.66654585516918,67.60230355455936,71.15895728049674,75.2186325690983,72.90233759678553,65.79047118159349,71.90198419680964,78.85835829660596,78.88062143433393,74.21535682247593,69.8407047062665,7.269711945264656,4.649701740592042,6.420922744479022,6.603229896684474,7.45148682570091,6.296344617156731,5.831663309252334,6.397220333589719,9.842165917813603,9.451266023776485,10.446178793722842,11.4978315091973,6.85001,0.5483061322910731,0.5590220625616307,12.875712,0.29853825451644533,0.2604240203882048,3.2971728,14.02999628509302,23.17948993841614,24.005721802770505,23.837120302494558,19.132954334342823,10.562070475962727,15.238757623159547,12.116519382338545,1.5020224538436127,9.811728846998578,5.145367357629047,12.615617087783583,0.31116416026325305,0.41859012935505985,0.11476537136593869,0.45129623975795796,0.359253619744739,0.26624589060716874,0.6018666109355292,0.2623545707105942,0.5245738995781141,0.20590829584148587,0.7322046232379418,1.4305824997640706
40100.0,73.71884,6.6448241887972195,6.568878809932642,13.369115,5.084258920567535,5.0560158814531215,6.7695594,81.91662325594042,77.73045062916309,74.01052322994126,78.04243772366922,78.39887125922247,78.2663544078275,63.95866962573256,68.9237407439092,72.67179748605865,76.37105890729921,75.53733113069046,70.71283195883707,7.11736575719211,4.414230180062934,6.558836416602671,6.849967888392438,7.589620247092924,6.677429388693045,6.402595458016428,6.707232008351621,9.891215711120838,9.272030776366776,10.391594181689022,11.220575068515943,7.7749953,1.0351519094075394,1.1742698673524754,8.386414,0.1211205326288993,0.0733238028184143,5.6829877,5.083712551102305,9.831017060318334,12.043889577356541,12.968030174982866,8.168207178659642,4.47219993531514,18.721349634721093,19.163129839672436,7.360878315159891,12.520753763430301,7.536745889788099,14.679557261161303,0.27797343975724514,0.3097178395625139,0.17046236406298906,0.1390025494557894,0.22484284075513675,0.2820295934545222,0.6145525477993243,0.43171619350509627,0.2955380328707334,0.3216530494615268,0.7570460572713097,1.0675545760146392
40200.0,76.02112,6.475330287786437,6.582507098065388,30.45262,5.1727313254234515,5.294514916930932,7.9621124,84.7484319667217,83.7565060602676,79.89905769918307,84.76143124034282,85.40815604854909,79.51742568633362,68.2263274143399,74.26213943262677,86.77725479801052,82.49409787471855,82.61931721908324,77.67918435064881,7.400330859565588,4.640601369857397,6.288265758112627,6.553507674510459,7.391779264941569,6.52469955258934,5.898892013323212,6.836703452529264,9.866471894206326,9.35199466539592,10.435386849853392,11.459815186644684,2.1267638,0.6652532947911345,0.6105961269746902,6.677249,0.25342359141430176,0.20404372564957757,4.3222075,2.3483272649998264,2.3163110302086345,2.5953245334530797,3.4622150602745325,3.460169638904292,4.0107745830994554,5.557189210497994,4.533749596004673,3.6800288856034626,6.362064070081708,1.2947529983076917,7.22040177364239,0.14474229940778657,0.1972621880568293,0.3403568322837903,0.38583133254781166,0.41806494582235637,0.5738851306937656,0.37109360409772435,0.18801630051843246,0.32772282601551167,0.033326216607074625,0.8761355950790185,1.004361358690048
40300.0,68.16138,5.983761661106317,6.241803283759144,36.09984,5.395173340216462,5.402387653466117,7.2950263,76.90767587491867,88.06020647864337,87.51505497278856,85.33857665119784,76.94670641563528,71.22713393161521,63.01739931020373,71.63544358398345,82.40258566247938,79.80326439704426,81.7965899273414,68.91277210208146,7.212903148107512,4.621658292274653,6.509185413239664,6.9196435048916065,7.136572700136756,6.592643237149814,6.339912444220406,7.306949027188324,9.636767519296448,9.043689712362882,10.21280869821524,11.63524923806839,4.0778785,0.5716150261731612,0.5479975281877947,14.169403,0.21085130864436752,0.0767418362551125,4.896554,1.7494416038294045,1.6693062635608944,1.2267530312577017,6.397688390152164,8.612055768000225,4.404082530263616,11.14991782999275,11.579745132863565,9.96930130883039,2.678315722432108,10.495095563619198,11.64221244731438,0.2681970021444039,0.25699603404235577,0.21384141139252755,0.1479755743893487,0.3091789070188275,0.1920257610749065,0.5372955157155805,0.39941035473715425,0.09939727930891339,0.34209003154288686,0.5261455760427497,0.9654616207654694
40400.0,75.59127,6.666580016045792,6.505271921691484,26.37277,5.110763019536746,5.176489621735399,2.969859,66.69666987912032,65.36824101794141,60.742788875839445,60.45136606116947,62.20796901051199,64.78050545106085,65.95460616118685,69.90510977621899,79.88297085906727,82.18090736144057,80.70653846144324,76.637527737567,7.3178445040702655,4.740462623081718,6.603628546011585,6.9281702116391415,7.3875149010562,6.554134918422933,6.013458300395558,6.923564802767358,9.603288754188318,9.038231957321136,10.123108123325613,11.436301407626468,3.8890984,0.7719088914832383,0.6235105377318234,6.6158996,0.35758738174317484,0.2485392992498977,1.3091687,25.43538055815689,30.331101815219867,34.2651096395446,35.835844961044025,30.311300714192182,26.57021676527339,9.878507705792865,9.90420766294341,3.551571484995018,9.608366313713544,6.522354093979365,11.870872205775742,0.3318779451931172,0.37215505161463835,0.21426521026057826,0.4889991074619131,0.34089419687629274,0.7172765826187835,0.4946089340762787,0.4169885556133574,0.15485716618755324,0.12581291929030491,0.8370532315713887,0.44291776087125323
40500.0,75.7971,6.753458104974384,6.543980029930924,21.609667,5.106571140739139,5.194145792130769,11.421535,59.83910230736819,57.33821636218846,56.12474528093495,58.483288019804014,61.257684794749174,61.85165418576933,67.53334380607258,72.02222545031535,83.80851133993627,81.67959902909651,83.57417854723184,77.62219566626756,7.579358418041617,4.808790148218537,6.50751666978324,6.686362730274692,7.234840415433866,6.410082421620442,6.113188575866111,6.755122622154794,9.768990883843253,9.239148419525188,10.24011409902981,11.263857158495421,5.2090116,0.909707424556379,0.34924135517622845,19.800205,0.31506438324245783,0.2116799714919661,8.112544,18.619516333980727,26.096195341950207,31.79225485598019,31.185475136337836,24.97593051815983,20.354243685971024,8.401353583403859,8.002991254383984,6.5497481478259685,4.123805161651161,4.961881464646014,9.704601621769688,0.41316225267026974,0.5062129292494311,0.13133527536285322,0.31220974681071334,0.26680589211474165,0.2845202101375288,0.2090696776259986,0.1556117069064991,0.6475963617127829,0.3894530790150337,0.809627793297368,1.1629254877701205
40600.0,77.014465,6.32186466329124,6.333840525941234,21.492739,5.222903922939206,5.296953984752377,4.547699,78.38484445886151,78.50653527268304,74.42550694817541,73.3983018080083,76.0297752693166,75.69207412956207,66.822474771045,73.5765063725771,78.37676662007424,80.03987942141974,79.19089186805486,74.98781728697593,7.211352489222595,4.426212692554422,6.352295341519903,6.3389411433063385,7.28313089914231,6.476692425917521,6.417477330772246,6.76017254160386,9.871620633719823,9.764862337397544,10.30602379940352,11.289335485900201,9.373679,0.08920545027456475,0.2785042413142107,12.271443,0.5459800408395501,0.46762974663207485,3.3620603,6.172294376954906,10.584157832750456,14.10904868139272,10.484393595093657,11.11112271408914,10.571006762568755,12.168482967290768,13.743828992046708,3.6845661777553835,12.040744010743376,5.807066659915566,11.958429486603292,0.4318241418112435,0.32521537395083056,0.07441663189395545,0.059152944128903366,0.09157491979787546,0.16652820055473896,1.0210521147388383,0.35101739072542126,0.3072587202435788,0.48061480958265,0.40635657337106307,1.1051190496653167
40700.0,75.39659,6.08718119008077,6.250675540706642,30.771132,5.330508764798765,5.387437162961064,6.6539407,71.77938813568124,76.84346841901751,76.30034169006478,72.79205588120463,68.61676118541193,67.10697474587273,65.65031823030813,71.81823935902786,85.11246274821126,84.93038152238746,85.2085711594284,73.34732931718611,7.479903126395506,4.820429713071866,6.470855282461226,6.978763219613184,7.312374030686541,6.461230843304072,6.3325801578434,7.067346686762446,9.96338805880788,9.148308244742722,10.047034582591559,11.166079437140448,6.8081894,0.8025312289020857,0.5965837728508036,19.52637,0.29572572761680677,0.22304515485951731,5.270225,14.469000042799035,8.649193365829374,9.055266910861274,5.138800106550362,13.732007869457796,20.336104789592586,4.019434870295026,3.84980015844836,4.402425961162743,5.236726980505516,1.4073431016611824,5.86406403635579,0.31247232697296845,0.2598807354286446,0.325848159490337,0.050099658212191076,0.13805149912553188,0.1194659290890837,0.6076026438406256,0.3458575744624554,0.33339290061103033,0.11232934726354134,0.7519085119232856,0.9173278578275025
40800.0,70.11544,6.4233577759776495,6.509367152515523,27.776855,5.331035602536332,5.372958059151803,16.974113,78.60031238824381,79.18194295498321,76.30043732710173,75.75872457049216,73.41184523486204,72.48826365418142,70.79556997175509,73.37481500114355,74.13776300637517,70.33563868451257,75.39977250465262,70.61028592159585,7.7535924977844575,5.1278952916744105,6.5172236361817895,6.722588132423097,7.202332313004618,6.474199577138356,5.9366466658575625,6.794319704901009,9.698134328588095,9.2609527584836,10.303225268244152,11.2807979889432,12.416213,1.1984973731096134,0.975031953652629,10.133826,0.27133204531009586,0.3256147798295927,10.100721,9.160421475270335,5.461399873055216,7.534511123814176,9.287019734830043,14.21269837394337,16.607642633772645,4.584318997731829,8.191833713373198,19.77695333213562,23.963490291737948,21.667805739557654,4.69959309526773,0.6144777036639121,0.4722043763724709,0.24916647154614902,0.09691074207290136,0.5771981888846006,0.1215373391164102,0.5096657887763701,0.4640785319552411,0.7239292095732947,0.4538872529756745,0.7891697667221169,1.302541864839116
40900.0,72.85188,6.4138493583709675,6.486505540461242,23.010344,5.2751586722916235,5.325019428565211,8.110295,86.29295622766806,81.65451884853753,78.37909408784205,82.99503289455215,84.55818679832522,80.21347655895111,66.16721138089433,71.46769806062741,75.28547861389269,77.04853168452208,75.21595947035227,71.4074907883042,7.416251207020335,4.666502344475156,6.314288696258899,6.7402814759352845,7.263870134282164,6.518292412457343,6.201285499397437,6.568975730904378,9.751016882534218,9.514842292495453,10.529082043010286,11.26743625184236,2.2572653,0.5722749628486246,0.5092055488765567,9.031895,0.4498493785052444,0.3283978221624656,6.166136,1.535292695913841,0.8619351285976132,3.5194032251268754,4.93185460557888,6.41185149280741,5.622459860766456,16.452109777215963,14.67399861877617,2.3170894577039665,12.860344333608206,5.763297834822965,12.322226230285558,0.3995234042313358,0.33588927609196106,0.3219099247135606,0.6460319967532622,0.23570174234763366,0.4009821674349953,0.7346977523558791,0.39492129027672396,0.37467538588186533,0.2566360133546459,0.655449676949856,0.8704409375144948
41000.0,72.22085,6.511777292335754,6.752479277894156,32.5376,5.3759353973937465,5.328585245034501,10.081802,72.3248051651132,84.3891129061387,87.21466397471987,84.6500994802118,75.39159951866661,68.45857864571563,60.404715259836145,65.47854129172204,72.53780495794729,74.25840768985462,72.08667259312269,67.8315449548474,7.509005472913299,4.783543888941602,6.341521194063682,6.620935193642903,7.24129368993114,6.6088531334552565,6.506780166677387,6.9028323474939315,9.867836177976224,9.523437584193232,10.461817764974699,11.825873101773594,6.2545176,0.6975199111009566,0.7142042737863579,23.033989,0.21874125335534267,0.13335967467192814,7.4081316,3.3819478039618476,4.808686744882415,2.4417941721302228,1.9208807671974106,2.6841862908420917,1.21210697292231,20.017577601317605,18.62063144716416,10.640659005692793,8.04797464615551,4.542777642769355,17.554221777567616,0.1429056376717004,0.04222051321185329,0.22888547646384272,0.6139978424880816,0.30601881950321247,0.5609446265801784,0.9399637880750792,0.549280320613571,0.5316676644413384,0.4844219996216019,0.514735278625352,1.3582163427379734
41100.0,78.271355,6.358367362187508,6.530501656416619,29.0436,5.306034534487186,5.358304024180685,9.722908,74.5697311661551,85.39430757111886,84.72603835518451,81.71182203193426,74.20719851903853,69.1060489585934,60.328013729494195,65.0105421342151,78.59498349876306,83.06188951650938,83.11168091436524,70.02162290551756,7.44293997900269,4.514805784741892,6.533034122297696,6.599351606364738,7.173090960697167,6.458031235780155,6.1375156463389,6.694126384899275,10.18367513529528,9.337151245713592,10.6837271969357,11.56909449465013,2.4616039,0.38902381868978475,0.5584443039215216,27.679525,0.18085745305710932,0.10519971506910182,5.1979694,2.7576152676258565,4.370999509437381,1.0913623608926304,7.828573431061351,10.183951569228638,6.382103561845787,8.557284626819259,9.18456197173967,9.171529705647702,2.284709684979338,4.0913859302434465,7.315432841404668,0.28247732823990584,0.23423709922893524,0.17440914839366195,0.06348953028684363,0.2966837497406495,0.11862102414872164,0.4552821773589497,0.3635432739173684,0.5338629015611573,0.566376838217564,0.31153458175687443,1.1013349186240495
41200.0,78.83308,6.386216027011159,6.5274035271708515,27.570768,5.481685850474697,5.552274407043562,5.777603,80.86224412079575,87.04593810214173,84.4433001984126,84.29443706794225,81.37509577681011,75.944111499165,65.0779458073615,67.5554279792173,78.84320505993377,88.29722399741028,85.0523843629587,75.39940173686871,7.159325750685901,4.505383090833016,6.443133913805847,6.555743060425399,7.452900955242339,6.465984231099843,6.6457085193462575,7.03436134068125,10.305170040998476,9.514212848153162,10.361893842599384,11.583717135402397,12.329474,0.4640356179759433,0.42196993866748406,22.715462,0.22883906817110966,0.2575168138370125,7.2905936,2.309277532436758,1.1315605629570487,4.727130522935371,4.465282977930098,8.594763480362563,5.7497933058026645,5.278304419601686,1.4581881281092057,3.2912458172151733,1.267436628709116,1.118931127254921,8.429258664491885,0.28235429286929453,0.1682065402318879,0.5729861168633341,0.5511607840115835,0.39506353731683014,0.30571167018753387,1.049372210197379,0.5534645943038932,0.5311371916742528,0.2643831158291034,0.5021018835125386,1.0638984581777715
41300.0,78.82299,6.1939152827879385,6.4073036274334,28.62281,5.417856257899419,5.419351531613973,6.403669,78.90296033136774,80.37379397399103,80.46668510781463,84.35395413052838,83.00619609915502,77.48069833988718,58.415594384721395,65.19775993336056,73.85923373264067,76.73129703747848,74.23432831645171,65.1599997152759,7.198680388916711,4.702856628568889,6.557023717504859,7.113944715836511,7.2724007576115675,6.362381529661846,6.494854698399312,7.044917797600714,10.017383170879404,9.074125534988823,9.969163208080024,11.374664335692394,7.684807,0.7653037984490918,0.6369116537999235,22.889332,0.13135463575752604,0.19536634473346554,5.4944553,4.607460219056412,9.946824110023849,9.908113787845613,3.5351060100611393,6.62081544614736,9.511373664463731,15.718615330784651,15.686814639165332,7.781405857511952,4.164724763682243,9.36286320663705,17.31081719403895,0.20860741830810922,0.25014059384000853,0.07021763471129305,0.14565784997389256,0.17563552172191324,0.394903473883282,0.8901960812209431,0.7127160506785233,0.5380039454114475,0.45153818946122104,0.7595245690897235,1.1118049343203318
41400.0,77.41116,6.248077939941699,6.3103648513682415,30.304419,5.139312252229396,5.266590252827848,1.9114355,77.81026278276637,75.49432206989793,76.39461855857965,79.60412960315558,78.01958752430798,73.67808815415371,71.66291155214815,75.09644510160376,85.19385999738664,80.23014763586876,82.03204182389261,77.45396395699903,7.014579838581483,4.587610948837949,6.261058949875912,6.797545408323642,7.316246651761861,6.595440736286918,6.573026201148829,6.926279552856859,9.97539847279984,9.177006073685702,10.247355438634516,11.384731364327367,9.168797,0.6603154310958905,0.6534637821887967,9.88161,0.2880187465098875,0.23551348810214254,1.4970268,16.32295074933927,4.947026169629738,0.2870118683986069,8.136703115785464,14.96278439374026,16.59776990518211,8.694673180722749,6.5483456185874465,2.659773799500808,7.904228043804785,9.832959072701383,7.115888196719326,0.193093100047872,0.34041989885793317,0.18531019554300973,0.3801865538656202,0.49051046565846546,0.19533020085601044,0.5823423745762082,0.8547456584712477,0.18026289860653566,0.4188704891509635,0.4136037981433335,1.430659145867186
41500.0,73.26892,6.380161786186594,6.3954840303160125,11.598007,5.186110766023269,5.155970498832564,7.001549,81.49745515056507,79.31441092810837,77.10366707942936,78.18847791968336,81.1235165307188,79.27907513930118,68.1083688593957,72.06512406778411,75.87150990137869,76.15909686077512,71.48074142604825,67.78710304125384,7.143696147513516,4.390460089330728,6.282622381199161,6.394745604324252,7.503933467291631,6.773980923676924,6.795745132760223,6.885842445655115,9.742673199409559,9.568048800271027,10.258519757953023,11.109852176332652,8.655024,0.8367160466855648,0.9128155006371751,4.573437,0.3006172344121232,0.18998702437202722,5.1248894,6.704589977085204,8.867799752527599,10.615565703184908,2.0795239639623957,11.952182911287766,13.397118741465762,18.555374552898478,12.360752558072932,5.185578662957515,15.730459129396667,8.922306873992005,9.39637353131179,0.10778355609518146,0.04431647326412409,0.23112948931360977,0.4755370950907144,0.394263701263436,0.8061174843333704,0.9823742475314134,0.5913884691396255,0.5851589172159939,0.33013353713826876,0.6760036027122215,1.3709480586319667
41600.0,76.714165,6.7649838002009375,6.807979645165882,21.507837,5.462238327305374,5.440799340958503,9.700742,79.02533393086456,82.83796999765129,81.4906821387475,80.84042138366898,77.79028376709873,75.45706416460816,61.064487579381186,63.600575822459085,75.8611392159729,81.99620361097645,79.4437302213103,71.17007463252828,7.3052660455310034,4.393527764583287,6.3776721383085295,6.615556882905403,7.365429825823042,6.658269874033286,6.614604421343773,6.950625576080687,10.151249614135024,9.251163094540386,10.72382714215226,11.691699178169879,6.527428,0.9751800698371698,1.0461934430762647,9.321562,0.06678888351467742,0.15809114548971281,2.307762,5.841522793672468,7.033647516375479,9.129704801096262,7.788061046806869,10.718348073019914,12.658573106077279,13.567951015762006,11.228264604449832,10.9332223655675,8.007910964126976,8.853656134990047,15.043030887411952,0.11943224718607932,0.21359390496140185,0.25561524649413003,0.43918945271930926,0.21388858028531904,0.3342092973785476,1.0193005186015605,0.7787706499092732,0.6307756369146584,0.09445002688937416,0.5806781299914677,1.377466364798219
41700.0,75.07507,6.363876210246648,6.273266754522081,18.180765,5.134294028731834,5.196268788614158,14.1043215,76.7969039930632,73.46795130877119,71.40139202454236,76.85635996001868,79.51574954662942,80.02401034685936,61.29677383775867,64.35480276951951,73.61170661601606,79.25425304350159,81.5879286272226,70.76433599483569,7.178076608896727,4.539471658620507,6.320733592113118,6.679167269980417,7.758303370922763,6.731062705086284,6.5594779637146345,6.642235209881058,9.651577984159381,9.357461713816814,10.322541643777763,11.333034393318243,6.377563,0.8364079243883097,1.0863799647905543,7.6631103,0.18555268372692774,0.27612392969612837,2.8191,2.4589148421732063,14.111714122042418,14.452556618226104,15.12033938338782,9.222726814480316,7.411501303303597,14.534242143779744,17.619278667545938,10.61921830534574,7.664103771535236,10.986138752009984,13.135304248940017,0.439749366581591,0.23947796150116332,0.515105814822009,0.2922754737473541,0.06983361700344622,0.5143532148771688,0.6133338888757794,0.3983741392264671,0.6097002056920586,0.1873315292714525,0.8181246110624514,1.3426277327677785
41800.0,71.33044,6.442667960505145,6.5893692359024625,33.97035,5.039499829032509,4.941079628044808,4.5651374,74.5558190104273,82.65963908997452,82.08849568743649,79.79452763376419,74.92799429144165,68.90960749423817,61.572366596835884,67.2081165233409,72.6722463923535,71.79147074172091,71.00774646332216,66.39251051428022,7.134764117300836,4.435583929165449,6.331591710696547,6.697799975174289,7.204904817861213,6.560646475168293,6.511702254318505,7.108335967301476,10.015100991633554,8.898784624640736,10.594766218132271,11.306108971632371,5.261459,0.9394356197290409,0.9607903614121531,18.93857,0.1516457516175052,0.2272973411246056,0.6875846,11.07465056022336,8.6547875502509,5.470754025888315,6.019050860426386,12.376683559796131,11.07977021733144,23.772887509433872,22.27345950082448,15.315601587382552,12.476291279402764,15.030065233512943,20.367843868046556,0.10137172229134328,0.19426221816257616,0.1294608067643606,0.26132795492054733,0.5227181236745265,0.27545779758017336,0.7625461793035574,0.5340903356025606,0.5555580425888871,0.4301236015320188,0.9265913560439306,1.0849552493875871
41900.0,78.063545,6.566054760509751,6.475146688669991,29.797125,5.416219907356595,5.488076738782144,6.0666833,83.04345146902192,72.40530880199829,68.74363253948536,73.04238306929894,81.75336222247581,86.19432517636021,62.75920364618461,65.88712699741303,79.00689786440967,87.27658530340766,85.68087445645847,73.1733836310579,7.285748605392193,4.659410101438392,6.571534524401695,6.7719509256643144,7.390117207607677,6.692111123884737,6.243875848036272,6.855265516811573,10.180612702388759,9.184082172548822,10.483768584699957,11.55962455098956,10.019792,0.17510360964171212,0.2836644854312749,7.1940837,0.24568816061155097,0.12385154595257546,4.8126626,5.290802718149668,6.644392377490341,5.818500882653239,4.695926641586684,4.774753631853732,2.0219434304246082,3.3071222484682035,2.957312798932445,3.0571566668817582,2.1108850445756673,4.400389757465724,6.583918943587564,0.5229845267615196,0.4006716069670362,0.456923716749488,0.2790783092990753,0.6194081267741858,0.5111262053922256,0.34802244544132566,0.16551629093241474,0.3860811792889528,0.22989772413561757,0.34330545608984114,0.8269632585220793
42000.0,73.667305,6.094304907474537,5.964767375231273,21.572891,5.174626217962109,5.204399082551934,11.151863,74.59542518860194,72.172145548156,70.81684351106608,73.72466038276498,76.69609368825381,74.58954127876636,53.22990174156761,59.86058807062748,74.15602904530449,82.92282497448765,76.94422345476822,61.814170931498126,7.10275227814443,4.38866723847324,6.281627085529415,6.6725948124602015,7.570862899946981,6.8467329637411956,6.725660301852034,6.764891681579964,9.84370174473956,9.365869468492077,10.163234002999232,11.158612817815742,2.2799993,0.3827033424508318,0.4648235648712151,9.926294,0.30259764019130514,0.3249090431685037,4.6927123,10.431852365762587,13.978288404460894,19.281024673197056,16.19364587158894,12.351974409234062,10.603368796294422,3.0238523705502662,5.109118131139406,4.450070407008905,2.8289244215693414,1.6226760497853976,1.9673233614691774,0.2017978330539715,0.2599812173484699,0.31450651071445135,0.11615989475571802,0.3747735705482343,0.1622404109687524,0.34710894060370057,0.5654728415382021,0.23996691718674848,0.6258206729124145,0.8203936246665071,1.217481404345026
42100.0,82.90709,6.252405254298002,6.288752241125837,25.230753,5.196811808477527,5.321003676875509,11.864446,76.12304209239056,79.60058806479087,79.13040828011822,76.35214101763698,71.93472982885771,70.96374380810119,62.24512287601422,67.613781798908,81.78119181103902,83.96482660978035,83.39910844950742,72.02199835456753,7.094014937476143,4.530322091282824,6.372394349590824,6.6573573644562,7.525623901692611,6.5142441600042105,6.05145964378,6.615988220320099,9.850129524642197,9.286637340832877,10.342546974319388,11.206581516628532,7.6757364,0.1064433173764469,0.3637333538213814,20.89719,0.07825687506820769,0.05535477796803884,5.7332067,8.452178900880247,6.6504584767315755,12.06860503831867,9.042313994754304,1.1270370629940012,9.194008373707254,7.985614510241532,7.259917369905183,6.064401616813078,2.452729262242572,7.020005640174357,9.435072402434779,0.223071930112382,0.11145032217359994,0.3137575272014088,0.09351444847841679,0.3276391364575046,0.09287788894132298,0.5124127030527929,0.23167610887415782,0.4785566511077295,0.1760103527737614,0.3508774681649584,0.7558314974267099
42200.0,79.20109,6.506106335195029,6.695614454932314,28.69798,5.183511528780183,5.292939915652176,6.5960517,76.71448938041155,83.20502562439573,81.95412037917474,82.99812441355454,76.90986585068117,70.69056437351942,65.73621831551789,69.9206661783357,83.18611200382092,82.38183039684007,82.03112631499886,76.32845348342143,7.099585465697324,4.468843277256179,6.401738629792576,6.38995756997036,7.555551414706598,6.465736996337775,6.283547537499189,6.470419845092781,9.622900439709326,9.366296091541159,10.500256404901846,11.198209681689965,5.390907,0.6748447710154417,0.6203941000788462,21.319246,0.17543506018301955,0.21741715624130964,6.87206,8.789407849069454,4.943877009914105,1.3043288886445061,5.9511863223039345,9.586250332387369,9.589447825485578,10.645068018874564,8.081532886514983,7.0008528466048325,4.826829385601661,5.638108672391488,12.089781169218437,0.21454175711378232,0.3799576790874403,0.1788774662278938,0.1590837669106874,0.15984414772899272,0.3629146997859249,0.4150390058064948,0.34157758248455283,0.6433482187607297,0.4110331225874397,0.49498912979907234,1.1459720143520808
42300.0,74.288765,6.069571900380744,6.109267078462067,18.053095,5.409535341088099,5.48014771435962,7.5661774,85.91490855901257,81.7033089502969,77.14639429987945,80.62706254124991,79.78020220606986,79.87652114553823,66.50118060063285,71.18880896488669,84.97975831737709,85.54999662811115,87.67422704513037,75.04638515472216,7.308194779272257,4.578192419928724,6.543430729148145,6.520569635119023,7.66496960761058,6.570323549616499,6.649711483700906,6.586622001508889,9.63585436872773,9.459801165301549,10.482997704499665,11.333687517506585,10.190494,0.1751128671284529,0.16624438185173487,9.916615,0.41118076087292954,0.46671362989686144,3.7406447,3.5743213127465503,3.0811975156323568,7.097819530759163,9.169807317032076,4.013897998797619,7.041804610501851,3.7590622437682124,4.200889878002719,5.00779629893272,4.425676013639814,2.38821503619572,3.729865648597445,0.28704675150388376,0.26195568548612835,0.08296011727798888,0.07868686439739268,0.22094152874823736,0.1390280705312478,0.48753264867201596,0.34251011808161624,0.7574941915389086,0.04176161304730758,0.6079523460233983,1.0933381264657314
42400.0,73.44076,6.534214996042259,6.463148111579852,22.496775,5.218605293808967,5.209278596382005,12.32795,76.6916355665128,76.41011479215234,76.06630558915215,79.12544226334386,75.11706111546452,73.45148691517419,56.638548642068805,61.634053448662996,75.05257200528318,82.93691875002564,80.99217052398173,66.72147332592321,7.266219137772992,4.62631523205743,6.369787101205844,6.72102446056316,7.444138805604662,6.474546931061464,6.108408748565632,6.790415858435375,9.956494622637335,9.377710420604785,10.425680285507648,11.287918200803531,5.382866,0.6525659180731755,0.7447625043438214,21.01556,0.09309803509021691,0.1495283129613796,4.5175943,7.0153028444474215,11.594069705316643,15.678410022796932,15.698721727443557,5.992968932928771,1.9857478197075233,11.12964009931249,10.528272095403992,10.97144851478698,9.22321589743222,10.71637753455519,11.73264396814379,0.3614683398328348,0.24646385327049997,0.3917711112127495,0.625933764154768,0.2893585275181493,0.3750652377918648,0.749115196330407,0.15134696220630897,0.3889869415425275,0.3394817045268076,0.464085349602522,0.9704590648351901
42500.0,77.82849,6.826086472246684,6.675577627375105,26.275177,5.204025080954495,5.3356742804430155,14.762937,77.76908137295219,68.32827190476789,63.20890632187326,66.78039737565382,75.72385213529138,80.57604886711805,67.13748673730026,72.27524686571572,75.76274944251048,73.31517823115313,75.37808313522758,75.15984841956022,7.111755449516317,4.529434159109672,6.439193403241629,6.505927183082805,7.528974906693075,6.651620135174881,6.658297831354967,7.032573001552187,9.677000508920337,9.589641813250994,10.13251426421729,11.161961281108495,1.5406185,1.0294761052036134,1.0677758235128485,9.549531,0.20622090239068677,0.2119157526415794,9.6289,12.184699469336307,14.665643673245599,14.302726258597605,12.883999854084038,12.580559201533678,11.564708191519452,20.263429007264172,19.407186819764874,11.761129723190127,8.183265216661507,6.3694719324804785,17.471808898824737,0.3550966654669608,0.2822894997932391,0.38079378407655634,0.3658566083605067,0.19473668908774866,0.4875276550863874,0.8411576960696693,0.5003257595722548,0.5825088392031966,0.9707521230360693,0.4967342893919302,1.4883147625463498
42600.0,72.15757,6.1706340223225835,6.22295760158548,25.429579,5.244187165788529,5.331716572334843,8.907201,80.05487508825296,74.57552448111836,75.77789677307078,80.63035653142303,81.8351280268929,80.35243170272062,66.42245405032594,70.5408198168783,83.48895021043874,83.66579330591247,82.2797349731227,75.69479518178393,7.252676113059475,4.590069240335343,6.6315909323543,6.68881395668285,7.325288101289442,6.531758445957045,6.415980238238428,6.878212002662221,9.936376750256434,9.016761669918942,10.25466858023688,11.200727696001797,8.114231,0.42237629942697746,0.6972656036716687,21.835268,0.26029793687965425,0.2288034547364036,5.922198,7.301254426212008,6.648795413095085,11.691355037671936,8.758414098371954,2.82204348460785,7.75396533152183,8.227057369341194,5.499988817107039,5.577111783382608,4.945219412446185,3.7592718404282146,10.472480063117587,0.15246955791758734,0.011664597687482467,0.49782988586900084,0.50000067241176,0.3549556471421715,0.4221625233497193,0.7665853208420214,0.49769840942196675,0.6305097236229613,0.3498915671340817,0.5159651981750242,0.9586174172871137
42700.0,69.51586,6.030813147076702,6.206749561880646,31.68582,5.526679934241328,5.315174476981967,13.613808,81.1623173439412,80.67864351350535,80.64431422013452,84.70559334588545,82.95831823171575,76.81845862253694,43.590910943050915,46.44172926227253,58.00346228122973,68.30349042250774,66.9406446945739,53.85999863050072,7.12508237244134,4.506254243858907,6.383031276883005,6.78424063639395,7.275721915853739,6.70286308190132,6.684480372743075,7.281881415177146,9.8000412993807,8.927491526269632,10.27677958918549,11.233756303786967,5.2484264,0.5083830341846939,0.6318845523708805,20.293205,0.0278328988920841,0.20012650850271255,9.00397,7.509157310696968,5.35964720566665,7.088990412346004,1.1836214550165574,3.5389793339397975,5.371933587264246,13.574302835153972,15.862422468894067,16.81800534193111,16.393270700000066,14.847204675100453,12.659875211801468,0.31816439985358025,0.3846211932731977,0.43935444004114327,0.57209465182211,0.22859674021597925,0.5037251716078899,1.2913237129248845,0.6131134735339628,0.8985886350887055,0.5602629831915255,0.35877792144319554,1.4223484517520473
42800.0,70.42717,6.640442273584231,6.52539811224619,21.217575,5.228978229258922,5.263286201828342,2.5975266,76.52071096597928,73.03407199548015,70.16822613679705,75.07246903915707,78.6963735517765,79.4812362531347,62.70576708889444,69.12269874156978,82.57722616937532,84.56576046628352,82.14955327102818,71.09555202399999,7.633789682036529,4.904751413558114,6.139467549695343,6.398938559987485,7.745063986270931,6.485441334170871,6.1610996350384575,6.516126366801717,9.530449628090116,9.52065634725428,10.70288058312533,11.276992984196019,6.2942657,0.20850667183721888,0.3928899746685576,14.203506,0.2671794326637669,0.3388984022761585,2.1157594,7.284499195958099,14.792960963822509,15.748955844939633,14.298055603657808,7.970242486382046,9.068360086987472,7.698620401019382,6.135480289221544,5.588779694491866,2.5783395238271325,6.394015417349341,9.429090206166205,0.4344317957448612,0.4567454768917753,0.23310607584290602,0.45960657829251234,0.4254018415155009,0.5044467456482441,0.2774315466070135,0.05840009172893506,0.6247739565560756,0.14539193595605907,0.32617294039094524,1.0383838202309974
42900.0,67.326996,6.258400649205595,6.110526308453177,27.881369,5.1463993005027975,5.17767849265415,5.203659,72.07093838222994,68.16942715629796,67.59579036122854,70.72531932987073,74.97280502286812,75.73293111414209,66.18038432065438,73.32846009223773,83.2103639313537,79.21859897898618,79.38824148554032,73.2355520888674,7.439745114265739,4.881421000807021,6.327007248375094,6.6328505853182165,7.315478259180977,6.548642716250698,6.328067222885545,6.901287133948965,9.708574718265169,9.166289149208245,10.350619503997923,11.194173135892553,10.720133,0.1003389038785247,0.5293915855756224,23.973682,0.11146888524690493,0.1665652280543803,6.669384,2.968004671518744,10.887400625587718,17.655995541393036,15.820222502037867,7.411039057024588,4.791400005170876,11.983684494669168,10.913207333474002,8.194519397386493,1.4685792258810342,8.945764472406475,15.059013397434905,0.5396930557788574,0.5742894504608235,0.4730762792600391,0.6005815018493689,0.3672286441213109,0.507087872885255,0.626656306663026,0.2668310344195548,1.1036124560790637,0.5304857811017062,0.7438229139384502,1.2982592039515122
43000.0,73.62673,6.6421012635007886,6.637068769557914,34.31537,5.554196024506347,5.566828295264403,3.8862941,71.39600148585531,69.9473384522601,67.10709281937265,69.91594346920097,72.70291062527438,69.89257875664389,62.20452267889103,69.6002700969435,80.28984072809624,83.2934540227504,83.43373618023148,69.48370893080646,7.059076093971811,4.479085513516875,6.389656379468408,6.853468354809931,7.33631791357458,6.682926582356333,6.567641203917959,7.0670919732327775,9.924713854843041,9.429873290512825,10.244904049954481,11.119266726971214,6.560274,0.909864413885998,0.6493036296837976,16.849464,0.30496533369998874,0.16763124035570617,1.1398109,18.243337043994124,25.662899590386534,28.19767624122337,26.143854570260253,20.73989806660393,13.454664125400829,7.660109061226936,8.974497309973275,6.12989244983047,5.454386068441474,9.093261799241025,7.658110230075212,0.19065663050133005,0.2019864631995141,0.1358508285395619,0.26818838468202355,0.2204984617656165,0.2927429468448391,1.0174999086507626,0.6397994741134015,0.5101802538591542,0.8401597407424533,0.5652476313883551,1.3944721419741943
43100.0,67.06542,6.638826633118747,6.526255444859853,21.609442,5.270017817515037,5.175168911698946,7.036405,67.87761845193889,64.13267360756345,62.62633608223135,65.69248315798018,69.75069114414795,70.57382114642222,55.671970639317315,59.73120180314921,72.7326560202676,81.11901159637796,77.52023994464503,65.22495448869934,7.361629998334894,4.685767271473439,6.595568278107212,6.8652736969710135,7.175509771359753,6.4747136505683445,6.233791965128198,6.861425198969822,9.901765138294135,9.16258748184278,10.325747153870177,11.436703665751702,2.1743608,0.21369831471717463,0.39114687037365825,21.992086,0.13545030199601313,0.23298744688374984,3.7017984,11.055668133296152,19.08979929119055,25.350510696334975,22.845229300032365,16.273830541551316,13.027677347794333,11.178576719621283,11.282736098619512,10.10224281123236,8.34795394146981,9.592508525978923,11.933675181658133,0.4729077021515974,0.21171364507052143,0.3335878026623484,0.056775854323379324,0.07674734984616531,0.33293073539251417,0.770030595072684,0.33250105169643984,0.7983436342834493,0.8244718895108152,0.2632370622262816,1.531512467300568
43200.0,73.610954,6.393706824699187,6.156327488826771,6.8253684,5.107617285304424,5.071179700214464,9.96577,75.72162621379726,63.320359264005226,58.314036294335466,63.500749560500076,73.58496865473263,80.37054533968349,53.31427244025614,56.903458114580154,70.82715247699896,81.83233198204624,78.0529144439658,63.90934429481726,7.3163537288972345,4.673883827516943,6.30204603990035,6.379051115314888,7.585325919115402,6.735739187648266,6.401995306559844,6.7301463893684454,9.359102364793474,9.374194469946715,10.111587728213815,11.172886125058286,8.931783,0.41576764908321323,0.38999434177066183,4.910594,0.12963015324115384,0.1462238312941285,8.875028,3.96087844460184,4.554944383214019,3.6480059472494357,3.050292105247286,3.484634089970325,3.4124948113802387,12.30912355204888,10.92347029888343,9.946014446696545,10.234915495896754,12.543282986959674,12.885197888543955,0.4072248109591792,0.3767969628946623,0.5979970766882959,0.4316394395801447,0.7884977100043378,0.7752515107902677,0.8016975913155071,0.08540540475737311,0.7175651158262906,0.8472243403664853,0.2193549970447144,1.4983320263832058
43300.0,65.61686,6.4870572406789035,6.427369935535683,26.392044,5.175006943852234,5.182061922608187,9.542122,73.62492131710212,71.25355915879315,68.35539965951187,68.55594399876047,71.14749440687244,70.78218458998516,57.17281476195952,63.774259643568705,77.45370917133074,82.11847005065928,80.6330316625713,65.18509286160425,7.4500610984625935,4.823322943492745,6.399419986341133,6.757467009395014,7.243401483989338,6.37067083663046,5.853639691564492,6.918102623561137,9.504700808816828,9.210176493327825,10.323416224946765,11.237865276981983,1.7319555,0.9307974014881986,0.7336299839466011,13.87066,0.18952702394474655,0.15673675210090418,3.4115973,16.152944471381602,22.150631719897184,25.254199662482176,20.248583375653247,16.64399987265161,13.310143777000723,10.504760354686825,12.92696772424231,12.725493383634483,8.04900657480565,10.836347347361697,8.885472089214552,0.28655195929993704,0.18599147707483116,0.4225139490793318,0.4028271924548908,0.3584188978458042,0.41307130218213034,0.3535983111356613,0.2616839411536465,0.7557019877867263,0.8259764537478914,0.2095877452550521,1.2292294265974844
43400.0,72.35525,6.448721635144302,6.156922816919914,11.653392,5.056282816462084,5.035972496660972,13.689407,68.28136048486188,56.91876611124972,52.686152106745276,58.809387669039104,68.61545801609742,74.37240498101973,51.96140405445362,57.68738496175755,71.72944448916287,78.19701076860372,76.59995269844985,61.91458650029113,7.343073999357125,4.382577510901612,6.345107812660184,6.442979592672265,7.43204938227078,6.7897140508688345,6.505799102679533,6.785864822988633,9.633234229875745,9.32111008683051,10.10659426116446,11.083942502091093,9.993609,0.4575762864178775,0.3598297378624207,6.3913765,0.08214664736574559,0.134621860049975,5.681933,13.71129260942817,12.946030260953949,14.522298539665268,16.157371009890902,16.49531893028884,15.774918890946049,12.268717145596339,11.951085517858271,11.334499337175536,6.291399007680669,10.898116689186313,11.949745002108616,0.46605876913378425,0.3282093547915295,0.22548088802029276,0.4487993344140723,0.19454303847656948,0.4726086646848945,0.5548885096208572,0.35587410046999485,0.35975500277578704,0.3674482015179992,0.05770429163945921,0.6596381160071308
43500.0,61.952026,6.441240204921687,6.469549955670746,9.323337,5.1093644062041745,4.893493297918224,6.350858,84.19154299389889,75.26963875205023,71.21692854462597,77.4659114349905,80.8223709788437,81.76510346196547,48.37637568489071,52.53328534417528,65.01132816763526,74.64728470886159,70.99008919049398,57.907592763798704,7.410374551697228,4.623948481971223,6.424651871651183,6.423644523223722,7.649664470548917,6.618741375658789,6.665443251426692,6.696233721272667,9.373949664646693,9.326238690988726,10.020377490443108,10.924342405432045,2.3135896,0.4142008984652268,0.29860814259746965,8.292868,0.26211257618600803,0.3035314985196689,3.1992278,5.678339247899697,8.268059915946049,9.773666657283348,11.124995265427282,4.086545468159572,6.134912619601179,11.485684690500696,9.18614248325845,9.992018915345952,11.980822263677272,13.754487251808092,13.70871539672878,0.21821769279742206,0.24405025477038816,0.20099699578195124,0.35657991878275225,0.14879539752631454,0.2726096435319038,0.7207634800513825,0.39757691608543455,1.267769851710093,0.4804809778547138,0.2704692863237332,0.9454787257480655
43600.0,76.6229,6.783669770237499,6.685055913077228,15.616916,5.191067563749126,5.339369233070639,13.950813,67.56435269693758,63.52626896703173,60.028883581339365,64.5684098796503,68.03473245236017,69.49518873190148,61.834795926346,66.95744229215954,81.64747681533264,81.60003745724724,81.45764451044573,72.28256803971858,7.329356717759109,4.676484965014776,6.516610187867671,6.601004254130895,7.439826797771251,6.426459340608797,6.2628888591783864,6.81654069910071,9.445700399504565,9.688601320998105,10.364212284236904,11.100099399498353,9.689798,0.5098359741009252,0.2128667354908816,14.052315,0.04705201755387545,0.07174112427095866,8.664171,18.83645256751178,27.013713544391575,28.374481651179064,26.113076428087005,19.473236894952766,18.040107939716595,12.173234764410825,11.392689116645139,9.78156379570792,3.4362434509245903,7.610440704221598,11.980983071690883,0.29007601990404214,0.3681200472934082,0.0686294960540732,0.19130361983121585,0.2637151459301608,0.28898305456453827,0.38065632733601756,0.35460513432091173,0.7948985439971205,0.5165420918601757,0.3041340697249958,0.4297776922780672
43700.0,70.299736,6.411180121918425,6.360030422553566,23.545326,5.200920130077212,5.116498776462235,11.574425,65.62710878172919,65.38730446646437,63.07192280490279,67.30847962690902,66.93938606361542,64.02352411984772,50.7972663103374,50.912679797253496,62.97738331708021,75.27394728107866,75.44193973992515,62.88483696818847,7.418217353516449,4.72411685075395,6.55395770455594,6.763677762257948,7.343722197929438,6.446060821123446,6.196946214004659,6.639355330822609,9.566488988106661,9.25712438064581,10.137542549399614,11.107265838330093,6.5272036,0.9805110132733572,0.5286753718178677,15.305637,0.1693191406806061,0.39034275149957776,12.06749,22.502423201979354,30.74928246653655,34.83480209253404,34.747910912860135,26.657402075291486,18.09452541542694,6.579790599203658,3.948038422785086,2.903278221602808,4.180237622395949,7.2424865867191,8.964044571460734,0.259223754139933,0.2590778613014629,0.22351107224458963,0.03214954084154735,0.2911443267372221,0.12389971487613018,0.6325442696812984,0.1486578046176813,0.7385648968650764,0.7682371332058652,0.12595040432810928,0.7402810004195348
43800.0,69.62847,6.1597104433836805,6.0452494018208425,21.674377,5.395793806463989,5.259325190046663,9.441653,66.79520753734916,63.952332217419496,58.86095677234689,62.318897160897954,67.9529554625205,69.07679735325739,49.176477585533725,56.17526965928727,69.25212125885517,74.95596285545379,70.34704997664326,55.994474368976,7.542089611742189,4.665327940000557,6.624308509840167,6.82189629422458,7.265797930692461,6.527009670661292,6.562523253493488,6.8553845223421925,9.278299746101014,9.44436985264802,9.91771178085626,11.11334347014069,3.0846665,0.3861464894581655,0.04674295271852158,20.826874,0.3619290735103258,0.41799332100031417,7.7495456,16.2074558143484,24.679345169240584,27.061058384321104,29.35215145901504,25.630964880327987,20.08903733113934,13.001178824899597,13.420161016124503,14.610093886155342,13.33511744127127,15.046641390074678,13.460589033291406,0.32345394909694686,0.14193884424320208,0.2843980160798655,0.1995449666017725,0.36003028882317795,0.095374183521932,0.9176366887754032,0.25497383415731584,0.6200366810965087,0.24407837004754365,0.14356573248436066,0.6844271808666345
43900.0,66.33399,6.678961458670689,6.446309509808509,15.58726,5.115553592625282,5.112545334571546,9.54258,69.7834533980009,58.30888220945567,55.1354078951357,61.975248607931526,72.09498976066965,76.95579772171055,54.76346687925483,55.77171279276647,68.55655752952494,80.78000448190518,79.13509104208083,65.7581059329204,7.589216258990749,4.888223983702296,6.541711890181497,6.598483606646329,7.433363039873657,6.308740363252571,6.132895779439832,6.623332603832233,9.418307606667772,9.369751458232948,10.165340304104896,11.195421861459598,4.2817683,0.8232579646672011,0.8176083144338011,12.051686,0.12801287458051996,0.04494553821477943,11.78603,11.917951402380279,12.522975185570246,13.067571530347509,12.917901696010238,13.3132369051785,13.40432941428065,6.122466781223376,11.128184194652082,11.685668343763874,9.284195993489393,6.519752028290169,5.805069232847215,0.6009243959993884,0.3966253901720715,0.2662515905887889,0.16272648885815438,0.14947380830283336,0.2998412657436875,0.3515850388471934,0.32769104703742324,0.556900668426707,0.5989166635568736,0.2556894526620323,0.6028328459016449
44000.0,76.46203,7.031927854371862,6.87698730593056,24.47341,5.200910734908906,5.189356016563391,7.2143784,76.32162413317748,65.9297649778681,61.58572454836948,66.08868171854833,75.13345896515555,74.66754286080632,57.19380936330959,62.03287387406552,75.49235560554474,80.02741639263051,76.6199786460984,67.17318522340842,7.419298009305629,4.690779908122451,6.362497911280404,6.560975203066467,7.256184015053857,6.3722115255724,6.198473208509704,6.708752278303585,9.725587674589393,9.58583186722712,10.482278141099394,11.166598624396263,6.0237155,0.6503275435309074,0.47131900008003097,7.582181,0.15128430325029912,0.25287020336758725,8.54685,22.977693198107172,23.158731097312874,23.66439096367196,23.33397130796477,23.273018121432564,18.444007065416123,12.354223444237336,12.496670376437141,12.56572952717725,6.398445047292539,5.9639021505401395,13.378496849817727,0.15041534996364414,0.38355563779596125,0.16134084452995875,0.49626568270106297,0.16677703689621512,0.27226598540030383,0.35444812145588567,0.23915881373416575,0.8893558755890363,0.5458810197224228,0.2975703054563014,0.9625984613541217
44100.0,76.89448,6.73198201944873,6.616947697533824,19.507147,5.069700821631687,5.029945124324279,8.470677,72.29100679683935,62.62752828137929,58.95292648245688,64.80910164748927,72.75064993201968,73.9653327102368,55.05078423602803,62.04059015515305,73.73633828386481,74.83469638016244,71.32540445866357,63.42036026582775,7.571242281475146,4.902204847038891,6.496606020193499,6.668798059462545,7.511712131070067,6.506248877948816,6.611573073565694,6.835141630348967,9.204932809570188,9.129812736710097,10.103449612727827,11.103368196279023,7.473666,0.9439375784687629,0.7969456894466174,15.8366375,0.20054494224581415,0.21209950269750155,5.812161,17.24429272984193,20.05026358516625,19.138787082828063,17.931541928890827,15.899522867236644,12.569459889680893,16.847922091039614,14.989710573416422,11.302649338774245,0.35806435620849664,7.7695569760217085,19.208494324692495,0.41630186151140447,0.630709731095983,0.44176670292330117,0.21517031435485787,0.26130415416425395,0.5752829796637623,0.943715994871846,0.5741593758145348,0.9396527217775795,0.7024745058724986,0.2353430533584715,1.0516031990695605
44200.0,74.24763,6.698485219005472,6.5736789403520675,21.448938,5.184597078716598,5.245041542938105,6.8699594,66.00836542132657,62.246950589810744,59.107948126404374,60.102188379534255,63.62273517568719,66.26133832028641,61.87981038505442,66.9020798901878,80.55224262071074,83.4826296469375,83.26256292480838,71.45451770207649,7.305541660409773,4.466735652107296,6.421077187152899,6.440714431629311,7.1874052845553615,6.327201308154759,6.4038654825707875,6.710367429048311,9.695680216454804,9.39524828676757,10.421986778452707,11.445055234268546,2.9277637,0.8341442363368399,0.5380860013119538,24.735298,0.12316918111792707,0.04450093149211724,3.656221,15.528191035206383,23.426463352645317,29.005649247826298,25.299265591784486,17.49686646040893,13.976432314420677,8.568554484957296,8.06837779455373,8.461026343377265,4.723837436964845,6.766977904915615,10.067712676337283,0.11534203508789748,0.15753164181499008,0.18309199819383737,0.4254866175826648,0.19015836997152788,0.2553734770264746,0.713954924925179,0.17482056867802687,0.49857272237395484,0.42342504300053035,0.18617171447445588,0.801730186623058
44300.0,75.024086,6.692914478749967,6.629609008943665,18.317759,5.372585171519906,5.426944045411143,7.999102,77.29300381212501,73.59895126405542,70.69359711599911,71.97567692727019,74.43987914952793,73.43602345698521,60.80063434163503,67.03641678833793,78.39014302381044,81.25897112812588,78.42816659470921,69.0358604716494,7.245579755923081,4.450739009239786,6.2235360283036885,6.5215363467274114,7.307597616395198,6.593890148859386,6.181378044384162,6.839780529527459,9.768204867145606,9.433143868590456,10.27467266641001,11.300790762882983,5.3464665,0.38836645042170664,0.3365023528061624,14.8430195,0.3007852578198855,0.3588777839699955,4.232095,12.28674029442633,18.73297315522581,21.272054194518653,17.630157960104636,13.688632559845788,8.283140089088612,12.544063372693774,12.77111668628856,8.513652320367934,4.415343599328886,3.871781757149861,12.717465187363581,0.5153076609175883,0.3875578051560134,0.20189373741717112,0.11048025622375883,0.026470714996861194,0.13885218914543385,0.548837026194225,0.26759629811065705,0.8447953565502455,0.23036143626763725,0.39711742409103307,1.0773210945885208
44400.0,72.87619,6.921810083709649,6.879083642372677,26.249273,5.125646964718535,5.092901561061168,11.447922,81.0975292535478,78.30908614590349,77.40568788009294,78.48322486804524,80.90467523333807,79.08981212163343,52.52189250497211,54.94774875176166,67.6546796613684,78.8583689800073,77.02716531474759,63.9018961499346,7.300972743409954,4.487619594942627,6.322211039537219,6.426831167563944,7.328827504168579,6.655503651322817,6.639580773641089,6.982550716380306,9.424970741210869,9.473746104785727,10.612328492181392,11.184245085670597,2.2391858,0.5454125320519728,0.7671609060834239,8.75874,0.1842987957052694,0.1984506192315095,6.1161675,9.17553703354874,4.878462349275233,9.932850317310852,6.1575865172330735,8.282055374203466,10.551581814173272,12.318102521226532,6.233388359608124,4.5960173738522485,6.386185350861013,11.14436296029384,14.87472093843747,0.19552537284216304,0.2871504942412849,0.010354915916479674,0.3229602802580671,0.2969798877311446,0.3567118786983887,0.7931147472781325,0.280555106541511,0.8009554168464114,0.3342203193810877,0.6373830773193031,1.050723007941316
44500.0,75.12083,6.3595435540411,6.376095139610331,25.115562,5.169585803422916,5.2638993661056865,14.829506,84.07890193810617,79.42873038313752,75.9219986238255,81.33144536427496,86.42026178326857,82.67502552210951,63.9103915481245,63.216785084866,68.64944123878549,72.3968408121004,77.77230803189114,71.81010521535715,7.399400283470786,4.623735819932286,6.2602470622361155,6.2870481465396395,7.505226506738905,6.893943543657103,6.723688829719609,6.983003498354118,9.318869615060457,9.426439140257584,10.322955697531059,10.850554017959936,5.261434,0.215349701092279,0.3438788572832865,7.303819,0.05878805155033421,0.12998335855234414,8.331314,4.53287992858322,8.170931220897087,6.29410888911532,5.651104949534195,3.2042593378225366,6.3673706021060825,16.11107893644046,10.975575729734297,17.03477682319614,13.094991854916385,9.68087624910783,13.326530708074804,0.3170507577970983,0.42317516981470765,0.23796935888407994,0.3088537113858875,0.2230285898464728,0.2328157988850064,0.638742940025499,0.2636307866023162,0.7713991008410108,0.4509559195928766,0.2606104635201112,0.8523972313995274
44600.0,82.196495,6.66112702911349,6.605215400139781,24.293022,5.428106245878092,5.464253257384134,13.357605,84.33726877934265,78.18853386322684,74.56181449296702,79.94481598860737,83.61674082899229,82.75791320165716,54.42710426511297,59.51718632336647,72.57462857757515,80.43567976635357,77.94019564968629,63.703671522948476,7.311454643513371,4.526397346009728,6.2872755313576905,6.5187047864447605,7.256328030353032,6.6125694656373435,6.466996385723128,6.707649295130636,9.889050120203812,9.57593407608326,10.167528216076178,11.177700179914622,5.8198166,0.5634732456921605,0.4474539203875943,4.7191124,0.17320259929722864,0.20049300579649032,9.836217,4.967840505036233,6.595327492311707,6.084604649764796,7.123726275294771,3.542515651627274,6.8617668243967085,10.979498787084408,10.968513478480888,11.179218882635485,10.079556119090524,11.676093048945882,11.199587664980792,0.3076283122015873,0.30267597406502766,0.36973471031284266,0.5507009631296307,0.06922811360742592,0.19102868503711554,0.2049057728824339,0.3082957998420472,0.30802167348142523,0.2509740957935208,0.5251940717221273,0.39415575476007764
44700.0,71.832924,6.787744779619985,6.599444486170864,10.567963,5.151421092973337,5.233584518067128,4.2286096,72.9779331371747,61.01096906109782,56.6265298562757,62.84761642367605,72.7500969519683,78.39393961573039,61.97324320343326,68.4276390292959,82.48376371365265,84.41559292806947,82.35247172260895,70.24567891363093,7.302107077177567,4.749531467573271,6.283598106673598,6.289188377414962,7.482659529436186,6.599707145011503,6.235288955819171,6.720624625288441,9.569588506555425,9.666314579267567,10.37128575155927,10.951700802046757,4.8406525,0.44231873924208437,0.31194169761504703,6.4042296,0.09946840555567979,0.15422001012387168,6.4243336,18.220256387962205,16.89028211504268,17.599791125819028,18.674410080192192,19.58406452194287,19.37708515842707,8.02181542313415,7.695274393007092,6.429753340596534,4.669204837452464,4.435884470899436,8.701562039328135,0.22265001008572244,0.12962611473461724,0.17559713882543976,0.6409780175537155,0.2964553946908934,0.31691379556536226,0.18306625682851863,0.22571979448797772,0.21050497828241602,0.047264172611161975,0.16706684075070966,0.5117887786375388
44800.0,74.61972,6.923688708508301,6.736348896333435,17.859062,5.148142104058263,5.107146189757491,11.58225,71.86780138503933,66.76503290369688,62.90825533740128,66.87536330058524,69.61950513091197,71.92453392080482,53.18170287724714,55.300159227053335,68.5941229068921,76.64127463395688,76.50502373821766,65.41341010771804,7.38939190345879,4.774067051610298,6.366272403751492,6.729119308382237,7.350518158817127,6.4622459351750345,6.106428729623132,6.5642939293143705,9.685919693026669,9.33586759713919,10.31817292626733,11.133481547792883,5.007343,0.4062647237094918,0.16391145596892323,4.65798,0.16799083557917138,0.1243097464736361,6.163852,13.781322615963704,21.275020259173417,22.322477291634858,21.4623516249048,12.861934654737642,10.952426365665382,11.279446325385207,12.270714918683947,13.005881797883772,7.203285599789166,9.125644596431492,11.38372972904812,0.25656832651764555,0.46709334911130845,0.47937114489809185,0.44327233209632905,0.312178460280161,0.3981143052600307,0.7610669395178692,0.18660726947972897,0.2986702974567668,0.3353920732878834,0.4157807162409023,0.991306024473972
44900.0,71.81332,6.613315078013123,6.399048518903045,23.976381,5.120328528890394,5.202222408831572,8.566487,67.21273829767922,64.84962491078288,58.8786262312208,61.40525878464158,64.22597651021562,66.60618160460386,63.735408753604496,71.01437185240019,80.16141528642503,81.50150449638458,77.89509005884892,71.55998180224357,7.333537547648684,4.634636844377445,6.572001679635934,6.679667772329107,7.426548978168291,6.494598745739051,6.210878584933927,7.195121298477225,9.479147841497957,9.160546144920795,10.224993045907336,11.086942764650066,0.31915417,0.8941365151394689,0.6154373454373935,15.858993,0.037179063239634325,0.0970425499641174,7.116067,16.78486724771802,24.929648850270887,27.22109911298728,27.508034651303618,19.67759447282413,15.690563528317417,12.206645861055232,11.362582576316878,2.109728663048999,8.414873472180227,1.2776951027262622,13.564237561805434,0.4231967014486872,0.16016733341540249,0.398606543817124,0.30016814211894877,0.28552828805834063,0.4658063478524297,0.3464728677441942,0.3007534772332498,0.3688087288550786,0.2569754688874961,0.16280916853890573,0.6997979353178816
45000.0,78.80934,6.884415530339532,6.685056814731585,19.90251,5.340040232506776,5.453159962098781,11.245621,75.6610292271351,68.65537114756557,63.59798714838675,66.53474417035916,74.10036886609706,76.48556016802819,60.5834269220486,64.35070600712004,76.39465657896665,80.81835176207841,82.48365007823993,70.59462103376232,6.953198219642341,4.394939615045757,5.979645547968459,6.321466590873026,7.565231474974552,6.512673293570288,6.685378734633275,6.7032179459492065,9.798313028354883,9.642744847803408,10.319930733232768,11.15876886765515,11.128494,1.0051454053080944,0.6347192631892015,18.668753,0.5681600262049222,0.6251094663515967,15.261146,10.821320913969995,14.219514162061087,14.77441964082795,15.64539640438851,14.934977593080413,10.88187789741445,8.660746804449017,12.076922870003727,10.958079776582105,5.836543410512791,7.772240540331961,7.305697916517128,0.35608607452764524,0.30999525709584075,0.29406036896230153,0.3477665823553406,0.30421949367030326,0.5089288235343372,1.1526007456868186,0.21717230356593206,0.28817155488305174,0.8481577679142394,0.44882346588014865,0.7621927751193172
45100.0,73.74649,6.794601470037429,6.664193442619113,25.86122,5.134133534245142,5.190996636862432,9.244367,66.29742584884305,61.37535001319844,56.27886514658339,60.94756739538577,68.2110588322998,69.16696762393781,56.67637722691305,61.789500985370665,75.76142082555128,85.78493722290227,81.56761373036373,66.75629151353066,7.489830792262166,4.7554414300561385,6.331343180703986,6.359852112304286,7.49974354702769,6.561329838476027,6.324489588010092,6.7802309597533,9.380869727567985,9.150322972013022,10.19649579051466,11.306320415602224,0.508027,1.008071941687917,0.7609656241669122,17.40222,0.04281407729162838,0.008247435830937322,5.350031,23.155655596282006,30.37034509307786,29.075214733761378,27.34058369597786,24.66254707515197,21.143295799291792,1.6369138614673409,4.516780293099431,4.973911483837066,2.6115601333638083,0.7148338130759488,2.6290484728977073,0.10774140063003171,0.10115074208916211,0.21416435523279234,0.35609848161159974,0.4207171350673088,0.10864057721343616,0.8392742146829264,0.3309147220911829,0.29535083568567655,0.4157808224186009,0.26709216655115925,0.7508608986035088
45200.0,74.83337,6.704946390204001,6.3954345352624244,15.410695,5.165489268647902,5.2753014867878685,14.548757,71.14011866491033,60.77808595269699,56.70144312366232,61.42827542496955,69.398954244536,73.07347103127002,59.07510769490812,64.11171881639953,78.43704781542061,81.13118140357155,77.79041542259164,68.94371960218058,7.1560692285207494,4.511950114304821,6.4013101638580245,6.705382113270795,7.490821323863702,6.317391029600414,6.147626930559032,6.721950069051521,9.898747329910139,9.386628131271344,10.094330802576826,11.393194716973262,8.693989,0.7845471587823774,0.5861598067439594,13.115184,0.3536266579049587,0.4034976268854836,5.6400332,16.38575287064004,16.729199739431326,18.727558549870245,20.189183185504643,18.805955309060206,15.082343210606235,13.590364078091838,11.545854124657536,9.745790165703616,3.2378236925780715,6.267163159998041,15.54076165007336,0.15976625758484664,0.1394356651098337,0.2891945361215269,0.28974149754492146,0.5234565389500935,0.46383391735766133,0.6822299629281563,0.22858240093270982,0.9236031657624301,0.8523347434205587,0.38941481595312166,1.225282000841104
45300.0,72.98804,6.667263382152115,6.411445450528596,26.251413,5.421960882893994,5.4766660169082115,13.677897,69.88211796229977,59.37335773823427,56.46343479844759,62.56036658387487,71.16786926992008,72.59060849643372,63.47091306411539,68.93274919889201,81.53664558891136,84.50282110961828,80.81335327654001,71.15085650390176,7.340645898986036,4.809410132353902,6.510626356989223,7.08490404464566,7.075564488257961,6.444143434590237,6.391909554747353,7.1901463295982255,9.97157885992374,8.801516662158603,10.208811267704016,11.284754387123028,9.202325,1.1835138382735235,0.9435009559941914,9.260118,0.37771840993530564,0.34634101369037856,7.702459,26.676576370599186,26.750004538388193,27.52871700472229,27.815263723672135,27.7773551506877,24.96974680647962,8.291880656200119,7.406037721510539,5.575150877332141,3.2261310774302956,2.5214329163890605,9.504880262033053,0.24571182051108614,0.38946610345902727,0.2371659279745216,0.40746340201688597,0.21859641859462173,0.34950556060674204,0.32115445923232255,0.5402761953820895,0.6977645555769817,0.9091062866103683,0.44899123472904706,0.5835044651862525
45400.0,75.27963,6.681221212772407,6.615120663059958,22.341192,5.088479605532925,5.091605010981039,5.134819,72.72278629800353,66.91663416414978,64.12851711053796,70.10305751120939,73.4690387678067,71.47718068572775,58.83018488997046,63.7565175701796,76.31263242031693,75.67953039524623,78.74388929520983,69.04099254360325,7.313076685299772,4.722393328326323,6.535656338145015,6.746144515488742,7.490982428769418,6.6588115070159,6.422035032456534,6.969584074567421,9.501630427630225,9.159847251837354,10.204497424755052,11.388308028354622,6.423286,0.9406701309508186,0.6321682814985696,14.777372,0.42513090345458127,0.1878760633925763,7.011978,19.703049496633664,25.078544673737827,25.314873891273358,25.530925149677337,20.68476511151439,14.96550919196262,15.168144372039029,17.304365138614358,17.92222123809358,8.582453275482814,12.756243735292324,15.133214012350015,0.03264422502215188,0.24022581277267696,0.4394767546401051,0.28360806809486716,0.17021789066393808,0.38869736418362855,1.0205612951970155,0.3375352759670267,0.324505496774372,0.3765790248979071,0.49063900275742967,0.7657657214036092
45500.0,75.07177,6.797476386342786,6.726825346867457,15.790608,5.135438317284877,5.28367661941791,12.263283,68.06063601954988,65.07740079699073,65.02715532230742,68.44769080762836,67.9103269083812,65.26605012273248,59.56139993506744,66.53386181786868,80.98936735211106,87.5700793190128,83.23176153989387,68.08800974556856,7.163094652733274,4.492893986748869,6.367380407357125,6.77088928909388,7.2868108358698835,6.403189850956885,6.028257701086484,6.941278155202453,9.736551800598557,9.389853671646732,10.353043071343048,11.600948225817973,10.776538,1.13790730427842,0.6321141324749503,23.123096,0.24706714055159562,0.15833455351539294,11.268407,23.993985440366334,27.882132848318914,31.293914225683167,29.256114173445575,22.653975260270414,17.609803282676122,3.5251393006818605,0.5934418406994227,0.6190315176652302,0.7122402579803475,5.083229410543886,5.5819402330603,0.1568502605413353,0.09095866716316701,0.2215703061180287,0.6235264675109075,0.579860522620762,0.18020335982091942,0.898752027409506,0.12858832447061827,0.5852203378832478,0.7049131646851076,0.15542898473957498,0.9390235687427021
45600.0,78.55951,6.639179081019425,6.531616775560255,23.35695,5.233822735321025,5.202733174374221,10.149478,74.35829430745291,67.62915017454226,63.261652543427914,67.82940735065735,74.57717333389382,75.20267456210807,52.96465610734722,58.21945530713291,72.1630973346892,81.6120134804017,76.89723210284724,63.0045541141893,7.301105093565805,4.553033159830361,6.457431692152038,6.603455556875535,7.414976538301514,6.564943635430907,6.310681735280816,6.631548135808123,9.559256880725572,9.480263845989413,10.284102692661069,11.345551083504233,4.06205,0.3529927306486403,0.22613522535171704,18.96664,0.14688852186354387,0.1458569580602927,5.978757,17.88635006682408,23.342716179329184,23.603397723122157,22.735611863756247,19.34538060055279,15.075467099687073,7.370154200483283,4.770059194269001,4.64582330788845,6.531211052882717,9.783557595597237,9.50326587577004,0.46243563939508425,0.3879649184360633,0.1354983695026822,0.25467525523897794,0.23665426899871111,0.6060079766942186,0.5265429401908567,0.15504530362509453,0.9757638875585222,0.7458870103587292,0.31388242668485733,0.9401437025619609
45700.0,78.71621,6.735763055793957,6.710707361383682,26.529434,5.12668544498944,5.175412937759822,12.989093,86.09476161392168,77.81242012875147,74.68715832922719,79.94654137686972,83.67951473564938,83.87530112485386,54.81668341055313,60.28240621769174,74.21163952194867,82.38660561814648,77.78409784248437,64.3252031917926,7.243013947450841,4.48126116804634,6.445447171450101,6.648959970228963,7.53445840514778,6.6443426566653905,6.485745789568367,6.773875056462825,9.536605235649818,9.317893291013103,10.3321056617253,11.296153885516816,2.2212632,0.3910983539071648,0.2396996231092212,13.517835,0.3638371973669318,0.40524934085793823,9.076919,3.7369374486124696,6.325339056541046,7.524700730466798,8.945473000351981,3.128373634429187,4.251134223157895,10.306903645885981,7.1888008036940745,5.339890346554187,5.217590163466565,8.641200985660747,13.293937250498168,0.2595898676662329,0.153655625308053,0.41284519574672185,0.25092213068047686,0.15111805526739905,0.18270139293039145,0.8359373675348457,0.3233086764342755,0.7906460467370929,0.4237734061031895,0.060084134889818834,1.2256281569084018
45800.0,69.18267,6.4822347131410325,6.397620545686757,15.444756,5.244748644996938,5.121708249430284,4.815567,77.29688196763497,65.03665400030897,61.72265473539699,68.52173548496066,78.38427395079628,78.55811046712495,52.88951204713467,55.93464499000482,69.30947032717224,79.6408050566691,77.10962267629581,63.316542343638,7.363243570362698,4.8222316651299435,6.57833104859579,6.8293293643580215,7.208408732626505,6.352600739718056,6.243809361421612,7.035771859561163,9.767784711221935,9.165635670398473,10.118975178992734,11.12662874482526,5.7268167,1.0111382185712958,0.929323726277151,10.022243,0.11910076780958956,0.23871166025562893,5.482146,15.038199383905903,13.946891397740439,15.40513305970114,16.844105428911615,17.577197846885223,12.922410180918146,9.463539931410475,9.199584217662153,9.148493136078518,9.373667298555425,10.571358064274111,10.363542377101691,0.1283395051891159,0.19987061741128412,0.41668452548952806,0.23142057055554952,0.16141168714820625,0.39967866784336575,0.5403105122030186,0.3763000165934583,0.6486698969493406,0.3437898340598145,0.4458771017855355,0.615241694343323
45900.0,76.38495,6.374631289508142,6.4167224238950995,20.301357,5.197362309388219,5.2989142005803584,14.012505,85.52270898871171,81.81077158040813,77.81941859313837,81.39520051451979,84.75676935057403,80.19610991430393,67.01876521595362,66.82699857776036,70.15750661276995,72.9167358223986,76.56282664126323,72.10438752967191,7.3680577727474,4.7228396047616705,6.669704014461179,7.095148940731413,7.166165233290729,6.399678213814741,6.056749881756242,7.02519840189503,9.800991463918363,8.792237879754607,10.396666175414804,11.440643942538024,8.620968,0.28805667838237303,0.357926043947812,8.64077,0.5350763676391735,0.4395697783193644,12.4153385,3.9767552901617034,4.865017354318223,6.533091064183968,4.919841019761259,6.807478851688057,6.708608688763443,15.094982413432149,7.320369504935752,14.315298244133693,19.212261216266846,11.866946066721017,9.348781269777184,0.16130476733705615,0.24652433877889676,0.14891984216906978,0.44700285877525847,0.2760162649837677,0.08580246319766341,0.22164849327166028,0.1304302511741002,1.0031664978473664,0.4001480506644469,0.6402901443943237,0.7258273833470593
46000.0,77.35333,6.5061388754807785,6.181525464172135,14.172948,4.995289353301768,5.01639443862801,10.60362,76.68594765180244,65.39422059198633,59.70167737832147,63.76191045497463,73.25456680967407,80.40657007630323,54.328576095996084,58.596765932159364,72.75896488455378,83.77964131938064,79.9660389918432,65.07590979264481,7.233046053434976,4.547910575456697,6.138182047997266,6.438535129070954,7.515343855468518,6.557081173456287,6.607234733681087,6.656325601175205,9.496419270591034,9.084918321266478,10.060485593973244,10.96159908755792,6.73557,0.8203096732871793,0.6311427449990138,4.857596,0.332567505387952,0.25270816200262447,8.331139,7.996051604205666,5.624402707148228,5.610671217028577,6.917654162524346,8.271281091694535,9.152330675673674,7.384980848350878,8.211955726029736,7.843403038825522,7.030635019089445,5.826668791386902,5.694309088000827,0.03911103033409085,0.2031423210893391,0.1409828737141149,0.267315058598842,0.25389667999810583,0.15826704969041921,0.4873348486566599,0.5528873656432456,0.15262249289792046,0.4019383327658046,0.7469386239159532,0.5912926241799357
46100.0,70.34132,6.057209927383814,6.036237167021927,25.486937,5.413304398502237,5.320984655126425,2.9892044,75.4317687480082,78.98739899246488,71.67292369378359,73.46331545066587,79.54574261583235,75.73575023261925,58.47553688720469,63.68567087764533,76.44307434852489,82.02897960171076,80.65740280456434,66.56947090089096,7.316800902579996,4.671512098094125,6.580418935246564,6.831531273890762,7.118847565537448,6.53523690031275,6.429436616895228,7.079996751686148,9.714761673683578,8.959510858032166,9.924482535889242,11.232553399822665,1.9869299,0.23985737432504692,0.10251283451518196,18.7236,0.181766404757347,0.2506142451126164,2.711921,5.7901966734953625,17.90232586340705,18.001157068727334,17.3657111620354,14.414762157944907,4.051678939891882,11.183762656281859,11.070609917615034,11.287081902545788,9.409304515801658,13.658240048231251,12.440531543514545,0.60310261005073,0.41468894448903476,0.4703155539501927,0.11883923035080857,0.23823646827808745,0.5459677241206194,1.3087188968415326,0.9191942902525244,0.7251869411514297,0.09526346829598493,0.3022169208322696,1.155166826276864
46200.0,74.76037,6.566422896104167,6.679273307511511,29.349665,5.090167854652805,5.179542567683815,10.162091,78.6467799025002,80.66684327471577,79.57369013495413,80.63772327425032,77.53051904922707,75.76892641829069,62.3083273818231,67.11477985826126,78.43272298197029,78.77333729487758,77.52004316075177,71.8931031775332,7.244540375967578,4.484253738170441,6.3087814603307235,6.8090436663408616,7.145558063939039,6.3131044404965655,6.085138288119928,6.713422172443693,9.779860123333163,9.14442627936876,10.669851212172409,11.609895694114757,7.5490894,0.45253688844874634,0.3401687090796116,17.205261,0.16906980129374075,0.25636306592826286,6.664219,5.820710410474375,7.880810104050449,12.460797247168752,10.729309502974733,1.4815115474560094,8.820885914611857,15.690286503637864,16.576289202354168,12.409697109644704,6.987811287149607,5.805969156604838,15.704026755665124,0.2949321013478284,0.025944662334000394,0.3216913921123151,0.028388618858893752,0.32863694383194075,0.467759478024341,0.9363376965711211,0.3447018153605791,0.7576037866056399,0.15438382816694432,0.13386299457565368,0.9923268149374121
46300.0,75.99894,6.6003463511657765,6.592789134408349,26.670115,5.121965328763829,5.066605214058616,4.1237335,80.00614013013346,77.76549449566647,73.29098285390346,77.58097448045572,81.26999849279402,78.90065102059218,57.52642880813857,63.26204554924374,73.21083257038943,78.14740272462564,80.59430340044896,66.47721482901322,7.259964127899672,4.7289904148956055,6.597189161317785,6.758687028523592,7.562884084093543,6.562736548960153,6.473188057738014,6.964869487973114,9.698236265521858,8.901899240496773,10.04791184378034,11.135444218442423,3.3566031,0.6445429352217376,0.43498581824163157,16.880907,0.2616703018956101,0.40464094504758263,5.5127745,5.46653537855486,13.300141192718728,12.555819151055326,12.573057771787578,7.925461857128503,1.0113087894753432,16.709135420172434,18.807312200760464,15.022195480677157,11.677999091703805,14.767936141499973,15.03017430203179,0.21608432032844238,0.30758501475350347,0.4350778098392568,0.17475711747524528,0.4393284851168614,0.544067705272383,0.7340472004996214,0.5461107419291953,0.6754302208809188,0.37794578205537505,0.36142006588413084,1.0045909579945602
46400.0,70.58543,6.640818221483418,6.482194165428729,19.745863,5.122595189069813,5.14366326947798,9.104077,79.96413744692886,74.3749854774203,69.22960172951805,72.66056050051996,79.37212751288767,79.77193393376673,67.96556976386059,68.08202032324421,72.1638291015726,71.94653162158211,76.43129823696354,73.11763491823466,7.382944715284065,4.837469571548323,6.434647783978968,6.664301336593097,7.266136359423194,6.418357174086875,6.448756530205412,6.837848674678603,9.908271036122612,8.919543741285795,10.2182445754297,11.17313618601684,7.044992,0.6388729784751274,0.7571709206216692,12.425579,0.27965077607950684,0.25403833760299754,12.270217,7.874466099293749,12.421836025425982,12.454467280689224,13.18625085318378,11.734723580447268,7.297849280348583,17.145838234816733,11.236633247967932,11.762608729708331,14.462035755033474,11.433040496157728,9.655498438103553,0.04979914760185105,0.2186736385677123,0.34372190814288606,0.11838200313630028,0.21700768402353404,0.3606927291671111,0.6161807678479422,0.5822911989139122,0.3793809125159034,0.08079183204635912,0.35421113908260543,0.6567203726217963
46500.0,70.15063,6.708198788684918,6.630316395631707,12.391423,5.180719385241685,5.109343846811192,12.639377,83.86271122195426,71.74432888409115,67.0607807839772,72.36226412111402,82.17445305233294,86.18358372011421,58.203202620616764,55.26256119545411,59.17036456073573,67.07546719850025,70.04084884313222,65.34502943669845,7.399512797654235,4.8064272817833364,6.432408136700765,6.747705169830593,7.429143279081065,6.742564879671598,6.3143014248346985,6.719699120658929,9.33812636008468,9.31043458945334,10.109755246902075,10.992365690571079,2.8329425,0.9441894729649984,0.8914889612632655,12.872572,0.2205818171221531,0.11077350605340806,8.040085,3.838678998677978,3.9076394207005016,4.5364371620464015,4.552424811197031,5.080142704659034,2.604698986702454,18.241761080207542,9.0246317646193,8.284230724438284,14.789646964486616,10.673983671615899,15.211287310474699,0.1463088948953893,0.21998870452777203,0.3740906418045575,0.2888431552650246,0.3339887854444639,0.4620103630053997,0.3097544279173793,0.39133582640991366,0.38121858883228765,0.241761269281425,0.8260762173450693,0.6479764700320593
46600.0,76.24726,6.422585751973828,6.4456142557493195,23.786865,5.263734051783678,5.385197582846918,18.709,79.68876451190259,76.96806904584936,73.12744368922752,77.1647313403472,81.23162388390188,78.22302362312466,67.38086923900003,67.09890428055856,71.00402940694325,71.97288511118413,75.92289881610249,73.0593403351457,7.032566380053614,4.4938210307564725,6.298857474324966,6.585694469937242,7.383934313994025,6.797543452676966,6.594083502741328,7.2850203756963365,9.64719084152041,9.107610356472625,10.045940549485547,11.281723169588796,2.575814,0.6808301718337904,0.47998035708440584,21.658081,0.4239726545878828,0.4143652973918885,7.1066046,6.055063507130856,11.879107969531258,13.745098150252671,13.117763979880484,8.486333677890654,3.4702026826650316,10.716968809451073,6.055118518554939,19.276371448465742,18.842518080855214,9.65969197986668,11.07768704929286,0.21836022124226162,0.13615468625170066,0.2394785067377346,0.41305533449151655,0.4432988368322259,0.19859495474862138,0.04677336068607434,0.5083376284268603,0.9314639376031519,0.03841632582010397,0.21062307534503555,0.8172538802194214
46700.0,70.71763,6.886211233775346,6.58015963001985,17.152739,5.016427260270672,5.130937200027995,19.925581,74.07328681347308,63.883954723111835,58.473949314567726,62.051115639267216,70.62033762219092,75.6315651629629,58.323288871809815,58.79615614601073,69.10649595736861,80.28582070118053,80.52636685597811,68.9057450534865,7.553194299759344,4.81349391545482,6.413626936161197,6.363228771621203,7.321297590288133,6.253550975633026,5.76397290997659,6.497177892150121,9.74068796209019,9.238878463380312,10.628113893578588,11.7288820708061,3.6066473,0.7905971806990062,0.6967606854836216,18.66844,0.2582969462502765,0.14749570415556607,12.64004,15.889515091128999,16.414953057641704,16.658304696088322,15.862454102976173,15.03778563720089,13.591887013981859,8.634535882683318,4.849186323489163,8.277573727314406,5.33439054452089,8.188700564915669,13.188715636686949,0.1894727958076508,0.30556558452199944,0.5113857835368556,0.678657212872713,0.18208687188835831,0.44414701983514754,0.24199007344567663,0.2696778466663105,0.6061469988017694,1.15387050168293,0.10594957061025187,0.7794381705167666
46800.0,76.087036,6.619440143239477,6.640990727291896,19.206812,5.109038191201045,5.281107267073312,22.38613,75.59676700938614,70.59699749951336,68.91906506227764,71.61208644132942,75.8620734279696,75.36270103285165,60.1718489893501,58.497797000454774,65.23494774345079,75.0270923892618,76.57831383421228,68.7474546563363,7.234078164299604,4.594784925287243,6.399591256251061,6.581801401061543,7.252632754508061,6.367611463097572,5.979531186534128,6.883640348187971,9.65291979791956,9.51425855498419,10.35904122651899,11.537274446960089,5.3651733,0.9489293357731151,0.7307330762801073,29.953087,0.409036528020803,0.2922771785631285,17.186766,10.197246529086517,14.53004836659006,18.202135434665404,14.884244615993392,11.527245984901448,9.33734773162643,6.335474813931314,9.76904263905091,18.232823131021377,15.53761254328739,3.9059430854686843,7.19231441348154,0.2693582493581048,0.26737864640410514,0.3282947046229679,0.30735464840392135,0.30596556888144144,0.4445890675719098,0.36906214551684147,0.27814667142372024,0.8680914731079895,0.6146281364167676,0.40798242349756464,0.7869100396326977
46900.0,72.11086,6.650580282625586,6.708355706651271,23.680643,5.430683537192766,5.3379977634576585,14.150243,84.35636773755103,81.3968153525924,78.7481785838357,84.85145820212965,84.82477870948206,80.57784077105104,47.67899876677837,51.75819605961987,64.7628541032019,74.9381410044782,71.84209447685497,57.94601696862446,7.2216307353744265,4.560137513955682,6.39701739966381,6.571937713828966,7.3909036831871795,6.51133465697898,6.268826890881367,7.07763088839411,9.94903323002683,9.532879003232237,10.534900151310664,11.89103510573113,8.624084,0.8476534435725673,0.877117430052632,13.997726,0.13459592373748677,0.25457898815897917,7.645815,1.1050718402027666,6.545658891394617,5.784704660916345,4.932642949685362,5.017471650545163,5.475534131893657,7.147350218389843,6.613678986214282,6.360962771010271,6.921508501494369,8.119866227317338,8.34509358190837,0.21247768789485408,0.2903550009229896,0.3814714130258666,0.5268353938992151,0.30179914169437666,0.48399854207027265,0.7116837708226292,0.43697028293040335,0.7260787949380306,0.6395406175403104,0.6920478384281217,0.7699796192250001
47000.0,74.67493,6.507544592310616,6.456021414317715,21.810194,5.049912538527113,5.100019173317764,17.22399,78.97984871240116,72.68028414329136,67.48946398901332,72.56631766596782,77.46045514091327,80.2432656522244,59.49484465866257,56.41934800643984,60.60337355973902,68.98181908934974,72.05905354032588,66.98399180420046,7.282301903038726,4.60520653978885,6.218002210341372,6.427064635169025,7.63860305602017,6.628999768914849,6.305453776578779,6.914011430904973,9.525567864942603,9.409403887894479,10.168575601447847,11.119675232495972,2.1154099,0.7925232424505666,0.92789026123785,7.7804046,0.2720130914301858,0.19707440239423302,5.360783,6.576446188813558,15.398338398586944,16.416754670845236,15.628102043956263,7.2014484548935895,6.2903502315534086,18.935025101250254,6.777443273891232,8.458143728019445,12.930487556373748,9.11765999128449,17.62084738415253,0.2569339823970684,0.23377228958660573,0.16428239739818384,0.16293555414200198,0.2289632998793711,0.32174903705943153,0.36754213909931344,0.31358942630986275,0.7231172819816736,0.6844178937592887,0.5742407359915023,1.0999352358807526
47100.0,75.65377,6.753417487795796,6.741403874319008,26.718866,5.1004841718592075,5.16850969378961,9.202545,84.19091953450975,83.4625116358829,80.43946675618362,82.03986472491145,83.88796219058462,79.9180569708014,58.93015378778755,62.999889835354054,76.43229076434048,81.73423870901934,78.50639108644198,69.18155832683816,7.230197481452837,4.447414194970783,6.335291310421158,6.678412267407375,7.368065009964009,6.47527208631266,6.144519497031737,7.066591001735145,9.685852758085693,9.121625105113601,10.549489270302386,11.60482598642188,7.9328704,1.0956472210683301,1.0974364009363637,16.306965,0.29966550314151363,0.19105825472227916,9.982111,7.846548285727657,4.926720227446357,6.326763507570675,2.3976024988258544,8.832179918105982,10.600955247520275,11.273566332833148,9.518591119991664,8.5665717674103,2.194269363333229,2.9074025755234807,13.123887422270379,0.11899739823784938,0.09670103266756508,0.4925175320223494,0.38218287594465267,0.1665472862196309,0.6067430255356729,0.6108711946833612,1.006541420950126,0.6410553832732082,0.6711086770495516,0.5237031700355617,1.0371942310808422
47200.0,70.00808,6.68459314435539,6.585549107852214,23.030043,5.392930382915643,5.376737459618451,7.825335,87.58410472696674,77.32447436251795,72.9583472517698,76.39486226108784,84.73721015177674,85.91948671696468,58.24115974035946,63.59864805554969,76.54488273441478,86.04528022462041,81.71213054365285,66.95275913307832,7.406637197593651,4.764400795183261,6.405553438763136,6.6959039082619,7.299185982623906,6.430625387384551,6.085999243418844,6.9088511515627395,9.920098554224936,9.25609150227746,10.659215631971486,11.63183976082246,7.085713,0.736584742218929,0.809423589251993,12.95801,0.386804497387941,0.31736792297973276,2.3309214,1.0936397928413584,2.5497161464785316,0.3426853369157844,4.325139625596525,6.451049565753158,1.1811620741134097,5.930903368511219,4.3558856139755076,3.0693298429458937,4.031854445972614,7.040296204068778,7.342062426574555,0.30703508632117454,0.4019542159847948,0.502593411624212,0.7732033730943001,0.4451343104985002,0.5276303943948986,1.1971673967092928,0.7666049827759245,0.7521463746869694,0.9181927036923705,0.5467300392609763,1.2281379229588525
47300.0,67.66419,6.90351625613453,6.567505746500221,17.371264,5.064303850059152,4.888771016900172,14.633423,77.49739852106383,67.69671178928623,63.50678543790796,67.56224288964148,76.30757168464915,82.110579076158,55.44208817125111,53.876319340084024,56.918927071688564,64.19349429195064,66.54038472533772,61.570468055288615,7.518824014158166,4.919845681116114,6.552894075427335,6.724884514784445,7.059417581950366,6.5402028703014805,5.8321400872611875,7.014138052103892,9.891921088808589,8.72699713824296,10.607020893447649,11.675004716368136,9.841972,0.7392756224357407,0.8815737379003287,6.635324,0.30962925206644626,0.1496940112486973,14.12469,6.0828915695731745,5.563837185302422,6.388292024393725,7.516252928058041,6.710479503510246,5.792305525346792,11.66347048939096,8.048210204916815,20.26983734148228,25.093994512300004,17.462177832412156,13.102175734285183,0.1473569841792722,0.12148674949440195,0.31286779850869956,0.3281538151908554,0.15381863027489492,0.39744894664628333,0.628732570638228,0.5246948676048363,1.0857074886506417,0.9167963290788781,0.49879914295427863,1.288578303100326
47400.0,67.414,6.374205664007028,6.382773254590366,19.2772,5.2802765328804036,5.2586816662060345,8.494975,86.35900468931919,79.51671359509783,73.69361349664348,78.07912336534045,86.58270579747251,84.07537842049982,59.037614203991744,64.2250623904617,77.25302064179928,85.74425481518712,81.68102940480527,67.47091116562109,7.2737678798886,4.604045625568745,6.402456924856366,6.4712046363493805,7.415317032635421,6.457314075424683,6.164732318408526,7.04038712929322,9.821565158165173,9.215742883996969,10.30079257185532,11.388333385042195,5.463969,0.47508991599526706,0.5601310327816539,3.7315617,0.08396922400230653,0.04836390470026155,5.478208,3.173058992218058,5.602381559149808,5.493496856904096,5.584432964610705,4.013571802028866,4.676358991557756,6.269607074916557,7.5294557669246664,7.507476589057017,5.25310954498566,5.172248638240821,5.463571568729155,0.07442124629011562,0.12623942373006103,0.025132475986160627,0.24775755908332073,0.20640860871885688,0.41676341241455833,0.1882965176683866,0.17469369072743318,0.8928551837129655,0.7830186057917106,0.18846158648352668,1.1038671143652836
47500.0,77.261055,6.536299708925122,6.45835294255346,17.550856,4.929814516023995,5.039529757780937,18.660727,82.68359800202224,72.40244227815472,68.15871844177923,73.4851744586358,80.15633171542723,78.9164990538396,58.396389409693484,62.109859350838654,71.20831546096676,74.64936690938816,73.91128835279623,69.23194996823493,7.462892342764142,4.688414992827332,6.353538202091933,6.514350060623523,7.7866535715620175,6.621761094454136,6.047432893735356,6.5978594810689986,9.716178087434857,9.292161312285202,10.136541571904976,11.324815871011419,6.917017,0.4934831915272053,0.3442630055076988,14.583123,0.11438902432404574,0.14413393012994277,3.546001,11.020621529737765,11.647583190063688,13.655308055036684,15.195473467219301,13.342474081494528,5.583488042390325,20.610039513554277,19.48206644614702,10.631581912056522,7.567911067206443,8.590805722072572,19.6115330008287,0.17732293038073688,0.326370202188579,0.3100348680416401,0.43295856563951685,0.43704481216219,0.6168137806869393,0.6671640693607278,0.3585670797181268,0.8071928668210742,0.38203753835683185,0.44538970616944773,1.1234715997275166
47600.0,76.81748,6.785976851385385,6.796664479328562,23.866722,5.13935129913491,5.283085376245949,13.0685625,86.24463499245111,81.0623206600179,76.83488954124694,81.57904261584271,85.73155654396498,83.25959193963455,64.15921642605247,68.08078099715267,79.87121537418706,82.36464381525258,80.74830253048498,74.95205238379016,7.474534698698991,4.7484446293890725,6.332357025324485,6.478410565699164,7.36332277810665,6.355056677513317,6.0710905326509135,6.5354592551256765,9.856508913526318,9.40061128534795,10.716990392098191,11.70478882076354,8.578984,0.5770172787767269,0.6421327582018321,15.374265,0.23661149320922376,0.20128673078804268,4.339626,4.255544982303849,5.695026852583687,4.453711013399194,4.517497423110825,1.8869845272386006,5.45471764591463,11.128930853207832,9.999788368027595,6.38509027827735,7.832169019452649,6.0014927787848595,12.306382777443014,0.17996673296537438,0.32727737497616877,0.6227105680656456,0.7955174525342408,0.37846175539756116,0.4179112780794123,0.6717548790863885,0.02076621387660948,0.30512489122230246,0.9022882145596003,0.28383495607203596,1.0920905329160917
47700.0,69.11797,6.559802663005127,6.2576894632774875,16.859224,5.281169850694973,5.272229567674901,2.072446,76.03516413039334,65.37145769867224,60.63930712035855,64.85851569845256,74.16338514098248,78.02878067992486,61.04521424855937,68.28973382392586,81.26388918057258,82.84358017380238,80.5439472433461,67.7048035595431,7.372877832742284,4.693866962196437,6.52103940138763,6.781067430257916,7.215050169226384,6.371966194228207,6.090016770238971,6.901767217009938,9.79903536976975,9.053148061516863,10.054904953742243,11.489936623667324,4.4924426,1.1804145466057614,0.9372584409884088,16.73326,0.24930456684997993,0.07828591062776925,2.2032065,14.606856447841468,13.61784807561329,13.850203140598236,14.259875487096757,15.46177509716844,13.748988332429223,8.023015085821989,10.220213092096047,10.634048883402205,5.7402116251106445,5.512980777198445,8.382525611623889,0.24368084993469705,0.050044925334357664,0.5508326780304499,0.17995418153267972,0.1390360455562989,0.32796984841922305,0.3619454132183337,0.26652903347051143,0.621246960259577,0.5205350759605821,0.41304552875435463,1.048884482386741
47800.0,71.72985,6.690325947443319,6.309251148313012,14.898598,5.2181996961540555,5.258795753120352,7.202268,71.98849810665719,61.42745362714789,55.80854505066588,59.610263588008785,68.73388372950464,72.25682381556102,63.85450709572427,70.36347497966891,76.15369044386853,81.69299656904745,84.26647341449949,71.5856169060158,7.417572230599615,4.885780590545902,6.796645508571843,6.809602478225115,7.1348843043417896,6.393486184508465,5.947553515219489,6.6968206497833975,9.925110294154878,8.919941684851992,10.239618349938352,11.268899857246227,6.060466,0.44408537076213395,0.39405734367502127,7.6938653,0.3630551227608552,0.3026122338843605,5.53917,15.031973771486756,13.587939789845533,14.84438827294183,15.894405920683097,16.390801071566685,11.635035619431639,11.181211264214982,15.757606617663958,5.336280479508528,7.945833468872421,5.102062818182985,7.124745829963266,0.22655982644487177,0.12978192215639897,0.47314463834750387,0.699963097738378,0.19904216595031676,0.35513184178562474,0.45398277695913186,0.18645935547699977,1.0103578476171897,1.0886116884482981,0.020636777253003113,1.353033981819117
47900.0,70.384575,6.456535369745251,6.439422058592071,14.665624,5.24517848436086,5.088128371234901,8.878339,82.17454895439842,73.93927832021228,69.05714465032123,74.554696321302,83.16103998331563,84.53959404008674,47.95169541879269,51.41015124269868,64.08182971100803,74.80271670206706,72.07773615512463,58.54847379901819,7.213027465549106,4.650571354464616,6.384318440751923,6.78080850845567,7.3808261581515815,6.559099318173498,6.377974506934397,7.0306613281288115,10.125658087361625,8.850430147905756,10.051448537362319,11.346384006177162,3.0159118,0.6705366602611704,0.6253952986978606,18.833258,0.40079252326499093,0.31054277127763763,1.940495,1.6063427194024582,8.510274420261165,8.469228740201688,7.870979520347625,4.960542262879354,4.477087429007,8.900599466901536,10.053066158208967,10.711523997731053,11.481332815605475,11.977837067554539,10.45190546428073,0.3388812809958026,0.19945269047004197,0.4064328215739776,0.44114405737812495,0.4699921633784051,0.7390815668684476,0.9044987965553558,0.8961342492504331,0.5933156080492565,0.4283764065860313,0.49530411538723257,0.7363947151370659
48000.0,71.654144,6.21674370900783,6.197591232025254,19.964663,5.381859482753749,5.270800571095691,6.024073,86.68153538722613,75.97151719374357,72.74740580625411,79.19889702717961,87.22761665747377,85.20807409621902,52.446410907290065,59.0335857603467,72.16960493981112,79.84945806822044,72.92200283707297,58.57087793115411,7.069186126513739,4.544968545035535,6.52303934972148,7.023339147289993,7.125813610945017,6.499653317266188,6.51108609845733,7.319169192379256,9.96599641686886,8.806026213545245,10.077663719543244,11.501676341458854,6.9611216,0.7057794408941193,0.7197620805749807,13.377551,0.21911475992719676,0.10656265528409732,4.631592,4.09634433883002,5.089902320338611,3.3833127661629647,2.8548749149478887,1.1030708236536837,3.626361393374083,6.008561355904931,4.846154240897142,5.048873160940831,7.141414148007251,9.791674275202256,9.847631561310706,0.1511268507302893,0.25217834379883464,0.2860911716946344,0.3554224152303834,0.22837080912684005,0.2639803361754411,0.9048149980203678,0.6775759987215346,0.7386745473740934,0.8734998768647009,0.559115523086422,0.9450771641868448
48100.0,78.36642,6.800746931590545,6.741066904443528,23.751951,5.547838549578998,5.646130147956453,12.720418,85.49706362562137,76.44389171665698,74.35827606352005,80.09324680447082,86.38473075007614,85.67385515898535,62.06570754129055,67.32418974697637,80.46305302043402,83.5297676232192,81.24065210768161,70.15209958594254,7.1985061190314745,4.598626564503397,6.346842849453765,6.43549623733398,7.9158561100526725,6.7651908484604775,6.182048698113987,6.713527477881652,9.92649425299144,9.50996463531269,10.577997245343928,11.585648147402495,1.7878054,1.0673833179236347,1.0179984069556827,10.7851095,0.04494841287726739,0.04900705286119321,3.7577584,5.72484905369243,7.231294161266318,4.646160525491308,2.735986769642372,0.7238831841746095,4.744401342530927,8.839560296546205,7.220561425345902,6.722987794388886,3.5782403578917115,6.747228233120552,10.779036335310314,0.5478205109544122,0.4274868569523713,0.7348414758283476,0.7822396907131719,0.5092827167350011,0.6903673250643906,1.067667923265735,0.39704815825113293,0.491280952242584,1.1033363434924763,0.32923081649946556,1.1405159893721366
48200.0,76.70049,6.392942493063932,6.13841742380043,14.509529,5.077357884517651,5.061298738963621,5.340261,73.84434424092473,63.14324195244179,59.792491931545165,65.76797821446938,74.46287150907702,76.92680546148621,58.040159006234916,66.0757334841433,79.0442439516068,82.8977924006751,79.55188265040942,64.27509657001745,7.142078244649067,4.711410244288412,6.4197761608218755,6.6642824573436785,7.528809218884638,6.73170356316971,6.513711907834543,7.2162346830849105,9.598418113627076,8.976218155788018,10.210720285390115,10.997371543125984,9.250796,0.7395652446246674,0.4836820602108189,12.441728,0.22206330933642465,0.15666249340652022,2.4964488,18.515777962455267,17.930913888188694,19.29261191017268,20.30881098895705,20.487910281814013,17.66556917881808,7.9234690551901465,8.291634471901563,7.803622643480848,1.476131701501884,8.286091824409315,8.387819650112878,0.2204045573538248,0.3057518138186079,0.6479956298247234,0.7321283460132294,0.4390216651251107,0.2864083452327879,0.384315170485594,0.285179672560756,0.9036567226086643,0.8671685898025111,0.02351200151641353,0.9932828742691484
48300.0,72.78413,6.532362876060758,6.384937814839996,20.627169,5.248371776769715,5.2167401602983325,8.449275,61.17110401783182,57.88897425794224,55.460887946988784,57.2657831754618,60.726604377124964,62.611199173524774,53.980655301721136,59.47792422297656,73.46999284819664,82.2304134385516,77.45822816406417,62.98325676686871,7.314960257040133,4.639056674092076,6.343029879977156,6.625125468064257,7.582812052691298,6.70311994361177,6.30412926645554,6.9794990321705095,9.680610310453238,8.973654824772552,10.153702236891666,11.041032820511484,7.3895693,1.0333857815379603,0.8600681299629267,16.654663,0.16220770364504644,0.06642422634105928,8.26325,8.46558933482484,21.444973734873056,27.09797989070389,20.963989404049983,10.128128041577726,5.5702570798750966,8.010175925864438,10.178971922876293,10.92490399693807,8.500001085305529,6.375600928220652,5.817245532113887,0.1332341822433399,0.23040212747927732,0.5857161437887098,0.7202489896087817,0.306944566727647,0.43892810718899344,0.6257373509575349,0.43468199243833106,0.5099963197966627,0.8333763494477496,0.2706100994789256,0.892390696713465
48400.0,78.47837,6.5348362419734185,6.073580006760189,15.159207,5.213622401175349,5.31080167141847,11.368306,65.47912660022764,58.990657698640014,53.386463224736495,56.188277109649164,64.86978278034644,67.01665268762868,63.104508685250785,70.33071261716329,83.87537268051993,82.13832155579597,82.16527847630559,70.15623183768572,7.365531201401178,4.77583020837115,6.665906824628919,6.8905697081004975,7.2212340417453795,6.427361484279618,5.903397250734259,6.848776035126051,10.061632977618729,9.014022124683702,10.11306157440238,11.337764471043721,3.5542405,0.6921402026361012,0.39209349424331685,19.525663,0.1850350457650893,0.1563884254948513,5.1284227,18.34659542049279,21.658684995221744,20.9726988458579,20.96637775007557,21.18987169702904,16.007279257344724,10.049256674215606,8.958318743629153,8.020956819149662,1.853212541236364,7.086462429584089,10.709341246445238,0.15902332075226464,0.16577785671716352,0.7640633349458679,0.8868362878358395,0.4645139869001823,0.26760250507565514,0.558475495196898,0.30151217733473645,0.7070268124571287,0.8919705611847935,0.06265955223053095,0.8327734353148419
48500.0,74.19612,6.504533130825446,6.344920650248446,18.771856,5.222700756713075,5.323609949241425,9.465245,81.42071278238694,70.01985822207718,65.90115192228664,71.26115620446336,80.26252976144832,79.50797119960477,70.02345739263939,72.37313424401606,75.75510162300189,79.6945002472357,80.87439244586722,74.32873770787351,7.233765444865628,4.562994793852417,6.446795962904072,6.661032334677851,7.2538719646430225,6.702268902989597,6.06109173875431,6.976915651780743,10.04475720256329,8.986383345142096,10.104265478633453,11.623587921282558,4.9532356,0.87139860789122,0.6898660395730477,16.02919,0.47165379067917584,0.3674894537456002,4.8343306,13.467595109150723,13.21115107561722,13.38339415522631,14.021933354012292,13.961381058246312,8.6518254063296,14.859892499360623,5.184483760036401,11.269679170660005,14.106874604228356,4.659041601986831,12.963358281026924,0.21333324578152357,0.16963633154610533,0.40139136598365877,0.4999265190217261,0.38826219814364155,0.24433314691402605,0.2232980033832962,0.2650468171718394,0.7900536902053532,0.9674989540697144,0.33959273210371416,0.8452274423520291
48600.0,70.788994,6.187949518603887,6.1881410861520925,21.418848,5.401047019888725,5.30053350481167,7.903511,83.76114576545694,78.47721903198317,73.98996127007973,78.90771545500849,84.64243229645012,82.42607013061686,52.42960804966094,58.3276075274831,71.43342847030242,78.83492088276361,74.9933466074496,60.36468114218869,7.474818638128277,4.781577600689605,6.626948639400357,6.847138303552076,7.18393842724646,6.601168911049004,6.35393625824157,7.14715929277974,9.8909830460362,9.124231753266214,10.212359162273124,11.725458328555286,3.0089529,0.08578770013184468,0.2537974513315485,18.13847,0.20703098042000787,0.2652267735408036,4.6579304,2.5471421990357754,8.612589002233324,8.185243766016496,7.597365664931469,4.161893015183143,4.0120291935142225,10.438809645192833,10.001750251736679,9.507635047290547,8.418647971911849,10.803898747140536,11.043152395580307,0.11781872145045699,0.09071685723171007,0.544011573842736,0.41956375589866474,0.4742869627284796,0.012439324790594798,0.328854223882088,0.5015532244314259,0.7042938364053549,0.6686111485278872,0.4453367534013777,1.1115955924663816
48700.0,74.08115,6.407292453332036,6.593648705962084,36.569378,5.279712603159939,5.36217547020042,8.727305,78.85098608666365,86.22317743123973,84.31774963842416,85.98918901171128,82.65117540422541,75.50699655988797,74.12833780974837,76.68320091002391,80.44763604816897,76.66564158453411,79.93110105822039,79.64937555216736,7.324502161903009,4.715244682744294,6.5300190334245825,6.699335257764898,7.460379918040906,6.429545670110215,5.8538355826964334,6.569844942246473,9.921032152638604,9.304286321788489,10.244608290350998,11.472407439479207,10.96567,0.7329655141948217,0.7561396804402593,9.614743,0.19669931316151504,0.20138223247238982,6.4325438,4.865722589115994,2.5940646925777715,4.812926681970632,0.6283595866632176,3.53383183362109,3.3911638194562586,12.832263382011499,7.00742622544776,9.541959000725637,12.59170401173587,8.076836235256364,8.87143952500376,0.2243144430282544,0.2491886337372797,0.2546100085602279,0.25561466102309316,0.20541120883634656,0.09805489121971606,0.24553357546845608,0.22773632368741892,0.2515265127781433,0.44881791107471136,0.35393052353691273,0.9044038058926486
48800.0,72.42508,6.628824223029167,6.357015979512576,14.371411,5.202285986423175,5.182563583443733,4.164579,69.60298055143376,58.03044070160115,52.68677895153786,57.63685517773007,67.13952705727137,72.8032750997891,57.32798093862752,63.0949356925258,76.72779695305705,83.84765774185398,80.40070902152324,66.00376172928131,7.328324079197966,4.7009104946070925,6.310010847818703,6.603029607116311,7.354465737701872,6.464488770422008,6.217938525030424,7.026355377066047,9.935719534679825,9.04946543385059,10.247622604357431,11.439559601224857,3.336629,0.6864485663884025,0.5142207780161134,10.813548,0.3451551365093191,0.30593952110466743,4.4751782,22.35324324181862,20.632060713756417,21.14281839340577,21.80429056367612,22.53751532217007,21.880028527901274,4.0090179843579925,5.561155730552462,7.651305639977623,2.967537452414474,6.240210885711269,6.55254859787895,0.29471276863656237,0.4016763073872046,0.43373372960110834,0.7384982797946837,0.1305405604402093,0.2483753011769575,0.5893407375431708,0.265213042161208,0.3864241704923247,0.8954903615640342,0.26552663936442666,0.8281792131052108
48900.0,80.83752,6.553031223316576,6.241541275997442,26.104887,5.232050602745284,5.184238620892561,8.367717,72.34865305868725,63.927524919185004,58.758383410373284,62.319563507355554,69.6648712007667,72.696640711261,54.51455992200812,60.67435415858758,74.23858598771152,77.4870008941408,73.67853551659391,63.18983957790355,7.502431999266985,4.71589851237616,6.594532140389774,6.598444782505854,7.430045363498498,6.64744660117444,6.05515027563444,6.775411260120586,9.981694432480452,8.929395197844354,10.09845288077669,11.4117813037504,8.354221,0.858248163065376,0.6940795420036964,15.754949,0.1327482283706483,0.3185191759621712,6.9901686,24.181205473450344,25.539922439705975,25.401271886138073,25.169381075812456,23.877161520426096,21.336941776482284,17.516722223043796,16.869755938215935,17.11574416361344,13.583513765239143,15.37585236146105,20.044854012325914,0.06755211996220113,0.1337788150787764,0.35033237173005954,0.29066989350124983,0.3125637689983366,0.2924831474287565,0.42319729950199647,0.18181326660867114,0.6822322114268103,0.7624816270839726,0.691596158598187,1.1047257205531533
49000.0,76.725266,6.509997734372,6.184150523925617,22.218592,5.272219855982196,5.226549211887888,6.5968757,72.62039842152518,68.41789064225773,61.34295744334364,62.03864079500377,69.24744668303443,74.1253507102269,55.84677223282156,61.09022525393642,74.18993716997876,82.95921242145022,80.16383599855105,65.36927492186375,7.161862501855915,4.6790691692907656,6.399141920411477,6.548682813768695,7.346245175895018,6.722490569453711,6.266763919386048,6.998797568640207,9.967972084227647,9.062056652686792,10.15509790698887,11.30541442745995,1.9924426,1.0369625300227527,0.6115811554977649,19.62265,0.16507991199374522,0.11152056154868384,6.4054775,21.14948218906779,22.78305521875403,21.683950195562996,23.140535223978056,24.164008608136395,22.77254952933912,5.248002313091301,6.04341620665579,7.377293274000076,5.420478960855161,5.804569018073575,5.9584289995825594,0.2603414834696494,0.21437739290552316,0.5272254052721769,0.4449998737176568,0.2010278783881638,0.5561490930195134,0.7257977788557245,0.4204436849735478,0.6705993101146824,0.6729040225576315,0.12734429713783718,1.0190778945210628
49100.0,72.683624,6.606099809113815,6.53713790715598,26.661623,5.372918514845466,5.299640326761566,8.27859,77.0152901695421,73.62023525273905,70.59000859244294,70.98219361215234,74.02886985090895,76.1969881439553,54.256743162898346,56.23112207569921,68.80946880584922,80.16265624085105,78.62378913462469,65.54063720414165,7.398835385841802,4.668510744056449,6.583940565035834,6.6765181693661795,7.3818639757456355,6.479866974768377,6.26239171434348,6.89628647503226,10.067733761029936,9.330017842516774,10.364441678466852,11.54129282418897,1.8455267,0.6932533020411381,0.9692664160562328,20.555801,0.24196843602297688,0.2502348180931332,6.578239,11.059093585873793,15.149036243637058,20.793976155090686,18.167542356236115,11.9511186684132,11.210651596915625,9.014033239953285,7.042932239920491,6.694315052500532,7.526507408036977,9.180896150085715,9.87881655262589,0.557990504047992,0.47602620364066983,0.7041055133378121,0.8064312968670578,0.42271812991161867,0.3518547101544019,0.6413746586045577,0.009606562234313519,0.39612551953076514,1.1269402661567725,0.7049591055879418,1.1823025392040336
49200.0,77.063805,6.477052263412972,6.426395846336118,16.008463,5.173792763407615,5.139483196680256,6.9700394,77.76935528018508,68.00412045678479,64.04493696566384,70.19645017283169,79.59441505722599,80.4872867568987,55.189863690123275,58.83749727226995,72.82200521792497,83.40682178133837,79.86796653003968,65.88055174861852,7.299199052911668,4.743519501759388,6.468764912011975,7.032501680151889,7.304309793862969,6.272668812902183,6.198215788185823,7.012954232854637,9.628114940049315,9.223950418447355,10.36572325348274,11.203520007257588,5.703407,0.8909583062729158,0.855926010436648,17.064758,0.3034462839475413,0.31263782251909106,5.048681,9.33215459544208,13.734631693007442,12.693064031043042,10.336542416840643,8.717843722748457,3.6239264518687593,8.692402960990071,9.845047378501325,10.160554824080247,10.085632952447327,9.32425417675784,8.466214508425269,0.28252990810719564,0.15909173919499434,0.3742030155876929,0.19893773271601298,0.24269592997877762,0.40625646943231525,0.60110427390962,0.8874569615500042,0.4914253061710417,0.6384502826509013,0.48558715049348844,1.123999909717808
49300.0,71.95109,6.439979192984889,6.179075584271996,10.868744,5.17746651082336,5.12623564441282,4.6170173,68.96242766409354,56.36402573203222,51.63345480565548,58.247097036865064,67.88433053475948,69.92718473946786,58.2111321533067,62.91755482279971,72.31747645714154,76.62507162444413,76.93297898875242,67.16075078102632,7.500305478446066,4.703793658056071,6.538507845724891,6.570774045656504,7.3581157099044425,6.455461389234583,6.162617446393921,6.793743716490173,9.729639656406519,8.959541386861988,9.998146964850427,11.328541853634363,9.52509,0.9118145696843519,0.6770267806747251,5.0309067,0.27840620833495006,0.10707302204308931,4.237821,23.956330409415756,22.66003958859961,23.290866122332716,24.66204956850889,24.399738418884052,20.052292023117555,14.752128663944667,17.156278783894475,13.415406671847126,9.591950202175063,11.502022888597214,14.511884200362589,0.3766400866298769,0.2018704762663556,0.5629923285743994,0.39842057573782086,0.12039301834467789,0.04714843691786608,0.31567745519943885,0.6138455296432297,0.3173589605109439,0.37193668225628246,0.47449411270106834,0.7987865746971983
49400.0,76.85045,6.587602033675219,6.256822881221474,16.143244,5.084776283965353,5.203279715840115,12.582906,77.20929333701501,66.23268690147118,60.997368791675065,64.77770175269123,73.84616499327957,80.87256460527817,65.83249541741294,71.04824094203428,76.34318871947306,81.02909195923714,82.2400539667175,75.31264101252334,7.318417617977538,4.745482397783635,6.54756196252078,6.774836273888901,7.33555229171111,6.562403218396342,5.918970860220814,6.893425540269463,9.787048206925226,9.115364489698136,10.150320504327754,11.347078385576141,9.590927,1.0837188417454924,0.8903431478849885,7.490315,0.17611957760673708,0.2509566049466881,8.868995,8.937891586648467,7.62188628536787,6.1072981816056,6.125596394284571,8.01488451074945,9.015445225621127,13.596025282150201,16.428769031933047,1.2923205241904903,10.55744932598924,4.032674752810275,9.605553811734943,0.19964156662658894,0.14050476219729466,0.20410667112744044,0.29353488326069554,0.5061444505388145,0.04637860664845197,0.22410567181896518,0.4904204235419446,0.27362100235793596,0.5217053509953531,0.5952870882687469,0.5082441116953114
49500.0,71.039215,6.872051383659091,6.956359820037666,19.550886,4.952446918759317,4.995404804770761,5.208046,83.19634155942545,85.58200255786785,81.52608056154467,82.29084961743139,82.97716204092262,77.91199996350898,61.29655835780935,63.20554099290206,76.44664144749645,83.86834969741841,85.35661937242224,73.7359728344346,7.519903665022912,4.685370698402393,6.610642681070712,6.4985677362117515,7.398699459567752,6.403703010501459,6.041513138053513,6.7631326989632115,9.849752284743884,9.214552298344701,10.435130804782212,11.7475512430445,7.387642,0.8324407263971627,0.8233051091067132,9.774626,0.17091649620217217,0.09081953113203085,2.397009,5.972157259682984,6.217116621281213,6.871981081920966,2.479155722336554,9.722659529718873,8.862882680873406,6.717465900503001,7.706633298744059,9.44207665708511,3.8858836673896424,3.657323748099811,5.8176775130208975,0.11307996268547396,0.05237914341772975,0.44985617011827983,0.3783705522364359,0.02355738221979023,0.082427688808848,0.08124208903286848,0.23356817599828508,0.24535748711923297,0.40223824518386486,0.4610934593672321,0.6611332454826158
49600.0,79.082054,6.230401606055241,6.288489462351893,22.32421,5.318536061260597,5.334304598545194,11.292987,88.15693880289673,79.20677627916493,76.67150967140854,83.0215933686992,86.65716486418968,81.0715859364452,56.6784758632568,62.19227891130555,75.40059996431661,83.24618889078556,80.50768903243663,65.5475762262816,7.554149269503365,4.785519536857936,6.678787916577403,6.899070179463184,7.391259165717212,6.592215391330313,6.284582804773692,7.1859728203279865,9.826318042991433,8.956549678701194,10.310031082863153,11.3862724359433,6.3895793,0.40901923936588025,0.39581140907964196,6.8617473,0.039531385542628604,0.07349658430353785,12.593557,2.0034789393263637,2.357538796811188,1.0287978493607055,0.9970931761284327,1.317218822826786,1.338267673482508,9.936125547085918,9.276331672445892,8.586274811252077,8.112994467205043,9.923839033085423,9.961613610234103,0.11741527925643158,0.09594686909873494,0.3598499896771949,0.5123381610816158,0.37778880722820835,0.3530927692480537,0.3469148103119619,0.1224979098361776,0.21323216776970738,0.6875641528937512,0.17001257049528473,0.9423169184005193
49700.0,75.80186,6.420110380336987,6.512797003857823,20.872528,5.249170105142058,5.312597367730475,5.9115677,84.03743429683138,81.64878914450954,78.59258696544902,83.32615419992116,83.89410822099525,78.57914767662851,61.93856872274133,67.7822770996551,82.07429973518288,86.94393036201858,85.92156036044582,70.99560981323252,7.101391278297215,4.487139611495408,6.091391909387911,6.246849049293978,7.6607609403048365,6.892287800201754,6.538071871520629,6.997647970878037,9.721635698551452,9.066444549022172,10.208417084281313,11.015246921520564,11.36535,0.5140279850517111,0.5773758394137113,7.0895815,0.22037660657108887,0.1406166528870871,6.4530544,4.881126160945045,7.701583395406249,8.470541879847397,4.463957594213957,5.796251464927285,6.2325835675875485,2.7137635940835305,4.530103220610039,5.371182231129692,2.605193687827429,3.0833586387702203,2.4269042175393043,0.2074397180005918,0.1456963550126926,0.056642222721012825,0.22068074472070598,0.33995512354945745,0.06889244583335327,0.031470663257265476,0.3613384416994523,0.29354218243193614,0.6563436193954466,0.47464223903476244,0.9159735246001357
49800.0,78.85055,6.557639733302909,6.571822955665936,15.740977,5.281546158384346,5.420084237333978,1.8048426,81.40065717067097,76.30554820941641,73.99370592953007,75.78650789577625,80.0646604505239,80.27656811803291,70.46548476047455,77.6281638095734,84.21593166025235,79.56380479096289,84.79298828183632,78.58963791554112,7.569311250948136,4.774063726714185,6.668748426168025,6.556555441142841,7.086900119474026,6.377082768340565,5.832651932391222,6.806678674913513,10.001006713927039,9.21045325974323,10.330731503429993,11.655526199610991,7.1677604,0.6758211830548866,0.7849153059047078,8.46801,0.20413867321970905,0.1635527474328622,1.2415918,7.5510243960115035,7.022216997431783,10.633640229408147,4.332406455708824,9.41033093783562,12.762314111900718,6.41959364676752,7.726543667320957,4.70846896725901,8.234472398449702,6.173400787500159,7.119917182532997,0.13346914414876518,0.14782136385156344,0.2017624727476786,0.1558367076793102,0.23981873820804717,0.47655748716935814,0.30126117144746956,0.67182779977522,0.5475151285658937,0.3003986162239991,0.515877110135297,0.647017887869154
49900.0,77.17109,6.451887430619415,6.527792300657396,27.924828,5.3309437491493155,5.34725778634319,7.7390876,76.62720367940892,79.95362439539765,78.18386330256669,79.40839233815929,76.25891236696721,70.40884462526716,62.35268288895799,67.5299718048122,74.61027447825225,79.2939492055347,79.40875954191216,71.68145687743059,7.204723600776429,4.508213953381779,6.346532909022248,6.434955716956833,7.588711083552821,6.77667729008322,6.457530541612976,7.046257892162032,9.893384599591558,9.123075191097524,10.376375514099484,11.371144367167764,6.968715,0.5784665154403935,0.5146376790507158,5.944992,0.22178727055026407,0.19216367138551602,5.2242546,13.324661686762598,5.969113413213011,2.4246692865889714,9.761459966187148,15.359650512027613,14.208927992880007,13.9636016064241,15.445659327289322,6.430427514342314,6.8913918717108995,4.942282031018477,12.83250627322663,0.15144296122620574,0.0841124723586147,0.20043553316902973,0.13298457960340307,0.09825567957556572,0.21397750167123777,0.21030641388211,0.3691082334853318,0.38008863940042953,0.6404614470624207,0.25858343648318877,0.613786239891773
50000.0,79.59333,6.170979924750976,6.316384002664461,24.082056,5.093220908725602,5.107916850655012,11.807938,80.25820963331586,86.44458749685629,83.47727227000316,87.52828487410862,79.7960866928273,73.44605479394158,55.66458678076817,61.0784594303021,74.62678816260353,79.88852472309979,79.8125811081656,65.37858750605643,7.426090086070933,4.853183701338965,6.321924728870658,6.597025172620178,7.699722355563833,6.657425923052,6.383551466280392,6.653519702296184,9.447835902917383,9.11124936881834,10.303748341136554,11.083203507174579,6.259342,0.6633957938023248,0.6530387524967345,10.62947,0.16507839035658167,0.27516139635267506,10.967511,3.751780972210722,2.6586614612176604,2.801812158052562,1.362469739905628,4.704844800886166,4.968517037972829,16.191526460655144,17.938778034512325,17.33516533891497,11.46105108273329,13.639117614963851,13.786708870650425,0.1576384755653451,0.19497786735192663,0.3300026620342187,0.24767853157045244,0.20364036337663655,0.4776135512649204,0.570589893492115,0.18611991095336022,0.4860142925032152,0.43654859372194227,0.18370770606448528,0.8882166817375787
50100.0,82.70382,6.347115362070475,6.339188197638184,24.727165,5.068565975097627,5.19570230171716,7.506798,82.97918310812287,79.50345724159654,77.06792042420072,79.65515404349469,82.94014315116824,80.88767277372769,62.19547092589466,68.27424898704562,83.2318065282215,87.58831099787982,86.73401440084159,71.32891518668765,7.1256407297660465,4.557871096236188,6.1479558176468245,6.3649474863902995,7.677265433999865,6.813769144668339,6.358958308076009,6.957157851382504,9.68250096037616,9.445553114874505,10.195118704640327,11.310610046536793,8.444473,0.2399395974340991,0.3991024995839897,2.2773197,0.274655149213517,0.2568034672139811,2.222751,6.418320463895592,7.690012510148309,10.124783076748075,4.465466213738429,7.288028706162016,10.96726751792579,3.753625361892804,2.449997404577656,3.633578481559956,2.4996935344033733,3.7206545486973104,4.692689218889328,0.3946179977542572,0.285797230712233,0.13362741651937587,0.060668840387761165,0.2869431458654308,0.3286141996106313,0.4947950365322132,0.40685191859126346,0.4160356674111041,0.4235831718891997,0.11817120481467695,1.199291518704548
50200.0,68.71005,6.165914078262072,6.374068662975522,20.274185,5.19273931301262,5.189212321994858,6.7336984,77.45985132150615,82.888093590432,82.8352493002238,84.03542739773893,76.11453191921235,69.80864051346792,56.8488512005055,58.90854614771752,71.80388517548033,83.68596187466757,81.8303789763485,68.20173120536376,7.407962361697634,4.6434068343210635,6.495418503594155,6.501462320451064,7.7267717204555275,6.445490238980143,6.2371635849097045,6.835649879396295,9.838660109052348,9.340762547049607,10.249232222478149,11.374052932084311,10.721565,0.2881280636777084,0.2903972743236924,15.863888,0.1726077059901285,0.09627390199706336,11.001795,9.023444760547136,4.489790670881842,4.777172481997768,3.401143095813934,7.357463417670243,7.907364916224024,5.361386447335504,6.8635266209318475,6.070950381736462,5.598598742166271,7.258175548532743,6.934150237047213,0.4537531643966999,0.5060637391281171,0.40230952201159254,0.16833424252043647,0.10521466702116025,0.2804591479742358,0.27326140012081035,0.3475400480910353,0.5855957860002129,0.07327166092347198,0.12085292612836539,0.7692433792214421
50300.0,78.985664,6.338508124586023,6.345580083189545,18.608843,5.300764870727957,5.309490431841797,11.954036,87.37335921036096,76.47331873133491,73.03700349391934,79.36816816486815,88.46905624368458,85.15563900696952,54.03521095087715,59.60382685152438,73.13991769571055,81.3289585560877,77.83955648847912,63.43322617587359,7.389081941165233,4.6292567354401575,6.50040803968399,6.7176248604600275,7.104263533880584,6.323396042311824,6.153040378685426,6.885910223095261,9.836653039212422,9.147259210288704,10.416015277773347,12.029046533650607,1.8306712,0.23987107524164747,0.23223165421734293,16.34383,0.12326728768765721,0.1246249741165033,12.22967,1.6467631200262371,3.908638920398201,3.6939756616932145,2.555418582255475,1.2204266046300032,2.4297323292488664,12.992732517608333,11.980177868016058,11.227575818400878,10.378189053155236,12.959149441693604,13.47000392945598,0.33212724796207377,0.30647315943691283,0.33716127575254407,0.46076307475594036,0.4103522392063305,0.30336247860225624,0.30898405000622214,0.07620897892718087,0.3011069938896187,0.39079503083428635,0.3878163689491173,0.9071939168107248
50400.0,69.99432,5.8489227361812866,5.868525459290939,18.745092,5.110173529069068,5.09973825992591,3.1978786,82.67799834456095,75.89305782029875,71.89773663950947,78.81060499848122,83.84638976834549,80.84882503778266,60.39320072708441,66.9790016837441,81.05725472024146,86.88580571468064,83.60553106475294,68.08285509322356,7.56167008146494,4.819245750043916,6.662716659092635,6.834713121152163,7.2694121575977375,6.133796956961139,5.789776976822927,6.623515610783791,9.843824285667406,8.823312994970735,10.15270918833633,11.555926624958039,8.033446,0.12186842910693599,0.04937220934882977,13.535206,0.23910475358535654,0.2199589284018635,2.1945317,5.12737670201437,10.006961736274464,9.430408104319328,9.164506264658675,4.847790295463681,4.602940802054592,4.8370757813237555,4.900891278198374,4.555261555745755,1.8911335124812483,4.403222536942618,3.582443931454705,0.14086198675531472,0.12393865483638723,0.34520116356782277,0.34706263363585466,0.24169991898392837,0.14744956308457868,0.6089489237494742,0.20107669672587206,0.29114574205979554,0.4741944805929422,0.03922850673825597,0.8750865191957764
50500.0,67.405556,6.328633316576929,6.381795534810748,18.740103,5.310938249617451,5.277706584851721,13.58682,85.19129068529627,80.59784302825052,75.82954028952037,81.39255086235893,86.48546686203004,81.12680229319948,54.49148049343872,57.107943114124915,69.86724446677918,80.3652458262935,77.81451399802354,64.66536583194345,7.358171902414905,4.665990082079257,6.630633475664411,6.859658030261087,7.7168989354299855,6.611491370206824,6.439345713767651,6.831107286752015,9.732649827344732,9.159288495104132,10.188607867230928,11.323103871118022,5.037411,0.11935682461527186,0.13505636463020984,7.432032,0.24036285881787392,0.29266690982596766,8.201877,5.9107410506422955,6.720393340681698,5.752124025654514,4.760925735564857,4.007995722274739,6.4038143747861245,6.4014472134911236,6.371250502786312,6.4471310277958915,5.632672175053303,4.820248797542792,5.245713992531319,0.6754541726695176,0.6290244091836258,0.6595936421317236,0.3721979848370003,0.21258734877611624,0.37479368385360523,0.38713653811421594,0.10339847732721155,0.639395195455526,0.2545686773589886,0.3685289158657418,0.5400175774870004
50600.0,77.39849,6.383951877810451,6.482381932865881,27.381262,5.336250792129328,5.390347273206765,9.41658,77.22441499256584,80.36686592775239,75.3378704499511,78.92224948116478,75.89127119459454,74.61651856537455,64.90421140817493,72.09951482430455,81.92837325687384,83.2050928513169,85.78670292113782,71.74937530590171,7.36699238908484,4.8353502593108475,6.2112904625065,6.423224279602692,7.49432184787092,6.589910103167075,6.172649611759913,6.930102090428942,9.535121293047846,9.152704826394668,10.371391017812469,11.26964713576605,8.243512,0.4998497210615842,0.2830355686107626,22.431873,0.2483234292255657,0.09371364605759556,6.9152384,2.633876049894397,14.961822294062962,17.56796994517929,17.150124520003764,6.743574666043489,1.9908537274653262,7.275607669924974,9.070633954989491,6.576756816080938,3.4904411853454507,3.4063943763080835,5.4901368828917985,0.3866914292314831,0.4235109521029356,0.5480945184052538,0.9027691784370651,0.40602031783062315,0.5397674114849657,0.42530395008076316,0.20791691503083617,0.7026399550475161,0.7220306071057869,0.13146902742132094,1.084031597677552
50700.0,69.288574,6.487260779268442,6.543152704130385,20.788774,5.334904965787359,5.357488221034949,4.209623,70.5788913860829,74.18998551651987,71.38204795082052,71.89495047584641,67.74721828038236,66.12972362242513,65.561018505875,73.69463262682704,86.08939403932838,87.0627759601427,84.4128251313502,70.2354957845048,7.173141764311519,4.559759023418728,6.355475526376895,6.661476229705248,7.6648871814816095,6.764610104639115,6.47765894659577,7.076702020611734,9.280868399490094,9.29932313745372,9.878830954559486,11.105905283528093,3.62286,0.5781711282097293,0.30845609178512695,11.28774,0.20428938915556794,0.1842037872184555,3.5626945,7.3486055529329395,18.43891704473447,21.660341907196234,19.55687298029147,9.446066088974074,5.484897210194133,2.20815964576376,3.605276006524641,2.853870521306932,3.165209540162815,4.83938190821035,3.8009760220015623,0.29482849995709765,0.4029857301052935,0.14696944599336986,0.4075485452142607,0.41024675931543675,0.26660501080913207,0.06927059484453865,0.4509284779281116,0.7689770097657929,0.5568964987171642,0.24356544028060836,0.8875221140232363
50800.0,74.20654,6.320372533722165,6.324144994531772,23.472773,5.331073013127148,5.375042480206472,7.0468163,82.55421867173544,78.9730144704645,76.47450921202137,82.47991010411262,80.55435249307054,79.66010730010491,58.40563561290667,65.48245417788799,78.73847264498245,86.90525397048562,80.7793543846776,65.7214962762025,7.329542102097403,4.616318598100059,6.301518842389544,6.2811169362339925,7.36671549920099,6.700168510017124,6.651488502915909,7.004398372186007,9.691493262973433,9.291758097647199,10.349381232384816,11.474329415572319,0.5962532,0.35254921936403805,0.12574486993948905,1.9648719,0.23206262638001135,0.26803204238099004,5.229564,5.550033136466048,9.403163655869978,9.22959880846522,9.546571088680748,2.7506784819523014,7.646254575536539,0.8492093230427264,2.781436879136632,3.1925463657695854,1.6266304183869644,2.6035542027379126,2.7124367621512424,0.20009315104399023,0.2719323641849165,0.32508600550270994,0.5155571216484904,0.08769951017361928,0.3064843903650622,0.5897711348311453,0.35044447966552233,0.6762823470197065,0.2785578860913603,0.28247849123253965,1.0868636250166626
50900.0,76.42289,5.626281991594394,5.870610737620726,30.772024,5.278282563617157,5.195279002526207,9.006627,74.01712368041542,82.74176642991941,84.5904253371799,82.65166665486987,73.28677326184963,65.7887505234218,53.24126724304792,59.53002129574519,73.05922362802983,78.44736609349893,75.62909519722005,61.519564495591716,7.2791799962020844,4.7042443748784,6.267684629039931,6.587484695915488,7.52384147793444,6.757435197129336,6.8059334421133,7.0446497484970125,9.51673480582503,9.076809208960595,9.622543858454433,10.89739060041976,2.2892795,0.3467670884388329,0.2766386984175217,10.535486,0.24475372441871612,0.33032689732056164,4.357043,9.338099607693385,3.7188188145136682,4.95728165621128,4.11118182378855,8.387705107714245,9.50922850462479,12.784709167489622,12.010509557193016,11.907251758638328,7.764370189109716,12.571026250583591,13.089186524537082,0.23383808439382237,0.30232879036342203,0.30230366672920733,0.5209491584726279,0.45661242301499333,0.4359523716549215,0.7556059158026704,0.5277231184807994,0.5080528639662192,0.22447886977102774,0.38725604505455147,0.8963053440962168
51000.0,75.12985,6.498680939649141,6.578214538409661,23.703575,5.314211107473849,5.321663869830644,5.1400986,81.19780460189082,83.02515898824198,78.99435982624034,84.37095170460819,82.93481673812033,78.86225411176046,58.65894670945551,64.69392082686856,78.08481254562959,85.77792166180002,82.42198638424604,67.51751663258915,7.580016418403265,4.745418500339908,6.367392711377171,6.533341705202514,7.265620263372199,6.423142210371388,6.228826457031925,6.917032287280851,9.732015048232045,9.053096322315088,10.226861709496395,11.555047214062986,5.3372073,0.5597315986136018,0.6456863999934043,3.6530473,0.2962985414957323,0.26815041389224187,2.4633071,3.7798114269963223,9.096842315589729,8.600262648999987,7.88324097840856,2.504794248513057,7.818223505975872,4.250880411306999,5.645102991031199,6.0504625596087,2.0111930247928584,2.783040066076199,3.7394847073818354,0.1394924083449965,0.09377549003039848,0.14561112344984478,0.25178136976507404,0.23049422732005298,0.25124151828655056,0.6029355254256705,0.37429013714418924,0.6408588315540077,0.7221196976564983,0.2487478309504389,0.9062681811601457
51100.0,77.461876,6.485287032054596,6.491176690996347,30.321886,5.33528337496228,5.424647936151893,5.248446,83.45939038648285,81.84616343339677,80.25928108619995,80.81062371057538,82.53759587203824,79.43970946639449,67.2132059554774,74.68664351822684,85.00056379086533,84.35007239312955,88.82081353897723,74.18914186066091,7.143202434017058,4.437468207730585,6.300491361110733,6.666275183314439,7.421639654557396,6.600369715098629,6.622716559709922,7.024514747932867,9.776575732251588,9.132692765028544,10.268570980324247,11.484618594729861,2.3604057,0.736955847120042,0.8522796951377622,7.7215385,0.18852771562753398,0.2687463851629186,4.265678,8.975443402239986,2.882001821503887,8.774739017803919,4.698491219992985,7.568265518450573,9.754130470067205,2.574523104026155,4.969200650497494,2.276412645787511,2.514729403889709,0.8391392845985012,0.7909567333755656,0.3085883632289022,0.2658061902247926,0.1790203150592324,0.2944153946091019,0.26928364879283273,0.33622734581826674,0.8718187582946404,0.76338232118089,0.45929886029801004,1.0066823691067384,0.45108923209891544,0.8704616159585684
51200.0,76.536736,6.34681391001282,6.480065981002178,28.152246,5.177713553213818,5.188196483694839,12.863744,80.68716981817914,80.20673941757319,78.7811198561596,80.9542958782079,78.48257801464756,77.65215021013167,53.66619339708122,60.44697887324511,73.573893731582,79.81154980746796,75.86725256874135,62.02140439899633,7.336866440580974,4.651653093670616,6.244623607246594,6.6396687470992,7.342862668263766,6.881238036650809,6.830817118606934,7.16864650766962,9.664181365027742,9.045385352873657,10.18301032751991,11.11028109883276,8.094045,0.2634305348708302,0.40776597756670163,17.411522,0.2105710940456771,0.16777389203821189,6.145027,6.479614337973098,7.616926266138872,11.718467590291725,9.572018097982331,4.642008346577979,10.917972455711379,10.127705037201277,7.94522421750562,7.563467690399462,5.23335386175086,10.500451478553703,12.62172611595821,0.13822033323225694,0.12622259740713013,0.5070277809498095,0.677463499771776,0.25684050013269927,0.3386710053274343,0.3343929818578262,0.11051263914900182,0.360207256463428,0.3492114890742917,0.37971826932916153,0.6447298972427195
51300.0,80.395874,6.363010975172654,6.301797796597281,23.106897,5.0770171349048026,5.167363508743981,3.7898967,84.24929376611546,80.08321730557651,75.12622795566945,76.52892420965605,78.3341009321805,81.76132392745514,68.83663710376045,72.21908149066024,77.13588081452453,81.24177330687552,83.08341625645495,76.45939639327634,7.4554095713952435,4.755207847579026,6.254889486109897,6.434536970882636,7.521398464284888,6.709215394527026,6.577990379602697,6.7929716997937994,9.538806947208599,9.417166158588724,10.099628752803588,10.820487993708475,5.1475835,0.30763379243676653,0.2140982304121078,9.651658,0.14933521861057983,0.1283758064027778,1.9382662,5.37827886098414,6.317253750533061,9.034207798018295,7.527614310379904,3.553753589859706,10.859756937229673,12.606222762431365,10.4837439161352,5.968720208068993,13.188900988325559,5.95331833991497,9.266561801100492,0.15621697106318774,0.21240752834040483,0.6106020166340167,0.5060364933389747,0.3055892206399202,0.5258218676033893,0.5180699441184421,0.42343307528665153,0.48913289886884753,0.4824471706143272,0.1745957532227271,0.3633959567954663
51400.0,79.41401,6.543569387247104,6.640801584926268,35.580643,5.097455189434473,5.122122539136556,14.162582,83.11925833315162,82.67321453735633,81.34828301487788,82.82816680263447,84.95804187338479,78.73348957572364,51.516863496980534,57.09115939913614,70.83319239317275,81.02960888949632,76.87860028753438,61.766819453207546,7.050982643893062,4.542594610649448,6.195496343269016,6.1568006088852885,7.521517923766872,6.838368445810494,6.996962070173628,7.059564429145148,9.849423654434512,9.294584302622786,10.04487253761497,11.142672055340356,12.067603,0.6818897700143792,0.5677774136073068,10.842003,0.14951925975057595,0.2400172849345303,6.2902875,9.296557815818291,2.1655755379656445,7.192326846200095,3.094644389698765,7.607553511184336,9.575612005182974,5.442520454673188,5.296642695909216,4.574125931973717,4.309596010803864,5.98290601068225,6.6684241293589945,0.12484382786169917,0.31435211538689434,0.272130542455107,0.4559793068936796,0.4288555986669113,0.3834628785235114,0.6532992732941725,0.6753925646145837,0.4597813695782408,0.4918852434405211,0.25135852301345674,0.8517309409324878
51500.0,78.61657,6.183920171154612,6.2418366268993895,23.909658,5.116474299844151,5.1733886025339935,11.48999,81.7333869248942,77.32611775197056,76.40017733609609,79.18454005228071,83.61419205549312,81.21371871605605,56.89473042984405,62.8324174381896,76.51492200692853,85.90704113161047,81.21303329460606,66.65790967151474,7.2913529695184165,4.737544378175266,6.3504669831105005,6.467320256261529,7.694716243920616,6.893709876004835,6.694033718101822,6.761017602441007,9.722506667635262,9.246297889674997,10.251775146283903,11.365665487479388,6.6901064,0.2494037239847024,0.38400123450899587,18.65171,0.10494077321565845,0.08358803692950689,8.9046135,6.778215125202764,7.597390810614153,11.49784085194212,4.567321026525052,6.391945246814111,9.648550395986154,5.435922891046806,2.440182146644564,2.3928433480124247,4.199251247279382,8.305527277391553,8.365687882716513,0.28414111170170137,0.13249273612206403,0.16832486726602489,0.45712707070691994,0.6233615675569987,0.8009828030825575,1.0983288775118798,0.10010769298821212,0.6159644581322882,0.7825565304443579,0.510692754644265,1.0532599339296231
51600.0,76.82244,6.252781951946162,6.31464208740671,21.645506,5.222440652411375,5.384296796812353,9.034396,78.7464582786885,75.18938997747786,73.66486967956688,76.29703816074476,79.39021132703505,79.69765949600402,72.19745218927598,79.2698302633118,85.37883973311314,78.83318306390198,79.80309209307632,79.41797542216769,7.345688450903762,4.620663434423856,6.411387845939586,6.628872098462662,7.650700380336602,6.546095368449925,6.500893973823438,6.985787036622946,9.95712711579948,9.158397431216565,10.229870453951476,11.5845262661296,8.751213,0.49542102544563504,0.28635641916505855,21.920034,0.2880420109154152,0.23497483934997476,7.7233124,8.080638329215285,7.146280254702697,12.68436363591734,7.8735965550578975,6.732382640456454,12.106192363038447,7.10214421217704,5.550743350344789,4.983126127514887,8.65294115722493,1.1937550224937346,10.791201023975251,0.07309370936937226,0.20620172863965505,0.486129113560369,0.8421574678751755,0.5678146207009206,0.8243225350793186,0.864064678219643,0.08970438340001895,0.701581434412923,0.482402840556775,0.29168821159780706,1.4243414250498183
51700.0,76.524506,6.20868063791503,6.271043676222256,25.352728,5.303235738646539,5.291738911922135,11.060384,83.02990131830516,79.59207943474784,78.50859078580855,81.3905016367643,82.47561920897448,78.98503624941213,55.60326048013161,59.42125189274029,72.66082097169816,81.28209892679247,80.34456069599212,66.62837336210079,7.314343964265414,4.6311239869828205,6.337457496464836,6.416175054123561,7.707568042600123,6.841028460653167,6.555370356151561,6.963196365326734,9.77427689268208,9.022981516668876,10.279668185846376,11.472177776110888,1.4735957,0.018974527505616186,0.1813205761054421,4.49709,0.34842720235050295,0.3281628052547924,6.0393977,8.096759288749492,6.07924182154065,9.626217652926167,4.104628250594179,7.444938391332614,10.805299546100231,8.745607711205398,9.070241858813567,8.55704859771653,5.741736465463376,8.672246093816309,8.186419544179248,0.33101775982856585,0.1515403810573119,0.6222794042307491,0.6201165622096821,0.4470153726758511,0.7329047686366633,1.29878510990628,0.3243253520075685,0.44369737595153796,0.6922342264305776,0.08839185424829048,1.022597203634845
51800.0,77.862526,6.4060167475019085,6.624701305005437,40.177753,5.281061623598106,5.28550803772163,10.218933,77.14956595320565,82.93529804411418,82.27365954949157,84.4347513940727,79.74634674910506,73.45945886400655,54.23779968491764,58.384089177178396,71.78237237995124,82.61066443602807,79.7885634872415,64.7401145813253,7.207851326823604,4.393106754591446,6.315660464088983,6.37430992430587,7.69488635198001,6.616335271476113,6.639670152150675,6.693398824954275,10.043281801800942,9.28994651343138,10.308427619584803,11.323536215009947,11.641825,0.22609614653276378,0.3162493270322363,11.862318,0.3977717002467839,0.3522539806537818,4.957615,9.103607925263612,5.005347187661453,0.4662462580612975,4.122049622048293,6.7608379464132105,6.788719871281049,3.630691889802719,4.217505067211262,3.340858690185959,2.8435232608138157,2.734008629516652,3.288353665652101,0.03786222446320829,0.27283512266974863,0.47611125435206175,0.5010497766150204,0.4076555626090909,0.25042571205695174,0.5085419227689562,0.40765128251121757,0.8467662512435766,0.3224802591187424,0.21302220159302915,0.6535042973882106
51900.0,73.31976,6.437034154378971,6.484128678981366,29.48204,5.257913688044552,5.32534354220851,1.8077749,73.08972175182801,76.39852614897102,74.43751016925013,75.90385440219954,74.67658686260619,71.92631885079264,64.40091551957322,70.10503993303996,83.64366598222638,82.92475574962067,83.87982787856144,72.99210931962853,7.518639449887329,4.794181326305988,6.667966260585182,6.746261165795161,7.18060562574401,6.301640272319756,5.950578125129911,6.637532326718144,10.164914537496573,9.080970330742831,10.28987780398243,11.820659059404798,2.325976,0.7171008216858272,0.8415322037397697,18.4881,0.2794492466696807,0.1547473723483199,1.4566318,8.180681580373392,12.812787630614105,15.078461705525621,13.52760908826305,7.781416637471438,9.40103092188279,6.266636697379357,4.865375221294932,6.545111564634923,1.7850997759483866,4.926453116909545,9.190402687688342,0.11036845585446642,0.14022776675504897,0.20975151080063173,0.13704868198816847,0.12140737261911504,0.25196384447323766,0.7250714654059116,0.11621168424346111,0.4836192437354912,0.33712276316952683,0.704284107411867,0.44769225741852975
52000.0,75.33187,6.304406236118111,6.423450763663723,36.00438,5.10171323473343,5.034182495456865,10.477005,82.3546907591526,82.79914068292726,81.09220607723695,81.97275799432187,83.52581279593979,77.37773798677644,51.895793268743795,58.31280210147744,71.79026169704254,81.193225161521,76.81936284911808,61.08434107953159,7.486159852859469,4.809933792842945,6.653007251862028,6.75873960673416,7.195091762939332,6.488008006714604,6.201579959624278,6.8327138086061865,10.140818925362906,8.810252781827977,10.387068226316503,11.46364253593284,4.879587,0.49753568412086546,0.6615883436500458,2.2249808,0.28649975927883187,0.18676386625281932,6.4736824,8.206203285607252,2.702962657417905,6.727197361801724,2.047804490779746,8.081400747291479,8.143448710326876,2.516281370447148,1.5453148732328668,3.467862716869678,3.4076432613885483,4.538469191889276,4.274151480935988,0.06640548530921575,0.11769879520200445,0.11286634461200502,0.25548900167141436,0.39870842890966407,0.24294466256918956,0.3923114080760928,0.2816504178391425,0.4060886042004127,0.8098521464713481,0.19138174805048827,0.7410957405415736
52100.0,77.3395,6.312611731624117,6.4576019655484345,33.43367,4.918438907603146,4.943447848967153,9.289355,76.22638215583399,80.61277036361065,81.06171968341685,80.07084519170995,76.86615595147511,74.23201266277509,54.878535424431895,60.75239634177459,75.36495076983202,85.37015150469905,80.8467474370987,64.4234295841933,7.331472774263301,4.58215579044666,6.4455722562805,6.599133622676322,7.62321824249636,6.536427732890631,6.381032270642183,6.514736203434719,9.71785372330287,9.109258597375947,10.208026804261042,11.472471281564571,6.104099,0.5984087811084282,0.3136566140148642,17.065348,0.09618263508605257,0.07573077048322832,5.0777555,3.9881750651206405,10.58694885389419,14.762521407475454,9.65261606134538,1.8626044067508958,8.759563625175488,3.054620541155055,3.2676144286125,4.560075478023996,4.30057616152778,4.7375371454881865,5.126632907271921,0.0764203540450842,0.22346132566288432,0.3989784285684067,0.3331815018073681,0.4464833917724228,0.2593518139920717,0.8179676094169482,0.14736153223449042,0.32775051650542797,0.16934008702032893,0.17262881532942873,1.0640359050779478
52200.0,73.0633,6.516681367454214,6.47634681270867,19.643944,5.123272703405617,5.233801550310875,8.893437,74.11685416707586,70.08074879869645,68.93875293826629,71.22915822332531,74.87587331440822,73.88450182385297,62.987335439277274,67.92642611125943,82.14953447175908,85.2862351063427,84.8876280909623,73.28020498464974,7.442685512513248,4.590965254896248,6.621481661212066,6.397084441274836,7.673517560025239,6.508858303270302,6.062835985654208,6.487625858845637,10.034342986448197,9.176578562663744,10.414220589046925,11.381416771511356,8.255465,0.465500444003694,0.6104452349561983,14.308845,0.06730128239350984,0.07384854559453387,4.4284034,15.374399014373875,3.411171607326092,7.670388862420458,7.90454557325435,14.927186386038759,18.334512720368526,6.812296511672703,6.0981176856767405,5.281280647437934,1.9744933398415119,2.860879167068815,6.734016753723557,0.32257986831883606,0.2792588724678547,0.5736590235868607,0.5471245565173961,0.5418161788821493,0.49365152803394224,0.6377191205502973,0.12200824438916441,0.3754308839861358,0.3855908907999288,0.11952979101266972,1.2688738090649587
52300.0,69.11327,6.258682994154853,6.410681677531049,20.691866,5.157454425770453,5.256593162818587,16.284683,83.2406170161364,84.13650684746337,80.44794786305891,85.39363345484435,81.82708886634151,76.93975117375419,63.56780886715933,69.59791395017335,78.40006911885763,79.89304490613895,80.86379260744629,72.54540641663833,7.3217748644294565,4.665125159160705,6.475996187965147,6.916762415794783,7.516854081663467,6.691163943509462,6.1260913269932,6.813190317718338,9.753981586004278,9.420134537481545,10.236743047501474,11.731840021006647,3.9188309,0.3595479822593451,0.3069524341239946,10.825737,0.26006324263354724,0.24553346836198903,4.9502788,2.860386760587361,2.8476863136434147,5.048220001666404,6.262380603838282,5.635805059427665,5.596349770406131,15.128997604974282,14.212159857698015,6.896527441203551,5.405593887229123,8.060163144031987,14.306774729267602,0.4793359158101428,0.49435498392858007,0.5412136327402347,0.5609453069551958,0.5479422306089259,0.6870558033947158,0.5660195000968619,0.20110751307526167,0.6449380823027843,0.7878211758067091,0.061703291736316,1.24694762780118
52400.0,75.70981,6.412630940311499,6.268331718697397,21.048159,5.370660709846777,5.259731070053699,5.683019,81.15534333031785,74.93041033624388,70.26625431686828,75.05506445060485,79.8958631126189,81.55414784870261,61.35787078908791,66.34616289681512,73.18235125555314,77.25478814254176,77.22046929650027,70.02217605735117,7.3920672658828,4.710485429838108,6.654854938619152,7.0261823238806,7.081634710370341,6.301353206265465,6.180798717482429,6.842440326496345,9.893691212807832,8.876860287010254,10.352817978038345,11.80979630016755,12.649456,0.8289826340198361,1.05356232906608,10.4363985,0.22851052888140957,0.05345215920203233,1.7340624,6.909373624516102,12.891408231930873,13.112689530077168,12.865481718768846,5.964875399164075,5.789683928466774,15.753545767836327,16.666825453051384,9.602055353189018,9.032277531083233,9.096889742920501,16.362317486616977,0.06642848725523262,0.03389685870582796,0.3034261044891158,0.6053233876284818,0.24295575300329658,0.265187462264448,0.41458414983083935,0.31836519963126314,0.3544104621175175,0.8075990412166509,0.5053414677893965,0.9933627451661082
52500.0,69.73425,6.349498383429316,6.432068650618583,22.29959,5.364825925437066,5.402759792805944,8.378108,75.28291561195454,79.93368809015642,76.62121618036234,78.41201482638151,75.05032631409085,72.70180169013793,57.63160791687738,63.881148172340524,77.0585399718554,84.80002379469427,79.23583792134053,65.52940250555677,7.357721689896883,4.615850705421804,6.3102474798686545,6.496723537195039,7.668656081448945,6.62344774475397,6.143225422598596,6.753254138874689,9.631219302972099,9.382784705352414,10.388550990428723,11.537945433657024,3.5496638,0.8108205652207475,0.7305240284441243,18.274326,0.15457188390228666,0.126082417047361,6.8748684,2.3440843981799633,16.032142008154413,18.16622292915451,15.694637137615322,4.952270523493778,5.697182612259896,5.739895311400722,3.482000418633041,2.818428432686334,3.1197014341589795,8.066664742491724,9.207792653826557,0.35993544285661266,0.11662777899300497,0.5600554886539767,0.6234402362850492,0.9084616784828332,0.8093333858412811,0.4228730344284412,0.1273673931599192,0.7776694541860886,0.2632766934266699,0.4377952782147505,1.1625455622808596
52600.0,70.34159,6.196622632454086,6.162279786310632,21.49174,5.11036444283948,5.048901782062783,6.49526,77.86112063946278,78.0374247930604,75.05513050950383,74.3887344899702,77.01523394906893,77.48646140675609,56.94259395414779,63.12076562786303,69.75132091323879,74.82107260395911,76.24648023357811,65.07849082567067,7.290289975251408,4.612405311013096,6.474682888309661,6.662055900609331,7.29083672941631,6.495128555919145,6.148644994096423,7.04482497646842,9.803070851853162,9.192074428932488,10.181882613005227,11.247404702380493,3.98706,0.2898191099188845,0.3400472095593801,7.256253,0.22549019397846026,0.1218545832321854,7.134602,8.670390242008175,8.93224980497391,11.992970949218831,6.785886712359814,7.34672177864958,12.647864915171022,16.33055238353502,20.82383455848431,9.89067503399592,4.6606465822109735,9.095762855751502,13.30502976910959,0.2111148724697601,0.300189073188243,0.25918900578678544,0.5657116989515177,0.3141825167513362,0.22378585658481187,0.3501093812404808,0.47923112359824266,0.610005076121095,0.31978852917851164,0.5043207875926676,1.057049927357818
52700.0,75.662415,6.670780482220194,6.797820919005944,26.415537,5.290355595823793,5.40203809596946,6.895485,81.90031129117294,85.98047492069101,81.53272529885767,86.08986865172805,84.62855330847965,77.6451542611333,64.95720017503031,69.95557865922716,83.61852856537506,86.60709466244634,87.54699240269055,74.84393514563429,7.326547490567557,4.735301655366167,6.46108855297519,6.760538534013089,7.623000694054376,6.5586089899783495,6.07799514617497,6.6883620987408365,10.044261207443022,9.186186330698426,10.470303567969564,11.827371054702445,6.798213,0.23728799267391823,0.2435239749875965,11.65842,0.06448358409841841,0.11470093339468458,3.739608,2.447760617418982,2.9218094074353114,2.1640371034061436,2.0823513221546386,2.4095885696233155,2.133636656150882,3.245291999248298,3.3957902559266584,4.369094395406159,2.9882308124589625,2.0973909130786526,5.090473826223107,0.3873559204750325,0.3332161282877222,0.6120410779746414,0.6617537324013527,0.8461441622328525,0.5355896622380452,0.5652383125753738,0.18590656131860125,0.6107026932953986,0.5857148713164437,0.17173219134295592,1.383390194301178
52800.0,69.171196,6.196459301794225,6.338009622976801,23.520348,5.112530675566711,5.078255185153114,11.182651,80.96757548174823,85.57636142533634,80.9403958564642,86.62751791687549,82.75050554070835,75.42339593649092,52.13780764532106,56.19897999988706,70.25832999136445,80.14064373373252,76.69437852018926,62.248033918346245,7.338775889347801,4.474579162802101,6.2741458512861366,6.833279473220475,7.522876704611488,6.519286905681182,6.120854558348385,6.989295704439116,9.641807319169855,9.218525332636512,10.093794979756455,11.46826527176196,10.561866,0.9247808192397577,0.8900742559392899,1.8158711,0.07685039977898557,0.1513217390411449,6.9388666,3.3286015582721404,3.2229601867960893,2.9043668285055966,2.3962962466326756,3.0826179552865036,3.450614819503579,6.937452620273833,5.085048018330693,6.027798255238755,7.184374997368282,8.467709961350605,8.925783809708872,0.16742677758406416,0.313837261099594,0.28542836562818785,0.21378134135849872,0.04382382303774889,0.2092949190945606,0.5221527836381322,0.20525460239519563,0.18027986579050265,0.2869689843076981,0.3158859818993001,0.9181662119419783
52900.0,67.46785,6.466603899973941,6.4649845531159285,22.638391,5.262728956038452,5.280577051099154,8.708893,82.80148236314791,79.97613076761083,76.1738155549229,79.05647896399539,81.47118651196625,80.21845724247815,64.31617077173951,70.56627015744908,73.60837151846516,77.55332882233108,78.50177596675469,72.26767122362348,7.572854982782576,4.823352880788398,6.516170963929384,6.460275954538055,7.342687076617568,6.396588482199505,6.196705219169838,6.975586790099001,9.883067905100534,9.077299267979516,10.341947098142498,11.777251282427907,5.34494,0.46400054938790275,0.6031703495492986,11.9634,0.3975128592518458,0.238070162762655,5.830234,5.787309206236259,9.084143806435009,10.68600541350414,8.72272761273794,6.901008008477559,8.548397547118006,14.183626413072588,16.979419122578953,4.287933429152519,9.906776095490542,1.728535641740572,13.037490612550627,0.010487539157810082,0.022751132401895153,0.42423908819505024,0.5853545363529876,0.5566696377373646,0.1827953617191859,0.12925911996821035,0.21732710852044135,0.5934076613106749,0.32317186710036533,0.36857777125347846,1.3582057338811024
53000.0,75.93968,6.5729215702040085,6.7200184461354615,17.461758,5.1803804605335655,5.276359899348118,6.6319785,84.40426934248656,82.24605254864764,79.10086683658828,81.92543833689801,81.58796785166051,78.78716573689998,64.52351071127016,68.07589569842624,78.00675708031018,80.10469368062319,84.38548992737384,74.2880976520225,7.324742316169028,4.666921170508725,6.291119289021584,6.494434663373987,7.477183894319368,6.620739430332894,6.38488726286806,7.061080998008355,9.728284160564318,9.277563750660322,10.182161465404391,11.420097411243596,3.4329095,0.7126869088078082,0.6106365188860745,20.287872,0.3967423799136913,0.2725489483952257,3.6069248,5.223595352407663,6.891351505303478,8.953538173898448,4.839850803568771,5.711470063741965,8.980746308718214,8.929282910127963,13.64760755792363,10.418331799393457,2.926453774620575,4.588123982608007,6.408958206492808,0.21421604480070444,0.28060587936982906,0.2957783458431265,0.43801266796467103,0.25627951807612487,0.5568386318780746,0.26968653171227897,0.3132294681601467,0.8025846928057724,0.25611145390316437,0.27280401628025186,1.145113170797578
53100.0,76.45919,6.517327719361745,6.554874370734647,27.253534,4.882461519697389,4.973750993218256,5.48555,83.47582149479963,81.87038580754962,76.6402219607201,80.41129675614648,87.34633992855503,83.2378854597987,65.8673613135186,71.73729493122143,77.44514429339701,80.78329575102372,82.3847044626271,76.2246479370605,7.331059168670897,4.638317114777817,6.307835261116913,6.756324278326763,7.308831193865679,6.631905453473798,6.090928301324887,6.9426047462535365,9.657613813570107,8.973209258147252,10.479281967884909,11.587390281631263,1.9793876,0.5070258020211276,0.6084653060078453,10.229947,0.2274974713564818,0.07903962904820645,3.5528529,2.6203305010212743,8.471352642551652,7.679100874798817,5.137680957395182,2.0323332215634027,4.13355604752029,10.978958578520482,13.966481638528883,2.352606657905593,11.581455304231062,6.468533222268729,9.634659315296389,0.3352226750282027,0.06846271727201735,0.34523632191781,0.4128212738315962,0.19845942636222638,0.27350601281324927,0.3020796795283308,0.5195357507005791,0.4861257022204786,0.6835121861577526,0.7526218278346594,0.7439469416444968
53200.0,73.52181,6.264734127650352,6.403381872581384,29.718237,4.960683066513133,5.040046169894281,7.1526337,72.46079493568506,76.74942886532257,78.93296569322817,77.6385324226526,74.42359129273053,69.94928496212741,58.68251241231355,65.18903847493218,80.03607305258096,85.35551178129704,83.2371156254617,68.35477881949946,7.463216370439498,4.708805027576608,6.542541700954943,6.656951479525844,7.503743825775403,6.606988914582861,6.1263198880176715,6.702434611281425,9.537239875046104,9.151371140909717,10.317475366358765,11.388445889691397,5.123256,0.398976516544532,0.49176725359468937,12.068205,0.16806438833318693,0.1045673480962924,2.1452124,9.6421784456907,4.335983559856365,8.523064137004502,3.134322163624604,11.509350155110525,14.838405605268678,5.874487903445383,5.4505705865278085,6.0934790556562985,3.6005601179213227,5.388211875089744,7.446366719138265,0.13578664686132158,0.1447015381040858,0.2356562336522703,0.3207097698144251,0.5698150206142286,0.5840254063890857,0.5212137260369514,0.16688339741457955,0.4362762253096349,0.6346153070375701,0.1610956328648072,1.0181712802655645
53300.0,66.30663,6.503376606761239,6.501185965305432,22.009607,5.279273911260385,5.355606085865834,4.8124566,82.8338592664457,79.58600831827047,78.03381309694485,80.16417077429463,79.78195077198392,78.17967576112883,67.13722451608736,73.0683046245722,84.01148296530882,83.586046730678,86.81475350331307,75.19383251272643,7.593688436747681,4.722730593448358,6.578276707490217,6.5335647851654635,7.24679908270593,6.629036583046144,6.1322216879093965,6.776052418738044,9.978998221410771,9.581758437559978,10.620002335288405,11.56426691221298,2.9018595,0.3370353182891924,0.2584515792958929,10.6062975,0.08034335591407146,0.09608011284739702,2.6720004,7.4040987151272235,6.985198106688583,9.775766473060605,6.58828000597402,5.882299720451521,9.119174856669709,5.45203788697,7.658871430045494,5.074609627855488,5.112997946542671,2.0057821796926354,3.2206595633224304,0.2795829056305857,0.26803006196115386,0.1311321340131631,0.27161500921090037,0.09238405863729686,0.20144704302771924,0.5414642472026461,0.05765540075194681,0.4280104635967626,0.33936108102295665,0.4651723881641421,0.9517989060230629
53400.0,76.66471,6.755179546349964,6.857218999096385,21.571863,5.271452110501967,5.429734970888244,9.95435,81.8328919052903,86.01062079388275,81.73926968580247,86.27310803862703,83.42698298583616,77.07624969843626,65.04592802102839,68.0474685629578,81.73718640919776,87.2842357875807,87.42162967495533,76.30576432986807,7.362865930288418,4.729264408015713,6.410572414640249,6.596668726578919,7.162624437861375,6.50193348363743,6.110905103969595,6.830548380265429,10.008580467274475,9.528947972235784,10.462948697971843,11.432113084806899,7.238362,0.639165459418922,0.6355023820295631,12.724778,0.3248875646974989,0.3271436363782608,6.1250277,2.565456742429553,2.957048239325236,3.300482254826601,2.654768979783109,3.9220478383779223,3.1454382864857258,5.044944594197896,2.55491777015986,2.0766598965913756,1.95922230556645,0.777629091569896,5.590672079659091,0.18023506358111013,0.15240028666046226,0.05957413365318363,0.46093570213521723,0.044838710343037394,0.2477850554581477,0.12407940996312411,0.30181628915361236,0.3849591497204936,0.6236758897470083,0.2918854529783529,0.946500202298961
53500.0,65.33581,6.186086137897,6.285517465131225,20.712374,5.040343455254345,5.156270376290482,8.462555,79.8671442635528,80.0929263961876,79.14124746257788,81.6849729210886,81.65337326261134,77.29920385146102,68.39260760566512,76.25590263936557,87.29410955537428,81.77384772198599,84.94653533420222,74.63213756986235,7.657694874086026,4.912862269125113,6.627140526824635,6.740169998012122,7.385735004922819,6.141161989693145,5.7337496749368695,6.553649499527825,9.492723570283333,9.076252130639917,10.290399707962832,11.194673592341585,5.3959002,0.20560268244229482,0.29421833283370846,8.9112,0.14108038888950009,0.13348180761797432,3.1923156,8.365356492474666,6.453430289177205,10.659536566742693,6.1229445458413005,5.800692856364232,10.23180553504739,5.350734880256399,3.738990000485644,1.8167217752783047,3.7874331512740844,2.942689603286241,6.445685023348223,0.17078579163757976,0.32803458444831796,0.24305478919622195,0.17864042190020818,0.5509690980423358,0.3201603790635365,0.1490853689637806,0.37481051665626686,0.45995583081183355,0.762002948874501,0.06356783581605077,1.1561322235599043
53600.0,70.16494,6.355960500412657,6.51401208859497,25.871513,5.241985162540251,5.327531736301588,4.772054,78.76333547924042,84.3906384138686,84.5190509560474,81.75148777086144,77.84247700963454,72.025106861966,67.1340830247573,74.46488546740811,84.32439171744755,83.04052361929794,82.92408211613389,74.16475344300652,7.472494035715559,4.723489178465656,6.683792682121432,6.737689113700118,7.465111872724027,6.501625397592008,6.083997299153817,6.706569322781796,9.566143148972152,9.336448748045875,10.146813693798306,11.361935939055257,3.856641,0.18764059509481065,0.2754515365831674,1.9220951,0.10627395632556985,0.10739774428645463,3.3791502,8.368860061350508,4.232600368210289,7.974455037809578,1.4880272295687522,10.234358360817414,9.507645154576046,7.603530737251447,7.126777175981578,2.6101707093812876,7.482733209937314,2.0879397683763887,8.358145631090158,0.4366961627134478,0.35423177533225214,0.25067797667668335,0.3695550026108882,0.5964058321447798,0.4310952056766227,0.4778048250078449,0.06923623823207352,0.41525053135932466,0.18137806840519885,0.169183277852891,0.8212389394662517
53700.0,71.308586,6.321066167334233,6.313754963628717,29.618113,5.412943873790179,5.395585867473742,4.2017646,80.49475015553543,78.58370238051873,75.88804792109234,75.92397442629532,78.18956005288032,77.169992605483,63.18902121038701,69.01346491072842,82.10016437162301,85.25071982178015,85.24124551354554,70.65290013001027,7.187822565682143,4.383016432819802,6.263504385971643,6.538923768766428,7.453348776974899,6.665162582049685,6.70388793280046,6.751396100167611,9.693121044397278,9.498139505697774,10.278600864833798,10.929331530612806,2.093145,0.16117582130179164,0.39057594881004987,1.6769882,0.32705599253112433,0.18436080360611432,3.0165298,10.942005607785742,3.1179445199312585,6.9389886459967185,4.030972479791969,12.10973404677131,15.08099036077717,3.903110659777414,5.386112058036329,7.113238710574391,2.3725167311984108,3.321210926217094,2.6429509688590485,0.08178845815686382,0.01771040352243096,0.3726309586583658,0.458597591191517,0.2266969387611026,0.26156836426131186,0.3770554408510828,0.19095134398177188,0.41369715198798573,0.4189186647420409,0.3159983111772871,0.895561386808912
53800.0,76.84933,6.6828341097313455,6.837078619889958,24.55126,4.991435163819813,5.115873440652087,5.1879296,77.97499285119848,82.09122164056906,84.5223755532581,83.73706683707911,77.0426572238594,71.06920740575886,66.15752429592193,73.06160139845201,85.37513783221873,83.7041487719513,87.28829768820886,74.2006578682424,7.171109287053814,4.540428105358447,6.475982398940904,6.716339662757105,7.524799604791677,6.54659914846691,6.392157339851823,6.631170354226339,9.613579227748472,9.168277065623599,10.416982554620887,11.224032947552027,4.6874022,0.5752215780168509,0.6390140736656467,10.771476,0.06271139698175592,0.10559737702893311,4.622676,10.454613491872225,3.667509384660453,6.656646521585077,1.5368231234389025,6.703711315772929,8.245048170985989,3.339871231975217,6.316617213196818,5.19460078644419,5.003332128127949,0.9645351095334422,3.4087184495448497,0.13009712446495367,0.12461291986638114,0.19655744227908556,0.05871152874355987,0.23591034434329816,0.25149811921975657,0.23858628964103618,0.17555412600586642,0.43125878260731915,0.16788977783206255,0.472473139475179,1.0127050762605623
53900.0,73.076965,6.364958907125419,6.518456684085159,18.033272,5.155858215382275,5.263900636928127,9.409576,81.63364847719599,81.47941681806418,78.89902354974734,80.76085484208063,80.76670736211425,74.7323232772248,60.52668397078324,64.99184674586813,79.09051334461634,87.21150811662436,85.17698763722278,71.06747756920636,7.463414368030237,4.765892315369995,6.6345259061020485,6.851867015311701,7.118556698271607,6.34745339404236,5.92020839924949,6.718369527386426,9.684754731028114,9.281387792588378,10.636341129463297,11.582710885825259,9.262566,0.2605967319969544,0.2667461600231599,15.931126,0.3305197997620766,0.21056810053326142,9.811296,8.09377058856986,2.0348178851647374,5.292102201235705,2.549623474932936,10.790463176415097,9.944944314899193,2.7295166542998257,3.077618323928739,5.079331776793628,2.3848279608195004,4.271654537465699,5.262184442594044,0.38794309472373645,0.3451063903199554,0.13011105110622173,0.13172570869750824,0.10247297680888744,0.22486304495189172,0.2834480647788696,0.14887069227580166,0.3582946082612692,0.22919273562146825,0.1406952198152639,0.9919498170971491
54000.0,75.55434,6.29640413518256,6.247627706454782,26.26522,5.059733855991038,5.11274731995307,4.3814645,75.90710638997034,73.83085290490442,71.24043051342679,72.2110591219158,75.04874253784021,75.16044899482593,64.16766837442339,70.85017860891365,81.05520429480201,80.28944561813307,84.13129782195972,72.89271297061867,7.330095399833652,4.669088636020881,6.413397538251123,6.820964651356764,7.553284830667,6.469934372056483,6.405796962890715,6.985788329460864,9.791999803804357,8.96107720984589,10.203849903425217,11.27406728144095,3.4050531,0.4773036861638018,0.5637329258739051,14.562922,0.3511501602567406,0.15378730562482473,2.2104614,16.2544172771177,6.58663071173268,6.68692839421796,6.366091000623539,15.50694708615707,20.13314106410955,7.9069017245153015,10.206860744763096,8.536753387114913,4.058743744589722,5.283821337388639,7.940188572414858,0.31898828040837085,0.32500038876647785,0.42550342405408315,0.5421023069007455,0.4209493879291336,0.42630414052966686,0.8343395541540678,0.2594320917971453,0.5334105854215282,0.8069277827335857,0.36009304522061414,0.8057152948925164
54100.0,73.04965,6.3515669623029,6.453640630348386,16.455544,5.32070695004143,5.427903811851685,6.976049,77.52953851266055,79.42391600282619,77.8629845201961,79.66290037268833,76.49510309581257,74.51291828121498,67.66869080211376,71.7975143029585,84.11653946924861,83.7895076648909,83.22763293911888,76.89264475331721,7.355994585325053,4.716879812721707,6.353699239128102,6.728703177074685,7.578605987585611,6.4677457368330495,6.67390955374767,6.882678480430601,9.799946209787178,9.165565239058159,10.323624271348864,11.169150963493175,2.5975387,0.33124673349341227,0.18540414627803783,20.318449,0.4421967889507807,0.45561860205728766,0.2259848,2.906658518668567,15.362002459374953,15.911474340769866,11.143214332261454,2.8232433339628993,6.67581901210501,7.422808383144819,5.558088574806568,4.043595995067849,4.821887393244288,2.3564719661913003,9.74450678378298,0.07500424040366427,0.14935936037850994,0.23358081423796348,0.4086340938536687,0.16395103560613022,0.3956044399740423,0.6119384984777403,0.4564291979263527,0.15072884116653884,0.5925470098531133,0.2445871185717681,1.0075575196835247
54200.0,79.35489,6.280777584538964,6.498014054611324,29.117113,5.069875217459466,5.119713619875824,5.955513,74.8883856596671,83.45304508290997,83.23664906051606,84.82175238356922,77.13403638418437,70.459782938375,59.56217409731094,64.28580410731932,78.23588071946018,84.28714201844463,84.72789469082345,69.55395152860787,7.465181131957494,4.829120012593168,6.434496146318228,6.59791925634702,7.461862339008281,6.379706689559929,6.4276795882918085,6.7121201590997055,9.547558020414014,9.017568696430159,10.165937766636121,11.596606735422924,1.2101141,0.48051524369756216,0.4123454116320169,25.232933,0.11906056824314258,0.03601339346033924,5.120097,8.75679586515335,5.6178846465849475,0.9303808693086849,5.506766386131683,7.52203574780326,7.531389075617908,7.673366006158692,8.616881405383193,9.171783850403202,4.994269281260113,6.753816773552168,7.1582087665223595,0.11835478325378045,0.2892947240108446,0.5211978670563665,0.596681843753145,0.5532081637666557,0.2876954352430057,0.8489045279722912,0.31857854061052143,0.5673901912382866,0.7363793510809934,0.2528502488374451,0.9312894958351307
54300.0,75.273346,6.524948936173086,6.409982363069273,16.28148,5.3205334351038625,5.322138725362863,4.088951,83.30315487936247,73.87084296828328,69.5889961490944,74.9779267576706,84.27389063835629,84.66724759690501,58.94674426321274,64.84076910290871,78.78971178090477,87.47577080170599,80.98820628491974,66.52179065849906,7.148712118343941,4.373683646271144,6.208746762848864,6.313245896919885,8.032474387439402,6.802149006583503,6.5702448367337,6.647160054428002,9.753243237202621,9.170578860200694,10.20882868998296,11.076270662667929,5.136426,0.8914384818629001,1.0568306698338787,4.560265,0.1345916054064242,0.1802909381477456,2.1107497,4.341715231692546,7.935005473806421,7.802355366326073,7.06379468527141,5.822846002828806,2.801700234692698,2.8487272129432193,1.9988376449677818,2.080047894943682,2.036587512985615,3.46831085201243,3.312993169035185,0.0787338642798434,0.13441122523682875,0.4445667865899918,0.6383337449450963,0.49324591320640754,0.5232079952709753,0.7551186308437301,0.05253123661053471,0.40682255457346,0.6159984156118203,0.452492869166811,0.9213670783024459
54400.0,81.14863,6.5075297663683385,6.670388658730185,28.155464,5.138621631219833,5.290596086065411,9.857488,78.03117635683549,83.73880232360862,83.34179087608567,84.16822503362079,79.67783157186666,73.01997724480124,64.19645862958644,70.14027599511552,84.38361688140408,86.14958465110753,87.63269611755307,73.74213063226144,7.167181357467612,4.570336964481267,6.30520093727542,6.384945107238665,7.622296044744203,6.684106321833773,6.588345616824907,6.894482851599808,9.816632666839174,9.296130279089352,10.462973772670198,11.616070433484369,7.1325445,0.5538406868231062,0.5737382031907348,11.923249,0.19530470387055238,0.1486789538871364,6.9283886,7.762746342078112,4.647962212684476,6.708395380144748,3.382580995145417,6.449177470058007,6.290139698545057,3.2026943055324093,2.2405596210375878,3.2183884505889444,1.9992894825139458,2.028115892588105,4.78586990263185,0.2784572532105113,0.12504534424848968,0.4194489065452205,0.5833203285244156,0.516207942600273,0.2356675874837379,0.5270609111102768,0.25986223342955467,0.3082156346813751,0.24838889396464636,0.19274897531469556,1.0737637798980837
54500.0,71.10259,6.740743004761036,6.672981892471398,18.58439,5.06596503549298,5.006467563293423,10.511683,83.84184926454326,74.81377938716922,69.72571845860105,74.04816078116339,83.06668054069696,80.68873180158654,52.47284320359339,55.905184166611264,69.3977835432279,80.55814156996577,77.27868990490596,63.62238493497741,7.387769974053145,4.684211289751764,6.417712631269264,6.619272666947978,7.345924727354227,6.39423355866901,6.118594321700328,6.743571170804899,9.861492036648778,9.029540990349934,10.45921413119576,11.699179383466854,2.0833538,0.7077895284822422,0.5587607306784231,10.985366,0.2914531850293705,0.3551411619085794,6.426508,7.40795034865476,8.643441025037324,9.854803576936288,11.231308636431216,11.516733162774184,3.373452097141544,1.3125614404062418,2.3811789002923747,4.783520149940526,3.6554142821155966,1.5557491697530976,1.582858494980631,0.5100749329877329,0.44279690758603957,0.5798839254401434,0.7230731143604645,0.5850309191048964,0.45623468887386126,0.40346143826519854,0.19339023794977198,0.21060764635162635,0.6448640250805058,0.4510094169533525,0.8852616604068734
54600.0,74.40564,6.588468882950302,6.555548915555067,21.940695,5.1414245722048975,5.265596637599262,8.816528,78.80622150404751,75.98239559935747,74.30114121199712,75.17049838611386,78.79043006908124,77.6577220681104,64.86506240935957,70.73269622374744,83.72302226612061,82.91527668119593,83.39017337333075,74.41182951170258,7.451688596666872,4.8763550298041,6.491458308032954,6.678209930793632,7.59491892775042,6.521961057979205,6.296622194056309,6.75974916834899,9.836893295437838,9.2080832018144,10.336607537585826,11.333286023807553,3.1982121,0.6053508214408941,0.7061343673443765,9.125927,0.20107465757180606,0.13437626007707662,4.5221987,11.987978939017763,6.374176236280156,9.961272509794442,6.521599554159679,10.235988899367106,14.14800230301216,7.1547574362367765,6.401619257550207,4.179541292463594,4.5596654377129004,3.5436811056673787,8.217405619854164,0.5951346749978728,0.9364517198175601,0.7104086491456753,0.8288018094074543,0.5515796224907197,0.4617079801216661,1.0858351528196208,0.24144390235500718,0.23607217469058764,0.8077758578136224,0.1741436229474242,0.8750925005075932
54700.0,70.15073,6.707417042088188,6.759289307845006,24.908285,5.22711806098659,5.300232395276898,14.407712,84.1577591627731,80.55567890503525,76.13266030389595,80.23266941510934,86.86221947131064,83.79466318110985,67.6929936995074,72.76457616881261,78.28232870278966,73.98626065942524,74.99455033693495,77.32543681813493,7.568444206275039,4.749744228886584,6.5954459788105035,6.696728461185114,7.399889296916815,6.337205052765564,6.174842400172437,6.623397233206028,10.088710523844338,9.171436884985006,10.369565935116254,11.453705394858725,10.149872,0.31051865363484377,0.401877137188854,18.104164,0.4000104732894013,0.2174434555007751,6.1103115,0.8731608223620637,8.669195379439241,8.505502146310949,5.994341953692516,2.377834780554158,4.953348680736738,17.175399179323403,16.603986409711702,11.431990557009163,4.2595832316131,3.644858710404548,18.17500171442789,0.14902834231032125,0.2597232709115533,0.2278181859867263,0.3607076481607624,0.3759734914038027,0.04555890957084637,0.33204539840936553,0.3212185779338126,0.818992512356226,0.7222368849102404,0.24303648040432996,0.860505194782543
54800.0,67.69872,6.410512822466505,6.506461752429984,20.841785,5.099657845383583,5.225148910563327,12.884323,79.28939588884997,81.53986123915821,81.72547213844373,84.55044601941508,80.43137862385059,73.97431969698927,65.51716096057754,71.13373828415236,84.8032603757038,81.26278236027777,80.10234811415371,74.13821012524939,7.325661285518798,4.625080095595709,6.362348731219292,6.563646673881483,7.243174364904223,6.490010192480966,6.257554385648885,6.901500109166541,9.55631869573792,9.280352615130905,10.695227048254202,11.451267849702594,3.9748652,0.1429505576512065,0.14192780124467233,8.219079,0.08048182652372463,0.10859221059816396,5.979257,11.117610977393603,2.597415535686157,5.659468811163443,3.312827281214367,7.541940066934977,8.991629555789686,11.155298382757705,7.344402049505261,5.875358498817047,2.9989056994467727,6.791338595056084,14.59428582081866,0.2934600168207182,0.2961116299648835,0.4157007538741655,0.5756508698507915,0.11916645163900354,0.19219220379489996,0.09245253763986591,0.06827350378356369,0.27914970055285176,0.43408519843363574,0.6408155466297993,0.9564803727411071
54900.0,71.91025,6.513546117596275,6.586776315793446,19.48616,5.103609416346983,5.239338942298919,10.064366,77.64426827056583,75.85272998305197,75.70271849372165,78.53326133554351,76.89793958894197,73.99371009615014,66.1109870880088,71.70766449601655,80.76274283421259,79.79203139909093,83.68134742590642,74.94431956071872,7.435162154079639,4.91689868250344,6.350561799068751,6.9624934981424245,7.342746882794447,6.284453808248629,5.931173612241008,6.554424245413961,9.904810237850347,9.142079498707377,10.485509465759707,11.478531025261821,6.1422668,0.1550514588953835,0.05668979828422652,10.927356,0.19545704501089198,0.17193942827707437,7.2553377,14.987727599996118,4.272170113928661,6.134324838639172,7.512691934558082,12.45233569968323,17.3072266299573,9.842595287115492,12.66829203320989,8.264443474290033,4.743863620971167,3.579912216878283,7.548109990217647,0.34715944340490645,0.2673541335097813,0.028419894503318843,0.21858917038268696,0.27511475207855135,0.33516510378965064,0.30966490595262636,0.09878496517423685,0.5582229698737735,0.371036194420471,0.33380119326959373,0.8624830105946949
55000.0,71.56686,6.28282653620112,6.398556743984133,25.44517,5.361857422822257,5.408039180304914,5.7666574,82.67609208351585,85.05143113290661,80.92072343002842,83.96021912281776,83.8340386740506,77.08350769164898,64.37667196431661,70.3868791745638,83.00967339125394,85.16048610386802,86.05231802022324,71.94510366112196,7.321036342791126,4.603533206585694,6.3271400073338375,6.356291338972127,7.594270555280325,6.672620574504698,6.505231546276957,6.665860107601387,9.74019742787903,9.395834654571994,10.60751261551396,11.414727505496915,2.0050337,0.5675449883898976,0.5777129596812809,11.215057,0.23635035126150972,0.08530564657998797,2.6466076,3.733722077498585,4.255739454853234,5.393269059589929,2.96279381269509,6.008890551666905,5.09070576608201,2.5410890773155654,7.181877518624847,7.860408251080145,1.3433142034617356,2.04682143202705,1.5151935114186357,0.25378318159712115,0.40403816990754965,0.4002019341852797,0.38780060921790094,0.44854037921963336,0.3410950279814376,0.3938439705096566,0.18311828702791252,0.6222691038811506,0.4963000969690624,0.1292028099785025,0.9377104099813576
55100.0,74.74347,6.72907154743197,6.894944693988844,39.076374,5.676479381389733,5.663515262556501,4.4650826,81.16610518625974,88.58251282731051,83.8798848766523,86.7239293757417,84.40549404483008,77.8246405857087,59.7106837746802,66.18731367392907,78.51515434120277,85.11404032629285,81.14885561573453,66.30895489052486,7.062553512379373,4.414356650701683,6.529845436348219,6.65298837511281,7.472243383180668,6.457086482000331,6.208042014748192,6.701269933268233,10.056007533973556,9.148910895201059,10.317469545996031,11.176731503491448,7.191968,0.09703855791048138,0.03653733995802764,8.614954,0.19595389929490295,0.2181608112362271,2.8649282,1.369499180686912,0.859240467219049,1.9749901751281123,2.469636658328676,4.362686975485492,4.281575758978579,4.477017596921239,4.428813974370333,4.767978864155432,2.7030615177354202,6.950948039965223,6.5251273347303975,0.192020120890737,0.1961491278096945,0.23447501210675933,0.31012643773989107,0.11740535824423522,0.27399277578701864,0.6780446284894232,0.2894699916530071,0.8603843051382738,0.36547033812523744,0.451989609941874,0.8701181903722022
55200.0,71.77906,6.769524315372244,6.854191804756371,32.04449,5.315005952333568,5.400044622006587,1.958608,81.61269227912867,84.70250819349978,82.29380455932453,84.1001007770928,81.45432391110923,78.29349066051357,68.81668769487631,74.37514014578652,84.94118309012497,83.6537650693357,84.42813421667029,77.26193510378154,7.142907871320856,4.479412793459844,6.258757685506603,6.5030790915222205,7.3161322650515705,6.413646465288212,6.141211618540236,6.699679124206672,10.124838657141797,9.4714495112408,10.701196384751897,11.402271217429623,3.7449613,0.7775253895168529,0.673629356477002,3.2729254,0.3460854043428685,0.28311314363608375,0.20530307,7.473492944627279,1.4688326957091498,6.371480021173831,5.2084518916077425,3.0178958400769855,9.51344852195137,2.7577458218367172,3.5005227949698674,2.302324123584078,5.102387302797254,1.0475472727978006,6.771905471919199,0.19244628705930308,0.1763751775760283,0.3597545378465211,0.15894328583246298,0.18918973977577014,0.39725230248490057,1.0172967929854129,0.517560168940796,1.2078345293086672,0.3824339863444982,0.6601537561015105,1.3845286105690997
55300.0,79.811676,6.448218157354397,6.582952480263639,41.99731,5.251520994639555,5.220604924521841,7.584574,76.12269979802657,78.36998878871884,78.24025476720082,77.58742570853246,76.20103077130648,74.72105561927087,54.443477675727415,61.09007056226768,74.45763077358487,83.54272366187892,78.2747435356337,62.85146120778319,7.322392464927244,4.596858002485985,6.348689862034999,6.699447694216654,7.295699433720096,6.550080563201523,6.504743729410322,6.978884536072761,9.963604002046727,9.198419910803528,10.17453318562998,11.211413382326903,7.424873,0.5116069811881219,0.5846115557788041,25.413403,0.12991174554233964,0.16389899550855636,6.827714,3.2147850569748115,9.820789035247621,15.439982272848962,12.084567205331753,6.050544909955273,7.954345506980754,9.291470426571122,8.006754290284182,8.13384757040194,8.866221015583367,10.941229581235167,11.073293885277067,0.1686713015599411,0.12781476957504273,0.738849924900398,0.335219257095197,0.2741761848672252,0.5612223379080156,0.7426185709749645,0.2671038593961732,1.2430316802284593,0.5104831246514951,0.487028007644284,1.1591419532858969
55400.0,73.18038,6.485746011688604,6.601712024315773,26.503296,5.191574660997887,5.283893330299353,0.620636,75.43859908860132,78.87830006021908,78.43179529450406,80.95887306694254,78.68042726626555,75.12288416315701,65.71473946362369,73.0626526239887,86.90465005256362,84.72483853329827,87.15379436120855,73.06695159950881,7.469003316975258,4.614657919407012,6.350591936546556,6.566071831394166,7.390369106716901,6.394211016194322,6.162527116915356,6.796385768773909,9.900954478042031,9.184902456391036,10.297082337574906,11.045140308481892,10.333165,0.3292883111986915,0.4955834132880958,19.5004,0.09722983665278682,0.08730888326324819,0.4260684,4.601975920462712,12.65749694855074,14.618076181500244,10.301553577884368,3.803838508460275,9.305820600039246,1.0162992829707673,2.320090054906755,3.459290892065851,1.5757589777432284,0.9512412461649613,2.7244786594944737,0.31560929523271225,0.315230728716827,0.12895651846473816,0.17677528991899202,0.181737384836641,0.361277642820587,0.2830853646216578,0.2519086434070317,0.6815655170365585,0.3730247887378638,0.2985109425186617,0.9115653765833106
55500.0,70.98624,6.3586182397834135,6.4447495446509775,17.906797,5.247522678859806,5.268527732672838,2.1977615,80.8227026054498,77.94946607466825,76.541176412756,78.5491832046322,79.7662982000903,76.98456585055908,63.21985431837643,68.16272203349108,79.54732482464279,78.36865067913318,80.54687012727577,72.22347072824756,7.340946756747205,4.878162852971975,6.318971629937169,6.754225182721815,7.600285226263846,6.602444680650527,6.304999584441991,6.670910546496529,9.915288518486022,9.085729567743705,10.22775082262518,10.978383255477505,7.4848757,0.36910077567016153,0.394678129765449,14.214035,0.3723565311052803,0.16790022467847565,1.1477629,10.954184855690642,4.898692927621403,8.715110891409058,4.0634161375324,10.536334125177047,13.827731948222029,12.148555096743314,11.959164744399073,11.428136073717074,3.6627590705071866,9.158620805533626,13.614581249280272,0.4170403654509267,0.5006037131807795,0.18482669574798696,0.39242942571517975,0.05768331839294683,0.4107352540592182,0.7278664289642227,0.21276655374767614,0.7705736507455221,0.37316569689154,0.36527631029356394,1.2250544373353296
55600.0,72.03628,6.498105156485164,6.436668755890299,27.533134,5.18124848989351,5.234869068111443,3.6833751,76.65981289370966,75.89656184199326,73.57389794685109,73.75352477200725,76.57086011720398,75.80549965745664,61.45106379511285,67.8652777066415,82.01644399539883,88.66736510026283,85.15972305920839,70.30912200643043,7.311139347573346,4.711843608461469,6.591349278877764,6.786314199439047,7.397619385413677,6.406480733430065,6.104451527342998,6.653300808003362,9.853373022830693,9.353874248302313,10.461322754371551,11.147779674884902,5.24687,0.640506032215087,0.6400292197141884,5.3959975,0.14282590613869325,0.16296192550435837,5.532101,16.193918599285343,5.788824860621583,1.2329964856470457,3.763658128533442,14.152623073698907,19.54709330628831,0.8345481721858132,1.6703403892665634,3.009816252653166,0.3198412353600443,2.060821645683796,1.8078416312687784,0.448913354997571,0.37083800372655523,0.4231069637569077,0.37140461617951553,0.12711690810991932,0.17681370384408535,0.17953444632007654,0.30405435717488744,0.4087981807560547,0.5458193057138218,0.30002346862048657,0.7345363317907163
55700.0,71.630646,6.100918843732508,6.237827599813099,16.350157,5.3330659620769225,5.31887942450525,10.659505,83.42959745711683,83.07925893670789,79.70460192348361,84.93170594602708,82.06767721098043,76.52732828635516,54.13387382940493,57.8642176185679,70.51348609694203,80.37461058683657,77.52135281648897,64.2081402536152,7.388790436462311,4.743936813014035,6.237484386851747,6.498294263345326,7.5233833304534885,6.5250935426518595,6.638093746038881,6.851048461798435,9.95968311830855,9.181859135839295,10.35696152003375,11.423315526499321,4.8292904,0.31604909828928796,0.3736566085221818,17.932907,0.41297906559313396,0.4331770546939247,10.924808,5.076541642322732,7.7527034741406755,8.110041982284118,6.235611990613646,6.96197421733043,5.45506434417806,5.492139957212492,6.375970701565699,8.18664176657514,6.8899806559277215,4.924203527201409,6.0589318168041295,0.34533184033953845,0.4537212116729011,0.42423370277591405,0.30348603368726484,0.5612058701401799,0.6415562700200403,0.6885353342293591,0.24700416371458325,0.5168538593445573,0.6827747637512197,0.24118328918252982,1.136062411748673
55800.0,69.1983,6.269226219231489,6.425498562406305,20.224974,5.249440068640264,5.301007142475149,2.7230656,77.19708269406755,82.12054246900475,82.61374879344122,84.0227147606973,77.83533688886949,71.14376133681229,63.8849337632175,68.18100271778145,82.36955248756637,85.13240784205699,86.4259653240278,74.16500255701057,7.552128230840346,4.887241336519491,6.541697046136995,6.807781365964747,7.34185686050926,6.235044392702865,5.6014518159356435,6.630156059261817,9.976016293684816,9.004206558971374,10.674625937590333,11.567782519270736,4.9063764,0.37750186269857644,0.37290022914024196,6.5700746,0.05207067535829063,0.11565518540980928,1.3078701,11.01529568112565,4.639918840036568,5.090678724035011,2.80494024358291,7.8920553452093225,8.98109253105751,5.218956567810539,6.565070425508122,6.519900414339625,3.5607332955673088,0.9580986349029331,4.339495056534464,0.16670081858419145,0.2761231968133042,0.03537939595461442,0.3091981230813197,0.05387569119049872,0.2971573936656444,0.14684626990487748,0.19506163091930476,0.32111489482592476,0.2975422526471694,0.03664608240578332,1.0170906486062044
55900.0,70.88882,6.055005401993172,6.028151201635974,29.206064,5.227350214421055,5.245608082628416,1.3942693,78.60466267002182,78.96615403314159,75.33881287300697,73.86016532032603,75.80393226075093,77.61603313646117,62.95684035380727,67.53094723561792,80.61451650029781,85.28325390164157,86.92435944698634,72.65178748784628,7.2881179205194355,4.716149933606203,6.6892302337449765,6.980214071482311,7.292521613260749,6.536660890603783,6.247661219135938,6.775833738804572,9.737620725674413,8.843801652400963,10.359805277235557,11.335372315022047,4.994926,0.03615623968848427,0.16922421503703422,5.188749,0.1301404955834622,0.027563123774344424,0.72530276,13.165617044959635,5.51909853471653,5.216256431115582,1.2578951218699925,12.50735549601362,19.652359927295404,3.5100373185392284,6.991082410570637,8.155329475666143,2.9460486079963815,2.348549910693759,1.033996113278169,0.255522275642034,0.3037753264656429,0.1086557455186598,0.11358313690505041,0.26964892793840883,0.2965525666345399,0.3531491209741876,0.2470782292939492,0.7568369479168329,0.3143832878448921,0.2659391798383762,0.8169726356368879
56000.0,68.442955,6.3121917021579845,6.3777226466995325,23.198835,5.230528590189842,5.367749176644008,8.246793,82.75643101826667,80.82233918354495,78.11074870942468,79.61047931736387,82.38244855019263,79.19008278327793,68.28573281408381,73.99291595004195,85.23541093998621,82.49218208647216,83.76254777417198,76.96087268272477,7.550451702454748,4.884418914993277,6.692675858479327,6.815284169865343,7.349384926916964,6.266428723891347,5.854238514908626,6.626553097732078,9.784135817140884,9.121281007743255,10.492145400269008,11.277704316711192,2.241625,0.13662737270834513,0.09994834596568104,8.5621805,0.004175988884333827,0.036904936867350975,6.675504,7.756668723106638,4.843343041734662,10.19761179123295,5.304534909210432,8.124571669782204,11.206326407328929,8.585812501638348,6.204634010672475,1.1802602378992495,6.819073418963452,5.778020620940236,9.482768334123357,0.3727936930709571,0.4530404503525412,0.2384318205168575,0.4274556777422391,0.4136362423699719,0.5735896234512193,0.2564929969196749,0.4633907857234478,0.7612836643303569,0.12450323152481786,0.4806340798351101,0.8787168841683085
56100.0,73.38458,6.48598936141289,6.516610084381662,27.290968,5.272573537726103,5.4150522979109015,14.436061,75.48748563953218,75.15862009422446,75.60149198729705,78.17319289821764,78.40817437549352,75.13557549161327,65.54411116413763,71.84556870824984,84.86524665376176,84.16363685212177,80.69012458622666,74.23377943546997,7.269900560753816,4.612532405763027,6.310202131342059,6.564681610848209,7.557602217979954,6.559463135795487,6.093972006127781,6.7579701206386185,9.971706158532664,9.08971236118215,10.641705368043672,11.1593436620889,1.2347126,0.1738954335137653,0.10273516767557718,12.726179,0.3624083826873851,0.3903214484973859,6.7498116,10.95218957488119,9.171038151329476,11.171866052433414,7.647561254536883,8.24922646803729,12.216858927287527,9.068250990586385,6.432195005383435,3.6166531087092815,5.599641169461134,4.338451544704667,10.613211360684083,0.38831353589451195,0.35226129026157027,0.3121473699284199,0.41592991131028034,0.5354711509574972,0.12523926100073846,0.2721801993328518,0.3983142458996277,0.7645357953388083,0.47018644421266226,0.2634537149554909,0.8927305987346283
56200.0,75.9988,6.40776730934473,6.337038941639047,14.912967,5.292249278028145,5.403532151548357,11.755315,80.9472264334515,74.72166932331716,70.42664377647556,75.28967429654453,78.8676521000488,81.55760918946795,67.68924690770638,74.83684751031446,81.85739131552951,82.95625788707615,85.22891641745842,74.92005799147434,7.277416646518012,4.584535555794204,6.572028636242848,6.745666153577986,7.3928448645332985,6.555967143403207,6.088723189509557,7.12563082519758,9.947794896846345,8.975019887771523,10.286765765503452,11.174235360100996,10.821104,0.6011969908019449,0.6855509341075352,4.607711,0.14880438561013562,0.2523611664824276,6.6582265,1.3612498495608067,10.201928941392746,11.825575993504959,11.524612922522902,1.0152092288847092,7.696143423858165,8.50900977439886,10.077757626694298,2.542452223816131,6.62178578590289,3.6111491979412724,6.511810184180511,0.3220869198194369,0.3220108267021247,0.3683352085129478,0.6482738058527977,0.3583206113850062,0.530412576945016,0.6619467041856746,0.12865651195894828,0.04418500836024268,0.6693763094755084,0.4184867557246674,0.7917144968709159
56300.0,74.408356,6.080767025796106,6.072045075069599,12.545688,5.1675594272229155,5.207693456194274,8.365964,78.63874478657304,73.84245963910364,71.93745226758777,73.71354145875333,77.23029548955509,78.22170546367414,57.36907796755107,62.48982557282358,76.97251691929569,83.39581757570625,81.04397909344043,66.71686598632233,7.33810288776196,4.694275921321574,6.618952389302137,6.709177557248814,7.329580251552707,6.347095132782599,6.201009918182251,6.783925096119514,9.598159925193519,9.089810234608558,10.03594340287316,11.256962086236356,2.6704772,0.06287333816173729,0.15472953037782566,5.8930035,0.03523677803912284,0.020300341723523897,7.031112,6.1343149085855115,10.121574124660945,13.122309510515464,5.661128659667124,10.08040104001187,13.705652999103863,7.81073948024805,9.184298340621723,8.988461398513852,4.219406392105787,7.462014370385854,6.7411772082390184,0.23151783485094457,0.32925487215661847,0.5855959663862566,0.6917710548256472,0.4010703292672591,0.503295674563514,0.2919238517403711,0.2622964021653717,0.6630879825349487,0.5783162825258786,0.41829512201733104,0.9251991199911813
56400.0,78.63395,6.572406859898301,6.747042591021391,30.445099,5.06746417219173,5.2072156764343545,16.217184,79.45357825338228,87.737882167102,84.43426119236626,87.98651262191618,80.77513292424884,74.34740625595663,70.57498168775066,73.55390243261901,77.25517415314646,79.68959650018326,80.16949517323097,77.02083873376512,7.440248283271778,4.92237419205626,6.766964556726642,6.792095321454379,7.646093791026181,6.420790043539049,5.882487676648452,6.5186873512990715,9.604233428849684,9.107423949792484,10.405996310854922,11.314467306163365,9.191985,0.5027260399531146,0.5051223292206526,6.4777536,0.2899423760837081,0.1622920231936267,5.6611786,1.9822614779700498,1.9447754732165268,2.9799614848613087,1.208828568933596,2.0216086481084967,1.3990735022824168,14.145495129297153,8.670632331683771,7.917145787799715,15.913994645209604,9.13517828015376,10.564701038686998,0.6137017854652804,0.4742020190527822,0.8728961356550982,0.7306585620252993,0.8451814826022238,0.7802027821772792,0.522529063445148,0.28814044267594474,0.9227756631842703,0.27356672847135394,0.2807488952727834,0.7069466705084367
56500.0,74.0455,6.670512262796971,6.796132925986775,22.055182,5.255374037598555,5.379882494139873,3.6717987,77.10089263673876,82.48310769582004,82.47599225446612,82.42027913155245,78.52933483568445,71.5602964677402,65.29685672186037,69.96178032224907,84.51934058471713,84.32634625828466,87.04871773731236,75.43054407805933,7.453036889647616,4.662116783850542,6.443826533921306,6.829023462234488,7.301709210583993,6.49309920807288,5.873690964807735,6.745537891530961,10.057492670805507,9.30907171293055,10.449314379042079,11.428665456007488,10.297999,0.3524533596510423,0.2485965151798186,12.0087185,0.18736068418343502,0.19246427485705844,2.561008,11.182565673635521,5.502876257916698,6.484150707148635,4.044094263328527,9.959392903756568,10.690950411397898,4.411413532796729,5.992167524819086,6.150534630640636,3.9091936986594957,2.5252079852524787,2.9715418268960425,0.19905929842428757,0.29432735639149055,0.06851304542609661,0.3493253586673138,0.09004380567771911,0.15230786523448747,0.23378785266627786,0.28002083306209297,0.596060323171248,0.28265740428445063,0.28551484619327494,0.966096555710573
56600.0,76.29595,6.759677493789972,6.79204924776629,25.37522,5.154222355471327,5.245786143057059,7.5772834,81.88628666925725,78.14159109146709,75.93798569242034,79.52872994734277,83.27752908138808,84.01896123737782,70.6853120205811,74.61194315627252,76.04226723581955,74.72533035665556,80.74051139432494,76.44471687542911,7.486859356741097,4.765979399053026,6.687704726193014,6.682461109923094,7.334708835296429,6.293356788355557,5.5530372970451,6.528174558256175,10.046735291844174,9.321856917637348,10.618288710245194,11.550814336186093,1.5007261,0.5245389734436471,0.4433828169879026,17.406136,0.44386621080469074,0.2786596458690788,5.217345,6.6253433575991,7.657610178302346,10.691112872046352,7.625572565060606,1.973000506754943,9.664808981949943,14.815834368337484,12.557184348619367,8.363732765196179,11.151301953264516,8.917540176560133,9.476956316614483,0.37881829914578147,0.36582304321039133,0.16294242820086804,0.2902326702274825,0.3231267048385003,0.44421877035822394,0.3012134999954542,0.3247228156244937,0.8461626102055078,0.5043872664055074,0.2058920569342672,0.9506173040142873
56700.0,74.69463,6.75005890760188,6.842208968552043,18.80631,5.083856253418838,5.183607601933257,5.7691827,86.15945654417175,81.74090016704783,78.4277952591135,84.30286250578678,84.74774872083661,79.62209785770312,66.87968101547985,73.76744904462792,82.23810239981789,83.6599946742536,85.7074921781346,74.66404111830887,7.442986107326334,4.762803971600756,6.283054603427613,6.540457742782998,7.455731123229273,6.347987665314171,5.782023601943609,6.7768002885859495,9.97146804666321,9.160575983716557,10.691691520409139,11.41232148711852,3.943456,0.6451090347623942,0.5746246722707975,4.2014647,0.21619689170400372,0.17893478966117515,3.2855577,4.257517091769091,3.1632104271044916,3.7939908254348107,4.951274574688888,4.490119591891983,5.592120990528467,7.602051212375464,8.786482191483103,0.9810724228198653,7.085366151359105,2.9128021561933988,6.160307264000258,0.2940718607239309,0.3395087394444598,0.21659608011303794,0.5393305082390196,0.045827692305686715,0.41669369078952817,0.42224618393249636,0.21660962239686513,0.5698435683498615,0.3665539633799221,0.17790006217038432,0.6855689384744341
56800.0,74.911194,6.236297035381504,6.260388026542134,27.196198,5.218430548189174,5.304009289152444,8.484303,81.21210844531267,81.97878894451516,78.77390432737529,78.47651981487984,81.20739685250406,78.53485211400142,64.05217161622316,69.59914556302215,81.49189994250007,84.26697535302297,86.43727535627109,73.14728502375796,7.365860106925837,4.44313789064337,6.306040880376828,6.349025827166693,7.634664559935619,6.351578867029212,5.922798995246929,6.531512263642512,9.825621339689988,9.318567926974422,10.932367683660848,11.624828283200792,7.278413,0.4457342162077568,0.5311607377671181,4.1816244,0.26659376056268874,0.18305134458390285,3.724181,9.754167320142626,3.8133316758666087,8.284880492497404,2.6228462384695588,8.411493687897327,11.48640838791013,6.317567101193625,7.784328305703107,5.469059386607758,4.186527025734953,4.1477155043775324,5.424802405627528,0.1258568238786166,0.2526670534360725,0.08169357648201818,0.25116010563977176,0.17216808967578454,0.22222121526702493,0.26172987546617016,0.18972327106272735,0.9281932929458239,0.2588328590465849,0.2639488543521818,1.310655428762181
56900.0,70.546715,6.7561206718315,6.844446037992327,23.441103,4.930571505656268,5.016000983695463,8.273682,83.88848986233693,84.86625308390279,81.36512383954619,83.14153088608897,82.25883679342716,78.37482550169248,73.94135355793412,79.93751726236968,80.86222430617529,76.36913746143954,82.1203274673474,77.96167794104271,7.509179763068022,4.76498915930351,6.6051646578405325,6.6735458757339465,7.412297135881672,6.242539534655428,5.746422496596981,6.616572875843429,9.691189463323996,8.981609108556977,10.602783402912323,11.61147748714052,1.1786605,1.072905296825127,1.123042836142577,5.7156687,0.287442321644927,0.16971102872840801,5.219388,3.3369314797449534,4.450224349378696,6.330759985626623,5.8043977579370925,6.155716625974776,6.265987974849058,10.32567292425603,9.623503682952416,5.696173423788731,11.860911457417837,12.614189432324464,5.099798168137504,0.19572138041082038,0.17889200096818433,0.37095820372139476,0.5283315692561713,0.16404467146179075,0.14341159402797574,0.07130088813109477,0.126946964205061,0.6683463196157045,0.6271759690356914,0.3412774260127103,0.8380073178560606
57000.0,69.74819,6.223256080296416,6.36288795991463,22.446745,5.217711936237038,5.37887406393488,15.850154,83.04201622182408,84.34422253765511,80.07337486486269,86.25933632928877,82.97591501762435,76.77746279707104,77.10021403808032,79.24112813566076,81.4956097390117,73.98318557775528,79.80522369722978,81.97409294865551,7.603076540103667,4.965587851811382,6.710030252997647,6.903642998611338,7.22295633802101,6.17055636456663,5.881362371965234,6.871316798286789,9.666329616535227,8.885552930861477,10.535859451511365,11.320653915323405,4.4838266,0.5689231388340789,0.5426213125747849,6.941143,0.2956445992049091,0.2435612592635431,10.661684,2.3115584378825185,1.3074181591354244,1.2131540070041138,0.467754035272148,1.3025785956032605,2.460920217880714,10.673276216962098,3.600105848994761,12.621888903219038,11.976486911707783,8.264152618833547,8.456738414405368,0.6070507807093337,0.8010488507379975,0.7630115457536609,0.7720990888287869,0.16134319174899467,0.5953893299319433,1.138969912834991,0.7594861372832666,0.5847783365059117,0.4025554265570805,0.46463156977421766,0.6956410231877302
57100.0,80.6166,6.690905871682717,6.683818439172861,19.00437,5.026016800411067,5.167399933503545,11.133888,84.13239050338457,77.92883025117403,74.62994956517969,79.8899090450207,82.61967493752579,80.950762897547,60.46464896279857,67.0972317119125,81.61056319093076,85.61963093863748,84.64216343325876,69.73078668943826,7.185515184337775,4.528254901901181,6.44726602719535,6.561859391433249,7.348534667161633,6.333588151467779,6.127628102723135,6.665911407518003,9.971281571860656,9.276353674086337,10.59431710714891,11.269453445464665,2.1797218,0.4768730286716446,0.35020972702768927,4.400894,0.17277665987809743,0.15532942339222752,2.8727863,3.263814030644438,6.981399567606004,8.620602661010812,9.0213519762346,5.8139413658816945,5.3662753760507815,3.851823179455145,7.3133185847144,8.257721889637434,0.9326607116170336,1.6215139565908216,1.012944714108845,0.10606952989717057,0.05766734833171831,0.31773457818765294,0.4181952762367168,0.1891341342946152,0.16110412953066106,0.13333360712270906,0.04310638914721284,0.2900426945682223,0.22831205598167742,0.35137134985515955,0.9401980236490559
57200.0,79.46457,6.57103230299646,6.5496142357309814,21.133766,5.212602030806088,5.27037365597311,11.386325,87.81738446073041,77.37756415650676,74.1021110960677,79.24713075655374,86.45359390019348,84.53700567691374,60.88265221616019,65.2637232363003,78.82920924936188,84.3274763689527,85.21802770121852,71.07870264003155,7.1919959351216525,4.537856002055609,6.491565057326068,6.910697659614794,7.354300989751613,6.478487816480087,6.184544930034746,7.013194927034238,9.82934640310672,9.136218668181574,10.598664608003148,11.32779565871627,9.367433,0.3499444119030236,0.3491343627822513,8.763348,0.2090887822375409,0.268072332193011,3.913498,1.9765686929822455,2.9724909776538695,3.2560711953309394,4.711795998882377,3.152157959626339,4.104381497932984,4.936000081123233,9.065581310308659,9.899367526386532,3.5212584110571092,4.6898486258104395,3.2244298067965507,0.3894466454307247,0.2500485964926983,0.27420623680161527,0.18338820248209733,0.22299791154204926,0.5290192372116336,0.9991307352407146,0.49920176704108,0.43424184636878566,0.44559441052713156,0.6277691709243208,0.7746409470027641
57300.0,76.17627,6.3510917850682835,6.380859910420572,16.95013,5.276933840461837,5.305026315151355,5.789454,87.70735007023025,77.33621311405598,75.31203945809,82.38106306179249,87.15952335597426,82.20990377211514,58.44734507314561,64.1153045146343,78.10092746137703,84.27491158217443,81.59193640289297,67.26214398566678,7.097171594151566,4.618033030696093,6.559763289094441,6.720899075623387,7.294906841224076,6.298876477425227,6.206817930926978,7.047309345736932,9.927984285504643,9.056386959542708,10.615662438135427,11.370521566048048,3.9696574,0.2650755682381917,0.3207736483276648,10.572774,0.10880153356418616,0.036938267655377305,7.5708,1.5217507264969574,3.8174565758018066,3.1931275517458886,3.2620781258688054,3.054537914210663,3.0606633110163215,6.460008806923048,6.2577052650131115,6.995553143203157,2.487531722727456,5.8524983006503986,5.85836724105021,0.14147201757155606,0.1707161656964328,0.10845564769913828,0.2511792710169526,0.4168742067424078,0.11675713900969226,0.34438344206094273,0.38225899138303654,0.4165389044846045,0.31806448194646836,0.6460337553150275,0.9116469911711994
57400.0,71.2,6.304899978182724,6.329380605847212,15.633153,5.1694642630333325,5.229551441525377,7.181353,84.51229133529768,76.95800106726786,74.07936337375124,80.43100440553579,82.91043064308484,81.18884080249465,64.16629037101173,71.07525570178764,85.07201977041517,84.65613744117455,85.63519554569989,72.05806962591836,7.492318176916744,4.825477010867809,6.6178487723544555,6.728700538820937,7.43672796419235,6.353410331054594,5.8180726403146,6.724466071941612,9.80909552120609,9.005115992309191,10.293145278547085,11.166008239220062,2.139768,0.44064674521471564,0.4729803490724465,13.652428,0.2259040194199345,0.17812943603007422,6.05357,3.8307948803660614,7.989469816726104,9.509580558818286,9.38442840507475,4.495950042368874,5.628936860711403,5.540657640656503,4.359612064403349,3.915370548748323,2.77862311231822,5.596982493423193,6.408988710832579,0.27008201667700693,0.3550363713598797,0.3178875971466237,0.386338648904852,0.46143322651411,0.15729222633573345,0.30760795101585703,0.21021079297802261,0.5578510498901819,0.5097649805033694,0.3792854504185573,0.8732774844508918
57500.0,73.19576,6.737300923963782,6.649561614267589,12.539517,5.394794098772351,5.498815994887937,8.8324995,82.21146573259766,70.83516331305614,67.97060424290487,74.05498635287218,83.82179224147113,84.96338797742658,68.31073840361202,73.53850347843552,86.32613794815747,83.65561348228363,86.42904508963342,77.26845000807383,7.355184851717767,4.6294073936893625,6.5184150850146585,6.812412101971771,7.039787048674545,5.949095267147089,5.79458273874766,6.783114510336083,9.957295627373751,9.10065929259674,10.675796304878617,11.409863890860258,8.427925,0.3960241630776701,0.49383638300395166,6.646545,0.25356442722887423,0.28020526379828065,4.8495064,5.92054916450648,5.030682424064518,4.455936318848665,5.736437058140157,5.960399096745893,1.3941183907568455,5.344132576094966,4.596072214909405,2.617904940435811,3.5899092101918564,3.965500725547879,5.40937471505247,0.1493244813652347,0.05538439538848415,0.23761965519358083,0.40337345151617093,0.43044455856390856,0.13584383604770375,0.2235327436814227,0.20065597718304887,0.4902013818611825,0.18189220244892046,0.3542102012779595,0.8838021666414675
57600.0,74.59553,6.3986836150276005,6.480967494666513,5.715052,5.117995531016032,5.198017313399801,9.102679,88.14585589629564,75.03372598431486,72.28775197459862,80.36532990777168,88.47488562559575,83.81681513336645,58.241419412243864,62.36301164456294,76.77991132301533,82.24658232502237,82.65073645573995,68.15366061675674,7.350610062335868,4.749539428257202,6.808129091939688,7.0553071881098015,7.186895266732756,6.243617881573491,5.751856342236423,6.91499419681685,9.742140638079832,8.917560363206343,10.645381677155358,11.210206543839645,4.4465723,0.09251989447476978,0.11735360817727523,6.0373745,0.04593977189545227,0.05760737320234292,12.253339,2.2378099934278106,2.63138440642051,2.1393532293351694,1.7204237787129335,1.1471524017864518,1.8124918513125794,10.439525082766572,13.192897664818787,13.485752034507598,7.8704187938705825,9.38608453857602,8.384763638221743,0.15057848078721378,0.2278494685658819,0.37282872851346016,0.28611958322938563,0.341386697449481,0.2923433397019827,0.3361428152504074,0.22748537515163336,0.36823095392789806,0.4083763931908004,0.4182491549492075,0.8818595796720766
57700.0,75.063965,6.130402900185641,6.253933630686672,13.6981735,5.291116882407072,5.281701335595705,5.9292984,85.32832690717619,78.74047639872336,75.34670095829485,82.47771738707779,85.6625212867383,79.80821394782083,59.05764907035846,63.6331359159179,77.20848044229139,86.81475068512636,81.59205063850014,67.90501014904511,7.22635142760981,4.658398535044287,6.313483627553393,6.444135085851766,7.474058127874838,6.462059377010449,6.5102354504602715,7.1306369430735685,9.623115521055354,9.279985812512036,10.399528179487174,11.021731228659327,7.7869406,0.3700448821843837,0.4042019088284679,6.2942605,0.25886535327464,0.2089628617286161,5.7318654,4.88418360005637,7.779588011705375,8.005475307336361,5.608474102844672,5.991903178715566,6.276161822926878,5.225413348418728,3.4822128692654863,2.68259407285737,2.9517721948570252,4.015623062835513,5.4171734573145365,0.2581908887922828,0.2170727456688289,0.16641734850383003,0.2605511708206392,0.23070687305392368,0.11265925040155583,0.1502146362394128,0.23361581181844604,0.32821125245065425,0.24032578976638527,0.6290470589213534,0.6762895514449562
57800.0,71.43979,6.147081789978426,6.197087991665811,16.96305,5.186196216023976,5.286051681766316,13.539052,85.30786838745074,80.03559742573817,76.71853970176227,80.0914672937853,83.69094105709236,79.55245459305922,61.262243596172794,67.3537870930091,78.19443899333642,80.94730039995501,78.8887988398562,70.2477295665094,7.637982624660995,4.832201373418033,6.636934008323574,6.714415145590485,7.438433102312618,6.106663295375312,5.812937688246798,6.5351804137427,9.957722328717887,8.822756575393122,10.422489653872338,11.506451951472739,7.234548,0.24429917123881068,0.30980401822918757,2.94467,0.22119038321461154,0.27767015416327934,1.3273473,5.8605802166532195,7.485348844463439,9.087210466206932,4.156115136701528,8.316511099756669,8.464159357065174,13.267378843161984,12.945301639191117,5.960650239825779,5.070297576672621,1.3511216167687865,12.889926331872552,0.10095486816825347,0.27917764037736015,0.3058688890049478,0.31496524129570747,0.4561869080796031,0.37725016942742556,0.6339744099052814,0.040242054304481155,0.27951971956408667,0.25980573235530224,0.5083663693468983,0.8444537398188987
57900.0,74.226006,6.193305740555599,6.26618978798892,13.034139,5.111457231048321,5.2120981162389795,6.498642,87.18519868226967,76.34395112315438,74.0440187143216,81.30126383998564,87.58243292906758,82.97170440026336,67.32754577892047,73.05387794843496,86.52723435028734,82.59118591410105,85.4500357430424,75.80222892907925,7.571432877242569,5.116803518595203,6.627295416911028,6.865905287942032,7.360472305758712,6.039743096070535,5.717046917709837,6.735466574089646,9.698860724659696,9.148979354693958,10.594102029850598,11.732322022101222,4.135359,0.4296109300622494,0.4631140621375857,8.913172,0.20787636334077625,0.167824834262784,7.995922,1.0443312147640287,2.7888922764357216,1.5072761250647153,3.0012707848048055,2.2113265219342013,1.6527563165566572,6.22373109048044,5.72365475370348,4.095467545321535,5.499320910042622,1.065954456532,5.279518157793036,0.23795927656735802,0.5105083512549007,0.44706537352047315,0.15604492434119294,0.12618493197622785,0.24200777979385285,0.4593134481555924,0.3660744545190517,0.40922755684037077,0.4179324434245777,0.6036376169063861,0.7676551829713218
58000.0,79.12876,6.304921966057127,6.3107908077065,24.063135,5.264636533651451,5.381841991243676,10.799825,86.74588441879216,78.75010175221324,74.60377488343308,80.00223209851241,88.59994612540999,84.24365562338075,62.547738473198855,69.08369351029914,83.09592802299919,87.7173243852045,86.1968821747444,71.1518199730014,7.346433467934308,4.767448938335035,6.4792116922384375,6.7252167471030395,7.79104194076744,6.450099722731871,6.373529915175638,6.793281335938513,9.914549738420336,9.142029323633698,10.445425961384904,11.512895567309714,5.244528,0.2820642171854349,0.2920875039138789,13.2569685,0.2246198755516936,0.1599345845255613,4.410887,1.2422261234393992,4.563331111919327,1.9534053411574495,1.100055044098257,0.5706364564062413,1.0498249821237506,3.437674396761747,3.18239600286997,2.9868810421102987,1.2683693883942064,2.529228375015842,1.933917179315492,0.15067339006211328,0.22836299496041657,0.4080123782387574,0.38525490835649884,0.45099825504650753,0.28301174185232136,0.7510358529163506,0.25742646103466604,0.5463971408143019,0.3294797086325768,0.45185737391810626,0.8078787686017944
58100.0,77.919365,6.108216006930388,6.215106501844484,22.03359,5.426169403453251,5.463942994858922,4.6525474,82.76694025855612,76.60501181046197,73.28757012213508,80.53928169171327,87.88601458250623,83.97960754108423,60.03888396645133,66.15591029695106,80.25585194405775,85.95906474739769,81.99576303090883,67.80361250903657,7.421298945537387,4.799856820795806,6.493265934052173,6.908585254742896,7.330943697549311,6.328343367140545,6.325160210725027,6.986391242885781,9.943094474362804,9.256314887433483,10.347525926650116,11.631005326252527,4.7248464,0.3798794472974683,0.32216530735794996,9.845352,0.5492855191030088,0.5211884915218348,5.1871076,4.427310808845717,9.088076390184199,5.888046930406089,3.246508850039405,1.4951588259726287,6.137725722802195,5.64602362051274,3.891869752394595,2.885485415695459,1.6541279853244812,7.042258995025415,7.172917856872369,0.1018937502609922,0.1860884530960646,0.5999630591999167,0.32309624361670924,0.438574178875223,0.6035981374990704,1.0972061887564306,0.6946136869303596,0.5122540674416144,0.20206924383996885,0.8890173300276317,0.777573013789628
58200.0,77.768135,6.290244885290348,6.418057087111181,27.793137,5.461156056116496,5.58409036307241,11.811279,80.45359118843801,79.8982126772642,79.29910819988517,81.24399759090213,77.74675650512755,75.49731486523274,60.26428036517958,68.85252875247062,82.46273811214064,85.26861394688503,80.85543593165681,66.77427144986878,7.232958790193699,4.565847751745911,6.293184997272289,6.807467774727125,7.807534496749134,6.668433881445302,6.840422194949606,6.840374810278117,9.875593562791254,9.207273836968112,10.573765973660544,11.229329560476081,6.2718406,0.6122853294261503,0.5381408799082973,25.1738,0.21396713232490397,0.2630080617420183,9.413633,12.626954553528657,1.9097234792452542,5.5656272319561015,7.538935588561732,7.066747146118465,13.983802012617057,7.351699508364801,4.648806995958333,4.596314348595836,4.257550711559716,9.289895906170676,10.991147157813815,0.3932505979399336,0.3419281052948878,0.5168696303382534,0.3228543081557276,0.7503087401788785,0.5240196074538892,1.7180790541860789,0.17170601892686202,0.778930172071849,0.7352552826828208,0.4155612046446453,1.0072545135536846
58300.0,74.37859,6.575655957215255,6.532126583208921,16.5026,5.110861099243777,5.162126251709775,4.540484,71.56179781643435,68.46329019315391,67.29630295210507,70.52527749883005,71.45330313368846,68.41467931767461,60.69115760778402,67.32402043713238,81.52720072299728,82.2156249892888,81.6655119758024,69.1975315232977,7.335720102539941,4.71896848650134,6.389607966685834,6.846108904800701,7.4759522293637835,6.438809470453637,6.429136247979489,6.991621385315535,9.632274665818208,9.021801951101876,10.249579234811447,11.32260626766469,12.6660385,1.2361912993845037,0.8820929077785649,9.9155655,0.22607675386560158,0.05154628390775919,4.770905,18.500233770223122,22.72979927033679,25.026238672341766,22.19101625308725,16.778649985591695,12.42341206914776,8.309710742008427,6.695496155356255,7.978547691353593,3.1484679595611302,9.360951293537132,10.876296159696366,0.24765717385064562,0.06866671354388676,0.14762227269170494,0.21498791716903126,0.01945408477560412,0.5805567327508311,1.0553043312689414,0.8161229755190818,0.38463819789834025,0.4611778532936702,0.6167540503149527,0.5136604563608801
58400.0,75.04778,6.245851666876696,6.389828352194066,15.88401,5.07008031663808,5.090092174427393,16.144659,84.11032671357049,81.72297254846133,79.45170166370353,84.474203466215,82.90939129259505,77.7112411416858,52.77438346552875,56.69931573318993,70.81368249646272,79.12181692864037,78.15009799193835,64.44934293424724,7.296177609897452,4.699088419564317,6.418319166979406,6.761731361022714,7.494499159769522,6.340860525924854,6.238754054525451,6.81294308407011,9.756226423632254,9.197226349911942,10.256486327952098,11.21426060506004,6.6468673,0.4113739214209893,0.3813069269386437,14.075162,0.22442687741584674,0.2799358249846681,7.9611816,5.398018873389805,6.9707818222369315,5.615138813309705,2.7265549156078386,5.500434489431486,6.246603687028318,14.785465145441973,15.447894255259719,14.24726740277177,10.73257583769618,12.566701049312542,13.089939257896456,0.17339802485062583,0.08586048317269405,0.1542469766910341,0.18240542245036326,0.052937794488249056,0.17835537153005665,0.39693060643136724,0.22700665875617954,0.49073026602344333,0.2449398531792926,0.48325188610488484,0.7413874468898102
58500.0,78.85525,6.370226777500702,6.37326440075433,13.047572,5.08529902768425,5.1722643057544735,11.057332,86.63016612360222,75.65842545292696,73.1499293738522,80.54495118187435,86.84920846226434,84.10163186288484,56.36318757797241,61.52455842020649,76.156434155399,81.01013552032333,79.39398793780467,66.6913031384609,7.220613511995005,4.554502370577649,6.356098330321639,6.804338310096085,7.4916168746742,6.5655347560265085,6.406559711713754,7.099229318111395,9.821021895623325,9.062028100133915,10.474975624336766,11.322259500929889,8.154353,0.20803893870234796,0.2595217294233379,6.1895533,0.14155015737416707,0.1694565791832909,10.341311,1.5120164171195978,3.046389457649015,3.458112743185761,4.383950454270104,2.735963407328016,3.8792312490496483,11.80123438015465,13.198069212401846,12.749700697771246,6.360462866039899,8.08423709012728,10.363999668912788,0.16981880774343866,0.06122749093493575,0.29239907019751216,0.3879404564458387,0.43028832366629605,0.40119704967379105,1.111094509602898,0.2748201507753287,0.5063813478808248,0.48503999879071885,0.09461620112652155,0.9306439338247571
58600.0,74.18592,6.187271862037339,6.241872273180921,7.941035,5.264534353776398,5.266274585171804,9.730845,87.38565621900979,76.3955636308239,73.45354205967172,81.57040458329305,84.07445955822654,82.30931735308936,60.7923071265971,65.59961439077667,76.05127768409467,76.32716193511119,75.8473225279169,69.79927215900074,7.145799915624932,4.588098293445343,6.393261373878445,6.724037076749728,7.738149959658217,6.480405487242712,6.651542127729989,7.158944565660572,9.652613337191818,9.104155040617137,10.010329322982152,10.898871495269923,6.356171,0.2936951155910788,0.35554802691694043,5.706394,0.39617810621289085,0.4251025286450461,5.5953617,2.4300528598351026,3.6320221307864546,5.648640018925257,7.0298829301699,1.4791750869389386,5.104457273388692,19.218954832415573,18.44765025742724,14.813362778287017,9.70476325284621,13.052019712276257,19.297010923376213,0.17746043230257974,0.22904548434884772,0.07880508784625961,0.3884097008844931,0.10761133630035428,0.3196679907141724,0.9545655004844142,0.5634386754812606,0.45567838311600756,0.3729747612031781,0.33624492780534754,0.8845662684340643
58700.0,72.767715,6.1477346600379255,6.064803946099608,11.176041,5.175172125397467,5.177459906835699,10.347954,82.21610487957629,71.72314568619242,68.66421851461837,75.58495019912453,80.48613260137468,83.2855097633415,58.48602390972522,63.33397516487215,77.2667458475156,83.82277208644636,81.9763908279504,67.96960342265744,7.394162839009531,4.600153691270964,6.488684560444546,6.634116192373487,7.669929342762022,6.608492493997754,6.566657299126283,7.436973776854278,9.623523705872534,8.792677858127277,10.33568299781343,11.188340241319118,13.698464,0.43347713197109305,0.6006092120426575,3.4452617,0.1750920551141498,0.1858498802566867,1.6648663,4.779396488856027,8.130793821505335,10.898660949560458,12.887013977726012,5.432892139141034,6.238583468591871,8.543057095738058,7.387180209295223,7.6675228788891125,4.384688959013956,8.805208474112781,10.354072261274787,0.37446808277690313,0.2767124399540509,0.5995233416066901,0.4879043732866004,0.6951260788122244,0.6731343312084317,1.377821951011423,1.1444841304474849,0.5337801701883648,0.7094748832831379,0.23133634544242007,1.0680966074133622
58800.0,72.27393,6.2271571100013,6.228475803866501,9.567401,5.1452532583571795,5.160309512959642,3.133667,83.90907385740674,73.81151908268889,69.80891992864927,76.80665271248427,83.41653558650859,81.61113992144833,61.36470485340586,64.73067914004598,78.57332479461758,87.27188150048083,84.9202950731052,71.86961470728865,7.399180377612473,4.707080596132344,6.632932840435667,6.798098537194115,7.277924070961844,6.489972200633942,6.612269494776231,6.908084322247491,9.611567044612903,9.029986199332567,10.260264444385458,11.261265670974865,6.3342743,0.1631705022669783,0.28820251842476174,6.592165,0.18912386245217944,0.19430859067403655,1.7287619,5.737217255453468,8.781082312748511,9.72754462116933,9.649088132903657,6.178760603801241,2.4627508307512427,4.914963726609524,4.216085281109352,3.651340168076757,2.1019919974388466,2.771482807772637,5.072046922092051,0.29187088772024405,0.06140529568279553,0.23090091340762395,0.5145914675201976,0.40067525423790207,0.13488805929873768,0.5858874629509868,0.2958138273440719,0.4881898528307469,0.5302886664500874,0.40600336998325137,0.9048741742483941
58900.0,68.22295,5.799784681052819,5.924867403703002,13.645505,5.096781847821138,5.035634050848047,7.1343765,81.9048832878695,84.22052879258287,82.20819849990437,85.33494533525767,77.69417756291934,72.42150543257783,57.67974710460771,63.041724521790826,77.18681002686458,82.0179206363879,78.12248450848392,66.06781361633067,7.299002891352039,4.731684099508795,6.300002931697491,6.68305376769646,7.521265303558818,6.618396487196885,7.03791082846007,7.063560764056316,9.321203927818182,9.122034779025505,10.194259851563805,11.074705073435721,2.9474468,0.12553332660864097,0.08807632066527736,8.559155,0.05481774383554444,0.12474825426682137,5.5794506,4.3675021802947995,4.0085033736228635,4.651830689359007,2.4110033728006552,6.7191626328471115,5.549325235380074,9.990141369787983,8.340049255645523,7.441294238443604,0.9434946623987452,7.16131766488399,10.858770508364618,0.20885700026629125,0.13245795759669285,0.31092800441020163,0.2836488750239123,0.48922513336459217,0.4039544900032761,1.0567574270209554,0.15082535474872782,0.6550033783266199,0.4020111135450309,0.4008172681668897,0.9707178570996245
59000.0,72.24862,6.330985621344936,6.423257048019825,18.86078,5.320656894145382,5.259165794150888,17.059435,83.3715517649788,84.09536965751461,80.62607212977379,82.94018813930195,82.7382444787235,76.77694704171124,52.75090148257024,56.8199866606418,70.31171376170795,80.04008299951151,75.78061489623718,62.075026842714884,7.318925584773582,4.748159000394643,6.354905734591958,6.77250807305822,7.582030257374574,6.723952274995972,6.769812604039811,6.962525973988126,9.696179623544543,9.045723501990315,10.397732274783502,11.076816515044852,9.95581,1.0371717152403435,1.0248112691944178,14.135222,0.5486790708870496,0.2837794024122089,9.255735,2.641847099420712,3.931904808311785,7.732584341282549,4.9273932522149035,7.337850350993027,4.048482158407017,4.782976768257528,3.097682662342838,0.451348972090226,1.5411983110160838,1.824147967762147,4.055555011965993,0.5466598314199527,0.629389132422498,0.4647753899775537,1.1518289955213838,0.4155826953395808,0.1857608897175277,0.22516744702972794,0.48131516279436454,0.5748261791605657,0.48702931731018967,1.2059779184554535,0.5357216444126366
59100.0,73.11608,6.279692185948559,6.200355895033667,11.496875,5.245353746342519,5.299118531889224,9.230205,82.0963124203178,69.90510577851673,68.67045284527678,76.52154742545127,84.5185582904791,84.41305022283956,56.87956556445247,63.68912370392662,77.49519985448988,84.29410044266487,80.13892226239597,64.75292127637304,7.357393323523084,4.772963784102825,6.599243389699009,6.717254796803537,7.403280956842788,6.270216079376737,6.100001033271138,6.885083680396235,9.917819176823954,8.932998939874336,10.421564475713938,11.376745091237716,3.8464098,0.4584182563392953,0.5216622311742027,2.9454038,0.131569944718756,0.05778545212020361,8.432766,6.553324163403542,7.0701303013728065,8.103257647974553,8.837570515081634,6.646996023578149,2.4742790274796675,7.401713329781373,9.500460060463991,9.415502945183608,6.696442561226763,6.254008854330338,5.335561292622472,0.23210344552070655,0.41893687708019556,0.25445409474257286,0.7134022582194158,0.2992217454237387,0.18192847065572648,0.4498501966221906,0.3963149834998599,0.3511514059263176,0.5534059832762195,0.34501969439352137,0.6834247385762583
59200.0,69.37885,6.13459093951602,6.156300134900895,12.096545,5.13825024645607,5.100445145550804,3.3162003,86.0819146156987,76.91365987288576,72.81043294300605,78.96541865294408,82.38210494507511,81.73221829135075,58.58427251535164,63.22927341401459,76.23305074554195,85.69922449359069,81.22634313167268,68.08504564988341,7.586377154359922,4.89540118033738,6.55912807736222,6.724591185386278,7.5301896852828065,6.319919873035173,6.097707590269145,6.88587941795669,9.996313752493778,9.031718023901755,10.357547363195431,11.123270213966933,11.8294935,0.2833792770555492,0.2720151094985022,1.5227245,0.0572940729897138,0.09798517064334045,0.75596374,2.8513719372800157,5.068133807352427,7.603429806326985,10.313287293121357,5.918492779293471,6.756684094280084,6.063571559634981,1.4235552937147158,1.440188326666587,3.0248680541376944,7.5507487154395845,9.929774070395794,0.09686774685499973,0.38693679373089535,0.6986030704405252,0.8428205637975662,0.40316837546775774,0.2479042667741612,0.6646656148923581,0.37644965151270676,0.6410306544842653,0.4738633838632313,0.4504463060600286,1.131240195335728
59300.0,72.59839,6.196486159914485,6.143679965068384,9.626973,5.048113697841366,5.0073335825944545,7.359375,77.71010963772154,72.79341616659455,68.76171027723335,68.9686862930544,72.6725246028167,75.86869228657817,53.278910169278106,56.623111691597806,71.21202849423808,81.44400118171778,77.64884371247761,64.17277679727084,7.312203773552,4.813957687316788,6.319260799249341,6.712752544252201,7.4878457587923934,6.547949424219202,6.552636552152195,6.827027349802717,9.850001003986735,9.009103410459263,10.230374534815423,10.950755349249901,4.8999653,0.15941866045343858,0.1040237118791479,3.556944,0.25408384090389596,0.27407901489034275,6.40147,13.26409325989529,2.1533353447607064,4.639719697288201,4.5540720991307655,16.962388558435666,21.778678845922936,6.892426584639605,7.563259182263959,6.7981451798301045,6.381789629964381,6.688222521370108,6.779258069089985,0.23920387420924874,0.2981163195936284,0.3367726211177203,0.39931115112908555,0.4662061011373084,0.5250387808114516,0.6771913006201324,0.1837824630091776,0.9297621647960681,0.23743082725392498,0.36032484868717185,0.8210950542614663
59400.0,72.74648,6.684057596542924,6.497404471068722,18.386553,5.044646246329526,5.035443792687774,13.644818,74.56901294330687,64.52245186724862,60.35016481093848,66.2492221215784,76.16364041633821,76.92895733385174,57.05426867838511,59.34285345073098,72.58106318637216,81.93885312662786,79.99542449432816,67.85327507874358,7.236755796215145,4.648258617264328,6.253079274184221,6.2435009691984655,7.585899859341733,6.4923479804620525,6.621361685710943,6.736088647755217,9.872250387838543,8.83334072432739,10.55300465606538,11.383228194384555,11.436318,1.254716981485076,1.163497123899885,4.2944255,0.09499412777085466,0.09306033534174711,2.9177735,14.837927262500429,15.34637154324319,13.568967355903018,12.777928841871741,14.410949017614467,10.763995040181056,12.796658401730571,11.588074990066154,11.429317281500616,9.798539702522133,10.607733442783365,12.643217094278125,0.41508190215143825,0.34210477955260876,0.3213636221196947,0.575909846700267,0.32829246598574835,0.26125920634253297,0.7774780199859572,0.5974095156136164,0.30575798921399494,0.32092874275883543,0.5676413836396095,0.8940521703141832
59500.0,75.22408,6.286962491203444,6.3648480798181835,18.897955,5.4117798352999555,5.478041077224847,5.479673,78.44116353126752,73.20532782311227,72.6553984907121,75.84910350375691,74.9872706429105,74.42158516087294,62.47140682808086,68.199417894558,81.43711753755663,87.1114643064185,82.85437600366653,70.1470569360247,7.214795846306153,4.490705600819035,6.3855894411471406,6.672822926007889,7.322194877863384,6.4288887323125925,6.587094416591786,7.096936258189284,10.01433601276392,9.421672606656172,10.500507700350964,11.286321224415659,6.7560854,0.4211407035232293,0.4829947288487395,15.736596,0.2619453495972245,0.3576275797573826,4.5391307,10.385711444275518,15.506156832415781,17.978125412568975,14.13036661583645,6.621770222234585,6.245400108777122,5.078982335971045,5.196327299959866,4.6366259001576395,1.5199508685739658,4.883708373253788,7.893741164393394,0.1060565710981002,0.1743815287983122,0.21252790387349385,0.6223848091104931,0.42887267291236375,0.40751385700390946,0.7858251530477799,0.4239408539681299,0.8173940509096997,0.36618494942753904,0.18017563349359153,1.2727118076303197
59600.0,73.28449,6.280241835832004,6.20651190951304,11.311688,5.195132282686973,5.146850167991485,9.892726,69.0547967637881,65.54439184441433,62.30592431314975,63.1638255112861,66.00596694079711,68.87024506319146,55.39178166143225,61.09851884729536,74.5168299104917,77.30339702721972,73.30621328898745,64.23386125096128,7.313006150215732,4.795479323601519,6.655728833889561,7.0121028538112675,7.289145751394499,6.3763107544218895,6.411302399003932,7.080639036789638,9.50398695831297,8.915425924567359,10.262719444272014,11.187780704665586,9.256942,0.6981568068611586,0.401650651886174,8.077083,0.06927800280755356,0.23669009677233288,1.2775757,15.529708735248791,22.812807322849064,25.731173585926832,19.548605387776693,14.781382998070002,16.70936900409397,15.610599068870895,12.534395196718023,12.309794999800832,9.220040812965122,13.257975368872378,18.64959144787183,0.374984392750051,0.37888825361881623,0.44024770631458193,0.4368463615667293,0.5682397989490697,0.5047015175352353,0.7229372737712054,0.7961134059942279,0.9459001315887031,0.486200165673515,0.33197187016596247,1.1876981272163472
59700.0,81.17519,6.185849569990576,6.266371925838069,15.330676,5.5273352908525375,5.636790832423906,13.500524,86.74952782270748,80.59267266018087,77.54851832017572,82.60900732662724,85.55470401052504,80.48640638049959,58.37211984648864,63.054234676979284,76.96880695330157,84.96393396193817,81.64341185206342,67.82336267429051,7.164495746652174,4.461786619632194,6.495717788444793,6.6277780918520515,7.40931916138683,6.529611636841203,6.763280621168517,6.900682912239191,9.982556599165058,9.157738174885566,10.191123393032584,11.517278078352916,2.6068754,0.31147342560500285,0.3409158287708236,21.917469,0.4952233794367282,0.5113350129179277,5.6698203,2.6129035598641828,4.37538758077246,5.6243598807830635,4.51362497156513,6.3723714208084115,4.423853560516232,8.087782697169972,7.134862077094493,6.7879522872556795,4.557387827279197,6.205509939733517,7.663040648854539,0.03425763598274373,0.07568585654591871,0.3224867475006383,0.17934478312968546,0.08054496000119225,0.15007371610108228,0.5751688946697008,0.32812247056090077,0.754746450764226,0.2788375399668644,0.7106938232568952,0.7645800824677593
59800.0,71.34873,6.155704639752186,6.1272012928319555,17.056177,5.131845209987639,5.127438616530745,10.337112,82.33201384130861,74.22397861942952,68.7952481194519,74.09497280377862,78.66339774823206,80.37500310112527,52.069280852203974,57.88566062895625,72.00444837931387,81.5731969253553,76.20537583994935,61.7701385707064,7.293934050745587,4.671020528783739,6.434933155985749,6.897374447903643,7.448233333952842,6.59755651755552,6.629667236612995,7.127673053833257,9.762523562986983,9.144327703478906,10.084010376224652,11.135930042128928,4.405834,0.1908751978654556,0.29866673690450657,12.933993,0.02210008509613965,0.07853406428546307,9.363962,7.154176375080447,11.822998207885457,14.417361793421279,14.905908428609635,7.8101324345038705,5.865607605627703,4.323205938129286,3.3417142486257916,3.0078680304986154,3.6885536231606877,3.341896846014064,4.102137530342126,0.29232563857733634,0.10011473357914971,0.14170906816087914,0.3620111230458444,0.28891452114131266,0.32524355952559986,0.5961781809502336,0.36286416221298706,0.549256632812994,0.5458911297747969,0.3040170571901677,0.6941656658375734
59900.0,68.7059,6.157888493365402,6.167391169395924,15.452595,5.199393618778255,5.185454488309876,6.2795234,85.44664214048794,79.4065909801274,75.55252419515826,79.59536403294403,81.06838543494678,80.34131833808145,64.31040902157925,69.32997507611073,77.8023304975113,81.48301385581208,82.73891224602268,73.03920558427535,7.699959343941072,5.152907114753092,6.938597076823345,7.094620366672944,7.285529201661178,6.188734927674453,6.006105773848397,6.811274923256295,9.58570408945374,8.953945247949385,10.059641653607825,11.193037388046903,4.8511195,0.39758901794394325,0.3576860386385377,12.171959,0.07520467135290172,0.14796427075475604,5.3860188,0.9593098904880581,4.692599279339785,7.959255077266207,9.07415922036239,5.854087542741747,6.8793785362232,10.17061158998192,12.472397459811596,6.318525079383657,7.9752717595693845,3.487763928838599,9.053768639652107,0.038121615281352154,0.33467256344418056,0.11902775513115493,0.3641961117377253,0.3594968888265414,0.22708243522553934,0.1784850302835738,0.10563798624963514,0.7653298088901275,0.7015250386912536,0.3608510208631284,0.6801803711267979
60000.0,66.74053,6.100008534751889,6.17288616868057,18.388535,5.165053708947927,5.2732812156139275,10.649905,86.47932000066328,76.5074575387441,73.98002851596526,81.08050447214553,85.80112185286809,83.75235403044915,70.69391146136925,75.98583723291335,83.83464163251416,79.22171767036576,79.2734648593548,78.79487028846792,7.639360836452238,4.9399401914134,6.657050115807212,6.913217092072173,7.345660521042391,6.36756827674908,6.2672149106753485,7.09488093077455,9.60119583926809,8.909497499509433,10.162056064024476,11.45544425888883,3.7188368,0.21798809955362225,0.37086983282912916,10.773258,0.2738387264616015,0.30318864312300625,6.660715,3.425784103015601,4.553029555488337,1.981220773505046,4.5410054711976695,1.456526699141441,4.538315012872962,10.21526334726968,7.512120710136673,3.434255310666944,8.42789924041491,2.4153797803470036,13.288931090243798,0.059016487953731295,0.07337725850533684,0.47824519067783516,0.3582223840900001,0.1831795816397956,0.4631306429952626,0.5544007092471307,0.9311861986418449,0.7152797971366265,0.20217028495814748,0.32620140771623596,0.7203455663406054
60100.0,74.72654,6.08651833251496,6.154002034990147,19.309668,5.115490158065465,5.089191101528161,10.686696,83.93741276090132,79.85947094283415,77.11179102740554,83.43948118967172,80.78499936070976,79.78708215555093,53.551105775465174,58.965815895994105,72.76090691973144,82.54658349455612,78.20338915301636,63.66900993484174,7.565687835283705,4.892974541339313,6.599364003292375,6.564567179396215,7.444199598278381,6.507919987481125,5.9831116519311704,6.688358947147403,9.83938495777963,8.840456497177023,10.575176172598118,11.35804816085284,7.941646,0.21685716823426043,0.36087621027931105,11.691103,0.2897744826799702,0.07523129851761359,7.031264,2.396212516338416,7.3733448530782955,9.303054697733549,9.675293447480156,2.4405848861815747,8.104586711475003,0.6508448072569806,3.289016255491442,5.004938632359489,3.96458814105828,2.439442258185519,2.2390549496297067,0.15034459489921395,0.36174260588732565,0.5460846287825973,0.5742665402421627,0.45069173847944277,0.2796407635081665,0.3373167895069304,0.16924310617006438,0.5054098061255441,0.4510993545470014,0.2562875800957351,0.6081480344802321
60200.0,71.657646,6.2955805515127095,6.343396640547673,18.871994,5.084760925633208,5.156554159555529,10.4371,83.86484057230659,79.36422267947597,75.6930477814745,76.58620391276487,80.69195186556821,80.25628553175663,62.91447268882473,69.8898846651228,77.53131021049792,80.46485577941264,80.11629668543169,71.38575387664208,7.3305042259470445,4.636051018337709,6.35303135999784,6.450230589451274,7.4376488039496556,6.438718305591792,6.370086583955962,6.946537881700352,9.824867462004862,9.145783657336683,10.32338389547678,11.353359147247337,14.941715,0.2689547910156246,0.3537786222637708,9.840732,0.34672066560466636,0.19178907448965418,6.3678727,7.0140345974862655,8.074214589329111,10.56236246112107,2.746117937158827,9.4093516703788,11.628711500280737,12.531542813533006,13.299275178150204,3.5237742522068376,8.112384474862818,1.220297360257968,11.831848986125165,0.3801157942131896,0.1774213836435887,0.4419983467949527,0.44781558633533497,0.7124856815433467,0.4256302732330543,0.5293519104428407,0.35562971203926413,0.7261835075850832,0.48269468175258856,0.3054473314631517,1.0724667624650848
60300.0,72.09286,6.342461944446949,6.407568260356573,6.2766166,5.078387965764104,5.201972078939835,12.330963,84.82953216964837,76.84023513621518,74.95823362830946,80.59363605993985,81.96041543653605,81.70851860104112,66.61599848792866,72.45918732240189,82.5190604337141,78.9382465093752,80.87967195656026,75.29816955159154,7.543659177500068,4.799517528432467,6.524094694343215,6.739277154599816,7.348555246469659,6.157088008837174,5.964298576270071,6.662594530752549,9.512011362111695,9.193350119491596,10.588665613147716,11.410733784514141,1.3542769,0.18263486026069758,0.21816823295680876,6.6919236,0.05801011329137591,0.0209601065587893,1.9257654,2.201559955996225,7.518062022109539,9.319864225438431,7.011181886186126,5.729934720970599,8.892529025263505,12.256283715851225,11.415891488697357,8.251987824820327,2.796652476530735,5.909340289554618,13.097430473695646,0.42859524416096095,0.30824531003702377,0.32929532909404663,0.638508566386663,0.4051422131491689,0.3561627385651843,0.6326757311456578,0.2309340116706026,0.6289416183259575,0.5243851466595656,0.7382825235375002,0.9281704378041508
60400.0,73.174225,6.3047141161407305,6.3272151473732166,18.703249,5.207501690907895,5.208454550375657,5.6943,82.95789243556874,79.06077588877707,76.10837008044622,76.83970840341341,79.99801472968399,79.4224092201866,57.50332863676882,61.68270629017358,75.3228299070849,85.66965196050187,81.6804224870131,67.77788685856139,7.252528531371554,4.597276506189366,6.3782951798029925,6.510117285480523,7.302893464905529,6.507664068143748,6.416117452938427,6.937023631397928,9.8077976550098,9.12037279911759,10.38796181288579,11.23293143356628,0.91951036,0.17216652747368896,0.0953467808149949,3.1528091,0.13034605920304673,0.23575171348550392,4.9948263,7.710149627816644,7.386874253278074,11.24562872777775,4.312498570859634,9.26062835706815,13.094421141654344,3.6028888165259674,5.775155284797113,6.1940546489820365,4.078188285325556,3.302637435837336,3.313378272989486,0.1722531498225407,0.07626329061392241,0.18731370837222416,0.4458433458460519,0.2768067289732462,0.4031444700514105,0.5617996705807533,0.34615097658797284,0.5957339579531951,0.42450294427868973,0.5555562183698276,0.9692950749261681
60500.0,69.70643,6.352094680468195,6.3919675495909045,16.076063,5.012090713695982,5.0887813687442005,7.539373,77.5173516975565,78.28712517286752,76.7802548264746,78.40918417823923,75.05075494070222,72.84811228517972,67.2206359102045,73.19903153169813,82.95062052135518,83.05824726507952,88.22411357394286,75.7455086146143,7.542567551407996,4.804651751054767,6.726303719433115,6.8255933172635785,7.138831298622485,6.224869180665974,5.7450288310775655,6.671559610732866,9.935605725455387,9.088113678256349,10.523414810237506,11.499456158845058,5.6775627,0.6379772947463871,0.5414237114159165,3.5487537,0.2902037510907247,0.2525897861831653,1.7215822,10.468689095527466,5.3733637308952344,5.634971084923041,9.378010121653759,14.824304511485888,17.632162806267093,3.327625948504373,7.654836963212565,4.212785903300221,6.038207200961211,0.6207441281376537,1.052684930376765,0.1498212999199112,0.3805997510222226,0.16729622096174104,0.17889386982009833,0.30987950771126754,0.12488267613106249,0.459312660176711,0.2342695895788832,0.7788275736134221,0.5536783648012819,0.6986223409227014,0.6655180812409118
60600.0,75.90397,6.397006538809657,6.469864682654223,15.854186,5.304240676468059,5.438323443787797,4.934092,83.57807488230871,83.68123882975935,81.71006734214188,83.05514337984582,80.147919600786,76.11179419439519,67.8149094986851,73.98192237766891,84.97823939371254,83.36337593076705,88.76660053731003,76.47883059184,7.245002972877917,4.493190926102742,6.263271020503583,6.402447249296929,7.308192662833963,6.451198308956234,6.433694154920782,6.832129677350167,9.653811165852412,9.216911152563883,10.565176131937665,11.532109261534151,8.270641,0.4389647572708003,0.47602175329456536,15.8908615,0.10321965700058097,0.1405026392949828,2.0426931,5.588971753281088,6.053676975775166,7.864004076465607,4.729626704739171,10.153519033404807,8.864588595443553,3.477477500704464,5.993684167761589,1.878005086887306,3.2514069358875797,0.9222142568759758,1.3711336744286982,0.3505726305130951,0.19794428810033046,0.425470091173185,0.5750564440776431,0.031513994947151694,0.36118005854273094,0.4929942162880757,0.19344706498973102,0.9288782821441061,0.27110440889299564,0.8144230262706883,0.9829864893537591
60700.0,76.0915,6.412656006693375,6.336478108865445,11.280319,5.348856337325209,5.440807291654813,2.6391957,83.85502774395242,78.15186355470122,75.27248515068618,76.02808067711668,78.83917191628827,79.37445346558657,66.11688887705428,72.4158774397073,82.74817744200958,85.9118734659732,87.64466544829986,73.84356770058336,7.268151550122991,4.578314966519949,6.529579893140585,6.81069607560373,7.586908509976635,6.283158692246303,6.181040666294391,6.555575702136109,10.173994851323497,9.17250492381652,10.391185130466146,11.40277743284799,6.6770997,0.30768433584521976,0.06866631588185979,12.181666,0.21142253736088165,0.2649240057092582,2.58502,5.074054882124329,8.370165752178634,11.930306804597604,6.315754706134512,8.79725647647267,7.988791233850164,5.579201425283658,8.171641565260554,3.1351670523439528,4.754946115635019,3.6428064849890207,3.8048638677034066,0.2304540504398141,0.19976527580340023,0.38068727797892166,0.24106902497203722,0.19208140489002457,0.2407933665552656,0.5502402126857159,0.27767637112069876,0.49861271833445764,0.3224505348438231,0.329058429047876,1.040109846772334
60800.0,69.125694,6.096741181010716,6.14986167279267,12.764089,5.213975654494905,5.167768965798433,4.46183,86.93792512402173,74.79983459216226,71.78136918778422,79.4896960178939,83.87521123575515,84.37902354984503,57.00382665054163,63.99561151875076,77.57827886399558,80.89456263451083,77.83718783273706,63.52234159021833,7.423716026915293,4.804266340643225,6.393388393251018,6.791769883646983,7.403216889411655,6.648373838434164,6.6306245909123165,7.108269285746175,9.699572520079174,9.01658912307373,9.853289243293458,11.03579200372378,2.9054062,0.2488982958304312,0.29950434953404004,9.24269,0.30409022532401453,0.22523202877003587,2.9961722,2.9887979710349275,5.811488080628847,8.530598458499162,9.34924835452867,4.48065500103391,5.917743085899728,8.336537574759928,9.169336897865396,10.027596517772764,3.2526094256192266,9.779444127310216,9.347784089157557,0.17805289276122982,0.17715807431827316,0.3074005168192522,0.6388486910197367,0.27662828554399865,0.3685851133503044,0.2137282454678881,0.3120594501653857,0.5615153851899879,0.3071880237325921,0.14753248272385738,0.8334486946802963
60900.0,66.339676,5.999299727888441,5.955051909100351,7.325915,5.369466480092122,5.332155698097671,6.413099,79.42662267962079,75.41473157136066,72.28167585595058,73.29083086381559,76.80099777372565,76.63929820674876,59.12599647764895,63.663674167982215,77.07122313683207,83.60547573062875,82.45064181273675,68.5833292467828,7.511264751404148,4.815709839689578,6.607833140684388,6.6788330556814905,7.394739900304848,6.511230267957873,6.336207993830787,6.8051207902114115,10.228457653384055,9.019632308177002,10.25658071255661,11.107622995044805,7.1652246,0.3397313449005186,0.23537958473056905,4.532391,0.2865741560408579,0.34207245303180517,2.4484255,7.190248301906109,12.331252709211233,14.907085864651267,7.89890341883689,11.01111311387223,11.28015102720534,9.246775452262938,9.644670673665297,9.631497486774995,6.176431017023314,7.85157728872874,7.642723218506503,0.23323345381064414,0.16470578194943866,0.23833406874663438,0.14114568972972735,0.31371406384218714,0.2888871077155415,0.42395283840062825,0.21222417132802304,0.8272638795553569,0.4463932483011801,0.49680758895408894,0.8026785510724065
61000.0,73.97677,6.217222487510495,6.265974148727807,13.661491,5.112004884692525,5.155492037476825,11.649602,87.06993497398763,76.49900264438348,74.16585926205205,81.46944998864143,85.75819098355272,82.69506758011347,59.690070399857824,66.19808808738578,80.12914117226182,81.12451635710575,80.53475110905008,68.12202600655935,7.281828503887479,4.701987533888388,6.243379577214694,6.639627492866043,7.404172566430971,6.500646252648109,6.529498921027553,7.234077240217243,9.71332428949705,9.0149891033332,10.077541825538122,11.18790290735435,4.5592723,0.2432385395669284,0.17884502974049482,6.908728,0.15835917715568099,0.15667871470373587,7.56958,2.465874315712506,3.8701739656393803,4.255296725137811,4.917616389232827,2.729546634637879,5.198832828549403,13.015725937634162,10.68302033444862,9.868390734845553,5.152269184760892,11.616897991529058,14.371683507582937,0.5504323696944954,0.17519981467693335,0.1810836988339943,0.5252459892714345,0.09089419195316678,0.24064347990590498,0.22402237641851358,0.3385136127726936,0.4474597517901134,0.2668447434431244,0.4370464403679635,0.4435314820685635
61100.0,70.92215,6.233732248307241,6.173298609219551,12.498611,5.25337081483553,5.282466986971962,4.552381,83.34660860936566,75.44185434190537,71.8550728778116,77.11378742365672,80.11620804721213,82.47075829336393,62.64243360634927,68.23084985029615,81.09286338547861,81.74914542053752,84.38437973759511,71.52392035774116,7.415024172900067,4.752443093266467,6.5550526534648705,6.604677286080784,7.519202056017195,6.397077208451286,6.293331404038741,6.420600359032676,9.932504444535704,9.027526931959807,10.210433251527702,11.586969098116226,7.5427103,0.44366330957964056,0.4764912401760424,11.284654,0.23280968373472918,0.26965337952735946,2.5465662,1.292120012162734,7.76937360615852,10.823420716598589,11.727076082014603,6.275522889979923,7.698102431060928,9.491628483443414,11.33933814605074,11.261587222839786,2.3383016526060407,7.191347018005268,8.193080467354502,0.20803188811467355,0.327042398606467,0.3471534144444516,0.4409140435803601,0.47954560431293664,0.1492356500726289,0.3364991392209405,0.11510386393092482,0.8589011270522685,0.2822232883801442,0.730718713641017,0.7833408935210912
61200.0,72.97759,6.404324735211343,6.48839628932583,13.99367,5.367283460152573,5.451337326464972,4.9324546,85.0667861163487,77.12585585638551,75.13423165518999,83.0377944673064,81.98649527042694,82.02548342092099,64.9881008382584,70.22553346077898,84.6978806858531,85.8724403458133,84.20028734518604,73.56861742214204,7.438326110906703,4.7488366983902255,6.491247128559646,6.461602609779781,7.720536065405317,6.484175794505333,6.506188160339266,6.807256561146708,9.862676467214548,9.423650973223726,10.479790254461177,11.14573148350069,5.550808,0.1509390974521939,0.1419938735798629,6.9672656,0.23342891154947734,0.19277529060867313,2.2449446,2.697020682745094,6.547817803819809,8.164686432879293,9.321931478208613,1.9802229855999165,7.06872616063254,5.824127162512327,3.962097504022426,3.2443256987414286,3.672710233416111,1.422863722769501,7.179022512611514,0.4539344363655831,0.4115885777622633,0.4824821155344684,0.6209888233250008,0.5802620239189339,0.3593244206715098,0.6789125950671553,0.08887782345574309,0.9815295920709664,0.4964156427678849,0.2999237797412606,0.9088064076499723
61300.0,73.6384,6.364831917487867,6.313833209404753,8.151889,5.127678046982821,5.26682589869355,4.009262,83.86202300652174,71.38653480644685,66.56977441917051,72.85413432503631,83.11195506028098,86.08265987409283,69.8893754532722,73.97646884199794,88.03485131742578,81.15266528496946,84.83284404244478,80.56398493173572,7.354411276621207,4.749865519274963,6.679664123638535,7.059405585380413,7.457923307960214,6.25618229792018,5.980401768951971,6.577993991987074,9.99057164280172,8.951455854175768,10.503604013376346,11.529026659159788,4.3284345,0.14641083614201536,0.22763513517148473,7.1186233,0.0726985813863176,0.07420945776573046,3.1178577,5.182128590521001,4.710255562461452,5.390064204592024,6.5413495840928215,6.394206926701854,3.138276245863383,3.7979025726751545,3.0043287396853384,1.8656437878851124,1.938492992639978,4.504739999841966,4.458629962187256,0.19240547493022805,0.4290508384374906,0.521307786568221,0.731300106641731,0.3946338556249092,0.405468529084092,0.9939884777974837,0.069039418996733,0.4566946895329209,0.4757501701584216,0.07472594414298604,0.7376553464896617
61400.0,75.085304,6.241860729755074,6.329902679333865,9.034981,5.5103536925331404,5.573929118762272,11.053609,86.80789746964162,79.16744072969976,76.54666657162787,84.37784511140995,84.33393615832952,79.5586398876332,57.00031147239875,62.92791388648043,76.88357730960958,84.5676759960694,79.92143497599325,65.89434283674316,7.221505566379077,4.479838012558662,6.454088713525327,6.852860038926209,7.447336798547352,6.483517132741053,6.430410164647132,6.820282151305683,10.054840238500729,9.240515621833593,10.279389098110252,11.319551782931583,10.394984,0.17658029572590114,0.20867791768252889,6.244948,0.37418591256384104,0.3852641798107168,8.755151,2.85480626702512,3.5697364120529023,4.873268877845171,5.385477591112018,4.258789221201742,4.369702260147904,6.990077539527199,6.060618798413458,4.305787758884166,3.9072356786461913,7.3252436538602375,7.958471118959567,0.33569264742135874,0.15952612590057422,0.09794528569566913,0.10865806105063024,0.21729882171259873,0.1047982010646062,0.3957237806027744,0.05102919259257515,0.7273722844458168,0.46433777387059894,0.10817252612161574,0.8033644742168463
61500.0,71.822296,6.25042120157227,6.2173296525620465,7.8360343,5.078854727632058,5.211018654123303,5.8950477,84.03007479855292,74.19442109036113,70.97676438777893,75.71206417630326,79.00117601235729,82.84043363604013,67.1699940892628,74.42532097099023,86.22193660168222,81.894830813074,85.09425768014502,75.65874516726258,7.659218379943982,5.006370057055226,6.837239870870923,7.173546337327035,7.215072930631535,6.037368855531054,5.771357768235034,6.7380465250144255,9.801090507051578,9.029876683665307,10.40054171305743,11.316224541234186,0.87994736,0.2513655715239059,0.11085606772014978,10.751609,0.22534011865725745,0.2533421935192662,2.21966,1.9968506196883269,6.5675947036912925,10.15441358936945,10.157277552611633,2.4046510607395426,7.623591630224083,6.64375286107996,5.39857683127855,3.125897333792037,5.372939295805365,3.6957356759343223,7.505117015887156,0.1464271317799598,0.2442905550807635,0.31245968383118783,0.41360644023555404,0.18159529957189444,0.11951531337138603,0.3515746576277187,0.1946771868483451,0.8530535603554156,0.259551132935158,0.322003997222318,0.6164627033821435
61600.0,78.05775,6.508500044482735,6.442704721953255,14.181958,5.110105755601911,5.2271355502819405,7.71167,81.30581490696287,77.27423580289926,75.22140593926122,76.22212557365499,79.26941262647148,79.9750195196605,67.80100777168757,73.62694273977799,85.72402026217111,82.67446105503826,86.83775095234506,77.65716329356071,7.371508994951668,4.624968561799558,6.3793594445932555,6.427397820077652,7.210088695723422,6.411105665347482,6.057287510984509,6.676180494316019,9.973212715360619,8.928168992468082,10.574151393163588,11.283820424568475,5.4854965,0.6462882909260107,0.5605211431811814,6.938222,0.1789770401233731,0.10076971546576952,4.811919,3.808847174993956,10.857461946387934,12.377116735288823,3.510188463863845,9.051785845778777,10.820870740269577,1.419100541407244,3.413440010749284,1.398871400352902,3.239729847717451,2.817801632543242,3.1559506871009986,0.12191542765641315,0.16636202594392369,0.29548862219763816,0.6115571406161159,0.39870684974789683,0.14797637216935572,0.621887823949401,0.20600030091183258,0.6469809597406871,0.44101131020687856,0.6278257856861061,0.8574680989974564
61700.0,68.53668,6.135584903160165,6.092558313972144,16.707163,5.269077210857318,5.233663262766335,4.873408,86.89876408349345,76.77242602758437,73.89846289808742,79.83719403660855,82.0403428218513,81.5522612755886,59.950812647817095,65.63967893158323,78.48366873168425,86.01563752979513,81.48128050578067,67.3537151115351,7.424851757572008,4.8190958504116095,6.4464304707278925,6.828911799279775,7.2074822695356096,6.366402448689644,6.018232842165939,6.75262949154568,9.872790326596016,8.829035877547083,10.503098636560516,11.344361592368328,3.2786818,0.1706934261717969,0.09667872296906342,9.044381,0.028240827668621397,0.13481961411783602,4.2215667,3.068118747444823,3.8176621941977533,7.160470700715511,9.25945516676407,6.116768836236869,5.694949998394456,1.3093170424804514,5.4915617218310055,7.661554364607023,3.5065532386115095,3.1401808796163246,3.8960588211600142,0.15140228200970723,0.2757576190502864,0.10057796977606817,0.48206531875596137,0.17549075320016352,0.20585239151561732,0.47080445698440493,0.39423372865575435,0.5436767585850963,0.49982722540341334,0.45578690256115145,0.926022900284869
61800.0,70.75953,5.822340002220579,5.88489942940176,19.210249,5.267220638261715,5.203218758276369,9.390264,86.83303993415912,77.56979222467487,73.81877945171806,80.4791912914395,84.06565536637521,81.5408731558145,55.683262363703655,61.13363824763207,74.57742705467706,77.45293661142335,72.74911512017331,64.31796453182973,7.448365889172926,5.027287356851757,6.609492704925,7.148435614312913,7.335554752440188,6.58959047045019,6.316677063301024,7.018048575797529,9.727698939059877,8.836390078825895,10.062299736172458,11.323209480327243,8.130791,0.33681168842684356,0.2579020232967313,13.193597,0.2147665839911206,0.3140045131517184,4.809458,2.8222217656006885,5.251013681561888,6.174560903388907,6.632514140620536,1.1780660835900756,6.4018897804110395,15.360823018490311,12.574421487036274,10.983459791744703,4.521550142049675,8.651595395837024,18.620150894995188,0.15054608732409203,0.28992185516387475,0.3783547168643285,0.3247254723641079,0.33750236795486865,0.41949894672751287,0.6465258863869946,0.4565837600887122,1.0436128877425366,0.7553721639681107,0.6759160751845391,1.2426929171029328
61900.0,72.618324,6.1282024647384015,6.18500595948568,12.602796,5.132005484195358,5.182756143820563,4.9013267,86.52255465443034,77.00473544208063,74.45938354222922,82.53517269889447,86.47208841988403,81.5434091470991,60.579202378939044,67.86955228341917,81.70285618500596,86.17093362671817,83.36087909274914,68.01073975548016,7.625303676918754,4.876084477245463,6.556069771461337,6.516593946153187,7.146741930230964,6.351381057253842,5.963604203380498,6.835322669795943,9.836051503754414,9.016718746958022,10.376935275214452,11.353546912895903,2.0481339,0.12011448955005942,0.18971197356540445,2.3679986,0.22514090488962535,0.22406035713259517,5.4767256,1.5153432719879056,4.067427496386239,3.4043551591228596,2.546118397093967,2.954325231554843,3.5920341623986185,6.289731383580787,6.624085179438345,6.167986186794081,1.3790778335483207,6.166854583440962,7.083939662429024,0.27159719619808603,0.49669022920904043,0.023229638882606915,0.23995416131819233,0.279359012171884,0.07716614079134487,0.13411303291263907,0.44469327333950776,0.6802401280188446,0.46187012609642025,0.1343862357789153,0.7264909734654859
62000.0,73.65129,6.371822642250767,6.459566170545251,7.8988624,5.047192403556493,5.115618203064549,7.0661774,86.70713922569274,78.79434620282969,76.60498327319506,83.88985992377883,84.33594377968772,80.00063675093884,59.238417799683475,63.973528518589404,78.51528254070945,85.83970293583327,83.9782405222668,69.40677001889053,7.451219142804928,4.815004831333122,6.529018260078911,6.620801524367095,7.36734252859513,6.216463212916703,5.897871524764021,6.532799630730725,9.740064556599746,9.367640673398894,10.552509958054506,11.44930270132244,5.0887675,0.5244965209973151,0.4616155910791472,1.0444382,0.06676656507145452,0.18127965917581135,2.5742123,1.8181198688180094,3.3322304252590578,4.543703391160619,5.1083931633355695,6.27580506074504,5.929773035472807,5.044722595558285,5.088508546408111,5.539749194239337,1.8749139159337849,6.534330439986731,7.111411770314037,0.014452334039773543,0.31923315811240843,0.05618237746528649,0.1856833827360131,0.2589011006562471,0.366197279561923,0.6354145360798656,0.1949507305297803,0.9152969126923993,0.43385839165490914,0.658922116601612,0.9088818420705079
62100.0,77.230675,6.583640254606091,6.5907512972743705,18.922094,5.261556540201353,5.435169976959659,14.84409,81.80092051041048,79.32693194930222,76.88073606738548,77.2819952299666,80.46531787616856,77.92027547434185,71.22035964712539,72.15589579632142,74.26259937524145,72.4477019078173,75.80587997724108,76.32060323530791,7.132389718248881,4.698003270469392,6.605471748876689,6.959351384257038,7.3938973927325335,6.374970831173628,6.296618600401268,6.742612252115653,9.626463213888785,9.324672786918407,10.464851288867758,11.581944406195204,6.222808,0.12616211671657684,0.16410791134834518,7.0949945,0.3225197780643361,0.21315757651496914,13.420306,9.394051086802598,4.395111733609478,6.20307784514315,1.914022409307851,13.432594373748916,13.94887437963112,19.623751213431767,13.731997330866148,11.97776606092639,11.03427046486544,5.2975804289386925,13.8429435718741,0.10426876013950677,0.17419805109338493,0.2334559568354618,0.4789603295468738,0.326779274552838,0.3328394286918632,0.6874791367422235,0.14296347321221678,0.8680720490611777,0.881425646483242,0.15988350993761713,0.9638186539809026
62200.0,69.52017,6.350097538108119,6.401418016511051,13.876065,5.018712779221496,5.137276172671079,4.412577,89.32315401335784,77.85436599896703,74.78695910950773,81.17261762872171,86.38706519068778,82.35428700786541,68.48130112322896,75.24362929131404,83.56361844306599,81.06717061341324,86.3983868046905,76.5735451727694,7.54980983490123,4.687968719307857,6.639114154759013,6.9174780138786005,7.449049042414077,6.343842495130136,6.161316019989491,6.840754340454262,9.7216142497383,9.176709613715154,10.348574558877878,11.203287501620245,11.51826,0.41181679497771106,0.3407128876833439,10.516321,0.13551984842288564,0.024994660024720526,1.6272861,0.6067370235011221,1.6538308959461812,1.0557204282128996,3.213074744170713,0.6214548452702322,2.829315581217056,5.4783194885563455,7.957805459247046,4.307091365284744,6.987835595692289,1.4476971407867714,3.139683915043107,0.28422544338374517,0.35021448455958376,0.10856616220987843,0.38458109989358535,0.1983915091122821,0.40236413707180096,0.7990959119232487,0.3862421554315012,0.3812089148048027,0.6088596394416789,0.18853273220507558,0.79809370160691
62300.0,74.47919,6.251565061592236,6.321329782929829,7.6335273,5.0853094405167685,5.173948469015705,9.546161,84.02281348697149,70.198047410329,67.14899924566215,75.11782427174502,85.04970451020398,84.98996453141316,61.93660662230629,66.3200134818183,79.2232802823974,83.13326813985547,83.71707185304182,71.27877308008306,7.420897501891577,4.80425592639451,6.492473954862028,6.881558582566439,7.41848230262504,6.448316368067432,6.3060689598139845,6.752542027629564,9.750668015404576,9.420915381139517,10.381568722109817,10.952952877511969,1.937858,0.25708312785634346,0.23249113056051274,5.39175,0.0015001552821733014,0.07343491387147938,5.1376195,4.054478267089846,5.213976008201655,7.416085369410719,7.7248047828280875,6.136975481637415,1.1413809619781206,7.225534941139544,9.972515377246815,9.089189281376155,3.753209809864793,4.420046117364638,6.506056492866044,0.2980917123696527,0.45614634937402004,0.42593948031238604,0.42080429315688317,0.4117146240541904,0.34595963721713013,0.34235142681788905,0.3886516955083747,0.7929154678016367,0.5499263374445524,0.19315501105975266,0.9596907052885623
62400.0,76.931656,6.410099017973736,6.426236557660012,12.471837,5.100028836142163,5.253320789254389,6.9233117,81.70776220032565,75.50156839299846,71.76312643649253,75.41450396291448,78.58794205686117,78.05204948880693,68.38893101288473,74.17970943276687,85.30648254315484,81.44299300650958,85.26704799199788,77.90028312611845,7.212872324369262,4.638271331438937,6.491234731060028,6.5836689661011825,7.301619321457832,6.493203977284529,6.512188455302403,6.8952712071630495,9.640208567259421,9.47995155686114,10.268502971240476,11.217384964902616,6.9527507,0.16512502585403382,0.11732980339841266,7.4091887,0.21128891115575943,0.20362961587692843,5.1011415,7.720008299577658,12.588478434047849,15.205907538023261,12.313990183420666,9.250820686232476,7.276905929052477,7.36559796892296,6.9265498067676,3.46463918995323,7.0335842154205155,5.778118393062742,7.752002711693821,0.27236650979046256,0.09356294304749586,0.18501899643371794,0.3159905308027296,0.3133790899034421,0.4342740943044077,0.6084826552623853,0.4845321237616636,0.6507409935290667,0.2637184569941546,0.5059298514708197,1.1671996760169545
62500.0,68.878136,6.209377078677967,6.194467583144292,13.541092,5.132909939725337,5.135194748581203,8.031952,85.43698178772593,76.93182641368084,75.26165421608303,82.722842465812,80.41235508775692,80.28286967780832,60.70931627496493,66.78753513224682,78.29373829386815,80.86589723738781,77.67743541133895,68.44678902669916,7.412118542158393,4.649369081789124,6.187425364543858,6.481661573029004,7.602858610431036,6.694931717307326,6.5039571840948875,6.947893323823746,9.654708098112922,9.186708777267446,10.173105606967399,11.181550201991698,3.7578745,0.1506467396444754,0.17621155982814132,11.351739,0.23543305777854542,0.314506975856139,7.259444,4.102170711761939,5.813897789814014,8.220333248697894,10.87126336203437,1.0117466799498636,5.372111714022501,13.38565265235128,14.231577814585672,11.084649443971628,6.2016381115582595,4.031937019920847,12.220947708633863,0.13705775519568203,0.18197684549758192,0.05503067898158646,0.08784462213336948,0.23540479199270048,0.15057281044499682,0.5377927189636286,0.5954345480927781,0.6322527814627487,0.31207144269817544,0.43244895842245656,0.8337795447259683
62600.0,77.060326,6.678955175601224,6.4288955082172885,15.035815,5.06968156087992,5.148831589689106,9.6460905,65.66371676001053,55.13248608346773,50.6752755345181,56.87318048578853,64.39082902770967,66.36632515481357,58.5687548475481,63.30566750819455,77.91367656987705,87.82283849875307,83.13199312307229,68.90790462867277,7.334379380293421,4.716601004790753,6.347971445251692,6.597754134308636,7.640649922823804,6.438274799297787,6.190269169967297,6.8694337447436995,9.558119937566,9.352936870780855,10.119550421718237,11.158887597532237,10.847588,1.121503822810896,0.7001143197275389,8.271635,0.12880890014109336,0.08570956302937068,7.116925,28.35883050029007,28.475017590028713,28.448360642796995,28.78040423095756,26.59751803373498,24.179931384558238,1.2891472813415399,3.805761069733027,4.085508296447148,1.9811680142179877,1.1722940636624573,1.467274521278569,0.37367702403810527,0.47852176853998507,0.645478555811592,0.6730918754245447,0.6054579544142239,0.6154585846662024,0.5517145219417571,0.300606491156046,0.6570329050287145,0.6381064363341509,0.48158078103622404,0.7041656876226586
62700.0,72.609665,6.6613861427111365,6.581395371706911,16.670137,4.906565205157402,4.879130908646514,11.774071,71.28327963285581,60.62585457769989,58.38355933220215,65.47663551965616,72.42683348784989,70.79732257846177,52.41578695511324,55.69684816579774,69.02987798656446,74.39194771567905,75.92344466287095,63.22255721408832,7.479358843850619,4.934428688846967,6.7307729781813945,6.882933815241546,7.167840106901759,6.276652798197649,6.39951725265379,6.865537532252181,9.664104069405584,9.050033916861555,10.602326426863872,11.220428867895299,10.013134,0.7386073053153547,0.4757714038373023,10.191327,0.20879095358146244,0.05408771811750572,7.480887,27.514688037086753,28.439774229620156,26.478156339153372,26.189446384589964,24.613984954650025,20.26617164547718,13.314342604612213,17.193603880048073,17.256319304206528,6.166768491263217,10.08997375383101,10.639124458037502,0.19749317681873477,0.17576885057111857,0.42939830672838997,0.6606401114156074,0.28801650193634826,0.24779719138811776,0.5427752405510627,0.1964478880818673,0.7727919673843958,0.5017060220625658,0.25206406782204055,1.0858394727056107
62800.0,81.53337,6.085041809367791,6.106395391462635,14.568835,5.157982504118685,5.1975143341571055,7.758425,79.48208745504208,74.69228637714214,71.77243474980979,73.03370260327601,76.85433424567903,77.64146783194099,60.76767977342441,67.07734233094351,78.06620425796403,82.34698386583456,82.7121620992966,69.07684109288418,7.35411635179442,4.811910766119414,6.390962225807027,6.99972230749385,7.31146650841567,6.497505782882436,6.275224296205285,7.197495325082731,9.723807682896267,8.986750920493465,10.016354497524638,11.32038301730321,4.47007,0.12879627858499307,0.12273299721739198,10.421864,0.08004624050797568,0.026477489528869115,5.5901847,9.75540061510652,5.70357594784489,7.755573965705645,3.078935985487678,14.632797224195354,17.98653496120264,10.620023296806183,11.14151695235132,7.000608545264122,5.271611891748847,9.299495146228828,10.217943810373402,0.2769405825434216,0.19495096872171286,0.5219633119237056,0.4463146723892012,0.5771551222006959,0.5874776854581688,0.5700198471254174,0.4195481141532545,0.8184808541936973,0.2055137330927589,0.3660885795655269,1.0428485022636995
62900.0,75.77651,6.672726545599026,6.651718422916145,13.950543,5.062568819756798,5.207170194247833,8.441714,82.27499494260765,70.19374551590555,67.16404182361981,73.54421300482846,80.59332258343296,80.29615232871049,70.48992935207893,76.37582193940675,81.1860912613527,80.11495195453922,81.30175806111926,79.63346190564768,7.1694495764075254,4.75696602450871,6.5764541450661325,6.783127495728326,7.413722028448848,6.409835669235328,6.066752556477666,6.690237082582982,9.788428322621854,9.347819662437052,10.395932158069757,11.372317006268098,5.738533,0.6519937813861302,0.5757325602656602,12.372637,0.20248530674673137,0.2033948411840521,0.22050405,12.809897958048808,12.517930590850856,12.241855113720224,12.166073978978634,9.804743102200295,6.015621899187966,9.340370665486311,9.884452633314332,4.668708821914731,10.050503257966353,2.630176209428798,10.024877935052263,0.1737905435180563,0.5526351749112176,0.5879445306058955,0.6375116254722953,0.3875001178853414,0.3345748731097744,0.7094243744243878,0.44550085101105735,0.4734453498501859,0.8277111522018604,0.08879057093769434,0.8197308927453378
63000.0,77.44494,6.251418186347908,6.396544456199787,13.749413,5.249208221634265,5.31314358957473,5.206469,83.75576470056204,81.88376488649808,80.13138319335151,84.66528521478448,81.72795610670539,76.01163511275978,61.688484848985205,67.072863239398,80.95251448506801,86.55163967594858,85.55100367970608,70.87758160965718,7.165685450521618,4.523289564303503,6.454010934650587,6.907631396171223,7.330402609770471,6.45660653087248,6.5077495182601615,6.844761614366097,9.928947961449735,9.512009858574187,10.442157684104677,11.315916231753642,5.2085743,0.5152982265178364,0.4460395145818153,14.002413,0.2261125219174578,0.18475902703157743,2.949127,7.875574923270511,5.853904240329995,6.547938688230305,1.1950098996261846,6.235366770582204,7.7178369601223356,4.58219404363171,4.877259674383461,5.628512804467104,1.9349744562792965,3.8796725422190685,4.325268372709271,0.5195860180770491,0.3307412559675844,0.3748035451306935,0.3187932424043683,0.60057515987787,0.5102873949039468,0.719948895899702,0.32687606599841523,0.49909342176839955,0.31855094042977,0.6647291895453058,0.6922311324698909
63100.0,83.44227,6.6735941116871755,6.456240484447289,13.482953,5.345293982633375,5.454390259378435,8.143997,64.83956412448053,56.93422077643411,53.38842833859761,59.866488827232224,63.732826627541755,65.56855646482454,63.3056298730221,68.32910507491327,81.6509752597774,80.35620035027617,84.80495201971094,72.79646491287812,7.246030633098125,4.620498446704943,6.381799431006439,6.651863917602818,7.733323926182183,6.544787807778506,6.389788461881433,6.5315111249261655,9.967176173871573,9.45189246563598,10.263039228085878,11.47601295631827,9.666707,0.6973735070518787,0.24358737758338403,6.9126925,0.17120832949389908,0.2079127760775383,5.2661076,31.974762229273914,33.55464892710733,34.519089756234216,36.23799364883184,30.68429531424655,29.04534679202879,9.36115532946938,12.644409012847232,13.679062639504453,2.1524294277556515,6.479837774991824,7.673109612809733,0.6103857481825279,0.47598993929196726,0.4043242235862662,0.4231561940527886,0.4451878684562956,0.16348473935168412,0.500677952549296,0.189225494026359,0.3903400196126567,0.5776377789807146,0.4100864607666188,0.4542558901829958
63200.0,73.703606,6.800404879494551,6.749844616634625,23.357254,5.20186159233279,5.2322718714819105,8.480809,66.03973902577526,62.130568631470574,61.29105492220261,63.434379711963885,66.68572283506381,67.46055323325417,60.639404188483745,66.57578947511327,80.94751867235784,85.00229110817769,83.55412909017606,68.95060638118838,7.315764136527527,4.65406999175306,6.389388491806248,6.635110216926674,7.23798438151304,6.5216834145015135,6.207215321712795,6.7810015776845605,9.856350030038525,9.279991464054005,10.272936544707276,11.279883331256578,12.725578,0.9943245346556858,0.6750462258545099,16.153204,0.33003847490716504,0.29114111864885933,6.7500196,19.416089366496077,24.806809703947994,28.008912107819235,23.304014062084285,19.62436928427968,20.045070827304997,7.968352160130566,8.317920650632379,7.213726900646664,2.052119837344958,6.226344858651665,6.095484916139098,0.4561572078856626,0.44244427535465086,0.0769932495767323,0.15581608888745757,0.09715430092523626,0.09941536607233396,0.20921728708944184,0.1686809408189659,0.6177193117018468,0.25144715265612627,0.3842439831508809,0.398004486477567
63300.0,78.93708,6.450713231888571,6.3116244201820315,23.271515,5.036783240791088,5.062670420141756,11.492223,66.19605543977941,56.630015414150876,53.55371283950836,60.493389060245356,69.54547269421452,67.3432138989454,52.81303056394058,59.468252345766395,73.80139602118004,81.39405237215522,76.64426735303708,61.67681921896476,7.325221664927235,4.667460451046331,6.284834666199125,6.78888290226266,7.305300397373094,6.442680314921556,6.453540599294608,7.033437522058701,9.530031154687277,8.936218044910953,10.143695884967597,11.303386960160092,3.3139105,1.0758554038111,0.7705342165333285,15.081961,0.43031765069266364,0.37755230005096824,4.8221693,33.07328660534508,34.7033522588122,32.92090180172139,32.113432252941045,32.66817330311487,27.982866602371143,7.126015310369608,9.938869804664641,10.231127850399147,5.777857044738263,4.959712648748671,4.161964325414943,0.476672146705647,0.4015053226737648,0.39270715824433244,0.26257467280581764,0.2787958890748322,0.21618527618245068,0.22822556455787638,0.5819540818657648,0.6911656436557863,0.1559627809989083,0.44936042023277545,0.7079928256443939
63400.0,74.54071,6.602275238465521,6.449174042711545,11.877452,5.240493185512665,5.337825301908047,9.7609,77.50497952460816,65.05185389315947,60.86095656929584,66.75009239383976,77.22170237971332,77.0302713465304,66.00359259189257,71.17314944142133,84.89002672612577,85.4232706019183,86.30250443060993,75.3412895518937,7.231513833608369,4.5750045568199695,6.379719769352221,6.748534142119207,7.615865916037589,6.314986301161089,6.001232120657541,6.612081102470104,9.889227333525364,9.24200046718326,10.262452676967287,11.417091483357703,12.225495,0.9889782886374365,0.7468360393818465,11.495328,0.3900702777761683,0.34165134295246635,5.2510896,19.558986138995582,18.415193573847855,16.88309385545525,16.485775212614822,18.14816683296617,14.200758016695161,5.028651876289435,1.3188670519283825,0.9671445646147048,1.702174226378102,2.778070225798699,6.895623161893649,0.21197096206976912,0.12926745705163467,0.1965103431284222,0.6036735004230601,0.2032416568349796,0.09888883284880354,0.5059168166580913,0.23881696592781113,0.44911948761077336,0.43219502930558074,0.13985547746337004,0.17102157385697586
63500.0,74.48661,6.418153609411644,6.267399823427308,19.379341,5.195112335420696,5.269182194749889,16.435839,67.05002837342718,60.99626306855681,58.468951907598985,65.68291976846335,64.92047108922405,62.44587564035063,58.32138160818653,64.16914948072404,77.72806738336408,84.54111832234769,79.34960024614907,65.7953170454367,7.2411676397418825,4.75048953207886,6.35562366493146,6.866457252491048,7.582597725953737,6.6368905129020535,6.632623700644404,7.159380243144118,9.698429529554325,9.154516190815817,9.97793120326485,11.118921719116779,12.20642,1.3162591824606253,0.8080220802397162,3.5131266,0.192528968140703,0.20351216383437154,10.920337,31.67567960428817,35.09161722657136,35.81445452168768,37.14151205379504,28.7662985254013,23.345431540376904,7.602202500042257,12.397781143432077,11.569116330125906,6.835243524169324,6.198604506624996,5.754900956126381,0.5359677922992937,0.3572011998964057,0.4839794366625332,0.7179241968441095,0.6332440128802856,0.25971503853593675,0.8171953419376201,0.09043187442988757,0.2957313489045287,0.4121581406693987,0.4633487278592677,0.7073670104524874
63600.0,72.52395,6.407312773640588,6.2817044996771285,16.508194,5.216455501169674,5.1118930239412,12.110733,74.25716819438308,62.03990995103783,58.863786815896795,65.91097939240235,75.55917463329517,74.66934267774492,51.10473254497657,55.58080996986724,69.23424984871022,77.9990659851875,74.04415763253503,60.259635422676034,7.447554767217849,4.869547477998206,6.49888743706471,7.02460263984871,7.534542500304582,6.465205243040003,6.268217198400123,6.797827990269965,9.496251368593024,9.04364456242174,9.9589708121703,11.007078408899455,1.3513178,0.7361584564739123,0.5109299519810188,4.4823856,0.08378181357006578,0.19061147449323404,3.554763,22.54346353364815,22.12707215757656,21.723988658833388,22.20614013640215,22.35080445661517,17.79105509653629,13.046232654468882,12.860490195033066,12.514307049501056,11.90914748640527,13.328703370195878,13.1570572029899,0.390452610630701,0.45473952572749976,0.6572416618739491,0.7747320205474514,0.5353525705504456,0.2853818872312481,0.6411678001304256,0.03768650073063097,1.211068375278347,0.3642419991875742,0.17812548965967692,0.7473557174844145
63700.0,76.087364,6.302945121410282,6.370825199608226,16.583696,5.005162682239199,5.168432211316942,6.6356378,84.48643498735267,81.35523216937197,79.90867514991577,81.75063271211239,80.78394869201422,77.6347590293337,72.3662961231249,78.86445138649327,86.01650523871722,77.11780842281216,83.49498165323115,80.59882107983687,7.24301413519884,4.449343301217637,6.40242166633265,6.69215499497304,7.440382041154105,6.39750440237323,6.062911425606114,6.940535324214639,9.65789236748716,9.11134285395773,10.332442585245582,11.189490603947732,7.2952523,0.3083559390126759,0.2333352770187758,4.6018744,0.07455619417696609,0.0810100582105467,4.5106397,3.794886428279548,6.309174541166473,8.202177074206512,3.6560660388717343,9.490885174483177,8.896322959952355,3.206027780763273,4.400334111547157,3.0200080606536535,2.879521826869486,4.247184095630255,4.025921215279965,0.15035652675479838,0.24490284805819496,0.5548232869077937,0.7350407706382789,0.3394061292103259,0.1168154284739945,0.504325424378745,0.31046888155119284,0.4671541887778752,0.13083344853414258,0.08468368476577527,0.8707862665932286
63800.0,71.42176,5.8450135940650005,5.878430180857873,10.817754,5.335980994629355,5.269588451820258,3.9452896,80.75671956861164,67.3091697169168,65.4842740934589,73.94776956264548,84.38578603446358,88.56212620743732,56.03627960438653,60.09244038027836,73.69933394025641,83.35867718743823,79.03838941829635,65.47470442903226,7.142066679521445,4.586864530996463,6.3958696068922505,6.788485765860531,7.519799689455282,6.652873032737474,6.40903601520034,6.92667309393767,9.71207356567117,8.977433565812234,9.87787919263595,11.113663381271186,2.4186099,0.21026798466068314,0.336747812024676,8.592224,0.3055920239036423,0.21479882123163446,2.7050376,0.748725367471707,0.5478503101118907,4.218287183454304,6.786567970641118,4.235010382904172,0.556085729889106,3.834562278183622,5.647365149587835,7.005243071764225,6.184673634677029,4.20771846198854,3.2202519904675957,0.1836915134935697,0.23707656231177784,0.2619401992754772,0.3908974340986235,0.5081692587252502,0.32383900275847416,0.4510158073562886,0.13546205491581095,0.3808801096797603,0.1966052519071875,0.4175843447084439,0.8994897068289367
63900.0,73.53594,6.631079774304896,6.262447439299414,23.176592,5.2160061179189166,5.18511955407648,2.5618694,66.32018188324297,56.107090973162194,50.04882937647859,53.214953616341774,62.405421191431806,69.24631301318163,57.83421083449263,62.94122700405541,76.57681512468965,84.67244015193177,82.12402267029458,67.37760741036419,7.122296512910499,4.475120299445794,6.368872513770015,6.671022966686418,7.362525338981935,6.500151601548602,6.792255408202955,7.168956760540706,9.659770840944137,8.863641044702737,10.254534400103632,11.401111355882007,4.265615,0.495333497872208,0.2726154805155267,4.4754033,0.18142075697206395,0.17489005905631014,2.0277085,29.03785496819097,27.921581088822528,29.109336075062014,30.077826242129337,30.16857627656193,30.37757743000336,5.917737793857465,5.8772323197199245,6.856231736884078,3.9494658085628727,5.880498733490837,5.744206674548905,0.3191566517195963,0.19502890717602675,0.39878079052039955,0.8135188859652274,0.5487774688455095,0.21219126398938967,0.36914489065428646,0.38561064110667154,0.5192798105846476,0.45081964662157425,0.07508756882132868,1.0196348049590522
64000.0,74.667305,6.835067742173272,6.709533286911174,15.406713,5.2215449278874635,5.289282955937474,6.7417426,69.43102460478528,57.03287978643093,53.70901144746441,60.18947209874485,70.25063776199013,72.61249404773913,60.98237239630982,63.97861907290078,77.73457286447301,88.62214360654583,85.26783898217305,71.7437029207345,7.37311577875231,4.595556829866429,6.357713908566011,6.902357993069862,7.3576568112464775,6.355993851332026,6.12486831598106,7.050173741083678,9.8648844956381,9.250955719627497,10.09245813915386,11.705914423591272,6.5675964,1.0697377873564504,0.8941697537074041,14.876058,0.3170770044939774,0.2610821070029188,6.2527094,26.25565080297369,24.758043770775462,23.88321784028417,23.64450177332041,25.360332773057962,23.298823577701164,1.5329977557521703,4.124655913296844,3.628767088846854,1.0686892020487992,1.638256200170435,2.2888611308425095,0.24780397305777993,0.33149792749166057,0.21617405787226437,0.6708027151485615,0.6592490183834839,0.32560976026656163,0.40063062577409103,0.6096253133444002,1.0053004979962359,0.5312566696166563,0.2135838570205437,0.7808580144399965
64100.0,77.81129,6.563571624405906,6.477404301921275,8.637464,5.07707204372544,5.105217621226044,12.307274,77.53030461851354,64.77854118358573,61.88556600750959,69.17477305634456,79.71365173971205,83.51708134341011,58.45113052617029,61.67994205566066,75.55918937622806,86.49488895046301,83.69693357690149,68.94277684059989,7.396916831878198,4.64303899965149,6.401974910311842,6.552654590354422,7.595389576443398,6.483607826973174,6.43424878114246,6.594443441739759,9.583254705812879,9.132701586172976,10.220636546313552,11.281016122876052,10.122515,0.8307795924346819,0.7632634552420066,3.4446409,0.28577474586796214,0.18241942959702223,4.3930526,9.344392032855778,8.081798371063822,7.468091533952221,7.729638040464785,8.74712447457456,8.742294994457735,6.2293923012187165,6.174568508379744,4.179608833317838,2.8362887893161552,4.478888262872441,5.279207388485472,0.16439757536777347,0.10494803315957434,0.4002725620920008,0.32582362061497594,0.4640880429432351,0.2326220479330476,0.46840484450954045,0.17287404134192202,0.33389819557322636,0.3679560143935726,0.13162347492803705,0.7705772871380632
64200.0,76.57238,6.6470453658467745,6.4331248969186765,23.949594,5.05615290457924,5.111527657674356,6.017639,72.21329105598348,60.53171576045582,55.432053668904096,60.29114500474299,69.86815597712186,72.76376097623489,64.40035625143724,71.08007440234134,81.46829033230792,81.50582313025919,82.68443689520802,72.76237874757487,7.271423451235177,4.74121491632623,6.6523924546238655,6.573781281638112,7.449774734020732,6.34728038336448,6.094282996012004,6.72213793428476,9.77320250705649,9.286925015181497,10.408410378343412,11.549227685628638,3.9954667,0.8694917209479209,0.6338907135276176,7.3854446,0.37340299831309665,0.20482483743263752,3.803281,27.392208340293106,26.593205525404034,27.077603063039163,26.600118522044216,27.15342062171758,25.00557299719013,8.646108915984987,8.875742132780832,6.105592175884738,6.443592640350613,2.243693375806429,9.110638974928712,0.35235929106314373,0.13984462872230635,0.2119799697261033,0.4939356967620097,0.5686215214101952,0.47519554234460193,0.6013550190875984,0.04212545154811859,0.707263474498064,0.5236499373796218,0.41385504526310957,0.8269125974611287
64300.0,77.98243,6.7098850227275655,6.664029135629872,21.891275,4.966674151738746,5.082660707177502,2.5389786,79.28135859500577,67.9685053585551,64.70833922269132,71.17939159663281,78.54081468978399,76.8551226088984,66.39741230349445,71.18574091356847,85.5677640900987,83.6487295179994,87.04781884418723,76.48627936760818,7.355390894369535,4.64431705210436,6.68211359804242,6.641692608087976,7.484177601414879,6.361163958172795,5.914372143245925,6.59125186900885,9.991602678130388,8.96025312629991,10.205773849612589,11.581534611094526,3.0547018,0.8170091193852139,0.7080265011946564,1.7139531,0.10537097395745988,0.08665170891896905,1.9065375,17.455542100254117,17.744770259751995,18.092259097353047,18.25237630992013,16.366692017266587,10.639103365032797,2.8230578174585075,3.0903741171221957,3.733542669628063,3.4499688485221864,2.6577341906348697,4.823723422603513,0.12072742283982783,0.09629949770565932,0.3309293900362206,0.3723462370643492,0.3749398921318279,0.30619659788794523,0.219151392192991,0.20479587348679243,0.21364936539919982,0.381202918352696,0.17580554934096765,0.7507468027606959
64400.0,76.59792,6.55698125619129,6.321677353145938,16.260641,5.138877611647896,5.208707448734905,12.043063,65.07238539802454,56.68681405429209,52.66385317500113,58.73909885844134,64.78690630555747,66.28755088857652,59.82284906476389,66.80610886898536,81.2776224451318,84.44888320931283,83.06012581133022,68.23628808570164,7.28459551339881,4.655977617633841,6.6786313423601245,6.587091482473859,7.348622628160154,6.369666527666575,6.300469290673675,6.872322135304162,9.803569227220349,8.967541433440696,10.211170032239664,11.612940386517545,10.533091,1.0646199582303497,0.6207159488791795,3.6190343,0.45651527458046454,0.3958645940429143,3.4021282,33.910871597096325,36.00528059617592,34.66725615753494,34.346608978910716,31.287383818550424,30.145170850031082,8.723021529300905,6.71219279799058,6.654371470143717,2.6578157401945472,9.831538439462356,10.2809619040893,0.3175515237295486,0.04372363417638157,0.5969907370090912,0.9253610814060523,0.46570318932307914,0.15540981778494584,0.37985028017542033,0.25884669501696916,0.7205287960080032,0.5117471336976578,0.3582195108501244,0.7983651113801562
64500.0,77.61553,6.823160152891312,6.666049832394735,9.870563,5.176578628288927,5.250147471429783,10.46326,67.56670597053166,55.15987923570017,53.323796308526624,60.84129718935153,70.82079490671158,73.40488109939601,59.950223459440146,63.80322891255705,78.15672400338428,86.96394889322858,84.72710077698669,70.48222648642499,7.5016274847112525,4.79166769116975,6.585812153754456,6.713651013691451,7.3807266991310785,6.175057959775704,6.023325308171042,6.654577062138138,10.071708439539094,9.076625123572834,10.307248587908822,11.569887675225283,10.850255,0.9188558859696212,0.6359981505273725,10.696761,0.1382499678460362,0.1855635053397607,8.448462,27.379575442770122,26.202758354566434,25.95867255102169,25.789688665586716,27.026736471253283,26.282099046904715,4.8856453145499685,3.225229519810333,3.077065863305473,3.1871507087384314,5.598676640082269,5.699609027258232,0.45232194876778864,0.18675468525770145,0.3181101458119342,0.800382034158548,0.4003402877881878,0.30002440571271105,0.283662860576361,0.13637912370891855,0.7967336078919071,0.5403869649104668,0.287158333018026,0.8810308414254998
64600.0,80.075195,6.604369113620521,6.333572712242898,18.455486,4.954962722967491,5.060929754641095,7.2162323,64.00388569303102,51.36375644167067,47.04226717352761,53.44126353480322,63.42054814232963,69.36211976916707,62.754334203898935,65.32600348023549,77.36202910180589,83.16616374774719,85.57269771084749,73.30081045460751,7.203067482215154,4.621348794226955,6.527339287800021,6.684917149571235,7.61533901212326,6.609993400840522,6.532439945318213,6.839027058633666,9.592905658865627,9.093223545264856,9.97679409849939,11.069784781076242,7.0802603,0.6864104519342752,0.5344728280782413,13.848529,0.07884709135889782,0.06448730167021166,4.9805474,26.582715102060032,25.888921776006175,25.823833043837336,25.46139693744883,26.02372461734377,26.931763694389797,6.736323125194182,12.179875240436232,9.820664545695843,5.572134673894432,2.5483952444389057,2.8455768875507284,0.828314915484111,0.43313865462303147,0.16436827511726834,0.37104242507850027,0.23601527586146503,0.4617191232120879,0.6584710347451673,0.24530395167201244,0.6051739812315505,0.3532338937896929,0.4201570992652385,0.7037641321687241
64700.0,77.193275,6.589380340626465,6.3564333427935695,20.448532,5.170873381235057,5.28848036064253,4.2584786,68.37451842527065,57.90947727361479,53.983896922544695,58.96340646722971,67.51567181095912,65.02066061569431,65.40623028723361,73.04199978455863,85.64316593401742,84.84058579643445,87.52243800742956,72.18126124543228,7.0624753311807416,4.555905807629411,6.564461342610855,6.832149386296898,7.319533617807877,6.552684888237928,6.362686843043448,7.101074061904551,9.745202476042257,9.058310985021121,10.200138997817328,11.228018281712359,3.0952594,0.67183364810298,0.24085790452795836,5.5552044,0.18428074436407385,0.154954019590171,1.3967304,36.77014976814951,34.73954514259255,35.976989022860735,37.2359268999509,36.6818482344312,30.54144490821591,0.6807474458481032,4.315217954186868,3.2795058047599808,2.2847563509251856,1.9010458141752333,2.6723211533753606,0.2611586723413677,0.09922629077450251,0.16682870233263805,0.43773024693795276,0.38760032297155855,0.23048823555968873,0.7687901923758218,0.05985333465227241,0.7040916350530096,0.183039935201387,0.19648476862010827,0.5612925276861133
64800.0,76.82706,6.638788247070871,6.375764590925979,25.040503,4.950639427275895,5.021965435958684,7.3343225,67.98289777607006,57.43046818629511,52.631624734875714,57.23228073718042,66.5046531902683,65.98153012902348,58.58354084561637,63.751003352087366,78.28390128442034,87.42664621011153,83.90851778385455,68.54092452360938,7.233604417249569,4.567908855861414,6.4915636653447235,6.520961575847399,7.46460212846771,6.339199665965793,6.1934208488535765,6.6730695997989855,9.723676084347497,8.905456020936668,10.4435562986279,11.574837088597157,2.8540456,0.7681687102567366,0.3841671335555746,4.2092896,0.17363569069228918,0.14596124889400597,8.69935,35.93440372470509,33.22625816339326,35.07759392472588,37.705382133240654,38.53671162481946,32.78171525242253,6.053769782328736,2.826769064096993,2.859243986624992,2.714539692141531,6.606593247236663,8.426399907579436,0.2308501267756596,0.22666816848450325,0.44347579450077146,0.6354385364292553,0.40848179577347365,0.18494388587230193,0.5820486726165005,0.28492770758259545,0.5689430422442414,0.4448608355114556,0.3445736193173907,0.7635490683835299
64900.0,78.89396,6.635715269789859,6.474229190844565,13.271629,5.087513965743082,5.159842817445649,2.757375,71.01202357116256,58.211967804462994,54.883060892460435,61.86061882585367,72.30555199189075,72.89833906347964,63.69759978465373,70.55863634614737,83.95669907621212,84.57832625947883,85.89407104503134,71.86280044852329,7.3519534301368665,4.663539030628137,6.717009576824989,6.932877755040427,7.311986808818975,6.3148307766751826,6.125761265130247,6.814650845270935,9.702439123142783,9.145959068508734,10.23756161111825,11.4339869235219,5.602755,0.945116827919793,0.6742102308028822,10.959021,0.08052232830570492,0.15033792214680636,1.9076837,25.60325875423206,23.687526415965124,24.46550799179185,25.198023332540043,26.419365933959504,23.392633149273426,6.934778713944726,6.203858207745196,4.221634332240731,4.022904226507738,5.028391728199563,6.4796894298163945,0.1852160511928549,0.2691167310111449,0.2629226308780992,0.6201580421505567,0.16388393269717677,0.1338828423144252,0.4142067013729383,0.27471564920924024,0.6580226710869672,0.5180316254076713,0.3115225813048811,0.6768356928567739
65000.0,80.212654,6.472889714297786,6.286898106446599,19.882925,5.165271909591909,5.188832360859067,2.7406414,75.76028716920189,63.779718669981264,60.26763512192091,66.58973105928118,76.29673717070892,76.1403886973541,65.18234117015125,71.7583232331724,80.94791820938964,79.96716431029876,85.03873906762476,72.79292309259695,7.198112221842833,4.526456106771391,6.34276035375134,6.570419319991546,7.392569800770026,6.585045234481988,6.630879375578274,6.955908731437432,9.676857976246772,9.039356235060533,10.187265352451847,11.343635193503223,6.2413774,0.5813569612654649,0.3945983445140589,9.620442,0.2711453949596124,0.10446189280857857,2.6156874,22.098331624680085,21.597360511860643,20.474517957238984,19.762794639357146,20.213003606615732,16.89527156718858,7.408921860002317,11.221206848186451,9.879180083009869,1.1128061274848826,4.536847968242426,5.83884780783151,0.1963933967276058,0.3832719393134599,0.5964300067938524,0.8891559366024928,0.6389160018680483,0.33291589174104136,0.2726493139697409,0.23165763145025478,0.9411927726670692,0.9267007405080143,0.48834913663490365,0.7772365308363168
65100.0,76.05731,6.744398165242821,6.588698835256317,17.233437,4.977662893576045,5.121063140442971,9.440208,67.87011701657255,64.31826985782997,60.10675513946614,65.303191179081,67.778105344904,66.01232551316097,64.01148683610519,69.13619880089142,83.73129607336121,85.42275081344015,85.42022542519585,75.00943390246833,7.309817999910769,4.5051982488497595,6.262300004537188,6.408612762832813,7.389136980866169,6.41515766649576,6.33998564321421,6.8598728082431,9.873191182223893,9.421810969395233,10.315360242563383,11.211219258665631,3.1840026,0.8533094922727813,0.40565686690392344,4.711426,0.12646765626418746,0.14588497682234372,2.1271508,26.028459030803425,31.309359682675638,31.914824384900758,33.249843093030044,27.85372375602607,22.132625132285614,4.721673511622017,4.570072143709208,3.5790080116558127,3.4638049468773815,1.7508534750063578,5.609217225865097,0.08044593156278038,0.18748425139179734,0.12503618156500906,0.5599938302383601,0.3637643506792417,0.301543526958153,0.7325998650102825,0.6020547952177062,0.6048555162824071,0.5474227260728934,0.2234068870899605,0.7535433533755966
65200.0,73.95666,6.477419565114961,6.456038888822165,11.616221,5.15690432845376,5.192475966399448,6.958982,85.67257100528356,76.15256535910204,73.95208548070788,80.1227159577582,83.30730096517112,83.97681464676556,57.736492616446064,62.14936780624219,76.29835905067468,84.07065305967971,82.84552809468791,67.89305255395759,7.364632659680165,4.859234909612231,6.401623579078977,6.712552790529281,7.235516947857076,6.262009284995791,5.888177890781756,6.784941863959951,9.815575380956878,9.145727481612168,10.467015884788974,11.528644630863925,1.1099381,0.3336997832318796,0.2915598552606841,7.9952526,0.3224546746345854,0.19517639090876954,9.84301,1.7881184394322296,4.9783699056593065,6.707288410282236,7.669589047405194,4.094469983617004,7.409573968548658,5.376970482313009,4.115044368230699,5.397389204808446,2.1657760639448043,5.606430435066678,5.770799395323604,0.5256814241037241,0.13907179062963335,0.3633583236976289,0.6010177156531872,0.27757195041748306,0.14757187973565175,0.33311447466496297,0.24062349604348818,0.760595242619066,0.6107868164890685,0.6714040540843914,0.9205281442668858
65300.0,75.12113,6.429548060204368,6.429862245672916,8.485995,5.0336926724727045,5.11866435985671,8.665932,79.1873580234622,72.86762875198367,69.72581195777052,74.94761306269069,78.68990179882076,80.90637553870128,68.20124440967682,73.48286677686126,78.78222468580663,76.56501706718551,81.35938556571648,77.40602832335911,7.5499126441566204,4.756653012888468,6.516679575694273,6.806877994251024,7.377497840507126,6.3438365540594495,6.115916603276443,6.837435825999349,10.100541426931605,8.979711848474768,10.49188876966758,11.620009864519083,11.500612,0.3543944953885184,0.4012102825893108,5.6949105,0.3275289217963156,0.10885671161999162,8.089014,4.0520912354585645,13.38953141296104,14.240488793609321,11.227857321700663,4.1185024970978255,8.920214642164552,11.542187582082665,13.589495777205183,8.59726865189915,6.457067343475126,8.116062707656225,11.422190471953881,0.19323977803353834,0.12429122730536625,0.20521391588918028,0.6456003021736475,0.23561869775653338,0.2867091167719394,0.07678180353047799,0.2560389663495164,0.7893870535213285,0.8909433002333333,0.3090333200252772,0.6693736038352298
65400.0,72.65194,6.434067016030261,6.339558799027877,17.99314,5.131687150622919,5.121403253085976,9.18613,68.4946268562198,55.64257659316792,52.07172406726196,59.626831940957324,70.19397253397854,72.95105774802393,59.978274902864946,63.807780669152145,75.96906824149708,79.79078015222727,79.74988483679535,70.10989099934936,7.335251237522975,4.692856097172717,6.312395405649542,6.524375607065607,7.663426412053615,6.549422771338069,6.48158253618551,6.804988439701909,9.580514669606552,8.999279100758597,10.093172466128257,11.108773849308077,6.970705,0.8979071050883402,0.7023627512617631,11.44995,0.3774124802936073,0.25542159318183427,2.793156,23.91139276917881,22.918207618643258,22.772691863204827,23.265424222681162,24.586391687020367,22.412393514014706,11.939780554368303,13.331153159545991,10.983086910551734,5.984195904501625,6.894014479873701,11.279986020812439,0.24578505548207313,0.21651381463164654,0.4578090451891988,0.3387306585352942,0.636780373953628,0.6832293786099675,0.8279893749926818,0.4985071824418709,0.7620429773666441,0.5837255553684869,0.11759009414733713,0.7970474352104361
65500.0,72.4632,5.796350231556187,5.862953860778453,17.00959,5.295051821159462,5.2917980368380535,8.16821,81.29705306492467,78.19432403670645,74.83336234101733,76.29798408490247,79.8036532518384,76.32870253741254,65.83004594518376,70.47147678028219,82.30674180141423,82.36833411441522,85.35045770606227,73.76189954427838,7.235840990994549,4.613617514390385,6.416331563671654,6.529969289481936,7.535661621826272,6.68359999890514,6.485901182729944,6.958913791888673,9.721392375048291,8.593536654852578,9.947819357303283,10.931978047020914,5.9271455,0.07498647476966458,0.07759516242856587,9.833164,0.050835686811356785,0.07808759684653553,4.641772,8.412034043006841,6.910782942408481,8.934309275616975,3.2486042262099004,14.762045762905926,15.080065254651384,7.505222575246807,8.887642171146515,8.23982363450214,1.8171612177283578,4.567515540526555,6.669730040797711,0.20167258099012306,0.20163384850822433,0.41183132216990437,0.6736171161341686,0.17349573302674653,0.5418387614127012,0.8104063034935939,0.1764735958536614,0.4713897381955374,0.25123303700633576,0.6409841318891336,0.7015156643502349
65600.0,75.003395,6.12072679486955,6.111632245848963,5.618505,5.298033262506385,5.294067902564426,4.211741,80.12967600212475,74.84013316017054,70.73159908402353,71.24320751194419,75.37616159499986,79.61869807133331,63.48653874488979,66.79757927729703,79.81645039563351,85.35521432552231,86.72869802795309,73.4868412501051,7.573995808394396,4.804898475752042,6.612802428339801,6.799636139715546,7.3058473446750085,6.360977616975636,6.331105047318599,7.017364130154982,9.845810651591364,8.959635780514946,10.391096377268402,11.10149501636421,6.8629932,0.4185812308965266,0.32123036628956714,2.4435034,0.1732486032454777,0.11828463443474985,4.526012,2.6642761711526344,12.65964795122137,15.759190251597177,6.45552111343378,6.920565277170453,12.060547594729321,4.0485771843453255,7.414544288796726,8.958493944086666,3.0247181267579784,2.932244780914478,1.9954035183671992,0.4200736112448823,0.5808425949904441,0.45361002851572413,0.7171127903912126,0.5226507657983439,0.35926902134752714,0.2555574012468758,0.2664063120829449,0.3581997675581297,0.8160279754704235,0.5637510900459795,1.083370065522624
65700.0,79.92408,6.405445260056664,6.243072889019939,4.1667457,5.15198717520271,5.200448996682204,7.69367,78.09367376381131,65.54488953158369,62.58577604473539,69.09321179546639,75.70062418690812,78.80802911237642,60.29671238655076,64.02767780123541,76.40928806185913,80.01843212570843,80.85292418593454,70.83217149990746,7.327446564409303,4.796719388656849,6.392087339623136,6.551703645481493,7.654921933801151,6.471800754356373,6.331376554752397,7.019941150999602,9.83915123310229,9.019327746864988,10.326773369823504,11.204531325503183,8.71943,0.40713202875818233,0.5361354403508567,5.486942,0.12045689329408689,0.05410463853520233,7.7561812,8.99287328784572,8.798669815672765,11.51301418331014,13.99028399625726,8.285097857101377,2.9593593125764435,9.650967175258948,11.972200036385269,11.303787643501794,4.834077443678676,3.2396157414945197,9.342657430985728,0.1596669745583674,0.157602294418921,0.39334837873515416,0.9179624063274331,0.6146441683307488,0.21641160234594026,0.3142701641378936,0.4852581632588684,0.7035845851104308,0.7304629527808529,0.5684369947536789,0.9242309154554061
65800.0,84.67285,6.758348267700472,6.5481824335223004,12.940994,4.926321025988282,5.038088465749652,12.034299,69.70161772701682,58.920484682912246,54.96504711006219,60.743798012271476,69.23895686856935,67.55302207764062,59.51428782170375,65.73670173613165,80.55634080705592,86.35674058790994,84.28280088088327,69.7204676851231,7.399482737206026,4.770312782552092,6.450433338405387,6.9005052562745455,7.432106074185704,6.449392155224463,6.043317924838495,6.825919681490515,9.630937142923157,8.820428326375513,10.5349576967468,11.536034380773499,5.2068787,0.6905342722471752,0.33594820840266676,6.480785,0.05140683166258795,0.12638107394049652,5.2266774,32.46156848093477,30.17913599559613,32.04340337036534,34.14142963940043,34.074237435629335,27.83982774257869,5.026106839837336,5.600962981225984,5.7814958813768556,1.8560154062195622,4.530125989530851,4.822886427043218,0.39933046335049605,0.46870750683570506,0.6971780687155468,0.7808040249199759,0.49816593730133446,0.6277655353856403,0.632744170857226,0.2681139925991888,0.3012655369867387,0.6810715514301231,0.5298300722953988,0.4247795588177552
65900.0,74.60265,6.141747827509138,6.159975671326062,6.4968696,5.237893606752831,5.277077694957285,9.79821,83.21192630784172,74.22330015971868,72.74956108749357,80.52759112851918,77.69100688809569,77.74954793414786,60.142908999306506,65.71687760261266,79.63994698953499,83.77902570484913,80.49034759614558,68.73011957006857,7.366353997501048,4.616791615895254,6.573371565742799,6.7739657149584644,7.340893896617697,6.3806190767545985,6.388919067567756,7.074814187559972,9.960518169957437,8.742625112196107,10.570865688200547,11.363614509252448,3.8841116,0.3394354407680898,0.13981325398975822,7.1739445,0.0800498270644658,0.02110075490394024,1.2874196,7.3199513349013845,9.995866647973022,12.323177894395041,14.229439382009705,3.208262811104915,3.4039839887736285,9.485707538632365,8.213263551545452,8.15828694622648,4.605724173688231,5.474738062959489,10.010507654780442,0.21857023448017676,0.4252803772711924,0.19549668075979493,0.4150504709050188,0.622710680098367,0.4674081331866509,0.982571307810044,0.47146806103147426,0.3055041910521608,0.3650513006528844,0.39833938572476446,0.633525850937694
66000.0,74.66648,6.360140415352002,6.4773932306444495,16.696676,5.0729236554032635,5.084928702323274,4.208051,87.61709215748203,80.55246752619034,79.3363059982404,87.39503221897502,82.09763974400778,78.15983637080001,60.831351019780534,66.9242464777556,80.6106942859186,84.22502908651211,80.35760545297897,70.09335096022171,7.4700114882427515,5.038633519858247,6.630953792327627,7.045797193685331,7.10337610666723,6.161921226674013,6.125374459965587,6.93587792249959,9.653441120367141,8.675587009375954,10.61175489395472,11.261001024755773,3.2068858,0.8701620709321842,0.8407499989707095,7.2238593,0.13032023070427665,0.2281681846621286,1.4174579,1.769807056618127,2.800754980989789,0.9138453072067045,2.4561838547798955,3.820762005931385,2.033950528812523,9.469711364199867,7.925288020151773,7.3498141275663755,4.3138589443180155,3.934174972155034,11.151421254517494,0.1828372540739348,0.1432503651630997,0.5802155607648103,0.3682291055933972,0.21725246513435223,0.25423664709847715,0.7938431561601488,0.3623552401116346,0.5541674031517676,0.3300135903361188,0.6553572449429023,1.077992827200819
66100.0,76.010735,6.447091985059305,6.308043890631029,18.438581,5.196547116404594,5.201708522336065,13.246178,69.94985470181769,63.06310770910799,57.98104508062216,62.42893684352534,67.14739488752411,67.62162118314119,60.34181884608918,65.43234388060307,78.94750021748955,87.86086939574903,83.22338954988244,69.53478707916331,7.15501477662217,4.677469917296064,6.340451581883208,6.923902126241071,7.466574334839531,6.425685803968136,6.204496451876962,6.9952406565033804,9.932508155110503,9.00522716824482,10.216090725595224,11.405723257894794,6.510635,0.4798961277944907,0.4550236920494407,8.982289,0.2502743050673698,0.14761258257453433,6.926218,25.449186264693807,26.91234280378074,30.812775970175764,35.16572187487301,31.063059108651267,24.62713366286259,7.03617068324704,4.447180695824569,1.7035446993873657,1.4004608389817013,5.425274031378092,7.054509705767365,0.11792158645018098,0.21097209222147162,0.20581234991474354,0.6222517857624256,0.32228803543450024,0.31308712113551296,0.6938798159865377,0.2552726750193124,0.8729348121726387,0.6263840714140294,0.8116931682470271,0.9909069203288657
66200.0,73.79252,5.904413122440848,6.008418427701607,14.93044,5.033329845203718,5.000689957698472,16.18855,82.74216102852078,81.45379773923042,80.7281267183847,82.9601970651983,79.9535880553809,74.51887331193804,52.43566932125958,55.018728908824436,69.00683262839969,76.7429038632236,75.47226150970373,63.466580652965455,7.384605781396675,4.740790024381014,6.455329985934136,6.551452174838434,7.347154498001398,6.450620392398794,6.217648877573015,7.114278033810915,9.618953667727743,8.72368800471027,10.305870961671353,11.27962457999052,5.8096623,0.00830714117208098,0.05487682005933781,3.9906578,0.18639834086769477,0.19874898391091075,2.9803507,8.425399353168809,5.295219939854518,8.643761125694036,4.741112714678503,9.978036926491209,9.17058420625796,14.373207605123596,14.244123590036946,13.015132404939031,7.040942695022955,9.246865905907683,13.888942155590017,0.34922890237112847,0.26078365476582616,0.25084450611404674,0.33839792057684104,0.2449018224443556,0.37247830499825113,0.28111561441238747,0.16539849483694877,0.33006997898381474,0.36591822553944153,0.5319586056723474,0.9905629045477929
66300.0,74.575874,6.5303923942093505,6.530642995550817,8.522087,5.2175193803461255,5.348737240445067,4.922071,86.04912774004059,73.83635154846841,71.76600994199451,79.25875924033211,84.28526732613184,83.65097780003026,71.37790808453572,78.75112695242672,83.4981797667787,79.2710537917324,86.18390935873896,78.22848793860923,7.207543284033952,4.622011818459456,6.494468969264228,6.804904215497376,7.316079120568336,6.335507363391701,5.874572482114641,6.616688842512129,9.806593226684535,9.040715877251342,10.554895426144837,11.139929667048172,2.2514892,0.16067015861424572,0.1375355628485765,4.767211,0.1774656753393197,0.20485536642317828,4.061011,4.888603314926193,4.140381142984816,5.811134545315826,7.500153356891042,3.2065142299282363,2.6304669353933234,4.398204298846856,7.554498893762484,3.661225520737527,5.2381078450402345,1.9618288855428938,3.386370821703069,0.10768551808581013,0.22729017311560837,0.2190244218483971,0.4610040615691604,0.27261571598124035,0.39396450241119385,0.3231866228299751,0.0406117939262078,0.709505151167045,0.5275085111757682,0.2270691276644359,1.0701830067550657
66400.0,76.60486,6.250922632247044,6.216740544324093,15.0039215,5.322445021277894,5.380589255087512,7.7836328,72.98589921389215,65.30383729640498,61.525387466151734,68.37260591156505,71.06109513304757,72.25476825835138,65.03747485748035,70.3391190614518,83.84999858141462,83.64980259299587,84.22608924345047,73.16251669712882,7.547080842073206,4.877755003758523,6.475541938221215,6.811497167962553,7.466922159207947,6.266272837166739,6.277804182581043,6.91285006135708,9.65599410938772,9.147219826030993,10.161329332203353,10.848593244121446,4.2142377,0.5582217668047301,0.3823177945246091,5.7978272,0.17024110484085023,0.11107659149866433,6.020854,19.100480074738375,23.625114649613096,24.93941253193875,25.54799331367528,18.423666148846,16.080240940748826,6.6978854319762995,6.903945089443668,7.008229458942717,4.0559356642927,2.1257598012553762,6.163375858587756,0.17672429881037488,0.32272948440055876,0.416240179380714,0.714322406393814,0.36924800045946005,0.166727221242977,0.341284881435765,0.3043371058162036,0.7396255861067158,0.7246740057031575,0.8392605778483258,0.7123935342942286
66500.0,83.13956,6.751442643686261,6.74754704000042,13.39341,5.22589104460722,5.420093894027687,12.703931,81.77536358921843,76.10086570670605,74.16045606790313,80.23258727760259,79.23432653060473,78.52347914875241,66.31773350462176,70.63604203522289,83.25036030503313,79.88467428796721,81.49813006315158,76.93450832299156,7.358642280028353,4.694631612363573,6.484532510678764,6.583838478691237,7.669414683792451,6.44764727966044,6.02481623120072,6.621923816119609,10.067300029356197,9.079781450745045,10.62789970568865,11.435580040431802,5.271099,0.27453078680622345,0.11164564986526514,12.142493,0.10950664045382255,0.05726656334108717,15.740008,7.14967522810826,11.924516322973249,12.339198106696626,11.549034822174349,4.190756636999424,2.1686682920753455,11.142277864192865,12.056282604008532,9.273018942082128,2.813175025919684,4.174333833449522,9.591266686681173,0.12570988764731156,0.07236244507238544,0.2880905036853214,0.2918464781783989,0.2040361123707032,0.2784347276931999,0.6427734231963834,0.6107103667340278,0.37339038597120683,0.545945688867241,0.2211133554243943,0.8566278882973151
66600.0,75.234985,5.9913018806258975,6.068678557746359,12.949817,5.147064260995259,5.150111995588868,3.4859746,80.42632765343484,77.62896336523282,75.14871209149432,78.42749695707965,79.52051731891503,77.09434706942484,62.966731727556386,68.21044705036944,81.95839338306094,84.50852120188843,85.2701224168734,71.13162589091529,7.174225783752647,4.772374817099042,6.337965313665283,6.715896202746902,7.5556903929367465,6.5851572941033085,6.385019214190809,6.717821041297639,9.795079859204279,8.809587074741936,10.251541222468331,11.245139755186322,1.539769,0.3310452862136329,0.24328047265209704,10.627502,0.1543440534728318,0.2056667970140441,3.110119,4.161021364889023,11.846773239120537,12.530995448312973,7.356239876590573,7.183207441715087,8.48254756184227,5.446843561331148,7.941642301542105,8.83556954709879,2.7689337334102535,3.755901509801612,3.5548237913453327,0.078869161114265,0.4400382441016563,0.3703955247753202,0.4281595294730539,0.11080113201429036,0.44856765312634117,0.14387824563712437,0.11331351023605686,0.6006920149606262,0.4062847213110911,0.3027899361613346,0.6573552985353555
66700.0,77.39185,6.765737346442733,6.668932312610695,9.197452,5.119304756723204,5.214620791036242,12.176404,71.78554517303984,64.17528400279308,61.710812853799325,69.16973285379106,72.02268282270872,71.81774122722463,58.34529394501727,62.65364318712978,76.85774800963982,83.18946211488013,81.19702465512212,68.98212641486343,6.961875748635689,4.560977098642311,6.311891555515547,6.731386000378184,7.410187226115437,6.484904805084779,6.4833278530202705,6.650011648152339,9.962286249206729,9.132113496907875,10.534623937576413,11.010559286094761,2.8563292,1.068227528824465,0.8106865216636086,7.8877172,0.21290753948715188,0.17924575886948912,8.255431,20.52145341765078,24.05037712231366,24.099015904526144,25.3596336390253,19.752989141866088,16.677870512833827,10.71233551932914,8.950016811490311,8.646220813513828,6.739714387941772,9.170415831942433,11.391049196044884,0.20656193884973736,0.35765654690505283,0.049156948941561064,0.4296989061181053,0.19564836657536946,0.47115695456981294,0.45409649371421024,0.24475703335127805,0.29806562400187914,0.3221033648838305,0.28170920732379723,0.7089792414959944
66800.0,72.93378,6.082894150145374,6.134600964672994,10.280965,5.226350779893997,5.2219928298613105,8.246605,84.63819296610119,77.65351573211349,74.017622258694,80.28316791178158,83.85055193016896,81.60669173057506,60.01944062188493,64.44595564357176,77.71790786838407,85.27432158963228,83.96728027979312,69.8625658465488,7.486248242252567,4.801306836384444,6.7021457324563345,7.056246386210624,7.396774818056272,6.457919940677677,6.299779156069785,6.888227545736561,9.950281193559313,8.692286619931203,10.210097149768957,11.466938473086074,9.564686,0.2857205148747674,0.2922449420667429,9.166224,0.09397845059570693,0.019597771845394886,5.651236,4.517489357415095,7.168663383809636,7.7268988082612555,7.181847603640735,5.687983319591737,8.740581529844208,6.928793096690728,8.116024182072021,8.21865496439682,5.000352855356024,6.34971622762793,5.96878508655558,0.19692231906502766,0.24408632244198505,0.3405460692547,0.47286625644441,0.17678535039802568,0.5400645383536813,0.9277527966761315,0.47413984332743503,0.3582826036792698,0.345873593451528,0.46304306075983054,0.808395984409746
66900.0,77.35035,6.177115854413365,6.209355446672055,9.882314,5.291214385501153,5.322744359415566,8.779698,84.33396967377348,83.34740458257,79.16744515413403,78.66803932271375,78.48513823508213,77.82885664091091,56.64672578447951,58.92723959172152,72.34883460202936,83.14684860364243,80.6185816697623,67.69912618782594,7.0729634207378425,4.587287883138351,6.478830712936101,6.786975870160579,7.5994816834096985,6.587176602032872,6.638311175939978,6.721675574341524,10.072629984019828,9.151610463922845,10.532051493455022,11.424755219530043,5.6432786,0.203452929174066,0.316459686515349,13.399963,0.3252407009085483,0.3164458048843173,11.704191,5.6002688293233,5.648581219442872,8.96602995615046,5.809106664417214,8.891877857345097,10.624018565475609,8.748831816719532,6.284577401190003,4.686664123053119,5.8302559474763465,8.693210395265194,9.53091138999304,0.4307985992838308,0.6311389149566566,0.44713842922158625,0.7474765761830277,0.39602021796905523,0.2469137791033653,0.8414998850307726,0.053932739237938836,0.4340031319576083,0.763487867188876,0.6000513483430427,0.9299174543568745
67000.0,78.8418,6.2297753807196505,6.2319215023634165,16.000984,5.086859882932338,5.04860833186262,7.608645,77.94316185548081,76.03470434654012,73.6815836359739,74.23330515345606,76.26913175718128,74.14653777228057,56.196530889556435,60.05754474854905,72.93060297459671,82.67715175321945,81.06099324814359,66.57098441480095,7.428318380933032,5.028421036644018,6.836157811034801,7.276892789691264,7.310113168931526,6.573315113047823,6.416026084910107,7.113240007146184,10.009805658943666,8.8890297263097,10.154513668841183,11.452931780628766,8.634301,0.659005933067618,0.44538479778825474,6.3990965,0.1280160618401581,0.08819277494997543,9.446599,8.745352413811917,10.160568371983409,11.43903962599942,6.3330062345484155,12.716345656128656,13.086367566219979,4.951542985201856,7.51488299728866,9.20974870047521,6.429327933252611,3.8219939321586724,2.340639032725775,0.2206320469368491,0.2951847695509863,0.16219803035366057,0.01826006135114668,0.45890792732312513,0.5281148873969036,0.7591359735875791,0.5735494747883219,0.9471630995600956,0.7043986861855663,0.7274627124227768,1.0836893554852483
67100.0,74.306984,6.2056000203865915,6.309998840524859,4.820124,5.314295665219278,5.28353360452773,3.0218403,88.29739775220288,75.6583029293127,73.94303592822588,82.36957483025235,86.56523432962813,82.13516352570714,61.08998011853131,65.21713135675331,78.56123886387151,85.48804497723059,84.02679499115828,70.59409665143748,7.458533326818926,4.769132145592695,6.536610318075037,6.844541723343099,7.114830285725845,6.380597989354989,6.169113078112727,6.79333648503345,10.0767292503766,8.601791621703645,10.390749663067183,11.663741615011967,7.019362,0.14621707851561602,0.11603721955480081,5.0843544,0.21702381983299607,0.15811419087491846,3.1400163,1.9967193727118508,2.874008340977593,2.5630580058852845,3.3635998444439275,3.2628590757530143,2.741084652113801,3.9273101605660394,4.428517556735323,5.484048361448173,1.470762050369517,5.245974814788428,5.030254267219744,0.11764944429379094,0.3055042949798046,0.17803557075037388,0.27120352180625096,0.1612306949930026,0.2481293694207216,0.18878055298131705,0.06248021461093543,0.8981818652437809,0.32843580062117117,0.5895069014633296,1.3031928260659504
67200.0,71.42581,6.270837206743578,6.337340104667951,5.379069,5.016191714803946,5.059047702862801,2.3931172,87.00554699659774,74.58203365394252,72.16321641238353,80.1290529958104,86.69106320471617,84.29029600690973,60.56051575121489,64.81607577984383,79.26819149754651,87.8100766759322,85.52497985941677,70.90817194589981,7.518479364517141,4.770548451058448,6.68550525583674,6.810445741053794,7.2914527920672585,6.1783086058546886,5.950660603396725,6.544755252596391,10.085019586433575,8.75527765729663,10.838466059948649,11.67262879452325,8.768392,0.1777934150903544,0.11899852169884782,5.446774,0.09977541933485184,0.08575095229069839,0.5532905,1.6336125344293617,2.9102162691876243,3.4918533257747773,4.310260178568023,2.2816186560675535,3.573304781173456,3.0957255976631695,2.2020662900951913,2.1416652539305447,1.3607538470436957,3.967001023625803,4.0452586939041515,0.2867308211848876,0.03916243643686219,0.17436555814864688,0.20340900228432593,0.13283437618479316,0.41157688300429074,0.5126696969386366,0.4419704961572676,0.879730369278208,0.13798840804762305,0.38930841235494507,0.8800988718893603
67300.0,79.47683,6.691927042624627,6.471057825199183,12.467537,5.132970599210542,5.160054682798909,6.385681,67.34173908409629,55.25367852428181,50.97345565868034,57.3662962387882,67.51260342853905,73.299228012595,64.00440296591877,67.75414959068499,81.01821605512343,86.59642441562217,88.12209979922982,73.89322277792775,7.443879682357991,4.936581562825785,6.467917737904293,6.768769765998132,7.395496972830844,6.4468170480292875,6.334381918878648,6.576311483974666,9.9120330924057,8.80878733115228,10.264468273448932,11.37025037995385,7.3251143,0.7382023720756141,0.5297236335435419,9.66607,0.0946105899364511,0.14265797361405355,1.112687,26.466605185465944,24.911503003692676,24.332450351429877,24.512724118770066,25.344888523350427,27.159210690546878,2.233223110668564,3.841170891920128,5.61603493714853,0.9411367795694509,1.336747201320865,1.6482023088612552,0.5226489249506131,0.7056767108338033,0.5707725935335085,0.6649055863101664,0.4773838752320643,0.2547436235586223,0.5641343787788388,0.23623953799314648,0.7112563779716624,0.712305607391097,0.3148534926213829,1.084432733783637
67400.0,77.03101,6.239972491853969,6.271732444696302,13.361615,5.246372873078396,5.276187628226055,1.1044794,78.39510384907851,78.80027232399219,77.54119951433974,77.23354233278238,73.01194497946695,72.67931314366108,62.45116987211293,66.40956660502964,80.2267917137844,85.05984185606262,85.05030714197387,72.56027507809532,7.292997001452005,4.762038542366363,6.512509921755601,6.764829201377517,7.3988769209748115,6.421825546015971,6.366698377019039,6.622410180476799,9.919320250492282,9.101770508719015,10.237565896989638,11.518212664799577,9.465869,0.49466867339156106,0.352462442629588,6.3899302,0.18181740068044253,0.23341112089470503,0.7251521,7.355836086429268,7.982751389609966,11.659189754007022,9.322962606074498,7.71030264882542,12.477814085781292,5.296823814409975,7.070473067476218,7.836643479822237,2.9824141701062663,2.3564462158141666,4.534645293374632,0.12313663264637349,0.07255743063608937,0.19749395141913645,0.3374894282781682,0.46734761265113095,0.025397021316868818,0.38462864419147064,0.2776656380288766,0.5993748847087331,0.14485281958333276,0.5299965672747715,0.5791348181845289
67500.0,72.02518,6.32002319523085,6.212878423564246,7.63088,5.196564582739502,5.363056174315797,17.888788,79.10974252447171,66.57678679010742,62.34253038103353,68.62062947071004,78.98527889253985,85.52651804265383,76.5879661884775,75.33280098729745,68.98755187889094,66.93442329075312,73.06116825315233,79.51336503403734,7.257923931869763,4.821697780937147,6.409984768201177,6.719502496745562,7.367734673495939,6.458315810315739,6.373666977200487,6.73949562845515,9.902016863013777,9.089059479371302,10.45384368889348,11.392506630696326,5.304051,0.13267777848864215,0.08931784044957898,2.3057785,0.5286421456528498,0.3280798470289788,9.479804,1.9114362726925747,0.6437578616459466,2.6910074672148423,4.945694247397269,5.827893201081145,4.4746769569058324,18.40325084257673,16.171779718764974,0.6062560872404482,10.605704368342526,4.248275724810031,11.799547492419263,0.34459457608992555,0.14911135998965208,0.26235350200622776,0.18832944415884542,0.44762563293109964,0.3533085317877535,0.7411852859217951,0.5209814464199414,0.8951498825746818,0.3584660599464801,0.7631118453203258,1.164446548125209
67600.0,76.03596,6.237784667157918,6.327548006523453,8.407982,5.193737162475461,5.261551787537169,4.428251,86.29964717730137,79.36684292751129,76.24249682277757,80.0949745351982,83.90591286416769,79.60332298736166,61.696454024512356,65.49837929075919,79.41648877181537,87.22359383616215,85.94226315089004,71.61575992056962,7.416746454798255,4.64616857635927,6.485027880949867,6.6564885793897846,7.33438339832379,6.505446710475845,6.077819408861565,6.601056787154591,10.008104190768146,9.117805004717225,10.390205788982072,11.345082148093427,12.394323,0.05907910936973282,0.0560491892517209,2.688832,0.1458054158410732,0.1293924131820669,3.4090743,3.518343313515052,5.57089578975769,8.345329459107727,4.179990071244727,8.480008226674096,7.515939012570059,3.8383695814184726,4.622047466462954,5.187688755715686,1.6384890580138913,4.570548256163324,5.002845997631589,0.2662098971917353,0.2613433388118981,0.2342114310959714,0.22411454539025089,0.14818650556582505,0.07857883942897367,0.06898678858922914,0.302160512521721,0.5198307459865285,0.11465213648413788,0.2230583096389399,1.0583756169545564
67700.0,78.7122,6.21518967472176,6.259800425373439,12.282971,5.415491146054571,5.4458432707415945,3.9402874,81.48899505973769,77.7611716520908,75.31888043892296,76.55821600235566,79.03568692098503,78.90350306790619,62.16245992733588,66.83752448449262,80.01476363312806,84.1540733470447,85.426689581493,71.80182614474803,7.506981292534127,4.816118938397248,6.580157918749511,6.838596304175328,7.746621813151358,6.471803153871218,6.4428560454415615,6.920145243685766,10.163455773309408,9.077515997261813,10.26746653447293,11.151208731997613,1.5445782,0.5082887586774113,0.4153292278430361,10.327379,0.3534678464667379,0.22772784883777,3.864302,8.150133426206034,9.606695663731664,11.61404114014439,3.456043860092919,11.168823095835602,14.126568353765306,5.064948387690008,7.495059274084487,8.38679242002285,3.3877510181329478,5.253855709123442,4.945521247063741,0.36065750771050326,0.38264073352233796,0.41249145851934826,0.7374668280756599,0.29360427808430034,0.3619805840487748,0.9524181280651669,0.3919849963617576,0.33219716115751124,0.06658541859711983,1.1715597978029102,0.8730938526992614
67800.0,78.74163,6.32792776594761,6.344229972463983,4.5004706,5.116346360911857,5.18533424006743,7.8477426,85.03712158779021,73.38824699254725,69.41630028068444,76.56355706487358,81.9260071268735,83.76926705770582,59.611070613645644,64.32410475270464,78.7474939071015,88.68118478860661,84.28733801245706,69.63803712895775,7.4706989127504775,4.915152864195043,6.6299808883455675,7.01111409821296,7.007687184020445,6.180127749121669,5.960693418500099,7.038396506974096,9.993703368978585,8.620146154580226,10.233798151972563,11.537160049827179,4.320645,0.38814016956174696,0.4282918498531088,4.3457522,0.12075725461158118,0.06296245046516885,4.3039336,3.5480626851791386,6.025645505934755,9.473670249714576,11.410305248663184,5.74535589083143,4.64160198708168,1.9145830342371306,1.2449268865634175,1.76231982612966,0.6100754122834755,1.9250490238704343,2.078629489077217,0.30654270336284684,0.15020800124445532,0.11368265922479998,0.2634204671847645,0.23422912668720197,0.11925127438291606,0.21455594431054748,0.24565924802817501,0.3196692674765253,0.29220042378619093,0.4843399475901225,0.7379462902526027
67900.0,73.796906,6.181450657838899,6.186014650199589,7.16304,4.974070507903228,4.947774900102934,9.745026,79.12601014031286,70.03606670203772,67.54760794975654,75.70688417036955,79.9615582001234,81.3327089098019,52.64681810691377,56.29909386313401,70.31896162136427,80.10235014320031,77.83373167213766,63.77161145037263,7.583873401719013,5.079600680592363,6.385360186423728,6.727911532653132,7.363878019302596,6.246688721858146,6.024824007073421,6.791002637754603,9.783199506253975,8.997878488589942,10.298251293948384,11.157477977685753,2.0508704,0.23105265359786603,0.2383812319557228,3.3817647,0.17629329910454283,0.10368140625539407,6.611817,4.679016202483709,11.695013798621103,12.256485490900708,12.95087526597868,5.054058099222773,7.254051020681732,6.058648627278006,9.084122988770403,11.16191687759769,8.294865574970368,6.428356106855084,5.58207500049081,0.2291615393632985,0.41545734768425285,0.27266074367695453,0.748351606601149,0.11365043549719193,0.24851920436015507,0.12209906952610936,0.09635810734917494,0.7332094806849988,0.6431869326644621,0.3497592800457693,1.123241628835036
68000.0,74.89911,6.001658156037565,6.046113651468569,11.302261,5.129011676276609,5.18679243477593,8.835452,85.61921232683157,76.4121657393146,73.0466999951759,80.11814183057226,83.65187229598911,81.81888320954435,66.3143899936515,71.45434004017123,85.06645045761096,84.79980011285907,87.48322713562975,75.6870140861454,7.534956344706426,5.069829330162406,6.752607472626994,7.063903364776334,7.3549867418085375,6.620905502302333,6.40697952990305,6.943091587952062,9.800261181662057,8.929655826662454,10.234401127389672,11.179551929614872,2.440158,0.44703444162138845,0.29743365890570517,3.9605956,0.19626556941105933,0.17907940858376775,4.8917027,3.594989660774535,5.337132766091573,6.542335387092299,8.059724484799858,4.805422681903795,7.8907876931300525,2.3898459736624433,2.0460585726389144,2.6517364099129233,3.012667283819107,0.44739959790434963,3.7680260896217947,0.1959609513655666,0.33548113540185936,0.4131334335013686,0.831956059594532,0.6180160119231191,0.3661942069423606,0.7867494447283215,0.5340631791302561,0.825287473118762,0.18328247858978916,0.7446717889885072,1.160531280207962
68100.0,79.89001,6.541171132271432,6.382453132750101,16.445646,5.341890875871424,5.373189080100846,8.732898,74.28941913513867,61.901494180213625,58.425695891454886,64.56306407321445,73.90729484497798,73.00059759470366,58.30555121483618,61.83752554618698,75.76170555314202,84.96390735305836,81.35301035178446,67.94492823787989,7.216983528601337,4.753523511567027,6.693363358577888,6.82433157841772,7.553727517382789,6.591769938854616,6.512921428952545,6.827971907076112,10.011364226344059,9.257721465631866,10.352540923149967,11.199787324129224,8.083406,0.6479034210154361,0.4010719088106903,3.5843961,0.3119700732867746,0.27571332699199896,4.989292,23.26934844610222,21.99169753044578,24.061872235573027,26.45992628720962,26.54787839110417,19.842712872409397,5.039492687091792,4.943566806689261,6.467281662061202,4.901285476700835,5.366320151711557,6.355205746870438,0.46014556731775025,0.6397049343768082,0.669991801125314,0.663768819386401,0.36338822231188644,0.4166330255005902,1.0675670326619857,0.25084893480395803,0.6529591376932086,1.0663569762185414,0.3891801372617127,1.0968305107270802
68200.0,79.4611,6.443832623851095,6.530701333118832,13.383087,5.2980411407940595,5.400599866431551,9.290624,84.20559760361526,79.00451665279486,76.40330782830166,81.71233826547792,82.04815847525485,80.69182760884371,64.49480050028286,68.90830084331066,83.07455966992931,84.64475498352266,86.80809950825046,73.64601395668937,7.512583600470915,4.893398773200771,6.551106367415074,6.822769249252462,7.409817388942862,6.351354812208684,6.116772029543174,6.567339709543319,9.972554176082552,9.309724228260585,10.66893104236555,11.605120097993193,9.260758,0.41440886859784465,0.2972696839313497,2.9420807,0.44383202532376864,0.4018670295799813,1.2661027,4.357787320695219,8.050718478046274,8.459191166525978,5.9217296463348035,5.648690477224496,9.384436564978392,1.8339409521093704,6.126184978416795,8.467424647775408,1.2324253894289412,2.6574027054067875,2.031697674859875,0.43859430668956906,0.28971586150853357,0.1595201590407692,0.40738587392724745,0.2370197661243363,0.09928849811078376,0.5291980899861123,0.40262981368469003,0.9267672309944629,0.5909885359375022,0.4182717153837578,1.0731611867596833
68300.0,69.47535,6.439183030233899,6.446918499144616,7.4428024,5.092588156425369,5.229403112565536,10.662369,83.73753185109258,76.4086009916412,73.25601426320269,80.1523123327682,81.172945305638,80.01204675915916,67.66571512366927,73.99647117288507,84.73918384560925,82.33778407192277,85.70643772168661,75.61716030896343,7.690968960478262,4.987335828304307,6.818198941534146,6.858437048132157,7.3115978484848325,6.296230885424483,5.926667073699466,6.625027092525715,9.92646982399478,9.192011053426363,10.728044254628557,11.518957304525891,1.588061,0.4406680172918739,0.363263420212022,4.2012043,0.12708498038974128,0.1578367445483509,4.6269207,5.6194936509067395,8.969890444497267,9.31547650086473,10.438938638183656,2.9730465974941156,3.9783267117244967,7.363505414295913,6.152960183666625,1.0629314060430672,6.506533678281642,3.372474186999854,7.514402630782164,0.19206924234883552,0.08062901939038619,0.2789458568947032,0.41647884018881576,0.1640131272206185,0.22283412386787493,0.2409246574236747,0.39136002523174734,0.26190178659310515,0.4253410412939098,0.6640466965576695,0.6016969524904272
68400.0,71.432755,6.333312847827167,6.380775783769132,10.55735,5.182341748790243,5.280752126016348,14.1688795,88.34903081747787,76.82255013150291,71.76138972478934,77.76022020610112,86.71354258901665,84.6307786414602,66.18463653097045,69.37350039001264,82.77492863577778,85.97302957720052,86.71324366397762,76.7581756504404,7.600106284796426,4.9346942547369785,6.521505239848175,6.897226603743847,7.334865497445242,6.030998341456311,5.747070771027222,6.409340999354119,9.881366116434608,9.254425918687904,10.20929618499828,11.412553893131161,5.0851274,0.6191095640791405,0.6388843718379663,8.226278,0.08105021753513872,0.041602696909846346,5.7828946,0.9905732348034012,3.7523942213376187,5.315568393477706,5.4006502588356895,1.8418399972766022,2.5425288875554504,4.9632605495893865,4.671946487700149,4.214274192724598,3.8107845815016614,0.8286793313137772,3.9284880182218256,0.2804239052010054,0.2683175310032814,0.27987229141824904,0.524314854488058,0.0997738969203917,0.08203377269656742,0.1492883292575938,0.21953999932887036,0.3807716870234412,0.24122270035278995,0.972499800910542,0.8174161234224607
68500.0,74.63806,6.169438846319338,6.252494095897188,10.386287,5.223205364477896,5.2259534840481505,6.334638,80.92543221036159,80.41824928853038,77.37815967879028,82.01668821173153,78.01611003172606,77.16613112745462,57.611539504735134,60.395743306385164,73.46595636784537,83.37170132759238,82.19718917951946,68.5456284727163,7.392131812797884,4.729818746595661,6.553984763665905,6.769919435257815,7.429995279009128,6.401366033194827,6.2663051827396,6.571826437587165,9.731333942028135,9.053028477488462,10.305512248818829,11.062217214107683,4.8433104,0.3338784201966432,0.35521440931417614,4.582825,0.17866965427046175,0.1856136793748289,5.9460096,1.5503117559476052,10.13858441077464,11.364905205771736,9.611738705706275,3.339079374136099,9.72891678065232,6.680512398134753,9.535225249163146,9.548835663243647,6.133192679017402,6.124456573240379,5.5719306376511115,0.3790495451389033,0.13349222870745014,0.4780716889311214,0.5666971533780331,0.19922300067596993,0.12083986861132093,0.2553103794428447,0.21774764997418875,0.549662874920339,0.4694055881026397,0.6314762320832334,0.8638583280425375
68600.0,75.453674,6.200026133740372,6.156697108814403,10.357356,5.085963166060537,5.0939388832045,5.579165,79.95166555856305,70.49600648959758,65.95517203775061,72.1686565150081,79.55498685051276,81.92370546392179,60.40072950260629,63.63655532031697,76.8046833769318,82.04603696593097,81.88666674365963,71.56364021082832,7.438785409751148,4.88755999866559,6.5227839197846755,6.962658222474137,7.325334596484254,6.335233996114092,5.827590055489703,6.836096804866824,9.828553081497652,8.813400278748174,10.22058214398074,11.209218473152873,8.045777,0.20756468061776928,0.2402258945882589,7.1047845,0.08985735893100497,0.18371227775038518,1.1700885,6.399236985049188,11.09730262672073,11.540384040716857,12.027903021696638,6.896045220263391,6.453169759998292,9.963440827902742,10.336885984273946,10.448861416890566,3.4821732274026522,4.670589723264346,9.394098922048185,0.1328262545419407,0.20871953369058685,0.12708821717025132,0.17420141233896516,0.12006488519333126,0.13892185606315532,0.08043696024077207,0.30062863111848026,0.0976603003753571,0.36847755875379046,0.32428856623752605,0.8496619552805952
68700.0,82.15293,6.840877189352689,6.715310555721554,14.575231,5.238925550462249,5.372667343709228,15.806714,75.50165439437293,65.93954226692536,62.64556396669579,68.32227722451746,74.3430546638658,72.96325489455064,57.276023681677664,61.85036583536428,75.65014500463379,84.39487504721814,82.64016117306541,68.67381189865122,7.176218162189884,4.613678852158883,6.4574682951286535,6.643444839115458,7.432693758485947,6.603066971036043,6.162241608294068,6.631507441010569,9.91805698937432,9.163534939749287,10.578739455917358,11.360529130710887,5.251196,0.9312761096328112,0.6295040956094979,10.13381,0.307001791031857,0.2241111813663911,10.961665,22.371925432980273,23.427445629621577,23.123132905794645,23.072614606333804,20.56410051374762,15.989296658634176,8.443046573159444,7.438920694297529,6.527012764250183,4.799541268325824,8.177915614212582,8.970013917540118,0.3224429082134059,0.26311130374762703,0.5501676400590088,0.7047820110750663,0.3322870082889169,0.26743117765509217,0.562780504232086,0.09061438964386755,0.806582167155238,0.3678125792180725,0.3592028025042968,0.9328284412398641
68800.0,76.91784,6.291959744867786,6.408040528619736,14.7337675,5.117048546611319,5.165838799362336,10.250722,79.43462940929176,83.13456189894323,79.46179543011978,78.9103626821689,75.67850219124306,74.8316175078236,60.08144820298795,65.19916530076297,78.84812229677595,86.62814248836969,83.58563816212954,69.3305086935521,7.451314563677731,4.830017593231156,6.729828856193504,7.088735890367317,7.161211859521576,6.237730290416077,6.000912297428012,6.979995141043562,10.29182283975535,9.239227942099646,10.307802850347196,11.58008304880351,3.3733873,0.21620206334588687,0.25896526440707573,11.751858,0.15626319278063597,0.10161508555839953,1.6081498,3.3479369067304114,11.082379774700714,14.788082640350973,9.4180680838409,3.455236639616518,10.217335226349462,6.045652494138209,5.2120293653621,5.722622007781282,2.9543599536408682,5.472806775956739,7.199303945073915,0.15069774282148057,0.3102742812083618,0.42469068147317635,0.5410773132782614,0.4910738414958115,0.11401340742931826,0.2753819836761985,0.5695774978005967,0.4873651040155299,0.38251677354757,0.7094183431197849,0.8971724860712817
68900.0,71.74926,5.9692118051810406,5.975990465536987,7.3717475,5.322964891861649,5.443018788882423,10.122264,83.22457544456002,79.087109714477,76.34685133595457,77.81833358239977,78.40599095932761,76.79626715768029,71.75105596741636,77.26381202003492,85.24129627661978,79.76832699242578,81.3286213751316,79.72927643622667,7.436921910346517,4.717152365427978,6.724390166936442,7.004685476812632,7.305398896960782,6.444263387036105,5.993988265101737,6.810188511051426,9.735334532332368,8.710562351206173,10.27637544426284,11.193849848648881,6.198191,0.11666856635144136,0.16507086601343934,5.3273754,0.2507479804609194,0.3110744558441898,6.9769244,7.691967050431528,7.779217838527694,9.393366408520691,4.728331528090032,11.707764538800374,12.703507765435617,10.213189287979182,8.354744968511199,4.209712219511633,8.160425886200247,5.188104549166488,10.92283267372463,0.23106854479593517,0.10791041237805793,0.25141099628392594,0.4572858930458913,0.1525009551875696,0.2775526665944931,0.524050780236717,0.1093402411799362,0.577401433572912,0.2669143943359522,0.51219075220745,0.6335150987479827
69000.0,72.03144,6.3897394981128715,6.48411928586766,9.488652,5.14197601378141,5.1870917966747205,12.888496,86.78802329002,78.48318339027549,75.59951325534492,83.01280787813192,85.28560489320965,81.07524189581851,59.155750311431994,62.55562704730206,75.97233753427575,79.7347362679461,80.70129368915764,70.92851375025403,7.513963992222323,4.943112569110403,6.696641167576157,7.0562578400883496,7.247318889792527,6.285502131746771,6.169628261751146,7.005415129234777,10.081292927525672,8.985935096634737,10.452735784217632,11.499416087643622,4.461126,0.34203758764039066,0.28723243067225224,7.252357,0.35808901598634774,0.4063237452125104,10.643399,3.2153308720248464,5.023105672261384,6.091193817444973,6.112963233692303,5.794023289601974,6.490110267064315,16.417797010103342,15.706263535472674,14.255926043505513,7.879436427759849,10.853824021344261,14.734925592021105,0.5402030736969592,0.22751809808890938,0.08381237294503735,0.5412925638866837,0.11776050653483917,0.05588839966572154,0.07744694416762636,0.18512009927714046,0.42586508534698125,0.2227979567017711,0.4452603960312231,0.5980196001652408
69100.0,76.79404,6.3348323149378025,6.364875946231276,6.8946915,5.122177972866914,5.102772507179804,4.6965203,84.97722627497497,73.41051563767132,68.99025507885092,76.02191787804523,80.43679865271126,80.39826058193104,58.10614209824862,59.94436366103486,73.725656926394,79.90464115537776,82.11318997144572,69.18949519709749,7.310791769784835,4.916642380763744,6.726027542643117,7.198354870783489,7.191406538033081,6.313019693072197,6.134363589096437,6.92636678725244,9.817350036586914,8.884706266814428,10.398744539769966,11.350054021196605,11.045037,0.4584830166516771,0.5537412605922442,4.4968348,0.3317202338285413,0.17418438991762367,3.9793317,6.743476983162318,9.066424113658684,12.206704157831092,13.919374847462482,8.34438676393996,0.9572143509494487,8.151144397665863,12.303382537621994,14.946112982158894,6.829370484852445,8.036777081377942,6.678669585978073,0.17074062383550606,0.3869847667889154,0.6645206504680317,0.8843401452638417,0.40756700948853913,0.094453402112364,0.23026993518912817,0.41279754360484605,0.6884739132673451,0.8008952395793878,0.5544151737508607,0.7602540651937802
69200.0,75.62403,6.239201832968493,6.340468445538107,13.473165,5.16727469970294,5.198468007373944,6.395508,75.45462710483737,78.60687687061476,77.3654539475529,75.52189444596824,72.69712087350472,69.61729361446297,63.835613040201544,68.42986254462234,77.37985138208448,80.8089038821051,81.0761097513215,73.13492323377024,7.26946105100068,4.650535410353393,6.351999710455318,6.91696064847569,7.458338218636912,6.530421228402809,6.250031321261912,6.943405073184199,10.116730980878161,8.941409103863228,10.292641526582067,11.453465836742822,4.899376,0.5135331907993839,0.5297920068041254,10.500575,0.08783340972848988,0.26190235959005154,2.693681,9.451704842413857,8.90056983048015,10.709039532608543,8.524258838952088,15.189649649369679,15.673165246358856,10.726461553087237,13.195038607734949,7.685821902165486,6.805519258450763,1.8061833383826278,10.146358999776405,0.12668477312035828,0.39380262550036266,0.17466240778747122,0.32990213615843983,0.1692528128783554,0.022766727310536118,0.40898672443481743,0.36951320660866854,0.32995601024333737,0.49196680353214256,0.7184995277181266,0.6788070519422139
69300.0,78.956215,6.132046324017242,6.150481437989025,13.425186,4.985734766443073,5.008602179317926,12.408691,82.21909317788847,76.46330333479555,74.06517846788383,75.96322238727703,79.6658983292716,81.28649205926244,52.31799314346835,56.39422871637509,70.80366710762226,81.52020577167211,78.05754151082677,63.206264901792174,7.5641284486113305,4.9795206783761055,6.409268519322136,6.598299774945417,7.344510083579682,6.533492619859886,6.505949999686748,7.119690870687795,9.814426237233503,9.18461269248513,10.46691787882469,11.700751219401681,10.59249,0.15780391518126596,0.308440023259551,6.9197536,0.14781914182971467,0.25806674698885873,6.73671,3.821932507925984,11.070698802201468,13.609310926681603,4.831523997059949,7.764794508579075,12.027362072665246,11.814943220032577,12.372109010458644,11.75573032307174,11.12954479531478,13.010387039081397,12.742020053960909,0.301647741694416,0.1596033057699268,0.21693658294261312,0.4875298720013258,0.33027827270697446,0.21560094724710693,0.8273171759957451,0.39449943778554164,0.601256639641721,0.6188881666377783,0.09680536523286824,1.055323933387385
69400.0,78.3703,6.35628232133736,6.370557489213506,12.478096,5.054605703111363,5.091463520925289,7.9039,85.10167066610607,78.84256775503414,75.56911560812317,80.66765792620028,83.58101220260404,81.8439653991275,61.841843214171774,67.66193977784164,80.60087154487685,84.99461840742924,84.92809883816619,70.89180875187355,7.387089705016336,4.680224201029423,6.1348917029162,6.489821764770788,7.489674480208033,6.879343337062998,6.564825602237036,6.950726785892887,9.728409153180403,9.150545326611551,10.518110848073766,11.24123914440591,4.4690194,0.364852211039691,0.29803323510435503,10.819649,0.1860382432215019,0.09214045626005235,5.3183208,0.8923731654669191,5.474267312910427,7.09476743391659,6.171296959010768,6.053679599546058,7.3160225347774945,6.274493989018087,7.855864097367954,6.416586361899558,3.9332904960057964,3.7917087642567164,4.9765719211044175,0.09668065078430685,0.017588830608506946,0.1299562009247507,0.41198982931230554,0.1741015596535182,0.22949240304676918,0.3624244308564263,0.13248020071188424,0.4533961451217356,0.04603906660658964,0.5483254032408718,0.6208362169581711
69500.0,76.31796,6.444629674025836,6.474247186895876,10.979774,5.172119678607754,5.182035112231316,9.7895,82.73317842645947,77.90436707466678,75.68868065744752,81.72657309774138,81.12914098883105,79.74686953001786,54.88648772478075,57.782575986080836,71.52082454613704,82.0530488200474,79.72623687439207,65.89594789612238,7.244438927450137,4.410052140142157,6.520318422704965,6.597626186188966,7.315498439348297,6.686138707387941,6.315649643950228,6.888255273465108,9.98759007422604,9.049764159333108,10.392892204616988,11.245420655590614,4.485218,0.07464062187102716,0.23452875430317113,8.853932,0.03502821488197564,0.07560152637208474,6.678157,5.451713545201861,9.666682900818168,9.662274491564137,7.761199816170014,4.299774355601603,8.529326226854078,6.91781905422874,6.489379360987567,7.207425445121372,6.679551936619196,6.3553299692564105,7.083294089763125,0.294492139637007,0.10502658195954596,0.1328217915904607,0.3105797269303628,0.12366338264543811,0.37982769845627057,0.19594318195863672,0.2656463518414828,0.4737489222530173,0.38719121159778386,0.18960085676767569,0.9052344693988944
69600.0,71.09787,6.189095374409502,6.276601486758185,14.288053,5.217335376526279,5.35146914316309,11.613446,82.50142421440599,81.97144019479568,79.14388800050402,81.188907069308,81.80760671996006,77.4208246813002,71.23549299955518,76.78004592815472,86.73739621366231,80.13748560315078,83.81211199662226,78.83188089506012,7.212988141055313,4.529654812397793,6.3876757369972195,6.589048193616967,7.356629091544524,6.626910431037763,6.458698571836795,6.914378301722286,9.679760962194111,9.246234820983384,10.290849099856109,11.226004273718459,7.8199463,0.2203129211644053,0.25897365620993357,7.1342273,0.09138091220679535,0.04955633476442312,8.441075,3.532652820615556,8.504367879640414,9.687381761329926,3.1736137687029964,9.015685048733895,8.979401573145704,6.507857203363495,4.773409167677672,2.6224520597606684,5.981918754481541,3.1802081456221414,6.985053825969249,0.19863963726721312,0.10638454306482242,0.2565850273706764,0.20703701347058126,0.13467227530246317,0.1831991345809258,0.10983273784666246,0.20424504022579346,0.39320665504580726,0.24878928882776766,0.33059461456741474,0.5457693486704989
69700.0,65.79914,5.9473840899746975,6.012228765229627,12.13985,5.135723359365006,5.078528773641174,12.160228,83.48849870772574,77.99564486866323,74.25318418628255,81.4862342603041,83.2010670748716,80.34554181071935,62.38681231847801,66.07846589850577,79.02033405198864,81.89337938372105,81.25858636933482,71.54636324879685,7.547737732912714,4.913451222948182,6.660256444319504,6.813434550336445,7.171559651308058,6.362255102257592,6.1750173897551806,6.9459903164623755,9.70959560590178,8.88064429003557,10.15768095033937,10.905968393122079,5.7292237,0.48903216281719863,0.43554058317536537,7.2269735,0.2059346683717285,0.026728074561982965,5.912256,2.8182828009264376,7.4082874988708936,7.811655351875793,7.977938615785775,4.061481424619039,8.663506571469435,9.103757697092584,8.65005987683573,9.624816986176011,3.736088387777691,2.17116306727695,9.33084327809488,0.16159582930623187,0.19714652893491807,0.5303107040597529,0.8493220843925201,0.373131777888434,0.20611681078981461,0.2137272929261464,0.3166589052329373,0.3935202449496354,0.2418519469638451,0.587028602280412,0.6783784413910572
69800.0,73.1819,6.200143102427734,6.31347760816233,22.156616,5.446952871634501,5.274350161245174,5.12442,85.74497880557664,82.29299536921907,78.82125032200553,85.18092021982143,84.20790016234746,78.4391126436331,55.24820254986364,60.3916675786319,72.20966526924063,81.60049312243682,77.54935694824654,63.99425188766768,7.385034049717997,4.534453271729343,6.385106144716502,6.67314284381429,7.316824384397228,6.4596716692023906,6.615246675703486,7.117122735713976,9.899217195827646,9.029088850959047,10.181532616235689,11.060113776263497,3.9456139,0.2673131585923161,0.2944192321427491,10.826744,0.24555249182421854,0.14734275445740036,2.2091658,2.3540810154437803,2.9037398152840868,2.8888260321223775,3.3435477689473587,3.4892881503779716,1.7781932979666677,8.530247120295602,7.3035681030805,7.4982529777593765,8.98272530427096,9.960744276876957,9.831654763633923,0.030734570529818532,0.06474838550804436,0.41976693444704394,0.38519563759543923,0.5267908218965831,0.1603029581950032,0.33995537031727346,0.5285258131282952,0.3464155387182338,0.7036939799714859,0.48525194610746725,0.42128062350542655
69900.0,82.89621,6.395204450682709,6.324397972666877,24.387514,5.2133580184254065,5.210324075550229,9.563212,87.06326908039163,76.61346317568399,73.03294019381487,78.43104296087066,86.01789006333469,86.35628909291114,54.0949596362174,59.23506909692631,73.1019671959837,83.15605180189526,78.99298785189568,63.43877282697389,7.032399881361176,4.442293583990446,6.178431107989102,6.334228919612858,7.582517306731567,6.660919979483432,6.715721076417037,7.019338000828479,9.73155789664439,9.030130327947694,10.318434894500468,10.788933474476588,4.099148,0.3939105639345801,0.31189142892936866,7.5603285,0.11188175514211893,0.1732840700443783,7.2833943,2.288210244824553,1.9092418779587934,2.041284845844833,3.169402117254036,1.141149517282924,4.643197008721226,6.99553268592745,5.206730223901993,4.841579816474297,5.917162186929677,7.041551069236296,7.233706296061927,0.17021629641426167,0.19897658451041939,0.2518221608816232,0.028303180763170677,0.1589322588105247,0.18526724562929212,0.5525769181372882,0.26884349670637175,0.34122183393473665,0.26985414122202256,0.48977806171456256,0.5956960597672681
70000.0,74.81909,6.4267051795473575,6.3009598916235205,13.168279,5.061686077558018,4.986152531620629,11.71304,71.49209964509521,61.46890252617649,56.629337778858826,63.03105500630057,69.2828044111173,72.17334717504939,52.31639746221354,53.21604067472722,65.79401591017208,78.33937644211763,77.719748054578,64.58695549468905,7.366862510753605,4.713390013639871,6.468668443897394,6.722338746064698,7.364299706760453,6.769395234879205,6.812506808222555,7.23171469107172,9.652971353455134,8.818519130760862,10.239944130238976,11.140170989116397,3.5963566,0.3607658002725967,0.2519638945205035,8.878328,0.04731563193143677,0.18178989090711314,4.2078123,22.29383296228791,24.023279385534355,27.170766272244084,28.948980373154658,24.915851555816737,21.62482691415192,11.042795547420715,12.39949928609891,12.651847908972158,12.4672615651514,12.504876394269582,10.938879252371947,0.2405271800698842,0.09333978752060387,0.26502468609542923,0.289778207738856,0.27735661283613927,0.39546851887375506,0.8274279043618126,0.54557998830174,0.6518764753138262,0.19083329035826915,0.6646846858283502,0.7765431623438491
70100.0,73.50733,6.6265270025947425,6.524901991535501,21.972496,5.131935518307915,5.1165979411133655,4.269613,68.88231449081802,62.87600478038212,58.972350594120535,65.30753784948647,66.91958080721955,65.21552572858002,59.395498821741135,63.36404265564139,76.3515460792524,82.75003441659506,82.83433121536676,69.03394921577224,7.119091961155895,4.483128727489526,6.596342248436771,6.794046524620669,7.57838801987002,6.759227494762247,6.606076167491594,7.098498934428593,9.654728016962096,9.113442391734614,10.339419478338138,10.825460021469937,6.3420386,0.8427233438198096,0.4821071102829705,7.039543,0.2738178889427055,0.21626217658677924,4.992056,27.72823278679056,30.93498508483476,33.68288858290724,35.79868181775991,29.307667022974,23.113662816237646,6.6880283679935095,11.425591545446027,12.953868034680537,4.2028706144215136,3.586863953742158,2.855699291467092,0.19308630434395926,0.32273957667723907,0.5304219394411213,0.39439466922253624,0.49455965614007813,0.13475045720751577,0.4187445739570354,0.070089495357938,0.24697299197466097,0.4635236929154336,0.5862065335568136,0.544948884255152
70200.0,72.669586,6.641383799965673,6.538797192094951,14.659821,5.077396041713885,5.165598183607334,5.9649634,71.2968724299052,58.93824236634444,55.584750029247736,62.95773086994671,73.43529756036075,72.21205401612322,64.33160503918049,70.17528880153559,84.47590636545081,85.89035010255107,87.62819980669936,72.80970778795091,7.3356522107718485,4.6885760656520405,6.592486172835055,6.705853894106735,7.295783438766826,6.426611776163338,6.206890215663361,7.020569102796578,9.592331584454671,9.315458155708754,10.398117912605708,10.853838307525079,2.8814595,1.0766751377075214,0.7315933266279989,5.274387,0.058030519575167284,0.03755151538562873,3.2759118,25.80532433785476,23.695008247561685,24.80376228634166,26.330145204277166,27.479442146051582,22.64652036554144,2.79128904886551,2.2370283074729373,2.1708794767131967,1.9349058180732002,3.3624516909925,4.241291996200343,0.3599630075883849,0.1620526205298639,0.5071065303785142,0.6956074179392029,0.15633679027096864,0.11646202492707834,0.37810521991620955,0.2855072929770512,0.3882096600738574,0.4829339249882803,0.6277685252819212,0.4771199097132241
70300.0,79.60351,6.633157220973826,6.456401167950301,9.766861,5.087843393557365,5.22299865540893,14.680263,68.32646669736175,55.45036834920675,52.427985748335715,59.444420918402464,69.88518748566356,72.49137643494898,60.6725791636027,63.88521864572448,78.66052725744123,84.04631663680173,83.30409709798649,71.86347523616921,7.277222962887792,4.624185063331904,6.326898473858788,6.59745639417599,7.477406021075616,6.708445587830062,6.575425106877485,7.062177216737716,9.570797317289847,9.141547554424207,10.411422439090336,10.936050037930604,4.100468,1.0387130453287057,0.7331106572787218,11.359388,0.2598915706808761,0.22366272601710438,5.291193,27.014498630064338,25.483579357788198,26.90058433182082,28.301664723062366,29.42423144029471,27.22866752725871,8.47167119886475,8.670682051945786,7.7890170660459015,3.3526704680291397,4.506853032824897,7.609175865047819,0.2583995772398714,0.05618717640891068,0.18299534912985696,0.3388405003042208,0.34299187658994235,0.12367167218312883,0.20788388837948302,0.2811949808822333,0.2332773566838353,0.32381215575643546,0.5857099304444409,0.36751155415483555
70400.0,70.2098,6.913450980684058,6.84440722979386,12.381818,5.1033176221754735,5.171340788803363,6.008171,71.1643808255357,68.32986392463954,64.22858233784679,68.97544117009853,68.95324284908428,67.25869626443675,63.64407390799109,64.3749411593591,76.77328345046887,84.37924186415249,85.75832106347576,75.86517137801683,7.4038321747794456,4.6436318560237675,6.3525583075273175,6.6376753730937965,7.483489555459769,6.284220072429544,6.041702610325406,6.570141599790138,9.665847462856242,9.162671780848148,10.54225956861267,11.449113671117281,3.539327,1.018135911366965,0.643866492536361,8.47524,0.10425980847528377,0.0479578465233743,1.2571794,21.714961800522858,26.79668078251904,28.251729827598346,28.556086334469107,21.82043972251457,15.620955596815188,6.044584001745766,6.595738356590297,7.48968788605242,2.16861445772305,3.8569170850855885,6.655362480726416,0.2987646687318354,0.3319229244700584,0.1718793870472839,0.14366761027838978,0.10994601350947258,0.33836261089067043,0.751928307177359,0.30919543230872903,0.46719597872052654,0.19638890120494196,0.31257635580800913,0.5905115225569085
70500.0,71.1557,6.318487071405616,6.338641619373224,10.6909485,5.390316290301985,5.287494161127669,3.6680348,85.63046536866028,76.83594903096882,73.69457719616246,80.76556079188265,82.19391367168713,81.20361480438176,58.85633821910945,61.16963780414854,73.53194574957479,84.40577615395823,81.86121732662542,68.98399274005294,7.303808446662468,4.806213049629766,6.394851419308137,6.753009392924547,7.398476595764933,6.4069458341290515,6.258225284812839,6.965079857456317,10.033724993892697,9.183946766844185,10.089416468806176,11.091095756115879,5.091814,0.5735930816152095,0.40651641194107585,5.710467,0.34048596816338716,0.32594180609577317,4.846067,2.858016337978116,4.6931329956976215,6.09533365460349,8.442805509317525,2.7134964242188695,5.472691967566174,6.143493846044535,3.8227966556794417,2.320482067603469,4.015297987911924,5.5788981465335095,6.9718857275678445,0.23009865325818407,0.28612648433786536,0.042292803941629334,0.3094887930192566,0.221878875391173,0.02676895719349415,0.05001124052422278,0.1809889590480406,0.16375607290287816,0.25878462777334943,0.3654936345717799,0.3127738180256251
70600.0,77.66072,6.679789269170637,6.487770952277711,14.762355,5.034112476216115,5.119273588180351,10.62896,68.45652191692733,57.97044239087516,53.846711718788235,60.301928656243,67.57436075149512,68.54483508194099,60.52894887647185,65.68295109988496,79.06388666641564,84.69767184796463,84.76057954903932,70.14279151590553,7.119984358811203,4.634639957845571,6.539395018168098,7.071300033060923,7.181432677868497,6.476250866321423,6.478458365855869,7.146385526731854,9.762871941350221,9.151894604573926,10.433512468192914,11.454748964755316,9.1263485,1.1101416963845565,0.652926866045665,12.75612,0.2352403401368879,0.15812602475742144,10.891855,31.053465139495103,30.690351500625564,31.44365184392835,32.51662250251827,30.575277219467363,27.60765123128531,8.509089268919224,11.112914851125533,9.754332371284596,4.429142173618405,4.313298658487058,4.17591047845147,0.0532923467479765,0.08742068351060024,0.3059441773914695,0.4191464774877926,0.11796072799178901,0.20968759134874898,0.5058001471652036,0.4220131911568844,0.3916325996452566,0.2223357932450803,0.47507684455778887,0.7122036091543543
70700.0,72.26047,6.711394608525929,6.489224452222964,13.724727,5.10101047338652,5.1123598923976905,7.768781,66.82316143031053,55.46931943841677,52.13855990267516,58.14497806908144,66.91955829676424,66.52363782713796,55.42830140369881,59.029398388031005,72.81589167754225,83.77266351092817,80.27630621237421,66.45292958828385,7.282573834233802,4.634498547763673,6.314251745550134,6.528240032977922,7.381263467482726,6.614525812253046,6.633056270930262,7.150639406616945,9.81976767091647,9.086204444005128,10.50895584697994,11.398208667930463,4.878031,0.7883955124632891,0.27981453721939625,8.158402,0.23084363851620693,0.20308332504015342,7.1367693,33.876377093750506,30.989524577099065,32.96831530265663,35.87922189872898,36.004015826187505,31.63761351856445,4.761365819776854,7.230691700451429,8.427418597580406,6.675646047021968,3.979496457817455,3.5865571856046095,0.3032592006039436,0.17197620164503838,0.32458741280923925,0.09210009069044717,0.20049524279828995,0.34817214232765,0.4707573601431104,0.45766659865403725,0.23330658099684506,0.5792712585346762,0.37358165750417327,0.29713501669901154
70800.0,67.54941,6.857722932829996,6.678208516738057,21.691473,5.075893698802163,5.035025029085463,6.8104424,63.5020834182165,52.09412659377256,48.41136059494462,55.352586818508165,62.06401156199944,63.72152928976888,56.02489567215272,58.099493168381656,70.51810225931955,78.51125890365721,78.74806090837156,65.85277222171887,7.642938043653333,4.844876351396122,6.321134190035408,6.634263230826612,7.388562157234655,6.69978424350658,6.5019512666338555,7.17984195099372,9.675413651284446,9.078941193986303,10.351899358602152,11.171674420631028,5.19905,0.5375033486702318,0.33594809025095485,5.2675643,0.041786333439837856,0.2583999918736459,7.3436027,28.406860619459703,27.429606645906766,29.402266520621925,30.626966548157643,26.957365846463603,23.500242259337472,9.956406357140628,14.790702941013299,16.286608022283705,7.983428095851788,8.122425656054252,8.765163758290246,0.20254048873442426,0.10101222783079332,0.49876474033545354,0.3461240428352108,0.2613525899249555,0.2367363551693287,0.6368990886266943,0.6010832093389058,0.3475076699908316,0.41230364120268875,0.4012197776856181,0.7619818049399713
70900.0,74.56103,6.294982703535606,6.110444490568276,16.05316,5.090904247743197,5.027575094936069,10.012634,64.1380202012018,52.78696124418557,48.65014905235279,54.08602523912065,64.52365022661944,66.38496823819202,54.38941923606422,57.08798634067216,70.70631992173527,76.8197976661944,74.68928750880104,64.96037910025983,7.465108673339035,4.840607380270665,6.440138394421024,6.678579636347043,7.36605733406529,6.666162911337833,6.47840959437089,6.861621458152978,9.540729654335271,8.785031335976024,9.948786860191953,11.15361021683047,5.9672318,0.19618773608480541,0.22181490713648574,15.96762,0.10733289876524263,0.23831267634759162,2.5514662,34.347759230821985,30.966658736408593,34.84409246315768,39.894202459508385,39.46498603217169,35.52695363651136,13.574568645448393,13.511445095986375,13.007171858033542,5.389558263649696,7.800566397166839,14.441309646192423,0.14909030456164404,0.31936554458761546,0.13563448496829153,0.40815035274537814,0.23209163543927075,0.42299325655092596,0.3334175049339702,0.5932901313328524,0.4470583637704877,0.21613381983800048,0.44731898352287924,0.6182241468901434
71000.0,81.83701,6.607501771827773,6.348145119773864,11.871806,5.016752643350187,5.141857120086862,12.792201,70.67586794362471,59.39048781603319,53.586065727842545,57.34680782901089,67.01408638731111,72.019228922907,58.65857794158209,62.73240120744262,77.45442802490209,84.0541917386675,82.08899718024897,69.76142727598919,7.304029746171813,4.7287702003239955,6.491748772111751,6.5368478764338365,7.379425804983796,6.321898070125488,6.481736740904043,6.786884129820546,9.773338806681194,9.288461237522469,10.229897400287896,11.388707236091635,6.678735,0.4137357133250456,0.025920568746361464,7.6790314,0.2060216740157368,0.17554441338060356,6.3812256,22.14591940783583,19.42478993764996,20.636891891131842,23.089602346758436,24.826330540309492,23.16621301648064,9.247448460561095,7.890483745324939,7.2510320517902045,3.732762413291459,5.779307784825436,9.70508559971523,0.4699227920211661,0.33397277912133183,0.23960793821575607,0.25741350402244373,0.059682647251808656,0.49397541980228726,0.9060978758228124,0.5788834275447172,0.588764034233452,0.3419352313240541,0.757654675926797,0.6699960291900787
71100.0,80.735725,6.69379189141456,6.585206960763991,17.567644,5.017600023921459,5.0525573541971625,8.968335,73.47788231610178,61.38341016057146,57.54589772729216,63.97458713240936,73.19090711949356,71.15274636687896,56.15677294332111,58.205806906825416,72.15069683835274,83.91262479638345,80.46514557967988,68.14421630583803,7.157386814291865,4.510864052389653,6.342743919531873,6.548672879949702,7.4306288556208315,6.430853910130929,6.311094903824572,6.615053274623726,9.819872751592959,8.987361199962544,10.511906392231387,11.344888241698902,2.844467,0.4550119353142047,0.21632528774521392,9.66941,0.1708114453331844,0.1890180242623656,7.80791,26.788463170087606,26.041528269218382,27.595537178127856,28.342824630083687,28.143639571011583,21.63694921107458,8.789299406297166,5.814996852534331,4.000373154288143,5.127663557993181,6.391903380774001,10.52048070309936,0.39543107763012897,0.2539404974096541,0.2621412766020826,0.3467936968107938,0.09322359015599065,0.3725438990233938,0.7132353986220779,0.3337709579782699,0.43415141232281335,0.31525885456709474,0.4840813012020448,0.629191073449983
71200.0,79.61109,6.712126539239905,6.589254341510887,14.651469,5.056221854762617,5.139394286921127,9.373179,68.85648515315721,60.20793611132481,57.581919866484846,64.47737853116581,69.87405020110965,67.32149409785144,59.21397614167785,64.87755602300582,79.19079818906542,87.26074581438388,84.09444713298258,69.25154855889114,7.143719798072858,4.574561239357938,6.486588664259902,6.654806113708204,7.4320978581831705,6.599151917971143,6.302716690699629,7.0901376458317,9.680454746083464,9.185969672436249,10.35246986363524,11.500807795446292,3.2385638,0.9315458378498842,0.5633214319603649,8.082197,0.37346538159675685,0.32583992452970617,5.293848,30.685081874855626,32.277760155255166,31.23292331419385,31.427941380273833,28.23172137315121,23.459835907012817,5.395406945164036,6.5595238187873015,6.009015957080694,2.278008308335483,2.4011039460446724,3.7347602963766495,0.1926117527133797,0.12320431246327122,0.1629045373012313,0.2204911965878831,0.16313048480249084,0.14242203908460502,0.2942758773464719,0.20289413171197238,0.687415298912324,0.49388607772101284,0.5772127262642852,0.4851981986277282
71300.0,80.69003,7.025405826502983,6.739736457232226,11.774058,5.20141278885299,5.3218309069678975,16.305534,70.543743123284,59.594891954804815,55.18658456869307,60.57140343845479,69.80293199079422,72.46019909071984,60.23637590587691,64.34898555380312,78.03497738232032,85.79523494026871,83.93380185275204,71.18153209267088,7.169531210315621,4.553618467988081,6.397273108077994,6.42220632114804,7.636475028925193,6.673704679225004,6.796974757485461,6.942947990267377,10.002531154956511,9.066189636923687,10.44521600777248,11.496789692123443,7.5701385,1.0909690841289912,0.77806598587175,12.100368,0.17582546854568792,0.08520873185193818,4.684691,23.945435137050275,22.191443090712188,21.416947100015086,22.7226809759426,24.05559239427481,21.549789855568676,6.918261197934818,7.192058944378964,6.534478060292968,2.445471833840778,3.903278672548125,6.5143475090526675,0.21159122427235041,0.39366554171879536,0.42025852148989656,0.6274244820142076,0.40157753445363165,0.5058828214985385,0.7934532414531252,0.4763853412921184,0.3294347457641398,0.7251550069834584,0.3479657345466995,0.41316568239621104
71400.0,78.76115,6.937487796978528,6.772108327055847,11.037183,5.034100636046413,5.120690702568947,12.463025,67.61688518602033,56.919025079134826,54.894721091864916,61.82818061517222,64.91248509341325,67.58798371927179,55.01885276454948,58.82728434173635,73.39357216074997,83.51370593538762,81.08256183331928,66.59470827411344,7.333187233755347,4.503625563987723,6.411483666863082,6.539174415100683,7.43896963654943,6.354653215789174,6.291765470275539,6.9552260212362595,10.125211038009875,9.0808257910759,10.796302841113878,11.727180477249767,4.314622,1.1827776401618462,0.845414610838979,1.7673877,0.09916765448221726,0.09712091054056787,11.281668,22.40014135204095,22.41509855620021,24.580157433419192,27.038153873756066,18.915680433520645,16.667960239606607,8.113105227454076,7.679816432721905,7.127802519457439,5.457887658314632,7.651229051788925,8.364401898954087,0.07072224773413502,0.2001171494035637,0.08341912533823523,0.4749165834270508,0.4845176431496518,0.35793872782439906,0.32385279822940083,0.14600722000998856,0.7581242115911379,0.7856696736538584,0.3718815626238623,0.8771988856250242
71500.0,77.318146,6.68862809451952,6.561081606144197,10.621684,4.939046172478988,5.0423836491664416,11.939136,73.88073543826623,62.829648404987665,59.43983560526652,65.84688973771472,75.3792864968518,76.64041808914742,56.53160061844161,59.71257278710971,73.93469085354941,81.30993615968964,82.89389055197636,68.78550466040305,7.64419699092154,4.9360197636604175,6.660945952975632,6.782907053983691,7.465028601928409,6.389378510742024,6.334353499699521,6.842123432958832,9.68320101769614,8.916202987108045,10.430728609179575,11.711901923806309,4.4129395,0.5084636117117711,0.31594075854423187,10.535636,0.1483424008380887,0.09714747642659614,13.398015,17.154302872076894,18.085053524404806,18.603272316373282,18.61635125419148,18.184132553399607,14.773823259584015,10.91444671028816,14.532028427218586,14.94258739963501,8.674898612381805,9.402564628041073,8.110162337736345,0.1869618379758945,0.40801112098595915,0.28091864037680586,0.7290910914317876,0.11621224056917637,0.22894289545091479,0.35792226210559375,0.6261796766652074,0.24471468477950456,0.6074152394869462,0.5693652084731876,0.8196492563472525
71600.0,80.19766,6.651859550148433,6.470516210263839,16.582657,5.032276634470242,5.051464748973537,16.075735,64.16620551887364,51.405169240913295,48.06527534257774,55.2612854899817,63.779345070082265,66.97909527706999,51.243689825449074,51.21655521495825,64.08854075444059,76.73319676947533,75.67890639670527,63.14903543644798,7.149732838354686,4.677880786729607,6.40139851927307,6.767456294006878,7.427170008668206,6.714238812046635,7.065961034359138,7.172230096096176,9.79720307212911,8.661992874992045,10.445319868615309,11.630814881944978,7.242177,1.251589909493245,1.0076635854490206,8.641602,0.3332297154018345,0.2195624832576956,1.0933653,24.74412870433939,23.754284796042164,24.256525141900344,25.751255201178754,24.30754301583474,21.690130439082406,5.425453055673861,3.9378333587858405,7.002292093658901,7.03076112114407,8.133929178784722,8.59214648932301,0.09390871702675692,0.4322616515019179,0.28710379727251645,0.5497262801495251,0.24706903578620987,0.387663781177302,0.9112426124946994,0.35376474505053723,0.5461294899340629,0.33231896974517383,0.4542341194812684,1.0012196803716238
71700.0,76.38688,6.78168954871711,6.592264622772799,6.4242835,5.004752644023983,5.087929063926631,11.088841,70.87276329377771,58.59874335039614,54.111514165434265,60.658572507131105,70.0537618187859,72.64030649984755,59.143149788265305,64.2246272172781,74.79090240827037,80.38467747855677,82.7153581228573,68.62302072018817,7.43674815024965,5.044582123785936,6.326333478425128,6.759698009546443,7.475019324472599,6.522219473208367,6.423908351475569,7.120582617775795,9.810015058975393,9.134125470507238,10.624525830270299,11.671664063396113,11.340103,1.0907850596648494,0.8153745279348484,5.5334435,0.21817136182898741,0.09797566184279276,8.608947,23.556156250606662,21.877403448796112,20.884290005891227,21.2298972620878,21.599484912210833,19.31982562008723,9.75193893889624,14.434868850355251,10.28920515084114,4.016049013552214,6.304397689962476,6.080736793586573,0.2594126992487046,0.6343847945582798,0.2652788338114031,0.9355835618232679,0.4302472655502267,0.1641355261492607,0.34831537196619433,0.5415314170387605,0.476823063291453,0.6473972405453742,0.7141944142119054,1.191364335396839
71800.0,71.61547,6.543751339155231,6.41906283715727,11.230121,4.993789225437271,4.969487973992713,9.741661,72.90698868793653,62.92929598626184,58.27893237496628,64.6493016299625,70.51118773399507,73.22980081082933,53.232554953890364,58.66384405389338,72.75593389669092,81.76443577192718,77.30232151843718,62.75186822872331,7.615181650488052,4.9801813632646335,6.63677411477006,7.028072642484202,7.372782291657508,6.558738852405036,6.481574651914452,7.129311345224074,9.868925686731577,9.04960893240842,10.412986131235408,11.65809450558974,11.456243,1.479992429196466,1.1909713867247795,9.643378,0.19879431037034265,0.11913047862109237,8.699426,19.17388034614078,20.497000471079435,20.152907158975196,20.843311893231494,15.792352811566486,14.816768228909352,5.4785477836929815,7.882050313297519,10.355571870373575,6.394354007474923,5.27045904211584,5.479280262659797,0.2682601931780375,0.6714397284538279,0.31639769578681903,0.695702415374704,0.7474847742398639,0.46891541928739666,0.6176496514835615,0.6274372055195678,0.8414471029333374,0.8599011064555846,0.4690342462019054,1.3259291286005874
71900.0,69.957695,6.3227917387735415,6.1659355309447585,13.524755,5.155277195024292,5.205664722565912,4.9179053,68.32326347895157,55.79404666143961,51.6023445531113,58.80986310005968,69.78511807549106,69.18065787130402,65.8880752263926,71.75241100213573,81.36928806672859,83.93650044492057,85.31238361040026,73.75963890206415,7.434432622957401,4.715219173052191,6.457344670356463,6.54010740683384,7.474380887096873,6.55061082613918,6.422581084057957,6.795418001598328,9.785549482222399,9.063915178154035,10.400203708514901,11.29720530395054,7.970943,0.7786275758249511,0.4249074967496714,10.976297,0.10281437170637718,0.05674122120415627,5.4040318,31.152836290119943,29.044209904156865,30.199528985403077,31.872444838273232,32.808559875514916,28.228046871294588,7.0663836426261115,9.293028001876287,4.483756098645854,6.773722354225769,0.4915929030889104,4.902943720244346,0.20545090273252448,0.2843235303739816,0.5091510229561503,0.41293947825945115,0.5874352356117402,0.5979464472228843,0.6814177952040447,0.5094287827855692,0.5934827636604352,0.2711136341174278,0.34444247804473804,0.6865348034782423
72000.0,77.24989,6.241214453744305,6.081038578291529,12.891582,5.283813851688346,5.234583452218033,6.1163507,69.87968670367759,64.96404120687653,61.60332267858369,66.3353539572548,63.50340421260489,63.26946531818947,57.40213059303835,61.19214847207312,73.83180142999394,82.8352901698495,79.90137843391237,66.31152269543294,7.362646107895401,4.786744554543149,6.479511170385358,6.633111024281956,7.495867536543628,6.488898198386164,6.721630296046694,6.94891403321236,9.749998768710547,9.184780398441317,10.139225251901241,11.170989040885479,7.8710723,0.4573293096140299,0.20202157700390677,8.50348,0.23541708553996968,0.17682236677875526,5.5337744,26.558265198407057,28.738853461218042,32.69086248787474,37.00864385094845,27.195336569180242,21.16992661728311,5.596739150502491,9.142811508000294,10.527412805718633,6.486701028515305,4.768759105915509,5.155657676029101,0.42545252164384306,0.3405464907376625,0.49066113674813827,0.6243482974338335,0.3599567172310056,0.5417121276828567,0.7213195456147323,0.1691910997099426,0.6922908186591655,0.19462030982290837,0.7574649157030329,0.876948118292037
72100.0,76.96258,6.6725312572701325,6.400093389753935,14.2725525,5.1291876651446096,5.260029621134131,7.937139,61.703347743810355,57.880811797499,54.93993689616201,57.229859037323,57.83197319214212,58.51979255037796,64.48164943070789,69.98106087419414,84.53448290089102,85.32907030657708,87.0110612596639,74.02697481233868,7.280351927623438,4.517704201074245,6.419681209350203,6.5938753674068975,7.614238242725016,6.411312169984789,6.439451395719598,6.687740697712176,10.079342105842835,9.161972254904741,10.787820659575084,11.57072548062075,7.717185,0.8758392246004004,0.35791479884546795,12.628158,0.32557221510176526,0.3058303118139879,2.3562799,39.711378875742376,33.01579916249169,33.046404918793435,42.571751636386594,45.362960774047785,41.3246657655459,5.570711275371777,4.701754614112061,3.620280178640084,3.531686406360896,1.6313728395342932,4.848648730284383,0.35958148011749763,0.1823515608709075,0.4948485238740563,0.27345444029728677,0.41602814884013,0.38751104302564665,0.5363202997206548,0.23493686438316347,0.5604425828249302,0.390058402710283,0.404791526708288,0.720774886821335
72200.0,69.51061,6.567400127139197,6.224787549950819,16.05117,5.348509383877324,5.343498580966798,8.628517,63.678962316875904,54.777012544184544,49.82938350310917,52.04061507505173,60.81657141209544,67.15237424059664,64.4584207494942,70.50950802816972,76.83654154307042,78.87270810911825,79.27325279198213,72.10657523747396,7.519182071262691,4.7293640416941995,6.718545539940739,7.023015132950793,7.387693087246654,6.51722385766944,6.917243178460726,6.937256003543319,10.063798413567184,8.725522589049973,10.56765789560166,11.708817584573511,3.1240718,0.4863615122376511,0.3555003497492568,13.822866,0.16912211748907294,0.07169522675088903,5.4492664,31.76261454217114,26.927799730426255,28.944708516656586,35.84420477150187,38.41431718985851,37.067072830444914,14.894622532794132,14.723774453485621,7.036674921858934,7.319266573702123,9.551814303229948,15.929094019192013,0.13129142273023675,0.24352741480597873,0.37388586558209264,0.4531600289259736,0.8683659035361795,0.666696928892594,1.5236435088851534,0.27846185390477346,0.8103528553617206,0.7107078349520116,0.5241837588642166,0.8857576830240642
72300.0,75.14027,6.505265929246485,6.27169073315986,17.975912,4.976047662334679,4.990734214493565,11.837825,64.70358947587692,59.93179552871883,55.2470943970367,57.08036647023706,61.515927861513894,59.05629874034412,54.47264247708427,59.43151474152929,73.26996867351528,83.7860214695554,79.38733219544547,64.55587600656297,7.366123880101575,4.641791244202465,6.488895499808451,6.518834633289156,7.642705891351281,6.532357873960492,6.567205966357871,6.65240385665255,9.633731155522504,9.051626935357053,10.35958197721162,11.45863406746517,3.1530132,0.7410177954152283,0.26326092117854877,8.124145,0.1768786576454808,0.12222157993693318,6.958945,39.09036420465548,33.47035360615339,33.32324241816026,42.0060343980787,45.539556316403825,38.04890207894809,8.121687941522438,8.586234853556055,7.591025432787842,7.185686535362015,6.813568906123091,6.954487197551728,0.19664163287743813,0.1643263786547331,0.2836110197045272,0.2567847003306027,0.42613090247615304,0.5422051680976885,0.7773467248671109,0.291808713852173,0.6517198239359633,0.3907208299137391,0.3784703672961087,0.8198502864084234
72400.0,75.79548,6.527742162168495,6.225368570941785,10.220578,5.017015959677011,5.0274792554358045,11.3157425,60.02689127609395,48.24299573812798,42.61966928436348,48.108375592348125,58.588472548899176,64.69826623873873,52.54826791914106,55.926333695514415,69.75218716734626,80.60061426515618,76.97917898409456,62.77694658420424,7.607665509517392,4.862064968449038,6.603004904250039,6.968879952467528,7.401707112629762,6.538879173737069,6.768939175194585,6.934074962581764,9.4994412817547,8.841717457393726,10.264601779430308,11.230242501129213,6.145255,0.8069222356592594,0.3472598875911625,7.2605076,0.030600621269450914,0.11661304011002625,9.847596,34.027373896169436,29.600717675380555,29.04973054934588,29.348922901963743,30.573202811879227,33.917717471664616,10.790096872109038,8.910560202926533,8.203731197451653,8.814375212641707,11.211101721035673,12.928479518890915,0.1844273566054507,0.31427429566310844,0.5461517580360213,0.3715950914453045,0.6475630232377014,0.5703805920730997,0.863301320240861,0.48655291566023634,0.45897022812182264,0.2834229218916643,0.35440493794043204,0.5456541569987053
72500.0,70.29848,6.151127202449239,5.800709462992583,12.949234,5.70301254944926,5.600917256682702,8.097295,65.38834649797143,54.11340657617283,48.81289241232809,53.6013329592683,64.6593778603485,70.35735340309093,61.471588528347404,68.20677915708121,73.39712514017525,76.01246419516973,74.73627708697974,67.06596385281254,7.282684337504507,4.86673253415459,6.408342620648878,7.0154438029738,7.494076514211311,6.739508718294864,6.871570344349806,7.235154991378789,9.907747493132218,8.788527153132952,9.857787071209676,11.101062821103996,5.6705384,0.48246167900313225,0.23203545332738115,5.1771746,0.08155001235530934,0.24119317487791134,3.1045358,23.999417190424563,21.66025531369258,23.506256495029522,26.44005935157124,27.83469565962767,27.231068128458794,16.062697044203745,16.595466761420273,5.303580353407211,2.654256022828849,6.4514733223917995,15.480294456400733,0.439779690968875,0.4186733538674369,0.4624019233762983,0.5959271249535975,0.7085989115970485,0.7714093450459597,1.381686033329612,0.37958339291584475,0.7183599414225217,0.5311693235419502,0.210157516735572,0.9283686468654418
72600.0,68.87113,6.009044650194785,6.058043945811426,14.023801,5.0487351080920915,4.846688051258294,12.7317,85.48198855788273,76.43285344368279,75.33419568217145,82.61580133145124,85.0777872122953,81.58107646843284,42.496853704899536,46.23450890954289,59.73771582334059,70.51540577523868,67.02892413665455,52.80607739090203,7.4434394441151,4.833835076455023,6.436765915223366,6.836370291918729,7.4350576475794865,6.57551421314005,6.522992032006489,6.862337768888811,9.779049378785468,8.934137510490814,10.301151433670345,11.370480466505052,4.6016803,0.19926544771388197,0.08480284304586454,9.788714,0.03524399631771649,0.06427860823851281,9.510919,0.6542468626773201,5.2057830154145615,6.00943544671565,5.403612447221162,5.966757521404712,6.647892706545875,10.742691128249218,8.547847292247011,8.071697038570786,9.318648200542729,11.730163294885669,12.246287653841739,0.29572841532485894,0.4896186003322876,0.37683596081689436,0.7269980727312232,0.18077792726850953,0.6742206632215083,0.8729858714839219,0.4009932569893362,0.49641446374629206,0.4533492100313666,0.34935317073182753,0.6905145148642486
72700.0,75.943794,6.220189191280759,6.26907453469903,20.099655,5.212452978581292,5.272822509910846,2.9293747,85.99070746345427,75.88604669014059,73.45242922373598,80.41633006044708,85.95446862797712,83.88404259502467,63.79074167029722,69.93248225867688,80.53518919947781,82.60036197905589,84.79163009612499,71.59904861475871,7.104109910598578,4.540998581364755,6.171330927559548,6.280216506666403,7.778272227890349,6.772524167585485,7.041945820445182,6.79276606301165,9.876392147835388,9.29253303397626,10.289221477306855,11.13303624071603,5.199606,0.3455976024359323,0.29868151035854,14.116813,0.24331328804741775,0.25276899611174547,3.35009,3.20247955287375,7.118683340270291,6.9312837057328025,5.967910970146411,2.812554680096899,5.113287157781468,7.467262896969218,11.573593959382979,8.564097521143406,3.628065348346245,3.871322275120289,4.903125647252886,0.33804698150646373,0.34365975389759806,0.5609661060802839,0.4859989742712477,0.3506422806832968,0.43462527966020903,1.4608698500426465,0.33515321400807235,0.30029785033311995,0.34633274316187623,0.4318918404944823,0.6173374987117942
72800.0,71.58387,6.241419305766701,6.282514744630465,9.365944,5.2145575350635704,5.091811498376347,13.063075,78.59325979051381,73.05296486819485,69.99262866975788,72.98330174897363,72.53679366025129,69.00008983228587,52.06485854589889,53.372530953199636,65.81227332314889,77.15799181477537,75.64729391736391,63.05763681690393,7.509162781354196,4.9659432718346395,6.431678725072146,6.639821127864228,7.299520892630618,6.513586189694389,6.80424399869069,6.963172621827302,9.626912232394442,9.18742826576669,10.317084004826414,11.306140741201284,9.078376,0.8695819643073779,0.7098228841422777,12.844837,0.15735026274052608,0.0521626808834299,9.782993,18.130464373133044,5.810230765405603,5.952871556524829,16.14911671947271,23.24618473820933,20.13871283827887,7.003209262122218,9.762931620541071,9.907529183409627,7.7501718666481745,4.915663388003202,4.9677959327702546,0.342864821266383,0.5092594147820233,0.7103960964117141,0.8216817025570535,0.32926343045533685,0.5997548065778339,0.917627106434123,0.40994554822846674,0.4512426979627899,0.884843608835892,0.36567597411896396,0.604833759309341
72900.0,74.58517,6.140391311055662,6.278584671713147,15.695703,5.256359901874522,5.3081370631410545,8.101138,77.5788845803523,78.19501235180546,75.65316375332593,75.55981288938175,71.9383840588802,71.77059734045719,67.85742777931839,72.9154520778568,77.68132040926038,82.25991635163251,82.38304037201358,75.08416432042922,7.316407016456023,4.619359271139584,6.333468615047358,6.455911521162927,7.396819972506939,6.635223856062741,6.96925039177561,7.035262253407222,9.912965596534022,9.339441707424776,10.21004574344922,11.079605167071847,7.4686904,0.21824892468282409,0.16094940306426297,11.078036,0.05557777998906551,0.18313213593355893,9.868328,9.954470341713483,6.885814820946593,9.210204711521605,10.291327112307966,13.308454485651792,17.714931531192775,11.119832935807464,14.476676577743584,4.45553633143368,9.346590965797224,4.316455779735873,9.864591803130963,0.31421044134803866,0.23399065939850255,0.16375575554888908,0.41310611290730226,0.43122376092799997,0.5355436273274042,1.4073803398050913,0.404973760436384,0.7674338744214168,0.4830473323011537,0.33905215399583394,0.9332494357612298
73000.0,83.03289,6.586728978631139,6.614773629673041,6.9491043,5.076281224945288,5.2613848507130045,10.274486,78.714958527376,71.40918186048542,70.26562220123449,75.18070688607268,78.22723463456681,79.37721950801487,79.36490990577666,81.39480306209798,76.02499900715789,70.87972463777625,76.1249169048747,84.25446233630943,7.386698265450654,4.660745162841686,6.373714643683546,6.761864194085544,7.500799935881439,6.488710497669033,6.668409097990588,6.993887673007471,9.725368016628869,9.33211609773346,10.529105772599648,11.423834265529123,3.8205369,0.8016699164530612,0.617764436540305,7.157738,0.18448408208931286,0.1413191394811322,7.021905,6.193216671036076,12.416006054809333,14.015718586211548,10.054738070551977,7.4161742235195085,8.882365073198775,10.059336058113923,11.746101449913562,5.174633604006647,12.12173588553497,9.505268155730166,3.406698070150488,0.21653840097561272,0.10686257763734205,0.08239859712471302,0.35409524498675415,0.20095295586159298,0.6677887446336848,1.4697104768621718,0.5502593981694055,0.37813255753393704,0.14375199974434458,0.7827528818796493,0.6582439442329887
73100.0,81.302666,6.509905498360719,6.657666050408405,20.596468,5.124861528913731,5.283595033476206,13.017342,80.03655177318076,83.38000688527899,82.79657586769811,84.16136530767879,77.59735716547334,72.35660309468942,77.80435647288401,76.31958302394516,71.84211930669551,68.99398576213099,76.7834117173871,82.45399759199348,7.145912131539192,4.467396543406209,6.25575896522561,6.786561681176351,7.534223250868081,6.602378587723366,7.048094079854278,7.428114558496809,9.597418727857693,9.076268472777407,10.638098259117127,10.896497494457014,7.390158,0.26036631170113017,0.3559886708825525,16.144123,0.20803839190079917,0.16794591549614463,7.557815,8.797852665352424,5.022998712831948,5.249789496749709,3.1825096135934876,6.400241098307983,7.299335747787512,9.216837952668296,9.766986174219713,10.857918732206265,14.906459072615169,10.308632650956667,3.4805099622985542,0.27341128475421594,0.27813419539122486,0.17486702534371137,0.07259297324486005,0.0699797402557591,0.3761231965517022,1.161117535633101,0.3790164752006187,0.33906909874186486,0.4119705819843553,0.39799406351620503,0.6072783588234176
73200.0,76.41244,5.964299267877184,6.104385135294524,9.064835,4.901591105601902,5.057534786722666,9.106006,83.75416970990153,78.2480744835621,77.91683212361892,82.03265736827257,81.1636248838475,77.92238802359554,71.63176845998053,76.19378790321178,79.97877250292464,78.22682762130981,85.21571300552809,79.07800185894517,7.54489810234731,4.997498039931796,6.523047672287198,7.0596584480568785,7.2856109329874235,6.540366049637318,6.7148344211113296,7.314631951896215,9.461316667153662,8.869468173075575,10.441971211244326,11.225034183343304,5.307016,0.17897493416162555,0.16723643428895385,3.7369132,0.16476863337798872,0.16716032082800159,9.317199,3.062760975108949,8.931661905558133,9.64745029654992,4.0179260922460145,9.827665730320176,9.12868726552539,10.303117849992047,11.340254833100103,7.593809293232096,10.7006077977045,4.784066982882824,4.834866429044024,0.2297586703196142,0.31150426727958447,0.138519030237408,0.4704835835180019,0.22033113212966873,0.5967066628666163,1.070798373316758,0.5760031155319831,0.7556305115731843,0.12199221449219519,0.8370440759289248,0.8678182764169844
73300.0,76.12341,6.85908680722939,6.759278371304102,15.875046,4.877669690633412,4.976846255253353,14.610729,64.39127947412179,57.257745981256996,55.56151079728313,63.44210175591892,66.10132213338602,64.56219338688904,63.36872803012369,63.36447054985599,68.75719304248095,72.12199198467272,75.28248686618701,69.95960680500211,7.152209185675278,4.499738875644358,6.302194294411403,6.6300670603217595,7.43214776887027,6.564434876283862,6.469016557517313,7.2301860799153195,9.623065582584603,9.196417193147541,10.702787095233873,11.314193208449277,4.7719483,0.8500687394908034,0.475241652723309,10.699932,0.13836338215198463,0.08822220366734916,11.535561,32.15860446218027,34.93314148970071,35.836435575826016,37.186693386925704,31.942292169389173,28.117871485113238,7.3894267034488355,3.5900733885683036,20.18217204374337,25.613865713877956,16.453769380994363,2.614659108488608,0.33399504212810044,0.338850650846395,0.3786413963022993,0.2603056248996104,0.24379829167479597,0.4764768252348728,0.9839391299775051,0.5163084558425606,0.3990634300850498,0.627365479403911,0.974155121076344,0.31121651320743215
73400.0,72.794106,6.641825943302454,6.4248973861814855,13.906128,5.6386182737294135,5.648585893011561,7.121155,65.02151740306881,58.81543854438602,54.9433475434604,59.5675603666998,64.25810147302026,63.528372680253426,70.0735178733019,75.1105134809881,76.2146339138374,76.08085159019483,80.90650007743187,75.78126801411985,7.412403967120762,4.653185904270705,6.244232165428756,6.423930457936536,7.405306706923664,6.594689762175889,6.993380379812421,7.066170499152946,10.010002258473293,8.94691083677886,10.488172041273438,11.05545707450556,8.728877,0.8753285163229074,0.40833081296415363,9.492323,0.6814670944508905,0.7884479044758663,8.80962,32.38952447502561,31.263450324655444,33.687216842629304,39.61772236887909,38.595603548083105,33.14001742978074,16.788351588353667,17.316608151905676,8.10568575283506,2.5525776252836283,5.004176114729923,12.727635195935935,0.29427304952644195,0.2276285647684015,0.17211649116398173,0.48596931724252806,0.36285537082696884,0.4033391075690584,0.8311390581244944,0.005147397810138547,0.0313220904945566,0.21971435293820343,1.0180052689268901,0.5840577794857963
73500.0,75.01272,6.404545383885522,6.286014366454439,17.303808,5.789106198324302,5.80619245280663,5.7535806,66.01322462680753,62.32868708677046,58.31318972782008,62.41070911537063,64.3237578886065,65.0976361910243,63.11028252191604,71.10783471269541,82.04301929763461,83.25158819327349,81.36934302077603,67.4614906238396,7.119774834640661,4.533037957981794,6.204416018187871,6.7514426518607635,7.507601688529813,6.834484657483706,7.289298122693829,7.577965206853105,9.951868529821597,8.859111537458853,10.204835933673571,11.174592923735466,0.077591315,0.6784060860545,0.3751797509828766,12.177357,0.6525591920032189,0.5837550065740418,3.833885,24.884956484102705,29.403536208906928,32.234744662092936,35.78964313301596,31.055040928701736,26.642470299101962,6.270697439010581,6.20488360711671,5.9444471899829265,5.13356736358029,10.058559162848308,8.843000401646048,0.11342810918699563,0.17654316686445448,0.1371356904273974,0.1294136788737185,0.6350503747432683,0.5170367097146598,1.3598130938607134,0.10596483980541545,0.18368926778156616,0.09691402523905758,1.22914967164896,0.5275415078744918
73600.0,77.34742,6.355549872167167,6.200046903881056,6.7418923,5.669607492223604,5.681578505181538,2.62544,73.39170251145391,64.72073058017126,61.81866299927547,64.74774300104552,65.89593757880587,66.37119304495673,61.58926471930425,66.87987360009117,79.68855398364816,87.75116051433287,82.25011561635391,68.73906710491939,7.015041732876228,4.393994795933103,6.196350994346449,6.498628255419777,7.800481740186117,6.852808447816937,7.6471789619665325,7.571892007791739,9.774309247556838,8.96480208323881,10.291246558733262,10.840045979184117,1.5845963,0.5050787409622916,0.06727212011670732,5.011068,0.9298067329159057,0.9368568653681825,2.100979,25.13051380627054,23.439630888904077,28.488191404928354,32.233076509814275,28.712910347540028,21.783614688114707,5.9756446988452785,7.7077824485807955,5.924984595740804,1.5478222535819954,3.181316339585396,4.040098757802396,0.36394199395451954,0.3430507723997836,0.4615901824717641,0.25139110631641887,0.41255411536621717,0.6284560141941636,1.3530902010991286,1.061586564062407,0.6191569461896,0.36439794904019523,0.7641544621782963,0.9900856757460147
73700.0,77.84261,6.494401086390198,6.351810809265447,11.69057,5.582973916647262,5.566844428819941,6.6238556,68.79826680253576,64.23424421954604,60.661985098336466,63.73687614400554,63.03001331278505,62.77124181171024,56.30633287867113,61.594304326405926,74.75796682668562,83.64129434701239,78.06894544661911,64.38331106615651,7.1931235224481656,4.522661443620213,6.279635998644572,6.641913836241886,7.481152204884393,6.633726048225852,7.205243834218635,7.229703473934236,10.059171029456634,8.9636517955103,10.334364991236455,11.159912544254595,4.729649,0.8883218936344546,0.4438609424102839,10.652595,0.799285187608608,0.7572561020513378,5.345499,27.045201334936213,26.69927334527537,30.662148855914833,37.54815703523532,32.8442550157457,25.94908647478684,4.74073580471863,6.577556598139489,4.578425638460168,3.3471068778069735,3.522768294917624,2.949568303601378,0.19246757311120138,0.12361774800774993,0.2558936131277515,0.34122763461117955,0.39617159736996643,0.21837061432801716,1.5417620902031275,0.7650424824427665,0.252290624727058,0.421496682631453,0.5311522854512103,0.6957730354590929
73800.0,71.559875,6.151936091462993,6.30116487818029,12.699695,5.236751037214169,5.254732207987561,6.2124405,80.21657073979532,77.63943538122972,76.47623980319419,79.53918013738503,79.23295488276413,75.98323893878649,62.42093190374836,67.90973264414839,81.72538152132246,89.12333228231444,84.92903329343328,70.70000635926596,7.183511107773277,4.610315772456989,6.2821038183136295,6.526604678311274,7.503232843810348,6.517981076183427,6.896997215841853,7.057171256407247,9.75881978499398,9.055282588071583,10.252895666673767,10.976045368305492,3.2559896,0.27917776333918193,0.13511197197296443,16.47569,0.35929797341753245,0.26143896649207676,5.5324693,8.735576220672304,7.136550840963395,8.59204784266726,4.183874483379296,11.740241376415623,14.084973900998765,1.7012686830426853,3.3583523700730322,2.7588078337828112,1.0791087030919966,3.1930236849982023,1.981205125913369,0.22531847387774992,0.3443269697482748,0.4674149932179933,0.5655374753513814,0.5144512836270947,0.6646619075752405,1.7216144014396018,0.20933650731435122,0.46051107000739533,0.20455246492051937,0.6546674428376394,0.8670462236087406
73900.0,70.00476,6.5495435496380905,6.462167404012742,5.799492,5.610740867549769,5.529747483781558,5.8407135,77.48188855194327,69.6577645523344,66.66423004381576,73.46758977842563,72.85958617063626,71.88313135464831,56.354327204229634,61.78124997687376,74.42727757231906,82.82249120656842,77.31896486929274,63.779805786074235,7.1577559268145,4.445008971018212,6.287631557808157,6.538248207162,7.778581651721233,6.737396751732722,7.147360145277382,7.211468670596896,9.995008070909714,8.97568635690228,10.30612118241509,11.128871176678961,5.655323,0.8280916601125708,0.4639944396880599,4.304972,0.6577031036147494,0.6957240343712511,5.743126,16.330647517180278,18.13362203739526,20.44776623911702,23.331541220197547,15.771414442224136,9.693544314297586,2.488489606473676,0.237159556873275,1.1322564086947742,4.49975538640133,6.409352481617323,5.928798025998744,0.1556192514298885,0.1604826352440507,0.10162945884493889,0.30608462910039447,0.23745779636137207,0.2431250214984466,1.411133329043877,0.508965360363135,0.47894568424626555,0.2519720276657252,0.49839865977205533,0.38571113203263313
74000.0,66.40696,6.654582383673676,6.393154732808406,10.287602,5.609988163356779,5.59187773256865,6.0995026,64.09977811963111,55.75946814979261,52.42221381783463,57.5104396236673,62.45241968089979,63.243920052583036,64.14210660833287,69.28813483967348,79.48096240952043,84.89791505226721,84.10057193891946,70.43639517404529,7.363847789182555,4.714354358769293,6.519121089787105,6.553952904744702,7.385305161823286,6.518401499519984,6.924465883330783,6.9117922251184085,10.117583926216142,8.89909776409962,10.580141495855218,11.387330464274555,1.9601482,1.1143538201946446,0.6474213080078336,9.440181,0.5824824262199614,0.6896613220935839,3.6167364,30.429491471212547,26.66685347571173,29.328372731992918,36.605114904207845,35.988411307893685,31.59496434490275,7.815750414861513,11.03351458166142,7.292147807052146,2.417844441824363,3.2667092502921333,3.393659066154615,0.2563537999439326,0.3354196401941716,0.3773469764339783,0.0931797001346596,0.15087352926374542,0.2531678144917758,1.406691053844635,0.49407571055218463,0.09946506142046667,0.2697049260565029,0.7783810221395057,0.3258434826499537
74100.0,72.975204,6.334989471690737,6.238899876088706,11.209938,5.469846849816222,5.485813347967402,7.3220725,71.99179739729071,59.74797101452467,53.967347818517304,59.9242815308825,69.91367193990679,71.19786548966636,67.85942918705489,73.00417889935166,77.5135804372648,81.03970872797642,85.43358616031468,74.0886955463709,7.266152512433113,4.845976452827805,6.148613039684943,6.700632935092588,7.514228220550332,6.567805751695896,7.016167936994293,7.141536534688464,9.66508289230856,8.944023795947444,10.033079476823135,11.002156093932362,8.030981,0.7947766296243982,0.566681285068672,12.781476,0.220723731021515,0.29862965376062584,3.1116006,26.32042199640319,23.72489078334028,26.42862625933538,29.461021287056067,29.759132891960892,24.78970753454948,11.4503065435183,14.987913411901678,6.063996936562127,6.131353229673557,4.563106178679258,5.994517529885933,0.16608842533331308,0.14177723688497085,0.19511103325866427,0.3918659915346765,0.339070179034217,0.301165946162683,1.3044207850617735,0.4071332289169211,0.6088777006781665,0.3611403537951688,0.866763281673231,0.5073815525026056
74200.0,77.665596,6.807091332137625,6.5456224690882685,12.838796,5.177237765038899,5.248499641726029,7.5434036,63.460708381726356,52.072083723611655,48.337330023552575,54.29076187309957,64.21281837623236,68.01108515090392,61.190334779454325,66.42023604003761,80.36688990587493,88.89918540966363,85.31379770329073,70.53301276741838,7.317070442382533,4.636992261648708,6.170272688349425,6.585081262887944,7.3180585405866445,6.410531139757357,6.6517418587228265,7.080755933218185,9.92288782235982,8.800799784618553,10.542398870859591,11.332728203544614,6.8757954,1.155571643333165,0.7168162899761302,3.8139088,0.34475855561855145,0.2975847271260525,2.3486931,29.887629049441315,26.67365161315974,27.895056250442767,30.443551567568353,32.06301346504095,31.000813861405735,3.4390898618483825,0.7768244763323752,1.883965621580899,0.3960783246415032,2.568757641017434,5.050303327134686,0.29197703765725946,0.3622598031056389,0.38630958017745276,0.6848117445993863,0.20414799362585392,0.101659361932368,0.9919108638150841,0.28698409363064276,0.6602112679702491,0.45772423204465534,0.7612409902305556,0.9819788903158985
74300.0,80.105385,6.724898533442225,6.477870127028935,7.5692544,5.391723967220458,5.4170508242540825,12.909686,65.79013366714074,61.587328190395674,59.187740133707564,58.47456537722589,61.361568937816145,62.41473521233934,56.82820557005456,59.77106383049138,72.57386602106097,80.26230738237446,78.96371981265038,68.62781105188456,7.1336000773798425,4.5451106797225185,6.404026358992103,6.663480369559207,7.544532361115653,6.801245314756386,7.013905907529423,7.251270476572521,9.958157302992696,8.984168301156258,10.372514166355712,11.363101442004572,13.538019,0.7379701193405365,0.2294221766292972,6.414307,0.18437941774742853,0.17329263539901366,6.1096354,30.73742412651811,32.809606526678444,36.61521701896884,34.72307170635232,32.30505347849053,28.433436982227235,10.945648975876063,10.291357979600049,9.498083506080267,5.196377246286504,6.395784569655158,11.778385539336302,0.3422769898905985,0.3889788343556788,0.19740228632191406,0.4903256210979893,0.6245551056075148,0.7554330086649752,1.1571954045138368,0.3116108559476648,0.13432109892280752,0.5049203551049337,0.2953099003338056,0.870167416906147
74400.0,76.71197,6.818336694840919,6.538890850067126,14.203277,5.242264251658673,5.310262686022597,7.567782,61.965384105461105,50.93437984568516,47.74177814605358,54.96830108168363,61.202298114341914,63.625219392094664,64.35824462927489,70.80437322970987,83.93164275406652,87.13194486730505,87.35928718736449,72.35219614984648,7.410783966437158,4.879850469894425,6.500052855579548,6.765825094696699,7.502078852687663,6.499898323456453,6.566339286178542,7.037390861289762,9.756230311497257,8.874500757882204,10.51163696866353,10.949001880242212,9.043954,0.9458177770654765,0.8008059620687009,14.225972,0.5050946014782804,0.5115853187439308,2.7287846,38.99433083438404,36.209677784554756,38.654074969145164,40.14360645276687,37.30136971200006,36.44253619492277,1.0379062265209051,3.208931256974099,4.75300856197055,3.77181000061504,3.3020795442748607,2.619109760830798,0.5370706984508729,0.7232640692468877,0.26578989844615014,0.44531818291436975,0.1732504325754599,0.4479923913448281,1.3580964924382366,0.7956052490553854,0.14731991456992363,0.5776186993323019,0.9525663886675318,0.7677700794075474
74500.0,73.12437,6.723541799661295,6.539658035273232,13.316345,5.042797409524748,5.051596811524873,11.779836,64.92358584353637,55.02377517235234,51.60591024427527,57.0718834157056,66.09861513853213,67.5280376367976,62.35013563227727,64.69269294540483,73.21234248790702,73.90547345647879,78.62762921772129,73.0732659536717,7.074035256279518,4.596215217532639,6.367833897448093,6.95164537832481,7.227836080645205,6.458729932227691,6.7904064229743355,7.0324289012398955,10.056425159000922,8.964637388066985,10.418037660977474,11.75878868851707,7.5024385,0.5515343304935828,0.4763198019100846,9.647643,0.20397256003101352,0.39457249218397783,3.450982,29.63022290200204,25.499790029288246,27.454010436820194,32.34908078108788,34.37451992473492,30.526662580660716,18.814878687458656,21.172621051160732,17.577144930085094,8.80847837478487,9.673821628070725,16.30608220427819,0.3903176907883154,0.3169390287304572,0.3896134922884686,0.3700293346139861,0.47306402448564994,0.7083797088211564,1.2654619414000714,0.660468952381383,0.7720976796949228,0.25759700444518036,0.4639137618451484,1.1922151496937883
74600.0,77.49256,6.601450424574916,6.412871591937975,17.697779,5.301735136653935,5.263658488902565,2.0429027,70.72449643244313,59.97269632086661,55.56776753349826,60.64723304373575,68.83006192155356,67.3343650433439,61.208309213739206,69.00804933514253,75.65396727349638,76.82146587780528,74.01101034425369,67.77960666985551,7.175041025507501,4.652316445678188,6.4381218900350845,6.575099232180068,7.970432332949065,6.848503483314901,6.8380061291058105,7.19730691806036,9.435528151662618,8.812895289002611,10.239530900724837,11.212414394883545,7.0843635,0.3964731269491689,0.5731571350649974,8.16478,0.49972047060877045,0.3680614982432508,3.166857,31.091430159395674,29.37827727400282,33.243103667423846,36.06691517798756,34.19440507905271,27.145510172501933,13.863625289533477,14.229161537005234,3.9880191553997135,5.1062103403916295,4.588474184207503,15.571460133519661,0.20133167370881094,0.18437336265429902,0.3056220907556109,0.29569656311292397,0.6864151281494114,0.7781695271744952,1.6152122385737084,1.110073088367134,0.9148170174851781,0.3762402448662046,0.8044077130673654,0.7299381458029884
74700.0,76.32694,6.670938992392583,6.503299187065612,20.447042,5.11622090772645,5.195881968690163,6.445038,65.97836962922169,57.780363859417356,53.91569767492504,60.45970328109508,65.25292985796726,63.19433658244156,68.66490049195025,74.31041418216631,82.57667117152018,82.858611302592,83.71265356109244,75.96255150824118,7.226530799101655,4.638083417371979,6.259532696093026,6.443223189916353,7.6677262182881805,6.678888175749804,6.7842541947508685,6.899667066155513,9.464433097550033,9.204622403133547,10.588862780683579,11.228632024677571,4.4147377,0.7333254751061731,0.4249948785034621,9.754292,0.23067904461897093,0.1694883142021109,4.9157367,35.885367792090776,36.1951208893383,38.43217360653447,39.77670834062178,36.111164924122704,30.477905976589547,6.457994850955226,8.168700963962536,1.4209896637910842,7.71712690300513,1.7088570261964386,7.8442399084703816,0.08285999306275169,0.2915688336372689,0.18969328441156613,0.5104786261373184,0.7604573575461108,0.604346086794431,1.4606027445816492,0.6782480301603312,0.612194738807976,0.27164079546187786,0.3984179013221515,0.9150406761047069
74800.0,71.969574,6.380888719745811,6.208113921743113,16.20369,5.259294575768741,5.108038685188771,2.8585079,61.402625042471215,48.70230556991559,44.296057305263275,51.658452182391414,62.59899535040581,67.71276992419621,53.3671453915405,55.67015320723042,68.50947728325214,79.69945900719479,76.70002808939124,64.00320953828218,7.6132683513382196,5.073195622028055,6.450096704581239,6.730590995207286,7.498659209329752,6.478252405027498,6.713188449630664,6.704411137571749,9.641364267328328,8.986371502415516,10.106154692882155,11.070233817737522,3.5298908,0.7512052997591331,0.4776796410345235,16.303003,0.16858085406570483,0.10050375246861795,2.5390074,27.860519625639874,25.89780884117318,27.64703677467333,28.967669301855466,30.562790633562937,30.082663696229282,5.573603470104278,6.382143685015051,6.978879936760914,7.281916775591695,6.6498354492466945,5.48272932620245,0.2662633962547303,0.20834136035320094,0.46458027247609457,0.38646232514578915,0.6576064542006342,0.6452503276354321,1.4328211301486418,0.4344806526690368,0.8415968906508919,0.6241898799371007,0.4893214928910956,0.8662369601816424
74900.0,75.62231,6.416396315531872,6.053650614642097,8.169459,5.658056302219364,5.630934729420737,3.2969158,68.4604417123699,58.42391286815218,52.07489546240646,54.87171391041574,63.605254905180686,70.68661100965602,75.17065377491399,76.11759385455186,75.38990871057989,75.4537419558842,80.5945259617951,80.87235600420725,7.449549334668706,4.801954824898444,6.587479950801722,6.890117651235998,7.5124832698500725,6.54924629674898,6.711206614079544,6.876068862066856,9.922315496936365,8.46231057923972,10.266032663241424,11.843664098076458,10.918167,0.6159889339358987,0.5940093138800869,1.9659259,0.7589124539201756,0.728850929610366,5.50364,18.278816980335435,14.084387876473993,15.866198143922684,20.648469640809495,23.21188619999805,22.47033619556464,14.344568442471608,12.340617941181378,4.190289964928501,7.672911647701894,3.319523975117172,11.059555323532278,0.5474451931501335,0.4318875819559734,0.4930802073830402,0.5624109492238977,0.7174461670267217,0.47635671431778503,1.3838654025705681,0.59785982797442,0.5052789705346398,0.549467735367807,0.4381549583648881,0.9982508654206138
75000.0,73.86273,6.564049679828211,6.326719318843128,11.581021,5.373223033806738,5.361361315657832,8.287511,64.50042007713573,54.18176676917246,50.76692941569208,56.12575467318555,63.229349368444105,65.53191907834366,65.61758015098279,63.68101519054417,69.14261120200929,72.3550681565614,77.46928624877307,73.48576917080088,7.189643300879353,4.641757826010245,6.4558066442886135,6.828410393935791,7.266335407604352,6.617727227294584,6.986146621386703,7.2612734446982286,10.06196600188531,8.818092564695078,10.255820412883631,11.2998226940009,2.7021544,0.7244258056606678,0.3289150466328404,9.658368,0.572704975139996,0.43927567553742847,6.874306,27.538822028815378,23.021126140279335,27.02011604593503,33.45579861163738,32.78384288464454,27.999570713703445,9.825404261705605,7.410447524474172,14.754405646928518,18.45542039788871,14.014174700030086,3.8739665585198404,0.03424266520315704,0.20543927522400396,0.5836359949734268,0.5899299429632054,0.2937499757620381,0.4207675963169828,1.1756933300398642,0.5360821998754343,0.3443588339968443,0.3290350826924026,0.47355857977251137,0.7849228568169683
75100.0,73.62019,6.626054702100029,6.246769680882228,12.56705,5.361911383274271,5.495186159191545,15.6323395,54.25617929410146,45.790924784781026,41.914689702962384,48.294253622369546,54.20952203907658,54.63702260023228,80.05930776925413,80.35573829063914,78.33251630918204,69.91406143841698,77.31754884373045,85.22629516955553,7.331314849373967,4.958819447769781,6.3962724890698786,6.581920634764194,7.681703851392666,6.6015577827211445,6.794796220119992,6.800046854211769,9.618127144711407,8.950613745181501,10.397441290774843,11.301069306023622,9.677587,0.8662372409881081,0.41596567141030866,10.38498,0.3212237680737314,0.2994680440677223,11.877604,27.98544590167525,30.141833883975952,30.32069955261335,31.59826256870679,26.452358618941336,20.37446214465007,5.649270728683655,4.003358740213396,12.195883792059742,8.88172746941346,4.922331009291491,1.0921797296845674,0.34622319255516815,0.25216985952640686,0.5124110540962052,0.488708940069591,0.28995563173684286,0.36246527179004395,0.9663028802848772,0.7436031024092014,0.4145399403023788,0.17419526737012064,0.9232121589837153,0.5088819133407401
75200.0,74.76198,6.518510374126509,6.280036701216178,10.864118,5.23923347770667,5.087752281859744,9.893402,67.07605987570646,57.106907850864076,52.46588960181276,56.90207156790302,63.03922450850305,66.5407586030771,58.54103255900088,54.08438829902409,58.52862380018138,66.612896184283,70.78494238490823,67.1786819936916,7.114324815924747,4.5197753307044515,6.324377107559521,6.867743305219384,7.428274115991624,6.974053681003166,7.389785396474909,7.3098669268436245,10.16770061165005,8.916426643425908,10.231809245046977,11.451923049882959,9.642731,0.49401817590804226,0.3203460434651806,8.030213,0.30492744737924216,0.1589468804725162,4.8281536,32.703951335652484,27.727038811014292,30.60367458742046,36.6967367550945,36.333150177466656,33.95857740519303,13.301649578662797,7.915404335809599,6.328451225380642,15.2217783555231,10.066378237180844,7.666383441488118,0.338488952177253,0.29046702367979044,0.21575457588054717,0.1865497094058554,0.35279838581017847,0.37746911162072067,1.039070520550965,0.3539876483243916,0.6179209530077415,0.4888663604586535,0.47574138133290883,0.6704303461124573
75300.0,79.12113,6.588983623177313,6.230895875270728,11.948812,5.894664628317603,5.957832411390136,6.186831,62.5466481407018,53.82800422228118,48.397038885608346,50.07026705071556,58.12024863240044,62.95791274929271,68.43174404661859,74.37526286118303,83.19470956305993,84.1143313122732,82.5134301641442,75.35765936897752,7.187038777066003,4.659865414406737,6.6707703045744795,6.684841109499881,7.430728510259022,6.614722940678191,6.768079716326365,6.744566530517076,10.44562037858947,8.651294718799402,10.446488550904286,11.74269716814849,8.042322,0.8312585381714246,0.698304143945925,9.374322,1.059817218505867,1.0918226425171225,2.4804587,32.27855902604337,25.99960514371272,26.15769707361053,33.0791568924055,38.02350783263448,35.595265192107576,6.765255226965315,8.279371016665042,5.652074391273439,7.613759322234847,2.460621256963172,7.822570176333932,0.5179357711022996,0.27187299565916795,0.4514644556997683,0.45768489575301796,0.6319811334620953,0.4160784466512463,1.4088257479138167,0.4439488405697964,0.3508897336116859,0.4431382123548541,0.934027553730191,0.7640281913187534
75400.0,77.36443,6.4255557433253045,6.1204406133059805,13.053815,5.28505532091888,5.287605939994184,9.17806,58.50890148500606,48.098478498397334,44.29633204190399,49.41100936912724,58.79807859747786,63.122896719053834,60.48572084228227,64.50176751449631,73.92282793241917,76.66898676407703,75.21655668924984,70.13610345101556,7.266208863684663,4.549103988220118,6.503276408779058,6.63179883483549,7.539915118941643,6.596378153683873,6.990457189939018,6.8184512771535175,10.07541769014845,8.575648334241125,10.419331824588246,11.652530609866934,3.521663,0.40716481776126207,0.13309071269589862,9.306792,0.2674981692251959,0.1996911749815498,7.756578,23.117702026153548,19.7175015884443,19.424481157829955,23.275197831347423,25.23777702838164,23.858785057548165,16.096946417513283,16.666552786864283,10.661562202538367,6.371246457276994,3.281687129491079,16.34299864281391,0.33060608365462485,0.3814860262704459,0.46089213241308336,0.3214765619022206,0.472759026289947,0.3594151250319528,1.611506018955546,0.455888901677306,0.6162652177489398,1.2776815194026343,0.9422149495894893,0.903380529893672
75500.0,73.11542,6.650288120276966,6.445640765803194,12.496648,5.637214125279214,5.664461292603009,9.524849,66.70498923852959,58.32139540493302,54.493787800029736,60.1054544135503,65.56663327261252,66.71622123857037,69.65189858576913,75.03583335971095,82.6419969159953,84.1246177607036,86.58166318262028,76.79064613814849,7.312459889956148,4.527340245235961,6.404624476697667,6.699060395536775,7.367185934645594,6.541860992542481,6.971277764426627,6.756890155939353,9.977718392336703,8.848227804887353,10.370733467900248,11.660375521470392,6.8065305,0.9735499279038858,0.6886348021699883,8.928623,0.39530628010908303,0.4315356095488817,6.6561747,28.59918462807147,28.00064014675769,30.54743995073717,34.73533823286022,32.36114646808217,28.368073649606785,5.592679243992963,8.52924297456333,2.659528216684629,5.4848287802157065,0.8792385792237416,3.4502331996756324,0.23899445261243124,0.17701292488756307,0.19583804300820348,0.5534713745552047,0.6274675749440436,0.49943780701460994,1.1115008586636541,0.23659689059811606,0.49553311433094255,0.45399943505213114,0.3868333572177352,0.6388729132670243
75600.0,79.03049,6.370702787513495,6.392519721975283,24.14131,5.062743503379741,5.153432412697949,4.5189795,68.60181007687059,65.62432634239241,63.47258091401158,65.41294774945915,65.1773787122911,63.9745096031972,68.21679268817782,74.38205067038719,82.6744258290653,81.22637280128457,83.17925330434947,76.57476875307121,7.218228682644103,4.574951436515071,6.376662957700078,6.486491382332666,7.592592770267029,6.685916102337611,7.057716643617617,6.911116305773356,9.728765222849985,8.774863537014193,10.600425481736911,11.59456565754985,5.852384,0.7171048284041733,0.565416389324204,12.949687,0.3176136301331997,0.3557307863602644,5.0582204,15.957644629292895,14.737720409928011,13.532247850808657,16.12773511320459,20.222117860738802,18.237976485737423,9.601435301610657,10.239440468958398,6.013658851769154,7.927004894889615,5.117109280166054,10.374805912910508,0.08724158172845646,0.41624760446865183,0.4425887171957941,0.7884884001588619,0.5144826740590841,0.5479742366033656,1.680128836506849,0.059133574042514084,0.6934956423000276,0.2759029387570799,0.5431011770526795,0.8000859294400057
75700.0,75.798904,6.545025417447966,6.362254309523483,19.920511,5.122293564161765,5.200484344038219,10.4604645,66.63431100561853,55.96181494999707,52.796050310330635,58.57063640182273,66.77134050186706,67.9415473921244,68.80489968803961,68.78876828714326,72.53492263657837,76.80971353133101,79.02972811082726,74.41216544715758,7.3690161839024135,4.61779612277484,6.5339127591342345,6.738594867062905,7.535845337580349,6.566181324005196,6.7251211672678926,7.171006007253443,9.862734701483324,8.637894879799413,10.491272206830432,11.413533538645373,1.4983734,0.2868905539252175,0.3948604050593152,12.62755,0.4602472025712934,0.3596797686008173,11.3745365,32.369786132558836,30.912102613812962,35.05271959881556,37.7536604137684,36.22546664363193,31.599422767555197,18.27871758274145,10.782907646645931,7.624908268439946,17.286607357041795,8.452785468973467,9.884418938150324,0.17676000891764215,0.4095792717629555,0.48043409552962707,0.3110171284246694,0.8930811043993209,0.5795390628757001,1.4470799404476893,0.4593366875046335,1.1466691432921,0.3332324551956861,0.6878370086244757,0.8207427970007878
75800.0,73.29692,6.412718038340233,6.242011930530199,12.565421,5.2020621150045265,5.11852787466664,2.3874996,77.70508526722317,68.65979607249396,63.64669742328871,67.61025456368695,76.12949095776692,78.70769801129359,60.18036022877097,63.15715032630798,76.0907506463467,79.69506957707375,80.68916044376564,70.59468617859892,7.216469325284078,4.686974847978572,6.475193309802164,6.818074826412004,7.602003864180349,6.659997008992548,6.94338340806684,7.051625405150227,9.97049042410256,8.948641891021083,10.411491251278662,11.222867549645526,3.3451033,0.24220054257748358,0.41234035806501296,12.221576,0.2822050681274626,0.1039938069297141,2.6159077,7.695716120446182,11.526960957321661,12.553536748173913,14.184485729521505,13.028676609881803,6.025573343308291,9.355508991384761,10.45641879155059,12.214454580253422,3.178164503409939,5.615381947293458,9.716469889003438,0.16633852012455994,0.4097110536400773,0.4875721671112483,0.6329940092039044,0.6757077475200588,0.33298255585027736,1.740590015590228,0.40373405808883006,0.7082481669222517,0.5115788094549677,0.9859106264252767,0.7486890818080645
75900.0,78.99526,6.485607531412263,6.319100393291994,9.018344,5.246071687172061,5.314678961718738,12.307622,69.90607546588562,57.51558312504551,54.09586842220505,60.84206233996749,70.73553859027287,73.03127626090227,69.19009616078712,69.88937901592084,74.83000630190476,75.23363152718562,79.0207772491412,74.50309094545635,6.978913236271228,4.42360231826076,6.6413385776604095,7.0248903333680675,7.493743361553579,6.831045799873369,7.3023548378562735,7.414851637106942,9.75508763056578,8.779236001580314,10.378389738152547,11.208310177733674,1.4166126,0.6001514715851446,0.17241705712584485,4.226374,0.09365379022466873,0.1729371376750052,2.0713246,24.723867389315302,22.52911730426262,24.885610712859286,27.875990331081766,28.46314198701092,24.98357691662171,18.584524858601704,14.239681787131385,10.64245826248265,11.909333835354156,9.030412534330152,11.40280881385781,0.05542039857884078,0.17055844420696553,0.3536919987563495,0.37769244511100253,0.25029292612236365,0.026555207759104683,0.7880124713990442,0.4062325353888342,0.7375993935398354,0.5064960640555696,0.4042383391833783,0.985311306532088
76000.0,74.21627,5.990926306835642,6.021488310390985,16.06399,5.429020983135036,5.392332508194044,7.3950324,81.05556241655903,73.94909061440633,71.33699001000946,78.7452525772492,84.63641215097351,84.64903287174347,59.2443728160198,65.24171468357235,77.69912698422026,84.83924052596882,79.50928624995758,65.44805531826675,7.136146319881408,4.827352792845032,6.343079301227907,6.731192057579211,7.659876010777822,6.905439658863112,7.115230741626927,7.222706699347679,9.48095832880694,9.158722430646533,10.229140738874918,10.675722004944197,5.8360186,0.19944328386664908,0.18678160795926266,21.538378,0.322485154374766,0.39915097150964896,0.7972939,0.820497795978175,10.710545220638446,10.140646828549798,8.041453084522685,1.5868720111307593,7.223473983703911,7.401482478843558,8.98268934061438,8.237212633645559,4.05674327802636,4.817401643513391,6.254578318561993,0.2696901295494553,0.23714684710116807,0.4580736452970355,0.44012053197464845,0.43636594826932534,0.3775264620627226,0.9750296295118062,0.5245005357769849,0.6233657671977769,0.5450148536708547,0.7005989192613076,0.8299295163407577
76100.0,73.48249,6.374094866327457,6.215840215151687,21.206675,5.122569638645559,5.196179666790802,8.756294,63.0591146313879,59.69528490855027,55.87608205682076,59.200380240749915,62.07209309969155,62.157406265438965,70.02195871989608,72.84903589224925,76.93592351735103,78.88191901177089,76.44599158187405,71.997732030144,7.047749567295869,4.3225087542159795,6.2363013368478954,6.524263793409905,7.869138279579239,6.9719289699278635,7.129370774174226,7.008226975247368,9.480140118126656,9.218493277954662,10.118019838549815,10.876082619719824,2.672786,0.6417607966376817,0.24687299167775223,8.582944,0.260962950626706,0.10697074625701183,10.187367,30.92042019578707,37.38002100188921,40.066797598896464,38.82282404837114,33.30232577807218,28.6652766867969,17.290984668162558,11.7302024290119,4.555956515396165,16.8754926419305,11.169801517751642,7.281353613652351,0.29700559109902885,0.03906831446500984,0.15075717824499435,0.2614918159498959,0.23678207886446206,0.3032202794804255,1.3338148322251413,0.26374776795712257,0.4360746914169113,0.4222881432498332,0.39666408872938436,0.4734087017389721
76200.0,77.0375,6.455362528980493,6.308000433143339,17.427866,5.2691239828171135,5.417995497970203,12.2950945,69.29752996098689,61.970359426074374,58.293055976054575,62.242926418926125,65.21370000900268,64.50548265035104,73.18132530502531,73.29561014119776,77.23935375002723,75.71233342695585,81.21657870405386,78.5912844795359,7.293920312389358,4.677404956475091,6.653446290638171,7.070210133345893,7.315360709935014,6.4458667591387,7.038388804782353,7.161057376468679,9.524295790892154,8.905355236514332,10.141861613683373,11.327612367032307,4.0051217,0.5117085422949077,0.4033819690616297,11.319773,0.0743773333498677,0.23479414671843388,16.726156,30.176535935419803,32.605445244817275,36.34721681522989,36.837389923285436,31.40596237901584,24.473419497794612,11.443651405552034,5.6453946499706396,12.764920945976165,16.3726917273407,11.810621144898148,3.6269606598379602,0.21567834454919488,0.22902134936296437,0.23852270271922368,0.45209739377927743,0.5548324889347003,0.5704546482950685,1.7641768467723316,0.3473026275817545,0.41076414756996393,0.4255140281128834,0.37734200173644755,0.5185889186333418
76300.0,74.30772,6.6514347935292255,6.361263000724212,21.177961,5.109795945202529,4.9752469994295305,10.515976,59.71020237974344,48.78533471777777,43.73716346298443,48.65232558488206,58.70339022486444,61.89706860129266,58.03542827228136,54.8246531580397,59.05643050010906,67.17025232441362,71.82201062833566,67.55060406686832,7.496871593605166,4.966988261648883,6.7337707911141775,7.094068802247357,7.402224232024877,6.634124720854737,6.6923514729223,7.137181049227472,9.638414702966418,8.544980329179854,10.526299752357312,11.376383261578004,3.7553313,0.4873921257657658,0.35092335638424393,9.306133,0.34223656709424694,0.21252415058186835,10.32544,33.073829068705734,30.543025951677716,32.2907024624086,33.38795555200575,33.40071639090893,30.759240703634422,10.252375309114822,1.9139666787163494,12.680944122139525,18.828482496028638,8.33762950519494,5.752778249741088,0.1447344866236002,0.4193543430133748,0.2852356555117636,0.664593100002356,0.4658698045269589,0.7113260394196159,1.0486188941018468,0.5857947460897098,1.0716855374809358,0.21269627484030762,1.1213982576479844,1.1364712222198485
76400.0,75.5289,6.0433669539498736,5.971792665627352,10.862892,5.305292198219533,5.4094997673660155,13.489812,83.63044429122816,70.85898288302992,67.94700074506876,75.17714654081851,83.97935862534553,87.63590585420364,68.14734298519055,74.6907630017448,79.10248490995919,82.61335794125664,82.47714640519847,74.55233359744676,7.223610625932266,4.7363091701096645,6.518843067010528,7.094880266769114,7.2746895877067494,6.821817977881113,7.287374208110331,7.543231563705212,9.845938645826804,8.669863701055673,10.192709407097482,11.247028935337354,7.8164988,0.36529677689302986,0.4361724895676148,4.734218,0.05596022016478928,0.17546125426029832,12.028981,1.9263152471576186,3.558846995689403,5.9095687236683005,6.966643084901912,2.6053787545710265,2.992572322066967,12.273534985856376,12.977274426731226,2.9551419906579603,11.404145465847781,3.4966685958921704,10.293121838892834,0.18236954572985933,0.4123519467862466,0.5594953385823442,0.23005980845810084,0.4425004442243202,0.7137335803819674,1.3052789056106027,0.3203122371843345,0.6721779974486508,0.37629578910502015,0.8620702333460418,0.9047714667747531
76500.0,74.98889,6.421890657228946,6.219611908367327,9.40136,5.237055142794985,5.146804823267959,13.686806,68.41849604296358,63.20765067684158,58.690764418475055,62.85957293188532,64.17007761435825,62.70530451829169,55.31351177291884,58.041128390678814,70.16512521251565,81.13002914308167,79.04466723760878,65.52400414836747,7.2137067388476845,4.449879623666624,6.2801339937192155,6.6187231244780484,7.494214517950273,6.638790269363338,7.108715165329797,7.282196940027471,9.845052875913112,9.152815197491714,10.30191650184765,11.268335018226537,13.5896845,1.1871973141427135,0.6602584275386375,4.7543855,0.2529984460441093,0.14120337044488873,7.7916617,29.94911230620083,30.25560390384801,31.511255360003698,36.32792411018956,32.43997891398376,25.58765195085364,7.123233400479667,7.7789062333879775,7.653132682138031,6.4885174033682835,4.3036594350662805,5.6709894621125265,0.36706975146584725,0.25882675100739433,0.4084215237570644,0.4402712741372658,0.19283476338585326,0.22422120845463,0.5902255786494073,0.2913739489071677,0.37443973842329603,0.2947180950236449,0.7598546707396951,1.3406330785929972
76600.0,77.791435,6.478884235319497,6.237598991269859,2.9826202,5.1143044303871,5.1315191316993705,13.340901,68.56321467636351,57.363779652576056,53.76605390993665,59.85287172273636,70.23460190948371,71.0130001619741,61.345119180211896,65.44673514248221,78.40534779754285,84.38749687174523,82.47384598445052,72.52195194123134,7.211996560566626,4.49329827792551,6.224288266729405,6.487606253558698,7.568278528101893,6.461263811964521,6.71967392725412,7.023035016249918,9.746309501957525,9.434210922157513,10.203236028690283,10.94262487033024,16.46373,1.1494955462544363,0.737653061518787,1.3684967,0.2011518395494475,0.04763040592671134,8.0665865,27.674512159922767,23.115000212902178,24.006864801109266,27.823760628156155,30.40196608844798,27.636251808958246,8.069967006680557,6.0995037288258205,6.403178930090859,3.5784619918964906,3.954147993219073,9.277844517623432,0.6886722351906517,0.2781240466696086,0.3913830767858922,0.6151155279985933,0.3362955515911456,0.08292936210161167,0.8254066645901289,0.6802249453521982,0.27473187163006596,0.3468499732125889,0.9306177647217821,0.18459259886640533
76700.0,77.40924,6.5839579243945145,6.381009232573756,11.959279,5.407303778091088,5.4519810306206935,14.706612,65.7681467028173,61.83613673121232,58.24803720612746,58.44529605028589,61.84602244989023,65.20943233848705,71.25283564545434,72.10887767799686,75.7408551110098,79.00987121161982,78.10324821499445,74.30556756798563,7.384168531000898,4.815237600308858,6.42098381620342,6.894016417678845,7.618184808690155,6.403330897208853,6.766705679391566,6.618992149104257,10.018761959364918,8.888149790420728,10.177784915642068,11.278179366769315,10.249735,0.7875275263616205,0.7060894625462198,13.407283,0.35376309042886084,0.19037952254024723,2.9000316,18.11718315542381,24.204925082710446,27.20842338026781,24.14851355111585,21.199706825774133,20.70599639551723,16.12337249127677,8.24867411529173,6.919456019796166,17.009042362285175,9.474783031893448,8.67511203919683,0.21317443392745106,0.3007249203235401,0.3898683514944356,0.45665474674765333,0.564938059567998,0.32318655461000034,1.3236308891292463,0.25025943715528054,0.5698756779863827,0.46687465913167053,0.9807853365036009,0.7218964940953887
76800.0,78.055305,6.760579410043402,6.53401180096498,6.120626,5.098901761992136,5.260267363243592,15.211121,68.6585913604368,61.44502558073756,58.51759223005089,62.727684730710195,64.81901625057783,63.421185074550515,70.15973511574222,75.23834367566911,80.98560151137565,76.03000769801099,74.88289146252679,78.6035393735123,7.297914688998612,4.614901239533226,6.264630085448235,6.486188723464072,7.385290946725159,6.3414110750879855,6.428513141688458,6.922266442744341,9.81955824395761,8.839027570999306,10.462746040376919,11.332575174321029,7.2073503,0.6222699979086064,0.08579922466031158,4.7063994,0.08372755996301971,0.04980984013246034,4.3931565,33.132721600203645,31.674755264202318,34.25859185098099,36.94537039236277,32.62362393655807,27.50814368529593,15.738095845866768,12.488733308405878,6.758498313813745,7.131861277111991,2.079000731036329,19.314473523188536,0.3328623826674427,0.09263168275652225,0.3977338642850425,0.1893786198428313,0.19029362238981923,0.334097172226124,0.9898335408656075,0.7910430303685184,0.3695656091472159,0.5846595045399017,0.5925468407360411,0.5001290189451437
76900.0,76.986916,6.815208591677167,6.618789690198021,10.996356,5.026415335411232,5.126585508402405,11.981502,64.14185359518606,52.48009980363394,49.191033568418284,56.231213293399655,66.24904657509444,71.03635274525543,57.15708024757251,61.3959573287261,76.20518548335171,84.74257444242221,82.66270048922239,68.23052239727163,6.936196186487987,4.554427610445759,6.438749044007127,6.6267495445413624,7.588261324986625,6.265052989859869,6.470897506116955,6.524982900237319,10.211270867875312,9.101806535518383,10.488737456653098,11.49209705084842,11.249296,0.9952024286411937,0.5321819457680071,5.159842,0.05366781046861441,0.09285751403718112,10.397763,24.47687352009253,21.92593756274234,23.867498594969305,27.013470886378045,28.373783361306334,27.636020264409005,7.436984454549101,7.827244768035237,7.539036200995179,6.107589215806488,7.033857495127056,7.061161974218158,0.48347551745793454,0.3719585922918669,0.4366111118074314,0.35812170302873836,0.399046782315247,0.26215471935046475,0.948149850560532,0.1347704740108202,0.4472370109951817,0.7030096059920985,0.3717874045617905,0.6803936964274037
77000.0,72.39561,6.882928651086736,6.768532076966417,15.252255,5.194589811866112,5.259174090613828,7.956576,74.22799886945825,62.57689971477263,59.237029251147135,65.07971964739887,74.61304820056617,74.89845144147348,63.1905887150572,66.62534334881475,79.76014429935452,83.7661629275792,83.22593605197187,74.03083210169513,7.377577846735034,4.749286019718457,6.3855817535855985,6.7714149609141,7.255090922076842,6.456799750436363,6.3029641187082035,6.917176719999813,9.879878933282162,8.774107864957097,10.308975732326797,11.774166118449964,4.1230903,0.6854681897384582,0.42499173994042916,2.3998792,0.13368117444242214,0.25643174381494216,5.263858,21.964592252035356,20.192213226812676,21.38019464116998,23.387056650736064,23.669932424451325,19.189838490156593,8.633730024664514,9.733670165572335,9.207091673965019,4.911967234788742,0.8392900076465495,7.330636515989053,0.6046262496183036,0.3079906855854424,0.41358023898661456,0.32083671565553956,0.3000703169960719,0.4439181651379761,0.984874332020408,0.4947141785584234,0.6946906068280353,0.8371045210987461,0.3140513762323123,0.7355818225558407
77100.0,77.40896,6.880014152645043,6.692145263270635,16.795273,4.957746294799462,5.066924667583134,9.39751,62.811960037910815,50.47205408467997,47.732276471346076,55.09299571407891,65.10067973714696,67.12371162530765,61.89364175735989,65.57693256460176,80.14509009995946,87.86664121704894,86.37408277209197,73.11944368940242,7.653161342519372,5.068979510419452,6.811737186945693,7.096595966669952,7.243566537640106,6.196565510865827,5.9591565700213325,6.617173868688897,9.9432136048849,8.822984697449288,10.695696352545248,11.757719714368022,2.2658095,1.213667628079914,0.9266909052933432,9.142091,0.24535959936949586,0.1758129139400732,1.9033847,28.253637419411,26.72039316056421,27.653193864522546,28.67264350990206,29.47358815695187,26.685296663938377,4.0339013201937535,3.3917535857592367,3.0143515397227874,1.05616136932249,0.9970404512507804,4.99089002037492,0.3555865457598334,0.5790785311359883,0.3963326006187029,0.8222080081409171,0.40163050056457195,0.4890765299559767,0.43084212958357615,0.21813439105055926,0.3717470179198633,0.7492542527120678,0.5045619181036618,0.9159845816288895
77200.0,73.122025,6.857207346687129,6.74553506092147,7.1752725,4.8506300823818504,4.877315847305361,15.662997,74.1619718391211,62.03337459744399,59.180886911850365,66.04521707397245,70.7148651309356,74.4520563140281,53.73611611889283,53.232476829796774,66.17678606799173,79.65981631556917,80.16517807972956,67.2398743991584,7.091105552259594,4.430208020947398,6.64517520361331,6.874856288981697,7.26148709492838,6.426077046832326,6.575205485830119,6.84155011784966,9.856431565118948,8.734553120058031,10.48885107785334,11.511042213731443,9.987489,1.0227108619856409,0.844752015123953,5.406796,0.29591259079013316,0.24784426973495582,8.750203,19.40098469957198,18.92922076776734,20.07601173508037,21.45549582807208,14.950347088312181,14.477331499147716,11.031097146517801,9.776536974923996,7.7426381314012,7.616843559225973,8.711656906587393,9.773837348329359,0.3309151620682224,0.1637840819037183,0.14067610362905772,0.26920441623964203,0.14599701507086008,0.21995827264815848,0.2202638640520648,0.2092093386198135,0.7500699222176404,0.37106225709218627,0.45158513488943075,0.5556896961360245
77300.0,72.73412,6.562467245817267,6.364046557341212,18.628128,5.020961415997614,4.97531265906525,8.335658,59.7880900830956,49.13947235682746,45.497440055959856,51.01706497599307,61.14364813131163,65.31897007783466,53.66141326778227,57.35210349774749,71.5568221941951,80.50703980063918,77.8319769738453,64.57002217448746,7.341197117335464,4.665621090478131,6.575193026886349,6.806499884889782,7.392314217504388,6.577537823436153,6.5820439152778745,7.129888062818394,9.839157105633136,8.815423467817881,10.367525984126752,11.551468144925074,0.7014443,0.8035345942235222,0.39498421739294,12.301649,0.09529325352104802,0.15621192547148333,7.835498,28.46925250121906,24.545604375435964,26.736885641903193,31.719736985746042,32.91623517669096,31.750206294351514,12.186945468089391,11.63212058147256,10.296223579869359,7.213864688929819,9.90936945353569,12.219644106747518,0.15074872984365797,0.06387825834486263,0.2516255676320166,0.0644675661049778,0.28198936589002327,0.5718497617898001,0.5803146612491373,0.22139291643075773,0.4041953011978416,0.5528301770004533,0.32270598254997435,0.687270155377966
77400.0,75.17911,6.740489269504074,6.562842470745442,11.823514,5.060800215571842,5.085564648353735,6.046102,67.44770226780348,55.094933815501086,52.272760576371724,59.9102243965039,69.70338834809168,69.23308125936893,57.89389767990448,62.583397112047145,76.49015671837107,84.4774573694419,80.90668937443046,67.01767500621285,7.184970804435511,4.640068194516964,6.297723567035575,6.707048310100412,7.520172738732853,6.51040025867928,6.378092831626092,6.692436589726198,9.879889306619486,8.963253473833994,10.524837783344244,11.587729220462741,6.5922523,1.1378716229381722,0.7733645015425356,11.6472435,0.3400762643390199,0.36513575231581763,4.0095587,32.44655691882123,30.203612338927705,30.018932158834605,31.10882123553776,32.098131054776495,28.92460638035964,8.080507012124649,8.225418503107056,8.148133470458374,5.031722910653389,6.9335724531619745,9.462758421809278,0.1524920591645564,0.13169291775056557,0.10880120576017985,0.44734519073574075,0.2988261227383516,0.33628520323917205,0.30677669649982797,0.41051945105320153,0.4855176390140725,0.5251162235060395,0.27044981846157595,0.5785634357733689
77500.0,70.04093,6.7093164174086555,6.460470638997472,13.807357,5.0703684324437255,5.113408223893397,4.5930457,58.96003023764285,47.825762844289436,42.48546203404562,48.287976594728036,58.63410997947968,64.34392975386193,64.47173773400412,69.09373171350983,76.15358146399961,81.45454043360418,82.03512415904977,74.25942186105107,7.484473572134408,4.830968574022802,6.451438225550585,6.682809064337502,7.324994794094986,6.174733583959017,6.225175789382301,6.915882105747823,9.938054056175577,8.728118809332889,10.366173695410717,11.7217362726984,1.9496202,0.5735794825170898,0.4204656974318553,18.691412,0.2600540587121624,0.3885886588297994,2.1488664,30.38333392465115,27.257997681105188,29.72524436698291,31.356419934299062,31.84699600046875,32.336123504907064,11.899515819070379,14.95536305296752,5.331084352114808,8.26101821771964,1.5753903045657456,9.764191976370398,0.6471051161262603,0.663259548553993,0.29546145745549035,0.5621430917257929,0.5751091338979055,0.3805981260053002,0.7680268128863892,0.502586344688013,0.581397450004539,0.7427833677717948,0.24438881525850248,0.8986918203012464
77600.0,71.72602,6.676797736155282,6.497951807234127,10.447101,5.05578896054303,5.048912460471546,5.009084,65.12218849273113,52.23213744711391,48.57149538939475,55.245757962727644,65.99809756328533,71.73196999743978,58.94333915623434,62.36214533612726,76.20865469778961,81.23122843809956,82.0924854923656,69.440948274803,7.586664213436719,5.0396783542455665,6.943336673623269,7.170787420206376,7.159398783640198,6.181370749109568,5.948554282352362,6.919628065405046,9.889731095328777,8.552559888484778,10.483551466920973,11.760868080348848,4.275594,1.1611908529560722,0.948376225025507,12.445286,0.3099511784503385,0.2241745973570095,6.1065,21.967421691281064,20.483968706381958,19.9787466388757,20.907109085310005,22.416631021491337,23.310801260083974,8.886658586521413,10.632195921592587,11.916795589283106,3.9593697804155616,5.143166275813421,7.257624869293005,0.42662657204549465,0.6530523168600287,0.320713412506747,0.728753910736742,0.37417900308500457,0.42078393088899274,0.4469612031548163,0.2473670756122927,0.836284209317363,0.827831162686003,0.21819217921485962,0.6019670538292438
77700.0,76.259056,6.595912390065823,6.442390574734859,8.525925,5.302382943952739,5.290542862619755,12.771724,70.22125930038055,57.071905510741686,53.004195106203404,59.81871301558963,70.585693490291,74.33412373676644,53.44970680012235,56.16902859922063,69.40236840017515,80.17321195460772,77.61758774008263,64.76130929905433,7.337321409392163,4.73473316347345,6.601402826427073,6.764868423783082,7.672588007320294,6.516075799986353,5.929134773855512,6.821310526311827,9.82156998883921,8.771081888431802,10.296409365529884,11.489781623329991,6.0234447,1.164592060251981,0.8493855753142748,5.1918936,0.4152408885544212,0.2770173017173097,9.721851,25.674121612725525,22.950905468773158,20.89665622749472,20.759536572631344,22.796455287654183,23.780166342070277,4.749675861016375,2.518805518143383,1.8494399849121288,0.5873484544770096,3.0828830190397856,4.913061100643349,0.5294802762062737,0.4748839413109011,0.587082603183481,0.8328917197645297,0.7205325618898296,0.5200271498029213,0.49932610673161143,0.22285444756188094,0.49771935857296234,0.5882716837552605,0.2601526266855259,0.9085956213482332
77800.0,73.868675,6.831358473830341,6.552380321405413,4.480288,5.316157725717695,5.301854663969252,14.332028,66.30418693863312,54.48689330333436,51.37434332347093,57.88937060657207,67.83201448772722,69.0711775224937,57.901852018320405,61.22080925151289,74.14366201827808,84.45919707154127,82.07209382883333,68.09748414139678,7.161130373022501,4.513858567883896,6.470025393041219,6.7167472840788065,7.456068028231688,6.526519486808707,6.38439276113198,6.92242181083104,9.938068478176715,8.937548241615065,10.446180065844038,11.529029403539836,9.001004,1.3703227411825236,0.9894939572403153,0.7167238,0.3385896717162515,0.2524328381738738,4.9482646,23.493321965161364,20.155067271337114,19.24013567166972,20.992337778396028,23.42379471956715,20.265009377385237,8.551196847140973,6.480739934118001,5.147686200189849,4.419521115856058,5.382598917157939,7.124323711910491,0.3594639079453348,0.26713297802395575,0.6102253119153489,0.6679694796642968,0.5775820533059463,0.41093264379646127,0.5859075125275035,0.431273870833626,0.29131579707219574,0.5511574700940021,0.5370018707245554,0.8434684035623585
77900.0,72.82834,6.572745643606918,6.411218131208322,9.393204,5.112394642625871,5.148871349091792,3.8395538,71.11759074103016,58.53757035612052,55.228531706362794,62.41728687739419,72.89028837464204,75.18531436230616,62.668489981858045,66.89078439473825,78.7796195065875,81.55106799402112,83.80369640746369,72.6352844559999,7.169037950264605,4.632386212618968,6.472763628172399,6.730009941698561,7.408523741543596,6.6240581175416,6.451075262995566,6.858693025756293,9.690160571946807,8.781485104109473,10.409283558885532,11.293205209910228,3.252273,0.8340947234155125,0.5788198541660245,9.072644,0.1259980889219386,0.11456019017138891,2.0807261,21.898732214985078,20.185646202530844,19.24442823013327,19.675071655001595,20.92872066617664,19.438912404978772,7.179690741681403,11.753224163773464,11.1020299594386,5.306459242226258,3.6873778823787022,5.652096673514093,0.39330803126250496,0.2902808195579459,0.3011100383209038,0.5274802472885337,0.4140309624777727,0.49682105591707687,0.919152577976865,0.05971524367336251,0.2622682249925162,0.21271090996532707,0.501244258986336,0.38152999981354896
78000.0,80.39547,6.980170367167474,6.760492679461691,7.5824304,5.111220703971484,5.226249302007006,14.553642,65.46785864964835,53.49548491825211,51.95846689703589,59.59697935509059,69.14048742110022,73.0131193123529,55.74049177908983,60.012173957176095,74.70794209694257,82.81338428866323,80.50580636347699,66.57876981368112,7.283774939344049,4.561243155484564,6.324707204654692,6.548672796455023,7.446971009382874,6.368988673779403,6.103225129017961,6.656894436596326,9.848197817252473,8.842483170331136,10.577910116568368,11.516984448762281,7.402693,1.1628919534391615,0.938016623698223,7.49309,0.2644911694398462,0.26233660858683794,13.20515,22.85030044356149,21.329453800649357,21.311031679504463,22.45041166753203,23.720472229880933,23.635328306932635,8.777813927303633,8.101476771530454,6.903779571755171,3.9660120614826484,7.640670000810884,8.488133814998616,0.36464866962013126,0.2560666010520661,0.17021571194292784,0.0776223169241631,0.3681733473396486,0.30423608123676704,0.4164279686612765,0.2010392188729398,0.40709179565392684,0.4017238803353628,0.340523209838205,0.3657469232539707
78100.0,75.39043,6.979571202298686,6.853958309203597,8.645404,4.897753827070069,4.966145186177218,13.770816,69.31033973740955,57.368410613792996,54.86458542718575,62.137149889815674,71.56481514743548,74.01764715308491,53.538463053003234,56.10841977714893,70.32248546976943,82.10445400659786,79.31110786423208,65.43057786803566,7.36786849253717,4.657590316882022,6.568205046017755,6.767478795092667,7.56638187653198,6.498030958686237,6.028735809682974,6.657700948086521,9.653340954282108,8.917824707956688,10.313469239256607,11.549000959836441,3.3226218,1.3435510441076097,1.0119637832101898,5.5859847,0.11031366190077661,0.03616631287954336,8.782822,17.717264698133377,15.258643488911616,16.68296790121663,19.331656533166658,20.198127762909053,17.514033498850335,6.265650751610806,3.6583126925000378,4.350424590463133,4.3592792420029065,6.354693765072122,7.924181370832049,0.4330543815622865,0.5579700140197965,0.2996053870142655,0.5718295459820315,0.25557114790613633,0.33188640688314136,0.21139315393860206,0.24482917883726857,0.4084532750612099,0.6641113668017101,0.5342702369761488,0.4827976421956619
78200.0,79.762344,6.776880822734445,6.625572095570514,9.821292,5.253800355057468,5.351420377112767,12.789693,68.47439771865457,59.63347154143192,56.45275829885093,63.06772610337732,68.59749235382493,69.95395190310614,59.94899186965901,63.55825140946001,77.36371722645639,85.57586154649282,83.32704015964136,71.14592372637982,7.324181043266475,4.695860298123628,6.664465077511764,6.977724465621239,7.288262281052229,6.259028404650388,5.8860726658353855,6.585498231456589,10.148736011908435,8.78187470047816,10.46156231027758,11.700917121048585,6.779792,1.0903157083375412,0.7525755622430612,7.099522,0.37899871195374174,0.34051397800667965,5.746199,21.45454682145217,24.118875814518592,23.963043314455433,25.105621253666627,21.586510960322308,18.82901363024422,6.928273232856087,5.619949929677187,4.08650893916307,1.5666143192661377,3.2861626899364476,6.804168821305943,0.3836178553734634,0.43431435880604474,0.22482119952955348,0.4219791076848154,0.2773632082454173,0.3348379104597902,0.4985661270384529,0.2544282995751125,0.35736777481257637,0.07438525903481524,0.3791168122155781,0.3103089477614804
78300.0,69.96041,6.651435653480355,6.497641807187464,8.368233,5.1118151199959305,5.227990107741087,7.8037643,74.694774490158,63.098160992146006,59.792012980918024,66.06881143795319,74.03621449056082,72.81211806172611,68.69710628869959,74.35361409750534,85.35195116521412,82.26765465329773,87.141435690925,77.99157250618045,7.149839302159261,4.49472416819128,6.496434976499835,6.5199478753880165,7.509882987754153,6.576724524471373,6.231948126082043,6.831909460986497,9.894848989104716,9.100053658430477,10.303054492509954,11.230076834517519,7.291351,1.149658057970062,0.7769589201640462,8.007752,0.170292113368621,0.2135144509144068,11.410057,22.09208678205581,20.0270546946694,21.250966612363914,24.165566987131182,24.038453463720277,18.60602046737286,4.879018090853246,6.748936914551147,3.592461767696087,4.102215691450814,2.3167996998294713,2.6508062220798703,0.30509091983488573,0.40948940149345814,0.2829569707797032,0.3188829126317768,0.10168243771102979,0.08637234030936099,0.34967154988552207,0.26776660705939287,0.16353407948080873,0.7366272765242652,0.2522394922247516,0.44671914390784684
78400.0,77.2816,6.73421514970688,6.468500440307193,11.069646,5.115294922345357,5.149576116815318,8.058235,59.707329027242395,48.32907555909372,46.002772143210585,53.44024008892311,63.20323634791259,67.24551239005135,56.906798567594336,62.1342436306355,76.1667670180846,85.7045167107892,81.00254165746539,66.05163024087058,7.130183487597509,4.4990134754815285,6.427760174535753,6.823933482688481,7.344648827071219,6.427534258795366,6.123301180302605,6.657793849922517,10.032771739243016,8.947744480226724,10.306585044859359,11.558357212625301,10.244217,0.9776454192564371,0.6160123814598519,6.814984,0.4593621433144567,0.3449106504942765,4.139248,22.687477643375747,20.747416191899894,21.221215856263015,22.80225613217491,23.96659625088134,24.333905346090344,1.2513746189393846,3.5557944801581507,5.521884338414069,4.4707534016146635,2.9195412047010856,3.0685642713576096,0.33103894886232216,0.1705467136701862,0.4248338388722668,0.16703944304741775,0.29005770380887785,0.2354948675987044,0.3283343422814251,0.20763541520118634,0.4390685552105401,0.5048515504277136,0.13908114533222934,0.8141410264561101
78500.0,72.170906,6.708826268583553,6.518270391220937,8.038295,5.157131903500297,5.203666175557781,6.164045,69.990387662886,58.07317334956855,53.45019771677624,59.2456599844871,68.51310732716057,71.33119080454262,65.91863556929626,72.25664246260301,86.36775599073572,83.7832750057294,86.41897155963642,73.80655769880495,7.362189585208728,4.571672400136937,6.527435688423968,6.613394216050021,7.300466248353392,6.375691050628395,6.116500342769032,6.84991221668544,10.08414105204698,9.049801307747016,10.317137564794852,11.476860832346768,5.4873843,0.9657767017611015,0.7249840400445451,7.6563063,0.2487590464323374,0.1273770327504943,7.700222,28.59260956777363,26.502335128219315,27.15451149945081,28.288493474539504,28.505927150200108,26.71909531242351,2.5323904819737204,4.172238672522186,6.233556444429244,4.600302569734236,2.4573016802177974,3.7372919141125456,0.19982631206139792,0.19627538749906936,0.17464877279741867,0.21473206613355345,0.19933899308324957,0.49881035792603684,0.48369053713445603,0.15624508705803863,0.2880845048531567,0.3259703929921951,0.7154270585125494,0.47888926461625464
78600.0,76.634964,6.718726827199162,6.606244886060814,16.52643,5.075131317407338,5.131516329576148,11.99234,65.69932113180603,62.46630501856163,59.65832813061984,66.4325113536011,62.3815131140173,60.84104810775029,60.41037159115594,64.9390454142462,79.02985817481166,81.27130674351774,79.68735790155907,69.76194089520186,7.327901658203395,4.690221800236577,6.178607402989449,6.509353154986797,7.4611810064687,6.651134973059997,6.483155970475951,6.74103402272069,9.74375879957958,9.035501374613252,10.13144929138066,11.370852516557179,4.3387895,0.8586699310623964,0.380045083905595,12.096752,0.1238727246703164,0.08570885611188722,6.917686,31.803260882089152,36.25289686976832,38.54483295928323,40.38346379789455,29.195438057620528,24.21405584572121,11.733961180024037,13.1294351033254,12.548476466279498,6.2420218410676345,6.388591301126006,11.233878625012995,0.27936515059345757,0.3368501808499214,0.26609487529077447,0.25877649345768117,0.2848575091303438,0.3850756074400276,0.35977774267729956,0.3224772064609272,0.30221540712329925,0.4324850615177511,0.35772506025062784,0.6218627443052315
78700.0,81.81336,6.739563167660484,6.5181604745908315,9.91788,5.174335205584233,5.241756747566517,12.758021,66.49003284280612,60.159207737766614,57.60229235707828,62.559537303413144,65.70940682007142,67.44304036825604,55.91523046329235,60.80853919728985,74.61394075452314,84.59743840341831,81.45677558284528,66.79029472962192,7.223531889697015,4.617510760752938,6.618734765965072,6.741236208069641,7.434830277164276,6.525740474486575,6.4114147110221635,6.654899370391941,10.064758837266844,9.01612402521574,10.746426031117373,11.342815265496654,7.3711076,0.8417130785998022,0.5401889471996966,4.1183023,0.21254560397661704,0.25362468577047576,9.074339,24.74877021308978,29.26927171692153,30.183846925798484,28.823130404809394,23.230012897175758,22.81647904628806,6.4491472062768995,3.6956421347150528,2.790740623488698,5.281585421534927,7.9886197454110075,8.174718364635247,0.3254849073508236,0.39435574870098894,0.09903395851202865,0.42948526274932447,0.4219920095003784,0.33083128443027005,0.4692936322846113,0.12827902486688575,0.5054263999569951,0.24121235552475362,0.3842521072004491,0.6910624070234087
78800.0,77.41355,6.467911898679344,6.267274574938834,10.001239,5.150423818399283,5.0862701754827375,14.28091,70.03641811961307,60.02490385531115,57.481323159701994,65.12347638041736,68.97940033286501,71.13835331595614,47.72201330907646,52.08285922589044,65.46757100607013,76.04251856910922,72.23500621876525,57.98045652886834,7.328185971428495,4.636025454260307,6.490273835438555,6.660501210768594,7.78456371053456,6.74997621437375,6.644097394774854,7.047826332212281,9.929476389606032,8.79493088762861,10.260171244258835,11.192595823092999,7.789328,1.007153902889639,0.7785544692328223,10.487953,0.19093465432623624,0.12567230214133904,11.880727,20.179048666864574,21.200959505871786,21.728334838565573,22.92902886561485,14.3765678002201,13.499388438481398,9.974977728616574,7.385175527939952,6.105513904161034,7.098089480749946,9.151131509069396,10.040477065639305,0.5780294150536628,0.3015686658115738,0.587984420941977,0.4931051900768863,0.15960944709700361,0.5289921908166368,0.7275432522916876,0.4144384824092703,0.29741111949462956,0.22876176091669637,0.39525202533442455,1.0357449427572
78900.0,74.436516,6.839500497160685,6.648388472549929,10.022743,5.062714843849689,5.193322423965857,14.180194,65.40617807437395,53.873620459508466,51.771180179154904,59.47124413274665,62.8331481765343,65.41209650868919,60.33948191409096,65.74618660070082,79.18460392186573,80.63607673926609,77.37522700587785,70.22459922400627,7.458574199658082,4.582247519050348,6.213083567181672,6.218423060015272,7.559285780122379,6.566680651177194,6.2775551399179825,6.63645159946156,9.91619801961797,9.03009439181371,10.4265653187026,11.586167312408747,2.5236645,1.0575755890404246,0.7217899998646394,9.875608,0.04889494525233808,0.0985448911525779,3.8038719,31.230600079693588,29.838629678547253,31.44280839284856,32.810217588370975,26.049181200087748,25.561988523449518,13.172389854902168,11.422955569998521,8.893035073262554,4.376017710013396,1.0432812848739186,14.561659819938564,0.2704338835731363,0.20794240368472894,0.21744560456287593,0.6176908236980521,0.0594793346246527,0.41684613651909913,0.5477828435131608,0.19869701413838559,0.1386077744735735,0.553293295182559,0.6657483911695287,0.4582063154972097
79000.0,75.15559,6.8586658753363485,6.652726947800015,7.8429008,5.259107858165007,5.284020136347615,8.950432,69.44432240514813,57.71256519722419,55.065443451837154,62.602158555578875,72.13204510906452,73.4438492033952,55.822590203253405,60.2535331289009,73.9039548562062,83.82699645959116,79.45409955395306,65.71863765600243,7.1865760119356175,4.451456355278581,6.205678406821075,6.19611577616907,7.582555790442934,6.506335338026972,6.2824831109379025,6.6656454122985656,9.656870360618344,9.37942127641812,10.523484460974045,11.23930552706071,7.1241264,0.9384848026741985,0.5690480230287309,4.234091,0.2859931909858594,0.2266612184233043,9.966403,24.467181413883118,23.457335515459555,24.42608942609525,26.226051670442487,26.85326341983165,24.23721018136074,4.924875729685427,5.687942680625221,5.742814072071095,3.663505949861057,2.353694320099435,3.083720603953877,0.3950581015209135,0.33043055957696954,0.40757872320689637,0.38367360124639305,0.41841665364325664,0.4814203153586029,0.44017760904737624,0.3308493522200681,0.6104332283381041,0.4956218756016737,0.21544072786431262,0.9457800953368335
79100.0,80.28897,6.9161181011098165,6.629340280083112,6.712812,5.233184143118808,5.406273993747128,14.188652,65.48963009551268,53.98652095904887,49.1188940635553,54.68270265491541,64.2070112068697,70.40735286587712,62.77873387042124,68.2677573278462,81.82623458545459,81.82002942070507,81.81780435907997,72.72100156888776,7.273131135305139,4.4439355492770005,6.645506009520808,6.7394632254871,7.259711502101321,6.085192475051845,5.776246654836165,6.612865999648151,10.280312707637444,9.342432071408709,10.63344290047484,11.721330913026131,1.2671019,1.0881804812240183,0.8044589111763311,6.910926,0.3763995581538091,0.3432452715530811,11.644626,22.392236953588103,19.31989785576599,19.574881451330725,21.91105578163329,23.529724358889556,24.213307794032225,13.16483002101539,10.745856295615638,7.485241885660544,3.5845903624981563,7.642500821174571,12.760062230334134,0.17885464806508702,0.12718409413962445,0.1606336942405965,0.16901833882821973,0.17207596183646245,0.09742821823337174,0.06810796623641378,0.37631071223002516,0.3549064355255784,0.32848011062719834,0.5585418394964574,0.20281811221298382
79200.0,80.66617,6.607393697951487,6.377498214412619,6.5831475,4.928807346792667,5.035465924297735,14.553685,65.0755341029551,51.538474717543075,48.69819897526253,56.44071080982396,66.92747486415469,72.57160353242448,54.82431188306129,58.27149010775948,73.23851890678398,84.07815492044644,80.78510698198245,66.87250257541989,7.520259944749974,4.881511894850439,6.67471740629253,6.771438240904705,7.366445373889373,6.361480571384971,5.948048662242115,6.7041249854507505,9.592386254489206,8.756987647154189,10.308095271662742,11.55431482754046,6.3365703,1.26527397984746,0.9879265251942297,3.3503118,0.14982878301988237,0.11936091373742855,7.657427,17.602483106931818,15.325453829995302,15.46073089542424,16.975786416463446,18.680255356828454,19.470803378014484,2.920100970903383,1.9740073810351413,4.247209417513112,1.5597362801331902,3.120298662748885,4.683896489924111,0.3952876024275452,0.34454013940280914,0.31593708070798016,0.1499326222731621,0.6792391666572132,0.16708373539516205,0.16736953083754322,0.6205782610295065,0.21787980960619696,0.5200393945756078,0.4600257178645479,0.5415696877843743
79300.0,74.87765,6.797694211401125,6.522048580323752,16.239462,5.0344192958864795,5.1339169847658255,5.5638328,67.1782599448478,55.26638935412135,52.281648559755666,59.0152160471801,68.75986856089163,72.2388763441212,71.1721792831719,77.6473949326837,80.38709008681313,78.73777220137697,83.60636320290574,79.02944984345517,7.472041060147508,4.791905307914684,6.6483600425464155,6.679454036184789,7.562004365995392,6.392001149198458,6.0211591023360285,6.6088269230455134,9.976096315162733,9.051575717569188,10.556118375113122,11.4417426364289,0.12378362,1.1187362068943296,1.0540599018840295,4.786813,0.25928552923440945,0.11366548147537645,5.006094,23.170095509258253,22.28738837993485,22.663264241534467,23.29111686997517,23.78008056323265,22.657486787721385,6.888587883345942,8.977937230825153,1.7136894043575899,9.4328276541594,2.9568392901438316,5.866314003159539,0.328868776501999,0.589410525847406,0.16113999160777304,0.6836564451655516,0.36829798755722415,0.3263650178307821,0.7768379886519043,0.13281374892193568,0.6350411991208609,0.8627382780593186,0.7183533072166483,0.7141701388604059
79400.0,71.01049,7.049365312776484,6.7795441065573065,12.731122,4.998034839849493,5.035875282081392,10.891675,60.422256232399896,54.02481173756587,50.75887647851306,52.97825439120277,56.38336110606455,59.96181470740319,58.35285410253855,60.262498608663066,73.69873911768745,83.4049303154974,82.96007086485297,70.53170468114136,7.31855809004342,4.4589296013842175,6.534169845996074,6.674042355944782,7.592120827258821,6.576023931752818,6.380392190960076,6.7643104354935515,9.73456054268088,9.059115798524223,10.466820277546383,11.68045082153674,4.8906965,0.909719219963941,0.7394296494755849,9.487877,0.2418018055499028,0.11644484199384197,4.5594068,27.54966079279573,33.163054773641,35.86171173582194,30.92080270904838,23.028089540169994,22.021991495991124,7.330166483105907,7.4706011933197525,7.477514249463361,3.0875781063215553,6.522477467239947,7.467188757645073,0.11881643053085628,0.1233224240041918,0.16230639934412858,0.27234143311399384,0.08337830867448186,0.281112419706687,0.5976644489299245,0.2811149971253528,0.2988402508012607,0.5272739873557218,0.5733556491763884,0.4342449962295688
79500.0,76.51971,7.067256570794839,6.95696448229214,13.021146,4.948876226347685,5.009234078897713,13.268109,69.56813807445538,63.72080377800637,61.36021522487916,68.29722809959209,70.89653307062251,71.34121067331652,53.06713006121921,55.751782278633506,70.59796396701284,80.18525506136466,79.14678424083934,65.70891102433761,7.263881223994317,4.448779355042691,6.512625965432921,6.623023297717123,7.516988527578319,6.34605980246264,6.045114017843393,6.678115968498904,9.892728169007734,8.844816088203594,10.557833286140744,11.533778595071396,3.3285487,1.1798989718513908,0.7463016681935886,4.509809,0.27038829676108594,0.2269720552470083,11.108719,19.301395937132117,23.637673229328655,24.7574891371311,26.467575036185504,21.4603951143614,19.30502402219673,11.295732114886208,12.262787315110678,11.073337939752427,7.400109802158446,9.819180740224471,10.580959263963708,0.30807016678759835,0.26028964179626013,0.2112668543712503,0.03400517163351214,0.20371029111008368,0.15621057486928,0.42214303811764514,0.11883096284833007,0.4441643176347178,0.510715217459691,0.32169032379841894,0.5850617007107388
79600.0,76.12107,6.784696513824312,6.516190555465045,11.905515,4.8850445386421475,5.012207395483054,10.622355,61.33410456301484,49.389722004787224,47.482390467178725,55.16541315317375,65.19729284192694,68.33718764867541,61.61569403029372,67.48215959944466,81.93083223964017,88.10620527994968,86.70636908249101,71.53356259349908,7.193209165235236,4.462184232780505,6.350517408564715,6.619956330883478,7.496636877794071,6.5181104781350845,6.360444800339586,6.79226783470994,9.723846165816282,8.813622991866103,10.514171623927675,11.086231800192637,7.9668717,1.2123236862469815,0.8818227926485241,2.391678,0.156006809533167,0.15907324592811956,8.347571,24.852512939241556,23.732435110999234,24.177401311112018,25.37009131283907,26.58766935690103,25.493469653294998,1.2057958390716206,4.107762045971314,4.33005967597331,0.6237150326075107,3.4897755190654864,4.004047190174004,0.35698064774598576,0.24700504662772227,0.33584195007684153,0.2900710098704056,0.33825173782280826,0.45315344494822146,0.7444403035394405,0.08785886644445406,0.4093101618611976,0.6105779083304765,0.5607184988537375,0.4378012228426642
79700.0,69.31423,6.81838347798929,6.586891969671252,14.421046,5.063273884092864,5.091950977002981,9.119296,64.85600319106912,53.74945995087472,51.05527705435761,58.19458749014748,68.1103430002141,72.19168258564837,59.24823698459486,64.37180471511218,78.12018999679263,84.49496158830686,81.72459171961691,67.98534290964618,7.310664909509636,4.686099174730441,6.415224033744046,6.760299673890626,7.366096239821605,6.328200873886341,6.338374376279442,6.638051053408982,9.779093336480331,8.80316244652279,10.47981606003493,11.556607564577938,1.5953125,0.9986011015632923,0.8874604270494624,14.227129,0.17570007857525133,0.16889559150662117,7.815523,20.766255657994666,20.75603602289783,21.719978050110946,22.994936430305575,23.8281218878721,23.06102001433734,9.065843463283693,12.14639459681172,11.023534642067123,5.710187590984841,6.557420268679426,6.74956709347186,0.09450401456501992,0.23661642721761475,0.3182531334559341,0.5132086236659257,0.3023264227629677,0.5394601560669874,0.6719301232379349,0.326761230434176,0.49440274677310325,0.6481007419619674,0.6218391039958835,0.6603460822371378
79800.0,79.44797,6.893925369996946,6.641706461425884,14.690544,5.074659025012942,5.12071748688087,13.929619,68.1625385055358,57.12256030498404,53.36087619037179,59.68408894266218,69.50074470245688,72.53857492115914,53.77858126481252,54.903818824731296,68.57880035380093,78.58091400262522,79.25707137442875,66.71359811377013,7.042389555190616,4.375969638668884,6.29616084923427,6.328472752014247,7.955995663684843,6.694343011106774,6.704436677109757,6.8352091845675025,9.762400911048763,9.399834015994289,10.55017935679333,11.65411147137543,7.716204,0.9861393599152677,0.7103788854523485,3.2336824,0.39023203229335884,0.3002861186496958,12.922768,28.41926204469926,26.733901190172872,26.667640399321492,27.15222640848,28.67570608358803,27.460632884102605,10.485987033349753,12.66346565769653,11.52994861411043,6.76783882269361,8.413091201464608,8.965681112183779,0.46458794395700254,0.2990173299858062,0.4257645438419075,0.3607520838305067,0.26104678693937866,0.45057900117766064,0.8203146514873293,0.4195606205567128,0.7987509030319739,0.1649842164810443,0.4470588503406867,0.5562158746379443
79900.0,77.9293,6.726302117103412,6.611690584316715,16.685389,5.225551255397165,5.265743736580833,12.493057,74.78100529181957,63.78163911116483,61.7380579660606,68.96072394933053,74.87230537356255,72.92125051168286,55.02434047129685,61.539840782143976,74.212102036788,77.03066541101464,75.0707229948287,63.51524718563568,7.22354551373104,4.632246447092075,6.142391492789703,6.557882350413979,7.654608356886164,6.615824903068412,6.519792449345508,6.864202706174467,9.543273133219094,8.984605961638387,10.359035126509546,10.986825915366524,10.73242,1.1637826473284756,0.9223492963116201,4.951921,0.5626517453425759,0.37982985173768147,10.905883,23.25204386758098,23.18816211657833,22.971635486334986,23.19561396137459,20.88490712132163,16.059916547557247,14.18968337632988,14.878063676959618,12.215059015981012,5.477678108593401,10.598364365360853,14.487127319945532,0.06239296841598577,0.3635578976814351,0.14595532322631724,0.36201752325164527,0.2819692610224778,0.2309334239187719,0.5325046111415638,0.33487685584238236,0.4098211841429087,0.09039296407604959,0.2834858961782336,0.8173893297879788
80000.0,80.723724,7.0160588307981735,6.864156720472327,7.930168,4.9835919297601565,5.179588164520898,17.775404,67.55878402630914,63.2440187912998,60.988275149130885,66.7996125686478,68.93487402981366,69.36247020072464,61.475498010451446,62.76671339023212,76.4497355216666,81.02167275059327,84.44853929864833,74.19908168797373,7.073937816471958,4.502306020472559,6.318365527058584,6.4898511245051225,7.33688379695009,6.436255286891156,6.31100131854389,6.847969420798425,9.538290345814154,8.987554549463205,10.54521155789777,11.081325779674758,7.7885623,1.0708916012154872,0.7023094491579861,4.442329,0.3141049481488144,0.25750725297471244,13.25685,21.529686219681807,28.037439323336695,28.147011167121388,26.82630059794455,21.84575334190395,20.629533525385398,9.720703310978067,14.158776035953274,14.297549986495838,5.595389303960608,6.077745775710642,6.842859337816194,0.5054265431299395,0.28146036828485865,0.49466478548090825,0.5332069359653675,0.19424049152752768,0.3990349076369068,0.695280482048502,0.28676299342218736,0.4437066602168364,0.562150011197122,0.5592151455185985,0.8508357987056727
80100.0,75.88895,6.8614344579402555,6.689841145025871,11.85733,5.1580192061980865,5.199780134906535,4.201818,72.11391242303607,61.4341582080906,59.83240465023874,66.88301837711522,70.83956348523613,70.25652349308156,59.89340902030266,67.74671999818982,81.90415438467062,87.61213378602194,81.79370423914587,67.35212528082226,6.9605891405045925,4.54488015709082,6.130685311470065,6.477625958452808,7.5200691162093465,6.65416598140127,6.521442979022122,7.295069464007612,9.70923958142509,9.06204781502022,10.226315651979773,10.948779591307451,7.7180257,1.0874518251813332,0.6977388125976507,11.257563,0.1551867344988808,0.09170036055554052,5.775015,27.23259681853753,25.788188827019507,27.529685831070836,29.388933443228,25.575305747742615,21.51746225643526,1.2133641402898487,2.256548544633933,3.171158011479494,0.5514300084561745,3.2874499715846754,2.579050335174597,0.2722097161521331,0.3018593098905525,0.3230538026789552,0.3318153173182475,0.470505713823698,0.11563946040444087,0.6068062710771068,0.3644803839271883,0.35409188592394836,0.5308421303953745,0.372900971607831,0.345397198063626
80200.0,74.09663,6.909592198777159,6.607941876760978,8.165767,5.042383545612995,5.271414813017496,16.401209,63.59693499169807,51.74868880419746,48.680989338193605,55.47116985374846,65.34439829758496,70.16921403151572,70.29312111685114,76.59478376632185,80.20175584233003,77.44043872303018,81.07030398802203,77.4615548447545,7.35380204778619,4.695929158205797,6.306230282500867,6.533118380824997,7.584355255523214,6.3032808563731555,6.066224125649273,6.7267659395726485,9.514714127852534,9.376239517872964,10.420998891554367,11.099305038317889,7.7831388,1.0353000924770406,0.8445362930704349,3.667178,0.21399313018514388,0.20558887657101474,12.241607,16.525872654969817,15.890560870242089,16.03915034569327,17.018446840929883,18.05354239629835,17.853722690343456,14.356413735099423,14.66077014589987,5.232224414599591,10.646747775515538,8.06084288739909,9.739925049003437,0.11334450430137613,0.16004280356048411,0.1177298748771758,0.19111633858254615,0.2284081732699319,0.16921147300827544,0.6807913309072778,0.3266067566668629,0.37898447304850963,0.3947229486108543,0.5148328992768804,0.3710546086227369
80300.0,73.19548,6.816136980677307,6.6413055473793845,8.827365,5.118659001528061,5.175318209871128,16.481958,74.14623354114484,66.06139510356148,62.83593248551162,68.91922374322424,75.37514748626474,72.21835863550545,52.54886546479489,58.222584644704284,72.511362607793,82.7284162211529,77.73019563445352,63.00469103619529,7.111164711809013,4.583857514984348,6.325883302883663,6.77832715263573,7.552157078924427,6.536251899306848,6.2941323913342195,7.0733537018444705,9.568519712187657,9.286345394381804,10.30413256820515,11.16832390868202,10.542431,1.19933269490907,0.7370104859877913,5.6921287,0.12608860668066452,0.2797880846892802,12.32518,21.680216877675957,21.942881011448925,20.62165336493428,21.456884706232668,20.874644742415438,15.612155663455614,1.948046336934803,1.9197963483745268,2.4898256311112896,1.843958081791847,1.4853623610045326,0.9794958733428085,0.23442408875534984,0.49654726314673536,0.46573698781391515,0.6152888323947041,0.6013443474605458,0.13963014147044128,0.22205562494158337,0.4440411716590846,0.5013221927925856,0.7304487808391092,0.8577423408857346,0.7185265647420538
80400.0,79.40416,6.912448444050741,6.69001884298589,7.8538795,4.942763455361558,5.118674245400709,9.827553,67.17075576880264,54.94643882848783,53.04453599306621,60.63114716999476,70.43171140184752,74.1615100548751,64.22026017485034,71.5859459127769,86.25297443979268,85.06734114079173,86.70761497693479,72.7523559428862,7.110022585791254,4.419511339230952,6.348280787435864,6.759146746514818,7.412314319980072,6.555535160829824,6.134686142882235,6.623835686194504,9.743122783862502,9.04245076336918,10.677991252983288,11.43492972150335,8.905999,1.5162721239964905,1.3749894058521788,3.1625113,0.12102100090832624,0.05323208977270628,10.937292,16.532130067644374,14.80635935142262,13.607459829214433,14.15977374632407,15.735253177449176,15.808746052340787,1.3457841848941892,3.15824032759914,3.774713970691936,0.444854066329724,1.5768994631347328,3.959893061005231,0.3307358385045312,0.23969345362810612,0.20879427083299945,0.3166628979461712,0.24838034857756947,0.17327895449363126,0.6123685506961248,0.48578928626845586,0.3424951245432895,0.7664666546726919,0.31944451044187744,0.664839725868457
80500.0,83.00854,7.030446247269656,6.862832622370277,11.493985,5.102668388025319,5.263004737496435,12.272934,66.30804254269165,56.33707518289655,53.83645023890682,61.09587948796847,68.15039249413088,68.6655293566801,62.83168033335014,67.67571433185337,81.57930498235014,84.89251349866039,83.87407585309666,72.6917880544231,7.149129471212338,4.427759252383772,6.519567825771493,6.9682535880906675,7.4236346157942075,6.4920536573919145,6.370503418526297,6.977009424803147,9.996635144508375,9.217425973983493,10.608415828330958,11.533927640196728,6.5624294,1.3466093904286152,1.0288066575433976,2.7902489,0.20614766032840962,0.18786911735766706,11.177212,23.951881787883288,25.2260317838428,24.39642418332088,25.133532535218798,23.136596702970948,20.179501602791042,8.16054415552527,9.925466595881478,6.848426200735454,5.38949812449274,0.8327783453925258,5.908193771820504,0.19055624437347118,0.09359156511595355,0.24921648681645472,0.23592032035407853,0.21979318233673692,0.28820901765089657,0.43016893221299746,0.394592976236376,0.3345979855833315,0.5781715221446619,0.48153372434513964,0.6193632585828638
80600.0,69.245415,6.902667107588372,6.7473403536980205,12.141477,4.920916697824043,5.051874084874805,6.66835,68.45401185191903,58.1698807215613,55.00935450543921,62.241454390193304,68.15223077323255,66.08276450281325,70.59182067623483,76.7463305929228,79.54055616957503,75.95870037904818,77.98312972032869,79.01079184393393,7.63325265680336,4.788986067275483,6.464593812583327,6.5005994829701725,7.5746839942912,6.56996811873947,6.1056947006022755,6.612968052629742,9.44323422694164,9.407574123952317,10.544314520203606,11.219197349789757,5.1945224,1.2554917369752565,0.8447205900055157,8.633936,0.22327940586980613,0.10145576349927592,9.052738,33.190740042976635,32.24367857071228,32.62479788598805,34.35461160716701,32.40366107621088,27.219096553043755,12.194610179171969,12.430677284758577,2.8118310847650947,8.690727145823104,3.315096194983844,13.16385885139364,0.27512431800173365,0.33327049071279924,0.35610562345929486,0.4742628339986885,0.27162715615530425,0.25123373617285727,0.3224494214755182,0.16260663309837053,0.35218164506602534,0.657581809143507,0.41243026312672804,0.6229274945316456
80700.0,73.66333,6.942717766199061,6.786930940601533,7.87353,5.035913824019361,5.187754107340567,7.429525,70.9212671641268,60.03819870013684,56.17775361529522,62.32691496158936,69.77884762283978,71.55408650675938,64.60776912042842,67.93540000754089,82.73790906665432,83.10927398986522,85.20480684320322,76.43606195978266,7.499631720281208,4.679581196644846,6.5808308522819,6.666533538803335,7.435322833746382,6.098766467867423,5.974319837481438,6.4621640724457565,9.830354063549587,9.289603833752556,10.522856532503932,11.606296314394308,1.8149364,0.6433244299819393,0.2834358213169386,6.1587906,0.10994911361733756,0.12488328873710602,7.525441,25.936256030577457,25.127737317363525,26.805530864283533,29.25558995349086,27.7699506541146,24.63794150012392,7.126643674387444,8.553048948258942,7.938318128206047,2.2565381992479043,1.68870934741755,6.307694190554497,0.07440459557674177,0.10788102701903937,0.08131390708631826,0.2977577890410141,0.41706505818188105,0.21873171661272617,0.3754937501844695,0.3608615899773826,0.24975855956134832,0.6074698624620496,0.6433451869120937,0.3382762314136682
80800.0,78.329956,6.954853225878952,6.737253503259873,14.167546,5.210249562624071,5.294081370997858,4.484932,71.37430331865095,59.95436375974742,56.60427749786934,62.30860416507062,71.8520321648766,77.22218960547977,61.67015180001556,67.00063068631283,80.94338669216224,84.70991079280343,83.31686160041153,72.08646376990717,7.173332694491543,4.456967308933541,6.335426046813382,6.533870017674907,7.137978186368379,6.233360426889924,6.010879203629085,6.762602371802241,10.207846436332852,9.034236328637173,10.418554856945512,11.454638580148105,3.2711523,1.038058637674633,0.8492510490469231,11.133199,0.19822121949844676,0.23350396356928058,7.381417,16.944716310760548,16.062994278123554,15.89488408266645,16.225872808157806,17.200216130539587,17.60667208945678,7.72938975481131,7.847049177078095,6.91579293552582,2.6391400841854757,3.1683911679417367,8.074309041436189,0.0710744431521554,0.042944186274166324,0.1538414119085182,0.2920412218394175,0.11963627413813871,0.2134926367971735,0.5291118056249973,0.19839649437365878,0.6274814127825691,0.5316064025921842,0.30488492948014734,0.7817653588801923
80900.0,80.71719,6.842066354365341,6.698999111727301,7.4034805,5.1854221146135915,5.329074280870993,3.6432545,73.31783273972583,61.45909904560256,58.10283430970468,64.66190160805446,72.93131317802245,74.45879876258913,70.12324010184011,74.1540936248252,85.2824463141215,81.02755487603368,85.58825415867541,80.13580271458189,7.31408355551858,4.735492580825721,6.3440219430838765,6.590017534904187,7.554325305850438,6.572897909570966,6.292777711421039,7.128298120999723,9.884610257383251,9.239009371964334,10.322827079452628,11.084956318154022,4.1129875,0.9384988307876985,0.6397444954035675,5.363665,0.26905473402107477,0.2375479004458184,2.2788439,20.757399861985387,19.20967970054777,19.648946595846244,21.695328425616832,21.323856453460234,18.358387242706083,2.6175300555620216,3.9156936581704493,1.4743769966630704,4.6990117244635154,3.063272794505849,2.2601612191628813,0.23898078293076908,0.14518865845290654,0.19908919439277784,0.5977987604524175,0.3556199912955729,0.1388283299763623,0.06158838701319774,0.26694523883804294,0.6683582835388922,0.5953682786761239,0.4585905373675032,0.07706790741587308
81000.0,77.40073,7.087246861332162,6.8207217433034515,19.72287,4.981020879605062,5.143827820636712,16.208282,63.026305200550844,54.93206063296251,51.199368006205255,56.96359178523875,65.68068845554355,65.95674278930841,61.66287272833828,63.78058411555813,78.1484906348545,83.42347914091322,83.43652980633733,74.11176289241101,7.076877864055117,4.431912448695676,6.212861630777599,6.365800390437854,7.698386389837526,6.6019999392924404,6.3752222039706545,6.518738635155631,9.898386031517743,9.482038103062452,10.379584866674243,11.466212415240898,13.362757,0.8623505475325374,0.4890317203451038,13.226398,0.21095553726418498,0.15266813855267455,8.145693,21.54692731342874,24.56420923618514,22.455102308099544,21.510596069342565,22.54247688597092,17.448256876229,9.60501810421886,9.282439895202943,8.355051875070316,3.0196786006234757,0.9419035365825786,8.19519351724947,0.5411391793325411,0.34632195116395736,0.3801394828602048,0.41824641971795284,0.5889825120653672,0.765642576050856,0.4647657659025677,0.07796779245695264,0.7446846998378809,0.9987816208206164,0.19182650143947402,0.5997130052486149
81100.0,67.05033,6.705904976841496,6.360458078041908,4.4134803,5.221719686948381,5.269345396111695,8.377602,65.78490053488831,54.930345749476906,47.985825593710274,50.16840212703559,59.64098768895753,67.81054568870456,69.32830571298649,75.11268864438208,82.86425753310816,81.10325067758899,85.45067076165212,77.57247409804386,7.155850807718729,4.608916901018198,6.395409162523759,6.754702648288968,7.1628563575753885,6.292317125187132,6.1208711344944176,7.207120360085129,9.955757710378814,8.939623707277253,10.216436066193337,11.230437354599411,4.3953066,1.2898703631789465,1.1285935108784027,3.5087965,0.2760834798023749,0.10489721543837231,6.3768573,14.017279227938813,11.54140947056702,11.86233229228993,13.896473567201662,15.323279772958525,15.51082213007321,4.741128339211584,8.424873621010097,6.514751102807843,6.867625856817065,3.251375748613889,3.9233091934518196,0.12748607825223252,0.2451731522816718,0.2443102339832471,0.4964474787762883,0.20986719272761994,0.11170810908626767,0.18404275472700546,0.49480386010403465,0.305683157219312,0.5968788729564996,0.7393141233841016,0.5496737543746804
81200.0,75.09812,6.876950728098817,6.655679450747559,20.786024,5.213502830307235,5.308745894695913,4.0149918,66.55515831647615,63.6343203635623,60.82623359910341,61.63778874672531,63.291360122082985,64.22082031873823,66.35848803139864,70.63619533635489,84.57165793465713,85.05364466648473,88.37903124544209,76.84883426279158,7.289904265894332,4.695172213639297,6.332406360408711,6.71181556228752,7.570562879475109,6.590896850264243,6.007299046665369,6.637194919423418,10.003929433037165,9.379590919167876,10.326639268057122,11.40798870327366,6.340599,0.6572550205549862,0.28708687473746924,11.505348,0.29502131983209423,0.26508701276763175,1.7869108,28.95825321611093,35.014144158293284,36.94937454068877,33.05370929694426,27.769981835446256,25.417439931821196,0.7960109845774879,1.9465595411540113,3.653941285798024,2.3145293884334044,1.8910368134662026,2.654210900263922,0.06005730040448875,0.24409827695687633,0.17784605658590028,0.3829953238581065,0.21159553956319746,0.2993164387841915,0.41447178152527664,0.035544553291113494,0.682185351357342,0.8065248103408251,0.13994065009793147,0.6060105080639016
81300.0,75.60034,7.194084093938133,6.809757081378962,12.217198,5.181790659631743,5.335755958244595,9.014226,60.369212333636604,49.84875366705356,44.824634530637006,48.810653287440296,58.12644809022529,60.29393641276758,70.21264094129856,73.89445521295261,82.92459487328277,81.4150371460559,84.5511198791187,81.01125052357877,7.478740243419452,4.647170905217621,6.546512138509072,6.592762365141628,7.122020325285743,6.21654154390522,5.9304827155092745,6.726470363071916,10.224800018656088,9.282900448646407,10.590568737476994,11.537450071884477,3.2151396,0.9881701919545142,0.6406762237656178,4.854783,0.28773938371111507,0.2506151907647029,2.4369586,27.452005566898713,24.640493727589465,25.104329698725646,27.767610515491327,29.469845623835305,24.227818011150113,6.2124313312243435,8.530156846497608,3.3196555432510055,7.545740098102637,4.857899876738469,4.214317470645686,0.14246375980790188,0.11497997218358048,0.17707744234667358,0.08772579724397872,0.1977819537144595,0.2705497363700527,0.4339120256189289,0.4576977443598815,0.7832767920227172,0.6190515307510077,0.5181948009758904,0.8425527539674794
81400.0,72.45054,6.78784206245567,6.583918352925959,7.2682824,5.024236181576271,5.0382239348938915,6.200119,71.13799160023989,59.85712598070108,56.06861258974414,61.83250728518326,68.62593544515995,71.26843133142192,56.80194376117152,59.37081389132819,73.37258317297373,85.32635877413777,82.64882363714639,68.54709892572686,7.278228056386657,4.632126286782402,6.427676117258943,6.693763515309352,7.193544075480378,6.270607043204414,6.157043785914094,6.861717771581902,10.073880579523495,9.076235151441727,10.313769895862897,11.498938707116983,4.3213973,1.063107134129055,0.7456996297702464,5.525535,0.12986504414159802,0.0372970624567196,3.4708095,24.21898181953486,22.001622545665843,23.201712976070468,25.667308914013613,23.16842698657526,20.990214542403233,3.985847251597006,2.5397525026330614,2.0184158673461217,3.936624987542449,6.23376394939119,5.774830735722957,0.25067966304210076,0.2696460655768401,0.24037272096158033,0.15406995471779542,0.2951570183532663,0.14883339151617747,0.32117505353448617,0.2839876240328252,0.26451489958153834,0.5839734796899834,0.27423901903529124,0.41981732810803374
81500.0,71.239044,6.9596240990003935,6.544300358698803,9.267224,5.309026768746311,5.430720384603672,4.337293,55.33376431336482,44.4134455107926,39.65804545923782,45.213051814844114,55.05804854955014,60.486679500553855,67.89980574771748,72.71262661269664,86.27127836234153,83.38950646696509,87.14036579310756,78.04814740527354,7.1088354656474,4.533089184758307,6.610607080775995,6.765962030262409,7.281984518316306,6.38712258316484,6.376885411756553,6.835359673090533,10.175168192706998,9.013867356852709,10.64322609694158,11.946469281372316,7.825765,0.7449487720901322,0.5154427623600096,10.467787,0.4747233784998894,0.43864651356712253,2.3379822,21.395936466810134,19.83852350512055,20.25001263963814,21.618784655492036,22.779204797458835,22.834614178661987,1.729111807332071,2.1228884095498737,3.5448424683916535,4.076809864715373,2.751510824174345,2.293492563849185,0.31492637337731744,0.25578071146373144,0.3018176788645096,0.5576655247648346,0.43878841331814644,0.3085452251283052,0.43108533600132015,0.22880128002099923,0.6815287516233148,0.8687624291267515,0.13033762603183593,0.39888796976258933
81600.0,79.19639,7.060466484940694,6.781938674847491,9.890765,4.987933749065078,5.135821254226543,10.970868,66.22105481395319,55.54360742053397,51.519833611233345,57.12660859149548,65.72250548057362,67.4656055709952,62.23226020441755,66.44243446961839,78.90343594829552,80.88851682041859,83.49986916121767,72.4567811440131,7.114687524312953,4.514510534474081,6.172191104580176,6.372775067882709,7.633930315549794,6.6628206119261195,6.353048145272936,6.88289179018865,9.814570489277296,9.43190623708421,10.559803325176064,11.249561378063612,0.461751,0.17577237866383463,0.22307000723435266,6.169514,0.19087118713050746,0.21664409265431836,7.0536695,28.15562923638116,25.906556872652732,27.29689990217118,28.99422656778673,28.770384095909215,25.16495024823912,8.707263962710854,13.946688568116768,13.168879526009613,4.389617513962786,2.9430270791958524,6.991520176839131,0.297570061307072,0.07594227121681893,0.27676207554962734,0.12101884137845169,0.3199742565661639,0.41345323239074677,0.5078414977685589,0.3105995864855995,0.5833036045782864,0.5292061963781793,0.4346609319113173,0.3941341730400903
81700.0,77.463776,6.687564816893631,6.499521301193589,6.363388,5.1474963671710645,5.266013291935973,13.483075,69.18646955484205,56.86003015426521,53.876225839370115,60.6921145378617,70.97165559360981,72.91061271491238,66.33094850352985,70.37781679726812,79.06123315321658,83.48488667294133,85.9652685885407,76.39178152255023,7.267484899689104,4.855950645981858,6.369962318327173,6.625531078044063,7.3659295715823765,6.416970095858275,6.27890673826948,6.671143132266892,9.912100475326689,9.085498957098428,10.378206463673395,11.489080400785285,14.112287,1.204428131681891,0.7673593828241204,7.929301,0.22118574876168076,0.22825400322673037,2.0686815,20.739182290552215,17.493168969697532,17.69122759384108,20.047662265124433,22.26276419409103,20.09848950704668,8.42687907720745,12.601605923062369,5.245236976996993,4.869368104062502,1.3976966549467567,4.9376354676989935,0.7060553498674266,0.3895014492088382,0.4405029673799808,0.5319857511985592,0.4977249877251479,0.6314706180773932,0.663885732247475,0.3459807750909048,0.15740577877785222,0.920540648479945,0.1323152045978507,0.4360605891343538
81800.0,76.2078,6.844857897851504,6.562273408224076,13.840706,5.276807900037915,5.3469706209641785,14.690834,57.793774178670425,45.35451683359796,40.84535788484739,46.94472655847327,57.357500393350506,63.09183577613931,57.75906949528808,61.64520312361001,75.49810137876709,83.79593722687157,82.00506748187635,68.17910771029268,7.2043062384496475,4.516396854964203,6.475391371878348,6.94328699916112,7.17789014952734,6.241929073772084,6.319592450875114,6.735535730774163,9.998043079581006,9.145134386663289,10.376462493713452,11.535474315930202,11.813588,1.0097519441483938,0.716246607015176,2.9393895,0.17277934658130775,0.10829456940452217,10.789704,19.394801104221678,17.113601679594986,16.243047080244292,17.30453406221552,18.83216591420012,19.948778165168335,11.533771318206368,11.349769697582696,10.345184463353219,7.963666568027696,10.185297121707503,10.410440079101576,0.27297777850279314,0.28611649713447707,0.1634291073062559,0.34571963678761686,0.2790992389764954,0.31984750009752333,0.5344261015070895,0.30302013878958467,0.26721165160854987,0.810248783292315,0.31548309313342215,0.837313654575739
81900.0,74.70395,6.7590876062245515,6.478390810167267,5.81811,5.115923917590742,5.0737825225942865,9.877498,66.69379781810478,55.172559539065126,51.78595339337614,58.310586778688936,67.03914207947545,68.1961562881662,52.20803671604705,54.60382236128552,68.49072868696435,79.01834788101614,77.39033544205029,63.63083722134487,7.0310668647195484,4.623249755328428,6.194915211245555,6.723612191443453,7.402625058931094,6.426382982181714,6.354345079428839,6.904916579637823,9.93161274684001,9.168143176790283,10.389331764896507,11.3082679559125,4.055898,0.6750860374921162,0.29804869105701887,2.4441304,0.2090000407192918,0.29054066114607086,11.689133,22.59787783809966,20.393095042677967,21.11291939536766,22.83843746088063,22.629435655377502,18.21424590029022,15.822068083585703,16.912698081079874,17.284257831577165,15.814853932804265,14.699008826043443,14.872141458371683,0.23976859617222487,0.18610285533355939,0.2528080602635783,0.33400524498132583,0.1171227103783585,0.22391593923565684,0.3477503345152379,0.25672425929285836,0.503442405167783,0.08323870842823185,0.2871361622343614,0.6399942166583003
82000.0,71.317986,6.7818314042587575,6.52924086308099,13.0609665,4.985218806594616,5.021646672229712,13.232643,63.670259572438965,51.890047048518845,46.591543379500074,52.34391921257305,62.49092635513323,68.49031050810216,54.72275297754721,55.90929492879142,69.64483272272918,78.2912367734684,78.30450456237307,67.61223731016037,7.500451592179176,4.783358630182999,6.521118523116717,6.735008109041637,7.294836840239461,6.098542167920132,5.970959483743631,6.488824765923705,10.001990077794593,8.713186386382432,10.46064366134089,11.49556430547514,7.901416,1.0974018718611982,0.8755398647828535,6.9750423,0.2392876765006595,0.19231635948305884,7.571181,24.72571317880748,22.700441621658808,22.902364632920026,23.931194473164528,24.79776870768022,24.995743540844607,10.413088084240316,11.263700757540693,11.273737219201621,5.321736063813176,6.394620987933639,9.838131623420932,0.19822425341600314,0.16815177794391772,0.37723611969244736,0.5656250324554646,0.48658488958674584,0.11241514746510403,0.372571384124609,0.17523969402899658,0.22279002510137172,0.8028631748854725,0.2854762560662487,0.7440588942765011
82100.0,73.03367,6.554591879255007,6.232460189481898,2.653506,5.2900383595563865,5.26800144109071,12.100543,67.18249511954401,55.13682395525868,49.45544203604879,54.28956792477063,64.41095906909696,71.04080048134922,56.44289657496324,61.92291091892247,75.50912357975584,85.00112270850708,79.80873477679097,65.14056816068776,7.145943911143316,4.523770365393998,6.074817063750001,6.864376624519392,7.267014533049241,6.421413661653566,6.364119782860499,7.15097389906281,9.922860821603456,9.02197194013211,10.362537702070211,11.33979440036081,14.251218,1.3040675401864312,0.888022097514304,2.2268558,0.24751890553194095,0.10628780053113765,2.0695431,24.817026304622953,20.697024126855357,19.867571948844745,21.387727975413448,24.597503081332434,26.964486420854143,5.531859658383764,5.456302363041329,4.750599199978218,4.038464131973905,4.41178554865903,4.641966047811122,0.1831335336422452,0.3578352606704144,0.24431217629897745,0.32096451287261946,0.19026844260795236,0.049905728569217676,0.1314389005279722,0.0802118048156188,0.44915016212374437,0.4237550661784471,0.4640516283849433,0.26392293769214725
82200.0,67.266174,6.117018537121077,5.911558614991854,9.289464,5.07665614970368,4.926710881207811,12.709851,67.15898291429492,58.71240347207572,53.873277359699934,59.91517398659599,68.05653492356065,68.89322800151639,52.422901736949136,55.90074501776443,68.52242315814605,77.17624277841584,75.0598773612077,63.3685133580016,7.272225531823362,4.826263424594028,6.506379936334228,7.076114502268155,7.465686656871505,6.625614254468456,6.290307179815387,6.850012403538103,9.8560596507941,8.439373530140392,9.7198132772749,11.074084938371215,10.823378,0.7500090448644737,0.3730320364707125,7.140014,0.10922077540490063,0.29468638236318245,7.033004,21.457836720763677,23.895417728684077,24.23050996881782,25.274184245662134,23.276192074299725,19.42049278167946,17.333233879691345,16.878896680889994,16.142551307975207,12.96609282253994,13.486055092095793,16.816085056501553,0.2301787796969995,0.4054225376226225,0.1416430254143302,0.07027029864489076,0.2371925591270998,0.4032843277196836,0.6768047420083769,0.593740494324874,0.6356229594091616,0.08051008079235464,0.3848951156665652,0.35746337120461635
82300.0,75.12898,6.887237703337348,6.578652141892228,15.826581,4.997217300222725,5.062006217600357,12.536181,55.19591821065426,46.62393557455028,43.02262902186041,50.12658768847289,55.651398256437766,56.658937918874095,54.2878608954021,56.62789834864214,71.047158100949,82.86853988998752,80.05213284280597,66.13715280008743,7.162644970936896,4.494690255493103,6.512476080535904,6.562975963891084,7.3934912398012385,6.474129387497633,6.3733586592959925,6.5562110546244945,9.78931229840237,9.063481029946908,10.395615966611414,11.512347843687357,12.039544,1.031847036193192,0.6477827703863978,7.920008,0.05819289032344812,0.11599459828616972,9.652741,27.106417085572858,31.316236717079896,30.70899585993545,31.73894841347286,25.63505475014813,20.522959345815007,5.012341815325693,1.6276851856269468,0.6809581384231167,2.5300423565611783,5.224275162552731,6.210208660780539,0.2721982809621164,0.2516767042825156,0.1396689619256677,0.14113882603266367,0.10790708185447948,0.2454520356596436,0.5140357685053422,0.16757739041370723,0.3154375238567781,0.5132667802459305,0.424114031432664,0.49741980056740676
82400.0,73.745186,6.584675109920474,6.29854793323747,16.971863,5.102777507788968,5.061718937020085,6.386976,61.31335554915313,53.19189341350159,48.32189318936377,52.69086753522174,59.99114725106079,61.8168573822156,54.3085080239378,59.2957439239654,73.18381501126424,83.24801830379118,78.5432786381716,63.846821180613325,7.333331150464891,4.692836972692066,6.386768373278379,6.565389602820354,7.593530895205334,6.443956692555395,6.25016834218479,6.758042281741274,9.817063427340802,8.974219116826218,10.398938748856462,11.283054340268466,5.0328517,0.8468924214399074,0.44146392108010785,12.470529,0.1549870778759701,0.16068458526330726,5.519403,34.082987274228934,33.7161603222794,34.34900890270963,36.511311807951415,34.694960352920035,31.902861323893084,7.042053382669681,6.50493247833535,6.562808145148252,6.82241836711637,8.267061948333298,8.114559319502188,0.23417108294481803,0.04107172135857717,0.09783403552034656,0.1874262648153553,0.2532476884110524,0.38089745199494335,0.6867206557386749,0.1891059380896658,0.5066516504025318,0.17438746301137728,0.24708586235897714,0.7078758990747741
82500.0,71.17213,6.798542476880297,6.666541675393849,15.136508,5.128579743668554,5.2038568270041035,5.645121,64.39000468643086,57.929509959041724,53.60988091533235,58.24185867534672,60.99996757513421,63.7773637154179,66.96968410695264,71.34625890797052,85.3069104559532,84.19230181066487,87.29643877245634,76.5873386028209,7.258411292094723,4.533185889878584,6.334900550902809,6.584450867996516,7.4109528693803455,6.237422767028441,6.16977676566277,6.571810040568496,9.887354017342401,9.013984992789773,10.388718181102002,11.205862271715112,5.6079803,0.9130553317092811,0.513147471483883,6.604461,0.2506724113018975,0.21640638814154506,1.4754115,24.840090059717987,28.765246977660038,31.52429530981585,31.769421699496004,24.40544197453326,22.055000122501927,2.58843500893043,3.4218323868596454,3.773666415036952,3.8446867781003706,2.7310002037024423,2.597049624984268,0.04877918278750704,0.059552675178475095,0.13546841400789644,0.12393205245221758,0.47757785733645963,0.29870207953038763,0.47096782853040114,0.23048145432020595,0.4985022457016458,0.3452304102517846,0.18665917603956364,0.4520757675032623
82600.0,77.31787,6.785696630488888,6.506093859683908,9.64697,5.179718695210835,5.3153875966155155,7.026151,58.28341496445659,54.54946232840816,51.2238024350151,53.42456050200738,55.900894771041756,58.185794658824015,66.2556600453672,70.4851039826434,84.6414606326042,84.912793001709,85.64668479181164,76.89776778047293,7.352323675605054,4.74716612804092,6.4964855075802355,6.9024115920582885,7.1545096635707255,6.424834449580196,6.2101087244547655,6.819722794433105,9.91061511434367,9.193378397992442,10.163865258855544,11.384504307590028,6.497677,1.0773931905034153,0.6565903331293944,8.559276,0.1392550701919174,0.13378694586761503,0.621813,27.275321170437508,34.48851096250936,36.35505220651102,31.664134342985356,24.456343634065732,23.501154430154006,4.816920066204898,3.380355812764058,2.9476679893576043,3.611474350407945,1.866092626594439,5.138019321180614,0.22185484309679165,0.26058892446517795,0.3184539063249159,0.543289824013072,0.34094072864364316,0.19323800413933914,0.3323851989780531,0.15640673496226407,0.39483225918643683,0.1875107672581647,0.35111919060820995,0.43885595265333827
82700.0,81.308304,6.6715993005620176,6.457865614578462,6.964788,5.328561785112448,5.39275665944315,17.495195,71.07204590872102,59.505002741574835,56.48155906482639,62.96831727717343,68.90119553807246,70.9677178136141,53.680267565676445,56.42025282989366,69.92046024418283,78.0507467700994,75.7055694722567,64.48051193781187,7.153228835869904,4.5387774144916415,6.203197346847749,6.503718569646938,7.3854303857506425,6.691203751037883,6.73616739477941,6.929919766425404,10.050739713618096,9.247747834674216,10.270060525553273,11.380634269075438,9.716634,0.6797117630222624,0.2522770360173584,3.1096444,0.31215836048278595,0.45773677721189315,11.662675,27.447402387150802,24.521854548584834,26.134532607146397,28.61944753118744,26.684348458408603,24.92498416886945,15.53926452952275,11.988630955393068,10.944043177428258,10.59424785103313,12.711785561777319,16.725867165051334,0.41899528372637007,0.34913028039177346,0.26638260025729293,0.5511617984258999,0.4742394821034445,0.5077317569088001,0.896305025813497,0.5730355730012051,0.7387201102801377,0.21440485717227212,0.3468475121462812,0.7973345663376403
82800.0,71.79145,6.391109118616772,6.1549025925420935,14.771602,5.337982824327482,5.362179059221475,9.913312,61.9738531491349,57.58684128497208,52.43928030183745,56.55901484127741,59.51859753929429,61.8321924052535,62.58252652527574,67.00842162750803,79.90399161233056,84.3070788753052,81.90020692431212,71.91209386852528,7.337284057146534,4.844925140782045,6.288072565961802,6.7853683667082265,7.29724481718308,6.409999668716016,6.441256495686498,6.8627100056866785,9.691296424411108,9.038271083837762,10.127328694700306,11.178595877271173,13.959475,0.3826826555758828,0.15384193082689623,8.509759,0.098826276455996,0.14099731709947602,7.5397573,31.056707510108808,34.558069938516134,36.54486193689293,38.848406102350616,31.6464143339494,29.328859538125595,9.824827908093479,8.470079496876824,7.580648301183479,4.597053145865377,6.25178172566886,10.446499460722748,0.33374157330572823,0.2635743534523134,0.3293147594057136,0.22712999782095492,0.5534000526962747,0.6686025509258064,0.8271619268812588,0.6827772300462771,0.780532578633202,0.36094629696688024,0.21889630244904876,0.8661067831780523
82900.0,73.82931,6.524021516670693,6.341614793187996,11.798663,5.173903319803557,5.133210152455635,8.440753,64.23264830774015,56.88288912194438,52.797344692718326,59.34625602263727,63.73358992834152,65.24631971110554,52.839271977292334,56.645574910695814,70.56706721342083,81.31454557368892,77.05285473302247,63.023815557774604,6.889218053518795,4.46808838132037,6.187035577855333,7.1406079854325775,7.4435336348656165,6.506158015406047,6.763334617447641,7.113970751445755,9.697687692021896,9.394034238452425,10.084925004541647,10.750034105515816,6.373287,0.9134742466037659,0.6121746731855386,4.507268,0.22207038083896424,0.16816662974614363,5.1395636,22.467260373396186,27.53920705415325,27.237272602045977,27.96719121751706,20.557456705903864,18.08310927103594,1.692652199358728,1.155189819326743,0.30500214331762,1.7440162576975553,2.794311738595771,2.908705181932365,0.20971964807190552,0.16671332694427202,0.27418322030877357,0.3514346020176464,0.3784920844285781,0.3971019427182171,0.5341808950335628,0.4822832896434823,0.21146367820371872,0.25423070718171936,0.11261113354176885,0.7659492457239826
83000.0,77.04035,6.604479437449863,6.563197157883018,9.636391,5.197563066067357,5.249683194453003,13.836789,75.45924948569734,69.46856278688568,66.5653141431511,71.96503176435023,75.21973752224638,77.20003319418903,56.398245043580715,59.84314501974574,73.80880590452884,77.74070448160785,75.2809355537111,67.45001829141728,7.150016831095158,4.416088419246431,6.207150649323452,6.737040964035192,7.591494711952033,6.967919881206053,6.821445688372741,7.16263732036924,9.603105484159435,9.556305164075138,10.152062795475976,11.296691253561386,0.9880049,0.14663169647692534,0.09435357315829178,12.69941,0.2810160453408997,0.4437134564182313,6.346138,4.5746377612281535,15.349809625766568,16.479056317662582,13.827758362809545,3.833227998413951,4.956953211651371,16.620592196062663,15.562546148676114,14.289761770852724,6.565357665863852,8.22590224339254,16.925720438622726,0.16766753895241304,0.26552595436565085,0.28645393892587134,0.3589327453018,0.2601113116784278,0.511408465267741,0.5867965237276538,0.28367544927037736,0.9790624832818622,0.14271560434582503,0.3864178225804136,0.6387320689031388
83100.0,74.784035,6.196366074370573,5.984089609220345,14.829684,5.1092850606407865,5.0406732110262285,16.330236,66.72802826511735,56.16240193750449,51.71071236040933,58.07644109081386,68.67939174646055,68.18105189531501,47.5912155310185,52.12992218288709,65.76390673153924,75.53233299803883,70.93369277685734,57.43090623466909,7.350679761596241,4.728963235361622,6.190567183408796,6.962112105725388,7.433185385761533,6.729990364373658,6.649321040214414,7.32023662836649,9.59086021071922,8.909844429677056,9.846497585272528,11.005691508294177,13.802112,0.529140836183275,0.15162888492489274,5.353313,0.3462398045189793,0.41555052896434413,9.568164,34.39053985243058,34.204359943318025,32.20268877910902,30.893414049876274,32.219622295425744,29.193964054136025,10.464270694638357,14.134465943921128,13.623019826298686,10.685298612319793,7.523868322600154,6.758206838802732,0.1738736895364365,0.020603714930237584,0.1146335486883424,0.23983147688947268,0.18819275710548047,0.25066382838643964,0.6950104689003527,0.11754587346008945,0.7545798016057789,0.12708857826168857,0.3343249999138026,0.5742791435515029
83200.0,77.18018,6.814564638986411,6.679484424177484,13.847974,5.373027014772635,5.386635704079533,4.467817,66.35278849471754,59.920287313428155,55.42752918384745,61.94520101914239,66.29424391270166,67.81416964783448,60.1370967857228,62.77199860156466,75.58503553999724,86.42254915153696,83.49600311419601,70.30315747026442,7.4103405303703695,4.624179115458258,6.4605588750202285,6.7606921024607916,7.008456650344328,6.327650058478386,6.23348656952633,6.767585333160053,10.051003509041548,8.862955331728186,10.336482295916314,11.493380562652698,4.537896,0.9914661561972711,0.7792587695122956,3.835103,0.18408823205541075,0.22942871442263407,1.786224,16.288977562771954,23.280240399736687,23.00050655560002,23.172332916083285,15.115112779404623,11.268703356526606,5.725583909917625,3.012764416355985,2.969803042025728,3.6298810700544983,6.6156233665192845,7.265731792023565,0.3106563966192918,0.2576013181135092,0.16020503078361728,0.1639412869457014,0.34209930130641686,0.321181890294062,0.5910966848553421,0.5861623305658357,0.4661300728441872,0.5104046309827237,0.35193851653849945,0.9671811202712568
83300.0,79.19926,6.627516537408709,6.372986768507456,15.322597,5.136791208654977,5.2156288119509036,12.647639,58.53068489640352,49.281864215714506,44.915409131971494,51.45150295958035,58.11825870837745,59.75019044534873,57.479038844229024,60.56746418844522,74.74087589377274,85.86153767233378,82.76814582642398,69.3743182216953,7.092712155246516,4.624436801825176,6.244114171181271,6.631705995693106,7.2330387879519735,6.396946094824003,6.190897197919075,6.88569254602023,9.91424733704748,9.172555697653396,10.09231113878031,11.479165693249909,10.070123,0.9347163390127252,0.6070827265009469,3.4200199,0.3165005406231592,0.2533828258553618,11.341631,34.794257626552586,35.47185984263729,34.66456006531485,34.91966565953071,31.10918978672546,29.196726486208092,7.392789381569178,5.822478263869573,4.117345611286519,4.13933828956096,5.455679254517133,6.581633283318566,0.16227403023156164,0.11729183211241465,0.17543930413185924,0.490215574779572,0.3722162929618583,0.20772171619450422,0.3083740820839089,0.2936835853022851,0.6720575342350114,0.45303498395583347,0.8577241442053171,1.0529683210079333
83400.0,75.9412,6.640245038228895,6.339254169982202,6.2829666,5.117288524708583,5.218344272409243,8.129298,62.70796638548683,51.02266769212923,46.325953948112804,52.069397081717334,62.00080511481949,67.76491942908469,65.86274406537869,71.91620208122315,86.07130758840088,84.73834480756868,88.1659024795145,73.88845466774369,7.25654067479059,4.6957362520820025,6.5525127073518865,6.96758922642153,7.108748362098484,6.077373572098902,5.933735319175734,6.694684204711947,9.772303392480634,9.10141622289295,10.248652673624948,11.011670628160488,15.266974,0.7919737413908396,0.3839826726652191,2.224089,0.28826076642394216,0.22980858589004335,6.6471877,22.563203243067484,19.40478737916265,19.27298218137849,21.62448110164455,23.978767905509137,24.482138621775423,3.7079357655798506,0.9675802268630446,1.3243740123785448,0.7050086869693682,2.3957382475773032,4.973591628345439,0.39737677344098354,0.3165599930106198,0.3518953168339203,0.4707604621325997,0.25919233247726564,0.2234921250103584,0.41518490021615007,0.5399756120866995,0.5128325968768809,0.23330089190058392,0.12282459442285841,0.5693087612997778
83500.0,72.204956,5.863612572796437,5.556283888755075,9.029681,5.03768750256886,4.870661006470236,9.765447,64.29983624652074,52.267179503407675,44.488333090482975,48.59178544438431,59.781201719307006,66.4697988826792,50.41491640818103,52.55964753638792,64.99154909203122,75.92841672555635,73.59474549731797,60.137054357426656,7.510851281053813,5.000074740030123,6.689113088751146,7.2064672426296115,7.2434771348327915,6.415803991872889,6.614017810796615,7.0503827357230255,9.65250533088161,9.007284413587291,9.398721765894022,11.341646128209781,7.4276104,0.3977337988210959,0.4185462666066905,5.6488566,0.033673643435139726,0.32380311254764166,4.402921,20.873553721173316,17.994809590958862,20.239563857749847,22.75956282368944,23.815915322971204,22.273441742498687,14.289115878172774,9.894829770992997,9.904264967994575,14.100643611469797,17.450018836569622,17.927112434165636,0.36841624209686685,0.325686461816371,0.23558207359958935,0.3394989404579973,0.4229691399243124,0.6105640406605364,0.99373641227011,0.9851448501799093,0.6920021533142127,0.2548612167428128,0.6086544877125178,1.0795182123281744
83600.0,74.619,6.711471771628285,6.350023000600863,5.962252,5.141853358196106,5.162211200023901,7.061292,62.87995900952836,51.32319735155968,45.952192556332676,50.99051952081836,61.10149263804865,67.16211590367783,59.982953093539216,64.117061512479,77.00078223205674,83.52037187714784,81.22981559940958,69.67574615387593,7.434338508597022,4.8216813716818985,6.441047093272124,6.896051528366052,7.036704034598447,6.3451618162945,6.206813307934251,7.068615049696255,10.008877203041132,8.991403920309173,10.179302976926307,11.583988233347327,6.1319327,0.8065259921445849,0.5788724978002856,3.296135,0.08575654450500533,0.13979052994466085,6.57319,15.167000368942569,13.399493485295658,10.876340100893447,10.192094541080309,11.279623242521037,13.58027350936464,11.14641625648093,7.3186004507931335,6.7796563419301785,5.385715718345554,10.519555587196262,14.560909640807157,0.4571764432323889,0.5243245064761597,0.2694776183312119,0.3275432995085112,0.47894279226450454,0.6160211146069082,1.2487058896423926,0.5760132949306873,0.4068211928726384,0.2511583078491968,0.18766661761711836,0.765427378831183
83700.0,78.080986,6.756975604309588,6.2670251902582885,16.416458,5.177828200502774,5.289070958215972,7.3519516,56.12732093833194,47.151500409723695,40.72972380944861,43.11475988203378,52.380140257267676,57.48587947766171,65.60142651990718,70.12839440959968,82.46033390564868,79.93112429956068,80.31960037593831,75.65147631992947,7.385691043941399,4.517774336551791,6.50846083179501,6.659405568735484,7.504928333079666,6.393435649141311,6.220263072262791,6.804807721589398,10.072811891938912,9.22604367873558,10.270682938190488,11.576409455231678,2.9749393,0.9934133806400172,0.691829931653446,12.884602,0.19624116511634937,0.20361840236047474,6.0880814,33.119007250648814,29.15634044442515,29.903151596019452,33.61477497478724,34.993508374719596,33.46869048103857,11.593398382214888,10.800165909955666,8.418474939273084,3.2490198821981457,4.838606291959891,12.022634494046248,0.26418978325216436,0.2230255971336971,0.24494185383372824,0.46712172540741265,0.21907113856207697,0.19235718597720994,0.8461583008475503,0.23247357207081862,0.36377191517874335,0.6542455661872616,0.6963125270771866,0.3002945796015105
83800.0,72.79141,6.272691661705036,6.10124475887968,6.026825,5.338136406175696,5.244945956101168,11.984238,68.03967632313207,60.8746059794982,56.418506767598565,62.227431981192126,65.55920824773149,65.86946614065586,49.3990121547767,52.71434736741602,65.76966945896503,75.87635930363685,73.13060424016652,59.63030583682852,7.1994221353249275,4.66923968271603,6.339576100557756,6.699916899281493,7.27590685506571,6.4309427241133035,6.621322058550031,7.085029129109764,9.931952184102938,9.137012824740678,9.912222340387634,11.352847343243013,4.6057534,0.8682025271113322,0.3587616152403998,4.6144466,0.37160122317364985,0.24003704408892892,17.3746,28.243912201358988,29.658394117169905,30.766833520127083,33.88334340794054,29.512893231190684,25.575340997079763,11.265367436377442,10.382841462813241,8.312342526438677,8.415944294109815,8.754768955830803,9.701050573419659,0.2294679737499689,0.2042446460299922,0.16799990743415347,0.2090808321284554,0.39202153475607465,0.284523454749001,0.23708518254517666,0.3455497655023887,0.49803465263540625,0.733904783011081,0.42407851377976824,0.6558233476775251
83900.0,75.648,6.659679497632054,6.379045282484909,7.7675757,5.406597160491555,5.3236808698276965,6.4012475,65.3885983446573,54.44522501682363,49.92285921098932,55.796846214329115,62.80950295612258,65.0363679699756,54.207237510843775,56.05359445869711,68.46800941553857,79.89404611306723,78.90481104947986,65.50689456355086,7.187110855711438,4.685337941961978,6.613321739294103,6.83254225611351,7.282359243792275,6.490945289789525,6.5060963339147095,7.015241513091893,10.002853659159724,8.86964915012034,10.32445848090939,11.425100690582516,4.757935,0.7932220897726893,0.35808411233993015,8.237672,0.2871017384974119,0.297593714916226,7.0606303,34.70362488957189,30.343254885502713,31.97259420757831,34.730886344725356,32.79393613539032,31.86468128795445,11.580043760875176,10.979532015615606,11.306238020912453,12.289036570754176,12.171078362377303,11.739381611664717,0.24565235375078695,0.2875531016553819,0.13131187186276136,0.21391753764940555,0.40400970558716237,0.4522723890113013,0.7574696424627543,0.45853072672206346,0.5384991276585426,0.0855645682776933,0.10140929314953674,0.3026347855176756
84000.0,79.319084,6.856204560485556,6.450471182432843,7.432635,5.240965500046136,5.273536888907535,6.0377603,59.033037188362584,49.37300254171589,45.20459025942546,49.92433270967663,58.845874661471775,63.111539205478664,59.28163048030303,60.4374381976904,73.45124976347843,84.61703248946976,84.69982010271566,71.40472325902999,6.888859354459786,4.4133791106027696,6.047396133129399,6.691879848337794,7.379913269936421,6.542958661434564,6.470827699805781,7.14070912118127,10.088318646862263,9.112824748570603,10.163950894182433,11.158260187903245,8.384649,0.7050016150833969,0.16773135728061653,2.5680604,0.11814607971877218,0.10516212345128517,9.257955,28.25811856613089,22.96873349966742,24.9679900210885,29.78380087053882,32.717201230156945,33.453437380010634,5.501489382589468,6.780904298610244,7.888966218397328,6.047991120643569,4.548447686592958,4.443222416652145,0.20779547806043516,0.13684291392257739,0.48757093794584333,0.38944651065195623,0.43552893436247614,0.26014273455346515,0.5790965898617276,0.26960151802018273,0.5412027318213314,0.6908322461728514,0.04690939988963834,0.1505461620726583
84100.0,66.809235,6.139242182984664,5.8756403335221234,13.278638,5.208202148268196,5.021207683943791,7.187828,60.24844423867777,48.445104335948294,42.64255123532104,48.33434635820538,59.18074430191035,65.33750562103809,50.45487314399218,53.19574037553514,65.44891251003841,76.43102518274134,73.33319696883439,59.751075199680315,7.095273662595658,4.583083686668073,6.26500168880627,6.801539818246337,7.501952053365006,6.488660204273483,6.581084856708981,7.112111580041226,9.976264956177918,9.04516083719804,9.86264751370595,11.075626787741408,11.154954,0.7376723955302614,0.3654226502888932,5.1322885,0.22987943234920602,0.31541884261712033,5.075808,25.17488073804532,20.997493556234677,22.098503708215777,25.821647209766585,27.8590436031588,28.697017116108228,8.677166605082501,9.074185157234428,9.5166922442657,8.581920670332575,7.4665314893399,8.609676044478885,0.37809625552786447,0.3378427073042301,0.3506948566240605,0.20615024508656665,0.21564934617461326,0.24274129372795847,0.659196328901129,0.464228736885131,0.6085672317075633,0.6248792045188858,0.47654122613311445,0.617007721079838
84200.0,77.133385,6.013852816709668,5.994976177254124,22.608185,5.151119498926602,5.0140635226665315,8.240033,75.28119463640154,70.4367989184875,69.33584699023908,71.9966172461589,75.74446302860875,77.87372843226393,49.51667172683026,53.89478194425468,66.88901876070072,77.09953647603582,73.39538895029874,58.735229972093435,6.968226809078108,4.609003484096182,6.345852696794812,7.059032261048155,7.248289816759627,6.410301875667465,6.5314938536740295,7.093915296713934,9.876241481890581,8.70546304167659,10.093195681721978,11.5076902379981,2.6422248,0.1689154113614651,0.4383376108922808,19.465437,0.14872900441306455,0.08280501057403679,5.15986,7.853731251648653,14.037483305300867,15.920035540255295,8.212039415693889,6.251255631528929,12.381994006393574,7.716934727090897,9.10577528985119,10.346946341327126,10.111935922679619,8.259866321930707,6.876911619928008,0.24279752728519333,0.1572603632738461,0.254339542598201,0.13097310064672374,0.2579645821455853,0.3191579713968194,0.7534434744832513,0.500410351658413,0.5310939517786232,0.7956684607066634,0.2890131664655878,0.4901352238828332
84300.0,76.67805,6.543283247665884,6.138339484801601,10.473546,5.119202473176732,5.2175116931331855,8.526131,58.009011141577474,46.675357224852625,41.33266481549439,46.54184844862365,56.56086272160818,62.65523906444619,60.76979677974028,65.85696044533553,80.41016572430253,85.13735331247904,84.03000780674962,71.08145044293543,7.3279327432165955,4.723258256446818,6.502017908622885,6.7215523580904,7.465567851524237,6.497859253606044,6.3119088609731335,6.9471012285014915,10.084037691074586,8.836902875698746,10.317966239866138,11.353614325259846,6.0819836,0.8510866411991518,0.5122649927591226,6.843979,0.11510964003403695,0.1463518277684365,3.7694664,27.705618503849482,24.396860012169498,24.498335757750166,26.203625004841278,27.756856185816446,28.83226043008004,7.4258539319908845,7.627919668759858,6.86061941537863,3.9358662659838,4.350189363708431,7.171103477410132,0.43238444115464486,0.31438714397177825,0.41861457337681757,0.40934653279465827,0.20178655122769054,0.34391859997673757,0.5561798973177362,0.5534296969300527,0.49678582118832704,0.6117300186305143,0.47682499602333905,0.554709566744001
84400.0,71.86941,6.711509080589093,6.429380935420251,13.960266,5.154532746062892,5.186769198833655,8.830063,62.10947049717294,53.968879790750265,48.26924041944261,52.0710982874682,58.03100361028561,60.49480646606032,57.03667767219525,61.05805069796252,74.66385994388395,82.8598445550465,79.34480989901635,67.05712976031599,6.958970336411593,4.299750569699132,6.383496513029184,6.647131278147644,7.533214056154482,6.4914222818059395,6.585645070186963,6.950390106439937,10.058975407679682,9.213548527740588,10.316592560726727,11.42091792278174,10.142349,0.895628197142002,0.3985603766547018,7.5232677,0.10918230210067158,0.06831759623179981,9.2133255,32.24953399169123,30.133696946167657,31.329616373120583,35.78653878746685,32.52870529799365,29.198215937742237,11.58353126145347,8.87505041146154,8.386977331486992,7.5152085593035585,9.418600184234336,12.816888224244334,0.39674351175899547,0.2737418341057443,0.2717543075565802,0.3684689949405826,0.2173227004556748,0.4274671039319327,0.8658894986695224,0.38633430312212524,0.42050722764837706,0.6534452884131436,0.23502106211868617,0.6767510641500284
84500.0,75.16901,6.530538631517195,6.141130256104513,9.668302,5.269465310191257,5.302123010922624,6.385363,59.526053514715954,49.87799227177644,44.428286719158166,49.0797685859088,56.77207745741757,58.44298096613471,61.920751244555476,68.4297913022519,81.59919795119374,87.53793505685603,84.68579982271301,69.99229726788822,7.238401121755683,4.707392178106963,6.470774013201159,6.905144140173185,7.286503669557817,6.360579980393968,6.3938779371284165,6.902755358429424,9.924422761224129,8.813468162019552,10.276294449419668,11.134084618487938,12.671718,1.1088730176014758,0.5757669581273165,5.5326157,0.17972507618193823,0.11456635698876305,5.2820663,34.10868881547521,30.280953821980955,30.77504683675882,33.991480443689476,32.96167442487363,29.83544787481026,1.7350532665097704,3.3190506328880693,4.72840769597178,0.9900086348498967,0.972599160253207,2.3576153465812015,0.7908598617524926,0.3387668615548314,0.6011138792891177,0.5517094292103918,0.49210737859452497,0.48066911760968123,0.9041973754947243,0.5090085583467331,0.4693865966367657,0.45077992545272855,0.579006727636261,0.34618038706847337
84600.0,76.02969,6.475387455168097,6.0337616310752535,8.325,5.184954901344961,5.176478706361089,8.069778,65.18289951795585,54.54243358874896,48.191302455395906,50.819888097058644,59.75651754880821,67.30974199084142,55.97289948881886,62.19150904765166,75.50431538909378,84.69783953654486,79.54459883236717,64.59804419894128,7.189505231660746,4.574187516044997,6.4603881128277365,7.005034952932569,7.091102563459295,6.40572712665458,6.394998600901886,7.1727100755255355,9.960887414557007,8.905970870946279,9.923593362586187,11.377691713528998,0.5649435,0.40765836055692006,0.24009058628196617,7.286085,0.15509653241897578,0.1989731423218296,6.2749352,10.57793842562878,10.909380241691343,9.491083947677039,7.370238947672011,7.343838879882241,9.071822079475233,5.726427902878006,2.774235494461706,2.8580690538015188,5.29056928352737,8.718409562147382,8.932592824804964,0.31548071828129043,0.32670685989094256,0.25994667495777446,0.38336272257739124,0.22890478130098957,0.32562975470481836,0.7662546310705354,0.44240320571589603,0.7241065187716988,0.10203853098110438,0.6346736997559527,0.6245906224613111
84700.0,75.021355,6.496450512084615,6.359107973083872,17.940714,5.208389355852806,5.208955079568027,5.634455,62.59993607416262,50.20431124972836,45.795270048558024,52.716817883100695,63.08561110583941,68.44592389756554,61.553266250930704,64.75436568358579,77.91173644992116,82.83985988558213,81.30979493153217,71.25239613086266,7.2988198960949395,4.727077810947042,6.4526269706656345,6.892828267367208,7.152472188405749,6.343288695170622,6.506115646770273,7.057708199997161,9.81498741221015,8.826486486209381,10.140390842415478,11.706087509791878,8.819296,0.5430543341945647,0.13513021974623057,1.353809,0.14721663904764187,0.2927175835311627,3.6305542,21.167708824586246,18.85021640443,20.243057674389494,22.602295758942592,23.995433696712496,23.461616853862235,11.810188007230773,8.084494125603202,7.3555380214185435,5.251706320342003,10.308469115347123,15.238505350305678,0.4293867114353502,0.1679191598241687,0.7522262317591011,0.41387504513779694,0.6658312284020889,0.691477585664704,0.9754089219659122,0.4311381838359,0.7258825856455359,0.5622251022511743,0.411852581717586,1.1851136851820094
84800.0,77.92005,6.498991334768554,6.232471211774968,6.7584305,5.212257631954112,5.222916111849078,11.140956,68.48072406289823,57.65961420454348,54.17492244359001,60.0846688326082,70.26936515194315,71.43654409645232,55.64212355845624,60.84320586846926,74.5426064730513,80.82025525030119,77.58379085129361,65.0072769794949,7.170924811210351,4.621290858122542,6.143441813424193,6.579028851451484,7.502828719499301,6.599334686967031,6.727949646069235,7.033977127269661,9.958155958254713,9.175353504489571,10.082948122883757,11.312797458602127,2.8119795,0.40900086762016563,0.00980396649463092,2.5838206,0.21109638909968345,0.28883537954208444,4.969367,23.386407373406584,20.437933451933034,22.4242840323453,25.756853150669755,27.075543428215045,22.899255915235305,12.94972114672169,11.514412976913833,10.946111995241953,7.35584573157478,10.478860231782834,13.637803237160323,0.3524614475500083,0.11045995582660846,0.318758750798869,0.25990954213751,0.33715596354777716,0.6212696191281539,0.7896596781723759,0.7762267744552405,0.9893287973011065,0.5832606243722365,0.5024888122895766,0.5240599832483873
84900.0,74.89116,6.513779340762103,6.231564421852148,7.566607,5.060546656195711,5.091907216343072,3.6209157,64.2057907350884,52.97172045402656,48.322299323715264,53.62323615772809,62.873273066606735,65.17441993458506,61.812366772259914,66.15443255383803,79.32118364563094,82.12589892485187,80.09055391749631,71.46956729204321,7.110638838223232,4.683843657848826,6.331517142801586,6.880978676993794,7.387643734565377,6.645204754841686,6.256760263170004,6.968277284762604,9.773710353606065,8.907889766871333,10.17057870765528,11.450265878399117,0.72601074,0.5182575778562093,0.3158703126921385,6.611855,0.2344475363702194,0.09957945030162209,3.191508,23.12564692382789,20.39141912276182,22.638226430749395,26.489181267020868,26.383035260437225,20.755557259655813,9.072900247677733,8.417058901675114,7.993664782264833,5.001528499867198,4.183506667332661,11.612793832562263,0.1916634070335397,0.1822028188984418,0.2745348517946587,0.2461349962775055,0.09718345331721924,0.08970879915406187,0.5617950736816588,0.28184345311640563,0.40402621418785506,0.4164792619240227,0.27131486743605876,0.61252249989443
85000.0,80.52947,6.550725952021085,6.335624948040266,13.619153,5.09117261039841,5.111563573711161,16.06803,61.31609160328907,53.16083672215814,50.09124071311993,57.564492842505,61.07768282633818,62.36359747238012,51.87505970732314,54.94532255114333,68.83985661123012,77.17526410797491,77.30826806467772,63.544326046408685,7.269809520139049,4.65235098450117,6.468282050521824,6.495945761435936,7.213968306670426,6.433880561206572,6.172963182311613,6.932864647220143,9.813738541886087,8.940085523106235,10.221005576769567,11.474804698222334,8.145277,0.6419320521762261,0.1889929121805113,0.77645516,0.11072338494699285,0.1593379373832252,8.726585,28.266899934007164,30.18066493962849,31.734146411682964,33.35424797951641,26.132907658733913,23.793688396392728,12.752315027271251,13.560610132304706,13.273731835123922,7.514269469680289,10.707205171549264,11.401616143714264,0.23262509926025046,0.038813533082959026,0.26196916503992534,0.12696860277430272,0.5267647218852423,0.2938382232798135,0.5102223016023175,0.13797134199122474,0.5875901879934364,0.7559254644955512,0.21307963273041686,0.6896220480359606
85100.0,78.531685,6.6762905584707175,6.332838913352389,13.449758,5.338403275934708,5.412271612569351,9.92688,57.30050373555711,44.9538942886453,39.90301690655545,46.114635537209985,56.580201562393036,62.47970067621509,58.49671357159349,61.54841221601752,75.23774879916289,83.80806410869336,82.97333876685377,69.3492649050764,7.342517020522648,4.686311465016577,6.414179588839153,6.760504706067896,7.091475917047773,6.299861185907523,6.21084345669169,6.6602833407756235,9.964967679689982,8.985031024722568,10.275281707073125,11.562134981811555,4.282787,0.9005308854708484,0.5798857776091842,10.178265,0.3374498873604553,0.39021519800654314,8.715331,20.87312229554546,18.920406907942382,19.709489718225424,21.857433727042817,22.68367688679869,22.9922995560122,8.386904893184415,9.795340227262939,9.37346203314231,6.215149334880981,7.491581470115104,6.999550909361044,0.094599369280405,0.256952930065106,0.03235181822410897,0.2948084419637233,0.04720819742294229,0.15958794187158554,0.3870186882887812,0.1781178279540432,0.4069330643379419,0.5472953204132716,0.3003857095723757,0.6960772393813931
85200.0,76.17647,6.430385714842923,6.178316024948501,10.314723,5.116959846083387,5.137160711347817,15.80983,67.11162467067221,58.827094203955276,55.57617506942024,62.11669708546693,66.19117830426613,67.88987632949573,53.6100889877209,58.58552521973875,72.61257031252863,82.38741859701588,78.0605916630353,63.57806219971075,7.266507266955038,4.800182068549709,6.649813412751093,6.8289716521738955,7.280272450543403,6.297692487366395,6.009399535960896,6.7252751849166,9.579943736805225,8.946619377302708,10.073406218125333,11.372906369578907,8.306958,0.7388901594035139,0.5081464457140662,3.7110658,0.17587164884535259,0.15755537146299142,7.844421,17.45892954803478,22.364766435293483,21.781899029987596,23.105461974186326,14.85008429504541,10.596893962725785,9.467687412510701,10.489237991820653,9.437300137166034,9.042692434971652,8.898309460931936,8.406768750924991,0.4762630201182299,0.45962771436430677,0.32380055488130194,0.41689657613061426,0.34908851967251453,0.5591011286444463,0.8701650370442149,0.35386527581154265,0.49522532115372775,0.9763480557559795,0.1688939778539869,0.6993461546562518
85300.0,80.58839,6.8488049803908355,6.582373976440099,15.002437,5.054855992119857,5.150229466006665,8.161273,61.45015932094868,59.766103968688896,55.78345370712791,56.82061111425282,59.199966960938006,61.240853258028956,59.65474075140807,60.89544511897302,74.38540372596367,81.20116678739514,83.49487331450354,72.15576329209465,7.3807383858121725,4.763819566403399,6.309808353782306,6.517586905599235,7.221602775143002,6.225990614033642,5.920857406737959,6.705678553103134,9.846143264673204,9.073966191546868,10.626041846678094,11.78934923497438,7.6300454,0.8672847278964214,0.3733385210985822,6.6672297,0.17434275700704271,0.19488638274254125,12.893178,30.01802389189087,34.96142271192803,37.455551320421655,37.17449154410439,33.13936197291779,31.199924000261554,10.657767669331372,14.112406852680106,14.191334991621,7.965760937186481,7.9411583222836475,8.811181168625508,0.055396186419652355,0.1305030614002356,0.21162717167011305,0.2221962161163937,0.2844455009456841,0.24540739294853148,0.2295627048654748,0.21445000119094193,0.29771228733259925,0.7509567570250227,0.31219816667419475,0.3957408026724836
85400.0,74.03881,6.541013234339476,6.228678798562963,12.971271,5.127257822847427,5.04924863255484,9.658679,64.99320038853995,54.066652275853436,49.45344708940964,54.264204675921484,64.19446165067563,68.35170558847965,55.63007012919828,59.80510682539543,69.3506432180007,74.06129720609563,74.36672094921235,65.30486506906153,7.31098631757967,4.747182843868783,6.255200666391598,6.613884564550946,7.3578273919126715,6.660945768141739,6.492931941231064,7.018771877224907,9.676707514083201,8.968034674830951,10.255548483761295,11.257465759203377,6.0186906,0.5096075553866991,0.17579541488803038,8.032531,0.13113743985196277,0.33634775941377104,8.718188,32.237984801855966,28.57709104044071,30.07503426101165,32.67752415668029,34.430713441364645,33.27140362080433,19.617669070433063,21.690668341419112,16.270560859005197,10.080963942632517,12.025799258630451,17.331502044793623,0.12412381100737442,0.35677362850883027,0.2705552808788566,0.25612242435294047,0.5504865699763616,0.37179876981538784,0.6920066130365434,0.2894081660162805,0.5133414913518028,0.36420416433165326,0.40653861333889224,0.3787576598836395
85500.0,79.36835,6.968384584418726,6.757353265560586,11.436315,5.102600081511064,5.137139520386748,13.799217,66.55015979233036,54.482069880352725,50.94970546357508,57.78432844425774,67.64965215112413,72.7684481944002,52.438649596423375,53.69756785432832,67.23598515968092,79.39878521767373,78.49661482801449,65.2844730473484,7.29955529235816,4.749575782123173,6.34512557952981,6.556496641873345,7.441735368996043,6.485550362193384,6.1935160434504155,6.801775538949273,9.870735303237964,8.961779736394915,10.304786785818543,11.379516451338823,5.8139896,0.877111391813149,0.6222473924962895,11.574686,0.46985311738954344,0.4453484546396339,13.457589,27.474043987873994,26.421261517265197,25.050804458151216,24.67404866083023,25.83415252454516,27.24712012083391,11.031873518428158,11.3520258275582,9.920789644028604,9.025618713657915,9.251563236883875,10.11983658323046,0.10355024288471011,0.35579383145339355,0.30010648443186233,0.5574933812786276,0.2432884123398334,0.2263321862522039,0.38020279803830015,0.29693235577175153,0.7475123796446987,0.3065590841091881,0.45055090719893737,0.14676969721072217
85600.0,78.03441,6.796181638839151,6.597217180798403,29.368479,5.129403961773789,5.2209895553650565,11.015719,65.25242824090198,58.47698240472741,55.493113845885155,61.211928156583156,66.90948184337233,65.15025882301853,57.752382717389224,62.90989750169552,76.75284286880249,81.12359687354741,79.60602973165781,68.18363700382332,7.113750231769096,4.567372152626347,6.316251379911187,6.796107266834471,7.247141471286799,6.368485985889435,6.131881825833509,6.733249479518027,10.10239644060074,8.782670166524609,10.420659234345367,11.77344188473373,8.934671,0.6993885962621669,0.36563495305230226,5.063842,0.02924541272591122,0.06912612067118294,11.598883,37.0736910464717,40.29843497432678,37.628331269252385,35.5492208744533,32.981915811962935,30.026096751378766,11.358989088032423,12.310663096893274,11.56518733696301,5.551168045408313,7.270694457439017,11.055866764036049,0.19780772700470137,0.2588603054499323,0.24057536255943965,0.27412448544782275,0.2244681442209469,0.389630568427296,0.7652180894527135,0.14598667549724043,0.4451434089361456,0.25946341569885045,0.41826659495132607,0.628694804638892
85700.0,76.73814,6.45589851223392,6.081296901347784,15.412689,5.167485285162639,5.153381601319025,13.978084,57.75190426135919,49.594747628363,45.475029526355534,51.056190683110486,59.86531043955616,59.70573375697743,53.757119124907085,58.58241772066115,72.12676741927207,81.78587596593216,77.81846760360865,63.341603861641495,7.205628680157159,4.642729989735828,6.3362407092818,6.6595153457282885,7.386165680758964,6.5674085187573175,6.336637684785934,6.794148030282437,9.71261765453272,8.871720662277967,10.193284490863926,11.311419987222827,12.195666,1.0246244415101877,0.6221403098796219,12.285996,0.2879466348657537,0.3083936538621839,6.9276614,28.20971960982793,29.599401057988235,29.898493899483494,31.29719434404048,31.340455875779632,24.59242351034366,9.647178485357028,11.212826645673731,10.3028057043567,8.457494011677333,7.277470210914354,6.832883602450014,0.24589804801817733,0.27784948396304376,0.18379078827130882,0.21211122257327514,0.4565897983351084,0.2683495143933958,0.3612256608309194,0.29920360861333734,0.39580055638272843,0.44817123836273637,0.4592570743990692,0.8540020129655953
85800.0,79.56772,6.746705899350473,6.389674450564672,11.155843,5.190561854674819,5.200136599281372,9.673335,62.69253849016483,52.24249979435533,47.70148536551986,52.883786703901954,62.23739516782212,66.82088585819754,56.629256827349906,59.82260820616575,73.26192599702746,81.94105699031716,80.18265496352679,67.97775999682028,7.345893096312602,4.846511704862787,6.538318088985986,6.813264762452327,7.056308603776734,6.200251832599179,6.334400663376212,7.095542353029335,9.929645347820818,9.027745957714595,10.211688481644572,11.484743065835152,1.7358242,0.5110360550446835,0.218854968089925,8.22011,0.2908046631963091,0.28751612987453323,5.4631996,28.229110282418777,25.64613295627878,27.25246412330926,29.552446662970453,30.625149890993697,29.92482016509675,11.467875746845637,11.026320279025779,11.13103692069799,8.372681115821244,8.795822773318486,11.701908287911332,0.2911661286254461,0.47521876347770214,0.2732523003764248,0.5213116075695021,0.5049049263739056,0.44110925662655176,0.8241664412251509,0.3808087303364664,0.8973994467414618,0.5153238620518875,0.3443268351263064,0.8510135171582048
85900.0,78.16891,7.037319117180484,6.769648989657784,9.726674,5.41222005251301,5.479300106625371,7.753507,64.74690556567442,52.93187923995976,49.23184826938842,55.412007042309064,65.17117688570764,67.83622609538922,63.15830819162267,67.39369736987642,81.1303692655029,85.0789872610551,86.14701741412148,72.60776774809308,7.172175607847502,4.545687153262691,6.549335176590344,6.77639904442215,7.158274257782729,6.3542942461206335,6.165347640836528,6.831534148912986,10.200232211283785,8.998236543767858,10.368687510561431,11.913674817242585,3.887745,1.3165780297107703,0.995162530007194,10.323795,0.18920766251683055,0.24367312200060595,6.8114233,30.312696958974556,27.878880475563736,27.082660033836646,27.521704577687203,29.00493545253047,27.81847827471417,6.352392351518461,5.40476873604279,5.22345700713474,1.0193675164766647,4.773653708805375,6.076431374405516,0.3710837316380473,0.26929710760677517,0.19342230114338196,0.2343768469628774,0.3367568200564288,0.23963531883109424,0.21771992800928966,0.5059832162999114,0.5387338092062612,0.5496798558434675,0.6378939324342545,0.5800786141802358
86000.0,75.45435,6.4802281313475865,6.190831461592738,18.759586,5.245428354160732,5.2467501025559065,4.9223022,61.84279751578472,59.5775961553426,56.70129907898215,56.122934606997994,58.12175254532762,60.87059215903843,58.06255042975847,64.19844993583172,77.5764854095972,80.1195843219432,77.79532817297415,66.01490285339786,7.221003082056338,4.670872676024332,6.24197297452107,6.6631335417722175,7.3010726224856235,6.596322949815814,6.570804643333968,7.339779025509421,9.992884671663516,8.98398851699721,10.150516604126635,11.260808491816844,10.607755,0.38975273803521177,0.25927593280078665,15.633891,0.19060093676989612,0.18760465338357746,4.339434,16.69106593893427,24.05993208996883,30.588625568754072,27.367371407553215,19.32529593357432,15.9994674848558,11.054330527643655,9.098902251332554,10.661254827441464,7.691074116181669,11.768812264294443,15.523839447242773,0.3011990293059688,0.31656747815334024,0.33034945284799466,0.2618328071205065,0.1307438947631549,0.4041808413362455,0.8841727233592488,0.3410936443550783,0.8907651913768947,0.19702643983631035,0.4564623417803896,0.22583390044146903
86100.0,83.45587,7.075015076844896,6.902195180008488,11.401202,5.062441516187655,5.217396346739876,13.094788,65.4318791429805,68.77738889532769,65.81120696634773,65.54418872186908,61.83249323397283,60.82162158438897,61.3565374946457,65.69509628868403,79.49724874292461,75.84779142900409,76.59579325648532,72.01004396789223,7.040443007096694,4.430282336748564,6.284486122183407,6.550417493789396,7.321658842739019,6.397665252019525,6.418228337507931,6.82399406492319,9.912752037939613,9.371010309707279,10.49815456709271,11.502012732894281,7.9417315,1.0181163615843674,0.5130845508614323,9.408769,0.10639619012488911,0.08808796114501952,16.696226,22.631594929955046,32.830325237554916,33.30528178959704,31.08751909330206,21.710580396631123,16.244965743272335,18.179759397947322,16.23373759643344,15.333236440800073,4.683824523593291,9.59843748747603,18.695751935422614,0.31291708995766787,0.2690306829010863,0.24588507494621462,0.2693125831564744,0.18252176029567493,0.3953804676474035,1.0254673641632017,0.6083472560984483,0.33553118545678795,0.8230923484225913,0.18256004523637995,0.855391053919379
86200.0,79.936104,6.509836979403826,6.229081748619007,22.032362,5.012247626498371,4.964858532387767,8.94455,58.41399365526192,47.83473087329616,43.99634357689987,51.484880479333434,59.634885562534926,60.29362069981351,52.940968746268005,55.930340061123815,69.41186684927429,81.06848037139461,78.68179617224355,64.1938745846213,7.0606830740478115,4.757461353153212,6.2860283538083115,6.847268041266703,7.225211023696798,6.457180461379877,6.442342161913776,7.070410335749332,9.739520395927125,8.979544190868701,9.84868597585051,11.279609769200926,5.11976,0.7770514403602443,0.5265078343141825,9.610508,0.20693426312092986,0.29809059143308875,5.401889,28.340155966366428,29.952291875725273,29.361404435760612,29.130926624489042,27.015165863374445,22.319294222498158,9.604309240057923,11.133295635792544,10.647028959652625,9.268434399153382,9.231817516226547,8.626089811047855,0.25281217773339854,0.11893376255413401,0.15966155930772302,0.220409463898483,0.20113196474575507,0.22510061534729214,0.45205106057404937,0.30942100717138465,0.6848773081979422,0.4400207645418924,0.3440260639390856,0.34742664654798217
86300.0,78.30979,6.826085274378468,6.5419201941698075,12.207303,4.95782104700302,5.065625880681082,11.061444,62.14691768108779,54.04779983879996,48.38671276588298,53.794590700343775,61.83524669754261,63.1542898546906,58.25374305207336,63.66709712542516,78.06322554419829,83.57204710155418,82.90264444788421,68.26849541807128,7.0184437623974665,4.6054732956934625,6.198963501839354,6.578873287846844,7.447571881251132,6.455742059241287,6.228854397642162,6.87657504499474,9.76108406728238,9.148198120350301,10.201565029193356,11.273516190273304,3.3300238,0.6695748517161089,0.33310184667159315,1.804238,0.2651048721370298,0.286311422933353,7.0362782,21.569252990312858,24.576674232680634,23.90815314764533,24.190432279860186,22.689493342422338,15.884955007755329,8.660449127569985,8.370455163144165,7.943627113096015,2.8289533361645156,7.989862558108214,9.86966306175514,0.1372877357834594,0.3280825883861541,0.19593859753441661,0.1412744432855616,0.15709434342396583,0.2806835328863284,0.33193974563428963,0.17476859217433846,0.770305629982239,0.3337983936633982,0.2800997317195461,0.20916251158216748
86400.0,79.90246,6.84067359677655,6.504073247722688,17.163605,5.334759609276412,5.407318725316464,17.951897,59.77413960053459,52.01666859825593,47.27169135046691,52.40314724430798,57.67250486709179,59.424108967004,59.41477467509862,62.630923497502344,75.65700215499733,81.05865424697326,81.70343913939963,69.90014669120906,7.159152283670681,4.60300181384999,6.34262281578084,6.621387408359762,7.237317488490145,6.427883523268417,6.366171142584321,6.778279753266596,9.881612321445662,9.154211937218028,10.325081127245964,11.225348382791564,10.340158,0.7072789360728261,0.30543331929819717,7.3274937,0.09573970492877179,0.2119413186119641,2.6591725,31.74982361038084,33.32095476008543,33.9241296450185,34.713881112715285,30.35572506502532,26.87015110634492,10.828430949581778,12.446378725070502,12.059125932791135,5.515890823335832,7.788370539807492,9.276462760326098,0.35037294356074455,0.3780341124760572,0.1586986751757083,0.16201763445381281,0.27940299837959703,0.5605716545496492,0.6775598136292729,0.12975045621246784,0.5106499430309115,0.6087130613340499,0.4497808660951554,0.3621007322730839
86500.0,78.05215,6.543563255886849,6.415698750781515,2.5262706,5.348596961249901,5.326458213699648,10.610143,77.45236553503192,67.70844677829717,63.82889395136332,70.25053812554366,75.0809739209843,77.6520257587279,54.79691986787748,59.317861283499404,72.80021677287068,79.74589972881977,76.52676562028181,63.28821986059997,7.248525103800559,4.753648891718835,6.331262623235573,6.835120080965221,7.391472921022808,6.549556851412523,6.609696366470828,7.070345121339366,10.169924644754373,9.12165463308697,9.777895308063819,11.126648478381357,4.6481295,0.8850365900727372,0.7415400117694803,1.2294073,0.14286122825903722,0.05901550267944236,5.102912,8.170860310399735,10.92108532020857,11.989705679854126,14.490115604714358,6.392379275681192,1.3301847822238604,10.323180938733618,8.44051647832915,8.143608960422016,5.921897197924295,10.728879309763947,12.888273585830666,0.4405667839267697,0.4785236214948383,0.33761022211628977,0.5350333007364161,0.26885660670723666,0.43943883817908597,0.8833874428710891,0.4693389192888651,0.6363151660930191,0.6561029183221025,0.359064325727257,0.40079077410089503
86600.0,74.91677,6.460764504877539,6.289631171781022,19.109268,5.136029907885576,4.987866792921099,6.82947,57.629820256699865,54.14763296998248,50.09131985802995,53.303299482563716,56.23141783302459,57.822753284589815,49.49997889412,54.109807073726905,67.65437220674345,77.64485215606177,72.98306855833518,59.33229654922371,7.2623977969681235,4.807652900238008,6.409441442172138,6.984817723383121,7.493760046356647,6.578797596195564,6.452989926299217,7.041458194863563,9.67751686107917,8.731825913229043,10.054666203489113,11.190940106856374,7.635172,0.5943957813781411,0.21781856349894008,17.74442,0.26108582400277097,0.3662896252601829,4.4872994,31.57207485177663,38.17635698457224,41.053527196782284,36.48138503478523,29.388796434695386,28.104564491870335,9.549561632934644,9.655022002026339,10.481513055935167,10.265663080931526,10.313079500176023,9.6722760108747,0.4546083917058599,0.40411136195166936,0.04366352334870233,0.277280127474588,0.31394947501934994,0.17714716630173552,0.855804130222282,0.1428020873888707,0.8014911601962255,0.4616876516665048,0.6459574037990768,0.10412377491403416
86700.0,74.26491,6.291953445857775,6.052941830195281,12.280502,5.309973181064138,5.243816889176219,8.06425,71.03911808751126,61.60759484226958,57.65980247256912,63.33080084033153,68.78434990013434,70.98256519797027,57.2346041597252,60.87317877396998,74.11900502415186,80.3063982833885,79.10831764614043,66.52299919435772,7.220670676143674,4.799119926328561,6.357655468671973,6.7997111738434635,7.138902709680167,6.484435676352299,6.47915706353841,7.105358136425674,9.848104688778479,8.955193754478382,10.219269992456947,11.364620436825065,4.6295576,0.7301008886896369,0.37798330041006634,11.139137,0.3385537498615517,0.17271584973387047,2.3580613,18.128201695958122,19.436478006463634,20.56722832161616,22.875211334970377,18.064412851463942,14.412077234737472,10.420073475404449,9.945463632207428,11.302644604522904,8.32824649066209,10.613970985937843,11.61312207172858,0.16917421451714218,0.35044788574234503,0.18719784384879065,0.5044897325547694,0.26445853023290566,0.2575697402196549,0.868226692647473,0.4956545166911737,0.4055776917857523,0.4024309868425584,0.4312177666388635,0.41348272211999115
86800.0,76.09846,6.604694666562744,6.327843790360792,12.789075,5.0013308678481545,5.023914754060398,5.0812097,66.06461598418639,55.745485825807975,51.60526286392159,55.757064132436476,64.97959764432282,66.79653031127656,59.02973205126327,61.17095325291435,74.99072149680778,83.10839279445696,83.82363008309001,70.90225667574158,7.330573337317088,4.6534019967407305,6.551887629826308,6.551102807109774,7.569057921102765,6.370899647380277,6.128424846680919,6.849019786726508,9.745013507628917,9.218190148773578,10.353391973837088,11.637595994176522,4.0895896,0.5677824903645519,0.14904679984783323,8.402518,0.2637268258349192,0.3317928314479863,7.714978,33.91237984739193,28.907346576639494,31.664537110412045,36.859939978017955,39.13538731642556,35.199353701229235,9.539010716352397,11.61558813946461,11.4035039098701,7.107260306490045,6.675411579397186,7.5154842630436,0.07904553248860247,0.051440606208834255,0.5238081637445837,0.2880594100539635,0.41844306370834955,0.5585605172479027,0.614022512665982,0.32873352155335706,0.8087787589166545,0.45794709073206025,0.12864398288441525,0.4968643807966421
86900.0,78.86044,6.791460359523167,6.537382424442677,9.214902,5.1269004910823215,5.156417103332011,7.5650024,67.19536038834089,56.643398368454065,52.461870865166766,57.985172249207785,66.67010607297719,68.82448939618843,56.12291666551386,61.508428987573666,75.90592804908323,85.4535252980462,81.09056291733695,66.06658475403958,7.313397221043623,4.706788453794319,6.364951403563225,6.815922172857344,7.251797223245712,6.284485130053073,6.0238946023711195,6.797429590586933,9.998295131837322,8.694557465074721,10.34747870501039,11.655026133186752,7.889252,0.9098613682263765,0.45216353246967933,8.49725,0.2215617940573912,0.13632751792950035,6.1030817,29.666823682737657,25.859150078687232,28.396599150110255,32.75886712922281,33.70366721316794,30.381518884191895,2.579545798800012,3.7290048985715076,4.742333695736988,3.4360548578874304,2.7887449137395546,1.8454599270573635,0.5184892761882559,0.45403253227331164,0.32074560808189295,0.17037142818725715,0.26051212022437725,0.3858330810062014,0.6622857820170472,0.25435046317284504,0.4914636593818058,0.5556502231825142,0.08270107055819409,0.5123208951449216
87000.0,80.69565,6.502941653752877,6.136477970665093,9.8604555,5.213015451446686,5.271892192619933,12.301906,69.27291598690637,58.28007864684582,53.04584691887383,58.255008334151974,67.50322749617453,70.5973706743115,57.299370799259044,62.492278165767395,75.77590955717541,83.16421784061582,82.22055611972105,67.02816199826806,7.357110293801925,4.6531217294310485,6.609215092468033,6.751294336244911,7.351455199250201,6.5109276846778315,6.156146360276259,6.840979075659914,10.037429530964062,8.772818601154116,10.311917816207167,11.675940750060931,5.6127443,0.8544261031423058,0.4060823414663174,7.9932413,0.13591693421482925,0.14422225700331665,9.686219,26.111051136160775,21.751633795127873,21.58194723286797,24.03217312327223,26.962370907299686,25.52726657823987,11.791953177876687,11.252262417776535,10.365114116607643,8.268994513065865,10.281117329487383,10.437149641100559,0.2211139191171006,0.20951434455966572,0.27201496715585943,0.5180523952081741,0.5168361472483369,0.6074255204038814,0.7878126433160263,0.46529586984279186,0.5157315483308281,0.5477942198826636,0.1451979948974671,1.1498224593510205
87100.0,74.24644,7.0306183508516655,6.8271710633704386,7.189008,5.065372200780159,5.082382163745169,5.192505,70.41097081457293,59.45351185095234,55.08577982419548,60.18006607947415,70.09214097093678,73.83011893202877,58.222646600379356,60.0687650224398,73.11157386954245,84.51601752895759,84.1996931343988,70.57261174995425,7.467868601509337,4.747093063317446,6.547586875684825,6.533051966440829,7.331539984637907,6.2067648100909105,6.183106806012489,6.69247048970902,9.78719538305635,9.008783454880724,10.595946736317456,11.435265682386275,3.2312126,0.8077255447512998,0.4346196922340247,7.2030334,0.3029540864505045,0.19794788553943246,2.1141934,24.540175298629702,21.95101265855234,23.551059028798782,25.58947614194196,27.060165518611164,25.797006345231807,3.987040797283882,4.11869972747025,5.10960071614457,4.647031247074963,5.952675300723857,4.682788272367822,0.6321578038109377,0.5686401095220686,0.22220517335722992,0.2649854278368815,0.36971628684197355,0.3865114463155573,0.9716851097370204,0.42712026472937825,0.28615406031271234,0.6882808218731841,0.23998849865122232,0.339422252848659
87200.0,77.8306,6.7411957299716185,6.542371348143232,6.068283,5.227043592606307,5.352013977496529,7.7341256,69.45883896840894,58.366618324286684,55.81042553333998,62.99223288948929,71.29004172803438,71.56269609671938,66.85119620691795,74.16909560345397,84.01424929889534,83.0883928382191,84.95271284420166,73.44284342817258,7.140825195986211,4.584816209582033,6.314976897122893,6.3063759072003505,7.689193910055636,6.7040435959685425,6.520265588721931,6.916748187085651,9.733044729132315,9.292366004407166,10.4838286759312,11.06504143435347,5.191668,0.8136009198715921,0.5408995443826048,5.7893705,0.29120587164087136,0.3222237743408375,2.9686904,21.579117351726357,18.973282590536396,18.46907210264656,19.939883090679704,19.675390697867538,16.356819203784877,7.7191526634451275,7.185033210240649,2.2619840452803825,5.604204435804632,3.8058420003118236,8.636402752715972,0.5738074130426266,0.7325355901319577,0.36628028701098114,0.2081610651073023,0.36123371894233175,0.635453563867918,0.9319827727600639,0.4762169260239046,0.5770347432313226,0.05898549069321996,0.5467307176715239,0.42899147066462906
87300.0,73.27413,6.913326957352244,6.696216917834328,13.790329,5.152138359217203,5.199467381587343,8.094971,64.62151936003563,52.713516089454124,49.09224836395915,55.588140643482525,65.26967463247287,70.70311791029147,59.38479635423454,61.662502173838824,74.92170048820246,81.12346248026982,80.83914561273694,71.16457211387672,7.38852129318596,4.634095186910863,6.540209633310037,6.5807841408982,7.374148876352685,6.359605246294119,6.2198887076087885,6.781073955032539,9.796585235426408,8.952631226030723,10.46672718103998,11.549439318131169,5.632845,0.9936933279750889,0.8002800578003049,17.956182,0.13154839327618537,0.12243931609565686,3.6775477,24.79616614308449,23.406761635930796,23.736206843487192,24.309561000422583,25.366878731976392,26.063075142131595,9.174334039473653,10.944707916291957,10.797164669862468,0.9405514402733114,3.028818275059736,8.786478479128693,0.243618277423321,0.02397890532887624,0.20467230514653875,0.19451544201856935,0.06098481718371442,0.31606997791911456,0.7445719901880413,0.44524814966730947,0.41766311041390614,0.5139050883298655,0.39171368503882137,0.8799983454478203
87400.0,76.97563,6.652186779893082,6.346486443047165,12.68969,5.21577220008199,5.138162273905372,13.048093,59.42836060919809,47.903554695598444,41.4791759016313,45.92879599708326,56.02603920482741,62.972945957611195,49.880785194505414,50.479924532760805,62.78937234729457,74.8294360696647,73.95883247274496,62.11460082984922,7.299386863493886,4.617739300955086,6.4003895040681975,6.5818871351168555,7.483356761354553,6.647222303110426,6.668258914967123,7.011306179351572,9.74218634130659,9.013705368026018,10.346999190508969,11.414211277224444,1.9650948,0.7629985781544955,0.39604098578506647,7.2005796,0.2584067444503278,0.17525814414660526,8.528317,22.053011206796807,18.82930825130118,18.835485691957608,21.13170791372476,22.900557936823105,23.62044331106284,14.091058930986506,13.387642524401144,13.315176772154254,13.245140000310874,13.547303932577352,14.415129522829373,0.18065953509640237,0.2704900684247823,0.13936452766637988,0.13273837676489816,0.2346968246068362,0.409712128052382,0.9439212454176575,0.5472817003414493,0.37715913997034844,0.43292239129104954,0.2372259882695351,0.6878462755577022
87500.0,75.25353,6.893982525765181,6.6096979885708045,10.375427,5.165461490472953,5.2003855129056715,21.86658,68.76276575034062,57.12393887778132,53.1657140648499,58.869210083646976,68.37741413926993,70.2943047451865,47.24533249463368,47.81309182030511,60.73068576251841,72.82307092581927,72.89260822624068,60.66986708365575,7.294743691806375,4.47994643494463,6.564481838000257,6.540299133676087,7.380227921236031,6.2549553285477115,6.112264411508906,6.7334632031916355,10.012802142864404,9.126401470543797,10.614912076615378,12.111981662572482,8.674425,0.9718794513872947,0.4975028691227325,2.0337474,0.16785881580877504,0.16385641515065777,9.556372,29.94429973397569,27.83982001941805,28.251665165184356,29.391742094992548,30.706513942159823,27.906966639278014,4.918619686036918,3.930570359729964,3.2267580817563006,2.7763351437548143,4.045456018001667,5.431437583643333,0.26802738489705547,0.3167098825319183,0.5813424457590074,0.5513915609356003,0.11701408742485407,0.30566825036312845,0.3834039489675336,0.18123386958967627,0.3908658169635927,0.3633298899088544,0.2891487081152048,0.6769458514792264
87600.0,74.54694,6.471281106673714,6.289853395727429,17.452208,5.13414044708531,5.012213996955928,11.898007,58.771567124302,48.0718718031304,43.762050028799145,50.987391843244986,59.38678730199613,59.97784757276542,48.062704484956384,48.53185332793251,61.23320268007408,73.47501617449562,72.99059620239599,60.41262382694157,7.471763040248153,4.895761831285804,6.4097681999789105,6.581904108495489,7.490108802187941,6.529608615551197,6.5480972699110795,7.062819820523276,9.667529642388281,9.024748047235658,10.19609184100621,11.374215786886081,2.9489124,0.3222239459191676,0.12564449120415183,15.659917,0.0976906417405118,0.34829321662140317,7.836221,34.85735410419274,32.75768754430121,35.49987279953325,36.152895398467656,34.47359020493513,31.252464166846487,12.755771544653525,12.289988875239422,13.263726342270518,13.780106476591616,13.910501697952911,13.677987774925558,0.11831221765359487,0.04485325601530995,0.21741751952395802,0.1617894573974738,0.20691748024782544,0.3398889670752803,1.0397060654818304,0.5535544974464252,0.7656632046760491,0.2518921644128981,0.6246939157699809,0.7046395819384677
87700.0,70.327675,6.695070260628147,6.519196597736823,3.737058,5.41204020709203,5.400451966643021,7.236702,75.83259999233486,63.841811587787646,58.69157781782615,63.699091592319064,74.14511158106959,79.21703957462118,61.95654504595384,65.33903917501077,77.84445693255122,84.68889964714127,83.12687288039528,72.00980295101093,7.443979493921577,4.553643771015197,6.262067352807499,6.281892348606477,7.630930661273506,6.449456725412773,6.481581804117586,6.582517824058097,10.045532691930026,9.252384949646133,10.315619457843018,11.578505070443008,3.8748083,0.5864085562755279,0.41182263174123523,3.5402858,0.2118333413718012,0.21318133037177575,4.3784957,11.636885572422294,10.05550765022676,10.257896717679444,12.476865482836283,13.979314014636742,12.244064450876174,8.469016701499564,7.986202449844989,7.436485852250562,5.035352192838747,5.677193697394037,8.514980648957257,0.27639945855978343,0.2858981478899076,0.32146092166565265,0.6131318461843803,0.25384469926245085,0.46535447278418646,1.0238308682975308,0.2959707912203825,0.5967888689571255,0.6293088051372072,0.07088341334591812,0.7237377368330622
87800.0,76.52589,6.989075738744372,6.55743875351802,10.252261,5.2530504102855895,5.295594449181229,5.2796426,62.016706731605076,51.65710961798437,46.90824708497516,50.947542200220504,59.844933671692495,66.29286798888793,60.91515565523601,64.84282316587407,78.46039124103991,86.62166223940663,86.24805356226379,71.70220012828497,7.250713752514312,4.519837718723582,6.287710060403069,6.208069328798089,7.483202948904526,6.521973234868412,6.29366403703219,6.7738205441923425,10.190238668629995,9.291487060586013,10.786927859651852,11.309502826980776,5.5188026,0.7313278894045163,0.4735124623336863,7.043565,0.16287455281835375,0.2111288983424262,2.8825667,24.106373693470232,22.156892870236554,21.53058565072419,21.903266481263785,23.079829425795623,24.035815581704664,4.643663327234094,5.158230555184237,5.866772297104452,2.7540015931648725,3.2593370249703977,3.3591243741160954,0.2133149853440401,0.29195196853855426,0.3576514194922223,0.4418078277716348,0.49749250195256367,0.4745794272581095,0.8275370680894328,0.3548802748043886,0.7755354249426516,0.48724716144029667,0.3074964753700371,0.7268117762487688
87900.0,76.919106,6.721519834186911,6.600461881223382,13.806407,5.219922937024155,5.17314994624216,13.072141,67.16925043773385,58.000321863531106,54.279389307652416,61.0072941894344,65.27946797906255,67.64429225411367,51.270772504010694,53.30323022993458,66.75451055739312,75.6269758567695,75.42399397777517,62.82534273386983,7.495473893030318,4.824483999032978,6.298631379235499,6.20386698791381,7.543076230109757,6.5910589503316785,6.576574644691935,6.82507036899131,9.802592978552495,9.217551620375827,10.508721375573415,11.32082270457357,6.788962,0.19321064479665798,0.2691093769702004,8.995443,0.133729854102601,0.43459954455437294,5.992064,25.03506970167749,27.776429640886988,29.72964180266391,31.03155789176066,24.188531336955396,21.994045366147823,16.378049943098294,17.970965419162262,18.72724810712633,16.470652992452436,17.517850996160483,16.11789174040838,0.2207030471544443,0.4238268106839262,0.2307077956659816,0.7486981576529227,0.150502101170926,0.3581543522654065,0.7374446901720408,0.49166152233938165,0.7141477693242939,0.3860122557116492,0.8467703041740218,0.6436872295019964
88000.0,74.10999,6.818976422925218,6.505308953771379,6.6795425,5.110055902137334,5.205311753011202,5.9500556,61.22339364502233,49.93626560233444,44.64626860372127,49.93708024405717,59.68120053498145,65.92047691832612,63.70283363747807,66.68065870792594,80.5408099512419,85.66821412806469,83.68964085085766,74.28336804857905,7.392358323527905,4.797888688431759,6.546720618671995,6.540552994230832,7.297757903252484,6.115215758822139,6.276068303660061,6.668966309152318,10.167111579737442,9.078385647790377,10.312999234381044,11.548123711565218,1.4222449,0.5554477304375097,0.2568092603723494,9.665143,0.16563425089704675,0.19850187767704858,6.1471295,25.99975367127926,24.213619499643382,23.398328405978845,23.532123730019993,24.63974145796293,26.106064722557658,7.179010545785762,4.132487723655038,3.295300583479724,3.035208702730677,3.3083567704675296,9.40186142213094,0.2452585984987701,0.18066178522802137,0.3870511931432056,0.34405503705201584,0.28080268797078417,0.462615269526272,1.1467255227336297,0.38557481046016945,0.6065378206465971,0.8168935717962826,0.4175057702044885,0.4499423394827667
88100.0,74.72196,6.697017097772664,6.309856019107837,6.9334946,5.0829734460305245,5.06854790755061,8.749438,64.3973937599868,54.36965189676342,48.691459997166426,52.0331837614734,60.780676372071866,67.71494044973029,55.15967106696826,58.722579926849924,72.4204051896654,81.53810050742713,80.1313182059846,65.7542198183224,7.406355449431231,4.809015358829426,6.54375416803645,6.98549755686541,7.3976148394191155,6.390938417739714,6.471182292429908,6.877871149092679,10.101433606355819,8.813065011566437,10.294523515764082,11.691248494722645,3.8298452,0.8465923316871855,0.44157220567970634,5.8836083,0.30837744833037456,0.1539586704576042,8.256221,23.90187942998904,19.160242607042562,19.919438633242446,23.80350202787982,27.252279661942016,27.574357086497198,12.73673364537404,11.763764985631251,12.667226611189685,12.189610720489428,14.010119782958881,14.044092742914476,0.145444739105236,0.06708085838398338,0.3920052397298388,0.43805559211034656,0.4240563784465778,0.35869651272542535,1.2443896181938865,0.5961275909919819,0.3684032931526219,0.6227207610610141,0.31692890809688723,0.5704609541883425
88200.0,69.40098,6.649652751755084,6.431870910384183,13.967819,5.174508854287585,5.293056234345037,11.542539,71.21451023831574,61.59222658347456,55.40692598535853,58.287228673739186,65.06757702386987,68.57251017044213,72.64317360758945,78.15199001306085,82.76573330906602,78.57242599511407,84.34405017426798,80.99402123033197,7.152244669468751,4.681019416898841,6.381295972104397,6.649799880436469,7.560322365928227,6.5892004878785135,6.580547828726381,6.854617222058654,9.92354454521352,8.975182055339255,10.254825069823285,11.313428725932193,6.218805,0.14351075126632934,0.276505840211075,11.326751,0.13332895639246076,0.17385814990309953,7.590815,28.2883801197264,25.659140081885656,28.620606515057307,33.6179085486272,32.08503648715788,28.524737192618062,7.450748061653395,10.220699319967824,5.2079305308377375,7.290601246359628,4.954775611964287,4.271731101629369,0.322157107266219,0.14806708612465233,0.14315744318351548,0.12041686977686654,0.38683057715923813,0.48508266881696677,0.8970401997442119,0.3828597102274704,0.4948900936397576,0.2068656344938502,0.58242396142574,0.7191781663585846
88300.0,72.291954,6.361456189328898,6.175084549859086,6.132566,5.234984689120886,5.2110451517121446,7.208262,71.45684826004937,60.741926418686205,56.49449132382454,62.09108112877698,68.1839924495423,66.32793822621825,57.08174784141696,60.08695961824376,72.99032134700559,84.20966945388726,81.38000993161181,67.66300292245388,7.44958485645521,4.670248077570443,6.325115579768716,6.731108585511856,7.118830883442453,6.293505280240988,6.161795045117426,6.789195817964463,10.10033710011223,9.257896330999026,10.051441659208255,11.763103528584237,7.7761497,0.7850790272539826,0.32817541393056043,5.8777566,0.21012302621974635,0.21115517173851223,8.056125,30.319573027491934,27.049558859941865,28.804377865706133,33.29525067111516,32.18955115386338,25.526818540903932,8.687902814791427,6.699224316027703,6.273465580911073,7.301993996422507,7.8502572394193,9.274152744855753,0.02547731233084276,0.2999488085546799,0.20926115262171588,0.3974573300529301,0.20488365147083798,0.522697519168962,0.7118771495396213,0.13327731376432408,0.4645246757428991,0.33141261073021294,0.3997285132033261,0.642466827723726
88400.0,75.90244,6.5127505088095035,6.194220855138046,14.358566,5.1138172571050475,5.020511550679632,13.563942,70.90656069682024,60.1826850304897,56.78140095434767,62.33108917399727,71.76678665664754,72.57821476568215,51.25148862378783,55.58618708426,68.87836205065001,79.48047405782238,75.9206123448749,60.8868600472775,7.564197459063176,4.8170129215262945,6.1857651208126825,6.667176475555242,7.425786958442722,6.54658060391863,6.515977583867074,6.920420027645938,9.629117799622405,9.182093120118772,10.23368135688041,11.154361993235526,7.481275,0.9600553925156747,0.5844672569723238,9.441571,0.08915490028544217,0.06391235639948872,2.9458263,25.55140836693049,22.738011970556567,23.548277267517722,26.080630466502143,28.35509400499765,24.918778399818464,9.25011902965721,9.036426721439474,7.770393055474698,7.902968956511127,9.173046022525481,9.270356560563012,0.45595439837748697,0.37698753937410895,0.6978129191235001,0.9071477948234625,0.6871597366517641,0.4641802526198616,1.2649988343607421,0.5523988717827003,0.40280163698178284,0.7793094642661423,0.4427587615745577,1.0365539336277887
88500.0,74.46219,6.440222368309648,6.1889026162471446,10.797511,5.22769836077417,5.2103158712888185,9.085246,70.1093395419653,58.442866769896305,54.62074601809373,60.84910148097966,70.78767543312686,72.99819238426366,61.42534669820159,67.119367781196,77.44882753626683,79.08695783101412,80.01538477337324,69.50302879042384,7.297752700792213,4.729659450925175,6.351766186865546,6.587679810310829,7.419046311789356,6.585365304257604,6.453100006961404,6.847146073019995,9.945499804560301,9.14444224948435,10.068382517730432,11.358860328165868,4.708855,0.513407625257638,0.17085888072688582,5.1226034,0.12841195126796057,0.27757291256456434,1.4741994,24.3448309096274,21.912690255358573,22.99623635694034,24.852213150813945,26.117225491816313,23.69201347696316,15.41907128414826,15.266148865709967,11.584265145528017,6.575055004298181,11.870020958433281,15.614937364533656,0.29802183086874323,0.36369819061029923,0.5468433822993475,0.23398817307585174,0.14383746590306276,0.45911653398931823,0.9430179054568006,0.23509949589064033,0.6065580019999764,0.398546043812793,0.08069983069897917,0.8811852103128958
88600.0,73.27062,6.736258639974291,6.475693151231781,11.334396,5.097886232620182,5.152839297259448,10.678482,63.527217807954464,52.11377299197793,46.47445240344647,51.940555019302735,61.99926463525983,68.27375605609582,65.63181808144307,67.50414538659989,80.8192441966064,81.71532941330524,84.9057103194104,76.23733331419074,7.276431218754101,4.854130794700989,6.502219034472003,6.604072439215327,7.555908615297799,6.400149584123149,6.36886029357796,6.702663893563301,9.886899958383252,9.076618080602843,10.211363566923039,11.580023859241548,2.998209,0.7909255131061014,0.5523987554190398,7.7013383,0.1533081679247943,0.10170305288029115,1.9121537,22.730955184887797,20.33801739315415,20.275809851175087,21.499012369011513,23.076017323530635,23.84283747286221,7.2104115230041685,9.906179021894214,10.610109533250949,2.8935066224891517,2.8814170113261786,5.228121793188016,0.24145587455074727,0.16447146711460045,0.3626048839058909,0.23465883672997798,0.39576701072106146,0.6240982809402391,0.9765777179515783,0.10998251927971174,0.505633723653315,0.8062949006996993,0.3836992997236059,0.6716335401777578
88700.0,81.31411,6.127273948671106,6.28950140474366,15.051862,5.299809528552637,5.376247822712407,2.8419292,80.16814264006808,75.80908507329285,75.8066221617713,79.79680316722626,80.10658203720858,75.80023497375056,64.21236009404242,68.31072033960133,81.57213566575227,87.62728145139154,88.13843197897761,73.49134257290471,7.1189973157113,4.592906910913481,6.283672699973294,7.102891861811919,7.250656415380249,6.505100258465525,6.58980028876481,7.368594491320443,9.967561127579026,9.29165914232461,10.03896767234143,11.112328671900487,5.016255,0.2048848555427595,0.2718004072724697,17.521904,0.4179272869452427,0.45160732684600724,1.6330069,10.785036565117215,6.2742898753606555,8.364336964091118,4.351799702001692,11.326663735909909,13.55763257111677,3.8277523798282402,6.466727470850735,6.287721497081426,3.068784934343634,1.3199628358876987,1.6032896780736623,0.27598758964222814,0.2441855588346955,0.3285239258295566,0.5116436463910414,0.2770346463989097,0.33034952930501726,0.7526882979745667,0.45408170136840825,0.12994799833613496,0.8733887779759998,0.36961515197082406,0.6555258813422388
88800.0,76.15732,6.261415992405429,6.301232260621815,16.041811,5.228883542161953,5.218164333883046,2.7026138,81.77421816270981,73.58582320081958,71.93694628390084,79.6037506156809,83.62215563077218,81.7779005112855,60.35674040602678,65.4698152605345,78.36595110567565,78.0819710144924,80.43843530909395,69.36851099574652,7.2850810200127185,4.632546458880781,6.296561642567878,6.577790853536648,7.385601882107241,6.602328625590492,6.622795110971967,7.014494538747535,9.826576451852278,9.040051018664405,10.175153856985824,11.569389524878368,5.177831,0.5080990323358088,0.43800641104223953,6.0198503,0.15461033054285156,0.18654797589136565,3.5152714,6.287045940449772,9.410437540998037,7.81056077869881,7.32257723924259,4.14016637721923,5.9777610004709265,13.540586207615542,14.83974817618728,15.094670508592165,7.002336624311359,11.453358933477418,13.355590321974514,0.07102417009777212,0.10568762643839336,0.11061881950662374,0.1980890097361295,0.14825910234254464,0.5894323879931136,1.4579683859452297,0.3737074305005272,0.5874185790206323,0.39683635765354885,0.5560511330103873,0.768371578643426
88900.0,78.39972,6.43006294851736,6.502490416123332,10.706164,5.299092204049027,5.362939957927746,3.0303726,85.91619984265253,76.01822540037837,73.5333451716088,81.34614692704913,87.58029817222548,83.23838034448683,64.36847138488501,68.73552074224041,82.10696640687219,86.25614645867101,87.06886115368332,73.91944624120434,6.9483488795635795,4.31003399783438,6.101223447033266,6.447169232097924,7.551677891526587,6.827207007776882,6.489100237166885,6.888819462344812,9.959557984811758,9.289478893622572,10.185917763606454,11.08250097424999,5.5081263,0.3650449490457378,0.37241656428368874,6.04401,0.3643655388017989,0.32314960884089705,0.9330965,3.3250388991899555,4.6377939409619025,2.637196357173395,1.8519386361668386,1.2956084355013042,4.602508157377593,1.4114267437523638,2.9814609491385937,4.4937362009291615,2.6544382243964795,1.0725614768618992,2.762240170505865,0.3037890767462531,0.15375610976614398,0.06471115664274153,0.3471910600726405,0.3093152728840604,0.5820114065852281,0.47285756324274,0.2242252312496605,0.3770860487622796,0.5094923742902968,0.6862127621831262,0.7085556509732128
89000.0,79.185905,6.973795337749432,6.7935980105917935,11.264567,5.075005774854753,5.184095665841844,10.809873,66.93083728727271,58.927646542513806,56.80900101003484,63.822953991255325,67.2939817540758,68.21724944608673,64.66606353925008,68.73666161570158,78.50382886443238,81.4071096379958,80.48559611855875,75.04014269527285,7.126485598645382,4.608042827642466,6.36652672988913,6.653826330892218,7.419419127525249,6.655040613422204,6.549783957652665,6.681358304967969,9.929433603737651,9.303573973502635,10.327113409505479,11.637488114645059,3.8214293,0.8048051948262802,0.5116145560334413,4.5960617,0.04576908490036175,0.16856758845122238,2.7221875,18.086597095284493,22.01467645370275,22.275911061979333,23.709094259394732,15.837134477600502,12.035812338360284,12.681237598808769,12.496597046392703,5.598278487899621,7.420050273708291,6.601569360117118,13.560459450102202,0.24194518245667365,0.19806569979236008,0.30666305850295206,0.22801591438228203,0.1659024442444911,0.4934831476651061,0.9653586147917793,0.445551101213238,0.6679566845618689,0.34661468771022874,0.4173353340764767,0.40527912231439156
89100.0,75.85166,6.970557916702828,6.630255589704038,11.775195,5.3261130504843015,5.331948238048953,9.679782,58.7926390154156,54.703735047462494,50.82789871183514,53.23121971727634,55.44901013678396,57.63997412816625,62.07815723445086,64.90377704880531,76.96695675892003,79.72803405571916,79.12600999977063,72.85881561460818,7.147162377525682,4.510253093382816,6.406912296984306,6.690424216760159,7.162304198645767,6.438824436951578,6.257273725193909,7.0700478565613,10.116369166979739,8.87199279193603,10.442502000945977,11.406115522046264,5.7798967,0.5185592288527225,0.08406738217480919,4.7578173,0.36084639567977217,0.27712416224077924,5.0839806,23.756349100042573,29.378630752217816,31.319762416123677,32.84211628211313,24.337719905918746,20.53442710695599,14.88688745565465,13.595804974562135,12.926978259744772,9.026799810418593,10.331648687707432,16.020234165503414,0.17124936409121744,0.33835072178422193,0.2851535570809972,0.48095652725761556,0.3038603386796256,0.3841755292814751,0.9327705567255156,0.4963350715415457,0.4265309306809048,0.8041244972194488,0.2025470525768558,0.4578265335192185
89200.0,69.63388,6.598694567695699,6.488730151379774,15.874942,5.168632119469126,5.109568262764777,9.169911,71.33851238808093,63.67129836198143,59.68651414345882,65.95190717194727,69.79065838009271,67.3700281265465,59.96521064253235,64.37785570442536,75.4207241463596,78.45745716810723,76.62056453446763,68.69572237782499,7.18796011072535,4.546441781121498,6.222063241611882,6.43991980727781,7.560716991265526,6.656957893210131,6.521046264102359,6.908873878369682,9.584494814106337,9.27485871722706,10.274362521248902,11.357462485796093,3.3793576,1.0376821559930511,0.6554784668856288,3.0545692,0.04308319565513505,0.1950260855524181,2.193626,26.562350906680955,28.140114236189266,28.91548623601017,30.407910530119807,26.667969047440636,20.361163314398635,14.401540195747112,15.800651904828165,13.100390598557789,7.644289636691859,5.042114927478004,13.851746003889506,0.17310474446810506,0.06459468253188666,0.1917860578386685,0.12301245647952966,0.18377436805506492,0.1540950435204916,0.7914582771631349,0.2641676291923034,0.6438131597375946,0.5555470330373202,0.05393205034093126,0.5649168995674525
89300.0,72.44807,6.896547558246962,6.558229433783038,16.582365,5.189042321391004,5.226202913151657,6.3162484,59.4526562917276,54.58061913334666,49.172556952554714,53.199907477470475,56.409931536951596,58.24350741018432,65.83828529986897,72.49090719421092,76.92820452926355,73.0798847587746,74.7912974358655,74.18325926619775,7.4112015852196835,4.608365139927797,6.437272328821812,6.476104869204632,7.235142598074714,6.281319775837477,6.002762154953157,6.703968291995436,9.816896033117764,9.470887830138237,10.420394648002054,11.66673745849324,2.5722303,0.5344150659283471,0.13478353162824394,9.54658,0.07840298691530018,0.22551858201317607,2.3897157,31.61092095999017,34.5660257543991,35.95000806494509,37.94876210479072,31.879641151856084,28.774116764608145,18.28021035466655,18.284041062532406,10.60000776956681,3.3893232814850385,8.447427962162953,19.70541871385398,0.07282032265312977,0.17678488008433652,0.22150401913578446,0.05895090825609172,0.14176826553722902,0.14404898300756366,0.7779545983597279,0.6198938641303071,0.5483536796729204,0.3494871291378811,0.4653198341353754,0.6329397449609749
89400.0,74.17289,6.763627510647911,6.539471141868533,13.940434,5.049259560594154,5.102180849473596,10.248634,65.68152245632272,55.814745711787886,51.436151167705624,57.446415321670656,65.41753450247349,66.85414928993025,60.82205323234488,64.57962907540114,78.42030973619224,79.77023569136179,80.20454429917082,71.4354494569172,7.3868098120803,4.841507394635381,6.51796549240207,6.627885671247498,7.5907578506534845,6.608389325492044,6.308045477087031,6.695380512175672,9.805148633044796,9.316722045455789,10.509880506929003,11.658987765774718,2.737228,0.7912446503090034,0.4644206824466047,8.705499,0.12771758407278172,0.022437954129598987,2.6492279,29.47433355211457,29.137444488428237,29.847511575157707,31.307155896202765,29.902408104747572,26.68787663289407,12.680356134271847,13.469403063912706,13.505573868579566,5.887255805217359,8.0278759508486,12.892815789736224,0.36116554274514073,0.41658571144251527,0.23049872413957503,0.3594219119694991,0.14854285003041273,0.45095424122948824,1.1362284820970943,0.4195068297478404,0.18438490760654636,0.3244624547308967,0.38495232817844177,0.4924014479198408
89500.0,73.49946,6.711975435645889,6.400377654424489,11.410403,5.060471661633337,5.132814527437245,11.364108,63.7403713937608,55.01678404304815,50.52318256251214,55.73626366800852,61.59182199081072,63.481421057031035,60.59734318028802,66.32867471722075,80.45090018267588,83.3955093929614,79.4485413058165,69.58320633421296,7.454782379365604,4.792059775549426,6.27607805961829,6.475731956715514,7.5125062062884895,6.460556345731614,6.0223723813547,6.7752787869444475,9.47504637974734,9.37893230819064,10.366656138701389,11.395591738640542,5.5644207,0.9264284461615763,0.43190142108870555,7.204872,0.09817673095119224,0.12347721523194821,4.475655,30.35563162121139,29.054296994242108,30.802059023710104,34.897285032178054,32.0631942066211,28.95259673693542,11.477096079480946,8.042826726590096,6.63296125683835,4.671834137537988,3.922486929726315,12.805147756040753,0.21311652736255682,0.1847156060631011,0.3930481819278717,0.39391031244037517,0.09351081750965037,0.3306626640703926,0.38974944473945033,0.29815315796458286,0.608356863017881,0.25812233204026863,0.45390263585771823,0.7673277996509594
89600.0,80.52873,6.823189259058606,6.620434080491282,12.699005,5.109630605297085,5.2035648348521315,10.16787,63.2167723975035,59.672852634970326,57.75716756526373,64.74585066797601,60.60354557095791,58.94521531041409,58.51944258983275,64.36106661672976,78.79317128476045,87.34447261999412,83.06615341352314,68.7073440840961,7.193840069008552,4.597642030384184,6.325756213940923,6.443579309472706,7.378777181534848,6.366201330432677,6.470964149713908,6.924240956976749,9.722372918945682,9.527784147071108,10.531715164879683,11.282953840578244,9.322309,1.0191653590063274,0.42364450386726576,2.995177,0.32788583280041295,0.25825849515900284,11.454215,35.84179617762143,40.27108456262967,40.928128631810175,42.33947361293026,32.00487528563185,27.907648540620354,5.9650918360936,4.900324114320981,4.476016459993305,2.5668886084479876,5.740201625101657,5.927328125066195,0.1767371217649892,0.11149803350552355,0.36272851821285107,0.1598567791028035,0.2397027372026219,0.4166919998475524,0.591564838049307,0.5356173096248308,0.33530086208082904,0.49623151877651883,0.38309581630342,0.38667600905032
89700.0,75.813545,6.615601879758272,6.35330793981554,18.755407,4.9394590731562475,4.985986028460499,10.690539,64.11141851604279,51.605686508951976,47.32971703042548,53.004764902232516,62.89405942519122,68.9468550422008,54.49379914228168,57.59834072244388,72.10324638308803,83.4148305641181,80.24910567333703,65.79374620995404,7.372067106327653,4.76021490428458,6.558291960414896,6.888000719301153,7.3812828328747395,6.411548959815069,6.290354088936667,6.9659463321012645,9.560759882182213,9.204810591842431,10.353666326949336,11.320355010227717,8.594813,0.7993701948279871,0.6612314778435776,14.172565,0.04160874050784211,0.02945978323411094,7.40879,29.727715713059347,29.1893769479444,26.909881987688834,25.327731842077586,26.313996887364688,28.27765929417043,3.816854736431968,8.417217228783871,8.732888159057124,5.284699008344969,3.140891008121141,1.8431357027468562,0.31320515121009723,0.3671180904581121,0.34621616022461205,0.4844023775716705,0.42628492395137607,0.247152075633439,0.601095777115586,0.26267854873343316,0.741931419907742,0.700116870941043,0.26604602595977167,0.6942782007092618
89800.0,79.75075,6.912943923982482,6.718028793264646,17.111322,5.073463474374231,5.17994978123464,16.742357,64.1279017304696,56.02389655773732,52.21978726153035,58.29098834171575,65.90602008784923,66.30792723948822,59.83758022191615,67.21469700324582,72.35876865782944,75.90797732407573,74.9922040273973,68.03129225101524,7.113177747482188,4.50568406583177,6.265667342208406,6.398280533276567,7.319162013243549,6.530043988977724,6.51589792372764,6.851769339263743,9.86155956557855,9.282471481534758,10.444340294057215,11.267234945505514,4.7981877,0.9823162462070794,0.5923217832129121,7.075543,0.08530154746669716,0.18195128100973346,3.1347153,23.1406676421808,26.223056621481437,25.24770168658055,25.3950479998545,23.880291518858098,19.803752976037682,18.70839809051499,19.053419791180794,2.950659003548449,6.1289896389957965,3.1031168990676163,17.66653245280417,0.2067998755659208,0.20860516652356878,0.2683530752136547,0.38275741153138826,0.171315659357182,0.28975968226450144,0.3066897807598131,0.32233942502946544,0.7563732453261302,0.27376715131449164,0.40905475104626676,0.49364419374253704
89900.0,73.98575,6.660037000758012,6.482386707134473,11.627795,4.927858150590425,4.979774571976377,10.864888,68.38368763449184,58.85365736886041,55.80644516387962,62.00931327841611,64.87975269948171,65.25057567467007,54.88120872127025,58.04119649876102,72.84093370720898,84.24956985966179,80.8308478986398,66.38739984786646,7.322638715181309,4.72098621802781,6.439080983484614,6.6738088231519805,7.272308877699538,6.138774995036101,6.133537380595135,6.700678493214478,9.665736882440955,9.346887859480171,10.52650119415183,11.67838971874376,6.6451616,0.9311043750527477,0.5072650744094659,7.146025,0.07976065635713551,0.12561726816271937,2.5048182,33.533194542556316,33.372616697489924,34.97477022167168,35.89772892372597,30.960084757338414,27.76024461647182,2.5916760705636057,3.013402274293783,4.023293525917133,2.703462268963986,2.608347238034612,3.3300281684173934,0.15100617610405356,0.07156995012876782,0.24759523467866446,0.36522833246334613,0.22981897521012656,0.31248243631165457,0.34006050802444365,0.2152217223343366,0.22794198301176763,0.42895606963107896,0.7943474926264665,0.5344894891261008
90000.0,70.759476,6.725675898409347,6.625251391635492,13.004562,5.183961598895727,5.161906448139052,3.3032227,70.29050755845402,63.72857058412752,59.826896042883725,66.53583480385339,71.91452415539776,69.00709238924225,60.558426669222264,66.07843764871264,79.64779054971008,83.56189740897095,81.56861425567224,69.29001588430008,7.248016696047092,4.6434832566095645,6.377692548699251,6.608387005938217,7.123459938470042,6.300636687288225,6.290121843792868,7.1126557896937195,9.905415727856266,9.55367917137577,10.286463419133248,11.210675526342444,9.249276,1.2408186879580907,0.9299956157336864,10.735149,0.3761897251609012,0.1673391486400582,2.839975,24.423839235592524,27.947016411274877,26.824423482771543,27.409573586484424,24.536087530072514,19.016025225548162,4.987348986558847,6.371646896476285,8.85689774313638,4.855818345687016,5.11506720992399,6.627927724878645,0.06417030289619459,0.30544634008436156,0.2567664629650372,0.16538389209341647,0.15675703910027486,0.15043877663805383,0.18269387929172956,0.4731904024343847,0.47451512642026833,0.234436033625541,0.8893390847280461,0.057795113199602136
