Time,Replica,Global_Angle,Dist_Phe389_Geo,Dist_Phe389_Weighted,AngDev_Phe389,Dist_Phe390_Geo,Dist_Phe390_Weighted,AngDev_Phe390,C1_Angle_to_Phe389,C2_Angle_to_Phe389,C3_Angle_to_Phe389,C4_Angle_to_Phe389,C5_Angle_to_Phe389,C6_Angle_to_Phe389,C1_Angle_to_Phe390,C2_Angle_to_Phe390,C3_Angle_to_Phe390,C4_Angle_to_Phe390,C5_Angle_to_Phe390,C6_Angle_to_Phe390,Dist_Res_114,Dist_Res_115,Dist_Res_118,Dist_Res_119,Dist_Res_190,Dist_Res_193,Dist_Res_194,Dist_Res_197,Dist_Res_386,Dist_Res_393,Dist_Res_412,Dist_Res_416
0.0,gromacs_replicate_3,65.80138,6.402463188488545,6.461957169228028,8.052422,4.850682656490583,5.063368650599934,12.4359665,89.86869167184227,76.89082994204706,70.52914062156223,75.59377435270095,86.24393168282363,85.78297605360474,77.6225048699294,80.42067482732824,85.86005419755296,72.71427373120076,75.66044311911647,89.12747337020623,7.518560923534762,4.8324725795282095,6.713425732621157,6.781904150141335,7.332525009857151,5.863186240331794,5.848256099196563,6.464513154317502,9.422717232388225,8.964600843522652,10.256977233208225,11.318008340917093
100.0,gromacs_replicate_3,81.65591,5.837163045444513,5.94317149545913,28.219177,5.086037427428811,5.049037618566948,11.420273,85.4518032400986,81.45265133609222,78.97249792126972,85.18663058392043,84.36317614912839,78.18178992067782,49.9502982955908,56.67127179045981,71.13820794968882,79.60536127190667,72.63579259305975,57.16727636728278,6.90844548931515,4.4606757795073175,6.314227504245461,6.642812466767995,7.347381398546273,6.907737415306305,6.657994401316783,6.91965518847677,8.89116530194135,8.854512192664584,10.549461674260364,10.74589665609339
200.0,gromacs_replicate_3,80.59937,6.250690407037218,6.372557175885712,16.53733,4.916743779354162,5.00726912636385,15.97435,84.97813783792616,82.23913251393884,79.4711252329003,87.31353324240818,82.35048556274191,76.72569246980646,52.00426593428417,56.564170380012676,71.61863678897778,82.53458644120357,78.99558787205466,63.491063825734464,7.062907064326747,4.452039952217884,6.117128524251002,6.027943360740417,7.769779569032148,6.809785504782417,6.173989738714998,6.483578720419257,9.49303483560165,9.199388322174867,10.486718939235999,11.268477629769599
300.0,gromacs_replicate_3,82.053856,6.589526326663682,6.714628300287846,14.995956,5.3550022075873125,5.434465685413045,17.29699,84.70922926802042,83.30167769848191,81.17993992753037,88.71431496314769,80.60338484267434,76.54408051336578,51.43501776208562,60.933959141015485,75.13029429766537,81.06753935230373,72.90673007650624,58.26442274905309,6.435276652951697,4.226795286959785,6.515405890223225,6.835806353855336,7.673436938124968,6.869921066204614,7.420405944669512,7.012962667948213,9.566470322693855,9.365399442443248,10.31362955979665,10.71688930315747
400.0,gromacs_replicate_3,82.70117,6.283469943873701,6.154671407222505,22.02475,5.193648129427537,5.203775734977244,12.224541,86.23571279754294,74.28646182372506,69.22851697991976,73.94517862425788,83.64710837821303,88.85151017757603,53.82316340502491,55.612370081215886,69.03718204790695,80.39893088820175,79.16346734198808,66.05157911625066,7.17149719033034,4.562269774010018,6.702125324848799,6.794935539770136,7.114306493901003,6.331400487781786,6.49049822377778,6.413597864133188,9.81503965980499,8.811529014879355,11.011586862057872,11.934664035069783
500.0,gromacs_replicate_3,79.14353,6.175092383198744,6.24579965854971,12.673195,5.166714533383138,5.184835615973569,5.9206085,88.87864812718037,78.04092698457957,73.81807072917562,81.40836865696792,87.7972873166962,81.37350558727884,64.63929625875585,69.76294919200664,83.06253351797703,86.33795289875357,88.38466698327812,73.32410920257603,7.006967950241185,4.350201861463796,6.226700041380347,6.233768478542316,7.435596800755798,6.089459540757002,6.447898459772366,6.54355969370246,9.341580091126634,8.846153054338256,10.35663430306297,12.006432672199509
600.0,gromacs_replicate_3,77.56205,6.843443495009653,6.896404164934999,4.213516,5.142457680860766,5.252418873312057,5.5436783,77.42947670134373,89.88884168804321,87.46127760157826,85.22893917131938,74.98660213043836,70.1165903548927,68.84660539452534,72.8311130740307,86.66255944616766,82.03508499333448,87.13378684153788,78.67353287628013,7.125500118133391,4.792747404737606,7.219128357826025,7.106052565762546,7.17902406670643,6.140327091686275,6.121769989440432,6.2478470342678,9.554455174867105,9.030475877043028,10.756611338860408,11.467880751255874
700.0,gromacs_replicate_3,73.98123,5.91069825283011,6.056360623521304,12.86393,5.415203185744785,5.450434485171136,1.9134445,75.00188913464558,89.90635128350343,87.27093635340323,84.75846400866122,72.66995204788458,66.5074596630483,63.42317370482209,69.45170366641403,83.07513018987785,88.73940128064478,84.9828009644158,71.10595872265661,7.224584351417178,4.459122613382167,6.640248457908034,6.777659247633983,7.0745011628881835,6.540643540512345,6.595990247328576,6.824313705036673,9.761698848569054,9.21297233467165,9.771659317838402,11.536912326361252
800.0,gromacs_replicate_3,83.86137,6.385438977226761,6.302965193998566,19.260803,5.003107875911486,5.201751940280326,14.047668,85.4701002525349,72.92893919931429,70.12844539670702,76.61346165939602,86.25846383772623,88.44069969307012,63.09838216366269,71.58579784049822,86.05779416031143,85.5863146206235,87.86670897852187,72.44596538424315,7.001388222167416,4.611916967192758,6.133143031933525,6.62864340806006,7.75647702247029,6.605387631541462,6.578236905719005,6.765347585880366,9.380270170030986,9.806799614295551,10.327305731054329,10.742056539600217
900.0,gromacs_replicate_3,76.94245,6.102566394448561,6.35513755870441,30.251732,5.349319763127179,5.372852837003821,13.1269,76.25517822792236,89.43087310228556,88.3221781606037,84.4863670585958,73.94944122517425,68.14961800665766,53.096546471189455,57.91140651098476,71.70535233775597,80.68292651820389,76.45505436556722,62.3040777755694,7.163995849779149,4.653609455217933,6.217730410216273,6.673053021095963,7.193669333520019,6.175066367273986,6.332265295429797,6.649426826853141,9.741650036425433,9.899708998672745,10.549412719140461,11.348313089546004
1000.0,gromacs_replicate_3,83.08905,6.535265465307401,6.536695176147158,5.5762024,5.188964973565553,5.318695114195107,10.956459,83.93282727875624,71.86731742025765,69.91476007610636,77.90321063789096,88.19882507653307,87.66687460569334,60.22430316724102,68.97476200259216,83.75699756219521,89.31634120825618,81.66990450031379,67.10969856821912,6.867294804764317,4.336685666541309,6.327516132383033,6.69509805379996,7.2390572888855855,6.536438026852956,6.274801610946804,6.607863799496811,9.72514073580257,9.186332080906071,10.496156949683337,10.670838906131287
1100.0,gromacs_replicate_3,84.89472,6.3088181479810626,6.355944765194222,10.127487,5.4687092091787575,5.596653445382848,10.472527,88.20375144303951,74.82361400155963,72.9882536627679,81.01600542737741,88.0924767136474,83.2954439575384,60.971272950668,67.56364455639485,81.43650813986298,89.42223668334047,83.58234845863056,68.82082874906318,7.370999421956075,4.530108722456789,6.393398994568771,6.545125406731866,7.021930999568165,6.132536727791636,5.431046376852825,6.443288525671668,10.016879424865927,9.112618126439022,10.884633991315965,11.210222292072041
1200.0,gromacs_replicate_3,79.97994,6.829755926191868,7.05097254843123,27.373642,5.453710782029032,5.522171030391987,8.389069,77.55410552481354,88.50973015495622,89.94112576564994,82.9240003804197,73.14104308710611,69.06976471824001,59.603159703557694,65.40026548680298,78.97791994948328,87.6627827149278,82.65537725397931,67.68059989965846,6.924988442441873,4.21470805883455,6.079123747640581,5.815303875304417,7.798792096960707,6.928283440310669,6.551397830777231,6.342267041630795,9.668176494340386,10.335592131718277,10.833903212606375,10.997329794909193
1300.0,gromacs_replicate_3,80.870995,6.595617732689455,6.754037625917742,22.903389,4.9382331134957065,5.072222468269426,2.3929062,77.614352818164,89.26061390859867,83.80654616314821,88.57864856982374,81.73703042498776,74.04356398550236,64.83099074001514,71.12589426284076,87.17997678960828,84.02976812001245,89.60314825351861,74.10104200770861,6.8868162246037965,4.402595406669799,6.320730747942509,6.28073571136714,7.432316955542788,6.800082262683311,7.166402263950207,6.6807209724750924,9.458643445149299,10.059906606100155,10.308079574193336,10.819940715322872
1400.0,gromacs_replicate_3,76.31472,6.011800757102518,6.122028701857874,14.291908,5.080517526625782,5.09897194899236,1.1809387,87.32351737597686,79.98733343245512,78.0418838345676,86.57226250896804,82.48276519798436,78.45276988160163,59.28637655714532,67.07051523078773,82.14438093166979,89.5838270612993,82.61265846712232,67.11486955336883,6.8889787221006,4.564369372327169,6.181434762880717,6.747821539447409,7.195505932233075,6.825488317410147,7.434089102209592,7.208004596249027,9.204321313434193,9.396704499919805,10.156960124479593,10.682135957857485
1500.0,gromacs_replicate_3,84.294624,6.648978482969754,6.888267444987374,30.313335,5.098652618095879,5.269884463297679,1.2129135,73.46517801736532,85.69452563591125,87.83690210187083,80.58677566607851,71.00506044044184,65.77878593776668,74.32884103366405,83.01856018209172,82.04874708918923,75.44923951294068,83.08826933013746,80.93620491763386,7.0139194838269265,4.3023220949292345,6.45319999539053,6.749073313921379,6.8906025308978975,6.476266006273997,6.437729017584797,6.744317678686311,9.543245687086513,10.098498156497065,10.604235124834819,11.182202979331676
1600.0,gromacs_replicate_3,71.22844,6.8139829919135275,6.99388456118129,23.636154,4.787125711995916,4.921416395148351,3.6297836,79.89501972379149,87.88144779335465,85.22496449947164,88.06753572417497,78.11220357378429,72.99875572231231,63.10261437637441,66.11902291183041,81.25108774848711,86.28036758639706,89.61416731968008,75.59453166682286,7.4602074129925695,4.705713906275301,6.6757500705604444,6.453614444460557,7.327412981520311,6.359327459413708,6.20098667081021,6.168308234562171,9.480374732163256,9.301951103865868,11.155137360942671,11.444225647558344
1700.0,gromacs_replicate_3,88.42571,5.954600175080085,6.159660354495922,28.122375,4.969314313008697,5.078419865073202,19.851654,79.20208287768135,88.12074780111931,86.36625536074584,85.33754351791536,74.6859345416507,69.84489169798971,49.86697272604367,53.00338035394841,68.01312338993108,79.02645628579113,76.76470027039498,62.3538567867016,6.834660954025248,4.195072598272285,6.165143599643068,5.9234482871114835,7.7307823401033975,7.255567986066794,7.4829932350274335,7.058936920475574,9.035548885885659,9.294551566951851,10.330869757665031,10.74525295236359
1800.0,gromacs_replicate_3,74.399445,6.745538773137683,6.793716917791081,1.2281494,4.81361961602179,4.9037849739946315,6.6372223,83.50923320836358,71.43588412351343,69.35307986625914,76.52827576169297,86.70922512322065,88.55685256415485,59.4014638696988,62.15184470073047,77.78112201394939,89.77591779754248,85.53135126894175,71.48097907601138,7.687415114537824,4.791012719548384,6.7295438517732755,6.668433415364152,6.722080309872194,5.761064699022224,5.7681995478228965,6.619753495253056,9.285187473580898,8.935533174003996,10.75367816533833,11.440112121163466
1900.0,gromacs_replicate_3,81.531204,6.495551803567296,6.577839164059825,32.845383,5.291234485205186,5.241879742527062,6.9038925,56.47329457762361,69.77411010847712,72.24159199347378,65.64023628358717,55.262388764843735,49.21123066732025,53.74192295718257,58.55390023193489,72.37548284695316,82.48028283504011,77.4926781548232,63.526652499832245,6.852303181822268,4.493052406794158,5.929547496984601,6.322149002058279,8.293884323170683,7.254539993618051,7.683549750978857,6.936662115319898,8.750909982504007,9.274814998958183,9.675513284746277,10.584996906139239
2000.0,gromacs_replicate_3,89.63925,6.311176026767125,6.4091163645917675,2.492813,4.968135409349679,5.083898780803856,9.938446,89.25674509142866,76.55027154423836,75.50145674874578,84.43292591206433,84.94476609155507,81.14208559568601,59.16490843101862,64.92263291039716,80.92608864526095,89.94316288715622,84.24001096736603,68.9299482621458,7.325861204374525,4.5157115881025,6.652438865811736,6.8399705958834005,6.806209420448759,6.097416207020326,5.91375679212183,6.6996997858299245,9.586794649324833,9.255405263581615,10.1956642625389,11.21607853089335
2100.0,gromacs_replicate_3,83.95935,6.283564329650876,6.459764687874991,19.03666,5.131048209803142,5.267842198274662,4.1923523,77.10425962737301,89.97994310821794,89.28877893135596,80.49025859155485,69.90419740646497,66.38166012708567,64.4939453098399,70.89835010633549,86.07072789833572,85.18982431861164,87.8678404024937,73.34846147139642,7.066576553945347,4.422878172462074,6.29187405303142,6.194573679272121,7.407289932496394,6.3532872774838145,6.165810266947179,6.685879649989492,9.132267150547385,9.50819580395866,10.711442853206725,10.944180136150058
2200.0,gromacs_replicate_3,79.97802,6.303449889300668,6.3946144196113055,2.0836563,4.9282876161945515,5.034495453568499,16.590256,88.01090942601712,75.30392445782688,74.77033310716917,84.0634690090703,85.23772208413477,81.99334169802862,52.26595879920898,56.08830079925993,71.6229660852051,82.71956430055498,78.0136673804983,63.01058917203109,7.287195360344812,4.766658764214188,6.2749659767796375,6.745027672301759,7.311691828457347,6.306318357208358,6.409795446304686,6.890785520857275,8.911486544473993,8.883898387975519,10.163375166939087,10.65316872173485
2300.0,gromacs_replicate_3,72.44035,6.470989773471899,6.624607569398236,15.239906,4.981177477663658,5.1606954515958225,1.5310059,82.70784597862644,84.99543451146187,84.19900670652174,87.70570814932609,76.98473164970792,73.12766917020548,71.66056597111525,82.49822019490574,82.72660262174136,77.67531876828146,88.95504550318232,76.24325100856694,7.301750116110508,4.799047900925671,6.430822671472599,6.2356109672273075,7.624274544377028,6.3101779540806735,5.95497256199077,6.397623103793229,8.996605082368987,9.528995599105011,10.650656694884457,10.499838516699347
2400.0,gromacs_replicate_3,86.79338,6.551002109610179,6.649295682004781,18.123611,4.842585052499523,5.012962290249193,9.832916,85.25374210585669,82.35893171035124,78.24189620289563,84.93665793875464,85.11273982059568,78.88702665513388,62.330573589072216,67.07217200986581,83.21560341748457,86.30271236766328,88.8316965320419,73.51566873840088,7.18823999682497,4.739517676970828,6.375783437054552,6.365624125610182,7.458430909455517,6.4451401787276845,5.957728145766921,6.384586028526775,9.588526138339047,9.269759917017357,10.625066360153053,10.569736894306057
2500.0,gromacs_replicate_3,83.67335,6.575959835560275,6.656317785769058,2.906929,4.906380702792845,5.078091491530737,7.7330933,87.1819594487618,75.76182545832289,77.40348437265254,86.75663873468831,83.40644005552268,81.75216655919424,64.4596528962409,69.09600377894743,84.42291343067764,85.13075206809752,88.92956886130602,75.0190742940444,7.363498257737036,4.962987025212644,6.636255454065661,6.574816329479239,7.432815944351403,6.382363882302619,5.980277554996386,6.444671195037717,9.556769189979775,8.428670080789916,10.861072821238137,10.694190458820955
2600.0,gromacs_replicate_3,82.33146,6.320331571104784,6.3011445556224075,9.61792,4.918036595088618,5.0900788718133745,9.987801,84.58909011501095,71.12497109065332,66.62149051487962,73.12047780600481,84.06010379065059,89.57116531265804,63.39349612643265,68.51543517352876,83.28450914925625,86.5241149890778,89.02579938634037,73.9752354010006,7.27560857768998,4.6430683209077666,6.280801261442613,6.060807865044755,7.300977238296159,6.487339802612169,6.365587244527145,6.53539246908745,9.306959239505664,9.253567594722501,11.430343932927098,11.03792013963778
2700.0,gromacs_replicate_3,82.20449,6.400228751349838,6.523852320962165,5.5245132,5.255991707521548,5.357742229779524,7.198082,85.9312791395071,81.41526973055389,80.59283455537133,89.29194191693813,80.0801332949214,76.40883504178764,60.828489712986226,65.30492514270173,80.50025885041697,89.86804688395843,85.18886884091262,70.95586543892122,7.14847870299802,4.286553536906282,6.29246971553822,6.279096309996603,7.540955611478268,6.704892675028999,6.530134635214215,6.696133841169709,9.455364715841297,9.244813876148086,10.982081604198438,11.068149635061255
2800.0,gromacs_replicate_3,82.5865,6.518336339243457,6.616957210875638,13.287743,4.851096019564007,5.051300700208492,3.498886,86.11716374916057,81.21896082000151,78.41945205852001,85.3268910354989,83.73152913534372,78.67087941161832,68.80578066566838,75.97357509228263,87.79050008133852,77.67900824212283,86.01692936288646,78.26477552658581,7.302508362725192,4.444111138024656,6.096233753545961,5.92300863694075,7.7750943170797715,6.708880021397654,6.512918306731094,6.835456543911215,8.955783587055347,9.401605729842188,11.266970857541144,11.279825060479322
2900.0,gromacs_replicate_3,80.22201,6.076557357360349,6.243631125355807,20.826515,4.985529832524267,5.055925672087226,2.4223862,74.23775573225501,87.3000954598025,89.37827126557777,81.9637181051775,70.72579871659902,65.33007541255263,61.2413155618683,65.074705406669,79.8897568961103,88.76453281209827,87.14591681575588,71.82817875469595,6.717566211651027,4.202687404621556,6.191354898302264,6.586595506445459,7.788842219995777,6.597339031488926,6.586323574617379,6.744632186266554,9.44169145037771,9.41843434894859,10.303747371737845,10.671385386697864
3000.0,gromacs_replicate_3,74.07788,5.8057345983591215,5.740515073939833,26.378212,5.277145543673169,5.042728233131895,9.031517,88.97896220228863,77.53867672446103,72.042512031312,77.16232823021218,87.57629985065596,85.33743621981901,44.2429377766896,50.42089092159378,63.815910750145164,72.37087295329246,67.39965408367502,52.74397958970124,7.2683875055556815,4.6716795513211755,7.002371407083665,6.975729776179009,7.273246858402631,6.591558593999765,6.807694236401634,7.3080918123729575,9.571068308111592,8.533574290195073,9.777055675098326,11.298489593581559
3100.0,gromacs_replicate_3,76.40302,6.1156919447818785,6.210191451318526,7.912567,5.1850371691727615,4.9690760099910385,1.3505096,87.42600351691682,76.15307294375094,76.89178673030906,86.60727303520241,82.44661693301364,81.4520630000753,53.21939686910935,55.66793866391381,68.32562354263914,79.45439891456641,76.05731536190616,62.84127578567015,7.347993047819026,4.776921738253879,6.379980933557374,6.645267433378495,7.350556331268078,6.532305583448615,6.522128107373271,6.840277071300726,9.753885765127455,8.512437424090896,9.773955308380486,10.524580039465585
3200.0,gromacs_replicate_3,88.23861,5.855206049338003,5.998100409071475,11.350365,4.975709778286182,5.105218736823525,3.3729858,82.1525536813004,83.5229461571888,82.0972394959835,89.1277288499085,77.64018195499771,72.271394514764,68.1942618353792,75.64682869043739,89.26834038535448,80.58443839183488,89.49212428801576,74.7013207886587,7.24535636400924,4.955190434390425,6.287767951072737,6.736398270626133,8.056579780251381,6.854692796588729,6.850942287551628,6.9214501857526445,9.138512609539545,9.027821542312465,9.334243128941967,10.317853880713637
3300.0,gromacs_replicate_3,82.37458,6.179288796081909,6.318597922411759,14.967316,5.173951119687968,5.200504967932804,4.044281,78.6608528715749,89.5284066910844,87.79105928083229,77.96948305778113,67.24284815461951,66.13506748065628,64.28353198133176,69.00569540163072,82.54914497001955,87.11934207666884,88.09735398312739,72.78405237239953,7.0849807211451425,4.559342135093325,6.446623256924004,6.410446378541184,7.7783250801461365,6.390350252865562,6.5479864710386595,6.756838128530041,9.025641401089706,9.170145693317771,10.488834610484181,10.606471171482058
3400.0,gromacs_replicate_3,79.2861,6.255573595017579,6.320791811377255,2.1067963,5.57744600045341,5.554155666152228,3.769455,88.0604906786457,74.14095684221746,68.76879960889859,75.92379497371365,87.16581390048026,86.00780372686563,63.96049504685335,66.09839824033934,78.0447689314638,88.84597516101427,86.0418866960734,73.18470718636794,7.145310763005643,4.473307296380903,6.56778112705144,6.220467231784884,7.979562013278747,6.760346281937321,7.36842535068612,7.120125136444296,9.08621445967609,9.808061838665129,10.524026796253368,11.130215634243196
3500.0,gromacs_replicate_3,82.29421,5.828549472578574,5.955916046383272,15.958763,5.2138663180153015,5.20840141875732,5.6812973,72.73411394270981,87.54567649384796,88.52522004054869,79.47600901910171,67.5212272583077,62.96065326403258,56.07975127906886,62.42373317189626,76.58923953582112,85.75327454494271,79.59176043309441,64.48894202818775,7.0052907341867705,4.358525136595536,6.249049480438057,6.298383694245025,7.588642054625054,7.078871381017869,7.6309611123758705,7.472079984550018,9.152066164798631,9.253031490791539,10.701943861151697,11.07233309865116
3600.0,gromacs_replicate_3,77.98151,6.255430179384133,6.277759571386678,5.8653564,5.21117705921911,5.302279704147108,1.3462067,78.52491630863663,65.28250134356382,64.26460847364382,73.33297148428001,84.06262684719385,87.72035635862731,64.28004521156714,71.6488480382431,86.1552791147726,86.01044011588164,85.80013839946753,71.31849515641355,7.6040567925857,4.769653518158909,6.036190765162445,6.06384326580057,7.583453565315975,6.731666264364176,7.219492921249054,6.720382477837166,9.292017113899806,10.097302599388511,10.67231006126788,10.662499668462516
3700.0,gromacs_replicate_3,81.932175,6.105441009599089,6.1022869165369125,8.086861,5.220517848414909,5.3078476010849736,4.125885,71.0244829424186,83.21267436864365,81.79221457066937,71.71008842093033,61.08802356145778,59.216760952112665,62.71396024835529,64.58931182396785,78.68917986391803,89.96174931556645,87.58146482110683,74.06511669519621,7.154614884899218,4.281586828750043,5.942381405158885,5.733440953169606,7.910724053899161,6.912938583218571,7.267704953261138,6.5390000979887075,8.944228062587534,9.59582894244097,10.846935165520003,10.954333853474948
3800.0,gromacs_replicate_3,82.57888,6.365154155931072,6.487337563215835,11.805595,4.927014083944687,5.052505437992583,10.767166,87.35241283175057,80.39331793317716,80.41019698437721,88.48096756375358,81.2200191173484,77.02550252398727,58.21000744297151,63.15386868345771,78.33281506626177,89.24376822106588,84.29905916112439,69.21520582421695,7.713436775300975,4.810356224504784,6.674261503838748,6.512834169080134,7.234772262573314,6.602141267754399,6.358925941289034,6.472114291662308,9.461026674992695,9.016972614992806,10.765757295328218,11.17656659817169
3900.0,gromacs_replicate_3,74.531105,6.35822073836611,6.501400385258875,18.714905,5.213940699534094,5.205690170612627,0.69291687,86.25600862812816,81.30947349569577,81.33926632888411,88.73454154213054,80.63025771063784,76.75811824737212,59.43311066847817,66.64306140790514,80.53187741893076,87.75408698441774,80.69827743158257,65.9586068272031,7.375811531227531,4.533216506497494,6.248651026419967,6.280224968040947,7.763797766650021,6.723501369388273,7.188483000255825,7.126716798701542,9.351322773050455,9.591784301884873,10.59390878568634,10.5590807075246
4000.0,gromacs_replicate_3,75.17783,6.0012901792465,6.1745824078094165,16.586914,5.199768205775854,4.8980733104967875,14.1059265,81.21865044696851,85.44501678024011,83.95713932396366,87.80642449659426,76.09029768327404,71.20437185636658,37.871995773894206,41.68551366858439,55.27136775520246,65.4958747650369,61.513332017192795,47.920883712765395,6.964343261468903,4.4044666702718684,6.009751782394746,6.521272870272523,7.832444224382625,7.196553347437499,8.19125149191561,7.383407592489813,9.013852584588264,9.46322472445781,10.151690333912072,10.305511575041695
4100.0,gromacs_replicate_3,82.93378,6.32251273393385,6.216033178191443,25.46814,4.838176626860941,5.009714891830727,4.79879,83.8964644295065,73.27956619114816,72.48110878822303,79.24655214729248,88.78621673407626,87.74139325494691,67.18263746711901,76.88671392344796,88.76662459881729,79.834651202592,88.45187022226469,74.15678856200128,7.043730659669996,4.387512899411435,6.269588234575207,6.518141828307561,7.437497352223964,6.815666084052378,6.886249153792985,6.980391788258471,9.146228279804822,9.878066797514803,10.724198725294498,10.444165840906223
4200.0,gromacs_replicate_3,84.62685,5.933753576348952,6.031716180956233,2.3864746,5.160550735586115,5.052660290211883,7.1048813,87.38630614003968,73.3529111073627,71.56599841866887,79.8681557565715,88.6360739303686,83.64596608700883,50.60272461232381,54.37472447234223,68.25839525497116,79.56389697932667,74.8252968732022,61.20284042157284,7.513005808358883,4.670987488026772,6.380090739153132,6.504413586535114,7.563182438764421,6.917367983712415,7.2303380064395055,6.742498469139673,9.270657281519574,9.584050533685147,10.00822983239569,10.685571800967105
4300.0,gromacs_replicate_3,73.43743,5.813506847590482,5.911485289814336,10.246056,5.690598529548159,5.558248502724438,1.440567,74.78085594881759,87.19863105287645,86.66267352738838,75.98259020835987,64.80628659902074,62.61932184685931,57.45682105849696,58.79736037464703,69.92337797835191,80.7915214313471,79.3190199206227,67.82262169165588,7.244379561249655,4.426519773611413,6.155658902743743,6.55015036443291,7.7891776177826255,6.8289213499028545,8.229359668412311,7.0191925245459315,9.322300932553432,9.574581392862802,9.885470339426274,10.318385599739246
4400.0,gromacs_replicate_3,80.57213,6.103888660226118,6.155465516544899,12.646545,4.934769331499689,5.082034643217359,3.8314743,72.19109696293731,85.05525166561671,85.9962080199808,77.20719252163802,66.3432393820831,62.158035620287606,70.21465903534965,74.2845994644471,89.68941233155303,78.11604362725808,83.44839780318017,81.16683724320521,7.22459702351279,4.350267181126379,6.277695421631114,6.337008218404218,8.114895048394821,6.963747947345078,7.044602117369216,6.6034975750118505,9.041888412530106,9.769781932312974,10.080120251599505,10.485249376143672
4500.0,gromacs_replicate_3,78.26982,5.816475477612138,5.9471179277108455,10.442299,5.165753786679777,5.135175044266599,6.2174225,79.58183862565602,87.54968573952858,88.28984279805275,80.94664472618054,69.57610285650343,67.42427609683925,54.18558197796169,58.68192877887215,72.64112900996396,83.13063948752206,77.74784847310659,63.634400224328,6.881885023222176,4.279014603823848,6.135924506231975,6.152568910993048,7.854708074065777,7.078949299381845,7.559157830694881,7.729514275131783,9.352532593772223,9.157438855431629,10.097289142538827,10.85091300959408
4600.0,gromacs_replicate_3,77.79841,6.1472057078153215,6.3391059025968,23.025703,5.209102557783297,5.278644003421097,4.6996613,78.47749240528393,89.42945779167842,89.2513692723406,82.71846352771551,71.85366463881171,67.39944541374896,60.829689849661314,68.20534130051244,81.80565171568988,89.52912405350618,83.45985219986237,67.54762347332546,7.130031817631518,4.465715863208793,6.507782588617953,6.926556183047451,7.577056111457192,6.975727054386941,7.416780735131102,6.867803333935577,9.436636182770108,9.128341089077802,9.994452695112033,10.945719572081027
4700.0,gromacs_replicate_3,73.16724,6.130120253821582,6.091440282587941,2.9085083,4.953798947108067,5.15606073667469,14.3267975,81.5838760177682,67.84447068308978,63.92729081279893,70.91190237428307,81.50916351894972,88.04226066526182,77.48930671902478,84.92416271647895,79.82649554581945,71.46392954793228,79.90911061372411,84.34688385344865,7.663776935511501,4.86940909403055,6.522024972562152,6.51467141749582,7.7593022498074005,6.605132777133134,5.631889326330698,6.393223654660769,9.466826993167613,9.4677336114384,9.912102154295338,10.275698954424447
4800.0,gromacs_replicate_3,87.964966,6.363562295751604,6.181149381008925,12.855522,4.795183979865533,4.975712335838288,3.3865051,78.72019508823753,66.37251010099983,63.341182846190044,70.66884330317136,80.97587632380765,85.84824609218532,78.25361812382357,86.27877072392022,78.55758467763071,69.49554605195955,77.36293292069267,85.9467137823182,7.357195264527451,4.6846433436326596,6.115059821866114,6.52233759635396,7.611113334069837,6.804750738304267,7.229046280709061,6.740176413401172,9.250258848944993,9.530430113065352,9.899122893553695,10.032937266922278
4900.0,gromacs_replicate_3,72.57377,5.829905185139542,5.9891383436365375,6.461334,5.309708214374597,5.124394877391763,10.418861,86.18542395592677,74.18200410805497,75.85654164260043,87.8170326639501,81.44278407416448,81.43645161242716,59.491305965257176,61.69089372766838,73.6540948817774,83.96276071904673,81.2798068992704,68.65993434752232,7.310921527696638,4.433698546307013,6.191270796296386,6.821727770177336,7.347323842128724,6.978931543637328,8.174129652159493,7.375792842045295,9.20323798893921,9.717711091889209,9.780602270105895,10.165729663724433
5000.0,gromacs_replicate_3,84.662834,5.7552788035971645,5.839176047534728,12.094704,5.204236301034357,5.236816347816463,5.4838486,88.91249729096545,77.20162189156038,73.65534352129099,82.03404824906434,85.7191958666493,80.20909546745806,64.9194663611481,70.19942727499547,84.65276017510632,85.96101432204799,87.21884769936209,72.69263842620404,6.9430307460234415,4.689344691018406,6.223866673623725,7.0422049579285755,7.37941266267118,6.761147640995803,6.983213359968469,7.959684606662698,9.212071201399345,9.213121258442104,9.86540794332775,10.224485129057436
5100.0,gromacs_replicate_3,81.795395,6.309608676687525,6.4486422240776875,8.542213,5.194869318837734,5.2018304712287495,2.4906464,81.93759291036856,85.69464284967175,84.94097380685645,86.01146123587,75.37564420753216,71.9488437988442,62.43421188726874,67.91807454023916,82.54966601211467,88.3037180922902,84.78705413184356,70.34819567321155,7.241649007671052,4.6710104667897925,6.286762795611217,6.708972152967024,7.226388563074218,6.621599721434268,7.232701196602094,7.174239379604046,9.545724478718702,9.837363325498128,9.883624527758407,10.717895105016458
5200.0,gromacs_replicate_3,72.32894,5.90393189696117,6.047372254368892,6.0970383,5.480598111360342,5.353435866017519,1.2624283,86.58502799031288,79.98861654941308,78.48062247186674,87.47094915963835,81.01252941044115,76.38217368456543,57.32776975654435,55.22349447465267,66.53378342851359,79.93391378502152,79.87208605185275,68.87397034373421,7.274394955879314,4.504406281446887,6.12091817719026,6.367690434958953,7.910580540428803,7.030098838966771,7.597222330337327,6.989679946205129,9.267999013247627,9.297717712272096,10.407454386830251,10.547531151271913
5300.0,gromacs_replicate_3,88.73243,6.049990589765734,6.181455329043458,4.580368,5.176321748577485,5.283119062125041,0.19830322,88.24859397905551,80.06571709014558,81.05443143809961,88.54487199770715,77.65169829765621,75.98728574257291,65.65356456627056,73.26519200963482,88.51844851492842,83.85572502593384,87.57627637539298,73.48306962763218,6.812708331123498,4.030794197671112,5.952820935833848,6.441165809906868,7.884591100331518,6.914913191818411,7.520062342879965,7.118045235140004,9.123632418292102,9.982375105605254,10.258229783583678,10.32245655059171
5400.0,gromacs_replicate_3,77.59306,6.079373400655861,6.226308419946857,11.097023,5.294494344015886,5.1602499355370846,5.2016907,78.62172778018909,89.4960819793472,89.49082566179504,80.6322319021231,69.65058995378917,66.8216252045531,58.435760006748396,61.601052616113414,74.31218258386329,84.75117618012634,80.98510997198892,68.03288694978606,7.227310071956618,4.834195244882547,6.3825042128955385,6.580205417249305,7.37865622977083,6.935392166377864,7.348198285273336,7.4660728675181,9.48032906324308,9.541885883721285,10.239309854885217,9.916904739645753
5500.0,gromacs_replicate_3,83.17548,6.12884773040548,6.291568834524951,17.752563,5.566826172188546,5.515034260523876,3.349907,77.19847278975097,89.45274825132299,89.88028733578169,81.01749936799074,69.97095189092603,66.55028409864411,58.71711858745119,58.65209899450999,70.57616637515167,82.87195376026392,81.84286537089628,69.37002339650769,7.344747082690546,4.512216103845211,6.303155436966019,6.535915879881895,7.933783370220676,6.945742018048973,7.91016128326261,6.56292820850517,9.186891423754863,9.468348499072121,9.582322969233715,10.681296579678719
5600.0,gromacs_replicate_3,82.88434,6.235310787004514,6.406227763787824,15.840294,5.603323566204175,5.596915402495602,0.18521118,79.96796960813289,87.36102375573638,86.55489217382191,84.374257183718,73.82044219559747,70.05253769925918,62.545510725682135,65.73426252732018,77.810544699307,88.79939200870032,85.97257864942816,72.77558848952178,7.129162955206705,4.396507465591777,6.129548768017459,6.289595909201997,7.648001019332605,7.140861319588698,7.785532333665925,6.979023855252444,9.930964292503418,9.275931626484361,10.117730565717018,11.086540531491526
5700.0,gromacs_replicate_3,69.52231,5.9547320758917035,6.063018767873381,0.17896271,5.2114368445388095,5.196386921099951,5.815262,83.73566817339933,84.23605583735338,85.84768470766235,83.84662366120658,73.44364934422123,71.92186997209967,63.784812479054786,66.64484758062943,79.79279348063953,88.54744413806758,87.80535589893029,73.98156293306167,7.440710344496842,4.410832974174861,6.886908370089978,6.644257843567756,7.845936028796542,6.937709054326463,6.847571511638236,6.385219267676542,9.117260335220626,9.593401545138597,9.987061760344847,10.461586644600741
5800.0,gromacs_replicate_3,85.66674,5.807542752813101,5.927801303842825,1.5107803,5.3374035050870035,5.226838558277473,16.662071,86.73474428863791,80.80955345544051,81.84573512022043,87.42616329787461,76.64575176129239,74.74769201289459,43.773993241091375,45.474963969248854,58.826652865616325,70.3955844528423,67.65327408410879,54.85940726371514,7.000833170266811,4.763421378673937,6.511157743634498,6.640155260381043,7.961202872706133,6.786978996528441,7.889751456369081,6.760470739657979,9.211869413984047,9.5143763897742,9.803849902899062,10.019117426034619
5900.0,gromacs_replicate_3,81.956436,6.245477211087324,6.346566623457032,2.4061813,5.182386722676311,5.195891431547638,14.913818,88.57563045401994,75.1491729077917,72.2554545129238,80.46416554153862,88.53164653709064,83.35302110831734,50.56927243593521,51.64061296493002,65.68109360304165,77.80294364146089,76.17073754062669,63.01747303875482,7.208842020880008,4.644274062375738,6.6647908690272235,6.598481106974652,7.395060483566793,6.551637268044592,7.212724539098525,6.556854484957921,9.636741572654039,9.97138165426481,10.192568235972367,11.186539766495736
6000.0,gromacs_replicate_3,85.912476,6.294136288633008,6.319350659865253,16.12239,4.896274466745491,5.07355722690607,13.109016,89.61868731980279,77.52235963872545,72.77182001233771,78.71064071572621,89.66635552790109,83.77443120812039,74.14142499780189,81.67512267289297,83.88701871906946,74.60533257511246,83.16438206471582,80.92611381801535,7.1598175879855965,4.742037758163132,6.478584172020376,6.562560715963443,7.670521966274329,6.480869417346014,6.725119105137075,6.823541148396705,9.117553686925417,9.309482000849762,9.930361671114406,9.803368185877089
6100.0,gromacs_replicate_3,80.97376,6.4381724943450305,6.555462648614771,4.0686874,5.19117404897194,5.2105840210894465,4.050514,87.77759328449007,79.36860503074246,78.03651543527069,86.24062831674551,82.97787162653042,78.69171095145087,63.676982593997934,68.60265922262526,81.87691701168471,87.51706824657235,87.03601986210016,72.53551845878712,7.0920745641077385,4.448477025245846,6.91843137523666,7.085651892068117,7.313188935325166,6.754646568829588,6.871962010513023,7.574800193956101,9.265654814847926,8.895990190350188,9.948578836131844,10.615908451733041
6200.0,gromacs_replicate_3,81.14656,6.261079068708742,6.359743994643651,11.541183,5.1306156330088415,5.292900626633172,6.0928726,75.43759864153866,88.56877615801412,89.46642148210427,80.85654233391169,69.93054459209746,65.96328561237452,72.38473001527586,78.3810139229107,86.20605709015261,77.1374034174789,84.34375672633344,80.76865984261855,7.109890018727453,4.213283382521954,6.325823291515305,6.459725734737147,7.4165337441810975,6.617684899290965,6.668491085891537,7.0059456644211595,9.568096112476404,9.87601523086033,10.053685314536914,10.52202305910864
6300.0,gromacs_replicate_3,76.91776,5.707383848800944,5.936787144202987,28.057373,5.269627620523708,5.0831433953391585,4.463997,71.83635846564438,83.21997437700367,81.56918905203308,71.73127971231081,60.812174555811566,58.15239503331514,56.14372815219571,60.61880815008739,73.348238216453,82.88201541205267,77.50366285493037,64.01037512743217,7.075686173625073,4.583452780687605,6.2930377623505445,6.494151796235241,7.323203259960415,6.790706946202152,6.57609410503443,7.507183326975747,9.07588574124217,9.021336764433185,9.441780550570861,10.873534797734848
6400.0,gromacs_replicate_3,79.942,5.745855908906366,5.824462044068586,29.86982,5.04705615805502,5.043095665330542,1.2740631,86.35373162601917,81.54024641869233,77.03165955216564,83.04629215085598,86.61176041496832,79.47233133760807,58.77499184613096,65.48335618727738,79.35452612025628,89.0588536671045,83.78504509423257,67.44198453271812,6.853634297061693,4.279881302812985,5.974044258139844,6.170233462741312,7.505495175228849,6.20151076285995,6.212869718699162,6.866354157913295,9.424681607606463,9.215524223672347,9.54193613402915,10.724860892535842
6500.0,gromacs_replicate_3,76.96508,6.23383906283853,6.157126435618636,1.5031967,5.337445113734476,5.428623416219005,1.5150375,76.51912511700249,63.32024930421417,60.43994367321167,68.50346069021101,79.69156322417517,84.4912037378664,67.11510541085289,71.20017536990025,85.42493505585622,84.19734194528773,89.07319746265041,76.54697715842308,7.737848357630132,5.026133962268641,6.7248232799129335,6.892708656245715,7.147770153882264,5.999734999293395,6.177592034946986,6.5105015718785175,9.415613561813487,9.128862299896603,10.049215570319408,10.967171020575492
6600.0,gromacs_replicate_3,76.868965,5.865021691897583,6.013416332186963,2.0729675,5.724456084794236,5.6153609417264105,0.069610596,89.99177999769056,76.37716816640152,75.90493675043288,85.84919549419668,82.78897646461637,79.60827871229333,57.36797492113667,63.03525227355883,76.23723067258469,83.47220111269189,76.84303045752966,64.30505376073414,7.13008074247208,4.3952015139593374,6.426418340435773,6.404011732559615,7.44001594672321,6.283058376529554,6.459205804296262,7.01728362875512,9.674411406686415,9.596522638692758,9.547814911472251,10.372996942711675
6700.0,gromacs_replicate_3,79.38523,5.820162474170247,5.905378136762679,8.573463,4.95222614233636,5.10656083627607,5.912529,88.72019988599371,75.04843201620002,74.78083450619424,84.16221301792265,84.47828616081593,80.47964708925694,70.22802836253422,77.568966131054,87.37519553502185,77.82868829870655,85.68661799346077,78.07870914880654,7.3643662769153,4.5785400410847,6.544103622469843,6.485443618523724,7.311763158727616,6.190057040890972,6.081287033999604,6.393872667017809,9.402106366675742,8.83284102914023,10.080566876574366,10.993915016373084
6800.0,gromacs_replicate_3,84.33878,5.761353008460443,5.790777264667554,9.24559,4.760211302424741,4.696173937882548,2.6637192,73.41815295489104,61.9164448368797,64.5160305063096,76.15458324183966,86.77127479961227,86.3651743446135,53.59895035782972,58.68880507466129,73.53689259026872,85.14056938483905,79.54134950695118,63.97392450722478,7.139522734854407,4.65300357151359,6.620818599390091,6.8993503879207125,7.503241949181683,6.6805283125148485,6.549393097816458,6.778406523155945,9.232802330278503,8.446336686942159,9.812428116552793,10.402659961287947
6900.0,gromacs_replicate_3,84.264046,6.051293483397327,6.225006944809556,19.54818,4.969394580682569,5.090062151471147,0.8223343,72.89478903686566,87.18824702407981,89.68499564842534,81.77116825962575,70.24145606180325,64.10890332647799,65.0682164328781,71.15971065058453,85.76346321387969,84.8925934870097,89.9744774838469,74.55767975232983,6.941813797973531,4.548449724021859,6.508381164520239,6.733776892256405,7.425388816803491,6.506749887910562,6.34819242597019,6.650071345419192,9.2120278497563,9.06754302950382,10.273713456621142,10.60362519040979
7000.0,gromacs_replicate_3,80.05012,5.804572370472323,5.89463963538645,6.7460556,5.006548045650796,4.992995407876805,4.615959,89.5821048316547,74.602469063828,71.6339641290743,80.00983372319423,88.56887743785988,81.96389880670147,55.67233075769085,61.49381754895314,76.37603575049042,85.67740997453086,79.12410621902735,64.14569945860568,7.3927506319033665,4.480070882713722,6.342408141084968,6.233776209827678,7.9084341311188675,6.315435011028592,6.254486027047318,6.746968689386299,9.22429521427609,8.916759967806811,9.765067669715865,10.829890428492845
7100.0,gromacs_replicate_3,89.95518,6.109212775927849,6.252869863002958,14.592514,5.0530184889459395,5.111997649722439,9.696777,83.29004203942864,83.23117470216752,80.31070340193494,87.45677428434057,81.23679429888895,75.01804648635867,55.051230103558694,62.06290030656439,77.25254241353127,86.75227975799469,79.896184119836,64.67258025238388,7.00383553433006,4.297560439310566,5.9496926159871135,6.431049977016236,7.721685921349173,6.696868875962147,6.556221544430217,6.5076810274757335,9.253558262222707,9.929399011454194,10.068653175841952,10.400701195004148
7200.0,gromacs_replicate_3,81.054115,5.84528187385359,5.917490615436215,8.004692,5.109345324786472,5.222166778234014,9.433937,87.95218220163652,74.31552449983596,73.0669479306107,81.99735805698026,85.94258399614051,81.8161383779465,69.5276678010477,74.90660793449113,88.77766647422102,81.14748909246539,87.24733351633581,77.61766662588306,7.212491658990555,4.574006148424153,6.5471752470296405,6.995257904959553,7.3602328034727496,6.523279604519958,6.373470551389019,6.7106657453923635,9.33562170973209,8.928731638592621,9.962023428347763,9.965851720531397
7300.0,gromacs_replicate_3,84.881,6.452235327312397,6.332321600792314,6.872284,4.868462484643631,5.070198454430535,8.813499,80.03514713304942,67.26259087853498,62.46076313266965,68.6018309102432,78.9025317237332,85.23408137054962,76.06114730046403,85.97634514255056,78.64865067583357,72.30210378864449,82.72020701540765,81.81486870512407,7.497800278472771,4.705470619528211,6.291576876094546,6.251359079293515,7.334327862787671,6.344635992480442,6.063625184790577,6.845721527098328,8.827041374564608,9.549193248687747,10.197546933072303,9.854828664384105
7400.0,gromacs_replicate_3,80.906136,6.49642129949317,6.592958783295141,15.651627,4.780379517133291,4.926799062524487,5.1454163,86.87008795807348,81.00932284772043,78.52718154371291,86.23772249052762,83.25151917082613,78.75661602782584,63.945159381680895,69.63196298118598,85.26162013880155,84.52824140883772,89.99378748671585,74.06777442970235,6.844355767644929,4.1165057460419225,6.210477597995393,6.183125445506788,7.740072773987693,6.628628891745693,6.2931044275228345,6.833193990049182,9.236348243738863,9.443563711406783,10.520118970292355,10.377253159090335
7500.0,gromacs_replicate_3,75.151054,5.632663738685263,5.777159246610763,18.749596,5.056500299166375,5.021885323918395,0.3712921,82.75768874119473,83.31013622650873,77.24603459694936,83.76963314149732,84.68820031910785,77.03484136549554,57.93236681993744,65.98026054353838,79.52051899501328,87.86966187656064,80.50953153969782,65.12873131132947,7.0041739152457385,4.306701400979157,6.267133339425524,6.408992717079043,7.8483888055443485,6.6406995023376085,6.899050096006382,6.680062260480518,9.365820708137122,9.319641855312238,9.617717175008682,10.32377101323144
7600.0,gromacs_replicate_3,82.1086,5.425919212461021,5.731704110928826,32.18216,5.255312097229819,5.049124844078916,7.1097565,70.78245546541001,85.33933178298776,87.8706755896526,80.54932433346748,68.43671505788816,61.05852402853259,47.67571888279215,51.15816743427762,64.33856818006183,74.6972877269233,70.67497586209089,57.92368418688331,7.268596888194753,4.7642731170005765,6.71536819160674,6.990598693970427,7.6584904089185795,6.589575370451774,6.8838059949826755,7.079244691520315,9.499766388799774,9.322898666093836,9.990244838529845,10.274599983398378
7700.0,gromacs_replicate_3,78.00593,6.180036310523496,6.2412204928259385,7.508629,5.118198860420187,5.185193084426387,0.8961487,88.18119214746372,74.76578637174265,71.67674550234568,78.93228064468889,89.6343527137464,83.4263584159355,62.687627802942174,66.21386232939719,80.79127242067368,88.61207770440784,87.37146732421313,73.25325777416931,7.698142218317362,4.849265993444358,6.584080031836144,6.690071594338372,7.000855203820373,6.007540201776888,5.743236797166051,6.4740569170696185,9.368438765825008,9.181068884682507,9.838498899524469,10.880927337078216
7800.0,gromacs_replicate_3,70.671074,5.946134805562607,6.003929260015573,2.905365,5.173887903008387,5.117471166623996,15.627686,87.26781440564271,73.66879287389987,67.92261282879515,74.94875098099317,87.11153461213537,86.38176866387711,65.37157635957952,70.22201775845829,82.7896590202416,86.95137736551322,87.66955935476302,73.75685814717636,7.462292455378526,4.676124526043208,6.194528157056427,6.655372067397909,7.79626909952909,6.639964207250386,6.637201752697535,6.601068396079003,8.851719251785381,9.253012008231492,10.095849719466653,10.873604061718249
7900.0,gromacs_replicate_3,81.35963,5.986090242664954,6.098708616282966,7.1499786,4.938031704152401,4.93796239323885,6.0886,88.61923844810497,77.81174490204941,75.36510823033831,83.72018718789919,84.71267791374677,79.3086033128344,55.87861497474848,57.91802235258969,71.58840803547758,84.52576151806578,81.90231956639391,67.98481365090133,7.176887775538536,4.3592596992320445,6.2474273688839475,6.4729321775499695,7.350715140761771,6.510890895733671,6.4593734554415185,6.436505060092,8.87300227145463,9.11821318566622,10.560960362083641,10.969045218842044
8000.0,gromacs_replicate_3,86.67402,6.006924851148062,6.17419646093413,14.412994,5.132612163007018,5.179540702638311,11.026024,81.50688740638876,85.33089495432728,83.80323670205422,87.39194838017967,76.09422952796402,70.99912189549451,55.370929080835424,57.785553999159504,71.86507269771153,83.14258120487433,80.27946542555529,66.88397437682416,7.004239403838374,4.386672586134376,7.0384377879793325,6.787518897792489,7.8169821599388785,6.819612202019842,6.918977377558669,6.114716726117168,9.102956647906357,9.79185615497618,10.042576938379408,11.126794179572444
8100.0,gromacs_replicate_3,80.22839,6.92436892550516,6.918398438064705,9.430847,4.9731957894921415,4.961352605719336,19.302383,86.46252158196634,74.11933375740273,71.82143186673795,78.62403701583055,88.25646227835975,86.86557815387849,46.78181232308153,45.328469957570626,58.77265471508819,72.98474032305356,73.01557914865586,60.97836080686833,7.5840494006737265,5.039483762422577,6.781572796357794,6.897980284927712,7.086054938866654,6.298426263793205,6.138463069792213,6.376835946943619,9.2740496847992,9.29766183595656,10.56105089098888,10.790487011354793
8200.0,gromacs_replicate_3,76.89437,6.220915930031185,6.280934967112394,1.5709915,5.103634021188975,5.086204182425206,9.406853,87.02658162842923,73.12679079960836,69.54050820553816,76.65633799439327,87.68092025268552,86.26999723212676,52.20776146308401,58.12208177271684,72.907524957206,83.17397735178714,76.46519915679018,61.87987390285906,6.876831250638698,4.157065987558953,6.5554791673203106,6.990541824933752,7.145363018978655,6.568321713825853,6.85689030773532,6.934948210926497,9.65815088778842,8.976872758115503,10.215011936497936,11.059295783760632
8300.0,gromacs_replicate_3,81.2031,6.416935253454756,6.504716760292359,14.379478,5.071732035201274,5.085338444242592,6.980606,89.54997426016021,77.97104670747997,77.7362531806037,86.58558547865064,82.97820941829013,79.80936056509644,55.75992371689948,60.8444958630102,75.08569671678529,85.57757956022016,81.38334108940583,66.1559331537487,7.044832417709491,4.39655251728488,6.365344684637078,6.837669728204066,7.695239786154031,6.404393888910729,6.038284569013681,6.770929971751935,9.532274682104902,8.79792387096879,11.04787119398834,10.540215642550784
8400.0,gromacs_replicate_3,88.01989,6.332971530300765,6.427523685383037,16.333786,5.449469347089912,5.511188003243077,11.859589,71.84089114923604,84.93455912606788,85.69929204339098,77.27886500718058,66.55552772502766,62.4248484637823,55.838793235854496,58.41048911585036,72.50296210455734,83.76232798286448,80.5346211667395,67.12828463062993,6.793318707652794,4.43115944295669,6.35315027053997,6.728533102284957,7.916301247187546,6.751242768017706,7.137375201574654,6.752955082363657,9.441952569994049,9.753250562363174,10.852250298220339,10.885677299577404
8500.0,gromacs_replicate_3,84.64855,6.446519128460192,6.560970702433231,2.8198776,5.008830982644434,5.147709728584623,7.1123047,85.8603072614064,80.9131751289566,80.19299466017665,88.38849074429613,80.92692195534386,76.83380895187379,62.37096908246377,65.37672585598794,81.15229515016438,87.78793762904303,88.71723694106169,74.1737950422321,7.274044308760433,4.671709322381975,6.564251346293474,6.660260969950409,7.5607500802779,6.263361902427576,6.20137234388357,6.466359528635583,9.415533491377087,9.17704591719795,10.858880844495816,11.300870406919435
8600.0,gromacs_replicate_3,86.87671,6.543639402139347,6.640192701508615,10.670403,4.948695673009807,5.120097318389482,6.3448715,87.5600571377626,79.01321625062926,76.7622255132414,84.7612543191556,84.80414203172522,79.67785639125506,82.22718905965769,88.57135944854163,75.99957061937181,66.54947530597981,73.05347522607096,88.83629931307982,7.506470959064589,4.568448117712993,6.766582694738004,6.554530377542954,7.353777394519036,6.299280165528115,5.8590457620638805,6.514291879853644,9.54785937906239,9.737010952138952,10.576042608594882,11.391116449074817
8700.0,gromacs_replicate_3,77.05055,5.979905624780398,6.044088454386079,21.020416,5.051211726648483,4.970163227343569,1.010704,87.47310083232762,79.29551001626493,75.38312565486349,81.73457147428537,87.22626267274197,80.19247359351638,56.992048985263196,57.75662172060698,70.97196301797617,83.85967160344384,82.41479496092215,68.38234135624431,7.439235628693929,4.829729732134604,6.610008853770597,6.756294410393204,7.657821907149777,6.6091146500166165,6.370081162257765,6.724992800177669,9.076242274137817,9.01102085575936,10.48744180091879,10.631768382806397
8800.0,gromacs_replicate_3,72.28604,5.919807742975797,6.151146116166597,26.216362,5.010544213255271,5.121648411793083,8.129761,78.59840022644727,88.37616630717663,84.9787874100706,87.24966322588469,75.7666804989744,70.19229160987463,69.04975395862283,77.13902722631143,88.61125574549739,80.58236880801255,89.33056897900495,74.38959773054663,7.588272576487567,4.739658986043796,6.878535306770098,6.6070064491544755,7.289190863004772,6.2126503456696165,6.351781717175409,6.741558372053369,9.092622427108239,8.97795745871064,10.337377749175136,10.77481451400943
8900.0,gromacs_replicate_3,74.245094,6.318680416017841,6.337860396821341,2.07267,4.816355887695684,4.919620903623598,1.7633286,83.95284191566819,70.73573805168517,68.08112080095432,74.35854911467383,85.65657693303467,89.42953786218051,61.89072585250801,67.03500871337282,82.20600594057991,86.31715795980392,89.1949726341594,73.65933637100646,8.035052519338858,5.178933132665123,6.61507671720276,6.87654383272854,7.003762365470308,5.678376191703918,5.62998965309153,5.987691961767477,9.527462033228067,9.050306487655819,10.698896620141015,11.233404738479551
9000.0,gromacs_replicate_3,83.491806,6.5572175654345415,6.674754256828643,14.999794,5.135788999803416,5.207947642205528,3.3569412,87.22726255316692,80.69895760405859,78.82045732175163,86.30377712365025,83.23348073215082,78.01939754942242,60.752863938878164,65.64813099545098,79.5179533940742,89.22548248494876,86.74048974710628,72.00825439112587,7.089752939143142,4.273572005942708,6.692936241970559,6.615235562977967,7.403304437753541,6.68228649511182,5.8820491298899675,6.574232773858042,10.024948993715107,9.280409472548596,10.88003308291364,11.398394005490905
9100.0,gromacs_replicate_3,74.14344,6.043174718567158,6.083753209936767,7.428398,4.951320777180453,5.044205839086472,6.5223846,87.56830648609078,73.86468127731042,71.18232386852884,79.05322955766087,89.47582625587394,84.22827577597697,67.65015593332046,74.55783704515022,89.33792345514743,81.29858657546707,88.4384615539143,75.70761410365256,7.489443747758603,4.933048421220471,6.635160855161408,6.953365422668001,7.104199954494345,6.17623439574054,6.366197476801249,6.998361605618596,9.038706098966351,8.993280128564502,10.118527948427538,10.457915614731428
9200.0,gromacs_replicate_3,80.62037,5.88021330551167,6.1157207518574035,25.530045,5.3505628578834035,5.232962947719001,10.710663,74.30690448256301,88.35423718076842,89.63566388897553,80.96004193995634,69.74084836328038,64.64940648489907,48.50069581157844,52.15872500196412,65.62861048937255,75.59889789358796,71.4570981113718,57.705376836344534,7.165245066047595,4.41350380026079,6.195484426958737,6.276081941998225,7.758833070937614,7.123227596826266,6.609914232552554,6.636549314265383,9.364652501682535,9.668875629957265,10.275178511514435,10.73220625636396
9300.0,gromacs_replicate_3,87.41047,6.16927680087167,6.178436140966264,3.5152206,4.890591768443954,4.979564786597572,11.214523,84.1109350264907,70.52610267805817,68.17838404992223,76.0839560369723,87.33179860230297,87.4067032922241,55.02102299587987,62.73712070225696,77.73001212678213,87.27287832630657,80.03825557827564,64.0525440839809,7.445090874519957,4.434193444590262,6.800704041189582,6.530620154702571,7.151592595166353,6.627767244252373,5.919720912744519,6.654711549476107,9.372102277588748,8.984847320122954,10.184664065056547,10.92205994558912
9400.0,gromacs_replicate_3,74.32393,6.406227417497659,6.361048973443555,8.700241,4.845367565312584,4.959422446345256,9.647453,84.89029558030401,71.70618646460099,67.58146791951583,74.11843245702919,84.6566606382903,89.079963029263,57.72808591966242,65.71860856899292,81.89645503042604,89.8466061428697,81.48238719062267,65.8945481131022,7.553443747452035,4.5034317774242405,6.308369099411389,6.5263395038934116,7.537745272271016,6.415181541753962,6.095047756316654,6.658740627606467,9.148599189784413,9.184067496242298,10.1072948925305,10.916175577658858
9500.0,gromacs_replicate_3,74.52127,6.674403805408118,6.760633697926056,8.734726,5.250842491700226,5.3708826315833225,8.378571,87.73693142097518,80.03311491239441,75.98889843447438,82.72420369021857,87.00748079452566,80.96258698031588,63.30287909866041,63.73913628646158,76.43632822968674,89.09412034643981,88.98861897817078,76.7187883238743,7.757681908113766,4.662443451051956,6.672077016401489,6.527287941075116,7.569902511772257,6.0619477718333385,5.8754062814375665,6.398177989225495,9.675822214598298,9.460819200484723,10.53762057780294,11.173441861733926
9600.0,gromacs_replicate_3,77.34296,5.6484933351412545,5.8471877380917405,21.176834,5.026316861081564,4.941053893560556,8.398773,73.85813852012981,88.94941746022359,87.38492884140284,85.33965705810253,73.00956008668328,65.95078218350127,49.774264682515856,54.64254240071002,69.01461697913722,79.19217702742225,73.49440120424563,58.44852514654206,7.390475431322737,4.882202405164182,6.214605968076113,6.642980020509752,8.081659029063351,7.021951566461122,7.195303615708934,6.991271938034574,8.949522848129051,9.361563209738371,9.98351504551401,10.436997342342503
9700.0,gromacs_replicate_3,76.89499,6.283123056736318,6.427803681715305,13.318695,5.0746257601958105,5.145043263293562,9.514854,81.09342659543194,85.17255342625177,83.43655389157816,87.89332120505654,77.27724005327616,72.1542008399199,56.9213395666471,60.9363768017967,75.56300858513906,86.25860191558218,81.9375666680507,67.69879316595856,7.78504774945369,4.664448238937394,6.473420130096282,6.369548847007346,7.4957022882183075,6.4173000866492815,5.998399966932788,6.279246862754329,9.336596180096358,9.176896781436811,10.83286379977838,11.286561024265497
9800.0,gromacs_replicate_3,75.697716,5.923490565463487,6.05272488555743,1.5650558,4.968766029489096,4.884605165734663,3.7370071,84.67812289832219,81.88115337894891,81.0224980089186,88.58905094387477,77.38957162675376,74.07567431879191,53.26673650978469,56.71464765650274,69.99847736884011,82.18066420376086,78.1033116370876,63.42963850354989,7.248744328420894,4.621007639638454,6.410633654412768,6.486817416890536,7.7027502458718295,6.644207433489661,7.116147429641307,6.8634557010879265,9.25931221989587,9.249966932194225,9.793856811164458,10.834280433920485
9900.0,gromacs_replicate_3,76.928116,6.432797173119669,6.544668836874427,8.610565,4.987078729764242,5.018511352820834,10.644928,87.8685643664616,79.40941786676771,78.01212761847432,86.33975683351692,83.12432570181555,78.74115804406478,53.677787807655314,59.90423779798741,75.00843821462358,83.9168525801757,77.3814029085238,62.293773951895325,7.506461315680354,4.612503342401766,6.59423694836543,6.592976580695404,7.136196690901905,6.058890761876344,6.054118093537898,6.870223928821712,9.704438189758468,9.159272696898414,10.802506120460473,11.293373339154828
10000.0,gromacs_replicate_3,78.76533,5.683182421464889,5.773908593115588,28.511993,5.112062858420716,5.156978977216714,0.22724152,85.00460081902013,81.75728714168888,76.85784036141425,82.84680692377232,87.22354445283324,78.71350975404147,62.872458289035315,69.20078580026626,82.86007751112878,87.48261252597793,86.86651913406126,70.89455241842691,7.451811432922343,4.908868811530283,7.240813908314401,7.207684426489739,6.806658136467485,6.488281357418449,5.851868979297259,7.056243683608933,9.734000441265259,8.551048673564866,10.141043094807879,11.105452031688708
10100.0,gromacs_replicate_3,76.22506,6.166776467461319,6.205103783686883,10.254532,5.067231570509257,5.184049276914869,7.3608856,87.09979051236785,74.12115725484706,72.15260576930777,80.19748008448661,88.59089177515212,83.82669377916082,61.264643486487145,68.87893902967188,82.94636291248563,88.30362892935837,85.1876218495645,69.5550348822229,7.615718544571356,4.660153948076447,6.290699815583528,6.587667561622856,6.982994635031194,6.329993547725167,6.234667233924627,6.495202877105786,9.470985438608185,9.283804878251722,10.69394874669486,10.807442024213815
10200.0,gromacs_replicate_3,76.460976,5.925242537898903,6.0220226195434154,12.017395,5.0260810705870105,5.110355074053857,1.3184662,88.52307974150823,77.52781376187201,75.43294954519187,83.38662946958351,84.93875954368261,79.29625082712323,63.617557477595,71.07194966709731,86.05015052569738,84.98814296373656,87.01537206007959,71.98335165804401,7.3802143205590465,4.640510754514179,6.297180808029635,6.35406494878813,7.653071804611274,6.573937517174003,6.516947735273934,6.769124207000795,9.250534485653455,9.153303649429542,10.493594344050704,10.462420683219825
10300.0,gromacs_replicate_3,73.49276,5.878445853870389,6.033162161334155,15.71637,5.141062203815036,5.126003288096192,3.171692,82.18632844030911,84.22937927904313,81.16496105809466,89.25253455427475,79.39301346173225,73.41580243522601,57.69204572838948,62.82687673094969,77.06045959944203,86.90246263311472,81.02985710503661,66.23940329530767,7.202123469625442,4.611947871094496,6.267591443397825,6.32678484964289,7.660379763430939,6.402082223749855,6.832791538591677,6.6476900538992885,9.422633065669638,8.884654967241506,9.885551590743859,10.719511372493
10400.0,gromacs_replicate_3,79.74577,5.886286545732734,6.087652004710976,21.260567,5.368965758425353,5.343633244339022,5.9641037,74.72876954564377,87.34302085250324,88.37940582891474,79.44386484017059,68.24080093635916,64.06690663124478,63.53497026741918,70.61420318524185,84.36701175902166,87.89075427667372,84.4688072909305,70.40394849510933,7.117523817172552,4.585385493667399,5.836232059609437,6.465929976604076,8.089815331580848,7.157989864526816,7.7241139047373135,7.272065112566188,8.954617411419738,9.771857048151988,9.973760382242629,10.063438538702197
10500.0,gromacs_replicate_3,71.61444,6.162866496116864,6.265689286308069,7.3792114,5.264029729723709,5.282890438959547,6.268448,89.21578558899564,77.50545021155618,75.49165492109775,84.12691997726677,85.12110154225437,80.31787419306616,57.60539051203809,61.75108673759666,75.74337567402945,85.6016879168035,80.43701253628052,67.04547751791424,7.426723175611266,4.875867276733857,6.108870577817813,5.985941754791626,7.7078019838070615,6.36771723879231,6.495244007775927,6.617420711347741,9.235900902476493,9.741549387759566,10.33646216738631,10.815687687792297
10600.0,gromacs_replicate_3,69.27449,5.700775266264953,5.79671207582027,6.742073,5.45501907948518,5.31494471508451,9.459496,88.75447633304057,75.31259970969394,73.64780055101109,83.31024162958367,84.68953489226517,81.07886465008559,60.99963821596805,66.65394944802846,79.2027565295152,87.15395357959702,80.55660778740621,67.01057182166343,7.4188980721663755,4.763682936031387,6.8546068377038845,6.897783475514778,7.039982403827382,6.259912400036162,6.521342675881173,6.808073756575446,9.776737674505965,8.607450795620819,9.679470657819863,11.185158191719541
10700.0,gromacs_replicate_3,72.11389,6.195376199162255,6.284632801788527,5.7524414,4.9639707179364665,4.985611463557626,5.253479,89.95073926861758,76.34196361371752,72.06123951048987,79.36007573759412,89.36124455679041,83.28846510025792,63.98031419032613,67.3392691262293,80.57779843857773,87.03941750457473,89.06122197113636,73.80187090214652,7.686863885724682,4.650476418116017,6.696777553913749,6.35914442642132,7.070123242098773,5.7897636648401525,5.941668446721648,6.9050701145377325,9.735649666862503,8.494159631636036,10.59377230990279,11.428425373678468
10800.0,gromacs_replicate_3,87.05944,6.49343697660896,6.603622963683416,3.1509476,5.1660497166838715,5.391737397425564,13.341682,87.92324568129918,78.79750508677027,78.02518249812627,86.50566027870721,83.22558874873705,78.9915608507334,64.83268880154849,71.81103568225934,87.07131893759086,84.62003541491342,89.64649336885884,74.75062459169153,7.129284701492308,4.4902744674207415,6.6336940202734045,6.801382379896225,7.746113623081175,6.338266336140154,5.920239308013686,6.263105484357497,10.024317072349495,9.009891505765786,10.692936401324154,11.50048423530147
10900.0,gromacs_replicate_3,74.45908,6.090280639886892,6.129298126466698,2.2726593,5.077992653674536,5.211543174346417,3.259407,83.03623378438414,69.6169739301969,68.67343615411887,77.390570217394,88.58911568319164,87.25130535910401,67.53623072750436,75.01043877372466,89.68895343942982,81.40509411299296,89.78845070782462,74.59857380617231,7.0493622017336115,4.343084819623765,6.395482053609663,6.635953677310744,7.234414070072797,6.339685617447068,6.018851480584221,6.537324782375488,9.931481849911401,8.894339878001606,10.52327437388823,10.974226538070281
11000.0,gromacs_replicate_3,70.42156,6.330720592235958,6.479754967667591,11.337006,5.179245588602326,5.034908317021869,6.575577,83.28592609123595,84.13008281166537,82.75964887711497,89.13144386420174,78.38954109806794,74.08591471442752,50.451663355134734,54.041934969529024,67.07094824810183,78.29148042695935,75.63588004927604,61.32096016082987,7.707254957421134,4.733225181903259,6.57917488524838,6.398667787353357,7.133891314157939,6.186330961840938,5.816098269003946,6.884520746781437,9.778651588606282,8.514934527413489,10.667354220156547,11.51465421796101
11100.0,gromacs_replicate_3,72.30788,5.948459165535713,6.171792556645066,24.897186,5.125644007406841,4.932712613248917,5.3872757,78.6989197378325,88.4477134444168,85.21446355716317,86.50792614945921,75.21566579157792,69.46016398448147,48.22306445607756,53.63194938221604,66.49830662301156,76.18795869786958,70.72396820189374,55.63626976451258,7.311945222898263,4.750999019875564,6.884473430850081,6.801167316761737,7.20485132726488,6.572236373049323,6.651272440683493,7.279685391125008,9.470438586458922,8.640842407533103,9.797344160578506,10.844097404676226
11200.0,gromacs_replicate_3,75.00052,6.069399061743581,6.096883882975544,13.097527,5.0624518956852596,5.061723299806385,3.3994598,87.53738410768452,74.2896480616158,72.99523296988696,81.55176566504937,87.12558348102564,82.84315191622848,61.96943071873148,66.35369730701353,80.27660919389815,89.35435758625582,86.39840348498345,70.65425791758916,7.599952569149495,4.883451177365431,6.479921655032398,6.873949491198293,7.307934005315919,6.200850916409641,5.9994397275401266,6.689820056482657,9.85841265266567,8.846493785042705,10.019983534015193,10.577402565118724
11300.0,gromacs_replicate_3,75.0354,6.296302328293016,6.427444377099013,1.5815353,5.367956297133063,5.36069014702378,2.4913712,87.54848541794404,79.64506594117604,78.49533824929973,86.85953684159288,81.95804959266458,78.27858349076473,62.24442699274502,66.36901143297462,79.52188856193962,89.83212006489335,85.51498488498653,71.87120923655958,7.421923201587964,4.696335957463616,6.87890458201553,6.837862594925714,7.08293692915232,6.045615501107393,6.0955864552222865,7.10185577942157,9.616706681832822,8.749661337094011,9.882556647757152,11.26627752536983
11400.0,gromacs_replicate_3,61.13239,5.69232896519281,5.844596472527861,7.62764,5.203135126206973,5.0393021467494705,7.3057785,88.66565680412835,77.9091081543937,79.13335664204669,89.85950686808008,78.73674782126659,76.74067233781535,58.213845780268905,62.66579994394558,76.48860345507518,85.30378206875373,79.16913047261068,65.97077230038985,7.613738890445835,4.7791731075839134,6.799297274877977,6.435789402799521,7.192370094730753,6.240629895357223,6.121132731425827,6.760455225369354,9.2749793249453,9.023462689426903,10.204646567720323,11.125324670234733
11500.0,gromacs_replicate_3,74.44598,5.363428319987834,5.543157744714736,11.043251,5.1459832040482105,4.975746479332155,2.7215042,84.5344230721223,68.75709283619254,64.43918210257698,74.53960324763493,87.44580616152813,86.36993767303267,51.59724529851003,52.68218139198228,65.21089883045249,77.07034591321742,74.98871371325222,62.14174028709368,7.442801642611509,4.953928971165695,6.757359900354149,7.004494368573182,7.337237620015299,6.293852036933806,6.5940355742780845,7.216332568355167,9.19491464737692,8.699528942434291,9.22545806015572,10.22670660074425
11600.0,gromacs_replicate_3,71.28821,6.223752827334659,6.35973888041982,7.904747,4.972244795753641,5.058705490850911,6.1231766,81.36692969253987,86.30710410498799,85.46602543665843,85.54174807312506,74.7675251386096,71.32473658910743,65.99950935023777,73.45250942530289,87.6715742048047,83.2184944033894,88.46692799932028,73.36830562034305,7.091079048865523,4.344360204100782,6.494419965947988,6.700069891356993,7.42190835213303,5.954566117449576,6.313538307689844,6.86677709324774,9.412571981536022,8.958068498375775,9.979749537329438,11.266483412885233
11700.0,gromacs_replicate_3,74.931984,5.911211302617116,6.111490808251272,18.508667,5.009201896655627,5.120000708685073,9.276138,79.74973072343111,88.01804319351844,87.54913367767932,83.68925525631758,72.00904016132769,68.35743399524837,69.09540309137792,77.40703493524931,88.59719225208869,80.33348891270683,89.13824782328476,75.29568787018302,7.1430296398524105,4.36261494765135,6.390216435488128,6.578968067357206,7.583911747699334,6.370558111418798,6.480738125227973,7.167011016031115,9.222917495818361,9.162570026094096,9.77240785738687,10.797705899215705
11800.0,gromacs_replicate_3,79.36841,6.228722159594968,6.302022369337576,14.50927,5.265516806293634,5.351265159009979,2.4928818,71.11464944762243,83.11034761953172,82.46551757487197,72.36432619955553,61.87193834024515,59.73484448378669,62.833497331009774,69.44559028795942,83.84573955120196,87.61820847102952,85.16226748786002,70.8547320784158,7.123863207053329,4.468933859883769,6.982646247575942,6.695969210489372,7.931707417668047,6.562492966569479,5.988843437567369,6.866394703545582,9.725029664353686,9.502494465881105,10.256416386006734,10.852186908224466
11900.0,gromacs_replicate_3,69.99966,5.896498508923662,6.058299422561492,15.387573,5.267750899584657,5.25600817206564,1.1473923,78.86564091963179,87.02228905777274,83.7724824211088,88.52892002316128,76.57240178722455,70.73737233474736,60.92604535864475,65.75971997752096,79.11100630223258,88.31065566497712,84.09161408580417,69.41520486895449,7.2466571661247166,4.545167236117433,6.442029025967968,6.3409355907301554,7.628919684859487,6.809592874165368,6.472116395382623,6.947636519415487,9.364756951803152,9.285193882495484,9.710435731483438,10.662467568673133
12000.0,gromacs_replicate_3,71.666824,5.950431000474896,6.0827850900220595,7.93779,5.288647917642169,5.289718551566248,3.7701569,87.14294280147129,79.48933894169667,78.14530884349406,87.39912661826234,81.19511855107083,77.07314863796066,63.13999550923015,66.97448902999402,80.15459389149113,89.17451260522911,86.39492759995184,72.21083918638361,7.4251882723148,4.619170695993074,6.639441242214942,6.664708280486653,7.395949192745125,6.562006385366101,6.397061364988671,6.8190565566644645,9.563015450538053,9.09780608812216,9.967550724214108,10.607867760600676
12100.0,gromacs_replicate_3,65.25005,5.890869411561591,6.075517729157634,15.718338,5.247103736113067,5.137956467916732,11.664444,77.52951078035815,89.51388686672401,88.53100857669237,81.94399936229928,70.36780611462095,66.09186414682883,62.96927331923425,66.26191157099888,79.30731974382886,89.42875192392194,84.51972257286816,70.95126647146989,7.278766768302465,4.545904144131924,6.46548159030548,6.628024559265537,7.454939822268112,6.327533857160908,6.372661168134273,7.424830983376106,9.679032487352469,8.749971215770781,10.009580185206563,10.767660492963318
12200.0,gromacs_replicate_3,73.04869,6.417220885945265,6.356185662385619,10.359169,5.414924341961447,5.576405977039943,5.6751556,82.75352439451717,71.23466737446928,69.06635973319838,76.93872404951648,87.47489399858459,88.15275422057601,77.27026543549349,84.34981305612122,81.73413930656083,74.00478055827432,81.10241649028387,83.25610410088929,7.302276192218078,4.81901530693083,6.182451718778083,6.260082741413047,7.128207781516952,6.340934457914072,6.4508712938512005,6.876406406369006,10.072202880929234,9.20208679867885,10.743961561471142,11.281242835155505
12300.0,gromacs_replicate_3,80.78111,5.966664767135024,6.108464800096136,8.222107,4.966911698672131,5.129174659977057,8.191856,86.11962301315265,72.88306065772673,73.14599878254634,83.18163594958531,85.75982255009288,83.1473968292424,72.15305380407992,76.82933532208394,88.05390656497049,77.18465484092012,83.12303861396418,81.91163988390265,7.1161988426539615,4.524376249045077,6.6073882984820065,7.089328665217588,7.447215898289128,6.812476124097303,6.790532872413149,7.171294473224053,9.376919180837554,8.834968476111966,9.633874696956687,10.579073953656774
12400.0,gromacs_replicate_3,72.54163,6.4638545303696615,6.6369638299494556,22.252373,4.929212244982211,5.158287267942776,18.577118,81.43293109692246,86.19078823697261,83.71824596104531,88.26017212890619,77.99490944993804,73.01817427819805,82.04039113631303,88.89841012354664,76.94859253533704,67.34443211497964,73.92171704415948,89.77586661588336,7.197182664358138,4.496261163143445,6.766291786694792,6.639322610560332,7.115572727336169,6.058520296738555,5.7860089158704,7.138651489641282,9.478316380223761,8.525896000636767,10.318294055204627,11.27002124647177
12500.0,gromacs_replicate_3,70.14402,6.033117878268738,6.045139578559129,11.216171,4.9273512406837465,5.067658248043293,7.6308136,87.8429124152062,74.67104909979929,70.99419407863668,78.50833301733662,89.88220163029222,84.33845501618485,70.81839616392948,80.22728121247381,85.34173054460217,78.26851683341661,88.58062515655904,74.99613182967983,7.4107301076788685,4.71266087392517,6.175360668289366,6.378136984702634,7.929057634870125,6.2174513701536,5.958366237827166,6.832814116884428,9.45973982219199,9.007635778785957,9.926487534950777,10.999427205988924
12600.0,gromacs_replicate_3,73.6751,5.74474427354799,5.699687438070223,4.3957367,5.4375113059558995,5.553706009479283,15.054306,83.64437629549485,69.64550084904357,62.22594016769544,68.01264834248435,79.8009918103065,87.73595769419641,74.26991656579493,78.56408324025067,89.60208997515706,79.25804649076984,82.29256795921371,82.73945902479471,7.390168463216908,4.687871034099864,6.410219423459942,6.8665537153281315,7.772325200046425,6.729230439244277,6.043888581997505,6.470302833101352,9.229703359248655,9.196247903583357,9.383173790420074,10.844639009956184
12700.0,gromacs_replicate_3,75.42892,6.127208382032244,6.003002365891032,6.778595,5.031022084266527,5.27983445601889,19.959717,72.20671901173316,58.24319583453231,54.05029252222721,61.98019183518069,73.14983863706445,78.9068538253639,83.66389835930369,87.85611340601231,73.11030593647332,66.07985003366339,75.88850130863193,89.04805807669229,7.52099016156112,4.629096070656163,6.391987182214063,6.323694622126605,7.2185786796584805,6.347681533035124,6.223233098386205,7.221204116464612,9.495887160911964,8.674893095198033,9.756181402798868,10.981037624822289
12800.0,gromacs_replicate_3,74.06625,6.395135843662964,5.846601540613935,32.13201,5.297532488305375,5.470071809119141,18.37014,33.74155646530085,26.778047709181546,16.649561495250826,14.005713217688125,23.670706397841162,32.848934127045744,77.42187956911687,78.2527596668881,89.5687456620662,76.86158990008066,78.83334152303321,87.9192777665425,7.554114613883213,4.783573489083056,6.735608987692559,6.932312407395891,7.5323076780453855,6.703866270546177,6.865036345436434,7.089679567814186,9.3283944570349,8.739310753563135,9.987490487119778,10.854415251930632
12900.0,gromacs_replicate_3,67.52606,6.75398007172204,6.514079059535549,20.35041,5.180136911286412,5.152871108894038,7.5793304,56.88645494850448,44.73037215363562,39.03268842476169,44.416898167248455,55.11382673875896,61.75472193961196,63.32945739318367,66.78515561621636,80.12989246010576,89.30178406823566,86.5402418146865,72.65346932844474,7.253792749244268,4.476252663182909,6.314054554811522,6.560352066624261,7.320439794665641,6.483064630229437,6.233767941061454,6.803157917518012,9.657608809777027,8.316792447601188,9.795170829407287,10.965043859595317
13000.0,gromacs_replicate_3,67.52902,5.537105610702739,5.701420049070164,4.568115,5.29578618037754,5.128564781336667,9.80835,84.31623912131755,81.06642835216589,79.16309276638063,89.18685973742704,78.20630357459677,73.48856011480066,59.97566993791953,62.66744571760619,74.79496094911131,85.43838721223847,81.66068055081507,68.69039658164587,7.200099663063,4.576951594938093,6.367263489507768,6.554942909455515,7.499382835732375,6.511557027371621,6.473169978539042,6.594471439065133,9.248104562439014,8.50036089984508,9.56957684427613,10.894756479103533
13100.0,gromacs_replicate_3,79.1481,5.990144783400077,6.175581466822824,16.295486,4.958507642540168,5.1175613066731716,12.726837,78.89460241019066,87.53888339883038,85.73218193518612,85.36956597037792,73.82876266688905,69.292117860344,73.20442753849943,79.99059566486335,85.69734570605414,75.77429214749876,83.56239754428191,80.4091293485715,6.915920859721487,4.471188807351267,7.015091202430033,7.299307444079448,7.2084361141113265,6.221294894547839,6.181876882901718,6.458751881005495,9.791311653850286,9.114127575013896,10.007250718846906,11.075841836298187
13200.0,gromacs_replicate_3,85.2335,6.336354198657942,6.4802041518850455,15.896339,5.071528837633562,5.241394502521398,5.741272,77.6252312846733,89.96669574969994,89.07459196370856,81.61488667791423,70.91329699295738,67.97782854469865,74.1829236864612,80.13325743852215,85.10572698698012,75.55044890676227,82.29220364490851,82.54425352517406,7.256592703003359,4.467063055831021,6.2925096213720115,6.738558367129875,7.634839947129037,6.292578115838443,6.046338240109314,6.598729462564914,9.546493679436965,8.940061807685765,10.283380193769325,10.649337471516251
13300.0,gromacs_replicate_3,86.12993,5.936783898531806,6.120478245647267,19.99302,5.497490426785243,5.503286873688745,12.479477,81.82050262675435,84.96036347269343,84.42517714180596,86.68272797104282,75.87296095126128,71.27580058584695,53.208394333424614,56.5316736008781,69.60600413946226,80.06244442285686,77.3035833396057,64.2820830262779,6.813772326588282,4.222642143175281,6.1625605476481065,6.480327988357053,7.987297209985013,6.973971151208487,7.073476309659893,7.201198106232956,9.716423038088458,8.85615969274905,9.526616873834746,10.778508429184148
13400.0,gromacs_replicate_3,81.40145,6.212180342033029,6.3371321126162785,7.269943,4.964549646125085,5.10830377572206,1.4862518,81.41290856047593,85.0058640951075,82.4962995574449,89.17375310848904,78.57803644459278,72.80305377159631,68.94180592936155,72.44797291410491,86.97532155658459,80.93495957434237,85.53679745661087,79.24524310651007,7.341062207322827,4.538645161996982,7.144346689766494,7.125281479161561,7.23734380364598,6.096330748034718,6.002443474868612,6.618520390777729,9.629045117240125,8.782499455174824,10.073390043680853,11.195410673873118
13500.0,gromacs_replicate_3,75.325836,6.247997242373371,6.426413838602016,22.075447,5.056196047305659,5.02065781456828,5.5809937,82.4593485313904,85.97540970063892,85.04956729725222,86.56180418262109,76.05288469680907,72.56644952414801,55.061027454989066,59.82369636609934,73.6131910226142,84.69403340493152,81.01257904983724,65.08518012140954,7.607424205114831,4.735528690272673,7.027565678850801,7.125370723860629,7.634425986984619,6.096150553569813,6.248771568998747,6.752166752752579,9.61390767135,8.790032489206766,10.200460241323523,11.548633581323733
13600.0,gromacs_replicate_3,78.118095,6.035721572436448,6.181374771009981,13.40316,5.076376158592663,5.152875224196853,2.0230408,84.09456670573728,82.11331088106698,80.48666331500088,88.8192293651809,79.76894231766339,74.88582053086265,61.7941925022255,69.448980956799,83.81518268847127,87.73801538640915,85.71647753760323,70.50478461830625,6.958462351972213,4.54138248734838,6.179489405457526,6.875128378868178,7.621470213426756,6.524372699704676,6.364364296179006,6.910714890707892,9.502640291600715,9.452739667737143,9.727748676403106,10.650514512338543
13700.0,gromacs_replicate_3,84.01869,6.206862013757183,6.219100373539447,7.6128387,5.056041440208611,5.236076088892152,9.452042,72.8776285992787,86.0066521298286,86.19517162957574,76.93742061685572,66.379435567778,63.03925826704354,75.89963976989982,83.18137518674298,80.89629515377514,73.46009893520835,82.25447486083968,83.23630554605151,7.468001734101103,4.505755449240256,6.373466896657268,6.571098422943225,7.7463967789444,6.385115725832979,6.092309622618617,6.755351932895771,9.203726454798485,9.935295976671018,9.82209248171177,10.432179854788664
13800.0,gromacs_replicate_3,67.21424,6.150762028351973,6.279232546268837,10.813103,5.002742102042141,5.222130676582619,14.971809,77.71148952543282,89.553803698063,89.5613566430336,81.19891038770481,70.1999685030736,67.0217593198343,76.7444351574852,82.26042191535815,82.9100590461628,73.14842988004331,78.62057857822714,86.20701118542205,7.446172711603478,4.638880231825694,6.266458901413055,6.37977775755199,7.267078440873095,6.0308182264508226,5.90277209043777,6.377679001618724,9.395807057163694,9.197884259217037,10.789375657587303,10.873207249161814
13900.0,gromacs_replicate_3,72.42784,5.638406490574335,5.77708815144288,4.2181396,5.517135317488424,5.359595041132009,1.4866333,83.87613666399821,81.79521570748693,79.62246412027484,89.18665740186134,78.82931295732205,74.03261731257255,53.90924483512516,58.8740076701096,72.01100222677259,80.7033818371034,75.3253317826797,61.98538813501357,7.293386192312753,4.997894098955188,7.246298856660481,7.204262518650982,7.245340155534434,6.321506897778901,6.567994610299086,7.258333100163622,9.315948453917997,8.932413438532743,10.20197195082852,10.93201786166013
14000.0,gromacs_replicate_3,75.6168,6.264351063108267,6.418480519093593,19.001923,5.617937743321887,5.6053818206405035,13.965424,76.33762843920434,88.07973156048064,87.57224169304442,78.78179076515995,67.51012939525609,65.17266956493229,50.56228130440473,56.883864261358404,70.08463335825132,77.93884316670888,72.3030078001928,58.46276831464885,7.011146668062222,4.242561891103517,6.211677594240566,6.506870251327233,7.740271452189471,6.823140081534819,7.0419780390146025,7.016654793533893,9.62034469260157,9.485793025447643,10.20516224995083,10.506839518052702
14100.0,gromacs_replicate_3,78.18414,5.322197565765553,5.618641734181105,33.61291,4.940050395155663,4.7799634341792,6.919594,71.16667621318233,86.08756949377526,87.56293942107655,79.32873168194398,67.6252964136275,61.0207397989216,47.87288481378401,53.915520309536944,68.18939257295406,76.51233648853898,70.05340900490154,54.928732409178245,6.934346900465724,4.434985481202691,6.580456859651632,6.916918485037113,7.5518231764946,6.637003016416585,6.900080608607114,6.953597888157034,8.687414778908652,8.913088652815915,10.000104452610797,10.519845554076877
14200.0,gromacs_replicate_3,89.67872,6.153447683358411,6.277728101951692,15.802811,5.238125580484163,5.345674423272058,1.3534088,74.76988220814978,85.92209085873675,84.20366689756668,74.60541774846969,64.21045047717217,62.01313820404131,66.98883423837685,71.78398365009191,85.97723297603082,84.37673512688139,89.34237523032115,76.1869171436297,7.406676151022889,4.664563340251307,6.587582702692112,6.4379529500942585,7.752438020261873,6.725729396517253,6.860429122551429,6.308893011248323,9.43203941533003,9.252581177231026,10.194937606163057,10.82436898467652
14300.0,gromacs_replicate_3,74.599785,6.022263061726551,6.202607262707706,17.048958,4.993370363636913,5.00746894673618,3.5213776,81.0019880624339,85.87093816443722,85.19102598185783,85.21015728574807,74.43299629129223,70.46088434920549,63.88489843690463,64.98916982836698,78.29204121869456,88.92813776129861,89.27564755961369,74.8208241596899,7.36176175208959,4.927567792904683,6.87220697832927,7.016707310310309,7.303205107341049,6.377197734512352,6.353108295848963,7.03940133201012,9.547768589603477,8.89498452251109,10.600450244434684,10.969256111158186
14400.0,gromacs_replicate_3,76.311165,6.163625510494636,6.325769355453529,17.454987,4.987534876839287,4.932122678285178,3.6276627,74.31891955718211,85.83511028598659,85.72809021259424,75.99198498815028,64.9104837546288,62.19987136376169,54.67167160138364,58.2487787889287,72.06680342022042,83.23547908378761,79.141322411257,65.43730377378289,7.0245481164316566,4.331512467272053,6.174951333275055,6.190434343895373,7.53292511555579,6.768897426798258,7.158487424820106,7.184776503989919,9.04613941266496,9.43790736826773,10.142917714712883,10.627222166336825
14500.0,gromacs_replicate_3,82.104034,6.402903540310935,6.609196699026129,21.081947,5.4782543019541174,5.450400593095548,1.7628021,78.12200803923314,89.8907469322902,89.89934284623574,81.5037066652945,71.02988609222488,67.66855851450454,59.591905569790754,65.25918250213854,78.75419435234858,87.0787553871576,80.34638140313294,66.25407448347259,7.200214984252579,4.431865408817914,6.314784101793349,6.783016490964862,7.316448334256614,6.624298136176103,6.4396498906462725,6.940334193707588,9.763245571347788,9.239363912516795,9.812642108428497,10.549914351844887
14600.0,gromacs_replicate_3,72.45918,5.8924793580830945,6.087328968101757,18.055588,5.384451281576527,5.459327555026885,19.663681,81.97662194508513,85.09922991323286,82.99544795249702,88.59687210283968,76.72060473219038,71.82752131882026,72.75695266847872,77.47282525621591,89.40605533737941,81.26471160085036,86.04394016605136,79.85571659311627,7.52832191977807,4.917990158574317,6.9263819008676615,7.336044318913682,7.036665757630748,6.0932091245626605,6.016723907947218,7.06408488324515,9.545567828899134,9.174903564482882,10.220660092660768,10.679557075164235
14700.0,gromacs_replicate_3,76.877464,6.032054309997755,6.145754611768718,10.910271,5.114274747052274,5.077205385501089,3.8654022,75.09165724212454,88.54818147931844,89.98227696034633,80.78459806371023,69.19633553758837,65.32460545677021,55.13727528201115,61.413525522244434,75.78269212294236,84.82108486807455,78.28108959945281,63.98035821258937,7.009441230920046,4.321672343543917,6.35683106784981,6.850582767589868,7.312202277030596,6.382908304166128,6.806235084803729,6.766465490613301,9.538019157305769,9.395153835038471,10.220091623197883,10.63805495418018
14800.0,gromacs_replicate_3,74.077835,5.964636605957865,6.019725862855646,14.219925,4.980442422770244,4.937088950453868,1.9677582,69.5853782247084,82.03937392852337,81.56240230116876,71.67567651819357,60.54377553818848,57.7128572030913,58.929648152251595,67.62633939061793,82.95550864112553,89.10817077645551,79.21932750637262,65.25071088666236,7.296544982881231,5.001470229262605,6.725355097742536,7.037900926776909,7.8820292390774815,6.381661878163919,5.834878493903118,6.568735320513603,8.477790926156437,9.449370708566795,10.053966733733022,10.08233371895601
14900.0,gromacs_replicate_3,86.291405,6.235042389617912,6.371531121024072,10.558945,5.217921288826848,5.295825890547607,7.5244827,81.70584785939133,85.0589481423872,82.63375158488688,89.7141024233215,78.7060997789646,73.18279359674824,58.49542504595369,64.95800894865047,79.88952592307113,88.74692356429543,82.32541864143762,67.71387182235085,6.799419196827108,4.222562462830056,6.472303573349824,6.566191407446432,8.224060884963306,6.900412464557444,6.212511287514118,6.441408291372536,9.370592319168926,9.334053017221832,9.77855535203296,10.128755193836861
15000.0,gromacs_replicate_3,79.76661,5.8089797630422195,5.994749578726459,21.26101,5.146859378333198,5.078285175948229,6.918579,75.12478726260966,89.84925710629574,88.56974323682599,82.80671507752795,71.28186909566183,65.53729621282883,52.547742536210905,57.41274930973441,70.79506606978693,80.58831902096262,76.23064630015752,62.07477295934999,7.146842828303158,4.450349352902605,6.781116720841872,7.039811276994103,7.91465639580301,6.4934847691307915,6.283957525838856,6.830777101118079,9.357792697232068,9.011397217597935,9.552924369912553,10.797805865167568
15100.0,gromacs_replicate_3,77.90448,5.659882009512838,5.829875326149227,11.297974,5.147943150714668,5.005934216278627,6.392967,81.30442202625407,84.64654930855552,82.56041443717841,88.84598347373499,76.42088413428274,71.41360862511561,58.169520892315234,63.38053756689904,76.78130494524656,86.27018018880987,79.84936077811281,65.33605781985361,7.224944709396907,4.525326399153404,6.196288808670786,6.678697423072179,7.963482946783177,6.729340334202971,6.650878932819433,6.995718864557738,9.043143761975669,9.240982912491924,9.639498552660218,10.189257288418288
15200.0,gromacs_replicate_3,81.86966,6.229540863534742,6.368387375743297,7.9883957,4.9288544184484815,5.004185489531088,4.241333,87.75650248213103,78.1029408406373,75.73130534261742,83.88590963771068,85.5930857190744,80.20144785248219,60.08601676514277,64.00106709546723,79.11078974368841,89.74049378226479,85.79112441668282,71.59335147560442,7.3608649725200594,4.652986093585489,6.8183880347254915,7.223627850938122,7.411851417130577,6.745060386395146,6.4895807053019,6.872996503369969,8.947242931069836,9.124854962319672,10.082509543091986,10.772808652030887
15300.0,gromacs_replicate_3,89.14035,6.539177282072457,6.5205406053157615,8.317032,5.339960215498162,5.489261761936694,7.9917145,83.36120003241838,71.08417322959987,69.73158104908103,77.51251840269704,87.75176204393958,87.76783941505008,63.385725066069135,70.09415321212391,84.5126310217725,87.1261405786326,86.06965863438816,71.62975007999286,6.63444544527467,4.053451680015642,6.157454612105824,6.711520715071442,7.872988431702924,6.596996764949644,7.004810560217931,7.154609346462715,9.22973958638253,9.832068260191203,10.341371376782662,10.179531524888418
15400.0,gromacs_replicate_3,67.30704,6.287839099907411,6.334912231420094,11.693504,4.835509504614553,5.093282200101004,21.938133,70.62794282282854,82.06812623529169,81.56346588649394,71.05360460442041,60.7496214072871,58.72639652588087,80.28442667474604,84.86913244093638,80.39001340563546,69.23979113580762,75.36519358337243,89.48943383480136,7.355150566572229,4.661883128349834,6.484090210023578,6.572580653923113,7.2099429321800494,6.3144590921923,6.173644657662187,6.806611657904562,9.428667708446634,9.590107456808976,10.487089621170181,10.615487293876043
15500.0,gromacs_replicate_3,75.5499,6.145272208033487,6.198796453293032,1.1866608,5.26574425452771,5.315818933093316,7.52388,81.30453830562878,87.19876150676993,88.81567209819275,81.00244688711625,70.78045973791076,69.65671063942862,66.47024772161751,71.95360361258346,86.09614312631672,85.51044988546937,87.8632211572261,74.3354045695437,6.893095452866605,4.450524510140271,6.3115805401944245,6.8319493417781,7.411977872991008,6.864682180871755,7.528415082804776,7.290771900386657,9.3487398923051,9.886692432659911,9.8661597585752,10.284166935284901
15600.0,gromacs_replicate_3,84.68782,6.387912682400715,6.602822242181409,32.117752,5.270521467630151,5.4429909254707916,9.703148,66.80512233196238,78.80458331401343,79.23309558682749,71.24749857335455,61.296578832112424,56.68341712821894,78.27605736136108,87.83717905897684,77.97152399728574,72.5639726881399,82.64016104524602,82.24029548073618,7.227901669893388,4.60928951428858,7.027248009368035,6.994133551643382,7.051211818347103,6.5590279699566985,6.0468242210749255,6.965628371967302,9.37275161565214,9.587604311143036,10.702877368407167,11.389532124598233
15700.0,gromacs_replicate_3,84.92826,6.389020820347778,6.594330637035024,24.36708,4.967471287103037,5.070870852128476,4.2419357,73.86335890433509,85.86449642243949,86.39783806918388,77.80921744554735,67.47554479455691,63.786890657993744,61.42014342781921,70.41053547630928,85.53965091504053,88.1282906385928,82.74522101438275,67.35449307513153,7.408386483415736,4.581250531880739,6.2458234825350365,6.471753553381846,7.299362911564593,6.588882224912641,6.183911329488085,7.031814362629422,9.355306264787346,9.819486411154344,10.565861977553597,10.681952282846309
15800.0,gromacs_replicate_3,83.44122,6.684654595206103,6.781644005275189,1.3469238,5.109940584937543,5.2812715944529876,8.300789,88.43175884166041,75.96727501616034,73.54313140688902,81.65381619665473,88.2836471379644,83.40300838770301,74.4462505273371,79.5803885924043,85.85945075531073,75.70520915606376,81.59146241048687,83.58769061998092,7.795093637552978,4.948045509918813,7.078622975874881,7.3130882497072545,7.132877274783678,5.7639589851508175,5.6217849447979455,6.49625604356051,9.54191975416616,9.54117528231318,10.56849676492992,10.99338160063251
15900.0,gromacs_replicate_3,80.71497,6.414859289456495,6.549896883921183,11.387421,4.890411795765088,5.018246463579105,4.866661,82.0280415825447,84.91117471294014,83.6435868274835,87.52487137506263,77.29390177522978,72.8907203321212,62.24777334718117,68.6021280173548,84.13012780703478,86.08726169403795,88.00423262576511,72.73607060016003,7.0280622056284425,4.332401925839904,5.848896291782215,6.131435637246453,7.846785977584812,7.045627115253774,6.558782916365001,6.496053379184198,9.01988292630401,10.14816954555864,10.720636264819591,10.372664834800554
16000.0,gromacs_replicate_3,78.648346,6.010795316624968,6.1445097164811955,2.4070816,4.950118712401873,5.1084390216816775,11.65892,85.90784746868292,79.09715845660321,76.14917057644357,84.48031957683976,83.70240724659047,77.53643736102748,73.09323848599033,82.37675805958389,82.02786191138007,76.22579403637755,87.35394243028153,78.61803617051648,7.245661662986186,4.373797844217243,6.135237143070506,6.735099062677639,7.530306524187726,6.820202011793595,7.152587472480714,7.680235494237373,8.72240184979568,10.6495687132185,9.980884648107292,9.974490436236453
16100.0,gromacs_replicate_3,83.15057,6.073661785910281,6.249834942490932,18.3321,5.00668494695794,5.18146148780161,2.7922974,83.53381956948994,84.2595351218276,85.78387217167383,84.83859447515152,74.14729939826667,71.74441615618466,72.54550862737503,81.71729887777019,83.61347790928487,76.31891707021978,85.84909000233121,77.79248906633124,7.459128936174302,4.575086733571782,6.870967849384068,6.460481218471292,7.22942099844408,6.365206454261208,6.4775101802763375,6.4994213251455015,9.26461100160565,9.669235957391672,10.592798644800846,10.538110486750986
16200.0,gromacs_replicate_3,81.7574,5.588071391860334,5.77990434402207,26.623756,5.009098727167577,5.121316956393451,6.9838486,66.07380793403038,79.54337837210737,80.94040301191963,72.12075516894227,59.35366754999891,54.5623677055814,67.72089405836938,74.47724947370324,89.08691157849957,81.0826175072302,88.76337309719719,75.36130809115197,7.395664897732128,4.65059391672472,6.283049604476264,6.65917624051282,7.448656932718066,6.607614038549586,6.986026467819718,6.499381995418502,9.100996858129959,10.184145363961651,9.676174546707601,10.268699110153518
16300.0,gromacs_replicate_3,81.71715,6.107458471054329,6.138308071036948,26.04802,5.035986579291715,5.14741799453022,0.9496536,61.1381489765979,74.01318793177073,75.1427505494026,66.31144900661153,55.07937926612728,50.78142823171456,66.24142875997222,74.1049549662964,88.80500808734678,83.5587387589293,87.92006630494755,72.42490047550547,7.429447492209492,4.85643039018904,6.3895285272596185,6.69646382992022,7.3266299927634675,6.492778921099028,6.745160785951701,6.607220081602432,9.11268411287901,9.694332723785344,10.550464308015174,10.707594804296983
16400.0,gromacs_replicate_3,78.97505,7.327245565185361,7.205494387104201,20.762604,4.935628497336817,5.038703902381763,17.380821,63.8125424332753,51.86892322088247,50.26959704654017,57.51562474501156,66.612152864189,70.67582464263195,53.24696670438609,53.0867604573099,67.84182578882437,81.50554961237725,79.96998400896855,66.85796666288118,7.160073061938967,4.302526532661228,6.633373964609364,6.696930767208007,7.554811749390807,6.9621238221827815,7.173810350250721,6.632454734816861,9.032934056316272,9.796476020910143,10.220885062750172,10.585984550379873
16500.0,gromacs_replicate_3,82.328224,5.9725085783855505,6.184031875654071,22.55632,5.13268430473764,5.209670162256974,7.681381,77.55117402643754,88.65651125212385,86.87929003082981,85.23476564733252,74.33257321077988,68.57862268653875,67.76920953070724,72.8748138984057,86.83265018338842,83.0868289383959,88.42415160260317,76.52063815254967,7.513351396328095,4.643110881031055,6.458371996114928,6.823124801940357,7.300810518166342,6.62712646317792,6.916336253598471,6.651590861551613,9.417301510826602,9.568196799496484,10.483528437690724,11.040604343818625
16600.0,gromacs_replicate_3,82.373856,6.912130484657491,6.982194274231617,12.802048,5.061093198279747,5.262491971234279,8.984947,74.17875355009815,86.33237048491662,88.7858096325878,81.23109386996133,70.98155118114838,67.05498866590335,79.86856383392517,88.73462722566923,74.91373977847665,69.10683615814858,79.73881940291857,86.12006302958723,7.286919566719857,4.417724538120057,6.410346296984658,6.098501405338624,7.335547544537688,6.252204541086807,6.454839418952678,6.772067855659303,9.52707087899122,10.420365129502681,10.665614724825241,10.40588967260745
16700.0,gromacs_replicate_3,70.96928,6.004771872302703,6.171233039892401,12.322388,5.046091556703593,5.0125245517746775,6.737755,81.01160868194503,85.31901617826672,83.29407777231101,87.70507063321587,76.5008595201313,71.96885769972666,61.955228948191284,68.79889915620306,82.78180797096508,89.00630912245465,83.41810244734104,68.68370080513908,7.88773389535918,5.019867378218988,7.15715329620574,7.018476368026536,6.977420969424652,6.079726438747108,6.472268238531481,6.5994363436692876,9.144175275466097,9.485492340996517,10.04261410235347,10.959678859004025
16800.0,gromacs_replicate_3,77.532646,6.188074795404938,6.301763572290171,3.7935715,4.970447783006677,5.150833665842529,0.9306793,84.77961005147131,82.25399090208356,81.64681944733509,89.49776715622991,78.7529253501183,75.02867569106999,72.24552581397002,77.63065016140602,87.20158499365343,76.6002271602006,81.67401228173381,82.78975900674676,7.80229841579219,5.356790178716358,6.8461880817077825,6.91926971718856,7.160674752332092,6.473813324283645,5.880925919295756,6.587877690327853,9.021662625563216,9.093631094725403,10.519143139901765,10.96273689799814
16900.0,gromacs_replicate_3,71.47605,6.04457358479973,6.220174201276586,17.283745,5.310094328291452,5.115664197997502,6.4591293,79.3064286800226,86.72488779906574,83.97834476306032,88.57681943994345,77.49960083824445,71.12099656506705,57.49813763540181,63.730153024743494,77.16711772524152,83.36621930270232,74.48478952156243,61.87585046508697,7.464813160103595,4.821321613634348,6.438902654754398,7.289649905117758,7.524898179172724,6.700492079679906,7.232098724834801,7.144566231106502,8.59564621862597,10.565113828930247,9.711106929938959,10.134261984581363
17000.0,gromacs_replicate_3,78.70592,6.420488585067254,6.5265313348597065,18.652779,4.987822571180859,5.135876269831888,1.4251404,85.75756856971836,82.25282467401139,78.81345672722354,85.50356319602855,83.70273224280015,78.77163814816977,68.21876550436417,76.19151846859336,88.08548897988942,80.44669208638341,88.9509801568363,75.80794659061347,7.696132748071976,4.813736916268537,6.327944857597769,6.603107176505489,7.076600428727805,6.040906341465058,6.225277636951792,6.498590468402906,9.288719059053143,9.955724342334756,10.899475856351158,10.853389004750278
17100.0,gromacs_replicate_3,87.03797,6.498566399080644,6.69599871205954,25.792076,5.050163769727583,5.176115066860154,7.9721375,79.62451732926894,89.18733733213554,88.59123048190112,83.44022985627865,74.3170824628303,70.5117912818295,62.65105086607103,73.07533379775096,88.36384065230497,87.4915174885218,83.30551862667099,68.17589372518019,7.3335579020016,4.363836967972093,5.891502139842182,5.928322903498227,7.566407044389871,7.427010439473365,6.883793887926653,6.567717505976062,9.33734275749767,10.315363712321991,10.603896893420554,10.667970027044651
17200.0,gromacs_replicate_3,75.929634,6.2129030127277245,6.3833975286560936,23.939857,5.156831871521762,5.224343388358968,8.280273,73.24243457192213,85.48423610541782,86.3056397464958,77.50538681429015,67.03244455078091,62.73333323749472,58.75525804292264,63.493526003931095,78.10028864081436,88.26361536732716,82.5303779499597,68.00920349298141,7.369485025932483,4.5030483956055285,6.4070196105046495,6.016032736221516,7.6875104410719475,6.769499121142662,6.931286607006784,6.528983128006755,9.002080323949643,10.596043497064073,11.138473238398252,10.240077284758067
17300.0,gromacs_replicate_3,71.99881,6.537171299473016,6.6518988187880135,21.211197,4.6991595848005225,4.946512731334548,18.562958,68.61488596195584,80.3278518912872,80.47828822877838,72.37963582121303,61.879092867154576,58.8033635735803,78.09755911891658,85.43572678037914,78.29864838423286,68.66558043007146,79.29217965032845,85.62673203721542,7.353001610799708,4.574051530922671,6.153561556234563,6.602469412830366,7.794344707613065,6.852447533069003,6.721017475495258,6.5779642491316395,8.731113049018813,10.016087339887987,10.901678677049437,10.247535554136308
17400.0,gromacs_replicate_3,78.95669,6.661505748192692,6.880427426230048,28.8881,5.364415606201419,5.3505698237356984,10.070801,73.78575011703624,85.30330293089494,86.68653310504868,79.65742439857102,69.72198316540263,65.56941131115838,53.17663487978389,58.67329761993968,72.83012982476902,81.963325763345,76.66610106322553,61.92209952621296,7.378553926556044,4.823158481095124,6.397763725330979,6.680928411660809,6.911975533110663,6.669676349277518,7.014322404285254,6.960746904556297,9.353492621876903,10.618394734454743,10.443568075350953,10.395405459699788
17500.0,gromacs_replicate_3,82.41007,6.235490007004268,6.217627701592864,5.039009,5.1205086279568075,5.306763938855023,16.819328,73.04324591431256,84.39195853134002,83.44291221214702,73.96430617185236,63.7091865041365,61.88945895405478,77.46433058091195,87.49021295920525,77.84613448840447,74.63588717844421,87.18193082932892,80.09220020823204,7.009011255818847,4.510890153192815,6.161026725842684,6.741779570365611,7.279117707155783,6.8385935455338345,6.839767693876116,7.057409190398874,8.903924577208777,9.91329560712107,10.568115813760484,10.163151015678745
17600.0,gromacs_replicate_3,73.86666,6.517845381438837,6.580527978836958,6.8185577,5.203056509625462,5.383850650132397,11.104637,88.84417085990239,75.60071464867023,73.10595038413453,80.74201111083558,88.59877531991009,83.34630556147316,76.26886546910464,84.7832337266665,80.21527670829066,74.05124829018467,83.72019068456147,82.01038021447876,7.432168761274318,4.668946458653382,6.237051496951606,6.486657962287904,7.674902123050659,6.5195358438394795,6.342648343532803,6.7246267719576975,9.23194832781962,10.413903343569327,10.67830816299076,10.401073063617222
17700.0,gromacs_replicate_3,88.79948,6.16025377890438,6.301667166984741,8.824875,5.092990809304873,5.221146153627543,8.569687,88.1984180052347,74.36361708864645,73.14278176684954,81.97781508864779,87.42036591942167,82.6120562531569,62.435985692400074,63.0898772197767,76.89084663071675,89.8641405878766,88.02375945440014,75.35788913416324,7.7951476765571375,4.639244418794502,6.481054463397401,6.5673261091293735,7.284097496647227,6.268980195284265,6.3168449173726815,6.4418457173763715,9.326467193595816,9.04623314636644,10.49829739727437,11.232614886710154
17800.0,gromacs_replicate_3,74.80284,5.888244995196363,5.952244656019167,21.346413,5.5726359108536805,5.634262946446723,8.414803,63.67224697112232,76.23127867618444,75.5954472972133,65.14490030766993,53.7265796029973,51.248746910919,68.99412329880015,75.75106016391847,89.07563158578108,83.00417968635888,88.8423240758195,75.08901456390004,7.469702142075141,4.814936972826104,6.919060255040572,7.202045793459429,7.124137416714343,6.515337543932356,6.477612498818639,6.6582927392718165,9.433039258964344,9.774634081412447,10.18582841254928,10.743668270266102
17900.0,gromacs_replicate_3,74.79199,6.070323821665292,6.07808390663057,9.737404,5.003182655387135,5.013642848589163,0.59952545,74.16319828054023,60.44014293771067,57.227119752085244,65.52280031147984,76.64182466145385,81.65245663048394,61.04471920143809,63.49513630281594,78.3334916199326,89.67602020861526,87.05936606432068,72.31795636630326,7.3591628438505365,4.6858393311723345,6.642261157890645,7.0339860024594225,7.46521003464902,6.621781338990371,6.912524041441668,6.940944417546475,9.539879964914784,9.035161670984683,10.216542948935667,10.760204845524166
18000.0,gromacs_replicate_3,77.54509,6.06405959597178,6.195698746567129,4.037216,5.178898243069462,5.174990764999576,2.0596542,87.07939567966326,78.10384373307596,75.20996913784127,83.82367429618257,85.08688494797192,79.31285455542165,61.523668452244614,65.86685549167437,80.1469854139529,89.50651614366457,84.9430564305854,71.0331592867609,7.714781313890466,4.804021507594261,6.703383354253391,7.030069831918821,7.157079767988989,6.507540992479404,6.540820979007991,6.816466101127836,9.244751672798639,9.720605239157468,9.907788004634433,10.723547276395879
18100.0,gromacs_replicate_3,86.79057,6.045484023517442,6.096084177468231,22.518295,4.7347328512897775,4.935165698030478,11.60096,63.627618344812504,76.83821894375801,76.20799598996666,67.71581661576586,56.501065167712426,52.4588842135881,74.02646046224082,81.290127196424,83.30995314826501,73.91078502962617,80.64126172294927,83.28590302430324,7.483110569494233,4.670600081783569,7.040464185494478,7.14929640117919,7.4975186957543904,6.279532279598331,6.156549674611221,6.723582779036391,9.376961726535672,9.402992324442357,10.239880064125984,10.95255178045869
18200.0,gromacs_replicate_3,71.59658,6.863969831740422,7.00468047260919,8.381836,5.06908578828629,5.164366661656866,12.7105255,82.63949010048684,86.10776108213955,85.5496562126514,86.18829699361238,75.64167833399642,72.84711900530168,69.96177957463576,78.22596234326527,87.12106549345789,80.41427048676645,89.7279966374012,75.53478987717136,7.713002672229024,4.713314603220616,6.710264124660239,6.879400261407204,7.391340979574614,6.4644659446086985,5.920191831969625,6.409505614849874,9.3354306276836,9.29674007371182,10.546765508494556,10.82017197576051
18300.0,gromacs_replicate_3,78.11327,6.7851625031915646,6.9013632610342235,1.4125061,5.167873557304068,5.347671308321019,1.5050201,88.907643922576,78.34515563389692,75.80434845957332,84.08896317298434,85.64947110331886,81.06737333860242,69.34040577689959,74.55535212585728,89.29052447350313,80.83377276998665,86.2460896908087,79.42872313225321,7.413940006772259,4.605053427146697,6.56898558777481,6.866217282697722,7.464144503054054,6.511714049369018,5.98176864802997,6.42786630365416,9.800632371914439,9.874058845721404,10.792875671852817,11.083945561625537
18400.0,gromacs_replicate_3,69.23236,6.737593110036355,6.788901114533731,11.885887,4.7974388714938705,4.950521394710921,7.002426,71.77202771765637,83.37850769091895,83.909343644595,75.2506137921043,65.1594062023185,61.966922731801965,70.09718931262103,74.573379924861,89.61103929266419,78.77428266225196,83.64667821489026,80.76191985007225,7.46802772667477,4.536538411771703,6.257023864167737,6.544161585235057,7.002207756411762,6.245603732410815,6.55055436591253,7.093485342221597,9.63989378729024,8.790514535939296,10.545741448866034,10.935507459683164
18500.0,gromacs_replicate_3,74.8244,7.386800505014772,6.797827969634575,26.550278,5.049780167784368,5.265582405039107,17.450348,37.66226031442238,31.08917644300787,21.9277522573762,20.884454613938544,27.99005161117698,36.251874103079125,79.85055693104675,88.2385958327312,77.69072859236553,69.77866294123655,78.95360041827978,84.94858831926778,7.6084431573120765,4.843949584090663,6.778175369153636,6.7636191130112335,7.053300612062813,6.20997637646458,6.451113018356129,6.631948336208203,9.10097183260672,9.839543642074638,10.49689959021992,11.03203541653102
18600.0,gromacs_replicate_3,76.61824,7.6198199185188,7.216475248979935,29.914528,5.13823761745892,5.212698187543073,0.6186218,37.5308674097203,26.705596010673887,22.319828762635744,28.567763183956227,37.63525869103324,42.38000734709519,65.32363483663504,66.81380250477133,81.1511682029318,86.44717109039243,89.91383598901147,75.86179689301049,7.356972678042559,4.439686380886161,6.536540998317261,6.526081232746924,7.662944891779152,6.854362690593004,7.3872684059659655,7.333965041775795,9.324929547043094,9.496181724925586,9.816346338839331,11.083516516671997
18700.0,gromacs_replicate_3,77.26943,6.67293541876199,6.0706026554787105,19.312767,5.0619753039468804,5.11343450912699,10.196938,42.18736791062415,37.059611071783145,27.450032607272263,23.494869081545914,29.628911264327538,38.32313800449166,68.73680021318415,72.13562792516247,85.32506867678691,83.11394235588885,86.89951079023497,77.58143409827075,7.813516092264955,5.0750474668240315,6.704736511434336,6.579632446053172,7.540489148298734,6.524938538318647,6.698005885165043,7.077011152460919,9.58041297965817,9.080413320076971,10.258897137646349,11.201904362412849
18800.0,gromacs_replicate_3,76.4988,7.122168065873607,6.358912261213302,37.097298,5.197117328008915,5.225801212521157,4.6048203,16.547075543680144,14.429966803889316,9.967500807471119,1.6204116338838508,8.281379420588088,15.127138822444856,59.561696266897705,60.15145987258645,73.68863246061794,86.62697340495005,85.00666098763402,71.70569904793071,7.6107408441870925,4.742853368202466,6.470075102194876,6.724429138375636,7.91114013066067,6.558456788866593,7.099321000133596,6.86495439492809,9.176458704704592,9.424047098477683,10.11450406646713,10.767256828595464
18900.0,gromacs_replicate_3,81.28088,7.725278507061837,7.053968066173374,19.793373,5.077166450462966,5.259479376690519,20.380135,26.473533366496106,16.242166289068532,13.171866319212558,19.699287017048224,28.38801810654552,31.9927545369592,53.98956813245535,59.99156826501585,75.12197562666081,83.89832231504364,78.59693524277758,63.400084870723994,7.182696846172641,4.629702961982111,6.34693435272236,6.367632005473957,6.953969385839327,6.414518585336602,6.473297823930621,7.1928707670886505,9.317234091044305,9.893404158130915,10.398978916787442,11.146053510358874
19000.0,gromacs_replicate_3,64.294136,7.5299112814183164,7.196397653995449,44.996918,5.009801242436947,5.199742951794854,19.295753,25.209862260530556,14.067627442505282,12.689474723630227,21.59459493130877,29.862872258714333,32.19346724445388,76.82673814933743,83.20081928443062,82.0268762335226,73.24035305775146,81.30722097602647,83.87541103339626,7.6157989548571745,4.628956962257794,6.583948411413705,6.353929860985846,7.581735203893558,6.406422012222439,6.782935462100408,6.620159039681015,9.196574742082557,9.153020284337453,10.63853369313439,11.417102886833039
19100.0,gromacs_replicate_3,79.84055,7.435841082833708,6.948834345782284,30.643784,4.896881710551514,5.04729986871318,2.1125183,30.49877485612251,19.876063738094295,20.42413891128311,29.01656389978063,37.647563745789576,39.15762199373896,65.41064194322986,74.03520853999449,89.66190133458281,83.01395768927854,88.93588341871384,73.09148977264779,7.145630145660658,4.279998938449475,6.032265135320697,6.304964938192845,7.903270726383575,7.085194084655085,7.162551503790933,6.720985272925558,9.238339024848125,9.461045939423144,10.446297815053459,10.853527269643658
19200.0,gromacs_replicate_3,66.24341,7.197557277773391,6.610448011012683,38.939266,4.989432933417642,4.990274001895073,1.8666763,20.848501600741404,24.744782130601127,20.42269369118966,11.71980324365223,5.171450385099182,12.460512250269042,60.79736273098061,65.55203980898156,80.51517516052506,88.72631660938819,84.86856409835092,70.2724282564851,7.675115945323094,4.784176638775689,7.008151952454289,6.968135188637664,7.514076847763681,6.532777454024636,6.564630852844565,6.721574648226368,9.752715834067748,9.132081108583618,10.175950142246336,11.536369334060657
19300.0,gromacs_replicate_3,76.10533,7.892677050615276,7.230026708070561,23.25653,5.031112748991588,5.210016067728761,6.7538605,27.633096571398802,19.394417884917818,15.269526839569174,19.510828662685856,28.198585047818767,32.22717709826072,82.67028100205378,87.90308575785528,73.63304167895981,66.0375039940771,75.66484015537067,88.06437334127821,6.99480262346409,4.30624569472047,6.453226827893221,6.450868144896531,8.160987868955635,6.8854310981387,8.114106986213887,6.890935467831455,9.48152711668801,9.560877826103548,10.491490522716012,11.469825288637123
19400.0,gromacs_replicate_3,83.94948,7.8531330329252675,7.104496974360906,22.667969,4.885288724026468,5.020230472383701,15.917969,24.225164594888383,14.625677022302712,10.952112500967644,17.310052196345772,26.01440059114891,29.56960329594112,54.325439602701245,60.81240857862041,76.27306866046165,86.05387880054468,80.31887279615317,65.16312776489507,7.156613769442578,4.446632109964502,6.535149309773911,6.419873554801559,7.633828746835104,6.628309968409273,6.820836741297043,6.963947819535037,9.337119663855894,9.879199899709185,10.76978265287164,11.428872405318351
19500.0,gromacs_replicate_3,82.56761,5.727455062246231,5.818736179493351,6.623947,5.048521137528226,5.08697903088458,7.9563675,76.68440432414896,89.36352494579316,88.782005944235,77.8649609826221,66.3809302905841,64.69216554081306,56.91805709586751,58.46618502915985,72.71395932420509,84.34607615110195,81.99014103983585,68.54520621720667,7.309550273486271,4.485629186328446,6.450041778044648,6.851056524814796,7.525505547213329,6.827637300703326,7.055701712409514,6.531905403223689,9.770938096515234,8.976128536252382,10.103485903369537,11.3531671229759
19600.0,gromacs_replicate_3,71.7469,7.829657977588893,7.457886167049171,11.078308,5.1466261120015036,5.144831304460924,3.2551575,57.48879326990044,47.202943104057255,44.48562145806545,50.35676417562312,59.419957918875035,63.50142618343518,58.832332118724864,60.558573202091864,73.97007074791205,86.33956669502531,84.4685071170821,70.23596431443119,7.258415435363331,4.419162877793461,6.076712252054021,6.1703599545148835,7.654028521414422,7.08010814561294,7.314666655724919,6.735704220590955,9.595200742566007,9.303466359933495,10.181872081915095,10.713335873301551
19700.0,gromacs_replicate_3,68.259636,5.592917505433037,5.866533918547955,26.098488,5.598258485279877,5.367706717729075,7.3155212,75.90262630686803,87.71812575966275,86.62707652784921,76.12431775423708,64.5742470755487,62.62997329014971,58.348868883120915,59.80634789050081,70.90362062994662,81.51077317777714,79.7971123193326,67.46722393532833,7.020788651105106,4.25559835737219,6.473775579351732,7.131177556765027,7.7870559102081875,7.12890473963144,7.545184910947866,7.403030164065301,9.371252186914655,9.51826908079374,9.478804654703215,10.418563487958682
19800.0,gromacs_replicate_3,76.15912,6.183104332057977,6.307435442859068,4.084839,5.268783118340319,5.322204292816885,9.14196,89.28761614429142,78.91216427944518,80.44113049206452,89.6729647579505,79.40281004858173,77.5007576496263,57.22610226636717,60.809201742186154,74.9355913254974,85.71546618117281,82.03923928197185,67.209502203601,7.432297384735112,4.359075669932087,6.171253117419494,6.182435069605945,7.581069494579151,6.535957257242858,6.746407918200082,6.625531905326426,9.66098558442118,9.184481679365549,10.568918296814175,11.040098485712003
19900.0,gromacs_replicate_3,74.03499,5.723318585812082,5.895679556731283,16.158424,4.977199971373369,4.927210188558431,5.376549,77.17384082598602,89.77397296664465,89.59100067976554,80.05822267803424,68.72637636040992,65.1271726298334,54.13862090303954,57.98477563179287,71.41219407200992,83.05416959207137,79.81373583437657,64.78450464290061,7.319400808330317,4.484253127174853,6.6509891053094385,6.869076917612492,7.47029207870503,6.7350090789997905,6.869770939042476,7.137901106907509,9.770392799777712,8.717670220637201,9.689902809165304,10.765056611472152
20000.0,gromacs_replicate_3,65.66228,5.696597366813984,5.803409102815948,2.8135757,5.195856800134476,5.257166299699211,16.785423,83.27185766879181,83.29133778209244,82.39382039616868,87.09916904172857,75.36326682367948,72.42258414037806,70.89848888687197,76.30935997252838,89.5029703421881,81.15699575136524,87.47344009052965,78.23900453737582,7.762515446548967,4.918492151567245,6.57526112083079,6.552065542993405,7.311789610298245,6.060910398134146,6.122317050486392,6.668386666456465,9.688000208675222,9.056182189396852,9.671198047736775,10.584405578598872
20100.0,gromacs_replicate_3,88.970505,7.7217340478765975,6.923609936684351,26.57423,4.765995281530545,4.9542407842423914,8.234222,20.041176136963,10.360493118303392,5.580572843834848,11.574906603573988,20.6409788765695,24.82034685550438,66.39993324254381,68.49983024585454,83.47871616928249,83.69688653091232,85.2015556033225,79.84979258414175,7.406409838385894,4.769650188654003,7.044939018608198,6.975239266693262,7.555678342608948,6.530567571298463,6.455339823431754,6.384894037159319,9.809309388232519,8.859062586488191,10.196035228954594,10.876989545601035
20200.0,gromacs_replicate_3,73.13306,7.227593965939705,6.812317979699943,28.18126,4.929917554611368,5.2330949390461265,23.637695,41.122311313360726,30.62496702497273,23.32523510177934,27.91562980967958,38.00109952877393,45.015988015794676,88.76765033630534,88.30653835003575,74.27586702879213,60.52278800354035,65.59794435270264,80.47634457100487,7.627085215180428,4.770893572675991,6.298946660268564,6.872839732053985,7.364740791494136,6.328286585173035,6.176990588862873,6.6682604859193715,9.173342667111228,9.05705306975149,9.992061134592214,10.634979556631666
20300.0,gromacs_replicate_3,76.79926,5.8462152052281215,5.683921841263027,15.1987915,5.398163825149329,5.508142242678339,11.951675,59.74334234251774,70.51690706720916,67.99166416072423,57.25241478167461,46.82639104797608,46.928445374231195,72.22477663326404,75.4347239885204,89.19150853023869,80.21591569181034,85.0017522362945,81.9239378053821,7.658898572341857,4.93831452785957,6.481434548971534,7.121848418613041,7.798459398629165,6.612179147046937,7.22715167754677,6.662694234405777,9.281026944396363,9.962467744153722,9.30514450723465,10.583722600181588
20400.0,gromacs_replicate_3,76.060036,5.778446133683635,5.974791778816374,19.984573,5.419187451472951,5.516619653127488,5.918518,73.34674807132295,87.60327215306047,89.67887534448776,82.01684908442863,70.05531915963438,63.68286528710527,69.56034691960633,73.55691978881981,86.57067037529039,82.83893667398544,86.82146619615978,78.36918680547159,7.071779911734541,4.505450366480371,6.276822408429701,6.444461243440254,7.939040828163908,7.129107709561324,6.982757868965438,6.57770880569151,9.467394220356264,9.38407200782671,9.879929489967973,10.681685542816806
20500.0,gromacs_replicate_3,83.27544,6.289590212970244,6.39358641213781,2.003456,4.968374798932569,5.086359034031742,3.0003357,89.42118976778055,77.14869439569765,75.84493337024918,84.2030452700395,85.05504436728471,80.94005721886117,64.19984788833673,66.63570323484709,81.49333915819889,86.4303187921972,89.47547489447257,76.33118806418986,7.690385795727017,5.073157565852888,6.4531565981533605,6.436114253929615,7.464321037946383,6.531016092358211,6.274171885898919,6.805635103439445,9.213806581102556,9.15232106679878,9.86580176352393,10.815076389119772
20600.0,gromacs_replicate_3,77.475716,7.233847852104367,6.58654614589602,25.852478,5.172572263178918,5.219589166749167,5.183708,34.748747272059234,28.18356853719309,19.765425224314406,18.32569964103773,26.01433614213196,33.84654001959505,65.53465735683851,70.31094748378283,84.2338335220771,85.58879516614307,89.00255193458352,74.47282303732992,7.345501611819439,4.516029255414245,6.746795604614966,6.854905935860997,7.691375423891029,6.263235785438807,6.696722046233211,6.776174026153422,9.492512845489058,9.238881779460536,10.15617660607546,11.031459161491364
20700.0,gromacs_replicate_3,74.5836,6.564652090498687,6.695322926631828,5.049225,4.990818843949806,5.22532280883765,20.158691,87.94813196743385,75.81163489459794,76.08358057178795,85.77549458804509,84.40786366651318,81.84765195339169,79.72489232445977,86.14245059536694,77.81325017002062,69.99699605812255,79.36982031942921,86.19632764167882,7.224804583651128,4.336926813338795,6.752166466655234,6.923653291810465,7.389626788629782,6.269795932418561,6.333429057312868,6.580396044660396,9.745450088253985,8.760611207055502,10.315450276468775,10.99439929458936
20800.0,gromacs_replicate_3,76.15126,5.812542006103289,5.808475800026235,4.7228165,5.1729544697599,5.183228217960135,6.1194687,73.23959579291122,85.4405655327953,85.06555656644564,74.48582348933878,63.23782359785295,61.59175685067814,64.80697655814629,67.84048685232565,81.38900107265921,87.39505117904777,88.5394746329346,74.94578382053555,7.418490634912655,4.546632836075668,6.947123946680435,6.851184589190569,7.118337604644505,6.0164638664490075,6.137246518745154,7.028551922948722,9.713587968996963,9.099793286241466,9.984987891362744,10.900637957616128
20900.0,gromacs_replicate_3,79.698906,5.661059876168967,5.8186556525381885,12.3908615,5.154020510612123,5.012398313374172,3.769287,82.2455538483991,83.30813450570484,79.69398084375186,87.96286469072365,80.32428242699969,73.36178377965189,52.12930243933836,56.54300438088763,69.93712780149215,80.43740950409115,74.99021923201062,61.39794305786388,7.043753139404551,4.242856533621714,6.507474260015193,6.651378664041571,7.574705604423357,6.702890351811239,7.103261369334216,7.269478629922759,9.47147825643286,8.723204842636195,9.478274669936457,10.475445956967345
21000.0,gromacs_replicate_3,81.22637,6.223858558391409,6.347772837463042,6.1457367,5.418161925987307,5.529158851708772,9.693611,84.35686059923779,82.02544357720741,79.67581534904195,87.68229792998295,81.61397532848807,76.21192405328313,62.000368425048784,63.005655177794935,76.3851465706775,88.11812398357378,86.6717942842799,73.58366713974962,6.85721704727602,4.365155427089841,6.200171714900451,6.744558507488672,7.3598350694078425,6.606688654332291,6.656942422877339,7.0553167852926695,9.987596940268574,9.835093867220703,9.798926282440462,10.68139178419682
21100.0,gromacs_replicate_3,85.21322,7.384566026572034,7.260864697299014,17.161598,5.6917420728251455,5.847052866896709,1.4306946,66.54249920973469,54.24222656541401,48.56274748723696,53.59858753591334,63.49249192985034,69.66478363877842,78.99017792290822,78.11668618627526,89.06772496690014,76.76541525117372,78.41614812009215,89.68421389951659,7.023730775398701,4.344210622254419,6.343552118277736,6.2861138076628045,7.550108236245212,6.858087911211262,7.37510510400816,7.0216934617465006,9.677545308099102,9.937809063358275,9.838152773013846,10.604811234378756
21200.0,gromacs_replicate_3,83.12241,7.8099258999494126,7.472727672467528,17.10801,4.8563466857517605,5.00864121077248,4.2228317,49.34000867998414,38.26826002239673,34.95648745219743,40.53284624757175,49.44028581351479,54.1864068762138,65.58781205917364,68.41475628902228,83.63410240755191,84.72261581410788,88.17780282210865,77.08855031709216,7.6694138369409615,4.718371131808647,6.377071186497998,6.361599526027452,7.74699505588165,6.386725618083332,6.262517160365017,6.250297668647819,9.362087590473557,9.719007476840217,10.408584208617373,11.0736992397917
21300.0,gromacs_replicate_3,80.509705,7.079077738452886,6.631301048901633,24.32579,5.203322562975809,5.333826522492346,5.317726,38.58276204434033,26.58408973490848,21.69032489012168,27.8648630434087,37.7741418589569,43.297296470895034,71.64900400934957,78.37695246954367,86.3887719923425,79.40350528763625,87.09579338197814,78.26826107602264,7.414737561123525,4.884705138612804,6.308066722911732,6.415689975904345,7.754598752797479,6.606440729402141,6.556631888075833,6.480043577435124,9.336450949569432,9.795204758252444,9.651077023906277,10.317052584675775
21400.0,gromacs_replicate_3,68.1521,7.245989750539351,6.9460336006373815,22.189575,4.927089391108108,5.10792185727727,13.614441,51.72214794761848,40.39617134274905,35.71039519210255,41.71731566477252,51.875343447311195,56.84323718722361,74.10064197140935,79.0290210807244,85.84075772205601,75.14458717341846,80.90892549783598,83.34980959092017,7.7468221640379715,4.903632626852437,6.626187711900351,7.0204334385347975,7.420438546231704,6.142144628797502,6.046242781055244,6.652219812366838,9.5455490822534,9.204088927542896,10.10825722224588,11.186720518597829
21500.0,gromacs_replicate_3,72.395424,6.1708236106103564,6.213559643884037,3.9198914,5.252145692728083,5.272978349250625,0.9684143,81.28546088622969,86.37558324048526,87.72185470592213,81.84652822598729,71.7058401183737,70.27694894735103,61.28112416906885,66.49579574341396,81.2999866874364,89.78262485679865,84.54432055456265,70.86220077528709,7.26049215966024,4.462905057276574,6.438923259659061,6.474232960526399,7.968938638110193,6.48984411035819,6.778213466397633,7.014651133423622,9.561597015543171,9.469391668055998,10.0518385176089,10.697497965788937
21600.0,gromacs_replicate_3,77.46609,6.1721265233583935,6.181704267726272,26.465103,4.91406214888447,5.082086926082904,12.487061,89.60097137758302,77.36862760184502,76.16557549983413,82.88321391894127,87.07189711980244,82.0086441832971,82.81426204311695,88.14014851501796,73.77546182387589,65.39687811830647,73.55502014640207,88.75018084969807,7.704180314746498,4.84440875054412,6.564438997217523,6.732518511233803,7.4162566900767155,6.588145460206871,6.928021165864203,6.984066502411915,9.172986019727817,9.293706373879452,9.950443150324956,11.03711062273324
21700.0,gromacs_replicate_3,68.94357,5.783488518195286,5.894694895230689,3.0989914,5.111792162999329,5.222865614867853,12.784485,88.97970740347698,74.9788073321382,72.78737109291178,81.95807608648367,86.63247251252889,81.43204700490543,71.06913394660984,75.7408867605441,89.6138387890703,79.88837507186247,84.54750744679356,80.57018412046757,7.762732622515193,5.1846543091630775,7.31881994613769,7.718240801838938,7.40490974895327,6.378509949909654,6.642298264140396,6.8203767311540515,9.647894340198462,8.788062514876911,9.801616821356353,11.006726868377923
21800.0,gromacs_replicate_3,71.03611,5.833367244622236,6.014791791490869,14.940292,5.359901216201131,5.206777947311073,7.263359,81.58152580255148,84.67680363398556,83.19056075655006,87.77696392650402,76.04838504537018,71.04383150402403,49.315089031233484,54.55258095226283,67.77250446298093,76.42318450654186,70.56158430101613,57.02468490457288,7.30320336436985,4.439476402136095,6.691385385653764,6.852625154619092,7.517669068860346,6.511629164077926,6.841905340363554,7.118385015042427,9.847067618333156,8.749876524360749,9.840254707930908,11.024614798142416
21900.0,gromacs_replicate_3,77.54312,7.636037938718496,7.14043948834669,22.938614,5.34799384780333,5.315626240621909,10.131714,39.20633394122489,28.748972091888678,26.169644185457557,33.361112207773644,42.00415572271283,45.451463966999356,52.620220273120076,55.8835191034322,69.62617016257863,80.21416922465083,77.52280906681318,63.63018769439421,7.329052358422491,4.577987819306371,6.470662320549216,6.337670116133494,7.404819485065221,6.500411895897941,6.4874138098333995,6.635185630581417,9.75756752091918,8.831846246205938,10.600182704712413,10.955434833997042
22000.0,gromacs_replicate_3,81.73745,7.5641290732979,7.110111851416494,18.818604,4.913606299650369,4.983761605077409,17.258804,43.77071425703123,32.4604843993232,28.971869128389326,34.76183167237465,44.0798936097121,48.694808296719756,49.522078066243225,53.514368875152364,69.31493080653925,80.17329539526659,75.80587379312348,61.06650138676513,7.480262314537871,4.549435158170865,6.153286183880641,6.315195763754098,8.085702777224748,6.581891266248725,6.578516729826642,6.672661537807666,9.566706823955062,9.527485487485075,10.27072257327554,10.93970936886899
22100.0,gromacs_replicate_3,74.24427,5.856789675099431,5.97055288651619,18.109047,5.015115897997403,5.040133048550776,8.834274,70.5283812257001,83.29373420702842,82.49633605553191,71.80284752936637,60.43556214339146,58.23057648317571,65.37375663671295,70.72571813867174,84.90932537301835,85.06595557939941,88.69680161071315,73.55702234645906,7.186060284424806,4.635677682761798,6.562607630795428,7.129957979549021,7.49751594970899,6.601497313314926,6.86884462283309,7.249543230444755,9.677215375784748,9.068414330706698,9.823035482998138,10.94974907229557
22200.0,gromacs_replicate_3,67.3872,5.366793746072608,5.538853580504319,12.99662,5.306104772000914,5.011839931161566,5.3454056,76.97466436996316,88.91661410302585,87.48140998310296,82.56037737807122,70.39430057845217,65.43236039165669,53.46865492516559,55.583851270535654,67.29317907793808,77.92467309057898,75.55378073890967,63.45771893280036,7.554607358361651,4.710273656347763,6.92258153639322,7.246015500432784,7.359579089016745,6.554548292558578,6.746355382860847,7.282626263995212,9.558278699899665,8.80849784373839,9.432991296326632,10.733094235677127
22300.0,gromacs_replicate_3,75.04939,6.053479133890258,6.165573548954749,10.780167,5.215802196224341,5.187998730974686,4.1383514,75.84765862242803,89.10287724365551,89.59953910354812,81.53024172741085,70.36070879390502,66.08253107392257,56.744649409110195,58.66434866368243,71.54230117456284,84.0969655064555,81.85355030555306,68.68474167704267,7.423379473639573,4.637224877543877,6.688546232756073,6.72641468871248,7.652514008964231,6.520125280773447,6.55457183846536,6.692411298567548,9.215633868187336,9.229914960196675,9.79178212347083,10.642805233408195
22400.0,gromacs_replicate_3,67.34862,5.890986890009598,6.07039967308875,26.384575,5.493485568362682,5.338247223417666,4.7869186,66.52396121269243,79.37435249344037,79.73654126288159,69.75937866255029,58.47703398610197,55.23369845389055,58.729572871732394,61.922683015104326,74.4280807991153,83.48548015767037,79.33748098843097,66.61597679324043,7.136583318141014,4.337738564526532,6.197652445842388,6.516028734264803,7.211792577926836,6.395306964601854,6.265428884193478,7.094751338420191,9.882180011570856,8.462256957857822,9.754672627164712,10.921307623833933
22500.0,gromacs_replicate_3,76.10266,5.874599816948817,5.955938241057614,11.037117,5.148034269158721,5.166162543056047,5.3052597,72.55854755536711,86.72972035936704,87.72478482981859,78.78835836863146,66.8864222406358,62.720008000509075,64.1232230036273,67.11748785880036,81.1837018025725,87.2785466089216,88.39300343225406,74.21139114116835,7.361307583308554,4.617680466806019,6.567283417691508,6.714279196498152,7.386522868309888,6.453952346788188,6.8859527126903055,6.767313735738989,9.73116341884191,9.248668536085162,9.883025220436505,10.882456400583985
22600.0,gromacs_replicate_3,89.57478,6.161728965093785,6.371795100395688,24.062927,5.057307286125404,5.121585249498299,5.477844,76.65424967407952,88.89601058041559,89.0039167942539,80.01200604301206,69.71779520489362,66.036878815741,59.6964719726062,65.3385370445417,79.75747256725367,89.86801338209506,85.47511213806891,69.60966188727058,7.147379524106171,4.474883427980894,6.738727623314405,6.799616109421474,7.352435202825321,6.308977348587174,6.123378239904861,6.967775942967439,9.972191680810935,8.785983704235196,10.074429512678085,11.153516865686234
22700.0,gromacs_replicate_3,70.45402,5.7184160291243975,5.880004504223766,8.714401,4.9971799893442865,4.981285933742995,7.2949295,83.25861622487632,82.97030349827747,81.36653825130576,89.58446941199409,77.3672809099046,72.94425337818828,62.46027365007378,68.83615541935494,82.9857238087168,87.48434487902988,86.098784205081,71.09217909574048,7.24061125199438,4.356771485886629,6.647190273986585,6.670554742698764,7.5194571707387725,6.187480155813268,6.5738306307228385,6.474577350693557,9.367209222288041,9.091535130073915,9.836951795624186,10.469123396907085
22800.0,gromacs_replicate_3,83.02447,5.892354011746994,5.977340341776873,12.476418,4.99948250482275,5.11284860970715,9.846817,72.15780251471861,85.58576587356649,86.16211693660983,76.60714357418253,64.85763494749976,60.59172611938299,69.19059760963421,74.42236078496192,88.42504269597624,80.68596292881581,85.7576869796132,78.93782348703294,7.281799659146283,4.692495695789081,6.697623276968696,6.804612230045336,7.685898677241672,6.106446281298389,6.004487863610989,6.365161344065719,9.40699721830691,8.552967550516174,9.809577430796848,10.802821737496183
22900.0,gromacs_replicate_3,73.01909,5.88045151123932,5.9523984060696105,15.555489,5.050098803906883,5.040925938197729,8.379601,68.53121977307823,82.65581004110167,83.65259291445697,74.69512493375352,63.205966118694,58.802386551127725,64.81076331888639,65.83004903184063,79.70348487338607,88.17469699152522,89.90209808046627,75.87600994484761,7.441907135593872,4.576418740362113,6.241366289965005,6.422126108064675,7.3425859834631275,6.32814339084366,6.25854259604347,6.967840198287322,9.968880618980283,8.915059083834148,9.805504692315541,10.717520523511615
23000.0,gromacs_replicate_3,67.35903,5.5717294116270155,5.7203298869553745,15.38903,5.054911189372139,4.993880646036213,5.758217,75.40771173417335,88.8395298991847,88.62447999143257,78.5097087501913,66.80700236815899,63.46175197390954,61.88080752955945,64.77648370024575,78.03198001080656,89.97492141538493,85.19073713390249,70.6151584057016,7.569014747542353,4.796292890563305,6.533401908828676,6.739589226800839,7.581005286781063,6.353309002340896,6.269908407860679,6.870931472451486,9.606775897565848,8.882589644536036,9.877022263424918,10.366457663445694
23100.0,gromacs_replicate_3,71.94582,5.829119884007817,5.9587146067467724,2.1267853,5.232462330792467,5.173274414901926,8.218964,87.42350034483138,80.26029848260552,82.06631887121803,86.92222200835994,76.17920446088954,74.94774830971313,51.68497699157506,56.857947454238754,71.30432175455859,80.45145284922198,75.10686331540872,61.32388107183107,7.447553248896444,4.377119598098498,6.563803278148676,6.4843709095842685,7.619895785351269,6.257818113805208,6.645819566865705,6.94214696915356,9.98955072892026,8.90295914858309,10.309116023285194,11.146747660933796
23200.0,gromacs_replicate_3,74.59085,6.200350653798394,6.307581829496968,11.339485,5.190946405974093,5.222749592729902,5.1432724,87.5850887973697,79.34761397158822,75.75038897444573,83.28657437339966,84.95046051681858,79.35695188085056,64.63041607838213,68.60271573326902,81.24922111049199,87.33400172194064,89.2713465078152,74.61940069114952,7.342662921488142,4.530086558197345,6.421076446828206,6.975363773198535,7.185820540089756,6.487280068507573,6.774130500917742,7.118702000762091,9.414793031847678,9.370972846449005,9.733074262911813,10.593474192900652
23300.0,gromacs_replicate_3,77.55347,6.107465225110885,6.060387886425868,8.127235,4.954054012894162,4.937217947926697,7.903183,84.71329655247914,71.35498918799456,66.37679065279016,73.14752123417523,84.21852829457625,88.65351488443835,52.70352657357912,58.977525775981135,73.12015845001984,83.39386898458986,78.48983151696193,62.54014697805758,7.231773749568855,4.247444398816643,6.435366272152725,6.637374927319828,7.2847294172053045,6.302197688882216,5.801287211206144,6.805207425457508,9.818072142844732,8.87522674886734,9.732997108275914,10.718192473452149
23400.0,gromacs_replicate_3,85.72457,7.919223556550036,7.205638972157878,3.7356796,5.405139437493574,5.572795568853702,5.8325653,47.5715364733335,39.34476909058421,33.74702484057378,36.50846911218236,44.19930445266848,49.415956694670435,69.90616992349531,75.87040887719529,89.69132649625568,80.94207040093696,86.08770068954263,80.27881456456211,6.716196586050361,4.184414493437466,5.939556455808337,6.259795805358745,8.163115153304707,6.696341585098628,6.696054002641351,6.753946611702626,9.980505901987195,9.814305233144434,10.087135916492823,10.324928227301232
23500.0,gromacs_replicate_3,76.59364,5.983889238662247,6.2244606077671065,31.00972,5.090552822566547,5.21851412694812,2.8346634,67.17610017232204,79.89808454929148,81.85829658015513,73.90028027478037,63.05944892608815,57.323801954691575,67.60995887990426,75.829247677216,89.98066353534577,81.3804754119181,88.23744733082377,75.6379311269107,7.095189737180654,4.457882266365497,6.318551428434484,6.635420394796998,7.5433244652418185,6.270085637193514,6.367135309794855,6.8223358338621045,9.705144759598753,9.027820351455375,9.786180664707683,10.97373537267839
23600.0,gromacs_replicate_3,74.03601,5.844728806681842,5.946242629116373,7.1258926,5.258008386850515,5.341452984154924,8.08123,77.11448902007851,89.34740136128121,89.90187180693663,80.11799231244275,68.94180616967958,65.26820004387048,68.39093135403839,72.09059534683082,85.40655867062645,83.28068776886371,87.63882514714288,78.11394324710618,7.343908310948066,4.575433028133925,6.304122031604148,6.317982441244215,7.637158023285205,6.830398677539965,6.462713638498622,7.1423678497360426,9.504001355039533,9.343305539680344,9.477037876224962,10.108205292693782
23700.0,gromacs_replicate_3,75.83679,6.23629022573817,6.39007461744285,13.59198,4.917330794203317,5.0275334882188325,5.3659515,80.75333353726023,86.81002683446054,85.23228398512293,86.82760742436022,75.82006043230318,71.07241923803892,67.39989645330459,70.8308872977372,84.43549660912022,83.28320535478427,84.77822145080242,80.07997697977295,7.816807188010251,5.09579569277157,6.784555054849843,7.08059693232747,7.238988955516184,6.1166976359615575,6.207861518717248,6.540101720033044,9.386967780389998,8.772754970713038,10.090426831630106,11.129231945335468
23800.0,gromacs_replicate_3,69.82382,5.943607456330154,6.125918364794655,15.795349,5.077236464068988,5.116089661633855,5.7131042,82.17656175098817,83.56997038836231,82.36828165558703,88.99029812706777,77.25325322165867,72.58805289679887,64.22054506177112,69.62014120908434,83.531210436064,86.19421517394564,88.53465710448955,73.60076285095633,7.236051345983699,4.460523289951359,6.5707855104660835,6.608964128093469,7.387499465096926,6.147722695855695,6.340536461478731,6.67057623429277,9.807057675297116,9.238278401820224,9.539370345187425,10.782083481719582
23900.0,gromacs_replicate_3,75.094215,5.953813594821402,6.089323123681724,7.2367096,4.913263216905284,5.076912488830436,13.188042,81.41375157636021,85.29588624597797,83.1766622961183,87.71040470817218,76.46976911621347,72.08658824413949,73.33920796061068,78.46360605039733,86.86456388245622,76.12403322528958,82.01907522383173,82.71069511323758,7.487390362565174,4.797561316725269,6.246176000388496,6.860381283431842,7.43342554021102,6.268985482605589,6.360569944374063,6.5489613110670755,9.508014316497249,9.307868014252834,9.490161148522931,10.506363207497648
24000.0,gromacs_replicate_3,70.4205,5.545771129695111,5.7607786768561695,17.392815,5.110015854784968,4.964410510732617,3.8893814,79.67978243673717,87.08991896936743,86.1909325065043,83.47164790211296,71.07812890797972,67.0794865752357,56.72597153964419,61.11891191106926,73.77931806665849,84.40831584085406,79.97367112016877,65.53212211416833,7.48768927140795,4.676193956731578,6.311689894213161,6.672126780782149,7.400628343392244,6.056547731345321,6.214038281223705,6.947199344444889,9.456679850239771,9.352639583043127,9.826096023278243,11.348097552721496
24100.0,gromacs_replicate_3,81.26059,6.0853007110107225,6.271312771549496,19.781326,5.3211508414576985,5.406428262813257,0.5190964,76.44265981094905,89.89634934736037,88.222757470374,83.83434673524812,72.35588232227009,67.13133464188596,64.40183433682077,69.14779634571843,82.88673360759806,86.58438885405172,89.23611215264756,74.96677262968984,7.159094139021255,4.302748052535713,6.025375934750718,6.12208227741389,8.064809792240627,6.923051710511945,6.866304718487671,6.509736594426599,9.759007140058952,9.486796291296383,9.910535289379714,10.842402545789337
24200.0,gromacs_replicate_3,83.35203,5.784346588113241,5.938253507469192,16.353218,5.047326066882398,5.037824639249018,2.2860565,75.42534700158188,87.57628723653777,86.79788632239672,76.3690319468781,65.0455837190153,62.53740085133035,57.89860963534472,63.12418354546775,77.26979366807252,87.33219498785566,81.78323035142158,66.67722806589772,7.304332413610333,4.569626631119364,5.944649374308173,6.126605639815383,8.056360509868561,6.550295195940096,6.5963005272041695,6.765262092352421,9.47070859493457,9.655296419552156,9.70526508607387,10.63602925309383
24300.0,gromacs_replicate_3,77.47416,5.50673360225319,5.584538084477521,14.185806,5.17907007001403,5.066460731698536,3.0843964,89.63407154679504,76.4214164274888,72.72996588930967,80.78457809004894,87.13423971791764,80.90680551668257,58.017183346762465,63.01453664426877,74.96193660598705,85.48204436188614,82.17796987207794,67.06571076986253,7.504091618312499,5.117055311571496,6.3434971911700355,7.046825188576088,7.056223424336704,6.349708246842806,6.0557518606882015,7.184694345513478,9.708698483445492,8.604613566207904,9.565452306715574,11.072122542937473
24400.0,gromacs_replicate_3,84.83101,5.841181010865848,5.840993412415557,13.31028,5.372455192879823,5.45794251975525,5.320549,88.27512136286629,73.80530306798605,69.84319609349885,77.18206502826946,88.04094144119976,85.15998332656424,69.33610021969291,73.70428695791148,87.12673303307838,81.87085118119512,86.58971553193234,78.98999293923383,7.26397299296223,4.492171685444926,6.53580411869521,6.667201470122049,8.14876326557588,6.802778630848375,6.400073224675669,6.983368678456816,9.98732228449594,9.476204307730152,9.564988861710482,10.777918744258256
24500.0,gromacs_replicate_3,79.96524,7.568944724833671,6.993661886747974,21.612114,5.085369553710201,5.2866277038777305,10.365364,36.566312712533275,27.142852550365376,21.300137543264103,24.880111579508693,33.52218692587954,39.405651167596005,81.14614987826317,85.89672408331546,79.62859589545809,68.89130235200584,74.29581338857577,88.99594238781857,7.466455803916703,4.499132193355795,6.710544000486368,6.6386851343399815,7.84835013540473,6.161574239431169,6.1245678367817185,6.495299925654939,9.450262790824615,9.61623109028407,10.143209717983256,11.034126292717207
24600.0,gromacs_replicate_3,87.11999,6.504038051093368,6.636503333367305,12.893982,5.020323046542611,5.178866224739609,3.7177124,76.86596719258783,88.58716268687976,88.1698287041312,78.56043849049007,68.55792296265211,65.9768296111761,70.89307083468557,76.03092499190663,89.05123230252198,78.8281357355801,84.74233056863865,80.40720224076242,6.826876163649742,4.200404394872203,6.48507502592432,6.833626400538582,7.725870809649578,6.669476862689962,6.656744750527786,6.721025985838177,9.97582418125997,9.01184654626154,10.339403019500002,10.692414604864572
24700.0,gromacs_replicate_3,76.20929,5.416122908018704,5.644914178797009,16.699028,5.612243876755619,5.416947105439622,7.8634644,80.34854349352129,85.52945729097269,84.29603055372368,86.38564442478435,73.31316992421549,68.52063860024545,58.48380602051352,63.71774257615666,75.80622291491913,83.49550571843196,77.46008031459988,65.30191781554574,6.9083208883837415,4.397088343576572,6.303099199964024,6.766487988433644,7.690430517333532,7.0446232956794255,7.318389104723597,7.306588786727154,9.459375899316921,9.390255797458721,9.368159101553456,10.142354962272309
24800.0,gromacs_replicate_3,75.65246,5.930169968095521,6.123163431429969,18.710312,5.209461384416542,5.256123495874443,9.57328,77.0135858301345,89.66373000094978,86.64346986724033,84.33219715404836,72.4584983444595,67.6123712107965,67.70369032464914,71.22154796429146,84.33320363046298,84.86976430391913,88.32374151915928,77.78320327976864,7.211939461645737,4.207397007969393,6.5038352647451445,6.547555921847488,7.581908204599363,6.366402408254675,6.589715323052908,6.535698765742628,9.628705583512863,9.425585060699593,9.469910808689834,10.285793594967892
24900.0,gromacs_replicate_3,67.71833,5.698756983547758,5.924684951199151,22.177078,5.126196953612671,4.9200169730966685,1.0985947,76.91615023681108,89.27211310510761,86.7925063009968,84.38176883293058,72.40105662624886,66.53769115219826,51.516178529625655,54.118276323779504,65.70291800497782,77.54839633715802,75.82541632845961,61.80116588155809,7.267105761429754,4.375659513262368,6.1666516560546505,6.609543314159017,7.9047109218823834,6.567688281905167,6.8424434409828665,7.163338597057021,9.459722924127234,9.367192707117432,9.600589602466538,10.589901596728353
25000.0,gromacs_replicate_3,83.653076,6.938106986818816,6.951327255481503,5.7065506,4.885626926995798,5.069660417365536,6.850357,80.26245931244277,67.78072182512821,64.35333195883557,71.11994828093295,81.02144915293236,86.44384404799638,73.19132447710453,77.86816358318157,85.70409807336102,74.74492287097746,81.35691117861057,83.90458323972531,7.985417384684165,5.416583192979951,7.060258158845335,7.085462218823576,7.047726211622023,5.800232798408965,5.7416088584189895,6.643260260460109,9.475843477644702,9.441930246984056,9.879369710800054,10.998585395563692
25100.0,gromacs_replicate_3,86.47699,6.2836846043188155,6.286663355256328,8.187813,4.4615602234188785,4.765559427929679,24.552704,77.53669688725873,63.35917145593205,59.34604651853417,67.0846393489404,77.83242878206204,83.98659242953434,83.71654142718941,87.58278234394646,69.87157990572695,62.844685775318574,74.73322672256081,89.01595566198095,7.692141203935589,5.188830629716883,6.88430814597339,7.420775384487257,7.839200799707701,6.226663904152836,6.027614157826688,6.541466584125086,8.763552156217644,9.237302129000227,9.4080146268435,10.282079826857322
25200.0,gromacs_replicate_3,78.52913,5.250596389419882,5.355111804967501,16.397346,5.341932953236368,5.2098114212423035,4.0066223,70.07669018962348,82.85572414665009,80.45166625284023,67.79023946622276,56.341784403129246,55.44805864902548,57.891039166213915,61.64737636680715,74.442169014276,84.14385696696397,79.38900399436935,66.22265920841012,7.270852013003009,4.548349072049838,6.569309135674033,6.859126426535472,8.03001882452913,6.774031292914978,7.105458930163636,6.906059617010409,9.308727151981179,9.408922985478641,9.358211082487433,10.590790884175762
25300.0,gromacs_replicate_3,75.480774,6.169857524504692,6.363737502617988,26.406044,5.130333837150764,5.091402273709979,0.89541626,80.20726230684193,86.9630066252215,83.35710508522857,89.90269843769859,79.70993287111943,73.17118309950138,59.54259111360443,65.54209055658956,78.73615354178312,88.39019579313066,82.80429786207094,66.88403465309851,7.453504661271174,4.621061897519218,6.5421977183770945,6.718579922006349,7.366148458617036,6.12088594737095,5.830473164066638,6.762917369420279,9.407611747352673,9.281613899447013,9.938693783844409,10.95987755862565
25400.0,gromacs_replicate_3,89.95308,6.077687922271487,6.264309314749583,20.486816,5.298011016237667,5.283098343894188,9.775833,83.63125094778493,84.96698996208184,85.0589057118032,85.69284419483606,75.06602368618888,72.3526998126788,53.08439097053664,59.77693009506264,73.2723712824818,82.1932133989558,76.20375251749776,61.66532510417241,7.077126779711393,4.340866472860303,6.188835117322777,6.728371583454657,7.456441855530443,6.677179506891173,7.1029302528957565,6.908558314814057,9.572971813797665,9.60076209053892,9.623263868150833,10.400275911839486
25500.0,gromacs_replicate_3,80.29082,5.808922551479858,5.823398238067576,10.496185,5.295939885897892,5.2909015229020016,1.8120346,71.17187030868206,83.74054088178026,82.7570583105619,72.48853775676501,61.461688748244676,58.88503873431753,61.89682638159577,64.9680187563339,78.41659479724763,89.89089530353905,85.87181226350562,72.13809747634555,7.578159698043284,4.88563509782378,6.405499217737477,6.6848816391440815,7.524273160773711,6.305546879271789,6.390216891729826,7.011148552843259,9.510702490831616,9.34715608836464,9.751555643802716,10.481251894206386
25600.0,gromacs_replicate_3,89.72031,6.004886599748468,6.132178664561152,3.9041824,4.9185488222811555,4.9250321880517225,9.190102,84.37780732585995,80.9265314001393,76.78340197687406,84.74953329216237,83.69566921689345,77.28184043291955,53.30596913584869,56.419421223823136,71.42710684979099,82.57212746069028,78.7519441518552,63.881942708550085,7.303141351457119,4.85929594827648,6.754458526833619,6.890882139469232,7.301242583424902,6.58335424019209,6.730766744108652,7.31095236606247,9.483812576035387,9.146158300088052,9.736235304341424,10.930588916809906
25700.0,gromacs_replicate_3,85.734245,7.9180740609135265,7.374495707891604,12.202309,5.260614205817442,5.454210876840874,12.360352,42.72578006789173,32.61832246862433,29.756654742134224,35.91750353353011,44.27696389315279,48.122059470228514,64.68412531005958,71.34659906663595,86.22308437802177,85.74844897596259,88.18224072793241,73.92381471006118,7.247424574681395,4.535127865836161,6.255837015781109,6.297756515660181,7.92506290133979,6.517991158370916,6.635931527388206,6.744610419988659,9.909166099562412,9.825394200102108,10.758297569305569,11.178382624648506
25800.0,gromacs_replicate_3,78.61576,6.321792056901971,6.51771741236103,23.411469,5.333722327721094,5.4963419654668035,9.458618,76.12109867615305,87.82935236318411,89.50590908132935,81.55906584637349,71.07670933427887,66.63461841386433,75.68740881475037,82.85769990420559,83.13690139681363,75.50197288662503,83.35007212536304,81.52476921892503,7.555844060174762,4.753561943352567,6.248891064373364,6.486111239293791,7.627512797185502,6.580929574161619,7.109977810786073,7.013549549310883,9.485981676690557,9.805853582236283,9.954744573149805,10.470699591286548
25900.0,gromacs_replicate_3,74.82957,6.398182067516112,6.594188381945553,24.67704,5.049530399510428,5.0509779983437095,4.309517,70.2321894501488,82.78518397024763,85.09957428802981,77.5227065013764,66.68342979279997,61.761044412662756,62.10948652015858,68.31407140429673,82.2194032299505,88.76906885099845,84.59425345987803,69.18701783547964,6.949493740715391,4.616388055183376,6.219956033832288,6.614018866728654,7.662585542151827,6.664230987075772,7.03437605770352,7.218237262243538,9.131139647905707,9.779300432222518,10.196292212116852,10.747296246447664
26000.0,gromacs_replicate_3,89.55875,6.9386778002378735,7.023117421752521,15.448631,4.858353983153233,5.041654010250284,0.6496277,78.5205651080224,65.26664016677898,61.42577540316334,68.15123772544747,78.22235720083668,83.99315300637818,73.20960614561231,76.2591655237623,87.7047000317604,76.14559477464276,81.07713719956023,84.32723228543048,7.372272378030239,4.830439941531165,6.483087486846349,6.30995609363212,7.310006722171065,6.258590539406777,6.2209115188215245,6.736498035147297,9.456328922613274,9.713308428463693,10.06132067827533,10.47898349970589
26100.0,gromacs_replicate_3,81.30801,5.852656424202282,5.94101495162774,13.60807,5.330717797423501,5.344662068033165,0.2476883,72.61703974042904,85.62931913131585,86.4048236286536,76.66087876548175,65.21195763272263,61.54210055042951,62.51435881507946,65.98794018221385,79.39101135106371,89.43909724306839,85.39177048868109,71.41899227359436,7.280827072215164,4.342022336234864,5.787290587831748,5.874470154832997,7.830903188420449,6.730527795055715,6.830087030439329,6.626322951348118,9.355771237810282,9.614175984471666,9.977423987203265,10.219844335980628
26200.0,gromacs_replicate_3,89.349525,7.220598410208988,6.502465286601121,28.476295,4.844538241580431,4.9945034617054125,4.2132034,29.629225343144952,21.957597392222386,14.37084861076664,14.169794324565457,23.1037536318742,29.81142351889466,69.15432717292327,71.95565970838271,86.87762521734963,80.27311221418849,84.55274727546058,81.1384967863904,7.605283295722317,4.727597183008491,6.442505215826749,6.580353563980472,7.145128381684234,6.298706804373066,6.2802781764390625,6.623369567540206,9.306481479942493,9.394703515257739,9.852836764127007,10.857679256766595
26300.0,gromacs_replicate_3,81.16946,7.8023647584190625,7.205659639482993,18.37239,5.056950789516944,5.237982689984041,1.1920853,41.45727126289609,32.4368895492699,26.19723397472481,29.083513470561666,37.88517958097127,43.71384493096617,71.31107543232328,76.10857837088692,88.77797004659521,77.82566815663482,83.38596103217394,81.59851566267321,7.53171677667895,4.615603645969275,6.591067228866166,6.360906562377423,7.284629409818915,6.2426100254921275,6.058376893672867,6.275567887252821,9.686323761268595,9.377168273662422,10.442702143662174,11.093585868454534
26400.0,gromacs_replicate_3,89.566154,7.811574194239866,7.077692656229314,17.09385,5.124504068064547,5.286934912680866,7.4893036,37.22578258890149,28.25153966489535,21.65993630548587,24.39017666246026,32.977281652710566,38.98663056296502,65.66871780253166,71.092875966224,85.6882059186631,84.30518743285948,89.7018484635366,76.17522053111176,7.572726722124014,4.416432368384486,6.586382088926747,6.27420263989048,7.958625249946177,6.668200146541079,6.296759937636986,6.290680881665136,9.68573929370342,9.569829046373567,10.190232395056354,11.146624568429198
26500.0,gromacs_replicate_3,88.54736,6.858842712910612,6.127985326800297,12.92601,4.920718462124774,5.098395035827721,0.20503235,38.15161795850921,29.56906547583963,22.566829297767473,24.49345150857617,33.189119262184015,39.29108655654998,71.09320216629786,77.75908856064069,86.6021508098156,77.0939094136191,84.37764445344577,80.87235647051514,7.086714349243388,4.489971553787188,6.07295736262179,6.850592885545142,7.719691335454228,6.778140879661159,6.8232155812023505,6.677854184265803,9.262521182181164,9.309126453920777,9.725507951963031,10.692349081872987
26600.0,gromacs_replicate_3,74.877014,5.507647946534368,5.609980035073905,11.962784,5.202887479628092,5.161942963270625,12.788673,86.64942410332615,78.72129507420105,72.85610722317986,79.71233314767905,87.93206086354928,79.70168914050134,65.68505136575608,69.38319737161451,81.28647528900031,87.79229208592925,88.12978626195637,74.54007089544253,7.642720277758178,5.00838399092476,6.454824212825959,7.016755081501834,7.683884004241005,6.683980303987692,6.878802979245241,7.106262902353101,9.525383322707718,9.14188570545042,10.173646483474366,11.101010768369928
26700.0,gromacs_replicate_3,80.2775,5.870528810147835,6.101197194068123,26.58818,5.049493791766479,5.082437724046204,6.257454,77.18088703971085,89.62719829099622,85.95114770120612,86.86090007297898,75.60165119999796,68.92377890178521,65.04121940265959,70.81103691091701,84.12907016248406,85.7661766012191,89.28691866213931,73.04077946761846,7.530298833530638,4.84158491841117,6.374647093751107,7.049425676298853,7.675062883441288,6.4160789294872655,6.417664995678325,7.0798146908047865,9.505304323135427,9.07265543004654,10.136761839924247,10.646943006497843
26800.0,gromacs_replicate_3,80.5919,7.509847852464468,6.907485399431937,28.176682,5.004186132276323,5.176485335611229,6.9501114,32.45339103788009,21.526963515394602,16.15253083940694,20.877976988102578,30.425314770354763,36.21109695539954,65.39126279856545,65.74902916657503,81.5182173204238,86.07027885900072,88.47255577058692,77.91603246566893,7.493404453604784,4.782253347371198,6.6275395191104005,6.803332413570054,7.046487022996391,6.235470433058398,6.331485556605473,6.920239703473347,9.859747002417675,9.101247289573326,10.159955920003764,10.870161417641295
26900.0,gromacs_replicate_3,77.6843,6.108508812432201,5.963857988205904,10.810333,4.901973648793279,5.193019957027209,25.01715,67.27180362709993,53.80837915837354,49.72520380631358,57.20579029307535,68.51341700600942,74.45905247067903,83.64849507982316,89.51713614792065,75.51417266998659,65.23528208175577,72.99791457921572,88.78109052510116,7.6322660957832875,4.851100308549216,6.400162850012455,6.66018151520621,7.306205616856338,6.411071980900095,6.643722944889649,6.93105260965829,9.133408805911543,9.106300815671956,9.807872394289877,10.635366377019112
27000.0,gromacs_replicate_3,78.672165,5.754259790394196,5.921738273083026,15.281036,5.065954562930187,5.174613677630462,10.506004,76.63081712590645,89.55662528602518,88.84648799673872,81.60670727022506,69.92818588047525,65.66716946688506,70.60427687970316,77.9043607182681,87.02935320150233,79.26003396083703,88.45061973538452,76.99426925498469,6.983519859511561,4.355166686413633,5.966247013431192,6.0625427835741466,8.407484299276927,7.005109177333395,6.793043545840667,6.636651091195665,9.0080180151072,9.551110292630677,9.665771538401358,10.440144618456715
27100.0,gromacs_replicate_3,68.16677,5.7009674855472845,5.785583251578769,8.274178,5.172623596679616,5.152503832667608,5.95401,73.7149909919859,88.77602207041834,88.9189278274126,81.69673766266972,69.71673464850731,64.19677086930608,62.92416495474669,65.42230150786737,78.47520930871013,89.88106012972675,87.1167041120492,73.58686384931785,7.341694702257176,4.7136650957709065,6.584300513378497,6.829957593733208,7.685540875752682,6.409459085112481,6.278916041094085,6.957836590613739,9.173337376097397,9.209141364930936,9.89210203119744,10.77347933483661
27200.0,gromacs_replicate_3,89.15242,6.123494828424748,6.244742816680563,19.807419,5.066807412731585,5.217390772806898,10.016945,69.59156080411361,83.35621074364045,86.46480752297433,78.88519289796027,67.68537627092232,61.470916050625384,61.27421418914109,66.47032539993631,81.73461164016562,88.13775033594487,86.48222261422673,72.20770003001076,6.755633800691756,4.207088486918799,6.293504593604735,6.55275562585683,7.943269843015155,6.586029197319664,6.900164601783559,6.987375537117043,9.332258225773844,9.543582716629752,9.732967882714167,10.473577913934523
27300.0,gromacs_replicate_3,76.17343,5.9828969487549974,6.140325859577975,15.44059,4.930410975862222,4.995668349859766,4.567665,76.36317003983919,89.64581078145544,87.86995895670732,83.43078421942275,72.00101524210193,67.11633258593969,65.59878784876557,68.12742215411424,81.8313193142273,85.77078946626641,88.32683643021198,77.22047325928165,7.312014730815277,4.561588442135598,6.49705118057037,6.552838279032309,7.545029767243871,6.503524263651884,6.574543582328336,6.877426698767214,9.514910151089483,9.278039188410952,9.70928582192178,10.352033483757014
27400.0,gromacs_replicate_3,85.42349,6.68473938620554,6.839369950127701,22.560669,5.070861308674575,5.261517252411614,3.663765,79.96398577352838,87.27787967841391,83.42387170909595,89.68736026757972,80.49247333536259,73.9378991482975,74.95991824112299,79.85730060631073,84.92558860582209,75.08150876259808,79.7348917198211,84.99267549395631,6.596683463375097,4.016258675188853,6.393111210816002,6.7685900476903225,7.883699634889094,6.625059508714863,7.629446796485832,7.174404029589046,9.38953551959893,9.754515944126549,10.210941965298327,10.753682688013727
27500.0,gromacs_replicate_3,77.54661,6.0581195705924324,6.24577527072648,16.584244,5.154655989083633,5.070401058988618,0.30734253,80.17663964500363,86.41671951239208,85.20875442262619,85.78040062985708,74.83086076396053,70.2965274055609,56.692396360136314,61.79304151223968,76.04208300340851,85.57445594518003,79.09232905629996,64.52400318884885,7.471006983016732,4.649717453910724,6.2053360914543525,6.477022210257393,7.372930554117994,6.788274013423685,6.878405331033607,7.190384892001808,8.74832506802683,9.762150928856336,10.034319840526384,10.614615541009904
27600.0,gromacs_replicate_3,72.52948,6.166830687037657,6.204167976324299,26.042343,5.411339162596092,5.220019719236342,2.5929642,88.45885192208041,79.90248311197354,76.62257607533891,82.74371230067734,87.1026032655835,81.1036074429827,54.196725799684174,60.80427501532844,73.12159925561475,81.06687411163266,74.77727775472451,59.88279095070457,7.272399616554087,4.771517433767763,6.336494908253129,6.470590054675182,7.222464507021322,6.534028008905364,7.010514214343972,7.037182400917469,9.923220348136782,9.383673781238619,9.761225997724589,11.058959634017636
27700.0,gromacs_replicate_3,81.31268,5.481579569768121,5.690003984227762,17.925735,5.39819835703509,5.408409285878622,3.619255,77.85109646373994,86.81376579250828,85.21784158281079,85.0395448743935,72.89221893911835,67.72176011476766,64.34659529541017,69.17974191786041,83.37272242839043,87.59636501080746,85.87906030044527,71.92048256626738,7.054421126137993,4.3025086523323175,6.427016107818687,6.916916919492351,7.493583183703004,6.799687748735473,7.122380384636755,6.989084482554277,9.68422697162717,9.435589013581028,9.328411212534888,10.73285573379451
27800.0,gromacs_replicate_3,76.65977,5.527195049246581,5.630155527903713,18.912872,5.096854273727297,5.0465493436008595,4.486389,66.20401477527628,81.08140906470307,82.19858371351982,72.89402473117427,60.70225621776335,55.222561887233475,60.37394110685068,64.77259739209495,78.10898596348356,89.61048708356884,84.84472911647794,70.06186752968635,7.626338916398732,4.854948211626816,6.4938110196859276,6.588016930028646,7.492577982828414,6.620631841635606,6.935548186912313,6.988427883322422,9.369967572153783,9.144489124537909,9.763761496428492,10.715590937963
27900.0,gromacs_replicate_3,74.34775,5.545161897424601,5.859553627560074,32.135796,5.527241495952806,5.195922997429549,2.6154938,69.23537243896656,83.68617059253275,86.85466358225992,79.41536351797234,67.11897656636347,60.21737632319839,51.1334514915182,53.669685614277675,64.84650858114362,75.19334870649185,72.06606438573856,60.32534610067344,7.326426938277925,4.478668589557126,6.174478038074594,6.158819001997563,8.399028361074802,6.952071268534137,7.566418764828344,7.127097285873005,9.121657511887717,9.427030781473048,9.287502735912492,10.706921175825132
28000.0,gromacs_replicate_3,84.18198,6.226861973088742,6.327827617195869,8.455643,5.18450480068247,5.329733460397158,2.8394012,79.38143597653365,87.98065777014234,88.4172594845108,81.83968117481948,71.19285132495166,68.62027415195584,69.62920104028575,75.40314440037375,89.64813293990298,80.65221110042062,86.42586884709537,78.54340585175207,7.1906651143345135,4.348938240597102,6.198489549132683,6.186087460174308,7.660693181204402,6.244055485749274,6.694754197099104,6.49203482670807,9.81384489765488,9.558655323624096,9.96614830546975,10.886528821458295
28100.0,gromacs_replicate_3,86.38431,6.5764986314460385,6.501286640823756,10.981796,5.380091114372717,5.527201210829369,10.292923,70.25819705516209,56.73545616993072,54.45191271798269,62.56097625611805,72.66044024865288,77.5301755542885,64.4003177970972,61.53811044898053,73.84988392719436,87.91305310516529,88.46971772818635,77.52656998926115,7.1616343810034575,4.389107009441822,6.158944157196228,6.479744712653775,8.150565092349167,6.909274038784534,7.644371134500713,6.8669930018099885,8.722486066840624,9.878163623948899,9.17777191481107,10.489821670103414
28200.0,gromacs_replicate_3,84.86643,7.566750399791842,7.192134495531311,32.56285,4.953104176139091,5.0574075405549905,12.637573,40.819867225604035,28.853054990368026,25.326384914572028,32.33636899938202,41.195306222755484,46.27786765292313,55.531203116177984,56.37002350039751,71.24813430057182,84.4261715748512,82.35558569887856,69.13205065444355,7.392226281465615,4.60496340661735,6.441891599090733,6.579802735929208,7.544075848259218,6.6033943039636345,6.687064585479651,6.628576945068849,9.352583805739817,9.454422849333536,9.687354275301823,11.10333528339605
28300.0,gromacs_replicate_3,77.21899,7.204721725840646,6.815801004451713,15.431824,5.113495909492292,5.170347514695997,4.5400467,51.78804409028479,41.38062387791503,36.130119132265506,40.787597344210596,50.31842975676323,55.972317555434365,64.8433321295407,74.32186053337513,88.25749232936978,86.12336375401634,84.33922411719595,70.0371193114823,7.420707245700217,4.611248348787239,6.348086994978472,6.400100941937089,7.108568913912899,6.464077542026445,6.497999846674728,7.069158841748039,9.343804720506808,9.981384699910503,9.827909845488726,10.460169929553171
28400.0,gromacs_replicate_3,84.61171,6.006129096504334,6.107259155296984,16.506813,5.223127536642995,5.266871196139618,0.50575256,71.71025453481798,84.57784868209471,83.589259588001,73.73826410766948,63.04444073240859,60.175876425574,62.56296100071657,65.55237727464574,79.59667050043305,88.61774887822003,86.97316537699061,73.14173067685627,7.265840229676589,4.332474404877933,6.454833260411216,6.338845789069086,7.5885187232679705,6.603833471093951,7.089765395968987,6.721348072112932,9.376718126469807,9.76371151159214,9.788369820161078,10.608856357884672
28500.0,gromacs_replicate_3,81.56592,6.21043453438984,6.43638333990537,29.975601,5.057766606416924,5.022540655612533,7.314438,78.78892532519535,88.38584455026705,85.311193884929,88.2024109998729,78.08699873186504,71.61237087055044,53.63170518846099,58.90640028464653,72.7560998001733,83.58950007310983,79.10694225525116,63.799651015020764,7.3495766405736545,4.555476279352496,6.191848836405932,6.302089188927967,7.409765008898508,6.457725896329615,6.341454325937335,6.644338547019186,9.65249662297993,9.383213257710059,10.553743075666823,10.985798791110003
28600.0,gromacs_replicate_3,76.993835,5.441555442703769,5.76771622201689,36.166107,5.43193572317024,5.171176646547175,10.307701,69.1218606453469,81.65839059474978,83.33696594348558,74.54136835670062,63.01278791838266,57.64707037016315,42.539517713663294,48.90746358426591,61.49549865711761,69.43476153529751,64.0988308322485,50.72193723126382,7.096210207766515,4.532301751276728,6.513293750327224,6.848144925969862,7.660971176244265,6.87959878874173,7.719725548933736,7.457661891667807,9.120638938979711,9.446405160791306,9.735111569735032,10.279564560983841
28700.0,gromacs_replicate_3,80.84535,6.253215837617011,6.385723731771139,8.839462,5.066035309800586,5.270013672964206,13.034058,83.2109009432166,83.69773313291103,83.69524340192878,87.48815016579292,76.57138923908897,72.83791181148109,79.37960107441444,85.31721397485248,80.03977846863457,70.30160975049246,76.35423086967681,87.92209351631884,7.048034120846322,4.555331592742741,6.371863049329002,6.937636875043469,7.236633930651806,6.627364836315439,6.09561465463058,7.385751841164434,9.665396969158376,9.051047892578572,10.009394158445955,11.118834577551437
28800.0,gromacs_replicate_3,72.37829,6.195276495242984,6.332709818342234,11.232452,5.017664979681115,4.9713165607596235,4.62265,82.70103748466427,83.4042916958818,79.92889762859099,87.47260380279859,81.45709616240852,75.65191579730848,55.63870810247013,56.90918571843676,70.5660276711718,82.8193821169798,80.68358501201904,66.92318279769225,7.160498173498812,4.307150688051557,6.477587873106608,6.467407676591017,7.779757445538212,6.344765637949039,6.212798907768993,6.43985954775874,9.514136163923158,9.0866243197467,10.157244494978102,11.141937171026273
28900.0,gromacs_replicate_3,84.48041,6.05918595632157,6.136147024110936,31.911118,5.112907437807373,5.2659097259729855,1.3808899,58.68082501747535,71.9616139421,72.63976687998831,64.44324763007899,53.3534197902834,48.82429051888217,69.68179511613492,77.62723306813663,87.75263200151055,79.48060321569344,88.37709367750027,76.39807886657755,7.169214773123759,4.4981839425772865,6.238568863421039,6.704073499401533,8.119297690718433,6.621457909028813,6.45769765035569,6.580702738330271,9.248400941557218,10.033871502742665,9.927903756608067,11.086069846747254
29000.0,gromacs_replicate_3,75.22774,6.305197027592896,6.438883224219242,13.6914215,4.85485482376743,5.037641296411801,4.6678467,78.91194508163414,87.54721832960168,85.24763108861234,86.71119460447238,75.92870414852572,70.39372402889214,71.797556553613,82.02468576298403,82.59495730696106,75.90696297569109,86.22117933296607,77.61357031862545,7.1966897693415195,4.684959953730892,6.257570268439951,6.878235819877233,7.044664865545149,6.719157596911015,5.933974323593706,7.409757572925467,9.338417120868481,9.626396962814868,10.119466850810289,10.826353686073796
29100.0,gromacs_replicate_3,64.38692,6.136503095626305,6.28555205326305,8.789436,5.240993477619339,5.332416628452594,15.632187,81.30967781075258,85.76400569041245,84.07829523587303,87.31778055032044,75.4025506109894,72.14897254962054,71.5131859603859,79.26531971509996,86.58348903372463,79.51467452429618,89.04325003653848,77.50374576602384,7.337520328471492,4.252444352103874,6.451882678466026,6.294709206801991,7.385529997778587,6.4690527747248785,6.032372024692229,6.942628684931684,9.699044887673013,9.324522804311336,10.366268426672718,11.219118014350604
29200.0,gromacs_replicate_3,70.352196,6.436897623917258,6.5554173545157814,12.556358,4.936858914498548,5.14539931974317,15.11866,85.23984999092018,81.50396289749655,77.83918789221023,84.32325687078486,84.93094562958625,78.90610883708375,76.59279639564842,81.62154429691728,83.5364525171283,72.44648248324671,78.23639776509663,86.51938863925459,7.635339857904142,4.824000535180447,6.874446162156037,6.845609174734319,7.543883808985587,6.463880825804608,5.804836366761702,6.416561584917963,9.222849893895377,9.427392355625841,10.360982414954886,10.938032605854326
29300.0,gromacs_replicate_3,68.14997,5.432929786141132,5.600568276082822,16.357315,5.089651426947372,4.818785049049049,7.2030563,75.44912166698309,87.2470831678954,85.47084063452458,74.14263213982737,62.20984056948395,61.36586827433704,54.13777570644403,57.79906558499773,70.31495800537252,80.72122679837985,74.73847284587822,62.56810166920783,7.400805605306773,4.712524115833817,6.656108384692991,7.200982560953224,7.444502000346059,6.375747251409856,6.5458295540657,7.112367118402585,9.432547666962094,8.735003134047982,9.689333097736554,10.670489766022895
29400.0,gromacs_replicate_3,78.57939,7.014587162541693,6.836178977102382,24.700966,4.857710443086735,5.124185901405583,19.68129,55.72234725871222,43.42726846642966,40.83521345157523,48.665548574067024,58.51029547912131,62.68847666991004,82.66752934405518,89.99629769935285,73.55539848674191,65.69774601502716,75.64588935605865,89.27982960923678,7.675560879792922,4.777402782754276,6.307036507089261,6.639920521374557,7.633599867092294,6.470475450520324,6.715257454544624,6.672928639969755,9.359734800083352,9.77806712292654,9.956425414315499,10.216005730991162
29500.0,gromacs_replicate_3,73.13134,5.958659729329454,6.091251421171289,20.31311,4.9686319508408205,5.126413471791154,5.537285,71.17546540118074,84.14766184913368,84.96481357425039,76.13268516179322,64.80073343756351,60.674005980109875,70.3999577178085,77.14948940043924,88.11006603667983,77.46650829731675,84.12774432168177,79.46698702652051,7.657355142825843,4.793628983473181,6.666197588222088,6.638993976596282,7.8008178658451,6.56275462172881,6.646195486672558,6.946201302650285,9.630660882380576,8.8336163774583,10.042811367685097,11.119893196674434
29600.0,gromacs_replicate_3,69.56876,6.1096978197817835,6.303823919011476,17.141296,5.275861244888407,5.318947043600512,5.6093597,79.64630778227853,89.30165411420671,89.63264926823577,80.44683707999708,69.34186187450103,67.65744335870541,65.48787044776392,71.01738583185139,84.90185884414836,86.23981969373034,87.44649925056123,73.5787684587106,7.524972805407389,4.669506782191133,6.630188232648472,6.627000085271012,7.672593139798082,6.645668122995474,6.723959120952419,7.069353898647226,9.495295543463783,9.43069336369525,10.113063378495996,10.667992276740124
29700.0,gromacs_replicate_3,88.13402,7.531226972253948,6.8179873658936945,33.929184,5.1617712945553915,5.3268608731918,1.2583771,26.141901641224848,14.537946182180198,9.91883639879072,16.683134949081104,25.39292225671859,29.973049185022568,72.42666663216475,75.25193540764316,89.6461411922097,78.456369915093,82.48903034104666,83.72956377123452,7.828759483172837,4.987449811753294,6.73464918596277,7.21225267949061,7.202577874169325,6.017955654159597,6.1577367606893105,6.855002232843111,9.182244482577255,9.451502443085202,10.232884195908484,11.386542683676353
29800.0,gromacs_replicate_3,74.64763,6.655945277613373,6.598750763335286,9.887039,4.637472353342452,4.937917051716037,24.363464,71.79947418345027,58.56587080659825,53.982665342232146,60.75882446483791,71.42824656252644,77.24757407341832,85.73786037124316,89.01995135407829,76.0226008957825,63.1610797395528,68.18003914022448,83.48979836557528,7.796551088963458,5.168789122481675,6.671995834983188,7.2296351850870595,7.153826679847742,5.781962031240711,5.891479874375831,6.860520670945412,8.96533466869887,8.797071557461525,10.175325750204307,11.12304036739022
29900.0,gromacs_replicate_3,68.97527,5.804237145837846,6.04623607800957,28.061386,5.181681842090778,5.244131061179257,16.065552,67.61144895956483,80.4855211354072,81.88138544650123,72.77305131431966,60.47690596183062,56.52062130347081,70.48455625177873,75.2223938984334,88.33196720216216,82.04743200765111,87.20677665115628,77.86187624733932,7.8489005286605495,5.148406923820832,6.76421075627789,6.902574856352409,7.26649701584501,6.090238445053346,6.630011947852837,6.660203338269257,9.37144441456812,9.113557855460217,9.979629105563548,11.293872093771103
30000.0,gromacs_replicate_3,80.75149,7.144793138573077,6.664413812487427,10.663788,4.994185828785628,5.189184092436146,6.905525,50.65358240642756,39.24164793298202,36.13739254354606,42.59412820844655,51.76247571119782,56.41571817432305,78.52864895273737,88.0343117032226,77.05653066381193,69.68162003125882,79.62992087667722,84.38003265114845,6.718448954343157,4.081205314535691,6.2604483587804705,6.461713004248437,7.98071470234752,6.7874101325737355,7.064196399479044,7.013538279710002,9.238162426949435,9.547195864011833,10.13489266673082,10.877072700887995
30100.0,gromacs_replicate_3,73.32915,5.687939212416927,5.83724186997704,5.63929,5.144776317718438,5.111612150602597,11.129799,80.91865616889477,84.24181891152303,80.38336754915457,88.98459654925524,78.66402416701087,72.73911458163005,64.77861645343235,69.34440254034907,81.8675336031001,86.98111249153881,87.52367977801232,73.48196751426518,7.523625305197084,4.869755110340698,7.128017279720161,7.49860383865122,7.051073225214916,6.0606452252758,6.284172339420791,7.164315842199539,9.830388567629667,8.967236505563234,9.703288202319484,10.984733153146273
30200.0,gromacs_replicate_3,72.48311,5.965540723628647,6.110520552182213,15.471779,5.534785084354199,5.486857353782859,1.1221771,86.58000893381544,80.35503162597213,79.58216719345914,88.31035489917778,80.1019227781298,75.90328884230804,59.227619600807266,61.95792629409305,75.03812266872475,85.16577728257981,82.10414501044599,69.43770020889694,7.028934264432377,4.090428421621538,6.3764306127050006,6.604645849020651,7.325395892761415,6.679755229410986,6.7485752648500235,7.202910921059174,9.295080228782535,9.786573995960902,10.032862891568811,10.685127552158871
30300.0,gromacs_replicate_3,82.79644,5.802106198635516,5.933775820563897,10.2782135,5.074297009501707,5.067961011412026,14.290642,77.74149253452477,87.6110953179472,85.18892286537049,85.38780848128285,73.32199309055109,68.07844289126889,49.32161241942142,50.94490488436912,64.9703874114687,76.48748451313269,74.60789278904409,60.96431000330459,7.0751580912861485,4.283395964014618,6.050564295463058,6.179639178362127,8.264319653926524,6.711311545676933,7.312566183139227,6.772422269930896,9.368767231782055,9.789824318531986,9.8077342696423,10.743629051659708
30400.0,gromacs_replicate_3,85.23015,7.329144843336219,6.74434425173909,42.873077,5.312026470283198,5.391741347055489,1.722702,15.553066654709612,4.342472242914413,3.5897693803049804,10.54296727286747,17.948430938539076,21.196983855637914,64.76241373883532,66.96324925366702,80.31213912453224,87.81680499735408,88.89080371918514,75.6176208276266,7.226840728910259,4.568831715165329,6.4001377007903075,6.848770583107603,7.249620342421783,6.549815816172209,6.4689109997513965,6.809381336662517,9.25726076543189,9.684025426553204,10.280983294168308,10.499473111690724
30500.0,gromacs_replicate_3,77.69659,6.043599288081171,6.181027067982129,10.524757,5.145554182262491,5.283653168365933,10.775009,78.25491927354003,89.05669405346099,88.38882256689139,82.21154858182857,70.74768175742993,67.57787400928974,72.61285204916388,76.39832843768497,89.71543322318517,78.23633669584679,83.14766117836844,82.31355593303412,7.7546071380961905,4.857196156971709,6.292678913616975,6.468669523836677,7.586819902311231,6.080581162453794,6.277392340889553,6.470211240017543,9.613468864152475,8.890356300919079,9.791458147897272,10.547229172499641
30600.0,gromacs_replicate_3,75.1774,5.817523946423608,5.887923845113288,4.497925,5.026896294848692,5.1955201001992775,15.302635,81.10968631611489,86.04983547762112,86.5775419605782,82.8388840009692,72.31555514079199,69.4537269014408,74.05859040851085,79.33288054135919,85.8927574261928,75.30599067216487,82.86236575127165,82.99770136409559,7.454327964314676,4.508405497851761,6.515747576731162,6.004327275758113,7.760291641459597,6.397521226003923,6.411339160425271,6.823578623255682,8.871920663847463,9.15644509862357,10.102809018010571,10.981172250295423
30700.0,gromacs_replicate_3,66.64886,5.5895631610794165,5.756614613149079,9.387802,5.247964389678629,5.13575246660785,14.713455,84.02580528303598,80.93057112408356,78.92851589939225,87.99482166768477,79.740184351436,74.26802837792346,64.96382658105539,66.49112245202376,78.32893283669449,89.2761460251977,87.1272188719463,73.55564575468985,7.608464760081204,5.032536132958195,6.744303638047152,7.216875253481388,7.12819374836043,5.978288086360911,5.89210345226225,6.717870674751007,9.649690622235289,8.946465508680584,9.394868875196956,10.826671315174814
30800.0,gromacs_replicate_3,73.36666,5.963000998090346,6.061407664524357,13.431755,5.4068934340804,5.352052207433583,10.303574,88.68489734275468,77.4422256054955,77.56563222601999,86.69457603646016,82.4434173654927,79.84440151030725,64.09933617618607,69.10751132452404,81.40085619274035,88.8117907220603,85.96986357690461,72.09513041985191,6.862036990841859,4.318090927523048,6.139930485512716,6.614892886669077,7.611982975973954,6.676079454284024,6.922725688448807,7.13335277921302,9.53554866572414,8.924431708478048,9.941281600065055,10.56735938737571
30900.0,gromacs_replicate_3,88.82092,7.237522564895739,6.3647357649712655,27.149765,4.867231769678469,5.059344067212078,1.8044662,18.555691199259776,13.851815820506637,8.224868484201803,5.272791528268421,14.562026822438904,20.463878673844466,70.97143130174722,77.8642133669142,86.30220629581717,76.66402840730355,84.4350648613149,79.97205479576495,7.147087596309357,4.584765907562566,6.26207642477033,6.676387886159514,7.720196473521364,6.523868773634338,6.5374394065893,6.738639344022978,9.595186469948281,9.322699746253116,10.122056187874561,11.116333693448128
31000.0,gromacs_replicate_3,84.73873,7.0204551981331855,6.157556484775602,29.557434,5.031467188120784,5.18812866484786,2.5326843,21.359220877809527,14.773611344957864,7.096740530673979,6.709675987504874,15.934859946359154,23.176115531361592,69.64416212557587,73.8167080961393,88.73169401675214,79.96600101376632,84.2070943156022,81.12267701621266,7.504365714330058,4.64369162897525,6.736072381865886,6.950176384616899,7.33723638239235,6.197896765437464,5.6471769261979095,6.271862269601121,9.521782153803384,8.889275832878953,9.981337804586277,11.318620749339207
31100.0,gromacs_replicate_3,78.32225,5.761941413232858,5.819472437428235,18.403557,4.994305390184754,5.048960324325588,12.029686,63.65260094311188,77.38856018272355,79.19868967151244,70.00484730986322,57.88767234181684,53.11186907709302,67.35196614413834,73.4038964974718,87.86065048167207,82.57309881935188,89.59509181205891,75.79682030700738,7.617923242651768,4.991849561013058,6.43553203385142,6.766760834332638,7.688541047139562,6.410596504781308,6.390397365980797,6.742908067247655,9.480325733823829,9.125298217733596,9.834816712150758,10.738611376825562
31200.0,gromacs_replicate_3,83.977936,7.418273898059181,6.802786117606259,31.988277,4.847799452521892,4.974976685184627,10.123756,24.306157234299143,12.942785983134932,7.768021196426847,14.751433340055549,24.140444294593603,28.994750177799165,58.933983770373366,62.80722276386614,78.20054912313233,88.79707411333881,85.16391643916792,70.04560966527342,7.3855981657443035,4.674551791873195,6.615553427753196,6.7684515191130945,7.73146083715664,6.300593606264904,6.0160154543171,6.315741978119122,9.69729169582919,8.83796600344939,10.026382920188054,10.868361601032255
31300.0,gromacs_replicate_3,77.22927,6.090001098276766,6.223428656225734,13.843277,4.990141440174266,5.093579704073368,8.511169,75.84302843070395,88.06068168400519,88.09033721061866,78.24977618519183,67.5953780560384,64.82996003726839,68.32472874702654,75.45976979323282,89.7695676800053,80.69150272786312,87.67073806571881,76.96505913018613,7.2491935557940606,4.619949995725647,6.758199129479253,6.617845776469871,7.387752192955593,6.695554606199825,6.375464999879702,6.613253817245888,9.602521605432923,9.135717104707666,10.170450652849338,11.015301384458478
31400.0,gromacs_replicate_3,74.803474,6.142247872032464,6.295323402521551,12.337982,5.627278619155314,5.571611268288817,2.1955414,78.77403825414365,87.5989177295251,85.56038527737545,86.22798785921698,74.99020812156476,69.96061218920792,59.16920484542518,61.44340335940929,73.46850468802853,84.36558078606554,82.33043370479594,69.12864258766696,6.755035511142841,4.248564810251566,6.7643264726636865,7.045747530876558,7.49654501553277,6.3848615995383415,6.52376795600167,6.6725473771893355,9.938349078885471,9.721035829596335,10.010969848694623,10.384375260840452
31500.0,gromacs_replicate_3,78.17549,6.565723764321871,6.346598605185365,11.536591,5.00046668939353,5.146626578196491,10.864449,63.406946375813966,50.54263863468388,42.7790149389375,47.81576362029646,58.42409312135991,65.9149039527701,73.78082257004463,77.11082938931027,88.2971481466736,76.71379131338792,81.98655315222462,83.36835569177148,7.672781688903686,4.904647160271592,6.50157853841381,6.699076309948491,7.550708715895918,6.306274164623246,6.0087295855603715,6.518312415676226,9.157294430949305,9.380013268092306,10.199767953770275,11.055808038300801
31600.0,gromacs_replicate_3,76.43097,5.714454816474053,5.793896471772845,5.4683456,4.959835344133883,4.716627417656838,1.1024933,76.33576298869048,89.21910120010023,88.9823485749682,78.36459352025066,66.64430998111622,63.96146169426148,51.03074853740369,51.83461856533183,64.37618209410176,76.35995531525977,73.77674667056772,60.94464074925967,7.352601994011355,4.5999399406688255,6.378069340273498,6.3830050431076195,7.170107471651662,6.854964134257768,7.313937574659024,7.468586548923285,9.15702901342218,9.118383039600092,9.271509772566027,10.371855714644472
31700.0,gromacs_replicate_3,80.40977,7.593623069587223,7.047395323554228,29.598358,5.075383311396783,5.240461228638018,7.398857,28.350735806507736,16.91173115396642,14.739262961635026,22.119254163487398,30.937094377788767,35.0181915443106,64.0634951693144,70.00966381545703,85.87039130713954,84.86599899297669,87.44928354483024,73.3884911522963,7.6554626798424685,4.745525571710923,6.455616840108687,6.345960883109389,7.594764284344993,6.941587431764638,6.589446616342618,6.469137417952325,9.247722217215339,9.557353041094009,10.527268045703629,10.934779057443128
31800.0,gromacs_replicate_3,80.17139,7.526970635694398,6.8627070525203875,22.23912,5.034747868723958,5.186665282722195,1.3003235,32.89359673005223,25.255734363226953,18.47776645322376,20.68976659836573,28.820521221470973,34.64574054264008,70.69212078749867,71.63796325290173,85.2708351376406,81.99170790664657,83.14410232159943,82.76646914129627,7.57674351314732,4.834372757811653,6.473131674583026,6.861529897352171,7.117438925189563,6.272412624509361,6.209313915048683,6.864636445983196,9.576344140924274,9.184170880153925,9.99672462774043,11.319358678349154
31900.0,gromacs_replicate_3,72.00689,7.333571923342094,6.614712868879312,29.38095,5.106414916640673,5.225263909534973,3.631195,28.63776762090844,21.056801297405734,12.788420455042173,13.199541616487485,22.228603513396237,29.244319687721006,68.98367852050602,70.17620848239085,83.21974829751329,83.59971991092885,85.31012210619339,81.3380473386633,7.352210287716281,4.549822384127837,6.591990462127519,7.009034966324446,7.210436510771966,6.425246777592156,6.63231224028163,6.785927973913271,9.338185340922033,9.302472658329176,9.988803188693371,11.2446698073169
32000.0,gromacs_replicate_3,81.1157,6.818248638587517,6.405589858699238,21.41925,5.215333786467455,5.148937775142543,2.2813873,47.3665613467559,35.6967750214197,28.295028547594992,32.67830320839119,42.515910007353405,49.58366461097028,55.90627253227765,61.30993438913197,75.34455483844317,84.67437723502515,78.37182302780485,63.92008526577525,7.514813928107547,4.515142035266954,6.434417121945171,6.669487295685244,7.722447125188756,6.718724122450145,7.1503743139962435,6.868760147929605,9.039310454595666,9.816101488376995,9.48218768490952,10.229120604091163
32100.0,gromacs_replicate_3,81.272,6.555175605206142,6.646174356750464,4.719269,5.220689337236776,5.3004691160423425,0.13516998,80.46483542415315,87.3413397135485,86.86006320355386,83.95820848447721,74.04155868217941,70.91495336292144,65.94731135341743,66.03229701635694,80.07362990559326,86.82716840470778,89.43202304959306,77.52394537025205,7.567022790062622,4.7517065867363,6.551055093577969,6.266904408479596,7.563887454183169,6.652083042093996,6.859957009403997,6.874650197064938,9.423711926403165,9.69533788854944,10.08685926452431,10.602600202694008
32200.0,gromacs_replicate_3,86.483055,6.235617330811501,6.379223298808657,13.502655,5.282442842985461,5.327281040256097,13.082077,76.82952251627844,89.13623393729667,87.01552132972135,85.45943704955414,74.3500306223774,68.60884580308424,53.79912956885805,57.27338070218452,71.72932142843901,82.3061403944554,77.87756582410591,64.32679422856195,7.477998248167879,4.678005505995485,6.443612474152188,6.45843502486596,7.124660764932268,6.329595804192245,6.370362237561597,6.5366517372948065,10.011847122370355,9.551252047359364,10.32688756590654,11.001918896271771
32300.0,gromacs_replicate_3,79.54852,7.032013471398487,7.102112388201929,7.2553787,5.447648121217755,5.613914169697105,2.3247757,89.90436901386923,77.62148769983035,75.34029594601968,81.91831190953256,87.78223095227582,83.17368137317418,74.25295801270033,77.78490665004053,88.72087596415378,78.09908050129255,81.72430730989855,84.36194488893535,7.214957554365924,4.206136667360341,6.294410543883321,6.036439693744174,7.8293043708034435,6.677159242769411,6.46211081270948,6.76911192493477,9.459811500749542,10.206353024805553,10.267289000438838,10.725726501424644
32400.0,gromacs_replicate_3,78.23456,5.888199093160928,6.056729197820338,15.184937,5.119018688371901,5.241048213171719,7.136101,76.28842695371398,89.12233457793396,87.33382037032791,85.00432578878262,72.91569786209965,66.71985920316644,69.61735474110735,72.25543028929708,86.17064676429645,82.66542944044902,85.78781727177218,80.2271074691704,7.185930823088075,4.473931249263103,6.3591239955937855,6.925721422839031,7.420539545449803,6.6362514564107355,6.99828512966748,7.354283022941287,9.659551656223647,9.594485603711945,9.938751331817281,10.33957032673504
32500.0,gromacs_replicate_3,80.4209,5.605512280183907,5.766869274513646,19.450157,5.431428960952826,5.262393256017843,5.4846497,72.07066174903152,85.16502368092542,85.50994452958757,75.05807592682945,63.19739706863866,59.61237987365481,50.16056982830654,55.71557630440869,68.59998432459362,76.83800475173351,71.20786087330569,57.4414463753644,6.946100062947591,4.759367127658023,6.134034025931418,6.995397971361622,7.825212031801879,7.101104485903458,7.411436831222986,7.43872827419451,9.231131243574598,9.676710254290773,9.202195041459001,9.950960209754609
32600.0,gromacs_replicate_3,64.95179,6.5340100914564445,6.5654235788358255,12.785942,5.207787252958993,5.038550575317763,2.153305,72.33380854497722,59.006450134579424,57.894727326459815,66.59040091830548,77.1379911470429,81.0930189317956,54.4054593664854,60.17216455469747,73.87427085303982,81.41473503548302,74.8910946567669,61.658110688263164,7.344552720730736,4.637570602425148,6.439218089435118,6.500919151649199,7.43171972879209,6.500891323045449,7.1117038700154085,6.908148015469427,8.955226897532551,9.716012819097383,9.9978909890525,10.366769656385365
32700.0,gromacs_replicate_3,68.77862,5.525870926913047,5.745538257707148,23.602371,5.688483490684297,5.432375759067581,3.869011,79.00781344180258,86.48466372061735,83.88818833039211,87.52137985983887,75.41733944211013,69.66684024090807,48.77177014939889,57.12983017431292,69.18684749485993,73.40888618389155,64.1991761005263,52.29123428105118,7.3888195541769655,4.840721631188205,6.0326166886682255,7.080694852984315,7.999312989844498,7.247817869174959,7.957013169225413,7.535274066176484,9.026547282982255,9.640444826497495,9.556811040534832,10.180264059038295
32800.0,gromacs_replicate_3,70.05688,6.013326479317344,6.169396723105214,10.521957,5.216508633018556,5.035614909362975,15.338432,84.41861267525435,83.5670406831692,85.56742404116811,84.2855146022132,73.67341682578142,72.54660393440912,44.18507613774415,41.41030833060676,52.859239888690425,66.84448355205195,66.78010569772425,55.69424130961506,7.2538124068332275,4.414861353318354,6.3909228282005,6.637202480835998,8.001244367355087,7.0232769995523014,7.608603411489324,7.219956065659896,9.157236817084389,9.327752666404233,10.033135576454413,10.568009155289715
32900.0,gromacs_replicate_3,73.60132,7.200060043686906,6.8898987222648636,26.469093,5.2030205528734434,5.200931849939399,9.387436,45.02175142801018,32.714184647721545,28.57432680608238,35.794095856661365,45.07793420447278,50.61731190828065,54.15189172077909,57.85417070846206,73.10877844484561,82.7017115256836,78.01350445727333,64.61543195157132,7.565909846099294,4.69976052750948,6.513437046374493,6.842137884027368,7.409357907959991,6.378834361600007,6.659775004977078,6.6309876780222,9.238099033685632,9.712627318706378,10.3018930297378,10.973111206640281
33000.0,gromacs_replicate_3,77.516335,6.020831103842715,6.154073403209267,9.471092,5.203614682603245,5.1811936077714265,3.450653,79.84319796328482,88.67229263850928,89.93822388229822,79.7860167706225,69.15138597237396,67.03611553290189,56.371494907181834,63.99645318500821,78.3344387964198,86.27409912817336,78.7366379419571,64.30460425462846,7.148625492013105,4.655833956591732,6.236311172519011,6.543259711958678,7.427486265009748,6.63813470931842,6.920198970131165,7.081351757592696,9.025343082671046,9.786463201100569,10.044742750014366,10.291271984910223
33100.0,gromacs_replicate_3,76.34693,6.445363387272151,6.409233369397806,1.5914764,4.989820100344449,5.047293653455346,0.6845398,75.03039412058648,85.35017161791987,82.92929099637806,72.4842849878394,63.43207618113915,63.50332192556928,61.0766298113786,66.75941180554264,82.48077782023212,87.65094904750319,85.49952622516464,71.02054091767894,7.135802572063576,4.51454883798974,6.2718297803889,6.665464956303953,7.585518575690826,6.7037461609072295,7.230012437723777,7.114251419550485,9.441977894167852,9.309081472826197,10.008908619641474,10.31364037119213
33200.0,gromacs_replicate_3,77.092735,6.164555088524479,6.236881537943897,9.566124,5.1682530618886515,5.2979080477577485,4.9614334,88.60413565105509,75.90567277717906,74.47065796506857,82.74963392046611,86.54574832273849,82.54993284198872,69.10701340921695,75.65139816361228,89.66525115732043,80.3774744643825,87.10485237523045,77.7872750268259,7.364013429459212,4.840520862206346,6.210066500658732,6.731449644449247,7.437692259934635,6.489152012569899,6.583148225557922,6.954317126168617,9.383115274298017,10.01856942596182,10.182981092097414,10.659072543637249
33300.0,gromacs_replicate_3,81.63148,5.992668740472425,6.128797822298224,9.672913,4.991785231653894,4.8757312717416355,9.062721,83.02742250085993,84.57397659554746,85.9209426446947,84.10074812125525,73.69597608868686,71.2193001495599,48.266966985434216,51.92959815331698,66.96248795374655,78.16430731822754,74.16516019885911,59.59389819941143,7.230821018978208,4.514388839940023,6.3534280261223675,6.637798609367131,7.127865415702089,6.379738587554088,6.793040001421681,7.0087504934103215,9.172803887787337,9.273189118873699,10.255369513934891,10.730613881646528
33400.0,gromacs_replicate_3,76.9335,6.910086696712707,6.5157284725056135,8.766136,4.9278078546439685,4.964263957211879,2.4280014,55.20146624727151,43.939076446005984,41.35460745787903,48.15797416071133,57.88788143363594,62.55215166743019,59.56137666493443,67.63909800802489,82.7824093429548,89.80536619655322,81.05703254085536,65.74447396904135,7.399273410913972,4.86037534091521,6.358838534877034,6.903372518811519,7.1753483153117426,6.331478716313974,6.27407970821621,7.030385419038737,8.909681923198116,9.499361036876815,10.192804315162556,10.54872554272428
33500.0,gromacs_replicate_3,59.78254,5.878423294470438,6.020146405524131,6.676079,5.235965985888893,5.0324376947258065,0.10684204,87.76217950636091,79.42602673052438,80.20263854742021,89.3806091300217,78.36603565305394,76.6704513332156,52.1693439094044,53.75680455889585,67.39260893631415,78.48400144001518,75.48364413340914,63.13847627620237,7.288611316515633,4.9517056653910085,6.342517072717471,6.69760529888727,7.371740479609964,6.364199619745878,6.671868288406387,6.819071113006474,9.116398826339335,9.923016581890153,10.086732485774233,10.480099626198209
33600.0,gromacs_replicate_3,78.238914,6.148430959101129,6.196420454704509,7.939598,4.9318191546158605,5.021919578817469,6.369766,87.15026868796215,73.88366534674867,72.26745685823167,81.37646206023142,87.34920566912852,83.15760020956847,59.378400556779106,65.70999402227066,80.97210480062724,89.65064622663839,83.76181157732557,67.85887717195226,7.705096149338222,4.590914697087462,6.512426703905522,6.561236881613489,7.51582443247778,6.518830902314145,6.493209771813068,7.262560858938682,8.90499040876456,9.480488614757416,10.724536670334285,11.307106357288085
33700.0,gromacs_replicate_3,74.37214,6.0524939890613325,6.171852426591487,4.7423096,5.220535029693167,5.312215283140653,7.9887695,83.32558760434074,84.66486919156756,86.63694296560682,83.4104569553095,72.93976348619388,71.28722867231856,69.51586159540568,77.33254460895623,87.48968285444248,81.34548944437118,89.6117514973502,75.26326433131267,7.286367850345452,4.976232347430717,6.344566413384247,7.019440037848173,7.2925522035771175,6.447695929933279,6.449164967412115,7.076525196698362,9.175324275536447,9.406226667279576,9.963980903677252,10.386981377692592
33800.0,gromacs_replicate_3,72.32598,5.839567208300399,6.032800690832575,25.300827,5.393863894627293,5.250368866254725,3.6360092,84.44387103542,84.17059271643336,84.30319671872333,86.89654509264282,76.32388511548699,73.49237685309728,52.62954575449661,58.6299402405104,71.92783738896165,80.54992020619177,74.5623954819388,60.60130271584386,7.232729660273223,4.700407284375477,6.174375605090517,6.648287041768056,7.165046705655374,6.482150545904372,6.491472573940314,7.235084048615741,9.386391928172982,9.282158275230382,10.46336783889814,10.583501723974726
33900.0,gromacs_replicate_3,75.744026,7.473626163743767,7.106891141269527,30.843475,5.2168479588876115,5.1819611373734995,2.1451492,38.59625791127861,26.93034364846622,23.877840695236312,30.82710037213468,39.9757000386571,44.232046765452814,58.254229157225716,66.11385058537684,81.4120723540858,87.28547346718257,77.58691181052075,64.1675053382435,6.773106053642893,4.561055064549126,5.95056516020935,6.354138214244301,7.698801465500669,6.598459215598352,6.6500967738995,7.073484942237033,8.79236961136434,9.854398717814133,10.234312074663558,10.330171178143601
34000.0,gromacs_replicate_3,74.47145,6.065337904707062,6.324925224619862,28.454185,5.351710963289881,5.217242153430215,8.916512,77.76336453342464,89.28332939815601,86.8701991640046,85.85102500711143,75.07906284414183,69.0983119362924,48.18560288441576,54.57714206829871,68.03143425220097,75.69371171676727,69.64671130361936,55.409813284342896,7.500161954901978,4.764168410986091,6.267594977956765,6.562192353048141,7.266501619135436,6.802759100992158,7.0388467275856685,7.197356544572765,9.313504574899438,9.91713853882593,10.495177806028662,10.405537235935952
34100.0,gromacs_replicate_3,72.943146,5.854996860590365,6.0558776929321905,20.7659,5.653869831913874,5.565533057810211,7.1821594,81.89732415742499,84.67660680086574,82.896842430501,89.5047344888237,77.39688607504965,72.24402419695532,52.9256537924818,60.239610059428124,73.43115095731386,80.13742451932292,72.51639387973587,59.228790174181405,7.205311898818547,4.450573443152392,6.3356517084140815,6.767613055137947,7.954550930643541,6.925136821559362,6.909053885946734,7.057137909720332,9.733135789347394,9.983262717719192,10.409581696486995,10.329043850620664
34200.0,gromacs_replicate_3,74.43504,6.674833572881645,6.795396650124776,4.7489853,5.435802317413328,5.387345025529533,4.172905,86.09728969295296,81.46511387995749,79.51949774729131,87.81398782088961,81.94622898995763,77.96039126722405,61.809317877090145,68.45090182625694,83.08722090016626,89.71798641424331,82.60085050105238,69.68253657997019,7.43565528959146,4.636557568798866,6.303488895773514,6.482264932740785,7.13855931959745,6.218641803383183,6.439613583659413,6.949908658308755,9.640808522513085,9.885386679783581,10.587004419181826,10.346363809098547
34300.0,gromacs_replicate_3,75.21457,6.15248681713969,6.274403414357061,10.601372,5.145873301227561,5.21563370828334,2.434204,78.31120110354865,88.68325358340661,87.90967935659259,82.61291430918988,71.51130811227128,68.160174950297,61.76137799964798,70.8995472617393,85.64408538744537,87.83735348021035,82.32525912855606,68.50776519458653,7.301702998318257,4.5521525799806435,6.209319782177371,6.709541491329505,7.478751232395778,6.664018930300943,6.977643680195716,6.99949760976948,9.433953837503246,9.694429010854757,10.345959147150824,10.401437995392767
34400.0,gromacs_replicate_3,73.9651,6.183453690927243,6.312766216237504,0.78712463,5.26756272847678,5.2379328591489465,5.93573,85.39806112285397,81.58955739124139,82.27023596433206,87.97077448580305,77.12935844033338,74.8461495714119,62.168476302624136,68.95861375173317,83.61833726383644,88.24590398245329,83.31540844852059,69.16695918669855,7.367273413513832,4.808708318084346,6.061755718462234,6.085484953498276,7.6101678433863755,6.835081249328344,7.051239873322945,6.750394622941588,9.544143102027752,9.590267580497619,10.534456357642428,9.470765504819104
34500.0,gromacs_replicate_3,72.19158,7.33542542284117,6.884424306337103,9.430069,5.309251142384927,5.263359210358795,3.7281494,53.95844917569925,43.613576673764136,40.42436989548279,46.64238528923227,55.72443201251791,59.88714844633904,56.81692554760015,67.41401381200656,80.06561190384171,82.40025705191229,70.54671775712463,57.45182638113977,7.192471304595709,4.538785959818498,6.319861269860774,6.977680492488145,7.539394742609227,6.738026574393113,7.258609048825942,7.702478438169448,8.8400656483227,9.628754148902566,10.318963622283091,10.356201140674095
34600.0,gromacs_replicate_3,73.92741,5.67098168443655,5.971757447606784,35.98262,5.103411843656185,5.2317897574852985,10.964386,64.88456950803211,79.3676873216065,82.71565659166161,75.8937599802742,64.37302613062094,56.25335513766923,74.22822375933218,84.70169948873627,82.37732600743638,78.26099161745715,88.6706238961792,73.97967437952637,7.751636965538075,5.013673708141062,6.230494911197504,6.186755080110486,7.396474329837403,7.009052395680654,7.6952274610461675,7.229386075333349,9.034151236757912,9.624927010609698,10.234353940383023,10.450500255691988
34700.0,gromacs_replicate_3,78.683136,6.2306061758429205,6.421541671671448,22.853699,5.817651760272503,5.87698933879207,15.958,72.07743089835421,84.34003317095076,83.54973218005321,74.38271085567835,64.00895345088338,61.0439836475267,53.25950145013999,60.92957025047245,73.81286252297758,80.68962639385484,73.55422532346925,59.95460163715146,7.654474118423615,4.816149943247158,6.442001218797609,6.3871787826061865,7.3698062611631165,6.362131250485388,7.3345454377086945,6.801968258839042,9.890362990946352,9.788930758051725,10.639049515829514,10.709819954112417
34800.0,gromacs_replicate_3,76.68823,6.3749703586912725,6.502692501640067,1.2873306,5.253426753000225,5.318669516499791,11.213074,87.50279313876861,82.04620134260058,84.99530121019149,84.72054413441906,75.18522123518235,75.59803090389632,70.39394391982687,78.39634224219267,87.2288478176112,82.06942025917816,87.07296126872389,74.08875385730342,7.39818360623738,4.583458257104806,6.251390163114419,6.541518117865418,7.380747678837207,6.77768378614296,7.787895264805739,7.065144074322,9.366298094886783,9.857114716620458,10.400034458532454,10.688355917862257
34900.0,gromacs_replicate_3,74.857635,6.13484699196415,6.338942679125134,19.263275,5.784513831929824,5.629857831971543,16.132324,76.71944256222349,88.86759142199703,89.59387526515962,81.25789912688175,70.15935884398286,66.32564720009265,43.41645903778584,48.4752213504107,61.105356352651846,68.9061213872028,63.6123105035167,51.11665968726584,7.276010600016305,4.3640002748197615,6.037270382359161,6.210420105595135,7.319610597479753,6.641611150128577,7.392727968967264,7.154098351860337,9.469881644873965,10.221237490314234,10.403710741160628,10.43480314253267
35000.0,gromacs_replicate_3,64.69812,5.63791854303628,5.787577869129691,6.70224,5.139617238797567,5.033369575566982,6.4297943,81.42675008591452,83.38683916446966,80.37682999901922,88.99994858944054,78.64926322276175,72.55430382644214,59.39530581921373,64.27691202602843,78.51596466108096,88.22498536228986,81.13079447991986,67.57969266093146,8.181889540103063,5.412630107689377,6.489575991382479,6.741830416233115,7.2388181747576965,6.151438935624382,6.529284907918147,6.744877536063324,8.914471479764105,9.025225425802448,10.25147157056868,10.679635312711396
35100.0,gromacs_replicate_3,66.800026,6.364147246939359,6.508406217699367,16.960297,5.2798835001083395,5.089063509973882,4.7498245,72.72990983730188,84.60363442609288,85.8552126840021,76.87732013560915,65.84528263768632,62.38221441549091,48.81330660734851,55.809372355355585,68.84110932286724,76.74113887583682,70.21599166174299,56.912197855112325,7.227908539084605,4.498601975499376,6.1363533251229505,6.44138458079474,7.258099876238135,6.847810268321887,7.714892946819335,7.02118358291333,9.22462936326204,10.220039667240032,10.721958198289414,10.539532868368344
35200.0,gromacs_replicate_3,64.26207,6.060123147884714,6.251146732883726,16.157227,5.486673723156164,5.348395187667765,9.467537,80.30244173969126,87.39701640865242,87.39414373959922,83.57092881754697,72.28798159574038,68.86149732795161,61.60009204231381,68.95750551223932,81.39542623185619,87.38425608263536,78.52774666439628,65.22765686929237,7.518681581410421,4.7418232386037324,6.394612533760204,6.684400525946342,7.200869261088909,6.624004698968307,7.35052059591615,7.113948080887975,8.826203632047278,9.523046882869759,10.14438717324811,10.870953743454402
35300.0,gromacs_replicate_3,59.086025,5.8503804231186285,5.92459908136686,4.5813828,5.426278509526776,5.306422945423141,21.893906,87.60320147975109,74.00526091608107,71.3080967730538,79.73250767456742,88.0702628022274,83.41959482887098,67.44484353459,72.98788325155743,84.95526795946475,87.78685314156125,84.9629312751227,72.2982776104346,7.47164205809809,4.409181014043455,6.558624477175726,6.727160379818907,7.478844980649899,6.955072803836459,7.6436340888449354,7.20362787571798,9.387730607135945,9.351252077254504,10.097485142114802,10.750781262690966
35400.0,gromacs_replicate_3,69.98297,5.603653297499808,5.779654226811816,11.023506,5.346548851903264,5.236120430323559,10.844841,81.58544995290053,86.04453306055991,86.92211094043054,81.97575536395136,70.48183000160572,68.38374211127797,62.36126634802544,69.42339027376326,82.4522515214697,88.75654435268065,80.5283506771335,67.44347130519218,7.267981743191162,4.687653019159578,6.449307281722899,7.021750363619674,7.218018010187205,6.573844910473667,6.913597399603693,7.615685200798703,9.32636632068272,9.594820261952203,10.4140321091789,10.546711796880523
35500.0,gromacs_replicate_3,81.01256,6.263894902056826,6.417030006203286,23.388481,5.17557528019851,5.244110203196198,5.9369583,71.85507086491563,84.1820656442632,85.69216670007764,77.03781884310537,66.11427423250677,61.92643175018512,60.98374717166282,64.11545687947023,77.89899971930656,89.31803009616237,85.74766986646137,71.21265672332625,7.588657131035127,4.754374511291061,6.7101105455778445,6.645392740676497,7.169872670094343,6.135566716892837,7.672468754114174,6.690419301373339,9.349682694511655,10.336382923985195,10.6052147640758,11.258355812134909
35600.0,gromacs_replicate_3,78.52627,5.961853437144444,6.177853638737231,20.348572,5.841623489257179,5.86814877706075,3.2266464,82.23350935840314,86.80151618190116,88.25504530530944,81.76871652350457,71.08771499504023,69.20783649957502,62.158954610298295,69.21952219799617,81.57155541417467,88.10606945037344,81.15378004217636,67.28902156712813,7.280928862744334,4.338919382599325,6.283836265859538,6.7568455755549515,6.658024750260872,6.462785433105136,7.704794746307498,7.597302426641291,9.3853463274655,10.134976518196341,10.242370897610758,10.695591108947779
35700.0,gromacs_replicate_3,69.674515,6.073212014383329,6.237237664634958,12.962967,5.458332212432289,5.331242858280859,0.3164673,79.32662604914718,89.04171657930061,89.58879800118075,79.82934879430206,68.85789281129016,66.76965388135612,56.34200239897679,58.76048331108505,71.59277761205547,81.56692444445441,78.29299853678641,66.48320244528291,7.584956990774989,4.733492494001286,6.513110501538647,6.487709285571216,7.253891684423474,6.535174761638905,8.216784266158786,7.302509563237265,9.290680835887509,9.7657890221605,10.34478914425132,10.668510041477777
35800.0,gromacs_replicate_3,82.682846,6.000598221275755,6.25460279895362,30.391113,5.067349363687924,5.123464132187564,7.26429,77.4675326372263,89.55719591228952,89.73142855043528,82.54696254312167,72.12379364127285,67.08282809703397,57.37081731126614,65.37760027887711,80.08723212201747,88.01986265480362,80.57525145535644,65.30911098787278,7.708438132330691,4.950065187337563,6.84306487781265,6.978860676155151,6.867174200940976,6.45657241921794,7.740324431392914,7.8055955639688435,9.32001044754955,9.900137578120978,10.47327564956579,10.98457639994518
35900.0,gromacs_replicate_3,59.24395,6.290004402292806,6.541385032639306,28.906326,5.349662197417706,5.1213993669488485,13.755463,67.0928256936154,79.47477016561913,82.97960806380878,75.68800193597751,64.03475803547622,58.5863276270653,59.871254346297405,65.84226318974407,77.50869858084039,85.73605504188436,78.06621162239634,64.90602242954668,7.658276295832351,4.918368136654865,6.691616751655817,6.638181564998118,7.386510196638059,6.60528327052363,7.64339527975044,7.495208038276277,9.132313908394062,9.930429592004122,10.15606439286834,10.601179595184439
36000.0,gromacs_replicate_3,72.75726,6.685817277562894,6.810595158771486,16.96238,5.214250039374911,5.440447259847368,16.338318,86.45623910405573,81.70949561627248,80.2100929464549,87.46356003173346,82.08096243966071,78.00548627195745,82.27497562824084,89.93156510050403,75.82787046059856,67.97410935185832,76.360462293716,88.22204245872014,7.0418624669897545,4.463618292040833,6.174193967430176,6.843394562392987,7.226916080766424,6.6486769916634065,6.849020291861694,7.115534334346517,9.310981954807115,10.123992510921742,10.31806972914937,10.577361177571268
36100.0,gromacs_replicate_3,59.13613,5.8979895055805125,6.123968777781883,24.684525,5.20621124145285,5.3616541546237375,20.721588,81.42026681294011,86.13597326683809,83.3876385076941,88.62503775397796,77.41931849184898,71.98173428456431,75.37555513290117,83.38476349073281,83.58354486321817,76.1841519289756,85.20354616023545,80.203782194136,7.648604369395771,5.082631454797132,6.418882186127555,6.814835092741578,7.182459137993214,6.465830382973901,6.837017836627377,7.105406681814233,9.28832827627931,9.542726818697156,9.777709181506744,10.393142924390435
36200.0,gromacs_replicate_3,62.311996,5.734863726326927,5.861528004199716,17.576042,5.878595563378449,5.657272295066405,4.834549,69.97485463815808,83.46670881732484,82.87793839304017,72.89295803584353,61.517045237100234,58.222392576204776,56.78480441946762,64.04601918174278,75.96443193657097,81.34343102656355,73.48538826964372,61.32920859521924,7.3885629042241945,4.603818111512644,6.289217963560196,6.989688567707072,6.956236821204982,6.634954791993092,6.883684894861367,7.464262555877511,9.321643845355519,9.71047151720745,9.930325447610349,10.422802298171169
36300.0,gromacs_replicate_3,64.342606,5.735038047724977,5.873169095987336,15.551033,5.328473130655326,5.260085380622116,10.480171,73.76978167512249,86.03971723588782,84.6079990326768,73.91479993549947,62.178957373584375,60.58635040988129,63.75943324307146,70.84850886238465,83.58513719470399,89.62626158559044,82.05896226911521,68.89444135350314,7.663036284955107,5.01406361943631,6.134292612078504,6.517130879795205,7.545639652973877,6.406020619390137,6.874210405560374,6.72691102851069,9.120150228163816,9.58135123562729,9.955769484749213,10.487340876473178
36400.0,gromacs_replicate_3,76.388245,6.456128944636742,6.363639703940092,1.4840088,4.816991916072081,5.016082752434501,9.143066,77.17203622870316,64.29793186652975,61.83436022297803,69.76280445132167,80.23007250981735,84.82279102813817,75.7904267609918,88.18062189300339,76.37034961814314,74.70505904086721,88.35286410897842,78.17565655082618,7.408956333499962,4.783297646018536,6.032301962363513,6.313798693130864,7.338043088975204,6.512818983253005,6.419635236746845,7.101502669068257,8.909435588712737,9.933832941893812,10.27908883920157,10.49519647299609
36500.0,gromacs_replicate_3,72.12766,5.640361922034162,5.873144349101423,23.928627,5.073362337151101,4.896978956312713,3.6769638,76.89984824771031,88.74266007704044,86.62233932115983,86.23184551511717,74.06599257738236,67.59962037957906,49.837319372394894,58.73114634986386,72.25273812434352,77.75732255066343,67.70599244177554,53.88023260420232,7.33802738912084,4.736605123166919,6.386760544680848,7.159240042550666,7.053283004863856,6.742487850493328,7.176641187740351,7.53471932719856,9.191434721854932,9.56004202151013,9.787314528479376,10.442011896730834
36600.0,gromacs_replicate_3,58.161907,6.359907156349742,6.554085424316285,19.635948,5.292032720673154,5.206409537476188,6.3260727,81.369430414452,87.18207454586477,85.19793961500353,86.57487756553905,75.54521827160994,71.88745419480503,60.33395918050394,68.77702664404417,81.44917917899657,87.50726252734329,79.22454257694115,65.28150237185618,7.899841813031163,5.484411988197547,6.5985338901514785,7.058327833174859,6.873789962679844,6.249217163327996,6.664159616287702,6.937149755875969,9.001520748631112,9.682336838847897,10.290211130967657,10.2328636476081
36700.0,gromacs_replicate_3,57.0273,5.505634042766662,5.679121378742435,4.425026,5.2949315158046355,4.973811549137747,17.023132,84.1220890614638,81.51297858800017,77.8450916519184,86.91889732537459,79.80483788027978,74.24865768938459,58.52544954035962,65.43852064005412,76.69179180332007,83.08707788017531,75.35159500601408,62.828705110540014,7.793028665482691,5.158253871750956,6.362507571049978,6.426628129535672,7.562344509536844,6.567336209363207,7.0307033020692185,6.8489584458058665,8.91225710994985,9.53208520715963,10.06310553783491,10.072058483121218
36800.0,gromacs_replicate_3,67.434166,5.71361717948885,5.907218770652941,15.707977,5.309109852800549,5.137964835886981,3.0057602,80.64536553765709,86.03367570319917,84.57889059735824,86.0302135719477,73.96623191092485,69.60981302890664,55.129632767888324,61.569550813611514,74.67326502294291,82.07277988425133,75.32287223360875,62.602973799567934,7.190442499454017,4.601267370711738,6.387954270736169,6.843482594208025,7.558151703961433,6.847808795425565,7.351064602766491,7.306769395537124,9.114993175723408,10.2995905126193,9.714708111898595,10.141118029039054
36900.0,gromacs_replicate_3,71.806786,6.0013256032296365,6.1890204998554195,18.076797,5.293602980949039,5.082055318996164,2.9753952,76.88196459341913,89.94123647727453,89.28442927373553,81.88179384047409,70.86614234539972,66.66236408415276,49.78637222505781,56.652572153258376,69.95489110539243,76.96657474677556,69.30651474414347,55.77667504429693,7.584772438464831,4.817956051366362,6.543026371791798,7.093336372799978,7.415304306298384,6.5982868679596,7.020163697219499,6.975783157017262,9.271485019056753,9.824941221495282,10.15286512404883,10.798635105224157
37000.0,gromacs_replicate_3,76.164154,6.324987037343793,6.087709107532461,20.602654,5.518521610414815,5.346388819193659,5.432411,80.77722924294757,69.90415520407709,66.51393347191951,71.14496741235367,80.63707463288499,86.961393052447,51.80541605317468,56.11160898050956,68.89824957178428,78.37004980697391,74.85174149847904,60.71418882854327,7.4217782963957415,4.685074224144272,6.4559223770555985,7.131285413690424,6.913715898615147,6.722724291265233,7.479763981144388,7.279790526646908,9.404582401721203,10.033470677909236,10.401307272626111,10.26964844757148
37100.0,gromacs_replicate_3,77.179405,5.48800804673625,5.616648322846845,14.244583,5.494605379871752,5.397032368516323,8.457169,72.36577322125049,85.51040245961924,85.28552256745328,74.06252877240117,62.40453543213484,59.33904320033937,62.3201799308357,67.51925012619722,80.539714602392,88.90449838066478,82.63928666357756,69.32677721836004,7.5493818570644295,4.734288488833673,6.610450230142521,6.7923351959595974,7.378740279993917,6.65249101335654,7.089624020759374,7.076801272173569,9.173372068247575,9.461807302318293,10.014368561864691,10.724859058479794
37200.0,gromacs_replicate_3,68.13586,5.8051109102442116,5.739322274171971,21.673302,5.494015059522929,5.510590925428111,9.272896,88.97865500603855,76.5231844248434,70.42551179125876,75.77097884247016,86.27632875892904,85.5500503598384,67.69578739156836,75.15194417675866,87.71527519705097,84.98333018106787,87.18689747387111,72.24054879724792,7.806694579995424,5.048140941547407,6.385360832776931,6.778031861528462,7.044102230502777,6.216877883303924,6.155822365496421,6.785548344459852,9.116076964006144,9.871978283823065,10.444764418128273,10.861427667557676
37300.0,gromacs_replicate_3,76.149254,6.225748143438868,6.295183075821257,4.2529297,5.451683059368394,5.445559684302596,6.4528275,82.48592040276709,85.18008912320084,84.86453144557102,85.36262294237935,75.34739976393433,72.29069506254854,57.25175429889637,62.965844334781096,76.66254080522472,85.53415277092432,78.82666138253992,65.23078724093008,7.556232431004015,4.692747470797472,6.297611488264042,6.5924832458247105,7.60648027488747,6.334846107587994,6.264953059182841,6.767255992174355,9.268143715102935,9.60409283380464,10.280156253423645,10.735120046686058
37400.0,gromacs_replicate_3,65.115036,7.158930226538027,6.90281790945736,11.639496,5.0609331218857,5.3093029301320716,23.137169,63.45211576742449,52.11642311223294,47.683853529804345,53.11328827913141,63.19370818101745,68.94372977242483,82.1875678704454,87.90109288796856,73.99307569799723,69.78623563585661,81.89594818999124,84.2831353507147,7.651116247369585,4.897000356272489,6.4183582259694925,6.865799706263429,7.25972556905918,6.080381184625002,6.693703504857156,6.878534540256557,8.8931693914753,10.393258923952573,10.1917179961093,10.533780816606424
37500.0,gromacs_replicate_3,72.818306,7.05069993315481,7.057296218635631,1.3795853,5.055582182311188,5.304672115742663,17.682404,81.46990958233441,70.19538017327112,68.66813895072998,76.12103658294946,85.83172185701737,89.89316468347535,82.38000063339709,89.28406631398184,73.77775065378702,67.48697825146286,77.74585896665901,88.0931525128123,7.608858189885489,4.671082035063796,5.9310683039339995,6.06288643694631,7.966305808765481,6.772808981869431,6.35502101346333,6.603478609403552,9.255959080409017,10.340185208765982,10.52633698522788,10.36801578289076
37600.0,gromacs_replicate_3,76.93707,6.126536928256995,6.301993984080072,18.20472,5.242006863795496,5.3092016069073065,0.9280243,81.11039331857263,85.96148579970823,84.91214282444191,87.10774309202641,76.38478868389849,71.69158115261597,63.09572354526329,74.04233813196169,88.06154101167031,88.14801619852469,80.61028852863933,67.35510233461457,7.5878186773227565,4.626624672542243,5.971724356580878,6.335460174364388,7.744753438435849,7.029171904664463,7.7823587171815,7.488293716191572,8.618549164222696,11.381223975754368,10.442828934453642,10.266459974968337
37700.0,gromacs_replicate_3,79.28447,6.275676993808306,6.347931189911805,0.18437958,5.19562950118928,5.258382178688847,3.066162,82.03410187353242,85.20326624240151,85.47839999946221,85.44255781490315,75.15082640238185,71.80723508397307,61.375357106774324,67.8891613557057,83.3528721082406,89.21055295051288,83.55430848513878,69.17695183285473,7.235874327347717,4.4098251228364305,6.313656822921227,6.553753253287211,7.436337447465932,6.610294337858623,6.836246074331837,7.008524734062881,9.497171421447076,9.53124831639975,10.510148916070731,10.254256582420858
37800.0,gromacs_replicate_3,75.19309,6.240981695681715,6.0254381200576494,2.17762,5.141295500174835,4.99629696295421,3.670807,72.355767076085,59.03730213609612,52.78021247431999,58.72833722341303,69.52181057203752,76.71193218383625,56.22166598979519,61.93608087414091,75.67562717310624,84.4478085749295,77.82696287110389,63.348950517918624,7.553239034838979,4.981866311621465,6.486634549085643,7.133586083036953,7.652891497877669,6.805548829145952,7.119259131285913,7.19127580210266,8.767082246863449,9.712313655182767,9.728649569292472,10.202394095454167
37900.0,gromacs_replicate_3,74.68076,6.388046974443031,6.586609986817015,23.95105,5.2491996257855895,5.267316553885672,0.124549866,78.97288317405389,89.13106101690994,85.40374428669072,87.50947132109216,76.70333044348766,71.07556861098244,61.90160784410761,69.11481229970632,82.66641885953749,89.36028023860072,82.58501201919955,66.93697731400476,7.647945200401424,4.921013485663648,6.258397180176018,6.773954859243964,7.064710254257294,6.462417220863116,6.875086575739798,7.212795788093823,9.461400545990108,10.148318433248546,9.81366344742916,10.31283979736651
38000.0,gromacs_replicate_3,71.73272,5.799472214371299,5.971769379340982,11.803139,5.336890473340318,5.338759484625928,2.9834366,81.2632917671823,86.00403317263037,86.74991985128655,83.46383082826401,71.91648648547263,69.28048286415223,63.13485971481157,70.34585511418935,84.23163615782818,88.2920195841213,83.39608361172161,69.19581402055346,7.047935262188536,4.531086245538598,6.077326462499277,6.887067966498053,7.548185485905514,6.794711115772286,6.942580166593905,7.2356999655394905,9.367985158881131,9.827950641711693,9.776942490687592,10.196860041523435
38100.0,gromacs_replicate_3,68.05361,6.533131729225955,6.567432988454225,13.317795,4.650973742926472,4.987816654204193,31.921032,76.67524293539994,62.651408427387125,58.35445837904991,64.95482040965302,75.74871563738034,81.94468564147698,85.13846900119097,78.22086300844461,61.74296692741995,51.29755131940105,60.640736472109936,76.78948470179179,7.9607926712762405,5.386007638366081,6.657949207917706,7.02923631334989,7.608429355817291,6.041557427894765,6.21186240640038,6.585184501369384,8.704550552902958,10.093910976404802,9.449708172035482,10.405698665499377
38200.0,gromacs_replicate_3,71.12591,5.745546685255531,5.8755015594516795,17.302048,5.013184535265742,5.217231661816524,16.156548,70.70643837910727,85.28596795443823,85.78534879360754,76.15109311932447,64.20625890268114,59.857150181341524,77.0387215834642,83.4664785048943,81.50283928907069,72.89543351270206,81.29229679969838,84.07840768837393,7.032359989794086,4.568983260916638,6.186738841575758,6.732157490570797,7.471382102635733,6.651334667861796,7.183453232838141,7.082575488096529,9.09588147625563,9.773085574931283,10.096052074937827,10.358078058006473
38300.0,gromacs_replicate_3,77.07637,7.667121143364769,7.29835960943392,8.821465,4.631451773611326,4.794951462671255,2.812477,57.90541100987714,46.20911167357103,42.32358596089731,48.2127670903893,57.26875721254784,62.19701497202087,66.68121942333745,72.44834227015225,88.40643547777896,81.38382500132614,86.6502025490951,76.97636500045193,7.285369855431541,4.629432774070201,6.162848210312038,6.656866516082415,7.093288284409914,6.449624703865374,6.362478936773141,7.262271015747071,9.727887897783177,9.381158655102027,10.462054710399146,10.702105993070306
38400.0,gromacs_replicate_3,77.144554,5.987297575577072,6.102639985209541,7.85128,5.273927978756285,5.30358669045745,2.509903,79.11027928005825,87.92633978913679,88.45416950697364,81.39638953154963,70.13529939489496,67.54345686436908,59.42376523447219,66.4740975764753,80.79178441614876,88.83468993614687,81.65639060446654,66.62123728738021,7.6630849306894975,5.0798127017697645,6.542761331776999,6.633027802083111,7.516058225791323,6.7190524531890325,6.76214279055445,7.201993929816024,8.991923920694092,9.841739309053946,9.866665379300944,10.569331337773395
38500.0,gromacs_replicate_3,81.0175,6.264363486677007,6.301416690984462,17.958878,5.141549145285862,5.295675716599936,1.001854,66.95303994927559,79.31531241291172,78.72888339142067,69.80411582430635,59.4380198858143,55.98747117922301,69.19993503912269,76.98649246862355,88.33495859775111,80.13753810527142,87.60784124457157,76.94700721548566,7.135589859721727,4.281288570756623,6.362888240456311,6.68193894840753,7.891377152282339,6.696843106608011,7.679213033850692,7.52676129928064,9.571738764229952,10.54414252617238,10.269706666202199,10.479096949543075
38600.0,gromacs_replicate_3,69.234375,5.80748671459618,5.943231380223389,22.373306,5.179429866394907,5.356290822514783,21.212456,66.17547462101415,79.67549594769639,80.22971080023825,70.6169242930367,58.75080682598115,54.47202083116321,76.77288876918082,85.01959498739355,81.32149642312339,74.47166728441594,84.93587031343203,80.7448768332332,7.368668184303292,4.588898562272342,6.603536740033208,6.746735740013144,7.632703552590479,6.6969607225928485,7.241088151558903,7.470042295316335,9.28185441237276,10.022179609708742,9.636812563650611,10.055088332506573
38700.0,gromacs_replicate_3,69.94635,5.6000451655858186,5.740331618734753,12.162231,5.684058062760407,5.555643711193339,13.385284,84.91277985790951,80.92996296509392,74.97549824008043,82.63409484351762,84.28390333289227,77.15993530095702,63.615219356429634,70.70874998300081,82.39816727304266,88.53919257182145,81.43216104558789,68.85303271902337,7.173800981933855,4.718537978562601,6.534960538113154,7.192850657494833,7.455407847104907,7.019419371978775,7.687802413046458,7.6530886602636174,9.42607223355318,9.73485967508724,9.0205141194442,10.363459810074344
38800.0,gromacs_replicate_3,63.95067,6.016190740628028,6.145810240365804,6.311821,5.3099771083515215,5.273486270512089,14.836815,88.08716404680995,78.56033926288862,75.79105976430903,84.36601318029498,83.97731450351439,78.67382596774411,66.76988357926533,74.43312222519977,87.00930502330145,86.27246784770946,84.91662259323992,71.32447743951442,7.436493658954034,4.923918354982093,6.56917848908023,7.2631124429801135,7.219709588115598,6.475226530032837,6.889891644327608,7.451857367591825,9.479630552990043,9.440920219111941,9.483279479664889,10.618634388468045
38900.0,gromacs_replicate_3,70.17074,5.731584321742586,5.967951881529026,29.878967,5.328063706628075,5.160813560503727,10.11618,64.98312048174596,78.9203471247076,81.57018498990317,74.84252920344265,62.56578050516164,55.648882569107585,59.74361433597305,66.71651812158076,79.90099344057002,87.49069684222658,79.18656996223407,65.64779619773505,7.662017931003358,5.008676159417828,6.632954902729306,6.969674521413735,6.8869085650575,6.607819408946702,7.222428717874194,7.429449294280746,8.926066057133509,9.668750802377014,9.703117896595034,10.151717707965444
39000.0,gromacs_replicate_3,74.41145,6.289173801914641,6.383882857736326,23.967316,5.017694883567925,5.209404212777223,12.814331,64.22255827795226,77.36332510660398,80.47827378760358,72.60276198065627,61.75374608549873,55.98711478527501,74.74844097718353,81.14019335272052,83.2791021178583,75.15714196751114,82.80442481001661,82.43990112786666,7.031106266852657,4.2860115241029515,6.213323237544192,6.475609425497245,7.445832498405815,6.909514997870914,8.128044971691844,7.715826294317433,8.838226775100694,10.636010244119342,9.877751115786811,10.556985596495998
39100.0,gromacs_replicate_3,67.50466,5.886646546806864,6.118380485076878,20.797829,5.071935676522846,4.977101661693509,4.8504257,79.11941106240619,89.9252687662611,87.30443757175573,76.9033117746554,66.02671047129148,65.90465288565363,58.92020072170554,65.00164524508142,78.8834075467625,87.38055908954136,79.42271558188168,64.89747499214002,7.1783684699573636,4.302339321730607,6.422143011626977,6.816076145700581,6.971445426250119,6.734636336998273,7.373644963005888,7.476754256727007,9.319796629732172,9.824573760144293,9.913122702615995,10.148181503946809
39200.0,gromacs_replicate_3,60.90015,7.000055301612693,7.122128959083936,0.9499054,5.584855635709363,5.634936958132537,27.663265,88.14369285003787,79.4288538032927,75.7702022774413,82.45354356627601,86.94409135973258,81.9977058495101,75.30120208306614,83.21432606342822,84.78084814853163,82.01898408393667,86.46629799858496,77.12319176876655,7.1679400335283745,4.618527324495934,5.969480005108525,6.5256138467580715,7.5207350875726435,7.002468313703997,7.823342009769044,8.083902519947063,8.709384412627488,10.60428639345274,9.197632716340818,9.858168663555603
39300.0,gromacs_replicate_3,69.76703,5.5540108135008195,5.844415221384683,31.752258,5.264399141190064,5.274112017603863,0.58847046,73.3220912067052,86.91260671737443,88.95637660438828,80.04725240043467,69.29052688078995,63.01617466874893,62.28754883529338,70.16412732580521,83.9817635890918,88.37120826262412,83.13335054750172,67.68553191904951,7.436983064552774,4.995490481437697,6.500026571927058,6.951296930330927,7.251241010303319,6.934788825065739,7.096712239007413,7.803686298769719,9.381692760689564,9.807645149151485,9.436768830500798,9.895088490133192
39400.0,gromacs_replicate_3,59.205482,5.853543159590709,6.0305517606191215,17.119087,5.02824511039318,4.7164673979784775,1.6566162,75.69384310475084,88.81714648638498,89.34834201553639,81.65129479637159,70.11232326900925,65.78431079330147,48.56524664986969,54.6715820297905,67.7923627612138,76.63712731413356,69.28913673437101,55.26856654354487,7.378162530280949,4.696453390250816,6.40570191466512,6.403612432535986,7.4274340344567475,7.044580968034144,6.945406202925148,6.971224549532782,8.994970752821237,9.45557825406474,10.064656631818387,10.335412051587577
39500.0,gromacs_replicate_3,63.910645,5.63769118360478,5.729689579796657,6.3296585,5.387624166384884,5.250345418776734,9.321472,89.63123754942842,75.03615489730934,71.02175662659452,79.06043703905918,88.37508649889489,81.92644123367847,61.07527940567302,64.3808047104651,76.60241408091807,86.36619526330414,82.1379880766561,69.06934721006168,7.529791796036763,4.696699031686336,6.267698669593967,6.454088030094141,7.695403930299922,6.5749193285292336,7.040009885386649,7.049348070250298,9.512701270281088,8.899600755727963,9.45356970890343,10.838357144438266
39600.0,gromacs_replicate_3,76.59029,6.83025595688004,6.369444843790754,27.261368,5.230320731898055,5.30180631376819,14.292259,35.93719553611632,24.671794678332976,20.7820606634379,28.253565610931908,38.20637933525006,42.0417994190609,70.31430399098008,77.26276661113579,88.96924394326021,81.00841059002695,89.60946974899962,76.61991211459937,7.334700749811925,4.6770097661963055,6.207606518873067,6.68540188717895,7.78380540631987,7.050187918171617,7.566860706480164,7.4362345549119615,8.889640036256333,9.257660423619784,9.436870882742697,10.178842931297618
39700.0,gromacs_replicate_3,79.1468,7.166849419136569,6.737197916151758,37.55003,5.399417415821891,5.3700162183838565,8.816345,30.40914776803274,18.2834031390015,13.957625445220081,21.757432204746603,31.392336401501538,35.4856939593306,65.11532433313111,69.32714816442548,83.15852183672112,87.60844381481523,86.69815876723905,73.54881904001284,7.308070769053025,4.7142128872925415,6.373183995118045,6.926775150553379,7.90344963351099,6.924974287666685,7.836328620473886,7.192281953183455,8.853711873798353,9.452617221846708,9.77171323048377,10.064170824843714
39800.0,gromacs_replicate_3,69.300735,5.62723235737695,5.8130787283911465,17.824669,4.9561394946083475,5.1142513265057525,18.150093,76.79387783880875,89.95720747111122,89.73519016143565,79.47246402807487,67.72162619145372,64.4843061753562,74.72482146566138,79.20801536604455,87.3240146989198,75.55872769091069,80.55906352057285,83.5045526846421,7.912576130119394,5.117480611521,6.74337110753115,7.12009272623768,6.946003227080997,6.499558876451377,6.846863927861263,7.172697442767643,9.48800228944641,9.099172182952168,9.590015579395683,11.240061574616114
39900.0,gromacs_replicate_3,69.35636,5.388762989957586,5.596067780566235,28.23463,5.023830728620065,4.83425383884242,1.556366,64.69541467108145,80.84630097161597,83.8237313763293,75.24600237318637,62.90391251155936,56.175372425866684,50.5281441947253,55.030796748333714,69.41644334469497,78.01945643006226,73.12753468683512,58.727792596099526,7.426335508925018,4.630401810136303,6.477989422476711,6.757368419044718,7.616438360467062,6.78963306368974,7.279390079801581,7.365406107223431,8.890128196546167,9.576007696070917,9.565155011966002,10.007137794603123
40000.0,gromacs_replicate_3,67.17853,6.956095883814053,6.591923410833231,12.223488,5.317709841814849,5.167643335426626,2.2108307,57.85318458296454,46.99044954104496,39.94276181466612,43.66185140959242,53.185335208884126,60.8466746563128,56.67441920096552,65.49068168480161,78.38180097923978,83.5460326572361,74.3560162651997,60.0358010999653,7.231592972443271,4.710483554455552,6.480227193577764,6.379061449929386,7.755500593218238,6.370853320129954,6.326083635841496,6.658659486805371,9.255000249191,9.285626243111691,9.634723877101186,10.139023063908823
40100.0,gromacs_replicate_3,66.19556,5.962048705073277,6.099116440253218,3.932434,5.03763733808874,4.9714077048599945,7.1451416,84.15991098956309,83.36847160014263,82.6516426205762,87.17044938666702,75.74166051386992,73.35598132675932,61.24810444621176,65.92224874235811,79.45667206801704,89.56742276913096,84.23561582809428,69.18883452707807,7.395811807087557,4.634279436086239,6.739353584806738,6.860178497649595,7.84621347807759,6.404805132464233,6.481570099948359,6.477448904056941,9.556344383576876,9.308369004102602,10.006550904808892,10.390354923670314
40200.0,gromacs_replicate_3,78.11772,5.930277058961251,6.046683233145337,23.158562,5.104929027865174,5.214073004393912,12.935463,85.72086414261817,81.2801814393515,78.35584197249055,84.36707396928786,84.44325803697473,78.4097106110507,71.53218347487838,76.28708526978247,89.15563380046133,79.57523819915487,82.07293548969659,81.51588498069323,7.3781179603892975,4.849024218478132,6.617454470973856,6.767582046893909,7.243389737896691,6.422913157190289,6.128273596087251,6.774782530728829,9.607303310918619,9.313739538460515,9.81971579400182,10.52027528740672
40300.0,gromacs_replicate_3,63.925827,5.758422087646122,5.979988667177171,20.124786,5.30017440870538,5.323269804774561,12.8591385,78.92290673445703,89.95907189614839,88.92806503094852,77.95239279835921,67.0672335676712,66.46960586419665,68.64791368681774,76.5653503161476,89.43243439712403,82.67944839527874,88.38370178371737,74.51213611855296,7.52118064581463,4.916707046174884,6.276232835475041,6.781513072055453,7.118066270783099,6.386659892407351,6.856675213146183,7.207630583375245,9.626123356053297,8.927676937443994,10.164277067061185,10.664579244295341
40400.0,gromacs_replicate_3,79.326996,6.835649866407074,6.185042016658318,22.161324,5.074352825374064,5.104569750814244,1.6393661,38.28669500748605,30.870171777616633,22.25598311577856,19.588029133277665,27.518209617306994,36.83060436450975,62.71700435922831,64.37459239203172,78.82743622617214,89.41375116936999,87.20957511925596,73.60982348681178,7.692576832314406,5.09917049711349,6.783278591044242,7.192725226079552,7.014063178982099,5.976626882845651,6.365252076555994,7.291403285224304,9.550114046428071,8.912211206316057,9.619019437587747,10.940957821172635
40500.0,gromacs_replicate_3,69.78318,6.329836983454009,6.2468689203524885,11.739853,5.013371511917248,5.090002401820841,20.356857,68.388595622309,55.633818740116475,52.96248909587109,61.35482800084298,71.96734999628306,76.65982100622868,71.74405794993456,78.90346448891339,87.1819043943711,79.20691706276578,88.97661514462158,77.53404313324057,7.854366837617298,5.360566573119539,6.373717444991508,6.723209155834567,7.506580942547462,6.205688498914672,6.1219548820542435,6.913830510299005,9.02530807281185,9.126197694269615,9.42194525106648,10.05939848389764
40600.0,gromacs_replicate_3,87.837654,6.316637278482496,6.533280588690889,23.728554,5.835658211768631,5.830856238903332,6.428055,72.37804812988685,85.04859286354072,86.72404376503255,78.79917047274876,67.62339937897241,63.56364460711149,57.94923156397113,63.74219103253326,76.91658662329975,85.08105341766233,78.96835090505259,65.57578427793916,6.860775938391657,4.092290300425483,6.269460059993764,6.272463909814718,7.3686038136540795,6.66134808432625,7.506068053429971,7.0707924754984,9.938297211669695,10.221225522990375,9.93027816356508,10.205088461981644
40700.0,gromacs_replicate_3,69.26839,5.569680519362192,5.813831184940389,24.748062,5.392517034555833,5.348418353571376,12.570137,73.63296420763369,86.54166584057454,86.60030747250013,77.27836526575538,64.71421337614902,61.512511778001084,66.43588913515315,71.9871548068372,84.89876741647348,86.54952186909505,86.80661780480847,71.92483532713916,7.824817775893482,5.1115906295484095,6.173651100732255,6.92537141147877,7.432658346135721,6.544419620581798,6.82492453170678,7.402561814781101,9.592444619301572,9.246068451673976,9.295611894338965,10.159533848287122
40800.0,gromacs_replicate_3,55.779324,5.37761197473567,5.665122339418979,30.855492,5.189094003773757,5.234390459686953,24.777046,68.03101780544024,80.39785180805879,80.49866070514926,70.16350605308696,57.30175842006573,53.748257305694004,73.65616025575433,81.86294168056867,86.14601834707484,81.20263331670779,87.44462597598063,74.14938415846507,8.342994791247543,5.668699177181736,6.299468421662896,6.834437621581015,7.060393311730287,6.599338747306977,6.513573272187992,7.183467252338752,8.91703264598751,9.682449835692426,9.590056719527798,9.925104588704851
40900.0,gromacs_replicate_3,70.34705,5.986464277026016,6.156311258492283,13.867775,5.581173523422853,5.500941640908391,1.0687256,84.60853109894285,82.64652644536922,82.33043769682915,88.4408247588357,77.20417850826112,74.00889715368312,58.81875528904391,65.12451693873183,77.75686970222681,85.86996559835043,78.83866588465186,65.40233196463547,7.661978680465914,4.818318731190136,6.294213105200263,7.187635314871842,7.2012064824587325,6.515967007234502,6.528847445740578,6.90147583853085,9.329233341314541,9.810042628225172,10.302498868381326,10.481771431277675
41000.0,gromacs_replicate_3,64.99995,6.012639683948874,6.130993792934388,10.298515,5.619255330276581,5.4293280990666455,5.4769897,75.85129391682926,89.5741829651006,87.39616239167599,84.37497246086099,72.76685524441825,67.8462738353304,57.742269933389544,63.70544715895041,75.752252218042,83.504566304344,76.5431762720066,63.80798218435196,7.508632035381542,4.735587974569971,6.219429447353859,6.859393704187907,7.352619556519896,6.84254312435957,7.52557286797199,7.5369306614517875,9.339306109494895,9.968487443791204,10.210387999766281,10.488405494075323
41100.0,gromacs_replicate_3,80.6536,5.936828628811991,5.887131766568519,0.85048676,5.240022267401435,5.352972141382547,6.78627,74.47480245542542,86.21285650074852,83.84223445950299,72.9144851344219,62.96086597271587,62.479206181853606,69.82559854801852,74.58188172360767,88.62377526161782,81.28145916072793,87.77058362448138,78.44597225455557,7.627196255368209,4.68171414217912,6.376128205333874,6.549823479209225,7.447371108513358,6.488208440822747,6.636944624263837,7.013582277077599,9.567251684837691,9.862990715415524,10.494100241741114,10.434353228015395
41200.0,gromacs_replicate_3,86.38598,6.108961412844782,6.224865896947399,6.3554153,5.3943707476536975,5.428838689773188,0.89089966,82.0064989098436,86.02473391621433,87.28847682339837,82.77895108771189,72.41356614703395,70.26395043964904,64.13982344555808,69.14104179703517,82.1530146684399,87.844464716748,86.01803120318503,71.96175495007154,6.965572002086967,4.504337645960972,6.082024789093819,6.80127120355649,7.866263395511039,6.691954429913801,7.7141125090836695,7.354560215940709,9.721256606639056,9.7995221511849,10.025918697799938,10.558851191239345
41300.0,gromacs_replicate_3,87.571915,6.1022864275519915,6.231957483776386,10.711159,5.273467612481238,5.261260251432,10.233765,82.01562682251361,68.94853378201921,69.71280263714058,80.36783322595723,89.45672502170514,87.34952689550099,52.85669045141584,56.91001001026874,70.80193311034769,81.46265707316863,76.58364440211751,62.973243205203346,7.093517333729448,4.693079490352099,6.6027345659359495,7.1110398752025334,7.292770663168613,6.355759016123644,7.459322228618657,7.104938328595511,9.655847650889704,9.238365976200974,10.323473484984923,10.386520062115363
41400.0,gromacs_replicate_3,86.65325,5.8757518278130645,6.070430961645807,21.342567,5.355204712891558,5.464659891748442,0.35412598,85.43752523497524,73.53008974312995,76.17376372080763,87.23146364828416,83.28274520335307,82.34862730608944,67.4312756299239,68.4788724798373,82.88074335636112,85.0785059994499,88.9098975352843,78.01263474243468,7.206202855950306,4.968108641743434,6.2763880691252565,6.390283805333944,7.755180853004844,6.390681379396157,7.0512844047495316,6.761235200733094,9.888609955521046,9.525034114176778,10.269217709851311,10.300428030221802
41500.0,gromacs_replicate_3,79.45722,5.956794866641834,6.068404684845027,10.776047,5.4150486462507486,5.372442304206715,3.509163,74.7083592108381,87.8870298631941,88.74751276327935,79.16133705291887,67.35691596096112,64.11212451945232,60.20992042217852,68.03093742794282,81.45864279648805,88.49055450054469,80.17994401497938,67.44399745037391,7.088329934367931,4.347734663145367,6.346751247525814,6.627811814933076,7.32480907164818,6.866182936398849,7.486608492206391,7.468000125633858,9.425872224947337,9.939564862652873,10.253068011840291,10.42850635256805
41600.0,gromacs_replicate_3,81.19376,6.016328490244342,6.129092129222478,11.499657,5.397660599245368,5.363527856165114,10.158379,74.30259940642867,86.4441699436729,86.47237824303159,76.6130088905171,65.62505266214147,62.9410023608999,64.91152449824033,70.00829379153919,82.63177387662974,87.75066467217412,86.00285071528779,72.03276702645472,7.429289245705613,4.63962125494879,6.367051613911982,6.896401531809677,7.132143152850975,6.857814394153205,7.301281650996146,7.761319736977522,9.44173084548213,9.20876668444219,10.498663832009484,10.335662049372079
41700.0,gromacs_replicate_3,79.407074,5.9549200812625696,6.055500402041439,10.847725,5.066836189762064,4.9212442381494395,11.090172,78.24769006170192,67.17372666414859,70.6558547080272,81.88771883478886,88.45918053576015,88.40564573638272,45.77556984589868,48.567673667813246,62.88781292875201,72.8598436789239,69.13405017660288,55.59715684576577,7.618579454866965,4.760948177195903,6.497281079840077,6.997292913184418,7.7308763129077915,6.651343837704417,7.141843401308762,6.782414121308198,8.97227343789397,9.517473368454452,10.305368529450046,10.730273012878984
41800.0,gromacs_replicate_3,73.24339,6.034817903534215,6.194242159465015,12.446945,5.065103920065534,5.112386594589229,5.296196,79.12712971082946,88.00593442868718,87.51916766254857,82.63634163648881,71.37817176709258,68.23408768450619,64.13667846118013,70.61419364461564,84.49634450897115,86.15263513593075,87.56167661728014,72.72531372041277,7.245171038586791,4.258295800639928,6.337779161648035,6.450837964182833,7.615718952006957,6.508770482316454,7.05233573520508,6.965939827858616,9.531664509321365,9.296099742676939,10.594736782375376,10.62235257750635
41900.0,gromacs_replicate_3,83.81286,6.4092678290198934,6.6222868590238635,22.89051,5.2876918740276935,5.394519509777714,6.3674088,79.33956416268313,66.38822633284198,64.20250191298224,71.88464985938205,82.43921815236153,87.49348892235261,64.10355876554891,63.09022020951114,76.5697755186994,89.70737932253768,88.15360911726445,76.11994095050322,7.852585305888082,5.11311518198443,7.085586532998457,7.051425412836436,7.032681450913323,6.108932864651584,6.113002684866874,7.0463271280698265,10.043908333400418,9.431598119805171,10.348091617662172,10.89211218392796
42000.0,gromacs_replicate_3,75.494865,6.489230999939863,6.427425089329971,19.974434,5.227340615315513,5.214974201023861,5.734932,86.6115707100223,75.43825526315969,72.95223887544739,79.33818545676357,89.58746376573801,86.43388131813398,55.49155252020103,62.605269785190956,76.5820639528505,85.60052157645798,78.76517599781494,63.91436521109305,7.329330243654545,4.677560627343797,6.182898335115602,6.5442478050804365,7.342241863267018,6.6914779599766,6.906763510204091,6.574794784533706,9.575468091256688,10.016021356265576,10.780922718268068,10.424478045411
42100.0,gromacs_replicate_3,85.644424,6.130428935784987,6.224093679707389,2.4369278,5.20746247402487,5.263809596317518,14.477745,80.42775397941979,86.64917468335351,87.47245812142809,82.48929959372641,71.89276116030359,68.91721311773114,53.20286570692996,60.36421505246599,76.04766602742858,82.71854560534547,75.29354482838055,61.21004187724034,6.975543577664031,4.500790125419789,6.016031838123043,6.764721642886341,7.390609404012709,6.594264787176883,6.621345102455945,6.865912578272486,9.409334776747764,9.461583337177506,10.415118630583073,10.523824353494733
42200.0,gromacs_replicate_3,73.87467,6.049496459127908,6.187622990162103,7.4627533,4.98129758655295,5.0498321732716205,3.854599,81.69459366935178,84.45685501155484,83.24742336465334,87.64664968101907,76.49747555016576,71.86893207056492,64.62626097692339,70.02066988219877,85.27250588183786,85.19156745491921,88.04795149605415,73.1726834200089,7.3464285501469,4.907521719338729,6.457839033887232,6.429516161846784,7.491203622427666,6.228488898916543,6.473741205454309,6.784426667792617,9.127238149716872,9.662482357654937,10.436174283689484,10.343509733679587
42300.0,gromacs_replicate_3,71.90962,6.195597078736632,6.301094889695468,6.6304474,5.026635798449685,5.108034003154888,10.942825,87.26426594038978,81.85955411619736,83.07671127185496,86.84300132617977,76.71849508946993,75.27430450067989,69.05569857129174,74.65809147645493,89.92478931853057,81.02537094604482,88.88626119759427,76.85993671490743,7.563800201886239,4.8672741034384455,6.611434802657576,6.498044130317779,7.769406554951132,6.552580229883743,7.138516794114342,6.963614739248615,9.00670557967796,9.476530949066005,10.70661838154214,10.820080893825958
42400.0,gromacs_replicate_3,70.326744,5.802873502178781,5.940995114189529,0.23291779,5.1428137257070965,5.054804557167858,9.239571,84.73725323394501,81.88533452617138,80.46528849572923,89.89784561225895,78.67974183168644,75.18582951472473,61.894335131748306,65.01780978970852,78.69388622858976,89.76953418309745,84.7426911556885,71.34713473498059,7.609847148492035,4.910238215619466,6.561714973805197,7.269705876082718,7.147857503677788,6.256608798531456,6.044510926036914,6.842999835446843,9.513363807002966,9.749275036616947,10.360058815046063,10.561508886309332
42500.0,gromacs_replicate_3,78.96729,8.012355557971423,7.892857016436284,20.93586,5.057295493440624,5.327386672556941,21.057259,64.12041745552997,53.09136962182868,47.82833140856507,52.340385531977134,61.36014155411372,67.2224438665737,84.50552474177977,89.16230407314849,72.89712834623285,64.48223320233537,73.88001638312387,87.79881528988953,7.391298473289361,4.774764825722675,6.5195547635132804,6.3015236721989645,7.512559617712319,6.354938353195508,6.790443438797213,6.8461365088194555,9.084816016554926,10.640140324311945,10.335343064630566,10.255081770408681
42600.0,gromacs_replicate_3,74.85252,6.0801572993714,6.222948035585848,5.41951,4.952763591489939,5.100331198855844,15.742371,87.01514853059192,73.84097127202547,73.80726492189815,84.2923931212207,84.9778306806453,81.91348239077898,74.48376915014964,76.16634645617104,89.44469296320803,77.95558185294965,80.80518924715808,84.18233739026279,7.428337670949734,4.578368274832961,6.305090330452529,6.139274735824781,7.610666924046441,6.586443640918791,7.049209750353217,7.186498751643876,9.546021757622219,9.41161030419149,10.459374957833989,10.547402334444673
42700.0,gromacs_replicate_3,63.469414,5.66056222256441,5.750710342037844,9.5362625,5.557507879364636,5.107455490371345,11.667732,87.33074246616381,74.57637898863757,73.89804625608498,83.91025156276655,83.8821557031297,81.14620632513699,35.13445623055693,34.60010333126809,44.498444784323134,55.547346975412495,56.32182504746709,45.8521229704879,7.492299640399593,4.8687407559818245,6.0856504425978475,6.859708015461102,7.374461769388619,7.012107303468377,7.928588442109518,7.922505559268249,8.934537635313342,9.064836070444882,9.961591023728298,10.139307215280006
42800.0,gromacs_replicate_3,64.023415,6.880720250913396,6.770992380960096,12.361877,5.166943445264111,5.0326840203083805,1.5260468,84.11410130479635,72.8755420489124,68.75973889436248,74.93439134403866,84.66725775329684,89.9342843561816,55.15391879434778,63.395737431470195,76.8048000414641,84.3092024646557,75.03661041660662,61.44641189560607,8.119093623172521,5.425557300930953,6.325872875188879,6.694546408366015,7.409497883402837,6.023289971499991,6.1419955717893355,6.574626465616535,9.158973969015664,9.44747204714583,10.828733883774193,10.48770690941386
42900.0,gromacs_replicate_3,57.637825,6.181223215554952,5.831538981336799,3.3464508,5.219523813193553,5.012636675888882,1.5931778,70.01419467998718,58.408351789889714,52.29713009420265,56.23398003981624,66.81187181104697,74.12623723146046,52.59345775402853,60.82608922294741,74.05675809892833,80.63849644519738,71.679647669269,57.61099954849908,7.996191163101425,5.54084288402345,6.238228003083935,6.797799605641728,7.255934698389124,6.617722743087121,6.962507107112482,7.204600324907353,8.90153313909331,9.41627608230573,9.858409504105527,10.257156997830124
43000.0,gromacs_replicate_3,71.086296,7.679892074242254,7.332591017947893,20.25547,5.877015242014763,5.749019586316661,4.5738983,50.82867428470216,40.449500155300406,35.27784980105181,40.029623406534974,49.17446944508073,54.77821795645994,54.54519948872826,62.045872672324016,74.79154522910599,80.41895393788045,72.95872593910951,60.74209129995855,6.94865483565669,4.431970417389331,6.317032224828213,7.131096502356365,7.3516528146283555,6.608613288982497,6.951019556924122,7.696972032261361,9.339759164873724,10.263904166693395,10.125545468090637,9.952246829760513
43100.0,gromacs_replicate_3,64.98806,6.857744552138635,6.421776945669332,10.648926,5.143187338893883,4.939149848332903,9.44072,55.22586292873725,44.871293842298456,38.04356733009525,41.735015209131944,50.962429225163405,57.49236835890395,44.80201553205556,47.5628231132813,61.59336143722497,71.82494386510113,68.2031627474887,54.915113469823226,7.7040570971378575,4.803521941802332,6.352191395570552,6.819951597146455,7.241850202614122,6.532770515290186,6.980940240901126,6.59884487151112,9.01557803552473,10.067888943077218,10.293644231763789,10.214638155128252
43200.0,gromacs_replicate_3,83.73191,6.861582502911126,6.582478036536867,7.8650665,5.025590872363663,4.9514085130933285,20.206024,75.65762947410488,63.786471668651096,58.04336877314161,62.273613693761284,71.19162012247791,78.57290127721659,39.92581141459817,44.49004311709594,59.345651244125854,70.2255477714417,64.97852965785354,50.661118367093415,7.271877598349979,4.925031998526218,6.2140304016790955,6.644773741034175,7.587261990476046,6.5832819629698776,7.140917880827968,6.631645805959181,8.775428294467979,10.116025907446005,10.33741502055015,9.921092117670472
43300.0,gromacs_replicate_3,66.90784,7.548677842450424,7.190284146722925,10.696625,5.200539246721868,5.088353515455657,13.41716,56.92497715097272,46.027872071466625,40.545568875786586,45.37837322961577,53.944348152045315,60.27072343608371,45.298378729961144,48.86856748447412,62.77255278755407,72.8868252840956,68.76184183451238,55.519525521597146,7.766542165739487,5.0369411590522235,6.120879530185947,6.603855499711905,7.3795110681364084,5.973443407376438,6.255280371740162,6.753229821088215,8.720910511504043,9.97213447555156,10.462033320810747,10.153170225903613
43400.0,gromacs_replicate_3,75.69437,6.946157019631743,6.572272315980753,12.900665,5.0225641368815666,4.934465558088854,15.023773,53.29187031201407,42.323470042877425,35.92715396522072,40.15435835171482,49.603782253994915,56.49048743263132,44.34332453938652,48.90545885497387,63.50264421815159,72.88425531775708,69.2886057811167,55.23001572642018,7.880199963245317,4.718348542697192,6.5745178580078205,6.918726824668438,7.244233021748288,6.402069814518106,6.841653041522441,6.383635393612839,9.244666640646981,9.745355537614543,10.051926651472732,10.71126061534733
43500.0,gromacs_replicate_3,61.4642,6.901923794116638,6.809987079044593,1.611557,5.0469764332483305,4.595830844691165,7.31411,78.05093264984235,66.28632800838663,62.029056227845196,68.20133971154718,78.4837786696882,83.96572291186104,35.43566188740228,41.958560751672465,53.90234176482875,60.950114989007034,55.26205182368705,42.73438904957718,7.591674035024428,4.904273788754578,6.259207121710327,6.7710916853182495,7.791541185908117,6.788641006842073,7.480355693571835,7.1552066406440575,8.106981695289129,9.58814181413955,9.718059591764376,10.129074299819589
43600.0,gromacs_replicate_3,86.430374,7.367236949393708,6.834515050338811,12.571167,5.148338192519348,5.257556978977373,23.917953,45.99701554458399,34.55654798969531,30.558165858190264,36.30048112675714,45.61877400400488,50.90724134590563,48.73290712759555,54.0420486237608,70.51922273747925,79.41798686171545,73.29961541899998,59.99099549484366,7.49428947152334,4.784828211099509,6.52606176245671,6.8004339205948625,7.401253203058028,6.588460932650672,6.697002677824019,6.7164735674491665,8.535799618977174,10.284706840304114,10.590323514059603,10.604012175264476
43700.0,gromacs_replicate_3,77.79687,7.459051872652939,6.879973127602719,17.187988,5.396230226605876,5.542570683195179,25.500435,40.77686582411964,29.897367492262273,23.229614706321758,27.303580173529134,36.26753441426151,43.66089639441458,51.02705017582241,48.529398699309375,61.74472311269755,74.46649948896633,74.4780181098397,63.841960385857554,7.2686938795408125,4.554936628041757,6.2979865063890585,6.742936070628166,7.633227392402918,6.508456159235338,6.9180981197848945,6.580124945533172,8.98852339503429,10.11320399214984,10.270932592320433,10.534964749909358
43800.0,gromacs_replicate_3,66.39483,6.595007996242413,6.060463399892331,17.45475,5.367691851188731,4.955513437340228,9.8281555,48.15951600768361,40.230369540566166,30.555663414408677,29.988957327089857,38.40081553092211,46.493292283973815,36.04716855720316,42.3174224206306,54.50035784932023,60.78864494714122,54.86111910921246,42.552534445301276,7.90993002807988,4.827643409210418,6.916861643980527,7.038392450558294,7.102590527304427,6.635223353398969,7.562329918013228,6.931146624538285,8.629592827817545,9.687982876121097,9.841840133793063,10.412111331323219
43900.0,gromacs_replicate_3,66.960754,7.623165275262919,7.37713313613208,20.087029,5.051415719086311,5.13889452622711,23.140793,56.850173361997236,45.580546930581875,42.157896931038124,49.096057768312775,58.40580083635194,62.76521496209766,48.31765248483135,42.95531891619181,55.08968836697996,70.24766222422961,73.43800465168493,62.34992922073327,8.282668786543294,5.345089833495318,6.674644326845439,6.414400000448414,7.261176818937592,6.196496703963356,5.9391088751318275,6.334347977019483,8.775638678220867,10.047681115731331,10.37889328202983,10.808663923838068
44000.0,gromacs_replicate_3,74.817924,7.702038447615253,7.285205450123,17.503471,5.047299755513828,4.978732307756544,2.0036697,49.7913995855167,39.19011402286314,34.2663071629163,39.15780748842923,48.26942922991159,53.371075685339484,55.34087153837947,64.5999282310988,78.75881688426233,84.54510764962282,74.69432836955731,60.34501219735489,7.58848583158078,5.129520235772575,6.548596845690325,7.128523521855124,7.3184570002205405,6.508776472861022,6.605711069553591,6.960224251661416,8.721562153792167,10.119598665321451,10.139034361100443,10.137452222732128
44100.0,gromacs_replicate_3,78.346825,7.780765646628757,7.518294691700813,21.481567,4.884992092560248,4.799362108007706,14.9062805,53.230551800291714,42.070501192895904,39.738879158760405,46.748399593747195,55.68041715811183,59.49860345680466,44.15630601642731,53.97251280235305,68.70010107493107,74.44337586164218,64.66358489965131,49.631168974395166,7.841800594293056,5.158912842869497,6.821032786197162,6.872434643959484,7.6522189950654464,6.398308422309154,7.058909989686008,6.702764888074552,8.157771534223603,9.883417245268154,10.206716507116198,10.170614875329411
44200.0,gromacs_replicate_3,77.183395,7.659814099458132,7.15698545300777,14.494194,5.090330044452739,5.2208451577257415,6.442589,48.090291691649824,38.470043959234346,32.33527692095749,35.93573071959663,44.345416006512814,50.50715432745699,70.2300201783464,75.87042041397787,89.79655444387286,80.04361937568888,85.63118261024533,79.663751563416,7.39155489315095,4.428390961062977,6.2189106831453,6.044062691790965,7.30525997113501,6.466600358985404,7.17894301021755,6.535494841764198,9.121791576112216,9.768317550234388,10.630769089680744,10.850837289516871
44300.0,gromacs_replicate_3,72.6608,7.051795810208202,6.667679788360788,1.3760529,5.0260572009443685,5.015871399059619,12.622612,64.4434114414926,53.0854605835317,47.56502489934597,51.67509056853435,60.955013661755494,67.50159109587506,49.91740459085319,54.839914767699455,69.78044077207626,79.81530686861045,74.19704871396658,59.325221355395605,7.823517906791776,4.856703387776512,6.0182436513163475,6.644544329417187,7.290310798152644,6.435311409029771,6.648901884251691,6.913731439067464,8.86789814722363,9.608563502558116,10.064903032701098,10.76341755256913
44400.0,gromacs_replicate_3,70.4827,7.384765027103778,7.396684612545987,16.387009,5.312826770439979,5.191494972356119,7.43367,88.78069937563095,77.61190620786705,75.31941953120656,81.0688288618513,89.91811724596162,84.64241017259252,50.67224144150498,55.52761915686359,69.10370606426142,78.47870971948551,73.80519892349909,60.06258428279527,7.150870111127128,4.353380436927245,6.31377477350452,6.343764283607923,7.670264641234815,7.02990962154391,7.554140809795879,7.299148986606473,8.593762797776758,9.858458018478977,10.558776104735298,10.321259134293228
44500.0,gromacs_replicate_3,71.49078,6.583707996983514,6.765777820079817,28.870663,5.111659205167317,5.272401775940167,22.838554,78.8480557402448,88.82280648766326,83.11905081127767,87.85598126227931,82.82855166480195,75.34596418869076,78.68406116406626,64.6061381089266,53.27499762086545,57.91048505679208,73.32715434988704,83.23383737094673,7.59523723329432,4.869173735309569,6.515382483349305,6.6435225143226395,7.662697763353543,6.891408629766512,7.159424076609205,7.095172141049525,8.430254544210259,9.287648037153351,10.269426471407284,10.244351395163573
44600.0,gromacs_replicate_3,87.75916,7.11990095458677,7.076792176840518,27.906723,5.501783735608655,5.461000260802081,21.654358,89.9960360256433,79.63840097925657,74.61095208901465,79.09753158588444,87.69236665528193,86.78701521517661,42.711674611314265,46.93264500192092,59.73685712184499,68.96177817488292,66.58551878361972,52.91641145565419,7.499907361448207,4.652586994031636,6.7131571324442,7.068560397498503,7.241509777963877,6.67648680065857,6.648055895333746,6.836590419081612,9.540421962874944,9.614659061141802,10.304881259382238,10.9506449155978
44700.0,gromacs_replicate_3,77.27024,7.277618511249603,6.869237314873897,12.620453,5.171059696579858,5.19131163806957,0.59643555,51.97571730934012,41.52565355598164,36.30563551941492,41.284267639576136,50.13780422811265,56.021807197853136,62.107752874590766,67.82469342069635,82.10246336101237,89.18569646571576,83.85455442043306,69.83809649708549,7.422350973197372,4.828450172920585,6.411052065321901,7.0257566195670424,7.297267559504316,6.539487037970912,6.417975013044967,6.873500999472827,9.345132318678472,9.671539818689022,10.202124752054422,10.748613316959739
44800.0,gromacs_replicate_3,79.87071,7.264249859145589,6.92561019801777,12.89518,5.298983237828944,5.2506166230411475,17.876709,55.98595707064663,44.29242260783327,39.819145742930054,45.05951476872568,54.784587668465036,60.507939974172814,44.99298292351793,49.07138980510298,63.66038153546452,73.51789096757066,69.20397657871203,55.86044097926706,7.606211377255716,4.8408161470833635,6.422692894036132,7.0208880223274015,7.343350948315281,6.2509352059585765,6.700580431813992,6.779743919012335,9.341110420550413,9.602314871127337,9.838372593467694,10.28960819449004
44900.0,gromacs_replicate_3,71.445175,7.620901382644716,7.096539287064244,15.924393,5.161751036727065,5.118629157219606,0.3512497,47.8363215517466,39.35563202201442,31.996502686750517,33.8839658466323,42.01126143240068,48.8668473570942,58.13669351743139,65.54647821722486,80.17720315299917,86.95674527976713,79.31368292464727,65.56681957224924,7.714150501632301,4.767517736478072,6.933907245001052,7.00755475112557,7.238406645782795,6.154085323002438,6.48427203327557,6.899146073061252,9.243588615584128,9.413505457483229,10.396426157748193,10.583681615422357
45000.0,gromacs_replicate_3,89.4951,8.043394474382826,7.417824052487721,14.205719,5.973233134190743,6.172206545216345,28.863464,63.77242281056674,56.263856653053466,51.05463079135917,51.63196037210027,58.15256875258432,63.924545364213216,51.41524787192424,53.36312033499069,66.33017735900553,75.82254520973973,73.51055535401031,62.28389132217145,6.648940675956559,4.198329463227535,5.71574273137566,6.256462231781814,7.84930406443966,6.593825135590467,8.013731492386441,6.858093497568463,10.039588320934033,10.515385173562008,10.82484584339192,10.74506407717438
45100.0,gromacs_replicate_3,74.15633,7.921563169365706,7.535541490232927,28.62732,5.177409481791813,5.200518658903812,3.4236069,39.5619655978153,28.682406714241683,24.95922984599425,31.19193211261871,40.34409748472924,44.93443323460998,58.50509333021634,64.42042686305845,79.22591082949995,87.98928741786281,81.61614523297617,67.64300862027117,7.5192128493154335,4.842246243673605,6.5744155473592905,6.638616578059201,7.392608662166561,6.4413315466630525,7.270181715293484,7.022733032347363,9.086847530537243,9.560468036198383,10.397057626945108,10.465670305811967
45200.0,gromacs_replicate_3,83.09292,7.572458667655875,7.061726573892129,5.6963806,5.050801217067914,5.231208874860609,19.624657,52.922198800345825,42.28372397291757,37.279375346512055,41.955154087053934,50.60843019955044,56.21974487730978,55.70159685283338,57.959934346583495,73.76475011711219,84.8427901687683,81.76167197824115,68.53092831708885,7.296541221605744,4.646506744664987,6.329261820501959,6.496907590023686,8.001404777455926,6.183036638728484,6.441795325688415,6.486622691853771,8.972499522991876,10.289581736538326,10.288975238135315,10.025801835238376
45300.0,gromacs_replicate_3,81.971596,8.025277609244636,7.499503355936138,23.836502,5.280663291695671,5.376638103829629,12.445328,39.07896749064725,28.51986798922833,24.68025720904488,30.508881737238227,39.14898491888556,43.87883386298572,57.48992218289882,61.59609239967144,76.23008002563911,86.12750229933435,81.72666940284381,68.50248334876446,7.6021113210039895,5.191121091999182,6.710716518444838,6.959248228034685,7.2066819479488755,6.051729171516875,6.322240033690534,6.748664159805381,9.172205795884242,9.422649567934439,10.724410717120447,10.970912304336712
45400.0,gromacs_replicate_3,82.55004,7.757567668934777,7.344427370658999,14.959526,4.69268065140613,4.880415684895387,0.730217,50.14799523394283,38.89161241028509,35.53337416750772,40.91531635853848,49.91272372177173,55.05460664979453,69.04438351762337,75.56374401862854,87.77136074215126,77.35474159354654,84.37813004842079,79.14496351389766,7.3487958557231545,4.667729613007409,6.805763926320802,6.693747524262318,7.395246060892752,6.555791193379675,6.86442339808638,6.779268714186567,9.126984012293667,9.49022174415356,10.664021161578662,10.74789510542866
45500.0,gromacs_replicate_3,87.4715,8.066216614277437,7.420462162779543,4.4947205,4.8885694928893235,5.152090494677187,24.625542,42.168177710482986,33.235516671309526,29.777960711395604,34.67145040048954,42.29845293535929,46.385895634016954,56.57129939912567,65.85744519542449,81.60338478538449,87.73436126234162,79.92890725123816,64.52249345997149,7.179793711850243,4.502649215296727,6.119258939108366,6.051659510713197,7.882985951659652,6.599128412668451,7.065728078557312,6.93048242962555,9.134532050742212,10.178850270907374,10.532471304005602,10.89691987630587
45600.0,gromacs_replicate_3,74.52687,7.023318739519095,6.619266851105868,11.303993,5.2055484771619,5.087911652505233,13.017319,53.81333093632943,41.84910174724866,37.34054125046702,42.521165325581244,52.24829594859776,58.43730564100869,46.451548514145586,55.162488678185944,70.12960804494625,76.37267691249018,67.09172359786206,53.44265480481514,7.801859668895365,4.973535191094235,6.58152920002691,6.447183462267307,7.37267628616505,6.307918774897398,6.20953445346987,6.5655594205206755,8.481949820641573,10.21699339485142,10.372978503223338,10.437045807988245
45700.0,gromacs_replicate_3,79.15737,7.186079207000423,6.985431170989039,20.165375,4.8065611366026495,4.813362461629412,17.628654,82.421603494323,71.3869511713615,68.25158331796692,72.60131743069708,80.95620235616518,86.79355206565842,44.97676025144818,52.41815853321761,68.45762290002438,77.43102481698875,69.78846249035699,53.54488730244459,7.003628747663337,4.446402828815783,6.330901806373407,6.586728552018943,7.673079544039888,6.7640030738078964,7.1419395124471405,7.0446936641560765,8.71190655083114,9.729562511777957,10.310973374241927,10.11126293318467
45800.0,gromacs_replicate_3,70.44279,7.64358065717491,7.445244333061621,18.76957,5.11699334949754,5.059637208698649,10.864967,59.93895438208577,48.935301535921454,43.945584979219646,49.11392325415047,58.12354643732799,63.70029466158596,49.6261084107458,52.89148102675013,68.12269557114732,78.32241641139088,74.0900799724648,60.41389956723487,7.447918832200334,4.804367237674,6.590284941653837,6.640294697498009,7.1783013266861575,6.095746398783507,6.414860566007135,6.8047114653056155,9.286859703009197,9.548593364321853,10.424723792204944,10.579525937422053
45900.0,gromacs_replicate_3,71.23049,6.689671890584592,6.821826137693898,11.136734,4.604828786937149,4.866513197048336,28.200432,81.32833382467778,86.40013570258425,85.09700086297173,87.07097731810093,76.89710119293501,72.57719993157528,82.78433496074459,70.94223279960043,55.25581469241789,51.036476961968084,64.62412822575703,80.40193560204929,7.504223356966119,4.765317565285657,6.584924702505244,7.12150161292375,7.291115499625867,6.498243025552868,6.299272835617566,7.174768504224431,8.697112529780007,9.211613923398057,11.107461534030246,10.892661217581406
46000.0,gromacs_replicate_3,82.71526,7.443597013136246,6.87415036687476,18.342178,4.822121760702976,4.830925506073506,18.909874,67.85841903743993,59.28095728522336,55.13076123603566,58.615234264213015,66.12110551278992,71.28681527421432,45.83435105092855,49.3175258142573,63.724630095756595,75.73063255672189,73.78942998169929,58.818993867914244,7.275050439068906,4.58302099093851,5.976185950425604,6.40502878778796,7.356497631534409,6.583863034082401,6.62317528482313,6.672016388411227,9.361264766767116,9.547932891351918,10.86441897572989,10.411663467632492
46100.0,gromacs_replicate_3,72.20453,5.962885694586386,6.145844676675999,31.760025,5.438059309335898,5.090894755737881,1.812149,77.46408816096383,89.74218390042505,82.08255128526612,84.23040356325146,86.27877799339942,76.43145211903924,45.637980458287956,51.493831335556166,63.88771124699548,71.3075480562224,64.93726051276917,52.335010922724024,6.689976675226563,4.243055392935272,6.061558212130294,6.917242270414936,7.352102234468798,7.057552380925743,7.901323538509018,7.767715001660543,8.948858792581008,9.040691411982781,10.183310793156162,10.053628978712572
46200.0,gromacs_replicate_3,83.19038,6.904192460032226,7.064674229744714,25.0056,4.907652161116461,4.905958837990295,17.52166,81.14412652721839,87.08509278584086,84.9185613696973,88.44281568700082,78.74063791079394,73.88475474390953,46.72123584381932,48.81955672384731,64.10494881902368,75.45259426790567,72.91141607349726,58.99380105301384,6.9042739128650705,4.510500053465408,6.05813294321999,6.780211994780179,7.50501391562672,6.625898817751386,7.155737920505927,6.799444199014446,9.037072230269013,9.158610375014064,10.822206981038915,10.653655563674539
46300.0,gromacs_replicate_3,78.571304,7.308720090998012,7.050815314700779,7.602379,5.012666443637135,5.186629006740828,0.14513397,73.74747625712837,62.484965626869375,58.83125028708456,63.062968206824905,72.11858450716397,78.12321659515251,70.39166234476406,80.43028309059179,85.03678937685866,78.3236659098367,88.67880995620021,75.82021938018342,7.0530141432440105,4.434606024533537,6.668842520415097,6.623716367052715,8.016974423822386,6.565684402109469,6.767312812737552,6.9924926591218535,9.362577639005508,9.310243314283882,10.311922449046614,10.433314446682818
46400.0,gromacs_replicate_3,67.006355,7.218384748857321,7.350586052894723,31.605007,5.203858113093902,5.413762053046653,23.195007,82.12992708872541,87.67138974709361,82.32035367360501,84.94109971936216,86.40036279040521,78.87468241714681,86.28936458787118,77.75057727245925,63.371707528919764,55.43699953583646,64.97226717161512,81.22940086493257,7.433743037166566,5.076367843245231,6.7226766626232175,6.800986254247273,7.461905380121467,6.388640122646999,6.637499992508535,6.598602496138263,9.473642996487833,8.963937210132237,10.534383595555807,10.593443025124966
46500.0,gromacs_replicate_3,72.76989,7.78441944511688,7.63263149082114,10.816254,5.076352486178719,5.182759829815611,20.535934,80.56801385262314,69.78203103367488,64.90913860950938,68.98141677980023,77.1267177443363,83.42920004636117,77.25298659260999,64.05882111312845,51.11342333022924,51.88949391554961,65.62073987254284,77.93311876814093,7.476943663528476,4.916383661630639,6.828266770576325,6.999989695360059,7.20587499807672,6.338562795382373,6.199402058500142,6.575648387441608,8.972104412042299,9.580405804748533,10.962886184721164,10.70508054428263
46600.0,gromacs_replicate_3,74.22536,7.192755930940824,6.936853650737364,9.290794,4.7947620433052025,4.94037654419152,25.415878,75.60770007270092,64.11590991293413,59.14476686455283,63.25881361695234,72.39017534175699,78.39365006910315,76.31866920850828,62.791457037356125,49.340615896056896,50.21542208127364,66.50084730049126,78.31408335952877,7.230166403586805,4.630272647276931,6.536014052205214,7.044355566604296,7.2762833178715285,6.969726649822473,6.580737629687349,7.406858779336934,8.62513962162304,9.080617092620829,10.272832564377218,10.493776271112603
46700.0,gromacs_replicate_3,71.43288,7.771938274011998,7.3080599887930475,4.542671,4.721024804290135,5.098210589370748,32.354233,57.81427112737419,47.847952323959014,42.684112264773766,46.63799869256829,55.17607800431444,60.71801687593048,66.41021956412627,53.71530761901521,59.61973511684964,75.71900239185172,85.12678721829822,81.41168106901323,7.71427307357752,4.9495340254415225,6.594806266595432,6.570772404131214,7.469630000011123,5.99976213754546,5.981786466217644,6.410955245608054,9.14559349336657,10.405985579288025,10.694010684918542,11.06353724861101
46800.0,gromacs_replicate_3,75.44539,7.694332173143246,7.4072596192893325,0.82499695,4.63720047953248,4.994433678734765,38.64415,66.21969525011994,55.36847879795787,51.08119408534118,55.2390172499679,64.0743404903384,69.81521388856073,67.17733166808357,50.35916958287499,45.839946116286306,57.6689317498656,72.0741705884418,76.87077645136135,7.525792871872275,4.896072438673634,6.561835411219666,6.668486823480122,7.182777802479703,5.855867995652577,5.793899383968742,6.651804708965048,8.744196490763224,10.210260727762085,10.531818178411632,10.66146551883458
46900.0,gromacs_replicate_3,80.78365,7.600584459096411,7.716442965533027,38.706783,5.423176129108451,5.511838376822884,21.59253,83.42406784217859,87.70379964191696,83.69156356401277,87.065942422899,85.29264488061165,80.11145253186078,49.44957555084466,53.77107903704084,67.33802630524023,77.67320963699599,75.46171379395882,61.36764118103497,7.360903113115899,4.593384418637166,6.447091198891094,6.460754243308672,7.470386987156977,6.484556836961831,6.510411655683166,6.957726848945788,9.462813378923514,10.270899815766862,11.333991481648281,11.379132404782153
47000.0,gromacs_replicate_3,76.19882,7.40481681246334,7.526992348841202,22.580162,4.745842116369525,4.933267328225889,21.70578,81.1784062779313,87.28752003343855,83.37578850032902,88.54913819247096,82.65945518758966,76.3706539955064,79.32168526061562,63.920360698592,50.86953716393038,54.82841736119447,70.48299411815236,82.32557592293503,7.1786155491870325,4.512183758984244,6.274464246716805,6.320740163313345,7.701088566246392,6.600322154598906,6.2266633358733845,6.948823260658295,8.845496028803286,10.198524448577835,10.82469974723788,10.240196000248599
47100.0,gromacs_replicate_3,84.569565,7.998077669075305,7.968616669434791,30.7826,4.878026034600263,5.0004863698254205,20.72734,88.31326818950066,82.43587694920949,77.60033530948668,80.32220228964542,87.93648228476917,86.66122449665416,49.93613485944377,53.0354009340593,67.81900455763893,79.70718423577333,77.5654986427459,62.93250886200443,7.150024893779769,4.348541205761162,6.012186463178686,6.259230482944173,7.54045549343879,6.667559285625075,6.4646699298446935,6.733206625899943,8.990006770119015,9.73777180521112,10.975451866298032,10.554869489103709
47200.0,gromacs_replicate_3,72.42359,7.496482615239257,7.509767752783202,9.564415,5.098436036620447,5.198969660158385,10.085777,88.51270505201158,76.81995346705135,72.56298682732955,77.32655298632673,86.81861557772973,87.26764050996498,58.02854068498354,61.485814842875314,76.2926612184856,87.14725169730006,83.61032118971035,69.49528326289162,7.451429975193204,4.644453168610575,6.56156376094818,6.590557851173634,7.006524616278343,6.07899924571745,6.366763706296029,6.754726193707779,9.424435606376278,9.88898450652737,11.077258182840929,11.179998922951713
47300.0,gromacs_replicate_3,78.99717,7.754247120206805,7.580002193768646,20.54934,4.721728038919051,4.721325242925851,30.612122,84.51734002884827,74.1186102848862,70.13231631341768,74.68780072105424,82.60879025146272,88.4843235935455,63.42801475877379,49.273448395723946,34.72393661306914,37.04993946889238,52.481369325080394,65.34038323909868,7.388988240599031,5.058981111160848,6.648181474177892,6.897770569599139,7.223684792592298,6.3909679035788765,5.907538442658759,6.810331590122019,8.712267970440173,9.760587925804478,11.084712325148905,10.93991996797408
47400.0,gromacs_replicate_3,63.026783,6.918597725406034,7.016367710697566,20.168098,5.214633408322709,5.2032864220223605,3.9147491,82.8459653993364,85.61890383039086,78.77832070893291,82.13157328924741,88.49651126535545,80.52415439000706,62.4008852285092,71.09959095864052,84.59530411413942,89.21706555237569,81.83065490352422,67.10139515292504,7.349939946722392,4.531364346022844,6.393139787314876,6.187504864245857,7.345890965889548,6.061700971693721,5.98104245067985,7.006834328482942,8.94923852667155,9.913071476400484,10.49807283771072,10.354045976894758
47500.0,gromacs_replicate_3,83.65102,7.021153909678602,6.698566669497854,6.610466,4.797898236825496,4.976914181597308,19.21531,69.96526706410027,58.95587953413327,52.51547243275059,56.03880118496388,64.8089613399067,72.48625658076048,55.625151115490326,55.38920230677448,70.3418240215639,83.38563967193066,82.94629123959935,69.31547091044676,7.302902217048841,4.370392668400435,6.331170122863757,6.242709262406582,7.698409641888497,6.581030428852067,6.418238702864492,6.416781882069364,9.172067888146705,9.455674250778724,9.995315186781143,10.488060184635248
47600.0,gromacs_replicate_3,76.751915,7.4137713024178735,7.533366309738604,24.238174,5.2023881135529155,5.3397365515708755,9.302368,81.4301332082296,87.49801671300007,81.97429046718804,86.30850542470819,84.64314165281439,78.22602608598761,62.38827780202777,64.78755782255712,78.62683291946581,89.7698304504279,87.58996277069406,73.8502724667198,7.617319669389751,4.770818192299475,6.119309116174236,6.021794103011285,7.216515360932952,6.297151923842334,6.208524052873836,6.528970533303568,9.658364587466025,9.99277775003515,11.034375864373722,10.788203952485027
47700.0,gromacs_replicate_3,74.30027,7.922534550167916,7.3398585356735015,5.051651,5.0159756654402905,5.1907843651569685,4.561203,60.69861645229279,52.14696944557359,46.350183342638594,48.99258887861695,56.66926300399082,62.15591061385385,68.40632721685968,76.10693748032925,89.46653062810198,80.47767757885609,86.52302725095794,77.26249676260355,7.546619373217417,4.638873311336831,6.7009884188649,6.779218952686789,7.334751094199524,6.244933443204761,5.880423235711233,6.727720014153354,9.826588702023614,9.589627858760188,10.452159067506203,11.285176529668501
47800.0,gromacs_replicate_3,64.7701,7.175500059466015,6.728109604930145,6.7667084,4.936045249004114,5.13258838072432,12.324577,60.465789925807236,49.84794212496351,43.087080857333866,46.588945258811634,56.11692450494971,62.726105429419995,75.20306177581534,87.05342916892062,78.32860852952247,74.06248630680957,86.97784879985096,78.31583050536487,7.668285797039603,4.988022468948889,6.987635276020533,6.702170335184216,7.192125658687707,6.2094085995399455,6.185955425775227,6.869495994115708,9.05082762805717,10.005413387733661,10.216674812200031,10.06160523104823
47900.0,gromacs_replicate_3,69.27839,7.212745887075427,7.156502695785991,0.2675171,4.792416062963863,4.755405660493574,9.949997,80.73854771447782,69.1018140937908,63.07517963136408,68.24896463044038,78.06827895171715,84.51445469590533,50.29629258141388,51.939559531765184,65.84840187587466,78.60937677660111,77.57650058238131,63.42807515058716,7.604325163212437,4.849518978347594,6.425005361686166,6.739217864598127,6.9999689834267995,6.161266223644255,6.066382805890661,6.629832297899844,9.629750365525235,9.187001013379321,10.380597460398242,11.066148278700158
48000.0,gromacs_replicate_3,77.7697,6.971448157048937,6.99010220087896,10.368935,5.142388171016345,5.147823294051693,10.562614,89.21723878207739,77.5923864979238,72.12595873013596,77.51402065552901,87.00529427406568,86.31022661551775,53.27044989906037,57.331474608933426,72.3325725806504,82.45691888295273,77.54987716966886,63.43817314502029,7.014480950845363,4.26462043718765,6.389088742549041,6.613306297679582,7.383556643099454,6.382708195924885,7.059403272002037,7.037626437934952,9.34720702696698,9.790145422231962,10.295632412615948,10.668482784707907
48100.0,gromacs_replicate_3,79.89938,8.005203605946832,7.909268214730574,35.6175,5.539511337769063,5.670537351299643,13.231789,89.13374612161921,82.38612127969562,77.78900714931704,79.32241594745537,85.66370168154953,87.87328032191331,60.22536037500691,63.327599244315785,76.97885443186752,87.66097214598057,85.4887566192439,71.59593503224272,6.938871184118976,4.356235583023853,6.154463536726034,6.218994983003659,8.223102969677157,7.018197356939405,6.669235504148923,6.645707355858496,9.565702799982988,10.501989378080525,10.831884054435871,10.60510548400591
48200.0,gromacs_replicate_3,87.09893,7.201660513843903,6.6589501597549585,0.15505219,4.960123487785146,5.120804304342753,5.1156235,52.475333102517915,42.438833460928905,37.64187106998682,42.60265873442093,50.89218676340324,56.693135933975654,66.49543393202168,75.64516537012126,88.03194146477276,83.42591214009043,87.35063478858284,71.59888230027094,7.092216602695047,4.391744800922241,6.308504405044856,6.681404740581668,7.537724539675042,6.6742544926810945,6.668748498444074,6.90718223740806,9.384699151381586,9.672648915394854,10.22869176051408,10.286852611139475
48300.0,gromacs_replicate_3,81.28836,7.712265023542882,7.243087580390807,7.5660095,5.061200197335012,5.150864747457288,6.2024384,52.83230617475648,43.265999205539835,38.252854860085115,42.06900470732081,50.54072970147615,56.4784516454215,60.20015782318948,68.63208994663273,84.046549239152,89.48203866988617,81.96129089830647,67.0202689675781,7.279732590661378,4.576184892496367,6.305493764247448,6.433247363654973,7.87112191190031,6.8151961185001815,6.203206316517415,6.736852154293975,9.314275579666527,9.671791285623964,10.293085521733238,10.621674336813884
48400.0,gromacs_replicate_3,82.55867,7.278154955816259,6.523268875662763,2.926529,5.015980511375955,5.171973852417502,5.663414,49.76306113415857,42.39173667897767,36.804534694894066,38.18167322128438,45.67835176618763,51.63798634179394,64.11910490097624,73.00288597198669,87.28813191484997,84.14349791144618,88.11825934676403,71.27633201875385,7.499440749421153,4.935067378133291,6.947667214893919,6.987549012243721,7.205858212600328,6.420273383769243,5.768576829289456,6.7756169196741265,9.831339002593156,9.587403838685653,10.042205502408992,10.864853951497818
48500.0,gromacs_replicate_3,78.276276,7.510725341099086,7.139727128635391,0.31062317,4.68104722313211,4.911458791848895,14.274643,65.88856355370046,54.81454062232531,50.481719640159206,55.14868652236828,64.18057019105407,69.6959192304763,86.96131610516403,78.12609610756918,62.816196587341196,63.42060152020086,77.79288283099177,88.7279945396409,7.44079125334728,4.73005332081614,6.4175648013410935,6.60288152338816,7.615280724714835,6.421468200102631,5.870275503185653,6.700917135934672,9.36769114034296,9.894394570728009,10.38447878038003,10.741062243433472
48600.0,gromacs_replicate_3,67.68438,6.20374786780607,6.329365837731968,5.9615326,5.423827091573587,5.219108572872008,8.88829,86.40755723241533,79.6881999738674,76.39063768117975,84.05696394591536,84.75991010266523,79.03555726447242,45.88905023522253,50.760357944353494,63.98565278189705,71.9779302504604,67.14094589286434,53.83317881599348,7.598550239201485,4.763689631545616,6.376983261016833,6.590903902335649,7.701166226668563,6.6117276961396545,6.221017507086041,6.585566608704041,9.096410148519135,9.717914423286532,9.730759903265795,10.44738097527728
48700.0,gromacs_replicate_3,84.849365,7.1759428688958655,7.407729032548157,39.78241,5.367177072757573,5.474572196467203,6.5969467,74.23537906124605,85.08547473446694,89.46778844117239,86.49505774903074,78.57163026610833,71.65391056175024,87.38091285178147,83.6780779905719,69.76085060952146,62.513922191051115,70.84346737949039,86.22910786495386,7.067155102050379,4.440583303893669,6.470238082641658,6.927997951249168,7.57834936309281,6.542605128792206,5.798477907975878,6.4234638264615755,9.772181715448152,9.717358468400832,10.619334510008333,10.7636451458489
48800.0,gromacs_replicate_3,71.732834,7.3429261788602975,6.845581442948768,16.242073,4.853801126040532,4.931733170513279,1.6481705,44.45909997922132,34.89821439822564,29.002316355955713,33.03699251361831,41.64064808204549,47.7999917668707,61.62954308527201,68.95162453408614,84.87862577935083,87.24984350588855,85.30364284230097,70.13796789186445,7.504036736469817,4.590627598408952,6.262440777178192,6.2986340138037065,7.451070025557756,6.433065588601009,6.157692123678907,6.917213452479668,9.672591549439058,9.840418997625097,10.541632399420315,11.024450427127976
48900.0,gromacs_replicate_3,82.96322,7.477689410030917,6.837353582570418,8.320122,5.094024528419854,5.246912283846183,13.964119,44.46310787438925,34.64264205613025,29.91628721412251,34.298749082316505,42.92350011382115,48.13740473718103,57.7222686829546,64.46918673807528,79.61078535373792,88.43716632591575,81.87671435218836,66.81170230080158,7.4286092747474815,4.676214713516219,6.588386159856494,6.513889016949574,7.782848137535126,6.68541799913353,6.427364835982166,6.744836968039025,9.51866268160466,9.798852077204984,10.391347277844375,10.734838380819838
49000.0,gromacs_replicate_3,78.158424,7.659019822899204,6.8540577397770726,0.5229721,5.406522154793522,5.353258689175815,12.933319,48.295530444232696,43.096513194520504,36.75571970030537,35.47319697665053,41.40029113671815,47.94115478685111,50.069791754903775,57.334975963053125,70.7400142903517,79.24542655993807,73.66864350605206,58.51811163612359,7.401422753092424,4.849310725581232,6.453613796165687,6.384350901449007,7.388280888706872,6.9133755807389345,7.046545698948854,7.297991163208053,9.505381926427136,9.490884932890856,10.130532092694837,10.594859634009051
49100.0,gromacs_replicate_3,72.138374,7.385201454844523,7.6230930971306465,35.37352,5.647424854266592,5.564489290561774,9.136452,72.79706033150028,83.58479824719586,88.713711115222,84.92900620087418,77.09465446962945,69.91683607567767,54.2963734918894,55.314117851319764,67.43657339168699,78.96396760836933,76.88980855611092,65.71878337536748,7.162502774248705,4.440500579278197,6.221889133356838,6.015804355525381,7.809769741979149,6.604063656977028,6.841037391657631,6.896727641770627,9.67594523471326,10.321971468339273,11.156982417321563,10.734849448482557
49200.0,gromacs_replicate_3,83.52681,7.492337420081489,7.410629918675325,2.102005,4.864633689966662,5.000904154180613,11.532959,79.1953732906923,68.19606363580273,62.69398280136568,68.26258058684525,77.68382172449932,83.53966669735559,57.932568264960956,62.48044218348639,78.03914892025145,89.33728440837365,84.46725585196104,69.47580212640565,7.533871617112834,4.8845528462442935,6.395648231991436,6.865323064033073,7.484687147111308,6.271847287565824,6.0765430160339315,6.462507338099231,9.308353814980624,9.874449009244383,10.82952323493065,10.455028162650812
49300.0,gromacs_replicate_3,82.038994,7.492679871148679,6.937012246269576,16.209633,4.856722767405743,5.062911876324439,1.4053192,42.696092847849336,31.427499642117915,26.109363524185365,31.444069117954317,40.87568240791559,46.778101406082705,71.82733693612266,79.85461551275719,83.67357569416515,75.50970595863434,83.5677842297751,80.38166497786796,7.933952069346519,4.920751380371583,6.976570992589209,6.905300286992818,7.480391387300077,6.441339995408313,5.914188668884208,6.2582372944734255,9.46958793117149,8.983755320419776,10.4676562247288,11.028406773687237
49400.0,gromacs_replicate_3,83.63114,7.835626516783807,7.272847465461087,17.032341,4.971690580162995,5.118663397648975,15.51944,67.68634305291512,59.14291318592367,54.54187287642158,57.7327529432977,64.67696189633028,70.46930334966507,57.18362029170011,60.42339193452478,74.86136026502126,86.15527234319757,83.80244767978544,69.83367456988192,7.547183396913915,4.87974122656247,6.738477975908645,7.051747775600897,7.919992346299579,6.595449147614405,5.975590202238518,6.385015659261898,9.619520446598395,9.610196451042938,10.821817621607444,11.135585501217452
49500.0,gromacs_replicate_3,68.80962,7.708974918027283,7.822025284918454,29.419037,4.992321406632906,4.946884556093392,7.6664124,81.49424787919727,89.32139889855611,82.6320447803865,84.1479583497016,88.16509959583222,81.18696694797387,53.90410368414183,55.465642707351286,67.71606750652104,81.12732761650966,81.311600812106,67.29154110743978,7.56926183266027,4.673211552563296,7.116594886361673,6.9236021628258975,7.38027073758013,6.418288592896282,6.042461377657126,6.689909196871641,9.687548967691443,9.105944249836513,10.927674129020359,11.416444851776006
49600.0,gromacs_replicate_3,84.46929,6.6442593020599965,6.683330522718678,14.401001,5.2904112417440405,5.347222522099519,1.399559,88.50677893895602,77.18815907374753,75.48938355073093,82.29938587209222,87.40412142099714,82.6149473441639,64.20124279338502,68.4711474959468,81.8280883861839,88.0041981922562,88.05342315800709,73.48443022797414,7.423641209725783,4.7532862245271,6.671598572418331,6.999273090533158,7.572642799340191,6.697287605816817,6.684305243660362,7.04633218977001,9.856431262721639,9.518405545183779,10.358585263168465,10.400748282925349
49700.0,gromacs_replicate_3,88.78117,7.0135240742249385,7.177945456498771,27.077744,5.214024088728922,5.380658211396917,13.302032,78.42531443058294,89.77941189048752,87.51172097451779,86.68026647427014,77.64750691264037,72.26446807338993,60.81550705868186,65.3221148436346,80.32320835009514,89.42246392576624,87.02362684237468,72.73572706729706,6.926393680336678,4.319728588709787,6.122693602602004,6.126366989627037,8.021449709774618,6.847152679112318,6.5714789666938715,6.658385503828998,9.534968588454523,9.802201137102843,10.673469834778205,10.083922353761634
49800.0,gromacs_replicate_3,87.12715,7.334614245762219,7.473830627299125,23.130424,5.061263252113162,5.255927770559503,3.0738754,73.07484018674594,83.74180647219285,85.69992721307422,79.01505909047422,69.79265243360057,65.68366755506898,77.87655396312155,86.38340767633247,79.04155692228132,70.05561096575175,77.69774623207024,86.60695759100972,7.537552764743648,4.650413334671626,6.901531916554095,6.3774556926744035,7.36126430852859,6.175861165421334,5.818309826573041,6.359363181573736,9.451234913219746,9.546825906356267,10.9249470967447,11.193152526772854
49900.0,gromacs_replicate_3,83.656654,7.11446415338414,7.117925912166914,21.577515,5.239042429367876,5.427725272137968,6.758087,61.26044022307046,73.07513718861262,75.52625539616072,68.22434929811809,58.54360454572468,54.016784850910526,77.20692753895361,84.35177587203401,80.27412941197605,72.86478532210543,80.05582953086538,85.05557499469853,7.25231855219411,4.439706029804709,6.550936396284275,6.571715307688415,7.6032612205544465,6.612620021087677,6.218416629310285,6.64048731700937,9.524290339793643,9.758751672092213,10.654855660671931,10.763681043957861
50000.0,gromacs_replicate_3,84.492874,6.9147974610120695,7.0563511467390265,20.623924,5.229395215938441,5.38413975971637,4.2272644,79.18681552873159,87.94753713829247,85.475802024723,89.0234571820747,79.19675522650029,73.15789623666647,66.14580531770488,76.03447959075069,89.5919198221229,83.67669213996776,86.63008987245651,72.19862491231353,7.444242007989144,5.035533680188781,6.5431298577633745,6.881906969485146,7.588742419157694,6.560410970074024,6.182192964661567,6.716154172403168,8.992406188022425,9.594763084981793,10.470620775297382,10.064716948754196
50100.0,gromacs_replicate_3,86.40209,6.612369877177934,6.790158291397361,23.925148,5.143226405225684,5.2956764823580045,6.8582535,75.61571874266909,88.35379576487821,88.70132454275732,84.60424829350247,74.56521862866845,68.27587801303011,65.3049130066778,71.08685900764027,87.22541299755684,84.70191566387973,88.42305211880492,73.57578551245656,6.858479640745703,4.3547020657577,6.081409956000001,6.417963969921591,8.007276562650505,6.994532541243911,6.100686282668388,6.7006847815309865,9.206731542639615,9.909279772829183,10.077064840067024,9.963074325235864
50200.0,gromacs_replicate_3,79.385796,6.370348862679203,6.488089275704761,4.784012,4.993814765616014,5.120720104057008,19.437332,86.33121605914394,79.61882596195396,77.31960132739634,85.10354587004416,84.25524505671076,78.37402688401251,53.03925762165641,51.75570569470184,65.68118064078911,79.26071132916456,79.53767160648361,67.35093605856005,7.629838243838982,4.8950234165618145,6.948326729859044,6.6607420807521525,7.692260645507267,6.23705816347745,5.929131781894147,6.4426521667094825,9.813947796536777,9.301059333560675,10.367357403526615,11.064580099202766
50300.0,gromacs_replicate_3,80.126274,6.434654800812665,6.485727031953574,2.8655548,5.23906082573361,5.239074822917834,5.1002045,87.3986454099304,74.30030960022931,69.97093561404606,76.61163559564018,87.18724013740379,86.40736565473345,57.148328961939356,62.19495462767427,77.16228198878298,86.87704651349202,80.49045257365748,66.46047211936111,7.282512797648039,4.726980287038617,6.4094031795613216,6.965503452932597,7.252260050893909,6.502013119176039,6.339721464333521,6.86319034366962,9.667629821349694,9.520834193783523,10.022392110049344,11.294276880740819
50400.0,gromacs_replicate_3,73.334625,5.771472688411452,5.915827233061253,24.617683,4.9957836758549465,5.05507151104651,1.1839752,83.18098038789176,83.07447559517037,79.11172179652281,86.75721208500582,82.07449129139496,76.06147005636234,63.70314704959133,70.52922062859277,85.5071167478023,86.55352159361328,86.55120894629755,70.32601574506182,7.450370557432552,4.679487468546485,6.384073391290574,6.7676552935030205,7.522926282144839,6.3010029565196914,6.379084622653253,6.782021343358187,9.674346150674005,9.145455717737141,10.13225550673967,10.818291052945147
50500.0,gromacs_replicate_3,61.781006,6.3507010360208005,6.526197730191405,18.894318,5.385675847407139,5.240777016624228,9.109535,78.41278037711557,88.330721842279,82.45375174718083,86.88434783346509,81.89578424004844,73.88850839606035,60.88655343867933,64.46382596117273,77.21992042577304,86.66940805557833,81.51831956792294,68.01962669130478,8.137703784540143,5.3799227110889865,7.385710858124237,7.289417830789538,7.472739241261784,6.206254948073595,6.197107828168209,6.711798673202648,8.99649535566925,9.410725728382326,9.907412974234214,10.740135122796866
50600.0,gromacs_replicate_3,71.04327,6.943405301454407,6.786215368197789,1.4919891,5.177740861390284,5.297934490099593,15.348892,74.21806391618374,63.090788755831944,55.07371617721358,59.13705745244434,68.31520484913423,76.57841557802097,72.59917958703045,81.1207107877075,84.59970913831421,79.2622800565164,88.54775300582564,77.7262946365956,7.5060161076518375,5.200806561954592,6.616128547662588,6.890347775599614,7.3342952899341824,6.192311372732004,6.112973850372878,7.012621288978424,8.829664954107495,9.781271018876936,10.275704542426196,10.232425553513021
50700.0,gromacs_replicate_3,66.91415,7.153767163654687,6.899304891180742,8.99276,5.247072609626413,5.201408018835625,7.092079,64.01589918038923,53.22337318075212,46.370877977445595,50.51876138171513,59.79342475890664,67.10370798417456,63.45388973195234,72.920375894425,86.56785612340707,89.90159111711415,78.83666200230388,65.94463444369417,7.41161095242764,4.977585053464409,6.511500455703172,7.121103968674458,7.232922318968991,6.569305956491309,6.481149602939265,7.416191737145718,8.478584826377244,9.935102367770686,9.649461916238906,10.174832620808425
50800.0,gromacs_replicate_3,73.637886,6.045790805221633,6.254224943402649,24.75843,5.100245195061865,5.104999975067682,1.0224762,78.15948837476188,88.78000652189706,84.71389879639942,89.21015576683904,77.63125986235812,71.47646677494802,59.3049849740248,67.71438282405074,81.41093569431021,88.78300522978724,80.1296862981102,65.14854103969346,7.489992481741036,4.922205975637563,6.429150758556932,6.7967071598756,7.347444516552558,6.368318707747654,6.391043449476369,6.7170404391783185,8.91105822971297,9.608005941894161,10.156414674683981,10.422526454472898
50900.0,gromacs_replicate_3,78.862175,5.40430237386559,5.620152098203264,23.161568,5.03251762699388,4.947345793415598,8.24041,71.37719903754378,86.47596485930076,89.94070248429603,82.26868608329812,69.90375721494529,62.22675227722427,50.164633048989444,57.454425883834304,72.21462184267735,79.94585957420945,72.3280881765497,57.23529170915429,7.352523055362896,4.972949322415059,6.6165131613434065,7.1606753433575685,7.119918722329477,6.526460328616144,6.870764233065814,7.044683403864326,8.935338267070406,9.227468202912172,9.66419349874907,10.261122961939838
51000.0,gromacs_replicate_3,76.85123,7.143097774174407,7.296390911475657,24.384956,5.215761238328986,5.310748162004531,5.2072906,77.91867964035931,89.28118665855882,84.66539289038724,89.70015551495297,81.16439268976143,74.32486887488825,61.796571179961674,70.9324381531346,85.06225142662277,88.00009365654226,83.71179400930073,68.79414108029485,7.538627239017062,4.737031715451831,6.2572153522970835,6.316981982259982,7.178135140992549,6.4344482723141025,6.735363587464197,6.492601504683655,9.297615118500513,9.882263784915821,10.511858152371216,10.891181859099078
51100.0,gromacs_replicate_3,80.08752,7.253752344452872,7.368668083797765,21.816353,5.380568294315744,5.526381824235968,0.68253326,73.17344687074363,84.94569060210908,89.81558868052102,84.11001122568172,74.19184129106642,68.39080230253016,70.06445455115671,79.99354993179436,84.84488382775267,81.8163678513122,87.87617097756436,75.03196358020007,7.163150316166614,4.495266412070965,6.505326345147762,6.4576900505341985,7.720249016451273,6.248205215731024,6.4997043985534395,6.341340518434695,9.263057221013932,10.184894357420134,10.717213705798402,10.820568929957076
51200.0,gromacs_replicate_3,85.873405,6.650814626776821,6.9356826293181335,41.78032,5.293324096186052,5.237026404114274,15.485428,73.2087067051504,84.39944424930452,87.61545100158409,82.0418058450322,73.19775038791491,67.60342500476624,46.671263382097585,54.121086281508475,67.75881452408338,75.22614055301432,68.71235557520622,53.899467781514495,7.2612505691405165,4.796963702851573,6.8047991515957955,7.199352551591569,7.099003927296231,6.915004518611499,7.145878767992398,7.284455679681507,9.308883142830696,9.361302481234226,10.075182394442326,10.553138355591
51300.0,gromacs_replicate_3,76.65184,6.624003819070615,6.548995720705434,17.493378,5.149597091182396,5.178322215882245,2.7635498,89.20956052183499,77.78436762109642,70.0757801106104,71.83602545922723,80.58477476565963,89.40437013211812,59.842594165355926,65.2349121146612,80.17320969427927,89.62119767195468,82.43506582005966,68.05210378420419,7.631926685925038,4.996792368730171,6.946893563389886,6.909260168821695,7.198833556764467,6.269199999732807,6.109401445801942,6.396538997688268,9.368671122344304,9.948178187819337,10.24753958772321,10.594598505819217
51400.0,gromacs_replicate_3,89.882355,7.3307231771533425,7.28566582704991,45.09871,5.2521630456134245,5.391414622991515,18.776466,89.84678285720932,82.39545465499015,79.37142964929228,82.22938526018666,88.8838887870328,86.71298586435583,54.52603656236175,62.119854632314635,75.63161584227457,84.46410637472789,79.30571975229991,63.926730340508634,7.169109711245773,4.901230597133465,6.469480587760356,6.539215933730392,7.036196605234906,6.762101201031462,7.074256826153084,6.997720900597241,9.516351245172753,9.862348315895456,10.184304785670225,10.749605618850298
51500.0,gromacs_replicate_3,84.28197,6.331945270462849,6.594070920078963,44.998764,5.020288017002156,5.238998153582315,20.857468,73.90894412253172,86.0952610195458,89.66562863988207,84.34809085586046,76.33122223011603,70.10841097324504,57.290043488208205,64.3142100234348,79.12577480179449,88.17531821969449,83.01934257010237,67.46865965827806,7.034043029322407,4.686743470208019,6.370529993139735,6.529411834829577,7.295080712258647,6.619054518715361,7.1882224480049075,6.744965737967355,9.124205248425431,10.080610989358732,10.642229804258374,10.527681209186476
51600.0,gromacs_replicate_3,70.50431,6.61199961634409,6.630329486981369,3.28331,4.907548449349517,5.126689730640209,17.83963,85.45373757336097,73.21376766039995,69.06450078730789,76.20806877885742,86.8123625454714,88.00416734248873,78.00749250772616,85.39218870401686,79.77004374565992,70.58745171710179,79.0850637315444,85.47026681530834,7.412238881648879,4.85615249667137,6.573644888608968,7.101593080886481,7.322740809324435,6.061558172603927,6.424683311454594,7.012353679230809,9.412419296058031,9.48263066124804,10.377734247554482,10.606580070997383
51700.0,gromacs_replicate_3,77.86622,6.202113303491101,6.4761739166140675,30.340118,5.701888269808085,5.668418285326896,7.9969177,73.69656024399137,86.61147082631454,89.45323712744198,84.96121112929605,73.89378774643389,66.69622165154622,55.90087808390757,58.27110703630863,71.06027562817087,81.33314302210003,78.69770927128609,66.60242968917879,6.994170941829792,4.535552838306216,6.066181963303053,6.18254975648502,8.142765319292112,7.055065946623818,7.565193648514612,7.177607967108697,9.431938601353448,9.77310009990532,10.326054286404243,10.411186915947843
51800.0,gromacs_replicate_3,82.70563,6.604996615961879,6.958057686460913,53.50453,4.9775358016475275,5.019531554179046,15.94297,66.91554771160766,77.26564590126819,82.72992986547827,79.83336631837022,71.98492928835465,65.6611514655464,50.045583405659634,53.72343803180786,67.93674119683966,79.46949457087268,77.18118172042904,61.597861595206304,7.230390634913368,4.643234913322974,6.584062853698959,6.538266620687155,7.513688475131946,6.676303113059315,7.09104624408289,7.000433096844134,9.343909470056415,9.584965127181901,10.46283717787042,10.744372793694334
51900.0,gromacs_replicate_3,71.59236,7.258803631176573,7.438914811969635,32.17479,5.028368927345753,5.183434360025763,2.3279037,63.94165338316014,75.21477065733326,81.20237218412503,78.28036539666047,68.93040572534731,61.26882887887771,67.8710843874718,73.94374434651216,89.54852105171219,80.87443041381118,87.76040642648134,76.7947861337576,7.645672641539583,4.941294349130493,6.897048080097854,6.843529422818817,7.320365088172595,6.082054915302033,5.4068120714328725,6.509693958628636,9.72283241371298,9.470138024515093,11.10264718207401,11.478208576206645
52000.0,gromacs_replicate_3,78.52071,6.8178591384678535,7.114171769389228,38.28776,5.154734469835412,5.208526547533441,16.801514,73.34097098617615,84.50810728716084,88.50995739133229,83.39135146700795,74.24847478168347,68.27489855383341,48.990403823914725,58.34085264821415,73.05976854719192,79.8337511490473,71.83836396458494,56.149183679937146,7.517575762466881,4.7142931949924005,6.6364974035135305,6.625904002194518,7.602785337350525,6.477805440729517,6.08049153924357,6.706863750613185,10.002765087582748,9.652866683369993,10.187450298561956,10.719712490404584
52100.0,gromacs_replicate_3,82.230354,7.002966688293956,6.8150342882402795,13.866791,4.827845193556159,5.015319870761114,15.066719,80.73962067275997,68.43054415149437,64.01623328774451,68.97889796951472,78.1186480999019,84.32907456860525,57.92603843317022,64.3476883061336,80.51658046895747,89.90823221816552,85.03087960757618,69.57194831763427,7.4168573385873575,4.755565063224571,6.8414134900555315,6.875338637815453,7.448939867951018,6.2924395037072784,6.476673190143029,6.3691144391857355,9.689170883133565,9.273435697614019,10.37682487387761,10.401124412206508
52200.0,gromacs_replicate_3,82.515,6.995928882703054,7.086327817551982,35.885185,5.174027566726612,5.309400067897537,5.4573517,56.71995470007321,69.05515486911473,74.11804642503141,69.59881725502345,60.084400103503846,52.794084324638675,64.2154823437815,70.1306131151422,84.88242210358847,86.29860967148372,87.64875177229206,72.99979024929804,7.123258497356243,4.310420789212873,6.632806913997808,6.385136341138094,7.843479740660228,6.717961258429052,6.401059640941633,6.624428232139223,9.715128235023979,9.397701286136906,10.531563360547676,10.165426136656361
52300.0,gromacs_replicate_3,65.01253,6.669933683814263,6.754243891064757,12.40905,5.221977808015552,5.418614668076224,12.197365,85.00853150751499,82.63535046512752,75.06112677653303,78.21832403743342,88.320367828986,83.20880125794831,74.30969544938024,83.0459153797556,82.16907668154178,75.45221093511007,84.64373135857888,81.23450690750113,7.568020977978749,4.840478484259303,6.427236088471529,6.981709572168621,7.465369249621997,6.353285680843538,5.956922084573372,6.984986187678928,9.095153879714106,10.275322674023036,10.183086282244938,10.802274591589201
52400.0,gromacs_replicate_3,88.31817,7.368551164396855,7.477377188474727,20.173012,5.116419495358328,5.262734154629221,6.1155624,81.47093262933075,86.76518851647815,82.74525016226865,88.2432301764688,83.14529843835629,77.25906989773921,77.0429296950185,83.75177829645432,80.48803621039404,72.97088006974334,79.22189708725575,86.10222648322846,7.399266718345924,4.675116961081196,6.377990134014582,6.4646775592328165,7.294409914177151,6.440022842914473,6.004303739456918,6.522048000759064,9.485157432187973,9.800444940193495,10.923910155582012,10.885423303884115
52500.0,gromacs_replicate_3,70.991844,7.099394806795356,7.245645762758316,22.24334,5.366635845223519,5.428699917876937,14.590279,77.96217568941107,89.97792410531524,85.15018754618232,89.70045068114499,80.36359652648272,73.89472144082923,52.93540230631905,59.95261443152569,74.38918238518963,81.92565851649142,75.37181984461388,61.19446013045353,7.657823791992993,4.713496443708248,6.7425720485169185,6.723119124888683,7.314062247317535,5.955548411163721,5.941734480709773,6.612754475762699,9.48204411813708,9.381063928429898,10.792854475483102,10.869246404592287
52600.0,gromacs_replicate_3,69.394035,6.372801138467682,6.5241075741957335,22.746521,5.065608364459211,4.9095901122577255,14.703941,68.39625180913342,82.30948275660624,86.77016043063394,80.80144198909093,69.48071309475083,62.90151506020995,42.44776309682721,45.073435674804685,59.41646198086279,70.74301698723328,67.0431019048343,53.218750241368284,7.415680873209707,4.945259815362576,6.362393624417154,7.117103210763814,7.375688357977413,6.303254835821957,6.503908701945337,7.120662896738505,9.186813723242022,8.94924322979079,9.994964101281834,10.54317742304141
52700.0,gromacs_replicate_3,82.74264,6.941638833626366,7.074044976714751,22.169556,5.321563272885152,5.500643946270322,10.0677185,79.40261384835652,87.82157419050472,83.05736618422134,88.49412654589794,82.23260399237624,75.26191071699631,67.02817710090366,73.87520511143107,88.63155731106312,83.5449104640873,89.96514116954181,75.46121743626401,6.909603129755706,4.373008821221257,5.939634191147139,6.029679056706625,8.527714902600595,7.03858182969716,6.730053049018073,6.5915240862161095,9.396632509250932,9.46064082759446,10.369511367789427,10.467880446061516
52800.0,gromacs_replicate_3,81.22619,7.18696410201266,7.306083858387225,22.558228,5.0446543665915184,5.248424165644803,16.861832,79.22378399869895,88.69237244885896,83.99450867469687,88.37422047230153,82.6825248786419,75.83550154172741,60.06580540953034,62.04818495968346,77.0444474290477,88.42426425294641,86.35611517712498,72.28620091705727,7.201459326932099,4.5003823884422385,6.367080601606605,6.6292316082010885,7.483659117521506,6.474430720414403,6.2541006710466736,7.038229129852146,9.60417581489837,9.34438311016553,10.248515617426424,10.439817256590564
52900.0,gromacs_replicate_3,62.331974,7.0020180329935435,7.071401210813156,9.5050125,4.805538087974519,5.038059749250566,13.778374,89.02093158957389,78.81953907568457,75.01484652306384,80.90969121317174,89.26719390436301,83.72744009749377,80.59605487948822,89.8321891957604,74.24095856332013,66.94764992902101,76.79636633315147,87.32171769817211,7.573897899899169,4.79999921287454,6.273515582491411,6.03967653642986,7.743115718497775,6.421325831436384,6.337936659601069,6.742122255378612,9.343537625936984,9.294389182593811,10.486423029855674,10.566017035635522
53000.0,gromacs_replicate_3,76.39157,7.394410075113834,7.42378512112505,7.023407,4.75262459343247,4.96164784732021,10.486816,88.37313275060887,76.27477031000693,71.41123311692652,76.33689206122403,85.71257950021665,87.85110071073875,65.82874852215743,67.24120247852531,84.06278996914324,83.47470391645301,86.78242311718537,78.57385666907906,7.547411141652025,4.9843633800848,6.377009486966492,6.674819592924555,7.442004973898513,6.206955070744651,6.08954070634038,6.869389856107553,9.148024005835671,9.246072598150965,10.359115551012671,10.653700700119021
53100.0,gromacs_replicate_3,78.25314,6.940016348714195,7.067236129321786,31.59758,4.8045697164761645,4.951025169966177,8.553024,80.45015883007574,88.80495428254864,82.25037162415197,84.89298582089211,86.21372494748269,79.69818761491712,60.64237301530708,64.41775576728652,79.9630882602068,88.13639044788609,88.11123084966798,72.8580420203449,7.543131816355952,4.71697176270335,6.486266541107234,6.560061645470163,7.188774210999791,6.429878719010397,5.810442492703189,6.760485148232668,9.303711278945123,9.275330762519323,11.133470671346288,11.132369944998306
53200.0,gromacs_replicate_3,79.37983,6.720953939284522,6.888991131309502,31.349346,4.779470767364001,4.958138531162414,6.7890244,66.6766448908833,79.54336984082602,85.78109355056462,81.20769112935,71.53978915659505,63.88766977590931,64.74990378285403,69.60805902811333,86.16595361462234,83.09982967009057,88.41544564613888,76.54277225368968,7.582590704588568,4.871708912763037,6.7314559913403915,6.5057175003908965,7.041608431417459,6.112139295676387,5.77285482012518,6.555826690484561,9.336110920840014,9.790292727045538,10.503475918765304,10.87532697685414
53300.0,gromacs_replicate_3,63.212208,6.558091752401658,6.7473706238370115,22.11621,5.34250397333936,5.45441298084238,3.8128052,74.84799742686258,87.34896866295854,88.83287663029799,84.99987924653001,74.03586172751857,68.04085897728793,68.2333558562649,73.86778745957739,88.01222396666206,83.35672627327564,89.1069749801035,76.26025305578952,7.319003067155274,4.518360528594871,6.559026039378901,6.341815431806344,7.293254845576354,6.802213388976276,6.757083113564736,6.80386936012341,9.560103196054238,9.973362133773842,10.351127269269512,10.661750214556585
53400.0,gromacs_replicate_3,74.98177,7.491173071064081,7.586275425467921,10.723122,5.576286427641981,5.763066184038086,13.076057,79.04452988011076,89.42392691219837,85.49501919089606,88.89625312631516,79.69099845219391,74.34683180160565,68.98690661998153,70.6308163708642,84.13377954891622,85.32558526204502,87.89251135290858,80.00917926268552,7.46767563820391,4.61599521342237,6.343280783184958,6.153977578146938,7.156034589256785,6.29816541741817,6.180277875666722,6.489878905186518,10.028606247891195,10.249094691784583,10.666130481851933,10.527319388021736
53500.0,gromacs_replicate_3,65.99108,6.42290638946212,6.609876030409978,26.164642,5.07944301586823,5.184315091794575,9.532173,70.44999686474628,83.78911143925856,89.82817862930844,85.15071254391839,75.03978258411654,67.17699792844938,69.86593090461476,79.23725681005979,85.43265898013661,80.79434821088348,88.26816370306759,74.23802406909873,7.827230027560183,5.284021267388143,6.574767737777091,6.557893668473441,6.892959386653125,5.78548543479325,5.740703245779022,6.963343558320113,9.405695605329827,9.614203017439893,10.23064726521811,10.321608125242392
53600.0,gromacs_replicate_3,69.04321,6.563410882320817,6.772055255642226,27.310295,5.326341765867169,5.328781582324426,3.198555,71.52638367326807,84.31620892429218,88.36403950067792,82.99596838110529,72.39518575291193,66.01144944460329,62.538617609607776,68.38601258037004,81.77844805294534,88.52112261973963,84.77859014530826,70.89078674089811,7.8735594992253395,4.777847176714351,6.8139587920875675,6.734463222665211,7.087759407360583,6.484274650384456,5.995954469195841,6.701398942195586,9.509303008429901,9.471694392015333,10.203765731821946,10.68901643323227
53700.0,gromacs_replicate_3,69.73376,6.415595619005501,6.651882191891065,31.553856,5.318369166402744,5.413628330276232,3.3580093,68.03542014631701,80.61598793582098,82.84391902766922,75.87385459761491,64.96745708705186,59.8889520507375,67.47669507224917,74.81321302471649,89.02379286533001,83.59466476094826,87.31575207772102,72.8169562483199,7.274019767492604,4.4017651712044366,6.547594011785705,6.284513172458944,7.308748918362027,6.64429029641249,6.799915791309074,6.902477785727371,9.31300960006948,9.490913188477236,10.42264534770422,10.423300885996387
53800.0,gromacs_replicate_3,80.947655,6.304987652373227,6.459535341001435,22.013428,4.919096875332881,5.074366987416732,3.454712,70.84748163322926,84.92258292037356,89.664670875431,83.58262904953021,72.70409223825763,65.04255358272889,69.28281612013257,76.23940667767707,88.49410562437362,79.02149906944821,86.56613926664453,77.95761133729253,7.296457239132696,4.684156342475566,6.702347348709221,6.664640923430511,7.347510389521991,6.476187737934252,6.35510281847406,6.774466580892378,9.115859004133831,9.354366069449641,10.024240346038399,10.182552861839234
53900.0,gromacs_replicate_3,75.03891,6.6476100145729,6.75989057062737,6.8053207,4.8901124817140165,5.044194345597505,8.188522,85.4859262757045,80.85786740647227,76.45064240567693,82.5013500835787,87.27083806394184,80.30148681366364,63.516304892654006,65.20839124016493,80.79164980956979,86.74233359801873,89.87404344091702,75.96787650701206,7.904649137466723,5.094778708527426,6.655433319110955,6.93950526404002,7.013889812190736,6.146996533496848,5.836808124403417,6.586273093062819,9.304003368418378,9.4726145498679,10.7884214972165,10.784101569959983
54000.0,gromacs_replicate_3,78.516266,6.809187461365725,6.850500959456717,30.51155,4.921424994662753,5.135609801906042,3.0574417,57.52140581213144,70.50546420791382,74.16930207167486,67.81737036893884,57.579225859371455,51.92829827661044,71.70326929343204,79.89252555490037,84.17565465785118,75.69462346317681,83.30531237741734,81.29021168931192,7.191774728299036,4.774987740115533,6.191926766334965,6.629653451956797,7.708001390685038,6.293311857703973,6.50628842125874,6.730512700360187,9.490491872348883,9.6633201661343,10.611355583843581,10.690119750208037
54100.0,gromacs_replicate_3,72.53666,6.4940236401274225,6.588354603929776,4.3081284,5.739929435502324,5.8884545751324495,7.0968018,80.57086099087233,87.4775602516764,86.90147336812609,83.65090629224343,73.25644419013841,70.18882357061605,73.63264050735309,78.14254687150317,88.70577836148676,79.28444273841075,85.53611730977275,82.11910105325887,7.269730502374267,4.78684683563889,6.3445805346720165,6.534986616773857,7.682447291623671,6.5014766393383425,6.704855145890262,6.916359399013777,9.738012956273394,9.721438722820677,10.600798326203279,10.249694834741089
54200.0,gromacs_replicate_3,78.126465,6.810560116566367,6.974075465417917,32.429688,5.033173769995027,5.135008259883933,0.6079178,77.56808758906257,88.81707322157231,84.27991110424973,87.76538404864789,84.44611379742825,76.45167251385041,65.94464902613159,73.33475622470336,87.68249293426294,83.94595436899708,88.7473450802152,72.9974650482573,7.5486747278704245,5.162972549253856,6.831392741322604,7.038059677283804,7.88617917143529,6.376244581378869,6.208573336011336,6.520324526866614,8.903496333950716,9.78163375817562,9.928255900716833,10.661813363979741
54300.0,gromacs_replicate_3,78.98071,7.553229867530644,7.6222987377857025,11.528824,5.473859479275348,5.525868056050235,6.0079346,86.91024118479007,82.08259116944012,77.42494497326956,81.87673949033874,89.19784787883316,82.635102535709,60.49705554984764,66.44988573614313,81.04808904741387,88.52395037556438,81.15695597762263,67.65191897138286,7.057944189749128,4.428320833059104,6.641018708374684,6.5557143048464175,8.11061733513295,6.667508568887034,7.0684905071586845,6.68846351873958,9.438849259168292,9.832650778945407,10.626055442588031,10.642115906618354
54400.0,gromacs_replicate_3,89.38287,7.129524595152241,7.288576716732339,32.65969,5.22932735342565,5.428533574793264,12.26413,71.59927986367249,82.87240359363548,87.61514320064171,82.31423566774625,73.74293750944514,67.44239835869158,67.18446718142302,71.82345769257962,85.99818213605008,83.94181173912567,88.12756219703039,77.93341044204634,6.848163499918033,4.526350974832217,6.258481098753624,6.416194839739601,7.887284051398189,6.758043096243862,6.610273171717707,7.119679585447878,9.635616082268776,9.42073028187063,10.246979877352153,10.712241764662988
54500.0,gromacs_replicate_3,72.566956,7.556055829030789,7.312110799176514,5.999687,4.799235771690471,4.867690512049973,11.961426,75.52526601073735,65.03219514307129,58.42981930989353,61.08031183250309,69.77050336225412,76.85974754843289,52.55566915550918,58.637564280000824,74.79113409287926,84.77679788739822,78.18629034500235,63.250457165022326,7.9419243277067775,5.195328533926776,6.95873888332365,6.9905714409072335,6.928293096311413,6.074278227702695,5.943156418996154,6.7563294159430765,9.78054061861658,9.14532853861904,10.783498533426998,11.151509358944303
54600.0,gromacs_replicate_3,77.527245,6.888231380708019,6.96728510076818,26.026566,5.230477425031631,5.349542617167117,13.7668915,65.573687761209,78.63404594970498,83.29439388122412,78.00771785898162,68.33464139172187,61.34002628425125,56.74915210213034,64.00545298486956,79.23014014771252,86.69477564472363,79.63621940989428,65.04170761662866,7.309917313602124,4.371038494636624,6.3578741468035025,6.286696959353271,7.92717997911168,6.625857794867666,6.881562727863039,6.833478111715154,9.587362520685815,9.753304705546073,10.532653042670296,10.579093443844656
54700.0,gromacs_replicate_3,78.47294,6.827461338004421,6.898945132467984,22.926369,4.9447645334708,5.141175219815673,8.269043,85.08293942623305,82.54356726252705,77.75544964284636,81.4862730214098,89.08998436823241,82.21151127316884,78.64479909738847,86.33605362464897,78.82253624646238,69.30761969164772,76.67913058307468,87.22964393953875,7.724897176912533,4.865203734652674,6.749130472822282,6.856440472077485,7.833683107474807,6.3434203199250145,6.338724076417974,6.257463332054481,9.197910134571279,9.231521691572908,10.117204058567904,10.47771398527956
54800.0,gromacs_replicate_3,68.50024,6.544382406120077,6.66964945232282,21.777946,5.0632083502302185,5.151088201029014,6.1754684,67.0423970231236,80.33356101404053,87.77775679447116,83.06188032632043,73.06836476605828,64.72798512500773,68.64529473669005,71.89102515460752,86.41914627744318,82.49240609696258,87.13783340575367,78.90662335266992,7.6055532712176035,4.963444005192343,6.774446721419668,6.812971055860408,7.107695040473398,6.282728766673597,6.3628794446164045,6.824716411049382,9.262260651625237,9.580722462087962,10.474491463772535,10.919208692884665
54900.0,gromacs_replicate_3,66.005135,6.34908094673322,6.543437715950899,32.0885,5.102556787280395,5.284772659919116,14.442352,60.34257514127992,73.73885569192616,79.45426898767244,73.60834928818333,62.57852898267665,54.96319453687359,75.5479250155324,82.94626771924169,82.13699605054715,74.46069614484139,83.59218277801529,81.61328203458066,7.819371763778981,5.134206829071719,6.327181213853894,7.012475303444551,7.656318965385541,6.569136722144677,6.007376469964101,6.444116586219028,9.269344140581874,9.045590442636398,10.154859338076658,10.776680365345308
55000.0,gromacs_replicate_3,72.80712,6.736490567307673,6.89271794403676,21.903694,5.3023332858774666,5.414895727531959,2.9409714,78.4894110191115,89.66799399532741,86.52102660132135,86.84115161411266,76.90298882820919,71.44454488655776,64.79236213604618,70.9399437182465,85.24331820566347,86.48173274965345,88.02475623748056,73.56584063239816,7.5892544658083425,5.06252731899223,6.631808740897639,6.606003464090521,7.321915928392556,6.512333665522791,6.228785341718268,6.461900587913999,9.302136313154397,9.56499121564655,10.63975080691993,10.745790211855617
55100.0,gromacs_replicate_3,71.4792,6.766406356479489,6.927492193013943,31.264183,5.477599727459184,5.414751294414931,1.350174,81.08679048179452,87.64681798474736,82.08677066548577,86.25388847201671,84.41027605053017,77.3664480575505,57.463110859811756,66.63035849230394,79.19211079933126,85.0979453715793,75.99940953829996,60.7671830147726,7.22020680617257,4.615813164712597,6.678237014879633,6.58530584402912,7.547781167262454,6.565111921294295,6.646786506830791,6.7571705221331255,9.202943776146599,9.381861296183684,9.867778937562399,10.44136188973608
55200.0,gromacs_replicate_3,75.11258,7.051052195449572,7.225013486811191,28.969337,4.961148283311798,5.124419903502154,1.8201828,73.77532236313054,85.98784868627227,89.1061491099576,86.86565349115473,78.08392329988936,70.89106599428187,70.83664133086852,77.97881430805528,86.00722565174382,77.90926219320794,85.539132150545,79.31272594612507,7.329125969981067,4.534811821491619,6.181178576322969,6.382565265602716,7.241936423783374,6.336138664365263,6.040698963255873,6.573852639906697,9.13031655961328,9.91175101216814,10.687524231207783,10.504542763527445
55300.0,gromacs_replicate_3,75.36781,6.395591777325331,6.139158555131521,12.652443,5.105886560762944,5.085605646259031,1.3276825,78.77159051331735,67.13950471537412,60.64751325261609,64.64780832317076,74.70950847064157,81.8827959481611,57.54888300771968,64.5499358065505,79.28222271155255,87.26225820331561,80.02993686766014,65.36849049771436,7.479338238408939,4.717644090941686,6.613023629032106,6.916736336382442,7.320931996669409,6.377961969218323,6.7140137514861955,6.85097618412302,8.774983820795917,9.740191891787806,9.95765893227472,10.26651148668953
55400.0,gromacs_replicate_3,69.236755,6.864703034550131,7.115642665101147,34.486065,5.2159849946680374,5.330983983862765,0.13554382,70.14560866821174,81.90399291193297,87.55915052765839,83.46341438231494,74.33960255312184,66.6294846564416,66.71545898613716,75.26546021373919,89.68864971746027,83.23621722763481,87.06165474621834,72.26769352728788,7.818701607075216,4.977652183708225,6.241858250449205,6.621733005561642,7.511511381400505,6.316695756132125,6.183537749869803,6.957270769747433,9.260308318824816,9.303163268577377,10.132617997741923,10.583976840727226
55500.0,gromacs_replicate_3,74.56198,6.486675850822739,6.660113167585303,25.526222,4.907770332366662,5.076641736231002,1.0289917,68.27815028872485,81.78554016921669,85.28186299131855,78.6325823613756,67.64139634573927,61.69313779855151,69.09995700171133,77.33954784011534,86.47762628104498,79.51214523831489,88.48740759713637,76.2839314455954,7.775592666691159,5.394677337567434,6.268412586638147,6.767763923903864,7.649813693463385,6.338075590880499,5.603001961843178,6.628275178507231,9.02751939197809,9.508097554901548,10.406243468246059,10.111419743592185
55600.0,gromacs_replicate_3,76.31277,7.190139625213467,7.157418743468651,27.746086,5.227221445919763,5.370172323458752,10.0711975,57.9624194687734,70.40715763300352,74.81841825869775,69.51162689823641,60.23674341902125,53.3712337597696,62.331993515896855,68.97711922903495,83.77351911992359,88.30092227594056,85.65522896705316,71.3576100752867,7.794453467625533,5.112600164490417,7.002082314112776,6.67931077480506,7.363296356993777,6.202411758718611,6.080118364862254,6.478302076475487,9.436311619955745,9.940152349791164,10.769678882857429,10.933633206411136
55700.0,gromacs_replicate_3,69.92263,6.24683963889746,6.376599663238487,6.6039886,5.771605695499089,5.811370942144631,6.7136383,82.8411009908693,84.64520655205156,83.6441828461767,87.33992266542144,75.86726732908559,72.79564633165896,60.43152378166859,62.63174991075576,75.10096789848832,85.86234853737282,83.08444435527853,71.07480520816456,7.448502638818343,4.704485386286374,6.08426806550117,6.306162277955172,7.337850801439356,6.273119667579845,6.443454533910534,6.754017209221317,9.452592222573292,9.718817069143286,10.634590273622567,10.441132526777187
55800.0,gromacs_replicate_3,72.07875,6.498443285351885,6.714932632145696,27.762848,5.260834466937699,5.307917491466794,1.2659454,65.94837612936438,79.3612974871155,86.00926184183513,81.65404903409134,71.25511218944436,62.935906131962675,63.53381495105319,67.43866315921244,82.6132698114569,87.45254523263392,87.39591769965133,73.50502267061862,7.666022043992881,5.008236271248495,6.581903467078962,6.757984968338099,7.402535417543044,6.114842350153719,5.583320817667181,6.414260687812507,9.635896963519873,9.334785109563143,10.63690737237794,10.828351127487212
55900.0,gromacs_replicate_3,72.401825,6.077986996423296,6.2221919873886575,26.735565,5.217388767836263,5.255532844881037,0.71274567,63.421054373708785,76.68806716787361,79.9500908143856,72.62538954686795,61.367193833381044,54.93609699559566,61.691782049607816,66.47257147564562,80.82944340660696,88.61145925665039,85.81535761773848,71.71876635576905,7.573019233093206,5.065716725283527,6.778875760457018,6.853701552268203,7.0726577934567665,6.3326874944991935,6.531123860036368,6.675050039208533,8.943702670789461,9.200851678474642,10.584444024630372,10.692409716734812
56000.0,gromacs_replicate_3,65.94557,6.233313016795445,6.492023728345363,30.515251,5.231837541428934,5.330148569449699,4.383621,73.81380869898993,86.11556142463041,89.75496452660364,84.98547354404428,73.621675673181,66.89653011966871,61.61802479491913,69.75474019590695,83.96227127600109,87.9790448579145,83.50688785149296,68.70363352592382,7.709726748984324,5.127920081439123,6.77308229298895,6.889863085326788,7.2353854958107195,6.117582186493474,5.781443717588699,6.304366166451864,8.905384359566604,9.224133053795448,10.949182458395814,10.342177785673405
56100.0,gromacs_replicate_3,73.92146,6.385702797725362,6.634370703784723,34.716873,4.98572622822613,5.10251779352047,7.0674057,64.06292782252524,77.29902784061734,84.06778662874645,79.45393964347225,69.48436258337239,61.173779265212374,60.638635848208445,67.27959770628517,83.53043835355525,87.46129691006924,85.47152323926221,70.79481192400826,7.1677219962422996,4.613252515025519,6.061035371104012,6.1461988180841844,8.146014691952253,6.567828950996212,6.339253920814461,6.607656254342001,9.091047713712307,9.497265338097861,10.561085423169333,10.43732262407752
56200.0,gromacs_replicate_3,85.58906,6.58434213992834,6.735867392404982,20.105255,5.406816923898558,5.584879563989687,4.128372,80.26532561870971,86.48720195952119,84.04395630699655,88.5246675556102,77.92257113134318,72.74242647295459,76.0767614847031,85.7757515268338,79.92264985705762,75.60953197257811,84.69868963256238,81.12429729944073,7.064093440881785,4.621437184253195,6.320048249843253,6.521168573854751,7.684185671465941,6.883704077759414,6.821922880387083,7.0279701758199025,9.939737567613221,9.490428844219123,10.677890765127323,10.573892683577917
56300.0,gromacs_replicate_3,73.64266,6.089543462114355,6.250437708968059,19.109818,5.127282000447633,5.203936788429454,1.8944473,72.37748849601219,85.14154783880869,86.6457386081262,78.14978914165843,66.65024595429763,62.46769342206598,64.36109226894575,72.05587670284402,86.91575703211895,86.22355791522853,86.2347751465651,71.0904027580087,7.3767305628590165,4.912426714410374,6.688217285735192,6.878661352079588,7.217943652096673,6.189891197162763,6.26508252033646,6.487125763000536,8.93783592399995,9.420754078182444,10.50543049244556,10.895088455360607
56400.0,gromacs_replicate_3,73.9881,7.152902589750809,7.330300718428137,26.250458,4.811256052031742,5.023917334609431,13.2263565,77.70784421945868,89.12610084253744,86.87583310022421,88.40390114718433,79.10193787769458,72.87149067189966,86.17580495371263,83.54002436427247,68.29435646213092,61.315767962507834,70.63261121565144,87.33766959267682,7.977145156404743,5.130763361362691,7.655479067101558,7.25891844405229,7.001114617043899,5.958584245713751,5.638743824743633,6.6931670081109855,9.203093451146508,9.10144223995351,10.690042188484016,11.334015536669229
56500.0,gromacs_replicate_3,74.80553,6.856596033765848,6.931157245559914,20.143791,5.242791670325731,5.320306960335508,6.5525055,66.23596776741856,79.33093814280903,84.3622217018945,79.5896816344529,69.40410207709174,61.72801796789413,60.29185840134714,63.068155276871664,77.42972758811877,88.5694721208387,85.55171081156047,72.12378419336419,7.650160256225534,4.960076187001358,6.522924432200421,7.171216050755744,7.2645322699149135,6.369071356764008,6.11374822133094,6.789635359141582,9.370326754343413,9.255814834256546,10.331475878981541,10.560072674165584
56600.0,gromacs_replicate_3,74.59966,7.355511390985378,7.290059094436401,15.28801,5.0506230937982215,5.240703926201049,13.495407,87.80992134703936,76.4647151343351,71.30505978918897,75.70819474825858,84.25168410631353,89.3667357157967,86.60568788469031,85.21462462070347,69.77386500353543,62.02660519193941,71.33901799472854,86.4426459017288,7.923835525920595,5.16584842974652,6.769124870908341,6.919237628015625,7.20189806693348,6.090750207834382,5.544290112896518,6.160236539916585,9.360008166689706,9.529811902692122,10.680795951456345,10.783527932979618
56700.0,gromacs_replicate_3,70.205475,7.373941886824604,7.4063592660272155,14.433311,4.866465464994255,4.978036473792687,6.2642365,89.44826663202231,79.1984857391136,74.60340119002512,79.02076971591251,88.72353696583907,84.87585712087495,59.630271486032946,67.7862652774961,83.24166046482807,88.07054337352061,83.41767661853098,67.88783870930921,7.66905195064671,4.858442424682916,6.514236726784148,6.653858809382243,7.47562042080858,6.241415741463132,5.830931744741186,6.725805850678079,9.51513856234285,9.248089473270126,10.641705526222106,10.63104348737946
56800.0,gromacs_replicate_3,82.98083,6.7107049050950724,6.853193861448635,25.199287,4.910875045107377,5.096401158249536,4.5710297,70.4710083988717,83.32496929727002,88.01016576197314,81.50494270710108,71.55845568067092,65.27507215485973,68.85058073687362,77.3449299296187,86.59479020370505,79.58095300647216,87.60387403864951,77.06245269771674,7.477583099775884,4.734226240527425,6.350421890860876,6.4853525837759785,7.457776946811124,6.107221980461799,5.6599725866233905,6.37943354954458,8.96957484812222,9.441618129459018,10.639124822625671,10.281705205582572
56900.0,gromacs_replicate_3,70.89657,7.982951568423193,8.111554580560533,27.829872,4.739203088180204,4.907454597095507,6.9724655,81.05745097423873,89.1508913800443,84.31891101738849,87.6025996869337,84.90852246370191,78.17621022633456,85.65163978784177,89.89710722180021,74.50460875568801,63.53130480514981,67.5642213315065,83.84901306675422,7.698486513016328,4.971553701764048,6.921878692779454,6.776274835612988,7.452743560856331,6.083844964894157,5.680794231151155,6.524881777236587,9.82693196191689,9.499787565989775,10.887202505916752,11.404223200354789
57000.0,gromacs_replicate_3,67.74788,6.530491265974936,6.668332903131661,26.915077,4.876470749095563,5.098036252608415,19.41571,82.3776511074132,85.55601931082641,81.09791032798316,86.23209230923189,83.9270151191966,77.5483494921578,87.8085669129661,82.0256793796544,66.92264243652642,60.57674081410307,71.57622072476788,87.6705276564058,7.83796062708281,5.029364364369394,6.447470222825352,6.637428144696857,7.046722762123577,5.955967018893932,5.1344584917481235,6.499023090940122,9.091091747603537,9.286814128912413,10.65865904610245,10.928413182647692
57100.0,gromacs_replicate_3,82.86151,6.6893458514834085,6.842925454260872,23.446846,5.145652827910259,5.336651814770958,11.246582,84.18542501629057,84.33262999727336,83.70149806491504,88.88308244778783,78.82846460729557,75.0684938849929,64.22071258100586,73.21136907538843,87.56657084952661,85.48669061572197,85.70136913571305,70.66789184250494,7.116346024533572,4.586850945519508,6.750512209326815,6.7651070234603194,7.190643141023498,6.37799724806602,6.15971537553184,6.64093857447951,9.671658981435955,9.06568022284668,10.999962222706019,10.750115519565917
57200.0,gromacs_replicate_3,79.81854,6.848609641564939,6.915322396243657,20.241013,5.451967799179356,5.49804645266067,12.4084015,87.48131893460943,80.73775300053074,77.78521988555667,84.20017282961496,86.32036744215756,80.98013800844622,55.91073080656024,57.20776051084583,70.39569277569049,81.88069626053584,80.28848552351651,67.58351906353953,6.882650759793193,4.4400487601858325,6.476783630648811,6.706824206685229,7.449699323739767,6.969902776591908,7.2627980510323145,7.54587864615209,9.648060777744247,9.315268628019375,10.62961726936367,10.501138593697219
57300.0,gromacs_replicate_3,72.51349,6.396006676283148,6.499183760229045,5.72332,5.190903195696295,5.279699512196855,1.3481903,89.08770268628446,78.43391455446839,77.1290119606586,85.7847236899028,83.73879157217893,79.52552376442777,64.41022851458409,71.07072574797921,86.13286395225579,86.0558325363837,86.43469936835157,71.51158067518007,7.029492452088461,4.643579715598749,6.507389339043797,6.710633070833654,7.7171492878738235,6.185470347173925,6.0203393092948385,7.224257289429756,9.642803753788804,8.844931280852041,10.806267778727587,10.79214907123194
57400.0,gromacs_replicate_3,68.95994,6.630388739531636,6.770523264834019,11.276627,4.914594526619669,5.030187392579813,1.7430725,84.33531619889526,82.99245328231967,82.38434359383449,89.3405607560924,79.60465959904676,75.65717128556913,65.79634107099763,73.14398889742849,88.76065853593413,81.94558237591994,89.98381605883296,74.79560703193026,7.5498626538488605,4.940182114630133,6.432628553332955,6.577328464122496,7.460648262599103,6.302180120362151,6.084770396636314,6.659004370224209,9.206774839509606,9.250202508454302,10.413181433060984,10.377384885528775
57500.0,gromacs_replicate_3,64.87271,7.1925469230139525,7.198495272853425,5.440857,5.178770431388496,5.237408638484355,5.6196365,77.82797573371904,67.28887627066538,66.30336451178749,74.89570486300828,84.21450751297444,86.57315011451111,65.96535293738165,70.77637732075905,84.24294524431338,85.05545255816108,89.73419818396403,75.90130219514623,7.497771439894174,4.664169122832177,6.628641242718844,6.842811809444663,7.0508807436485945,5.9412270787935695,5.935318255194789,6.551585465417261,9.608554842541015,9.162203319548823,11.055876188705327,10.893212998317077
57600.0,gromacs_replicate_3,69.90495,6.354536330535028,6.451075912441511,3.7021255,5.077210575071805,5.166583990592088,2.3043213,85.56350025291032,71.99537162237674,69.81836818932133,78.51099118299946,89.48710565556566,85.90811059845952,65.94726189818658,73.23978846457358,88.69002275041618,83.53389001138473,88.13721570995074,73.10276129917507,7.473522117585854,5.010434752084953,7.238620510631907,7.385673193962286,6.948033803695072,5.91647414778497,5.63305126394998,6.9761597045195245,9.516989261269785,8.698105799930946,11.004416395182442,10.603143164898619
57700.0,gromacs_replicate_3,75.15418,5.965542100245529,6.004034190515763,12.7914505,5.31018054492286,5.300618378799758,0.14511108,88.27492841535795,75.02925387198339,72.87965064191351,80.58385842308058,88.3585015772274,82.82563223651798,61.118040413101255,66.41576658832315,80.27423789465739,89.17502200359829,82.61266088449258,68.43204384433743,7.17565800458926,4.907231432130678,6.4973051933477945,6.741086102472676,7.2845180733039445,6.592145612574347,6.337249456511888,7.394174037641155,9.555584909488235,9.004067732681818,10.394182288666387,10.466491195842854
57800.0,gromacs_replicate_3,74.88487,6.345946423297625,6.506096435864279,17.520233,4.967871954022124,5.03007532191431,13.771362,78.593743244179,88.67581441981301,87.16982984165686,84.4989781513171,74.15274691784995,69.77947219962215,51.77350458054449,59.228716603033924,74.47672105614348,83.37889051432754,77.36242811215554,61.23804876539169,7.68373748803036,5.017379341151536,6.527630338033001,6.531429504913697,7.292184854945845,5.958928205764914,5.432703496997267,6.540666253316554,9.719590261594934,8.8311815442353,10.874504846422438,10.87594971208826
57900.0,gromacs_replicate_3,77.56607,6.664265305917653,6.767683906954518,5.3070145,4.941453530515792,5.117492540278121,1.5361557,86.10238200060793,73.73118599976968,73.0183366416296,81.94933108036882,88.01579053464562,84.74130536377466,69.38866573215333,75.81909666192622,88.03856408850405,78.17850167265058,86.59525739813827,78.3571158262104,7.845309789555795,5.690549053041992,7.044095961873707,7.001770881719457,7.215494563416706,5.77010195939046,5.3086577215976645,6.312813354287977,9.28590993913922,9.537781428937532,10.946986426341745,11.304178834753627
58000.0,gromacs_replicate_3,81.83677,6.423784205834066,6.440669897854431,10.115707,5.0371705216726195,5.1988627256070465,14.214928,85.64533978105887,73.59678508246844,72.59423502978522,81.01801009723279,88.70359561641165,84.77041154835295,59.11801649929133,65.46076683735745,79.84721987603243,89.16885258400661,84.07480882495737,69.15588983165564,7.18735372926422,4.7529134168195375,6.195955256984512,6.504518120087959,7.741031927260896,6.415348750119929,6.627083713016195,6.5142692270145695,9.639334787165525,9.299973990328017,10.854211346520689,11.023365356432354
58100.0,gromacs_replicate_3,82.918365,6.163774389344701,6.345295820452827,17.466766,6.058143113314105,6.060644325468792,3.241249,80.4395599567198,67.87840401738734,68.00115346595946,78.58817545996672,88.5778629133018,89.48300803885351,62.099958118439176,68.10510207753951,81.30869679326479,87.11932561795469,80.34253813477522,68.20224166920045,7.535453575897023,4.996924271081599,6.918564259393789,7.237516214147747,7.067174108473725,6.060912046916629,5.891128581479284,7.142049631043656,9.971751746843212,9.475389617746405,11.187183527136373,11.507545664073188
58200.0,gromacs_replicate_3,84.99471,6.940567627977819,7.037706906730777,0.6030197,5.660104516988894,5.846642694446462,17.592834,85.8823062095862,82.09992617149555,81.3891035211432,89.58574750064389,80.4627114403175,77.44916095148072,61.65486000129254,68.69128480658486,83.65811378709687,89.99543067849606,83.44792844105599,70.39576186878921,7.320321449797211,4.495080214501265,6.076166209404428,6.693031039425251,7.845176415982277,6.791663588247003,6.623233046533844,6.710501407833172,9.898719410940766,10.018486775989626,10.901887364524464,10.482282977938914
58300.0,gromacs_replicate_3,84.19174,7.988954776154861,7.546862075376959,10.172295,4.989860122584333,5.162078721673814,9.718376,52.96099412134381,42.78219898200856,39.656849941470604,44.96558065973193,53.8700880575597,57.929441767189395,63.13097200496566,70.11241909632993,85.47882127075611,85.47830806218298,87.88619370358028,72.26476523039175,7.510161755387759,4.6733705886481385,6.485714600917954,6.599870451600078,7.497655837668593,5.879644268917653,5.64796440588942,6.3779373594363316,9.84117791852429,9.319848957767004,10.929499064587704,11.300978294543484
58400.0,gromacs_replicate_3,82.119415,6.720139746036285,6.817827305830164,0.9277725,5.027045191259775,5.165225447623941,15.932655,87.69534792698533,75.96272940827014,75.98659099993478,84.81684187833059,85.35532270764269,82.61120918248766,55.15800309529761,59.19081424003123,74.03457683041027,85.25208575504246,81.60785817537445,66.88024944497066,7.2646581621907425,4.79098062352777,6.344648091606006,6.620382011585387,7.435798216910328,6.4308459730394745,6.214931907268507,6.61751012914921,9.28745513561946,9.447506306947455,10.791748262262931,10.718029542488111
58500.0,gromacs_replicate_3,82.84989,6.523725780550912,6.620885407066183,5.911682,5.2462080072283985,5.343363263364459,11.688515,88.27658416615989,79.16760496654618,77.05969684046902,85.0654202482621,84.22543174716378,79.78873199944117,57.09904670606593,62.85143069568722,77.66111038218634,86.74014317524528,80.99949777481557,66.50164740703644,7.1949445253354645,4.5680144787849875,6.193643115175856,6.558332756573255,7.331663124757689,6.706469302913299,6.955759580259598,7.084213735853016,9.83503182404968,9.622068567593857,10.54218307994849,10.888416550181459
58600.0,gromacs_replicate_3,74.422806,6.5246222134192555,6.645334453770632,2.0983734,5.701822593309964,5.744884736005174,3.523758,89.86906595895216,78.10500376067594,78.12611451061616,87.411740028492,82.36670499365744,79.76528926974198,66.62888427878934,71.10154000915128,84.23293461732261,87.06800145569947,87.86565751291681,74.95558663082512,7.02499556051579,4.473416245414653,6.384244643037014,6.27566984304327,7.729705931475457,6.76092489998868,7.243004949172414,7.279771902636449,9.367069950586073,9.487553093061987,10.157966701223803,10.287673764807382
58700.0,gromacs_replicate_3,88.42141,6.648245819077411,6.756661840713939,12.921722,5.112344242931671,5.323006734844262,12.114929,87.41612130574322,80.95617384746663,80.52484404304816,88.94988607537559,81.05170875236928,77.4951505700103,65.21904443315204,69.99478971877805,85.02485253281365,84.90746312370366,88.82245016560914,76.65515703988602,6.97752451696852,4.433243970973585,6.131934627348727,6.309612710523146,7.669881565679537,6.585363209967456,6.128588141302703,6.6576256355805805,9.128819366606084,9.591354036523335,10.588157759182154,10.621532073889405
58800.0,gromacs_replicate_3,70.98422,6.411979365725784,6.49253339915992,6.050194,5.201422112700709,5.181815765746313,1.8640366,88.71887736689824,76.19789717993858,73.16271497639076,80.44566256974666,88.41268568942459,82.96141938032916,58.28255652296227,61.05451865476454,74.46098898622499,85.80138142289016,83.12676433762074,69.30277599868676,7.6328006776921145,4.708317203025805,6.869654855096338,6.624961904801201,7.000640549841528,6.5923770518999145,6.661374411151917,6.9225785616652065,9.351439956601617,9.631813921060129,10.492679434583698,10.852985363458545
58900.0,gromacs_replicate_3,69.35885,5.812716669443563,5.909135127767351,5.485359,5.131821813298156,5.0216225271694634,4.0391235,78.23797745890685,87.7708299485853,86.62856808322879,83.939335580273,72.01353051858486,68.05306843103084,52.05972338105477,57.63007585848502,71.99180561046319,81.57996004135913,74.87462765582787,61.23263946043371,7.062241962586057,4.7291050990293995,6.589312083918362,6.728153433094502,7.616333894507428,6.635886944622127,7.513604248068886,6.926749395156213,8.800318743688354,9.562255830838538,10.528835297443377,10.281153720388428
59000.0,gromacs_replicate_3,83.08773,7.387588891433683,7.4510216945664345,6.8189163,4.902294868115126,5.1469372027165825,27.70948,80.33478681807493,88.27182051225152,88.16497426531106,84.10457161509967,75.04877920640476,72.16841139410415,50.73016721611519,54.017064871619496,70.82733220233365,81.81956163898133,76.88944905753635,62.77516028320289,6.904220130715192,4.036938828086581,6.175222620055186,6.305528244693064,7.701973479003666,6.684653541126442,6.861915276723772,6.56626961712029,9.329689751596678,9.603378921932208,11.439597759267002,10.95222926636823
59100.0,gromacs_replicate_3,74.36027,6.758798927254717,6.793095169730219,14.834694,5.2886259003986575,5.32021557472089,18.575035,88.66930157457784,77.0472127095825,76.21378759631737,83.63945740494009,86.73417333855419,82.9164026573234,48.45864460374415,53.20557009578413,67.37938393385402,76.60703840200523,72.91787607236077,58.608199145306514,7.13787489496237,4.487029519232955,6.443171164656788,6.1933370602310225,7.698535644649582,6.402257030236282,6.200300586559694,6.5523692649538745,9.770762185991622,9.463121765196398,10.598326901698787,11.09247933202824
59200.0,gromacs_replicate_3,66.91368,5.857394259205716,6.013024967813633,12.997734,5.156969870970343,5.120586993341382,2.4788895,84.43464669527287,82.15679732564803,80.12818467740563,88.7140766479626,79.25981061694687,74.25851842241484,56.7360376773076,61.67728619605962,75.21072035248858,84.9940527175615,80.60419162543222,65.98905727260134,7.641811277791223,4.8972985807886715,6.184768933013536,6.285433063630016,7.728806112505993,6.3793855089392375,6.0111050863629,6.577808158742949,9.618825742262995,9.385469038077954,10.808372950301873,10.292415411377318
59300.0,gromacs_replicate_3,72.86178,6.14577797354028,6.093892968886416,13.01355,5.2658593141745,5.221072987793047,7.299019,62.55099680108212,74.81776577463613,74.09329605301326,63.769439919590056,53.128583517806845,50.721485587962036,53.38469118724531,59.880859641284495,74.09096547773899,81.97488608363979,75.7086095697852,62.629760073437396,7.587625985182008,5.0791874053612,6.365763714649902,6.369428205445058,8.00993108097508,7.045981216813802,7.228434285678919,6.714207383089387,9.219852224707028,9.280081033102933,10.188633518160954,10.18158045516339
59400.0,gromacs_replicate_3,84.49605,8.101327984020875,7.838417228029077,15.21714,4.940824751371803,5.135580737823902,11.593689,58.459661020650586,47.926330955365614,45.33413359217727,52.248832253511104,60.75300492413494,64.52359141387923,66.35478840006914,65.25952878021417,79.6369613810005,87.04942819558764,87.30800301856627,79.44568383828341,7.083084556020703,4.646318773893851,6.078002405576136,6.23954923233046,7.21488390102615,6.307348013604856,6.28667346204085,6.324199490527503,9.616417940295218,9.067880815191973,11.13343571545018,10.850488029937939
59500.0,gromacs_replicate_3,70.12006,5.802505122531631,5.905021463676588,12.455284,5.209919046307336,5.124800304415077,0.250412,89.89113471093503,77.07796330067087,76.77246869183155,85.81752810824128,82.55106955190135,79.47695499081907,56.622083365276914,63.87211408575249,77.81039307909481,85.41133236913718,78.09254081925096,63.3161853662469,7.333944572123789,4.641285187266215,6.251960746077415,6.768412997569289,7.716020343698418,6.548008448907622,6.797635698734275,7.406979471345164,9.20577969201084,9.630916654134003,10.342663281516021,10.381848249990545
59600.0,gromacs_replicate_3,82.49725,6.992782487520106,6.56460437385655,10.7359085,5.267271644502576,5.309882139891025,10.879784,52.15282931840449,41.128900745385835,36.38180407518173,41.266401428508516,50.81447429927968,56.594490747609754,54.815187557729224,59.635795253992335,74.1691362706719,84.13939122545284,79.30996211440895,65.10921796600715,7.41010457571252,4.824039946437368,6.814141861959844,6.942637336651396,7.382374546048734,6.2862168246896,6.22798876085807,6.375854843799292,8.888623678946669,9.476763047892437,10.534224979688442,10.854013455574805
59700.0,gromacs_replicate_3,83.73496,6.5351772078021675,6.628574010865199,2.7432404,5.265705051939237,5.424692497546398,16.49916,85.14155398262668,82.8502107404344,83.01849752841949,87.77834415292682,78.19864239926287,75.37893719621246,57.277249270479594,61.75938629600176,77.10795608258215,87.16842752325603,81.90792294542742,68.00810234422963,7.153118481186086,4.439390563393672,6.835571614970274,6.731050375164045,7.492562271024601,6.366811740280493,6.672032308041684,6.694316951756384,9.337564564846062,9.457994767577027,11.010477551033222,10.861972154795625
59800.0,gromacs_replicate_3,75.959755,6.20368044206502,6.34472321574047,17.414192,5.110444702246479,5.119139785074092,12.0271225,84.45943814120035,81.88707300782706,80.1559831178715,87.72168894441786,81.35925733173488,75.84338991729447,50.89911093902723,59.29214828988709,73.48589014962114,81.63657539551649,74.39740200009025,59.425836517235396,7.151501018599965,4.555418020815449,6.288699384933374,6.849284229392532,7.714371584963021,6.962299931763838,7.3073463628024315,7.5018434214678,9.275079123881794,9.760233725060987,10.047857867160118,10.43003897939893
59900.0,gromacs_replicate_3,71.61961,6.353567058204682,6.474486784916572,2.6369781,5.195509112103782,5.245517983112861,0.7865906,84.34495988844537,83.21755652508806,83.19023444116588,87.42929303108113,76.78485115201629,73.98629681952022,62.20529977056525,65.84097604243019,79.58437099479698,89.69137788762806,86.46486870635918,72.7693037814988,7.692130133932681,5.264089387958533,6.865072894936054,6.803314269927455,7.347029065330182,6.447967548815622,6.201739132464067,6.811911978279211,8.778879483847955,9.706114920107321,10.456535920482251,10.49748790433903
60000.0,gromacs_replicate_3,70.99514,6.322755749138161,6.524032646981728,18.377884,4.9275097241541586,5.1597158298973325,16.756622,83.03969425520361,71.29110532886557,73.11626318248341,83.15463152346845,87.34349889255837,86.43216586498141,78.28971397410818,80.91607348849337,83.39838449521865,71.89067347602405,76.91687540079567,88.86493501833964,7.57176341370414,4.995612108476021,7.100158097666553,7.320242622986326,7.29465639602902,6.416113137186482,6.23360217392106,6.482845647904424,8.922835931769132,9.135807468010697,10.532952508292956,11.264576718276015
60100.0,gromacs_replicate_3,80.28594,6.288503256237689,6.417043666105161,10.443489,4.85546896436153,5.002389355790948,16.903198,85.91500462353258,80.90523725676437,80.5661806093966,89.15080425055636,80.16987695638572,75.97183722427599,53.78028848726853,58.463460910785514,74.50398376726802,85.22641198524038,80.8626821476379,65.95455423570235,7.5580096248234145,4.780793171906227,6.499732007988733,6.332705668129136,7.7275154463158895,6.412594148677722,6.344922433300306,6.540511792125306,9.51223572474659,9.027777971594684,10.832157393201882,10.904309498810916
60200.0,gromacs_replicate_3,87.73913,6.423266739184052,6.622479365240508,29.484665,4.7719622053983395,4.937887983423619,16.8423,76.17658322043431,88.13114009576624,87.67577717471308,79.45194282882676,69.85450894437417,66.8837433065875,53.63099425586689,62.762053513116676,79.03214694567744,86.48537323470865,78.89184333270065,61.90114961034589,7.026912785464819,4.683912634671864,6.019171261878747,6.436265396655595,8.21844563555153,6.90533755354,6.791257062948413,7.114079262438509,9.053565330058746,9.4749169582095,10.46051330933985,10.265076981042094
60300.0,gromacs_replicate_3,70.76413,6.496103806192852,6.6181664370440405,4.9817505,5.078384249518777,5.224580980684279,11.395615,82.83381005827522,85.02686450749144,84.4341358837007,86.08940637495697,75.56754867299293,72.16383978711178,72.282332145117,80.96945025352801,84.49676099922435,78.06488043609635,87.59956807786573,78.07156857214102,7.055583926795776,4.491521744344141,6.248131097089433,6.271822275295689,7.81140823218633,6.344178543829932,6.4705670340348025,6.924317000101965,8.799260101905034,9.72407768918952,11.022928743429082,10.476895543940966
60400.0,gromacs_replicate_3,72.63137,6.190672601559535,6.398359190984239,22.220879,5.176953558869552,5.134102410421048,7.4566345,74.52197131241988,87.33035405242398,88.84500937038615,80.90450537431855,69.81262465653424,64.46490026900166,53.46479108168608,56.91413135194199,70.80687798617946,81.82176717475224,78.02552494662898,64.16689145650037,7.109066802868364,4.545347773625138,6.4726318438525805,6.6865838248682765,7.611538047244574,6.899166487842211,7.026421979037996,6.915065450800165,9.210054761815272,9.181667318534878,10.290596776193842,10.411581636251643
60500.0,gromacs_replicate_3,76.25242,5.935785855122882,5.972096231373423,16.271576,4.695443398541951,4.800478663031943,7.753975,65.43338726660504,79.00544563229462,79.01646333509764,69.71049386240512,58.27266610531722,54.250628531881624,66.77854411528008,71.15875234488873,87.00328168030002,81.5077034414766,87.51841827909989,76.50412763806403,7.667954042613819,5.17815001469221,6.812953764937264,6.936423160347988,7.4629582099964376,6.345588130333178,6.193208747377315,6.661839678816928,9.03974779607415,8.813568789078216,10.01581620791342,10.81574795032475
60600.0,gromacs_replicate_3,74.08885,5.899329249572207,5.944702415745635,2.3188095,5.208358053108261,5.313415217500541,2.9679184,77.88920987906857,88.52730381374363,88.98351670366131,80.35106208748365,69.15336645513527,66.66685741858281,68.24283513160974,72.27659587479937,86.1754550439461,83.38910807784013,87.93987671392462,77.84899651732377,7.1044420158760735,4.4933742911094905,6.669174467269683,6.928239625527017,7.3129886110428135,6.7664223568592705,6.9654799208700835,7.036248920070527,8.841470236502625,9.190024082731934,9.71029085512909,10.773666613349022
60700.0,gromacs_replicate_3,75.51432,6.253477841764855,6.296398624598931,3.739357,5.2745911492115205,5.334408650113656,2.435257,81.16259027070085,87.29862688665791,88.69484488565702,81.50044044964861,71.34822282232899,70.16330237518297,61.61173200467754,68.63717594721817,83.94459102917578,88.86803979712454,83.43978581028537,69.47849974306098,7.006910389432722,4.369542937387254,6.458210168084178,6.82852122327868,7.676836454355362,6.311587733495924,6.598119855348439,6.540322224279716,9.691430044396427,9.484376256694603,10.373743775195921,10.377686570857426
60800.0,gromacs_replicate_3,72.46964,6.374170140931219,6.495141330192362,7.9532394,5.15016604781737,5.240171614085021,2.9988174,88.87482915370983,79.70569344412048,80.0680025803396,89.46024561647046,80.11907273224362,78.12603870771434,66.62302138287764,73.78238745524607,87.90618407545944,83.93378774797914,88.76237168061746,73.6245687939981,7.54398361240661,4.625089253135568,6.526028125626884,6.456574275417893,7.282004127478799,6.524319587593128,6.5764388340232545,6.831501197253294,9.251953729348871,9.249638424828229,9.980141602337593,10.962671465784894
60900.0,gromacs_replicate_3,70.45151,5.918533404619201,5.978238646603385,6.7313538,5.202462592265041,5.241748185084686,4.7620087,74.91092758525224,88.34703902931295,88.07964173978068,78.28404585826425,66.85504165413367,63.77207974124125,58.797502594680026,64.33434115347865,79.6685746111137,88.8589735230776,83.13599214312136,68.51267963780546,7.716237243844081,5.003430796051705,6.505575737575733,6.544207679864555,7.752345093447448,6.82000583189469,6.436845406995948,6.608378242957811,9.368552296177358,9.484299109255037,9.90902173758833,10.351657310432335
61000.0,gromacs_replicate_3,78.47121,6.0067296441749525,6.1325620480131855,11.2556305,4.930839442281339,4.9867236980336935,4.0187454,87.26216361570016,78.99903918695406,77.71949208232944,86.043743502726,82.62838998549302,77.65681178222681,63.5002353874714,69.46660753376969,84.00812953555015,85.87356844814346,89.18600793807715,73.62229600724405,7.23654199035207,4.811157714699466,6.400018940751064,6.935704905396497,7.3141250454442215,6.742577573857996,6.76293269630031,7.2657809530895685,9.369329819401239,8.939284880459537,9.85003250167201,10.825306251663209
61100.0,gromacs_replicate_3,62.926685,6.295342501935516,6.41145782723953,3.7699509,5.175521166272974,5.049204557665442,4.2780685,83.87854015391929,83.87541596838152,82.82051525023023,88.09514282972927,76.79198634809879,73.75314768866792,51.70929879295307,55.22235998722329,68.23547543294201,79.77908715945627,76.09135575097045,62.16466382195478,7.61957737316682,5.117090534826857,6.881856370537748,6.868378444124578,7.059443260158166,6.331005568237602,6.3216770508987095,6.303921652055603,9.215248075715008,9.289608183337148,10.61701444706169,10.916243896539028
61200.0,gromacs_replicate_3,78.281425,6.232106979602449,6.393029995134633,17.677544,5.562860523397136,5.5927085144213295,2.5631027,88.18102920426573,76.30831172943944,77.04670109144004,87.10136499268232,83.21021301949558,81.70521614163536,60.92268872579137,66.09286106709385,80.97915011937522,89.41200392883196,82.684464431377,69.39149811567033,7.079857015738909,4.411732350959519,6.460290536539205,6.322776244276375,8.077245767834405,6.592075271137266,7.2352390570341285,6.773172280887274,9.229934521527406,9.88889521221511,10.699345615351453,10.617861696607774
61300.0,gromacs_replicate_3,78.192345,6.469945865815956,6.561051273355689,1.817833,5.051425390222184,5.188859975681392,0.92305756,87.28653940943519,74.01627960984987,71.28647202569258,79.53323348345268,89.73934080541972,85.01799821610028,65.89953670028372,70.5083265760822,85.97555212576557,83.38852873438451,89.09635655951604,76.52606448039765,7.1461193469412,4.7283806113538,6.526930803359735,6.66323171605781,7.843454367082637,6.72307550110257,7.116254383209912,6.507834062855848,9.539496263713914,9.485308875834635,10.516334232904692,10.890175272919086
61400.0,gromacs_replicate_3,82.32508,6.445164852992311,6.556820861970903,1.8527145,5.212958085502657,5.358816117029109,21.159042,87.94841210281565,78.93583905309842,78.28945546905564,87.06292539974224,82.56379697316913,78.72090502235937,51.78978785423681,56.984405133395555,72.72969884417371,81.58360873351704,75.78073948559138,61.787776112217266,7.2217896302082,4.4354335082394245,6.5087688192277104,6.747135405465659,7.651585863856736,6.569591727695665,6.715937435759868,6.763624837059268,9.583826886842038,9.754524512684759,10.386344174088475,10.736708382667544
61500.0,gromacs_replicate_3,71.51227,6.1091392508861055,6.24369374381489,2.6881256,4.855435713008074,4.974974151315749,3.8998184,86.33017035950405,81.60932526347653,82.60953786870753,87.44005094638939,76.56335438809691,74.19092393655346,66.04307221642331,75.68205780454304,88.66142638823553,81.43728866340031,87.60615077938543,72.32529344308699,7.828227947918897,5.183960054016398,7.078426350971847,7.069684599453491,7.324313981982233,6.089459886173326,6.1223867342633,6.65022430216389,8.925083410497804,9.324872655149457,10.478107063261556,10.657784626300076
61600.0,gromacs_replicate_3,72.60511,6.28477472134311,6.373149345754048,7.026924,5.1462797283019,5.2273255898997375,5.7585373,78.83346582374676,89.40291750826967,89.31250783092108,79.79868977836813,69.38461546036869,67.4920502896826,67.71211827400538,70.73885498100836,84.48303081971079,83.76376096597222,87.42522727990762,78.51601819449958,7.2653996190385195,4.556342739052718,6.214211449054342,6.020283380803667,7.6543494744446,6.530243459611674,6.756869908372339,6.861908118090517,9.27476634022428,9.296703834584182,10.681734668053714,10.294467449359564
61700.0,gromacs_replicate_3,72.314735,5.959178370796504,6.105812349373387,8.341202,5.28381368066344,5.23220383372899,0.55805206,87.83937071325582,80.28672280207573,81.40960303908923,88.90974915804064,77.83710371572751,75.39038100123659,58.803918588933456,67.08232517142969,80.91003297150768,86.69017415958034,77.97052799851313,63.98375410561436,7.260520295519246,4.730125132615278,6.337249176688237,6.645082350158,7.151475678465471,6.43961137147276,6.477842720726316,7.206086745407474,9.250171575184478,9.341447295524478,10.36706696606816,10.33008190228491
61800.0,gromacs_replicate_3,78.86684,5.518787370718589,5.6135475357139155,10.002426,5.387979251727928,5.228357689848953,3.883194,89.99418818713274,75.45193210077801,73.1665958012193,82.25241516714117,85.06973252360697,79.70804381936125,51.56006830177545,56.58559745785701,70.72234529647429,78.77643293140396,72.4182343278561,58.758530925665326,7.4364320001516,5.359010286318004,6.5683069456244745,6.992721237053567,7.548151243323911,6.92604396871876,6.83796418999752,7.175950477946653,8.807867066797764,9.631918760271946,9.284885769806586,10.176376405507781
61900.0,gromacs_replicate_3,70.310555,6.263428532534468,6.376426534699088,9.873238,5.291849094415173,5.351227554525345,1.1882553,87.04680848286183,79.59529977675484,76.89047990364794,84.87345576766133,84.02579100705476,78.97944158941067,64.50790849722769,74.42203528996113,88.16654486065042,85.68115613538353,83.87089968129742,68.92932483624469,7.769729913455287,5.320184869279829,6.541329453484899,6.792366115183474,6.826474217597142,6.295999299549293,6.118441234543818,7.347909476709281,9.280787172811033,9.530407696452368,10.25537253608139,10.614985618862395
62000.0,gromacs_replicate_3,77.15738,5.832235255840487,5.976634065196704,8.839928,4.972175603213725,4.912423662430608,4.1268845,84.71503259074439,82.13148476370634,81.5265534189709,89.33832187462659,77.25135949838193,73.80601416353555,53.687827697011166,60.88706722259718,75.68819218708333,84.24599565629606,76.43626323332894,61.216325145485,7.467590996669953,5.105573261680227,6.593443857308668,6.807010805197618,7.5414029958030895,6.620832307479989,6.624680611473004,6.7543578885634235,8.692632950298616,9.80843124339523,9.824614289792226,10.405234070285767
62100.0,gromacs_replicate_3,77.43624,6.6968444111979295,6.779422249721303,13.929459,4.895677202424417,5.232940617323953,27.671585,71.05483237352927,83.66763302042166,84.04005409924589,75.24010054178329,64.96095047846683,61.86456374152851,89.68359085606002,80.60644540806354,64.43247570983223,59.73199784456298,71.85533164693773,85.35218017448383,7.14699770618668,4.8144775878676045,6.677126245369851,6.8403979855575265,7.510599466386213,6.1978839475087515,6.591327567040592,6.720937729247879,8.704093205590043,10.287655792512869,10.649192243211985,10.95130863520117
62200.0,gromacs_replicate_3,82.73794,6.375555910896382,6.447366786998556,12.44619,4.937594114049947,5.11331568799144,2.534996,89.91968779646899,76.8969494889952,75.71389861311211,83.85814699114259,85.79330166943537,81.21156029125672,68.47110672438382,75.95589987953613,88.30505903246859,79.77884530406025,87.38159564184512,76.71950014263919,7.294184947490025,4.610920243351307,6.527348408230814,6.6667762410482805,7.527965274425778,6.600268964705487,7.067532107802674,7.2478159442691465,9.301118528135198,9.818008530387626,10.271796040086587,10.468204245881465
62300.0,gromacs_replicate_3,75.468445,6.410698065963393,6.483846423034192,3.0127716,5.0847169032382835,5.201212292596074,8.681862,87.16666118440054,74.1259465195159,72.67669957993378,80.93071199496002,88.33720679628796,84.1930488495599,70.21023374294853,76.99886740524492,87.70444441672302,79.25341194603146,88.11897209939458,77.6142205099761,7.482190916960712,4.647535677701472,6.238744776269982,6.632952960187316,7.593971691712387,6.641502417947119,6.670597390764657,7.1994995153484656,9.157794270629621,9.92540999652408,10.205065077311748,10.189418398116405
62400.0,gromacs_replicate_3,84.0707,6.228671195422055,6.341224254021035,7.872383,5.153270283201105,5.229396335904045,1.0642166,80.70908249092412,86.57177920680472,85.85800981768749,85.18352383721701,74.03640162361239,70.20912792045051,63.093543302369945,67.76684690987236,82.19713020986939,87.60656035575808,87.45351381578594,72.83260286959444,7.00224053631362,4.530731260033382,6.453413253093129,6.581503606072174,7.578013638660761,6.986700596381667,7.204913811951207,7.410208312192657,9.121142912177985,9.739741145043133,9.73738236057931,10.22639767657897
62500.0,gromacs_replicate_3,70.27183,6.268833741803195,6.388843725987327,0.46873474,5.151395757167799,5.060701011349668,9.897926,85.32637834871848,81.71389049537734,80.697927921586,89.82157196020557,79.52901726611256,75.84462586986412,48.890674508488765,52.095797573555224,65.7858691190524,76.94873702246142,73.33862613402943,59.81876420733808,7.259673900031018,4.44935016087683,6.2092986185229,6.405307401117796,7.817925358479078,6.681542401922507,7.0703380177531985,7.173202595732949,9.563304799796594,9.451626532749902,10.66411402185576,11.26679251805855
62600.0,gromacs_replicate_3,89.31915,7.973781230486946,7.229929011854123,15.92215,4.925046096621944,5.100533725460238,16.364304,33.58915787483368,23.942649201137755,20.274441914734943,26.152512878155925,34.59266025272244,38.44847134531005,57.08546027049347,60.39832789013397,76.36897681909565,87.64866366740452,83.75367698393896,69.97181363874563,6.928569223139492,4.277060037631029,5.927028498215886,6.115314831044449,7.945343763445356,6.960620050960782,6.510390287655751,6.922772264362721,9.013889714990798,10.019704041646401,10.635992936758726,10.595549736635984
62700.0,gromacs_replicate_3,82.41354,7.514252864879709,7.129925998616928,27.065788,4.754725607449777,4.923266487886563,3.9151611,39.51687716358861,27.997165567378893,28.08198230719559,35.55114604577841,44.05089786780034,47.74862707183107,67.78955019457288,75.31944844626483,88.32082677980083,80.32674793383188,87.56392204942492,75.46559786572146,7.27298080966109,4.8548658032060095,6.891056029855119,6.728729066573765,7.480480639219428,6.55477259470318,6.812369973602685,6.652207526922547,8.919339609233708,9.613522757911124,10.445343482568493,10.97732706614254
62800.0,gromacs_replicate_3,85.64746,6.167424521677572,6.244876700711069,18.424217,5.075572257600189,5.225886601982146,4.4559555,68.39965099531008,80.38920983364888,79.90847769509762,70.77191616770686,60.05635719979941,56.93937962906821,70.58351403259086,79.42964512261229,85.8406142887957,78.72979665172018,88.72316289668002,76.42129756323067,7.192873030893909,4.661533221646583,6.427137731048522,6.799417763711882,7.097156081122186,6.441037574080839,6.386452716516909,7.429460785354143,9.476052654687297,9.029672403933725,10.267908234815454,10.727206207185862
62900.0,gromacs_replicate_3,82.40239,7.42425878501686,7.302793301846524,13.772675,5.01772706487264,5.213980562065148,8.522514,67.48743476730364,55.771698795094444,53.05361661516575,59.89711397083822,69.27830644265674,73.71113581628289,80.01498930943595,87.78533168697123,75.92986428379038,69.0541500817892,78.26776079380625,86.83902131554407,6.987282742462328,4.524552259709952,6.158219293069209,6.318387194002517,7.783861455858354,6.6139322221446095,6.723679844778422,6.680353182634688,9.27355486775893,10.220810327351765,10.318471181549114,10.652079140687123
63000.0,gromacs_replicate_3,82.96944,5.926721583208211,6.15876494834178,28.355026,5.195118662374489,5.214338631013622,7.24382,74.82623657101375,88.62464445586573,87.69227217513051,85.74643070338252,74.87081187989618,67.51051190609613,56.409250531122225,61.995530866767986,75.68889825354307,85.75970246595676,81.071271922562,65.97529464138526,6.5812197280205,4.144739052413361,6.129367204922995,6.6290510747465525,7.876135032016931,7.016132156013566,7.338664447833604,7.215901919670397,9.428617917293103,9.879459375493909,10.297252976305026,10.774133792072716
63100.0,gromacs_replicate_3,88.01518,7.446181553294293,6.715899643931579,17.79647,5.501382119942226,5.694184626960012,9.217079,27.935310700482166,18.955277363613884,14.460379552001742,19.21979426736528,28.331255317429108,32.873061966545755,70.3040519692578,76.4233965270404,89.09487419137886,81.00632464372626,87.3300056466537,78.95384918142125,7.184067838989104,4.321127044776061,6.226968797620967,6.174319335949643,8.247208895621553,6.721925156239948,6.917363939655755,6.44909206850582,9.516480240752761,10.063861368082506,10.390177713173417,10.953752365682684
63200.0,gromacs_replicate_3,88.30158,7.942472473195437,7.522905169748858,23.540161,5.086804911434898,5.125290669648169,14.086082,45.29363157236562,34.127453560022055,30.75698004006382,36.80465788685415,45.60964708047262,50.24077436567632,51.71582187276202,56.975208889589524,72.72156152497053,82.72960156069038,76.47588984424306,62.42027573519232,7.12801365483618,4.495836058399892,6.404731057552181,6.501988403488597,7.324769942447665,6.536974241254268,6.400779984649953,6.8950042999691865,9.52763223567034,9.549829630272301,10.71320506918346,10.852155589015176
63300.0,gromacs_replicate_3,81.47712,7.692071488057753,7.201072143588625,32.80065,4.730305909799768,4.741016982763834,15.713181,28.008842590434817,17.056838839235578,15.795280789415507,23.490542919892672,31.823519098531175,35.2001702578097,46.84301857729932,53.023293664197475,68.38578834678518,78.80695421253608,73.01241503642811,57.63004811395485,7.802533246426047,5.097488735578197,6.6706537053169,6.638311527105227,7.520384518762699,6.19739306856392,6.19701452583459,6.408846692937904,8.96942850285227,9.115131330680278,10.625672009281248,11.268463869940371
63400.0,gromacs_replicate_3,88.65225,7.741877798464676,7.296089641598365,7.888214,5.183062225555531,5.373938330053288,11.211258,54.95376772458895,43.87499098121579,41.38405769505623,47.727456722879595,56.33776925800962,60.637007849496705,68.43088614713348,71.43438941629964,85.96554738653259,83.55233827945092,85.46403674158665,80.60575785508055,7.22992117393826,4.476501943340075,6.446520915720797,6.368412111989349,7.661122009001264,6.287978317951729,6.569734761900762,6.669245888736218,9.745083968332336,9.369659573480687,10.321377490154353,11.349045878565022
63500.0,gromacs_replicate_3,88.30007,7.909496263711279,7.15637379644242,16.268951,5.248699860918549,5.472684613728185,28.407753,30.490777795533127,20.476487784135404,17.12320266941584,22.800774025874503,31.7060877408734,35.49493397337737,50.128655043078545,49.88999515974626,64.52072040980819,76.70415623587704,75.49938164441174,63.44806546949285,6.631454189732538,4.397017283287058,6.1015142936798465,6.446256729315425,7.591128796313395,6.763089029105719,7.3248477451394844,7.173632808443436,9.530645124810228,9.57952982876185,10.487892714558466,10.897262285188674
63600.0,gromacs_replicate_3,73.93021,7.220540265947096,6.834753046044555,20.867584,5.1377081329414205,4.89461032573623,15.845451,48.34935574273214,36.67415017396634,33.89403519059784,40.305352350016044,49.75301373729689,54.35716017160708,38.26826160916768,42.07427861336712,55.68107444823809,65.33057483703608,61.08217056907896,47.59400206951103,7.495171486598909,4.948457442897358,6.306104958091734,6.86829854167311,7.549057693854926,6.672425583517841,6.846110206579702,6.755687761615398,8.312781115792049,9.352228994992501,10.002841686698087,10.432119153144981
63700.0,gromacs_replicate_3,84.45606,5.962835050093815,6.101952680548958,11.318375,4.9645204800012,5.108986507743687,2.9924927,80.12055914698907,87.74001340036695,88.60700538657407,81.0307395677319,70.14007987885982,68.28647986753691,68.73267432342217,73.99113517455851,88.93267037102636,80.32924238566859,86.05412448808147,78.23791164058524,7.099590914956599,4.238201182193799,6.517356601797141,6.986327371027275,7.479695102933953,6.46514332997192,6.551382754265784,6.631460732112896,9.471516799347668,9.228711597748378,10.395712643175507,10.692890085705592
63800.0,gromacs_replicate_3,69.278145,5.959739600248747,6.192192284224279,20.705566,5.612112051162377,5.488760934303171,6.35585,79.90874450608709,67.85602095863797,70.21687767131117,81.48934624466423,89.05418153641466,88.29470692607416,51.72963488836816,54.56190720039628,67.50804084624333,77.59628249236967,74.19403013786706,61.761512337787906,6.940997804515542,4.34947436198028,6.412299107684097,6.559512640351888,7.737807481724829,6.4509849488257585,6.745326888091344,7.039750507717042,9.55820657335724,9.203197604063922,10.051338205150053,10.692589803785157
63900.0,gromacs_replicate_3,73.56566,7.202660266808759,6.566330023976321,26.778229,5.274025275047683,5.342286719824894,0.23641205,32.81251725968313,23.90258033950937,16.436295784711913,18.532629954554007,27.695438184115662,34.199711886803094,64.31319780101586,69.1077025631463,83.29106226193244,86.88289707868438,88.32738560984458,73.69288740892061,7.3681349969095535,4.336642746962056,6.421881596388505,6.201897036407235,7.804037071275921,6.538545829654782,6.984006789029723,6.821812594009291,9.426062430539439,9.249566005963418,10.310507557737601,11.265070391233778
64000.0,gromacs_replicate_3,82.12735,8.06962654543487,7.737269823627291,32.24643,4.861986908341012,5.017620117969533,13.4808655,39.256364565754374,28.589346354638227,26.51020096880295,33.47788938742833,41.5452928346393,45.7225960217926,59.317973966621125,60.28408632437655,75.81652179828772,88.07724522874041,85.59070929029866,72.41116492573555,7.088177172284715,4.217531857993993,6.113569108350468,6.3358690250834,8.11857923414295,6.713568559690792,6.553637554426472,6.747873082372736,8.905452033617903,9.856138781261002,9.990825597924742,11.215936112048833
64100.0,gromacs_replicate_3,88.62905,7.513168922771266,7.3506643686397,12.468117,4.864336219120746,5.011642164562117,16.572533,66.80179505731338,55.491794068376166,53.31676638186686,60.374388144738084,69.74851477190911,73.42326629817552,54.759221559128676,55.89546112307357,71.15857614982714,84.18403047055943,82.97297704957914,68.40482696749831,7.276725978119292,4.5382724338423905,6.202111415714489,6.229531603293287,7.5994416715738,6.752211042124587,6.95113662749027,6.397241962964782,9.230290440581642,9.507836864225695,10.247144817875382,10.950545348791474
64200.0,gromacs_replicate_3,81.10864,7.647354078178208,7.157366724443142,26.270412,4.871720214257109,5.053211839347791,10.203026,40.593061863024616,29.85536380821776,24.26845833380906,29.659559351460217,38.56069042844323,43.94577458356604,74.10950101622934,80.17823255589457,82.91291225784897,74.10916602871677,81.91965501988467,83.07625216150062,7.169886218133393,4.70195617661399,6.502332926810614,6.411779117969716,7.895193210147061,6.8192888537366905,6.76552045006359,6.758830743037963,9.056997501991617,9.70804620751548,10.172646712053927,11.107544161997986
64300.0,gromacs_replicate_3,77.130714,7.622266562756748,7.450001866331065,20.028358,4.845047937176062,5.020038394569401,0.38269043,59.12623064254646,47.498122838694286,43.82197572885607,50.1833612556784,59.766604631245265,64.62372109734282,68.82508806883818,70.93975007406131,85.69385508735316,81.15375994652301,84.02290521198805,81.72735239022961,7.44561656353385,4.535716027012502,6.839210505432759,6.7522297488278,7.33898431336382,6.044408233726325,6.159967872456073,6.362756073475915,9.795720489881434,9.134643016305773,10.162401192210934,11.437505329593503
64400.0,gromacs_replicate_3,88.65526,7.782019799900514,7.037857798837106,19.994637,4.791344579497645,5.029830830695127,15.967384,25.920792425706935,15.468222562300275,13.20909770314181,19.910728877313648,28.659800476112526,32.265711720559665,61.4846464289843,69.17302625549033,86.51175463283367,85.25854704016895,87.43069478955971,71.5848649809376,7.21625355829206,4.619894215408516,6.664500511068635,6.306826256743265,7.569732012921167,6.531142944913862,6.739080308740441,6.579945310108082,9.105903584739169,9.472399244998622,10.56415571129504,10.91976054547319
64500.0,gromacs_replicate_3,89.81232,7.8735884657734605,7.370166155305674,21.800362,5.301444774895456,5.464305877975055,20.03418,35.95719374433002,24.905634039132103,23.397364469417614,31.132044223825883,39.675957801699,43.062659590246675,54.345620683069086,60.132520761800166,75.10361211223848,83.52368891953917,78.2623254390898,63.91917996552559,7.066274170137185,4.602350686566195,6.739814452310553,6.753609593628277,7.574225791170004,6.515354978908571,6.346811039139369,6.811334386750655,9.238358516717707,9.519954808209176,10.428168758535904,10.759889499752592
64600.0,gromacs_replicate_3,80.61183,7.327768971206828,6.892781289081277,34.43472,4.904671350241476,4.997035326066136,12.754379,33.34918983931867,21.484880492458725,17.223689650627783,24.04419436934156,33.39212777094752,38.32064788577511,57.0405951623889,54.02861311092293,67.27934003719963,81.93060243793362,82.63009635943664,70.93613738695788,7.187146599601833,4.722521664427265,6.494282515717623,6.431418956336893,7.788638445533353,6.725654521549394,7.161824736209839,7.01272707346602,9.07011315986241,9.379104355720242,9.820353841003278,10.355297909516644
64700.0,gromacs_replicate_3,80.11246,7.356032534491211,6.601779103591822,21.607887,4.958663775613085,5.123067734415676,3.6306686,25.916133263845936,17.798359888450246,12.455252199206782,16.004014081396463,25.1780526832356,29.75863292799536,66.10235641377366,77.44501914981942,87.77275966607895,82.56798943173098,85.83357489498731,70.00576200428064,6.91873243077153,4.663856223402556,6.513970418847938,6.805534811377283,7.695331982743479,6.798838237584904,7.069254663298167,7.046515557060645,8.979011241814364,9.262675413999684,10.091091958143238,10.785708838582552
64800.0,gromacs_replicate_3,75.27732,7.516471624418483,6.804112502799951,26.738552,5.108059949454051,5.184269070284033,3.9406204,26.49867979479667,19.07314846766217,12.16115536499965,13.717039881679465,22.027924781473374,28.15223272218413,61.59400857358231,66.45184795474309,81.58484509958666,88.53711193373934,85.38343768728487,71.03913310557208,6.9888274166575695,4.3094396916081665,6.469885314237839,6.259200679787793,7.4581507523577235,6.468287077812497,6.861644557820392,6.887868696319866,9.165511820469586,9.350899524435068,10.80297643974186,11.227894903325682
64900.0,gromacs_replicate_3,73.255226,7.687099063013497,7.191514037776009,22.63678,5.029084468918729,5.03040302694483,3.6133347,41.62970433384386,31.036010143653254,26.773461970218776,32.852915440035034,41.93007986644406,46.143889775597344,56.355727256418064,64.16416992164444,79.45752746216247,88.07201601377818,80.14646140596187,64.88933608269345,7.292596285876968,4.681532285835598,6.748225047555891,6.620852095908274,7.480613907053249,6.385373804853097,6.4266563258412965,6.63074199250928,8.965403580226557,9.322153624453218,10.260739516844486,10.760330468561888
65000.0,gromacs_replicate_3,86.18581,7.135614690086453,6.6982292461971085,12.40181,4.9198592980667515,5.07577837408572,0.83021545,50.29684453007964,38.846323516187205,36.62637105266059,43.786589878216574,53.01172933211467,56.79453172252044,68.09712483161793,78.60091542794225,86.21529204440532,80.88294166425831,88.83938095020328,73.51716476614386,7.40639682491332,4.928348031612596,5.9392444133981845,6.292768086284735,7.675156790486298,6.866940652988871,6.93929718865875,6.954012756026854,8.76232328777725,9.627933020783352,9.854738451217518,10.59459446900331
65100.0,gromacs_replicate_3,78.022766,7.671979538329885,7.006400368121545,14.540848,4.925846719410142,5.0970332062618935,11.409737,38.42560631357088,28.992047897146055,23.851449253159565,27.418082169297662,36.26127340778215,41.82535882199391,60.16248580811242,63.90007960824385,79.62090967307638,88.9151932534424,86.95969740139013,72.52956627944911,7.217580675240309,4.3983712050040475,6.13642475912745,5.9246577388004225,7.808629318694803,6.754614439913714,7.010557629204021,6.8861312219139394,9.229046684895316,10.051973175241352,10.413772244798736,10.75045964187398
65200.0,gromacs_replicate_3,74.781425,6.314031587985936,6.427764411777645,2.4396286,4.921961161700685,5.014470859982724,0.7145004,85.80542714603227,81.72535841753042,81.67258386984393,88.85068347596224,78.61111862474877,75.42861966182022,63.605851777112186,66.89546749909468,82.1174331753358,86.24593071676391,89.05440655160749,73.81772932650003,7.015947043756344,4.699505791048304,6.128835584484776,6.346591906729411,7.5370508286165565,6.135432845854782,6.223587109590284,6.641612170119078,9.194700812290527,9.690345945783266,10.057942758863156,10.824617268983848
65300.0,gromacs_replicate_3,75.91948,6.450431074020575,6.60672630820336,14.994934,4.772837527103559,5.006121250941327,17.654938,80.74775566436121,87.33763182508301,85.17728888617232,86.96957561431937,76.12436323329361,71.61275186288061,80.15701906470728,84.64794970430968,80.59735162614167,69.13582733644691,73.78309207214531,89.97475807722698,7.711287006516814,4.62145690268713,6.44146794407119,6.545605925881336,7.5029380014697695,6.502340531613243,6.097674595107935,6.5594277003096035,9.52352185302238,9.052469124944263,10.343122573062061,11.208370240084228
65400.0,gromacs_replicate_3,75.85865,7.4657083912217965,7.149458555229024,31.065704,4.781425926349302,4.95874488894989,8.351311,41.19659988591479,29.622411558554383,26.428497668804933,33.32352704720404,42.20234030649077,47.071478451722314,71.2183308079608,76.8712944787755,87.04436555396435,76.14601764411579,83.68919591432858,80.79839462470787,7.0602008498187745,4.507917596385032,6.47316834043168,6.566554672651071,7.815547506370699,6.469423731850673,6.093305162903619,6.550003322728569,9.130006744270288,9.553896818931028,10.049800324216962,10.796202726421333
65500.0,gromacs_replicate_3,79.11334,5.733362132246466,5.917656605228777,21.755783,5.265285843583473,5.326111726626715,12.295708,71.66089271796814,84.71626014502961,84.18377974350682,74.58696461325948,62.86610869546319,59.17342438107851,69.84598240451234,72.76136651731927,85.97213719078518,83.36793961496365,86.97127255262708,79.23605093106845,7.003888515795146,4.486174096308852,6.243479134103898,6.272599615052695,7.604077604858703,7.068870130709272,7.380498522648413,7.152186854647989,9.251726108548908,8.82738182772479,9.473795987168065,10.47747116273595
65600.0,gromacs_replicate_3,72.089386,6.0704306365084815,6.104126117500519,2.8093033,5.129301224220443,5.172775372891445,2.2861404,77.41119532501084,89.4549480238382,88.82019529516498,78.03183776880022,67.49944792050836,65.70533789230218,60.563008446269464,62.69637649904444,76.78534941634778,88.74902369196501,86.12940792155256,72.30043753446789,7.20390532150591,4.409071801153995,6.558795630999602,6.363729250947624,7.5721504637176915,6.5746571828383775,6.431409789259601,6.758498299844424,9.700615054068633,9.016298931680904,10.434538254769485,10.733384103236682
65700.0,gromacs_replicate_3,75.08683,6.335730685535449,6.446512805144399,0.31056976,5.080294511434336,5.2414086001024165,2.313774,88.47445089455951,75.68519532538824,75.79319564990898,84.93854693583683,84.71666293353677,81.58156056367494,71.39961762121104,77.03134346808721,86.9976088256724,77.64239003188858,84.50057044175671,81.22660053084537,7.177852591629406,4.645951264398016,6.019524901461891,5.6997547307402305,8.341261197061508,6.720123664397898,6.583106718660257,6.740876763565705,9.098461881346719,9.402568527893264,10.214725881627166,10.433261484189153
65800.0,gromacs_replicate_3,89.32445,7.48195240129854,6.763246302005316,19.070572,4.944708119288142,5.053979114308145,14.506729,32.24074447450428,24.11006884850713,17.969067292240474,21.320975146368852,29.896834520320514,35.4481242896195,54.08250221090578,59.34138171617406,74.42568120406166,84.25475223994607,80.26561345824909,65.76378460708938,7.074418298172621,4.422253856154417,6.054609208889819,6.4936501169818435,7.681949230812369,6.8333134391686015,6.694759609626791,6.882466534754058,9.345646690093103,9.161297004261586,10.266479695056642,11.250952797348287
65900.0,gromacs_replicate_3,71.59217,6.063851940171815,6.189841966701648,0.8621597,5.329563259996735,5.258573482052714,8.311958,89.93593415703496,78.43726485404413,80.22532570226609,89.15053575481474,78.81866715425295,78.01488913685607,51.76007797444258,57.38682758101673,71.03628283370173,80.45969581271473,74.7458654629209,60.33052801154312,7.191783798425757,4.345811078758896,6.510125435778858,6.752263206053404,7.986691505835823,6.9146887111139375,7.481387031278639,7.055076142939413,9.617629597215474,9.07516215046158,10.277687750868715,10.865890199061079
66000.0,gromacs_replicate_3,76.50031,5.672484629171694,5.809952705247962,11.181198,5.0729439767250195,5.054035853943502,2.8059158,89.55962907119293,77.8390268716019,79.31325653590791,89.9242863404691,78.57264572700527,77.21225882368671,60.51740041475479,68.53914686760238,82.37319676211752,89.2044209983577,82.64978192457174,66.77045748166692,7.387750036232494,4.876248289950594,6.752978835894026,7.045596634729137,7.172758599040222,6.265065743294682,6.4508717319559254,7.118345978816821,9.52594677835579,8.49916722586949,9.974960414029804,10.838542209962704
66100.0,gromacs_replicate_3,71.31409,6.602793842909103,6.028888156107875,25.01178,5.190447629567561,5.107894628319088,5.3807755,40.57508961611529,32.52700925824212,22.794449836563917,22.152826107252874,31.517902452391414,39.9925707326935,59.56981599535051,66.35276765642593,79.9025370359655,88.5847705718494,81.19826860738388,67.03897013304126,7.021521952132687,4.434016869948236,6.213607805945793,6.824116463972756,7.834957734454558,6.732237636102312,6.979283139814086,7.272853514523142,9.005581447037542,9.49614780256531,9.502876638611214,10.511702195502636
66200.0,gromacs_replicate_3,80.43284,5.912763776191902,6.05073088995025,19.53431,5.1693554353460796,5.079793128157824,14.9263,86.21344515332075,80.83093802532008,79.8928239771657,88.24900896714026,80.74575243866015,76.47634694107973,45.65557284058485,49.475034998308395,64.02436377956867,74.03798819419431,70.2414942267233,55.45619285495529,6.9850464733982145,4.496056600951639,6.592413908777104,6.401812380563833,7.45782951054424,6.800840534553978,6.525182587491005,7.2104287402766225,9.71187081632517,8.315598293094228,9.816503669195049,10.67084380747786
66300.0,gromacs_replicate_3,74.74311,6.570994391807799,6.688298462933834,5.21978,5.406650409285562,5.535235209023288,0.63235474,89.63183013252085,76.98254427112067,75.31791568472153,83.97305651921702,85.684853709943,81.73316974831506,69.65528499276674,78.5725712168516,86.3085519201283,81.85924383702822,88.17594420883901,74.35826598907344,7.319695452434508,4.770532185445806,6.58723511305904,6.4175048836535975,7.574176538719377,6.223190418402433,6.185607615254667,6.658807070274533,9.114228000120313,9.536705589713153,10.417208783944773,10.526755397358372
66400.0,gromacs_replicate_3,71.75759,6.620903412641454,6.352098156165162,21.467804,5.154365958290726,5.256704877897549,13.258713,51.13342733417756,38.63798426020835,33.55665813795469,40.135119094879194,50.22857815721635,56.27491348961763,72.1732371210169,76.51273714019436,89.26631029246742,79.05248756104842,85.63486952654418,79.98787978650495,7.751144328687542,4.871761767945387,6.307509570603416,6.5014332712996525,7.871094603416958,6.298469237943638,6.509568295163332,6.593342594519221,8.802081172581637,9.532040042474902,9.856076509178221,10.05448772431014
66500.0,gromacs_replicate_3,77.25935,6.533319753343296,6.629479368703066,4.9348297,5.338303963524937,5.479001169479635,4.1106644,86.82403958593639,81.9952679348353,82.8888674249619,87.61894880236602,77.32806165350405,76.175395130963,70.2700442583394,75.46431055176141,89.71054219840894,80.66890073689122,86.31328433343266,79.67361008810737,7.397042046358422,4.776711066070341,6.387746876145543,6.3996893415496,7.582799522391609,6.395683913054159,6.556469473543671,6.69636221262664,9.722338659050333,9.130670767183592,10.598664131149482,11.075689447292005
66600.0,gromacs_replicate_3,76.72525,5.8571868920258705,6.035112778253673,17.669235,5.007744890678248,5.084795698337942,7.0716095,78.71388379624923,87.7191339420617,87.20059785881443,83.3085103063871,72.00395907498492,67.77876278745296,67.96038035670314,74.39271042294419,88.47557801443394,82.70674713551362,89.25041550306189,74.8102987768052,7.119882811550381,4.656900641879396,5.999522072693151,6.446888852417508,7.659352414766115,6.622586023421796,6.493137531861641,6.723278947623054,9.117235361570259,9.083801241156538,10.097646579684335,10.750368839707658
66700.0,gromacs_replicate_3,80.687004,7.980984944068925,7.593715139500161,17.211739,5.291111274751971,5.352649623402727,21.52501,48.10917734327952,37.17200227090033,34.80982902921894,40.903265282362646,49.80071618399329,54.17479567030576,46.94238255011836,52.68154858755455,67.04345612859069,75.91923653274088,70.64751398447841,56.89655518087477,6.801391075693542,4.155836859119721,6.2924472403341545,6.373735617607281,7.5047493364967774,6.563908992319312,6.856078981194687,6.92177797506837,9.620870394808048,9.464124784150547,10.508270175123968,10.56337286972921
66800.0,gromacs_replicate_3,83.97609,5.903887244330981,6.045846927651163,13.016151,5.268493742190152,5.243793052342251,10.921425,80.33713049340942,85.35881947065168,82.84459111828525,88.56592160053167,77.2946797676898,71.58670888226915,52.06652702974316,55.151089555875124,68.67022990964226,79.62115610331529,76.78313775244686,63.150931644728736,7.289107611297336,4.675104544342288,6.528958199638703,6.999174084760821,7.4892914284311685,7.014468848778579,7.36290961487979,7.406437204786394,9.569560905685869,8.559157802462336,9.854051656176432,11.092934528456807
66900.0,gromacs_replicate_3,79.73303,6.161402919688183,6.224352791560405,2.8974762,5.666687494831201,5.686567764991231,3.6889343,78.76647284684024,89.53197106460973,88.78844517633107,78.4431752417912,68.28698754175463,67.12117438812997,61.042740950698125,63.823691198675256,76.78832340906096,86.80203492592867,83.8605176108975,70.9742609306923,6.576576366924521,4.024763158460269,6.082709334933525,6.313227526307184,7.968281964810158,6.602382736851914,7.537060958235959,6.77157101905469,9.889122199224836,9.98657301679878,10.05253219841576,10.544030743253881
67000.0,gromacs_replicate_3,87.72571,5.699319843591147,5.87084939049729,22.441727,5.020477828748467,5.0195687044442225,4.0812454,70.4225523818577,84.08622543314024,84.88291351485431,74.80930256040956,63.19206486591809,59.04116453681087,61.91391673131161,68.27781556365058,82.14476926157175,88.40296867183842,85.09750993592381,69.22879263759606,7.327790774036829,5.283077165007432,6.9049671462261335,7.256390265248512,7.839421699676347,6.930058995704476,7.288005362217443,6.830246043512991,8.916529969498988,9.67739702112996,9.383819936967496,10.275887526170127
67100.0,gromacs_replicate_3,73.25352,6.045628596376021,6.181307980480152,1.7615585,5.065558136338004,5.102081367081667,6.6437607,89.49759642655306,76.59008050555641,76.09049266455234,86.05154120383284,83.07866058072541,79.75110416989837,65.62464874198176,69.0919540230646,83.49182190801837,85.44817284502211,89.36545313424925,75.1634310807732,7.533183819786125,4.747206343188124,6.598315109298617,6.684778699361658,7.264082393210889,6.582314437179887,5.978634506484103,6.751091794747036,9.304866666886472,8.747588580151989,9.710047752032482,10.909147617015062
67200.0,gromacs_replicate_3,81.09509,6.086526151008286,6.2001194353755755,3.8569946,5.116138531060478,5.104100391953045,3.0313187,85.6360262350304,72.25601890428459,70.83573438209686,80.06031446971069,89.0671261242623,85.1954147164405,57.80009344046276,62.30965380423242,76.7975678745822,87.20481199743953,82.26708180756907,67.78145884920964,7.211346357080823,4.791101792828369,6.8867629396005094,7.016859434640733,7.442726342972349,6.652553794996648,6.542614833927563,7.044258611221857,9.387352604480032,8.729273770695851,10.389852877965703,11.029280720333823
67300.0,gromacs_replicate_3,71.50734,7.4810490893360155,6.959696618624532,23.568039,5.23879113152201,5.290219530677286,5.4456406,36.806551655294015,26.516605311527105,22.900750501705456,29.084935706683847,38.25396610947498,41.951230258714354,66.57481422674978,71.0353291706742,84.46031365453764,85.54340685619874,89.5808155984893,74.97423753505119,7.3075398994707585,4.636622751909853,6.149488996132113,6.416909949170142,7.498723883797599,6.636975551981586,6.7527584609045705,6.696565327812595,9.447933812486058,9.194320170812485,10.0462989148017,11.06051906392753
67400.0,gromacs_replicate_3,67.592064,6.031831134005843,6.065907191578882,12.144974,5.0369173879732765,5.022650686306839,0.62387085,70.04336801702438,83.46311922965641,84.65193176884358,75.52752491042203,64.1949573066481,60.399966842362744,58.881859833814815,62.77161387231991,76.87500701857505,87.58679530890322,82.82462818550911,68.91524958581834,7.395407650776866,4.714192787223811,6.593695730281885,6.890906149131741,7.9281976094298585,6.444054910634315,6.74165557333205,6.690775555540774,9.419176136503012,9.183055050485612,9.97889244869637,11.106204789121096
67500.0,gromacs_replicate_3,71.91895,6.250933882250285,6.30356646150979,6.9469604,4.858660213636443,5.196063237813653,28.116665,81.0342760195023,67.31831400331477,64.69418491324939,72.5089285812582,83.78585223373554,89.10087902202213,86.98390163433437,85.07081832369785,69.6848982471426,61.06291140546666,71.12539840946545,86.62379550765947,7.2764642984273875,4.7060352183609435,6.113967441173939,6.57175937921935,7.867574699543582,6.678572564527264,6.877869122026953,6.811726559544562,9.171369450198585,9.454252479627424,9.80980571121,10.283085827503577
67600.0,gromacs_replicate_3,75.71288,6.1956534596826085,6.334532566528032,9.58326,5.318217057120672,5.392314065858761,0.49191284,82.23718467470488,85.61553692938057,85.74357027553846,84.63799798592908,74.18210627287516,71.04739873463139,65.22088278052921,70.82785776808063,85.24664389216505,85.87073588210222,88.14216826874922,73.04308835304927,7.2090007587841045,4.353430752982533,6.723150399586773,6.914591483009893,7.2625450161851255,6.43158441280269,6.062372607566381,6.827588136544425,9.64433465827554,8.999024812674696,10.146033857637883,10.975496064372836
67700.0,gromacs_replicate_3,77.437164,5.656685992261251,5.814830132118146,17.05346,5.624507196762888,5.530995822735145,2.1170578,73.30729081120516,87.62051197157182,87.94591449980585,78.64547641672637,66.40436725387485,62.675674538014476,56.64499171443187,60.355931505544156,73.47183404719772,82.57579566314402,79.43907915432557,66.09214329350696,7.11312133464202,4.414900011152479,6.2270374122071885,6.853352893921103,8.066525644304006,6.7145429417732005,7.480223899147231,7.372414001742987,9.92796351227764,9.114626864153578,9.121679450433708,10.320233238520204
67800.0,gromacs_replicate_3,83.16045,6.455914736176691,6.565517822062315,2.8860474,5.106370617514068,5.2270137071136435,11.020294,88.1634484725263,79.37953501452355,78.43705436455008,87.67108127567901,81.66029064919383,78.48800730287572,58.77459413601036,62.9071159113909,77.49416538568137,88.00619686674682,84.54386691007771,70.13688542305991,7.146947577097707,4.755494282368444,6.718027152976897,6.861328223446532,6.796687328353776,6.0658860881897105,5.974134539302084,7.2569145537866735,9.842313794221258,8.464604443482733,10.20172645159667,11.300607598029744
67900.0,gromacs_replicate_3,72.64507,6.119781703194818,6.259673194552663,10.927887,4.787819327159585,4.895730391675819,5.859665,83.25392944024232,82.81401079842617,80.28614721618109,89.08769957063319,79.72742667018312,74.41722517749407,59.63360528055945,65.72643539633941,81.38091782425077,88.42724544759906,85.17121321075372,70.15515586839872,7.3384631519543095,4.819411646651403,6.37383456189607,6.401481666834812,7.400404015324102,6.2348723525980905,6.124644612371101,6.683502765874288,9.178612630549875,9.414621968610465,10.382753999998545,10.51230370711662
68000.0,gromacs_replicate_3,77.47279,5.589332901656,5.762492793500252,13.417374,5.082126262783937,5.052075006126539,9.9747925,83.77170068245913,81.73867971097874,79.91651739406751,88.69021047763863,79.41734713733314,73.46412545435322,63.976337331076415,69.11076049078271,82.6989726949716,87.81151366888574,87.22001619477228,72.02796923813,7.323448406966916,4.956876134260996,7.14776439850666,7.368369919070183,7.351536918698771,6.828169022350433,7.307752843408229,7.311263205596405,8.908672118014584,9.059265737801239,9.600618836332728,10.192960125892043
68100.0,gromacs_replicate_3,89.13779,7.253804243745065,6.8001302970903605,17.139221,5.509174950869112,5.647165143489002,8.924301,47.52491955158706,36.59165839071872,30.660451106372523,34.018562714493314,43.25386651227709,50.169674109680756,64.12268353487038,66.29864728320874,80.64252612112332,89.01027178208074,87.50758604689166,74.85051660880715,6.799780498331554,4.092246765550997,6.197127235680217,6.275724708519819,7.9330896484228575,7.061213378039114,7.744112544867834,6.907067106363897,9.484708302784425,10.450505982364275,10.340775120288194,10.392509355974681
68200.0,gromacs_replicate_3,69.66753,6.294459291429775,6.424045015022169,10.215599,5.22624407174488,5.241129473354801,8.627975,79.33704612398121,88.28892214808326,85.76015780254116,86.37362054731392,75.55519053405338,70.55280426850777,66.04213008686553,73.23493821346617,87.9450355564265,85.33090198251678,85.24264920437828,71.30178098142119,7.542667584922004,4.914735237511145,6.4616503928300215,6.419056626215567,7.665081234344307,6.464715299182745,6.577186036803507,6.655413386133479,9.019839261935095,9.992127523008069,10.319986073468577,10.452066566352066
68300.0,gromacs_replicate_3,68.05426,6.624170757275491,6.733838495417379,2.6313248,5.23291322442129,5.410386475533081,14.92717,82.40785825632764,85.25678077927031,81.15757061184044,88.03314143276988,81.15487868965718,76.06761918375997,75.75870423438617,81.05773331774502,83.52338460784162,75.06116698063221,82.74567372836584,83.93032316352848,7.56699402228208,4.901750078231775,7.1301385982334855,6.755572000027768,7.475502951144731,6.043707684181485,6.202336450653935,6.745860024720182,9.635063275681528,9.569872517292831,10.48130937841659,10.956635035695536
68400.0,gromacs_replicate_3,66.82255,6.258240691160597,6.319712374509726,4.6915054,5.206630061780226,5.299616831348664,7.5192795,88.08995502829585,74.25867267330979,70.27645086075164,77.11097663082592,88.2392547076874,85.74975535241255,68.62031142989402,73.2345838860976,87.39680904843978,82.26904622199955,87.67006307340559,78.01196963205751,7.9180914430981595,5.045697527615861,6.636330060161159,6.667223907720325,7.325092189299218,6.000464486801042,5.843037684371226,6.527726829298298,9.462535245161044,9.365470460834276,9.992761585487008,10.791806963472347
68500.0,gromacs_replicate_3,78.97569,5.827126833674366,5.974650645101132,10.148338,5.119077266999069,5.1504215567264735,1.7186203,81.71912180866335,84.66375944992194,82.46684660796045,88.20787172940803,76.32596368862848,72.06497893609516,62.35976857229027,68.96316361775209,82.74947147325383,87.44119962739069,85.37636158269265,70.5289487034954,7.537392155196141,4.878394760095691,6.626406570757573,6.859650803121942,7.50661549777634,6.295172635418641,6.506603320227279,6.797581738812349,9.109452144992208,9.574123395580207,9.781239498441026,10.254800965217225
68600.0,gromacs_replicate_3,72.956856,6.231488901257084,6.34918533721118,17.417206,5.109415967618553,5.216963908773452,5.3116684,84.40443616865497,81.94102403794545,77.75532088069427,84.88194049861633,84.70094466433052,78.25211970803011,70.76110707203404,75.04196889795172,88.53220236582219,80.44339828869172,83.49323898982863,80.56051549451414,7.331670728887171,4.6791714923088294,6.547402344885041,6.808134904443996,7.259180347170097,6.285852012046106,5.9031767295747954,6.66325813766626,9.747504478713333,9.236407735415657,10.486908693957668,10.70294428444702
68700.0,gromacs_replicate_3,87.94686,7.892037405391764,7.39582912018842,4.923805,5.043817258496891,5.270486196301628,20.858261,49.7270964283484,38.99845218774478,36.27227176008963,42.2594383095076,50.70484538272901,54.73747687875585,59.09283560564574,60.521344809678396,74.7471019613355,86.72189346440943,86.6308792846515,73.16841915450335,6.874731304062315,4.357361427553544,6.295254533376622,6.456191534982879,7.726989876888004,6.509488863262499,6.3050876068338075,6.712910022340104,9.513020665934146,9.531975719967532,10.847075657450297,10.507004070592734
68800.0,gromacs_replicate_3,74.22444,6.167157913467289,6.368395050993703,25.839676,5.246489366508637,5.279972391386374,12.063683,76.95881910951056,89.73510838668244,86.90773730552931,85.73051939003084,75.38566466070053,69.41989201582223,53.63627094317624,59.4160214207469,73.43800021095755,83.22344887171458,78.31673358214483,62.92290276316924,7.624996538206179,4.5486962407115366,7.121612968392266,6.921332500876111,6.999491538722619,6.216303984515975,6.106144337566781,7.418153767767855,10.032099053905085,9.597184580600478,10.265583325020716,11.182909628034661
68900.0,gromacs_replicate_3,75.46342,5.834700074598541,5.810532957400198,1.7673874,5.342980601060249,5.456815742489159,12.870651,74.52709489659328,87.60725597034896,86.31836292400645,76.12730919295592,64.88803235022729,62.78926132158692,72.44040894608182,76.21007910950371,89.7491053676975,79.72142387040823,85.25155618474419,80.97521891650452,7.268579366401027,4.593331740752744,6.722314237377554,7.016823202263254,7.2878661358233545,6.323237275026861,6.36912177769839,6.806023388373901,9.317302419994364,8.817357909097447,10.142976645475049,10.690639602935372
69000.0,gromacs_replicate_3,69.27385,6.051452192236583,6.208189456173744,12.439468,5.1996961327297955,5.219078165839579,11.306625,83.49685339543178,83.66501316388515,82.05077292266532,89.54590085299415,78.60326948150365,73.77318907519764,68.07379348874582,70.82437756522009,83.20180415439272,84.58212587701783,87.46552806252821,79.10589120270437,7.41174540916104,4.867726533008171,6.710564324401482,6.873120775899882,7.310672312308533,6.278365439233042,6.258863303502887,6.8366041001346725,9.693198874644212,9.148124212560154,10.038953993974177,10.893586097752182
69100.0,gromacs_replicate_3,72.79285,6.330697005637056,6.448659181050776,4.546318,4.9326076525854745,4.941315337382958,4.0665665,88.64302112962528,78.19245724981317,75.60005976620229,83.8720065127094,84.68717130536365,79.75258229595951,57.15609434095512,58.95778708503648,72.63616069573754,85.71745262859073,83.60538816018293,69.44960091413749,7.3008200343346585,5.046803462136889,6.578617870701078,7.1033307178515654,7.241063477463124,6.211482305620056,6.329163937806068,6.570584252401389,9.281659756811885,8.970403740093648,10.488606764205734,10.93437746863828
69200.0,gromacs_replicate_3,77.12925,6.548258918610719,6.5672596978163655,19.1036,5.238954632697621,5.42190945135548,6.6659546,66.16127542962826,77.49520598440915,76.1493207602858,67.1099514484359,57.1410298059912,55.22785079156737,76.2164522322333,82.95085140478612,82.83301151001939,74.02861158356035,81.06548911247899,84.2928995779529,7.156598726223693,4.558546671517789,6.155981056612608,6.825229325361351,7.641560282006466,6.5057538494306035,6.721552626513452,7.1761482040705715,9.736444120939797,9.439174898242536,10.36880109925585,11.035586507573209
69300.0,gromacs_replicate_3,79.802376,6.291056080049552,6.485160093368617,21.174706,5.044404096646216,5.1855353607287284,10.17852,78.71620309203102,88.94112407389196,89.58137847186123,81.1754993861132,70.91449285076033,67.425158821968,60.319456725171655,65.91962254948128,80.48876645904015,89.21029442453795,86.20295609899658,70.6338737355832,7.650954008921487,4.96305173341589,6.339295779789258,6.5225660786193265,7.541145616523689,6.656125780110363,7.293196975527852,7.328160686481615,9.473834637026476,9.885985967450537,10.384913508447102,11.183130647386802
69400.0,gromacs_replicate_3,81.24591,6.472903436608084,6.5791061566210285,0.2619629,5.02090304321006,5.169264377145015,1.7977371,85.61478434617814,82.25548193740687,83.00267337773684,87.35494291402938,77.16240725802376,74.69903019604175,68.49520269117708,76.44532931427162,88.00783523824474,80.47164658781446,89.02998877582785,75.85472830757641,7.442876069347114,4.699810159077764,6.111544444082485,6.492387873815076,7.607104700916686,6.695579526254141,6.784817441279926,6.818792029107341,9.20585959743614,9.131410014326448,10.79121607660948,10.788316749730622
69500.0,gromacs_replicate_3,81.3283,6.5306193085439945,6.645176420680517,0.9743118,5.184553062512318,5.244499834154942,3.6706848,89.02653921688513,77.74841392864371,76.62085524484704,85.23927236651026,84.57944182722102,80.6783061716741,62.06501670517502,65.27427290248316,79.83831574913637,89.6735466701202,86.07939318646788,72.30039870115068,7.362635510173533,4.47648311798116,6.373818874434758,6.479056486116538,7.3413563756207845,6.359470397491634,6.352887003368288,6.8995592365077565,9.488390624184916,9.165057850047834,10.585860159926542,10.688384859360578
69600.0,gromacs_replicate_3,62.421806,6.442212046656928,6.572557553342109,10.95018,5.112992859721654,5.294321861355266,19.974907,78.67121711558443,89.77878760364196,89.06014879810299,82.05150458152146,71.56493918741671,68.63886274389559,77.42267500774354,81.47029802967121,84.54747619258941,74.29903853518015,80.32131897400704,85.15207327403765,7.439400219873625,4.630871777216637,6.097394575421035,6.363012720471877,7.50607352062868,6.556348772358019,6.397103889616591,6.695015205537354,9.249392989409548,9.356012406663442,10.318987762759788,10.926753442285385
69700.0,gromacs_replicate_3,59.24094,6.028971561350444,6.17622384233375,8.965752,4.998990031834487,5.109266221214276,18.32743,81.14402982691477,84.92500717961293,81.7651860132418,89.49158575831096,78.6578869427804,72.65074425894952,72.8767820170939,75.9841203454838,89.61397688946973,78.60448840596804,83.75859401275093,82.30522497214443,7.410158544806817,4.836855573831627,6.2773267963768085,6.514113075059829,7.538228480748956,6.361586509097208,6.415992868740334,6.837045038745708,9.272923911975099,8.930279622927053,10.160587165235816,10.731429199578871
69800.0,gromacs_replicate_3,71.74651,6.496482286076994,6.641684413657114,19.625,5.16993608984198,5.113157577999115,3.1485672,84.52817723237598,84.1775402215895,81.49934028157014,88.99646630114746,80.53869862277536,76.38597688120628,59.16872783264264,64.97220334120597,78.01660078529238,87.51826175806406,82.42589885003908,68.28666845628717,7.36648612685993,4.539903132166072,6.216632159520449,6.287281221352957,7.861815590409564,6.643831319697809,7.0057892757805575,6.923437718564596,9.63423850291087,9.841072090033988,10.176516273390334,10.7945327021358
69900.0,gromacs_replicate_3,86.402054,6.849985639270626,6.673257032096952,30.74804,5.108599465172006,5.039956272572012,4.740402,84.42737662308133,74.63834803109881,72.4948544310809,78.03718942092127,86.08152939497398,89.98568298216472,55.11233584675697,60.110968555833225,73.40152523342431,84.32746519003346,80.2174185419322,63.55805309797476,6.836004503440856,4.343757423909529,6.0674232452925,6.3042858597638,7.718715758078428,6.675727697763268,7.23848467796649,7.049084013307309,9.346947511901778,9.28901701058669,10.09186923419355,10.293093831146374
70000.0,gromacs_replicate_3,70.95438,6.804738482781924,6.379997881009843,23.418571,5.046334570643779,4.80981452191065,14.553856,45.866396476732575,34.50610113497056,26.039342441849758,30.45193376186536,40.514312871587755,48.11321236339088,40.67213726246536,40.03779078859637,51.77940737910385,64.50279517996503,64.49819591633612,53.17869832782621,7.239804335100906,4.809810725594698,6.240373439151588,6.912773305012005,7.659825159684395,7.225416668235405,7.767848959520836,7.861526450049997,8.9102564676752,8.967708229974305,9.523546543942887,10.390878629774924
70100.0,gromacs_replicate_3,72.06137,7.536720435014891,7.023845050979257,28.599777,4.933441808586364,4.899319450210916,9.800346,37.12875013961201,27.52916792791827,20.29584645056684,24.214222790827996,33.39488580489992,39.2127830404628,52.39197533486724,52.10669620573797,64.18001270630234,77.95480929594864,78.80947298835356,65.74226615095917,7.159895158774887,4.675580905920651,6.845810713344657,6.914075751964551,7.566109566179496,6.775059793329214,6.740641382493801,7.063630950419281,9.384886572251142,9.390924992821333,10.496060782237143,10.74451376830295
70200.0,gromacs_replicate_3,75.955536,7.833365989929847,7.3414602144249645,20.704712,5.018033155685078,5.125495518700557,2.2097473,41.56308373531136,31.788286541810187,27.056450127770947,32.58105366033872,41.71303007803423,46.092929047105315,65.89822183529829,72.70737343022087,86.91764002804268,83.99959570935972,89.86454412535072,73.80891258779707,7.086613604823954,4.5059800618690025,6.164069486383562,6.444625888005834,7.459248826294424,6.534165805502675,6.643353379963294,7.077293197963919,9.211945338850352,9.768040613788965,10.734204301689973,10.488907906294404
70300.0,gromacs_replicate_3,81.63601,7.802542523771301,7.241635034817683,22.419037,4.794848457211777,4.966168036289645,14.708191,37.1347042297855,26.028878203885743,21.488332370254064,26.943127353837745,36.03127307619075,41.102586137123176,59.30466254602377,60.0005180346622,75.21164196487388,87.84260462841041,85.91021558762057,72.30082007765661,7.132781516075232,4.565818452750684,6.535404701996757,6.987040177007913,7.870243105578944,6.747431023437399,6.599792405122844,6.7423234057666654,9.314674186817527,9.51361705259371,10.680121552072029,10.83834469894207
70400.0,gromacs_replicate_3,69.95399,8.088863935651384,7.585633816254418,15.137657,5.100085290884568,5.18311949011131,4.9119034,46.92121897191101,38.08066373241712,32.19617269591525,36.123349701507124,44.33022388968548,50.158052817832626,64.9969210161555,61.12589122081501,71.35420930064704,86.32290975024955,89.83223725822342,79.17985413224838,7.197448403346581,4.262188214524723,6.191416379790836,6.53236146604908,7.387626780645625,6.621617245609903,6.875285544334173,6.9202745589028964,9.700631298106298,9.385923312333803,10.813822128684736,11.13250984599918
70500.0,gromacs_replicate_3,66.37773,6.947081504600528,6.774718042216455,13.653374,5.711719843588605,5.5626276228270894,0.1727066,82.90150210051476,71.49872411931682,66.80708749518219,71.329969667771,80.72690501973679,87.01716590462233,56.980101621702836,60.13718931365652,72.08057790297119,81.790704719383,79.36116260536899,65.86788134312167,7.3167267816652295,4.593571199743055,6.42735151992993,6.722746652838107,7.415700137171245,6.437166466887915,6.248217224373181,6.8131535379209245,10.145278155668057,9.376435134356123,10.218767330158148,10.824564459563073
70600.0,gromacs_replicate_3,86.546364,7.961263669378999,7.241131090890642,17.747192,4.762498797880131,4.94324117464,22.933632,32.64336457037546,22.93626240845346,18.137987346393142,23.241353598984897,32.26942302098007,37.06928130106238,51.42193467205357,54.86470824934146,69.84106260152905,81.37742068002564,79.78295913408276,65.3382090009854,7.178337757980346,4.543821650409968,6.72537017036416,6.782347962756373,7.121691643422318,6.268694095622538,5.975508977108007,6.773282367535803,9.747332491696167,9.103595368758642,10.789343165586532,11.879170316041465
70700.0,gromacs_replicate_3,77.89203,7.620121052485661,6.810345839932906,22.095695,5.349833062708728,5.342525834395734,15.956268,27.93639967120895,19.96327666905214,14.259630762145292,16.80996997880407,25.34625862567083,30.142507548456248,49.93669534289863,51.6037963726471,64.8105569312658,76.57576681338246,75.76509884126456,62.75615037822129,6.953184944921497,4.581703732428808,6.09546096394734,6.53846242315844,7.1932141675197165,6.812271206355601,7.1732696274267695,7.2400386027785135,9.655081640152183,9.620170601655934,10.721591639754347,11.351882502370687
70800.0,gromacs_replicate_3,65.00474,7.289849357556759,6.740168842558067,27.670563,5.058152580357563,4.738824791219316,5.3641586,33.46080340602624,23.4378390385874,17.55793370664084,23.16026857250391,32.392545586776244,36.96217422405712,45.286331724931244,45.78472413365191,57.837170818497064,69.90733292195902,69.37142191106129,55.83850957184007,7.446009535515597,4.795124057142936,5.832374328631256,6.468025604338421,7.601244559311567,6.822901965054069,7.043623884451695,7.39479840427681,9.27892458312883,9.260694630851118,9.891914363514681,10.940383517952492
70900.0,gromacs_replicate_3,68.90808,6.496399723114078,5.875861407782001,34.024124,5.014592228114573,4.820610501729817,8.279137,24.731167617323262,17.375231132687013,8.597174476735026,8.158715680155373,19.024478837018645,25.46615571971752,46.21032999649035,46.55552893624572,59.2986758422497,71.83890598716313,70.11981515620647,57.58404721397963,7.301694462019041,4.649742228367543,6.426678733519138,6.783133020374809,7.098065774992994,6.821351612210809,6.803890347996763,7.410175998936631,9.0245127578085,8.602298596867525,9.432769514203523,10.90679043092644
71000.0,gromacs_replicate_3,89.163055,7.0841802892037204,6.341006422369538,5.5386276,5.052430723438515,5.140477559915034,17.42212,45.79643011346008,38.03121247549999,30.733651120363213,31.242315016458985,38.72353484814617,45.372199519656746,50.38112672871296,56.60107058849501,71.16377950164912,80.89643230142883,75.47310292920916,60.16214568454555,6.7661234657401,4.344710299731949,6.317309239227069,6.554880425278947,7.318782942379207,6.821041916980399,7.525071704326019,7.451333906769836,9.358754329698833,9.649626659952554,9.44017271431336,10.745802998512344
71100.0,gromacs_replicate_3,81.66113,7.216329371035187,6.811742513196218,25.079056,5.037748742188309,5.005810575068284,6.8188705,42.5497290281937,31.328882212738332,25.68505003763238,31.24719369064012,40.69601490354566,46.169567536848824,54.48662394617964,56.67863100023718,70.97187122461237,82.6188306636243,78.96333431560471,65.07194022273744,6.7008592348631,4.26047701464807,6.239748281022098,6.670399299447314,7.410935280989551,6.614446687884844,6.995262035852241,6.967675773183372,9.417248222039484,9.120483355660884,10.06210038261905,10.81647115878557
71200.0,gromacs_replicate_3,83.292175,7.774759534099646,7.208069033681384,20.083336,4.646339522914538,4.765300699407568,14.616913,33.51469147845481,23.176427656745002,21.928215959465938,28.551901661294004,37.53435494604963,40.586454333270574,52.99719074498923,57.948912471399076,73.5034209031053,84.76512081218276,81.581951009449,65.72399970460758,7.079769093155903,4.716092988246781,6.303465390587984,6.409146343218598,7.419393224832688,6.763473907283573,6.61035901087102,7.246816563679088,8.920927168602217,9.755006172958991,10.7402527866457,11.014143730089867
71300.0,gromacs_replicate_3,87.74761,8.280853296880364,7.621810053162486,5.5643005,5.077222017472222,5.247546541442565,20.6652,43.62786393320759,34.88723402961311,31.618251556761916,35.37470531031679,42.670518379187676,47.57819348747073,55.55823261548372,56.5788792180001,70.49143438256819,83.11709148292351,82.87007612806815,69.1475438408253,7.046947200230093,4.447779754072309,6.287587513996408,5.757245468238149,7.589058839182546,6.679815015143239,7.240800630140251,6.736461575518872,9.811636510791915,9.840008456035786,10.593742434917822,11.483493825940974
71400.0,gromacs_replicate_3,77.00351,8.2885841277231,7.704262803986881,9.304695,4.928966939767543,5.011034074145733,22.28962,43.927899908908216,35.0883575507711,31.936187386891127,35.73949093953711,43.643234746558065,48.34259662563393,47.690038119942855,50.458158571203505,65.34240880415223,77.65384343314246,75.33765365175529,61.19321047070335,7.351607190212259,4.679662780448503,6.398566799538462,6.558203948555684,7.352480691102434,6.476311355751863,6.491658258007302,7.061659589175038,9.53819468424028,9.821302612700475,10.906925403937779,11.567239323151506
71500.0,gromacs_replicate_3,78.075294,7.267611570213144,6.895756072595265,9.743347,4.803090802300034,4.930910140767738,27.182419,54.72512577537906,43.51684445667901,39.11794208102628,45.043257367036176,54.71552591209391,59.78124646665543,44.064549221799346,43.706818761711624,58.090502917832204,71.69711228066056,72.0377712143672,59.4208250869104,7.694397771302123,5.055944899828805,6.338262520864242,6.492837873186101,7.345380165641052,6.474546365620832,6.696368974824008,7.469373887195936,9.453074984059931,9.091443517333294,9.920899390645904,10.916811416583144
71600.0,gromacs_replicate_3,80.42036,8.086038261999917,7.604795861560435,25.68541,4.653630702315857,4.815449504761593,17.122192,36.942484130988746,26.047920573449556,24.02057367527621,30.519348602534656,38.82724160093767,42.737977255274146,55.92873738863477,54.87298680749091,69.89992923630997,84.43351229421258,84.10908573438508,70.00287884248513,7.127748649853999,4.810300485469329,6.458057422069361,6.583573153307565,7.492374640021647,6.323361498435354,6.457070572307539,7.295456224174556,9.216270483213176,8.998448964491928,10.676831334360223,10.996680366285398
71700.0,gromacs_replicate_3,79.57255,7.982911221739056,7.426396345763129,10.688805,4.790045922692698,4.976051225037058,20.689766,44.035069986159286,33.99034216943442,31.30696863421338,38.13296903176922,46.4347772455193,50.33172800203687,53.27786194865116,60.13272224534198,76.18379323041692,84.85739433505057,78.62683038626301,62.98134014105812,7.138625106199573,4.621612912751786,6.338957145663404,6.524306402850651,7.614387940909601,6.609973832651742,6.750967793658398,7.2232060884517715,9.34731595063583,9.64042641396569,10.375892705928548,10.96834116568682
71800.0,gromacs_replicate_3,84.79202,8.233709557874583,7.752567661691213,9.878983,4.84193293358519,5.059854500214263,18.027657,50.948503692931354,40.58273684759684,38.21110065717774,44.29617867166769,52.69413551868887,56.72090962785105,58.34392953637099,67.76517095115031,84.43094569426763,89.14389195581236,82.0911347456598,66.5072907932721,7.615540362413111,4.629111608102635,6.797231603691913,6.550363525915879,7.606850307392981,6.517772893174322,6.710153249739626,6.538599899553691,9.099726336996497,9.947643496299078,10.707573872874864,11.184876430589632
71900.0,gromacs_replicate_3,72.711075,7.183913923093677,6.609886944299541,24.692871,5.084378753460573,5.146550149490939,0.18108368,32.43624861489696,22.46073842394758,16.80793831216773,22.01108894451846,31.901088266214,36.60256046390055,62.39177100975574,69.04510665076054,84.07037038641833,87.57579860287112,84.8140461922855,69.85187140632858,7.228873640397584,4.549245585210314,6.0008119863360445,6.20352748758447,8.151574071981306,7.219356806564587,7.180830143544062,7.383439590094644,9.16138246564977,9.238236943379684,10.62025563729715,11.024907515947143
72000.0,gromacs_replicate_3,78.577286,6.718265877932252,6.011889323152904,16.122139,5.2878837961463345,5.067108089323943,3.2662048,39.289943725719844,31.81878521310064,23.8861371264088,23.60295106160523,32.29106008670526,38.97401625904985,50.954557365239076,52.33513917210642,64.23054891480439,75.96057366739151,74.4210929937993,61.010454269609305,6.90372019720765,4.593010848922873,6.041436238624774,6.568585840704624,7.611032070378017,6.894521536292814,7.548257386608179,7.12324864852637,9.348671166157894,9.121392536299311,9.556418144282254,10.93469833832372
72100.0,gromacs_replicate_3,85.31407,7.664634008086498,6.809735815920479,24.951561,4.7534194130229555,4.90902339119344,10.263641,15.848631873851796,20.045848023546814,17.1391069915,8.488337223371614,5.526934568781269,11.306577791672876,58.63567134927387,64.62908197465245,80.37105221692012,89.09834965235581,85.77538218938666,69.69095336773219,6.865149878307609,4.361559736602685,6.098815198107418,6.602493550836962,7.975025129535938,6.630888835263119,6.967017432307531,6.850389349827537,9.446110639714615,9.45664297550622,10.696715225886198,11.346003688999822
72200.0,gromacs_replicate_3,72.212814,6.879275860988342,6.034568730768869,24.203629,5.451925752373216,5.290610935598118,8.742279,27.014518809721306,23.78949859415513,16.674869343617896,10.809842323260096,16.512400329346125,24.36213544982761,47.758473966854034,55.95293761558261,68.71606151998922,75.94036257850868,68.57441297488838,53.72696547015217,7.664630453229159,4.923457606029189,6.7974919233775655,6.977075023835385,8.383954488061693,7.13848196701698,8.637601034075086,7.240866193277907,9.257193840746606,8.282234210957695,10.102580868800255,11.285994672083005
72300.0,gromacs_replicate_3,78.766304,7.3465202652754815,6.49682719201285,23.903755,4.831965613321373,4.871465826532836,19.718994,19.571807906840327,21.296910239784737,16.799444263620664,8.624304745898137,8.992220023138644,15.159533341733756,46.02050023489723,49.609876806643044,64.51119385076923,75.60697243387568,72.45772487694823,58.09266977528502,7.14804248311714,4.825646173985296,6.19149016084756,6.227561984407063,8.106370786720777,7.153593066037027,7.451195732581465,6.85246408147281,8.939473251378287,9.420341447334271,10.204378638636216,11.170546630375009
72400.0,gromacs_replicate_3,82.4352,7.452702656782052,6.626268292985967,17.586647,4.9879520959688275,5.072107990030268,18.555672,20.75362085055176,14.066377573654767,9.076343367579845,14.230577180550256,23.303044903836398,25.56473519462022,49.11702431563549,58.13005540827142,72.54108108219913,80.04370055726523,72.87205759813557,55.85993390381224,7.394755742082468,4.559405133532084,6.041434395327997,6.5420657673031615,8.14667996197051,7.102830081102615,7.729989951880845,6.949720308636857,8.975400144197026,8.971659456067547,10.449776371215442,11.110884021208697
72500.0,gromacs_replicate_3,76.60864,6.643589202086573,5.981499039112249,18.296066,5.621609144779113,5.457619348570115,6.2379074,37.82205420631809,29.229626354643564,21.917946533391948,23.405950961286656,32.900321556270825,39.18728201634495,50.103414606380504,58.56154143679463,71.14285872877521,76.80798482359408,68.1846567292648,54.92819761961621,6.822401317836067,4.408224849909977,5.944764180587834,6.857291478419618,8.307176968490097,7.62111817597154,8.41744119761805,7.449110994123531,9.108117921614852,9.333786845950238,9.698701887451884,10.36135487992873
72600.0,gromacs_replicate_3,70.9566,5.8850553845897675,6.048269806242789,16.94178,5.063026812965613,4.782889317855528,19.588837,84.76707984644035,82.36441060568332,82.24401064825396,88.81888033312025,78.22332776202111,74.00318414081435,33.25971109679142,37.508820767614516,51.16891536676429,61.507243452876416,57.783531598589015,43.963608109820214,7.39778069610366,4.873531454274147,6.393939578419901,6.925356370222165,7.557813816284946,6.827826496870941,7.420966294359829,7.225674884699919,9.277157405537038,9.127389587176966,10.037170291974595,11.003519227300005
72700.0,gromacs_replicate_3,81.92892,6.330233615496393,6.4487701661375665,31.671753,5.409677176868216,5.560381426611046,1.3740845,86.73999857850754,82.51740245637119,80.77386423944873,87.28773768230532,82.82590829490843,77.99471191101537,71.86419783703349,81.33156502150023,85.39677190789516,78.95606920927945,87.48006635289609,76.8256799902732,6.732915954349621,4.465952155592564,5.678914476588702,5.946287568336003,8.178380655300518,7.128433334430418,8.718448864348035,6.8402912442205395,9.536930720936402,9.692287628493984,10.032178723580293,10.911530583614233
72800.0,gromacs_replicate_3,82.02041,7.207636813802211,7.0608418412249305,24.123741,5.132629512314526,5.119227225869996,23.794899,57.66951902211163,66.44737119861907,63.509621529160306,54.5493991288307,45.90587296849467,45.88565924674417,44.61854855040018,42.11620352157511,54.541748435252956,68.20894537597786,70.45384167036028,58.43449581343129,7.119147986825622,4.5513806705297934,5.792963672872633,5.899471926461346,7.533286601090542,6.975255568038773,7.755939903587216,7.1950653967043,9.43128539310887,10.081997956625791,10.641503733153893,11.5020750024845
72900.0,gromacs_replicate_3,78.287186,6.1039024260232235,6.254855857884303,26.745419,5.320197243067238,5.51487113587059,19.430107,66.32833709297508,77.83168849560012,77.59290223484699,67.97137369087196,57.02079649720051,54.268139431981176,80.60267299460777,89.0578334808401,78.24608616857132,71.50346725904262,80.90489338694073,84.6992925163769,6.991671478407464,4.359126767415242,6.228783471906104,6.271053199494474,7.889220050574229,7.253077374652334,8.582968502878558,7.502787452951552,9.102521887847876,9.712811293906759,10.031584076342988,10.687172439213846
73000.0,gromacs_replicate_3,81.593285,6.34922100814031,6.4287491456921515,1.9845352,4.873155756779296,5.098250702552966,14.03965,81.53618590227957,85.02635241713209,85.7416435699811,84.77760117601034,74.12761330143967,71.13037497959678,84.47898675904759,89.56762801151903,74.90591498961251,64.72634130281634,70.57792804003408,86.5070576552694,7.187403473837886,4.751350937263056,6.446241694963712,7.162717440969462,7.61066026312239,7.254675013504049,8.335885816515704,7.6059173836075455,9.511524557358385,9.468119030443903,9.973596692648556,11.156454047794842
73100.0,gromacs_replicate_3,80.61483,6.8093866906801646,7.066957459842011,39.16716,5.356046357139126,5.445316473435958,18.2043,72.38290814690028,83.74062713402573,86.38941458291795,80.72421348510754,71.8691740346292,66.08598545804199,83.4348204945423,73.76442414955868,60.76515556921386,55.149401161171326,65.61500150143158,80.506148078451,6.831347072548642,4.1842557919751195,6.150585939950856,6.772913161841747,7.614704297249548,6.938398038196905,8.23267812392779,7.687004320330316,9.384139466583282,9.201199067133055,10.490322466328163,11.102567240685518
73200.0,gromacs_replicate_3,74.17548,5.861483059104808,6.001399433941907,9.879959,4.80423143962809,5.03435263671075,19.842949,81.02905848868589,86.5971469164426,87.666742394504,81.72503346983903,70.57088776966275,68.7488538503456,82.59089549981393,87.03151182385942,72.76005287242995,67.11929692493688,80.11407329466309,84.08259860838649,7.332730420129646,5.096529348835439,6.491715579048612,7.595296757147918,7.537152706331288,7.093885193441028,7.902926272437303,7.781861187055656,8.634730072019838,8.988563974763151,9.571412047948781,10.679569457043023
73300.0,gromacs_replicate_3,76.23303,7.795206339053592,7.236839836964473,28.017265,4.822849129404664,4.894568993465999,27.384716,27.25786760880688,17.459370370140018,14.47992062381694,20.688467074090063,29.54869130432713,32.888118888436956,71.55020920908638,59.89788340791514,45.65747848662616,42.54570355414919,56.61041247247579,70.8656693867455,6.820296917433221,4.193688846421248,5.867388716297811,6.438679918599975,7.378883442811123,7.0831308282963175,7.5881512123039645,7.760651834659044,9.214140186789809,9.85107699832264,10.334966410988253,10.958745624540565
73400.0,gromacs_replicate_3,81.909775,7.565867952204185,6.71468617040685,20.824013,6.4204738238598855,6.512247978195784,2.1108932,27.642736229072664,23.30623068724774,16.310276659474084,13.921728336458479,19.859358899775668,25.754346051637036,83.14353226925105,87.35393740884761,76.64927139879929,73.65782263432305,83.25990059521634,84.32483145921482,7.094806574449798,4.410877528461286,6.131414395585076,6.523509213607874,7.35955574041408,6.9830021749982,7.812318659764887,7.068657835929708,9.983578309051502,8.971754555543884,10.225058225036594,11.020749010887691
73500.0,gromacs_replicate_3,75.08207,6.967495674882183,6.306578259101192,19.910614,6.534287193489239,6.480252859999776,7.93071,37.313547865601954,30.042766021796414,22.201350136325384,21.519373867995004,29.079835597944992,36.438321601907184,56.62191479124252,65.19716881319289,75.79665199587495,79.29880125732087,70.15174413100473,57.794830697418874,6.9956695302202245,4.420660794557166,6.048354799169991,6.900424094018859,8.22645132211205,7.373928136404176,8.73660626290549,7.457376995134252,9.863960785432015,8.84182480100178,9.50089528554026,10.766048171363204
73600.0,gromacs_replicate_3,76.55438,6.931398430569927,6.228901253969274,11.778351,6.743216418208898,6.763287879994646,0.20085907,44.38071731773806,37.98212797003974,29.580344466386137,27.65087598509247,33.65928553541663,41.66831754957407,68.18942340171346,75.75561649121444,86.42133861465376,89.18254944912601,83.05739561797822,70.65423093562049,6.714902967471261,4.076982335240586,6.386517710459491,6.63368918712052,7.7491636679862905,7.184470541632862,8.954514363798406,8.620981254645836,9.829026115315129,8.781857843026554,9.603562776927733,10.885567693309062
73700.0,gromacs_replicate_3,72.8495,7.503713526692502,6.841536803874374,23.336807,6.502389044061223,6.4351186921295715,1.683075,37.78278647545073,33.968992918438715,25.682892402150635,20.525951181786294,25.4752024753406,33.49324250465008,60.19977436806803,68.0687122173387,78.55325682823917,83.65366235398447,75.36749602848084,62.9965850603082,7.296338125703102,4.487284448428037,5.99294891961517,6.256651127753661,7.803021300368857,6.829394201625729,8.957587025429785,7.465456733011062,10.319318868907303,9.099760525458857,9.937379992414698,11.03855794402392
73800.0,gromacs_replicate_3,68.075264,5.853034429247413,6.158114089232821,31.537529,5.633008818337542,5.544884192608637,11.891258,70.43132433825946,83.6565804907064,85.28931586185097,77.3265012785692,65.7644979901187,60.59207001383539,64.30431665443,71.74467516629181,84.13231513008496,89.90013922282675,81.39918320428133,68.73825845370948,6.925452189890991,4.463502148253758,5.838308488841579,6.34535972984064,7.937000066261178,6.992192052569836,8.879546726570114,7.28030982715688,9.243247328050222,9.162938571503675,9.566162081773589,10.569350462320713
73900.0,gromacs_replicate_3,74.670616,7.479263516645054,6.960080586845133,0.877388,6.366203706578116,6.332302150515045,11.87323,58.965938716293905,48.92115474918544,43.103085426326125,46.57795983532324,54.81549178718176,61.00638163541614,53.538048376867515,61.664261380502474,73.28007812953507,77.67601429995094,69.94475637202757,57.02807334168248,7.062231176727938,4.500641389186607,6.227872908642654,6.449306866100065,8.047777173105404,6.999263944497579,8.774897848261828,7.798086067265703,9.63137377828028,9.20771134992682,9.95240215403115,11.032261664032601
74000.0,gromacs_replicate_3,68.314804,7.828139767706128,7.039011438479081,20.673935,6.28125248879016,6.383408686300987,2.7112808,29.791129401742328,26.081826564794735,19.103273606589482,15.735983474703362,20.900719117070544,26.940486037979003,73.14185773416509,81.95084574875182,87.43296961671848,83.02301635415407,87.85045308846708,74.32554739545937,7.156566118837065,4.71126408651659,6.17651777980028,6.489644845207636,7.557536064941609,6.798343587831461,8.510056184881131,7.334932076513546,10.166297307810407,8.587975120892622,10.414646082431888,11.143044705665272
74100.0,gromacs_replicate_3,69.52117,7.009000833308239,6.530204042830177,25.968712,5.694939406957094,5.823737841165416,10.467712,41.6505922639279,32.35284040686267,23.669152190495275,26.273113217830275,35.59478454627463,42.581964157897964,80.63079295059815,89.38082928802862,77.34037334058539,74.21162408584499,86.67310259511493,79.94209732501463,7.246138157959966,4.984244093294746,5.924830244164241,6.609939800517219,7.897792841010891,6.9155333052297605,8.516248305363888,7.410759752314444,8.962266484385708,8.604208217745896,9.76629672231092,10.546821939167225
74200.0,gromacs_replicate_3,83.3415,8.077106115186421,7.29116264041593,16.914917,5.22019364912377,5.297494899452572,9.372917,29.103213009644108,21.614368191627168,17.101253959639084,20.2300538642163,27.924256127896616,32.28379125502316,58.92994111471578,65.52547620332119,79.31336747561926,89.32121210655271,83.84993996738027,67.81876025896615,7.067039315026414,4.401884221082776,5.869408382621011,5.835908313219949,7.548364824444974,6.4684141110412945,7.766097169064024,7.015559754449653,9.431553776932258,9.298340419224248,10.666195749597245,11.039717990071813
74300.0,gromacs_replicate_3,89.38759,7.563160984811345,6.679980625661999,14.801315,5.301321501101097,5.290558475278077,11.784981,30.368157204706076,24.890240137136008,18.69306996128494,18.436323668074806,25.463989484060317,31.0366777910166,53.4957127992924,57.13341680403573,70.57210625709493,81.29086311578673,79.91205376814658,65.28595440229941,6.867325985763694,4.277276270845152,6.3632620186811195,6.445282101726581,8.080105823571651,7.22860535444791,7.989132856733178,7.400958988641795,9.832143972756253,9.551102693556217,10.036473349084698,11.140047886050278
74400.0,gromacs_replicate_3,82.51396,7.656561287530214,6.909529093608146,30.078106,5.821727499773783,5.897164767281527,6.044571,17.256340128157895,9.662370390371414,3.9564149180232464,9.511290131794551,18.192172965600854,21.65158159669255,63.239066261879614,70.88067713280455,82.7508369241773,89.92238122603845,83.54694158080676,69.37193017172363,6.880224083244536,4.379514800240751,6.3046730178361186,6.526485571838061,7.693444272522992,7.015868358135262,8.134442405018687,7.933839988224591,9.593251869903058,9.509455889344265,10.340290520672289,10.816499467893319
74500.0,gromacs_replicate_3,81.67597,7.168054769752416,6.295947466857953,11.414528,4.879536344906368,4.6105522586111,14.589867,31.7224473821279,26.18139161141265,19.937429180679523,19.719225297027243,26.428065473116675,32.28298927010348,40.79319283829721,41.01848601832839,52.95440437789825,65.31436959677725,67.59121268786447,54.29524139391838,6.67913802928619,4.253019586951019,6.063894675642833,6.624142316768988,7.748250934154887,7.195430806652901,8.229513524736955,7.704660864291825,9.312759578624613,9.163377300449747,10.346215327201257,11.024402828036784
74600.0,gromacs_replicate_3,71.87883,6.5685052534211,5.929262782068231,25.996101,5.874105600110834,5.681552247282617,0.13832855,34.831791220024094,26.055421190987555,17.183640312878026,19.015992125502088,29.3494337011457,36.005037367942414,54.68140630233326,63.9641128890989,75.34420191886008,78.45352448506327,68.85001622268659,57.20174106672153,6.957669012695399,4.842326990136413,6.086025770214574,6.80760000974438,8.761149565802938,7.7390493445258235,8.693325602910623,8.462941036653376,8.461511463946918,9.215844100087022,9.494389813785709,10.410821012686041
74700.0,gromacs_replicate_3,76.80453,7.44908860556107,6.809494149864708,31.130337,5.382248279651241,5.3837098520602,2.7904968,24.568759728055394,16.15751367689152,9.566200893477049,14.529936802003949,23.558476005326096,28.049972848477914,63.0265729546552,71.44825994872257,84.05478689024898,88.9070373832667,82.79939566482778,66.9205727215336,7.226075746172324,4.899020561511471,6.052378168474391,6.270256169523762,8.205812001708333,7.158615569344143,8.437393377061296,7.682450678200777,9.017632186687814,9.350626398636658,10.297252641055334,11.190791675519934
74800.0,gromacs_replicate_3,75.94034,7.247642639893302,6.758320863220387,34.458496,5.41883701144471,5.082523769278635,2.6024933,29.832053632254937,19.48490184636871,12.970372839590109,18.639504723004737,27.716417613546398,33.36244778617405,47.60848066836842,48.69929830367666,60.61432385853669,71.55054452218937,69.30781666992516,58.178439632041524,7.32380275148436,4.947302337679628,5.941405817422195,6.504947396965599,8.130949993128052,7.21819187057228,8.35589154691621,7.189498462109678,8.683440379456218,9.707106031807507,9.587206856388688,10.397304985289056
74900.0,gromacs_replicate_3,78.18311,6.820349476160594,6.108946406104211,6.6697845,6.4878641702586535,6.471403994346774,0.035224915,47.354418300510986,42.164885974461235,33.94706372019842,31.367042370613998,36.995239785878915,44.81125110719802,87.86755279053942,82.54794585479063,73.04220302865637,71.19227702429049,82.05793733001796,86.3521081202242,7.217848532564498,4.709880951699841,6.224009129861782,6.465943678610246,7.538768504121652,6.993078888660255,8.30911282107672,7.339752398728363,9.630740651059572,8.220583487623134,9.806666153331417,11.460328541922857
75000.0,gromacs_replicate_3,71.01749,7.206567134427159,6.482751889335518,21.869232,6.008681434613337,5.8582469193785895,15.577118,34.0754410287235,28.792803525638444,20.487580183770962,18.441513121523048,25.70034674592124,33.22057158624454,75.85754323534198,66.2457046474177,54.96317659338492,51.103891676436724,61.854560681153224,76.06582773883146,7.15164483258577,4.770420940245596,5.9344053503219545,6.248708638563905,7.599402827364795,6.973521448524065,8.322945716644561,7.497612574466387,9.773693997287161,9.051901374831555,10.041838697838788,10.9157650982033
75100.0,gromacs_replicate_3,76.292206,6.989897736134787,6.393987145830093,24.045708,5.705094568443424,5.820567108726143,19.204292,33.04360558290058,22.678730222346605,17.735459726762613,23.050321010250656,32.53980412726084,37.19706381499429,86.55051333088275,76.85517815915907,64.96219393348032,60.246354215974236,72.10403363636134,85.91643333147272,7.212243208248168,4.868983562080674,5.838772881246217,6.434407215337854,7.77748925219586,7.010634106404994,7.890253346567433,7.618553288968294,9.144884734643256,9.143468975402575,9.780950836906166,10.78067870387914
75200.0,gromacs_replicate_3,81.42912,6.889779540254406,6.101807175209904,19.407028,5.545081650808343,5.270055027283634,8.416718,29.31936803082898,25.095557703467776,17.301818528187624,14.992133989195533,21.121510397500103,27.51165502265507,73.52531892788487,62.93230446129159,51.63730312417885,49.3994659058166,60.66393336944104,74.14343663427205,6.8493614100936036,4.593791522255227,6.07525977835778,6.655076797937774,7.813347900864532,7.234385165560034,8.57932921006973,7.392032366748887,9.550648950770904,9.085934984395971,9.686637866697872,11.102146124033418
75300.0,gromacs_replicate_3,86.62916,6.9677613707816,6.105510560383463,20.556435,7.115180918101796,7.2167245471179555,8.32309,26.683254185483452,25.010484552176656,18.552582103027248,11.984275266266263,14.466874858458128,22.06341425174905,69.33006903528921,77.48644202814293,87.41910253608643,89.51300743453217,83.2187274316087,71.24686319499058,6.605377797635798,4.442803228569267,6.164074043133743,6.160677619554842,8.160450030369166,7.093183130199783,8.393432526964826,7.126003619109756,10.040657659324124,9.090817403590407,9.870849884662768,10.916046310161517
75400.0,gromacs_replicate_3,75.825966,6.850030126971724,6.264165462224006,18.31968,5.592204852087574,5.4792793821886985,0.7310257,43.54855454050356,36.673283311780764,27.575310268083403,25.94279404640887,33.71165637965798,41.80443732023073,57.187314546037925,62.50362761017852,75.12306886932645,83.92428340065467,77.95208072866285,63.73574958315151,6.98328155091433,4.2925676240831825,5.971533063491921,6.269623515200599,7.823565036540337,6.905484002995065,8.848246600263387,7.115110730087377,9.382589540672765,9.691927131640481,9.73825448888008,10.62131337018143
75500.0,gromacs_replicate_3,80.69016,7.399612340482067,6.653624706865247,19.641388,5.920301257157209,6.05467836676693,4.2615967,33.89545755879772,26.63185138308267,19.57061246821395,20.32869688590762,28.218907534430947,34.58866337799231,75.3509404951051,84.39871023552054,83.43841479301759,78.59429791819525,87.42937951494117,78.86514973926928,7.04555385040407,4.3736258695425665,6.204644930708373,6.356066061652775,8.072723343850233,7.116182839644313,8.215837045294267,7.019398045969162,9.478257346552017,9.371708313845732,10.07850784979247,11.095375126950913
75600.0,gromacs_replicate_3,74.147194,6.004357709463162,6.1231115899574595,39.088432,5.338468768336075,5.384976214554161,10.0774765,56.96765403808644,67.10479196384196,64.6806552908705,54.93579950351506,44.15400062191268,43.58899741535084,70.10743221130858,78.49281659496762,88.55963290606722,82.58278412673522,87.02223925045999,72.55514459007296,7.310281493083207,4.52168378990117,5.884485862013185,5.6650245086201805,8.133990095366748,7.21464302190719,8.96219911630384,6.969077480663553,8.97997475835895,9.082684383161473,9.988119018806191,10.810336100150154
75700.0,gromacs_replicate_3,76.53257,6.694344263424534,6.051508531576103,26.94897,4.747650755929003,4.981949423886649,22.581772,29.641902021089592,20.74014458272882,12.51997332304289,15.04567459822588,24.94368790996223,31.683739980303937,89.57299890596153,80.14360238511496,64.45681221308732,56.98968545564708,69.4260643182653,85.68884589409781,7.3184113982796815,4.893078535285547,5.979945139509321,6.416972017512852,8.52495364741019,7.15930122240078,8.286298272078518,7.688133282293814,8.555448677070075,8.951818542791193,9.763151104061514,10.636928768002127
75800.0,gromacs_replicate_3,75.97665,6.168491635963404,5.76633028187863,7.2219315,5.3182609509065095,5.077011260341029,1.9008179,71.15477184645455,60.67881091897549,52.57910381512839,53.28740088950629,62.31963133448752,71.78059926838492,50.96002886285944,54.30547779500543,66.65712800394581,76.7804060012854,74.20507861014568,60.537169349786595,7.046136604354008,4.402936460309189,6.280810423802071,6.355437141508553,8.177468070561746,7.004627944849945,8.952690105937236,7.233617499927283,9.464965426881122,9.159879894857491,9.574722205090131,10.953921317130558
75900.0,gromacs_replicate_3,78.336876,7.172216018660924,6.515617537206199,12.373917,5.353848838555709,5.514202023362123,13.044853,41.427796789139194,31.5431530909153,25.401259579968745,28.837433080739316,37.971228375572686,44.20030074755844,88.63447044339394,82.68534080250227,68.68600845759975,61.71170577327208,70.94842969446445,85.95380564373428,6.9284678681735015,4.256277464529573,6.32897885747969,6.6604963240231445,7.7618169602034195,6.817280007484908,8.211411880495803,7.293380963283099,9.457369123104291,9.362178087568173,9.922129450572683,11.295930166122842
76000.0,gromacs_replicate_3,80.95462,5.9809206290725205,6.161328814439867,40.56363,5.726921725777099,5.822443269875483,7.0967407,81.69572658710001,86.31269220359971,83.04465537436671,88.02932316020211,82.81738985012628,76.31943373434339,65.50710124948039,75.39040026379952,87.20374352289831,88.87336901597851,80.66499775299725,66.08084118444614,6.830678358156549,4.900099259034692,6.198757434058193,7.003475203248462,8.159532001046705,7.252978742852325,8.23697568923536,7.8230539896491775,8.952187290368567,9.455175445306075,9.632437955745702,10.035687595804255
76100.0,gromacs_replicate_3,76.41192,7.109676709380133,6.49414657629487,29.813934,4.822480528148217,5.074667554453972,20.47287,27.67193264911431,17.73152477708584,10.742706832729091,14.679433904709272,24.475344473001563,30.966896872184787,89.92789505863065,86.39278098016939,71.69272353313474,59.401438557693695,63.87665162871393,79.74891663072063,7.093140665779673,4.361618364694979,6.178964202116748,6.254259103651648,8.138792602083674,7.176131418360879,8.665323321462164,7.262009268022083,8.981173452630092,9.21536161978699,9.920702997902751,10.620944089338485
76200.0,gromacs_replicate_3,74.1828,6.8337661035118,6.2609084749735535,28.137001,5.3525590303004815,5.656213354489579,31.426643,34.522103389398865,24.471100212221497,16.814112968500524,19.876403732646878,29.651497821040838,36.55977930895689,85.8952492150048,77.14197013319578,63.721895303343565,57.5675562925486,67.63763215395225,82.07433354074405,7.044881880489651,4.557971443450464,6.378076409201109,6.766969108453403,7.901869125678763,7.040079287428727,9.063815747819644,7.386672315576635,9.097781252133677,9.259657161490406,9.7405079867812,11.015261951647537
76300.0,gromacs_replicate_3,71.4156,6.960406237587616,6.29771827397531,30.060905,4.970806023034635,4.877716696700166,21.27732,24.120198646504367,16.42668959321518,8.47023664321056,11.464375973787403,21.47688559341808,27.024921805386185,69.81218116381604,57.00088013929867,44.62776537357902,45.62059238220058,62.21562641676618,74.08849658477558,7.546556701037863,5.428205447342805,6.502140369777681,7.203690420059835,7.9271527054492426,7.443736432413419,7.9028466138038285,7.707315736592014,8.55068616720793,8.788028357749441,9.894893849752744,10.478627178515172
76400.0,gromacs_replicate_3,66.74012,5.648588007861898,5.526394324186206,7.88929,5.369480856883801,5.59202783888853,26.355515,81.4968528319083,66.89091806253397,62.674804441504804,70.23468293112057,82.19149118948442,88.64988062747527,82.2302848148187,89.6325866458528,76.20432484055426,69.45374066681389,79.85358468300817,85.96503859451148,7.309539249168525,5.13725236081186,6.0099587726407755,6.880330339919941,7.773199339694824,7.307328377670184,8.42396061437896,7.717230690028903,9.148753295089577,9.09131206802735,9.460809525936375,10.655013925265461
76500.0,gromacs_replicate_3,87.59565,7.717033898105625,6.8335665892794335,10.694115,5.23815766016328,5.228703201993917,19.928787,33.83821006875592,28.361345363972614,22.90833042770531,21.294047722796297,27.132125880404335,33.28249192608628,48.017646386456555,49.07545961696723,61.755296797826254,73.81408278149101,74.43266606951373,60.783552639344094,6.802159180892,4.346183149749969,6.272898845521147,6.739438791085379,7.375202282745766,6.5261025978414775,7.714925084046387,7.415079489606252,9.701832449703836,9.489414117743687,10.232725585700623,11.151833800107896
76600.0,gromacs_replicate_3,85.90113,7.513332970047453,6.658238660071084,2.35289,5.13128046661482,5.176030149101888,14.381294,36.90906891365989,30.739857463071132,26.07017313340791,27.74107290584484,35.14961312203643,39.28923002771068,52.14468381433578,58.59475347482825,72.2020146727105,82.14436923235272,77.99725841248024,62.55571366507263,6.624714938703737,4.183548730954979,5.772623959196469,6.0651167654770255,7.942962384543482,6.504330860099109,7.472360966034813,7.084649761028958,9.47233832620774,9.800840770850439,10.180000274157946,11.02093837035667
76700.0,gromacs_replicate_3,87.30695,7.193650203505648,6.429533856629826,5.010559,5.325171531555145,5.437432395782117,11.630028,44.90719167234464,36.8518783030956,30.473029142708818,31.097422751448384,38.38495925433367,44.61543296751204,58.765167555975204,66.43925392144551,80.22649004298377,88.46458643564975,81.48956936381445,66.2434803866257,7.1382752110075,4.758238565177463,6.3568440462665805,6.764768091102128,8.173766711622319,6.693324751513897,8.27484770376085,6.902417556833556,9.50447917357242,9.42513002840049,9.537707211511172,10.780449181194422
76800.0,gromacs_replicate_3,83.94262,7.476882561158854,6.601457135827278,9.916359,5.192441331951123,5.3177070358821865,19.186714,30.443481959617245,24.989112226859916,19.290829117032008,20.28964051205819,27.707487254564725,31.928153347399334,52.14974528498262,62.177294415301475,75.81759883074548,82.16583499246036,73.25247126124619,56.30114678536622,6.918881120282007,4.589462476599636,5.842427636894851,6.340349017754189,7.42306435875335,6.605189633255675,7.568217450042449,7.834831192727237,9.565691603660037,9.296023045122471,9.892612773439515,11.012323361653278
76900.0,gromacs_replicate_3,89.91784,7.964313229849099,7.233124519844314,13.966751,5.079334368263467,5.216802327469627,23.35067,35.978769776383885,27.29226284750299,21.660391845828997,25.05471765359069,33.49572936698523,39.188208163741194,49.286926238767855,52.49479408114776,67.50171478493,77.79381193603948,75.88234923165575,61.38406324791805,6.420118204264447,4.396568635629483,6.368146406879689,6.619999821392671,7.7603205413944085,6.467094797181248,7.565644934992994,6.395015315799387,9.887385218063397,9.789339865350525,10.517164473964455,11.311120073228548
77000.0,gromacs_replicate_3,67.73289,7.661090198213762,7.180044044523421,12.531136,5.297848849346113,5.445471429784022,11.066071,48.8820380764656,39.28236607481278,34.55163774907603,38.166692001486574,47.316989939896274,52.74357525720495,73.00418213727653,77.60408268994549,89.4932321926165,79.14834993664363,82.84714154160835,82.40691327078017,6.679996961106499,4.50683144507721,5.94108570406408,6.531785640810947,7.600666878971345,6.967480772491944,7.3633878965770725,7.480265686677552,9.158502491608944,9.453449288020614,9.954892486067717,11.02131699283072
77100.0,gromacs_replicate_3,78.46647,8.247302930063126,7.71399661241414,27.334595,4.892307850247131,5.039724042237234,11.438431,31.142610973218957,20.9427162454264,17.631449510984794,23.714555144734973,32.344591197385874,36.54574294108044,59.273672460109744,61.78381603977936,76.94094938569462,89.06864709150037,85.4993189111863,70.9337486637814,7.505469782111177,4.83287510362857,6.742121601557885,6.672900562008213,7.299252056171639,6.1576066062531165,6.110821159255804,6.367969699981574,9.648490792078743,9.572033757585528,11.14578052417579,11.777269650806554
77200.0,gromacs_replicate_3,81.720245,7.905879942651771,7.492021388634667,10.681175,4.591155290632721,4.598502589177582,23.693642,52.44978808242924,41.347296406035476,38.96852705786116,45.37962414287794,53.847821659080154,57.889524396579205,41.07775404808132,43.01626141808487,58.59945234161403,71.18702532857739,70.1058290460575,55.982071205738954,6.945023415369325,4.481481607636489,6.802790843427948,6.726530203265209,7.152535841578909,6.569587375681352,6.798829559822263,7.059228538183947,9.078747071362269,9.107337241290054,10.717735121103852,11.452355915183219
77300.0,gromacs_replicate_3,73.205864,7.48209828285977,6.776420854797443,26.829895,5.075558493202597,4.958308347597886,3.1804657,28.31731654106312,22.319704449121254,15.247239025137537,14.671763903594941,23.47949025054275,29.30835890500467,53.029354740822335,58.964147587192464,72.44844934259869,82.31923053135013,77.82040691817352,62.13538126140767,7.297346636379746,4.617513997203222,6.863119620872389,6.735526956126447,7.387923263932548,7.138891450568352,6.916927023046127,7.3319824557413416,9.495890315912147,9.25237077964543,10.411747692132694,11.529635441399039
77400.0,gromacs_replicate_3,67.97891,8.034885709982337,7.431431641530088,23.693184,4.796176609929493,4.878176565805246,8.816994,30.016642092827308,20.313763551047227,17.770449657683102,24.09885636833776,32.66588966741261,35.89499755766421,55.90451895003149,65.5665035388129,80.68254279031777,87.86311486839395,78.5474910603378,61.63604873300589,7.186926012353284,4.705844229206195,6.172151105330292,6.305838848685794,7.385113567752653,6.194968558992609,6.49486718211842,6.703545013805989,9.40468106663965,9.460350515973392,10.796214212464427,11.562177648929199
77500.0,gromacs_replicate_3,68.77412,7.2926214000912495,6.693020749048543,35.254467,5.041545252812768,4.992668935912453,2.2039185,23.979393337718854,16.492900134298132,8.443540111083689,12.531221469266267,22.271923292045816,27.195726912633052,58.61403921470175,64.74394669268922,79.29442375463033,88.54608170490397,81.77169261959071,66.64028237475814,7.387855189304942,4.543705135391635,6.255442781773774,6.2396370473545,7.481706033042543,6.427361233311771,6.993170100730198,7.481675303282646,9.28658574154649,9.070400615352368,10.500896628755822,11.050098447221968
77600.0,gromacs_replicate_3,67.4994,8.017446320895479,7.589843782122662,24.443626,4.718776154668203,4.81131935892208,11.812691,39.812906698889364,28.598573109635506,25.580447840560378,31.428523421751294,40.425851875792155,45.02444329325434,54.8030893918132,58.25765267781216,73.49723150848212,85.30596433427193,82.38663097447754,67.3053301655944,7.442315714816936,4.544998484675943,6.628440329196314,6.3790209919280105,7.423119743783991,6.329218470114912,6.362538973221312,6.914649319918757,8.984620122102319,9.486564203507138,10.731376017199462,11.075554514399428
77700.0,gromacs_replicate_3,82.47675,7.897039515017064,7.3524937868542395,14.520866,5.114622023036977,5.2733734014444575,22.694427,40.69096830605477,30.649137363982046,28.898482620621273,35.861084554993866,44.29358701141508,46.89469234395049,49.883663875291965,56.3801820287002,71.53740596918605,80.37864751173424,74.74590818671015,60.605790676350836,6.857771196456009,4.2430842603160395,5.953218870084361,6.110261142775303,8.109344965761982,7.079416141888759,6.471814871006644,6.826081366991649,9.397261183332139,9.193265246281179,10.200337477421158,10.864312904229633
77800.0,gromacs_replicate_3,83.612785,8.301673529168038,7.608030841255773,4.5452576,5.082483909045603,5.159388899736803,18.320244,41.408877258730634,32.99397147988957,30.590237989254362,35.006844734534056,42.35959512730909,46.01039164383737,51.790688559754486,56.71399460362117,70.07230548187952,81.0487024320877,79.33196156744856,63.88939319762464,6.909302471212614,4.251424749547248,5.920394482213703,6.0122597529267985,8.03223197423343,6.970465393124568,7.060406886252303,6.462313688581334,9.769779957130915,9.541207438441816,10.717628887279695,11.197097675903438
77900.0,gromacs_replicate_3,76.56402,7.52095917890928,7.070894081225284,19.160927,4.967666852072394,5.1342220020876175,6.0480423,46.498605373514366,35.75924563077798,33.42054112247998,39.991298202526956,48.99859646630795,52.76908432758057,70.07776932144044,77.8455596068546,87.20621012737068,77.43954355483078,85.38156432790134,78.80790338492186,6.738564230496338,4.299034643764877,6.153048499421312,6.292495845330254,7.882843767047181,7.197217722799363,7.4527283257485575,6.881026683187422,9.391207379021889,8.990776150243834,10.492977598994695,10.853471207464096
78000.0,gromacs_replicate_3,88.044846,8.322786467175222,7.840907010496865,16.158432,5.050231229889315,5.273758129096832,27.521927,39.24223712279988,29.12504978314658,27.80429570488281,34.2440822790573,42.29819624713924,45.91061456591319,50.71796647278769,53.423265357686034,68.48503539183905,79.47511791935375,76.8760797507869,63.56020589829665,6.930194170606641,4.476063919791851,6.193938698966563,6.459236669336097,7.740711686453409,6.717684599256716,6.485631052351106,6.884899338011192,9.547175888828832,9.30206850730308,10.903509084709853,11.267429106813989
78100.0,gromacs_replicate_3,79.09989,8.524480557971716,8.015330723839215,7.200699,4.772371897920279,4.966170851305482,19.67849,49.25604723581828,40.27288663570609,37.05401332100089,41.6990798246046,49.58823764096274,53.935512667898166,53.91485332374401,59.450464446669166,75.30401791383352,86.19949268459601,81.67248360279525,66.22852225597177,6.914557423633201,4.021388947470673,6.224102754691709,6.112378393655062,7.83722545445743,6.868734755232061,6.258733923086443,6.914144000562017,9.195983477152796,9.68222169594279,10.866599774215405,11.145551499588477
78200.0,gromacs_replicate_3,85.382996,8.014158514142437,7.486064032237083,11.04805,4.845030672154545,5.006075989767039,17.440582,44.06933439116601,33.75011822182789,30.644594758223576,35.922123509514826,43.81043049198771,48.67575768877958,55.7817182528323,60.14793341008177,75.62051942981219,86.29940657216359,83.05356625213533,67.84234364356837,6.950872470841044,4.253513325962055,6.482602727787485,6.567275844207691,7.5539492971532916,6.505500333324646,6.372234429740025,6.322118500110118,9.749899963398937,8.846239767287415,10.604620144644803,11.349156863507167
78300.0,gromacs_replicate_3,71.8268,7.953268164000036,7.354798081886296,7.148987,5.304839257671686,5.4727953550755775,0.43619537,49.311154021251454,40.217169753797926,35.40465914875851,38.22931846453929,46.31900009792595,51.64543910667645,71.40351244313246,80.11890972733447,85.94178277166036,78.97859392270466,86.76351301620137,78.27369472233232,6.900694538298673,4.162365256256621,6.3826606442442,6.192631639765622,7.404956004573781,6.659052683727482,6.63463140483684,7.023689740837612,9.711291535054349,9.95034149014391,10.305432046805807,10.889786304824831
78400.0,gromacs_replicate_3,87.198555,7.862766058538277,7.1798098657787035,16.076935,4.766441807990404,4.889724375030356,10.658073,34.021858697889215,24.704889102090334,21.51122879867372,27.45473897364704,35.71306369743324,39.15173723517871,57.0639949283227,64.92270476943243,79.6924496433924,89.83429920720499,83.71780226736338,66.36529382361472,6.764601905392032,4.326694599206286,5.988200501600766,6.672758870530894,7.515870844428838,6.644681782629662,6.434084653795271,6.457273053732325,9.744894153111915,9.523287951629076,10.45352595698288,10.96284805653153
78500.0,gromacs_replicate_3,76.187164,7.6412812147132305,7.014876930448984,16.87159,5.192156974440866,5.3163031564739,2.4205856,37.082498971030475,27.68574853396173,22.641842872323576,27.330105245934988,35.865138301047,40.698530026019974,66.74819802604154,75.5171023135321,89.94285043253342,83.42410599769094,88.62849853050315,72.8026827569783,7.1395078527164175,4.417475820580324,6.457508160310511,6.717666531276149,7.441274029874815,6.905578956012304,6.650845026385514,7.027404203575504,9.751771825650163,9.14574524624552,10.33414191539554,11.2919569655583
78600.0,gromacs_replicate_3,75.981995,7.7102330462525845,7.042990978482101,23.777252,5.093269458724484,5.182233383535552,4.107254,29.210547112117023,20.78622003486469,15.187093956474339,19.801831284464473,28.67635903657771,32.976414059676145,61.78936190923919,70.46115760866255,84.98012983434643,87.96129577224913,83.4789182664003,67.93403358319722,7.186889759744874,4.502915684103589,5.909511717036525,6.258488092639042,7.521348629086323,6.785483686934371,6.572649541252588,7.018922670601182,9.429369428337367,9.480523920222995,10.104099557924712,10.965688808617154
78700.0,gromacs_replicate_3,81.54404,7.664028800404934,6.962572725243876,11.751305,5.419033950575674,5.530134158797569,21.419205,37.9445438044709,28.390711080753256,25.316439839098923,30.635297761684374,39.085856712274335,42.57444195993053,49.59741088609271,58.349902352884705,72.16258696655665,79.13076979080144,73.13879574612835,57.94765174930004,6.850852457685419,4.237379151499913,6.510597443388542,6.419636886147063,7.245149095592609,6.630467391717447,6.75918442264937,6.7456248630607085,9.827676357061119,9.153738448992229,10.822805822436024,11.042866954898697
78800.0,gromacs_replicate_3,86.13598,7.6094760588598955,7.067205015929583,5.2905197,4.980702826360628,5.01494617791933,25.510323,47.99642921142519,38.69429435755026,37.06590545820294,43.8130614109093,52.778904016687754,55.72417371671303,40.470538664582016,46.640420311636056,60.80839645975136,70.7957372980678,66.55483500590901,51.965432885005484,6.693765356748838,4.322503647997259,6.183049908663957,6.480508067728917,7.911127520313502,7.160187905721699,7.312932884623033,7.509836344800628,10.004148052730375,8.688960021585334,10.63430976600057,10.645020433696548
78900.0,gromacs_replicate_3,74.68878,8.051009620750776,7.438035945446129,21.368813,5.081913705629032,5.207710172863957,16.29393,30.259896428191116,20.689022955894902,18.071867424052265,24.756545077047193,32.90114968537108,35.97208403316403,54.13114861538206,62.98596145205823,77.72355680918061,84.63540981539529,76.32539389975358,61.00553216525488,7.218763808983896,4.382995739898795,6.02043171412143,5.602321155418478,7.527328377605935,6.6946622611104365,6.843128663571726,6.8168310250624256,9.92602953768627,9.658254886993433,10.817753305500695,11.137167103444165
79000.0,gromacs_replicate_3,83.15116,7.941755695123831,7.307425042837073,12.5634,4.997714566446843,5.138635888422887,19.71685,41.22401419248282,30.68951591662338,27.021324381068656,32.48037531949453,41.17747264894397,45.516023696492134,51.2156725690876,56.749514210587336,72.00751797454876,82.25561118916724,76.8367977015354,62.21354895519671,6.730841286920129,4.107356109011923,5.833954498039592,6.058758810569947,8.0264661687527,6.867724310150225,6.463967134403793,6.488252572834031,9.229773017360372,9.943146629020983,10.648086583870287,10.95019775150188
79100.0,gromacs_replicate_3,80.875,8.118226293641019,7.4918085050065,14.0644,5.078117844475226,5.228613019677816,7.762993,39.973243355391105,31.93161491404146,26.53054872823084,29.382558257591075,37.04431516562567,42.543775125204824,64.36338867261308,68.99954363859152,83.53492201424393,85.85680114886244,89.58387236637367,74.67496635837294,7.067924880801704,4.30228390008101,6.485761518686429,6.546845785198484,7.384673173480112,5.973055262666533,5.698474909897894,6.561693670944221,9.909865219991593,9.720910418790211,10.658013325659553,11.875881302851262
79200.0,gromacs_replicate_3,87.95129,8.05484780657638,7.511425044158143,10.125053,4.7764050412565835,4.9835245300548445,22.062523,45.03012549414703,34.15039948797795,31.337386051540797,37.39010184913301,45.901629121253904,50.534220999110076,52.824362282745106,60.224023713889046,77.06157822175562,85.85095681947483,79.31268936451083,64.25780887062248,7.0693476059901,4.53475029216142,6.89498020537104,6.5987591979158875,8.10189403966795,6.5513225689794705,6.141297855451949,6.196759893995946,9.341280563556001,9.307251843247938,10.395848427642946,11.136588890238821
79300.0,gromacs_replicate_3,74.73471,7.971679403590478,7.524150819634643,21.766754,4.966351082197794,5.173774893225888,3.2996979,40.90557788913449,30.114875492963684,26.941549180306346,33.04439776932326,42.10395319122097,46.22157332818722,75.10047007531426,81.32901197624022,82.32332392476255,73.73571743173059,81.43928334615165,83.86228600842082,7.261536465274849,4.584827071778581,6.619619456987685,6.15098795045889,7.925044835892438,6.5120190690823545,6.042033078446255,6.4915327579273985,9.432905726037916,9.850343323254542,10.604266988996265,11.378035643725134
79400.0,gromacs_replicate_3,75.91965,8.015470186102915,7.337052702855979,23.438087,4.755687266934357,4.921422600508224,16.054123,29.96473246043161,20.293216238390826,15.820671118002121,21.36914333885822,30.20664360750536,34.534670309063955,57.28868172885273,56.26303451130636,69.86172432708824,84.70724507612181,85.06793946354263,72.24131015379879,7.210234081053025,4.541792279700576,6.72158508339414,6.614592354135658,7.59964107002556,6.286486749369958,5.965658705895818,6.967617297829947,9.64077027160526,9.427707638988801,10.839960702005705,11.64545141467298
79500.0,gromacs_replicate_3,73.867165,8.42861626313471,7.817608344123369,7.8177185,4.947421640054242,5.076013983519531,4.9794693,47.304819674405294,38.532290779909616,34.227803959883374,38.679227163207514,46.491831963695546,50.95755251710603,63.98902223749445,67.02208026543252,81.38271025644711,86.29704126689177,88.8257422286975,76.52042261924808,7.0320911292374655,4.372274400750538,6.430903967785986,6.632850585907951,7.643026162987853,6.453060331482313,6.531508775756818,6.801155278938094,9.785529427854614,9.179563600035065,10.544579491742192,11.083190159856743
79600.0,gromacs_replicate_3,83.724434,8.183032387845484,7.533362752551865,14.55986,4.758299539217322,5.013180913486543,20.238098,33.461646986797405,22.95407689805565,21.409216900367465,27.947601168631575,36.10297449680231,39.71806403206509,60.22902954938019,65.31891817513088,80.7441120069012,88.03323484561724,88.47025687894713,72.95301841815765,6.89740045601373,4.423432422247304,6.185727203425012,6.340314870072423,7.517291093748608,6.628808896904834,6.235574160553825,6.877752539096432,9.466147289058345,9.49281764363983,10.859404243142011,10.982559548740063
79700.0,gromacs_replicate_3,70.5997,7.937612359311717,7.531268347751729,30.126862,4.880427623956169,4.925051684386878,16.574844,40.90059911617344,29.78905102119028,26.192636191601963,32.34723668088935,41.10427880926335,45.60985973543007,49.4554449979851,50.3580860920081,65.40918613337088,78.4399209890811,76.3527024312199,62.87987344046471,7.309209552242536,4.685099033582524,6.738764418684123,6.595465086832694,7.488959543160008,6.032159205013642,6.129325912697177,6.4242532569877,9.883515173488822,9.524762277458787,10.885029478953426,11.384681364913552
79800.0,gromacs_replicate_3,88.294304,8.024218601892871,7.460110130296751,15.349319,4.62406231960871,4.784763646611575,27.32801,35.45615796760614,26.299478665091485,22.580984255699903,28.344608583415628,36.42893690821587,40.87686555398262,46.78006302789037,45.364189988339874,60.93233744192555,74.3658017377734,75.4527358898583,62.507049536321645,6.610966088672492,4.063050582700742,6.356804493676031,6.194302627271721,8.08374406865938,6.949173548439747,7.197202794301975,6.969979297690462,9.045024237752067,9.531568384646961,10.671489503967852,11.25510229804828
79900.0,gromacs_replicate_3,86.632385,7.951473746390151,7.524592648959259,12.932655,4.660128171321136,4.842447293264163,23.578415,47.933640993247465,37.16691745762131,35.24892515691042,42.177200404865296,50.77704384017088,54.37700383194206,48.951997993559814,53.64022608827384,70.24041860008211,81.14005428407269,76.64610459609851,60.96468843259485,7.292318593671513,5.0095034219830525,6.004748308731382,6.2003316769873695,7.897179051420485,6.563543626528686,6.697327882603372,6.673410192781846,9.070092145733991,9.088619291814092,10.356366975990044,10.660037936649518
80000.0,gromacs_replicate_3,83.52333,8.176105965011164,7.60413013398629,10.776199,4.632069325462152,4.921778589712407,32.64527,42.74014447887923,32.59252764367158,29.875365304913668,36.43356357065333,44.48592154538655,48.37202147973078,50.42546045459263,46.44124307940132,59.94505555471159,74.69463953032542,77.79677931944781,66.7351482337279,6.512469112800239,4.21430816144999,5.991671933766372,5.922105713911508,7.497584746625924,6.896597319555701,7.090714722138062,7.140647191622514,9.031906045634866,9.622333290210827,10.415940696024222,10.519534143791379
80100.0,gromacs_replicate_3,81.35748,8.091599813294588,7.480345539493696,12.273857,5.017231752615344,5.190506199088799,10.869385,40.6868803831101,31.68703983219687,28.135130929681246,33.31803676791027,41.60355310999393,45.535844266732916,61.05185806189523,70.30043288099452,85.34665469170338,86.97578179016854,84.51108424447935,68.71644481736874,6.646369945804675,4.341961907071173,6.411899404005389,6.555074373612838,8.053087852989911,6.774608924445114,6.887166249044085,6.940463282986962,9.323034074550513,9.67493850709462,10.363297048441975,10.558143851189925
80200.0,gromacs_replicate_3,82.02649,8.093860805974638,7.580606693628401,11.891144,4.825391548749728,5.124006872179116,26.791641,46.44010572416373,35.23033369983621,33.134422603009305,39.79828030798513,48.43185085921607,52.28463489493639,55.703915379283146,60.85623179372218,77.74417883601168,87.22381703404423,82.88783616312061,68.33459784291968,7.227998278471719,4.527567579601501,6.435045293571767,6.318824353772732,7.558262405923961,6.382526383313326,5.63332541998162,6.36425668623195,9.19421763969917,9.693750167815942,10.867404109178894,11.084907756861865
80300.0,gromacs_replicate_3,83.27545,8.168965296455344,7.453728973034696,5.7009735,5.032659960355423,5.314590445682323,27.658981,49.28949488994005,41.024802262152804,39.21936940811991,44.275943138757015,51.447270448058084,54.599260062096434,52.180248609033846,59.895724443476475,75.13746476902355,84.50723504350628,78.91915302649633,63.54682373312299,6.934045270143947,4.30054566925004,5.848653369045458,6.079770604681329,8.129322174176298,6.6764162355713905,6.510428758567852,6.707621022104038,9.067315853607264,10.074515308260297,10.789494309998242,10.717492328926504
80400.0,gromacs_replicate_3,89.64257,8.662207613858193,8.265304931923824,11.24839,4.804199069463504,5.076377072408964,21.851196,51.26220630132719,41.36775408119824,39.75290485850123,45.73658514493503,53.713338107528585,57.4633461924758,62.724589104238426,70.99807422837893,86.64206878667412,85.2895951128778,87.5732109812082,72.32366095305903,6.732894708372864,4.144638244559352,6.17324323613698,6.393736499994132,7.6961313494897,6.570878934488297,6.092102634051189,6.205307510732558,9.467539919170346,9.764363682756095,11.034595271884188,11.005266941477009
80500.0,gromacs_replicate_3,89.909294,8.582096301884247,8.034545723177889,13.227959,4.9498191827959,5.213809395492773,25.175209,39.94487908096618,30.13159050431218,28.080052950928323,33.925486368326816,41.92806829690875,45.380011708603384,56.340602645671034,58.50581104717892,74.62543358461976,85.58417560160606,83.10941169453268,69.62572262124256,7.147344758027652,4.458583529991728,6.805028529605813,6.985412014367468,7.667693792732369,6.630739863370746,6.132256176607714,6.635227840088647,9.850267804837566,9.726721424083523,10.85739554528497,11.613457668362294
80600.0,gromacs_replicate_3,73.6915,8.349461552755995,7.7139145707562715,22.10579,4.7306338926998395,4.936652571307986,0.27801514,30.128688495011716,21.02671175047623,17.412461133644488,22.63420633685746,30.783770627563072,34.774881870596055,74.48289168488101,81.7958565178713,82.00677502313587,73.2542220257874,80.39491982040342,83.70277330554453,7.3189741420210455,4.495256338874306,6.342624548114437,6.185632834330753,7.869502897327865,6.857390678059009,6.190558310229106,6.445833567968788,9.051949366086864,10.165432682493897,10.983168981436284,10.896257865692775
80700.0,gromacs_replicate_3,72.76287,7.636695254143706,6.99857822010013,14.854507,4.915061100397925,5.068003628801205,15.934143,41.14231548113344,31.350981743597995,25.542755330501645,28.851518761933814,37.71976081526952,43.554439684053015,56.37978110094246,58.259430028843546,74.07388324759764,85.31004740932617,83.36226405447674,69.18915316855758,7.423550465165469,4.5912271147901516,6.570272104484794,6.329997312381242,7.747309353329256,6.348435101678,6.352100886119049,6.257183265316742,9.546386623016453,9.981945704052478,10.27263211246624,11.259936277447386
80800.0,gromacs_replicate_3,77.608734,8.130518783406126,7.714852573787355,11.500565,5.089354612507318,5.152168073500323,13.006508,52.0234535923337,41.93421061827452,38.54839418979257,43.596529655365366,51.9943521189497,56.89863473254899,53.743929817492365,58.326672532426414,73.11769904707961,83.7351035112019,79.66702132670139,64.74402195348873,7.255323252631571,4.476452982120035,6.414708714839083,6.250913143457269,7.056839391053617,6.429425756161279,6.268505369239742,6.731077945295712,9.605171503623085,9.647937160288196,10.756218720417962,11.184140929015978
80900.0,gromacs_replicate_3,81.289825,7.84375551184463,7.325776211149773,5.094223,4.87486130041847,5.062536058795579,1.0283356,49.90203278473207,40.023966613417414,35.97028577653501,40.120426165416546,48.42902684090958,53.58510715204134,73.12649668448039,78.65440954827311,85.65704055385312,75.67124935050977,82.14090727477108,82.69460504406838,7.1264212465296435,4.579343252632585,6.324888498100938,5.965206001475436,7.932815003155424,6.686096806320945,6.258130835461345,6.834665601786456,9.114658857655462,9.914222089373887,10.370694710581457,11.028407293538073
81000.0,gromacs_replicate_3,82.34326,7.992221441574975,7.256789745838444,4.94709,4.745333098438445,4.98490481677899,25.560867,43.178580630737876,34.54448311008572,32.64482777674884,38.37760176005667,45.221757877859005,48.175912047498706,54.49041961063035,56.603320870759354,71.82451721079303,83.49514978193785,83.09402331052391,68.39574907710815,6.589226806693767,4.071741429573062,5.89656698765084,5.98383302151295,8.355915361162058,7.4390487027297025,6.911116760177706,6.57841319299173,9.095626427781667,10.556434051744203,10.220397176679736,10.773980515986091
81100.0,gromacs_replicate_3,69.52667,8.176142130839834,7.596213937267137,3.410263,5.021631844104516,5.205462251499098,2.3919373,52.19200388528945,43.7266673941244,38.64284235234588,41.51055287488848,49.14901825409902,54.697691387468026,74.49275510938631,83.25989611841817,82.39442510180982,74.07116446204783,81.83903457427242,82.01137851597291,7.00868423881148,4.346283859142967,6.476349562632905,6.4340376869795195,7.311020821718461,6.2062134913771665,6.161944280739974,7.02257025335428,9.6905593929014,9.37315097190869,11.06645772199699,11.644715094462121
81200.0,gromacs_replicate_3,77.32872,7.510483320369675,6.837179037170736,19.321571,5.08775336182554,5.246324918084136,4.3404236,33.71456456840873,23.728002127019177,18.940650460400775,23.512144689709046,32.43600212421815,37.343828113854634,66.52519767429644,72.62305193340121,88.63003711334228,82.39985216311528,88.88126669445924,75.84301963606573,7.286705973381357,4.855923345372335,6.4539667191774805,6.63610354520682,7.788564814823883,6.697533078802599,5.777721200429698,6.6548122368007325,9.219952617578521,10.28679456806821,10.35683874056461,10.725384563114522
81300.0,gromacs_replicate_3,79.253174,7.818064880340747,7.036140418152254,17.070068,5.194763623126346,5.373934553138516,8.831718,34.68692679891101,26.76772020467648,21.172472629344718,22.342265254226923,30.434203317639987,35.83563258583643,76.24147950491893,82.49630494021885,83.22217544035006,73.09816063761362,79.3962751668446,85.4559341305349,7.318314895555109,4.584603656939921,6.354575307023992,6.52077146469887,7.349485061742738,6.431279480385116,6.336630124906711,7.198670667429213,9.530627893128845,9.67740982420625,10.433624404374736,10.832381665032567
81400.0,gromacs_replicate_3,77.36759,8.013699498519701,7.438396460984857,12.176636,4.890842483925536,5.0015259794748355,9.44281,43.656759424609554,35.00214207762332,30.223019656350893,33.544127707186746,42.05722717611312,47.31335393485178,59.7441508623963,60.07839675099284,73.67747738788943,87.34688946009614,87.26945908496589,73.44918650991492,7.489948426509078,4.522406305878418,6.665410507618088,6.557651860003533,7.500468117989008,6.383884985227864,6.163565232852372,6.623812363770001,9.770269343968815,9.734865088251816,10.526710590949554,11.59645294710226
81500.0,gromacs_replicate_3,79.84641,7.819393712302019,7.119228966785805,21.354134,4.99548281123226,5.181490911220518,4.189026,31.234777936656904,22.092998736562983,16.738645632063662,20.600170469736753,29.122435897786886,34.518338249634674,69.74498854245955,74.71855312203338,89.76170175551457,79.47420591083419,84.1042356706477,80.64565552296492,7.005137672235522,4.34590509945554,6.278626277193156,6.142513116999446,7.694201753179556,6.449510601547964,6.804583328766347,6.673315783643456,9.451575692156451,10.004573066090563,10.791140053442993,11.82557150486877
81600.0,gromacs_replicate_3,78.802055,7.261900844913037,6.575447842992827,14.355087,4.802096290953214,4.946247738066822,6.776985,34.82421558218071,26.69048960094822,21.291935675272967,24.982050250116735,33.53496046552215,38.49203060648643,61.77103518601232,70.6432920997535,85.97977469613733,85.9206095193629,85.55854698107872,68.94160550466488,7.176075128985916,4.578168402474832,6.1280419998494216,6.255978419247579,7.835081111888883,6.815692819477267,6.158225213076153,7.011533157704884,9.27000201567845,10.001182985702275,10.29346709928155,10.831118695597858
81700.0,gromacs_replicate_3,88.76893,8.059944221733987,7.3533275227923856,1.0541153,5.320223718128423,5.508555978553941,11.530075,45.84508397694264,37.456911693138935,34.15366028123518,38.13699294218259,45.9439045043105,49.7479887515967,73.24625392680228,83.35799122022632,83.13424290124206,77.86896331071547,87.06704129852629,78.06579801196074,6.456187953686222,4.425760782081461,5.86138558667581,6.023699923989406,7.9126238014625505,7.140024665201775,7.027083914985334,6.927007915398824,9.75353311454174,10.072393137847902,10.481901246056548,11.308588127138123
81800.0,gromacs_replicate_3,88.82237,7.986940063948899,7.370582869114012,16.004387,5.0933312951718825,5.221980708996787,26.980026,36.08237688571509,26.318098727153235,22.56662130801035,27.408154932170465,36.0930487660932,40.65818161415513,44.667256640459584,48.60925685880665,63.55485389213122,74.60453101506633,70.45518133128813,56.357849450069295,7.058299307758474,4.252413553687982,6.500327772829132,6.598362084264427,7.394115394910826,6.609838309662508,6.936137776409841,6.385964994947816,9.728073641975232,9.755878648950697,10.639441308343086,11.599670263623343
81900.0,gromacs_replicate_3,79.19568,7.419180164576295,6.748765618314146,8.628883,5.016637740013897,4.7845983287122795,23.105896,43.48855440281758,34.259055428536215,30.307142431377702,35.00454395104465,43.2787818227338,47.65476682616008,33.95186351051294,35.124605437442355,48.75522850672794,60.76461426898807,60.41884753060674,46.51613138710348,6.870619260545999,4.4723794062218944,5.999796547030027,6.80211940326838,7.327098718023608,6.6497195518545915,6.682126246497185,7.192017199350141,9.411696110941827,9.263761410118772,10.297461943910342,10.900527475442038
82000.0,gromacs_replicate_3,79.31909,7.988446041996844,7.429397188992794,21.061333,5.062570408701019,5.139919301509283,18.383537,36.48756803299388,27.435710452549923,22.307370955917342,26.89858220564032,35.64403253783831,40.76590192875924,50.7989076028312,51.48613581480313,65.36388699670225,77.38599245189452,76.84480355586525,64.39425857794146,7.279622431631258,4.660945158522398,6.1930376703799634,6.221596782046796,7.740645224836545,6.225072795855552,6.401154819572694,6.5915706094666495,9.780468015845946,9.620304490950604,10.776216341566276,11.155265007243802
82100.0,gromacs_replicate_3,88.11637,8.027014248040995,7.197960295696688,4.342499,5.060155016579194,5.188135739269435,14.436363,38.54357760417712,31.240589418815667,26.517193169708126,29.603757213360932,36.01391288567036,39.91291792374689,56.770396422378916,64.8736397851357,79.51432143404236,87.17020733421947,80.90345734741784,64.17730732432544,6.94542984537416,4.117910379503802,5.853620910142687,6.528731089365864,7.339050423407933,6.434351731459215,6.513237114516356,7.195732172188438,9.405080990963544,9.510396949374005,10.68039295099754,11.10663531555068
82200.0,gromacs_replicate_3,74.865036,6.8801970838580795,6.262898340599812,13.46801,4.956491416592256,4.596087859789567,14.774895,42.911675603907064,33.21793001618955,27.514689021933393,32.11174997076592,41.58892501775802,46.771369532410894,34.75225682664372,37.93082009602865,50.80870436522839,62.31905625145192,60.55861495968716,46.63801427512302,7.051620788593265,4.873036361623839,6.419434741912294,7.1079030111664725,7.730056017942151,7.054282809428204,7.06251921127752,7.5352684718305065,9.223505650908358,8.42770503725444,9.591552347154607,10.706740906497455
82300.0,gromacs_replicate_3,85.47572,8.01949219540162,7.321361586310757,21.414291,5.050830940759009,5.195881075402934,23.231667,30.663676739074976,20.477356763308887,17.663854128976407,23.82886000689651,32.385825299781985,36.005002693155284,48.53573003177729,55.08449774526515,70.76221313098976,79.95945471112405,74.04254464761064,58.96951280221202,6.868369571037894,4.2043611675953585,6.598412473019269,6.715791245062865,7.486475435876976,6.692461108109595,6.890349657291425,6.659370307342292,9.426620079566923,9.65367793060829,10.742301064698049,11.213042630202827
82400.0,gromacs_replicate_3,78.97992,7.5602389139877495,6.799861869858842,24.84497,5.102006481671142,4.945653645344136,9.482407,22.403298412566517,15.886653889235742,10.340317697479062,12.22631748581397,20.536270523883253,24.998609606355355,46.99025200713477,51.90054147764791,65.61943013779076,75.53837198198654,70.63664774292984,56.30015561906996,7.104543373374298,4.649589151510009,6.429948634256581,6.6966718487685295,7.847423217900597,6.743097294290098,6.966702073758149,6.953508940835277,9.256058687172832,8.958650154340956,10.388003744478679,11.322175805810142
82500.0,gromacs_replicate_3,77.10758,7.813743431324067,7.213713705935645,22.49112,4.9459046412857015,5.079071055662489,6.93338,36.01842375293281,27.413659339314247,20.765891533481735,24.23445849404729,32.82863830762873,38.85684754261688,69.80001675234887,74.93424948617151,89.18756834920055,79.7703469948183,84.34523946635787,79.57849380290888,7.249552770132907,4.464595153544815,6.280313089000198,6.460994804538059,7.962402441443699,6.569222975939635,6.548012561020566,6.397067724241299,9.37333303782051,9.23207588004578,10.495356915768504,10.924357555324391
82600.0,gromacs_replicate_3,84.8124,7.993566067372373,7.2540543370150194,19.510498,5.025084513412568,5.167398618125295,6.6731644,27.236825502582914,19.07172220000085,14.495072432956206,19.687670749815688,27.685812174578817,31.3994443046871,65.35807751535826,68.25582947548739,82.25086012796206,86.26881524031886,87.60440576045477,77.59227639910932,7.099367466769349,4.4509359541464955,6.1600018431282715,6.38760239082004,7.538753651988752,6.603195494785442,6.559371665929105,6.924861082641338,9.53044778871086,9.4088292492757,10.470699758845743,11.189905302015598
82700.0,gromacs_replicate_3,85.32838,7.427173486074554,6.7166811346012585,6.7795334,5.069497071939356,4.982146453599567,23.483635,39.47157749328668,31.292083925617135,26.580652992419363,30.455537877570627,38.089185522117155,42.59877717333088,37.43548822941267,43.93659161499008,58.35805793409611,66.37879545324176,61.70594956717982,46.82809920274455,6.679983132313579,4.142623142960399,5.8962950475472224,5.9294030878008135,7.922873059208146,7.167155696247335,7.729512106611431,7.50751104971942,9.211876497608154,9.365761255981266,10.019229717363805,10.88304458898223
82800.0,gromacs_replicate_3,79.840485,6.832651103919223,6.087263464250692,24.240936,5.309444130519998,5.234881281837951,6.5069733,26.11283284230552,19.21865288852137,12.001004041695088,13.635283984483427,22.9764673074171,28.91903011193014,52.82673608058893,59.49120134949498,73.01063403918644,81.81575644206865,74.87909611383542,60.91215433571617,6.96685321760576,4.562842874465214,5.910254995024594,6.719379461646647,7.878536569740173,7.1741501727440316,7.356531731582996,7.60521308166902,8.796976858350241,9.39153700905332,9.992080827752998,10.335864300422834
82900.0,gromacs_replicate_3,80.49746,7.5787686846753655,7.029375539028318,16.557663,5.26727501534149,5.2590426738338065,12.898613,38.98645630717267,28.977307348676064,25.8599101834901,31.850586545431412,40.80919848065012,44.43334910655302,50.88484700219867,56.52393973855128,70.59729593467387,79.54281205589342,74.1897574409337,59.769745103284855,6.671730219946478,4.40959627486169,5.882209548483464,6.742862310289464,7.875246360873778,6.8330482553483565,7.3797034451031855,7.563953967001756,9.603132905659587,9.659231600396778,10.204772537857153,10.341381394115922
83000.0,gromacs_replicate_3,78.0589,6.724859933316383,6.600121109784889,1.9146118,4.873838805536153,4.7375739451415955,16.678612,74.88150012318796,62.08633292683299,60.28433710848545,68.06798600719291,77.7566602219327,82.21711799660086,40.717434069374,45.45615775515953,60.54142872524783,70.53229006191795,65.80163342550001,51.181419721964716,7.326621679435953,4.663547371566613,5.916050529878629,6.849019310467369,7.87296949556434,7.329094027210178,7.3827102927841795,7.460599773532776,8.57523908207867,9.562343797591744,9.714473785132911,10.959830067158688
83100.0,gromacs_replicate_3,88.27675,6.7643084821024635,6.078272864069843,20.751595,4.739231127903934,4.658926152155704,25.012054,27.017534673129184,16.79585743436492,14.572575323613876,22.44302465889086,31.531026172608573,34.60222376978986,36.037601255253804,36.079066360643544,50.231155214063506,63.641789420127544,62.94550350588499,50.500149629683364,7.164030117790609,4.7139278808896545,6.176565499182726,6.737431911531551,7.632952319345904,7.014521182718217,7.411489641978411,7.362113745510665,8.782363619478579,8.946395232879388,10.147558030024044,10.758986254431415
83200.0,gromacs_replicate_3,76.92286,7.9590533991489,7.560003380573446,18.276253,5.241077253271258,5.1895704918807555,6.3139725,48.83832369275077,39.21319162361828,36.10194104658806,42.5676540606053,51.15877062756385,54.82830231176103,53.557429860385675,60.196327621561856,73.69825097411324,82.36384469529875,75.94202572191348,62.06710709031207,7.49182903536469,4.586286356374858,6.318490215010218,6.615912784078624,7.171955132508482,6.607794261773544,6.915006280414198,7.397747876547057,9.535573799221064,8.905133539731931,10.732001621378242,11.121356575776101
83300.0,gromacs_replicate_3,87.42126,7.614137067543819,6.827116785242234,19.2639,4.785716626088473,4.989829672765909,25.473686,19.49508515311861,10.802161375998237,8.73918739097201,15.513185883629202,23.93120487328479,26.18899781082184,49.039230716062036,53.84985701100237,70.07193976160113,81.08187604893871,76.95898994576602,62.22137364145935,7.061344766618225,4.738783854585821,6.065463470565158,6.303079142486754,7.617065462860789,6.624112140720813,6.505931540114642,6.86965403620168,9.2616543518677,9.488933494557806,10.699210372702492,11.027961704158528
83400.0,gromacs_replicate_3,88.19091,7.525838504178953,6.761896524520188,8.113983,4.787687088524164,4.953610432765395,8.952766,37.23248128259674,29.187577720217234,24.921881958712113,28.209010065059676,35.45297129980473,40.45950006202824,61.72430690264068,72.2201497715592,87.56020043305638,85.51964627751963,85.44221353091737,68.14673867504618,6.849526294803302,4.335559840151257,6.304511857057855,6.539709981917263,7.180553461132393,6.322998878893946,6.407154667863778,7.268634034026882,9.238482352142029,9.09947716543193,10.370350467492239,10.810075289477762
83500.0,gromacs_replicate_3,77.09793,5.853089538500912,5.185050602113043,14.966232,5.000611157957979,4.538999894775977,6.909912,42.54190471993808,33.44497905183977,24.035820978000366,26.283607833539314,36.99215173645328,43.83997053873192,33.9178530242491,41.4220795847663,53.62913959932847,59.64757413368676,53.456215653195514,39.483276883862466,7.085702977859992,5.369808566964301,6.432788800125994,7.553774184179662,7.723006803520203,7.112555839589684,7.756566921226686,8.138428844881892,8.853753020811029,8.776844341847847,8.696445532406369,10.36075752120895
83600.0,gromacs_replicate_3,80.348015,7.630395425437258,6.997508844848436,7.323166,5.056974412457053,5.004299957284938,13.445084,46.76092746831043,37.86645703763085,34.78155757469721,39.82917662026756,48.52612223585578,52.23072396741371,47.555519864978955,56.59777664252411,70.13967528455508,78.07697643926736,69.20961673487213,53.03113043381616,6.912247701384518,4.224299037323066,6.138151622747979,6.6182795903461455,7.564472159748854,7.053938818881718,7.646965885607838,7.7168512957724245,9.619907741741349,9.19380745675693,10.387637833455525,10.773989002316002
83700.0,gromacs_replicate_3,78.01532,7.899625545084982,7.050795229470649,27.92073,5.319764425048348,5.371501595519625,14.182701,20.729450668170735,16.32205276850074,9.529251874243126,8.225542691078847,16.236323029459342,21.61003563513144,52.881190988603684,58.049618078296724,72.73953161085547,81.77480485999658,76.64113152602116,62.7969222365248,7.118360414503699,4.26298202978384,6.226836688765354,6.141736756405508,7.679081944941235,6.577313081472182,7.1940205351382085,6.899377617764525,9.653533540447778,9.891808590460265,11.073037800870376,11.38381517409973
83800.0,gromacs_replicate_3,77.94153,7.272474484960493,6.503086595276766,10.854134,4.938705262538032,5.012826423107664,31.992943,35.55072114277829,27.375860130333823,21.864942268143544,24.128789626811688,31.725810465113916,37.379321051486706,36.59319092638402,40.88829088875847,56.32126620647797,66.2267261516394,63.21585077339007,48.64724130695583,6.961278506084292,4.587833236527696,6.211813816586617,6.924504415752907,7.255152465599037,6.599158645151513,6.831303997667769,7.192414686895249,9.363786607384046,9.923916171229015,10.285083105651838,10.81420405186367
83900.0,gromacs_replicate_3,80.54136,7.569683559635394,6.7289178571640775,17.239594,5.404509734062249,5.157631280040469,14.009384,25.629755279000037,19.79677371544229,13.927366664106897,16.894983133541068,25.167035630735363,28.320003362009036,41.03228778442973,43.56013949456535,55.60409938187996,66.14928331498054,65.4854813889313,52.307841811200774,6.913837298547645,4.578862612889408,6.478883346377229,6.585575470138566,7.744473056388169,7.010224465412413,7.371937323584611,7.295909280531548,9.388607678957454,8.967202367564399,10.304863822640659,11.160156765663626
84000.0,gromacs_replicate_3,86.512215,7.667201344655406,6.643537497299861,8.949043,5.310489709409108,5.354755756209101,16.723976,27.569632543639656,24.21760285519256,17.988861391610065,16.881815288343514,22.26912539577789,25.567274682013196,52.94314226310185,52.96367159659907,65.23523587151745,77.66499197811771,79.47118216579294,66.64347038453461,6.7193223779103075,4.256185550619817,5.572917468424884,6.2477135037162155,7.8799196849354765,6.802255936926644,7.052388460698229,6.946971219214954,9.477605494589472,9.815629992287464,10.116607715609613,11.138042054016209
84100.0,gromacs_replicate_3,79.5157,6.946056731095641,6.160102200912169,17.711807,5.105314517829396,4.946813817309737,13.039131,31.281596091892823,24.263270541976084,17.12915801830127,18.51893160619852,27.012139988776827,32.23627924627112,43.184572454749635,49.975624768536136,63.18663317767686,72.74070331662442,66.89162062500259,51.35743051192028,6.671297635711501,4.389227928764618,5.966125760862674,6.721797641433639,7.746459999299054,6.750878822680397,7.340320582037282,7.6476958427094965,9.287552211218497,9.744245412676491,9.696883210872132,10.633561817126305
84200.0,gromacs_replicate_3,80.1843,6.180946822712458,6.491746139260598,42.81526,5.2471909598295845,4.924511859537299,10.7823715,72.82387898634458,84.00924333961072,86.26771653062329,79.99959308460552,70.21954798202201,65.16117598931737,40.607001906021296,43.38260824120526,54.97230748801659,65.49863778740398,63.909043637584325,50.82270059441014,6.688938415099829,4.521765057821713,6.213585227134197,6.907802655466072,7.450845126719339,6.740981896035283,7.370089408502688,7.537704807937338,9.330638725971058,9.415721260555495,10.12497113313547,11.353801402772005
84300.0,gromacs_replicate_3,83.27409,7.505696482850852,6.728054945159207,18.268944,5.017604236786569,5.067614632602816,11.890282,28.13075492068993,20.63042956547289,15.230010375720205,18.73759616881305,26.849066309253022,31.60426560609807,53.53528879800968,60.213753860750195,75.10790049651128,84.04914023117092,79.00713923630626,63.37903981573367,6.976733946448016,4.368068299061608,6.023150267039114,6.249479322889996,7.659746751218038,6.819833305449829,6.878770430800402,7.175568545937684,9.51546069136456,9.542968096960005,10.494510967122347,11.083087118576197
84400.0,gromacs_replicate_3,79.49324,7.7216483157053215,6.881958568938221,21.09517,5.128918979859338,5.1100451760786045,19.438751,25.57274933694107,20.839278303246964,14.59746127099577,13.669083414703332,21.53187857430968,26.78476155930188,44.229713547108425,50.81391695523138,64.98714134102218,74.25867986468612,68.78003517573175,53.953782942774595,6.581133471629617,3.992984161437291,6.070297114832677,6.270411103877908,7.488321696209109,6.897382769008859,7.4838330099912715,7.207329594934327,9.627988010378736,9.956256433151726,10.538350763416963,11.44107333981442
84500.0,gromacs_replicate_3,89.54052,7.727125674645524,6.767770012173894,15.179573,5.063136229242507,5.2044260363346675,10.885101,22.164719630823743,17.065109064872416,11.685720210534253,13.75845254713741,21.169028558876196,24.438967398476464,60.22288918073264,70.09188910811433,84.03359943010273,88.68096601480904,84.03369401489901,67.28684591542226,6.3986672136642335,4.401541963415367,5.858437590665619,6.378272453128788,7.779032439820682,6.913237735751693,7.435164799261133,7.431415100882058,9.38409140460975,9.331178861534434,10.417564512790872,10.846172701317796
84600.0,gromacs_replicate_3,75.83047,6.903137144558035,6.309145430884441,2.4501038,5.055115111680797,4.947229692407806,6.0861435,53.28260009976706,42.89201405147613,38.3164751853645,42.63059061055031,51.276770546309464,56.83450536273645,49.7214798646686,59.13503226135477,72.2056217658569,78.59242069259953,69.48177386128884,54.365278387081524,6.855573182829038,4.457915624944498,6.19751849385028,6.684671514075107,7.349067621580333,6.758211199800662,7.279661459689538,7.640036516627493,9.128041684057031,9.021318540399813,9.610008646767255,10.67073774214257
84700.0,gromacs_replicate_3,77.16542,7.1191294560172445,6.509344279148687,17.580025,5.07216616802291,4.9145859184711895,6.718254,39.3437426570138,29.826501320868157,24.161673319344647,28.47438846218523,37.24506244675615,42.887089791262255,48.09945240188501,55.82095675671883,69.90295698684368,77.45687889319841,69.68040890260835,53.81749694104472,6.811094278873505,4.543876838321537,5.702352516533022,6.4339189411983195,7.898318219467724,7.138577056373175,7.63096833355684,7.339531737573386,9.085377824515032,9.436199588792075,9.68838474603854,10.379211592254292
84800.0,gromacs_replicate_3,80.31016,6.956062562606434,6.243660550383885,8.217316,5.13407746441579,4.965028116122114,13.367081,42.63744573388266,35.04539330505901,28.74970345087822,30.636063483188398,39.36523796496728,44.99556291092933,42.78823051925679,48.79334506336731,62.705299785540106,72.33230293655068,66.38050672887421,52.126694654548416,7.188250489804039,4.695081506924151,5.829778204030141,6.420433646187797,7.862634074104296,7.305491604281506,7.567090392360315,7.8810133762126355,8.845675729007906,9.673732407679664,9.55538330672792,10.726564464655006
84900.0,gromacs_replicate_3,75.31331,7.102690112300729,6.421477188570078,13.085144,5.175303511790139,5.12472913033192,6.3243866,41.55595806706154,34.66818931883388,27.295276162957915,27.753091310467948,35.92650855938994,42.619097235212145,53.678543531921825,61.581016865246944,75.31364861577032,83.79486058974125,75.58078320057355,60.20336790608977,7.0639718057780945,4.698553234212825,6.16702114687677,6.761585695780043,7.27638717351642,6.730653169243454,6.864330226463442,7.277300857539252,9.334839888286528,9.372480642825664,9.88388262465319,10.892833148968002
85000.0,gromacs_replicate_3,89.63779,7.289334486644171,6.548054257760927,14.4123,4.9687476243480395,4.929525219304494,20.960968,30.007814225258816,22.090137848507762,17.181812389071332,22.660785134066547,31.3118451646447,34.90586440698619,41.61680420796315,45.87348494986333,60.22731949357167,71.02385711928174,68.52708022213547,53.53632271139093,7.002510164242845,4.607969536334166,6.187897116756444,6.36554637914676,7.665025489475988,6.7665906336256745,6.758241135338982,6.911035523702811,9.159470222804373,9.750669013186869,10.192153407412183,10.785576826308109
85100.0,gromacs_replicate_3,81.01521,7.70548615099031,6.993434769584762,23.140633,5.287136457416636,5.347116561658162,19.818253,34.366474036256776,24.248434560626652,18.31938722171073,22.12412732884586,31.63661366441782,37.14337822431867,49.59094044221429,51.30480651643302,65.59613827342919,76.70549278634785,74.45977478929036,61.78552379323532,7.290486606046039,4.39264101627574,6.419744554772125,6.509995111756725,7.073096563396884,6.48397669734257,6.652418068670661,6.773276805153303,9.4977582851126,9.553824764484437,10.18061685193155,11.062824232131465
85200.0,gromacs_replicate_3,85.13606,7.244657668769289,6.758392492051345,9.809555,5.253024402719027,5.304889754228843,24.722687,49.209526902504535,37.49287257483339,35.93768787057437,42.27727434438599,51.21824105189455,55.68251767439488,44.46307322558642,46.791382472697194,61.7767879871626,72.28986941527535,69.79129928556641,56.748028572488344,7.0599130817441464,4.548648845326867,6.320022878493672,6.3527641023913075,7.616492203947063,6.907397534369766,6.979230550047229,7.007636828740242,9.029825887601831,10.03785882041778,10.036872463527054,10.573994713270354
85300.0,gromacs_replicate_3,76.133354,7.850010324800524,6.978141140232366,19.439476,4.885752630981119,4.960179467205693,23.025711,26.85500505181685,21.370983583162456,14.679139230927593,14.469849583685855,21.312073023499142,27.140670939453525,47.453299468228984,44.607688560202774,58.00013960264198,72.0556768651447,74.51028207513687,62.30681652691033,7.393269232688307,4.809290365048419,6.069984744764944,6.271551034816003,7.541374473459042,6.495768036021052,6.169396736125079,6.458119713310999,9.510773216320219,9.675629122204386,10.898936466889934,11.364180998435456
85400.0,gromacs_replicate_3,78.84787,7.099529692044413,6.2929226041232,18.551338,4.976589161613645,4.7141709138079655,18.420647,27.901135773953136,21.206136327474532,14.805840855251544,16.574578677354054,24.472716187944474,29.933960612702638,35.73435945151952,38.17470147892967,51.855097326330494,63.390331607287735,60.54004271398996,47.71787179849082,7.1676903004901,4.409805607775152,5.9460755579697935,6.333858574113295,7.947552920037637,7.083182518118181,7.291580726180489,7.199668785419316,9.110652388509658,9.165746576291403,10.258207712671263,10.820895785328903
85500.0,gromacs_replicate_3,85.91796,7.95590389888357,7.43816773258769,24.669334,4.585606906126364,4.702031740470176,29.208572,34.874058146729034,24.03459944316925,22.123271710730048,29.396803463052112,37.87502024527146,41.3236328213691,40.65677699954945,41.585300906439706,56.7261127010378,69.94485330649788,69.1325155401953,54.898976357167875,7.214909597788509,4.817222188967603,6.40663853242489,7.014423699171692,7.443122669283464,6.733835945549678,6.2600382974140985,6.907304378174553,9.030558864552837,9.279958573612122,10.23182615503547,11.214932888605905
85600.0,gromacs_replicate_3,88.20874,7.601910318159266,6.979062239293051,23.974892,5.1631513359250105,5.26523265706983,24.210526,22.54168031072605,12.118304510709061,12.23481699053796,20.40066291494587,28.857980870773027,30.767430980226333,46.50472182009077,50.67374115566789,65.2914820338784,75.62035787368221,71.21430346186634,57.43861798184347,6.9067782971493585,4.4647283851301225,6.361986815017919,6.4823947458418765,7.460591048964618,6.817911809014622,7.012875579087867,6.899837189374612,9.632685538911899,9.082097442415705,10.814518005058568,11.118371699918171
85700.0,gromacs_replicate_3,78.592995,7.460283147161788,6.7312055759416465,22.114342,4.8374789724171094,4.829987752183174,21.009155,28.98284483571301,20.696166672218528,14.491679880561813,17.661250065724218,26.245385562692416,32.02940741932989,42.707374209471894,45.7938791415846,60.63571415773202,72.37602335867975,69.86666044834345,55.84177563792096,7.1565193777517,4.424031636399107,6.124017645968947,6.428720035103078,7.728328382393747,6.870381202160015,6.737803945837691,6.962755777965594,9.266924888255637,9.388199182523842,10.163105815556007,10.685506017801753
85800.0,gromacs_replicate_3,79.39021,7.322188750269996,6.538514287129214,17.110657,5.218966934128017,5.116896146651054,15.190605,30.762231315499008,23.493534977079882,17.23179551372106,19.822104695581796,27.72749626389141,32.67309517381318,45.57957888535417,48.46385856815933,61.089028940785816,72.30757740585692,70.27178258445646,56.40201970706746,7.22869173307939,4.448408913288744,6.224578135357009,6.213818718090155,7.638541168423468,6.680507485741679,7.256244514248358,7.482735262358545,9.02317977743452,9.588217018714102,9.882349395588191,10.618422477535919
85900.0,gromacs_replicate_3,82.62946,8.55672552527221,7.8977051620391965,21.226135,5.477693414740028,5.572362592984609,14.827751,30.852809555300258,21.792427524669865,18.613353243311014,24.128207107662643,32.174137647601846,35.83988899938635,55.940494772076924,61.207682963327414,75.19603699539587,84.46746114557787,80.64334526618333,65.91074036054407,6.907247097002156,4.282762535830737,6.725959294007373,6.715975814972953,7.144828674686671,6.411482436486075,6.399914326929866,6.9493804521244416,9.977182740901707,9.564777773429068,11.052786341959559,11.701341129590086
86000.0,gromacs_replicate_3,63.23196,6.920731191478006,6.195443775592001,10.706848,5.348532195579268,5.083173690890422,3.3387299,42.58256681063197,35.05405247001823,27.674623406311333,29.159726116278005,36.400802860849,42.795215130247726,46.51571751945746,54.82976077805615,66.64886020050132,72.33638966647919,64.21375980009802,49.24414331674668,7.425009772230508,5.015716469746309,6.045598802204515,6.66087942491226,7.428806286239677,7.052080173697998,7.590468443527806,7.691534949219336,8.967356753217356,8.843713163680901,9.641822808300642,11.027172200699209
86100.0,gromacs_replicate_3,88.1901,8.23413712769212,7.476805576334066,5.004677,5.1712231335606536,5.306871516656706,31.91304,39.32630936017512,30.877670950413666,27.41065237651937,30.34278500644116,37.876308622422776,42.476022927768305,40.365814823647504,47.01383187997583,61.80018117895321,70.59743920207991,65.5600874254589,50.422689738102946,6.741705103874026,4.119645980539165,6.1387016358292055,6.270607400091807,7.308311050920431,6.852925231306888,7.587404654569151,7.3485597445278055,9.538381446833316,9.92674478723312,10.49175820343749,10.824774468378356
86200.0,gromacs_replicate_3,75.91644,7.346705380106911,6.8333011127650005,31.29126,4.788969289275877,4.627582724855532,13.012451,31.0231046550723,19.769469773256358,16.247054352182445,23.81287764453618,32.81360653310859,36.497356067667404,43.19597111892829,44.44759297094195,58.01974160598488,71.27280352843346,69.84718092593796,56.072194582979314,7.144721177771852,4.638126555078241,6.167955421166425,6.684617508948589,7.421354954231363,6.337829088936062,6.668417361401677,6.810413448145846,8.949017027408287,9.483340456876247,9.928506101181782,10.892069697754925
86300.0,gromacs_replicate_3,81.83585,7.515720468175868,6.918548771623137,10.489723,4.726526845814247,4.812048441232652,17.874222,42.59077827781157,32.95697835798897,29.98915412558812,36.64084323140886,45.17916086647743,48.914999674372794,48.61705451738933,56.70626044889095,72.23378770955735,81.08585641302659,73.75813822019732,56.87358389139714,7.010012061736982,4.463477060256092,6.060562266303216,6.563606762334567,7.325422069364043,6.7331332689951,6.593537984360674,7.061348646449456,8.891544156888546,9.500010670430477,10.3011714768511,11.221923976936372
86400.0,gromacs_replicate_3,83.34485,7.536529038071119,6.836544257548015,23.727478,5.336053987332586,5.286098411548711,16.315468,24.368527587058807,15.857217079920975,10.783199607595458,15.972567512042303,24.43570637221692,28.64232260025877,48.3676776567825,50.88317747968723,64.04547506616636,74.99602347023206,72.83693338105334,59.718354441703745,6.821845154020609,4.38570808337093,6.169532990464258,6.481371177452789,7.544447796847162,7.071874591369989,7.140224386581979,6.894957467370376,9.303020060443911,9.854895666414778,10.126770546438394,10.82807624255468
86500.0,gromacs_replicate_3,80.38971,7.564278942244697,7.257865285583815,1.398262,5.353163344679079,5.337594331932154,14.269348,69.62061368409663,58.95328400495574,58.04656047267662,65.04193152713702,73.84700862224447,77.30282986185759,49.460284235137195,58.08595280522529,71.63968935431231,77.57626913053636,68.75401250985728,53.74589598763819,6.775259171861304,4.210442689532245,5.947747015670552,6.427018965290725,7.685503548703909,6.843828084562811,7.519944936249807,7.2499927559911,9.502220458425578,9.84159158503662,10.126680439998571,10.97810820064615
86600.0,gromacs_replicate_3,66.868286,7.023810644130468,6.461491341780972,36.696716,4.995538248586443,4.621580173564225,8.354256,21.27774365317051,12.775611242081474,6.040604668839737,13.063529233834306,22.2988696894474,26.05048257198751,38.8853978740614,43.068010039326005,55.557785398462435,65.79844502265836,61.22705839753655,48.45863028731117,7.577321899009266,5.216956364801753,6.422556531075665,6.866345703725926,7.640773752221141,6.660096778515857,6.927593245079056,7.090249776516726,8.847059657091146,8.775234695010404,9.959213959023602,11.12323199901293
86700.0,gromacs_replicate_3,74.84116,6.9904552018697075,6.391063344505597,4.731964,5.670852461583072,5.442378560087885,10.594368,50.9884351073533,41.32571371303394,36.539779553288255,39.76068250234196,48.51045508601624,54.45465328770589,45.89550129691387,49.9616749035308,61.971673871438,70.7325527842517,67.29164443182185,54.396201792129425,7.042582227827799,4.524343735039717,6.141643002710652,6.603627120208583,7.436565502077633,6.6791227707884895,7.155236768504756,7.534929274546284,9.523172207879034,9.418618654383378,9.931989663307347,10.901596965863215
86800.0,gromacs_replicate_3,77.168365,7.244934093718781,6.407740660622429,21.206665,4.737277024049885,4.687432278885659,13.979187,26.980373975043317,22.490496969955192,15.148133006353214,13.244460394007355,19.83179422268139,26.215099372949908,48.23148825255336,47.915714695350445,61.86088235894559,75.00420626766106,76.11678516080312,62.56144420424274,7.2411658723954435,4.664181129018365,5.952498629295161,6.244951559672624,8.027174825297902,7.001492664727697,6.83336250935743,7.197983624640934,8.926864244627122,9.734602218859296,10.250549021898326,11.253299684952792
86900.0,gromacs_replicate_3,75.05533,7.842060327437524,7.058278492872847,18.239426,4.9581592805567425,5.024212857047292,4.3259964,33.15480613449295,27.061127875051202,19.99176417574269,20.41310168628478,27.83690089547807,33.861577631494086,58.93389108048925,65.81428554237871,81.04756996714856,89.32705292271832,84.29253439638563,68.15482923684617,6.951409792984429,4.358901730909844,6.043897040297787,6.654134756992574,7.5481235995189575,6.7140783914616655,6.637654883840762,6.690743960242578,9.492690162040594,9.333719640418495,10.287862028937408,11.216462674512455
87000.0,gromacs_replicate_3,86.574196,7.462239636114669,6.574324477352887,2.7149887,5.056731346710085,5.111246478256379,23.48153,39.57481952095272,33.74133625441742,28.542189324329076,30.786836636136307,36.65828906361655,41.12231155707047,43.985334945400446,49.978552687675545,64.15994339537264,73.82928238452637,70.4844971444607,55.04790044537093,7.2018833017981185,4.466720773122889,6.3121451558944175,6.2028468759702795,7.938621984430883,7.1981905471104515,6.964965602939523,6.398182004960138,9.44333049507729,9.403370928505781,10.195591998171759,10.666902114411954
87100.0,gromacs_replicate_3,75.12271,7.96326502004051,7.324979339453145,15.206512,5.413606729492736,5.302154486368361,4.5457993,42.12570284937468,34.154273881703034,27.91317812284764,30.63760724928501,38.84917835994857,44.06215038047054,54.451174096754976,56.32338936217478,68.14195403582607,79.26023708437006,78.07319069459061,65.81395548514412,6.882053170620162,4.1775613365814825,6.558339195504924,6.291029462641562,7.625752716226173,6.646958353042518,7.257072955386958,7.054858048392573,9.533565557446172,9.782821740471013,10.657998262712846,11.120645391396101
87200.0,gromacs_replicate_3,83.81968,7.406058575196314,6.689824416167355,1.3629303,5.098555178748743,5.213699969536346,11.104744,46.566677118070956,38.33867712308286,35.91232248231012,41.32368685479909,49.345390807483156,52.68252862891475,58.74064822630602,68.39581944322963,82.04907861631419,88.99771872959809,80.59007726443038,63.59295101431676,6.662548502658832,4.159359806323136,6.109936061922851,6.224265571291104,7.989436202480353,7.219911688985546,7.357081788789202,7.232528670091469,9.325430005365627,9.305995242717866,10.060537920307139,10.574427802154021
87300.0,gromacs_replicate_3,77.14781,8.031694877036214,7.60891242749923,34.269608,5.070633155839829,5.069741333364311,11.492973,35.99607352690245,25.68586261866784,21.90380297254127,28.17803444747721,36.76093715818729,40.91017984873603,51.924188104985184,53.86596698552057,67.58187775381249,80.25133418255251,77.71252604254948,63.88835587329573,7.184212663926331,4.646127536833764,6.479322140781496,6.518939072249218,7.441867455418109,6.36541762631345,6.6372642546163085,6.87136852286156,9.342698349885062,9.544381675776954,10.889083644282913,11.43568928282682
87400.0,gromacs_replicate_3,74.75946,7.532176158057177,6.801734255165222,16.94925,5.50897481653404,5.301456915023253,19.243813,34.57195154611309,26.951247244956193,20.522762270147314,22.235107719208056,30.19232410004565,36.285894902935055,39.13307549087877,40.53574290014525,51.825911402393096,62.90884422834486,62.361172487728815,50.53703458483472,7.09108562620179,4.329404289285179,6.34795880614892,6.469000437845594,7.751605962868066,7.099830646993543,7.751129660068186,7.602284802952468,9.349733178993693,9.407750303803999,10.087274442832632,11.288273913554177
87500.0,gromacs_replicate_3,85.20226,8.011108180591672,7.183719369406926,12.353043,5.172676831130295,5.3453911105349565,29.689072,34.346569586823954,25.07401746456679,20.716822166965397,25.196339806301644,33.073074983995205,38.28185511771103,49.777647004593604,46.793079959086086,58.46635215940668,71.87864007980107,75.16498657674809,65.02770817391341,7.281180132582299,4.3055789630369175,6.4535561843277405,6.527383938884379,7.503672835951012,6.585405046674106,6.400474285395815,6.923777057619444,9.704784094426907,9.542607011503756,10.48477763617019,12.054964014994722
87600.0,gromacs_replicate_3,74.34176,6.789125083268261,6.1820803480146775,34.750225,5.022805153476485,4.61082083922613,13.436028,20.246826395527542,12.453663478202131,4.715103611854659,11.126333946409554,20.653894265073934,24.002262318988034,34.729679358624644,34.960559337706464,46.12073440681816,57.98424382604986,58.25610106751493,46.17553002602647,7.441375251782969,4.913435237235267,6.236935132795923,6.662064836399777,7.677284128252954,6.804474521923533,7.689033345436748,7.526584666164408,8.879247162349126,9.248859613663319,9.519447088540801,10.82409725519121
87700.0,gromacs_replicate_3,74.801834,7.3720928346731,6.957973120259491,0.2323761,5.366800239986141,5.291438580015342,8.114136,62.93894932640834,52.793770570777205,47.4736889991996,50.088083885421355,58.81601303183966,65.2312774486065,52.60741526423332,56.37357179447602,69.45710599120025,79.57423276704147,76.5743823033805,62.962811829412,7.1252723768443555,4.248955373583947,5.899880049923054,5.681694091906226,7.788317584659022,6.913412757344461,7.617369231440941,6.9059474709859145,9.35664868272142,9.970631644363499,10.233770343743021,11.016843145661475
87800.0,gromacs_replicate_3,82.04407,7.814351175632035,7.074346410262658,12.215996,5.067570771357361,5.068524764641872,7.494858,35.30980044863623,27.540551879626644,22.769766934659177,25.82836392873285,33.35968263760216,39.04143742087392,55.69973867742289,58.954299845380405,71.93904488727263,83.73886674352522,82.48926003733389,67.89858346599908,7.3936575313243225,4.656405130798762,6.264257672890285,6.1876566060256115,7.411827396492395,6.5408975771238405,7.030776724811103,7.181765127102242,9.432381241061618,9.395076421079901,10.603009938827485,11.060393568190445
87900.0,gromacs_replicate_3,69.07989,6.874910507922413,6.384438257727582,23.777,5.095046968529599,4.678600645253639,15.133965,38.60203413491322,27.99646846613925,22.256486597387834,27.6060631133762,37.42579354589897,42.47936669546011,33.03769287033556,33.71990310618053,46.12881722413112,56.71137283012332,55.608126919953456,44.50102213286783,7.749220981154187,5.229404137376931,6.328473879840321,6.685110493797152,7.514122870632877,6.960555391978603,7.292134393220296,7.375727029186666,8.977990606826873,9.427713236525609,9.747521125897395,10.654541483530402
88000.0,gromacs_replicate_3,75.57159,7.4104621391326315,6.764484211137443,17.835106,5.269420227284745,5.373307226234163,12.459366,31.475238243471527,22.162267406202965,17.701662704765155,22.821493854829036,31.314417601770018,35.89074582371873,57.768669925693565,63.07372309717757,77.354496622166,86.19287577934492,81.32961431492383,66.56181902464016,7.125023527983331,4.6098971079247635,6.099911510969416,6.189551328139645,7.610703051610663,6.645699949448177,7.597438592347803,7.06020458076186,9.467434216575656,9.98796754558545,10.005846335679442,11.057303632628846
88100.0,gromacs_replicate_3,77.22696,7.6222950935674385,6.787198570300903,8.699638,5.439048789689837,5.2411458492970056,18.05732,36.87838465563858,32.24852648578027,25.69797075066996,24.58356998877038,29.41571897276227,35.99371461944945,40.550017431793,45.20115132959239,57.99904828138476,67.4694254811804,64.0105927405911,49.844581000663,7.298868483040626,4.7359945593522745,6.173458170917731,6.583814703613408,7.415444745137026,6.8011813048118155,7.89469068732283,7.483629481964293,9.730573400541102,9.52082087834954,10.218234702968584,11.300368175864461
88200.0,gromacs_replicate_3,63.858963,6.809087167173546,6.170419933480348,24.501328,5.29093492705509,5.48542691262808,20.139236,38.587906826243966,32.066558648647884,22.73844784225062,20.138726793642114,28.137709040664223,35.958008881266785,80.79328864527191,89.84239127695704,76.91862747449287,70.47925621454172,80.59142825853006,84.59213021575835,7.455361227004503,4.846504845769668,6.222876720574848,6.5819924464401645,7.80659229736926,7.100077050927181,7.494318104825996,6.903260334519691,9.358274299866597,8.946744243653988,9.627924570088991,10.930672525949
88300.0,gromacs_replicate_3,80.54988,7.217013878461965,6.435809612588722,12.239418,5.136932224217326,5.115926492116244,16.487152,36.448619498932935,29.511582510376407,23.242345227325377,23.648186115438175,31.015157355951946,36.867228561484374,47.22658824978554,52.351679985622475,65.91669568982535,75.78591710417439,72.46268664232889,57.3816734680653,7.4679698355727595,4.539483931281489,6.084318991536697,6.353999545279343,7.350343083785258,6.889814526877507,6.983595801950252,6.781041961375884,9.60699050012979,9.5209917433703,9.962772347354123,11.175016049560423
88400.0,gromacs_replicate_3,84.44885,7.599109291755579,6.824785695119606,3.8021622,5.101401071171182,5.025475371412033,16.753273,41.40467491407877,33.92733739153223,29.5954456106976,32.2550228138162,39.0432197500625,43.80576766604043,45.852864670950055,48.09098557502804,61.94047274035383,73.87700740553794,71.72232129095825,57.71360999555667,7.132973017082817,4.51934865857284,5.572891241432972,5.7520071511871285,8.07946466131687,6.891194828577203,7.80321914371885,6.839138601253966,9.239009902174152,10.028286183194714,10.081234765774779,10.51568581040866
88500.0,gromacs_replicate_3,78.06205,7.025268025050265,6.3816605479616335,11.026512,5.173380571392708,4.965533495307954,10.549759,42.56775779583113,33.67109331201127,28.269562964405974,32.21614167422373,40.70981652557743,45.69340750428583,44.05414966164658,50.49869994146327,64.14870302200109,73.2186129941773,66.42290811066253,51.580396101647715,7.100392701651916,4.488397876915901,5.992514043229111,6.396426910358098,7.577611923100168,7.092553962642414,7.504062626305754,7.103431688307676,9.320420555585857,9.59851097355923,10.074328166474238,10.503338733342101
88600.0,gromacs_replicate_3,76.159424,7.439077534570884,6.878638148438864,19.030022,5.236899221742002,5.263000996430112,9.274315,39.91164709652186,30.9058815436468,24.356710937830652,27.864901808316688,36.3347071231786,42.42304502213939,57.70137292995407,56.40071529951675,69.07558157021384,82.64348065405616,82.71416632300269,70.8131359056475,7.1339554020374925,4.742815763097439,6.285805137513115,6.416127945995435,7.989747303228428,7.086891795369359,7.439790493777273,6.828917258264021,9.336583435196284,9.902016850775919,10.081653270658464,10.91568585138468
88700.0,gromacs_replicate_3,87.08909,6.259497615331371,6.526820688032085,35.283394,5.757808636107374,5.8840795770048,3.2148438,68.24492503402563,81.10682334408548,83.82529446655582,77.46593344975294,67.31591246928653,60.707301643570204,68.42338173711774,75.7313142145622,88.80272106559991,84.08387834580347,89.48872513621477,74.63520655565529,6.8055772640168914,4.312690150269438,5.925952709204565,6.763494647305556,7.56341968361455,6.883238880865966,7.452718916804124,7.886686612265913,9.81845616184001,10.274423750491026,9.961296525225695,10.6970429467616
88800.0,gromacs_replicate_3,73.98141,5.7605490736605525,5.915731336467177,17.287354,5.35628634529704,5.067009754883269,6.75531,83.56094726989414,82.13452913055397,79.57031125538064,87.36735973928292,80.23774705584862,74.91350176510893,44.80927857447864,48.57050739673932,61.11147757748244,70.12046776546076,67.23476581930625,53.94701151640645,7.214358871103034,4.628159972613872,6.3707041271441325,6.354458724175143,7.501537723427517,7.222838681755504,8.282996829992987,7.442351144681543,9.154771053353697,9.30326878904881,9.59898268200592,10.77319241884294
88900.0,gromacs_replicate_3,75.88227,6.088806410819809,6.132719253854624,16.837257,5.2178787762307675,5.236825036595163,4.100609,89.10723864197683,76.4690760151714,74.54696773311221,82.35003821110617,87.08292594847518,81.4350638932418,63.51298167063644,70.03425026436398,83.49905144442378,87.53334205124733,86.57452243172628,71.20549501084312,7.191930172794943,4.390624397275864,6.1135104196034185,6.356264438388956,7.698758110404323,7.491811823542945,7.02491078782258,7.029282488783443,9.524747035886719,9.443849148909182,9.42182550972906,10.3795973324134
89000.0,gromacs_replicate_3,78.47132,7.556508825479014,7.07899653922799,11.264786,5.029018219317221,4.994666279167748,9.200539,48.64859744645315,38.36838453514248,35.43150811368828,40.78213141763628,49.64026909161331,54.31995036742319,51.670487723828465,58.167396176829236,72.62966996095318,82.59701151800165,75.50300442929651,60.072069396554944,6.8972528628470195,4.396344456633071,6.013445461848248,6.50658982569548,7.608444013568985,7.217911090001827,7.648887299678302,7.1942047613131015,9.18068079332399,9.558089688046744,10.183403438460845,11.27762911240336
89100.0,gromacs_replicate_3,79.94941,7.525684284213675,6.690381751553655,11.905746,5.411275888064804,5.259466403594755,13.374695,34.08797069765082,27.829673734874024,22.36672238788513,21.675459232062764,28.97470252279003,34.22416788883584,45.32306650961873,50.36784504967635,63.764802946842,72.50192833402696,68.80218399447718,54.79375582030624,7.004375820629427,4.289090127130354,6.178236111428445,6.31332245174863,7.359057403624406,6.873059600591476,7.297626895467828,7.4921976976399955,9.624204871140718,9.197821046437344,10.22389130053699,10.87759838056259
89200.0,gromacs_replicate_3,73.49203,7.7855324552997125,7.238105819250342,19.350723,5.216366876307571,5.0115572894347125,9.18232,40.67546808811064,31.21025726861286,26.495200659399256,31.28849687544993,39.4146744116297,44.153889653437695,46.7506008751151,48.289267574065235,60.97799460104051,72.7490241923407,70.90276719899992,57.49438488132681,7.262439763815471,4.472978561668181,6.141059129228815,6.340258637967876,7.766195110242129,6.692603497928165,7.389293376134252,6.953452605257884,9.161184707986644,9.419972877582314,10.294592178311811,11.433206305834098
89300.0,gromacs_replicate_3,72.69081,7.437738877235617,6.710332282622269,27.541481,5.220346728034228,4.980485280698011,6.9222336,23.299366344714375,16.68345946094957,10.11326078600422,12.730412531097961,20.410411476831346,25.018137948321243,45.15470101447944,51.83137932638994,65.24597319753254,73.03447069051306,66.0392516117905,51.79789428803047,7.4791555089038315,4.795658569208664,6.18521580053779,6.437235008883791,7.096119318172942,6.433021243139032,6.866053233495969,7.419635959981026,9.359651396747521,9.334887508419975,10.171038220711301,11.266177222611889
89400.0,gromacs_replicate_3,77.30663,7.658515128097337,7.0755719372051535,23.963776,5.193660457365585,5.079008961565539,12.517189,32.09156741017198,22.951002980394293,17.728039426229152,22.25174102277206,31.25516335707783,36.086541132623225,47.29347693802251,49.2797062352783,62.890250243438935,73.67938708197245,71.64370699140765,58.1386962120598,6.981472243318968,4.365368730083934,6.321110121707602,6.531754450820777,7.761576647980959,7.125109428989645,7.619818947052465,7.174969117415761,9.696037383035435,9.438965636112524,10.31490622960747,11.212871032826587
89500.0,gromacs_replicate_3,79.35325,7.685852806477807,6.829009219674489,19.715103,5.049018107407192,5.082124059418618,6.3347015,29.237015192686663,22.624117363957456,16.140090172590487,16.875112519944558,24.796022460187817,30.11464162121857,57.07236939787925,64.53495249868877,79.04726510842305,88.62440725353656,81.37355754229513,65.12211377217893,7.323004102880159,4.585928719833375,5.966320082520621,6.0311512148817705,7.578066294160769,6.842292858906264,6.454364635244589,7.099303126568576,8.802351212269217,9.67346959138036,10.292710300070102,10.672672519820333
89600.0,gromacs_replicate_3,88.913414,7.994762868291236,7.100576670017858,13.995453,4.796939421592682,5.0101393014873175,23.328735,21.91372502192056,13.218005658635214,10.518188118244908,15.856567469265716,23.66644185844883,26.779310921210918,51.913920923963175,59.01443338907246,74.50756329305321,84.38549983436026,79.8127551596397,64.331757900636,7.056012794669499,4.468901781002741,6.1559055691386275,6.425361393158496,7.437566811583438,6.5290101140923,6.623221883172185,7.056381383432545,9.465721904293424,10.074330687887073,10.65614574420225,11.277665730190494
89700.0,gromacs_replicate_3,79.9488,7.534401749955353,7.1079992983713876,34.99934,4.897823864020699,5.0022855037343925,18.904274,29.79135343017897,17.903404411853398,16.31930049992094,23.924440461206128,32.63463814532763,36.348853826477004,51.00590596587761,50.6823135446763,65.46690378422478,79.07190309703901,76.85435631967601,63.66647424878222,7.0106826855609965,4.37521744243998,6.16024711803843,6.400898057637637,7.770803719332538,6.696498593275524,6.983390841015735,6.735973072834261,8.708013150012745,9.951749832834992,10.273493839681569,10.729512446330999
89800.0,gromacs_replicate_3,83.4512,8.032696776642885,7.393409828732153,10.756577,4.988214183821386,5.067117008651928,20.144058,38.873506508229966,30.157992272295232,27.002101486028863,32.05662432595977,40.03963202613017,43.55741333150399,47.83816710081776,56.287718156654726,70.98198271882904,78.86317579785954,71.5436702336198,55.31739227533496,7.054847487364077,4.273452125589685,5.9654279760278985,5.9833726269517875,7.47419475121908,6.768436505212471,6.866976941895246,7.026453448220448,8.992434804926814,9.474250777025585,10.488045121556228,10.732402938607612
89900.0,gromacs_replicate_3,80.306015,7.669707691580921,6.968501955974849,19.825912,4.94782297456333,5.078617782537945,13.755653,29.685360916345942,20.37621922574172,15.861040799670365,21.20725090388454,29.47978240099821,33.74717432398185,56.33322754535214,61.520325278348395,77.3616865521643,87.3530963703061,82.68970490843837,67.24633162273254,7.15013188803783,4.650694324884472,6.306655946205718,6.678536261972748,7.5197137224274035,6.459054211666469,6.44031997898881,6.782857320067234,9.408976731510633,9.743762295577582,10.289700709337291,11.402741808567765
90000.0,gromacs_replicate_3,81.01179,7.960497072987484,7.495362310519829,22.778809,4.817531376098986,4.984584488446699,1.9349594,42.35396614559329,31.719616411808843,28.888195465005705,34.91869395664024,43.7470109979008,47.73643865701809,65.82610898775515,71.25949255989563,86.98773226864678,81.69769887746676,86.89320979428972,76.90443524055513,7.22644619497573,4.453850010357622,6.669851612306157,6.773509063277407,7.2398807450689695,6.273955343823534,6.424675969365706,6.570005662996017,9.420634188238235,9.777037332065898,10.559924531501085,11.274891122327546
