Time,Replica,Global_Angle,Dist_Phe389_Geo,Dist_Phe389_Weighted,AngDev_Phe389,Dist_Phe390_Geo,Dist_Phe390_Weighted,AngDev_Phe390,C1_Angle_to_Phe389,C2_Angle_to_Phe389,C3_Angle_to_Phe389,C4_Angle_to_Phe389,C5_Angle_to_Phe389,C6_Angle_to_Phe389,C1_Angle_to_Phe390,C2_Angle_to_Phe390,C3_Angle_to_Phe390,C4_Angle_to_Phe390,C5_Angle_to_Phe390,C6_Angle_to_Phe390,Dist_Res_114,Dist_Res_115,Dist_Res_118,Dist_Res_119,Dist_Res_190,Dist_Res_193,Dist_Res_194,Dist_Res_197,Dist_Res_386,Dist_Res_393,Dist_Res_412,Dist_Res_416
0.0,gromacs_replicate_1,66.981895,6.654131551118156,6.412144845858554,7.875305,5.117137899322563,5.303390724044406,15.695854,80.6751989286916,81.63689193639655,72.84847932385776,63.807252076048044,61.460562649971784,69.64234349443106,81.285486221728,87.64879636737238,73.39231376287633,71.15791559013884,82.90053779045088,84.08144364077596,7.111875333092594,4.8354143682397615,6.977284901837395,7.1270110168339285,7.377790760339206,6.470187928655997,6.020413483184674,7.1695351358399115,9.993420493419851,8.612285320323442,9.561263731509303,12.019657359560004
100.0,gromacs_replicate_1,80.930916,6.017818974788987,5.878924898156514,13.08094,5.111984332654907,5.3170331141798695,3.6306686,84.42528225418704,82.58042903722416,72.98083198427301,64.02673140109721,62.295132436466254,72.01887886113188,72.50267489366587,85.35685619613052,81.81971690141495,80.06087154784201,88.01408685557344,73.67597351458629,7.728037973431965,4.7737429149361255,7.270601322758809,7.038956217402314,7.528787850068123,6.780793918334122,5.876776175346449,6.884188971021637,10.008213425319425,8.747729198750115,9.108287740307867,12.26778917732452
200.0,gromacs_replicate_1,88.22674,6.128236272522791,6.283066077142647,22.024834,5.202136238134782,5.417196845039067,19.680313,70.07631649077868,66.59206937814484,74.5777684563423,84.99480824066919,89.33110284362978,84.67238767475486,58.851929768029315,70.68600879335048,84.53046156557711,86.95532797110539,76.38544139943114,61.548781201719976,7.076019876681689,4.471372030423777,6.814045106738832,6.745754530276542,7.9175986575791235,6.865746669902614,6.3183622347381325,6.928047690631115,9.78696080022931,8.624292486231514,9.873415615659331,11.536537789033225
300.0,gromacs_replicate_1,89.49656,6.3456302021581985,6.440113700525275,20.716621,5.089188308801873,5.353965696920302,17.35859,81.70776865375213,81.63548667859409,88.67693771653386,79.56356066836014,76.82179979096546,85.68719920657786,65.97702366454476,79.81324703999333,87.39972708077028,88.08000825740443,79.30610309661934,65.44579002646053,7.162975427445402,4.422722451590431,6.577441831377604,6.7337434960916625,7.693160925626491,6.68937374629472,5.842056221235659,6.905377808437333,9.73683899304274,8.690225155799972,9.66583372883633,11.596817301180549
400.0,gromacs_replicate_1,81.87564,5.596105429871616,5.836572782729995,28.362724,5.201554726960752,5.081172526831621,9.8105545,71.11557886308991,68.67035157296618,78.28400288878089,89.48999541414935,86.03682860363465,86.93790608328612,49.852056063741394,59.844684122508035,73.9784202864676,77.9904014113661,67.3907175419928,53.7509512973547,7.1504761988452525,4.8194820320218135,7.368224452331634,7.36009191322796,7.753078370685508,7.286328284686749,7.129215455576929,7.649054042826047,9.403924989070902,7.910373202546297,9.10294800194272,11.137162131053271
500.0,gromacs_replicate_1,72.11003,6.5428457634918775,6.699619029763279,10.283218,5.380734478851963,5.412952348999579,5.2890396,77.85956882422883,74.476975043308,82.64683519548325,86.88626902929444,81.98389362443021,88.92921543556271,66.14637099112424,77.70409043169589,89.49478245317003,88.26974976458519,79.93135404725963,67.64868029243497,6.810655838978918,4.374894057551214,6.892098592731942,6.820696623941202,7.689663714471903,6.947462105486797,6.735575027664323,7.009711685452592,9.981067853948586,8.756281591393288,9.617766378242822,12.04845755253583
600.0,gromacs_replicate_1,79.11782,6.2071047424073855,6.196389128996854,4.750511,5.275929998698085,5.423789001881552,0.4491043,89.48801357768222,89.2446918716317,81.53383000141001,71.0736521779019,67.29492404158465,76.06697973627831,66.88187860676486,78.4863721275119,88.05466639285284,84.66368306154672,82.81271164772727,68.44021216139416,6.861671507374861,4.342326645818571,6.9395048602926686,7.102620577607389,7.211397596199031,6.6594406456138175,6.488843959328732,7.536211226353029,10.237688749281366,9.268660583379804,9.73972667228486,12.216490425063947
700.0,gromacs_replicate_1,57.07483,6.128814437556203,6.0685842253032485,10.695564,5.5973607146239805,5.4905429237325665,8.37944,89.85638508968401,86.95860556091701,84.46383796693425,73.36579116025386,69.63782587621586,77.12840525147176,64.90460128191944,74.04321007207834,87.99808348844279,89.58422483201282,79.69461427729175,67.84846570736623,6.954676515607686,4.538292131748399,7.175757506188179,7.203018490819004,7.616839130747805,6.810888053968929,6.368364902515752,7.588923384486047,10.203007161588108,8.160558354735484,10.383749936451395,12.30355390156953
800.0,gromacs_replicate_1,70.289406,5.885494792099524,6.080687272481432,21.594017,5.513850585556155,5.381260664130411,6.993828,74.80852080013027,72.79621732170565,82.67631280725685,86.38888664882342,82.12912226155717,89.27582975608162,51.68018523012427,59.26182376464871,72.99475518418178,78.80503360371384,70.82869714505489,57.7268199747434,6.869302687110228,4.356276787100846,6.844435640414877,6.697272552572751,7.529188499733631,6.975309169306081,6.758546290687285,7.5426895640081595,9.426148530788305,8.188523606701944,9.918739477327176,11.633555468961346
900.0,gromacs_replicate_1,60.005394,5.763730461811013,5.9808627480257845,17.246773,5.563530958427208,5.5817112701484515,11.838791,72.18922747705172,70.96516042081723,81.38004455326212,87.07163057763118,83.77191411594211,86.62552432881111,68.72799263107214,77.03884778451355,89.3196677448097,85.07419431131294,85.92150124120955,73.42920255152754,6.999496999483226,4.324570136510722,6.945467335371495,6.712433638417374,7.311070780517894,6.720547088323833,6.38891561298817,7.302538146510897,9.75874201824338,8.66963177047942,9.800292822673528,11.622856768121993
1000.0,gromacs_replicate_1,52.9556,6.031124835596946,6.211912186998814,28.000938,5.82204656922925,5.6194758303789785,14.703903,76.24726450285259,73.91491650146588,83.5868979137638,85.89358732594347,83.24281686057209,88.71264427727876,65.32298676954409,72.45836952427905,86.10846206432261,89.28733012536298,80.04796364262626,69.63447770430913,6.782151446028632,4.478530012335476,7.366112434084389,7.622072785091788,7.3617027373773425,6.665783661802191,6.180491976751373,7.45353702460969,10.015734566266898,8.46301116892339,9.716904216459872,12.142828895284795
1100.0,gromacs_replicate_1,70.92732,6.054681905275694,6.3653847044577025,32.709846,5.104822219742027,5.12842287016098,6.026657,64.9826791196369,62.1602526877475,71.95485188329567,82.62872771942057,85.82603602098672,77.97405858132453,65.64504988062177,75.36226903722057,89.51697904546658,85.69931445197295,83.19443346264562,69.77712767083212,6.332505069613287,4.099905544363139,6.868336756826881,7.163654073125996,7.58391288004239,6.454837110714038,6.145582094407279,6.849577715991707,9.678612444293137,8.572363065911802,10.082196734105835,11.809795961383696
1200.0,gromacs_replicate_1,83.819214,5.882591993034685,5.9875251798510405,27.588585,4.667499212952375,4.8377528996386445,13.873589,59.55157941911035,53.214207694178754,61.42847009814746,72.72387683413248,79.43177949322505,75.41592917359431,57.521280674379796,69.43154242600909,85.61821341190841,89.91748265417806,79.14652402983832,62.753922318793194,7.312710629921924,4.655887645729502,6.845731590995488,6.673470539440718,7.816651119418234,7.150024446167857,6.575625815956298,7.017232863173686,9.270256462824321,8.385043784275586,9.686802412601576,10.93738359132985
1300.0,gromacs_replicate_1,81.39782,6.169963806077081,6.352182402300965,25.33326,4.916572546211235,4.9915901618726055,5.0868073,75.54825516565313,72.10772105334372,79.8493020290309,89.76631957677323,84.07081134427062,89.62483442133878,62.014131950546826,73.44585893000958,88.74230894758738,87.64672064364046,81.33197456475408,67.10142621466203,7.44670003071957,4.646302227950034,6.733501307704217,6.598836584641302,7.672192789046653,6.618769930033968,5.983424713014499,6.675768978857142,9.623421541742633,8.526777572329333,9.67766837743205,11.323499051125479
1400.0,gromacs_replicate_1,64.00385,6.241512938933563,6.427380386886382,7.9661636,5.268767748010841,5.172477796336356,6.2881775,73.8862247787882,73.68714658440744,83.2845870880711,86.32174614084626,83.18455687467664,86.86314081134454,60.75600049319126,70.2255119254273,83.35864975651988,87.28228090832455,76.7202301252907,63.31220181616137,7.085922829245967,4.827158831578809,7.33384556756637,7.502637919077105,7.4974724849319605,6.383411952832496,6.03872751951267,7.011182198612077,9.418393492020584,8.841330209371792,9.877287450550408,11.287232960361123
1500.0,gromacs_replicate_1,52.46848,6.043006866653894,5.9854380657940816,13.622818,5.914555894632066,5.919862323542711,23.730865,54.88276856807234,52.28906428723074,60.79013780394011,72.48128229845032,77.52274299424494,68.36188963923885,72.38234425076054,78.21019198803114,89.44369841953623,85.27806229043122,87.1315602964653,76.2898839643297,6.759713287021311,4.174873060967162,6.924590120870595,7.237642670486446,7.915833840357455,6.5685092738287,6.646977415368279,7.273882510033894,9.369819270986591,9.41262349430998,9.470564896498782,11.321995373597044
1600.0,gromacs_replicate_1,55.24758,5.355950331125715,5.568563979093029,19.517464,5.512450852541065,5.385722353949791,17.379318,59.021318880627504,59.67620752254509,71.7528424125954,84.03305406944924,85.71746955559912,73.90822815798671,65.89168745374252,74.46526437164107,87.26833465334119,89.37882890215398,80.65372862511501,69.5660963690392,6.6463442328166895,4.3456051851347794,6.355958215072881,6.646861352471744,8.703240290912085,6.712297487832704,6.713562672195306,6.770062023043342,9.19642472275502,9.552753413751368,9.22613410301434,10.59132672269375
1700.0,gromacs_replicate_1,67.97688,5.61548103748683,5.715232226386339,1.8848038,5.600902661379959,5.383944608138626,7.001564,65.25211533841842,66.01180322344322,76.37201971265978,88.61310847496333,88.93485963406464,79.0620958904801,57.035286977401995,65.97534846184428,77.05094974975637,81.53706663966425,70.26366043740013,58.311874950008836,7.005535605094629,4.803654993230539,6.3206394845983995,6.819427815345241,8.951701320660707,7.655440846184525,7.179185544096848,7.265745740581097,8.55218867558251,9.759453542974518,8.437068815305171,10.138369482409162
1800.0,gromacs_replicate_1,62.386185,5.568037376600889,5.802676612602818,26.290497,5.134243106237088,4.87529398165259,8.003601,73.73932762013315,68.66171981978184,77.52760104070104,89.56000949419835,85.1622604714373,88.13999335232988,56.35314900874807,61.34040387721531,75.4992009238847,83.5186188059128,76.4556110156003,63.74857700001762,7.073439715856886,4.571167503050151,6.674449140353448,6.8378926661832855,7.7075721486606215,6.7785282127909445,6.657293601741776,7.113406069728491,8.839386750293345,9.499730770691762,9.233996436138522,10.9384321041898
1900.0,gromacs_replicate_1,69.37451,5.652731974306346,5.889262081966415,32.310177,5.212277375419413,5.154709686597886,6.3936844,55.45503830953966,55.63697475348334,65.9997677050929,77.14574533196847,80.95906437067472,70.92332164785734,53.35905086234301,62.63921111281426,76.65835016147487,82.06433686151559,71.56643136026246,58.215933850075416,7.250513598273633,4.402651695103758,5.850985308686094,5.96747803999294,8.569938776844607,7.0987660687566505,6.654995135752894,6.875115302397039,8.616588215541189,10.057976485553912,9.287524194511526,10.410600596691125
2000.0,gromacs_replicate_1,53.54429,6.038048528761396,6.166591159770146,6.7270737,5.631831563143801,5.4038773315271795,9.064552,81.57018192279214,77.78545597014065,86.24325946386033,81.84522628274965,75.98153074552464,83.5973688218934,59.41344161381389,63.545742409937965,75.83189194917766,84.51688278180085,79.31318376533117,66.79448308260791,6.650633247804808,4.449338954535238,6.803195146331294,6.664850642270765,7.9606899861936125,6.7578990648822606,6.84643831590535,7.331399184224093,9.32023549107326,10.009812050727415,9.334819987017852,10.658540438155752
2100.0,gromacs_replicate_1,75.71252,5.560695898888708,5.696634061417355,27.359283,5.251611851116472,5.238322410365049,6.3206635,54.77321106210436,52.236275795435844,62.26134409684271,74.0218694241686,78.85391983401496,71.05125561580292,55.150442092555934,65.50006493705574,78.88117779918937,83.0345250924906,72.77544736252779,58.41769713736964,7.16799921279108,4.3966673821585065,6.467092750630429,6.636427278619611,8.361934151926384,6.724615582437375,7.099521275011502,7.130013111098455,8.615192534505097,10.188542373973437,9.005099256684913,10.669653642677448
2200.0,gromacs_replicate_1,70.206184,5.801565182121807,6.091570721364153,32.4766,5.078641283386718,5.104265256533466,1.350853,67.86826713284036,64.15737165223287,73.3900916216055,84.47883013068146,89.20256775101281,82.3569304511217,62.77735302272595,71.58532234898985,87.22680829507424,87.06196321269674,82.71956489474827,68.54588497027466,7.315146977399965,4.592661002335026,6.465304760424788,6.9858906082734284,7.08682021609467,6.823488072610161,6.628793451054498,7.489885681828247,9.11054461327186,9.378370758019697,9.307258637944413,10.651732951149045
2300.0,gromacs_replicate_1,78.58317,5.584371339061938,5.875175344591049,33.604614,5.223045112729821,5.292261939225888,5.70179,58.60552420684651,59.195353403463365,70.11921482609075,81.11998186773495,83.64705032921368,73.41657857755669,59.06846465939108,66.58466600202426,81.05636868239253,89.27147656474234,81.21129714710669,66.19061154113575,7.14042244726008,4.676695217505682,6.491889983155668,6.493482490717327,8.326062836926695,6.611946727881071,6.968437874569324,7.198324082806926,8.575358950677185,9.976069995271885,8.486665625921697,10.441420148943319
2400.0,gromacs_replicate_1,57.992523,6.094224383695667,6.245061107310376,10.521828,5.004141812562465,4.920787326871058,15.944214,79.35911224357483,76.9410333104242,86.89018902949113,82.291136885485,78.52839938350012,86.96151537233409,65.35034938794018,70.81909918936398,85.3034449105622,87.51111725739874,84.13270863896541,70.61458954473419,7.176776625197978,4.396980225060422,6.658293120578663,6.874377582933711,7.533067559879316,6.560048291109202,6.4265806912852455,7.367979776688057,9.090112669769619,9.479027248668512,9.1787853163065,10.570749230008037
2500.0,gromacs_replicate_1,82.22915,6.024552040321246,6.268813558591284,33.12091,5.0938359954547225,5.101894518350992,8.676628,65.05086762740872,60.07676425836351,68.07450460187853,78.79734156101578,84.48941660181143,79.30071604865165,54.647833173418896,63.60825172489662,78.76523100430268,85.25329804763184,75.57682791510031,60.919510915330484,7.077932011814661,4.738900961701852,6.499364270686062,6.779733844348019,8.196382027012607,6.723425431068718,6.661584159413487,7.22026254526703,8.52425098763664,9.740549505343775,9.19776937614572,10.744455705737401
2600.0,gromacs_replicate_1,63.769955,5.368217929020099,5.570879283847802,31.45147,5.174074116156481,4.949664065510996,1.6895065,74.6189797868585,72.27417836807294,83.26275753061502,86.00912526427933,82.40891290752218,88.91848485232067,53.738310185424936,57.38539310059996,71.51393523305948,81.48108115263472,75.3092167076253,62.40178577383234,7.256817546658845,4.663301780925862,7.235439020390816,7.080117722936721,7.87053079046717,6.7658544075518865,6.292154115814779,7.251564859672576,8.543243354331299,9.385797648120455,9.454372091942085,11.092500504034762
2700.0,gromacs_replicate_1,63.26449,5.7883183117209684,5.885778385108217,11.13678,5.145846705604,4.998604054696236,1.714035,67.84133764712362,60.45383258201454,68.42712653553883,80.70190784830265,88.19828388776514,83.25879943069997,53.00139102226254,60.275182864728265,73.98478216554129,81.1265031119891,73.01183118008939,59.08243437524817,6.665576832393258,4.029012849140252,6.3775009562986895,6.6108991036369735,7.390916507031021,6.559568018865739,6.40811680497281,7.345113950324909,9.05294108609047,9.621104935761435,9.376510643419818,11.235934530679696
2800.0,gromacs_replicate_1,77.40258,6.102877658145257,6.268032313474228,29.22688,4.832497033478731,5.015448882990839,1.5962219,76.17117157184579,73.80865853292123,82.08974301359649,87.8340456036407,83.36145830779117,89.92624921690644,67.66838682799435,71.27023216422043,86.04083634965644,81.49794708344129,85.06667951048139,80.11010174146998,7.230757362846871,4.555504822475976,6.653901742754017,6.319275741113456,7.946685676542863,6.715186097784193,6.5452195122702195,6.936945405500058,8.767954911157261,10.264464480345563,9.550952649376335,10.674465505413284
2900.0,gromacs_replicate_1,52.458065,5.458332195784595,5.7015154131818395,18.883064,5.432893107599107,5.193556446754566,13.931633,68.38954224002369,66.10926005989803,77.05523486273951,89.4159834796617,87.50974854648179,82.70224294791983,61.342753639326155,69.32494950570137,82.34176402200373,85.35005635644914,74.24858095368236,63.923397842350944,6.895813448312389,4.252746798891132,6.375251529878966,6.808722052131846,7.992960424070437,6.595922845857182,6.618986647795728,7.346843531886032,9.638639174962936,9.428391882126721,9.210585212385222,10.87865892890532
3000.0,gromacs_replicate_1,56.226368,6.030853512841074,6.198154277942285,12.013855,5.2025549954523385,5.163757685720114,11.678268,73.77802152609205,68.3881097698365,76.24916316421601,88.19057609501068,85.74570859157978,87.83573166654764,65.02086957816196,74.92906170857506,88.29222071203647,87.90298323006094,81.17263149523357,68.43620785603996,6.843156761275447,4.166321784872849,6.966162717279409,6.714722430892609,7.5261471210567885,6.343544148376496,6.08568605564845,7.215892298647419,9.44633258095426,9.876525498462431,9.868144145695144,11.358827598568112
3100.0,gromacs_replicate_1,68.621765,5.734938603304959,5.932096457140267,19.111404,5.208123223987114,5.213321373097798,0.64138794,73.83806198138033,68.4211381911374,77.3236763218086,89.25822675425768,84.17209656655031,89.82179924145682,60.19325476707105,67.6852049786125,82.62960302235052,89.83653558037791,81.26497979110465,66.94333665816231,7.022395583687138,4.40293303404455,6.5960012388129465,6.445257831161014,7.555092756295646,6.746346966354901,6.144502328448221,7.447061720446096,9.14839932747585,10.000444725508816,9.326033700100044,10.488883594724918
3200.0,gromacs_replicate_1,51.58125,5.40860943428569,5.4074728164636925,8.987549,5.814953979735865,5.760016220981715,33.0534,74.92666757423329,65.28897543697325,68.48401288079356,80.99863655665014,88.58448186517163,88.27855154311773,71.68641537045988,77.1308509111924,86.92267092580911,87.55919393959216,84.29786959941502,74.25506365233304,7.218610432592606,4.5013737963359635,6.948490740552332,6.610561252282966,7.632001515067546,6.5661078229548435,7.056822760062503,7.298735259382533,8.931980531454732,9.728509386780994,9.424957774056338,10.728049621838544
3300.0,gromacs_replicate_1,59.98012,5.877979001852615,6.049361737711753,14.756081,5.426572752151203,5.353184887384913,14.542908,74.46937461140863,67.7023369402532,74.91344716048903,86.85823587028459,85.63724016103548,89.13688064110303,65.5940272315006,70.23658714662572,82.39285891962928,89.15963723941388,85.8422469006359,72.65449814337066,6.939192864710171,4.524492201093053,6.839407797237254,7.0872622942177355,7.223103783921522,6.7479661690924555,6.3956717786473325,7.543399441822499,8.851167548258529,9.699302268057169,9.626688174123258,10.952401522372565
3400.0,gromacs_replicate_1,77.05979,5.915500946587505,6.115829418827733,18.535507,5.211596934901214,5.166304904585823,3.9655685,72.75306827743985,69.92342429449276,78.04715323262045,89.41091450441904,84.63253893359695,87.53147274710523,55.26212841791929,64.99871556134244,78.91930061851804,84.83239793727014,76.5094752336862,61.44733428385059,7.099237493580279,4.386057809669195,6.597453982557664,6.332927220435931,8.002120266595217,6.676466031040949,6.769940429879469,7.2526963156120186,9.272287963909504,10.006111484793305,8.644000524715436,10.109249279811602
3500.0,gromacs_replicate_1,55.27785,6.680563279646395,6.993761971806102,31.00151,5.220276108655463,5.250683254045041,21.503723,62.826502973560224,62.24794567178555,71.46188966096918,81.36176879294099,82.66829735096574,73.8981769523127,71.76545579528457,76.40389921506302,89.8048139132097,81.22132120358924,88.45152490662949,78.9922633756418,7.183537800228539,4.880156147675313,6.004390104927457,6.251382410759674,8.13322709293648,6.611489828833242,6.444428961238781,7.387466199888023,8.962046870226839,9.976932885918842,9.319551752763578,10.07323542363176
3600.0,gromacs_replicate_1,52.67569,5.520751319233642,5.63339900485762,7.3272476,5.395847880272573,5.188407526043646,15.414398,68.88421293908291,62.300418900013305,69.4308562395938,82.58596555646527,89.87450703062548,84.41739864736233,61.85822390234181,67.02992265792895,79.00813199208413,87.35909577364804,79.80917246447882,67.79684344539679,7.0075231646656135,4.1289881951464364,6.771372551919832,6.918396721577882,7.585765289918651,6.65329131333361,6.776680801256701,7.522985768490934,8.924900042428503,9.98328951127868,9.565053900965768,10.435903440255151
3700.0,gromacs_replicate_1,75.59144,6.347556109814198,6.609588355587622,32.25561,5.108755070821151,5.216838739303823,4.45372,66.17723700955274,63.86312864894988,72.92215299044182,82.43793412186552,86.70665061008653,79.9437740336433,62.80343790331935,71.50262343650368,86.78006502431933,87.11628709614227,83.59985978461535,68.80128848083318,7.371796654652149,4.987564079721422,6.655131284017739,6.869169902918089,7.856058046471337,6.381163172360791,6.323041804609935,7.101028943558551,9.096900928168639,9.666735545053584,9.34818150268134,10.860665014877307
3800.0,gromacs_replicate_1,62.928463,6.265996123807543,6.460824715256662,29.655647,5.31623106912258,5.319717561516903,5.2414474,58.8172909107439,52.94027192787148,60.225063446681744,71.83336724057757,77.68489299384417,72.25275106217505,63.739272743092876,71.62814906787132,85.05509729400774,88.22043276934917,83.4070147042421,69.99457521249647,7.4997259098420725,4.562794308633833,6.517472639015652,5.961426062403491,8.141856718641396,6.545152409179501,6.584994622273518,6.805922284272677,9.06041547950669,10.706457173214817,9.54028356615753,10.60431129626176
3900.0,gromacs_replicate_1,63.58058,5.462395523426852,5.733764020299201,30.847794,5.397898170452254,5.285282731507953,2.5015106,55.759098647686464,55.258589696401536,65.89845234847617,77.84107385012305,81.26221787935299,71.03673796984143,54.97704689332529,63.24975747572979,76.54039451820947,82.61902533629639,73.32052341627745,58.76630275162439,7.339805911303738,4.5626895199777175,6.110862773436939,5.994863117238301,7.971226681160908,6.5442382617333354,6.6696848732089205,6.857225577666288,8.666035233104918,10.648231305689979,9.220449203356127,10.387282204432863
4000.0,gromacs_replicate_1,51.358597,4.695417248112285,4.92587903952609,14.296539,6.005407783669805,5.593233602840127,17.546898,60.155028425116164,65.95444210879722,81.68912029672758,87.20226708115003,89.87283790611994,73.73039872940805,59.03255132174465,63.81691839767783,73.79979183070213,80.34046396049183,74.22680021721453,64.09540909414137,6.987586933853179,4.4105427568300435,6.439415093563891,6.616030790289567,7.9770401463835094,7.0348882581089835,6.959501088722209,7.209886301713212,8.562484667808192,10.340867155323517,9.188233195058876,10.470189075595087
4100.0,gromacs_replicate_1,75.049965,5.322547283028247,5.562755605439779,27.470078,5.292868821942939,5.148257688744818,8.200867,58.39366835357268,54.31475974776542,64.04483366168778,76.94222617066089,82.80151666114139,75.0072156267892,49.190939140199376,57.946232252171306,71.19170002908389,77.89866106632788,69.13117610246275,54.87687234022153,6.912675407032449,4.484585453506657,6.26976638996531,6.2116113272617435,8.49469653237862,6.880689239796092,7.328631253928459,7.471093943909299,8.735863434083678,9.62467084755947,8.650474236958836,10.091607214072749
4200.0,gromacs_replicate_1,63.994743,5.601264970521738,5.647777995561255,22.918884,5.638916762137187,5.402450033224273,2.571106,52.17361556868369,47.50004397637002,56.471521308139735,68.46184178050527,75.22929782201864,68.89212086569746,54.373419899176504,59.26182757442296,71.5406117206129,80.32783992977511,75.6928087508449,62.41832014071673,7.302093753469672,4.422371332226322,6.713229542904996,6.768601116424228,8.190811056566858,7.257518090466788,7.403588388470316,8.181508536061713,8.609571617704256,9.480400102816281,9.12286787795994,10.357796697606238
4300.0,gromacs_replicate_1,64.630936,5.274692209727466,5.57160694369372,28.693176,5.789338537108182,5.647369094034366,11.220779,68.1303618309277,66.77401014591521,77.87076362143755,89.3278552381705,86.47511841171598,83.86602702542838,48.236619409234706,54.16112685660274,67.31912104547345,73.99154177343239,66.92439520515565,54.61372901301222,7.54753496875005,4.832672963653892,6.532694987297001,6.27429846874382,7.923689101987831,6.743660754696921,6.91579867881315,7.2718484066625075,8.305081250416016,9.971865416144126,9.2622000796041,10.317414554882172
4400.0,gromacs_replicate_1,59.461136,5.365705062463973,5.366656249030576,13.502464,5.243690454152662,5.224204818806072,12.631775,55.84398676440908,51.08180183099623,60.45658894094607,72.96098786216908,80.20001414410962,72.32369795111084,65.59242989917881,73.64913979891558,86.8146157123372,87.40500999762406,82.51347191449877,68.8980821299494,7.129001746497164,4.292326651036439,6.693196500023016,6.796160461357049,7.569817602924864,6.899574785471963,6.201831744389263,7.199919803122693,8.821771716493055,9.127545288245319,10.39809593663287,10.994120432151458
4500.0,gromacs_replicate_1,47.85689,4.995438649942833,5.201018676992239,9.899399,5.8329071720824475,5.44803084838965,19.69757,70.6786376955032,65.34266572364797,76.01327198713923,89.63612126802477,83.26293246962803,88.0393330039921,60.65820623548608,64.35701426443937,74.0651420505441,82.29832230167034,78.41428976202117,67.46536695378721,7.125714673734866,4.546397019841188,6.402646901134689,6.805581627574006,7.830527655312076,6.495073419609688,6.698382620938956,7.295374366997638,8.960769809153382,9.61165883786636,9.269431867585414,10.844373816725268
4600.0,gromacs_replicate_1,61.88617,5.615491862650391,5.847116265142019,19.524536,5.0957891680932,4.943779597019359,3.3165512,70.00495766287312,68.33902025828375,78.9349815433932,88.92768991565195,85.26841694957885,85.26664037387135,56.20710618463145,63.61993762323139,77.66859211647342,84.46226427358323,75.56823610902426,61.56550429245653,7.665626524563953,4.977285215589074,6.676399436108673,6.564638211184808,7.464367681693856,6.371226367084379,6.2946714913914565,7.470919805060458,8.914906318325434,9.248878662878166,9.169645823201563,10.859832819466261
4700.0,gromacs_replicate_1,49.38954,6.980129015309025,7.066434292220615,9.685326,5.747571374542899,5.71830254183137,27.005142,85.90169234349615,83.89728528947732,74.4047035836353,65.18931393002734,65.0913086563748,75.65988182530025,72.04657176781826,76.59709549379792,88.01742451750584,84.01496017505936,88.98388036849109,77.89822528337031,7.210005620263271,4.638267112601223,6.478905826025178,6.480118879093053,7.736872670900536,6.283573549415913,6.255766966826843,6.986115522258291,9.092263148319386,10.001337272851508,9.486138323972266,10.986576630783926
4800.0,gromacs_replicate_1,50.8069,6.017911864812496,6.172723918140285,17.594337,5.399667350373252,5.420980990406516,28.77864,63.615975888351045,58.74107911628697,67.4667302766994,79.33525802311276,84.7146113705914,77.79681256003356,73.27673423831546,79.38173033644686,88.16057457269349,82.86337088510653,88.55599398650257,76.65132035550202,6.857443125448262,4.447244351346465,6.744746980151671,6.959531014258129,7.685816093904738,6.657252272231024,6.439067316781213,7.123425208857977,9.262523051012142,9.636870552060502,9.492333221315437,10.925540617597967
4900.0,gromacs_replicate_1,62.228184,5.817177772081618,5.989570902007917,3.7645187,5.306770352936192,5.187690985290154,23.737938,82.46877708005177,77.58522208529814,86.14653853790033,81.24239326113299,74.8778104341868,82.66759579289916,67.21822343545222,72.25765992640477,84.58389471296636,88.06114177665629,83.77436965162377,72.25779396034142,7.004728426227012,4.9585742170463005,6.996010635283557,7.234268233155801,7.673108940068102,6.218103003316031,5.9600412966358505,7.015996777649713,9.089544657474207,9.31428888782799,9.251501659676634,10.802918928602583
5000.0,gromacs_replicate_1,55.744064,5.761056619597204,5.942402687688114,12.932884,5.401857125621305,5.482138729369648,26.279736,76.50689984801147,71.49136381617832,79.79782249028683,87.88550132278966,81.94593411231956,88.88556587794828,74.34745080886339,78.86806855480464,88.87755573833455,80.08350205629347,86.82645405016241,80.17679292670525,7.0359111033920225,4.829583644522439,6.722121921627486,7.14690555882251,7.595446422250857,6.468022020687527,6.734384371407136,7.51386287952371,8.814125400938002,9.508337687424843,8.963518334554367,10.602079571073439
5100.0,gromacs_replicate_1,51.961105,6.00865706285587,6.093688185820614,16.695045,5.600385381397064,5.285773875099851,21.554153,61.83391435713258,55.22717178609543,61.394457309271935,73.48445245981812,80.4933783412604,75.53015690445994,61.84284547128068,68.79375430773906,79.52380109897155,84.87164267392096,77.2400276935195,66.39481873987832,7.038171149692687,4.43610345637932,6.750114108674471,6.751327817796247,7.704282954516108,6.3941193296440595,6.202184875191272,6.940404977288102,9.179164064654149,9.89879491408194,9.63354569025261,11.091495879063524
5200.0,gromacs_replicate_1,64.26134,5.619524430459948,5.7922451920241835,9.145882,5.460515400415927,5.3709025288837475,16.924286,77.78763187260688,76.93690211187426,87.40574255896952,80.40637409113678,77.65571818510304,87.7218363618281,66.94879321775883,75.53153209352818,87.73123843297053,88.88707887449951,79.69892354658425,68.8944340684611,6.7964855180378825,4.480740876417014,6.727976612695589,7.1263642696683,8.232440348039438,6.658064719931646,6.403408788630917,6.857526076272674,8.913318666921793,9.88604428901607,9.500545082374481,10.341595771087702
5300.0,gromacs_replicate_1,56.05386,5.518697797396517,5.693563689993638,10.742424,5.604938652523112,5.38218060648374,17.800438,72.8228872546747,67.05663474586665,74.88408051610227,87.50120640765185,85.2734328671349,87.83312317928828,63.36976636700989,68.58921728330016,79.64731087292283,87.14086492926651,80.64720339125914,69.34462804301566,6.748064455348826,4.700851750226715,6.813806978917791,7.311132134702727,7.95607214557874,6.533655932605978,6.644690550728298,7.130027580849865,9.109185435784964,9.837726879216419,9.014473496037633,10.566127519103391
5400.0,gromacs_replicate_1,57.21173,5.392539328436368,5.476164988518761,19.87384,5.571730370751124,5.345634789861383,0.65747833,53.976629783377405,50.9296705170986,60.87660496869585,73.30900898411613,79.25443561270028,70.58107043790564,53.41375797721833,61.60628177501032,73.94524672891623,79.54135721331194,71.30117426681733,57.523673058334126,7.036948117685671,4.354303766137345,6.219732805853724,6.451603108871038,8.264880860681915,7.2885916046053785,7.228011069530008,7.062755474230426,8.477919095036238,10.088265293018528,9.45899631052881,10.640340406881954
5500.0,gromacs_replicate_1,49.373047,5.158158238562164,5.473973785146796,32.998817,5.571317163824269,5.202956569992253,7.5457764,71.59051732670953,63.44600909547166,72.5630983294653,86.47987062602488,88.08940357395164,86.58317075449297,54.40620937922827,56.16598087094607,68.40025421416519,77.76057948073617,73.96842301208697,62.64828510285345,7.215385049977415,4.984750515354051,6.796169544123238,6.8972473344491165,7.567865352460454,6.68698969392843,6.890850072078979,7.206745058587189,8.689623559108067,9.552847241623626,9.635270575619412,11.301784424095827
5600.0,gromacs_replicate_1,45.377712,5.222077806053266,5.345491140253954,15.15696,5.706297454368538,5.079524023538656,17.55973,65.71912163534432,55.3010047393045,60.92271072011144,75.10844002948585,84.72500219755032,80.57654223802862,51.53863336553274,57.02553559502329,66.68744208569234,72.18173788099327,65.32413520637911,57.11530043305554,7.15417799263698,4.7456689916510575,6.890225101940733,7.340934151420436,7.616311701094505,6.638581120229801,7.131241975005334,7.393056705314177,8.944827391656593,8.589806482513355,9.299961222336126,10.728547885252409
5700.0,gromacs_replicate_1,51.762726,5.845824676705491,6.0141093898047835,1.9409409,5.656398199051782,5.4553007576392165,20.160072,79.10918587956233,74.56312855347117,82.49000022787234,84.88945188377761,78.36775795887834,86.64477900669334,64.61544966852888,68.86085471350628,79.29777689027927,87.6733556838972,82.11248785846165,70.71831625176043,6.516943407568365,4.282258209160303,6.749152891537513,7.200090113094528,7.112421071014538,6.642418369509349,6.3831351763064275,7.344017079238835,9.065107498345713,9.004614922903837,8.965021327065504,10.623563659874604
5800.0,gromacs_replicate_1,51.30458,5.091699699270194,5.142431917846879,4.0822067,6.143327686449405,5.746669473141102,20.834335,63.869056581679395,59.34533533950042,68.87210590138665,83.09705789068421,89.13900107316272,79.19569426834292,60.672248425591675,66.37075385803548,75.62760462686022,79.94145253288276,72.57848624748053,63.07441914713498,7.122006075215182,4.588562365134659,6.797031734877283,6.894101654980424,7.4891268550834775,6.783423566387209,7.026106333010501,7.440691070019752,9.433070778151787,9.067412594610921,8.833294638117618,10.900909130695567
5900.0,gromacs_replicate_1,61.8675,5.74024627953694,5.7825371814795945,3.7501373,6.155505267611456,5.6132681331492025,16.933876,64.08470251967843,61.40174240422058,70.46576967230462,83.51590092568713,87.55738666200021,77.96002958949802,54.94069903516054,62.035656724577166,71.27800265474411,73.84470928379304,65.60797501644932,56.51976015780881,6.9978242377100734,4.596256352683045,6.6462920423703284,7.442142852038556,7.352175995141199,6.35687698964342,6.858617001920918,6.820735425677331,9.219652338100918,8.962393647781775,8.988194636532002,10.855919422531876
6000.0,gromacs_replicate_1,44.89418,5.469464142092298,5.712293113813971,18.30912,5.648833124087917,5.793315809589086,37.783424,68.43113878426678,65.92096890476104,77.36831748804772,89.98021021101846,87.11088318683235,83.00758969882598,81.56427472032625,82.26079626016994,86.51059959712295,76.44140459064978,81.26322364845366,88.95766279843663,7.3271057860325595,4.970823382551477,6.135138679963498,6.750282382979749,7.779742278203409,6.426578848369542,6.350619574145126,6.915992247637742,8.354572325214095,9.54720774042166,9.601321179879083,10.54553417929301
6100.0,gromacs_replicate_1,50.17984,5.364138515656942,5.4763090411289275,19.677895,5.866479086956377,5.3410364917036794,16.2696,54.71942556658937,54.00062488266375,65.70289562144892,78.15038016041339,80.32439191362295,69.11681118362301,54.38072956606244,59.441612755068505,69.9273407994702,74.43778369860874,66.20866298409244,58.31048095481053,6.670221765373306,4.289630223907766,6.318033128612463,6.740952464262336,7.67944865311738,6.861148975363876,6.765393588113793,6.993483425001887,8.71707945617572,9.73224304535088,8.917271990735404,10.360975068582365
6200.0,gromacs_replicate_1,62.26368,5.3914201278131095,5.4737961411887985,4.7658234,5.99303187846172,5.7121368572463025,18.875984,69.96602287891072,62.11043115144658,69.10561111033834,82.00068433006018,88.9733895498389,85.50345121852524,62.78017607382188,67.58311987684596,78.1519725688291,83.9158383664722,79.54923359597568,68.78267894095139,6.804574446937552,4.384068773773349,6.731567231857193,7.305925375009093,7.0244125266678274,6.358032137374255,6.702880216374491,7.280169905169192,9.43418151978788,8.850627671981133,9.693970149660244,11.273539499241254
6300.0,gromacs_replicate_1,59.974754,5.684516730613637,5.780374233742004,4.5283585,5.305920371227241,5.1856130470092,15.71859,85.77569638757151,78.97376314870178,86.78710214548477,81.0938477240963,73.12103326696162,79.20851900646826,65.3587302959939,68.72606573349718,82.01103345670526,88.53267354173897,86.16724998844327,73.26876285582158,7.16397461048354,5.186932607183814,7.456704553522224,8.42864477192052,6.389734020620377,6.675185304697737,6.915376596096324,8.050444713450483,9.394725261836411,8.575029010257314,9.150689343928937,11.291915629801007
6400.0,gromacs_replicate_1,55.649128,5.386150353975133,5.550009519162269,4.4900284,5.302279103098089,5.0752920305594,16.31601,76.69083942345104,70.20798115855145,77.97029144470963,88.64982901467114,80.82945768430203,87.62745435078747,61.8058896770288,69.04518190294,80.88841564481706,86.77169935572823,77.80344483766343,65.43346193272204,7.161130319472439,4.935570450153068,7.574267014878332,7.896652338240307,6.843055348396771,6.5057462938047435,6.260441489738146,7.126138125155792,9.113378998258934,8.450744874848535,9.20156450540199,11.609308563255295
6500.0,gromacs_replicate_1,53.9615,6.156812977964669,6.256697937275238,3.9114532,5.41321620191513,5.28173430463949,20.219131,69.91073652532104,66.67902313108188,75.10977841963825,86.75275897071897,88.25865077519629,82.8478606145775,66.07414453387369,74.62813638233541,85.96277315689252,88.40012077595713,77.70375365695931,67.11315506757111,7.242438774407508,5.05315269537281,7.463828137252077,8.203734163721869,6.414799031162763,6.200229710761482,6.16418611989993,7.634427644024886,9.76939602869807,8.761083131188885,9.95318080326651,11.335584408280976
6600.0,gromacs_replicate_1,67.34407,5.682626183587485,5.801311115904654,5.98703,5.564576313868991,5.465115516061356,3.6269684,82.29029513585277,78.06853854731926,87.1011520105963,80.21069068333506,74.35004642138325,82.15049932049695,60.65086263893984,69.51695545519726,82.82030286998354,86.77258834663543,76.87500477891882,64.51786042957676,7.60588430614458,5.558169210162315,7.904995558234651,8.502337159288649,6.45950198985138,6.350047522204941,6.422422463443029,8.200200324406419,10.16077915852032,8.374977953814199,9.237179761078647,11.651451758819528
6700.0,gromacs_replicate_1,54.52404,5.371114143771054,5.463105541666567,1.6452179,5.680841818563152,5.414079436699135,16.141914,86.37019761731406,82.75179574287539,87.24551736288045,74.26240084379472,68.48919336181429,78.0070129929807,62.22575552484836,69.73387712695599,81.53791803491562,84.60264066889836,74.75444268558142,64.63510549407023,7.42578098704649,5.233474199757901,7.781422544071459,8.13342437194674,6.439559210733737,6.293985345862286,6.4502864083481075,7.586751694892052,9.50969558106585,8.28077218043962,9.330408807704476,11.548865132635905
6800.0,gromacs_replicate_1,47.51617,5.03631661697387,5.002902207166753,19.28064,5.71832852799795,5.160358522145397,17.296715,49.38399642622495,43.760053010926526,54.31741862997206,68.06418176490662,74.0119722041486,64.80114475094392,53.246700627154766,60.85402852661206,69.11210812789668,68.5346231088439,58.59836137406986,51.68699549838291,7.035095249909767,4.553804714469768,6.410853288038134,6.809482772166677,7.335495244150524,6.651661701657719,7.100542816111241,6.792548825170456,8.983107569360142,9.320860488925728,9.033487176256255,10.713228607191756
6900.0,gromacs_replicate_1,56.629593,5.500386079285858,5.73433939628116,10.433113,5.581325605753015,5.410040852272287,26.62767,81.63330617335828,79.66324485795323,89.7811459442753,77.50977714205519,73.01722716954909,84.67106828318882,67.21512299319699,73.65934940132544,83.76987624220456,87.74413181776272,79.07463058333853,68.73647692781107,6.986844420697978,4.8408608241328706,6.513881928487959,7.538827471133479,6.430398952409633,6.269863858844333,6.529289372149143,7.519299405529081,9.633789421031667,8.448161744491145,9.015481992956234,10.957730544906639
7000.0,gromacs_replicate_1,69.15189,5.734786048231951,5.980407630308421,19.4068,5.347685087028037,5.295546183112814,10.190758,66.22301009383574,67.5168142424066,78.45878720355583,89.49845939800589,89.12379711286945,79.99591255388326,64.62518727710834,75.29241871616642,88.46910170829518,89.00150955326428,79.80991592560302,67.77283570184186,7.86973218134664,5.251742394214379,7.371011245278405,7.429962391674635,6.419792396224741,6.5088809033118,6.211292459676426,7.544339237678223,9.226379659872586,9.128974186884147,9.388595203424085,11.20502081570377
7100.0,gromacs_replicate_1,69.21549,5.149693684759247,5.450413821203569,27.4095,5.2381423118043875,5.063001270894383,3.6467285,64.4040542654764,65.09687385625102,77.14133825521454,88.54679049299557,88.53894868974665,80.87768579192532,56.770095044229606,63.80419769590991,77.88407208453219,84.39325736298244,75.4275736212717,62.457392213635416,7.767627389520657,5.311909977479439,7.082074683828372,7.250840763619299,6.898674199517243,6.912606066874545,6.29099443649698,7.5283163742946435,8.316855552748269,9.103219741714536,8.967615693097983,10.523548442952567
7200.0,gromacs_replicate_1,55.001568,5.757269702891992,5.997380436403395,24.737976,5.374676151900084,5.132333000252704,12.0544815,59.11657998126639,60.618404992467056,71.76370500001586,82.6653676225769,84.84608561613716,73.3712927402812,58.82171569398257,66.00513803581792,78.5669740009026,83.92146414041139,75.76042835474392,63.89750439446506,7.0532438931010395,4.744116375802246,5.998169835236371,6.327022497939151,7.593575745942622,6.713979303020716,6.464393424588995,6.902609016957195,8.2572174247374,9.518932783421615,9.440445287275463,10.232653611091163
7300.0,gromacs_replicate_1,56.13219,5.9028061013118585,5.913697971357533,5.483078,5.725832404236468,5.6802056939458545,24.965508,71.679099869655,64.76654447431959,71.36241648766526,82.93551054710159,88.91852157584917,85.83401680887968,69.81084597755475,75.37789273280589,86.31297490303139,86.73967816933556,85.74236183743977,73.2724111768501,7.09200115078371,4.637326201090868,6.700831139864821,7.035601569896669,7.430636209727875,6.474017225105061,6.3968726742685,7.207397480432629,8.896551769601833,10.184472051225299,9.165706041613571,10.485473989027005
7400.0,gromacs_replicate_1,60.950268,5.272591439976396,5.419568357920703,24.073036,5.673488755927727,5.232216388936362,9.391228,55.428844208308156,47.952033662843384,56.805721202361546,71.06693980373322,77.70500919893497,71.35747989038981,53.115174939664676,59.313507554871045,70.52169711202603,76.44058512057273,68.05039929390045,56.84583950317535,6.990255570872028,4.55974584792026,6.5508061954649195,7.031267678646225,7.61309118451525,6.832309825347999,6.547177634519461,7.088161816283249,8.860474186047064,9.698398379294419,9.043099674616236,10.853215158752809
7500.0,gromacs_replicate_1,80.30067,5.4725682699805125,5.538951609515999,24.433472,5.0920753509828325,5.201590503285926,22.805435,57.10970491450251,52.54319867584668,61.39713912078837,73.43498109944646,80.02584403738668,74.1678641771484,46.89065699823804,56.44163485674946,71.30133531956221,77.67937468802333,68.49183593314804,52.965634627594426,7.212619793459405,4.369353857542557,6.290407360606189,6.246868414444068,7.820659044707587,6.82944346141599,6.321170880043117,6.883038998852565,8.93320728911836,9.87534169552684,9.29112667351404,10.724482442656248
7600.0,gromacs_replicate_1,48.613705,5.790021406366823,5.9659022733575275,3.5807877,5.862777378857796,5.4999072213227,13.444122,73.17010941119634,71.85462783943976,81.84836697091627,86.35886389174533,82.54953926546527,87.58442417263637,57.25795380847341,65.10143241604608,75.32030807021899,78.25655011394478,69.93570437445617,59.561427679351624,7.0499525033432375,4.529770759911681,6.5087046391625725,7.1983288041433315,7.626164540290677,6.758415449839619,6.6809412056239195,7.21479365705775,8.914203586022351,9.959622028633497,9.696848049945903,10.673389287666934
7700.0,gromacs_replicate_1,49.42051,5.606143172315368,5.681681535289722,10.701553,5.683995629755694,5.3185976736987275,19.670715,60.03433170423255,59.12028112968651,69.96317511338705,81.95865042789417,85.50855143117155,74.42944106533416,60.231304663835154,65.11123285908747,76.077345369209,82.1094331801728,75.37211349864303,65.15232973106835,7.039276176040294,4.995230141967615,6.428096018640676,7.22001604216076,7.610286366909878,6.643143581602662,6.749918119814844,7.017655419766697,8.339483484327486,10.10281064439169,8.969589048911105,9.625416466285172
7800.0,gromacs_replicate_1,50.01629,5.67514682202484,5.941383985764422,31.825603,5.57370643491158,5.253801456938555,15.276367,55.30280036614611,51.0639942115197,61.2513575134062,73.31392101395994,77.91700501634638,70.32910042770882,59.50108049076261,65.72915740937466,77.5127687004034,82.73538805530097,75.51235284569252,64.09416179975574,7.078565020752563,4.58648971258884,6.420934966201776,6.5491322979901225,7.569427656445916,6.732859452871092,6.686837628693026,7.1923134220515985,8.431839214433772,9.83842169597577,9.50725099022802,10.21519119142614
7900.0,gromacs_replicate_1,54.817074,5.714292740617955,5.905712957154598,6.27417,5.653666226078351,5.688362883963267,32.14258,75.17200507866634,73.04573785461065,82.83474432299333,84.91758704150716,80.59700842108707,89.20140555280165,75.13709361436788,81.14991003947672,87.1691166274979,82.02798729178153,89.07006298019155,78.87318006342124,7.005675423279028,4.843966183166208,7.374565666220442,8.333814756158901,6.8168887799741515,6.373276413160435,6.384849846585407,7.841719094897059,9.552177183543241,8.498889970367486,9.311700869970245,10.992643705060852
8000.0,gromacs_replicate_1,71.01944,5.490877859415322,5.760467436574156,30.72116,5.386508881621716,5.362097423427505,4.840645,63.789523110779,62.79781847082243,73.38903566510292,84.3618088610429,88.25238503833194,79.9796011420573,57.629216221096215,65.10463405054803,79.64413449249777,85.51726276323228,77.70578219900656,63.99065697661625,7.531709747027568,5.179985045982014,6.493536264409817,7.019724042425902,7.067952930136275,6.601442789122191,6.249888522017277,7.005042448430122,8.887787490888506,9.657589735587425,8.725445770965187,10.883335426103903
8100.0,gromacs_replicate_1,54.424274,6.3234365207354815,6.481814096581261,6.1620407,5.692622475804522,5.6341943930108584,28.388195,77.08482911582801,74.85479565650785,82.80754504572162,85.99711103733276,81.14304703580075,89.86846455454203,70.52689927581321,77.15689879058222,87.88688101179564,87.32576065134327,83.77588739487238,72.80473053126818,7.116801547577413,4.663881705285348,7.070578625336657,7.500595711792648,6.813629608173231,5.979377209271329,6.16509886046648,7.024994717642587,9.796763107388655,9.186594738044455,9.408638982707583,11.313900019882809
8200.0,gromacs_replicate_1,43.988365,6.5673890404184085,6.690118717466596,8.755753,5.95315154299054,6.083807770835231,42.326294,67.83173669641704,66.61079096186225,76.27217248755707,86.94958900656857,88.86780952929715,79.16008990414379,81.15463305041315,84.68703705939164,85.0007962267103,78.68376007313564,84.62018144574162,85.69198287961362,7.0866889667993584,4.777065519746567,7.090805618706414,7.770579353672801,6.430300574514589,6.023344124635242,6.038422263101704,7.320791196054391,9.540265557213745,9.412889826751574,9.35138539351407,10.906137259435013
8300.0,gromacs_replicate_1,52.158947,5.514333516785044,5.708841444598748,11.779053,5.394909722416368,5.164221821837653,12.381523,72.46539514091407,66.58958047607923,75.487351772075,88.37084839895351,84.38365800086596,88.23472925888623,60.40826624370885,64.39165143517411,76.91675594398907,85.35512974003247,79.65381028969428,66.98141862327026,6.794208120552131,4.647515388436688,7.258412033358854,7.161775312301476,7.666614002488544,6.646725070465634,6.363516936565786,7.516288087335047,8.905449016529424,9.430140069961874,9.340488734812288,10.920141997955575
8400.0,gromacs_replicate_1,57.2721,5.633983458767964,5.729948538324149,9.365082,5.533838042259826,5.240181879628213,5.8595734,65.23759447581111,59.539483674569304,67.78980509126362,80.36391943153734,87.71015269986157,80.98658516259609,54.854428988273135,62.580975167241235,74.63768603790669,80.9786265915316,73.04168370972643,60.3457439894668,7.224611024013736,5.068407367586414,7.505689236155047,7.817261729046789,7.1707306314890165,6.942027500991923,6.56330689867567,7.376457137390034,8.87650482000683,9.213883198827688,9.42933555591343,10.639142118887651
8500.0,gromacs_replicate_1,40.51625,5.649504321603432,5.64296792318547,7.8115845,5.804580613911171,5.248602034168206,22.501411,61.47904687436167,56.328336716909874,65.18694888220212,77.98377806996237,83.66024875290466,75.7061301969481,56.672176801381504,60.24936046686057,69.68791846789944,75.62891423538844,69.76550838922424,61.01052361883646,7.051885164559816,4.514528569954152,6.799160177258326,7.235181263782642,7.169873153464231,6.827524337146992,6.727317149108909,7.090388784278317,8.707152457068227,10.009467995379282,9.579497685289427,10.750232634548862
8600.0,gromacs_replicate_1,52.97772,6.171488605050631,6.146412792706797,2.8182526,5.857988096199202,5.983047611426623,34.903275,63.465480870432856,60.88749733534003,69.90116672927022,81.58161517963032,85.3512316056598,75.95728499875332,77.2062486587664,82.48204783969102,87.02308278581921,81.07765306085425,89.31386891526849,80.95754481463011,6.968679664075291,4.586453755837185,6.37529870297026,6.566194437940823,7.971539436061622,6.557494739236519,6.146968656025977,6.6802800800487825,8.962348506257362,10.178845888969269,9.377160907421763,10.199597081593165
8700.0,gromacs_replicate_1,50.849277,6.6488552943987695,6.825015536668242,3.1011658,5.680303533291574,5.488204336633962,15.058083,75.85663972671112,75.67526260657192,84.69947835617457,85.1074377649229,82.34209734405691,87.55903738056224,62.98260010632498,71.3590030392278,82.67025372400511,85.87189369482131,75.65750803221333,64.87394996452436,7.2331897502419125,4.552818243219038,6.159719013326919,6.35216078704886,7.323351611206877,6.588108380420997,6.371849629637625,6.935720572334523,8.5892043808135,10.51312090275248,9.403978093187844,10.481802694448994
8800.0,gromacs_replicate_1,49.819633,5.440483854567477,5.277137529957059,7.2881165,5.929264348919714,5.625291814521099,28.443798,60.57926175086305,49.90738330552174,53.435491251741894,65.63556073374554,76.30131178856237,74.51377478516024,65.52785942643158,69.1640561807018,79.11801281377527,84.72477667331522,79.07673433691157,70.07189268068572,7.339164139613834,4.667158217518646,6.68528849138576,6.876178675073447,7.03467719436494,6.41885621891454,6.815006504117695,7.435253229892849,9.292296920875264,9.9190930049146,9.0413162320639,10.734042469823644
8900.0,gromacs_replicate_1,53.095062,5.626214748280193,5.8047206386978445,5.4988327,5.270879623375386,5.094716345197566,15.577324,78.00599893713297,74.73419121531555,84.51095263603685,83.39141332955731,77.73924863414365,86.95662758083527,62.371858818994006,68.65970116539141,81.93902891485652,88.46706776236103,80.53149981573274,67.76741054531763,7.148120615467854,4.664193261662535,6.455638307795951,6.724398598152744,7.250799248527601,6.454086996859646,6.380153500779148,7.072916514338816,8.901723995338227,9.914783609637938,9.610190985445135,10.259233740338814
9000.0,gromacs_replicate_1,55.258774,5.317978470155042,5.465120898996772,0.9140625,5.676737349617216,5.393693772613802,19.120384,71.40921966714866,66.92975347163181,76.5744871741741,89.941006265215,83.3627719723437,87.58593082546102,61.708829332927266,68.22125876544241,79.14634873727053,83.907280900954,75.65743281241785,65.0331063868417,6.756671180949914,4.435555443125431,6.730749408930409,6.948915262725921,7.219140869130689,6.6838128777975525,6.573009634106736,7.189394162889182,9.140831530236724,9.772314825908655,9.016440889430882,10.682173933610596
9100.0,gromacs_replicate_1,54.839165,6.057817074476605,6.233058499227431,12.288742,5.775502707685032,5.694914711952477,21.521393,77.00681790214456,76.35197362889753,87.19785295152332,82.25198919522727,79.58937286310768,89.76958519517332,69.78732728215837,72.39564860276964,83.91426679720179,87.34832945922216,88.02632734869661,76.29760438532828,6.821234878786677,4.450534812427596,6.568972722790991,7.034503796112625,7.727962942650409,6.471468470627924,6.613084368594853,7.30037017988813,8.894782362056826,10.21115797464205,9.35572605571145,10.26957360523465
9200.0,gromacs_replicate_1,60.067093,5.617640689309489,5.676399504756925,1.5962982,5.584252025351756,5.314629788343194,7.0648956,67.79833953864853,65.29625950174304,73.95447827288994,85.43175027975794,87.78664072240507,83.08911542668065,54.50540618399738,62.639639843704245,74.15169594287174,78.36699007575113,69.47601578561945,56.876168003714746,7.0988458363036875,4.223890503461212,6.610186891593236,6.750824347728291,7.109020685877795,6.15038277220593,6.378368090880082,7.202664898203015,9.069861775809317,9.724140772597682,9.443431013501575,10.387052159845322
9300.0,gromacs_replicate_1,57.28374,6.183718207413593,6.423031671741183,23.511047,5.371508533717305,5.061077731227887,1.2872467,68.86575960478125,64.7412581794666,72.8876609822951,84.31910657489166,88.5601958593196,82.20965514647384,49.201683860699475,56.76090956914771,69.57948277343966,75.66023235793331,67.09142690747268,53.753707505823876,7.157932422802053,4.721072186689822,6.55960488387891,6.857111572428945,7.3066677677966725,6.519620028626628,6.1741547149303155,7.216271641851329,9.220253826743226,9.484587238609071,9.766678758485803,10.660921747007029
9400.0,gromacs_replicate_1,58.679592,5.567968734151712,5.755312038668849,12.600807,5.439312442715882,5.183201542131961,9.83654,68.97333593635722,65.2441144641145,75.11613326711883,87.46185026613513,87.19289724838266,84.42795895623527,57.510377952682305,63.71872755211599,76.33732641576796,82.80328545345321,75.18704601334689,63.705324758673754,6.844988967205613,4.425050598253575,6.268779670815563,6.84910864614827,7.194014451494135,6.38343702586626,6.347386865303407,7.345891266869357,8.670498716258212,10.132270405464997,9.416610269891228,10.539951842239912
9500.0,gromacs_replicate_1,54.367603,5.513273144771062,5.728436828644508,13.115387,5.195496174488197,4.853023930938744,7.16333,67.657960464835,67.28297386664956,78.90692933087767,89.33844715725067,85.96432008114907,81.88896527450738,52.5579305385889,59.04239408687798,71.51651675788833,78.18133545785331,70.88563026810058,57.67412516688757,6.79218847609815,4.390795646632288,6.565264574343856,7.191230870310164,7.60794223068812,6.806087845869787,6.462221134707599,7.396000305982705,8.731849953525467,9.939385719840493,9.66232697831514,11.068349511195304
9600.0,gromacs_replicate_1,54.621597,5.360382460597031,5.499648351211108,12.909561,5.4856494268975995,5.0853586905045995,3.9681396,62.74031684136182,60.24080701684461,70.02917181618236,82.86234380830994,88.63458713835438,78.45092184750698,48.97576105769547,54.860209585824656,66.47729583105723,73.37328895046215,67.14509930707385,55.46082636820728,6.832906038715649,4.510209241791422,6.646983845808066,7.334160838274356,7.525785193673267,6.628267116660008,6.513599930142062,7.3265217302113586,8.95707477424675,9.882147407537204,9.51851145947032,10.908788500493268
9700.0,gromacs_replicate_1,59.647873,5.6471757455111025,5.90286116430077,25.935783,5.207605476440372,4.906409775047291,6.1156693,59.19318648248898,57.31763658226121,68.03176926520874,80.06086305896883,83.65097033371717,74.03158333483793,53.88332704355641,60.906976012410084,74.39504548387451,80.38355259257027,70.20428091877871,57.811283280396836,7.013853562486269,4.736609360688159,6.692212634764972,6.973860292394231,7.5137773768501255,6.739465212900984,6.269181380722231,6.935202067743161,8.644865518412319,9.78647442291396,9.35057001771217,10.67583683050957
9800.0,gromacs_replicate_1,63.812393,5.947643797864932,6.209817756121594,24.925568,5.363335263057771,5.336405241056858,5.542801,69.06039061675266,67.37235833762784,77.39157457539929,88.40575648198556,88.28175946832762,82.78953393255287,63.296560344932715,71.15509089384304,85.03497176750533,89.10484603580359,81.7289677977164,68.52858372068263,6.81880993639454,3.953875209915636,6.527331131231166,6.432438070144297,7.4999403258413695,6.500394834520912,6.295855608226379,7.132544910566506,9.32803190747541,10.05661955660694,9.819563937052154,11.366933424147907
9900.0,gromacs_replicate_1,63.41675,6.136110664694273,6.229903734396301,23.581566,5.058097554426286,5.04564859689749,13.283142,54.11146661386045,54.02337916252229,63.56663395954384,74.16768317774091,77.77344709758384,68.28915585716955,65.43346149190586,72.14516985740609,86.01534596926153,85.19705424383082,86.08637542560456,72.15756100557391,6.995607148272399,4.453981290150952,6.155108816392985,6.305884598037356,7.515110156735519,6.674845201879438,6.519259606624862,7.285217516055993,8.400119478104983,10.047522431972101,9.453700294109915,10.29285685967651
10000.0,gromacs_replicate_1,60.567547,5.870020934219579,5.744955841807355,9.374901,5.509641540696634,5.373212273433415,8.842903,52.21899670128194,50.22702567512702,58.174663422647946,69.97406741480782,74.95546595776513,66.97118034833036,59.86893648569035,69.37977216348263,80.65652717055711,85.63662590668497,75.55990744280328,63.292884879569684,7.243399526767643,4.606477177320094,6.342047103507364,6.540744268304504,7.651073496611767,6.783861542992241,6.630570742710274,7.379940252403589,9.100200805632483,9.65299783342564,9.415822013509812,10.933818402403755
10100.0,gromacs_replicate_1,71.81369,5.989802688810376,6.044153355808794,6.339325,5.078435280807918,5.187443765995806,1.5408554,66.47642521032274,60.83438440387863,68.81593604516614,80.51182955772563,87.74799321754234,81.55162792054477,64.97800187115433,74.89197659835447,88.78907462328654,86.86508527025963,81.8071011572617,67.37477184029551,7.014701591965286,4.316219750091923,6.695286714868426,6.9131321258285805,7.613357971813607,6.664761558846762,6.0915574170525675,7.14851427490613,9.208908549639721,10.16084208032767,9.921375883913903,10.742132839061478
10200.0,gromacs_replicate_1,55.206715,5.608342219992577,5.749930166256471,14.070557,5.746090703340067,5.412138747019604,11.940918,67.38279723887726,60.211014555003494,67.77876738883042,80.70687994538794,88.46434946946134,82.89692960091475,58.528183861110996,60.32704733959597,70.77992453129454,79.96778893378206,78.04972346948163,67.07363702559645,7.178310166794075,4.6708898875913025,6.604718633320155,6.856947201013101,7.3508355797387575,6.497473948138188,6.590274507896348,7.452052458334419,8.870574064237674,9.925179068987601,9.133420427248735,10.901008145439434
10300.0,gromacs_replicate_1,62.027596,5.641252050470292,5.854963686760662,17.958199,5.30992142130247,5.218187029558554,14.152367,71.52180292806082,66.00353942629276,75.18120241988933,87.37553458199845,86.8260387813971,86.82980871821033,65.4517455074737,69.45354086254817,82.13776375706153,87.61654904635382,86.37066861887214,73.48438378734573,6.8859902297138476,4.661836672201747,6.961801045460508,7.519722064361262,7.4881963126252264,6.906148066142817,6.110261991348887,7.204555525257709,8.877243486249071,9.683224290216216,9.182878638750584,11.000872556766426
10400.0,gromacs_replicate_1,82.33088,5.983648531023492,6.190777143209446,22.120827,5.4635361732819705,5.348827302159772,2.8594208,64.68594581481328,62.799084312660185,72.34161257158836,83.3636556952734,88.14334198064805,79.68368713688619,54.49268249850927,62.96163659716243,75.487098040387,81.55515871396429,72.08769342095928,58.759182175760984,6.670393711374611,4.30078396634584,6.594710392519703,6.957783314162605,8.15905126929107,7.1384047196247575,6.829809304830829,7.317778982552874,8.583873750053945,9.800309365083045,9.115217218532996,10.631127454353782
10500.0,gromacs_replicate_1,54.616714,6.031341353878438,6.189524691810526,9.548676,5.444081124613998,5.414983751260103,25.39019,69.02187607742896,66.32242288597126,75.17407092699845,86.47579518549722,88.74735158199493,83.42132046091045,70.67008811221913,74.3350901810321,85.68348172549335,84.86715154154201,89.96324540712092,78.44242581427157,7.335569931835775,4.59833385467041,6.874460641164666,7.013363314421405,7.331201060373519,6.426457676610861,6.25819428989474,7.1228742951780415,8.856287014756138,9.86342650002845,9.548187472211266,10.95575331729464
10600.0,gromacs_replicate_1,57.556786,6.441131316824848,6.269555161599635,0.5986252,5.884609753225486,5.790155440165972,27.92413,59.38232010043956,58.476981423527974,67.41309729066377,77.51886046084516,80.98704073580016,71.26439236541847,69.18223167890166,75.89653856730675,86.18489597058819,89.7938581420427,81.39730030817715,71.67096665813999,7.054402222490819,4.8183978206034155,6.8686308663893145,6.860071872526547,7.872591067974336,6.566190689743736,6.767594892841519,7.041868286890184,8.943296909291377,10.070899829386159,9.733922617808618,10.954328027852718
10700.0,gromacs_replicate_1,62.21022,5.105200549024995,5.086522040197253,16.954819,5.742680338983821,5.410393798053168,6.7247086,45.951144202054635,45.91027074719049,57.988241791003134,70.7080659955156,74.68330780311022,61.973313119762075,54.66319822312671,61.015683100577824,72.37735144026603,78.51683071607819,71.25632949619911,58.3590274770194,6.628434390310503,4.328162690070478,6.212506114731992,6.831877714597355,8.106873276340597,6.735265028907261,6.652958640759195,7.216677830577322,8.507024519486027,9.920377521349689,9.497453994227428,10.561661670791684
10800.0,gromacs_replicate_1,54.561287,5.654248805045262,5.994530610441185,31.477657,5.64789320456802,5.394181670292089,10.001213,58.615865222579046,62.406406654804705,74.17233838162302,83.6925198669891,83.33804068671706,70.47565115181015,59.39959403714931,66.13923154025382,78.57814739252925,83.55389948329143,75.74292092990818,63.00455440728539,7.066101798590393,4.766201243138032,6.66988562893203,6.466351151030514,7.945052443380217,6.678755530664447,6.574958833724165,6.820020499606887,8.50891460940402,10.067874298156152,9.95646057260287,10.640276160261992
10900.0,gromacs_replicate_1,62.04631,5.710246592577531,5.875504909165892,8.413216,5.637488993000604,5.396547648077247,11.967888,70.46495339429192,66.42303784556077,75.37329994519085,87.59349590303108,86.52669124781836,86.15164856959008,59.90343156844621,66.31957303997996,77.78654769332313,84.48041243511813,76.08807325859458,63.2010039738199,6.503654230495414,4.672125086889941,6.358335965000678,6.599603718207508,7.819398899238088,6.555807133392691,6.560905430309676,7.5030917615821515,8.491327908809664,9.94340624000751,9.824192999412007,10.649322142761395
11000.0,gromacs_replicate_1,55.9297,5.631736659507154,5.825175412596656,16.464912,5.375928773247105,5.093354654178501,6.2640457,67.81252007888521,61.79704670359402,70.15341912679628,82.60704243515643,89.72104666347374,82.95299253151147,54.48575310985914,61.30747468879849,74.06491795425598,81.0776893700022,72.56682006914181,60.382267058373614,6.677767186367629,4.512277258281379,6.64770755523963,6.575532464459725,7.727512029348389,6.432231474004388,6.3054778677991665,7.613874905165639,8.99513566053927,9.91092709733016,9.646294623606078,11.140489234625935
11100.0,gromacs_replicate_1,56.54068,5.873310462327371,5.9046587196944476,20.817657,5.729322070934011,5.663282103705318,28.916042,53.70472745726074,47.50101493862947,55.58317865609216,68.28402043665506,74.76405050913361,68.03699929739139,70.83711112282808,75.08137282851618,85.19465754052968,86.98542483790206,87.4365576852126,75.99991872510078,6.432038339677087,4.338583400094417,6.317478605172782,7.259890497090223,7.512862304327222,6.733956684515144,6.734705991018732,7.049790360927041,9.23012375817017,9.93566307258379,9.375295695448061,11.13641625946931
11200.0,gromacs_replicate_1,49.771458,5.883736793626575,6.050437392018163,5.9875183,5.298200758565844,5.554024794067584,34.27137,78.1590056232224,73.51369974160967,81.7136074685212,85.60179523061434,80.16608405086698,88.00372396603372,80.51797937619843,82.86381616158825,85.8414158168698,74.84336010158812,80.25252649773627,86.50241976377013,7.16484003048125,4.5753232294215325,6.827090708299262,6.938656987897117,7.089549678470468,6.185671548054718,6.1134374125668485,7.106389053118792,8.93707015125884,9.99236641802944,9.392419154359546,11.01745258799314
11300.0,gromacs_replicate_1,55.96125,5.739646011767772,5.868790615026555,9.320297,5.480149411838401,5.6607400118192635,31.668991,70.76185011003516,63.65675537199032,70.9474484983116,83.2007572991276,88.94801858960429,85.77213321641248,77.92512513813966,81.06478153282322,87.12106384969194,78.38446684615707,84.85041218232115,82.74881952718911,6.9410916906766005,4.499026553708172,6.296581033306709,6.812836304622638,7.371063640368724,6.353377563588653,6.305038988372768,7.440358449498553,8.738431095890473,9.672381826074657,9.66583912790249,10.87434237115494
11400.0,gromacs_replicate_1,56.256336,5.895166286796487,6.049949284162862,9.671928,5.526665051178625,5.743185125934028,36.280556,71.24869056474125,65.3314800061985,73.19745280324885,86.09479546546979,87.49395012399546,85.74718560800821,79.79193240334322,82.72109675665558,86.08687950611221,76.79693004455098,82.85493041060724,86.00616785812088,6.810669282634794,4.524454252674303,6.49248188697597,7.0375686989473,8.062817468253291,6.6335883499467725,6.756446245773872,7.171163346544148,8.532707349696368,10.012154377800544,9.322435524216388,10.527790935416158
11500.0,gromacs_replicate_1,64.425705,6.519462008257143,6.645947306389998,4.990532,5.430364535378838,5.53950218573848,17.24939,72.84688099937603,69.93994716189535,77.39418546526086,88.27844612305496,86.63566270052736,86.02004042760095,70.8580736867682,78.58860588045074,89.2973429705979,81.7383209518908,89.66637657645789,76.17822160835985,6.565049228689197,4.345907435114536,6.6664366677920786,7.101533101169878,7.442702388529934,6.423545195602672,6.484745668169546,7.193177196666191,8.860672243428464,10.110717428135736,9.272431153957369,10.535453446988424
11600.0,gromacs_replicate_1,54.62096,5.711293114309597,5.61300057033272,5.397461,5.585375144896454,5.609688776726803,28.39117,58.84214481263233,54.34417938001307,62.02004608224419,74.55547352047468,80.95566610247985,73.12622109405038,72.58802116374915,80.06454946383498,88.57290811336559,84.82839825552304,84.95042214031072,74.6616973504486,6.580108978258971,4.366465998425531,6.483528169798542,6.865760431461537,7.9572949433585904,6.577509549021124,6.673697920190532,7.344408071213038,9.170685669438788,9.831960597546107,9.03723694957944,10.654599363280644
11700.0,gromacs_replicate_1,62.443726,5.583122709292278,5.799108313163157,19.18853,5.436153146075264,5.254056126243623,11.131897,63.584594180114735,61.40066574357489,72.06425776403952,83.97006112150125,88.05732298237682,78.14082517796483,61.64525471616383,65.58734804698797,78.36195726835743,87.44376984329314,80.10732900702409,67.66835634291604,7.125628713507215,5.156637918724288,6.297842020745317,6.7503361866514675,7.660807196543363,6.658164199273776,6.592612971708316,7.456486093115706,8.602769690920919,10.012139219756806,8.920058634908358,10.617685176972564
11800.0,gromacs_replicate_1,65.48057,5.923367915166027,5.9742576814926664,9.305672,6.245036774893514,6.030726677930604,13.368782,61.3399199249276,58.330787539374,67.840514719152,79.84304168830401,84.53262813287715,75.57552514042173,63.311180496473405,67.01566019385061,78.00467234377545,85.80257335052508,80.39828579248959,69.00614674706459,6.437421688718424,4.132388991986873,6.153027256157138,6.303025632375387,7.761606477061697,6.81923966355368,6.6882274632227885,7.49657245432893,9.096273775913769,9.954688224096408,9.42203217520013,10.913672050883179
11900.0,gromacs_replicate_1,64.469635,5.41321388078666,5.407319792009704,7.065262,5.6408464591165695,5.540027238018038,9.31852,63.26061477673545,55.64809505765152,62.40286605286622,75.35487063893696,84.70926661810465,79.89766464440314,62.29614530078628,70.29469168239254,82.60765101191876,87.84013137764501,79.09605229764266,66.15067910490784,6.80332078556273,4.322493080718789,6.482285429515675,6.957996532254342,7.510029734491103,6.721643632943358,6.487582692439295,7.1897376747417745,8.498569241056746,9.90818969700156,9.43333071857771,11.132983660815638
12000.0,gromacs_replicate_1,67.18156,5.636814305913773,5.927419035420096,27.957912,5.020779482725483,5.082131744634844,12.863823,62.741380759123786,62.80999839184907,74.43011741576247,84.68812737251767,87.24830966440753,76.8372278086563,68.77321207234978,74.72936054861987,89.76687808187509,81.66757024692353,89.55849129792787,75.6244797996784,7.145069963535554,4.731355655314903,6.125296431093583,6.6037665843339015,8.049479190832418,7.173453518316417,6.8306913958789135,7.091178082335967,8.6131194623204,9.84232922360329,9.073187416263453,10.20968742806792
12100.0,gromacs_replicate_1,60.079693,6.301814895248294,6.598385587647181,28.09843,5.802203674289439,5.668895100904895,14.140968,65.53786677611728,63.94898447543403,73.28247574249838,84.0384850882148,86.34231099902868,78.23404130546241,65.2639560489735,71.83801399839557,83.88431108294955,89.75233786229576,82.38127547920352,70.65754647816874,6.5635319630916795,4.25002391674456,5.92471887897113,6.41224616855384,7.782831129596688,6.732243359106986,6.494058507079964,7.138745315679715,9.1923883451797,10.387047448748579,9.977603478751583,10.44020298635809
12200.0,gromacs_replicate_1,68.20617,5.829828587925655,6.016516667073756,20.844765,5.15281231900513,5.165413862798754,7.361656,67.05072060026207,60.457623934167124,68.30899825121084,80.35316637499656,87.45847739459435,81.97081437720395,64.57270344740436,71.6584334267773,86.3994839468287,86.37258845256778,84.64681809611153,70.91181743362733,6.872303494805107,4.410648255109688,6.696764727532266,6.848213402569893,6.893266608233435,6.439679462329158,5.923298559341736,7.1178983951740635,9.087342488886595,9.890345320603076,10.20201082736635,11.01189048266686
12300.0,gromacs_replicate_1,57.010494,6.356829505801811,6.4950204762264425,7.8669815,5.179184226039961,5.280883013987662,19.050705,68.01776560883,67.04300221774203,75.93202920063658,86.9011535736527,89.54688133453334,81.13482970798296,70.70689286357859,79.87373149407824,87.13217436332987,82.12651487542063,87.27466405425795,73.86043133099825,6.664685384540339,4.350387344600401,6.627658991224908,6.645587164197706,7.53500887323858,6.798915018531535,6.202414273813856,7.078027461074451,9.252868452795289,10.211445652691143,9.653074836880478,10.974192730930636
12400.0,gromacs_replicate_1,58.470734,4.923231854757416,5.07026291636813,19.554718,5.538564321936634,5.120957921437359,12.176537,56.38781708206964,51.494749640341254,62.06613411698113,76.38396221744102,83.23426437421155,74.21559151986312,54.76952336646246,59.38427653721516,71.26011718416162,77.97528318196771,72.0954770156691,60.64145359797788,7.106725720277869,4.64625370964831,6.7144261872762145,6.8260410483996985,7.375045333170822,6.795774253279355,6.610957231315914,6.97806671243721,8.634772945454293,9.774383185335655,9.219795667773786,10.348264430474257
12500.0,gromacs_replicate_1,60.63476,5.631429203955117,5.779329784534425,27.543793,5.625725465732718,5.48488727312803,11.833527,51.20828958551966,47.62808468668224,57.819843215570664,69.8989189414252,75.20182405554675,67.00084875979896,63.03095260500814,67.865164686417,80.01318580334264,88.6719926245897,83.2767148808803,69.86594490894292,6.912242574844428,4.303387932378938,6.005963572009604,6.313182934804464,7.530779623734857,6.553631404371687,6.65004882724446,7.275424642617101,8.573888451563162,10.344991416521813,9.714783443389953,10.507643561632511
12600.0,gromacs_replicate_1,56.77067,5.76777603318105,5.710326475708583,16.846092,5.597182229363511,5.527029096109473,22.574638,47.776784480478646,45.04965433491749,54.46467811443013,66.35648264509483,71.0800001315444,62.496800982748596,68.69161920145646,77.4886469656417,88.12340216903962,88.6611487724324,81.5534591898176,69.80451060837547,7.027554401798704,4.6254036955555025,6.644629734497287,6.908645413114378,7.447859143971797,6.5247291510545145,6.2546978766843395,6.766423747723672,8.742226635002986,10.188157139114418,9.52672740623599,11.068674137833382
12700.0,gromacs_replicate_1,59.98157,5.7605945159462575,5.924126019690798,18.576782,5.4338822111210865,5.426495374954326,15.891975,64.36072916199777,58.80143387514775,67.98031782439548,79.84854743038518,86.38963996161606,79.4172797496105,68.79906093081844,72.98083017674423,85.67771849858931,85.48130077397491,87.99313398826156,74.50871832852859,7.007975999281413,4.408345274486674,6.52189084699735,6.7175099388782815,7.455265990648272,6.500593227209469,6.0320679662912005,7.053960161760716,8.9307002568626,9.686267509102473,9.520305356908631,11.069767521970276
12800.0,gromacs_replicate_1,67.56187,5.701290090766758,5.6950782268422415,8.552101,5.583482724767195,5.3772626515472295,3.3324585,56.72908883924288,55.351190706323095,65.0807893942372,76.76248769983674,81.84221372930354,71.32885408016557,55.67888182446064,64.84738342090354,76.38860202009195,80.87563007909966,70.76833153473423,57.731652934644785,6.827675541304805,4.417129149622729,6.523400341771253,7.157586391006231,7.341422221762038,6.662241488469144,6.435524572928062,7.227962166172962,8.90575303690742,9.682074960316282,8.75248196686511,10.412926135334846
12900.0,gromacs_replicate_1,53.78646,6.360743633351135,6.523592477102915,15.464607,5.84242361976986,5.888869064656151,24.998459,78.21171334736492,73.78421162160667,82.65134879172793,86.0747944484968,82.37123990747614,89.2206587696311,74.93565945164362,81.68632860409222,86.16711167937,81.50040593865484,89.62875981968375,78.44049280886288,6.737016468941488,4.301184392505494,6.449092970922232,7.1689565048643535,7.1153304181041355,6.561664432577458,6.4945111854545035,7.232028641615656,9.59703760458508,9.869635181550896,9.707299000779969,10.881212546317709
13000.0,gromacs_replicate_1,59.28182,6.056679540105636,6.205391240078703,29.941315,5.237044928084814,5.254610785943128,10.193748,52.11505059572668,50.589082996679714,60.85168778675332,71.35347184247509,75.72559730723302,66.30459828945739,66.28449607310982,73.74701117874923,87.97491512610237,85.3938021042769,85.80736547575039,71.90916670465211,6.3838512159685195,4.278960190084609,6.5788305137794465,6.941624175071447,7.716738830108835,6.983443655172459,6.747915924484398,7.049290906707703,8.48885244447937,10.085615667216858,9.674074696468445,10.526892989663851
13100.0,gromacs_replicate_1,53.29828,5.960756520933248,6.103039540806847,7.1284256,5.749125123937876,5.577692926934968,14.855957,72.21127813853694,67.16522107737758,74.75590630595616,87.07526464858256,86.6717485342274,86.81966314210399,63.44373059009396,70.07933106908237,81.23821774072975,87.47421210926235,79.27321289800446,67.51790503115005,6.817802748927162,4.246469650627459,6.400995338988655,6.596263283678642,7.182353025842636,6.216283776811239,6.145943693508112,7.405414678218546,9.086186115631346,10.084377722804385,9.747514298208877,10.722362746659277
13200.0,gromacs_replicate_1,54.545963,5.521577029996676,5.632118319459627,30.301956,5.613369145436583,5.15829748234937,15.378441,48.75434721959342,42.33638453587502,51.10579016620753,64.45860948347192,70.77872449433745,63.697656158449725,55.484760628089454,59.216163253433834,68.88972137529603,76.83571366335181,72.01115493379744,60.99359611724405,7.046259294935553,4.968301069716971,6.630959706550077,6.92025711998727,7.508249043902192,6.596198332942972,6.587191571109117,6.971989316827825,8.613096438136571,9.458463442067233,9.657392327570934,10.37291491876969
13300.0,gromacs_replicate_1,50.768436,5.807925532282798,6.0769763230796485,27.187164,5.406432400173956,5.2792134172138425,22.3294,66.13807791111135,58.7773381395335,67.09016767318484,79.28391074445244,85.43964930771352,79.54168505475393,67.3780902348038,73.41724904786419,85.70806077386773,87.28983267514616,84.22794597859681,73.17208540981687,6.53464438759979,4.7681270826827955,6.327275942283717,6.961567890762497,7.063730881164026,6.207131070018062,6.332200170572802,7.0235751969063935,8.911177840321173,9.590162568730884,9.530892007915226,10.691373680653351
13400.0,gromacs_replicate_1,55.540306,5.28016064897372,5.493116230027633,16.649345,5.651753179668383,5.301816789672116,11.980118,68.39949730122572,62.85803718504404,72.37086407558226,85.43774799813974,88.17133603459891,84.5517998237521,57.00740717095193,62.86639186573432,74.63116267387124,80.25040911497437,72.24041875107876,61.82334466343325,6.585575538468798,4.585490422873391,6.54617748085565,6.9876871426883245,7.11469958150256,6.5997446689221855,6.57794801810937,7.20105730107667,9.228188561242103,9.462452472097254,9.539479705875697,11.1337692558043
13500.0,gromacs_replicate_1,56.612988,5.145144296157942,5.236825568007757,13.190384,5.90903756255283,5.793669062086851,28.28563,58.28942421980488,56.22499643560347,66.43536156700907,79.9277652441478,85.39744547852254,74.09940354933902,70.68945604840401,73.73718224826979,83.15147853071883,88.4860371690983,86.96747029015965,76.16317790142492,6.9706718270693395,4.600657794362355,6.7876820771690145,7.034428870766551,7.126526079012182,6.482694214834865,6.573861586035509,7.56961284413218,8.681367299412738,9.608079249144488,9.713160077090064,11.1137094334566
13600.0,gromacs_replicate_1,54.21616,5.66152334185918,5.681550922723619,7.9864883,5.523449071494494,5.329987967287084,22.965675,63.57485560850743,57.708060318413764,64.78645299978587,77.34200791676142,85.53177284627915,78.94997018231933,64.57108564272167,72.69362464924798,83.57079547024033,86.41686917604206,77.0275136340255,66.04392960311765,6.974574598407396,5.01582282380606,6.772429941949202,7.369896863494861,7.451765128324025,6.319176319193743,6.517803574074683,7.095060760859046,8.645434185011517,9.101391930982814,9.365091665078763,10.663128160281035
13700.0,gromacs_replicate_1,54.232697,5.928341007238322,6.111746475699216,10.384354,5.250461581766752,5.384257694254639,25.462723,69.92688378571265,68.51155121798952,78.87116787545739,89.57507185124105,86.05692129566054,83.80427237894311,74.22577296336311,80.31692623222742,86.25524170516634,79.65256445404525,88.04735843121877,78.82123337622765,6.866032420298345,4.254644723445684,6.481974214558543,6.923324324873133,7.201219094837177,6.295225720987925,6.26215593686509,6.855113315193383,8.89788042323337,9.937734537803959,9.476763741975077,10.791691709361587
13800.0,gromacs_replicate_1,69.10217,6.002326968492921,6.0890606670708385,19.96614,5.140515524008999,5.060788514716048,7.2228546,65.48804747960443,55.123551751324854,59.564366192052816,71.45396527664829,80.5519323445745,79.10677562061672,60.7182574735368,66.81030382323964,80.84633769560563,88.98804436347166,81.91056677163002,67.76647151607915,6.4072253002271,4.3776061427265525,6.5086377458781906,7.028769684500071,7.243860087754471,6.505004222631366,6.724535736296065,7.559696401131947,8.902092629828665,9.562030101701733,9.628190251816664,10.80970351297687
13900.0,gromacs_replicate_1,51.03612,6.693883401222734,6.497927951302333,36.453514,5.625412458657229,5.470104789885074,26.791138,48.032539481916444,45.30494755509197,35.39241905826017,26.01218318130131,28.623344544115334,40.21807474250558,68.32055987005411,74.0494531675072,85.21716338672894,89.5950269168081,82.29004275249264,71.34377987993327,6.781766854020402,4.4660193661773455,6.6155898433090785,6.899679025090121,7.013419338988945,6.628954931589349,6.693438230533973,7.098935951588244,8.919036106472847,9.55448631468584,9.34811235156968,10.683716900609603
14000.0,gromacs_replicate_1,56.33564,5.7454966539975665,5.8949046797967295,7.949974,5.2531084577243705,4.90395948705227,8.972725,69.59081390175236,65.67627611123577,74.28785093051549,86.1329356339714,87.09498546053803,84.57907526836966,53.91443096358398,58.069266413117155,69.87627205092524,78.81927994517808,74.00711165835578,60.62944188401926,6.540238787503293,4.573720122941382,6.468483544785628,7.322961958114758,7.220058843997404,7.0363423537254475,6.895310726774738,7.563850490746932,8.707187044760504,9.768441622917882,9.386218584566311,10.375625262715415
14100.0,gromacs_replicate_1,66.22855,5.291365262048551,5.5523360404956374,23.011978,5.405679393650746,5.156536918491046,0.8713989,67.90662013420234,63.800296209072506,74.66431146488107,86.88546063465154,87.35204883187663,84.59902579775357,52.35317194779821,59.648537671618364,72.10380522593333,78.35976541057623,71.16801169108662,57.60154866635466,6.698082475138074,4.516904426337524,6.46188937936624,6.839978003283214,7.493689117872766,6.969753802550302,6.976090727937953,7.170097597884257,8.784261497721573,9.72447810221378,9.102465803804478,10.659144653641917
14200.0,gromacs_replicate_1,65.86318,6.0720900298752785,6.230507494372385,20.989594,5.358743039360317,5.225670823856297,13.508476,59.65616069206142,57.24091096859424,67.02296870047152,78.1476769696191,82.14365637306933,73.35317940435822,63.40379997022303,70.8406473877296,83.72661753358686,89.0320038775336,79.51406642378332,66.56539975678457,6.776127233155597,4.677460071267303,6.676674894145187,7.125930208310386,7.445962114815547,6.70545267261629,6.654794768705964,7.2312905395048945,8.944025946195108,9.73418432877405,9.746634608361205,10.51802484150276
14300.0,gromacs_replicate_1,69.596794,5.319364442987984,5.718032140588058,44.096645,5.452843559272146,5.152353055701034,6.9839478,52.185591037564194,47.347908006770076,58.17501387091721,70.52117574305252,74.95508514890132,67.28930142081782,55.085391140211364,60.35029299336582,73.24496059577284,80.45074552096891,74.28607663121478,62.1064673202491,6.918028570646784,4.93469751665226,6.642126653732376,7.58173245164671,7.57965100967388,6.737428421310203,6.758768841019581,6.975475668306032,8.720414289604507,9.694284557794077,9.173201172613497,11.200101288022468
14400.0,gromacs_replicate_1,54.35842,5.180352145919922,5.346929555696267,15.728897,5.532598946683312,5.2241292728968,15.200409,61.08875116796008,58.47584898629105,69.7320028177406,82.48468421227444,87.52294957045287,77.72916277866902,59.097162800557214,63.975372960751194,75.06384357852319,82.24716065699346,76.82246599634173,64.6741731280894,6.4558867710394585,4.127778726616901,6.316705691869767,6.654458260337149,7.67596671127491,6.563095701065127,7.017591922150956,7.246642839036363,8.645379649517956,9.981704398658527,9.70940238363769,10.922711051820833
14500.0,gromacs_replicate_1,50.4514,5.843762965093222,6.063698361962752,16.99382,5.670647115623908,5.422052741486636,20.285126,68.69932634374345,65.03780017483835,73.62487905599181,85.80215192818254,88.83561838962578,83.1278818823427,64.55004160491472,68.83754283119463,80.10373677944737,88.32435360153463,81.60896493201628,69.93883799087627,7.057039909666963,4.607224549971167,6.597653720070229,6.982784605924722,7.303930917077307,6.608581338334659,6.427475959887719,7.103576121797939,8.466366472124312,9.546331886012869,9.954390866348868,10.977407003691209
14600.0,gromacs_replicate_1,64.47854,6.626172367301696,6.775197764301372,0.36946106,5.339127089360554,5.579443554840319,18.483543,76.22976071277452,74.4385807596106,83.28252653258102,86.26321839368167,82.31023732732551,88.64478071265408,76.67229377348438,83.65293444257115,82.85374557728252,75.99402890233057,84.58911877133322,81.13624144617619,7.299272330383614,4.5707343863826875,6.3524461250088295,6.297770769018583,7.464019082336068,6.590022071389105,6.336663899260167,6.900063268058649,8.615528671005805,10.36653395820199,9.97817344004256,11.020707806819962
14700.0,gromacs_replicate_1,69.86667,5.574880483158218,5.631906974532718,1.8911972,5.504955914768455,5.4857875173243595,10.533661,71.15658894794757,64.43235673714193,71.57245613511327,83.88848394453787,87.54159482774223,87.12876852926497,66.37412644963172,74.97887567870167,87.70775691532573,88.12308833386368,81.3256691322622,68.96370679726658,6.7219248083578265,4.505536908099926,7.2763359527507125,7.452609380533931,6.850456377830628,6.90111831008244,6.624487344156226,7.857427955049451,9.860613980914254,8.882483016482581,9.5136818777583,11.325288934856578
14800.0,gromacs_replicate_1,61.30208,5.681597405054047,5.936308063269735,21.45353,5.481810608355712,5.519352129666866,24.9514,70.09874387757492,71.03602052724894,83.57250636997834,86.2609306481408,85.55046266613554,82.49208841824009,73.96996958248423,78.51758831855726,87.92699675968395,80.14679967340717,88.43402487342054,79.77279696465175,7.040949718468472,4.758496066556981,5.987649016099081,6.103059844910915,8.125465110823363,6.730956732660967,6.561848226787648,6.597964320370951,8.694652085399623,10.178584419652521,9.317933106258073,10.649832472517902
14900.0,gromacs_replicate_1,52.406586,5.823920221931563,6.004183180126736,22.021477,5.693057069233277,5.463436414077336,20.638039,58.84439953912076,57.080852737314494,67.20529832272291,78.82216542960248,82.7329687727373,73.09896919963114,65.1140156101194,68.52327578347563,79.97126821539528,87.96876841500489,82.64526421721247,72.04803319010547,6.8835263698356846,4.625812936532829,6.1688557253976555,6.5709573015977645,8.025834158575758,6.812196704077244,6.792066171288879,6.990946945519039,8.255096627520295,10.078400241925198,9.525785259138788,10.797945234329827
15000.0,gromacs_replicate_1,61.220745,6.032333200788908,6.042701646862953,15.637772,5.921265982147814,5.7276784681308,22.122345,70.71364288899626,69.62398881746105,77.25135100084086,88.40198508651088,86.61659057155755,82.96036510984437,65.08556053698486,73.3659688405032,82.61673935428453,85.52326562672367,75.84316957622731,65.80196750202735,6.617537930631973,4.5979274272903465,6.602892095152767,6.932636207888052,7.491590064264608,6.950134790883389,6.923646556154975,7.183880710404478,8.960041745457024,10.206808666013545,9.801247324559622,10.561248207386894
15100.0,gromacs_replicate_1,66.00449,6.084063016341628,6.068684793679699,13.734604,5.412577180748147,5.31455653735339,9.056854,55.06920682717936,54.08890530812316,63.13968941107128,74.04997044781739,78.4057032090304,69.53664827599133,61.25265271349269,70.81759360097007,82.79021492974886,88.07253197089558,77.76560446033507,64.96405118285466,6.336335582930619,4.409161163315442,6.383746894903891,6.684394792940031,7.715350695964479,6.775878466490877,6.759370437805959,7.1509300282899835,8.508476663704243,10.147032365175185,10.182864267530944,10.817531200633622
15200.0,gromacs_replicate_1,63.642075,5.716165056133009,5.949947445409303,18.775246,5.556115230498731,5.580833025580424,24.546913,71.01355936522916,66.01919368951434,75.56635256573297,87.93129791158296,86.75389036980219,85.79722362841677,72.53925601610342,76.19713010990867,87.96754207478673,82.35658193107415,87.95522937456302,80.163004880215,6.654041200660754,4.587415432092728,6.896430997917607,7.702020447692425,7.100579878908048,6.706997832676476,6.593681758494012,7.409646854515103,8.925164056171662,9.451381618283484,9.52696815474866,10.668762317241923
15300.0,gromacs_replicate_1,65.15689,5.789675727975179,5.8871219716335,22.750893,5.46558169407365,5.4855968570691465,7.734993,52.542647215772135,51.11394694768751,61.75464090943873,73.2791887622545,76.99405882065778,67.94750090377187,66.00247938950088,75.24247621332947,88.43262209677216,86.81362426340166,82.05982559925621,68.95634663654465,6.975684832712279,4.609400821714607,6.507839686716532,6.839030904013774,7.6081247599172315,6.768008188971001,6.322780214591854,7.239949853861022,8.887794822073428,9.645464295503512,9.442746938939852,10.844003218977537
15400.0,gromacs_replicate_1,70.4632,5.620663477962215,5.494324292131498,6.638542,5.5361612751993405,5.307733593830224,5.558754,55.05058958258627,51.37752996777102,59.66453160936598,71.22303907319203,78.11466399668409,70.79397481712141,48.16245719548536,58.34896365255747,70.28970592796563,73.23937558307928,62.82619310022257,49.74392770294246,6.855673776246727,4.433240689153957,6.692098825817502,6.974709491181376,7.495107341418264,7.124531674156417,6.948579887736947,7.15953141749546,9.141542669056673,9.889434986383263,9.467672222494754,10.853267387670567
15500.0,gromacs_replicate_1,60.741188,6.3294083804714845,6.567561954484916,22.208199,5.345789297583013,5.271011920119849,9.691093,63.953725749738126,63.53609218234776,73.65508880694608,83.7358165615523,86.85571308594821,77.37539415239623,63.456973303805476,70.10773135604913,84.42813438671513,89.05235060852152,83.29105887375023,70.0845862880991,6.664165741888606,4.065361227282301,6.434951947811581,6.389174028365857,8.045541115698134,6.931523752188464,6.617972461167464,6.639021487498382,9.239134965458987,10.256185914417363,9.664441028160844,10.593042581130653
15600.0,gromacs_replicate_1,52.402164,5.988433644488733,6.109520676491168,9.293694,6.107319093770707,5.835919352522524,19.042648,67.80482243175769,63.2397887498055,71.85303095723827,83.87666473629608,89.71295110508059,81.6369013063329,63.557111634984174,70.06674767512823,80.76949749437829,84.31229461000626,76.68293089804241,66.8024856322301,6.875292890877663,4.454698627472663,6.564971750349824,7.242563434678359,7.242470807529104,6.585401869661637,6.88671559425825,7.174431937626011,9.68343334332537,10.085206331440107,9.934379094172643,11.449636709903842
15700.0,gromacs_replicate_1,58.21394,5.66755777592046,5.695736213138592,7.043663,5.528984872154331,5.209323577037921,16.319763,61.55949529724938,58.87639038692102,68.3669385337825,80.5070763295438,85.38207885791664,75.8114004152174,58.695113876976116,65.17774714056293,76.50605221484174,82.00851113042391,74.05649496563181,62.736042744571655,6.817102199115238,4.734298275469707,6.770577495441599,6.885080441764052,7.542140630623403,6.8485691811714595,6.876029797562701,7.10655030903608,8.884627377015768,10.421457477750144,9.410314159363276,10.338546210554314
15800.0,gromacs_replicate_1,58.716393,6.387751255357977,6.528635503486853,0.6612778,5.682471418311632,5.453465901543764,20.957985,73.06391485965462,72.25370655236277,81.23786072992286,88.28394382092344,85.00672016255572,85.10168082103354,63.534407858777726,68.3120233687123,78.76933197953383,85.5034943993669,79.50438275988083,67.85053363003304,7.086003402164119,4.794550284123265,6.463658797495037,7.020879522992503,7.337052437720737,6.318810523518721,6.5339686025690735,7.197663655199122,8.744220009102454,8.835431985290437,10.032349052377224,10.629859791435731
15900.0,gromacs_replicate_1,58.599777,5.4046665047703275,5.647456263074169,25.603561,5.371687258656351,5.2786806120734555,15.879753,61.169340693100914,55.59558665698773,65.41936366420671,78.20153026694152,83.89963687837152,77.1437330357313,65.87988696627339,71.24750551906169,84.71051027469582,87.26686220219901,84.98651915197645,72.12264291633382,6.757693505091784,4.608094327441827,6.956079395250627,7.138841525651994,7.298759583829505,6.602610967451859,6.279953110499608,7.36230618000405,8.639456005678188,9.763964297137385,9.467648259645818,10.751288978903755
16000.0,gromacs_replicate_1,59.146606,5.495701405781871,5.688887718121901,2.22937,5.901499874645352,5.5232336382675795,8.176598,69.16321670123303,72.37599937631825,83.95885395450898,84.75557852889317,83.71895245531867,82.10996269684823,54.133575278374714,61.88291906885786,71.67171150271336,76.44140333927741,68.34603387417904,56.66954266290968,7.348471383137153,5.038366957884413,7.07478913298063,7.330561697134687,7.465934272404992,6.371273860359296,6.418561896048266,7.022877050186425,8.90510728086698,9.235784074208576,10.130512018731729,11.237285414373508
16100.0,gromacs_replicate_1,64.596855,5.873638596888049,5.957321334327712,3.335907,5.724826211598658,5.425894808265838,13.823265,72.18143743378667,68.67638156991437,76.37321943962061,87.91330355839277,85.62009488360341,87.35273950035754,57.87828036944686,64.59075685999429,75.44766247195217,80.75988634013696,73.03705616848112,62.093431465277604,7.146030896823808,5.036048393616424,6.831166990279482,7.247020651235136,7.4465672865280235,6.140621495141906,6.594216558865919,7.247594056044583,8.632589519571804,9.896699191520934,9.689233745594303,10.938546802772544
16200.0,gromacs_replicate_1,54.725204,5.9535927684194485,6.0915524316690615,8.620888,6.283921940050864,6.757969022143492,50.666515,77.64880389469268,73.35673189380408,80.87720344757545,87.51533215608805,81.00386158265148,87.82397280801894,88.70569575470672,86.43693254781073,77.37085880297897,70.25132943262292,73.94563670482745,83.1629351734051,7.4496205661963835,4.904185583048036,7.195736280541394,7.365675848739432,7.487316595146768,6.263353588833277,6.794776627126434,7.175056273790272,8.207832518831257,9.928581296350487,9.578840864394117,10.958764988693465
16300.0,gromacs_replicate_1,54.928654,5.778773410977485,5.91571684903737,24.327515,5.945930071364147,5.546050183339015,20.484955,52.98307292998435,50.57789851294366,60.73769966024333,72.66173809019604,76.40495992614424,67.37650636667841,60.819856144415006,65.2422416896659,74.61131119442537,82.31734492957621,76.70720543041384,66.67915847443555,6.882693472835384,4.529642302309145,6.694187972014898,6.999653260232358,8.142833462614831,6.820433191766182,6.7538860017649,6.7493100312962895,8.608051540900346,9.799054876403257,9.160338775676774,10.514126642055286
16400.0,gromacs_replicate_1,57.734833,5.360645220426439,5.557676469193585,2.927147,5.838886723974043,5.351153133396306,7.864006,78.79892695025006,76.91613230614699,86.63682211310429,80.41564536692377,75.54681255453404,85.94028688160488,50.641806640904925,58.225964759494026,68.51684259187354,72.70950936395646,64.40949483083182,54.044513838039414,6.870045159173044,4.536132223027215,6.511624681200726,7.1053093160421925,7.833782491272777,6.707250729952127,7.14716700047354,7.397010084215196,9.12572347992617,10.18556979038962,9.09812094181359,10.862971424831619
16500.0,gromacs_replicate_1,47.361073,5.745997853703714,5.875628440028455,3.3807373,5.789474031452441,5.691179308259009,30.644238,72.47196576655509,67.24716096827483,75.54037435395743,87.7941645836797,85.2391235164885,87.3491439735088,71.49836666775084,73.01663822314272,82.3815490674925,88.79947836280313,89.40108303000042,78.75598479462289,7.547215592062254,5.11545112684253,6.829902698756233,7.158633941301729,7.169754490768783,6.022873286547492,6.600970722331008,7.0767224498520696,8.422815977982294,10.064400011208365,9.300108024174762,10.963927485974942
16600.0,gromacs_replicate_1,51.224373,5.408510578252454,5.497949723190222,6.191902,5.817251075384929,5.324351559199543,12.647575,63.104595579275795,61.94097350827777,72.01311565311616,85.01271826162524,88.73598538847828,78.1374066372032,52.614728812274485,59.33740368915035,69.66475540560258,73.74709075336622,65.57909338443628,55.6341232343824,6.88726233010691,4.5483167087055225,6.748444874449121,7.19467725737404,7.608601150091022,6.629461017077748,6.965672896837901,7.320777270477558,9.000694818199689,10.1486567075209,9.12359128859855,10.739486866334206
16700.0,gromacs_replicate_1,48.72506,6.457081009159625,6.643157108842707,2.1199417,5.608834561212691,5.34427739326515,24.824913,76.46152796104705,76.65986453385955,86.18051107557919,83.00478794616978,81.3281318470202,88.603556043677,63.99378661870077,70.5700696438364,81.56488209492159,86.87472496291169,79.59655483855512,69.3192524080331,7.2381319934895885,4.909762791217856,6.165297810884249,6.63275831955308,7.649170447184917,6.3143316747926,6.466711898679426,6.734016121271187,8.205141369043684,10.582891612200068,9.516109263100786,10.369542397761858
16800.0,gromacs_replicate_1,47.65696,5.4084751994493345,5.51044989487509,3.4824524,5.994310057560916,5.839675917530521,23.635956,70.91563667080469,66.54584257521367,75.40441106625411,88.11491350809847,84.89944500616987,86.57276451759306,66.98432596978385,73.29878187830117,83.82424528623109,88.83948565970427,81.4604727024788,70.52447110460318,7.136238192777982,4.324443261505007,6.6202447153376855,6.0132043083406845,7.224539782517176,6.114592341657296,6.584349094478016,7.455703359346767,9.231933881706512,9.979667222316499,9.781933508983505,11.109558498426125
16900.0,gromacs_replicate_1,48.375515,5.070256893464058,4.940724422521853,6.4951096,6.107804794569601,5.7096995461038995,23.883171,53.36905977799704,49.76717154090401,59.64751259120096,73.01554802331837,78.81757008651557,68.73311569079337,61.517694142242895,68.18931544328802,77.37597065195783,79.8208505168234,71.38236071456524,63.11413041402634,6.755015914785279,4.6069209399325555,6.432397002294593,6.743466011196449,7.334096611301504,6.481368404886301,6.678099107360889,6.8742450275044025,8.699258257231259,9.915019227535197,9.109990192397678,10.032322020683058
17000.0,gromacs_replicate_1,56.1631,5.597209917393294,5.746971028784613,13.119011,5.726592134936902,5.46584220548017,11.36824,67.43834398712347,62.281884147777134,70.34849973345476,83.06991679236508,89.78044249129712,83.22537519216658,59.20283903521959,65.83410820026931,76.73473447546023,83.71717063632161,77.07144031528944,64.65167217872344,6.509436096929837,4.370382973788053,6.825136495792897,7.146667309393378,7.455915213755598,6.735089378649239,6.764565243867847,7.307857897827215,8.978309591873446,10.06470514292576,9.188066484647013,10.944844350707216
17100.0,gromacs_replicate_1,40.35104,5.465281484203962,5.691901498936571,12.483917,5.889942442411024,6.029935201521881,46.15558,76.6599547162988,77.14111417925638,87.55730531012772,80.17322031756778,77.73610388602206,89.8233430632606,79.10903242242914,83.36741658667661,88.04965563459824,82.22395015064,89.16163041616998,82.74370578252294,7.035897956495776,4.695663266660812,6.733899519012573,7.106858984506014,7.661689783825866,6.2452778852575115,6.82165570221188,7.1188061742815645,8.395051492946992,10.26467722531911,9.293763872885455,10.72391360164218
17200.0,gromacs_replicate_1,64.960884,5.974655329019454,5.99383110513463,0.3955078,6.11497755923411,6.248197152017887,27.043083,67.45268073086157,63.956074249656304,72.41150356565768,83.57030356950584,89.96662916884253,81.65371159723344,75.94269036290301,81.72190407767306,87.43022696229542,82.1227863534964,88.56916061066606,80.34149453511186,6.689025319316011,4.470516146603845,7.08557667502654,7.46399822032617,7.635157666697389,6.34687394965289,6.505174373562975,7.300983260548896,9.12129760464672,10.050175046042982,9.256896312545315,10.867744550449014
17300.0,gromacs_replicate_1,60.57509,5.373092640567602,5.6275770730589985,22.230057,5.726033279406983,5.520052236677916,20.854004,60.48639674557935,58.75960880668787,70.66375405733898,83.1411019317473,86.30268233116296,75.86014122219876,66.14175585672214,70.3678777401066,82.36102779854504,89.94814697279996,82.89738208654238,71.77715395925084,7.286374831393545,4.839316309914509,6.1824262423041585,6.749643814060249,7.538757008920638,6.627305078923433,6.405498273653396,7.011828359726275,8.494112323344481,10.062179103394772,9.560346117874952,10.45462306783366
17400.0,gromacs_replicate_1,59.83085,5.957116920576682,6.141305640873962,11.418526,5.247902061782874,5.093021881600537,11.452087,72.13414346422307,68.73031238045975,77.53536001876333,88.99895630710408,84.81469627737016,87.11205183661528,60.92813762933893,67.04233707141914,80.57564450666538,86.79446882302435,79.4089799359631,66.14494198048394,6.904213014804041,4.638819896222973,6.702049010025693,7.217565929774669,7.569418260830986,6.496002243797978,6.424741840162289,7.359530176879674,8.568641467765561,9.915278993849899,9.910172291316151,10.873676990257538
17500.0,gromacs_replicate_1,64.57452,5.19731602499209,5.3955317470727815,12.784477,5.635457408806601,5.50183029809351,18.39267,66.40416485997109,63.61764564461323,74.22889611004416,86.9558283589545,86.74563935301077,83.4497833703491,65.6162657162677,70.65683705029063,82.51960355530593,89.94246201115455,84.30919049510982,72.45635414164674,6.52885153485744,4.56311631199293,6.4174774030385064,6.926619820949243,7.582329098209017,6.534127972543807,6.652041877029172,7.551697393261799,7.985845596959002,9.77034743811439,9.654655291022117,10.833175134540603
17600.0,gromacs_replicate_1,60.62779,5.479982950241479,5.505716679376237,17.321182,5.513098413259576,5.440964112121966,16.834442,53.92760866155139,50.55436957803058,59.93508766328863,72.43674990557125,78.22887798115332,69.8700424321035,66.10124929551321,73.07316307039531,84.69499105877186,88.73559241509213,82.97786660796402,70.3636087270498,6.700846254948388,4.561146752034949,6.657750769812529,7.083027678170727,7.551913061544139,6.448195049943684,6.521575571876685,7.275350586652273,8.690937014232645,9.874567111319518,9.828491660744438,10.799728547470236
17700.0,gromacs_replicate_1,56.712864,5.837244105917412,5.967887281779726,2.8803482,6.11501326536008,6.083756760454243,21.086128,69.09748942607355,70.99314736595366,81.33083070968003,87.65322973376436,86.31856507302257,81.11395486031668,69.54612016045141,76.78064695297586,86.58409856297504,88.6100606006704,82.23069575616526,71.36004787940915,6.821581605529994,4.4716538972155915,6.845499822846931,7.285107599418284,8.270044811980245,6.2781894284269875,6.679784102347432,7.035775315288375,8.689956111479606,10.822284265505113,9.796704296213028,10.844098787672687
17800.0,gromacs_replicate_1,60.25136,5.916295327312205,5.841290403375148,0.94742584,6.118746237835285,5.977545263896606,19.504921,65.20842150320372,59.00537850018656,65.93989089194,77.38654698558939,85.1169590099777,79.91184278428737,66.89566472487849,72.37873915910912,83.21368713554928,88.58346133606128,81.84966238370046,71.20055171361922,6.965388452517853,4.552842444622091,6.9035670600600225,7.288988316849008,7.466953491963185,6.384790080646148,6.610354141872907,7.664609748644807,8.661888022500747,10.383962749222237,9.609926408391686,10.883322722958937
17900.0,gromacs_replicate_1,68.791695,5.688529941073818,5.62434900770636,11.590622,5.586047085583401,5.2182481062249755,0.015411377,53.292116587634304,49.52323988185194,58.84949059941148,70.48232404750665,76.81939807943078,67.9382415952393,48.05487290587811,56.766440758880904,68.36758072474457,71.93444943615155,62.40281688497891,49.71286122649936,7.15208717337548,4.683466022886466,7.015613422269646,7.042012304109352,6.84830415138198,6.795221319733449,7.012546099943869,7.467915637969876,8.900329855188964,9.739901747781298,10.234357144040107,11.611840711600648
18000.0,gromacs_replicate_1,53.293827,5.268939342214482,5.409282425873822,14.133575,5.71525046183196,5.514497799975613,18.577354,62.348626497516946,57.52226759542148,67.40951674592085,80.47247886900075,86.99400753422869,78.86286342355722,64.26894749163421,69.56147543222241,81.76231732453812,87.84929872288832,82.06609432924517,70.93231463636263,7.390123925562285,4.778190367132638,6.73628235842375,6.817529149402257,6.966170643299436,6.169102596871145,6.477840577053067,6.926941328764555,8.787357718001047,9.770228703770423,10.241313379853644,11.02336188151618
18100.0,gromacs_replicate_1,58.94285,5.727746998830881,5.823515033161362,33.973694,5.5542814921633505,5.284073739361726,14.539047,43.07917497471733,41.91662627940631,53.166175506175136,64.30346887955574,67.97814769619104,58.487727684080575,60.6277292102177,64.65392422003384,76.73611094948822,85.06642397459768,79.61133350566934,68.46593379452068,6.883629127987044,4.611308226010101,6.302253567415486,6.742864251031353,7.679242940114321,6.751346725822917,6.6664187280151905,7.0711722654183955,8.711145150798929,9.906242832827665,9.877990341570818,10.242765519853759
18200.0,gromacs_replicate_1,58.796696,5.160261119500133,5.025793137806067,13.208992,5.900712739672724,5.476755803384043,15.907677,52.724960030473255,44.72911864621419,52.22236833045985,65.8204585863834,74.0273463159209,68.15372656659184,57.22101174902965,64.48379515001231,74.28025424506617,75.93484801515149,66.49089670422019,57.26035914109361,7.097135547665067,4.913218789276869,6.468676312449677,7.236712969766299,7.920311311472393,6.958555357873074,7.203645126793634,7.288356403457492,8.371444281658661,9.969917280383841,9.186361712781851,9.730976308144957
18300.0,gromacs_replicate_1,51.05399,5.308288592462864,5.352574305445452,15.542007,5.962210274681469,5.5166402371170875,23.51056,56.15899229023273,50.68794411593661,59.47558366353439,72.98442745982852,79.44608726234969,71.38944186206255,60.901862163193265,64.7227863982951,73.67381999105177,80.41896001823179,76.15082609377457,65.75223823343651,6.82679623891908,4.531574272341201,6.704460010895397,6.979540558470558,7.836056259711451,6.663064064552796,6.8196651013272875,7.06852075655641,8.89970724793485,9.965652650514743,9.832282757030448,10.772628793535818
18400.0,gromacs_replicate_1,62.926865,5.645488611299732,5.939196082015339,24.94281,5.431676933481335,5.189971882919333,3.7132797,64.14869729266074,66.75224476237071,78.64842285871465,88.27026573885871,89.27728222541202,76.8529953468583,54.756449824115506,60.742771259031656,72.84112033589672,81.06871716838295,74.96517648257552,61.43169542089511,6.992927039658823,4.426860448101407,6.562050593467779,6.7655807646359,7.3179392138014965,6.581618734765615,6.4803200685238815,7.232212464513061,7.9743545942371465,10.890878247506043,10.05715389734748,10.57213273868084
18500.0,gromacs_replicate_1,59.23408,5.85005903565296,5.75718141700368,8.831963,5.7509139947674095,5.277408680729978,10.887238,61.31621255926619,53.45862745086141,59.7556805701414,71.65872586223742,80.07295396642178,76.02550922636472,52.400542751575294,54.826584524331736,64.91793272446733,73.19528291534876,68.59712049647575,57.98985073655669,7.223158660251984,4.668867078414808,6.890603899662545,7.177885994694463,7.385156882027031,7.111259322193237,7.114840188617419,7.4207114930028935,8.563442953905032,9.732790794111393,10.280296551403408,9.985941106751683
18600.0,gromacs_replicate_1,68.55582,6.079929006671388,6.039859712847995,10.116341,5.7552158225803,5.5437494319319205,12.072723,55.341660571909934,56.22756724911503,65.753691350187,76.6686172410886,79.18104024820806,68.38128244968178,59.98796968787278,68.27629283937287,79.00312498548612,83.19806642650019,73.68147543029794,61.916255044248125,6.835239893291345,4.597627641101552,6.55372779632006,6.8343097074861,7.469776591897463,6.7831513750678765,6.6150209412629986,6.930663464063698,8.812012117151635,9.864397284105854,10.677321479988624,9.718393679444835
18700.0,gromacs_replicate_1,63.211185,6.321881236304805,6.588844807049757,32.643154,5.57961147480431,5.315100919997526,3.9711227,61.07230028844652,58.86212085158468,68.01836462960729,77.88311606188742,81.7295626378683,73.87873927714203,54.761881623088755,60.79194704797738,73.29520585494556,79.43925939288452,74.29176649847474,61.6829784759388,6.7333862163010885,4.239102862601446,6.566899565977094,6.587566914318326,7.873171812534196,7.2576304604685715,7.005625616587121,7.083468114805006,9.140880517192194,9.487940961365913,10.46811157715706,10.750870899332892
18800.0,gromacs_replicate_1,54.544376,5.057314055294689,5.160887133251732,8.428459,5.882847663400808,5.4924133357962965,17.522026,61.41943416618954,58.55241256972432,69.67137008044826,83.41533933369197,89.01142367657468,77.87048899523062,58.557839811343314,64.07096739129854,74.67885369260877,80.15302874166018,73.40220095985279,62.97849816962157,6.869420735993594,4.676098257440844,6.972498630344878,7.263774349561593,6.989353773917373,6.483839938617892,6.6095226020955185,7.225164756141913,8.691521487993404,9.68346610579603,9.931314233993712,10.038404725495717
18900.0,gromacs_replicate_1,64.272865,6.554208605252744,6.4480456980874905,10.539116,6.074044379007271,5.949401372385862,6.3026123,54.343485911010255,52.95105237186916,61.56690838346654,72.12697404079233,75.59764513924328,67.91922928541615,60.546537459429985,68.61771045899266,79.88127881681768,85.15467087011929,76.15473054394771,64.99926810712462,7.133538848379992,4.362939543298439,6.45293677319055,6.219991597137609,7.150776237871355,6.6302278320621495,6.330911588740058,7.061767199833199,9.264999502000235,10.602047084956837,11.397031362229022,10.2836814543495
19000.0,gromacs_replicate_1,62.786907,5.6031189926805265,5.438701888769016,5.1515656,6.109145036447051,5.522140645980415,7.3125153,65.38121720409809,57.05351547762001,61.740941618950984,73.04526519145887,82.41661858110503,79.498662292151,46.86700468071042,52.9661915279548,63.100531422651706,67.91418295396113,61.11862442607013,50.502409624407065,6.96719970756086,4.623069468739751,6.9128572856101025,6.654899092159927,7.171977177492319,6.793155294473032,6.868159912709931,7.307948521118303,9.341572175765835,10.028675788291729,10.607386995878937,10.150142880074345
19100.0,gromacs_replicate_1,63.33869,5.264129826221166,5.598644333164688,40.19567,5.392405046062912,5.130497964168524,2.3453064,54.259690502918794,49.462429339731735,60.24856441919793,72.10654825145981,77.53580030416953,70.69132275494061,49.83517900575402,55.29866925207575,69.06306314074868,77.21771311222959,69.42678577612548,57.23019025618965,7.101643215503987,4.604689600338084,6.587655467644459,6.889593794983578,7.32450769150732,6.835108486002753,6.0826140183661135,7.155811246849449,8.886313192015917,9.239368006506082,10.85721726425907,10.885912596237759
19200.0,gromacs_replicate_1,64.4132,5.199093123578643,5.296097227303287,22.11531,5.750325562479573,5.449956357826673,4.1888123,55.04976842672495,47.569714399704175,57.217954327672835,70.63237823286715,78.4206094661502,71.80979287068826,54.26782766368192,58.745456079764566,70.95272053957619,79.12677803813018,72.98462172232975,61.29546860450108,6.5970267155961935,4.211655706867641,6.829786579292241,6.78887065082704,7.035861869506221,6.766611347633849,6.722962934435521,7.168072599265129,8.83516420132884,10.009089342617072,9.701786175007449,11.201114872341849
19300.0,gromacs_replicate_1,60.34198,5.388178415665868,5.450010424818176,7.5289764,5.894578776026446,5.642461380362418,14.265503,64.4157600462278,57.62411766845098,66.10390584807331,78.89108062157673,87.1695638486875,80.51436628113524,60.91361783677247,67.58283937422465,79.08787130069109,83.72688244143936,75.42384924075066,64.14180858895672,6.971107398611153,4.470973128856924,6.901073590817545,6.88057538334733,7.402354977278893,6.909411548069191,6.669419288350437,7.296518190183975,8.93366984594555,10.228245155864942,9.777705100753257,10.967139026875216
19400.0,gromacs_replicate_1,67.204506,5.2048356557243585,5.450570096879183,29.684364,5.695750935532366,5.463527923964934,6.523758,54.21373692489512,50.167827646118305,61.05603345313855,73.73622361832216,79.13046207370999,70.75402543061003,58.320166075240174,63.35566654410739,75.79873877924624,83.35556966566001,77.64506175117923,65.19553424612953,7.142406004128937,4.85997043198637,8.081522773292496,8.25415077664886,7.036947484716795,7.049622640482184,6.69057388210701,8.039147477122413,8.884024095624433,9.284567354032582,9.865061486391584,11.352192812293284
19500.0,gromacs_replicate_1,52.565933,6.411763558228476,6.3918005686597485,23.447472,5.691073826446806,5.486565864325975,11.647476,49.37345927384862,46.87469106131277,55.954509636268895,67.0566125261392,71.1164669398861,63.39069336672234,61.20657022329488,67.4439478363386,79.77740861323004,86.61872939403028,78.08809674775061,66.5928877301467,6.9399392592312195,4.494211340823556,6.783040968644134,6.74398074968004,7.395124360266745,7.006852040419274,7.068059795763859,7.535245876212832,8.929459609730737,9.692913607554628,10.604115009705616,11.400332575980013
19600.0,gromacs_replicate_1,63.868603,5.257019366920461,5.3292357994706325,22.957855,5.274711169315935,5.144120560051292,12.154579,53.261317753025054,46.49948521035369,55.99654105636686,68.82388104196819,77.11461782865972,70.49561879672129,62.062661599722155,67.43918901467158,80.65688956750652,89.39014462867101,82.79664431652972,69.47418660247236,7.0456001586398145,4.730886112340465,6.892450234593051,6.847042499802019,7.417522057120318,6.286974428119819,6.273842381337695,7.173147980287929,8.472152164078997,9.566761601316923,10.320870903605755,11.29206750253617
19700.0,gromacs_replicate_1,65.47445,5.422866926225942,5.841964352530813,44.52513,5.665025378525577,5.287382661728887,3.716591,50.32142956287531,52.5673532179999,65.3268014653137,74.62555748649866,75.40509752681359,64.12359381186118,45.15567145045574,51.56916631303649,63.06091721191112,70.29813156231474,63.38071164250655,51.6917347787169,6.518800227205235,4.565861296211639,6.207971320603296,6.840649286369199,8.196479071217784,7.457348404754305,6.828365378303139,7.332486725701481,8.261732115565167,9.878620526370216,9.77705377852473,10.046206654309545
19800.0,gromacs_replicate_1,57.79863,5.7208769222461155,5.901788967444344,9.4672165,5.791374403169434,5.64707838490127,12.482315,71.93860253103756,68.82081668520456,78.5206121994508,89.62187937785752,84.96495292640628,86.43022915751746,63.6653125987035,69.78414393131288,81.62985161366163,88.1071471949845,80.51760170861645,68.42082301228372,6.9952695392470154,4.391563286965633,7.2181476983598065,7.033026578904361,6.909139444547556,6.409770548131641,6.059820755186747,6.928874273093805,9.340308080500558,9.27195976300899,10.45706206950477,11.35760569042079
19900.0,gromacs_replicate_1,67.83026,6.368311224893086,6.456711949530242,29.060684,5.693635290689462,5.80659923199873,0.1740036,61.141116265949925,53.72209735914499,59.646619768219175,70.19275451054878,77.10788974711681,75.05614981436752,68.96147581501316,72.99093931852846,85.9890286533583,84.83582413132918,89.24971775600105,77.57710483391757,7.004221748363631,4.275537532984948,6.623677915922201,6.717402782678719,6.8289213461217795,6.601096185259912,5.990338423473163,7.144949338303155,9.227998984898633,9.806108617274665,10.679483963473109,11.460012474956354
20000.0,gromacs_replicate_1,51.617657,5.890672260889273,6.171103215056049,25.722115,5.539785223424452,5.230243984373407,11.237114,60.24286016442908,61.50472727075859,73.34813776206597,83.74507436301471,84.1706591150634,73.1188211073795,57.37982518420796,64.3881671455992,76.12180783055123,82.30700100633976,73.94624420769848,62.44100921043807,7.077603115535236,4.535171344299206,6.587427078373446,7.01409152447708,7.297090084654006,6.495216316747837,6.154077996934359,7.140209593117161,8.962293392942776,10.54073274665905,10.204220627138474,11.08948076178534
20100.0,gromacs_replicate_1,74.63029,5.837092786972601,6.239710264463455,40.49936,5.982056662743008,5.854350955830389,0.14911652,57.804389907024486,60.073435196087566,71.34369296307602,80.2474675172265,81.23053287028945,70.59905170366494,59.137175426747945,63.06839325650246,75.85976948642762,83.6416866214149,79.11803612745031,67.2148768386417,7.088421852709256,4.43578257468584,6.9148932757259765,6.744323957152138,7.310648216251787,6.996575031192428,6.441429776462774,7.159143338900277,8.585101066578373,10.397372836961319,10.335552725329594,10.976449383589802
20200.0,gromacs_replicate_1,67.40496,6.653868963348689,6.775323785667,19.554878,5.483639596499973,5.675493161047148,9.787666,62.39590814938548,57.966632674789395,65.45709413091261,76.28478571311265,82.24947170557377,76.00528537395408,72.5628439699832,79.92511907251844,86.77447876223609,78.75603834644194,86.11300078419221,79.04208080266956,6.368178556005606,4.073281730447601,6.556334069240057,6.8749955083687615,7.161114776503945,6.775207030258529,6.4006668357729195,7.773714488893915,9.32606310793421,10.086676413777063,10.359780416152159,11.230868123112812
20300.0,gromacs_replicate_1,64.56882,6.633744480545322,6.802625633143677,29.310638,5.501864810295717,5.437552085743608,11.0614395,53.80677024099484,53.24836868962712,62.84619004579706,72.53182045437266,75.13221046940092,66.552533281134,64.7402057515636,71.38070337767375,84.65619542090633,88.70877968741388,83.1519252350499,69.90206534879874,6.703708133130378,4.1688538932148616,6.435047221155919,6.529441014555547,7.591385257854962,6.746033934029726,6.435795996962591,6.8573377544427565,9.024653626913617,10.569908440525614,10.116486918739062,11.067423697711071
20400.0,gromacs_replicate_1,89.087296,6.936273346995379,7.135956516545474,48.68547,4.87175913071424,5.141946472551421,21.381676,72.06936310020048,71.4378670354401,77.86385163713925,84.48919096692234,87.10725343430326,81.90112772868537,67.63988667176534,76.22109754264602,89.11460695849561,81.74862550823379,87.66217862106133,76.89414059992885,7.310335091761055,4.556904196936011,6.324603842118659,6.125627112618712,7.1376750197526775,6.533771006091902,5.894381489911365,7.210371357034477,8.520922350882877,10.881249948166687,10.715392008238922,10.998052285729798
20500.0,gromacs_replicate_1,77.81818,5.776099329142324,6.14079526753656,45.42755,5.497241293119911,5.565338202027245,16.16166,57.28166994279038,57.882188843774834,67.44842756521058,77.264362458843,79.2227215888109,70.63854327171487,54.13406178212311,60.87285349357704,75.55359160271435,83.11894813713222,75.668348121078,62.21710948839372,7.370781886577459,4.930023103990528,6.803383598198734,6.731674638824669,7.718823834606177,6.479589140353497,6.6366958022192115,7.303951344366832,8.494985584865034,10.181972254546595,10.649273931858156,10.847126832275059
20600.0,gromacs_replicate_1,68.10153,5.647692717540717,5.894235701475447,20.9133,5.4194436860696875,5.511732434722007,11.447205,71.42204419864389,74.5887951173359,86.7387913373989,83.55632492640164,83.89985032440914,84.28616410407902,68.57596214812573,74.66134019744385,87.58549986813699,83.58734899162023,89.35472235820458,76.50774898999546,6.479562700519843,4.087330068516607,6.681142668141095,6.962456078529945,7.3649437285478685,6.688870394441158,6.19015959133113,7.742792036553916,8.60278130300719,10.875872422644276,10.363591587390827,11.341918576684403
20700.0,gromacs_replicate_1,72.06542,5.5183231151680285,5.921947275723294,43.090576,5.1621581154713745,5.176802438928494,4.7149963,60.50575808376077,61.2608544819173,72.21353405216323,82.35070151404317,83.93897038254983,74.91254991997238,58.98491413887458,65.15833154571176,81.05769795470295,89.32368630982529,81.71120157479838,68.08428452180523,7.285269647064229,4.827072194912919,6.949538644974204,6.86051266271091,7.24463716159727,6.533873179847585,6.201899813887158,7.529708778861449,8.71223130600816,9.972152421250057,10.48518447017661,11.18307565004249
20800.0,gromacs_replicate_1,64.33337,5.535086103604261,5.633256990766561,2.4034042,5.53391867150189,5.495755230023091,20.103561,68.01994975075426,63.933944411210966,73.1553227855593,85.39290700096065,88.11399624060765,83.89189568058214,68.14185760182257,74.8112366866078,86.85922164248103,86.53174395563576,85.39530365589388,72.39856649384903,6.990173901185405,4.724927828197869,6.98180801570704,7.434026683789486,7.345559495854117,6.637974024585227,6.311746226250391,7.56914520662956,8.92875550548476,9.347514696639665,9.68390002334356,11.25142396052902
20900.0,gromacs_replicate_1,58.767315,6.13346305246379,6.333730704254519,17.548203,5.056154865766625,5.26064419304983,19.81076,70.60629801199995,66.165693120098,74.68871049505216,86.48141825848661,88.37842918236132,84.30586253030874,75.03808566388697,81.4226606292569,84.21463906204517,76.00286971269394,84.87519547344057,80.55900368356954,6.921094019244741,4.67883853476602,6.983571857119807,7.536132548065347,7.405822752279327,6.409218859760012,6.1439133116350915,7.138365652565819,8.922574105797779,9.42741084526585,9.555846503305814,11.272464101159137
21000.0,gromacs_replicate_1,65.42865,5.990750206375902,6.153217483762495,3.6877823,5.5155001274615865,5.5078743564772825,23.115128,74.52266819975529,71.54211952584338,80.42205227173565,88.1317386434045,82.75443688901571,88.13757967493316,71.00298305993152,75.53012759215451,87.06138304833641,84.49923382631806,88.78587611610449,76.7390699974235,6.987558002537936,4.792869925924884,6.4128480448748615,7.028541935706769,7.568393356119117,6.284353053646085,6.532308857314532,7.323863597825413,9.063976291425847,9.779915310545043,9.801269144675794,10.5544876516852
21100.0,gromacs_replicate_1,54.03536,5.804979237368824,6.008744590950363,17.745514,5.869627526559662,5.471320509168335,16.923927,74.0143665768102,65.01889073819062,71.22420538809423,83.6592419297437,88.12921226912313,87.91330322386523,58.39998639800191,65.49850003864644,75.67803905342471,80.0531000742467,72.15500282532342,61.87150801801613,7.645187678053714,5.15599335763356,6.676418354671523,7.101392401495809,7.33160133431834,6.644788426669604,6.901042747958022,7.762879881407343,8.805304498510203,9.218345337985907,9.81149026097484,11.244820629081362
21200.0,gromacs_replicate_1,73.755066,5.964231786497829,6.161787818769793,22.14299,5.103992258960164,5.138653264777828,1.5688629,73.18394472408882,70.6176143892545,79.10100775648712,89.93762337300743,84.86780702895624,88.54305438205665,62.26301710756771,69.2401702516103,83.571899301551,87.8453662956672,84.45099404494063,69.51904005073932,7.448769491918656,4.767652858159874,6.721180350080691,7.464432583343604,7.51553970707987,6.648415836079127,6.411236639180081,7.160036843086929,8.77722021086197,9.40059769358622,9.544282381575433,10.891471681368225
21300.0,gromacs_replicate_1,62.567772,5.695945413452527,5.781332035239699,18.675438,5.472493203227795,5.228453007361078,15.067505,61.61152914602187,53.36261957328854,60.33315574986177,72.60615628603962,81.50559758501522,76.50788484303914,61.297686107155144,65.20167108502622,76.9977966629993,85.81828720281003,80.14742893862564,68.07126362657968,7.2607980380353006,5.0913148273247995,6.601347733194271,7.18264047364085,7.601182279181462,6.365341808893133,6.649964270624703,7.266307768907968,8.582670042875053,9.730102238261043,9.595805366143658,11.465454868229557
21400.0,gromacs_replicate_1,60.141685,5.745495249568753,5.905899200653346,6.484932,5.290792165487843,5.1488985017119395,17.617256,79.77324148023544,76.26435241564327,85.15288970374256,83.08368341576337,76.758550553498,85.95837864176855,64.58395711334168,70.77195916177332,83.55079832611159,89.49406232286792,81.75908210939025,69.28436449209765,7.166171923904057,4.7149262553537445,6.37578267119564,6.954717014946197,7.998272812169891,6.619923905605614,6.595363293399883,7.222581242950358,8.926829941669137,9.333597678967282,9.952372596477806,11.006598687747372
21500.0,gromacs_replicate_1,58.927223,6.670217003455363,6.909974096833528,22.942215,5.7379633932521905,5.720244294792701,21.940231,69.66654215154786,64.83181310050358,72.3273150284239,83.43231116816011,88.16479778336344,81.83250062795919,71.15368634246539,75.0171081950799,87.15007671749429,84.9686013425193,89.66004853595307,77.89276662539274,7.000623935092261,4.626309371335971,6.429577586347858,7.013369835740786,7.701770842567109,6.420918716391572,6.467192174174966,7.401306244629621,9.089478130025585,9.698168974413218,9.66843122788342,10.65608599751716
21600.0,gromacs_replicate_1,65.45343,6.5813326989255225,6.805815902148971,19.445663,5.8862433845506414,5.626669498716709,8.792976,67.42332052607425,66.5443069069074,76.04161297754476,85.8862359722813,88.72073958053896,79.60946113774442,58.9713704473462,63.64339582812494,74.85420908407096,82.33995787371627,76.79445036245588,64.0416161265944,6.909791845133696,4.247226535241841,6.336903956737303,6.6242250421008135,7.46120642194481,6.612766987122824,7.099648010492568,7.355385747142445,8.78197968639594,10.281974538814623,9.646814750550128,10.523521734203145
21700.0,gromacs_replicate_1,72.8498,6.5186486469889235,6.6428370669358285,17.276436,5.337309975858583,5.385447505440361,3.2140503,64.14364270927507,60.27478808310883,69.15371759624327,79.9114595059409,84.12603186576963,77.14558798002915,64.01828243794611,72.69600783287946,86.44970748878607,88.02481316767242,82.04539900371206,67.47407022677424,7.102493488065728,4.3801783666772645,6.67277579721507,6.531097209262523,8.070829682969324,6.740354559343441,6.543460192302143,6.950280256074304,8.805903284793246,9.986239352115343,9.851407586278839,10.952450628178589
21800.0,gromacs_replicate_1,62.823856,6.305959144375676,6.422014683055074,1.7045288,5.682237009655057,5.839752599232364,25.65728,84.24723657560253,78.11506800844293,84.5714450745358,83.47044720683799,76.93149990481291,82.05220086296589,76.34630752961567,79.51648465641125,89.84972290764087,79.15367368682467,83.13917911647764,83.75248670433025,6.983511445161816,4.454659525000792,6.413146374150918,6.859397439062357,7.862025614952194,6.768035782736885,7.233612976240408,7.597078768459441,9.265679486305029,9.290626078411618,10.009928027739067,11.415048554159705
21900.0,gromacs_replicate_1,76.10534,5.352830676676427,5.582013305692926,20.141396,5.20524294761439,4.988875888712382,10.594986,68.43628353683036,63.1160739528087,72.84627215615355,85.66004371405253,88.02920262685015,85.5190156925123,43.93033009922559,52.79407069685296,66.2898124821108,72.66035543751973,64.19809015202306,50.622590061817085,6.83904548605747,4.378836079361056,6.650522184115027,7.599309407244348,7.515388193899099,6.789595462863485,6.841926915424362,7.300336227950227,8.895387219690745,9.051965654311037,9.42012880140951,11.0828864418699
22000.0,gromacs_replicate_1,61.02167,6.459805873465991,6.293541696209368,15.349709,5.874917127945514,5.884419566296093,22.04158,50.466428177759134,45.15017764161886,51.87243173450975,63.19927648383228,69.62821535221656,63.21132102978078,70.95522080322937,75.5049232764549,86.24862515934586,85.71559844743452,88.85660739474945,76.33383375120886,7.239664343586465,4.692963537994315,6.550881683664388,7.132743781166808,7.4012757305170815,6.807189581692448,6.791792493973082,7.1479100859315325,8.790524372612223,10.469807406671935,10.095595523213149,11.188828967012572
22100.0,gromacs_replicate_1,64.032036,5.688336814420166,5.401728151085334,12.545189,5.4932373087566795,5.179999992866547,3.7760925,42.0367282924259,39.47130144929197,47.88482086497784,59.62107696449658,64.95192190255352,56.56305510128403,50.84046326513358,59.839270421675785,71.31024417679232,75.66907120163661,64.72152318627982,52.58955946940345,7.0420582684946345,4.792620967745678,6.526713278137168,7.109976520404076,7.659501981696972,6.592436822095347,6.798514747814385,7.370996418104872,8.052355416891055,10.185556982611292,9.605377370791343,10.652919185233484
22200.0,gromacs_replicate_1,49.017246,5.551044853576072,5.743033334589633,7.95697,5.6381874705373285,5.479339987021287,18.549385,73.73249201896529,71.64884975083791,82.28835069699383,84.9632825198041,81.73569225617152,88.55536547019135,65.31975900807107,71.29102274078748,83.04376837269227,89.43064326198808,81.65552045823175,70.44997424636156,7.389857160726917,4.907350294659918,6.604789152702405,7.339987741700641,7.202918526150774,6.654245973524484,6.741283024070963,7.322134631413838,8.992138268732463,9.481347923239014,9.685885543201492,11.847702117165197
22300.0,gromacs_replicate_1,74.30154,6.250266349794815,6.402664893011812,13.976761,5.067921321187842,5.180757689608362,5.894684,77.94404239110895,76.48765970843313,85.4808560951596,84.14018250146923,80.03337764915098,88.34511562657005,66.47970647069687,76.67678263204749,89.53512353095054,84.48731826459738,85.12948033553428,70.45435277507471,7.25517238467129,4.685259185692004,6.742143672099748,7.212886806995328,7.253856556146104,6.310583364225014,6.397926673873118,6.95970058390054,8.660358630497873,9.847272392579981,10.294964497021448,11.321011139167219
22400.0,gromacs_replicate_1,67.64881,5.639518150640064,5.7465776749593,26.26767,5.559816288480135,5.602570168841465,19.73272,52.14595096565568,47.44678883869839,56.84838034501779,69.14825901077626,75.29258656977342,67.57215033528676,71.24271655266521,76.79814524289372,89.35715051673252,83.23669982368064,89.41439582545495,76.72337050330725,6.83941215692943,4.778360758509218,6.715295059746098,7.4923582376608495,7.875419944775855,6.5014631686718,6.83028038875659,7.508869461930431,8.72139085107093,9.452495755079532,9.635382692131111,11.022466630401974
22500.0,gromacs_replicate_1,60.42049,6.400113566075436,6.561909627017622,10.468819,5.429714622621622,5.287016096829226,17.510223,77.16511615152935,73.71228490183769,82.16385112785049,86.70431672967221,82.41365023391548,89.73381817679346,64.67115802517358,71.44784826823438,83.7246716914882,89.77031470759663,81.06721459079891,69.27042614733749,7.319822519190965,4.613265298777347,6.545566235308951,6.990929713055205,7.417145635900251,6.431382410312884,6.795373727731365,7.5378619747809985,8.701049704200138,9.866120366625376,10.09537833515864,11.963777903926232
22600.0,gromacs_replicate_1,63.779495,5.317525871371353,5.564038467268982,18.983978,5.457413859743947,5.07546573070072,5.520752,69.77710033736523,65.13833466261343,75.15479584390154,88.7810113137148,85.9508510956492,86.44786197198293,51.77867658403023,57.09395762175542,69.9120240845999,77.13439798506263,70.79932988644524,58.59954495023303,7.1441235116161765,4.944815257640554,7.36335314841511,7.681476405815044,7.595751696821584,6.616799009763225,6.677638845588893,7.420596468179284,8.80509435048601,9.327866998133725,9.986810080344688,12.514472604947994
22700.0,gromacs_replicate_1,57.771152,5.537884276312106,5.631217590504172,8.615784,5.758415081735518,5.478135706921145,5.1389084,62.86315902008615,61.43387481404957,71.59820780142428,83.66026307519441,88.3229660162052,78.48095173857183,54.00710469023764,62.35075539109623,73.7279285388621,77.59769099788171,69.19995357539953,57.37265870160518,7.486524396320737,5.0005507176367825,6.865472529183441,7.136831966383543,7.524027783271332,6.5319433035885615,6.5935766899854515,7.446854363336752,8.574789046344366,10.443645548458711,9.668995709656603,12.0244842719865
22800.0,gromacs_replicate_1,73.60907,5.93075492501567,6.063465068050163,9.016357,5.161539743834895,5.215457083367302,5.0861435,79.89122773508763,75.42359748649216,84.36464414095717,83.71023073736961,78.11782993271875,84.85282969137637,63.89238712444839,72.05935815819102,85.57260032273726,86.94222646367429,84.54507251676198,69.63881418969757,7.039511915683329,4.781555605942459,6.897114541320169,7.347388706060906,7.506596615824502,6.687691962423302,6.744155145897841,7.52573209315753,8.578524358199127,9.454537320996721,9.862614907860939,11.610957011183647
22900.0,gromacs_replicate_1,66.39037,6.16204269295596,6.347343551372238,12.134331,5.577290155483565,5.458262999463625,15.497162,74.71455295458526,72.78086264878266,82.41007367709081,86.44768264175559,82.50596163767139,88.62992614639542,65.07114266351083,69.6910122963076,81.0770437639796,89.12017357961305,85.25768580917885,72.1266994150893,7.052414341052633,4.481642151894539,6.376545005302855,7.073709022122879,7.43933631413677,6.572329251997221,6.294836436551674,7.622343357103311,8.795115757418841,9.804688883507707,9.908994552020392,11.528958206357494
23000.0,gromacs_replicate_1,53.81116,5.720376831436656,5.911023659264924,4.7675705,5.692004465266775,5.383368939024143,19.113998,75.08174368740396,74.31841089287855,84.70898086104167,83.60729704468372,79.94621338155194,89.36880148266852,61.20740130468242,68.46147327703747,78.79508531543006,83.2141160600251,75.53452190817653,64.11050707515108,7.066461751080749,4.5684757504904026,6.617497802186055,7.207519940064184,7.6111554344284995,6.454524106230261,6.701876073544345,7.224928664955552,8.60617343534984,10.18441248747095,9.660943775673768,11.375300361435254
23100.0,gromacs_replicate_1,49.152145,5.191557218434626,5.383715743900549,9.562065,5.73959480746758,5.2262303723668335,8.268242,68.88214815784599,65.46903064221972,75.90632021249338,89.71260037958416,85.79760792285241,84.06031302598628,49.84983670248659,58.81228475509005,68.71348526457635,69.83424890900247,59.57306017403827,50.08869246022132,7.562657916722825,5.291162080014544,6.499377911216417,7.0825188309994855,7.566811912328199,6.523104695536043,6.653262430572581,7.306459617050478,8.658811676227003,9.878906920714002,9.059682383446331,11.528211528959046
23200.0,gromacs_replicate_1,62.240376,6.052122917584841,6.216614443952903,10.276848,5.889025265062431,5.52172240496518,20.406677,83.99242917270773,79.04718825682666,85.94025331366738,82.42763656860872,74.72435136345256,81.37834474015916,61.4651487936231,63.57805550254596,72.6290252045264,81.18858632132556,79.7726516748788,68.80846229134409,7.098846646252696,5.019100342884867,6.640110984594073,7.468438403553839,7.718963386290337,6.8033847582686535,6.820415411787583,7.675243659471094,8.991100790013279,9.657313473229564,9.530218010788598,11.801778512169065
23300.0,gromacs_replicate_1,59.396408,5.7174194592293155,5.780257891432752,10.953659,5.746115250862733,5.45169328398836,16.265862,64.56815013167694,57.630400778094774,64.51380564059593,76.87165442075339,85.6444799685204,79.79358160028188,61.3224581054139,64.14346673481454,74.34450003401277,83.34768566282905,80.32766887859542,68.60511934614883,7.213255032818316,4.641162066816727,6.747279847610069,7.507518241024582,7.500108648936139,6.895766018089137,7.271386449739411,7.876502287047166,8.882265595924526,9.63216500195786,9.624589457688302,11.474310637777934
23400.0,gromacs_replicate_1,62.656094,5.729326255576176,5.934360977069893,18.966515,5.644244386808392,5.36994591686027,0.04689789,74.64381951363373,68.46001885211236,76.95617057350357,89.32523008425665,84.62977423826364,89.23480822963532,52.46177679910061,56.481433647899316,68.764360397807,76.9945892959695,71.62035334684272,58.62762350318741,6.86045509924506,4.3942672758431245,6.552669065796807,7.4149203150529885,7.908089662835393,6.628935184065059,6.686392799942898,7.211242341624741,8.826486209338709,9.5457452230869,9.667096359437435,11.500286349156658
23500.0,gromacs_replicate_1,49.463554,5.905066713867208,6.138278566816366,22.456657,5.441214330329575,5.367760985088188,24.307587,63.525984790147746,59.97910537027158,70.31112518346332,81.81236930223639,85.75194175778202,77.32026394240731,70.36609705551352,72.39134056721852,84.46070310151555,86.45098078889791,89.30981674755911,76.7391878441689,7.211310845426066,4.7336982030023025,6.087874406281775,6.873285307112161,7.499907103138756,6.663571588432013,6.333925138465524,7.397435466890268,8.633992671397989,9.734307744636544,9.235666571683776,10.951615548790809
23600.0,gromacs_replicate_1,48.323,6.438414989841841,6.525714250919288,19.07949,5.915281084585459,5.6858290836665555,16.501831,80.5896627090766,78.13740523711695,87.82626250903041,81.75412466800493,79.8015497392673,88.12396762387175,65.71758789403488,66.02844894663704,76.81798464921059,87.81018610776006,84.81270717816882,74.6077989409325,6.830339475688759,4.724272083183932,6.257586549568254,7.063317043498848,7.773340309589638,6.70973487909678,6.73037502000522,7.304993807105794,9.261119226884135,10.255529431609162,10.151300073503942,11.425310048152696
23700.0,gromacs_replicate_1,55.710884,5.734321278420964,6.065491378909949,34.579117,5.719363233093969,5.557721217373033,13.503754,67.75626476601288,67.07029752193455,78.37877045393329,88.33229143181529,89.20853294715681,81.2534183523504,64.9358909189775,67.83180856588962,81.58605231870062,89.7373875775158,84.65570298926723,73.68772152784683,6.802778416692717,4.599885340792755,6.411274770852601,7.129051868188064,7.973943488111645,6.8515626663155444,6.416233402991594,7.191632741027529,9.295200626625785,9.473732113729989,9.559983486633772,12.079221945466971
23800.0,gromacs_replicate_1,55.29729,6.123502291109168,6.323551314145796,14.466797,5.7057808059827515,5.505482948901141,18.894203,72.04994083233677,67.62751347815855,76.26045136988178,88.0392270635484,86.86750263934809,86.00304392941767,65.67085544171476,67.80125705301528,79.09049345737252,88.86719143451604,84.85828222529385,73.58915783136696,6.798940229077446,4.63403472282547,6.830824507355599,7.372289889781389,7.328694338567186,6.450458088856686,6.851212890659394,7.706562297922723,8.65764792769344,9.854181304128218,9.87323001714486,11.164010008662757
23900.0,gromacs_replicate_1,65.24902,6.0409185369720895,6.158287430619226,19.11071,5.368494876420885,5.33852630815164,12.24762,79.01896696362725,78.07968437558874,88.93045280821129,80.28985119674294,79.37458710617496,88.88415938993019,67.61446728815906,69.95319660375185,83.39664096056515,85.79859089654056,89.7254595197566,77.13383960719702,7.226530068806307,4.832795114296362,6.505707631856513,7.44742105994122,7.543325974275319,6.606313303203665,6.2490940820189245,6.9458835261513405,8.780372317264995,9.886217640345475,9.71806747307894,11.541723342363438
24000.0,gromacs_replicate_1,84.906296,5.858953070920201,6.055424760378394,27.791443,5.218799109046099,5.37584662493333,3.2345123,63.82701415583796,57.90064541599966,66.33738637453096,77.6242502791216,84.9364100291194,79.48184937346039,65.84358568572489,73.74127812969277,88.3355773200609,84.33639106762753,88.52782739549731,73.05490381813654,7.489239189856973,5.228841767490561,6.472139848714012,7.738292779801101,7.378640191527426,6.690685932397768,6.1660137881382155,7.402417555667547,8.880048779709156,9.26282357883561,9.39525210338895,11.982989584725061
24100.0,gromacs_replicate_1,67.99797,5.9745450367356145,6.0104653597331374,20.821495,5.514487394613046,5.343277520278196,0.5304489,82.4517099960983,80.54708461717912,89.99256924883716,79.59800356317447,75.6831252766587,84.45275597230788,56.281820820942315,58.10407149801839,71.22812010161195,81.64170637031928,78.9974730070595,66.01179953797744,6.860262817801887,4.668624705687013,6.500817780102377,7.493102716901624,7.667641021014723,6.645437038568197,6.760989712145331,7.505347943678841,9.03234168404327,9.348737094934613,9.60911060401799,12.074035617092955
24200.0,gromacs_replicate_1,64.17334,5.9141284575443445,6.106120707473355,8.639236,5.478493942136997,5.382721265652866,13.759346,70.8573304265455,71.399214641517,81.9722927408359,86.68845104230849,84.71489935523545,84.66880903221144,63.84128953678335,71.00471027696217,83.1831593559628,89.92156613908546,81.65568655437997,68.32832403384957,6.989033768595047,4.595070870245573,6.796734481298175,7.2275414201948625,8.129841212890014,6.28253939890647,6.603559029232692,7.132464012313521,8.49874224387748,9.672660732769618,10.131161688385989,11.846885850890448
24300.0,gromacs_replicate_1,60.772644,6.391511100527468,6.435087522528674,18.19999,5.504042115553145,5.318869344097328,18.495178,55.17077083699457,53.92751176354281,63.23284268960788,74.06689227868446,77.14781197193817,67.79655235685847,64.13507999719978,69.35709745553639,81.00363433058806,88.59986177484559,81.82404134388364,69.50992007529787,7.030842747071178,4.571283222981618,6.588536334697008,7.202678662311184,8.00749441086374,6.362789702632315,6.533258610346922,7.5136421183436335,8.98225870960602,10.18907719267641,9.516045555907635,10.510175707340354
24400.0,gromacs_replicate_1,54.040752,6.907171017036687,7.057282726956396,5.7106705,5.27401106172418,5.3076720292439115,14.858948,77.4800862810267,75.48888218633819,82.67006628074746,86.9493745088871,82.83344885842837,89.6418340402301,68.30267138111527,76.57331935605067,89.64121549286777,84.57691475912189,85.39573722265531,72.29106091846313,6.861856300510557,4.431680088228616,6.511793393327716,6.93925643049489,7.868689650896705,6.295021797338344,6.206563448336496,7.14432505805302,9.458863014273696,9.767568503971974,10.217154857723973,11.65274997210956
24500.0,gromacs_replicate_1,49.43038,6.82863720404786,7.056528854257746,20.681297,5.611783316066185,5.414289866673077,11.293213,67.57331090832916,65.9874218737101,75.08158040806498,85.13252332238164,87.7775703203767,79.5188273344273,61.34339251110256,68.61818247677265,80.93887825156263,86.16337315453478,77.9606514093249,66.09116589123778,7.352540849840727,4.952710307150534,6.709786238808906,6.84728630796657,7.527249027921583,6.349275336823254,6.220365065715377,7.104471655477464,9.086470819014965,10.264424285301384,10.482816803471128,11.32195349214712
24600.0,gromacs_replicate_1,72.00301,6.491640447340842,6.666120422979807,2.4240646,5.387092689423854,5.070806818369584,5.739502,77.68190597323668,76.99754400474734,86.2002539213595,83.54415462584448,79.8097259863165,89.81483551104117,44.146873311847834,53.928932034054505,65.56330883413848,68.9996035326745,59.25672874326033,45.729241979136795,7.046828998270306,4.929707771201192,6.311711226810824,6.826741094103606,7.717046080140472,6.279890986831576,6.73823432431435,7.113732143542805,8.558537281440842,10.296365101775306,10.73157386132681,11.062495598703364
24700.0,gromacs_replicate_1,67.509674,6.487256759511675,6.677559804444752,10.302734,5.336197740716006,5.319803074661856,13.098633,77.05821161268496,79.13651485631263,89.10489200459622,80.79242464335984,80.71665435794763,88.35630698264694,65.3862871452016,75.14787446548934,87.54644235360233,88.23954274259422,82.10977927210962,68.88814720488634,7.473252767601603,5.073711843016653,6.67427136230033,6.8492274599928695,7.265842812660174,6.035281818410133,6.452575289088837,6.939791107065024,8.589145176886827,10.470046595358662,10.299844876643323,11.278467964277143
24800.0,gromacs_replicate_1,59.52478,6.304418802634644,6.59908913774569,26.485973,5.584945514250552,5.450589033139698,10.659203,63.530852005254765,65.07672169741927,75.9343958305172,85.13203003227328,85.89190868526303,74.25777976110864,63.07071282777803,69.50780206616959,82.35520950899084,89.48948440215659,82.16026538304115,69.78392848345766,6.950870967465966,4.9786843871298245,6.027399665423728,6.928402235640087,7.598206036730936,6.416706316227657,6.084891124234827,6.84096101125493,8.44950322746917,10.371231196635968,10.040287736137422,10.683294907872458
24900.0,gromacs_replicate_1,71.301605,6.186050320560395,6.39414688480274,19.988678,5.474242720263403,5.486454736381088,10.823868,63.33231573933403,63.26786845484057,73.40856287531054,84.18208376427535,86.80868831086946,77.39716593377482,66.85221240168194,74.7759471160302,88.19952576245038,86.04701934605485,84.06933409128528,71.66069862602058,7.286060746825241,5.091232930303585,6.400714425645235,7.016679563573816,8.070496769713433,6.54787165835733,6.030384028149958,7.050212657046604,8.466124130603534,10.004436633407643,9.568176604885178,11.204495824294494
25000.0,gromacs_replicate_1,56.310028,6.87213676853603,7.115657800408066,21.63028,5.33570129707176,4.992281557209627,13.96685,68.9475672261376,69.17971023512783,79.02401564752401,88.04900285680732,88.70371994412129,79.27947483628479,58.01198693876235,61.42145600768323,74.02711766746681,81.3653395411382,75.3366484139937,63.04211320592513,6.773761271264771,4.596323228456682,6.4964081272337895,6.888543072555312,7.733078985299967,6.36187650751984,6.495736087109882,7.185443736166843,8.611163749077345,9.842176932247083,9.995026886136097,10.522003466798076
25100.0,gromacs_replicate_1,65.148605,5.948925847110177,6.223296858266797,30.484543,5.00527267782037,4.969285149166062,0.34030914,58.85773179835818,57.44166248513971,68.25728282832314,78.715513176366,81.88544594062805,72.75791358071552,58.34904651556028,68.58114664010571,82.67706410022724,86.7095174840972,75.116826360836,60.53956033824334,6.849745560873436,4.336500592060815,6.23699516149872,6.717932790949235,7.814303279599832,6.608351557583009,6.613918001172685,7.407900886724559,8.721737690074852,10.243845140368004,10.174732749213112,11.644046761104066
25200.0,gromacs_replicate_1,63.66924,6.600409068728259,6.9754719495719915,37.750717,5.720146877854334,5.536543842712253,0.5932846,59.73905444044461,61.567534548946966,71.9804031734104,80.07989514942336,80.70255396940085,70.72040378522212,55.64536518255198,59.973421711397705,73.59514117577243,81.3914408961374,76.09937872308063,64.15506985789794,6.7083482627886095,4.388178930422687,5.871734840960026,6.670949640015494,8.312269717732102,6.547970799000779,6.70458538186067,7.303274523923306,8.734642487474591,10.62707842461042,9.916893912144847,9.973812489406635
25300.0,gromacs_replicate_1,62.510914,6.720433084969186,6.856289801517226,14.141335,5.573607588345814,5.371786152449491,2.3287506,81.09318263188895,82.5286868285402,87.39151827204877,79.05619670938725,78.53859491034918,88.85921264408812,55.59638794821837,63.29203857768054,75.3611732085409,80.51765072562601,72.25919799673046,59.54450239851469,6.8109323457131055,4.45415759952122,6.221808257656268,6.523529248976497,8.29941486995049,6.754946330809654,6.893931908311833,7.018631804295713,8.304752997004286,10.797251430522879,10.625724904555021,10.352902207920941
25400.0,gromacs_replicate_1,66.26167,6.633423756071322,6.853593246899482,20.183174,5.748448485766098,5.656929691591058,9.605759,68.22325808739252,68.657429256962,78.4392481740569,87.71889476915635,89.89877218619641,80.12428298950003,64.1529389538294,69.49058775807487,81.88524551426495,89.17329827445649,82.7361430439788,70.63129873719846,7.006506749304844,4.589500516219375,6.444728719125464,6.94907112642788,7.589018807180639,6.406520801733245,6.304678779551513,7.321318397846592,8.649367429552713,10.324927283191867,10.004157187556986,10.691148006216272
25500.0,gromacs_replicate_1,54.201153,7.027567579422859,7.201810954215634,7.4127502,5.4943090661765925,5.891025397035133,36.580345,76.13906168027142,76.16087234824678,85.40039172365343,84.96071674731897,83.67367710058758,86.96619313086131,87.3264506954751,87.66526821329376,76.28453896291643,63.43783646981671,65.85086323481596,78.19456259619986,7.053473951219492,4.870729426725693,6.117939424792937,6.689348832617255,7.8961968204360025,6.466806447883185,6.647109589048928,7.289721423444163,8.89058684113283,10.449554661249286,10.698628236770737,10.299373011951507
25600.0,gromacs_replicate_1,54.28135,6.639068356348502,6.718969740952143,5.7854996,5.413357812385939,5.304761646504951,8.282883,84.77551494775392,83.76510075003753,87.9866550525265,77.83883766703593,74.14195246005902,82.65907003278474,61.3911129980573,67.3417551560713,80.56816652785339,88.71011243625864,81.33653978003,67.64080228394097,7.094606990477886,5.113682016400577,6.456383599689383,6.817532501974407,7.710025368567952,6.63072465388932,6.0559854614747755,7.235989813018817,8.269488009580524,10.595104267046915,10.547528806355752,10.852475796339894
25700.0,gromacs_replicate_1,72.587845,5.737550008062676,6.014993621902083,29.332634,5.287064445449347,5.163729751196233,7.3911667,68.72279735784028,65.11894311626712,74.17619621030366,85.8157417291383,89.58629158960798,83.25574809671524,51.02464301838768,58.2331242482296,71.75901511313711,79.69828318598304,72.50974590384578,58.952564405973185,6.8198551228932125,4.356641715601754,6.383253112345554,6.829648609287275,7.9699471233715435,6.735252841329907,6.881122675655826,7.770913088877354,8.66772551655338,10.196474221760813,10.237985440130979,10.77163202590946
25800.0,gromacs_replicate_1,64.571526,6.0935213091168,6.257124327730995,10.833939,5.44841035408528,5.292715992284469,11.803795,67.40822164773373,65.56279732699952,74.6949574242056,86.02776002376433,89.49759915905004,81.8996261061904,61.27889862102802,68.09326399831379,80.15499239662226,88.0000165110405,81.97323954643794,68.150754918288,7.215961586219005,5.1556547883523605,6.434053198007219,6.728026446150926,7.350660180950112,6.372212723232987,6.448504674561083,7.227716540777367,8.618328467694454,10.373449084095217,10.068862038691426,10.635131644162753
25900.0,gromacs_replicate_1,71.7,6.465572929302965,6.676905923924309,24.250526,5.0637765875003335,5.184044008573706,4.7979965,72.25348542851327,70.4288838104937,78.98658964211774,89.41738030032913,86.82953886086658,85.90648125069418,66.82889267076548,71.1976551599179,85.59260676539436,82.71178310613288,87.95098768795621,77.23902746014332,7.295144550343023,4.825722952116853,6.463611711193989,7.160740515246268,7.3665410072452815,6.650235445106084,6.3799332192777465,7.447520599649255,8.280606959862086,9.700278602426298,10.196472455763834,10.919999631011507
26000.0,gromacs_replicate_1,62.537804,5.788194192579566,5.970154031240551,10.205162,5.17719219871866,5.530185900415466,34.64868,74.47536342651725,70.85189667014498,80.29268564565085,87.45934427247438,82.50076613032826,88.97771881308584,84.02913149318739,87.18079806836667,80.02716657258266,69.18353404256835,74.56336252288709,88.20083269354883,7.024760858478827,5.066335745334279,7.013179532811803,7.509937248290509,7.214779698317487,6.487448316146191,6.212311299400499,7.153011472045636,9.01114744236281,8.529326246727747,9.621643154812423,11.920105863779774
26100.0,gromacs_replicate_1,65.45261,5.575361833259458,5.6261265338394395,14.526497,5.2498039615678005,5.076651266066921,10.072945,60.12771210414479,54.50981819728024,62.685779367791184,75.57542300307843,83.20855334198954,75.6378260550005,59.04387917959381,65.9695851256256,78.45455294973227,85.40786005073008,76.18704537090657,63.585625466065814,7.132049094898149,4.681378467408544,6.296289577546765,6.824965228538939,7.701684036227974,6.509278984249165,6.45573409027596,7.224798908194869,8.505696884424061,10.152109652104842,9.700125051908554,11.231626406595073
26200.0,gromacs_replicate_1,66.86943,6.5730849742367825,6.703873659679656,9.261635,5.3192456833276776,5.209717014066047,8.823807,72.45074840053046,68.32776919213636,75.99532094555205,86.75467128425574,87.80592835049703,86.64917737394957,61.982931441385404,65.18652125898605,77.61876712428207,88.18346623488345,84.00076493604308,71.14396362113641,6.504100111879065,4.500216917976491,6.810011857476348,7.3697212947481106,7.472736262242782,6.528619622844311,6.655597700712115,7.820742155662167,9.288000671864504,9.872230909243715,10.761149186503019,12.184505383894551
26300.0,gromacs_replicate_1,61.99865,6.405557089504672,6.507509615785184,4.600319,5.102820979560925,5.266758455780529,10.9854355,78.79195583053595,72.55640751510215,78.728133677902,89.99476534813469,82.68924635553633,87.36773901757417,69.81378393757619,76.54880266843274,89.9216531486996,80.41062694206954,87.59502237449531,77.95516460990189,6.503201951966015,4.065798019986623,6.4399781650369325,6.690084462595432,7.50285529343473,6.604081200428129,6.633323256222985,7.7529255759079,9.044441376279034,10.028951467568106,10.677586918122516,12.276738646317096
26400.0,gromacs_replicate_1,62.50404,5.342151746682921,5.528865585939923,13.152115,5.184841150321544,4.9732596691319495,10.967163,69.01418231592632,64.57273020410254,73.93352307228481,86.89235756117012,86.31051633922058,85.63787472115422,58.80771393314838,64.28135622112364,76.89745037017947,85.28963158542153,78.35075062032375,65.58409910064859,6.694657841620749,4.456711474902865,6.308202377904532,7.153116311616247,7.115857721306633,6.5467813168274995,6.841213141686134,7.6183612226298765,8.91669004148309,9.795610679474287,9.606052674941331,11.56019160628379
26500.0,gromacs_replicate_1,52.44771,6.096674198631223,6.314931707899274,16.77826,5.437097927433203,5.419587866840126,21.966385,66.24632745059036,67.30527391602115,78.01388523693458,88.39576622670532,89.92297065666227,78.38898641691571,70.16375677496166,74.92622007214216,88.07975234097076,84.55528012060978,87.656556629677,75.90760056397902,7.07515758100476,4.676436686432942,6.719321361465778,6.9914807296518795,7.380526714898175,6.169215214776904,6.23888700657973,7.1198323929402,8.843585168526515,10.198979805822818,10.06917533849428,11.647138619126133
26600.0,gromacs_replicate_1,65.40972,6.339907361576833,6.424011712319453,1.1378174,5.44174439669341,5.299117823243298,0.35593414,85.76207906187014,80.00482923971079,86.47151430390046,82.44844178756527,75.55049279691777,80.29048383814875,55.885037526829,61.27875788342408,73.89558435893102,82.68211893522125,77.70137938355306,63.77552171960145,6.807743095114002,4.923721496063935,6.794269289898292,7.802822289128623,7.175680309884702,6.56547254668907,6.2411198562122046,7.745480708646072,9.383837133446894,9.914952235214852,10.107875732624775,11.482906096446552
26700.0,gromacs_replicate_1,78.29349,5.629849894909697,5.8979011219114765,28.852211,5.166805553500194,5.2711917351879505,11.968109,66.53161993660137,61.32314463314197,70.69366558196468,82.18814322454746,88.20503664679893,81.96892426461336,72.00380155311495,77.08056558831134,88.01860624526535,78.60246088087672,86.39742359921463,79.73135051134135,6.685071609582063,4.542526966110947,7.7055424858733845,8.004028993423223,7.381020364158743,6.679159898045049,6.820674063561605,7.416354433906805,9.134592451128452,8.779275916902856,9.780534573511327,12.64284839945857
26800.0,gromacs_replicate_1,65.03756,5.968580087793766,6.120799385492008,12.030289,5.763998081724023,5.546841012544884,0.15618896,70.98528935986589,65.83442712052091,74.52605924457754,86.61988989578298,87.7696167618117,85.6291342472957,54.31449637734484,61.363765724023835,73.78322640521971,79.21849028141564,71.52525580371908,58.61655566322764,6.553491750372421,4.154894436760283,6.416187803607252,6.928003318301316,7.623896054557306,6.46187413769602,6.897748103649767,7.442710245563459,8.905115435125577,9.919015809301621,10.101280052614095,11.709701708136844
26900.0,gromacs_replicate_1,62.34063,5.943530783579228,6.101251977167588,8.401993,5.615979556777402,5.534817029805254,14.674538,71.21064596402915,68.55545392104548,78.13638544253145,89.55795113506082,85.98641779743616,85.54299261061955,65.96491183528649,72.67639418610017,85.08774056337354,89.61400481571226,81.86833310384065,69.53444641745334,6.824540947199471,4.509155512113333,6.733564950041312,7.519245637462076,7.89713582805587,6.5422447181818635,6.7551463666116565,7.071531740675373,8.987253265822234,9.803440077429038,9.733470343584735,11.50822943813113
27000.0,gromacs_replicate_1,68.89541,6.035055878486027,6.370596285895352,40.07516,5.198141734011725,5.172022157172512,5.949913,68.05301300652522,62.08343271666146,69.43532010461081,80.18817477870756,86.20986041818338,81.21739763961128,56.76235407127041,59.472167668033705,74.7751536542524,85.64059438417412,80.65486773243461,66.77835124624929,6.923361573231699,4.768691540392611,6.958530898182659,7.243436822086478,7.427823685894933,6.7693614115625085,6.617998009274349,7.28552372861884,8.821291919422956,9.29298553669591,10.327393602867717,12.013288925079829
27100.0,gromacs_replicate_1,56.583958,6.798424019108869,6.957515482183528,17.777512,5.7391455790798735,5.596470299160041,11.263588,78.59104490901231,74.00408046942509,81.04950545242826,88.45220487994919,83.18464578015,89.18552565828337,64.73907783774779,66.40571022416943,77.40828887156538,88.21456347019412,84.90167265427918,72.82030800208892,6.983274432867533,4.576159022980104,6.364696859627301,7.054831901280914,7.306773176494623,6.619018815352579,6.686739473394733,7.069079459796396,9.212621120965444,9.429919930121478,10.553621330083102,12.27216571512468
27200.0,gromacs_replicate_1,66.45864,5.606744661568132,5.748277333047997,2.3662643,5.673891503763041,5.5610402062684505,21.251282,72.61760617626885,69.782268279382,78.79660128374756,88.34927223451778,82.7394447487295,88.04004833257682,66.48788696726434,72.29104350720132,83.74827583263642,89.47789645217443,84.02164398067607,71.69040328528843,6.912038734354889,4.341521261897856,6.683699034887749,7.23109036202653,7.758397570923181,6.779252175503223,6.8871945363038565,7.321386108434002,8.805736616283252,9.98820230428674,9.838207410634888,11.643051920957461
27300.0,gromacs_replicate_1,58.883556,5.789696641545943,5.871833912599783,14.700417,5.56954521139917,5.345316433359053,12.026756,63.309409897795526,57.3996526665699,65.3347598175127,77.13662844100962,84.18272997932365,77.50666718737921,60.80011072853016,64.58909345507158,75.57324252718304,84.33126862127739,79.54968021945928,66.57732688437925,7.2569895782962615,4.839262268584743,6.95228557886756,7.500024979625951,7.28259798992699,6.504510551785332,6.621340114634517,7.228208281277503,8.327222268970974,9.366761461672898,9.916336252319358,11.249736538925148
27400.0,gromacs_replicate_1,64.162384,5.594215803034654,5.740304920081667,3.7925262,5.67397812209219,5.404885968411115,5.194824,75.35667728463953,69.1276292848075,76.4445119820555,89.18746822976051,82.39581854635836,88.85741520390482,55.32920603401856,60.843445005840465,72.89269872510654,80.13554302876535,73.67528307671364,61.434738206209076,6.707469884284042,4.713006573340362,6.368076158604257,7.082200595818606,7.520890671914979,6.764674347620111,6.697875642244016,7.459330021342084,9.10274380100206,8.924875565564765,9.946067719226118,11.363440794316674
27500.0,gromacs_replicate_1,55.524708,5.706758404426558,5.806493607855898,10.010147,5.664366350600029,5.320783895776864,6.5120697,65.98770584721235,60.623543878859394,68.95215831056396,81.26958188993174,87.5770254517362,80.75524904387389,53.82065419699415,58.62810640459285,70.24527378513406,77.95966461418402,71.84371318010676,59.93464596234223,6.598889053759649,4.172823423486994,6.3849771272137135,7.093538653587272,7.337254249262342,6.913439051892334,7.007860235603439,7.994420345254824,8.97942579464457,9.838937342117443,10.218547316748674,11.093847696352174
27600.0,gromacs_replicate_1,53.803253,5.6148849347955325,5.849692537209247,16.711647,5.8917201978174765,5.528906417070013,15.063705,69.00868431802,67.5178853335187,78.22652500534673,89.4440195259901,86.34466149301245,83.36166395414749,59.80366940798738,62.67837208375717,72.93276321378151,82.27021492061128,77.96981366899382,66.99208455489317,7.3771840351743725,5.0455574650169615,7.062757947993423,7.526614618339135,7.166619367341449,6.232907674914683,6.252598913165712,6.993934458658301,8.793814375895698,9.388143556746774,9.687877272846485,11.124939177581107
27700.0,gromacs_replicate_1,67.86428,6.33198493602903,6.42247739811612,3.9542465,5.737506594549141,5.632126056597121,7.8952255,73.9430245707526,70.40923501796024,77.65570829214843,88.76585205957535,85.17687466351367,87.74147326326815,59.804270384370426,68.1624216879711,79.90306835495495,85.18135462435374,76.29495096120955,63.38510960723163,6.6985089991766795,4.672205902404592,6.498568962702173,7.319090567133003,7.066497748574614,6.3424615550700505,6.734029954205474,7.752244857864795,9.421366908300191,9.963039800007643,10.553664881632503,11.276240385621419
27800.0,gromacs_replicate_1,70.75461,6.519190613990353,6.734032231706794,32.443413,5.53618731179364,5.486692200219692,2.5796356,58.324920873979046,56.822836104292136,65.72149798061255,75.34399719953063,79.17858627242374,71.15332839641181,58.955822277462424,66.54405434391381,80.63141710527299,86.59564579679082,77.66233902581409,65.12091778951267,7.280752995668231,4.9396593119173,6.667667365832546,7.236277774060537,7.584192285282861,6.707855009920863,6.058851179014137,7.450585527859909,8.778668515385302,9.730662678664043,10.163502597779573,11.863181315967449
27900.0,gromacs_replicate_1,58.756844,6.64729625250039,6.984948644449241,31.805016,5.56745709516527,5.3726490044073865,4.8104935,64.97808884614365,63.95397501175306,73.55221706023943,83.23469534303987,85.37294156429122,77.0472906166803,57.91528441651177,63.802928086888826,77.04027643586161,84.45410579282377,77.07034271812032,64.73923810726895,6.72598806560021,4.477365584790611,6.099076664222608,6.750704990423968,7.800152054637556,6.325646317868306,6.213647153485898,6.831746905619358,8.811950136729928,10.801977363798956,10.144630232773112,11.155501411300948
28000.0,gromacs_replicate_1,57.65583,5.704466156608048,5.897166089707837,11.189537,5.721518281030411,5.624289116741096,18.863762,74.38348045072266,72.12468287362908,82.01910304761847,86.11227694372984,81.82108804977385,89.02326303196932,69.44923478539265,70.15800965714203,80.44685264540792,88.3600845994002,89.17424227834067,77.72652804432772,7.151056379850742,4.826757765768174,6.299284755928034,6.8716348471582,7.134598935227807,6.58777709071773,6.4943827811707555,7.283542406667823,8.175151963911608,10.23984857799916,9.76373846835586,11.252518101808976
28100.0,gromacs_replicate_1,62.383583,6.034890276820931,6.264758669187526,11.813126,5.502344233346412,5.400024453167919,17.924385,71.286730541652,74.80089614707006,86.07172213169791,84.75199080289147,85.0828494468003,82.19781666235504,65.56677145490711,71.15965777030642,82.78483669603203,89.56860975597887,83.85368041924848,70.56219815948026,6.916305794434569,4.416196480458415,6.446141825434223,6.727619958576247,8.204789460939606,6.635129042725503,6.689431714908028,7.034735030900917,8.219231584430863,10.638323454521194,9.723799424191919,11.059189050910812
28200.0,gromacs_replicate_1,72.39325,6.082059119570356,6.268994012737942,7.672241,5.033406982761843,5.067226159673565,8.719414,72.62428128481824,72.34414325042323,81.91069281940892,86.86529665207439,83.13366631173908,86.0400797464733,65.1676162633897,75.0446985630929,89.31955253288025,87.1549949560157,80.73770779111956,67.09697358087308,6.874156790681248,4.608949048852273,6.921224616240317,7.563019278378808,7.852385474732017,6.4774797497316605,6.297377270563324,7.074936434277653,8.809909569375465,9.442535750282868,9.54078403306205,11.34061690978256
28300.0,gromacs_replicate_1,70.32227,6.67439673356438,6.708759526763298,7.9800873,5.712605542122717,5.550996322547026,0.9091568,65.31264893811662,62.245142589728005,70.42187139912922,80.54594576626945,85.91687434933581,78.77219992441573,54.89066380273123,62.568953960117334,74.32742415307487,79.9990787571926,70.72719799216469,57.61417348331826,6.765109057739244,4.2136286978985575,6.60186200036138,7.267932404096697,7.536156740159852,6.163464926368589,6.611987524990553,7.426846044990596,9.282992722015539,9.949733598310106,10.066822144834308,11.413918633002904
28400.0,gromacs_replicate_1,77.62734,6.221387773512722,6.344153491101066,3.3554153,5.857000778352539,6.024907368956439,12.595802,80.84819465112363,75.28721437591007,82.29747030195954,86.7623245388281,79.63620081995742,84.54215517279215,72.60487759890424,78.44148697960377,89.01493762816159,81.09067220179878,87.26667914861797,78.81037743412648,6.744871559320445,4.435199023148894,6.556023093570191,7.025441243564986,7.350725181632682,6.7023993105653625,6.628986233216015,7.48958091756273,9.435125054636513,9.613721097788334,10.091513137546947,11.939267127020761
28500.0,gromacs_replicate_1,55.87468,5.172052759891642,5.377265245855898,24.799477,5.8158211158834225,5.728925452066043,26.759903,62.71293360426104,52.332251207548836,58.77037785469434,72.80477258036412,81.5318747552052,77.55753422865223,71.07694099345309,74.30486019731185,85.01278491964125,85.85362684983487,87.91338517464833,77.04598641113014,7.175263997895426,4.690746689437053,6.75710477010304,7.27719767903435,7.551480199382947,6.419992759482336,6.5538255175178906,7.43322054942369,9.108678482075412,9.426777167344712,9.730125711534102,11.538740240182142
28600.0,gromacs_replicate_1,75.69865,5.8768180095156,5.993110219116884,1.4946442,5.2045948432773015,5.281370226166007,17.458221,74.2888475503335,70.09518789036477,77.59717566355921,89.89687953975944,82.61058839505108,89.81285380215772,69.23414221449671,75.36408380435076,87.68670613471939,83.9567666467525,88.80490580184863,74.19552352071562,6.488508433587187,4.440898873495273,6.689754439166236,7.36264645878579,7.146574545626309,6.4947737289253125,6.275243859193362,7.432976106163227,9.463375228497686,9.859089750444022,9.873292806081931,11.820431178510322
28700.0,gromacs_replicate_1,52.363678,6.406483273622809,6.740030828061331,30.818771,6.207883647131579,5.735177900006236,3.4379196,64.86924541134695,61.168559198597166,69.68727976474575,81.15524156122673,84.88856216960194,77.73097230519829,49.637547951805075,50.558576061098584,60.55671756593549,70.69286142606998,68.3292477656569,58.0574040304127,6.608933418211736,4.559941126055881,6.193329063521229,6.71093638057116,8.04115734111253,6.765320812976851,7.001524033396021,7.185090320982486,8.859754807879758,10.385976011838133,9.426722146891295,11.40939461370173
28800.0,gromacs_replicate_1,65.103195,6.069498399313792,6.062427735273981,6.682335,5.4860705486397885,5.474111240280995,16.92286,75.93038759254756,67.2094314894203,70.78622900970366,81.16092342697104,89.60732980182135,88.3913562727575,67.37298245500405,73.99152703417579,85.713893352534,87.12659204407879,86.44544520300748,72.43324313848373,7.079167256788916,4.949854111807951,7.072795676222204,7.893343526654893,6.866213560898434,6.537532899455732,6.334479582657757,7.508273303559841,9.259362309564544,9.627482659197947,10.143314540148612,12.18865937262002
28900.0,gromacs_replicate_1,61.836056,6.13740370794374,6.323405707984817,13.009216,5.718144162515178,5.995391652665329,30.475368,71.53556358278487,69.05292350714457,78.23982714413589,89.68455932873499,86.26455696232844,85.15346595105564,80.92307429285033,84.41474516196612,84.88350783614086,75.17364299573732,79.97233584144125,87.44768137013597,6.734039269474097,4.586700133055978,6.498249806147826,7.217043289581373,7.299571861130641,6.337549785515868,6.474239147618737,7.3676827438441945,8.975680956181263,9.725689780677358,9.963897735858948,11.44428600688767
29000.0,gromacs_replicate_1,71.936615,5.796989328701704,5.922657217010639,29.61811,5.448428938497037,5.262776057653609,2.851944,78.20827320755089,75.65539256491559,85.62986282903056,83.73612507160139,81.19319762931478,88.73606555746726,53.117607820383746,58.31798051413669,72.4725257120549,81.06661062673305,74.2342251893761,61.73935761213,6.599059243236979,4.510406738227981,6.657641950660453,7.265999571206991,7.072167486653305,6.64539198021481,6.692147957333722,7.387519655747421,9.065349897302223,9.42468813729036,10.173699140895149,11.713620643739963
29100.0,gromacs_replicate_1,59.798473,5.8052471213739425,5.960562592281033,13.398605,5.504322416760423,5.234656551988828,6.6793976,77.396158237993,74.17523038229633,82.26659657232214,86.38981317934164,79.50677115916757,88.63175994315336,55.16870694354172,64.30949693442926,76.03130774504433,79.06802092737367,68.69032728008504,55.619385014730646,6.542046789438801,5.035062333527637,6.879715088831895,7.634608274488053,7.161321687189849,6.348525553431596,6.807804313136363,7.400715481894929,9.125349406220023,9.731055304789612,9.886078795419875,11.414934347368384
29200.0,gromacs_replicate_1,63.236168,5.888176027271737,6.047511464670825,0.015991211,5.5483321188296735,5.455282041131856,6.485222,79.73471705203451,76.10073121848924,85.01884661670401,82.92581617647011,77.69397051617051,85.92102798048555,61.171039268286414,68.42501862628318,80.81042217082052,87.66395226748139,78.90545157734245,65.1848841357531,6.617114449524383,4.1729757657188316,6.7954413004757805,7.314345704230736,7.523048232311575,6.499268085487578,6.54444135485561,7.474927933123743,9.137027164880513,9.928959628068327,9.906156065089577,11.584940666233889
29300.0,gromacs_replicate_1,61.876614,5.935101865298964,6.164392497849799,25.016975,5.4985141122388725,5.509947249455261,3.476921,64.43752365276647,60.363315068579695,69.41016161071812,80.84574381479946,85.93922066164079,78.82519185745544,64.73095933365406,69.37931376670973,82.48613245922196,88.47080014461292,86.76896017369657,72.9940724750734,6.331376589488195,4.0761013954712855,6.40704190673011,6.771256772050194,7.758577184829174,6.738967725270436,6.557303603084957,7.352561094310603,9.365475106921672,9.854535374028409,9.556465651015602,11.818078691068314
29400.0,gromacs_replicate_1,70.15658,5.9209497831393465,5.814033845150079,1.1703949,5.1651236209747315,4.992931976255024,0.33181,80.26850735084257,83.66090953897853,74.79967891803123,63.24707829328197,58.09082864182996,65.76217929531424,53.819693720078384,60.42641040008272,73.51603872446745,82.25053530845089,75.25627559214445,60.98157991779169,6.924480239008854,5.0444577900679946,6.444989407090732,7.731216952412159,7.954060104093636,6.699572395228211,6.627269031396798,7.510944964060429,9.434416315182254,9.259537606845374,9.402047614756633,11.609229684503497
29500.0,gromacs_replicate_1,55.5216,5.700314950734757,5.891999922538445,15.897018,5.116504152603147,5.168353948276594,12.773109,73.47976007143079,67.62253409615518,76.02496237035504,88.37326622836012,84.79756764127107,88.34444879926689,67.75841741522355,75.81699872548838,89.82160223944251,83.42882398779366,86.12354080131392,72.74174394198063,6.514275109101014,4.194478735687358,6.590244794631596,6.826739008423745,7.192531007380624,6.386153901520961,6.2876914874869065,7.4046732836996,8.63225188228829,9.76395959170199,9.981222119839346,12.14433218772151
29600.0,gromacs_replicate_1,77.75321,6.625012702376498,6.802977050283182,29.88684,5.049222008516807,5.142261701873161,10.596512,73.03521173019887,65.48386621990775,71.38371458028521,81.14154411525683,87.76979890148334,85.18722790751619,57.760265459678834,61.22541981492976,76.11756751721674,87.61357970097617,83.2961256330886,68.95343056037979,6.667388066401741,4.223582551449586,7.127642042883448,7.7266867066087075,6.9884168025853635,6.696952878099633,6.6947707700270565,7.827592280276948,9.439671795693911,9.23798410254425,10.54601174140659,12.778550498989459
29700.0,gromacs_replicate_1,52.448437,5.793472025020299,5.898963205060443,17.355637,5.388405703508962,5.235174603104843,17.07228,65.41708390030531,56.62634780501492,62.04909368103502,74.69845014150032,83.16054832046729,79.65664607186555,65.05937200010824,67.96784063548995,80.05569140917693,89.85904440598607,84.63805846600889,72.7984365153415,7.0158574102126945,4.611312350289746,6.414507479388239,7.11315965324427,7.290292382149862,6.526961569083018,6.290880376152102,7.483720772940033,8.82115305992397,9.357676330586473,9.599228386459368,11.716222875996129
29800.0,gromacs_replicate_1,55.99865,6.821171221480334,7.033339530050308,24.319855,5.710447370662012,5.900666861877902,22.975632,76.49241572952491,69.57415093736294,76.12048342762532,86.92418439159539,87.15555669588478,87.78504051414293,80.56373092974492,83.36515918849719,83.87730184800989,74.15148554068391,78.51162198091447,89.03582443130396,6.631559766518028,4.157251612562112,6.125773942357152,6.677085867665863,7.303847658724415,6.513099960170032,6.528539791719937,7.163062687425857,9.289752727032047,10.015828759315863,10.42464316970684,12.060002211024083
29900.0,gromacs_replicate_1,56.66162,5.665515338816081,5.823966244732069,3.6772842,5.6614277395811525,5.371047771401052,15.739265,73.80436895982345,70.20001230469956,78.60805523228456,89.14970286361776,82.80875514543834,89.06070661637405,60.52562984878542,64.7170897862238,75.32118935637791,83.58057807221508,79.0216190147022,67.61404825834622,6.56313749785727,4.543494503459383,6.697342505202765,7.62814295564752,7.373436135434319,6.407324322937019,6.542562852914931,7.157623850407076,8.735043487677887,9.714458617229933,9.84452070659694,11.61255067519822
30000.0,gromacs_replicate_1,45.627743,5.960476015301875,6.021885115472946,12.93882,6.2523998212248175,5.942939029768292,26.603935,59.87152340013048,57.31385955613771,66.97293737391472,78.77917635421667,82.62469045041335,73.13451120239873,66.60284037082671,68.92822514385418,77.9665880451589,85.3610959790027,81.5293866835655,71.81383667985071,7.107609666997673,4.765697113722288,6.758386285477805,7.129681335663066,7.40987516516967,6.203310408796068,6.802152501261931,7.140260731933556,9.356409278374091,10.15958026156722,9.71421638809296,10.92514540035364
30100.0,gromacs_replicate_1,62.20979,5.962239736674609,6.289345904343554,31.778076,5.521852560271589,5.454599745147424,6.9254227,65.70756408943345,67.11690993222547,77.68816286588923,87.4157410684182,88.31592886441388,78.05859589859146,63.92951355132755,71.94945187275582,85.53176095224025,89.82948585265426,80.97707246797943,68.12843020367875,6.9548125876562565,4.648614169452322,6.399297625767044,6.8360562926147095,7.132889616239081,6.448377875165177,6.132828949324636,7.235035855772017,9.052107462548234,9.731269834230394,10.595846847406271,11.844845217562698
30200.0,gromacs_replicate_1,56.98625,6.281248300126088,6.371191389464354,3.1588058,5.424405727373092,5.501745830236845,23.517601,88.77515186621001,89.44697856486177,80.72401075224779,69.9805948313056,67.90318315345368,78.45223563672464,72.31749809140184,79.11978926873984,88.16819020217056,81.07670582313986,89.74283764016086,77.12425198791534,6.94065720895871,4.619488223782126,6.950609196767388,7.0469641078949055,7.014842261754336,6.555198827385019,6.352432680851366,7.21430754439545,8.668963245132062,9.961193762124685,9.804516080171682,11.275562149668708
30300.0,gromacs_replicate_1,54.43225,5.752634311455102,5.946087238000089,12.69146,5.209069111094334,4.972576678827722,4.8921814,74.18212326773023,71.86618090973312,81.50340622003466,86.34812814226633,82.0650647637926,89.35831049055908,54.153672234356236,61.805381820290904,74.55545362769942,81.75200381359763,72.98334929975714,59.68725730236775,6.944223239544363,4.728677396460724,6.875055215740587,7.570355299949967,7.4463038844896445,6.588966209352644,6.632218767756818,7.795665343994414,8.837150353432532,9.593083401165881,9.530109210579617,11.341746460589818
30400.0,gromacs_replicate_1,58.050648,5.74720277521968,5.910741139812256,0.72184753,5.70844578812614,5.370506614258508,7.223419,81.3084558403105,75.9970669959581,84.31052058360179,83.52657696856522,76.36157978419017,83.68982800280027,44.15802839291663,53.37616420171293,64.91134782565598,67.44194282134121,56.03445900890606,45.621518223436055,6.944672479979084,4.640322705116891,6.651459390716843,7.043032006931536,7.8801547432936525,6.54280455694673,6.664719925410105,7.425814314528171,9.16814002452338,9.830630974304608,9.57002687803067,11.579467172242575
30500.0,gromacs_replicate_1,67.354546,5.951872344066952,6.084741581127944,2.4735794,5.2320062569401244,5.257958868510613,0.07432556,83.54686082274608,79.00116076977753,87.14044886723325,81.38035847241939,74.35526914310334,80.60028586644796,60.71934434553329,71.24660702929425,84.51601847176693,87.89237128675923,76.19462750138247,61.625171260249715,6.685853186071667,4.474636074389545,6.713188136658332,6.9847624289961745,7.512392533575096,6.596487515709443,6.708430518088519,7.455114125583722,8.939443097010463,10.182353834823894,9.817794282080094,11.266823307107995
30600.0,gromacs_replicate_1,59.78679,5.649343626895498,5.922724180109983,23.948029,5.444343414670586,5.277885903161515,0.37007904,67.9279003744669,70.26037383105373,81.29099262111896,88.41132740488611,87.16925989289822,80.47506307235916,55.22334369506337,63.65782654733995,77.2445255911825,80.86638488658261,71.16636104693231,58.85513196156468,6.703395786748823,4.432900621840561,6.279325306906727,6.3544099760484505,8.063828570052,6.658129349670342,6.458932912754299,7.020984909360001,8.818089214388822,10.279102614820857,9.654429750756703,11.643566152733987
30700.0,gromacs_replicate_1,63.37787,6.229477823625116,6.247005003358128,14.153435,5.217560368184857,5.254673941138712,9.026848,61.11300881395038,55.76446541413857,62.63515819695555,74.25919831051633,81.08747029370568,75.39002098785254,65.17475209620446,74.12427897786897,87.48046392238987,86.5931669324907,83.76002456032828,69.59423048049648,6.649416045921314,4.344066267529658,6.732139902862685,7.119289926772588,7.639270646056734,6.49338899176367,6.394165224979193,7.202336296473612,8.833426329180513,10.074040646666479,9.778974790822232,12.522949860117844
30800.0,gromacs_replicate_1,56.067307,6.49194155960623,6.610823870055859,3.3067017,5.419363341967531,5.295159998946859,7.8277817,80.40394701720983,73.84864058529601,79.59390614415042,88.92115739936393,82.0755655773279,86.16056342336529,60.85178810412911,68.76636185712485,81.79909040396089,87.20776579609101,77.82576463230578,64.52593884306303,6.8371949391647915,4.563593417113442,6.1572829368869035,6.805080039400771,7.922798252661297,6.829045588521204,7.081811868125429,7.625780007052334,8.963280415382336,10.13719069086309,9.699798474637324,11.297877970891424
30900.0,gromacs_replicate_1,62.297703,5.210745557964372,5.352369195287341,4.848816,5.558664383917242,5.399726999390483,7.0558777,68.77220079123224,64.52327331232064,74.29413099550554,87.4460792007327,85.57032837794817,86.39150716681978,58.979923195201565,66.77824251807503,79.06720701698626,85.31438471016888,77.33592913934505,64.0470620639684,6.671713135808181,4.630203134544116,6.913518533818823,7.603000700497551,7.15567916962809,6.557661438700316,6.357324685473221,7.355559169871122,9.30594843878137,9.732043381870898,9.641272525333068,12.079546672090466
31000.0,gromacs_replicate_1,66.24177,5.931458951410153,6.032707046736517,12.566963,5.223070955209778,5.27655089970392,13.411385,66.32317508758723,60.10474073017754,67.52548898524597,79.67695683291547,87.09384197000007,81.89103556222967,68.01397678921265,74.49368667097363,88.41899471582589,83.645282831294,87.57589309613385,73.4054996449554,6.57073524304311,4.3082907331142,6.389459611660895,6.895286896415117,7.508712249300333,6.484050189799884,6.428365419156908,7.565158696742204,8.865310081160473,9.507965059591722,9.730715504719154,11.451228366993364
31100.0,gromacs_replicate_1,59.03885,5.632337507801054,5.807803563034834,4.6265564,5.5212545547893095,5.184213623412808,11.288239,76.41655489450503,72.13571382919288,81.68193084885219,86.0418336470515,80.36339411093358,89.30235276627776,56.31200999183325,63.347533436471394,75.52516542791282,79.46498755110203,71.12842850254411,59.42594541312656,6.960497475543659,4.813691955861864,6.843048216756538,7.477490759869202,7.010529112560403,6.154359340093158,6.432939998581263,7.385396577825249,9.070167299210961,9.67906287500628,9.62658162808724,11.513277684867823
31200.0,gromacs_replicate_1,58.844193,6.684482688369589,6.761796368436591,0.53583527,5.881780544926354,5.950920202022368,19.718758,87.77461829301322,82.7192203696978,88.89282385556407,80.17641886169176,73.4700592610146,79.83232233218108,73.09277480535101,76.53502861388277,87.75160130282296,82.57877543634379,87.22496206446138,80.58817251771993,6.891883108600866,4.6057372135585295,6.72571203032619,6.985229466471255,7.527334899920695,6.312858234499582,6.06298081523236,7.465178151590967,9.155922382602531,10.304885115125485,10.107449875971927,11.869244951666012
31300.0,gromacs_replicate_1,56.406197,5.832869277800548,5.764634170396704,4.617096,5.86629324499397,5.522266075898946,12.467598,66.07206486118797,62.425928503712676,69.53061006537524,81.54218407307259,88.20707579765457,80.48878405565084,55.68207275989533,62.51793447552161,72.31614854557837,77.28911314190434,70.0169508447184,58.779540005986384,6.335755978709178,4.116512751145658,6.4639744113073805,7.038659389393971,7.9664451724627305,6.778544378966657,7.2919079300240535,7.476796146649121,8.759778760041385,10.07164099063638,9.069906169176445,10.819167914878633
31400.0,gromacs_replicate_1,44.5409,5.375767831907739,5.53125354822773,2.2647095,5.474101188541904,5.513502410184142,29.95308,81.90073450271959,80.12408707877312,88.59519158922534,75.84772360444556,72.52190469249666,83.56217189822358,73.68300040295678,77.24973945243032,87.99207248944504,82.64804948886727,87.7406395583464,80.68881381687541,7.014719074227678,4.9957673179807465,7.244859352612835,7.583415937983264,7.318446128227834,6.332519191133363,6.416207291843914,7.315350264227788,9.233218489605514,9.379684219548771,9.68682492130131,11.73630234219216
31500.0,gromacs_replicate_1,54.982475,6.569005235838703,6.585428890370161,7.851265,5.531088239552495,5.271432737533899,11.642807,64.03610966740713,60.10439841935905,66.91144748666234,78.01490112110824,83.999116907059,77.35142144022386,58.975505286281,64.55271932946867,76.29809395900554,84.27871823482994,78.05435173242023,65.2842102088049,6.794047062323896,4.338036360921327,6.666613493507915,6.98262536566399,7.7174974286505735,6.357966166496743,6.876550495649423,7.058948494329466,9.489455362093212,10.651031541445048,10.262510500112136,11.47405987274814
31600.0,gromacs_replicate_1,51.03486,5.527997362245543,5.681320461750839,1.6685562,5.517967733179504,5.130964012945079,8.892815,73.31457443656892,69.67075173495527,78.81159887309593,88.49707990644644,82.69862961434409,88.56630754107145,52.95522537288737,61.31427203557747,72.44810993377529,75.83456815571297,67.02045029738026,56.128027154441924,7.13030184212347,4.956125164659614,7.170781251072778,7.747796396420861,7.298549728589376,6.293079739642729,6.71151171067308,7.281580583138183,9.144048514328048,9.638416364829169,9.614876903915064,11.56275491920664
31700.0,gromacs_replicate_1,46.909527,5.505339560453404,5.411238565974376,2.763626,5.756216640089289,5.219386897332442,16.578636,62.09192553265984,55.33221204681335,61.61899618883368,73.9159153342115,82.27115436307146,76.57742006084788,53.45729166537234,59.16736571619645,69.15401286790143,73.31691592670747,66.57047267306305,56.09273346334491,7.084511980055459,4.6235156721097095,6.560276978301469,7.233608189720133,7.679282959739304,6.42721217416899,6.831669407058997,7.465214856587521,8.722256005702897,9.82532999871183,9.623802945043714,11.278347393849119
31800.0,gromacs_replicate_1,58.404938,6.638835198546696,6.781424745224311,4.6550674,5.645426914866687,5.613800408940696,21.061562,79.56881204681314,75.10028824927625,82.13837327729958,86.90103563768231,81.13075760484001,87.86900817873911,70.14432623113143,73.58105146371862,84.86907226905869,85.35836258531235,89.57699314492567,77.34705371875245,6.563405133641262,4.19937291780889,6.3957485142734605,6.851642546239396,7.598810387539098,6.688001663144192,6.815821868577577,7.6106055489412885,9.260980823050053,10.241464096024444,9.905868122945174,10.6477047697027
31900.0,gromacs_replicate_1,54.495903,6.221961063322978,6.368896526769097,2.7871704,5.381246922346447,5.37258499013923,12.821899,74.99293783618369,71.56272278185163,79.7753017951097,89.11035586639414,82.93735603153358,88.87048196543967,66.53390881629751,75.49028241334399,88.67450695184824,87.58932608652579,82.61763286594743,69.9596748507862,7.438967805201135,5.017918961420841,6.478475168793081,7.166817455731178,6.949423054847136,6.356164208170893,6.202085935768347,7.33616049684741,9.107408557111265,10.176414593253003,9.83279057957912,11.197702967951184
32000.0,gromacs_replicate_1,50.045364,6.356274477391178,6.3883862701888,4.8921204,6.0627876708554185,5.8628692286864394,24.145119,73.11246613893749,67.82022221943359,74.33045562554449,85.49564252785243,88.32522431551817,85.80427176776266,66.91541173774614,72.1726817584147,82.60954097067727,87.72456639221583,80.61750940894403,70.06152263215995,6.747257028037569,4.658471529141487,6.399544823457966,7.105973429658165,7.5983350406052,6.233579508282312,6.899087733876636,7.378565395806399,9.340345452515939,10.971954731883713,9.517039284483873,10.612126560649328
32100.0,gromacs_replicate_1,54.784256,5.608530475145052,5.798522592732998,9.57444,5.641956449078715,5.257299428934024,16.378487,75.01892087656574,72.00215833304361,82.06912522185591,85.52305647693055,80.76059217923861,89.62300697863759,57.949552672109945,63.761726537642716,74.78553261850018,80.46415912784207,74.07641302377512,62.9871991523707,7.01778188757442,4.721202986877083,6.650680211613443,7.361742125085983,7.683664395172266,6.493645507815594,7.0619495176467995,7.308062378950889,8.715418971679998,9.825792787706991,9.17853231936065,10.567567966925118
32200.0,gromacs_replicate_1,53.14274,5.6022011615586615,5.601950201205396,6.207535,5.868344510710931,5.559377597211079,9.767593,64.94707026407542,57.80263771480203,64.81111532069865,77.54569596485099,85.48138108663184,79.80314812686893,57.03038302702329,64.15578316574685,75.35071542013118,79.32821198007605,70.37416949535388,59.495396019087806,6.867758052164749,4.628786644101311,6.482329365669699,7.295434104831176,7.411532796406069,6.564140810162028,6.911665962483502,7.345425455467577,9.34968163887167,9.896632038053726,9.523354257503403,10.920437558441533
32300.0,gromacs_replicate_1,64.52843,7.021352225934096,7.201922425838401,13.835083,5.509121603196871,5.481581000372179,10.3324585,69.63527092469855,69.2621603153931,78.29346437931146,87.68010403028065,89.99895155175584,81.13252789921209,65.38384548393802,73.32382306733825,86.36890674724592,88.03447660593865,82.67582699047074,70.22923640574086,7.025705322385431,4.6142531665784166,6.437316961446395,6.964440957094371,7.462208775589259,6.520985212543995,6.315787335525558,7.189045165837504,9.159957678782769,10.646736164335524,9.708278606112513,10.441565164564945
32400.0,gromacs_replicate_1,53.10002,6.379394725907877,6.611037471671814,19.545372,5.877889687742542,5.522806000479178,15.724937,67.2227341997551,67.39322436121495,77.994250892712,87.78619334189068,88.91375652814084,78.84337911178045,59.413316012468016,64.61683496388295,75.7061874606535,81.44589533172856,75.1176712389943,64.86119034636155,6.645273589870321,4.262507040581341,6.632804017570144,6.790278529694029,7.321299354188121,6.362044697677447,6.867970697140486,7.2795427056189626,8.924659182636422,10.420059471118993,9.75971062771352,10.374842922397239
32500.0,gromacs_replicate_1,70.64552,6.41775892289991,6.79039712478385,41.63153,5.357175838883644,5.465710051495615,0.26761627,64.24133952603522,60.207555608418275,68.2403950590503,78.43609501268962,83.34736315258378,76.54685961317547,69.50854034468769,72.67941211138616,87.71400369178399,81.66767602680387,86.50434150955137,79.54161945353121,7.201096209006815,4.656873158922838,7.009076641808063,7.04609763489337,7.722848558308134,6.678692161822119,6.463384220577013,6.8916687628147875,8.647385320446025,10.270935320296747,9.77576683395406,11.037525427081004
32600.0,gromacs_replicate_1,82.54001,6.403875342543152,6.602997648958517,22.299545,4.9932321285603365,5.192758077928268,5.954056,70.21770575453036,68.94862594147511,77.90300392700811,88.03377896336934,88.47585259302488,83.76489098865098,65.19613570635244,77.31779427405347,88.18232248159624,84.25740492061453,83.71188663582156,68.61740508903293,6.899150555361341,4.691259394498305,6.50439645671715,7.247308526870824,8.377669504027839,6.963514798411798,6.90210141644961,7.0136172378616175,8.762843164018548,9.954215947840128,9.01124816223184,10.40590463183363
32700.0,gromacs_replicate_1,73.18497,5.899964856678431,6.024830892416322,27.235878,5.558362863796784,5.65909353764351,3.390854,79.68414065284753,73.59140151380723,81.18154675155031,87.64697696442154,81.7669091288567,86.35847460672672,69.98901069753481,72.79122695917039,85.93982604882902,83.60737039673967,87.53466197607642,79.88526882045635,7.661698094771059,5.05789199855042,7.096838848618462,7.690188630122954,6.83069246422821,6.607689304524278,6.132549549010484,7.520838056491526,9.366507010362088,9.85521136392814,9.40958727504836,10.887144843499305
32800.0,gromacs_replicate_1,76.56533,5.477064752797773,5.716844684780685,24.586082,5.128958758705384,5.105569916345064,10.888626,63.529638626984756,62.38344362445911,72.83840311027505,84.56539181864541,89.16121291122423,79.01074841526898,51.10780155269096,60.60330342360694,75.31535263534205,81.10762583287494,71.91961607991965,57.20719853121966,7.221648669858501,4.650605943814466,6.165395350558137,6.770301885959266,8.001130023214182,6.633677694566295,6.495884272867121,7.185610582734639,8.517216604576772,9.678455688706606,9.31245118742894,10.225629160272758
32900.0,gromacs_replicate_1,70.67888,5.67870690057184,5.796270157224602,26.539711,5.2853109499864095,5.204181575799816,0.97654724,78.31999243070163,78.74571754425457,89.41060868550184,80.55828788068186,78.81584396405896,88.40637123813731,58.043802779063455,63.64154227877679,78.88786511111573,86.34516085511869,78.75199294597708,65.1002636557475,6.95960248677087,4.587436199080149,6.1060720514953095,6.589142759378922,8.143199287264888,6.68674063063015,6.668717591895276,7.435249609762723,8.640454827958319,9.538401728152785,8.967694493995552,10.683380150216736
33000.0,gromacs_replicate_1,54.833256,5.7747435782497245,5.9526672852727565,10.866699,5.704796291486795,5.945340244618811,37.089993,67.50849530656818,66.6644524759556,76.92552559979505,88.89565502223314,87.91771720885656,81.82691201681368,81.68099850969779,83.65220308061295,86.1988911781289,76.30095753112563,80.11989843609517,88.95445098558126,7.068436286634384,4.775471417759424,6.778266619441823,7.640495781732863,8.084992336643667,6.369564887541396,6.9010727599031,7.3490062480999905,8.21167394305159,10.045422153151891,9.11148633137541,10.471526126290026
33100.0,gromacs_replicate_1,55.49986,5.985059037672723,6.126892259772507,8.6024475,5.631854399348316,5.280749735392896,16.023247,72.08075377761209,66.67885684654463,74.44271679391757,86.34497809050742,86.56178945357132,86.59557158469676,58.783852485882754,62.95762143907709,74.42651607893372,81.2162865658474,75.0766449419006,64.25085984856453,6.982699339570359,4.682139987504424,6.827244098510379,7.7374801751071125,7.532976083284446,6.766296882343837,6.964619272355947,7.572263296317787,8.726913975736906,9.351721940179942,9.111102463792195,11.26372350335264
33200.0,gromacs_replicate_1,49.994793,6.28864487053829,6.584547304169387,29.957409,5.952510742339645,5.613584531598401,20.754005,62.388132815753806,57.894774551208265,67.20503901544866,78.53476648785666,82.59294451167062,74.85163853561856,63.23284260396679,65.95611328716318,77.45404830107543,84.09704434767232,78.9608836794282,68.66772878258915,6.903880433968113,4.9030028959554794,6.701734666190638,7.267671675602938,7.900904412617517,6.287606510876096,7.213160091208602,7.4905555427137145,9.486225088395786,9.996532359496129,9.20156752306617,10.907812048723127
33300.0,gromacs_replicate_1,65.21934,6.186682082307337,6.348720016685009,12.94236,5.42138296929928,5.329479007751361,8.656395,70.94677691329854,67.50645259566889,75.91568287498737,87.17018113558488,87.5376294822743,85.21612194972667,61.91846319600585,68.41393301201329,81.01548282865018,87.73926370450744,81.33940217234866,67.71445538995934,6.88054494948642,4.555608041651111,6.584007424041047,7.044579477818345,7.359687017537757,6.3994786576666325,6.356613906196778,7.44092027407532,9.4710087752017,9.495839007157223,9.795943729166199,11.29484287015996
33400.0,gromacs_replicate_1,64.5415,5.813509003665512,5.837831034940124,1.3974762,5.558805951051139,5.213756394141542,11.499687,68.95339201914585,62.90933644849729,69.11744891885031,81.26249976028998,89.35339012417872,83.71600848139175,55.73090363106901,60.90023935471334,71.38928768522663,79.41741516280462,73.64526436649732,61.50138051097135,6.682835220087546,4.640661361871399,6.788668820216576,8.038561929884343,7.779676580939461,6.26642110488373,6.689416239848687,7.680858256748639,8.59746118992164,9.967679448994245,9.423698463773919,10.270324403754943
33500.0,gromacs_replicate_1,49.95738,6.627901548378825,6.744362152432424,18.789436,5.930215197857364,5.692542498830242,25.984383,58.83514910981732,59.04122871056204,68.92619046821565,79.06232507194679,80.41045167524597,70.08197030953772,66.60013182745936,72.1571502780056,82.1034399064591,87.58727100244828,80.78969385931917,70.84096878086466,6.600661535464049,4.320450246969117,6.172276298810116,6.94674462410526,8.051139142020018,6.598347974126432,7.151293261597767,7.309954848627755,8.817220615882546,10.396412714125638,9.371946629911637,10.26289896424066
33600.0,gromacs_replicate_1,50.471043,6.07623195178178,6.246882935227241,4.993309,5.583673646402038,5.417429791273418,28.186722,74.48939048290447,71.14923724582349,80.57866071298476,87.49004730585803,82.56422565893439,88.11456911566965,68.98408001516427,71.28656135069565,81.91184362435095,89.33898795957373,85.91426243200617,74.72445306479614,6.758610369853465,4.8540923763888815,6.690424221405556,7.776482567450879,7.665269651891659,6.160432782423375,6.379438341067476,7.40208856945179,8.956285291469406,9.82269829541913,9.43763800494762,10.835538702214507
33700.0,gromacs_replicate_1,66.585526,6.185967849688131,6.327966113363491,11.981232,5.394271785342001,5.47219202426691,23.015686,66.4770350534007,64.45618475383645,73.8707180622825,84.58548070347113,88.919899607441,80.36040186582528,72.26898597130672,77.69557149309914,89.5829941331636,81.55850606495184,89.96141003411807,77.61406541836725,7.405008528213908,4.868511285216617,7.295257593831616,7.721192966997703,7.231564571901202,6.332591251640068,6.4170121203486,7.333634442296016,8.474087635085509,9.88036531370748,9.51370365573441,10.580087010632731
33800.0,gromacs_replicate_1,55.230225,6.044658491381483,5.64184110545054,1.9155807,6.400116312736735,6.254810561259302,33.08992,56.12779529814791,49.58551095650464,54.18559180460232,65.09176912799849,72.55907377448206,67.83508311475296,70.69227492341841,75.43955366446858,84.15820546793687,89.02423913973165,81.9555209110874,73.32361857521876,6.6917553798680816,4.5905052107603375,6.59282454110751,7.187773640936869,7.557103370499578,6.001985857834331,6.7098722819029755,7.425025197323321,9.107170506833993,10.578486110336248,9.50564309644417,10.833070270251609
33900.0,gromacs_replicate_1,89.39384,6.3156286435821976,6.43072673578933,10.965981,5.003035508228975,5.235560160996026,7.2273254,74.82719842317486,70.90339197164252,78.64320079459918,89.11993605172603,85.20800250340905,89.13748521494152,66.7188122234531,77.48304756485807,88.10510934461738,82.34264600091647,87.36449236436106,71.34814059257508,7.155677895113537,4.651795245682564,6.111910048268891,6.588492038540316,7.858349019163318,6.392108171128369,6.114904660312603,7.1357221377566225,8.66179425677174,9.098858272668531,9.776342741647941,11.087264811136116
34000.0,gromacs_replicate_1,62.636055,5.644875824801392,5.726910680932064,10.89827,5.8531633718105915,5.557142618368706,15.175575,65.90873030135627,57.8850620928631,65.42567432650262,78.09692752977628,86.7378176873003,81.70067956997217,61.06936437767957,64.69647262243018,75.7039912313052,83.33020366541382,78.7210483483206,67.29854094571702,6.468676781373172,4.582506127272291,6.669187243338005,7.734614241389941,7.7665575049122,6.625359922134683,7.105150774205667,7.59819573529318,9.116845700791703,9.484090809966402,9.559292474241287,10.503805403408176
34100.0,gromacs_replicate_1,56.594753,6.362266212063913,6.479175762846565,10.263016,5.2129378310639725,5.584934372334573,31.645233,71.76771313152324,66.41400527671301,72.9047694226266,83.91723208419126,89.3850072346687,85.04840935991982,85.97564082693312,88.33163172326472,79.8188045951844,68.11402673808688,70.81045438994568,84.3689001844438,7.053635259982131,4.740261159117562,6.284581551902137,7.108114233357328,7.4656614450125565,7.105632988617687,6.20502268135792,7.649934351053729,8.99299743755164,9.528445188193432,9.69840861802002,10.861745069092787
34200.0,gromacs_replicate_1,55.397152,5.9837708927236015,6.062817199529651,15.276863,5.626940878536402,5.34246743088296,4.6014023,63.90832643226895,57.10641117225819,63.468378978157766,75.26755275344371,82.73199724052233,78.19530481731975,54.46029481527809,61.67012594367376,73.6913187915818,79.67469179598996,72.14659591812764,59.342163335725445,6.478803300014801,4.198299022061434,6.840095036420948,7.570054345906837,7.497489602493431,6.34309735770023,6.528808907411519,7.412071001715957,9.181770284225198,9.588869585704252,9.790473191385605,10.962384508463735
34300.0,gromacs_replicate_1,72.545105,5.925228385321898,6.098114540698219,16.198845,5.70345247516329,5.604181176593313,2.47435,66.47160361860308,63.06713031705856,72.21070426674892,83.81294889406456,89.61446964595667,81.77066304794984,56.67557185462544,63.87616722620431,76.74294398663874,83.04342831789914,75.5668179069287,61.90752756183782,6.797056751298516,4.521393138535686,6.766121036435179,7.552498289186054,7.1161836154848475,6.778102776843717,6.477397506588452,7.179733855753296,8.778180659430388,9.636959630918577,9.183182619959819,11.064937358377785
34400.0,gromacs_replicate_1,47.299435,5.8025476533028515,5.996901599733762,17.24057,5.322953344900369,5.231695962198843,18.593887,66.44027714350283,61.213957077897845,70.43806058824015,82.56665061849608,88.72909559151161,81.14777829338391,66.54640931988459,71.4193457059934,84.2379959457607,86.98457216860255,85.96716392997573,73.85690694900441,6.7736147157339355,4.615398250892481,6.9946172409533425,7.164417844664877,7.509432366274982,6.577979137276635,6.3551182267580275,7.315167634156279,8.733437793471317,9.672165163575928,9.59555050977913,11.27053415963646
34500.0,gromacs_replicate_1,60.635048,5.587620701917622,5.788284498543444,13.981178,5.292261453069312,4.948830291690066,3.9126434,74.08487929565977,71.31879730581427,81.67875589565422,86.05144522497328,81.41774072838518,89.95388148714088,45.46337512439995,53.60612487415869,66.0058788806924,71.9958074606214,63.39003882941482,50.14967811102953,6.913567631425006,4.686687993961219,7.259512856710109,7.622546683733645,7.056454927990663,6.269862451818631,6.352558252063037,7.395933052619893,8.968098010520572,9.449323279006462,9.634401386400013,11.395452026683914
34600.0,gromacs_replicate_1,61.693764,5.866111325279342,5.845321520978332,11.535912,5.797230352730813,5.8471625360137125,17.432877,56.29405389274028,54.359773467091124,63.11242626584,75.05513061320528,80.16467934590645,71.23207981355576,70.28235997818572,76.88338703587537,88.71918956273012,84.307638316958,87.3958202814342,74.70560854169358,6.743915044455185,4.584808769133075,6.459754178282762,6.731796205029936,8.04451624156102,6.5157927617961935,6.163849532872333,7.3583759247429885,8.601511799183433,9.941407270568934,9.344952900745426,10.420702477962704
34700.0,gromacs_replicate_1,55.26673,6.195897651934616,6.349697758737999,6.6187744,5.566114017192708,5.5455241245204645,18.906754,78.53667086803299,71.65499364805815,78.02431286047019,89.63548708637695,83.120230518686,87.3470410754325,69.47188170737526,74.81870022978586,87.17642343536016,84.25677209430171,87.84863921315723,75.22749002122502,6.7098995136910675,4.5454878364908025,7.003712380600296,7.482858737218202,7.278740848821979,6.339683285406461,6.300938284239347,7.213284573834585,9.336627356134832,9.530114737206821,9.609540727942582,11.157082153843893
34800.0,gromacs_replicate_1,69.086044,7.037310751727277,7.4034448337223875,45.698837,5.447974330355584,5.579917467850152,10.343422,66.04329345444467,64.03107347668119,70.9479598521505,79.3747477598195,82.57277366566406,77.01777745302327,62.63652811696305,71.99374070776837,86.31989356046893,88.24048935062893,83.35509284986792,69.37249654671103,7.059881409312811,4.37776137146352,6.410305884124352,6.385426084580779,7.28341124729872,6.529723546260001,6.071825076985922,7.243364613512063,9.165597481769517,9.895211583488077,9.914733159749591,11.0261366090591
34900.0,gromacs_replicate_1,77.98242,6.339854683965649,6.6594522890606225,38.452164,5.312651924366803,5.4817072655701224,6.5272217,67.00522835037629,67.0922884100106,75.77529381481206,84.90899398421963,87.11638473101335,78.72965184017612,77.61303596191175,85.34160773821785,79.55740734995945,72.76094672157353,81.70738741739152,83.61805554612293,7.201940525487753,4.6647803376675085,6.30475292433372,6.38854788544513,7.510344562064921,6.76248534544892,6.07309794610584,7.023015062314661,8.745509924911829,10.117963409078548,9.762792793561792,10.617090597915347
35000.0,gromacs_replicate_1,51.629807,5.837750198953661,5.962248490227977,0.22387695,5.36434913782901,5.3447131787841515,15.516655,73.53616723306087,69.4942470438352,77.52867127784947,89.15028006758031,84.08738711944305,88.81847999724474,66.36714558000858,72.61555348650131,84.88038351053689,87.27177218313514,85.78568823246422,72.07838932518622,6.708646928795799,4.392515683715824,7.0427271391010535,7.127633662441353,7.580662501875772,6.231934456056724,6.129085661413255,7.564288061442041,8.971085479845673,9.785592448161072,9.557502039734432,10.855654305423661
35100.0,gromacs_replicate_1,69.56853,5.94751198705735,6.1105338789237456,16.150406,5.1211321438115105,5.206078416165665,7.3777924,69.15302923710377,63.11291800254638,70.3917768732798,82.24359152997765,89.74417241004662,84.15908625824068,66.93269005903412,75.57331806293223,89.7325993205273,83.25485068351666,87.75518222627916,72.9441068905119,6.218683168535829,4.048034469309844,6.678269230168058,7.251082275062274,7.5842254748558595,6.681924102956885,6.69818859345507,7.513371511281837,9.245710509433051,9.435710315548459,9.5311592733755,11.118349185501618
35200.0,gromacs_replicate_1,75.23141,6.232735739468276,6.472848225168497,31.140121,5.070128703214754,5.1385256202396175,5.249283,69.86155120169202,67.28087896512146,75.20713664805393,85.50396312660354,89.68129490556909,83.33090860884057,59.74932580990768,67.9248395052261,82.72357517518923,89.80979151225098,81.34309687992153,66.69846825421696,6.947978371168396,4.50576045840712,6.164237367899067,6.622056020790291,8.140894077796604,6.629498192028495,6.430541207188921,7.034458778823319,8.76597241874688,9.497777398921498,9.764841602396423,11.135345682470074
35300.0,gromacs_replicate_1,54.752407,6.1383398430359195,6.326544571142386,15.49617,5.38051897146853,5.436764858040595,20.590805,70.63520008588115,65.34760595065588,72.38927957940078,84.49807354006576,89.42678115585609,84.90014677142888,72.18393911792265,75.61344503954558,88.26235889296805,81.34715203579005,86.52047092028208,80.89307395930929,6.437267541637685,4.2567194246370885,6.265716932699958,7.1056990579982955,7.775606029404782,6.413472349940532,6.444809901942378,7.353828527001704,8.865222504084592,10.273716044244605,9.619019546667438,10.595672962340357
35400.0,gromacs_replicate_1,65.403694,5.689412693988588,5.929474474003837,26.722641,5.078291532010395,5.156263392788419,4.713875,63.31935713515871,60.26791952648351,69.96060809661721,81.25353994947763,87.16010179251494,79.2928822611437,65.74302081285957,72.06245315516563,87.17586759160667,84.24916001860592,89.3969053238754,74.03424809760654,7.366641762288405,5.314159590302632,6.467962886801825,7.36261453916313,7.398637867691841,6.644612391877475,5.992649938592087,7.45566518716471,8.49807721155743,9.23259744907392,9.074498159450988,10.471940067332996
35500.0,gromacs_replicate_1,51.850487,6.032727450916986,6.237972012820414,20.65535,5.521933965052058,5.476405663313911,16.021118,74.19543090205173,75.14340041712606,86.09717242616432,84.74523740456175,83.44063819063965,85.96756306554306,69.78306598921469,74.08260500254669,88.40444493957106,84.7568322022261,87.21206735726776,74.96940501286007,6.773732545701375,4.58044732694381,6.2808557537111955,7.057867985756896,7.965576469677144,6.580598984353008,6.492425316025931,7.144455234570224,9.245261243021053,9.53339732728345,10.037282150443726,11.72612892659503
35600.0,gromacs_replicate_1,75.33847,6.4938967672351255,6.521665891396218,19.30355,5.0489978867143455,5.235021801997301,1.3559952,84.26562223191907,82.8184626721304,88.33263848665744,78.82851027123341,75.48792035868092,82.91301072159875,69.27281466407771,78.20774965617282,86.78856435387422,80.06811508564972,89.12798335165081,75.20456312240677,7.380814185423519,4.93843621978417,6.714430320984153,7.201198715325157,7.516669179146572,6.596384021417044,6.100685309400844,7.264791291316633,9.200744013624297,9.099437794419023,9.296950231683482,10.657624619831644
35700.0,gromacs_replicate_1,58.173306,5.5184175648200995,5.70570139489489,17.525993,5.285875059869824,5.042495848102672,5.2194138,75.95245255013045,72.56766010011113,83.05986502329581,84.42149139752499,80.38234198276999,89.42866209553347,56.57116480078337,58.839662886050604,71.42726557228328,82.72669880430942,78.81884305298621,65.87650850111491,6.3116572489342335,4.4365995220178345,6.564850848014229,7.001439846695067,7.371027202382395,6.874459633707437,6.656964560547986,7.684355113009973,8.387742721875519,9.503285009755734,10.080964368585407,11.220176507123307
35800.0,gromacs_replicate_1,58.26938,5.451226663104654,5.639624552057058,3.303688,6.27776045752271,6.229842174177306,32.32695,72.74840992939605,71.2894578584799,81.94533981424475,85.72890336988742,82.42850060104132,87.00149073626162,74.5854983473636,78.23753659982098,88.3742989881103,85.29713244309193,88.4853963594411,79.30696838121412,6.894947131192476,4.61025376777493,6.409649893546312,6.980993840217189,8.069828626332761,6.414628019351297,6.609773323157206,6.425303818650992,8.423004714687172,9.745707468207112,9.17717459997655,10.668420234504698
35900.0,gromacs_replicate_1,53.39286,5.7153065160945395,5.639774651340053,1.689209,5.861765616682694,5.7488135816536285,22.17379,61.372807883380354,60.69501896944964,70.2682445057549,81.92781379167263,85.24753952557322,73.82389012937654,66.98273759337503,74.75441395260145,84.63692152482506,87.32021253671263,76.9462477566497,66.94409126677496,6.536212482163978,4.3621369402970585,6.77164560289885,7.179183679009453,8.026622543476723,6.355576816258345,6.802152072115943,7.053950580109343,8.867152866792942,10.237740767875964,9.413546913807489,10.228048443954986
36000.0,gromacs_replicate_1,60.601166,6.024963923359047,6.208984688158229,10.41066,5.434944715347659,5.365609822961735,5.9262085,73.17921491193593,71.86185661912465,81.23161076671323,87.88729664724123,83.18973818297022,87.55200348029989,60.98608019075421,67.85281364521711,80.05765264542873,87.67499455352605,81.5845468422341,67.19560260154044,6.280020825847496,4.318632442740083,6.378023058538909,7.4306271892706635,7.7772208497390105,6.49026789144165,6.69277464216421,7.241544860505502,9.305233345254177,9.747555804966783,9.793946073117395,10.956292678339002
36100.0,gromacs_replicate_1,63.661415,5.776934423587929,5.938529234250931,6.4948425,5.447889509537388,5.256756155872401,7.2736816,74.04249105031698,69.78147207367145,78.37697043085151,89.69735190759847,83.21901342690069,89.29092790646315,57.854670280738304,63.395194449027024,75.91949024673943,84.547890986097,79.1171046944946,65.31980596083574,6.55773839052395,4.482219214010175,6.506413165648161,7.433496236098976,7.371981809569915,6.703104540872313,6.6684165020537405,7.5124977103136255,8.780561328390588,9.631452868020641,9.34103711746936,10.987689311152275
36200.0,gromacs_replicate_1,60.94681,5.558631535228008,5.737027883494178,3.7553253,5.553860649967354,5.514803133460739,23.98423,76.48753561410084,71.84938575853347,81.74266631654122,85.72305210252891,79.19896832353923,87.57785470139044,70.44865817460483,72.77259412822981,83.82968019913297,86.25357743298093,89.50422342653165,77.05570442745311,6.66545318101121,4.649090708155592,7.103828047878074,7.502746736017064,6.920740735232645,6.526905232431934,6.309157464069693,7.78276284686012,8.954920879228297,9.506177648193859,9.797270887377817,11.016202316863822
36300.0,gromacs_replicate_1,60.47908,5.842253422569327,6.14273389576973,26.74179,5.873093039628405,5.5216728457872435,3.4105835,63.958589014467655,62.39236082859549,72.80346229909782,84.3615155125591,86.95745410676808,77.66970382913742,53.58189847618421,56.86823629210862,68.11605894498454,77.48681206395183,73.58428761676306,62.0518024612836,6.812504781159526,4.8071586965276865,6.547555667925681,7.371233510434657,7.307938870291542,6.5340927419026595,6.506483373883299,7.4015315938185395,8.832215893156507,10.042839446361139,10.072925603386393,10.993373349790131
36400.0,gromacs_replicate_1,61.26985,5.550795947000552,5.736315657081876,9.809769,5.698157381859633,5.503579083712204,22.73085,70.9880111653179,66.79063449617051,76.10858971695644,88.97599981939528,85.22410399792277,85.79448521170033,66.36562612055815,69.90308394552576,80.6333295872328,88.98333343258271,83.766091434887,72.41040655877013,6.7313556650048465,4.67013556306294,6.379009468082322,7.42829403168368,7.334844782913106,6.337920320729342,6.626984846782477,7.454872132185136,9.01732436073937,9.233263760397309,8.950805250289909,10.530033822586894
36500.0,gromacs_replicate_1,69.17048,5.7921814355618375,5.820987557032654,17.077675,5.438276105546976,5.2592262549783735,12.762772,61.32802991460918,52.784031321547786,58.649939036085954,70.81886880348365,79.60913731438869,76.28036257738972,62.09373589808117,64.79154023175033,76.70838386005656,86.64956890887952,82.79846169904138,70.65996287314613,7.283375607997427,5.167715279752028,6.908501248980404,7.7123484979870085,7.103840134064068,6.285260875276863,6.399117596667545,7.388927859456801,8.623013657657335,9.686271610383445,9.604503514511036,10.9162250603893
36600.0,gromacs_replicate_1,72.8639,5.380681067073769,5.5780288326321354,6.5525284,5.505292377724802,5.411783078637884,15.632256,69.00271408555713,69.5274444844615,80.63515060569297,86.860429617356,83.92676964472717,84.27710912926688,64.86015670802935,73.44461067084534,85.48460633179754,89.9707584191265,80.02415700408592,67.79894640969987,6.67010728038605,4.567556924601831,6.89965028388933,7.828489646049167,7.1138637330379755,6.361384343479251,6.390404349201206,7.012906201498762,9.068470673422219,9.325428779707968,9.793122387554952,11.25835700129242
36700.0,gromacs_replicate_1,60.71059,6.44113268586064,6.616544768114667,14.206718,5.318763761535194,5.460250392845175,10.439484,72.12961144725867,67.9930928186332,75.5114443791177,86.34705426863049,87.94045882147492,85.88723640971624,70.8432694261533,81.16787922038625,85.4641791945183,81.87842209517166,86.29139513975556,72.46025868598274,7.049025277619096,4.7553276588764115,6.700945375064914,7.4681548098571255,7.411702258079796,6.378999114302291,5.896327623221104,6.922923414304432,9.141036954375835,9.686808115489058,10.179633267958513,11.323309216461242
36800.0,gromacs_replicate_1,60.92404,5.677971777216035,5.732685876773118,2.3720856,5.617274911948651,5.361183987172727,23.54129,67.2490087161438,63.23845624237462,71.2439445922725,83.41785669750656,89.7198027506877,82.53398719509345,64.07421612826158,69.82093242065388,80.5110358909589,86.2233982112313,79.03405615076176,68.19463068688437,6.594986496301348,4.626692379765265,6.666905601676332,7.700937482164421,7.257784076521468,6.577958534941972,6.17179634386762,7.326475645277836,9.103932268642435,8.721955133200064,9.379782381524677,11.041756408105869
36900.0,gromacs_replicate_1,67.71021,6.436899624198563,6.547870066884461,13.897667,5.706063242248933,5.262870060849949,5.197563,65.77566513315864,61.29477204894709,68.99645348489787,80.08824201727445,85.38616300682524,79.45322762378292,49.9278623652554,55.36790745554858,66.2539855434062,73.37970090479824,67.15903030332751,55.937120016820906,6.60058191605879,4.6500089501787105,7.08316137519266,7.6516210051130535,7.608207591327628,6.379312543505649,6.700450491829749,7.605232066303519,9.605798582163711,8.914684099692002,9.486920277892192,11.01485447355877
37000.0,gromacs_replicate_1,70.97596,5.626474666367274,5.883565533098691,26.85104,6.0276732496690215,5.881041517402936,4.7927322,65.64490430346109,59.291842352049,68.11584670446045,80.31774176121486,86.83737039052228,80.81054456693042,55.50920319145519,58.38024405990229,70.44028542692926,79.7073304689022,75.76486584307298,63.782861739009114,6.585917175722753,4.808769595711807,7.017069884561972,7.173520631776896,7.848150267730472,6.755097008081759,6.537774056543019,6.881884153797671,8.97433481204462,9.909361326871295,9.663610179254617,10.923955726285534
37100.0,gromacs_replicate_1,69.52464,5.658228646810472,5.823660063724766,25.330864,5.713158185408824,5.555057961898096,3.5642395,59.465635495944994,53.60794183429062,61.55360448988158,73.68020499129365,80.69127969633337,75.30290735854257,58.3115086102217,64.3808323735117,76.0773174685785,83.9047105190415,78.07037768979231,65.1355021289452,6.8887341881736575,4.802587452095388,7.608742799442972,7.4690426865549036,7.657552554005006,6.6585370091817975,6.69308338846532,7.210248281806656,9.167134390990677,8.536372025394154,9.603883456696146,10.556648853933996
37200.0,gromacs_replicate_1,72.897224,5.870564231270087,6.003577610001379,9.586937,5.407187108111175,5.19813926999187,1.8886642,77.41340492987221,69.02571139152039,74.35584769835573,86.79065771392807,84.8199039175441,87.85774525475534,54.47784006894311,61.08058057197376,74.08814786512526,81.04595128024006,73.50276567667231,60.43457096355011,6.305026507596558,4.273478008201291,6.720583617987506,7.841723728913637,6.9174977844720775,6.783019547265502,6.5266037134698,7.689837856646121,9.529328340720818,8.75089487593833,9.74564841130902,10.87241424910608
37300.0,gromacs_replicate_1,68.63858,5.694652517765921,5.876110086693116,14.624771,5.465191876311153,5.30495379308701,2.5720901,75.34166880673442,71.74849779754966,81.07202227891284,86.87615183196439,81.92783793163012,89.59932901956206,57.948737727048254,60.47195786069025,72.66425886822654,83.14512010746232,79.35518710844359,66.54725749771225,6.604104789861955,4.3895921449925766,6.954800648678502,7.52017154637302,7.747309408307475,6.7136261388590714,6.84103795025732,7.619200435440236,9.370432338050795,8.707136064209449,9.73726851555453,11.108589072621642
37400.0,gromacs_replicate_1,59.57318,5.333551729580127,5.53515859093598,18.273232,5.499739564636298,5.103994318443575,8.162636,64.23911061256443,60.282658427931885,70.36930426125357,83.35144870378022,89.06807963421205,80.11898876474899,52.18878647662274,59.41453139174561,71.1543407000965,75.32404844153352,68.12296920617811,56.829296182279926,6.687071665532846,4.654600817236393,6.790250905033728,7.756953537937932,7.8509478704907885,6.352474783622799,6.668446296831361,7.3082002426895825,9.21453842991864,8.806542085974286,9.243083643512236,10.865854881264548
37500.0,gromacs_replicate_1,66.5859,5.648648355053123,5.821089729629195,17.962769,5.678889686069322,5.680507725975805,3.3678818,71.74386837514005,63.03077475101981,70.28268951110512,82.66760278082698,88.99879268591425,86.8970478775813,64.95201775639778,68.53270694598045,81.41760623743845,89.0850137010206,86.08306339829454,73.5010473852287,6.353521244578583,4.240068513361495,6.3043133025796525,7.2141882590176705,7.657081735209724,6.523168916753394,6.590760466923972,7.65092906935109,9.530540062136652,8.968060260254656,9.662959232683493,11.165747318187002
37600.0,gromacs_replicate_1,47.878563,5.778966110712223,5.9542118394037535,10.896782,5.473297751912514,5.307586394906603,21.993263,73.10497007043472,67.71110898344165,76.40911530650285,89.00258715349193,84.98812005745394,88.1160721468663,66.1361757231857,70.35560596972995,82.43746199030652,89.5903390030542,84.30890607021406,72.98991976972874,6.606915086881237,4.63904666538161,7.2621532152170385,7.71755060243809,7.540052353016609,6.459523597186071,6.011899776681202,7.111798888666779,9.232848837663076,8.670446010229599,9.587446383341028,10.989987174060543
37700.0,gromacs_replicate_1,58.902737,5.4707978776040616,5.694236774735678,18.115112,5.3514181635987725,5.076485847592932,3.9092407,72.54260035080434,70.4979883430981,81.27619202338005,86.38546462446374,82.73166607353606,87.5881336114707,53.96362111896729,63.63089399803466,75.81590100493867,77.97432715524701,67.01539951884396,55.69268352708646,6.759686716007094,4.524004695259442,7.352822841656615,7.554228012572208,7.120427257496824,6.218599102573642,6.4861192006496795,7.074820453167785,9.64050231300039,8.58304509845725,9.90266864360789,11.566375005071729
37800.0,gromacs_replicate_1,57.341457,5.933010165162136,6.095588420339056,11.588921,5.480477695922872,5.420615039153848,17.212685,76.80803592108263,70.42253827794417,77.12441296440093,89.33355543289491,83.5221938558867,89.26373391293158,68.10952098203057,74.29773084348763,87.13096884204698,86.23545103856846,85.0391656992329,72.63227892345114,6.419344325289103,4.54690194210773,7.2318053074856135,7.548129739323394,7.607268679763262,5.971514679576163,6.511175262977885,7.367290685577902,9.747372198885335,8.768098303983125,9.435107044804717,11.545610266156245
37900.0,gromacs_replicate_1,66.47775,5.792914575062272,5.956789462649304,9.183914,5.422217574840485,5.334103628526021,18.594841,77.40908581600947,70.97468150165196,78.39387430837716,89.05758134889933,82.06127630735669,87.82530245794048,66.89046805973281,72.33340937576314,84.75314965717816,88.0308543919235,84.76849706235889,72.00405698204946,6.52219130933459,4.55764715458304,7.068789812865363,7.977654117985128,7.363298261834091,6.251278718811119,6.378459668189914,7.491432369500215,9.194169199851492,8.52669320790895,9.591255505766155,11.215334688862363
38000.0,gromacs_replicate_1,55.58986,5.563432242458292,5.741240847046264,4.987694,5.336671824234202,5.291959989456212,24.122238,77.7624706168101,73.18448630277753,82.44339789178227,85.14594813190018,78.90797974245204,86.76150171049306,69.86984333304648,73.33636311885331,85.48630898934071,84.7581342845762,88.82485383213978,76.8885717230247,6.5306621263395,4.326750696821695,6.701330104605299,7.36142291925927,7.661359873712055,6.611614472072409,6.445804385540732,7.7350172119045055,9.415696056495321,8.002690060829378,9.760628484316747,11.651248346018397
38100.0,gromacs_replicate_1,58.5565,5.910328409755459,5.966201508511097,22.61409,5.377050651553582,5.098433848856715,4.584831,82.97102660039508,77.89128375947317,85.63390650934724,83.15203499603695,77.2671386425763,83.08590786466107,47.19397145081577,52.45068335875473,66.05773831727234,73.28456757789262,66.95682741266191,54.888502039368475,7.1413516516714575,4.97111580108358,7.336825172202431,7.637654220007485,7.365344873937636,6.410989626472014,6.077374335270979,7.583098813846218,9.106893811992359,8.209242488030197,9.494488392937665,11.644263445961524
38200.0,gromacs_replicate_1,50.948135,5.746557297917181,5.968899932126652,20.848183,5.400165588384569,5.273177174575721,17.26155,66.95772929062865,60.19820667690399,67.7788005374754,80.74426052731047,87.51660113926775,80.8632202521854,65.9665178368542,70.39897134276704,83.69141117019629,88.44883435721795,84.67305688345046,72.00824700521822,6.804354154842823,4.322920120184384,6.635281964390942,7.575888707156178,7.624686294951444,6.471157729462466,6.260222278348133,7.1388141818717985,9.194240954988476,8.952077702203027,9.554359478446239,11.35532235587582
38300.0,gromacs_replicate_1,64.78212,5.446024103339129,5.687146450176074,21.160904,5.470920063629324,5.382311519858912,16.383804,71.14792159132398,67.42390610874276,78.08505008216227,89.8317416753377,84.73024722006207,85.82760383272425,67.28939103926213,71.84545370043824,85.79555415458894,88.046331883951,84.61515218508352,72.43057188185999,6.633889559682814,4.589601105721535,7.031571083705018,7.666633474786149,7.705774864077152,6.48743788639214,6.645379333763266,7.606411512632437,8.88370318203771,8.56320189331882,8.858544660981018,11.044372286829793
38400.0,gromacs_replicate_1,70.922485,5.844014788665741,6.056890927776094,30.900421,4.8078566526521325,4.740901469603143,0.18922424,74.26478628677599,72.48448548079453,81.9663733309116,88.12874412302361,84.57450708407761,86.70439425374718,57.34767676172494,66.51260862532546,83.02696640676052,87.88602211199809,76.99102276128035,62.70462962313221,6.6011729417681035,4.361155909022962,7.137745871494324,7.255920964039627,7.9561243516798275,6.808923395375357,6.208568505683174,7.171341623858245,9.618036010324351,8.223211155280643,10.063464814869093,11.275028640173012
38500.0,gromacs_replicate_1,67.84486,6.2851416440971075,6.388120751400568,5.9693604,5.375565420732366,5.124987787252983,4.8230515,83.63273906424838,80.19590309928849,87.93418758724954,80.77001812881211,76.1338920968347,82.90838670753128,55.09391515118959,63.335639610516964,75.544805783044,80.9237068284536,71.93846610911422,59.49781072139194,6.484690552133977,4.571352747361528,6.799229149348745,7.2528313861388325,7.696649899839133,6.631412554277668,6.592541067245734,7.393863755838968,9.489954915119082,8.722975034224547,9.652839027335911,10.677639215171974
38600.0,gromacs_replicate_1,66.578224,6.210835155942041,6.324829420845096,23.458603,5.155441391463432,5.27636169452886,13.431213,79.81927556501294,76.89139670187795,85.59544194781041,83.71356709491295,80.09090579214046,88.06000292161491,73.36587382058916,81.00305722339223,83.3443759192539,77.6526750206326,87.61764518347238,79.33414637901949,7.055693076323784,4.600720036844595,6.5766566097767525,7.16938565361212,7.766589276749198,6.574103421046803,6.442058541756993,7.294967957896213,8.974658035000386,8.948372866782638,9.581863315789967,10.887881663348795
38700.0,gromacs_replicate_1,56.475754,6.0380112996265565,6.120368054854597,0.7570572,5.112107158203082,5.065113337642587,14.803757,87.42514797872983,83.93885813999033,87.667583898748,75.98081899463116,70.30024461289179,78.03546766420305,65.1679117111534,73.21442565288065,86.8847345833747,86.2393769750716,84.20359487491436,70.48578269585154,6.606561325555123,4.3051474878934455,6.854202164006907,6.985751657421375,7.137881975491572,6.656605589345371,6.071800876321136,7.295326811285552,9.086082403619304,8.697514545658155,9.571359304516143,10.73534259928058
38800.0,gromacs_replicate_1,76.14459,6.403033280492194,6.509173895296182,8.65271,5.591365733522156,5.639909721856407,6.6588364,71.98978608702335,66.37062086033394,73.24461258124715,83.96670503124403,88.9733809308577,86.17228126931172,66.45078675304312,73.2213577608531,86.21228390859957,86.43302212162578,86.26655696910898,72.47537841728189,6.462970478557564,4.391203021346414,6.3814645771388765,6.63516551623663,7.598873140198842,6.601721381579892,6.644914699023431,6.930258877806659,9.44413845606978,9.64643221463158,10.004194450688706,10.88685855877727
38900.0,gromacs_replicate_1,62.501137,6.243680206871001,6.294463278723326,13.255997,5.644878250822526,5.660788556517004,8.93821,85.88692942351331,77.13487384164698,82.45798285903889,85.85349934027049,78.09602218046531,81.74513957252704,68.37508421048572,72.96355831748792,86.70716614307273,84.55302638015942,88.95653861423729,76.81419596010628,6.397664600745055,4.226555320603429,6.498301989805062,7.074405295065975,7.373844807225738,6.993194318969194,6.454845515218416,7.692676025508403,10.126247400707607,8.74907422841343,10.199032402526896,11.461598143359382
39000.0,gromacs_replicate_1,73.64467,6.517508277684581,6.736434486914412,23.9486,5.623383862436118,5.565868646271071,1.9667664,73.45147357689841,71.35804843436709,80.0249881319078,89.97398547440793,86.29775732001426,86.24653810707449,58.84570122825124,65.77047637150521,79.40525192719949,85.97816320527652,77.86073886437916,64.77975534344824,6.689520960415518,4.080110659801799,6.22929935621825,6.2068061819772975,8.199636911696821,6.86445062893963,6.580440547797706,6.95881557060654,8.927980647102157,10.01401924419841,9.823348712466732,10.512410715570118
39100.0,gromacs_replicate_1,65.131584,5.486950751097129,5.766650762049695,23.847023,5.348890536487949,5.23525912494227,4.7607727,67.54821377591487,68.36055769154514,80.08997947789236,88.8069711772618,86.69092126425711,81.97080744740828,59.41116252728604,65.3907081057734,79.18739686069313,87.467549248755,79.94574414976846,66.5142825738809,6.718595488932908,4.460189843299168,6.627694964146685,6.671961973885354,7.821717307530851,6.554664839949951,6.4329173017610355,7.4809955790889,9.095301552652613,8.82855602268044,9.964852719719318,10.865169361610183
39200.0,gromacs_replicate_1,61.560394,5.947804586838315,6.359766610000146,42.82066,5.5245261716663325,5.191981187078815,5.0713806,57.212638093200155,57.02349062211814,68.07480419425913,77.41611280399455,79.32322861117534,69.77225740220463,46.55462723624122,47.68262064123886,61.52993038486617,71.15814595487913,67.60097141679165,56.14556623706942,6.787254062802079,4.370380139771672,5.915872091878616,6.433154380034113,7.877897806744829,6.811304748905895,6.860410915400167,7.5858942307648345,9.132246590012766,9.098250393957827,9.20702792017395,10.248577356230788
39300.0,gromacs_replicate_1,58.419266,5.674031825116903,6.00545111711583,32.27732,5.80078189168174,5.66917235897102,12.989716,66.7032781596015,66.16741970360133,77.05985949328006,87.76383323336894,89.52919215667193,80.37481530897917,67.37298420440032,68.64816332718561,81.05038261762327,88.30483053440636,87.10265524700422,75.90555217541714,6.8244384126420705,4.736195460810996,6.4754421708544285,7.461003157759655,7.472622000609054,6.623683625782291,6.526113317382712,7.490142318410484,9.032526683739441,8.731360419129018,9.643342750932549,11.11738192591893
39400.0,gromacs_replicate_1,59.88872,5.472682907213442,5.841655781117046,38.70867,6.009368891159715,5.53211752823094,13.149445,51.781320985753865,50.917473420471296,64.46190033620745,75.50315167342153,76.31840222077943,65.60420381906714,54.92347429741325,59.64538328117071,71.43563872416956,75.65970499222786,69.10329189989461,59.24745444663971,6.802891925821727,4.369213533626108,6.175743571779898,7.125467721082838,7.8707011136549205,6.33806819988513,6.647170265915435,6.929256250002737,9.305911264564074,9.378593734427554,9.202416930261087,10.559844250077736
39500.0,gromacs_replicate_1,68.36804,5.115437752958274,5.507054522529726,36.471558,5.525170902009273,5.3409817202107535,2.978592,59.88394272599063,58.027265093468145,69.90333885168985,82.6273807919482,85.20332889430604,76.72738245851144,57.47004840208993,61.92321812363104,76.10812415808269,84.81386091261193,78.4983730863423,66.17438111048335,6.75564447664546,4.171827077270963,6.917919881057757,7.352949853340863,7.645044078593851,6.209070511732885,6.470409190178926,7.15544085041173,9.185845829996063,8.871290018244057,9.257405602130131,11.078543479567243
39600.0,gromacs_replicate_1,67.68263,5.097007499060324,5.388848135695453,24.774826,5.206742879259351,4.904876090671578,4.9636,65.22362320779595,60.42967695632603,71.60336955796544,84.52723511138097,89.64311802324107,81.8490350440465,52.39913324576066,59.97885532173881,72.47127466683166,79.23438677017147,70.48340095121327,57.957879493498126,6.587695815521859,4.6154046219558635,7.109121181754431,7.6821048261368485,7.7526584264103295,6.524277690440327,6.622940507871471,6.974615963469834,9.08403012040338,8.661160823241703,9.437404253448342,11.093362425415197
39700.0,gromacs_replicate_1,69.83399,5.885749989306403,6.313100553999433,44.476807,5.567610518006666,5.4524500606643045,7.5103683,59.39316584209438,56.78928206020653,67.2968548673303,77.17917394001815,80.12340200345943,73.04347424888364,63.319880431481515,68.78616918441656,82.92456581308012,89.67128151303724,83.34734956615208,70.64052760018637,6.185644937769681,4.187699079282693,6.6228087481441955,7.547343162966285,7.874095445974799,6.680529327566515,6.502048215521627,7.562796505848145,9.355162292057898,8.898025912813424,9.60283885741397,10.629114871740333
39800.0,gromacs_replicate_1,63.085285,6.134277387349206,6.336589187846802,21.76471,5.277821423082299,5.1598348688960955,12.318764,69.23213756642102,62.88465660444963,70.21543316312847,81.72332491653457,88.16257480239818,83.53636645027305,63.80035861096752,70.06322190202623,84.21405805920567,89.34277491902482,81.36367946197335,68.92603001967782,6.8170682301295855,4.324757406047652,6.458971201054378,6.508283042440496,7.960539269706164,6.928953286591354,6.328074700171313,7.488294832962401,9.410707038198426,8.578751107336018,9.829578513383286,11.373141028515533
39900.0,gromacs_replicate_1,59.475624,5.772401167947325,6.115304636224244,32.03047,5.619245771253151,5.3944468407725505,17.406898,64.17436522050131,68.17321507411967,80.34191331157035,88.70796067359272,87.28990506755356,74.72180860903303,63.953773929201915,69.54632836567599,83.31488234319829,88.25666820735982,80.2884250586761,69.920551927067,6.3048520395439835,4.185674636761866,6.157316597209626,6.4505026465086575,8.389435325315132,7.161162844574439,6.781161170807908,7.227339881464786,9.155458701246754,9.361764028034372,9.570192404064322,10.85968773035714
40000.0,gromacs_replicate_1,62.562786,5.292136616375666,5.718155141047373,43.03624,5.545060363756128,5.321709070884103,12.617294,50.8962912239189,52.57888784705056,65.19491021567255,76.11311497779403,76.41530831949177,65.12891955077376,61.62484053237694,68.317425802211,82.37128716592751,87.04469750615749,78.56311531404245,67.20965238664895,6.312103812522443,3.899739767676727,6.054822419877444,6.3247605706070535,7.552315929047473,6.672349273282765,6.724275084235017,7.287207262973819,9.329486558530395,8.946740555999561,10.1051645459816,11.019559520296587
40100.0,gromacs_replicate_1,72.62891,5.966093379377125,6.220289980720839,35.055115,5.05666359351834,5.083353125614806,8.816498,74.40389309416706,68.9480531939756,77.5867137881409,88.22095918288245,86.94774110402355,87.45179684760974,67.85546211242973,71.11997797659204,87.16451446147899,82.1977464348091,88.95985689636372,77.29836880288826,6.944927465132817,4.493681210741138,6.676286881297189,7.365196088744647,7.0245745987292185,6.620516816590492,6.010675049444652,7.446403519216781,9.11615417722941,8.391609294305239,9.676481489672312,11.77905306641538
40200.0,gromacs_replicate_1,68.78382,6.719887883993912,6.715867696213093,25.27256,5.644510238730658,5.503428103915455,6.5998,83.86816568319803,81.85321778267439,89.95206080688655,80.8907516264753,77.8111079873489,84.64518546596415,62.166567258758775,67.05239876080125,81.17744797122333,88.42784246073771,80.60013952288415,68.8411878945514,6.619445885328219,4.4434194509188885,6.382805037841717,7.168588114866962,7.628011972602987,6.507638442652901,6.261595738643312,7.170955567721446,9.135152970177801,8.607359062532117,9.998340307177386,10.85924870021613
40300.0,gromacs_replicate_1,59.689793,5.756665140605863,5.926167465169987,13.355225,6.039392993819083,5.723748629596465,16.492523,69.42302881617701,62.84447850683527,70.75896490736582,83.32449957584097,89.35603567072394,84.2665852200884,62.13806081567336,64.85683619824681,76.15882352792342,83.75896657443741,79.6677253353097,68.96261823669703,6.633954267643183,4.728240434814681,6.599974447942081,7.121838036255239,7.517402234880929,6.6262518218661395,6.144197883928221,7.43336877979839,9.264022543636429,8.996101391485956,9.38286386628358,10.912155654403964
40400.0,gromacs_replicate_1,61.20022,5.669382766900536,5.9340746286537005,24.72754,5.9447665729065555,5.771338782660948,9.626022,69.34015283239764,69.48081830346632,80.55354809232831,88.53879965886946,86.74917451850496,83.27600227632911,63.24202516907282,67.12541380153614,79.93600440672643,87.17454428003249,81.27269311746392,69.64657550212068,6.587234416735616,4.286687527083261,6.230700217494139,6.905930538044233,7.441818904541197,6.4611544003390575,6.17579932375745,7.422874832846867,9.278602099156691,9.20298584035285,9.870763433593686,12.02560077113699
40500.0,gromacs_replicate_1,89.570694,6.146504179070791,6.196565919004374,22.587677,5.755901058117061,5.960908714952175,20.01513,62.45050912300444,58.065070560184,66.40533248913995,76.83785828015839,82.75046237849085,77.53498436844512,59.38280213159758,66.57717708725588,78.82942052273656,86.04989486208223,80.84866450790504,66.10359827444641,7.175820140094114,4.4939013428945636,6.160668238638387,5.80392841289915,8.211242175610737,6.631527354286815,6.222286820888451,6.5466425977890434,8.898566349998529,10.266124488967206,10.232481318727473,10.039182619980531
40600.0,gromacs_replicate_1,63.395844,5.854685292374314,6.087280541016456,20.796654,5.7213597318851575,5.604929044535071,9.647522,71.10061521001654,66.31925153263914,75.49475829799762,87.44798092865523,87.49706677397265,85.52803125480891,64.1784800769077,67.96682771937958,80.64195628635134,89.64699956708728,84.06020608302067,71.79772398779755,6.82003333877213,4.265443615679638,6.367298811913435,6.6747605510770445,7.278228748295491,6.53867389203943,6.099739173808561,7.5513633669714695,8.965516880139251,9.637270572709044,9.29699894269,10.794391628189137
40700.0,gromacs_replicate_1,69.109856,5.997346793532941,6.381125370912455,46.608017,5.496108949402614,5.2470321326409195,5.61689,60.53507777703844,58.87769481303771,68.12632335347465,77.30059187817483,80.7608801408272,73.97081708198407,49.18450021660227,54.72303736070358,70.28731581234734,77.01495951559163,68.84250902240767,56.6295509922169,7.095722642402339,4.8477853276656955,5.975363553365133,6.540204064055718,7.7059359359110875,6.921817812194215,6.294271107771654,7.268278094776872,9.111508636477678,8.950419730744834,9.263484797868678,11.228760082546465
40800.0,gromacs_replicate_1,62.645844,5.762296277455553,6.124822857634926,38.903107,5.669058890208488,5.439095843786779,7.2869644,51.83421338313518,52.228343799423854,63.62346517968677,74.24466892574844,75.57170144675618,65.43370991872528,58.894015675432975,65.93695114661409,78.79960469194559,84.46236092204211,76.32438584412002,64.21440501432262,6.7760447646494235,4.437698643330272,6.077815761595212,6.021636825992835,8.340243406743618,6.7305642093437585,6.75290320306657,6.838804025957387,8.866746904466096,9.522198933457153,8.86775782115865,10.189343436375529
40900.0,gromacs_replicate_1,73.479095,5.998899538269993,6.302023354183156,32.03494,5.771531518215584,5.47903224833375,7.263489,69.3790255910855,65.82853623983974,75.24076226622138,85.57098246480223,89.94165114010555,82.76800596543305,46.6884644529026,55.15970536097396,67.62644528563466,71.81470868162802,63.20308482726708,51.17619194725013,6.526240169073015,4.2588728983650865,6.368753147173537,7.176525435841999,7.04241821811559,6.785153838068801,6.369670873176926,7.311876312213396,9.963272783407232,8.71121458827398,10.044271893590546,11.618492052557823
41000.0,gromacs_replicate_1,79.55936,6.946726372190176,6.012459547115236,0.21864319,4.995754931093847,5.084642441943589,5.96476,36.34092438308646,37.645941953351674,32.80229433926597,26.208647756817648,25.602485624450363,31.162655653857964,68.40751858987092,74.08158904671976,88.44004718227143,80.6576380799639,88.12917023003752,77.89161888005953,7.318351747754964,5.049106169537368,6.337616232609079,6.6583980986784015,6.80255161794967,6.738742801521552,6.007715161451684,7.083768696523432,9.413152561402281,8.026854198780654,10.379331528121268,12.06976879798453
41100.0,gromacs_replicate_1,58.568905,6.910279550759819,6.6113854136369,20.424347,4.829673609839744,5.229340421155229,58.63234,58.770161877655994,59.512802383651916,51.12782708177146,41.129501250211504,38.7515568729743,48.003284497756916,55.82370246806042,56.75193226643075,46.304980818694524,29.31152690239914,28.827882526451997,43.41343475597723,6.589143485898066,4.565131594248707,6.436015641999666,7.031309882009559,6.869091069777573,6.675023729618355,6.543539978873097,7.807153817668341,8.955740810497936,8.509692663908682,10.557895325171135,11.660092015749408
41200.0,gromacs_replicate_1,56.74578,6.368922446378821,5.818400131860677,3.388977,5.70691614002022,5.708631208820294,28.67456,62.34271660634288,60.373218611243935,50.40922802976621,42.836058991668146,44.86597176270493,54.284002418528765,78.653623499025,77.24706532040281,61.79624448727264,52.82414840219833,58.843035024520546,70.24670040717557,7.68071690376422,5.117685862523304,7.044418448204202,7.1347698157925405,6.401431823295367,6.283008259210382,6.02981275767545,7.425694931643845,10.123835780856746,7.779135882368791,10.588852968212725,12.961724468537312
41300.0,gromacs_replicate_1,63.861473,7.552178360199504,6.965805472857135,24.04528,5.210695219797871,4.891820736548002,13.697327,39.09245213639946,39.9919462923397,33.32559381791251,24.64217884987,24.055792440469062,30.596886761135792,40.37103624889788,53.162370255507405,64.47895622669246,63.65369876937006,52.13623823763063,39.68048985890332,7.0500204748905135,4.471541918307387,6.706671394037937,6.970852565130846,6.648369413706643,6.6407323228918465,6.253913951223282,7.223146417314913,9.952160537011336,8.233374996429259,10.94278640674909,12.259822052326292
41400.0,gromacs_replicate_1,69.215416,6.478994645968634,5.833942455132209,1.577507,5.49002866544987,5.078410474098683,6.581642,56.01322575669061,55.9559834504852,48.504720609855205,40.39897365443163,39.11483823960267,46.520886233842,40.34130648406025,47.052854961640286,60.536074782585175,65.62205040777013,57.47551439030182,45.55656544459899,6.991274746429545,4.663588695782173,6.678590381238847,7.179226692419312,7.352373108990502,6.653391932807187,6.2028981710634,7.211213209346985,9.568667161114444,7.953589751084517,10.40744275315572,11.85089045729352
41500.0,gromacs_replicate_1,87.64884,7.4361063829281795,6.6909480548196205,2.416359,4.802197176461003,4.813034144330002,39.175415,41.56849972974839,46.68348175176771,42.50093827497759,34.4929250387772,30.09946507060235,33.69271510994288,32.109260225261124,47.978479886129676,58.556955853711806,54.526526775261374,40.44384790531651,27.91050892582307,7.461860795001131,5.248480498221955,7.152469789183378,7.019722787877714,7.034927988775438,6.644966419850952,6.006068615216661,7.00725284543914,9.423674792934596,7.900134928673667,10.235677067677196,12.181767025239226
41600.0,gromacs_replicate_1,57.05032,7.0371535896021475,6.762547043910535,11.451187,5.222647193730508,5.1905825827782675,15.264549,82.11811625251786,86.0825904884949,79.08269061838894,69.30478394222246,65.10539280910972,71.50221227633932,60.26123725844719,72.16022709401939,71.99028450430275,58.30592590903943,45.226631640963355,47.826425718711796,6.747929005001023,4.435238323565567,6.797839012292777,7.2773881934664155,6.7577029361329055,6.448527312692443,6.14876747463145,7.387732934105859,10.082089913287628,8.540019199210775,11.060961139840295,12.57540912532902
41700.0,gromacs_replicate_1,61.152374,6.86060291311952,6.653737047568196,9.858536,5.314236177521949,5.679082008597941,42.182343,70.14512752278331,71.90568464088773,63.95546145249281,53.875362960975416,50.68834431318669,58.9430972987502,76.44411406885679,75.04387170612655,62.15319983233682,49.72433191808956,54.380348555134674,67.44765898783456,6.537413422965228,4.354298491964872,6.545466416577291,7.296079263152281,6.85247967107423,6.449078024131605,6.077999850561483,7.462118715285062,9.754464280369916,8.261316795420692,10.394596388617305,11.735890361400596
41800.0,gromacs_replicate_1,63.696068,5.003242758175252,5.21139174904513,12.020004,5.846424597340044,5.435852738000836,17.402733,72.57279690280888,71.80241778719186,84.44073497291231,82.2326708908972,80.87049251571858,87.15420716887293,59.09580234407207,66.52990344765799,77.50717582305388,79.71384354324474,71.870342260732,61.879692864983454,6.506497669589303,4.339113121583424,6.878856411060741,7.647820818924456,6.880431930374889,6.124126097700107,6.282305012270089,7.1421856287489645,9.895923994372211,8.44954003968391,9.96433012377404,12.369785265083504
41900.0,gromacs_replicate_1,69.12839,6.376274262217656,6.716220816323505,32.270187,5.643520367002598,5.8477875094414955,31.172943,66.79126206967453,64.63872986249518,74.837414022357,84.50461709709151,87.39135690602194,78.91485669499163,84.6131562056574,88.72538909736038,76.92711308011906,69.76215817852213,77.89124861897734,89.59950079132445,6.7355035081070165,4.488075818939975,6.693249646432282,7.911410996729877,7.137136023385134,6.198555063827612,6.194108739745003,7.242798901312575,10.023430351173525,8.32678203126339,10.02117862925981,11.404107622239847
42000.0,gromacs_replicate_1,60.77252,7.487187374994234,6.991667357679901,27.440197,5.6288849017902205,5.370399806068126,21.992851,40.06631346802099,41.556781916695826,34.92356708468772,25.496526064799028,24.292259962410423,31.989356468132854,41.464350428198635,53.64524549139435,57.231224571958705,47.068428641565966,33.90648657657595,31.439604096654488,6.595089585792604,4.326514735879666,6.756241670182267,7.702117913095049,6.684054059137401,6.180311622949221,6.406336558695887,7.490985480390754,10.07061070279463,8.184949022614775,10.64148049713379,12.534811751208833
42100.0,gromacs_replicate_1,66.02901,5.571891921401003,5.910005709539948,38.45186,5.507087346207761,5.187098776379993,1.9409332,70.09690055968613,64.7222110926618,74.72268101689976,85.83430025626903,89.68247649102842,84.39892106546459,48.27475560023837,54.51410294205806,68.37406550929903,74.7519239913937,66.14078681753557,54.16933863749538,6.730616978365449,4.547022288212452,6.624636431397075,7.817814507882854,7.06794742122924,6.416622583596643,6.694235409777118,7.555754659510251,9.700339093581293,8.152086202015147,9.520164500498693,11.64416238623149
42200.0,gromacs_replicate_1,66.1453,6.756784245142021,6.720444571859497,14.365593,5.3515788049103366,5.618816029717833,30.388184,87.83199704361792,85.93490798359198,85.44781962147253,76.10524409568424,73.35057353864738,81.36153313117514,88.45843076369724,85.50499683975339,70.67375209468602,63.805656716320414,71.68497437988995,84.45882843716878,6.484710049738679,4.390002666240734,6.490692630295816,7.58848910044509,7.38219683542305,6.327857497706145,6.07529811761459,7.664895048921285,9.58837301489662,8.786312017043528,10.250663241960616,11.259303513236732
42300.0,gromacs_replicate_1,70.32913,5.847736404241475,6.029017291941075,19.747704,5.201785349586254,5.048754820560741,6.5556946,76.65937232041634,69.73265502957288,78.22114324257522,89.60627026278387,84.31729397265396,89.01165377361937,59.48597964848714,64.64260630592428,78.87991198271733,87.30059164855511,80.23226803929667,67.74921487296139,6.6477119426344995,4.578090175160309,6.629884881045672,7.761214925515231,7.073606488944789,6.54108117907727,6.015006232323532,7.470059378737355,9.190483669779503,8.233576796326936,9.889181091691135,11.526474205839202
42400.0,gromacs_replicate_1,77.07176,5.734343868211049,5.861668643798019,25.704407,4.923042934448881,4.635460477517738,27.037361,78.64024238302343,76.0591884345487,85.39725429026278,84.02641998471877,79.63464385910366,86.83438193601967,31.978683752778636,46.013183425785634,53.52719199858178,48.11427714522562,33.54904599943348,24.480195175672293,6.6021598098994625,4.672461994878573,6.757766096181661,8.179350359439571,7.286992469105374,6.504005778591434,6.000731725166038,6.960169685350042,9.055148285016768,8.086157918730152,9.742303017262765,11.373997597522342
42500.0,gromacs_replicate_1,72.441025,5.367135770194592,5.63605222470299,26.8283,5.100253300979029,4.923053658570628,9.231949,67.12396997525329,63.543109581460094,73.78242543859442,86.0058537696806,89.47371082086815,82.816890506288,59.469218780587696,66.47244356789933,81.07627901020348,87.23055498365578,77.95911076813499,65.5430337658935,6.590551218768767,4.7823800090947515,6.850270063567165,8.00764036936332,7.6341634776841305,6.43615979914459,6.151796743444019,7.725784858283653,8.877311661157279,8.441964493093753,9.18889661063315,11.039309777193239
42600.0,gromacs_replicate_1,65.308136,5.375634599384265,5.5840828046851,15.931366,5.618391970428719,5.393131215482897,0.45825195,73.38791622952593,71.70412833305762,82.70453496397849,85.49888171892815,81.04649412881159,89.22174356448264,53.349035343767696,61.98788682151721,74.411992545281,79.22552201339847,70.22014513697518,57.85279454833656,6.314359171657337,4.159051023366833,6.561962191057867,7.4853266089679025,7.261195737519268,6.316365641835788,6.17271972989406,7.534039439130468,9.6072364726484,8.899915375459894,10.049983861215441,11.676534384920432
42700.0,gromacs_replicate_1,62.63297,5.574097206678241,5.942465996661237,34.472,5.565064261293157,5.171937034086613,1.800972,61.85656097790683,56.66720728967914,67.14296316096947,79.98140372273772,83.62371167567869,76.34061592909653,46.563091731497565,54.26657831919791,67.21023760147585,72.41628328212994,63.685585948299085,51.88052729156997,6.560902525314936,4.7111786464387775,6.49197611868315,7.582615712418194,7.6191670620235445,6.474500276258121,6.4357469350664,7.294273452971826,9.767433220283655,8.964028569820341,9.887753916889881,11.715760891783729
42800.0,gromacs_replicate_1,63.800262,5.161897561455235,5.437481451269822,19.88491,5.3316319142453645,5.045417024686681,15.685989,65.93022247671882,66.57846854553631,80.04679775451132,87.99716052328269,86.7634358768799,80.10213119715895,60.18813206783677,67.10874395760294,80.27464586002063,84.75837116977736,75.90832521794196,64.25567246991815,6.604047482589143,4.632348089948442,6.6431464070532025,7.4640651169020575,7.270014811385945,6.2515089875970125,6.122001088892825,6.98573160025229,9.470546166933621,9.126189713104894,10.13205434045833,11.570875522233571
42900.0,gromacs_replicate_1,72.78229,5.407006777627045,5.665435698534664,22.718369,5.367005391508894,5.181352283341508,1.8808212,66.45470507108959,65.6636522164543,76.45423779476047,88.35909850587002,87.88477028340552,82.14250504284978,55.099346274913295,62.92650249771219,76.18701280805628,82.4462867506597,74.39793520156277,61.93949842826231,6.45595255355279,4.411081990886659,6.720238355466555,7.557420449471991,7.14450378326411,6.419321143467129,6.205695499168718,7.218268175935963,9.346850841070909,8.949135210770658,9.965738977668222,11.343702862835514
43000.0,gromacs_replicate_1,72.241455,6.1289560278179085,6.267892738866504,10.391968,5.449666644799025,5.216669569005881,3.0804749,79.56415548428328,74.11286378161263,81.32792983611593,86.84867051118366,80.7848186204859,86.34702753861194,55.15554699620817,63.571581481140605,77.04220757353002,81.4321617775704,72.07536808124281,59.20825794954385,6.367640347034505,4.118298027098353,6.428569552062599,7.310911249136113,7.125935607685324,6.37586404232715,6.272995123682051,7.704323607799265,9.507846209284937,9.009384332541348,10.034855825803428,11.075240900230714
43100.0,gromacs_replicate_1,68.65763,5.678217985818204,5.962770559707797,30.901619,5.011731598232034,4.931902738941672,3.4326706,64.37267187230523,60.80338193584125,70.85839930055269,82.20464859243211,86.86281401179107,79.71674944551873,54.80709938232873,63.84185765107954,78.47712033106787,83.48198691809752,73.54534266833423,58.93761425202625,6.453012680392824,4.293838093483462,6.437014646927122,7.341569325193176,7.7500302217798716,6.767245047505483,6.642403389799631,7.015924739986529,9.214667775881052,8.405495583984239,10.273456575877256,11.397857914921222
43200.0,gromacs_replicate_1,75.47188,5.953035698429455,6.132168945306748,21.21885,5.278915069575431,5.18873997767131,6.1948395,76.56686182932009,72.32567688823588,80.67802510181552,88.23715469386961,82.32721232147185,88.62816780136112,53.7557772830193,65.23372870476199,78.40615276688436,80.47240015507522,68.71152799340955,56.13922632019884,6.141723844946203,3.9154986920259627,6.582748739357783,7.616863776137005,7.3578996554289695,6.736042489114542,6.681837067519049,7.703752529413717,10.23154283713076,8.525192764993314,10.060949600685147,11.81320599383969
43300.0,gromacs_replicate_1,75.258354,5.247740396437515,5.460585987133698,24.294159,5.3314603219824725,5.155550911243979,2.2489624,62.757884478110334,55.852317606529574,65.25959279604,78.48218471398351,85.09040915612607,78.86666382610757,53.57873228400208,62.90181929825321,76.87342016142532,80.62233035893928,70.17800577818102,57.54872909736824,6.753625180444537,4.335559594517026,6.4123274268828645,7.2599087916312675,7.2435374674154005,6.316184620535186,6.2515852601735205,7.415344541191172,9.441738139474845,8.2320268278727,10.180092288011815,10.959176252703596
43400.0,gromacs_replicate_1,76.01037,5.434741729853889,5.690291024333648,25.45427,5.451608171967806,5.1631590461290795,2.549286,70.66192385147843,65.40178470304102,74.95660013490634,87.40580460320699,86.53582209165498,86.04231232699807,50.26000840301676,60.07364658189077,73.05479046982181,74.27936338525485,63.20198122232946,51.92046912526205,6.594540659452398,4.591568447705343,6.774771176374954,7.792530205490359,7.337606707828168,6.43187515639374,5.985547839784181,7.324481474368876,9.989261570984398,8.663227204839892,9.588804141364822,11.14673467721886
43500.0,gromacs_replicate_1,73.64524,5.368027860994291,5.500244203726571,11.427948,5.327184540869809,5.199381257539309,15.320175,67.97098167708296,61.16124886582353,69.50770744246282,82.1135055267578,89.97373148745254,84.56077967549245,48.325924235932796,61.71731020431699,71.45398340733861,66.97327784890837,53.068482520381984,43.78449103652015,6.88807062573125,4.657896940388723,6.905126660218348,7.60770503050623,7.132634622125405,6.421879587762479,6.160385607850818,7.270260047673752,9.871743690419043,8.303191713903814,9.676627666338195,11.412058581463658
43600.0,gromacs_replicate_1,69.84598,6.317808542183783,6.128100301584137,26.248192,5.49828132706068,5.03367453509591,1.99897,88.1760590974372,89.27870043524479,81.60817020951085,73.52195237174891,72.9857704043453,81.00752711126492,41.84431824966188,49.4063934944757,62.18548624095952,66.34318288679336,57.78386122278453,46.08216761820105,6.7663914986225056,4.66898333031252,6.425515834484012,7.620909927807032,7.394275155613474,6.7377728379841955,6.08598769252779,7.241340729743047,9.477682679287552,7.9036198950208325,9.753600170298835,10.958737133572258
43700.0,gromacs_replicate_1,74.31769,6.128909980177871,6.337279942912906,27.48315,5.097196305942629,4.886215489320717,19.901741,73.15858938852524,65.94809757099279,72.87670250026802,83.92638716980002,89.24581603740299,87.09969567668533,39.304832841245954,53.18742187790418,63.82586942338031,61.33363849345037,48.27495989852178,36.87555261295189,6.6177100930491415,4.364359381475086,6.393827220915354,7.513035150074115,7.389921187434342,6.997140548428089,6.605565575874729,7.549935532353613,9.68533636679025,8.192319918758022,10.756482735747046,11.612097792466715
43800.0,gromacs_replicate_1,76.27939,5.615220571128019,5.850824712776006,22.767937,4.920032758390248,4.861130823306804,10.225998,70.20843715479121,68.26616432005538,78.6921223359425,89.88913701211166,86.18080395353374,85.64966241721346,50.359958341315334,61.177117613773135,76.01814589384772,80.68667535255169,69.71972302592171,54.20991516792023,6.541750454027511,4.126141562383629,6.326498467255582,6.948434523584245,7.41191062072167,6.227503758110261,5.881785064498489,7.158395456716311,9.437078462229065,9.044370877152456,10.180426009782963,11.87984840326023
43900.0,gromacs_replicate_1,69.80181,6.033538781236535,6.184652653034997,13.597488,5.0460273176475035,4.980403950007533,22.48072,69.28932327057571,65.87907024553756,73.96734852218303,84.98087263420555,88.71646601390877,85.09259360974937,41.18616958221261,54.692145827551336,67.15966413221854,67.1552106505753,54.15571340845266,40.55930885170656,6.820305090176318,4.4736865713207825,6.932285025659902,7.778327671392109,7.19349955295951,6.328894440425861,6.325319406739204,7.639060886131659,9.991069712808594,8.390451197766374,10.302155002705668,12.02040680679244
44000.0,gromacs_replicate_1,63.196327,5.321984353835354,5.649472348542053,38.559387,5.038436188901019,4.392040977920379,11.105263,69.32923295134212,65.77127927115158,75.45129071851562,87.00643556874385,88.96885555829408,83.7505165842654,34.5443001267199,43.7480512335919,44.82519410587482,34.702633688303564,23.686666787444228,24.128397188934965,7.217887116705445,5.408936848516831,6.887526348426322,7.917795918281282,7.336323724101845,6.450856954475384,6.315142193945294,7.326112319356388,8.92456212266609,7.543890190274191,9.148191508597701,11.30809275116244
44100.0,gromacs_replicate_1,76.806305,6.041604308146674,6.216840404050501,23.9861,5.49829855567753,5.351313933380658,1.5849152,66.85084443989338,59.36534163457666,66.29267822138898,77.93322309123867,85.21655412229408,80.93629235045596,55.23367473492059,62.41310969614928,75.85573783633788,83.02738250736661,74.50439724302336,61.9275698451867,6.670861110523639,4.259487570997136,6.802304291494583,7.380942803057693,7.117556972450895,6.224453353012405,6.361831417889562,7.0166269872456395,9.923821035147611,8.332561445068803,10.756419198308794,11.97170012974173
44200.0,gromacs_replicate_1,68.753525,6.199600311276405,6.362966871160966,17.730034,5.9387955485972155,5.7409215434847365,0.65706635,72.51029225096934,65.62244307538874,72.24054569407294,83.3977121008303,89.64046229650995,86.40602447561972,57.19346942784556,60.047495241425686,72.09214877603749,80.85869777037225,77.03679362734039,65.26861622106277,6.436384480042476,4.469118937876121,6.431481551542835,7.667480722512531,7.377052988872378,6.621076280210376,6.651074464646328,7.4997893159162485,9.736455612729808,8.660266159375466,10.362324017695233,11.736022807963014
44300.0,gromacs_replicate_1,71.35738,5.6630865401333885,5.811831021363761,22.316689,5.355340686960556,5.192497405003434,0.96247864,60.8487328479899,54.5117114106524,62.3962864549793,74.91031582406957,81.88944336834666,76.17233589892088,54.99929488694403,64.05212462466251,78.04440866304877,81.46086929029505,70.70689200750036,57.732198408603466,6.614763044184658,4.43861360206221,6.57597731340855,7.6936595941494765,7.424131936831591,6.5375310487689005,6.132113644050635,7.029210030294276,9.822620965801402,8.55287949440082,10.240922701146753,11.628153896885241
44400.0,gromacs_replicate_1,54.053314,6.403601359193447,6.118965758888465,39.402752,4.439174746879705,4.506069297887133,47.00699,43.54675034963579,40.65512447440886,31.057326937766618,20.73950231179315,23.385728861863374,35.7539734779801,44.435703239497734,51.37701439847178,45.12046609525291,25.046039454574863,16.61306661157357,30.210601449962137,6.893943277475085,4.868600147515744,6.518477647089808,7.655455151379719,7.228585765889026,6.165019556285203,6.2782499354875805,7.581868019461765,8.97019257656279,8.391709069404232,9.790131101978796,11.290314282480745
44500.0,gromacs_replicate_1,74.79587,6.067171490093286,6.277357557042219,28.788857,5.712314448801746,5.793559388354484,12.9240265,75.61851691613045,69.87978738701794,78.03088974735917,89.00178717793177,85.92705783516027,88.50630287637502,75.25275214082926,78.63619223059621,87.20274757623757,78.06009422061952,83.91558209753934,84.02725347228485,6.6839037864055735,4.508899133317911,7.006956690461507,8.30922805712786,6.782105174931321,6.825705343805616,6.390468393761967,7.546384818048514,10.335184246374915,8.650524719235497,9.932279873550636,11.459042066770657
44600.0,gromacs_replicate_1,61.08798,5.509967870941115,5.7923985539369385,29.71067,5.443145855871457,5.170543714878113,6.4515,70.29782526996742,68.11999970067386,79.31088626836636,89.45639091371112,87.08032358535145,84.30683440469029,56.597966834108135,61.665963691734916,75.7664257145025,83.17351089687347,75.75982204260082,63.985331411277,7.12754296938934,4.773720086291138,7.129952596063653,8.110576663938524,7.289345699952469,6.340099717643126,6.3883208619309055,7.148324719504992,9.764423702504297,8.459208873818259,9.341087015247629,11.72599926891739
44700.0,gromacs_replicate_1,57.72465,6.154860268205429,5.9955987226624705,10.416344,5.71075500191188,5.2027442212051245,7.001457,86.672460336409,88.80191396212668,79.26457013089669,68.85482713448188,66.56069236234829,74.57440689872118,40.53382701174291,51.622724856740085,59.89716310012133,57.92824054915603,47.026758096037796,38.454397567717045,6.867171932416771,4.409311444207088,6.682118647293007,7.15894421237546,6.911777083472802,6.307903234717378,6.5124321517052906,7.312100888375798,9.904156108601828,8.125006864474308,9.935877295808748,11.724765027922937
44800.0,gromacs_replicate_1,76.02109,5.349087069833096,5.643644080893047,32.97165,5.424920664463555,5.2704916885069055,3.479454,70.10087457575214,62.96782888027698,71.89705182851232,84.49378638646363,89.44857338893421,85.19315514549507,59.1276861693161,63.27933373422094,77.89509551331855,85.74525541476825,78.92386997167306,66.50155952099934,6.8520387293868605,5.16970275583195,6.954817675126256,8.104430585165899,7.189165869336091,6.580486011076334,6.2897968346983335,6.96817041553222,9.601966173341932,8.475505023825217,9.369047639910207,11.277420551738963
44900.0,gromacs_replicate_1,75.59365,5.16368773196243,5.509539646726595,33.59044,5.643471045033779,5.278219722026922,4.146858,60.13360639223107,57.57600895372453,69.22513497676009,81.05907023931938,84.80414764167041,76.72056613109446,46.01142370806999,52.617131723855806,65.37294563239263,71.42744181672082,63.6299955164472,51.5030258150049,6.476608183127533,4.396738894849341,6.905001871087526,7.6526903610722945,7.319532407938192,6.8025057623196625,7.09418697535128,7.53371519685036,10.103369327805561,8.218944639472582,9.547376784802763,11.028441809777735
45000.0,gromacs_replicate_1,70.061935,6.404974268318504,6.618740650821925,21.66716,5.255271576406892,5.18085687304949,4.380394,69.65314483628443,67.06467685805231,75.9958389157381,86.56275390283368,89.97052812028468,83.27320280553907,55.28569091194863,65.56128752643447,79.71042341182213,83.62373910718651,72.75543275559274,59.57046223244637,6.936450448927564,4.160037194825876,6.355768346843196,6.653981885548942,7.576371753834936,6.440463590756324,6.590825213229058,7.360950655946796,10.002909759390707,8.751079540473398,10.294405130791706,11.903707330338111
45100.0,gromacs_replicate_1,65.94356,5.9241430841175164,6.304948567043618,38.511955,5.562629890029183,5.234830920810904,2.5750122,61.82682667036685,59.1232756963395,69.09787906904624,79.73885342048017,82.78491088382815,75.020167314749,52.339690716678625,56.47965496727769,70.34018856728459,77.94053209619597,70.50862661685021,58.54805794418492,6.843831430008954,4.352879202240782,6.764809300928076,7.315340963164331,7.701917793892085,6.4282408257073085,6.555593303152254,7.093650531643134,9.44074375610088,8.895154972678684,9.101222045592117,10.97902859249922
45200.0,gromacs_replicate_1,60.872932,5.548985508773993,5.735329896971924,12.239922,5.27978966220246,5.040348564575472,12.317589,75.16702855706168,69.03777112381422,78.16872358218653,88.96351254357292,82.00665915345431,88.79838265260165,59.09444450389009,66.29781273506796,79.37830478418925,84.95043787222627,76.48815144296918,64.61225735683468,6.9588181852451045,4.370516461176652,6.974988190911607,7.455710974619076,7.711114123122426,6.281329521892902,6.717514749870308,7.33947244849847,9.294280155746565,8.217650359389882,9.50227487532252,11.273916715813437
45300.0,gromacs_replicate_1,72.314224,5.298328513415162,5.493462422246034,21.111862,5.467215356777946,5.275087580969008,2.874321,75.14157330726977,73.44548286053453,84.76461311284635,83.7314998244644,79.61469290364661,89.80939584365302,56.35473769349918,63.07498921324607,76.36266107103118,82.6719589279928,74.18227152916783,61.26361504014407,6.379280570836053,4.226634038532815,6.318194481548283,7.614865598911598,7.843605316354185,6.4182791866875775,6.8560434924601275,7.39795071021485,9.382671378041177,8.562720371642872,9.746599722876633,10.979736800187862
45400.0,gromacs_replicate_1,62.366196,5.724008007469126,5.849407214835488,29.378998,5.390270860484795,5.120267354472604,2.700798,81.67725117028661,73.66465547813759,80.06513049713963,88.5569240132488,81.93042458454129,85.47543725641798,54.31337728099483,57.72703603065116,71.99460958163576,80.14500278769316,73.55979535333796,61.33840544175715,6.824673477032524,4.492228562307211,6.834252447954426,7.513391612071596,7.445242773066035,6.502721555708733,6.700479776294065,7.358013356582878,9.479176528025697,8.425006430737056,9.742001146320629,11.323001412961503
45500.0,gromacs_replicate_1,69.92033,5.735243218492915,6.042161354577307,30.82402,5.6143654913664225,5.491323318242892,2.9016647,65.99663067658528,62.01557438042345,71.34719461982499,83.3491889390013,87.4381856690322,80.73476061853934,59.992292583222145,66.38826619457727,80.22632714381079,87.10909090142248,79.65576950263932,67.21152452106317,6.3359348613911495,4.131859048948862,6.5645996055506455,7.408727471577863,7.631714412175511,6.921897904884337,6.975843792938939,7.068517672261938,9.610145605708585,8.546284349624495,9.565187196021519,11.01269382284115
45600.0,gromacs_replicate_1,59.094494,5.477400245062579,5.6772983855192525,19.410034,5.2778857002897,5.082466025936475,12.574059,75.68302705969042,67.08462290639865,74.14414455001318,87.40603067015128,84.38033872129681,89.2929897633175,60.456230834581525,68.47229513125258,81.99985315474115,86.88906445501443,77.91869661457656,65.95421945198692,6.507020447598542,4.297768446197917,6.561618112288056,7.141014841856005,7.8642551501387405,6.663192405411138,7.098521508276571,7.6156495573694105,9.657049785177398,8.709237583818048,9.813548546492859,11.18639446659514
45700.0,gromacs_replicate_1,65.30881,5.287453215115022,5.603884582057088,28.89788,5.557812424922927,5.266593891592566,7.5198746,66.25365178132914,62.832592960390286,74.04219239117425,86.24663525156572,89.97369497063669,81.53265956570829,57.25823614909973,61.71209434543769,75.44552317601833,82.87951573694555,75.6840781162591,63.7494052269339,6.382903646534606,4.089517985518491,6.343388857439027,7.360571042054564,7.877938077372153,6.570184965337367,6.964295779087857,7.864778975057923,9.87990194711201,8.309841866789505,9.46853135638684,11.360653069908054
45800.0,gromacs_replicate_1,60.729996,5.457919622708529,5.788346171211732,33.66002,5.5796372474007665,5.267485666255033,14.237686,69.84540468661058,62.09112699955972,71.47440920120017,83.62237902475704,89.91808785582074,83.93221061896875,59.814945986241455,64.14234649578104,77.32410503652258,84.06462959895288,76.74293428042516,65.61930413147599,6.558622074089444,4.4302680097359035,6.791071317430375,7.672213530119303,7.3540875033180155,6.468081179311962,6.737392359768812,7.114320281378565,9.66540034687432,8.115546055306293,9.3906508266931,10.977282761232066
45900.0,gromacs_replicate_1,55.969086,5.629054260602995,5.891443056877126,26.469894,5.660168404820672,5.738206179936165,27.412212,62.95429477652027,58.05704011106645,67.65146830861099,80.06174558764049,85.29458577903262,78.38477153923607,77.36162492229134,84.46223973495637,82.50777770457294,78.83123671129219,88.32554534103413,81.02798312781769,6.575469444478253,4.146780696695335,6.8815372785978814,7.235841639905756,7.5985528516962715,6.746398778780718,6.821173972263833,7.133338340402636,9.9808401308954,8.63853540869318,9.812399207552742,11.203197428456084
46000.0,gromacs_replicate_1,69.87249,6.177017728819733,6.476962226217055,30.056305,5.546696964543595,5.2960445475612525,7.81073,62.70707029989673,61.79014155622947,71.89967671174149,81.91354690627438,84.8274243013033,76.20818765047962,49.836711576329805,61.760085917120584,71.79215004356352,68.78678160336716,56.57056899249832,46.766868905457514,6.699213012061191,4.388065607177357,6.701608477378011,7.5149124542214585,7.329897479744141,6.325302964398507,6.724242336185643,7.329223430981989,9.973639844896224,8.703515333844914,10.226525282126612,11.55050746212507
46100.0,gromacs_replicate_1,79.095726,5.2819561049813455,5.608234408097781,28.17968,5.794393911529702,5.49846158111663,2.00428,61.40126052321202,61.723130421095235,74.0425052803683,86.15281382788301,87.61588083232911,76.68208202086097,50.949711632234255,60.504585973015395,72.57359291572122,75.40514181255938,65.82914029784943,54.417601184981564,6.41333067066031,4.251973175729351,6.505920227805278,7.609741007505963,7.483492155421595,6.415869113547317,6.796218103048088,7.492605306933836,10.572089424931805,8.718050784148803,9.938358985005175,11.596972995586203
46200.0,gromacs_replicate_1,69.59828,6.013515008980868,6.313756768613641,35.343254,5.28013340917425,5.2792601961601315,9.964302,68.8562695602865,59.43922633072311,65.34324619495865,76.99935487576761,83.9474322066824,81.54903418152718,69.48402065214653,70.56167040160044,85.52559334264286,82.74365656088554,88.22601870635107,78.82866968471679,6.339603237075939,4.408071355347686,6.193107564334242,7.533589278202285,7.53294045857135,6.5512465545551954,6.294202883732826,7.729813939478314,9.545923245223525,9.04206649906627,10.227184435269363,10.801436533959043
46300.0,gromacs_replicate_1,70.43452,6.013681176777641,6.288298988578975,36.879845,5.726427561641016,5.156564394833022,10.760925,73.8772221090357,67.90338762460782,75.4900335304876,85.74016768826091,88.26832694485549,86.93235480811592,35.02007588036531,44.80746343028062,53.494699710433714,52.52410362089457,42.0671935258182,32.999734162349746,6.484790748522511,4.3691046473388235,6.413863783377813,7.258479851609151,7.874175955924827,6.73035814094466,6.634744448365729,7.663407333117674,10.587125415053594,8.597451564577833,10.062180582040705,11.732903524383621
46400.0,gromacs_replicate_1,70.14627,6.4403761509499775,6.649782816199994,17.933006,4.876584604791738,4.844987542435429,24.07724,70.81232043670025,70.41955967921534,79.8246155295105,89.95743085646814,87.60966754207477,83.22234633522679,53.463309329440406,65.96030271836891,65.58433605644356,50.13444798851251,36.85014152042315,39.69500378028877,6.546918699542743,4.41764457561654,6.529864802285626,7.650674259097308,7.829684541943572,6.511032929945315,7.292407341729587,7.060149626171976,9.0194908464359,8.670316746533548,10.02295008982576,11.743166688444509
46500.0,gromacs_replicate_1,68.32465,7.267725253983987,7.39064170615453,9.947174,5.161492972839314,5.6231362229004125,54.217705,88.59397347010784,89.95484471347504,83.06843698879537,73.22609441878932,69.25514151009392,77.26806559555197,64.86613726975719,60.38253752873047,47.98141166555378,35.853389546077594,42.959791747402754,58.12340904401274,6.883403047027663,4.628890911421877,6.493867000605363,7.382766561156467,7.27235846121968,6.503281318066778,6.091719080029514,7.445636834550477,9.486502305523494,9.178977866863859,10.563810640119748,11.36698734925709
46600.0,gromacs_replicate_1,58.71371,6.110976740359715,6.059703612599827,6.682411,5.295079199332278,4.7482422903504204,5.3213196,88.98955446541542,88.29446696958631,82.33252390270412,71.28328255900452,67.33287058795092,76.10486475266842,38.23140953253728,49.78489225521026,59.602688762175745,57.494462447429285,47.5127508489582,37.542110988829144,6.895763796860472,4.496469569947824,6.842527756786317,7.711595345403789,7.661877596730989,6.622857395483544,6.442746859396242,7.028054533110352,9.785331260538678,8.17987497942956,10.474384812637592,11.699794652232397
46700.0,gromacs_replicate_1,69.470634,5.963782707130773,6.204333998701252,22.57238,5.394709917415307,5.246678703048447,1.3785782,71.79700568542586,69.92802235835748,80.35974624956067,88.74448987973037,85.48331201036976,85.49205696804574,55.03527196257059,65.26895193431113,78.54308246261272,81.2943153759524,70.65062310414416,58.73507374589907,6.69231197470158,4.664771714285589,7.102729154386039,8.058460922309285,7.468242205485661,6.451616554106844,6.133164760235863,7.24476309743352,10.308709153461622,9.1184987681897,10.892811283075403,11.860887554795843
46800.0,gromacs_replicate_1,80.93508,6.404286866830736,6.52672067145428,17.874405,4.376329027524644,4.341865073204672,48.9498,71.59884217693974,67.92186504717787,75.01996152109912,85.80882134140109,88.06113171556188,85.33080289694743,26.14936283731221,39.82142020358013,44.49526403626455,34.7790445957409,17.722632234014796,11.280072037628756,7.004872956199048,4.812068028667442,6.616125646646842,7.657589053993737,7.442732649636137,6.597965163806386,6.734440883602663,7.436701760793147,8.724484409093801,7.880769447127859,10.030398852322222,11.29044372915111
46900.0,gromacs_replicate_1,71.57531,6.169047296066007,6.288099666834558,15.275894,4.784724620344104,4.675387710337405,26.44983,80.20971804376747,77.09986300318525,85.3803765376987,83.83039439341368,79.11635544103898,85.78022630467098,43.4379483101596,57.40452191474284,62.69732973999319,52.55098318173413,36.61528436581308,31.848593845585256,6.398352271726115,4.290846928721141,6.569262434079125,7.270345173560707,8.108629375449448,6.835053277670116,6.911302480277765,7.04509648620573,9.103995035226044,8.175307666539325,10.418800081598908,11.701267222087594
47000.0,gromacs_replicate_1,58.239006,6.841059417954937,6.517218377532321,4.151558,5.34327713567853,5.1103010197656165,5.492653,75.39981190541117,75.83938926880184,67.15960916106418,58.447097393683066,56.611467063185,64.50659511112114,57.06901066457487,64.4510185986445,78.82511215483709,82.89425879523367,73.88816759319658,61.59734609467468,7.062679091717251,4.608160154952894,6.63933256325548,7.6060068666281735,7.6582428707701995,6.3264880895989934,6.46354507799115,7.349525674766431,9.970971695414283,8.301632382124982,10.679807956956887,11.585802577367842
47100.0,gromacs_replicate_1,73.43076,5.325090406205407,5.79737492348035,49.612167,5.7377354591336855,5.328619350704442,7.7626495,58.28108421608955,57.48587496599146,69.08442486696502,78.54113129665677,80.82525914991358,72.696828685461,42.05431540514655,50.459734662300335,63.03182214250866,65.54169740462747,56.79823598531157,45.08708378210684,6.209973608010194,4.24379755115164,6.1525084269302655,7.1492014625189135,7.941825953733598,7.19717511687321,7.503657563288692,7.480348788069269,9.989713658238571,8.385975826795482,10.109172691319536,11.755610582528968
47200.0,gromacs_replicate_1,65.726814,6.188781870696825,6.402272823910673,31.105492,5.2269009587598845,4.926813742835405,2.094757,75.36293619547935,71.1926129478858,79.80110078385677,89.56977462709291,85.62011766549374,87.37799833957115,52.65672495781693,63.67618384163684,77.26562491744184,76.28697277046102,64.75228183823862,54.28810917186508,7.584181653805696,5.122759374453024,7.0255565675993665,7.376301710625407,7.246877459917622,6.3193821411504105,5.91343239037971,7.097922091019805,10.090641431011159,8.471448287817473,10.771087199835458,12.569172978409357
47300.0,gromacs_replicate_1,72.30876,6.400741224132738,6.458765544914675,16.598625,5.194114348157094,4.9953422421143845,10.098793,83.69134163072584,79.87648017930782,87.41683353535622,82.32625615780866,76.92792771678533,83.32512570295441,48.182677975928904,61.21380578693713,72.9241379603633,70.26286610689708,56.05133887528502,45.79862909638917,6.645012258420832,4.390274859819398,6.720601893461123,7.624723114745457,7.550860383080655,6.675588594444006,6.412037038785988,7.1310227041674485,9.720408007011372,8.076720938022598,10.538432615040666,10.887773239484227
47400.0,gromacs_replicate_1,69.231995,5.681320527951173,5.848833836684724,5.4997864,5.3923800217638105,5.054537989484648,6.160507,68.94199835344517,68.53786321445696,79.34600184807051,89.28367787951694,85.14994497432114,83.47796423221546,44.44321305114047,54.56511103555609,66.40034515965156,68.31901610636712,57.35014195445284,45.28663798653005,6.698314223578825,4.305320416903985,6.41083987567351,7.165365213892585,8.19836103490335,6.710204797052351,7.260517204935989,7.388324303722067,9.135369041826623,9.255570916621988,9.844647154236347,11.153343796269386
47500.0,gromacs_replicate_1,66.82736,6.4730070838869365,6.538956389661547,14.014061,5.315326840885171,5.364713104551408,9.847359,83.256123578002,80.74576638975901,89.381097739498,80.33702735940344,76.19129050855867,83.71488555627097,69.88355011489381,74.91203271756238,89.81876091845346,81.93170214681953,89.3315294019332,77.81403785125708,6.790608187992333,4.619662061978796,6.969966792821483,7.447472746921565,7.991734549589383,7.015269602151566,7.043500447183411,7.478127376584515,9.318658271798542,8.420027001190709,10.001984083183222,11.359155975384391
47600.0,gromacs_replicate_1,73.464355,5.639201449623954,5.849163990379062,35.91632,5.160375510131624,5.1205325355422895,0.8729553,75.80856401296022,70.19136634218782,79.08986217640899,88.89889623113848,85.56696126080348,89.80104415303023,61.28643114552954,65.92240871549285,82.6539497661116,89.40332110310946,83.20865298799853,69.98310592084385,7.648085812958892,4.950466888663697,7.328734666989966,7.813669972221288,7.436517303596652,6.614905074661778,6.466818181190536,7.6250342628632035,9.448943690546566,8.491172024876107,9.652033533460338,10.693308015017774
47700.0,gromacs_replicate_1,60.666016,5.895207270822903,6.142008345042264,31.993835,5.597899047887138,4.944882599373704,7.4747925,73.52350131560691,69.63129071030662,77.89688228727911,88.55471383164557,86.68176916878241,86.90063269464504,33.272716000970405,42.98091624139455,52.35219489091599,51.52856594608049,41.43418102909885,32.724085610659934,6.7962503057706325,4.464728648207913,6.675182331293328,7.536409855390369,7.273628168279903,6.42413184727018,6.582352124565309,7.304709588521478,9.934493188600287,8.245715407766335,10.34234134576559,11.507924802677007
47800.0,gromacs_replicate_1,77.56812,5.56447646215135,5.94394540191704,42.72644,5.5330992957529475,5.518505437484292,6.5147247,65.11894688662785,63.9009052465373,74.32833218916028,84.36631797146185,87.00863435440074,78.67992280820755,59.41635239310008,63.683299515920176,78.76254045447672,87.18799639742579,81.0592655668533,68.07323163653811,6.22912921474593,3.9695732685023444,6.381947297362896,7.3312512176016345,7.76917895713751,6.497835909370003,6.710672653125166,7.65948471593473,9.791779659896692,8.387943363578078,9.961865921895104,11.253543651603882
47900.0,gromacs_replicate_1,64.589516,5.815685075501787,6.082209475757631,30.390854,5.114563212076363,4.707818079030923,18.461922,67.10725794057805,60.76327305401442,68.92159898711948,80.10527549144517,87.01120453518612,81.85500695020067,35.28422486488314,47.913361651712734,55.8910070189166,51.70528501512598,38.54105627700054,29.530137707532475,7.23853825834491,4.9295834877769495,7.184390674150138,7.4758251645285965,7.296900837996449,7.102199041623944,6.655566164618922,7.242966552377901,9.37600790194727,8.263515386952896,10.149346551675968,11.64732451134487
48000.0,gromacs_replicate_1,67.50142,5.635192189364514,5.87243426115943,18.459656,5.388891872414799,5.3012250792131415,12.385338,66.22820490622418,65.63447991375305,76.41384376350892,88.12056447975105,88.46131601626479,81.45387661515446,64.33209941254138,71.33997162934,84.69767842760916,89.41100750628695,82.22226771283519,68.83758637940757,6.844625069242595,4.680453923516127,6.387593002729709,7.887013105141254,7.92933215615122,6.51877501398914,6.698521747097224,7.43272061088689,9.124254423449656,8.900964040089303,9.516000503386989,10.168582529044453
48100.0,gromacs_replicate_1,74.14224,5.50491599741269,5.694804101923839,15.79525,5.433093713437342,5.350640572939009,1.4621964,66.5921135365831,63.8620159706716,73.97190009118718,85.9518827550118,88.36594050975964,82.92349845669324,58.63933326565901,66.27250040775519,79.55761749888597,85.6754617665008,77.16511746245787,63.63837134590282,6.526266342383882,4.135370639448982,6.330811417191203,7.589800012676964,7.743725795938134,6.625794852337912,6.664641154240825,7.371307946858848,9.335897442451868,8.655298050954443,9.782922480076266,11.346466221462014
48200.0,gromacs_replicate_1,58.988373,5.612713955233085,5.626567239359895,28.426949,5.263626938107641,5.150636435251734,15.766876,48.43910075496916,40.058027079275035,46.323895128872685,59.29244163752408,67.97556818284316,63.852363849762526,64.25115420691,70.82948288742251,83.03264229365888,89.62368859901868,82.08675055708545,68.94020416481926,6.921772953400107,4.538890212125503,6.690609385129578,7.6831926291424555,7.684961071094138,6.569168387377685,6.448426401682511,7.451825050981156,8.892045540167649,8.526333412484695,9.91035030570327,11.1341382267756
48300.0,gromacs_replicate_1,65.29435,5.978846692408804,6.173609204720358,25.140968,5.833457657761166,5.731336300085757,11.122787,72.99920867173847,63.11148565401287,67.04877298494539,78.39815005123408,87.60954209346833,85.88650952463416,65.75222856721192,69.76068353013997,82.88847512589848,89.0603557272426,85.55897169439805,73.64560065602406,6.569040663105254,4.0564236558984605,6.239433956332967,7.204047626615772,7.736469981873103,6.948838227242469,7.386991427134806,7.7190767642939635,9.693155224108104,8.673241219586666,10.068831931251307,11.329748453129705
48400.0,gromacs_replicate_1,74.75317,5.3940274343395895,5.726233468094766,34.811234,5.448018298835779,5.315356913495478,1.9985962,62.474717125338124,58.255238400200206,69.02369351530338,80.46511806500254,85.34761841130018,77.61758428467361,56.09914102612076,63.06179718553609,77.29880968581733,83.31448590966154,75.68255116424203,62.34693589941889,6.818145035594361,4.297119358128299,6.369565166013355,7.793747070734468,7.8115073360658,6.647893370137771,6.6775086557162915,7.350849766445669,9.581092927475282,8.043120476267143,9.670334323292337,11.368747101798654
48500.0,gromacs_replicate_1,71.85158,5.862147327870478,6.049035792719756,30.2519,5.313302085719259,5.1124964365056815,0.33770752,60.273416362337684,52.98328833481366,60.830238520814014,72.78241269359756,79.76255030540368,75.27632173971809,53.20735027994298,59.67155887656851,73.78560499900817,81.26155514657471,72.95199168389097,60.61811085568892,6.522673154820253,4.245735033468749,6.942892340343951,7.931610739765227,7.679030959225462,6.68849590267318,6.618945287204377,7.618579524711459,9.055569873802266,8.403703928131582,9.916057352335852,10.876802028423553
48600.0,gromacs_replicate_1,77.419716,5.715458465522065,5.8754012545723455,45.55217,4.978258336656017,4.913107942537741,22.382584,51.082146813555156,46.61902897059623,55.66079630185003,65.15667438938314,70.93068868034544,65.77633565447094,40.662868493921266,44.05011166551329,60.31730931620233,70.32791731525461,65.91304638628081,52.49558849894583,7.048621873773866,4.79118366962339,6.916923023448616,7.9786563985055405,7.7614600282578134,6.764077307950963,6.585040193621963,7.898246211321643,8.685614017473922,7.887617771273029,9.506115939683907,11.420498526272604
48700.0,gromacs_replicate_1,66.72884,5.493910684201259,5.790698239978436,31.442352,5.676790677712101,5.435486485036901,3.000145,65.13767051115438,58.944594378714775,68.48597217501904,80.25342857539272,86.65970166163997,80.2332743687437,51.62111514017795,58.04113753015387,71.26943842969182,77.40742846545045,70.55867989006848,58.0735833820758,6.383993682678309,4.250452307791454,6.567773397292584,7.594610018433007,7.729916249900727,6.800921973285325,7.355536360313364,7.5404848260946125,9.555143280808487,8.444535474493216,9.969972015748978,10.858760052480182
48800.0,gromacs_replicate_1,68.61115,5.6406282655045095,5.829364270655912,18.436958,5.243061030520026,5.340359880663716,12.544258,72.6202846085409,66.05563598450598,74.70053491038638,87.23869932392834,86.3532960684547,87.4592098912521,71.04719026485424,77.0178155300266,88.66046052297311,80.6612690117601,88.05100290314974,77.91765617418943,6.470029263606718,4.286816634105691,6.3842822215381485,7.505887920624021,7.549704407674977,6.675461805486765,6.969499006261201,7.625920340993876,9.405231512784047,8.73660150266641,9.971246189345226,11.052356867956629
48900.0,gromacs_replicate_1,70.220695,5.8382459603601715,6.085583179109091,26.817795,5.2606542318481875,5.305141297683328,11.637543,69.52105381922522,64.78786781323845,73.21118536240243,84.64660194071159,89.93048343662191,84.73570448614349,68.89170322216063,76.98928745700547,88.1445223478861,81.93871775027966,88.03968276439258,74.87771122057791,6.585120073296614,4.320319577959165,6.682320601949726,7.090280902485642,7.8126451857518635,6.801701243518927,6.69998212729907,7.555197522179557,9.741843081327422,8.203331882723658,10.150991547814993,11.138361175629191
49000.0,gromacs_replicate_1,69.943344,5.827912979611254,6.132376863066056,38.288513,4.823523278094039,4.938965966884363,7.721634,68.78419224368554,66.99999483386767,76.29357907297458,86.533418441974,89.40671426879288,82.05194504899097,71.517788530103,77.42012786666648,85.3616537449951,76.4556804802085,84.77074587533116,80.51733833164155,6.850554149454926,4.528962898268313,6.787546782578083,7.697086745394326,7.470164425303628,6.390110649095286,6.176230043781614,7.22379585425892,9.33619345562519,8.334295106431506,10.428149758575099,11.784104073570234
49100.0,gromacs_replicate_1,65.49807,5.574619841430088,5.8275960566419,26.548645,5.420124470165254,5.144795246094592,6.552925,71.62382793531997,69.6310054409308,80.72242743370407,87.80390716573498,85.17310808690709,85.08898632685201,55.694816317430245,61.53000236564902,75.40745187179857,81.73148059884205,74.33261172068967,62.02063291151392,6.406953924342027,4.189367678158271,6.750188526854558,7.762653241715215,7.611528798211605,6.630724417227946,6.598913670780467,7.44186973770915,9.61014621533915,8.335479141259647,9.711797014010301,11.5552422330778
49200.0,gromacs_replicate_1,63.807625,5.84756880138302,5.9752793819306165,36.862396,5.586172765226631,5.4720990349906184,4.9859695,78.91956101025265,74.42823850988884,84.39620537212735,85.2669264527657,83.50131456035159,89.50368777752004,63.27180489763872,66.1122447549904,79.96165795726134,89.60616895621575,85.44763341443257,73.32001183062995,7.123091357901879,5.163497918000046,6.8410414650389715,7.2522603415431695,7.200175871989422,6.44724262654928,6.0528322694461805,7.475131825843051,9.738608356901535,8.439637803333529,9.90352477763413,11.833168950920408
49300.0,gromacs_replicate_1,68.26011,5.240261736798422,5.645917516156915,42.131027,5.170717698774053,5.078458023823668,9.6738205,52.822916325163874,52.21081236730129,64.6547505299448,75.69460342708007,77.98434268243612,68.4172363359563,63.665168218918545,69.2290145932777,84.75194029159256,87.03153890633342,84.31149061694154,71.44747253956528,7.104605221758788,4.849334608382846,6.7952955490323825,7.825705137015189,7.463185937377642,6.584724745255829,6.485489692744922,7.24395926408672,9.346894893394385,8.280387486903154,9.940898793768124,11.247820419593626
49400.0,gromacs_replicate_1,89.88068,5.573584576481535,5.8260192614162065,25.919136,5.144910086081528,5.165441100794048,1.7573547,67.10689079151673,62.990999985937364,72.40001716143308,84.28946391345283,89.96785584673259,82.66789811840066,60.3504069781735,68.41813083183521,83.2482566850706,89.67757843283925,80.96862520822162,66.1952290113888,6.455783240864692,4.521960292270988,6.50231861903595,7.970202425504349,7.696056756943684,6.483263085985288,6.612490268674862,7.104488426609189,9.143401022545648,8.588450499593247,9.69313929708688,11.364382750757864
49500.0,gromacs_replicate_1,81.79886,5.86955740763239,6.057337933908493,26.015427,4.984250022167472,5.061955305908027,0.45952606,75.08498744286142,70.86430655160103,79.45174155471754,89.9056361746455,84.54356908470922,89.45516412751402,62.812012473398,68.93498749294865,83.56111363623847,87.13461638777031,86.9839230437443,72.11966250100609,6.537949029542746,4.334623806757559,6.480931056348704,7.489790166449324,8.005516925106836,6.549382357419373,6.515821942729724,7.1778869968342915,9.321956641007374,8.45168585056026,9.74302935808233,10.779211241257066
49600.0,gromacs_replicate_1,64.60467,5.472918227797642,5.733978822567882,27.498116,5.168930232627567,4.8560751034873615,3.3115234,70.7352888621915,62.44460642282198,70.91966152359863,82.61118475446877,89.41319038204456,86.21409699562135,46.4504805129623,51.45283290181448,65.33011661923992,72.71669709312482,66.57733416218822,53.201719415700495,6.685668254431165,4.55037797406816,6.430294453500349,7.458772184198143,7.649175825248328,7.113019649155654,6.694923236025847,7.555710136882015,9.09958843851891,8.56306830995355,9.910229645978665,10.910978659849285
49700.0,gromacs_replicate_1,65.173386,5.293488553283697,5.469307531840935,16.777847,5.503072154800354,5.204677977025823,9.8136215,66.51994080642359,58.65484107236586,66.29892113341016,80.01624627243254,88.59107558304338,83.26444955982127,56.750051358106745,61.90107545174537,74.05227252245848,81.64678285976825,76.40482172460612,64.20932892649455,7.044229190910173,4.832045763156932,7.037415071609116,7.513886026696881,7.7314172618038635,6.355871971175381,6.657790081470263,7.34796785087721,9.520187572301605,8.649882297955871,9.439006365064918,10.363708477310576
49800.0,gromacs_replicate_1,72.44561,5.4263199200720775,5.669928508655744,22.159782,5.261257995874954,5.005510615495944,2.0330887,70.55006914144184,69.47251608532439,80.76908398116016,87.44182559139472,84.74164349231482,85.62066943117318,50.29270606538437,56.428390817169564,69.73700710225327,77.82360469726159,70.24881762901052,56.583386897438935,6.758728830851906,4.286579516866139,6.6091216569306335,7.35978337048315,7.943279300610338,6.6041880055829205,6.72477359029648,7.40869270969268,9.3188955228432,8.84279584551036,9.88282887036013,10.67995548693213
49900.0,gromacs_replicate_1,70.493095,5.924223169173601,6.100654685530664,26.62104,5.703656328711824,5.4895960954661716,1.1646194,76.99608515549681,73.21099361219675,83.34541602167391,85.81730304285716,82.80926050793005,89.47802106901909,54.903776996525565,61.35773754807645,75.23774077081949,81.29852601236027,73.14386490202165,61.13252425700662,7.0720192964975475,4.54537351042243,6.966344521191419,7.372075566320187,7.076468222383584,6.455452990963848,6.240459796271874,7.143170800748753,10.320163329141852,8.373337607130969,10.283149582387917,11.692171780994306
50000.0,gromacs_replicate_1,76.917984,5.677057467196998,5.9013233124132904,29.085167,5.306845433799222,5.088873117513573,21.92228,58.26471561932207,55.41634386763524,65.54457042873095,76.76215578890579,82.21635063469762,73.81208326801465,36.63850750255457,49.133594563448256,60.53589914228495,60.60609282523298,48.45088758104718,36.17815133657607,6.7235318296729005,4.50361578520703,6.621071571906285,7.671255685549729,7.7402881370659795,6.778713907999911,6.888222573832943,7.135891198072056,9.543986296829571,8.383201422810467,9.573276485649062,10.567951023608206
50100.0,gromacs_replicate_1,76.19156,6.003132173924762,6.0954101568219645,16.807,5.211512852063854,5.118636617202412,17.110313,81.38047766055986,79.27535443006765,88.01804479369461,80.95959706554369,76.83693083475877,85.17159931501885,46.62591377796866,60.31570379177328,71.0211517689289,68.137219640353,53.67040922619797,42.83655923790755,6.402213014031413,4.371498183121837,6.583862951157114,7.693774041079995,7.480636863963517,6.599091043609993,6.841962319128035,7.422326353337239,9.666346509528662,8.460802182094174,9.67694845691472,11.340119613652341
50200.0,gromacs_replicate_1,71.57784,5.0049516146056705,5.244089027742028,17.973969,5.21421832239348,5.040968658281565,4.646126,69.09089171886099,66.44578464613457,77.71595120986467,89.70453117399572,83.59942583167478,86.51972373288737,57.850914490918846,66.61860136427721,80.97955217962455,84.33955327315495,74.56882047791285,61.14840910162335,6.627470718726762,4.339055544787013,6.603071253836336,7.756019764233941,7.761025245781565,6.664249628831449,7.272541506883474,7.467709585280012,9.369636945135513,8.168568478035798,9.758112124838224,10.979092937255734
50300.0,gromacs_replicate_1,73.97899,5.946747364986905,6.176482657275639,30.812008,4.879106582896864,5.102472523092882,13.35099,63.131543437982444,58.84269569986288,67.8251086685524,78.59136411897278,84.1160388854536,77.65417515357838,79.41808622358661,89.2181981301022,73.62117783476765,70.63777807633149,82.93826415072233,82.67950713525325,6.496534365749824,4.296032477998909,6.859854551328707,7.89017010655622,7.994228376270114,6.958714082804718,6.708090388220078,7.4482423618630715,9.61128555003546,8.585218367487876,9.9022460944621,11.381685374480792
50400.0,gromacs_replicate_1,74.11187,5.9119342768705465,6.092833140464749,20.002357,5.213486878208184,5.018906986490039,20.069656,75.3544706374749,70.51307549072625,79.27639527079928,89.74017098002346,83.1905621975631,89.43887959597224,39.51287850295297,52.0691173590025,64.58604580909292,64.60092120311647,52.026407967069815,38.85551258946102,6.926678422098179,4.326512636270234,6.503388102087434,7.331783200086192,7.263757013510545,6.796728795323308,6.630053086703873,7.508407799117253,9.755509501678915,8.638818818555782,9.953547112730986,11.488806430316629
50500.0,gromacs_replicate_1,73.45976,5.500917663952747,5.881814636739606,42.23958,5.308603216053503,5.099528124819871,11.885597,57.82963133365183,55.61360880088254,66.23628099033787,76.88938351840282,80.22501685589181,72.73947748140263,44.54925446766473,54.29303686784604,68.2340172499146,71.7642482527958,61.819891410385964,48.89763280073024,6.733308873717203,4.181386309511136,6.329344585639645,7.017293095988708,7.7339887862681875,6.537439876629676,6.51996396648906,7.158708923892107,9.558334298217734,8.888701497352404,9.936603303755012,11.552295367426888
50600.0,gromacs_replicate_1,76.59078,5.860183164803136,6.165411945722,44.191635,5.448446566857759,5.396123023294244,4.010391,71.41564445861265,67.60923906513362,76.76802390362997,86.46615727103129,89.61255450104825,83.21636846663999,59.2273854887166,65.26425937355434,80.54375507670431,87.02532876396151,79.43743992265244,66.62310014676765,6.5932560452588,3.907864888290544,6.1259168086045666,6.955357901012161,7.3993118763970624,6.704312742968578,6.333095334039941,7.160818627839174,9.695596901444867,8.682428498777144,10.098842471796791,11.274775835734307
50700.0,gromacs_replicate_1,60.61264,5.879605909623932,5.898868996701739,19.812767,5.585611041566846,5.771288588620335,29.690002,83.27693209707043,80.82913824118756,88.76147442801133,78.1567889250473,75.63913462649278,83.86116573072523,77.38719726679022,78.83690397168229,66.31760411420541,52.388967258585744,55.40950007575828,67.04547629755892,7.156104632769198,4.672312648678419,7.0236958819223565,7.322320153509776,7.352001437410339,6.614924263892827,6.805952538608429,7.692485318086596,9.439310218217184,8.22036733273123,9.634649100649174,10.854486435506956
50800.0,gromacs_replicate_1,70.956955,5.745627885358301,5.950282328208823,18.313812,5.239161908587909,5.268585600822453,0.092300415,70.88764156935413,68.38874678166287,78.71017240624005,89.50506966316388,85.67328740434965,86.02205904762843,62.9087325915379,71.72003460769204,86.88320258466699,88.27234128226777,82.71868439800471,68.84906418655918,6.7486840500198255,4.26005160214818,6.25174481335559,6.987146409756726,7.497217547024065,6.521179772559251,6.241118021975483,7.298145463957821,9.616051983776662,8.970997171346871,10.22856344186371,11.120423790088232
50900.0,gromacs_replicate_1,73.37122,5.632315676789187,5.953267687754969,30.8679,5.169097353517514,5.040773860704064,2.5402145,66.22227766869186,64.2214187491761,75.09875246421996,86.50903149203772,88.89143172659914,80.77598332048727,57.52662821180373,64.57472186701679,78.86866221830677,87.12136948226687,79.97781402181414,66.18310120381584,6.400319551062918,4.1776876958580935,6.6371142027925485,7.831208326343671,7.506028959181764,6.379583967846513,6.515552821472384,7.298878215219605,9.651677990942266,8.354985313307909,10.020114408148604,11.331240834290043
51000.0,gromacs_replicate_1,71.16931,6.258184531092731,6.389807629774093,22.700089,5.21342108208147,5.293957748927961,1.3054199,78.81022619192044,76.31051279052106,84.97978538484718,84.66423469216474,80.4359558711958,87.92664329963442,64.35036102913986,71.10876806216133,85.91974483347663,85.88702547127363,86.77348952017937,72.89111496896648,6.565212925944062,4.141962419622576,6.745251456509515,7.190775039204496,7.753532080283423,6.432592073378539,6.601888725586046,7.1886005051804265,9.522853750391423,8.958125784421592,10.533713855563079,11.746071653088933
51100.0,gromacs_replicate_1,72.49197,6.65711946016341,6.3220471727751955,15.206932,5.394602659937649,5.13885435702146,0.52975464,82.13278937002505,84.14080798822131,76.07331376704207,67.09872757808057,63.76313104985938,70.63052346262205,51.69226572363976,56.31097461382562,71.01162077782105,78.89216082629306,72.22142941076913,59.70070066483899,6.69343143361385,4.5235774164476465,6.827636621548597,7.79168545674247,7.578616243627959,6.7865839450499585,6.653529434605878,7.4369545422245436,9.296483225970606,8.206752868656338,9.970582478877738,11.033532086577212
51200.0,gromacs_replicate_1,78.94324,6.155944377393428,6.347900096438355,23.287941,5.343759785350884,5.249445045211251,4.3650284,73.44688394463823,69.31764373880387,77.61018974072532,87.90293009070959,86.30872466289148,87.83374934908572,54.5791809915809,61.340625204280414,75.29481838530376,82.29948603528538,74.0159968824718,60.5072176205279,6.643135999512094,3.9721709354140637,6.3676371027224095,6.888461497254268,7.588354412946736,6.6820926296026375,6.635629494442798,7.678378453232477,9.134699272947707,8.71430782817549,10.156568916992235,11.252122873249053
51300.0,gromacs_replicate_1,68.92981,5.5596198306989075,5.91405688338011,33.358047,5.737878403920098,5.751272647580526,17.515549,64.9952449870364,64.39961010630289,76.1207351473502,86.75748610747408,88.29021932668695,78.56414241658517,73.95415334189342,79.74594663330834,85.65999350024738,79.74968386476708,87.96495713486486,79.79827605565724,6.547607731327331,4.256165701373999,6.5589480430761435,7.283191433709952,7.870398614808116,6.710089508207722,6.55125636253406,7.429022710312406,10.28150704663279,8.255866854348675,9.386142706718411,11.432069698430206
51400.0,gromacs_replicate_1,77.0289,5.592622612902632,5.81623365295303,30.225792,4.923223650847234,4.72716714296977,20.640488,73.01222298568707,70.6326603337733,80.37998138646206,88.93962868056366,84.22289816476965,88.32292950164985,37.89298322575477,51.25422830277029,63.71630442364924,62.881548502732784,50.1566001952504,37.259355835733096,7.074342690982827,4.403006988398166,6.7662059745873995,7.146773318477583,7.247242938924905,6.409217775398151,6.028686556361129,7.148531243058618,9.714751539047173,8.184092686449278,9.964041190862211,11.813237063509114
51500.0,gromacs_replicate_1,66.17279,5.969115244535265,6.173762290733829,24.81099,5.6109874546614735,5.318552827189584,0.54312897,74.86504675007313,71.43647195166704,79.94306790943472,89.2096600497538,84.34581248936095,89.25462620355314,51.08094993218414,58.87088691317701,71.2812634972787,75.3543219119044,66.42197184771149,54.54082243082788,6.460566152918634,4.024613454530252,6.4328024633900895,7.26367604902014,7.629922603325529,6.8108325070467055,6.872483143529273,7.861453048165413,9.712775108402129,8.043229487474536,9.952783459711037,11.178401635580123
51600.0,gromacs_replicate_1,73.34097,5.472787996230901,5.628810561670434,17.665573,5.270987147090474,4.999161990627624,4.8731995,77.61432124518701,76.00477832370098,86.83999159731769,81.08734942155186,77.78244305059945,87.46067826758569,47.58010746756475,56.57890107849793,70.11856005897708,73.52969005300248,63.52797357548191,50.77972530576525,6.881564751796324,4.372475311102805,6.562262655592873,7.101153053692389,7.566420303647103,6.753714813773437,6.7547045238498935,7.274242111779257,9.737426758932049,8.327647281753489,9.578887345104008,10.87554013988928
51700.0,gromacs_replicate_1,73.00804,5.716985407541862,5.808944983236256,27.756775,5.110309732954388,4.6660063592591765,13.184593,80.729420238493,76.07814540224241,84.81981483876821,84.2875320527732,79.65469951354687,85.84691581488144,33.39904506190016,43.18941151118214,57.15374401495911,59.92994852866906,50.01405743699337,38.09654136174945,7.023400993291671,4.775737751031834,6.444577650560752,7.498838422966388,7.0807940730771755,6.601287117086791,6.059029375908773,7.5233191968618796,9.611250449088084,7.760546191779337,9.84134470359559,11.559764000323062
51800.0,gromacs_replicate_1,63.783657,5.160472807854795,5.468168816642819,29.017273,5.12182941440101,4.814968070811555,14.149574,64.81807585864871,63.96680141807285,75.92210227185973,87.79777582406597,89.00947623846581,80.64401407926047,38.23946907345493,49.79844277477175,61.448128855717215,64.08037927720304,53.931587340249656,40.98817230747961,6.91642253114806,4.383338544165552,6.448144007885346,7.319409706885811,7.3685994568133735,7.01107591284759,6.11387256540462,7.456820521480018,9.53220460798451,8.363262323122372,10.05093378027034,11.183181317678287
51900.0,gromacs_replicate_1,65.50223,5.635027855788898,5.839747901978499,24.35971,5.100767338839498,4.8520412121927246,5.45401,58.18619338887461,54.93184947083963,65.2864374645158,77.49536329207454,81.93110177100385,73.22116631047425,54.725986344910254,64.16762783291827,77.16810570518973,80.83531336967053,70.39489654155952,57.221159610283536,6.360493470831814,3.965481163746289,6.547334717664444,7.064066907489878,8.565942545191035,7.315086371492913,7.25152423007826,7.460373766302078,8.972790342473852,8.893147284573496,9.693898060093181,10.701575679688549
52000.0,gromacs_replicate_1,70.84232,5.482997806401178,5.600368891166279,31.69741,4.880600975240638,4.638449980453232,32.775185,48.12481715864364,42.59456649388319,52.02155742116071,64.48246306889389,71.01332740963639,64.67071419234752,29.91044426671177,44.022980345618585,50.65744980903322,43.91048687732224,30.173317544152887,20.953963853959944,6.871244767143412,4.722924572493339,6.753755987911542,7.829442535457427,7.391979438289045,6.51733990324118,6.160161964734397,7.498002378891545,9.256829354383209,8.42167715236165,9.933089789139146,11.412709352699267
52100.0,gromacs_replicate_1,54.572838,5.746397234027332,5.958338738570271,14.478012,5.402210194273947,5.004956510489825,5.2783127,70.5871326172897,68.57700725238256,78.72766909154652,89.71766708739058,85.6039678536788,85.25485999656048,45.82967176165742,57.609759330955995,66.61118706744276,61.54644462555032,48.773707208270864,40.54764301625436,7.01041204731021,4.352140740578256,6.682364988844861,7.060052909246332,7.718000884264061,6.691294942135313,7.195069116478396,7.534686096353757,9.554962107672015,8.82380608347926,10.10899974496136,11.118285520381209
52200.0,gromacs_replicate_1,73.797516,5.506943781718292,5.778456252749524,25.390602,5.679593697846275,5.623337268983727,6.520355,68.15845780621339,66.04352647540163,77.05602537807574,89.15465794409349,87.51471611279528,83.53428657296287,64.8440885997217,68.66549050658759,82.24888618594197,88.88339337144942,84.90294427544042,72.31608610821922,6.727331215658424,4.469819794212601,6.591142560396972,7.894695732060275,7.710393086035723,6.791690937394018,6.512645778095182,7.46357940648622,9.516710747587274,8.779708808887163,9.544087877136748,10.943086265657035
52300.0,gromacs_replicate_1,79.91707,5.599331773698175,5.862446272646248,29.394493,5.202197072068317,4.950538529217003,18.848267,61.115562496652146,56.98009235605963,66.60262485906085,78.78373386589779,84.49488019157843,77.14623992545758,37.75661853031021,50.63058288446835,61.3977250537508,59.737603213122775,47.538688234013875,36.1148998820388,6.80716442435995,4.610889205423575,6.643514026586873,7.285475071415388,7.380360429058134,6.920316715274799,6.667497598895483,7.665798992174834,9.900415206679794,8.197548941762607,9.764854904443704,11.458511446156622
52400.0,gromacs_replicate_1,65.405914,5.301332310338489,5.682718406430726,42.25119,5.36128330890876,5.158907448847505,1.2184753,65.78361158388132,64.37833506886808,75.6875193641074,86.27948745681049,88.50698068200435,79.89049765237073,55.251667444451044,61.02295782430678,76.5753043319919,82.93369946716916,74.86173707849397,62.67247782512262,6.32720862209065,4.047254524603335,6.34050527861226,7.148712689148433,7.375029924411357,6.768209403063236,6.307559421563957,7.314259609938834,9.555827211475624,8.600331710431469,9.641803205885683,11.13894186781375
52500.0,gromacs_replicate_1,67.75912,5.468734104856809,5.733413642646693,22.610664,5.277841347291328,4.916728903297971,26.265816,67.34201759608308,65.58182215825857,75.84942462722329,87.89998134917681,87.8835023551146,83.23900901174399,32.92889973627569,44.917846513534556,50.38095200264497,42.13996023950495,28.06954484714645,23.052883348420377,6.790041334280376,4.607671519719598,6.555430743188575,7.623815567399432,7.70669697546902,6.945218427290806,7.1899776730484435,7.828605118211039,9.086996356177218,8.064378850375471,9.345969165063947,10.93494779530737
52600.0,gromacs_replicate_1,66.10561,5.7698734172385056,5.985711403471312,16.609932,5.574628251045595,5.353553991950335,2.6223984,70.7805541451686,68.02228432629053,77.63492875518297,89.1111554795338,85.57825849237176,86.14366067858693,56.28899647222487,66.35849886842306,78.20446893070904,79.59579491507553,68.53989295872498,57.27033101904967,7.160512007233788,4.502377073399994,6.68887896774707,7.071301373782501,7.413800790081174,6.391088840151016,6.471724196793503,7.369058636261801,9.691979286936082,8.229397132112835,9.906707919659508,11.575646283493331
52700.0,gromacs_replicate_1,67.91467,5.316536787372942,5.636196395499706,35.816856,5.355859867101503,5.0626080071066735,11.427055,53.86766376024561,49.41916592410188,59.55699503150586,72.50754989966478,76.9842444504242,69.57803936033149,57.88000078714703,66.1888395218084,78.67589057099924,83.81739667829757,74.61006207172876,62.71823858513504,6.662660934820676,4.400839235804009,6.520929906904109,7.275937308551121,7.669265914663814,6.80880888447066,6.516906538718717,7.711368855170413,9.71488552643828,8.50079635915138,9.28608742676866,11.069440586038372
52800.0,gromacs_replicate_1,75.82674,5.1226368108223,5.440237435233851,33.322365,5.290767967660716,5.030132887820395,12.205177,58.994191842958834,54.07402190410612,64.7859409730737,78.06343746259375,83.54992159831887,76.40590322018352,42.02728855205295,51.26662773577829,65.25578371495388,68.32739066282831,57.77667730570936,45.14644468830235,7.035253388929818,4.650036261363086,6.716657559337254,7.727068260432476,7.693823408547718,6.687655716209482,6.572191683095784,7.575646602089356,9.771672108408303,8.102204398485675,9.46157644602889,11.210668521072815
52900.0,gromacs_replicate_1,72.933205,5.896956186362184,5.977002635755801,15.899101,5.3414929643165285,5.23570325981703,4.888649,63.66626924411461,56.991777931653445,64.32307798891044,75.75184846434811,83.94749151362282,79.36898624836316,59.83713613187916,65.29777245188775,78.33727391153793,87.0707692315557,81.14232221737745,67.30094904013767,6.460069307337232,4.302282513209257,6.439557818228293,7.496659166374956,7.3294093406464,6.450130463280735,6.138300790577038,7.2943836915942315,9.177581562542917,8.77957142532787,9.897278950386152,11.137030254530728
53000.0,gromacs_replicate_1,72.82732,5.912251373841155,6.237677826332659,46.8676,5.319649612858261,4.726271884817611,14.915588,70.30988335790417,66.8940260047217,75.7601538812385,85.09054698796457,88.19296484123409,83.2689144344659,32.86968784112421,44.67939840116376,49.79208467677424,43.6411775335585,32.63973953952908,26.130951251142868,6.671846310438923,4.4318532809562505,6.550446643639277,7.344858563700406,7.096297827426186,6.727725104070465,6.110308375203727,7.419598070545743,9.68151154348968,7.736900076306772,9.971070019147579,11.353369274859206
53100.0,gromacs_replicate_1,69.69178,5.952230747165294,6.302616361680264,39.41658,5.199827948977863,5.027980405072396,10.581154,59.17013334254667,54.17571352869366,63.20796017519421,74.2700824375076,78.90486444795998,72.99507122231832,61.383280158844755,67.16141843420381,81.44410284901574,89.08076341740136,80.7155971927702,67.8440467183871,7.316856777340313,4.714287667045231,6.806758858205145,7.429647663890021,7.418984189465883,6.524323121880095,6.345782619025345,7.229554319654219,9.395483720225297,8.532599647862659,9.950090350456387,11.225396991770475
53200.0,gromacs_replicate_1,75.03137,5.9983696569486815,6.1804251388782125,28.730186,4.99962665890407,4.821959513498974,12.388245,76.69225687419653,68.9116400019462,76.51192342932025,87.33635974478857,86.25903272408378,89.92813978562286,43.725432151601275,54.677120967783466,69.07083549825295,73.33320059256262,62.049102313728966,48.93772523599007,7.3426874776472975,5.1106810991454745,7.176175797576212,7.932421886466822,7.116879997621517,6.748904821504597,6.390755303592636,7.452826077469364,9.641588173101093,8.071565064085759,9.85285587991348,11.90643162702974
53300.0,gromacs_replicate_1,71.29939,6.789119653927224,6.106167307362531,15.706032,5.344857267310365,5.2098868140403605,35.29271,46.2312946180888,44.64076352353399,35.76313299151083,28.28731202998655,30.405445012971697,39.20996519578919,39.71019537229372,50.81363119752848,51.38989107692213,39.5135164596717,26.266554662313553,26.9228512662736,6.879812251825599,4.348841431440971,6.812701006564743,7.532798791443596,7.184925738326122,6.410355501553686,6.031297252983197,7.227834235853794,8.969221839453066,8.288756072504768,9.8760096641023,11.161579635884829
53400.0,gromacs_replicate_1,62.88837,7.034370623895121,6.688207353048696,11.567047,5.14334571271797,5.199816285412999,7.0487595,78.95743598462073,82.01459912385484,74.77952706985566,65.74979144240395,62.901368361827316,68.73691624332726,68.59936716928817,75.91095768022944,88.22540687743303,80.85512962304307,89.96231986653181,76.05625981095218,7.330911361197147,4.471389365147464,6.651373391091264,7.2597384690587985,7.123585938323443,6.366452484814617,6.134334882777425,7.29438083419007,9.66830095741124,8.593273812449144,10.769475319351592,12.097334859861727
53500.0,gromacs_replicate_1,75.6987,5.216201859209219,5.497037534863366,30.826561,5.45538193370381,5.091808744831699,8.904686,59.369049595918106,53.73229562877334,62.86939787928814,75.69000641823337,82.7406031479757,76.23330622257775,41.8205042737472,51.907070926260495,63.81010017172436,65.97219832982059,56.017742606641086,44.09238748531985,6.300157848281344,4.430037703281001,6.470813655892276,7.587874738521966,7.494268032748134,6.858460502139574,6.623327531435443,7.632237095675681,9.995668924361823,8.101000759705936,9.94514759359222,11.675214164399566
53600.0,gromacs_replicate_1,60.226925,5.202295255114912,5.012954927123961,13.329208,5.740810280868634,5.130658130282878,3.971733,89.73470889569607,87.78407443483721,73.83046402365275,64.68165249768005,67.35102007894248,78.71137000856235,44.222178370069976,53.92971035297738,55.182027718375835,45.51323679998226,35.17421656193155,34.59785325449542,7.262456859894868,4.856654876130506,6.8392214822041595,7.647894318250917,6.729271197295127,6.47077129093347,6.370111515004157,7.42454687115352,9.278349004350112,7.985844156503596,9.644729431510942,11.170452290991712
53700.0,gromacs_replicate_1,67.39014,5.503948681365621,5.631958087579843,20.251831,5.2690146527965185,4.907197765943051,10.748703,79.90615353904376,74.02725157420615,81.8192518266565,85.32675800508045,79.12187241588826,84.26854332544849,41.8039804754284,54.05514371979872,64.3158403379864,61.01804465571796,48.86982020088417,38.4115137958893,6.770292863115081,4.307334672693996,6.3672337013903,7.391600576385505,7.493470167508261,6.768708191422895,6.769703666790891,7.454360893582498,9.425928084798565,8.552343197688359,9.728918315415669,10.642230713754751
53800.0,gromacs_replicate_1,65.119095,4.866238978000712,5.197418493377245,28.719177,5.761345945596038,5.355898301648941,2.189392,63.92060122223564,61.270679406684756,73.61018680793103,86.84503939852551,89.58757721305638,80.06123720060634,49.70866720511895,56.600283510953886,68.94704958684976,73.31768673200041,64.98873363548877,53.58432199612452,6.885412732561317,4.252293111762426,6.5198695307212065,7.335652558107664,7.753079554267485,6.710344588554683,6.548406695300013,7.532112975949386,9.82579581550831,8.42794770401876,9.272677872153892,11.145677514800306
53900.0,gromacs_replicate_1,81.40139,6.969235520949036,6.349328184557312,11.118317,4.818455464971468,4.74010841673448,20.040634,58.770675340933714,66.76663644319535,63.38224570991637,54.721813888800924,48.528635162876455,49.86244640797536,43.411213278476616,59.136990517466494,71.6090090206964,69.81767567856224,56.807587445443026,43.90315415100544,7.4032293826075,4.803964017756897,6.922479682112902,7.172422665424222,6.825781212887947,6.527900313709933,6.109769520161674,7.585440606616483,9.772036988809734,8.093706908229276,10.881511230692828,11.92623352344288
54000.0,gromacs_replicate_1,78.558,5.845857582507185,6.0721106255509225,31.9413,4.996984243182522,5.073237405510847,1.2900696,62.4980075089531,56.837023013357644,64.77932672866088,76.02574297610391,82.46300981692109,78.33956696762034,66.19793382160884,73.02424361451097,89.36299990854391,82.99232358263902,88.5580959440483,74.60887992599645,7.135061279559673,4.338330423714807,6.8375378346569775,7.523455700085349,7.529786325861358,6.823776760457521,6.6287015077131946,7.559339174757654,9.915495876533873,8.175439524129196,9.943072349295651,11.650101969840945
54100.0,gromacs_replicate_1,72.74455,5.36421647538738,5.714256682736458,32.657635,5.405476200579504,5.344554484656989,8.01123,59.499473178467774,59.00398725044823,70.54352036841917,82.2739742950096,84.98671168252629,74.41100175243334,64.3146045489241,70.14758255818055,84.40420235553219,87.60979476681314,83.94127076298584,70.44284796682726,6.699888988425833,4.499874053371056,6.489391160544151,7.650160445109187,7.722107398626966,6.4355751062068975,6.275038272379897,7.055303887380408,9.637033671447814,8.689286910257003,9.872588398457491,11.26512616225718
54200.0,gromacs_replicate_1,71.98505,6.5665834687761935,6.252758578331584,7.141243,5.710401551579731,5.45589280488692,31.105774,63.746142207080986,70.84051621212629,66.42883834288818,56.27542509554389,48.859395844008596,51.53038405732548,36.40844032187719,48.19396460784615,52.810982647811144,45.03193027247745,31.62345400157003,26.72916914737477,6.828749028009827,4.476598368095731,6.720028153947378,7.715801801621206,7.618277894416,6.506699800056732,6.489994025658326,7.473857562127396,9.783595792287544,8.390210007457624,10.260454510890261,11.410177047936005
54300.0,gromacs_replicate_1,74.66519,6.463720236333919,6.237685489006847,8.877266,5.03507098871452,4.764254974355638,28.75169,80.07290152047958,87.1252256063686,81.75477053087688,71.32541159795142,64.52148488895129,67.17446176386788,28.135512028768147,41.62052427533155,52.42192257735248,51.657116365681695,39.39540751178389,26.450554333940442,6.906457663895802,4.838879747685969,6.481633048670691,7.788972981528637,7.380673715481671,6.597410644412308,6.506922929001963,7.409017919043299,9.904702560460615,7.772282930504901,10.763858745256396,12.26474719137344
54400.0,gromacs_replicate_1,61.862167,8.784954791248303,8.35209740109868,35.020752,5.854533174610124,5.522531656751395,7.1893997,35.33476079420182,38.95550213602656,35.0877562070124,26.687706577683528,22.198493507525267,27.63874978798982,56.100200596816244,63.51758239252041,76.35805662580906,79.88872313612623,71.40893086399049,60.5145797141909,6.719211942251028,4.613054945712908,6.912778277825333,7.6273189876013,6.38321084979869,6.124703649913902,6.3194071724592655,7.36798149082938,11.154864590781578,8.309551881046618,12.10382972842635,13.330852686444933
54500.0,gromacs_replicate_1,75.99816,5.799765785293652,5.9068824244158495,22.52069,5.643252883314815,5.312846049572016,18.328629,81.07424377427633,74.63971017193956,81.85755508075961,86.2515153707137,80.25210299369537,84.40349568069401,40.19352241164087,51.72242654492083,59.002925343446414,54.81186778967402,41.41995793716802,33.59887507995873,6.960246141449303,4.875787651354465,6.933067416991074,8.007504626917864,7.827693381714772,7.356970586903531,7.768094854320256,8.730083510657181,9.538853958280216,7.788513298203503,9.708845622023148,11.409393654225397
54600.0,gromacs_replicate_1,62.626774,5.960465089488223,5.327160215169232,9.033684,5.109226066715676,4.555187189239102,16.36673,52.04062497375124,54.562540479377596,48.3885471550357,37.444232108018035,33.97100784475244,42.282110659334805,30.45661844372167,41.857919796151,46.364765470400684,37.9944422105834,25.400954298513405,21.795831473963496,7.049563977887418,5.268742386045207,7.703060818807127,8.241286993014569,7.201325774350559,7.23762301738153,7.064899940005751,8.440231773884282,9.221844895774858,7.63010242533073,9.788049010125091,11.368075093682773
54700.0,gromacs_replicate_1,55.786617,5.777427460632375,5.820559731373815,19.38012,5.902401842480138,5.680299862804737,19.79129,85.23204129762262,78.10231924821635,85.73545493527608,82.53937240694059,76.19435190914795,81.4379603761349,66.23234582302472,69.9954168871836,81.9444563626629,89.91085468590785,83.08189971793486,72.65348299611031,6.585933166824305,4.238436032308842,6.966823774360488,7.804833831294703,7.985472461526658,7.080935293575186,7.967028533296439,8.503247270331887,9.914518172350334,8.182733179324048,9.629857621752986,11.665422026640075
54800.0,gromacs_replicate_1,65.890915,6.094327269751722,6.183124773539638,13.614807,5.244944290546763,5.294117928608032,3.6998062,82.14656847136297,77.92348851833071,86.33162128731881,81.91668396064489,76.95260719796717,83.63923442008677,64.80102486188792,73.85774065885425,88.6875394840804,85.42743919396024,84.12322025738916,70.93910023984148,7.08843148476992,4.589281775020214,6.923770854914223,7.735261768845488,7.378632036314813,6.518266954753873,6.520173398057399,7.79992232573375,9.907749917373067,8.852571955669443,10.434976647857034,11.736408687859234
54900.0,gromacs_replicate_1,67.6424,6.338880924393226,5.898466808978387,2.4706573,5.118650619946772,4.705056385631068,19.683723,60.797560231691406,72.50213363540144,71.25550045827877,61.993342172423795,52.07422532807168,50.73744021598601,27.933459480168263,38.16462109429665,50.48264214384847,54.352699006461044,45.53676636007056,32.519930920085685,6.663430713354436,4.772309155277407,7.007559630249776,8.122042222986849,7.227080303151638,6.736103378810433,7.353101488729292,8.86060228888946,9.59043454322896,7.57796231927544,10.140897659229063,11.29062037594506
55000.0,gromacs_replicate_1,68.268326,7.555356524483682,6.831376703130622,11.7925415,5.145717942614058,5.091471277360841,19.915611,63.43613709663075,65.80126596809767,60.934160456497686,53.247077996958126,50.6557684817146,55.17897152486646,78.94016096321637,72.99830120511916,56.33809226977991,48.97048069958703,57.02588707728414,70.52113546132395,6.9395353739396795,4.52833699728109,6.785333481428842,7.533944707821572,7.046982319805062,6.759693438341227,6.465040111494036,7.8895103995048546,10.202077479511903,8.202399846547115,10.633071800973203,12.412909902610703
55100.0,gromacs_replicate_1,56.77089,5.721219907305742,5.49662063135632,6.881836,5.743069938071326,5.129958038480948,4.2014313,78.4410314576475,86.8851831307145,80.70526381703101,68.63991377461014,61.594112591337144,65.64825151975444,36.30555361372404,43.244455400795246,53.23984396567775,57.585247760831315,50.11284564627195,39.98377008827552,6.865907926569195,4.630930967587817,6.9694063029482765,7.8864997267666,6.956374544164581,7.047279396895304,6.985929427306134,8.83523460289264,10.1998034331086,7.660029859660047,9.753835015489635,12.036694019304003
55200.0,gromacs_replicate_1,55.18312,5.988722577404179,5.7698311111015155,17.208519,5.345233802735453,5.734874313244973,37.53061,65.22903021047331,62.39582429044175,50.68513641070349,41.797516841897234,44.04966312381994,56.481363420744195,89.17286469988737,88.82864756223665,79.59716614906075,67.3300161036402,69.91974381464495,82.327576412224,6.40141438958715,4.48558211575212,6.476347839976757,7.561995196668575,7.471400296317321,6.795291162304204,6.985236606819273,8.275861423762429,9.332417711559323,8.445773038365497,10.12677775905812,12.119152912911904
55300.0,gromacs_replicate_1,75.33674,5.670321588885982,5.9188843047136865,28.931908,5.5082797384361495,5.300399341719581,1.8111954,69.31061276406821,61.44325371359169,68.43646002329402,80.30845984761845,87.42240906615432,84.06212299121745,54.07226557915855,56.86510976843783,69.6290549182949,80.14878574105043,75.73486450404228,63.35172227365943,6.365406397706715,4.489866837204845,7.108352419003513,7.881647504676625,7.620679750322815,7.098907828043808,7.324234128991128,8.642261686465945,9.590893008925814,7.934360826254098,10.012200852078347,11.368562530730042
55400.0,gromacs_replicate_1,65.84,6.750130233182578,6.352692283936057,5.94326,5.50307155993373,5.707741752461628,47.14886,63.607268342189414,68.30309099364105,61.705520023320844,51.378424149947115,47.09622865465914,52.40601891162961,63.40033662988959,60.80378806534423,46.66405475489481,35.31470630109746,42.65645501567415,54.95033903715931,7.345186340895737,4.958091879683551,7.412608783501781,7.835518135622241,7.008867741455021,6.537424685354579,6.284837370693661,7.53717164233592,9.770967033727104,8.28232422661951,10.544056959651998,11.765809779003717
55500.0,gromacs_replicate_1,67.09357,5.93581604852677,5.68851316458836,16.67479,5.674929242341437,5.015232180905108,1.231842,82.72469090671034,89.6263925325655,84.403587739927,73.21763777020017,66.88656691764818,71.47204359236092,37.12456434080223,46.814099677752004,55.02538900971692,54.14384553148178,44.536936195355445,36.89028224819066,7.0393912265636756,5.046180116590688,7.198785854436905,8.028021697279351,7.0719521585719,6.307088356810594,6.674932805871808,7.342259221451361,9.776823759730275,7.763663879222545,10.201977212869235,12.745131418680938
55600.0,gromacs_replicate_1,67.44855,5.495573991134931,5.638103326490009,25.625084,5.542141993647436,5.248903870512269,2.1163864,61.81798386626432,53.33322503080284,60.02056460372078,71.99185136519777,80.9694444780233,77.89263053666973,50.32253055833261,59.142378399829866,71.96202459426416,74.94531697877933,64.90521692500461,53.19129405014997,7.119512731518736,4.682715833137599,6.820654873705072,7.207130687684371,7.345682515216535,6.430874525942704,6.074445351711319,7.35107733532229,9.696130014638669,8.016705589670526,9.686615376342559,11.820343362104882
55700.0,gromacs_replicate_1,60.036102,5.465454953224017,5.767702198395182,28.933578,5.6289797147169205,5.164094025500369,1.2380219,68.15780360551199,65.67236313822173,76.65385508504833,88.27921339774385,88.04490271824992,83.32078059226221,43.94677380993495,51.27855377949268,63.40693209909876,67.38117955775282,59.548842132975096,48.2114374834578,6.724809485764776,4.431110505209225,6.38052815923704,7.3735698824560085,7.726819167648768,6.2798681143766855,6.840032516939837,7.643564998056542,9.222136814044159,8.278448098657112,9.730994537121804,11.55238590867295
55800.0,gromacs_replicate_1,65.17504,5.037519751644942,5.404860988182631,38.07216,5.37359223071982,4.969077878683354,2.2706451,64.91344582069947,64.69640847308402,77.65526201348365,88.22918190374904,89.35063824809106,79.97771380772964,49.30386927187921,58.19601481307329,71.5533474470013,74.10844175653844,64.45732929277312,52.67478042259609,7.1234525819099765,4.692015684099813,6.790928151139613,7.509269286627783,7.408521531595293,6.73064300056983,6.583895128054999,7.497880111939693,9.487783699879042,7.967566367263468,9.99670189743788,11.271954099408262
55900.0,gromacs_replicate_1,70.74051,5.3573462218813495,5.642161769458395,30.79795,5.540336925853027,5.140818661073626,14.08577,69.32557606900488,68.60341629200516,79.46369157131281,89.16699425629758,86.71658448119106,84.12087386956138,36.48439562021511,47.23634925581001,58.336510435733935,59.38384178794229,48.80065604035709,37.71671355689372,6.944087295110434,4.684322353794073,6.993247823105917,7.35823876189723,7.1025020265942205,6.475869545543254,6.542018646401293,7.350297136634205,9.628083423173925,8.003929330036264,9.683174027738842,11.995487018299391
56000.0,gromacs_replicate_1,62.69691,5.1753042029950915,5.548239384205614,35.743965,5.343323181425381,4.805939987292284,6.2326355,59.62125392742906,57.58862834195179,69.89566194552313,81.6663908023826,84.70069427769755,75.00709633399805,36.67437870671994,46.52493117306678,57.59661626242859,57.76022988528588,47.900186450395765,37.68443888349022,6.857578268833967,4.820164023182354,7.109325450537733,8.132531752880439,7.72803328239931,6.975183994131168,6.8392397479702,7.656621973630387,9.802974615970076,8.197117025072531,9.715487238284556,11.908310151698005
56100.0,gromacs_replicate_1,71.94049,5.320699907869193,5.705170210578463,39.404663,5.674126122305349,5.368118192572967,7.862999,59.5415863176351,56.786843391215996,67.585543862229,79.41291917003154,83.207440900376,75.46673444908954,44.877045171670005,51.71275130175334,64.63586209638441,70.54218415138293,64.055465548893,51.98759828360288,6.908133843600753,4.8266939813529905,6.960895820363139,7.761275474251608,7.787236992884425,6.551583942011897,6.974879700169427,7.549425072456135,9.72501236558262,8.962678086308859,9.59078467474148,11.401086489042587
56200.0,gromacs_replicate_1,69.932365,6.265052239086341,6.345311891842965,3.6197052,4.492337257515027,4.859263660748227,33.348145,85.77786663671243,84.33361989575636,86.76945029362747,76.01957472335685,72.29723848673706,80.13029321301698,84.52886379906958,75.59173524086283,59.19166584817789,48.952756113630535,60.6676086420672,77.35227850188332,6.707810218658332,4.514630995168098,6.8931198931973,7.520706995410353,7.614082998738271,6.334165712155525,6.579268395251305,7.303449256295033,9.227807853436397,8.695758597938363,9.742570689000164,11.332205846002323
56300.0,gromacs_replicate_1,66.23449,5.407078170853142,5.694833104895897,40.49565,4.931301687809306,4.12893853018451,9.138649,71.5250791695884,69.1309253195264,79.76386479709626,89.90140425626286,86.39812242156877,85.01258123942046,24.702824524002,33.96463624319582,37.44904903476231,34.66536507837328,23.978580988691604,18.53609619567614,6.81420595055425,4.775088403071371,6.41671038896163,7.827942077501377,7.449717008702473,6.722409601143529,6.88110869740714,7.843152234677604,8.785827868596531,7.601293009651344,9.196876932635496,10.982056336453548
56400.0,gromacs_replicate_1,72.84052,5.31885874466695,5.584493973129488,25.177391,5.224699819327945,4.893044119208221,4.5423203,64.40214170337919,58.96259903568874,68.8885060715381,81.76729925153461,87.89673092366174,80.32561617248913,45.918634623396166,55.19493106046871,67.97763262619581,70.96442217551815,60.47759424871539,47.733754749518525,6.6239843246494345,4.239794017770358,6.84818625319098,7.509953113107571,7.583286744014685,6.895603055421022,6.748351216007006,7.481588459537753,9.795057385289716,8.619191688036345,9.552758857937514,11.217501612755516
56500.0,gromacs_replicate_1,81.60114,5.78813727383926,5.9956953841499585,25.634453,4.991320514237313,4.97256359565776,9.767586,64.35616887242908,60.41533248299982,69.54251651178356,80.70494889559012,86.68440755507531,79.62696154447734,53.75402194105061,67.43296392233172,79.18211187051982,78.19953570470115,63.2683857649858,51.514125405168095,6.471485301042184,4.154299889175509,6.185694432461466,6.917135281793859,7.950276374505571,6.7369373488750295,6.858649178269538,6.88178328824073,9.472826331352765,8.47621046587653,9.865425535850028,11.437636516422392
56600.0,gromacs_replicate_1,62.27135,5.968112315632508,6.081252943810486,6.8662643,4.8802713640811355,4.7504363031262,13.94706,70.73486514931044,65.88275665819715,73.28661575245808,85.0849101116605,87.89062202963336,86.1374262484949,45.23208925125068,58.82377160565376,70.78039962284788,70.03714171963476,56.09022240400298,43.13697411391321,6.782724516295446,4.431033364182152,6.429795707969907,7.103660652982712,7.796216747608795,6.919713309635802,6.414766009481713,7.115744510838566,9.506915137592383,8.411785038699431,9.962819671543715,10.71063221600211
56700.0,gromacs_replicate_1,76.19641,5.605043670519887,5.8094832970948245,21.996208,5.298364118977936,5.232599156958463,4.174515,74.49926944183726,70.01100520400469,79.03746723651719,89.05887618969516,83.12000315992721,89.82320092160053,61.58776906773165,69.01228077964223,84.31178679141001,89.42140846113935,80.9825121032902,67.70515112375503,6.257958125747979,4.255295382174324,6.470683817117481,7.38402184642325,8.404618539425178,6.885693280171779,7.4859663768105404,7.200846713257186,9.561194748858712,8.332657978191833,9.42024388109361,10.876548081889098
56800.0,gromacs_replicate_1,65.88791,5.920695253277619,6.125812857723906,19.49308,5.359340215914393,4.937686242925818,15.029442,73.55101678447495,67.05971521847539,74.19508686000275,86.4492694483392,86.28676644694256,87.98740480268131,36.575132105773505,49.489264988375076,57.279974747359276,52.53291454017218,39.69276273018622,31.988808509824704,6.717198580366631,4.3834308139028915,7.141681197004912,7.909697035463344,7.459461629584974,6.882496293200444,7.35911675587325,7.4337110558152855,9.682275056377545,8.343964880075568,9.861672008101525,11.259546058409182
56900.0,gromacs_replicate_1,81.28009,6.325321902718331,6.384052280399546,25.650276,4.7649761109382,4.783659215600428,22.151466,58.742596706600494,53.42111449887882,61.1122268410118,71.59513278191339,78.31468014069802,73.21552282142818,44.30668555058224,58.66768050229501,72.12211537511371,71.48994562922205,58.043600425901616,44.00450487407534,6.630818327364895,4.216160352044708,6.520168729728499,7.3821451321192795,7.833676092661629,6.648873916442987,6.313136884867015,7.026646073981097,9.64669695844074,8.523036575743209,9.684015789454858,11.596475351479198
57000.0,gromacs_replicate_1,68.16448,5.453575182684073,5.6999196706169615,32.352043,5.236700762972337,5.011129422181588,22.29203,58.76703680036865,52.71110235096276,62.108485680661865,73.85113979561575,80.49456394949286,74.38981746247606,45.7230045594289,56.9721382425102,56.9904813419604,44.58568296227122,32.02046715499196,33.71875808791948,6.8212701308556,4.6069085858856145,7.000156619772046,7.448624700683752,7.184301684995026,6.631050198459239,6.570195035748738,7.319648346795532,9.325475246250571,8.259452787348684,9.488367485005018,11.441780242275831
57100.0,gromacs_replicate_1,64.43288,5.726754916027987,5.983098453756022,27.579803,5.52493279661181,5.131420740232927,6.335861,72.89437934339655,67.91153407859393,77.58054938858982,89.31453428121853,85.98570372990022,87.1232746144826,44.234903940954524,55.92206242787164,65.0111662065606,63.88736197903406,51.84203925098132,42.514933749027676,7.0574222445357595,4.719855838752221,7.233043498967953,7.754749327245106,7.26861531644227,6.692518920183156,5.919446621432733,7.0383958834984846,9.705516316917606,8.175614480271745,10.036086722431069,11.17073507294013
57200.0,gromacs_replicate_1,71.85303,6.60591785289448,6.676411936673223,1.9105072,4.82960114713087,5.156931839300399,38.659195,73.30735100509803,68.89558505885032,75.60751325409254,86.17348154152432,86.63407142570556,87.80960551466559,52.79774529610757,66.90121293629743,72.54870416333995,64.20156039078417,45.58537488027675,40.536583042503445,6.982694606447951,4.472303299674441,6.523864184698817,6.8967797693940645,7.893098260804993,7.019106375812075,6.1834888249960525,7.098631411180663,9.156335328831002,8.871865554419776,10.29124435852099,11.136300374641326
57300.0,gromacs_replicate_1,66.85319,6.2649641383072705,6.42099418485053,6.8278046,5.639127153264013,5.2681500442719305,8.517021,74.73184822155152,71.41376533365327,80.12489377233281,88.96960776608302,83.63281747795156,88.83486108772581,43.398983480155316,54.68110490393475,64.59504803086553,63.83756024278064,52.72164099393579,42.76210290242663,6.543663484852278,4.201767410505439,6.779778499331399,7.66113745604718,7.2834557859318805,6.448531219905077,6.287830497391545,7.239213682306795,10.049414181600458,8.21755915451123,10.425740938185207,11.407842456682031
57400.0,gromacs_replicate_1,73.78141,5.579268992797565,5.7339448245922835,22.038383,5.089052473313787,4.97738289507364,19.8321,60.01102507790149,55.259720612880685,64.62513832790474,76.90808909904625,83.39278194089911,76.70115896242281,43.162604990956595,56.194331990670676,67.30969940981052,66.33927324431218,52.69689599171995,40.139695860607674,6.5646304408720155,4.32989274177703,6.439462071147886,7.050157718405141,7.785106901785483,6.627311975952479,6.76885178289275,6.9145185695329285,9.355553450897984,8.786217121036797,9.934684401110513,10.68938066123181
57500.0,gromacs_replicate_1,64.890594,5.763208805976969,6.049048971665979,28.147255,5.529798290965568,5.3527534177320195,3.127121,67.77579737101954,62.86587486004223,71.27230491013705,83.37791607956211,88.92712595013718,83.06049462224011,57.4151665474132,65.45382730682843,79.20548523692027,84.69487021905013,75.23576544549196,62.6545189478687,6.640690568527972,4.3425562965565305,6.528542545386025,7.394391977771202,7.311083210403209,6.715229050379531,6.315454924259955,7.327505237658148,9.913276284260606,8.594057374512978,10.098554689850133,11.207926387031298
57600.0,gromacs_replicate_1,74.42247,5.5245700744207795,5.718550466178175,22.299652,5.469986560510837,5.198721380954891,11.238564,59.4289719204879,56.6737891328562,67.40819703318216,79.46590265300459,84.29641977814595,75.0025859578819,43.71956266543942,54.54259662961435,66.29813653719329,67.6820096584792,56.927625093472685,44.91119100447706,6.46404781970866,4.219030828127603,6.69381950639721,7.734747537646934,7.698323255204963,6.4146785942565705,6.532102324143048,7.585149340817073,9.633596248075586,8.898173434940484,9.92921273121512,10.803101137395892
57700.0,gromacs_replicate_1,57.618626,6.069945665902682,6.2331885064847725,25.31668,5.482288915210317,4.890648054512385,13.334366,78.16617080100056,73.62211166826232,81.48076677470263,87.55248000526308,81.9988547386075,89.11430184654645,34.731693555802394,45.638205147836494,49.43099990296031,41.5687308440783,29.49390670995809,26.76877257448544,6.74027035724588,4.627899938558404,6.759506077237587,7.712025543427461,7.479110333800795,6.647564121887454,6.424080334212661,6.975005933568333,9.411186627464778,8.39936066156302,9.723224734465406,10.793760666344925
57800.0,gromacs_replicate_1,63.095398,5.579537515538865,5.864570545709487,23.755554,5.904258207387178,5.473601054692783,7.2391586,67.71635168266539,64.18146371284224,74.92593534711601,87.19049532097141,88.52397056009819,82.49765697036916,41.1504784140677,49.58556468732123,60.448790554157064,64.96981607743652,56.34470676018162,45.313187381300814,6.441926891947743,4.394229550117409,6.6563092475305625,7.497616015324636,7.379828172654252,6.613627401266964,6.780654185559721,7.539460586067209,9.904164016011807,8.826755273608917,9.566067945866108,10.819631540276573
57900.0,gromacs_replicate_1,76.359505,6.302813326579351,6.458105612618486,27.57196,5.256445336898941,4.965004053143268,21.210457,77.73782532820282,73.6908661432439,81.12754199618117,88.31283301797697,83.30763409531926,89.25385406331485,39.92113512633019,52.543572314291964,57.59444973497699,48.70856654643631,35.26093371845086,30.641513569678054,6.640453532761126,4.248975152346439,6.580428528261973,7.614369837592903,7.246670641557268,6.431671595232994,6.644971647266298,7.264747580057749,9.721300896873714,8.095321226817033,10.100188668996209,11.506853254256175
58000.0,gromacs_replicate_1,80.353096,5.4183135356734935,5.802019483271093,40.825775,5.182377024579469,5.152063216015098,17.888458,60.49235385530044,62.7771582317058,73.76551163187291,83.32879669896802,84.69401974661233,73.82415885061697,46.77976291952969,58.34878332580224,71.98368639380448,73.77614124320118,62.712711177024154,48.847931258281854,6.620068892313918,4.365120482384048,6.356966353462648,7.636839734697964,7.509376698269755,6.551517461441428,6.165581670857981,7.215016418195537,9.508229619726228,8.708515153495721,10.007261261024928,11.724524998489935
58100.0,gromacs_replicate_1,67.302864,5.670148616207083,6.029923591194995,40.668915,5.108782698128174,4.471629487949099,14.792503,67.11412136792855,64.52130225831687,74.4487616339686,84.34542750266627,88.37545068972581,81.03991922017656,31.638223051304063,43.02688367793726,48.417431714461685,43.39931263414521,31.03615514424268,24.111455103551375,6.901306637115765,4.754402843977127,6.84512963178001,7.715971983882026,7.287883712083831,6.678914460816607,6.616356307364932,7.422396180131516,9.595173426813357,8.039766556000862,9.979329299892656,11.231624850743676
58200.0,gromacs_replicate_1,66.96025,6.141785021544862,6.423002237277293,30.536282,4.925231546970759,5.139030693680178,24.300056,65.66843560919602,62.939251015205016,72.50628205458119,82.92555889386703,86.36598748252906,78.89194423280074,81.94745299908118,86.06977780142174,78.79233747600159,68.75772124944174,76.04138154824291,89.57308303340504,7.041571493130869,4.781565324746943,6.982780673968971,7.846102705947894,7.1981925336874815,6.6675131713427565,6.98757668626016,7.373606517349998,9.655927040236383,8.353240199558554,9.708226986504577,10.958064038451148
58300.0,gromacs_replicate_1,72.12065,5.454501032343002,5.668429308428606,18.700516,5.290167590781366,5.1193533935524895,0.38079834,67.42186494788915,63.43101765786414,72.8375094820916,86.0120445770952,88.32173517417591,83.73821642054675,54.15400383216795,64.27554583830857,76.90125971944563,81.07811735659668,69.64179536722119,57.49960738040523,6.5792289183986465,4.560904826627369,6.921730910473066,7.851828145891791,7.47770155636444,6.828857042084208,6.896136259711511,7.472244805231623,9.204821078492678,8.123835107388073,9.60331570647634,11.149512077090453
58400.0,gromacs_replicate_1,67.64019,5.9522709961504,6.112383182515565,5.524025,5.3539716421922385,5.098309542253195,17.374763,79.31609338121736,75.76070693831858,84.58935939564213,83.4741444881379,77.99070599331392,85.82800172747001,40.521012828226254,53.16408868551178,62.4706964824742,58.88275908856623,45.12154003105672,35.85244373009093,6.64963635917785,4.272662843176255,6.763609244358436,6.8298250147190185,7.649306038514446,6.469730544078452,6.936768233294106,7.353262292637151,9.88664504637977,8.479398867059402,10.177569263160198,11.587328911904377
58500.0,gromacs_replicate_1,63.0075,5.156333290809962,5.47926909922706,26.631157,5.4871623231885245,5.133910820130201,5.9336014,62.56354512971679,63.62667843803688,76.88495136080827,88.19842402495297,89.56071877828467,77.37072677356966,53.42204223126198,61.70120995327886,74.66247087076044,77.7255080597479,67.86302023815384,56.571796369152786,6.185625038484654,4.342161185522688,6.534817732766735,7.220831229081392,7.908360760682343,6.55777132325612,6.331015158342947,6.993185608258811,9.323573353503397,8.67987395225767,9.592666566708681,11.066803626354687
58600.0,gromacs_replicate_1,75.98608,5.210070116122358,5.523782686364462,30.358719,5.257759495910413,5.207668176103488,2.2043152,65.29022277266233,63.00177168370214,74.5569934807137,86.34923033291898,89.65784226859803,81.27733222997193,58.52496698808934,66.5049672873412,82.16075639574493,87.12171738631731,77.44466506532623,63.69431029617252,6.151552869643263,3.8994134933699347,6.519742870728218,7.304350079945469,7.7385470751658305,6.627091695643822,6.4679656021452745,7.2592636449016545,9.60046741815618,8.621119358498806,9.9006811369085,11.320747123789051
58700.0,gromacs_replicate_1,69.16363,5.217696299206393,5.581113317027147,34.855232,5.642218496612813,5.34782243067999,3.9394608,62.931643678557,57.73653080967761,68.5524205475194,80.75771348313071,85.840994044306,78.32812831129944,54.590968057696365,60.11422525988075,72.78406757641399,79.99280737899674,73.09650120218576,60.8432493864348,6.543082194422164,4.422146234728764,6.613979906486188,7.5302918758183255,7.571816984613342,6.62418038910105,6.006339327606517,7.330426916018618,9.340906759209876,8.798772030789724,9.387673399777446,10.958679922082599
58800.0,gromacs_replicate_1,69.364746,5.413626577834503,5.783358451254158,39.437546,5.7678391664924655,5.0536470291694355,7.142868,66.9415689133954,61.12566543531563,70.28468223608594,82.00982511124752,87.70345272566851,81.65758688763005,41.45226465791115,48.03517242492068,58.039653234864296,59.25348920357641,50.68819151979769,42.7176731738375,6.976799803211097,4.820804513657847,6.6334226692719795,7.830523027474172,7.424924939772222,6.82546346701008,6.446694739221503,7.576953010814701,9.830753068478053,7.632008465118222,9.444313624720383,10.85029552643337
58900.0,gromacs_replicate_1,80.65558,5.97002868741579,6.1191117540987445,30.018913,5.162052526628638,5.210972825979961,2.539978,77.41657177350058,74.9904816441433,84.01744691368772,86.23217363293028,82.0680872999077,89.70758040897225,65.48939877961166,73.57699231273186,89.1272921024957,84.15523046677534,87.47043204905955,73.687916296435,6.712725530234903,4.47241391069441,6.5250732675259036,7.647767036748376,7.268187390143812,6.73477661599339,5.921191154415836,7.374852482277743,9.763716698235408,8.622587712808091,9.821197450590187,11.55515891762596
59000.0,gromacs_replicate_1,75.92859,5.2923355130611975,5.645612647128826,37.944267,5.201295540581495,4.816740936240537,15.805695,64.97032998153149,65.56850901812265,77.30628405228491,87.2526675024416,88.7402188601362,79.16122534906738,34.43796635446424,44.786080007423074,57.6853965931521,60.187957142243384,49.91414288046545,37.202627793656816,6.6227102935091064,4.49085044776824,6.635424682784864,7.549041774990088,7.103034909213832,6.6508318795343415,6.317822347450419,7.346656031661056,9.591396600656175,8.092381833880276,9.820264883763326,11.425916742434584
59100.0,gromacs_replicate_1,74.40844,5.839157068259206,6.087983977781267,24.740936,5.3418858645470575,5.036106970952016,7.202591,70.43705356429223,66.81271694094914,76.32721309969835,87.60126366243,87.69444076797284,85.13687785456085,44.18364651846796,51.375460744144,64.12984058282738,70.24159084740558,63.03210532118516,49.69305191924536,6.390579495795605,4.138637545767653,6.408674033301693,7.178730445355692,7.67402046479936,6.738417785117426,6.729210347105424,7.544366962832625,9.45922221836597,8.563027068555357,9.446430396980391,10.903980700374458
59200.0,gromacs_replicate_1,73.53708,5.5591011666516605,5.84464515476964,27.82156,5.44582712318822,5.269949973379049,1.7339935,65.18942902232418,62.057915912350005,72.51046687049565,84.08212720576883,88.75730852063728,80.08656643460809,56.4178283334678,64.11061057913807,77.83897811157865,83.19004451371293,74.31618563327086,61.73824164696157,6.544984786002152,4.484058298834493,6.39968098207781,7.769233845568975,7.137489697352273,6.406399704297465,6.2876400010674045,7.166604971491268,9.68297288729406,8.554779788465698,9.529497210640843,11.203861708570829
59300.0,gromacs_replicate_1,74.75221,5.8432876908657345,6.096590132349859,28.433754,5.512995731331687,5.215115885479397,3.9846115,68.61470766279263,62.987551266445315,70.75225656146164,82.23828084698808,87.99669368335127,83.93361381976506,48.28542160014366,54.85868354961225,68.01690456399122,75.89865650478805,68.90938968301096,56.29518614622625,6.280170094140407,4.1934571515925585,6.525797341471005,7.67485234832993,7.278722196012941,6.6091861172959945,6.572588205515222,7.61736356024921,9.649670162821566,8.336900166016761,9.830945881551123,11.278133814926251
59400.0,gromacs_replicate_1,58.81001,5.518544669372032,5.798937463833565,24.021606,5.617056038681239,5.343404868688263,0.9576645,61.98774015678294,65.33749506892424,77.74044618287424,88.13509611629155,87.28852151077572,74.48012679637148,52.193752458593934,63.58383324637815,74.0534328158264,72.98722581074794,62.522837196041074,52.08811820965479,6.893690624106922,4.60182893331819,6.506822326745202,7.495420375278411,7.681360628609566,6.679010922096723,6.532910847586921,6.89377875716887,9.7486230778587,9.078016765147408,9.821848149002566,11.403445507325383
59500.0,gromacs_replicate_1,63.594975,6.07564803436075,6.260718860268881,24.142677,5.1713588144932015,4.8097256840672715,16.244675,75.79526017680001,72.77878680694285,81.79892117997002,87.36793958721056,83.49202457465839,89.12644713578482,35.4218901584173,47.7328307587737,59.26085460296467,59.48733668261592,48.066553495103506,35.8667232370708,6.851402678620724,4.486265242724746,6.781731340440559,7.626236580003908,7.46567588584327,6.609250344588963,6.3100469289842,7.430877140873916,9.636269149242063,8.422208492517765,10.100849937503934,11.322941446722911
59600.0,gromacs_replicate_1,81.18216,6.2268235213985905,6.404996137384815,25.595604,4.943121332039161,5.14154905009389,13.719688,68.52324886498943,62.75772377405136,69.98920674891671,80.78247611773493,87.11166934153154,82.76159562357446,81.05135944747622,88.61791272251594,75.0881492006128,67.2949162484418,76.27985081157357,88.41923730928058,6.6531201241161595,4.561017680385103,6.689388315733055,7.802150895970921,7.494847932998975,6.497977733097352,6.370031605634273,7.541267127065044,9.395332744765948,8.624992690175652,9.903845375113866,10.851430002727588
59700.0,gromacs_replicate_1,72.47986,5.7549423629645755,5.954121924391472,31.346962,5.435201145339521,5.42291036976841,7.4407578,74.34389127568056,74.00319751211298,84.6495708593328,84.95633270209174,83.45923711148505,87.73430270684965,65.98205495774347,73.5648715831609,88.23645607090135,85.07627042439728,86.35195183072884,73.52574426764515,6.539758808897232,4.18637241116955,6.5429711101134895,7.238654077020653,7.655616781734736,6.43860463454967,6.224401868535114,7.058543007675751,9.647991201061407,8.862712391570653,10.020915569560884,11.063434201887612
59800.0,gromacs_replicate_1,68.123985,5.826249522510973,6.100342627722114,29.786537,5.1012634384440245,4.712740264749358,7.4276886,64.0847510801015,62.07035450050016,71.65802713004832,82.12798326254266,87.03694486454577,79.0117845387024,40.273316119621725,49.796773827663245,63.619921561377666,66.38511215494545,56.19192428833955,44.06216964372014,6.546634128326946,4.4719494181226125,6.36894295186889,7.497630955774774,7.5290055669157745,6.534103910724624,6.623221319962766,7.148275100583208,9.811082062059034,8.543834316492015,9.48701581747425,11.164534462539873
59900.0,gromacs_replicate_1,71.29848,5.427243474782067,5.719653039738974,36.59131,5.723727193126554,5.253675655674534,3.8348465,70.22803583075697,68.94764936305943,79.36453620298485,89.53870468281045,87.43847084967219,84.56718730192398,48.61556640597533,57.034877583309786,69.03130173119278,71.93471184662046,62.155675941042624,52.25953066114709,6.508701000880492,4.263165281291649,6.484604501346074,7.73725036731987,7.235248309087168,6.474751465463226,6.297680146934262,7.192021809213932,10.050212584444841,8.233272761190678,9.925322533407945,11.67967033761218
60000.0,gromacs_replicate_1,63.801003,5.260825785640618,5.691067602115652,52.231308,5.682890068469681,5.119934660105119,9.438438,65.59338618767805,60.18133234693633,70.84117636791996,81.38163880305548,84.39389601630099,78.29747501086909,46.45841240756128,49.48535330628679,62.48878959848195,69.26902876953729,62.6731666540778,52.750370311159934,7.044438349018944,4.915114191659128,6.631212184754357,7.797736675662466,6.749878949519403,6.508584736915607,6.291484051874659,7.212669152076987,9.396935330226173,8.294562204180934,9.519966783967424,11.051446098375804
60100.0,gromacs_replicate_1,72.4416,5.477342886342587,5.76415622508845,30.495895,5.413470125202185,5.199877102482448,6.76165,60.90159340170794,56.83048305707829,67.00065876253575,78.8518734662765,84.03029774164149,76.53786872142737,58.210604912570695,64.54034621847497,78.02551134272734,84.35203572548825,76.99918360820101,64.48542018408216,6.47327778025788,4.343733766783785,6.58274182875097,7.532954495913048,7.1934406105712,6.45787169016099,6.189900665791076,7.546942385834048,9.763500897301984,8.478115887933246,9.763346978120541,10.942922470746023
60200.0,gromacs_replicate_1,65.346664,6.067980746232207,6.345348761003004,29.040619,5.223230553452505,4.782229791065096,20.621223,70.66632269238913,67.56187099378458,77.22904892581494,87.99106319823034,87.92155455113033,83.76854087255963,31.97762187265993,44.66428791603395,49.90024940103049,42.291436208317506,30.065142723446325,24.610822093629444,6.518161158292935,4.174410836969434,6.947880811514781,7.985707874034844,7.447750873650212,6.537902873339374,6.244137020352278,7.569079942285584,9.49173292228225,8.478185603043013,9.37487359207049,11.203469252495308
60300.0,gromacs_replicate_1,80.27304,5.632334772335597,5.836463665811468,18.688446,5.177353488521157,5.038276614608528,8.015152,71.01153709864846,66.65215955322978,75.85692848886262,87.4991787894789,86.35755588547269,87.33925692712322,50.19384314153148,61.22516235196718,74.87625110708544,77.38990171063784,65.62574303627703,52.39629773383584,6.395890395635898,4.411487895592456,6.432513521477401,7.9620541333158865,7.809460233735885,6.477480969407746,6.1814825926968116,6.716332972027799,9.486562697010752,8.274335266575196,9.77409799622269,11.006394984409386
60400.0,gromacs_replicate_1,79.42245,6.398525503178771,6.598513127735713,28.38314,4.901843119306642,5.047735205912744,4.816742,66.75341341613264,61.64055706767894,68.41477415905582,78.61747823084525,85.25195851360805,80.77267082494484,64.88584442130686,76.52521933425376,88.18440568068299,84.87813936395706,83.06630120058665,68.2860551106632,6.475291895759794,4.145008951703784,6.672726924529145,7.2303675140126495,7.577676875632356,6.625312490032352,6.006254196958116,6.558881710849638,9.906661885561492,8.097322061000499,10.320491939008047,11.517212882104928
60500.0,gromacs_replicate_1,67.351074,5.7097787270588425,5.9372551634012645,21.68406,5.423743246576057,5.084089849980528,9.511543,70.45361101380095,66.31656549595529,75.27588166438525,86.99863755929422,87.06780323867947,85.42792780182212,41.56120952280036,50.566688223624965,63.18360697634782,66.07036954604156,56.36382230623638,44.82254017042071,6.650086406779748,4.2222031967586835,6.377040653155691,7.439748912634864,7.318797026392751,6.447338843437397,6.458785016567966,7.654696160446981,9.938758495288319,8.651687735862604,9.712480479328976,11.511857995496047
60600.0,gromacs_replicate_1,69.4925,5.41682184937427,5.745704241890787,36.026928,5.833759710393264,5.664883023105233,2.3856277,60.69737545361341,55.28126323191673,65.11840630083455,77.04751024181546,82.84147550380604,76.64819676876847,58.86188458584256,64.85993872126052,78.01243313958942,84.44732026685095,77.39818998588906,65.24769938911851,6.29896251422598,4.276638548935394,6.779006957769585,7.7564296719849795,7.503024196966391,6.501314713551376,6.455834754374402,7.394429933357693,10.101208255634488,8.358084671767411,9.84066939707478,11.391835097967661
60700.0,gromacs_replicate_1,57.69238,5.79270362488101,5.959460345294893,16.049538,5.460244546165725,5.046310913927775,0.7371521,69.67685841110145,61.780149776302004,68.77727240098564,80.64447609700133,89.2337235277336,84.81149863641018,45.435632729722,51.86253852268024,63.67753707365643,70.21893597295322,63.01706971932628,51.05376846209221,6.571063064039237,4.1565798888313115,6.811868895557978,7.750415607270856,7.492099837047334,6.4706594363294325,6.598240152208489,7.450823109317622,9.315957180110498,8.333474113730686,10.129560165860946,11.81546348351999
60800.0,gromacs_replicate_1,65.47263,5.860777172008936,6.240171400442954,39.68692,5.310539011563853,4.844721927459378,23.383736,59.350556995137545,57.14464099977464,67.22484475619058,78.54119961746979,80.67814336743531,72.14536658864442,28.611042133148345,41.30454192521775,46.75796602622262,39.46305114338046,27.45297004911316,21.930496347523736,6.476950772784897,4.568158107284127,6.84308805348152,7.734875608594155,7.402206826888678,6.745058274907115,6.449409765928562,7.340882885295545,9.686889503390741,7.978333175010169,9.81495498545693,11.261598379519294
60900.0,gromacs_replicate_1,73.97721,5.968920224000043,6.129963418504573,24.142006,5.146434929916692,4.945447301272108,21.69188,62.852633362806394,57.7539151650754,66.2710852091359,77.52261773501475,83.95040447586209,78.03169540049127,39.30263726077865,53.251502080172926,62.41632917704234,57.5582468957613,43.34824539482009,33.80173724820724,6.291065749623225,4.104455201963329,6.525695438013267,7.434343498591596,7.901415104448702,6.490422368239348,6.739452714624912,7.18775082837892,9.638922448630654,8.276033033497615,9.61028269052264,11.124237458354123
61000.0,gromacs_replicate_1,67.88906,5.543174497142873,5.770708309344296,25.91948,5.330094657361966,5.049805442060851,13.3307495,63.989636462933106,57.83753917842408,66.10744978386283,78.46205684595762,86.28554180243762,79.78982777299156,40.42660835158897,50.59880819943228,63.1456020653739,65.89825487059368,53.948432703942615,42.476710155465774,6.609125685207769,4.152252609120159,6.460660540139137,7.506241070545646,7.168959888290715,6.693826489190267,6.874738429815668,7.777040154136118,9.808948059897352,8.414914514685004,10.05761269973138,11.481232400202929
61100.0,gromacs_replicate_1,68.91962,5.405653266035022,5.641183865672464,20.83371,5.18439265227063,5.029170559988168,22.282257,66.50435728453202,62.940246160511755,73.68173709099091,85.64771965174022,88.5877026926432,83.33999486983265,43.60258082922735,57.02914402054491,63.42525972526242,56.3059417381381,41.63803573772557,34.8182315498167,6.838975881569819,4.697292312952176,6.98550519319359,8.142199003619222,7.578637129731714,6.7216231674921225,6.647114867837274,7.506775291819033,9.583991704210126,7.87479828038783,9.809320544427832,11.568649235503843
61200.0,gromacs_replicate_1,63.22363,5.5961381184457,5.760222624601869,10.817978,5.6269221270647325,5.172272436945439,6.375229,78.51012551697589,70.33834519405283,77.55325358902363,89.76150923002419,81.60742084993434,86.58545317649458,41.09490957964872,51.36824088671971,61.316356648095685,63.184975820544516,52.42284801472965,42.187096798391295,6.395986005119344,4.359368228322589,6.401390928573794,7.773589286017231,7.300813300520837,6.495099281452093,6.607796818445753,7.2328736076271944,9.849123654721591,8.373701822741449,9.687807934391135,10.944296247574538
61300.0,gromacs_replicate_1,77.92199,5.407200706251818,5.698599149348371,33.91555,5.3078282358403355,5.284883691809652,4.3156815,63.224830700707834,57.98903760144354,67.75183405380938,79.57058110080105,84.83466114547669,78.96865531325473,63.375815847647345,72.93282754047893,87.56085785647798,87.7520597439936,81.47048085336355,68.84517432737617,6.592409777602683,4.495281762876095,6.36284869836358,7.648949540625995,7.5271580257600235,6.504351053632124,6.676465899863738,7.222087529059849,9.57593803882051,8.374989328193942,9.472931464244432,11.605924543996776
61400.0,gromacs_replicate_1,71.69839,5.414694768147129,5.708761086174202,27.095612,5.643679030963222,5.173183255389764,3.9715652,65.76251462803539,60.906970401159015,71.37371873964382,83.73706072209511,88.86828165251227,80.37994011537391,41.821141275871426,49.99763819756309,62.49842882888496,65.9532548055914,57.86409663490262,46.65411517220757,6.155103280584093,4.190573574249587,6.434668232851073,7.7849370316192585,7.44864518002505,6.448958376693249,7.056351857798402,7.619479334193306,9.884623241062055,8.4782496511497,9.247811802464556,11.275794091917021
61500.0,gromacs_replicate_1,65.45978,5.3720583126425385,5.751416696318743,40.394516,5.4938056111805995,5.001594275087553,5.480629,56.6973793898647,51.95369533069508,62.37028350604989,73.83962091976453,79.45625916609406,72.40496509427373,38.542408955636475,45.86030818661928,57.55537304672706,62.90010777258401,55.08404922216303,43.23289609170925,6.011727045815372,4.414055150244793,6.5726952308005675,7.760284999533893,7.762372044427182,6.8128092684014145,6.8425901321497244,7.619349724689283,9.112967816561987,8.52564864362153,9.542090131478568,10.824163184280037
61600.0,gromacs_replicate_1,69.66875,5.233180247267652,5.514243576573217,35.107635,5.394843149567558,5.041680345228414,7.8396683,70.74993084446271,68.97690848869918,81.13962440371022,87.32924155239729,86.44912209495111,84.810522746227,53.71722852922242,61.297920393541375,75.54751029069085,79.68082612379145,70.60476934420565,58.77755417860606,6.7686491571318,4.406968743475074,6.431276949272998,7.589052557980161,7.261540080084944,6.370715447917905,6.323869045744123,6.726116425310001,9.8572822403695,8.295827616968266,9.645307929312246,11.457545696445486
61700.0,gromacs_replicate_1,73.03051,5.778253899840067,5.9722202968356655,22.33191,5.113340931538704,5.041133263612709,10.085594,67.99310280553522,62.71879196422576,71.18876729215269,82.94344054158428,89.65217455154028,83.84294479127693,49.818890896460225,58.35999615576261,73.33315127069301,79.12096462712533,69.533826452492,55.24101998358077,6.950867744061366,4.465176791028026,6.39074895164036,7.250182471166564,7.065676511201445,6.128484318027825,6.007997229939096,6.845974953131175,9.883521855385771,8.26594654700011,10.34676005255188,11.650883873949843
61800.0,gromacs_replicate_1,77.315575,6.033776513327579,6.0889108261657885,2.0984955,5.31452870627296,5.264377134776114,11.716675,71.14818347473351,64.52666454336092,71.09788685420037,82.57589623718701,89.64470021811007,85.85887951226893,50.66447773818852,62.557593746250056,75.17755695500199,77.88592286083149,65.87299425788984,52.53208059777509,6.413549669811673,4.282101545989614,6.516655907247015,7.167718935146585,7.334928608018422,6.301762645399012,6.220667402283626,6.900362076461191,9.80719793669854,8.842437211243173,10.094425854206147,11.82821917268494
61900.0,gromacs_replicate_1,73.97022,5.520881097097432,5.714402966387703,22.398071,5.472943566594881,5.239768493621529,0.36571503,59.12993321936377,56.5477142093218,66.93028090890164,78.98112146059627,84.10064699823182,74.91152540534208,53.793100209038435,63.516837647570036,76.01345560695604,79.24193233010017,68.24839948733366,55.95950464972896,6.285230727723182,3.992245229429084,6.382441100411542,7.202467166195793,7.594163755815401,6.422407825295621,6.639128675376414,6.946719994523417,9.651129879224776,8.460772503527297,10.529394830596296,11.422677067417647
62000.0,gromacs_replicate_1,72.30036,6.183883519300912,6.316391367590503,12.684616,4.871843339115542,4.8073749218436745,16.916862,79.43921629962573,75.73553943476756,83.60055566120556,85.35159972466016,79.58176309334458,85.63633368581766,46.727098211849565,60.41479031938357,72.93657073573094,71.44628890301337,58.130570049841644,44.947030197120505,6.633351565766974,4.380813486674019,6.372131212498833,7.326684250499652,7.763018332446512,6.36722731130112,6.18575690554664,6.714162721599262,9.744783175343185,8.693825033203437,10.27634657705341,11.265336761074241
62100.0,gromacs_replicate_1,76.65479,5.551280974015136,5.609198092803087,14.170784,4.885742608430067,4.762567967107028,29.913177,60.26220359508083,56.29320598538862,65.54323800559101,77.63186455393303,83.93426314492203,77.14946474687142,34.76579387504464,49.10122412593754,58.87225912539686,54.743010549683625,39.04116606408768,27.879538214092552,6.360088687721925,4.491566326436652,6.525575657950876,7.755362834799377,7.890249833571065,6.565685151268404,7.205371331935544,7.016957189132812,9.159983712753165,8.32595422983465,9.716110522914164,11.10725204029383
62200.0,gromacs_replicate_1,74.160965,5.761077739962381,5.9835933850267145,37.4168,5.133046432069814,5.181474591664821,0.18132782,55.58958149273327,52.1241179022559,61.13018466464301,71.93615842477246,77.22454449254418,71.61189236096475,63.657888922049004,70.64572186463222,86.55842046410537,85.96246690777271,85.97412118456445,72.10111465338062,6.699897091038273,4.461161319701402,6.594746596696716,7.6206363426912125,7.466219353958687,6.5412560839519225,6.421308110175004,6.830758533690394,9.386495708898074,8.4895873047857,10.724147043752923,11.124296293290953
62300.0,gromacs_replicate_1,68.25368,5.923485069520352,6.079862967876388,20.249016,5.4568197397685365,5.420049988606348,3.3368378,65.21241991877629,59.8219825034602,67.98185295456716,79.99150035200016,86.05793473855833,80.20326709814874,62.15080806047134,70.6619080362059,84.29421181647012,88.75748915191458,79.75492853864377,66.59787188291702,6.599599400063746,4.473707932543763,6.6220875062029245,7.707471876829248,7.260987085717519,6.174375853116715,6.2224694369834,6.743750972154133,10.174271669135543,7.99311487402153,10.412203023963967,11.907551788565458
62400.0,gromacs_replicate_1,80.5673,6.300701821354972,6.224552316184245,6.422859,4.851601203427943,4.850741970007417,22.983673,63.83641600768306,57.95242844219675,63.818883856803886,74.49648913594488,82.22186708499615,78.62188014256303,41.559674390101364,53.44498398059935,67.99711916383643,72.84796565303077,62.5439350137623,46.54524689005252,6.7145968629267125,4.5590662848469945,6.720391749992546,7.822509297888374,7.516442533169871,6.302346240349728,6.386207350508292,6.767178941292975,9.560846787071803,8.486610161370118,10.340513022335054,11.278448971357456
62500.0,gromacs_replicate_1,73.33232,5.95121446716818,6.083965312799756,19.45681,5.058883170488529,4.791427602185696,19.746078,64.99478731758786,59.324993363823225,66.57884552383736,78.10852371205934,85.08848163375792,80.48476222855257,36.29188758010219,49.02426588243157,60.50012782028757,60.418734665812345,48.21372562918156,35.07293111930339,6.683735222457971,4.695314274943917,6.4817888177157,7.74519684286551,7.747103183890783,6.378486958204485,6.789216491931514,7.021106372062119,9.660366347205127,8.175974705663434,10.006843208374582,11.239526732024885
62600.0,gromacs_replicate_1,70.45087,5.7831972834985255,5.9571277648509735,16.929016,5.384223573046852,5.112967187393142,18.859818,71.99757054409945,64.53583503545867,72.00601703577648,84.22168288216356,87.97473799410325,87.3624022525166,37.999756820375836,50.222731159307216,61.09334038270577,59.52296764051535,46.88169311180511,35.93498828372982,6.261072335782869,4.296830355787758,6.435005650094636,7.6743911915955865,7.819238443310215,6.727758369570902,7.247410096792001,7.304625446439442,9.76625255341476,8.307877557330787,9.648904789766616,10.775341301483483
62700.0,gromacs_replicate_1,64.52964,5.929340682794365,6.32479759005301,43.263214,5.419344477551647,4.822270285120404,0.321846,66.4267804945634,63.434699704439346,73.30053139786075,83.49495156490161,85.77315643245402,78.39351031613246,38.99792197124568,48.73265420366793,60.33960420503218,61.00439062938708,51.6604737977597,41.91508369764303,6.352314211784719,4.303061856170247,6.534609035249599,7.454723005335044,7.611790686945441,6.407353701321456,6.717325460968959,7.16657362840798,10.178822699954258,8.111322466845635,10.173783176290119,11.55052384686744
62800.0,gromacs_replicate_1,78.02478,5.722868646959971,5.79361377455682,14.732422,5.264093569258366,5.291937887732985,9.02948,59.742773643247666,55.1194505701862,64.20846760332302,75.93641824494816,82.4245537611294,75.0895422710973,65.4123800981033,73.55739853401813,87.53390984347807,86.36435816021837,84.20358560991787,70.13843092950925,6.327434925148553,4.3557244170014116,6.1550566382746785,7.059207345576812,8.182562117519394,6.688684749931388,7.27112891951123,7.04728117363475,9.696859916925732,8.635253793146914,9.843134979134797,11.053622428516345
62900.0,gromacs_replicate_1,67.88742,5.295810157915314,5.556475996698601,22.013657,5.865201557430498,5.556507942536719,1.7751312,66.79760466598474,63.9000555860335,74.70882605596756,87.05588067797186,88.66449390602251,82.5827774003075,53.90951647089651,63.19070661392754,74.8961064916502,77.06636249838513,67.11192110422459,55.97142144033422,6.6928342163934875,4.594529184925018,6.771538247585412,7.664637223841681,7.244663845794953,6.330458148448094,6.407132707800619,6.733797419825266,9.933513491248952,8.600836244499957,9.613652561923312,11.144944710634737
63000.0,gromacs_replicate_1,73.40449,5.439188779220869,5.692784535978993,23.886642,5.15610280330051,5.041218113676405,1.5587463,62.248018710133536,59.59526363559986,70.8098598947359,82.51956008040536,87.49022165365018,77.98833495741084,55.19654323759061,66.2556406777792,79.6881221067339,82.15604321043725,70.46808123216613,57.17225993460492,6.557747020944773,4.341800615221451,6.6364943718744875,7.765253027281697,7.707699504062521,6.39779631738026,6.413232831707283,6.540160933906705,9.416031719242518,9.057284143055071,9.849842804578708,10.629051670739782
63100.0,gromacs_replicate_1,70.325005,5.034410997255,5.426202905738363,39.806427,5.23680299279592,4.939899399512973,3.706871,62.25030275822461,58.871150040027146,70.4916347508271,82.54198662413233,86.23569728293944,79.12043522019017,52.72257154584371,61.906444472878114,75.74561474772396,78.71041611052819,69.08233386612234,56.93725318828346,6.822541414378429,4.463279741536449,6.802457741608499,7.571129775800772,7.436716395330322,6.390649788773895,6.22336879928463,6.931332244872716,9.620658248199467,7.883620057416217,9.99945567704809,11.496219584901484
63200.0,gromacs_replicate_1,69.04078,5.290712215995585,5.5755995618220755,32.588997,5.470768516204502,5.354640283658873,0.057807922,54.694782738756636,55.06817823392889,66.48896144743865,78.11416120763586,81.70250307069932,71.02029124601597,57.15687537541727,63.2334813326322,76.90435487387421,84.84890912471027,77.89457947237153,64.86534928553701,6.516885380910703,4.067684678947619,6.684292704101772,7.208930494193589,7.9758702237811825,6.7107578369210135,7.020754674559772,6.789341601665113,9.543961702098903,8.26066899058833,9.786386789633958,11.055714780192023
63300.0,gromacs_replicate_1,64.40366,5.852517319023086,6.092436835990651,28.89621,5.026756445390624,4.571389441862192,20.147507,72.38609920471247,66.18384843301506,73.50313405337552,85.23446446050438,89.21716977101882,86.66901135771998,35.49067320476081,47.535248883650254,51.7891059028179,43.11126913414474,29.775453313422624,25.2188951491245,6.976118962506163,4.635065541197,6.7830786861598815,7.964113576366684,7.6525630186789275,6.564809723373174,6.592128237228618,7.258388380448652,9.777959421374055,7.558496819667556,10.09281653904227,11.67883586839346
63400.0,gromacs_replicate_1,71.71577,5.695658853533667,5.795031501701087,17.770393,5.076353881395427,4.941679121037868,24.845802,62.626675164014785,57.11291579383853,65.17947596237316,77.13657129339407,84.60998143103212,78.76721786616466,36.99785232723472,50.5951306897402,62.2269713472823,62.62442603862017,48.43485541223223,35.22051218385796,7.053206514565393,4.635154888394396,6.495704993197712,7.66835431240979,7.006365973607992,6.296435408660768,6.092034804942083,6.676765421264538,9.883140902808199,8.575715216206923,10.148584048773,11.833359708631336
63500.0,gromacs_replicate_1,79.045364,6.3733529241686675,6.56241841213129,23.516823,5.236210571320741,5.367402440925019,4.8266068,73.80999910220628,70.4315741055921,78.42847446680669,89.08001476041821,86.45372160349314,87.59066183434143,71.74272404765516,78.53596621032793,86.46920461470543,78.3725198385908,85.86882669052926,79.69885187817772,6.323155710639074,4.1319854074625,6.4578080938210505,7.290174001334757,7.593951431552983,6.781175024805128,6.027116399604658,6.933438384039959,9.810102021120905,8.570327097787724,10.529144115055194,11.286054230532322
63600.0,gromacs_replicate_1,75.01113,5.538965909832718,5.808593557499232,30.92633,5.092492060500594,5.285031406456553,22.54425,58.81408292327521,54.34031749622275,63.742845837187254,76.04592195739369,81.31053230883424,74.76497895893635,78.54623720935695,82.81499320606586,83.2271522757802,72.2806306905364,78.72880592895662,87.26536620372106,6.507158521703261,4.43059281099306,6.796022610893923,7.7906936597021215,7.746204224841174,6.616514329310431,6.983593626165396,7.285556694125232,9.26578473201598,8.373338319092937,9.381886847327307,10.953096654156035
63700.0,gromacs_replicate_1,73.00062,5.611803527192235,5.821091017158448,25.08574,5.108998556787739,4.8840684178263425,5.6993256,61.094298246590235,55.706099192012175,64.59181818890217,76.87511506867598,84.08621769136906,77.11611392037855,48.228262264651256,60.01427218903537,71.88706939315435,72.64169107261716,60.91315549446475,49.2168064433584,6.559681505321134,4.453907725133339,6.432466678080784,7.713277224426726,7.7450616246886925,6.501617899245209,6.067664918033643,6.63045538083143,9.379924014726415,8.274175091463656,9.52007233530955,11.09578598646248
63800.0,gromacs_replicate_1,77.276436,5.912669895116823,6.011743420849106,10.175644,5.313611513486014,5.11066863083513,8.4422455,66.34287708406792,61.864957531628804,69.8829679078796,81.99866893713263,88.03691211432567,80.73468004686697,47.82080232450792,58.731788946571044,70.8403170535399,72.59596989538107,60.35777528998768,47.49881089733987,6.240307569799267,4.160976988072822,6.425639547186194,7.581602557857062,7.895603810988204,6.427326555904425,6.719388196249072,6.634857790296193,10.018923372529827,8.969444255600234,10.152566462909881,11.207867064169864
63900.0,gromacs_replicate_1,70.878235,5.691279875718814,6.015575805339436,32.26239,5.1149375926720175,4.94905114476876,6.773674,64.4816471527436,62.813129615619076,73.66868831083332,84.39431938343749,87.81867298616679,78.96405087796522,49.0547601744632,58.41472524042314,72.99209461885232,77.75179903752034,67.222683574545,53.41793742856413,6.236181908135629,4.31297046691377,6.461738817617318,7.689059716447152,8.071907872496869,6.710733246346101,6.932342978289601,6.9416600271027376,9.256524052919708,8.54623615082945,9.89459988602613,10.748483788555287
64000.0,gromacs_replicate_1,89.48686,5.739129793237289,5.844715230880829,10.382416,5.086765890253171,5.1413558335682366,7.2091064,68.62070556055492,63.5857639192598,71.20381852401144,83.19354026614599,88.78372354010877,84.85057670158116,57.232799291238706,68.25833396233894,81.75048958457057,84.79971141366916,74.08631816364833,59.17960170766345,6.635131950112827,4.373887847998118,6.5226336952821535,7.759826847845056,7.6652073509628895,6.2879082011123035,6.378317121649446,6.603216355270428,9.532628676484798,8.356093389355935,9.745176437323057,11.284771577847572
64100.0,gromacs_replicate_1,79.722664,5.722270294837066,5.877099233608847,11.669525,5.426602190872444,5.4053994687661415,8.310692,69.0269956808836,64.78083109787175,74.17940206061049,85.5611115160506,87.82904865135671,85.35729234252578,64.66924327620885,70.39477721276796,84.25378276093777,87.89511827915221,85.50905307172717,71.59624273693738,6.3317531803719875,4.263452938207769,6.2657167430895715,7.3080379034543475,7.876769128045833,6.315027800531261,6.445415774172933,7.115927384079754,9.836203192174278,8.67118653724621,9.887106698761913,11.082967414943978
64200.0,gromacs_replicate_1,82.37606,5.796262187186553,5.9948404108628255,17.707237,4.74876628327913,4.732651791105818,6.337265,70.33225104858734,67.05124468852125,75.84197347997636,87.29546588693951,86.18654201626917,86.08380645208965,53.071278137745665,64.44242119804814,79.37778733629555,83.58532512746719,72.41023986018389,56.82957646467923,6.53172153167693,4.286051604762661,6.098205878164998,7.204879241168127,7.802566104497632,6.4060156281144796,6.561764459182499,6.733023931860216,9.338096073048513,8.601704083073338,9.812802403794368,11.024194368364155
64300.0,gromacs_replicate_1,73.76627,6.227918406002467,6.3734903685929165,18.255104,5.250380320052566,5.295474004205755,3.1825104,64.39093250187202,60.41389027910425,68.5776418320816,79.89758719058894,85.36977476089437,78.35128283195034,63.6191161233928,71.97506314350805,86.0542082817941,87.2113652856197,83.4090293894744,69.26110567525653,6.482988290649274,4.161085578558272,6.396073079379526,6.8785035918734385,7.6835187024614395,6.202294060737291,6.173210260617973,6.902799856256123,9.826695130286696,9.27375270865592,10.10426642496162,11.426422624943978
64400.0,gromacs_replicate_1,73.59927,6.086591813299886,6.236907468712123,27.137283,5.061017720966874,4.817956995533448,23.905525,77.20342960628982,77.02180223062241,86.86763465082386,83.5582976687282,81.13301352367837,89.62995896762976,38.792012504927364,52.256424167607584,57.4750208422656,49.90830038694884,35.64162549508849,29.597956820741647,6.56407673367816,4.18648470361126,6.662786009523006,7.361189432682421,7.189654487587705,6.584322852687805,6.27003580583619,7.090467126498729,9.819971684051941,8.57319461357826,10.272617744379534,11.530674177040318
64500.0,gromacs_replicate_1,80.20495,6.0004541990540945,6.137896569667929,13.495888,5.380475856391698,5.1544642276066135,30.164574,74.28004812625463,68.21440221347925,75.61232459216527,87.55631552143768,85.84212899494783,89.35422592419617,29.108928102324164,41.58437659704442,53.458975539287124,56.22272938773797,45.77850461618451,32.45457925769827,6.410516696807655,4.435454747109878,6.50884892663211,7.779349862705127,7.349242626607852,6.722880915520551,6.711094568086799,7.293487579810879,9.919485647304464,8.431792027361885,10.089418166870473,11.312375936886564
64600.0,gromacs_replicate_1,72.03375,5.541777606246829,5.814746586282633,26.478542,5.0486997793153945,4.942979489306463,11.138687,65.8854115493665,63.78467395355396,74.30830293476906,85.60467390478783,89.7660853776224,81.01864554482346,48.5016007574661,61.36100633478896,74.80381059098616,74.96230968538207,61.34291626830603,48.87736506234386,6.339114411568314,4.250855753350043,6.5694800987384365,7.679511002068496,7.713143889478926,6.241603322038389,6.5380912230286015,7.048121397625804,9.727983040662668,8.446534445846954,10.038088456431227,11.425245287409847
64700.0,gromacs_replicate_1,78.138245,5.6117179615635004,5.798763355898819,18.925407,5.472772985572433,5.435579430164288,0.2576294,64.77808222045499,61.36020020913496,70.03273436826382,81.7811001469419,88.11882804102756,81.27738153629534,60.6032076716548,70.13366364889028,83.11453814491168,87.48143111611341,76.75123125013606,63.42041240126243,6.6528995682044965,4.397430730047567,6.335816498241732,7.497100222732792,7.242450748917079,6.099572610808635,6.108359883377363,6.496073279687364,9.553952290801382,8.639894570238617,10.035367661870584,11.356557132540756
64800.0,gromacs_replicate_1,81.06777,6.139967475691239,6.26721962797703,14.392067,4.9980804970525945,5.073197382031393,10.882172,70.46493907276535,64.54059611748326,71.17304207495397,82.70562342737831,89.97026807059459,85.62840399320226,55.521177847839155,66.87824236059674,81.06723313258676,84.97359985776211,74.22778546287003,59.5733939819253,5.901299832483636,4.501400826841441,6.65802965334326,7.930455610085386,7.890811776487124,6.479283850521564,5.993406692055313,6.788510182759188,10.084134703080869,8.243559089063254,9.944499327896008,11.23405832584152
64900.0,gromacs_replicate_1,77.52871,5.846363524897948,5.936861885637675,4.008049,4.9636886969822385,4.922215654031087,4.557152,71.02299855884795,65.65008014901086,73.3761433337988,85.27127020270325,87.07120054122616,86.59843681588133,54.365005716028186,66.61766802470471,79.90324460596146,82.05603786003476,69.23121320077387,55.47892346809284,6.313936414752997,4.1917920544037255,6.476797182700932,7.617596411700143,7.508627560325595,6.462801092766812,6.048743641048423,6.470196214532854,9.449333080548158,8.559140237580046,9.679974000393484,11.144991177954568
65000.0,gromacs_replicate_1,73.27259,5.920026083229694,5.842124393318546,16.412117,5.294491411977961,5.226342591670157,18.440178,54.918445877050345,49.70887317986954,57.897072059066424,69.27541113542748,76.22693261456037,71.21267586035968,45.674381346740745,58.82217241680522,70.43873463230953,70.74505093423512,57.41005672476633,44.15683879522474,6.675908982069758,4.330467284484691,6.7062758991838916,7.633635563017982,7.6017695011662285,6.548434107385138,6.209929906572763,6.71241605369301,9.660689052074074,8.59783428879503,10.13287045605264,11.30632318905847
65100.0,gromacs_replicate_1,65.35251,5.623375256761175,5.829906249908759,23.264626,5.396933878904543,5.053285507889134,0.12323761,62.77404058711931,57.10697282520231,65.37997095761092,78.06252806856747,85.09075774735683,78.4026877936666,48.764515663101086,57.35180394700605,70.64453249947444,73.3673897885216,63.33493870132651,52.1323325118894,6.544364913140986,4.439324207700675,6.477609075335473,7.572771361015868,7.3301583784927296,6.466384016990082,6.28365095696916,6.736301982230024,10.234891867691736,8.582804647714678,10.038518346950267,11.555936233897365
65200.0,gromacs_replicate_1,75.04529,5.8191491112383,5.979061143881269,9.707092,5.466302718572596,5.307914336817554,9.732826,73.26235184887284,68.91189812372706,77.211287763496,89.15691815904992,84.47505620562696,88.4976546629426,48.906192287802,59.396416497031446,71.95545459279967,75.08625934770392,64.43996865373495,51.3110492711737,6.121743255210416,4.288326856887101,6.488394962579532,7.724150666118502,7.84002850401693,6.7446925634970185,6.5494946534698855,6.952628227153164,10.04629350521303,8.11363820907802,10.012081815485324,11.549502483612551
65300.0,gromacs_replicate_1,77.037025,6.140009095816886,6.280184918889628,9.629776,5.33132545092505,5.495890331313718,43.706345,77.61597013768032,73.65946368291429,81.92779722985325,87.29999933931413,80.96895613521794,87.58039254214921,43.741610582846846,55.39242228860405,57.83284260284482,48.47745156684005,32.91483412125247,31.210207658379517,6.701267678123972,4.455837603675313,6.806976787137734,7.699944937083642,7.615524160112762,6.697859847232443,6.660641894210904,6.986759809942345,9.274072860656544,8.606576261090254,9.816685688003858,10.99038353459279
65400.0,gromacs_replicate_1,79.87832,5.840628344346538,6.05549665834139,23.819633,4.998892253272465,5.0482546447283125,10.241974,65.15729830724057,61.21568950907596,70.44154507572789,81.73985296653485,87.59498303778192,81.105791002755,55.05490780127069,66.85532202762924,80.91079047865084,84.07832902376612,72.60005612979947,58.27831927700749,6.820546607933049,4.474728701381998,6.436987770682334,7.361332823840466,8.04384874771201,6.52064151481625,6.6123911083581985,6.3675164950129295,9.611616524661118,8.578284611068376,9.934911201439123,11.502732539588846
65500.0,gromacs_replicate_1,77.09948,5.418238928998228,5.759589639475507,38.070053,5.388746735408158,5.152995461692537,11.219955,58.87024591257441,55.359936505257934,65.79298817565603,77.16754435676852,81.8127499205803,74.89140319204479,43.95139813067732,53.09711528714671,66.47041024731921,71.2310260321082,63.06551433408851,50.36998167298905,6.5204209967797375,4.310125471979971,6.4647631718741065,7.660819443871354,7.457594973838807,6.389669751202884,6.408222584963551,6.720523722052056,9.894835308951778,8.518131980235065,9.946383503667327,11.632238548752737
65600.0,gromacs_replicate_1,80.898895,5.662484650005461,5.870152241898779,22.880806,5.024156732289769,5.040954116755123,9.523941,70.60133128033748,67.28337323732042,76.67381638300341,87.37223115094919,86.30157684342811,86.6603001903549,53.96889672918133,65.62657388149358,80.13318946907721,82.64823607711513,71.94493429881756,57.44182613913344,6.3773730480056185,4.425825305362921,6.5195798343906315,7.778646698422089,7.862723604976069,6.64923656676316,6.174046315682178,6.652377749453663,9.332799245373293,8.768113053966843,9.656414687657808,11.223674795388666
65700.0,gromacs_replicate_1,80.73984,5.765661730102192,5.895523202539559,16.240585,4.979029480169692,5.053102186725305,15.821587,67.92845064176512,61.77324833207892,70.10626950020813,81.95624011508154,88.77641131599866,82.90281681505775,51.76823614576848,63.72162348688049,78.34966736923167,80.30661629602248,68.10432671749884,53.54623708538925,6.683023813365474,4.505343556981272,6.505948528406753,7.553909500988186,7.681989635763708,6.306873116421852,5.90439157389421,6.635432112790219,9.658167137321577,8.668852799153175,9.502409505548103,11.190150922773814
65800.0,gromacs_replicate_1,71.95993,5.960094579573012,6.110390298086492,6.8352356,5.253417702141266,5.233905121075979,1.736618,75.24154810884711,71.2538517724442,79.64193667982188,88.30390633925661,82.05394108675677,89.32414770222293,60.308235292597004,68.83434869204696,81.77505320427072,87.8990986805446,79.45197472614142,64.85689918784875,6.918745661880525,4.682822876073635,6.520836482742523,7.477338806891805,7.71513311230293,6.301468026057708,6.248078141880358,6.55030864899431,9.60877475601266,9.127137701446397,9.577044721619513,11.454981561298316
65900.0,gromacs_replicate_1,80.1796,5.878863911996394,6.029487872809496,11.781624,5.161197447061301,5.182274797286543,2.9016876,69.12016659744286,65.49410976960701,74.62300312499102,86.0288811031128,88.28988707795781,84.61105318965633,61.64527733196888,70.60114003628338,84.59867814251082,89.11276447412031,81.53621767191318,66.44658918246672,6.646082128863628,4.416608608510362,6.485624091788934,7.470846645950898,7.611666095539384,6.457676015973594,6.092709250071054,6.825677196042148,9.521543403148529,8.454886995672288,10.004961798998973,11.466323849944603
66000.0,gromacs_replicate_1,82.75677,6.143660234326643,6.3486620985447155,26.564163,5.156664104458903,5.198254577536214,9.253571,74.73865122806936,73.86449225744207,83.66940455256075,86.2963860520657,83.46815091500757,87.64586311306195,56.56768812236932,68.4737340300113,81.62529644230841,83.78930674943359,70.73062433243284,57.57719993885182,6.662897446383036,4.323619558750672,6.492642807409443,7.080001817404677,7.655527679034423,6.504860730628955,6.1459118032525595,6.76272500991825,10.05875340555614,8.8184788981649,10.569695983184321,11.511559596625009
66100.0,gromacs_replicate_1,70.01304,5.657353163244443,5.832230074426569,24.209496,5.409869573745388,5.454641801609838,12.762871,75.65185558475618,76.4817385526272,87.9327975809749,82.20744057567366,80.59418566634088,88.44968947212517,72.47508914714369,77.25888628652162,87.29188114585396,80.00321274228472,87.23244002761595,79.76895949346654,6.451743363291396,4.4005586542034,6.638764930506611,7.634984518625639,7.870288387705018,6.55122818779369,6.6511156675881296,6.904752569651308,9.766665457193865,8.383692622157346,9.609171873349336,11.081513556660772
66200.0,gromacs_replicate_1,75.37978,5.517189677393066,5.677921935140292,15.10994,5.339458624035111,5.271892559211263,10.303123,65.26704433451383,61.62825357720496,70.72579882955318,82.90895983626241,89.0363413760323,81.31457359037317,62.890488778068864,69.6566959007942,82.3925251304074,89.90433617655192,82.56258811277591,68.89826721237483,6.551351748110568,4.383411570330553,6.365116117168916,7.569395795311199,7.697915664072279,6.22781978990524,6.19260249920293,6.967480515441078,9.523593707000579,8.795174164971986,9.517550918448983,11.065065854073884
66300.0,gromacs_replicate_1,80.64229,6.404229807839661,6.542776816001743,16.896072,5.118314467852986,5.137443469660968,27.949429,75.2653204455132,70.82981373726922,78.33167270355474,89.1563978112916,85.42232502248811,89.39415595339318,42.47253934967936,57.13553718280067,67.24823844376517,63.22092295728586,48.992373874169424,37.00323853122055,7.001721208644993,4.378904770932999,6.697467315920474,7.188194540061178,7.563125723353692,6.184434996460713,6.142770453717136,6.513083985427569,10.040704825027134,8.574027410096859,10.5777785639694,11.387104184513143
66400.0,gromacs_replicate_1,82.044754,6.2468133625519195,6.265431420281568,14.751961,4.845105268378119,4.9740045271030935,15.490601,63.31247841629089,56.514354858610844,62.15657666051589,73.07684611090126,81.12021476032068,78.02856507490476,56.57188383737595,71.71066683269359,84.00142534122297,82.6783514350646,68.63067680729412,55.32574729367112,6.669611872085485,4.412563731197834,6.448342527209142,7.533890913202644,7.687965372627276,6.504660520720497,6.180935733493817,6.999919620738589,10.091267833928546,8.533924785489488,10.221095018748416,11.698315619532972
66500.0,gromacs_replicate_1,70.366,5.748549508996347,6.1242000105130225,40.453094,5.376914679237786,5.01595538518753,2.5351028,64.55428673681307,59.51017611171012,68.81661733137229,80.03073863642041,84.24371246938794,78.46206611459898,45.99503484667441,55.028823433327986,67.8387730960514,71.03528771378778,61.93801336218495,50.63018145778583,6.900195320991815,4.524351225894706,6.429828791504705,7.128537110200472,7.388551773515956,6.358440159185305,6.299303691847579,6.828391789981882,10.096122349695,8.101472736864666,10.027288357548072,11.977665690350344
66600.0,gromacs_replicate_1,77.77141,6.342844085328976,6.49856397358219,17.217361,5.244424044626036,5.244467907734331,17.50518,72.25193531855012,66.45996968759283,73.73087731129951,85.10350856835029,88.95456552835475,85.96631296345392,49.08077030161521,60.2591905856747,73.16594200498074,76.37564544742769,65.00189157583088,51.12876203878556,6.512130953950775,4.094948438939195,6.492567384360525,6.942848206586597,7.505789360680176,6.205306660484985,6.14574470608354,6.610770768762327,9.868495075823175,8.859130718365552,10.948925783668065,11.985678541913758
66700.0,gromacs_replicate_1,74.9678,5.662600021763947,5.806234265606632,19.27678,5.159780677130363,5.151639782272859,8.722992,67.0616586463812,59.0787174899632,65.83076931362989,78.00700321427809,86.39106453367917,82.79846424519626,54.42328861486137,64.82108819377484,79.17073625704694,83.03905106564562,71.57281814007467,58.11070414932574,6.812367238952774,4.395868563249004,6.624066415909508,7.50980026822513,7.719334997497953,6.686740945649767,6.279667645980404,6.586198442375837,9.82187110192546,8.378439682471118,9.761556869109981,11.474313348554327
66800.0,gromacs_replicate_1,73.88344,5.824183482480643,6.045812600303823,19.725395,5.618739503710102,5.485351135686488,1.4783707,71.28310449837082,68.68707545859621,78.53816352678112,89.98479214945836,85.88025281626297,85.49822048316065,56.4347386976627,65.26214636470543,78.20153404547509,82.7686767587716,73.14544737482497,60.698069780483515,6.556116767915417,4.374719117793943,6.662579580685415,7.692359806569476,7.4262824863326,6.447517793893228,6.256784306265044,6.88865624043527,9.913247282524889,8.247019952602253,10.206310707816833,11.717509662059289
66900.0,gromacs_replicate_1,76.767784,5.1715871513950775,5.513042074250823,33.491524,5.414085439736716,5.031470771364849,8.44883,63.55959936376585,60.50417042503489,72.0995174756543,83.54499608285468,88.33235231778666,79.33512317489557,40.02072110040614,48.994256700608425,61.21313179952291,64.93029796011898,55.438748368156844,44.00021014803903,6.645596748187283,4.323278776377658,6.834240994336514,7.67132946077625,7.401953681327901,6.5692286888025295,5.928046883374,6.732265743840046,9.463630358305862,8.387940778597379,9.849700178270073,11.648721479806447
67000.0,gromacs_replicate_1,71.251274,6.056198815855499,6.210297942619997,11.816589,5.008885988407442,5.034000633063254,9.888664,74.08155884212775,69.615247802772,78.13600547942507,89.48301248535277,84.30704747094784,88.85330545348789,54.73547261419648,66.87682031025301,80.05853001519876,82.44927917574002,69.2020753937651,55.067769839770335,6.604840787319358,4.481946128814135,6.521939398832505,7.761911917945098,7.315837897320514,6.208551574385,6.147040805199982,6.814627401813364,9.454744047951792,8.507218919537694,10.124463725126304,11.739816628855099
67100.0,gromacs_replicate_1,73.76386,5.629822886548342,5.752678382251672,19.876846,5.302705789412478,5.124024455986868,4.2592316,60.68101943421939,54.86620382694177,63.61906335261989,75.6028311662613,82.68166942206547,76.67818846335994,51.955432271828194,63.29603335994473,75.66424260963512,78.02844144271396,65.53985551383848,53.23144122222612,6.753222103352539,4.437255163081068,6.6889638907445255,7.2854302458912805,7.420200211723384,6.297551407926091,6.33383318666889,6.7883696863780205,9.42642185486542,8.479148898090688,10.132480209035313,11.142125915435553
67200.0,gromacs_replicate_1,77.07017,5.94963346458882,6.20154965475154,29.251373,5.1294816568309445,5.222319161516672,3.722557,66.46243557164401,60.40324176542544,67.93155382619383,79.13493993849524,85.74124735792995,81.11541602699837,69.14521008185217,74.7289156931462,89.62509885841328,80.24918260063494,87.06371549027205,78.47398768529531,6.591249325854013,4.333627050489523,6.831747551980148,7.34920130843755,7.666721448078836,6.611541487692168,6.518566012100593,6.846025733023715,9.823668412815035,8.455132388831055,10.17543413599885,11.360222897607189
67300.0,gromacs_replicate_1,72.183624,6.256582955080014,6.502762330572693,29.25705,5.520155717820756,5.298343542536161,1.6002655,62.38220135236271,57.64882130030325,65.55588328893657,76.63725333866873,82.1596967708681,76.22905473038749,52.5486263650076,59.0379856896486,72.97933941853623,79.04485893227181,71.15290974269446,58.56796473386728,6.477515327728724,4.267935231489784,6.489196126356334,7.255115298055734,7.527393800236759,6.4694753836417,6.667042391269426,7.08508313666304,9.804362839722337,8.586968920591353,9.894565449521236,11.007170201458083
67400.0,gromacs_replicate_1,70.20618,5.573452736931481,5.741648319231183,8.765877,5.388658003322357,5.175236171009339,2.1316833,77.04837864037628,73.2672745048475,82.8999675448893,84.60341605448897,78.87347970655557,87.2022218186561,55.06272683416834,64.1556883642835,76.26983323155015,80.32996307133229,69.81485888265632,57.18565635176293,6.692992749896773,4.5035589174685295,6.8384961152679375,7.687685705310488,7.4020652192567695,6.588559237906626,6.3645091347642575,6.686041231927549,9.647667581834861,8.908186282982706,9.43854273396756,11.052990174395067
67500.0,gromacs_replicate_1,88.99726,5.805371604333598,6.078399353797978,29.87693,4.942647182143264,4.96064145282599,4.8263397,69.23432339902045,65.40431448293018,74.9335534195106,86.3766570961032,89.59771505083977,83.5784289783827,63.6702379713389,76.36566863435846,89.82931463363441,89.39676888167514,77.68620908749922,64.75207187426886,6.2919267459993184,4.136356113560067,6.848635863684688,7.7619560135417585,7.631544517500482,6.533504545659689,6.072992103581221,6.66205901418555,9.955844325041527,8.183864548391526,9.74199231559914,11.426292453032854
67600.0,gromacs_replicate_1,73.9415,6.068627995757553,6.210330963817929,19.260475,4.98880288220973,4.868070809012894,15.166496,71.67760333828315,65.30820671221129,71.63138599646918,83.12593780134816,89.695999020047,86.96146163473918,47.5163743940427,61.30538623225721,72.7054907467061,69.63544570628586,54.07859013115078,42.69413158924926,6.992773568212556,4.590086590741268,6.609760034136196,7.390045508516964,7.187072535886971,6.457251926098429,5.983609515562089,6.800807713708344,9.574644868328884,8.002804559664403,9.903445529737956,11.393482159635052
67700.0,gromacs_replicate_1,65.15584,5.373134252169542,5.583743236883622,17.598602,5.800967703448607,5.425794161790698,5.1537933,74.42396016561115,68.75770851106176,78.99600898550003,88.29065728053637,82.36700855300431,89.95288708457993,53.244326485389315,60.10219675123388,72.01245834260193,75.82807908463684,67.13013955872202,56.39085034485163,6.582506909907357,4.291285026028983,6.724657372118958,7.4509004336956615,7.360303216995925,6.289424094294749,6.665483259264359,7.00353782987166,10.130261620841889,8.360357762007794,9.377370652047802,11.299218198781546
67800.0,gromacs_replicate_1,79.13152,6.258872606650168,6.46002055538797,27.46627,5.46501000516237,5.448443155032913,14.988609,74.59062978898295,71.24724084695617,80.11133791887983,89.6735245491757,85.31472378290175,87.50545227853301,50.35280531614766,59.727687641213095,74.00003339498133,78.09777024943395,68.69967358345039,55.39758342395102,6.027259472151863,4.0564749836237635,6.727400774100962,7.1834592898340786,8.17304261093781,6.654452910186643,6.615081182486283,6.791429702928355,9.817398140587358,9.020897981792011,10.069262077210126,11.403063763088864
67900.0,gromacs_replicate_1,71.03548,5.572610997709633,5.901426913288487,35.0931,5.644569089259663,5.46235317788978,4.762764,59.242119840246644,54.93317979993843,64.41979499174222,76.24857842244113,81.60442457807594,74.6143678501144,59.28811333273983,67.48881582539705,81.08733058298304,84.87588442550013,75.74820034349325,63.94875950615755,6.508479455433254,4.491344727891145,6.771772213492241,7.6668070373813855,7.817328356032953,6.331678787039931,6.752567322556986,6.678106386083742,10.116111925772783,8.506179526483317,9.401585824131233,11.263728067324095
68000.0,gromacs_replicate_1,89.83246,5.550948993588331,5.706853076536277,23.447586,4.84792981886196,4.922055238922545,19.428436,59.971573233322026,57.63001191817302,67.0538749985088,78.96319883818597,84.42862438378152,76.18937091422329,48.34870493249825,61.72951872230222,75.72011210322441,77.57110837451884,64.25619051608172,49.2156172936988,6.938802382183416,4.532533079350871,6.825659108455306,7.398516222159336,7.470968507826055,6.556650865945199,6.340272943026682,6.600542833121753,9.32388792865415,8.429520910974416,9.542415390748076,11.376069631905482
68100.0,gromacs_replicate_1,70.305756,5.716476303349899,5.868376643227595,14.520004,5.3619203065756595,5.197604493778517,11.9973755,68.62545465610438,61.506621133267,68.03846416935632,80.73011791324326,88.64735294320134,84.06968845486966,61.27483410583372,68.67230572403555,81.11151816697055,87.75505561885731,78.47701398778854,66.78259686390749,6.72762516581276,4.466409918592136,6.650532167005488,7.496742231422515,7.734097915987294,6.792489337238531,6.657813725236658,7.138356758028584,9.656439454369636,8.788751457914096,9.904483198997378,11.212575398275854
68200.0,gromacs_replicate_1,74.19254,5.48703587888738,5.454104673701965,22.522316,5.168816696793627,5.016198035642272,3.0395203,48.79937909072842,44.9042826477944,54.0814798723934,66.42451111608375,73.1326739300389,66.12718275451253,55.9146136599186,63.352334300438244,76.91136775968648,83.89078846189221,75.53056324563879,62.10871447192973,6.3546372822238455,4.22158141639278,6.441483766379937,7.108545206661032,8.309222460893857,6.531427959335339,6.522328872165469,6.7021053765868555,9.210480484270697,8.801228043733323,9.931500889661418,11.10106975779666
68300.0,gromacs_replicate_1,69.76006,6.749951901523627,6.88075289057856,8.145279,4.9757637313188186,5.147954822496516,26.865921,89.76107164023168,87.5966779922168,84.94772943618324,74.93708695956667,70.095934874618,77.884770066259,54.8143594033378,69.00025066390448,76.51762690796033,69.65552972090423,51.80092633757248,44.98428503915932,6.751280787725663,4.387057178100053,6.700095429807645,7.055286885872089,8.093445962365957,6.095639489786676,6.762640823889813,6.54277922493942,9.679919295189121,8.823052333816303,10.115553579340741,11.236740421430131
68400.0,gromacs_replicate_1,70.60377,5.5721333825161965,5.772374607863114,21.615898,5.051226617068104,4.989182911142619,6.958725,65.01731074421919,58.166294556706646,65.71267563664424,78.24580925291465,85.5149348102046,79.98481714408372,61.617222511220255,69.36099309931991,84.11765418677923,88.86256651022218,80.63441124331777,66.48057387883426,6.602562957736818,4.4888427963033255,6.258510362575975,7.155376912190545,8.145983761628404,6.408141592143387,6.642676182741307,6.8689133806875935,9.247763942971044,9.015685429005778,9.725047379552828,10.868899101239789
68500.0,gromacs_replicate_1,65.1029,5.76557460331971,5.899626416270174,3.358162,5.386734056935843,5.173372018124737,7.065239,74.45227749383268,70.59567403000798,78.6613983983752,89.15503114795675,82.64477134895759,89.89246904998907,57.39696050144604,67.72518326186498,78.72808826228217,82.08312705192232,70.204137853108,58.00517685461904,6.7014773953439954,4.6289738539800105,6.864915527100419,7.14486715934068,8.737026945129198,6.3300106092067585,7.152741213764516,6.540809642427963,8.966062142713588,9.347002923605787,9.470290092410037,10.067821592324425
68600.0,gromacs_replicate_1,79.91587,5.727155697097915,5.818578522062404,8.85128,5.636306367494241,5.612405697310944,24.837532,65.71324244111203,63.34903787622739,72.03328137026604,83.9720880507986,89.96978833134945,81.7372600502311,44.13467800162948,56.42701622762916,66.7227268592571,66.14100475573431,53.23155295851703,41.451103830417736,6.685133674477115,4.375783280366457,6.522125431298242,7.154223193666089,8.019583392503872,6.674378925659457,7.181617382925778,6.701848738635884,9.137351708188348,8.777576276401906,9.700953628525918,11.326686537768579
68700.0,gromacs_replicate_1,80.411964,5.869008793411628,5.936536936308939,20.088234,4.633491102339142,4.7081195214053375,29.305298,60.47167214153771,55.679983491542316,63.29854630065983,74.87566131995271,81.5619829979935,76.49393836625721,45.92614361827009,61.358823712941756,69.83211255656184,62.323713652585155,45.175805006521145,35.51022842029037,6.5089722237306855,4.442206035788917,6.619910548477872,7.5445606953469895,8.016249936367062,6.688562884189234,6.506349850409344,6.777844109392038,9.202678438149386,8.294426866221865,9.677129773413785,11.57095278022503
68800.0,gromacs_replicate_1,78.04465,5.604643804898745,5.803995217953295,18.506783,5.66405588057412,5.594479575081153,1.5816422,68.77596073431455,63.24588392233287,71.70886981669074,84.07913637124963,89.3854882986245,85.04567648812491,58.541927013850994,67.69034200432257,80.74898669177597,85.75743431863178,76.49058770006083,63.54096073312443,6.614832657714014,4.127982710047493,6.398195175035136,7.2789342018532865,7.519484022579613,6.376737557770095,6.66084833696124,6.935756969641664,9.803013759096462,8.508268260024144,9.80651153425275,11.244858164664889
68900.0,gromacs_replicate_1,79.90007,5.7553213890017085,5.959645998870692,28.949326,5.252356553133012,5.2880809167014,1.3595428,74.23170214263479,70.97023617709847,79.9605412151599,89.85016807833154,85.11676956507478,89.51475141873084,65.63540721336787,72.61818045236684,87.65052757449054,85.38633663397593,86.83524467639002,72.61658473911808,6.254223462098788,4.216243475447995,6.337757470143849,7.396505403029725,7.8813701737749415,6.485585153539725,6.31587631839639,6.822176328702865,9.731814663192962,7.941981439920085,9.901813609212121,11.457656799367893
69000.0,gromacs_replicate_1,67.00061,5.402960913975813,5.638947422176507,24.728386,5.417087108261377,5.232056817881328,7.4839783,71.56431317156009,71.61780435765532,83.47241418978294,84.98029416933547,84.36449137574819,85.88072434252787,59.547986306645484,66.98567994828265,80.49784369675247,86.05646763673855,78.16045770824904,65.58497298753294,6.52418076277571,4.550726779501967,6.541611133987354,7.719154541159526,7.634391540156623,6.34469579336564,6.458212212344109,6.678367642030637,9.863091729238691,8.173539479662812,9.351677342115424,11.258181621556488
69100.0,gromacs_replicate_1,70.549484,5.054999934516808,5.313922849776284,32.331253,5.162216991865551,5.010723167862898,0.31615448,56.75638526457163,51.895427654822235,62.40695276541316,74.88810798604887,81.80729603680238,73.90737567164565,55.263036249841,64.25294184017741,78.96197689556884,81.99167561365012,71.26458293279154,58.913769916272024,6.500698441019773,4.29291446601045,6.441262108655883,7.354321729983823,8.283625657174168,6.937564051231775,7.40892811817236,6.880570170981477,9.398576380369219,8.325863552284373,9.425723338617322,11.209247267254256
69200.0,gromacs_replicate_1,73.4725,5.3931054702568675,5.518614502768178,9.873016,5.243075645899936,5.1312241082970935,7.587364,65.60114546723972,62.06120747494204,70.64143279023433,83.62346871088964,89.5533143669458,82.82834566339598,50.42674401332816,59.959844232261496,73.21548665598898,78.7273238659372,69.91065191709455,55.34316820549542,6.463911420747181,4.201589131654891,6.315921992231066,7.220795783557361,7.8729712989627085,6.4375214547922885,6.82641523409914,6.718362103270056,9.43156904126308,8.857884860757892,9.672411838050738,11.058433403303862
69300.0,gromacs_replicate_1,74.65304,5.754190750499272,5.9016692000554425,13.392265,5.579940492065915,5.554057235369327,0.53624725,78.84322534846045,77.28253282389859,86.71455307203259,82.40932662897687,77.53989850272598,86.76269545041508,61.91436253342263,72.2998925354408,85.50181327756636,87.77884222132796,77.74068297480339,64.97014288175089,6.737045923841017,4.307972263604299,6.84434105761885,7.3961754756052756,7.751275807546411,6.504550090166991,6.769583827012539,6.8647391019864,10.193162123789655,8.639279705727112,9.703329823291376,11.114611108431765
69400.0,gromacs_replicate_1,75.734726,5.110303581016147,5.514383958969746,42.137268,5.4820182720030814,5.224921295661404,3.5457687,60.81884304081364,57.53964275552372,68.39541712635346,80.09892774262461,84.14692728294563,76.80977997423649,50.518247278973895,58.44948394935969,73.15247842290397,77.0071244019123,68.32758759173349,56.002264866614,6.7886871903587895,4.498407622246588,6.69345957578037,7.47435591471547,7.369129119143233,6.591170039621706,6.566611179018985,6.9082208639762746,9.908344971347084,7.959818276691894,10.02096109328633,11.590839051003353
69500.0,gromacs_replicate_1,68.5926,5.74128707963156,5.944795034683907,17.58554,6.110464475153815,5.880345175330173,2.7781906,65.08832520747468,63.36095727024551,73.75056385673898,85.13772287506512,89.74287370277186,80.35731551134023,56.701333842448186,64.48653632716666,76.11247535545078,80.3238570386016,72.71283607687495,61.166397539845576,6.311084830808682,4.357537990126431,6.588501204702704,7.633685174399082,7.682771519445086,6.426924915733111,6.124607931121369,6.596051981958057,9.998845621942529,9.035714912045968,9.665569325630393,11.173181193451269
69600.0,gromacs_replicate_1,69.03396,5.684988871813535,5.893578093635934,20.309502,5.369118326427949,5.341669453275054,3.4125137,67.04665865083011,63.030311319388396,72.76637727836128,84.29062815196764,89.23730602204161,82.2908476927514,61.97918325142946,67.78425651812437,81.17536382975729,89.29190446865103,82.63311494109641,68.2551455585314,6.821291719851626,4.591140176755716,6.533806213904247,7.221814571881061,7.444892834504662,6.266292418273431,6.638263801895821,7.026521916633447,9.486565289431619,8.881978522972302,9.830827379821683,11.28628532230373
69700.0,gromacs_replicate_1,74.9356,5.524446881581374,5.626065020933048,11.415192,5.406326983761925,5.285638510592458,1.278244,63.860625975087586,58.875341145853525,67.93148734114877,80.08297123612178,87.15374095593117,80.06559231796022,55.43683227580548,64.46097447383204,77.73965872045711,82.76415108717323,73.13433710976815,59.55904858134928,6.581845534248128,4.311688959936466,6.772251141794873,7.555168214926299,7.281894862724039,6.370937587822473,6.132720206317947,7.024138013314076,9.555079481993202,8.545881894386104,9.909682516090049,11.485872620214229
69800.0,gromacs_replicate_1,79.88983,5.778339599500514,5.827179826402444,16.253357,5.777898569630623,5.824302924836663,4.9308014,58.3768791093801,54.47503603407007,63.47925682072427,75.02394114418483,81.11398498342042,73.79294368963669,66.3622783603924,74.93037083766143,87.45552814109578,88.36529768778527,82.13700081219704,69.40586271415918,6.271486971357451,4.011283761853136,6.477859354750982,7.400332865618594,7.969225833049807,6.609471162020406,6.529375838262324,6.814897739663429,9.630233424078503,8.998537717482362,9.514252766648614,11.116212844840803
69900.0,gromacs_replicate_1,81.22132,5.872460694773878,5.901391978220425,18.34594,5.4135577177240854,5.435626340838361,4.3567505,54.82122976233921,51.306349791876336,60.07202969066653,71.39191467947947,77.61585474662218,70.15561698474912,59.01179150939484,68.32369557903597,81.09725890605236,86.97200703715919,78.79345973532094,64.10165339054396,6.564182672664512,4.578790767910664,6.5953903221312125,7.585731355146044,7.366497292372024,6.335425025386362,5.8445066843440525,6.752844628550009,9.697013217282455,8.872750994883917,9.602775739925791,11.111260930419096
70000.0,gromacs_replicate_1,81.47845,5.671745362585108,5.805860667186472,16.615425,5.044988472217372,4.966045384407506,1.2497787,67.00944446322876,59.454494535497794,66.13478526410044,78.93037541301011,86.81124536711461,82.31817543794386,55.725047298066855,65.40613661791802,80.06712182399212,84.77599856066973,74.76714892031958,61.108694488017676,6.218805181070815,4.3988621146727676,6.252675097571168,7.5059304701019025,7.4638313131720375,6.548467158286931,5.936364960259727,6.7598544843871675,9.355098387371402,8.589210567872275,9.529491838841142,10.860065708217538
70100.0,gromacs_replicate_1,72.93208,5.701951317060339,5.697175019035953,9.6104965,5.4166273193385726,5.401214280836875,5.0832596,58.166412169527746,56.876164704177484,66.50042751036129,78.26055314956314,83.26496385240216,73.62243070783322,62.1597274816699,72.48213361578168,84.835685488759,87.33698149410071,75.13644946007514,62.8407416831906,6.4081849524668435,4.524919477344799,6.443127848570091,7.472797071901816,7.680832265513646,6.271085677186505,6.790348079667061,6.660705246022214,9.548607990228547,8.771496630260376,9.514436397434736,10.766271780314934
70200.0,gromacs_replicate_1,71.601524,6.088973116991442,6.2702205490536285,19.725502,5.000960839242691,4.950229602171815,9.062668,70.44919019537508,66.39115818494804,74.25797363913925,85.66524095868598,88.7353899052842,84.88682708048061,51.7627908020471,62.50778371383839,77.31395176746466,81.01723120815988,69.24048260886848,54.95324325752337,6.610946703859555,4.311709079905358,6.477354066708605,7.571132651173656,7.536740386012059,6.555423456860477,6.185237809140331,6.602709378693866,9.46407020485129,8.865850571553894,9.83550600330378,11.298228840483091
70300.0,gromacs_replicate_1,75.69796,5.733110294088689,5.919031660785909,15.362007,5.474390417347131,5.40415845601618,9.8452,69.03994846889236,67.40267321858296,77.14898068947551,88.10277906332013,86.51990828382193,84.39024671935366,52.59974481820615,63.576999618165885,75.57553326861053,77.34702864955884,65.93842623813103,52.75768369091105,6.54594966333522,4.1573124146892635,6.40672373139941,7.358676517379717,8.09668006985114,6.468410767891639,6.614168304527961,6.6842025244291765,9.619694118145068,8.602396704228607,9.48582455792155,11.14071970676135
70400.0,gromacs_replicate_1,76.21826,5.163082151373569,5.411399615163461,27.167175,5.352259168997607,5.126765175873768,6.256027,57.86400106665063,55.57365060013652,67.13759079049713,79.40747980796124,84.0596064976828,74.52786285748297,47.94524131592868,57.50323711623941,70.26193144786394,74.13161271229787,63.83255711452106,51.02076390041883,6.737782550158279,4.527424654124116,6.597809758790433,7.800658055687572,7.547093113771674,6.459567690439174,6.5689405103459135,6.791143472096558,9.3615752881849,8.78891474890297,9.365259078467572,10.838799203223319
70500.0,gromacs_replicate_1,71.88003,5.280959267345751,5.5279103393634665,20.546745,5.470073833885514,5.338167355625643,10.157173,68.14939189968803,63.92220312957599,74.16153356962936,86.9540783338662,86.86574604367293,84.40464555378554,62.44687889727173,69.90837332953814,82.41111243625974,88.8996848058099,79.96024973036712,67.37593511470112,6.552947284548014,4.42208874365385,6.957093195680573,7.75928265445566,7.70909080906628,6.339496675727357,6.212860153653381,6.901504992543911,9.834975257116309,8.41984223335259,9.980324858962845,11.56208187054621
70600.0,gromacs_replicate_1,74.08073,5.973107736023162,6.170437678529188,20.215652,5.1622099878335135,5.000303269904699,4.225052,74.89416389865107,71.3856166499736,80.87284174292077,88.12837202476744,83.21966793322375,88.99361104084059,56.86723413455817,64.82199462021866,79.01133309020017,85.14588337799002,76.26853443636332,63.271065807557726,6.348074620624721,4.268518873363651,6.85228805881893,7.750467401059685,7.612983644331642,6.543534128750856,6.43301566313925,7.037779557397235,9.992765009045156,8.376751913039998,9.614281811080568,11.300423371553507
70700.0,gromacs_replicate_1,71.42537,6.102265665441802,6.274430765265873,15.456902,5.228094857685804,4.973922578498161,10.967499,88.93093566623119,83.30370315029343,89.81827744146786,78.90307352896023,70.99293934519817,76.60630347634725,42.1631098809372,53.00687379121623,65.27865836509203,66.94145536027956,55.087806296141935,42.31986349815545,6.655279622966352,4.400824722186811,6.499189666628073,7.437161434217696,7.45792947475459,6.36579643220212,6.843932374425834,7.049648767253372,9.54285500956657,8.929914144915772,9.804569387073208,10.926786010823848
70800.0,gromacs_replicate_1,66.66577,5.590991519997774,5.848668326607277,28.612091,5.711611491804034,5.347865245367111,1.2480927,72.08959022117793,67.47407527210912,76.98784079036568,88.891287632562,86.79255658255539,85.71683701107911,51.06787882392848,57.98531708500797,70.6318185532231,74.58032967006774,67.27542647001502,55.40721204371612,6.707395925057482,4.274598996342855,6.317467270840584,6.990298549621284,7.374593029705207,6.3275907023349065,6.419917866901532,6.952617294270465,10.10820128322396,8.653698976228565,9.981521923676686,11.48553495673018
70900.0,gromacs_replicate_1,83.27293,5.870334627340352,6.058833923506119,15.6735,5.516444470961343,5.514172022681418,9.073875,75.34437128275397,74.66284813626399,84.23372186953277,84.88818209319489,80.5943813051489,89.49084248361814,55.320158787604115,65.63381666326694,78.8634936960346,82.20202660800922,71.4446062078924,58.1184553784061,6.3031543780825405,3.917780198187381,6.284784143925128,7.4415646867194045,7.879497347339227,6.620793053203417,6.921271253165468,6.866722343046938,9.876374516231918,8.691282463189768,9.646281004353249,11.280549400172124
71000.0,gromacs_replicate_1,68.812996,5.3753916682809635,5.5504835067661284,10.923561,5.474777511228582,5.253571908820028,2.5985184,69.54316514026434,65.82449922943026,75.59705231309114,88.2098537073904,85.77252388585609,85.70118209383375,55.071533235401915,64.39198669437184,76.84558902361422,79.34059878015861,69.006391240032,57.39724259515688,6.434744699001422,4.190285457553542,6.383481329193435,7.280499210553074,7.959425232386643,6.301818842776772,6.716423935937945,6.648936818375468,9.434867174363019,8.349591096919902,9.449832352316307,10.61896052541045
71100.0,gromacs_replicate_1,75.17517,5.131019504035102,5.353773960039924,28.214031,4.9881738769830655,4.7409370576564,9.08847,55.09361357538599,52.70761467077861,63.14187901515472,75.89700661179747,81.11293138182454,72.03088987083524,45.432412269656844,58.3353506696096,70.76229858213219,69.97116619532589,57.25771172909929,44.57307198890242,6.741151090195688,4.375570343507201,6.4052945260670135,7.360697725982631,7.653441397874522,6.414314755253872,6.826613883217838,6.700399833895771,9.384545401990907,8.282230712802429,9.789642094842442,11.172153897819786
71200.0,gromacs_replicate_1,75.4462,5.90420814707985,6.096788482969865,16.068214,5.348756883590007,5.291397810026106,15.515846,73.16318417688355,71.18359225830564,80.33642916988485,88.83483234020072,83.81129466002128,88.07614582748897,49.122632236001394,62.04344754780911,73.63117838079953,73.70070045626468,60.88205357848981,48.39498588036318,6.725380564219104,4.287046615262803,6.391180195368411,7.251712581875065,7.344175307477345,6.728803007476196,6.276635324413638,6.749266871098478,10.052811210723567,8.268042681195965,9.803611026128147,11.350748774179054
71300.0,gromacs_replicate_1,68.146286,5.540208504861114,5.733710973729179,18.898369,5.501842737335644,5.364402805074253,8.688957,64.82776859955752,59.51938921299865,68.71380436239598,81.32191568268439,87.33554767765159,80.87075503695391,61.900799732166064,68.49516718591431,81.60109278717391,88.84139677957982,80.83528252386924,68.04448978110783,6.91536450641794,4.48050832657288,6.906210707247481,7.776311866162439,7.379955626404491,6.651207189669504,6.580590931623808,6.9352946296107145,9.303775279441355,8.56455018323154,9.658302845781591,11.276130384067187
71400.0,gromacs_replicate_1,68.5086,5.8763722015112245,6.07324430669422,20.466553,5.339873945566339,4.963374919902478,4.120804,75.27753128934046,71.6518267965007,80.76551565079977,87.91426035261529,83.48071447040654,89.30104957641207,44.91045640714912,54.005076348126316,67.14632350221835,70.7646607659438,60.63677527704285,48.89682506511583,6.303844221501144,4.21999244872888,6.600182672846346,7.7199238120317775,7.45676919480448,6.595608596376834,6.640050954954125,6.992859282828217,9.701451835438657,8.381797092980175,9.554750064702002,11.27698761910276
71500.0,gromacs_replicate_1,74.27348,5.812665472991974,5.952941551571912,7.7590256,5.557223087395797,5.436637296362059,5.7515945,71.11774371546855,66.30536973316053,75.2752017976213,87.12773422390593,85.98760095533436,86.77454579964292,52.90190040309125,63.32014628601223,75.45553928291203,77.14627677912638,66.54652760128432,54.562385388596205,6.576436543004241,4.5309014574594135,6.90731979255048,7.83230963314599,7.397957587352355,6.395965691163306,6.194153514832369,6.619734718365781,9.970268483131635,8.669631756776601,9.71844768986374,11.304761743257389
71600.0,gromacs_replicate_1,69.56244,5.904883586128884,6.112801402943545,22.846443,5.326215317207767,5.208091348149709,7.789383,75.19432657165645,71.02505182888399,80.13137721306013,88.56444580760277,83.59358929331401,89.85201238253916,62.34081892387577,70.99826784976061,84.74324385461074,88.00414476208816,76.83673912599944,64.390114598738,6.4078257696968155,4.053258782339498,6.4363275656414,7.615825466061819,7.677271767144947,6.664010645441563,6.104952225367789,6.86295713015462,9.916915002990384,8.23266993005513,9.58834211511012,11.057219246206637
71700.0,gromacs_replicate_1,71.41801,5.531984082501207,5.6670629290367485,8.711304,5.730954755894756,5.60492875808088,18.302116,81.7723070414799,77.18411678124657,86.75313124034729,80.64535172334212,75.06526703164404,83.42326432331406,67.28770632846225,74.04965766808277,86.32113706903037,89.1964122562913,81.17316754518215,70.59381549181528,6.712444738888406,4.464244836256417,6.480697377585786,7.189854252416633,7.811868359385436,6.72556946763908,6.9292149385056625,6.808632072854095,9.660071999499527,8.504719402547103,9.097495951066918,10.86645094105638
71800.0,gromacs_replicate_1,65.874054,6.047099723134761,6.085039382707133,0.4109192,5.4267833466384205,5.372454143986381,9.079834,66.65126754485928,63.54634176592847,71.95822301001596,83.42933032952516,88.68434682578055,81.50872651656582,63.68408333897265,72.56232121715112,84.79371282593154,89.91335053055933,78.16148309250029,66.11322225484064,6.927057070578409,4.66964787799259,6.445551931214124,7.375100976461533,7.568467924326321,6.200024380740193,7.059468707181323,7.055100930270232,9.851842936761756,8.72874596513272,9.622002651913151,11.174052785141452
71900.0,gromacs_replicate_1,74.97409,5.243469455462412,5.2634591382247615,11.942635,5.477214641856596,5.173086899922316,0.84885406,60.20108711358732,52.95513790670375,61.35786213432371,74.03656561497826,82.56167526376684,77.61973392705202,49.27255745359681,56.56342232168547,68.4399121196764,74.66582554826661,66.89169652185323,53.81264062446118,6.753893542658847,4.811442927485783,6.594942280144866,7.639870752767717,7.580540826644911,6.196061487096831,5.900824190714121,6.557184752650814,9.159654716275197,8.634910081004296,9.795342560105277,11.057647881640138
72000.0,gromacs_replicate_1,75.6702,5.99332064054878,6.13786772119361,1.9122467,5.511735878706956,5.450789654622808,7.496132,79.58411082027405,73.44409650984183,80.15021553170043,87.82007756699798,79.43703971227144,85.2293888756261,62.9546322917678,72.32590783348715,85.03743923800934,87.93311733801129,77.16847984651565,65.3100111848559,6.88014595191757,4.563220046944633,6.879449289281361,7.261660553029275,7.759755710180661,6.203841657732829,6.243919207946874,6.5509199469733455,9.774618725337595,8.783196125820249,9.975549804711722,10.997345645895418
72100.0,gromacs_replicate_1,70.25737,6.1698788506755475,6.170309982425642,12.481621,5.485527316463223,5.392929707396767,18.627945,85.66190166275994,84.5824200768359,85.81509141435954,74.93762093457532,72.72187411811213,81.26918920772174,67.50225870755997,76.34464281343136,88.62680231601999,87.03054600605292,83.5048268675002,71.7675446254167,6.879697838475325,4.225100487290294,6.580629276313211,6.869297845205328,7.214714360362708,6.174037604075714,6.120577552532757,6.511201238773638,9.92449592047477,8.163020004588446,9.981299091514593,11.519745008001898
72200.0,gromacs_replicate_1,68.1688,5.4994293977553514,5.682520144776502,13.747131,5.5142015010647905,5.375799242447995,0.94010925,76.27343295355709,71.13160932757602,80.52383581756574,87.48021592620371,81.20011224573504,88.65301883162371,58.41980305189822,67.01735188759531,80.64754392088678,83.32268416510382,71.83937984353376,60.43289033495351,6.351857522259956,3.992459623288386,6.595125413729298,7.296801959469292,7.48949032355904,6.502560354586781,6.690955085851414,6.45587947155911,10.109721360004116,8.777551138327057,9.526644978616108,11.225529921141408
72300.0,gromacs_replicate_1,62.895943,5.531626227665756,5.7570360706274775,18.303696,5.531325593766418,5.339692117648783,17.359566,72.00933578443265,71.46684882467315,82.93599424653162,85.80411291086182,84.04256575551756,85.87425250871122,65.02481624619669,72.57942559130743,85.50280052970062,88.51116840673677,78.33929906950806,67.70428365275517,6.3245046753698695,4.232590520014873,6.654196196447276,7.338529644784856,7.937354932196042,6.6837100215901994,6.461468859865479,6.586009668297096,9.8807442328802,8.693821566238187,9.073233336469238,10.598608336175458
72400.0,gromacs_replicate_1,63.98962,5.446097992556993,5.432569856802541,4.575287,5.3932272028849315,5.235739423371925,4.202141,63.90682379263769,56.61994454255989,64.09360798488265,76.61863408065113,84.92417522588697,79.50583429230694,58.02427600596419,67.958684045936,80.56821066712341,83.1664501915699,70.88617888325597,59.335136506060564,6.507928348927588,4.1865227926279145,6.467583439605908,7.507043405802309,7.800993354879175,6.660932011227337,6.6586951659822295,6.669460814025839,9.71104670050052,8.71886526362287,9.256868878586953,10.806146745188743
72500.0,gromacs_replicate_1,78.03172,5.658532630572315,5.783070517020729,24.075317,5.285006834773431,5.214076305999087,8.763809,78.37004230675801,76.89902852115779,86.554473143416,82.48647907756487,78.63825871546823,87.10692476457706,52.34859069636545,62.179341500332676,76.00301512751705,80.23594795109771,69.07522094823088,55.631783712857064,6.270010568005355,4.182874610644632,6.341299496998154,7.138679935925858,7.768235246309457,6.627783301569766,6.720080607566866,6.890597552198557,9.431363052603288,8.384220616036433,9.189171383339682,11.030201537965608
72600.0,gromacs_replicate_1,83.63053,5.873460202906723,6.006322575546458,15.370605,5.086360988708865,4.973578500248353,11.316582,68.30235775777658,61.89551939663525,69.47525181437805,81.06379166672713,88.32291669108618,83.45686932027031,47.926819948804415,59.02989048613008,72.87554594750709,76.64344323320142,64.84094263964664,50.326524195946064,6.5020974243007545,4.430161180230012,6.412361116675429,7.36360118125111,8.01492157364315,6.763860759599453,6.764294689193704,6.900590684626107,9.5871349792081,8.907452595336776,9.601075814484133,10.834064548800313
72700.0,gromacs_replicate_1,73.43105,5.516231225609833,5.690104832522551,4.160866,5.571050848714479,5.505104795190676,15.493889,69.83596913354779,68.72420844612262,79.63377979157232,88.36554652027397,84.69854179539176,84.67006199414612,66.80343205783261,76.23719091649097,88.52241746890486,89.42321160200035,78.913944956857,68.01191727027198,6.481697748690751,4.534631219822405,6.361475351153435,7.612389635563941,8.052136093620046,6.1583984964271945,6.197936451887895,6.600628174003964,9.838389622105794,8.672511356292219,8.888679805232638,10.765338052184113
72800.0,gromacs_replicate_1,78.14578,5.84154081325317,6.071566584362664,27.511925,5.050600037662478,4.976710227672173,2.4510956,70.9852678072547,66.8074209313676,74.75686551180978,86.48423304033778,88.04823622071046,85.22309514213998,56.229281876645196,66.14393721857566,81.57832469728174,85.40481367694139,74.97226351799162,61.60957526612553,6.624561018396132,4.4802309431315575,6.616371468794826,7.4180799210317865,7.379440195052952,6.2445518262310875,5.958552660074627,6.9944256639256555,10.256409547707502,8.232706565308963,9.480045695437767,11.74449439286618
72900.0,gromacs_replicate_1,72.55033,5.963125103593527,6.198124720397438,24.053123,5.242297927798588,4.981973436935698,9.504944,68.08513394316645,63.977750408506246,72.34082960957102,83.86691464026953,89.62681998601322,82.54713767066046,44.00304723161548,53.71362119888165,67.66930526186457,71.51822326331084,61.42655148006348,48.61048531562934,6.611425527541474,4.125625295919227,7.006891377530256,7.606409623064495,7.502530981482677,6.493452257405303,6.3764081435571205,6.602212430789928,9.699643429892534,8.441426400927313,9.96377035451904,11.13545583879833
73000.0,gromacs_replicate_1,66.384705,5.259035583535095,5.4173612479378015,9.912346,5.508126322968069,5.104808791021375,8.196381,69.29622324935973,63.27361494267633,72.41353076327596,85.51252267300919,87.41111688897227,85.90830376770103,40.18767040587985,49.369408670130234,60.38386894835693,63.60354936505823,53.95261537896563,42.4857336153783,6.5634540682619145,4.247965041297188,6.994845911241958,7.675269815598037,7.651435279265481,7.098725918708674,7.365595313966349,7.7005543534267495,9.332477074444894,8.393357714421601,9.653096838500351,11.035432097452953
73100.0,gromacs_replicate_1,70.22531,5.592510453810914,5.656986374839796,11.634056,5.363539316001916,5.112574227309253,2.4802704,65.22095403478191,58.398869830004166,65.50823100562877,77.79856001881114,85.57759627426276,81.02112363413313,51.120155686124185,61.99496625046872,73.4250360140853,74.25788856873905,62.67866453077125,50.118991255961845,6.765404096405758,4.460831214332989,6.611079723469044,7.1833409047400645,7.804674118214434,6.356723326341067,6.93202899909535,6.730507549982035,9.584639595709481,8.668999926660751,9.430447371359572,11.12151808135475
73200.0,gromacs_replicate_1,78.24718,5.689987020139044,5.78202975793113,3.0101624,5.5375336034349605,5.521499015282003,7.249466,69.56864625183754,67.6867277902751,77.09227960104506,89.0040256061413,85.59707691913846,84.85348074919504,58.35082959822844,70.3224368282544,80.54991133141733,79.12364914253817,64.45794286572722,54.555057750484586,6.698367606655386,4.55628511266727,6.24933532771574,7.3099564153972105,8.2397776809358,6.593395519401634,7.169138570804724,6.799300130138642,9.485028140199345,9.014332896780727,9.222490281101345,11.001009301693127
73300.0,gromacs_replicate_1,69.78091,5.430191175337412,5.542356960642964,13.627129,5.40150001986921,5.360844526922853,6.818115,64.45336483414906,57.07632094527272,65.70340335369414,78.59029134164784,86.15737586401042,80.07458825378478,63.23294498374165,72.80451935207793,85.93878687100514,89.25101213759072,77.34632157528522,64.96111644859383,6.792405269616918,4.534419657982797,6.929922522264622,7.960579597203422,7.569398025912806,6.3468535940938455,6.255827927053963,6.9224451448675905,9.570345635303427,8.18303092830457,9.5710953318049,11.660700785311704
73400.0,gromacs_replicate_1,73.82861,5.999970815158658,6.150355527982023,8.503067,5.435477925704049,5.230923323092773,4.888176,78.09436331927706,72.60365334383336,80.64823655172613,87.61440093250938,81.35306804019908,87.55385669813957,52.40871920002866,64.65104402297807,75.93909712508724,74.6539555563418,61.98258799001011,50.73106310851981,6.529524142591347,4.223746200677943,6.849359600480077,7.232132305225832,7.395893351232889,6.358836445791323,6.695447089220232,6.857398291568237,9.668584950315973,8.662019441393154,10.369173908903363,11.38984014968271
73500.0,gromacs_replicate_1,71.2732,5.763239211702992,5.937220552637793,21.75962,5.418648602898746,5.113101140136241,7.8246613,76.91837965081724,69.21718354941753,76.6057654280862,88.05655508465243,84.2782838558458,88.82283971302674,43.69501618971157,50.250992458802564,63.98374863353301,70.17453624102271,63.40790216001129,50.97524554912692,7.058325280036734,4.367121433709003,6.638492917561906,7.5156421253728904,7.584031744526789,6.508087021332752,6.523937120540879,7.22091686372532,9.561271562359817,8.487743068042093,9.769545404877134,11.169727020603618
73600.0,gromacs_replicate_1,78.693474,5.3226487753926035,5.584860533158408,24.540009,4.953310264001128,4.792134829969809,10.343361,64.6402434745098,62.3086268329269,72.92341669745501,85.24542595664248,89.90490069791412,81.44899759086866,46.13965466032865,57.912995457520815,72.15042521678696,73.41595535411335,60.98036411768223,47.93832172495023,6.8349036038174145,4.560678431264906,7.121265653072565,7.674017091670751,8.034642065961307,6.597021045306427,6.90589471956679,6.940909383059034,9.520332772309663,8.515408681730312,9.269539759404298,11.015257050048648
73700.0,gromacs_replicate_1,70.48966,5.29490810332898,5.316687601019902,15.853279,5.518349409646202,5.250583219197332,2.4055023,55.68098689430966,49.80462531044904,59.28799285260563,72.17840494464036,79.27705063188789,72.17628349828516,54.073830089941815,63.32227102555099,75.47125015225436,78.28906160188079,67.0154666956147,55.03759216699913,6.554572991754497,4.217798177420501,6.692518329615441,7.6174889051988535,7.612620886562809,6.5843755007824365,6.793894498593065,7.137068016616718,9.585358623110757,8.402035949121096,9.259975014239666,11.271083213755306
73800.0,gromacs_replicate_1,67.04998,5.671483828693805,5.828600032767547,11.817589,5.449876347393227,5.259493516365061,8.988304,77.89314862022967,73.5237967299806,82.6012920437565,84.92589424750432,79.58398787395886,86.72930410995463,48.493859991827115,59.77810757783518,72.42132053273518,73.39209879050834,62.31389602107694,50.109156950891524,6.9211445513453,4.386537065696569,6.496462418154182,7.125719033968255,7.449943005846295,6.439197520706419,6.628966765633953,6.5239233818909055,10.357833067906256,8.558643920979108,10.088640379617035,11.770794272520874
73900.0,gromacs_replicate_1,69.08174,5.4632971784732645,5.372714742592869,9.882362,5.217129209990993,5.0337116237089665,8.450584,52.74050229230405,48.666190558734264,57.53777193867509,69.97860277192966,76.34577066747202,68.68967100186757,48.292971709640995,60.18651917292143,71.86167126387096,74.09512348183922,61.326259514650076,47.756831155937114,6.980826872403296,4.7060418513009035,6.612955799370876,7.453030848672132,7.562885882734898,6.103050814667404,6.695687496016552,6.624263726440332,9.487295170038168,8.888112503934682,9.533100547770132,10.903817121132615
74000.0,gromacs_replicate_1,69.872734,5.40002448046867,5.587391731481804,5.8835983,5.313921011064758,5.1224925588959,1.7118835,75.0150544527301,73.70487764270155,83.88566527119687,83.23152509067509,79.00541928990162,88.43836560181774,55.16664637687335,66.17317576836425,78.25664533567651,80.34814705480831,68.15869873585531,55.82386938391174,6.677840859152249,4.369871989139506,6.558535510487007,7.069430324494599,7.781721992594172,6.295898988131579,6.7902776104193165,7.0270802223638755,9.309407387933268,8.731834569060148,9.411227932168119,11.062451113121721
74100.0,gromacs_replicate_1,75.3205,5.3879527992881275,5.5389690170799755,20.120514,5.257611309702786,5.117224519788982,8.432449,59.277273218416916,55.50688241507461,65.98925712493038,77.98287942518154,84.42899151373089,75.78423685679128,49.95790885806439,61.643208665410505,73.93038620108298,75.28423678638997,62.33333906102664,49.901683345669106,6.642154047325513,4.4866378394340565,6.621972918488736,7.537959004046835,7.7676616534000384,6.353113704862216,6.468341689370281,6.866310942978995,9.581875991729111,8.586618969869013,9.734442608665363,11.374923897721322
74200.0,gromacs_replicate_1,66.59804,5.499352900363745,5.757791643690774,24.491241,5.6179926712738455,5.377712887017661,9.129936,65.92154574820032,63.41027948474874,73.4090760755385,85.48445097823318,89.64075045611861,81.29520616314474,59.65099712435948,68.67376244179918,80.39186267048457,81.40915821440207,70.96939798372856,60.53238983068654,6.67438632618586,4.677025589503596,6.7329066626084,7.195265110389418,7.636926794527518,6.488718308094122,6.720538720242714,6.767360588219271,9.679138682537562,8.57607272399895,9.653586644829984,10.855213641031929
74300.0,gromacs_replicate_1,69.73093,5.58538881328285,5.8075848020259295,22.825691,5.13949760346891,5.121420551164693,4.322151,64.50045191468638,60.2564052252491,69.8077359401655,81.995228117358,88.209713778002,80.41178908621671,62.24890937313133,72.37409870462533,86.22045192819508,89.68676813434652,79.34465265390268,65.40151124460704,6.923676455947168,4.45406636694398,6.521597736351214,7.232608288512664,7.552921386612659,6.493886437532098,6.259393707160385,6.726340667912586,9.579421587294002,8.625737713795035,9.632966157149873,11.269307225651088
74400.0,gromacs_replicate_1,64.4347,5.822605664317518,5.990117440788326,9.465065,5.354986915434973,5.297834643237858,7.2091446,76.73948364707351,73.26385275407381,82.73310611652238,85.74847593293724,80.8120788684404,88.53363871818956,63.13833381012672,72.21052408145381,86.21112812895247,89.76907627006997,80.06787684454993,66.77388180443819,6.791649748200306,4.3604246553424035,6.638152521672283,6.8556011595245065,7.942973824098469,6.501536713113613,6.2842614350218255,6.724713589045934,9.887840865967304,8.902636081153585,9.874971692102443,11.276690440459221
74500.0,gromacs_replicate_1,75.20908,6.019250376061225,6.254385418621394,25.071732,5.308819971317854,5.343673620272169,0.90945435,70.91429656923845,67.49096999065603,75.84062740863415,87.0595443977368,87.87716927399762,85.51859226618252,63.685537275915266,76.19370810878286,88.84046916783157,89.24730966040265,76.4528774801829,64.42239982676662,6.799167326669711,4.338033374724983,6.60511178453058,7.335592928239806,7.131503712949252,6.205184722477725,5.965144347137789,6.742200507303055,10.128645900670872,8.686169996978851,10.037721062912805,11.793837786523083
74600.0,gromacs_replicate_1,75.51852,5.252858940543372,5.509886532854224,22.82515,5.0165603088978195,4.868463980936109,4.501053,67.67140713266434,64.67543424449684,75.69155537463328,87.73306727244335,87.1510666332194,84.3338063643144,52.3652764206283,63.7526882012069,77.89318216147049,79.2700425358177,66.42630263742126,53.40778892440004,6.574160150456319,4.347152138043156,6.421370498821837,7.35304972581435,7.802376491677764,6.682371421398489,7.36694556297842,6.960747375186418,9.371108916860791,8.182500430433544,9.252693334119288,11.301928660605132
74700.0,gromacs_replicate_1,74.62638,5.532435410329437,5.685017944796994,17.348717,5.4849018192332055,5.24805111708336,13.224251,62.258666023986216,58.4160991008468,67.68529446314174,80.10464001306003,86.43209065064464,78.40561228346515,43.705866515436696,55.32347888017393,65.91728538940565,65.74316329252038,52.45973128161496,41.234185339148695,6.821876972607467,4.595196552564097,6.472183456255786,7.347657260573403,7.757509046390492,6.266927039417747,7.0768641174267675,6.9409775505957025,9.544769720063547,8.84167811805277,9.81387056227216,11.086446392126208
74800.0,gromacs_replicate_1,71.065285,5.853598355790928,6.054342132308272,18.577324,5.1406208559349915,4.987015246764482,11.33857,68.56665390691168,64.51829165389252,73.63901415642509,85.35410545408152,89.01825632097012,83.63045759061954,47.402426115143236,59.28533154348628,72.05884910236139,72.45663814573777,59.57017543147736,46.77054186819724,7.015797882051608,4.511119852917671,6.805681063750379,7.2574291776827415,7.916560949696932,6.400589422685331,6.794632213737266,6.713236039596201,10.146704214403883,8.584102470269826,9.750047713673945,11.074853971257184
74900.0,gromacs_replicate_1,78.808784,6.254377583574464,6.43289632578919,18.591896,5.538902060946412,5.632720680729436,0.31609344,68.78252433277108,65.02870976317169,73.17560508428232,83.77750424482595,89.64122237498214,83.04433493115927,65.49147834321114,74.74619945608448,87.89119699261931,87.18619835992442,84.47303546562749,70.41024274603727,6.618433213167473,4.234372607407451,6.320726812290701,6.642745959191138,7.880424551112634,6.62067894023037,6.664984110368749,6.725877004117655,10.046208348527655,8.840490324452178,10.17027447967879,11.229485593411479
75000.0,gromacs_replicate_1,78.07807,5.500703119662418,5.636923746598997,0.2825699,5.3429500690523675,5.303667049491745,6.7676315,72.70258863053941,68.55981874851477,77.94306399759824,89.8596163534773,82.88206582762099,89.36197509013842,54.42242613970128,64.7557043995743,77.58775778487775,81.41472165700465,71.22941338180993,56.664739278690575,6.792452604329911,5.048411098309929,6.555887514273805,7.767814450618288,7.5943108705620475,6.167048960798377,6.27618401467785,6.832883177538548,10.044175960631819,8.3497971866275,9.582411668706262,11.506029052164177
75100.0,gromacs_replicate_1,62.602314,5.511216237252156,5.693542977920147,7.336273,5.3496766955248365,5.289912275332307,13.4247055,70.61497815825565,68.43517568113413,78.96281839193307,88.41236283271004,83.78679293035259,85.75836785503634,65.6906922515072,74.71102605642413,87.4525414728231,89.99843200628223,78.46105464831413,67.09383376614525,6.714384844713473,4.35660453399383,6.559511383474079,7.394428068564535,7.4697130014829956,6.466915778450803,6.161399903085938,7.0890057680380965,9.574788848821754,8.461115541511708,9.44649420856343,11.19437863150213
75200.0,gromacs_replicate_1,76.86852,5.617801395057581,5.830172013767253,18.336609,5.296193967566203,5.008749858041516,0.9499588,70.65714958359527,66.08212927965998,75.23956178627003,87.15716396030669,86.49646765028267,86.08040857014483,49.853912226023915,60.356233060668075,72.84267075862974,74.9980766790526,64.5741934257306,51.88873119212604,6.819251397463758,4.715220897507566,6.936853003735389,7.792751041239196,7.269277664437063,6.8439820029267,6.478930494605651,7.030062418436677,9.817872799816417,8.297321052360966,9.775653934721616,11.3146232975781
75300.0,gromacs_replicate_1,67.24196,6.152170275188279,6.318291419212616,19.15461,5.123793602214532,5.226310330708804,16.519226,76.87226533425334,74.0245441855044,83.3683120310095,85.58041168210782,81.93450901026414,89.95225526464498,71.55769271753086,80.47746767122482,85.37050979601239,80.06764032749618,89.67648406730908,76.5623800392632,6.421500707508625,4.172006891060745,6.968872957802304,7.742010068441854,6.818544409202589,6.4576234529324905,6.709122567664099,7.103348664383835,10.292667349972021,8.565881150612073,9.894207262325326,11.655307245365039
75400.0,gromacs_replicate_1,75.475426,5.5063782567107395,5.777724707269145,25.724022,5.441100746820881,5.278868770550566,3.3212738,66.17375633085963,62.12551899317784,71.9933382918974,83.90926500579806,89.59327443830803,82.40785738539664,57.84239943445417,66.91907822348873,79.4895419455787,83.97133247430335,74.18785679745112,61.60382747252332,6.633971510575824,4.327520629573206,6.625092899518995,7.266863895468276,7.9001857576672085,6.516340683769538,7.14389433126447,6.54005587146817,9.80971236959201,8.862586083913888,9.43634678998953,10.768045999479222
75500.0,gromacs_replicate_1,73.65887,5.833329931654636,6.038493401526994,17.734016,5.105388327324261,5.010758840238508,7.573105,67.16870865409666,63.417731809809155,73.09624743659482,84.579966384878,89.95539539987001,82.0892264431296,60.70300520043338,68.98399537580713,83.949889692592,89.4262865341196,79.26255349168328,66.07521487760546,6.747505452567818,4.321679305023786,7.031689907364354,7.597075949586459,7.025360066627046,6.471627076663041,6.17064380363315,6.8681548500831235,9.906185791375178,8.678315242339586,9.661187385563277,11.314933611925747
75600.0,gromacs_replicate_1,77.05316,5.744270769520507,5.752580214038663,2.4558258,5.343169336441038,5.2767843378444725,6.1400986,64.17944001927202,60.09358187231489,68.50622016468714,80.981361055572,87.57988720131193,79.72792903790821,54.07750204688236,65.09760803271227,77.76909346056146,79.29411313628212,65.87481201051988,53.69643839977824,6.550312221364976,4.286129787739341,6.340185528034934,6.977442631309581,8.274816602281252,6.768848612188097,7.149205563556754,6.92009373376014,9.291820816178621,9.10471281294748,9.661704768999318,11.289374172425267
75700.0,gromacs_replicate_1,65.874886,5.773133131043955,5.847653008375963,5.2970963,5.240043032653123,4.875927502642834,6.984726,70.15646147889389,62.08895315970601,68.56092088734515,80.92014801197028,89.44200074675253,85.58130568537256,41.91379358590997,49.87593312317797,63.02932481666647,68.67673472361783,60.14090448411121,47.04826020496899,6.584884692085861,4.395056787493962,6.6993135141761035,7.589031007591175,7.47276447024294,6.3463061561969205,6.623021199631312,7.079475417929546,9.480122761571593,8.85063556778392,9.489510176903174,11.145655827958642
75800.0,gromacs_replicate_1,70.67218,5.954296863107013,6.0854085722725655,8.950455,5.684013095473617,5.430516479807832,5.2284775,69.77201695194587,64.8389083489189,72.7374501668348,84.73597412411705,89.09533337556503,85.00063014431166,49.16027459991383,56.89185614541505,69.45531712553439,75.15979504451892,66.70700784781883,54.520267730135686,6.5004967318372255,4.3618006914946825,6.574271524022092,7.41375978446686,7.477619953329277,6.432601504095962,6.591573050466939,7.081057928424665,9.742935093418568,8.592244380738506,10.00052133017923,11.305041519905924
75900.0,gromacs_replicate_1,71.157486,6.384132967654786,6.591221571409502,20.011147,5.322955129957292,5.2111642234641975,2.4975128,66.96709810299953,65.50301818106523,74.6933970794753,84.95933414564459,88.54633369411746,80.5840808269488,54.86559684766309,65.39027335945653,79.03495323505102,81.87148027044856,71.21822397239787,58.09875077952209,6.399287399967398,4.0108817875918925,6.774213836920185,6.926147635691666,7.936335840663523,6.669780607671835,6.986185828783761,7.064158546408279,9.797800431095679,9.273597991816798,10.085114088685213,11.198564026989427
76000.0,gromacs_replicate_1,75.05371,5.485635434748792,5.792804211385418,31.562378,5.1309471515039,4.886492126994037,4.0853806,66.02961033177203,63.10014363907444,73.74789942314473,84.84106501704406,89.23684694212214,81.40269610835203,49.18953324470096,59.64310731248399,73.12903310177512,76.10835190133184,65.42272726899913,52.24506506983069,6.440910143530751,4.309928644041141,6.537791423564009,7.621922674959212,7.55361860486125,6.405495084612897,6.614022912307976,6.869863088732315,9.656148963814626,8.226808713737801,9.96235099677455,11.59746628345349
76100.0,gromacs_replicate_1,69.44479,5.5934165407325755,5.697784288551857,11.514885,5.483790383451719,5.280577948479145,1.9157028,62.8745360917534,59.015559352403365,68.59327939229642,80.59081617240302,86.84209751359444,78.92437988843129,55.984306238172294,66.56905951176444,78.66284094784133,79.30592068532586,67.7459236510041,56.68687489554004,6.339267726978688,4.137025030683764,6.552500148996913,7.410200300134412,7.756684932656127,6.881018505636307,6.844413934066841,7.019190466140666,9.79435238991121,8.659810743729766,9.705942917719696,10.91121450105295
76200.0,gromacs_replicate_1,65.69444,5.700428096578985,5.883926173235134,17.285995,5.290234491687963,5.058204689463882,2.3668594,64.69719383952173,61.25636346392748,71.13484594037479,83.65236769672772,88.45508245586015,80.42350872096958,50.662303627972705,60.01532732373642,72.76856616445657,77.6888273841549,68.05080905790403,54.839099171397336,6.817448112568275,4.53980985542729,6.665080143148386,7.515365894002413,8.03028665262547,6.568142917637457,6.847854914883099,6.538858175921857,9.432912208931306,8.602435583167464,9.644292371497563,11.21959616538163
76300.0,gromacs_replicate_1,59.186794,5.620957992152396,5.809540656118731,11.261177,5.634666911193283,5.3776823331576304,11.709038,74.52296240962865,69.25733894480935,78.20684787073274,88.51263970208937,83.27894668602117,89.37092342107333,60.115214720909556,67.63170220755622,80.30041160221224,85.0347468983256,76.2627843442138,64.29345466760157,6.556214907435843,4.275594498119412,6.69257362696399,7.949478532492245,7.466105745180072,6.437010059572057,6.607867491647724,6.913062928118233,10.144931764652355,8.51745198767332,9.370491001948016,11.041467843566698
76400.0,gromacs_replicate_1,71.55228,5.640765010849069,5.815523576566119,2.4485474,5.298595362656591,5.055255569144989,5.3087616,76.8921161882458,74.01100531730728,83.1410400622453,84.91058461454449,78.9611684374429,88.09875874721989,55.526883581533085,64.82210311503901,77.78022443376655,79.8051027914692,68.96041042349661,56.96483276735509,6.82513918607291,4.544735897074704,6.766304336477596,7.653997020259584,7.886302091423231,6.298229806339902,6.332621905981485,6.678310313594929,9.621553570633449,8.490942262621575,9.677099541826534,11.5531798196088
76500.0,gromacs_replicate_1,77.94323,6.116998736094356,6.285648491815907,13.123108,5.240934096713901,5.072535890557441,20.000076,72.00735060773894,69.43105034985233,78.78045232519287,89.67563095855115,85.3374326127584,86.65080486837513,40.835059959821066,54.325208935822296,64.54369559246395,63.20613281489701,49.385779521331145,37.41841994373024,6.392810838321176,4.392032356532565,6.380577793632151,7.420777909605475,7.525684445337838,6.477699445882873,7.107208336972976,7.025627669153229,9.647853523368196,8.237194208321903,10.122109967351221,11.073352105764023
76600.0,gromacs_replicate_1,80.03729,5.496285004294977,5.604035553528717,29.104988,5.229159376895687,5.011073544523053,22.767014,49.960969735937645,45.745274894596406,55.38943339423584,67.67252007611422,73.87888720345393,65.98814183405206,35.66089546351328,48.81004220885906,59.643924863455624,58.86463350977563,46.170283607690976,34.25628959422277,6.6249113779398465,4.297179067632409,6.537616062604684,7.547273806544931,8.037602834542755,6.497034628841526,6.831473032601162,6.887376251608693,9.539597450119054,8.2420629652058,9.419924292523373,11.235549936640638
76700.0,gromacs_replicate_1,74.16199,5.707544807324405,5.781226638835568,14.322304,5.602788549958581,5.489776695676919,5.4161606,61.52030295863455,56.64616505865499,64.96072641800772,77.27020311460028,83.67290535865222,76.57624740027015,53.996194774094384,63.58724126849385,75.98191367057983,79.21832074130779,69.16851091653176,56.51316096928931,6.834026621123479,4.223083774519936,6.3036499528689145,7.153220447812755,7.80383225331656,6.439645215824524,6.971788662538361,6.779553277819396,10.066088852407807,8.73702013963254,9.550923398961256,11.211522248616735
76800.0,gromacs_replicate_1,71.3231,5.936996496244372,6.1142577933086635,10.515526,5.534922106458565,5.255972992837159,8.462036,73.74564302765653,70.29096579199381,79.84051937730007,88.64454735514731,83.91233793416465,87.87347136708298,57.12102267590705,65.76507363562287,77.55564079795866,81.06396064853054,71.44489760246283,59.555755917295436,6.518831666197123,4.39216994716276,6.533461512916155,7.581240618116301,8.043006419577296,6.685464324315879,7.172092137654828,7.149151308467926,9.293487576893758,8.932594340407825,9.602240331379287,10.871469622748494
76900.0,gromacs_replicate_1,76.32131,5.483744303677834,5.700631437553692,20.011368,4.949533903427934,4.847298571047485,4.23053,66.9819514477909,64.42912495478093,75.06377373662043,86.92282548805609,88.01932070851089,83.462614260209,52.66464451080725,61.57050174476169,76.12969756540876,82.48226756041403,73.16008136907564,58.51194265706759,6.877688082650083,4.538454119242313,6.878208401537831,7.496744839594478,7.2960627411953105,6.4276793479453,6.737827157056845,6.5320635825460505,9.385177352368151,8.481222683818297,9.60411335394392,11.277782955683127
77000.0,gromacs_replicate_1,79.12945,6.083411250388664,6.196210306804301,5.908867,5.516497308321945,5.621410819722912,9.901054,78.99464636400945,73.16534833667201,79.61174612231548,88.87563283086897,80.55037657318476,86.15053804773676,69.11773954692154,78.13198630797021,89.20142284363374,84.86523076261605,84.6994059875721,70.98203135287653,6.562491607478891,4.300844496893326,6.394911484514774,7.322107571677353,7.789224349764153,6.522569740107825,6.831492039977562,6.937951365106744,9.643513498501589,8.733759739375573,9.780422351902423,11.548642895887156
77100.0,gromacs_replicate_1,67.05454,5.905040483101931,6.105530035534617,13.502678,5.367392052700256,5.27271877953339,15.09108,73.18589296854189,70.28651861505774,79.94143205012149,88.41981446190442,83.83248033049038,87.659589399503,65.10652218546169,71.59756143818129,84.5297377212453,88.06636219614478,83.65408220827415,71.02180057440675,6.472227251902409,4.380545898203218,6.479823983514244,7.545065468475614,7.401546900649577,6.213078253170046,6.375435931794085,6.701643765123283,9.528336268570666,8.76648793577607,9.743324742464262,10.994960774620521
77200.0,gromacs_replicate_1,71.22471,5.238940053454754,5.5210491184498744,26.518108,5.512005118031109,5.115612711122089,1.8233948,66.74097951284557,63.42623294584777,74.40111445102893,86.84483563193004,88.81617589496089,82.83133848961798,48.39536173267499,57.262914440157054,69.67415509384065,70.84023526531521,60.57155528408087,50.9052008396528,6.606339433674737,4.441268014439673,6.530999305057335,7.76889512349199,7.570003408212887,6.368443844631822,6.872134672962112,7.006900009454777,9.311359947061497,8.278049272074119,9.542689553874196,11.156269780907428
77300.0,gromacs_replicate_1,68.8753,5.514384295377804,5.7183024773023945,17.975327,5.208326049674678,5.029084902374243,3.0093002,67.1371787032195,61.245172978986375,69.9215613098227,82.91317092341743,89.80788758634755,82.5231855361635,55.709720166040086,65.05048091865223,78.628309562879,82.23876196720525,71.52752773759208,58.557512895860036,6.4944508293415835,4.358473514525081,6.715182626527301,7.796750955058667,7.234562913192263,6.429710588408083,6.468714023381231,6.843617054559033,10.011352698909613,8.31781360256995,9.672101090164109,11.434339294251972
77400.0,gromacs_replicate_1,70.457596,5.292172503373742,5.365398646350657,17.907852,5.651414556533971,5.392001480029949,1.7040863,54.934214582724195,52.14112208596945,63.10262762238415,75.36361162061206,81.20230180463145,71.15355353101447,53.82331149239524,63.562335167669616,75.22928710570685,75.54865594505905,64.20005811834677,53.96819776849138,6.408347366676588,4.585123240769143,6.458922295779802,7.9500114489702005,7.641686350991023,6.226337523101686,6.8769264493760796,6.968633385042706,9.74707664193134,8.338042979924014,9.522714034498263,11.47263708720449
77500.0,gromacs_replicate_1,74.38212,6.088240589020781,6.41028380054126,37.10408,5.201290326539416,5.26526336414639,9.414795,65.3042925558177,60.65118183379796,69.91445902091354,79.9191868639684,84.71152165988214,78.41355928434436,72.3232979830042,77.29385603266687,86.93246978084483,79.57444765191823,87.09285512060345,79.07854901504987,6.942234433386561,4.647085257914549,6.996985586223325,7.866104330298085,7.247986767972707,6.193522887868085,6.776017194869983,6.684173240945115,9.797367246791985,8.32003923232655,9.88638654103596,11.319582011541431
77600.0,gromacs_replicate_1,82.77144,6.041038481378364,6.258085256389097,20.520645,5.008047853638167,5.033364717490121,5.621437,71.12610267114738,66.44498312155787,74.98820735476825,86.55012846525031,88.05458543286815,86.14241875684753,63.63576007359596,72.17325942214946,87.19591385743325,86.00856239625574,84.57186601052985,70.05188107654197,6.53099430299217,4.155644918415499,6.7859374519698274,7.427100384219443,8.011130918780205,6.461404524306355,6.4996662080130685,6.551902007960761,9.931955264174332,8.770714681751143,10.367996100068217,11.295492181806514
77700.0,gromacs_replicate_1,79.008835,5.783530203636607,5.942476129297405,14.459969,5.0323053570563525,5.097368500254523,3.3041992,75.47265165644745,69.92923238369606,77.77934033528591,89.91268242215322,83.531066157202,89.05288591307067,64.266645267427,72.38273194769418,87.8001533614608,85.56964220879027,85.49720332905356,71.08093738123907,6.367925457535471,4.104140582690792,6.563795070216028,7.570745997377107,7.8141667841769875,6.539610126679588,6.403705949406313,6.692569774007385,9.727943673362763,8.784604937768172,10.089276264628444,11.582125481530529
77800.0,gromacs_replicate_1,74.78827,5.7795383361427355,6.011087011536407,23.333199,5.412806256261091,5.195248137468485,2.470993,72.98600239177365,71.26586032973736,81.35562926965306,87.5521547329276,83.31342265192086,87.5718208793568,51.34084089766977,58.59376972983681,72.85240422655285,79.01295864950339,70.66588388229862,57.87569345519511,6.227152787922992,4.235167242299568,6.703277346889689,7.845301046605381,7.626924192738298,6.711440058896111,6.719896501607428,7.034784666475801,9.85150028375843,8.662385401352141,10.031892156988343,11.203885786915357
77900.0,gromacs_replicate_1,67.46156,5.610760553522957,5.877500037009363,24.042366,5.664937284538007,5.438790173884836,5.849869,66.31125822855743,61.69307081977008,70.54493551884411,83.04625094574982,89.2827847668636,81.74514902040922,57.97806918579398,65.79985068932935,78.17901148564992,82.66283975411775,74.08987687774444,61.541799178327636,6.459828266363875,4.248946956191474,6.494375617175855,7.544890119362139,7.680621387365596,6.353164102019477,6.440944672396625,6.829505431492501,9.878232870822117,8.508796334806128,9.846330039604272,11.145560686911564
78000.0,gromacs_replicate_1,72.68503,6.199046458647393,6.398225265667361,23.673515,5.072754333650599,5.041670825048086,2.7743835,67.41173242391596,62.219646629562945,69.36559061726618,80.61192581135342,86.7753130863389,82.52325104055915,57.66589444010442,67.32887756527116,82.31322111714336,86.77660688105469,75.94129960976471,62.62855100182278,6.94248794642511,4.276413346954523,6.829398868967434,7.217015063259281,7.612407287337633,6.184556592640523,6.183737413775532,6.633497105168564,9.99568988149652,8.302297783679448,10.404087390990895,12.079458737664414
78100.0,gromacs_replicate_1,80.30223,5.647603922975765,5.807810588004944,3.6384811,5.31690023444785,5.210372649624608,7.7003555,72.93055248609636,70.85192402869255,79.79744601930301,88.23843786973733,82.1075113330903,88.79715892099365,52.05586996450887,63.5236814115002,75.93788220928585,76.6579230739828,64.75449548479804,51.60894600958361,7.091886231503533,4.327816704310393,6.723637245991422,7.151209394061822,7.6140065523831195,6.229422439676246,6.358496401976001,6.640958771147213,9.730226830463273,8.269311742560383,9.930819089621135,11.311622834515118
78200.0,gromacs_replicate_1,79.882996,5.149928988448646,5.372526194143958,28.177185,5.621346160564011,5.3522872496237275,1.4941559,56.659975239276676,52.31634594144672,62.82213807951813,75.58869749296257,82.50247070715237,73.88866246375972,50.50422230659346,59.46968896600329,71.76178069115151,74.9260037146846,66.4330558559266,54.58512351852743,6.4378104303868815,4.404607744441445,6.647293139991286,7.80784204888155,7.936202048677941,6.357058688602466,7.040001022645464,7.0844938762976986,10.020845119107442,8.108028065047623,9.061181062201698,11.265950932721966
78300.0,gromacs_replicate_1,78.92341,5.563413418117306,5.764857434440055,30.534256,5.075231502783893,4.9495458057712085,7.1819077,56.856989061347235,52.69442842336896,62.375128209360426,74.17246909661274,79.70874775064078,72.73682055230094,50.646990198312984,58.050964880909426,73.36288561788503,80.00150995116053,71.04090446118856,56.89108892603735,6.79274866240832,4.470473686738229,6.5031087289755325,7.417352220610851,7.512024459547251,6.6585722198343795,6.891321779491539,7.012626687123644,9.593993361444872,8.055360131623544,9.936715424421237,11.318250670756878
78400.0,gromacs_replicate_1,77.43327,5.259774049054791,5.471066068288109,23.074219,4.973886627376263,4.845643102842565,0.82270813,65.7094613386498,60.49822377342492,69.70933872396688,81.60429447354475,88.7545828730938,82.48982259727612,54.11405121632926,63.252145881478995,77.80621521465794,83.83045458824944,73.8452077995553,59.96496495841747,6.685468712358106,4.373873602239155,6.541665762999033,7.644162860099544,7.854182040290304,6.508947879553465,6.588433471149547,6.7353283191614395,9.140358440544885,8.753952037081007,9.398798630427283,11.178259248234388
78500.0,gromacs_replicate_1,79.85135,5.911899197608635,6.1397029624769495,25.033333,5.641460507359359,5.629372441000833,2.6785202,66.33552265944455,61.58752906374058,69.81176282999233,81.21900235425944,87.40190581529595,81.16246928780384,60.42365315681652,67.9614961388977,81.18175417648008,87.54644751505698,80.01420911478964,67.56419456143608,6.9674371270507605,4.589526528749667,6.4848231773397025,7.4192421279671885,7.513995597874101,6.413921442903202,6.488081820227271,6.660410130236539,9.968461668205213,8.539929294446717,9.677263197862327,11.54138140771027
78600.0,gromacs_replicate_1,64.922935,5.738247401047937,5.911756137934713,17.413246,5.4611432183865425,5.153660978791974,8.907257,63.019563168642,60.742897255681996,71.41932462221625,83.27348600217526,87.30385959471123,78.01215129576953,55.98928071365059,63.69862122524982,76.31618962992304,80.21869997231337,71.05882470961306,59.77138367308628,6.665470699597766,4.550931519480394,6.639607400757813,7.413045655815672,7.823439487624961,6.133645285980075,6.740794579746876,6.8583293482242285,9.780185903000287,8.284179801391351,9.68678766903847,10.987852860186502
78700.0,gromacs_replicate_1,77.639145,5.391594098279392,5.655809875091518,26.485317,5.054164006567141,5.046460256341396,6.042633,66.91537196477265,63.200462399808494,73.5393395383513,85.79544495306101,88.8784071741622,83.27684503499574,63.28960555662077,70.39920526217118,85.57850481531956,87.30014851280087,84.32512977480621,70.43635863662752,6.85274261672139,4.6149364246628455,7.038336335121724,7.593678582130134,7.604144196692826,6.566868718457431,6.663667649995129,6.88573573469018,9.830575867770497,8.10031252810596,9.86480865008799,11.725911598139108
78800.0,gromacs_replicate_1,68.677475,5.240577310362585,5.341308374988283,23.195984,5.382477685257542,5.235423004975164,11.762283,53.42596471044783,47.93115911405891,58.053180126984266,71.2937155441587,77.60135910785216,70.21453261954878,62.44411640411807,70.15348365052164,82.83768422362544,87.40160706939457,77.594353776921,65.06762866668463,6.8551206874893875,4.621128832764204,6.736291719397452,7.921313199063255,7.407509688393623,6.579725991776426,6.9195725055121775,6.939431305836462,9.6629036425756,8.311717339780245,9.636959814550028,10.99887426581039
78900.0,gromacs_replicate_1,79.70844,5.401260787913573,5.601343406224416,15.808395,5.351467194413807,5.250438453332029,4.7181625,74.15878090805816,69.59512184550404,78.46940090537272,88.52545974270292,81.73115845377997,89.3583724346673,60.313404100814324,68.42805900217299,82.09409418562171,87.76947854468499,77.90730313237059,64.32417430004736,6.630654152796579,4.485326753081718,6.478343210986493,7.7735780441102875,7.751215876870241,6.586875320922267,6.702661730311577,6.674068724488003,9.598456209696328,8.428103453586203,9.29056669177742,11.495361740203858
79000.0,gromacs_replicate_1,72.96408,6.003947813822604,6.082240133917553,2.5344696,5.593561977084538,5.328562473566639,2.677269,73.14564755792154,67.86117359456752,74.51383330035729,86.11651798075304,86.44797800609618,87.23611931183332,50.98839093072807,62.137202176326916,72.29456571699811,73.11251063059646,60.22334162827537,49.94473257591057,6.574114428188856,4.222309469796342,6.48236465820048,7.668520833679261,8.127552664976296,6.422083841852679,7.2394815648967095,6.923016809808254,10.377139470434274,9.083919478424312,9.630518755227857,10.8623320941764
79100.0,gromacs_replicate_1,78.31283,5.954275979233067,6.058927080132438,12.468353,5.897714295190714,5.673882188298294,5.4619064,81.98452985411576,76.74185976836948,84.4585815987298,83.63329198970432,77.1034326739797,83.33324870184036,51.34543157853554,61.095064005515795,73.06860996466847,75.73771668092253,65.87261269875387,54.00282877881742,6.662030564993595,4.2489483468534015,6.996486037523145,7.418720115271903,7.603118325091646,6.499228784444701,6.887664992493105,6.800070266170132,10.244374718418351,8.715202378901209,9.443388261991757,11.368147806870077
79200.0,gromacs_replicate_1,78.12137,5.836189798322037,5.997060763165184,12.131737,5.228097283360795,5.1775540383453755,1.156662,68.92821546753382,66.36414670161888,75.47902397263506,86.9523433150269,87.60673856021621,83.75517260699178,58.68432135621753,67.54673454752918,81.2086945567172,86.84774324943216,77.59944493622352,63.42380690803523,6.340397411450487,4.153495705656042,6.549067247330041,6.98702554940092,7.558873605498766,6.164294990390853,6.340029415276387,6.776852890740335,9.86220709751283,8.356253944476437,9.77780386405459,11.272891414853563
79300.0,gromacs_replicate_1,71.73764,5.782379709955586,5.839918685147366,2.9921646,5.075530320547142,4.905661446711452,6.1091537,88.28354942882478,83.52600486618232,88.56009234479556,77.18193754457502,69.78257599978099,75.95951210844258,49.14714861617908,60.103116351583395,73.48394747314875,76.6414143737876,64.63740920109558,51.09789882162702,7.340319713338071,4.572266190513933,6.754774378156675,7.151336902290767,7.9340793074798865,6.076175922511642,6.451334779115781,6.698360104425041,9.466292760738925,8.382562412596029,9.876439776334667,11.90979482640766
79400.0,gromacs_replicate_1,73.38224,5.422243880532885,5.6343161786042195,27.044823,5.407900052204257,5.129657276472797,1.4671631,55.8267537641815,50.5269241664114,60.22470250055109,73.01854008272927,79.3987439985085,72.32063925844704,51.90800396567403,61.34882416646847,73.5552548477611,78.22442006571507,69.21266834710555,56.35972742331027,6.720310941776117,4.524481932718659,6.564430609744366,7.418973041556704,7.5689238460821215,6.679610848504319,7.19246690709679,7.287069135790346,9.392790601942217,8.73061549598545,9.391800735399952,11.305804157089943
79500.0,gromacs_replicate_1,79.504234,5.603815594401399,5.7559734115794,16.199036,4.974486335526374,4.913062312669932,3.5103836,65.53544661357867,60.09007957758285,68.41829558202629,80.80969846267195,87.8924414551763,81.64984834856085,54.41018861010654,64.71962647400724,78.82154644404699,83.20327356056995,71.684508926522,57.12354706703467,6.660923304867155,4.402194316360291,7.044378704387981,7.722297803109972,7.922783421582202,6.6172740882240735,6.638114941501219,6.773430235648892,9.876552173776323,8.822641115746688,9.56641361885921,10.845244314708436
79600.0,gromacs_replicate_1,72.276184,5.962995354199732,6.227797755546894,25.253357,5.048792590632008,4.909414215645946,4.4808044,65.30400818937079,62.008169578187044,71.64011484810008,82.96886399073924,87.58020744305256,79.89278430814157,57.380702014876974,66.81251080994949,81.08369226414044,85.83737091345337,75.54649228305705,62.13747506518585,6.784077260565221,4.4434453972478245,6.4832476402982975,7.1585329343079165,7.2400507872181015,6.0608410044423415,6.308549674910036,6.782447095632579,9.52465848807483,8.822669592419581,9.866010039383928,11.500823016437641
79700.0,gromacs_replicate_1,65.651306,5.256776446347914,5.47386199412689,17.619576,5.113786135839615,4.955982757563832,2.0047684,66.896662486737,63.936157277800575,74.09198436415885,86.0124525035119,87.39037924983622,83.69789833689505,53.93378501391739,65.18185664968809,78.19354362795501,78.67733531396892,66.10735170884216,53.94646406108519,6.989482489121356,4.333662288363085,6.343653104186835,6.540940633352154,7.810635106202948,6.376333429028209,6.789770487435227,6.760291457235039,9.524226753962008,8.82235570152241,9.658544770283106,11.461424326362776
79800.0,gromacs_replicate_1,76.06987,5.515585508111571,5.640127501158512,15.403191,5.119894361648223,5.121132171846005,6.5342026,61.71506981056965,57.08984863542395,65.56355668161089,77.8096014211625,84.86632755342178,77.76861141809917,64.52594213953061,75.6641205982884,89.10829587263365,88.89706788381731,78.41219582403181,65.18952094906747,6.662748769218338,4.163195112250978,6.8447037339175925,7.565357279885844,8.093878920468072,6.407780981627254,6.803805333367448,6.717159030193343,9.490799674280536,9.167995233253974,9.402426052147845,11.138859681017568
79900.0,gromacs_replicate_1,77.93374,5.690541887059546,5.865954720952103,13.088135,5.233022256181992,5.155677303133644,6.0521317,69.84596534484626,67.2129266058763,76.68110011469011,88.46372128519242,85.52636300408687,86.05327234670423,53.22165835946137,63.112714226135616,76.84179697370551,81.47638002355245,72.32751709791259,58.30167427167759,6.675442879864782,4.154287412815202,6.513904199867268,7.398194854878177,7.6361072381436115,6.373822195954368,6.261574881865687,6.718944391593801,9.754886654212749,8.432527960388608,9.46770872734295,10.956278129185309
80000.0,gromacs_replicate_1,82.1439,5.646366483944452,5.685168510261598,9.659477,4.9698201463760405,4.77311964196,7.835808,62.430371991105496,57.31616937642749,66.18013830663666,78.62105785796872,85.06052333175644,77.83917466450467,46.8053276810291,57.74791760292554,70.60111656955934,74.08652483664666,62.248520424694554,47.784803783516686,6.630912097802892,4.425015837060093,6.6144236814529345,7.617425480212946,8.039083084656605,6.419012723095982,6.534921362921614,6.9622355114453915,9.149065795769198,8.601640274847584,9.398094458561289,10.766456133537547
80100.0,gromacs_replicate_1,77.66967,5.583791186201495,5.745849648898558,23.652412,5.131295797231162,5.252362048839694,2.859932,56.44912809435299,55.268348513043854,66.00408287335745,77.65977536509192,82.29262281637071,72.30445863689144,66.97774870960285,77.84828197437119,88.14187700611515,84.92827304389972,82.00089367310972,68.61278747450984,6.604404969113438,4.518678672295973,6.532509837541335,7.515088679312222,8.059326780228636,6.3172932100208845,6.684820214865056,6.6695955958610655,9.420887470995817,8.821634272483664,9.322456577979938,10.92292751834773
80200.0,gromacs_replicate_1,79.92458,5.553744242603938,5.618489836999342,18.387474,5.106272687413899,4.966238230682192,3.573143,58.36314580934752,53.53071739446231,62.16970938774924,74.2479280642773,81.19985877655594,75.07160570528532,52.366215626444244,62.608187085710256,76.216477517574,80.42123480134073,70.08245729614202,56.17875829621133,6.291975722448656,4.2783663737865485,6.567862837242316,7.346779099238742,8.077708029520434,6.403126112252141,6.748746733498374,6.823687806589781,9.055124286524197,8.765097548671918,9.480963838004602,11.341629933795051
80300.0,gromacs_replicate_1,71.588806,5.5115635698919885,5.579520943804997,16.294846,5.340807853438888,5.295890069685112,5.8120117,58.37565594522036,54.89432935913031,64.88984316701672,76.53602102935683,82.82649604992824,74.69262388998956,55.67706038228818,67.23918428762418,79.97983389981998,80.86095627219436,68.73847663497183,55.945301570737676,6.641058752928002,4.39193659919711,6.652731252451276,7.673061171002091,7.966325776372669,6.171316381079644,6.319581628995431,6.569416688984096,9.664042757140574,8.373283922670007,10.014936266822893,11.162492176242186
80400.0,gromacs_replicate_1,79.39621,5.3340081380898186,5.331802217635514,28.858883,5.131131309395913,5.019102510201121,4.405052,44.84085144429252,38.293823165028115,48.15386030469354,60.98962612722538,67.80880851807947,61.35541805426979,58.545907697087294,68.1752369810436,81.81641441844144,85.65650068870208,73.78844487753797,60.93997615042868,6.497562350890751,4.397295313072835,6.819735998535594,7.792301367046096,7.482139693331467,6.583676585636223,6.489280019788448,6.910112628406274,9.332106601977848,8.148554184066082,9.8622853070301,11.084395025198962
80500.0,gromacs_replicate_1,70.21403,5.3155742508613235,5.571355733760964,22.786636,5.396917175795601,5.314530292660828,5.8176804,65.54001953259757,62.65274814292361,73.80114227090813,86.1817172139788,89.23100332771399,82.07887719347961,62.264851590450945,72.23669196804418,85.58053566895224,87.0774964478301,75.5272123948684,63.58209743566709,6.787468601944822,4.353027963001246,6.514365855415187,6.981117393601285,7.958298895875303,6.612192868401337,6.874876956095711,6.587718783207612,9.462058392561254,8.340174439270646,9.2778479092117,11.553472830298523
80600.0,gromacs_replicate_1,72.9546,5.456126262555583,5.656546015572935,14.363113,5.764966422715274,5.6215856354603,9.127007,73.87015698452721,68.67257918128145,78.44917281936758,88.70537388284247,82.8285219965689,88.97087571923021,63.11581566194504,71.30137992785383,84.063272090839,86.77943567295503,77.07740267766323,65.34916388983471,6.541441119802032,4.481100488455066,6.568247869766913,7.5838441355664,7.732299013448235,6.332959346818639,6.505378748105421,7.164353008958025,9.903806898434334,8.51404353245189,9.593330280568791,11.150848372575812
80700.0,gromacs_replicate_1,77.813126,5.734250290514367,5.779742046634325,11.678123,5.200822140695039,5.084516259667223,6.294838,62.01022284128879,56.45804298308076,63.91933458426407,76.31810787950602,83.84527285407796,77.95743359929872,51.45134137317588,63.284821724004445,75.9583063647175,78.28349011902901,65.27806043631006,52.59654585036295,6.529481015518632,4.2208933116643665,6.310033424468035,7.148869719794295,7.926182696062199,6.476526201700484,6.890692675751929,6.774387180512339,9.128738355566146,8.741955305611498,9.314722709069525,11.304561310180148
80800.0,gromacs_replicate_1,71.901665,5.891643654192416,6.021178240645212,13.688835,4.983226029953522,4.968413986677785,10.363785,67.42549733060596,63.04282736961612,71.3179177331562,82.92226610309638,89.47115223221346,82.89720224740942,52.078929734072055,63.74851199824995,78.09501318314508,80.45345610621101,68.2321634091961,54.003064664459906,6.860944308693323,4.255573163446888,6.956821457290597,7.378880173540362,6.894298354115717,6.149717565907225,6.225557359962703,6.720582973525401,9.567536174592181,8.080642280518,9.519564226585233,11.55229775895063
80900.0,gromacs_replicate_1,73.84158,6.002559625213576,6.219295187229878,21.156166,5.562419725985399,5.347682016957575,2.296646,66.35587175562578,62.07713807493273,71.4260202873388,82.97529922499866,88.1228995458597,80.14220705044654,55.68500331819884,64.75795339625017,77.7045038607899,80.4703000446398,69.99757505927766,58.36842532503978,6.605493193767837,4.478627737421314,6.6735229553851685,7.691780244198705,8.126274152112487,6.47768333933573,6.412963939359546,6.728724368203204,9.829897141967832,8.608704404494798,9.456293776038377,11.097911113527863
81000.0,gromacs_replicate_1,75.22331,5.829466984606762,6.052835915664302,24.021255,5.383037287459066,5.42016741050319,10.671547,60.246653833037435,59.39331664409979,70.15341283580808,80.96987472100412,84.5691462008868,74.58803822547601,67.54459607945273,76.76415791079918,89.78712589166952,85.10495895627636,84.41668684025758,71.58698033781097,6.292703357208533,4.050185624093266,6.424649414735128,6.876378739509272,7.902333857882935,6.3961836331342505,6.885104162414296,6.743182523793482,9.398634681572613,8.974121357359941,9.92141284469097,10.967771712924536
81100.0,gromacs_replicate_1,79.324036,5.7204062874375605,5.912766319236598,12.696632,5.32210082485011,5.224801788168618,1.0932388,71.99230094267911,69.2268159437656,78.80891643886183,89.13764339379706,84.23650033713133,87.10750442316872,56.70913304808193,69.03217443667046,81.6709396304448,82.06598066458884,69.72193969851016,58.040623071371584,6.538742057446404,4.377374677808819,6.636965590139485,7.261255492718956,7.652100860333673,6.442526034613472,6.540695662147282,6.704478252269797,9.757484680000125,8.614395549823302,9.722948946817983,11.184086492822239
81200.0,gromacs_replicate_1,64.5072,5.434533756955557,5.644690087350726,1.7886963,5.63542153234831,5.640423832409606,26.648697,76.83377612193756,78.57715392346533,89.42424652872357,77.73078876711301,76.41934089905456,89.19010648041305,72.32727121693947,78.38902205334092,89.61168589818547,83.67986846124106,88.47007636098542,76.48437267256953,6.221096175148941,4.464163403657983,6.463322433709632,7.468420899919446,7.847263296616848,6.243793178258045,6.414311722124209,6.967991142104273,9.699327722742986,8.984842127553357,9.368367553015833,10.942508332552768
81300.0,gromacs_replicate_1,75.06388,5.455450401081808,5.61732026137169,5.213066,5.671551252246773,5.541595690800765,2.9543,70.37410420436782,67.22158025485136,77.38172587138128,89.98464395203685,84.18968624330627,86.09956873010636,55.71950197947703,65.39376033291978,77.422101445776,78.75017611630561,67.26133664135169,55.753070475736884,6.322237233114561,4.227975354526485,6.391258002748399,7.168596169774461,7.578259614637524,6.1076668821902285,6.466385311872822,6.77376907591561,9.701312415453963,8.834562327016112,9.469966572342218,10.877831971773123
81400.0,gromacs_replicate_1,66.30075,5.650080733489748,5.689776253801114,4.6772995,5.146679102097295,5.120088971326523,4.379814,71.16503543524578,65.81365990631055,72.83489553986551,85.10341548858129,87.21970646262072,86.15796352258113,56.89072517005934,69.22998084938895,80.8166786691624,80.75925460410377,66.27621185465036,54.37241511471136,6.760160221278515,4.647914009341314,6.669703932809524,7.61350294078579,7.905467511193493,6.270328938141079,6.857419714672588,6.764763375744941,9.719925687515072,8.617616636911702,9.847922717411908,11.363687783459728
81500.0,gromacs_replicate_1,72.71641,5.836540313870642,5.968398116790192,17.549751,5.021591100706333,4.945477314454669,11.071762,62.76618580259541,58.849754553403024,68.14499438415176,79.71756569542507,85.13265570963905,77.81723407344504,63.19101816343374,71.08153709498993,85.93105032314287,89.33096270764418,80.00604186794249,66.84092647849056,6.85445622088614,4.7620342697560725,6.401893138919223,7.144638338041742,7.395515264311111,6.352416709820078,6.56680789498359,6.7365715385388745,9.60805080371482,8.872761446254446,10.155946245671556,11.245553479515813
81600.0,gromacs_replicate_1,81.24534,5.736942232969368,5.892424194443403,19.233582,5.20032942639473,5.200416335749486,19.079872,63.63084339192264,60.50996968114102,70.60084967988881,82.20344131600827,87.5449798667314,79.33515240261848,49.26159286477372,63.01359809634647,73.32965147539937,69.97592138126916,54.98032892662976,44.644187142381625,6.12187863620533,4.063235152646513,6.626873968540357,7.495870439879432,7.892017598606072,6.568150877422166,7.1935682159058905,6.9846399572381985,9.973511701977253,8.903491053570335,9.531907718574708,11.323538229342534
81700.0,gromacs_replicate_1,85.099846,5.643307216379578,5.6384406909410005,15.028915,5.171180759323629,5.151272081614292,17.081467,58.6536824430426,52.49271077329927,61.34181221945712,73.36218450807121,80.77963271798674,75.30889109546,46.443165697931036,56.69229402446651,70.09785822429821,75.2464593360258,64.78419180534391,50.35221052811741,6.736425496841941,4.481397898088138,6.6053058756432845,7.647731513372165,7.72023028653553,6.5856055506649716,6.249312344589944,6.791498933568239,9.67556402272703,8.570549659882104,9.516158054423515,11.767754257556351
81800.0,gromacs_replicate_1,75.875565,5.324925266173457,5.440222031159183,7.185875,5.302090663538663,5.190023121074444,4.6933365,69.04588777554672,61.39088578741813,68.3740811287344,82.01238914542257,88.95586686817794,85.15780530579538,59.81370732058169,69.93419687393458,82.8648187831417,85.7531249233036,73.77543950152818,61.21308971076837,6.665409653991102,4.250475789641714,6.844926166892065,7.352191260049277,7.899496803505789,6.524816472318633,6.5521097453481785,6.684331270755939,9.77317521516525,8.5807926809212,9.567121442637559,11.838558057425232
81900.0,gromacs_replicate_1,62.29766,5.6624458053934275,5.846600693775807,8.724701,5.243142517624606,5.221569184877274,16.333748,76.93197282210706,74.27764044060166,84.99176252197664,83.03744665341453,77.84102584231522,88.41127534218333,66.81905490726241,74.84423414295956,88.41649774506224,86.54825757452925,84.04108988056393,72.18189501800363,6.478782111704973,4.322713958058747,6.712388553485454,7.601615024554199,7.72498407555414,6.2109083209761256,6.526719113848011,6.572534229070145,10.137507012411078,8.564264294753679,9.924266206758663,11.893430040577442
82000.0,gromacs_replicate_1,76.54889,5.187419449637382,5.5136061208313505,30.725174,5.361372316427755,5.080905994822189,16.453918,65.12597064117162,64.16123555026306,76.39976373983967,87.74262327848345,89.05655982630513,80.44960829693005,38.963085560543824,52.06693589593178,62.57835470446364,60.58920774708346,48.37549331284976,38.032649660506,6.5620732548864895,4.291180892848685,6.720240795976826,7.449068598266766,7.856184390703287,6.727677107560244,7.048115197703585,6.9356300069336685,9.700618012514264,8.264997205729234,9.493895594905686,12.52669471143326
82100.0,gromacs_replicate_1,75.143394,5.539811342485134,5.718521572183302,21.33892,5.4792290532329275,5.394384445681792,0.4957962,65.72727445910449,58.647586507892775,67.0791630265562,79.31304068745541,86.46065647565008,81.44974754390374,59.46833487603289,68.80748228349074,83.0502477425168,86.66588193386403,75.85603687487749,62.964952893917705,6.529701847975412,4.297982552909343,6.517833517268554,7.149738367911158,7.521423320855282,6.268951681386743,6.275698082548615,7.053000059733874,9.947928736624206,8.485231222569944,9.91802307892721,12.041305300724586
82200.0,gromacs_replicate_1,72.692474,5.755039215029316,5.847119902095725,14.148445,5.1843388074119945,4.995323008921875,2.4418411,60.91907257109576,58.6340871899849,68.12890171491647,79.81815817665294,85.07260513404626,75.77572590034565,54.641374149969636,65.05567656493268,77.95481624737396,80.60541583015046,69.11845457143704,56.45805738598643,6.553221167282712,4.3846095513811445,6.956666880026785,7.275691677941317,8.074821686470123,6.650477947192614,6.888748314556065,6.734686748379076,9.380348415687413,8.699546388578959,9.38469294325882,10.744530745126378
82300.0,gromacs_replicate_1,69.51383,5.433097855558981,5.632828167775947,14.577736,5.83426432020217,5.5021526946557815,2.022461,68.55544254895071,63.88220383823683,73.38188269923901,85.91302362576262,87.91651954300023,84.86664967219751,48.42313759903522,55.78123710325923,67.61837083017629,72.39423573717667,63.968713376756945,52.759422637748564,6.911037596759258,4.330902030415735,6.8907217376111705,7.229227900918578,7.532527893131969,6.298870989247854,6.97156340979039,7.223437015188515,10.000322877425855,8.572661463323229,9.800157792111058,11.416564257886966
82400.0,gromacs_replicate_1,73.783066,5.5551369602054965,5.597078623335555,12.383331,5.4972822118403855,5.320424669516944,4.701599,61.240477059228645,55.80183322778894,63.69238073608664,75.76962242584702,83.66036476118123,77.71990696670346,53.18771357405834,65.72572074564985,76.06935556861461,75.00956293266086,61.46657841050367,50.83071189232615,6.871860318608557,4.472536981802796,6.581229389728461,7.379716992060885,7.48766198126375,6.292572220137308,7.1338267140497145,7.051907532711463,9.935285107221342,8.27133644845316,9.530577483857057,11.464968958091863
82500.0,gromacs_replicate_1,82.12989,5.203991671990555,5.402135704946627,13.886841,5.500926423241147,5.487022097328574,5.508629,68.16571518076725,64.82099858773138,74.86265569911642,87.78330180210058,85.50293787279989,84.95126329516006,63.67253036671075,73.03030852505383,86.5592214594886,89.83951536813235,79.19902460887386,67.35929787918981,6.590239846247604,4.278282228129823,6.612729748013764,7.16200976685893,7.725835348544272,6.566722269576755,6.274346730050028,6.796552884160388,9.495706555737629,8.622422412955931,9.753586158682243,11.242279493102167
82600.0,gromacs_replicate_1,83.4097,6.300198236936608,6.443275717451979,1.4313049,5.301148254767229,5.464971944041423,4.239464,82.07197929779599,79.75203983800616,88.79071191634782,80.11155943316575,75.43138569675196,84.03308116657038,69.7752701769779,80.62893904478102,86.22752492247862,82.55821141232119,83.97367754644159,70.47851390188785,6.834293908793064,4.283322877127837,6.558763854941009,7.30247085584264,8.006935455068602,6.204276795540117,6.9480605435619225,6.437915353861904,9.88045898562597,8.913005303336345,9.833539763414631,11.14666312493048
82700.0,gromacs_replicate_1,75.76259,5.385700674257563,5.583024090225699,14.812157,5.154793097651908,5.288896315972567,14.597679,72.76706686053772,69.97976783109067,80.30622345806167,87.29463370451498,82.55316794309945,88.18532630592972,71.51483746320386,80.85798964775194,85.82838221611107,80.23899762764816,88.8624688196054,75.28999873622845,6.93987238883146,4.54232633347279,6.989698794389248,7.6539004215751545,7.646425696447626,6.105380136849125,6.114170272489491,6.608721297746623,9.36896647838323,8.450553349140943,9.45307588601631,11.602696418373426
82800.0,gromacs_replicate_1,74.22855,5.5562892470252745,5.855091865534523,30.522232,5.3313966563966,5.072827172187451,5.818054,67.92799203548782,65.52911403405955,75.75788562201839,87.46662967990642,89.13176725626869,82.38962182758695,48.52454083825415,60.355152439755514,72.65688273005472,73.37758152067224,61.7476701164705,50.346467648470856,6.710947404538256,4.448531451371506,6.5948392919229315,7.285269836797236,7.65757911125304,6.631297347859337,6.582034185370258,6.808477421491372,9.653410089271567,8.085580728994763,9.644607669860344,11.200118556347158
82900.0,gromacs_replicate_1,72.23958,5.835493427260992,5.989243621874898,7.7027817,5.502899573012185,5.363315986342692,5.9230804,75.50515993465844,70.2842739564534,78.17752354643459,89.71362055078156,83.09612038645399,89.93198491641151,59.07375589725402,67.38325810057603,79.6885185997478,84.94376838938885,76.24625405601728,63.282058332753515,6.866179552330544,4.444738087812431,6.706438081488004,7.44384510987187,7.358436523977291,6.364300474690648,6.449355745714103,6.764768805136684,9.818023009542392,8.274583705219314,10.169481031884583,11.662913592636496
83000.0,gromacs_replicate_1,65.439606,6.088492145134664,6.211316135878674,7.439415,5.380570475253372,5.483587136232626,15.506119,80.56248548441663,74.76454638062268,81.88010191637557,86.24834233196069,79.83763764585503,85.55804838690258,71.70799739670517,79.81284435163695,86.71708901855246,81.0319543938247,89.86595693872488,76.91456834267575,7.1831711383591585,4.753783185086629,7.00142053885772,7.528989604354783,7.361721624256366,6.3423906823475225,6.4113465182654,6.731768109023301,9.914973021402538,8.814134926624588,9.982486996788118,11.367416962894868
83100.0,gromacs_replicate_1,70.81711,6.316843304938322,6.476183491250477,16.493874,5.520665550120674,5.675803292225133,19.34974,65.76922537586175,62.60064956268331,71.37189536438271,82.58697870588348,87.5874883225713,79.69648306787563,76.17717353737122,85.97486950479613,80.81572268090346,79.55840616954745,89.41558990593782,77.25241068926486,6.410945061329166,4.5556351451293615,6.7048375279166805,7.663280778361649,7.624724228955643,6.605477469987023,6.839478233815119,7.16259744806991,9.806685548325966,8.212901769401668,9.646332719921048,11.480711464637082
83200.0,gromacs_replicate_1,67.60372,5.32011463654604,5.578853049467836,19.692993,5.412555645202649,5.1783505941091486,7.899475,61.522440792078804,61.83614483577508,74.03217764565153,85.90055776704254,88.68881368224167,76.87635065751893,57.5813498570495,67.70106602127065,79.21792319689467,83.30171608325492,72.2368764753206,59.65189958671653,6.80722797397828,4.433604134927563,6.418786942957938,7.493994805396246,7.718223776319264,6.591731777071887,7.076743804994181,7.1216628466090635,9.775938436452288,8.612299335088261,9.530582291759227,11.028121141590244
83300.0,gromacs_replicate_1,82.840485,5.630161315043033,5.796682656345985,9.218651,5.029297114840418,4.978459073647519,7.581375,71.108701249403,68.54583580114294,77.81919594637068,89.97079179490207,83.86236907955285,87.49571678271073,52.07031864235173,62.51969452904984,76.61530942772046,80.56298476207107,70.09558165102476,55.42768181181636,6.608848526465385,4.3624651097804135,6.407997583899403,7.398786455641985,8.389500175249138,6.804976503969543,6.2629149498355465,6.890626511016547,9.04490850956667,8.472655215028427,9.542948695346222,10.789959750006552
83400.0,gromacs_replicate_1,74.51279,5.567751297841111,5.776444664269713,19.533485,5.179154225042561,5.067533143073453,6.5091248,73.40371744727882,67.36250081591137,75.84912481677472,87.93430394105275,85.08604288480306,88.6257289736128,60.864600359736386,69.57408821251788,84.92391176836365,87.55146403181085,76.49442244552121,64.66342772828668,6.9034305670444756,4.51794281424279,6.752696725228733,7.404002576468193,7.490231556635172,6.43363274634098,6.458020821286764,6.811926267138436,9.563079628051437,8.145184458659566,9.90256310113665,11.706497418915712
83500.0,gromacs_replicate_1,75.31775,5.310856976192245,5.524626341924598,15.137566,5.211094970427958,5.026627086175728,10.557098,67.68356314701525,66.99121888287343,77.91453302735668,89.81375119879503,85.42144818507931,83.97744155597556,46.978043219629555,58.49280843267785,70.45641692190677,72.22542335236159,59.7976144870586,46.851754358475766,6.648631953582872,4.331242983190436,6.554466183825797,7.438799453056397,8.013465851650409,6.476159888966293,6.989922983123944,7.029219850393223,9.523519485403346,8.66247922151366,9.18079168439592,10.970659080100537
83600.0,gromacs_replicate_1,64.84875,5.631288220915624,5.804134341519692,17.028847,5.229704760665804,5.0682380785402295,6.278099,67.895687934371,61.20259644517786,69.34869908606754,81.84223065395142,88.88673537496864,82.81078918135421,58.693635211366065,67.71816414145839,81.70605041989289,85.12568116543568,75.02125183387103,62.38681002897978,6.411988473170453,4.138605217505112,6.505765893900336,7.214392860088467,8.287942783283365,6.420920232566534,6.728489708972168,6.940870849377656,9.572074468279792,8.482936385447307,9.209332204251636,11.476154032632131
83700.0,gromacs_replicate_1,58.34354,5.7519451281759935,5.914139235824066,6.773842,5.5162661970995455,5.201361371984824,10.272171,70.8362452228499,68.05097141713975,77.55330204633832,89.74315520620448,85.12001146460615,86.02048770353069,55.83953572353427,64.6801317315538,76.0986717651464,79.45445882668993,70.84943931079822,59.26700193895769,6.839556326562157,4.736222588029419,6.998726398182823,7.619851246756672,7.710355063384419,6.264622825090628,6.719500535879612,6.953531894943933,9.609634649464914,8.520457094357173,9.463848694589197,11.97354751635425
83800.0,gromacs_replicate_1,75.98545,5.2248650704453095,5.4325621992935575,14.835815,4.8652680198615235,4.719553003007695,13.328201,69.87145317833296,67.00779496895206,77.03071901156437,89.5526239802706,83.61711705436781,86.79111560505825,43.31916407528642,54.33512319803703,68.55176658220611,72.13053832106846,60.578722673064306,45.91293304593737,6.662787307123072,4.582391787815817,6.221233420973338,7.646028191396403,7.854147571208393,6.430316741783823,6.441569768106082,6.684547950056106,9.261266223134102,8.036101536353385,9.325440120305165,11.710918229127644
83900.0,gromacs_replicate_1,75.60022,5.734643165746063,5.828456210019803,10.077087,5.12963822776192,5.059532397651828,2.5038528,68.18262344753529,60.75587325525028,67.20398186143744,79.74582860919023,88.08186080968093,83.56591849118361,56.14656504862073,66.61748808220275,80.7901695774995,84.446381390533,71.91863998519443,58.39578988180904,6.3690443699540396,4.186827734304681,6.324460931724804,7.211645042257334,7.699578204698822,6.399905427600127,6.681737250977427,6.599946856410309,9.835658138716441,8.420226245459444,9.655561572942963,11.760510287865591
84000.0,gromacs_replicate_1,76.46398,5.92696453139912,6.01959841010833,0.4688797,5.280224441743955,5.290889443928726,11.822571,73.04873860325293,68.23810082499766,75.26646347229479,87.23814133134293,85.75168807996602,88.94327155023176,53.381481991946096,64.36127463838223,77.12423676905284,81.47356174805799,70.36309144659997,55.295525685050066,6.9220410531666845,4.558318463335973,6.446573098251981,7.03664520858662,7.9534939849948945,6.272530551542318,6.458212728697315,6.875710768901766,9.5382098296368,8.723755970149805,10.519658371659942,11.719378414807721
84100.0,gromacs_replicate_1,78.086525,5.69690325334873,5.885503017240406,8.273926,5.434017132634692,5.379917402620235,4.17292,73.36897965036997,71.2039267017068,81.18973745205676,87.30667253561671,81.84427466448551,88.91338100415297,56.90145651142744,67.19232826168559,79.7308167609028,82.93485398012594,71.13457299686814,58.128500991653816,6.545935882773384,4.657639585771047,6.54632524926505,7.7954625032355205,7.434592950597435,6.175763321125418,6.364502611363456,6.844157973181138,9.822578969678625,8.418982468796067,9.704747932225997,12.236699592646026
84200.0,gromacs_replicate_1,61.011356,6.071793863998749,6.189623843055739,6.6634445,5.379824198734841,5.458115906918821,23.956749,82.96253559319595,78.24670615947755,85.55773966842264,82.17773923295054,76.84283360567224,83.1418037701337,74.35101790524429,83.70694359953916,83.64918454251782,81.01204424358578,87.83438286913811,76.04607636939883,6.774230769386659,4.284375702239076,6.570960814143715,7.173103429764574,7.618952502655897,6.02233847577564,6.265803792620324,6.609816051141416,9.874492344566846,8.27728042307626,10.078568360593056,12.186775045527895
84300.0,gromacs_replicate_1,78.38491,6.259184831231722,6.3705686594284,7.5879974,5.180079774329673,5.199386641979434,17.84967,83.52327336094734,77.99426870263697,84.07410752300177,84.77168582511639,77.45608249909625,81.87783079330102,49.50901248452948,62.53738479559685,74.58878041512243,75.98365906371333,62.67396564397781,48.88527181865069,7.087267479558942,4.777303238353512,6.987920042155976,7.520270486879692,7.40059374821987,6.502596100068571,6.811301228951481,6.93340354996849,9.976609749060367,8.30841726565406,10.18114998183365,11.754632493710153
84400.0,gromacs_replicate_1,70.20368,5.203724313668309,5.3835357679918125,16.270065,5.3270370052987674,5.029149611549792,8.252312,62.72671082505551,59.02328965933281,69.47543520151751,82.62873839509162,88.36421248004574,78.77802884096702,55.030528389864294,62.15469956300985,74.33653625436074,80.0368766160536,71.99510609187163,58.92942361449162,6.28829976862671,4.190409410233889,6.824499384878434,7.460436413743327,8.078017951368212,6.664916099597473,7.178693194864766,7.118056764074125,9.494159683857617,8.724039889062505,9.10032829863309,10.424346887497673
84500.0,gromacs_replicate_1,74.79913,6.204990368164623,6.378133064853465,14.34407,4.933826014364184,4.928141701532968,17.841309,70.17213676451321,67.04506701948176,75.21631069428379,86.1615069493845,88.46563287829882,84.94544655590096,46.90239997794399,60.1198128962635,73.41195534200605,75.79436772405337,62.56080412657718,47.931410045320476,6.705125589627613,4.3834322127700975,6.428294382110838,7.18979640707076,7.590474169225042,6.545905175483364,6.62138176347409,6.876210166034602,9.576526455086514,8.974818854959649,10.158897784277835,11.921564348675698
84600.0,gromacs_replicate_1,70.67648,5.504253559306805,5.579339814145419,7.1755753,5.135726774498051,5.153634594762344,6.8519516,66.1646716533382,60.45038307156152,69.32223611168942,81.76992210910433,89.53418483573496,83.34082129851474,63.96850572702219,74.7876645878792,88.15316263509034,89.70857737283308,76.98163606285017,64.90318702590343,6.438569503134582,4.304198358466645,6.479903281553408,7.34416708764694,8.042622499171252,6.607010227883734,6.866786116757574,6.856508875289941,9.481643772257575,8.545745896917875,9.629546384513242,11.492587222218782
84700.0,gromacs_replicate_1,73.51321,6.111457088827892,6.3416090373855285,26.724747,4.945999197978963,4.8044337183506505,8.339531,68.89699023887734,63.93910247504965,71.86746798055776,83.23685785923297,88.53008069468235,83.11420000537031,48.89889934179346,59.75677668263016,74.24310006927335,77.57881356604052,66.92473714234119,52.892014179088385,6.784463207562398,4.662570803305696,6.5706587987614204,7.361927321221866,7.702198878675137,6.5514942461552685,6.1921878818324,6.8177522805862045,9.704284425444609,8.608585946530402,10.15468363424877,12.270987102021056
84800.0,gromacs_replicate_1,71.00833,5.733318823420801,5.744585516846206,19.74981,5.621305284146978,5.597218782292225,3.881401,83.27415112424208,82.90412715736831,87.0252920299447,76.29176632655094,74.8894222174163,83.66965491389074,65.19449060884094,73.04184490713297,87.51353318369162,88.1093055617046,82.47487827434782,69.89039148196481,6.735752861329947,4.226909315168517,6.532777159457831,7.066946913268313,7.3458346597787205,6.3194019642983825,6.51479060522212,6.711816939767155,10.461962327511893,8.14737840113196,10.13464711491599,12.512456989774199
84900.0,gromacs_replicate_1,72.812935,5.78547943763707,5.986696564954195,19.370132,5.433565605491619,5.23473428918372,7.049202,74.70197586949855,69.43442097545757,77.78837195451841,89.62741134250818,83.96177288426779,88.80981336548162,49.303457676535494,59.76500688453018,72.19837022687655,73.55291506880178,62.349978218535064,50.89986490151298,6.708354477938626,4.444387746837555,6.710095952075912,7.109525195681655,7.9128183411956625,6.506326153535756,6.466619374853428,6.712403142249555,9.489513307435162,8.46570578667403,9.351759731435735,12.177349517253116
85000.0,gromacs_replicate_1,75.16657,5.934557190163525,6.057483936942163,1.1107483,5.244897873842926,5.325508150254915,3.0512695,76.42584626464378,70.47139332387447,78.03411526940964,89.84785245513,82.91259889867484,89.3314806775615,66.30790768606668,78.7828714417232,89.31078904185418,89.55683748667849,75.85232317264442,64.2629826327059,6.80879857755413,4.479700914028113,6.624496636490998,7.298332302582602,7.855499039862593,6.584502796781659,6.931139507201874,6.490543704965132,10.037837849823704,8.967762580988028,9.868079229997171,12.109999660898632
85100.0,gromacs_replicate_1,69.872345,5.819899161235196,5.968070835815174,6.4237366,5.175099679465433,4.996591369160984,4.5008774,77.03764215406115,71.3767638621334,79.07352548178645,88.83723254779923,81.08248757817915,87.10369036941717,56.165091544003666,64.32279357295006,76.85656015439176,82.95116041622775,74.765430961671,60.57197233832556,6.907042878829657,4.785400540242945,6.791020803526851,7.3601607032775815,7.892066240487833,6.237627621016817,6.432170020559664,6.624382560054149,9.83920614054432,8.6636228257941,9.649331136148676,12.39959938265879
85200.0,gromacs_replicate_1,76.79419,5.840904109760762,6.035768844438698,20.941513,5.518493288331772,5.393641210359881,5.718193,75.87006004000409,67.85489869427481,74.65771714130761,86.44451419936748,86.30717342282982,89.73655317113608,61.10633552289002,69.37103712969086,83.06727921762823,87.32352083804048,77.64453388395228,65.32317024137643,6.842657476792035,4.682235127867689,6.66686271877767,7.346730039889732,7.553813599860125,6.150748216574312,6.669000035847103,6.864881381441289,9.844610048204208,8.658097454531893,9.68959349686592,12.19716028988086
85300.0,gromacs_replicate_1,64.46347,5.774443746336568,5.84711574424663,21.85167,5.574953046118764,5.451806106626536,6.2401733,54.15625853353972,48.95422578954747,57.558265321077585,70.06974232250252,76.45126585721768,70.0417940370438,61.467364232080996,71.76873540759561,83.44211113399528,85.76663104396148,73.76459723774609,61.97461559269357,6.80191194672142,4.435731577834298,6.769122168942495,7.144341841220644,7.570249219376436,6.155963297930015,6.559096602913387,6.474218851412673,9.790969277928518,9.062077678396232,9.828879373702742,11.499796377214293
85400.0,gromacs_replicate_1,75.830185,5.34494860859132,5.5204586176141826,20.64972,5.4149205079102645,5.1922090630695985,7.0935287,59.51558329407434,54.96882868541013,65.2063879273734,78.32707849301693,84.8330663861169,76.30146915891174,57.302530503947544,65.37743918218754,78.46289474550716,82.27725278554024,72.49329851764035,61.06638045735193,6.901207325255565,4.89055406661831,6.332070846540102,7.594259317648576,7.798235721276546,6.416992140413635,6.68745848027213,6.620953005975901,9.327598878580508,8.731421358855867,9.413116090510929,11.047994423864692
85500.0,gromacs_replicate_1,78.756645,6.250547325170257,6.4340165754652245,17.991173,5.463139624464819,5.389849164161977,8.084183,66.33468617074371,65.31121413359926,74.72622692109728,85.06939782216574,89.01596764730381,79.96857990569337,52.56050022468525,61.87431220039306,75.358542559899,79.3645266158072,70.04413034911134,56.16436870811553,6.647606310035992,4.2687580701118755,6.560722723403574,7.166892193030529,7.872187300167184,6.376564301248903,6.793487146506134,6.7646173223079105,9.685654341841042,9.157556813568522,9.81268105017855,11.137678665805216
85600.0,gromacs_replicate_1,64.39727,5.641031660459753,5.908274189026633,23.175888,5.5616846068059305,5.280800885909488,0.8495941,66.29507535736987,66.28938331850705,77.03258845106576,88.47617167868196,89.20257443994906,81.26285454506527,52.21711154440201,59.66525969249465,71.82640327998348,78.24043455616572,70.09062961844889,57.711510637456875,6.750403421671281,4.628602315834812,6.6852577859304025,7.179114362519844,7.887637811799026,6.4852771181459765,6.432236560174341,6.6550782617708215,9.39163603380248,9.097457960567874,9.500936850031383,11.105530780637137
85700.0,gromacs_replicate_1,73.44995,5.927238915334872,5.996841625240913,2.4764938,5.279859366214394,5.232720393387409,11.65638,70.55745031348687,64.55757101420485,71.70233812096527,83.79398184444216,88.2829405303406,86.03811192981212,50.90185300158728,62.76219465702826,74.46419585765952,76.07847598487149,63.859372859603674,51.935520699434356,6.709601104222708,4.388122755172405,6.594899695056118,7.405811130029129,8.266281761661476,6.508382403623808,6.767887718865745,6.946345540929741,9.794070130593317,9.063425821433686,9.38121873731649,11.553829286130455
85800.0,gromacs_replicate_1,69.04828,5.354457374330021,5.448626617406301,16.956848,5.4082000524781675,5.256361374989922,2.7153168,57.46144917802751,54.572586356957274,64.30404493258335,76.9209554479258,83.05501574861756,73.93991148370645,53.33109376586499,62.994616664909444,75.50501415168132,79.70060617813047,68.41724401776547,55.414981498666094,6.5102973996252125,4.376130937251758,6.8031145160446,7.5802753700547685,8.387100788300662,6.504906743003203,7.222464799744553,6.978272717641851,9.255567638694592,8.870761767197656,9.322332013065024,11.232100259775645
85900.0,gromacs_replicate_1,73.75413,5.407182603327232,5.619636609620525,19.705185,5.670430133823568,5.4309260052975805,6.58062,67.19454906217707,61.09490386960944,69.38138839277069,82.42148817881782,89.30318828813346,83.37749183339717,57.94307480754517,66.68892409907953,78.18880708892986,81.42985783092546,71.65693168522466,60.439832684345525,6.842630303756333,4.5862893409810574,7.112012570418339,7.9121142485206315,7.149926462897434,6.304071692730651,6.725088908945908,6.981690076200364,9.933449983041061,8.378566761954465,9.1875354556417,11.854402927241308
86000.0,gromacs_replicate_1,76.47095,5.182456793738115,5.441033755873254,32.281815,5.419943430043913,5.236035690798066,6.059471,54.675680345097625,53.12944129114856,64.33191694720932,76.55790458954694,80.79170988026515,71.11007166617247,50.8113740069468,60.682545671065135,73.5358992094333,76.10159426325535,64.963996889896,53.499067669827994,6.769854532750929,4.316341532835555,6.561430988862602,7.357976014334035,7.858723731255211,6.3250839943601775,7.112933568706817,6.740949176966335,9.572178480816403,8.460741323353114,9.07703379713139,11.167402940145656
86100.0,gromacs_replicate_1,76.08624,5.706744309411228,5.759651853275817,9.54512,5.1928222194708455,5.080614491976959,0.11997986,63.30891236815809,59.19291657512577,68.05267906537347,79.53176169928682,86.31600168059369,79.0191878804368,55.89590906860794,66.38396707844655,79.25074199808368,81.60200355222844,69.75925711916202,56.848615263199335,6.690852952063169,4.37369245982607,6.292530219468867,7.276890719059278,8.113187012708488,6.1909891891686435,7.028936660734081,6.484515278749849,9.542465840731122,8.63271464565389,9.75434680662601,10.99017605501631
86200.0,gromacs_replicate_1,72.98193,5.282039855206597,5.445897292936553,21.752113,5.257967963487867,5.045535646927818,6.706894,53.72129988179556,54.582564143661486,66.57141284961097,78.2044522513482,81.69665894493886,68.85694516766709,48.857732905302115,59.79543355174707,71.62636774217508,73.85817736656732,61.48231125672214,48.343600012537415,6.886593821489041,4.457622768772752,6.809789134023141,7.579567399537044,8.361821428006957,6.447316349844122,7.267118266364677,6.7306048025927385,9.06256294694819,9.102580747619218,9.341660661145744,10.628032699954659
86300.0,gromacs_replicate_1,82.390915,5.7366994130388935,5.903213799958902,7.8816833,5.205711652675498,5.124085815071228,12.252861,70.1214482478656,67.1116684794247,76.92717781473772,88.55899805784513,86.0147786935919,84.70032201905062,49.2660444019632,61.29650655334628,73.45274075157819,73.64603548013078,59.55795883132902,47.225969728705415,6.718357444242043,4.53566102948255,6.811764548385586,7.361342372734657,8.011706573330278,6.665140975571757,7.218607556954977,6.65481306125077,9.753178661931036,8.97200185756202,9.721617720889931,11.185652490165143
86400.0,gromacs_replicate_1,65.20311,5.501880462236704,5.6983689100274795,1.4856033,5.346356511497971,5.104815043400844,3.9988785,77.0482871579465,75.02660283971016,84.82765382375534,82.71441375797151,77.40451861947938,88.1473085254766,54.42103094905129,64.99516989657182,75.95584853933326,76.63252945943131,63.22624087707709,52.88407593585808,6.603859812191015,4.566323301521279,6.877014601254591,7.934710917620123,8.21802877286399,6.717575434196114,6.9707662454814106,6.797277814022014,9.36122999762117,8.499234486017368,9.604044919812367,10.442581443211868
86500.0,gromacs_replicate_1,80.24931,5.718457925559682,5.884248836093802,11.772316,5.298372336337361,5.055911628204363,10.100868,70.13963161991687,66.43629931653521,75.37704744681645,86.93610185854502,86.74517043835615,86.42599252112244,44.6417561857105,56.211014147828145,68.74375933873806,70.35965291583481,58.77892183175482,46.26667873733565,6.701360025039121,4.311817570217854,6.889508161829413,7.651262869447376,7.535210243757358,6.465974111572993,7.281561838162848,6.987306882298167,9.734355972878681,8.463357158856121,9.965806388202262,11.576824626123635
86600.0,gromacs_replicate_1,66.9793,5.53642136795062,5.656917876356747,8.476364,5.437043766167296,5.526616295946055,25.092506,82.32096715538353,79.33012193604793,89.10267300169477,78.79129364064714,73.99775596735695,83.00292029666879,74.68805342879968,81.45248904285546,85.2664823832662,80.15250041609711,89.63960026308968,78.44636470859513,6.418127733869419,4.2803188451228245,6.820386923271098,7.529660641069817,7.770102679241501,6.6437143133904195,6.680490985417845,6.713354743082918,9.570728864478616,8.70067657732865,9.324560907090612,10.75761760398743
86700.0,gromacs_replicate_1,62.309517,5.580924219193854,5.73669585125663,3.5326385,5.384897215767811,5.247065583469236,4.061844,75.80817956005097,71.77922417448406,80.11843779950266,87.3715845086806,80.90039913528494,88.11450223795875,58.02273864287635,67.86885291937567,79.97381224283359,84.18452560265175,73.70660830799416,60.33392381986404,7.03049778058185,4.532080439313062,6.534633678381537,7.040306989486827,7.90331210265653,6.506092521958215,7.002096827574259,7.000782068950862,9.567055345092683,8.714589556009406,9.563309603408397,11.387442812435955
86800.0,gromacs_replicate_1,71.57214,6.489165667839297,6.662228552434015,22.491005,5.585383979652982,5.394153653823587,15.271393,80.3716154487786,85.74707848127137,79.45317392220703,68.85580698052436,61.650146990641154,66.757761492627,41.934111374224145,53.53541952116865,64.65792730146983,64.9374995646519,52.47409648936758,40.94118908401479,6.847524267811197,4.654413409552216,6.709775585708648,7.861191658538743,7.52501114486428,6.192828638044745,6.533129449560334,7.213403978811064,9.988046569927402,8.861817868633576,9.858426673584153,11.454016473327673
86900.0,gromacs_replicate_1,72.2825,5.8759024372895645,6.076725314567632,18.77887,5.386679220642353,5.2296682929169735,7.053192,69.43654922121969,66.16133883441861,75.71882579262281,86.99695349771561,87.82537729608505,84.10195557376748,51.09820857639758,62.30372801941078,74.81101005303269,75.69988531212769,64.87580116172605,52.61376644942794,6.37881774284277,4.197788753864721,6.46622831834937,7.396609744002566,7.801978082580957,6.41326797560777,6.835621888399706,6.807235825421608,9.598240267606863,9.083190560610438,9.74268478169899,10.832880334674252
87000.0,gromacs_replicate_1,66.36086,6.2239863648387255,6.372925393360764,6.289734,5.301222041830663,5.173430106711613,5.456352,75.19260205239509,70.87555362506235,78.01610920512678,89.60151190295961,84.4322433483438,89.09878545506103,59.05237383204571,69.11159103802697,81.83429537548011,85.65435592597767,73.37201139901288,61.103102403837575,6.957110723378745,4.450841091393926,6.906487957170635,7.540287572619387,7.355072412366296,5.97129313895047,5.93881061169662,7.1279334184149015,10.150542834667203,8.539288411213866,9.731643215808433,11.742148824568467
87100.0,gromacs_replicate_1,73.51997,5.909781416058864,6.072818984404644,5.3124695,5.068880659285574,5.291798105109739,18.954536,72.43238545377964,70.94353665357056,79.85089555277011,88.4306416914547,83.9187916548702,86.65970917721995,75.89539945818801,85.62237557479557,80.90247501095867,75.15142842837359,87.09622155424987,79.58878964353748,6.596674213561096,4.3934345659227025,6.673676605470837,7.51122330647937,7.537261367878968,6.105470185381964,6.62422304965701,6.890614743587585,9.407746202473456,8.907497507166392,9.478605829690908,10.791457759000387
87200.0,gromacs_replicate_1,64.19203,5.346093967873305,5.566637425576352,18.176277,5.637038904090141,5.3093746686751455,5.991173,69.881874321374,63.189725025009814,71.60674476962643,84.44793596998583,88.15935099260514,86.48503568868601,54.58282729209202,62.30447753937043,75.23324818896543,79.16085610474957,70.52223389463666,59.0274663280663,6.6418433444182785,4.195064341404115,6.909948135231918,7.5557183604793,7.6797932531602235,6.5823991287269825,7.07555538461241,6.811549158685133,10.080284157661266,8.164341406816943,9.334755880435697,11.508408282231805
87300.0,gromacs_replicate_1,74.89116,5.860638262609577,6.033971304473776,19.064621,5.121983768008322,5.131127559659737,2.6979904,62.857662498442245,60.733126116349545,70.32725657150758,81.66444430883489,87.16755851648462,78.60474767891053,61.976958449385364,71.07594402973324,85.20617046026656,89.68706543699184,79.74434982570102,65.31418034570851,6.5969991109258945,4.389228550920361,6.40901944790022,7.546359237204361,7.462462519247729,6.1316321363834785,6.3608518575003234,6.61555124790707,9.657784543540222,8.468252378818018,9.878375193364455,11.892871647426286
87400.0,gromacs_replicate_1,63.867348,5.731722663791143,5.847333384698952,10.375938,5.284475895449907,5.1138591802199045,4.0112457,64.13047730475621,61.5673595755872,71.24176757984617,83.23514143125463,88.28639271274795,79.38918699823779,53.758973569559394,65.30536814591072,76.58790971898615,75.34655769440647,61.54528525749595,50.0311083723324,6.704046098479035,4.398246208921722,6.553411509963118,7.338711768758715,7.668563726635947,6.370775296636461,6.7772790621908765,6.85483245991117,9.613182133743047,8.806152014318757,9.702250005070308,10.944898537480636
87500.0,gromacs_replicate_1,79.52259,5.783429022678064,5.995264123418544,17.759254,5.3621777323343345,5.318349342292779,12.01815,66.32581873928646,66.11932474530654,76.49468198091903,88.36904618383755,88.69902538114577,80.89118548118336,52.739222652098796,64.97508527912886,76.75311799126436,77.10551677229128,63.35903011722547,51.12669671724554,6.982907737980021,4.265454299311731,6.774724544491697,6.8166783789267855,8.157617666917972,6.578958971589596,6.978209852230109,6.655497403095612,9.325871504287731,9.377268969845499,9.543922264053055,11.272336411719564
87600.0,gromacs_replicate_1,78.95729,5.628708958433984,5.785499866282985,10.233627,5.33263126278369,5.239940412989452,6.0752945,71.33913547631175,65.33807084605317,73.69926994347728,85.87032073803674,86.96626714425125,86.74901876522091,60.83483735931612,70.51880731982078,83.61311475051254,87.29122104623676,75.77129590770936,63.37695914267084,6.608453195919008,4.316411857932283,6.514444458287459,7.292626760649957,7.599240273051438,6.437608632054653,6.919624790211637,7.146270794922954,9.868001692967129,8.587251368881102,9.42386678406497,11.439233232489848
87700.0,gromacs_replicate_1,74.255775,5.509895366007234,5.669589801626891,2.957077,5.50402031210382,5.2900541295346075,8.189079,78.42398725981404,73.9205531896081,81.57000722034725,85.82573851493706,78.19111724944516,85.14179259773067,47.965158097710045,59.03791854689272,70.50992269885141,72.07711574137448,60.99302030022737,48.26449001754286,6.719481417436313,4.133990381051696,6.572995932245224,7.023809839931855,8.176592460526248,6.4153182123590895,6.9206147817935,6.599826080202695,9.72336752552779,9.002844300584085,9.645533731104795,10.91414364531618
87800.0,gromacs_replicate_1,70.47785,5.973462776622506,6.119490824428113,1.0514603,5.624675800036583,5.5281511556273415,12.849594,76.74848573618969,72.01626804017548,79.4963237431326,88.20813744015943,81.56542906905484,88.90348115112548,65.38407971488455,73.01896405859455,85.10319580773428,89.99639747092596,80.00207956958054,68.36970254814477,6.520804438805951,4.603048901564183,6.394202119030689,7.4744426884266835,7.635846859019633,6.352573272484258,6.5747826999441,6.444476627061933,9.743333149832797,8.643494107311136,9.796110750935618,11.15581364893485
87900.0,gromacs_replicate_1,71.70629,5.581278782004983,5.733433391711866,9.492294,5.412368303860231,5.3781649771191455,0.4076004,67.42029334430725,65.37901461289523,75.02131042054457,87.12152153985942,87.75648087658905,83.04470832651144,59.899606179869295,70.57842427615081,83.03346429338212,86.32708795667301,74.9754581347733,61.08867654181352,6.464821633467769,4.335016029363167,6.277972103459089,7.422048212910882,7.6888507802573365,6.482065262047735,7.09203988480449,7.284776522654297,10.114698441114385,8.773255758061158,9.891179689852567,11.537693443352866
88000.0,gromacs_replicate_1,71.98714,5.59724484530531,5.7961196721267285,18.587265,5.188284224440805,4.991923485275521,0.4760971,61.11830901083612,58.459668472621786,68.84318593191922,81.05016590756856,86.29535330803333,76.81747824499242,53.2559253029464,61.14261018911884,74.7148515839982,82.0556165763234,73.5638072288646,59.230962025276675,6.3812869157979515,4.4221959852143895,6.58609464550986,7.551233208057002,7.683314818254632,6.482959566810519,6.791770591448598,7.089749037773483,10.000157267504242,8.509198344771978,9.51127071825002,11.182160694471152
88100.0,gromacs_replicate_1,75.50191,5.322898406175551,5.362724802492119,12.9806595,5.215112495059494,5.0874079035732755,4.222328,61.27118113854713,54.50728501693846,62.668648036560135,75.67857001831933,84.18814009661504,78.47554931913793,57.84564134118146,66.50841874583632,80.06796277475448,84.38394224647962,74.29939040146537,61.781782601306936,6.615776227002624,4.407599244891005,6.3671211692326235,7.297764906020828,7.934543369159887,6.367841924155526,6.996489048727078,6.9732843236201685,9.749607575117091,8.626624982314842,9.18287977028662,11.065183907973942
88200.0,gromacs_replicate_1,64.07612,5.591656692670239,5.705547549596618,14.613258,5.450096291210826,5.26835014076585,14.169182,62.43329470300711,57.278463347496775,66.16467763159612,79.11712341002725,85.52297149932974,77.89805568267677,63.13484699522334,69.97024749515461,82.99579077599155,87.73143441700593,76.76444780448037,65.60586063960406,6.809817936487604,4.309553517348785,6.798139015715403,6.857514173244151,7.645267538274229,6.212947018695156,6.989815320901522,6.658342638638228,9.841821252779217,8.792407504273859,9.2476594680099,11.007048631399078
88300.0,gromacs_replicate_1,69.94203,5.389441895209539,5.340588439507625,10.363617,5.4879856727084295,5.410775159445435,9.527008,55.75882899243718,50.7335467161654,59.53248878565052,71.97351679136557,79.62274973132517,72.08176145297386,64.15149162000137,73.5712986055974,86.51964117534499,88.30440206266458,76.38707820219838,64.81977183911236,6.681915408091621,4.438911199387476,6.732513846881545,7.345745768566328,7.925572123782455,6.514301450095943,6.419634779721983,6.505016086805572,9.507086385326724,8.622163229142314,9.374787435691688,10.938476600410926
88400.0,gromacs_replicate_1,60.525494,5.4438833621637865,5.604864201729575,7.874504,5.728631781003922,5.290346769413131,6.2931824,71.44583503849107,65.21454103394687,73.13163600769921,86.67154818032952,86.34998614169399,87.48635915488136,51.79696277731128,60.87490897014557,70.96439172097733,72.14200031275413,61.22469883865675,51.611515153688536,6.887909332816347,4.603000838491888,6.569059192296366,7.851997285105821,7.650475495251076,6.289766550830621,6.650376133207518,6.714663297634036,9.432449917889521,8.406066923030085,9.494435602907014,11.306952015487456
88500.0,gromacs_replicate_1,81.948906,5.95023553107931,6.123782614262557,14.045189,5.530295364377119,5.5082787917122,4.6958237,75.73315215706737,73.16281446015347,82.06017044243087,86.36632580206079,80.88247280465889,89.49672971896202,58.43689486704444,69.24890253935047,82.06039185988881,83.72987045172852,71.58694304676845,59.066640624092585,6.648145239693795,4.183004947178218,6.5830834521210395,7.625846468807105,7.837345241579426,6.256497391942931,6.518996075005553,6.4666921478691535,9.908223092169425,8.568179429668763,10.083522641036108,11.262829267984118
88600.0,gromacs_replicate_1,80.752396,5.393465442762957,5.4135808977700055,13.742226,5.474711042510295,5.227872388193496,17.393898,57.67645860225924,53.155335144650245,62.33561537519854,75.09367701315591,81.4262439292964,74.31063123329946,40.54780743090539,52.285142143057946,63.19253042922833,62.257270230333674,49.704814045126426,37.9342813560526,6.7152665628005295,4.571530797496825,6.368892061653476,7.30590747641264,7.8519111254108065,6.5191825931393375,7.42223251724317,6.724670812016171,9.665617167959521,8.460581725596422,9.491796004021674,11.213840411635303
88700.0,gromacs_replicate_1,80.141075,6.018548404002922,6.19147405184315,12.179192,5.182156121520877,5.060308303806434,8.279045,75.67594457047994,73.42089702476919,82.97761168985728,85.81667483537161,81.37641483683123,89.40923136600512,50.78043715131681,63.14992523477954,75.1367402080285,76.10273916215944,63.71226151736427,51.158578809480936,6.835644176559146,4.569441559383476,6.75769159239011,7.439296155670015,8.088047819068095,6.534683229532854,6.755404896548391,6.766895927342653,9.833552983584177,9.120890193096816,9.282802850151619,11.109357929719902
88800.0,gromacs_replicate_1,76.60641,5.3442433983742275,5.5634929076340045,17.03373,5.335533279657986,5.146135829859418,0.5363617,62.48555385236219,62.99552290475577,74.94964849993778,87.39430633930658,89.61052062985704,77.29773655176453,53.24592790004478,62.493800077589384,75.49301736176997,80.65979388965343,70.15069826488812,57.327833713637176,6.450451350342388,4.2933690712665395,6.190034114523644,7.265335444366293,8.149184626520318,6.520026475083617,6.377897463615386,6.819075923584287,9.951889310594792,8.7235616490375,9.113713143388964,10.996549149565439
88900.0,gromacs_replicate_1,74.72146,5.2606130053123215,5.320286285176915,16.784447,5.438792363239774,5.157396755188822,1.1212845,59.546914365889656,51.48357417488864,58.64548216930952,71.9340013966204,81.37469975085546,76.47111312855148,49.47164324758905,57.94157699229216,70.35995952102013,74.43982225600486,65.97817467015274,53.04154257740467,6.934125381520011,4.517095346690025,6.340951205270908,7.345786746590129,7.438945579308368,6.5561478662537676,6.968811706349006,7.195299841062978,9.579136280097437,8.493126549459758,9.469064419287264,11.284114905192286
89000.0,gromacs_replicate_1,67.55749,5.756397064001631,6.008680808389697,21.34436,5.469252219919645,5.474058277476702,21.77134,65.12678027940477,65.08291849301969,76.32833951278126,87.299751859041,89.66239403041399,79.02325277765958,71.20777594404149,76.77656762149188,89.61006142232384,83.51641676417526,88.68552023792745,76.98286241712394,6.768984351116341,4.2402384687154075,6.698643969973472,7.555705238390636,7.506905735122194,6.185504205423997,6.343249792483399,7.079964493594136,9.710621606961285,8.934295741513283,9.45930131290316,10.866524562238762
89100.0,gromacs_replicate_1,83.50011,5.802243538272159,6.075308927818696,26.550423,5.1792032497466005,5.1529548457440475,0.15796661,66.8783935871156,62.95737196624871,73.20152295282895,84.07065342359554,89.13084927083432,82.05771454717909,60.488561486337154,70.73904329416878,84.8018991941451,88.31478490239714,76.82294635929128,63.199608604204094,6.269322008133335,4.293794419795869,6.4839034141877185,7.776343936015521,7.388378770376536,6.42278334635184,5.982570190026925,6.70938491530594,10.143581092720146,8.46721735041421,9.788768163349472,11.67590896953843
89200.0,gromacs_replicate_1,75.22127,5.999985901842334,6.219989823551267,26.065102,5.065023888748145,5.165343194628806,0.145195,72.27573438746703,67.81109979323566,75.82240557888552,86.38737325223396,87.4566023857826,87.00403226672447,66.64416588493845,77.809903058436,86.64157312169026,83.45486163289769,84.98038932286262,70.70306649056832,6.832255253671206,4.400184553992824,6.451087781649984,6.971927608218301,7.492946103488841,6.11439329652757,5.8079264945440325,6.635304256574473,10.32607170411871,8.287903409308651,9.96674456888188,11.820837652337653
89300.0,gromacs_replicate_1,67.945656,5.908789575377103,6.028616766117013,9.280975,5.684307425207833,5.698203505099996,0.25058746,67.6113955899366,64.01304889157856,73.02755912567959,84.64727404293397,89.86740511521886,82.37644501482227,63.58560945243949,74.38162538355098,86.12516952664728,87.62228078173982,75.31248230944453,63.85116555563199,6.645664194612961,4.084195524801903,6.548312571043811,7.249611398313314,7.599494997036368,6.237324510461054,5.942487314579158,6.423206032974949,9.795138023289429,8.694890427996274,10.03312875120008,11.521187380070842
89400.0,gromacs_replicate_1,66.253456,6.006953617715316,6.140175489189565,4.7971115,5.2666214493072845,5.1623127221918415,7.845108,81.4495805208185,72.32165731613267,77.91724837964524,89.64644740583726,81.6081944839404,84.26222442113104,61.53322055695454,70.17258589726478,83.74233244383932,88.39275656254631,77.60729715647837,65.15420281758949,6.710347263848991,4.250075566624591,6.662878031678591,7.355881070674463,7.364052878942238,6.101249638317937,6.06415141767161,6.789759422900449,10.176450973934863,8.379293919546717,9.842118622025646,11.615561651325413
89500.0,gromacs_replicate_1,72.64227,5.361241182467671,5.453322186089469,9.948929,5.718257300375371,5.5929049911704345,1.9746704,66.14065659838013,58.99593492544681,66.18372390248508,79.33862141096284,87.7552225246438,82.52306870593918,57.252648358390026,68.88517524081475,79.74640625768845,79.75348098522197,67.73986945978154,56.525384350873395,6.794258743709763,4.533550366873975,6.374053962918833,7.493349035405526,7.865445358894841,6.166826432225821,6.6931652791967675,6.798064354145316,9.876518166435828,8.461573709757062,9.498841068457505,11.41733813089759
89600.0,gromacs_replicate_1,75.75944,5.900698135117105,6.106015958332963,16.560577,6.156234440196667,6.02350308955389,9.693321,71.74309216925914,66.03346222694982,73.98358180235972,85.8586893785957,87.78110200258813,86.26708237762193,65.06615673041205,73.25722433725237,84.74475932379048,88.38297059927955,79.47225521332551,67.82141048202351,6.504199507455199,4.034445151358395,6.241247050596442,7.221341827924336,7.525875344056809,6.638388283976951,6.341764960809043,6.892134723825061,10.364474668918453,8.661508469414034,10.021428173647674,11.549751897560366
89700.0,gromacs_replicate_1,76.46566,6.034905816480149,6.2210866205926285,25.03569,5.214078962603556,5.117598399957882,3.674469,65.56145836214468,59.41420611041163,67.26498305972633,78.07811534287296,85.23584805552848,79.86516003096045,54.429109642582034,62.84632625143741,77.17266562466722,82.74373352819418,73.96317987104365,60.566458799299866,6.319965562693973,4.2814960791434595,6.62055822985355,7.693330613321675,7.526125623793738,6.407408890618883,6.6164711709842585,6.913489540515555,9.725257590822462,8.466857482879801,9.698955002323107,11.521205567238379
89800.0,gromacs_replicate_1,68.81771,5.684145177753087,5.857175555695641,8.127487,5.54719204717733,5.286899700774794,7.9785233,70.26709455332839,67.72111144430606,77.85427915593175,89.90994508253054,85.26810265989646,84.64612337447849,47.70576464359567,59.515014183848635,69.34119880971039,67.93334450275756,54.67631279066205,44.999272422792764,6.694186630896234,4.536865374321797,6.417360971730229,7.052466399445777,7.75600455979658,6.335950369828857,6.8794800837615435,6.646674884717666,9.912064531732689,8.881233506097848,9.808497768568994,11.122716899718018
89900.0,gromacs_replicate_1,80.19512,5.769177498307226,5.965219334549872,18.307045,5.180030800933964,4.991012650182121,15.251335,70.26021714018523,65.99040280529599,74.30445911213529,86.03419669585479,87.36179773835866,86.62630212259981,41.37852836651732,52.085707473070315,66.12353578873456,69.43992882636906,59.127610124769596,44.73653033263141,6.823723882504978,4.642314907002094,6.413269537169048,7.664339886692766,7.862940485810089,6.6614717410096445,6.757524390929906,6.7803459620596795,9.962128817018202,8.381912582064079,9.883832480505307,11.389609918107114
90000.0,gromacs_replicate_1,74.04463,5.540810724723663,5.808607467444958,27.441475,5.408438208440007,5.138564881065382,3.8370895,69.1825354476403,66.37941890612707,76.39255156267735,88.03095210933171,87.76301984906459,84.19205751824046,49.50622232714323,60.60301095102957,72.94282113612923,73.47960486306255,62.694387935824096,51.626941341653975,6.685011342447902,4.262174403173537,6.681012596398266,7.643710234249966,7.719399575358846,6.72491481152755,6.557445758792014,6.808892016768186,10.203916370301963,8.573750594400787,9.816756784441138,11.32305165486108
90100.0,gromacs_replicate_1,64.90368,5.356807017280151,5.5172285443208775,13.88533,5.204316568831613,5.026786152954187,10.544472,66.9568829554276,60.37026231159756,68.68359947534672,82.14503459367259,89.29090989031992,83.09524202096229,60.54060403439623,70.04883543479865,83.43266030443014,86.04528074708529,74.99657069508217,62.592001876749144,6.389509598577221,4.167886701317938,6.662066553209965,7.782498904767213,7.749494452958332,6.545573780727234,6.937078936056198,6.7857757417023645,9.805309127881008,8.411893056511564,9.69561185038659,11.132629428056292
90200.0,gromacs_replicate_1,70.832565,5.785833545706698,5.9167600261373545,1.53228,5.442977532811302,5.252434365073492,7.4647293,76.10060370892265,70.65500259821621,77.49491058038139,89.39767715283111,83.06317974875637,88.56007325463115,48.93053586944893,59.18702669479893,71.16700993188432,74.73012326769293,64.0053600731194,50.67126274618046,6.877083268180294,4.334205038625453,6.273263796076198,7.237370023853235,7.634266847044834,6.481698095295622,6.513550019334082,6.901881492446835,9.892602856043624,8.66195496997298,9.88919558021413,11.549555428258369
90300.0,gromacs_replicate_1,76.6755,5.556188463441021,5.721516184933163,8.415428,5.206738302326021,5.278676434123967,10.283997,71.3176422197075,67.48472953384957,76.68830932569756,89.21916477308187,84.14330340492752,87.32127584357714,68.18226548509763,77.09142413812313,89.17418206667273,84.1925533858235,85.42257452502209,72.14247163267986,6.914887720410537,4.582373348405696,6.949106912964088,7.708244691498661,7.562339845091922,6.476632023620745,6.8830825929280985,6.774108361494835,10.09944665290336,8.269066950678416,9.977276076559095,11.403597708427627
90400.0,gromacs_replicate_1,71.72475,6.132802683038204,6.172890363787901,16.16584,5.434270747575173,5.441165978877363,6.925812,61.76900326002497,55.38114184189209,62.22172027090128,73.65546103159011,80.95668046376507,76.67102462743132,64.56686059977974,74.29834242653787,87.97071550148044,86.985749889617,82.20960298890154,69.11955958187664,6.695674219772316,4.421413660219825,6.463971369400507,7.226438705975438,7.58961881230568,6.313542992584125,6.338761013232024,6.672748398358686,9.869616474529781,8.671007757314467,10.306262568768988,10.94847576193742
90500.0,gromacs_replicate_1,73.10891,6.0306370714744215,6.263639222232994,25.474297,5.369337391783646,5.3430162019340885,4.2172165,65.23635079192356,60.36052188351398,68.68517174857837,79.74828640720315,85.84791874360295,79.66977350707515,58.25837159748867,69.99991989558937,82.71507786985624,84.01378603908864,71.44782472301057,59.09767733126019,6.9803604631990845,4.46583080854164,7.047823093856836,7.424304005820627,7.750955478081539,6.436254795859206,5.718994678748437,6.615099623574214,10.052490981515728,8.448610253131386,10.22696011199802,11.63127895799119
90600.0,gromacs_replicate_1,70.15241,5.442007873356714,5.6879801955960145,20.322296,5.183673926096999,4.991078413137305,0.06864166,67.69451924897086,65.24837972916745,76.19343351086061,87.78269795076812,87.57776794428815,83.85883789548217,53.17031381615301,61.461566961374025,75.94175140341686,80.82884785242261,71.76226069599166,58.519571723045985,6.0684875256558035,4.0753497473408835,6.438510513026308,7.596552067861962,7.763045229783006,6.591054614472488,6.372641493035193,6.930485315765104,9.54912055267621,8.537981571797163,9.47747290690656,10.860202783748543
90700.0,gromacs_replicate_1,77.89207,5.5345932363254144,5.732857955761098,24.673332,4.892543072541034,4.850934290140028,3.0756836,62.24901258996216,58.084015764187136,67.78387247799354,79.78043773264363,85.18651946354166,78.13682277299066,59.748701811738904,71.13102847019073,84.98735781099016,87.59026075849368,75.31058752330438,62.39115706238923,6.495680991413642,4.394328932313551,6.743515373731398,7.684703045465688,7.752782228251975,6.317644767922789,6.96358968260927,6.863572458310983,9.314680393161431,8.413970576627472,9.289952399812561,11.045959855821076
90800.0,gromacs_replicate_1,77.51531,5.6773173010551155,5.821343700790731,4.882431,5.146581096432918,5.1069123509378604,1.0161972,73.63296459869488,69.17740521285377,77.40595979757349,89.69701973231932,83.63394843749984,89.11947198666664,58.537175874993835,69.03993766977517,82.12180580241987,85.77935239375327,73.39546268152884,59.50215713091767,6.747953683595092,4.463400749666682,6.48623602409614,7.642162188634944,7.991660258239469,6.33279230287739,7.259332044105201,6.776780828867794,9.338849185520976,8.661102194056669,9.431842858586748,11.126949285228758
90900.0,gromacs_replicate_1,59.243896,5.533287679784767,5.768535519994263,21.117989,5.307529905721024,4.993595829982647,5.2701645,70.13809527606344,64.30118376716824,73.37513048635978,85.68589332908356,88.11961350534128,85.35162191642235,54.07241189163828,63.86119209431172,75.67727350726645,78.39439838597728,67.57510594477571,55.71999919037191,7.080489846589033,4.257089339534754,6.730783481984633,7.41853952203342,7.9602612300320335,6.274962974915316,6.386679477202083,6.701517282652324,9.254934464811749,8.66367794453007,9.70992296692824,11.320889365375594
91000.0,gromacs_replicate_1,79.12202,5.702592612892154,5.848312686404198,15.63826,5.014392880748808,4.968922836868121,6.983795,78.21608796190229,75.9011428881248,86.03552943745831,82.46294289655182,77.65911520706939,86.73683829970123,53.21001363396047,63.908220922567814,77.64793266402101,82.32222031122834,71.73524540288751,56.73622570743157,6.685516066295832,4.407323276580631,6.661592658345279,7.608612097012575,7.687644741500567,6.338389167449271,6.360455968525957,6.665408900711723,9.584012876763143,8.242872696796049,9.63585396044356,11.246642603680852
91100.0,gromacs_replicate_1,75.34601,6.17244997050273,6.292938746633599,20.128288,5.104892075320504,4.952235544740351,16.674683,80.00642602350602,75.37906171136895,83.93769262185428,86.00061873260061,79.98102577060925,85.98521986584318,41.13511870455476,51.45182124613889,65.65820307153878,70.22420629373934,60.75666514041194,46.529538655778424,6.92131056389385,4.529566867420436,6.634265302314986,7.86599950765979,7.349909484043146,6.593946646074665,6.645173034979194,6.81110327318658,9.56307478703519,7.9954977959398565,10.044062184075107,11.662335180637411
91200.0,gromacs_replicate_1,68.56057,5.466728777093539,5.738241831579983,26.101929,5.620461334143975,5.052259329426927,8.607155,69.69377603585333,64.0729902879942,73.44266395636649,85.60414582860083,88.1375076006254,85.8744402581388,36.963000343165675,47.25514613076782,56.5977699078105,55.75887624209569,45.00488846923898,35.184850216062415,6.666100472572745,4.558051799460072,6.230544156953156,7.784386071615976,8.075624301649874,6.854682946830248,7.387192139556598,6.939747085559583,9.86874963970614,8.05919590804237,9.619154063085944,11.079196881571237
91300.0,gromacs_replicate_1,78.17595,5.381493983715159,5.462480563515733,13.827225,5.161994655436169,5.002076725322827,2.3880768,61.196153514897325,55.64562373154736,64.29160607599421,76.71889101410727,84.06104378467624,77.76091682372578,53.4120997485195,63.88385353063821,77.35655326103526,79.52818683097969,67.43833758229576,54.12366168898551,7.233777218429043,4.289019568570337,6.138193480912002,7.280704779651273,7.767744395264304,6.404096779947411,6.742752759468888,7.0209530248875325,9.687827826261097,8.287680658153091,10.011293903762292,11.378045072566316
91400.0,gromacs_replicate_1,71.12785,5.690072854722652,5.883863947108817,13.292976,5.159790918970396,4.973370666385478,6.0242844,71.80799916386185,69.68830270418147,79.07497164828831,88.7746070961194,83.83050309696527,87.53111672931787,48.97210655085556,59.16413925005936,72.2878505070682,75.05712330422028,64.25701332022705,50.97358438783087,6.88021951063456,4.357508798899427,6.394388782386864,7.282159056444584,8.160748881158453,6.514509755245491,6.7330679719218915,6.948925032838474,9.591321247446785,8.561652149402889,9.64483835429544,11.29009019975985
91500.0,gromacs_replicate_1,67.57299,5.498971843722436,5.7084765217151805,15.872726,5.218503592716992,5.21724697097728,13.732895,70.48341226399964,66.16738526935863,76.38783533052973,88.84119353592422,85.9414584653312,86.11241693227468,66.97746114755333,73.84150381275663,87.92306374973603,84.87964142443246,86.29821553866832,73.49708231292513,6.812477999211744,4.457533381101977,6.633102535050135,7.52542825813965,7.628888033071902,6.320367479416377,6.613326208925584,6.818420808326751,9.284012660999487,8.393187930157632,9.72611868927624,11.260054054685492
91600.0,gromacs_replicate_1,65.696846,5.6525830689013175,5.788259924764577,1.6775742,5.516275057551697,5.24575472255628,1.6377335,77.05720167431423,69.97962497386011,77.15664420587557,89.34455124308977,82.13614283257057,87.890593782948,52.59471388212351,62.088990176505,74.05302452904151,76.09885537907013,64.9184486215612,53.74804928591948,6.857928573273672,4.338021282999451,6.714019767529899,7.311729858368576,7.718289194737991,6.466259095082135,7.3399690299256735,7.095510243394664,10.000212192158042,8.411771414726903,9.885606550514577,11.10291549852809
91700.0,gromacs_replicate_1,71.36276,5.727497903021883,5.932016839838524,14.844093,5.430310658577934,5.145850158725147,17.5997,73.45516214784496,72.20502985942944,82.8598332570403,85.9849909663175,81.94919660390887,87.79931524344788,39.485063823882726,51.85319440082152,61.419434224274866,58.967445855910185,46.67128882168384,35.80614920328878,6.692703026081391,4.236376265066701,6.331708316399848,7.416231189098092,7.830745550057248,6.684978366526508,7.184699258754065,7.480461913310854,9.766255399791822,8.686652157222538,9.873703215243145,11.28948796123585
91800.0,gromacs_replicate_1,76.13303,5.266128134321092,5.4085479121746705,10.8456955,5.286729007304811,5.109747131086938,4.0654755,67.40376515845809,61.51196674842463,70.85215878300959,83.8742638129536,88.03806901082896,84.85767378527429,51.92141998792737,61.605346565683,74.8331038194564,77.3319301867457,65.82234984077802,53.57470909374054,6.665674835500433,4.374726755263366,6.460278528409164,7.56617368635739,7.978321979002551,6.739123343722425,6.636299402966659,7.01352372928615,9.389650168056964,8.55557072181082,9.336835913924254,11.202596961128657
91900.0,gromacs_replicate_1,69.58143,5.36002477964724,5.584370209031805,23.91674,4.925517538304389,4.777436092090049,1.236618,62.8809403702912,59.24513688927928,69.9018162958326,81.85049326207901,87.6485220852119,79.26159526907236,54.8184076264776,64.02539549027709,79.11222177110423,83.17272808204302,73.3302296183681,59.99052632179035,6.541809559585548,4.204661036598844,6.509752898944053,7.286122820135104,7.564979463421253,6.407436529526191,6.368041961860491,6.79680224497603,9.032988444967629,8.55114662524886,10.038523944704593,11.45244607574907
92000.0,gromacs_replicate_1,74.08512,5.222895694586953,5.377938807126532,22.107964,5.2646609065989205,4.899554589394308,9.775017,57.36416960994151,52.12361702125598,62.525118954936275,75.34753466426693,82.09040513707288,73.97111629569382,39.629439850124136,48.29629108472572,61.192405307086105,65.2904178249387,56.076902665025926,43.451744324572594,6.791661727183215,4.780302881762861,6.538137013945068,7.955865766588709,7.208293310791439,6.358466833776816,6.705887965629975,7.4521961340098555,9.342333835119703,8.431396844933353,9.488083995224324,10.993504040437985
92100.0,gromacs_replicate_1,74.533226,5.385811018294555,5.572709005610539,10.577789,4.907911898022364,4.787762261504906,10.731461,71.90173907585134,68.91497104891427,78.53084800045815,89.13487613589227,82.32278339186766,89.82883400610933,46.508842654484326,58.017157940518345,71.64497795190714,76.11480426685065,64.13163257826999,49.665283464693196,6.924014484204029,4.4987285501807595,6.373981795858701,7.489968065016835,7.569360602223915,6.584698147731993,6.562854403072498,6.900009269085807,9.244667529822445,8.526998186326777,9.90998908973123,11.506446341127901
92200.0,gromacs_replicate_1,72.70371,5.6946405747239615,5.854471047843701,8.385025,5.33779926217129,5.312755900789403,0.10491943,76.69671865128929,73.59715835407485,83.41492248551224,84.7278353309984,79.3781003299063,87.52926846593235,60.2257117231141,71.61183040604958,83.46356537512001,86.54441528034022,75.38718338606854,61.745993831075324,7.262257595190803,4.53223055627918,6.516038294284977,7.361294634150583,7.481554484600117,6.405226346690074,6.566796907464235,6.666455816696678,9.721628896027008,8.083637607783437,9.699899647991378,12.12474785031911
92300.0,gromacs_replicate_1,66.07304,5.515368158992344,5.611737371968157,7.5517197,5.51806240142255,5.35482145299348,1.4130249,65.22182849693661,60.78550579170514,70.09867356946069,82.98298686901647,89.51855078083177,80.61501791502732,56.29146332596325,66.23108208206438,78.04119698762993,79.35407195146894,67.0205117489117,56.26842482157983,7.245611577543462,4.447013251671537,6.556266572273009,6.978956840824403,7.923532987553087,6.280458068894565,6.629745082874176,6.8246549226917494,9.987804369769641,8.43256867278707,10.329736604713213,12.281488493657275
92400.0,gromacs_replicate_1,63.9503,5.661883563915895,5.8509603583169465,7.139923,5.038314216234744,5.006631413593094,5.1211243,76.47042872494345,76.68080787935651,87.36792842493044,81.00908217798896,78.07020789119007,89.39485218543959,56.0460858056269,68.38154742963349,80.4876634935467,81.26023751027539,66.62874655499384,53.819910038211724,7.231272301430893,4.602459331497855,6.515212120389473,7.333707676967185,7.829051504039161,6.348863911268728,6.634348828696357,6.422108748724992,9.494198668051046,8.577703085844435,9.961493113549306,11.885714724414523
92500.0,gromacs_replicate_1,70.62574,5.578392140408046,5.768925531010667,13.058594,5.049751808837187,4.862155442681757,25.522781,74.73938008901794,71.52145622041763,81.76772723161805,86.0770277618573,80.94279650143103,89.68924185289592,33.68780784958585,47.373565143268586,57.83995312140627,56.39639842655391,42.69444190896248,30.60314708922808,6.964752996553152,4.348361602024606,6.56125140267788,7.069125939163108,7.694631935225844,6.247804224239918,6.773492931214644,6.763254980276884,9.364387719984775,8.664640631666364,9.825917921496783,11.648945666211125
92600.0,gromacs_replicate_1,71.66279,5.660292671629108,5.826079851009914,13.9416275,5.498873160262611,5.191338155266481,3.6181793,65.03901775527736,62.23646646374558,71.91735320822241,83.99898058354307,89.21431507831153,80.99551209385649,48.491981143339494,60.11799156008177,71.53363383376175,71.06088780377206,59.21123473221888,48.757897314731856,6.863907948404664,4.451485737827457,6.6284346947876704,7.261658605752755,7.93912154389066,6.486854184730107,7.318412856825604,6.986832951903812,9.562725327155862,8.738588219921596,9.819784663631285,11.872866253907944
92700.0,gromacs_replicate_1,77.88205,5.458254713111207,5.656043963145918,14.311432,5.114900928104615,4.9899931622447085,5.961708,70.3959596535535,66.00585226271207,75.91123879607457,88.0573521084629,85.63431150158914,86.83589264316545,51.78112020799887,63.140518525995,76.45551087389242,78.28423980558296,65.87240717854192,52.50679874540943,6.929954693068281,4.570071913124465,6.776323456878012,7.57418847324911,7.631323466967149,6.4995139362093495,6.8949188937707,6.745559906822958,9.927043643819763,8.43946836471154,9.720319986271043,11.762025985339745
92800.0,gromacs_replicate_1,68.21934,5.310062145920119,5.509900830985125,7.0088196,5.566545462368393,5.208250418296857,4.3813324,75.15637655211837,71.94496849123702,82.31491362625057,84.59612300811618,79.77083319233323,89.19128928176538,52.03992812986628,60.16480802135211,72.6851354776756,76.41832082722838,66.54337712099269,54.90180809836454,6.835841879827368,4.500121918569435,6.474034992702557,7.309311611343557,8.034570257767255,6.407282409788679,7.194285801107984,6.9174174458132525,9.579500328548912,9.102201488708406,9.595129990623953,12.160142095556916
92900.0,gromacs_replicate_1,64.041016,5.821361531532003,5.968090220065452,4.8601685,5.325563320117772,5.302398284875479,4.7704315,73.88657465400331,68.49202406551629,76.3723069030394,88.68439755115179,84.32040121125463,89.57145588231018,63.00018269011587,74.16550230536569,86.03716012392657,87.30103556337085,74.64344039714173,62.78575431332634,6.764840658850451,4.472441906132744,6.91139742643702,7.550432094922284,8.153806247159014,6.422683456515457,7.089480481075844,7.023736924953591,9.937072460276156,8.863303445335868,10.101801771389322,12.47694739735114
93000.0,gromacs_replicate_1,71.87318,5.347510323384952,5.459760750324366,16.553513,4.993634427428771,4.90509977402909,4.3372345,80.09420999936229,80.30497392804035,88.31563854703924,77.29703125438921,74.49513610571455,85.00419340765528,54.120926548123975,65.80470757286294,79.27806891018584,81.86868864724723,69.84661008157637,55.98390711297912,6.923395067753435,4.381452170158973,6.470591840883299,7.281815679281867,7.924735537313986,6.5741127902904815,6.663961682929584,6.658459647425366,9.658270517192696,8.339648847817214,9.953795490549375,12.709293664678597
93100.0,gromacs_replicate_1,76.667534,5.9385463966498175,6.04532662984,16.385803,5.194537017174865,5.109001874879108,12.362839,81.4472770393325,75.0030191591377,81.70343208081357,86.63928652853491,79.11601720345243,83.88978463738846,49.642771485136095,61.99003115394768,74.17443194728081,74.10555778097311,61.128984384013535,48.4516173404577,6.352528274116211,4.298176947106028,6.8116280240914895,7.706586488072572,8.091495796215694,6.833956020588378,7.786695879033126,7.215896895126761,10.076062601189086,8.350467003454085,9.726454828913008,11.534962047432193
93200.0,gromacs_replicate_1,69.94939,6.13085858239334,6.0687074957235545,0.6104355,5.286694245625977,5.124503715296703,1.0099258,83.62919641805344,88.92697055878293,81.95948309461626,70.5597980181518,64.03840698909909,69.50003929219665,55.24014414508179,63.93504346673062,77.5567071785869,83.38672437755872,73.94521472256824,61.228713314755446,6.485056433032058,4.260757191491557,6.9302718107688355,7.7815336705888605,7.498867578393538,6.294452956366508,6.765370634891089,7.161474794755612,10.068151642295302,8.406276079162907,9.92994195985623,11.809232233705487
93300.0,gromacs_replicate_1,61.321598,5.27735698550201,5.4653128102276565,17.007942,5.350935966241605,5.186996815510696,0.5342102,63.82102096971469,60.765100054569324,70.88469471672268,83.53407500416759,89.45852482359358,81.00231027341165,56.11626326906711,68.05924891604387,78.56474409505128,76.96026662464322,62.72646820709777,52.92896270314912,7.078810834764805,4.870962890743318,6.778545318794691,7.999135565438598,8.028740033054664,6.251144763343156,7.053904781804638,6.851497996409969,9.457195099256332,8.259361462230244,9.453141524102998,11.386188340676462
93400.0,gromacs_replicate_1,62.37031,5.573295639907214,5.6937165669669465,6.505005,5.064640959583803,4.869687472829335,2.5610504,74.34992039219777,66.12271108689156,72.51026803039296,84.90724771305656,86.37197846352406,89.33578761595447,51.05134577961772,60.35900056046887,74.39021438409158,78.76872369098102,67.92772134041029,54.07295704755802,6.90246434634646,4.427533645583504,7.077594388474955,7.607875573619498,7.681591176310771,6.5102001035370245,6.5058946408432385,7.2809015580165,9.759771446303949,8.606576461903916,9.663235313000419,11.586334493974725
93500.0,gromacs_replicate_1,64.39103,5.379613822227369,5.415249069459936,11.122154,5.188783804104236,4.910208121103939,1.3197708,58.07246013844251,55.04283433107799,65.26467338748523,77.75554630057496,83.093834284669,73.37492961433236,50.51924409975536,59.35388176724607,72.25002508963682,76.39184403362923,65.61806956866083,52.089848096434054,6.433636915146962,4.1037940486222535,6.571379497837538,7.184058121603247,8.224741188023046,6.465601426319532,7.007616697427501,6.889134422317746,9.30143435742567,8.914613553789978,9.293439471622365,10.918928881143138
93600.0,gromacs_replicate_1,71.78509,5.566193731475892,5.76815005859687,27.79818,5.0498753594370624,4.912606526561443,5.4387207,57.13999818614221,56.10842089072695,66.36816401032996,77.28814702711118,82.22366272322736,72.8220098788939,51.079339062331485,62.372303514167704,76.56039144972637,78.32414879050289,66.86553203422531,53.502610707249026,6.458419925194208,4.3351460103206305,6.713222522615077,7.554796489980369,8.066281663332292,6.536195867903025,6.673246297005947,6.68261359265721,9.44553454368911,8.422743702970466,9.582269907564402,11.183519125991188
93700.0,gromacs_replicate_1,63.290306,5.598542292490759,5.818081816593032,19.72641,5.4208946846862265,5.113460834914524,1.1308289,66.49090240782796,60.9594837273552,70.17745734277459,82.78508279307052,88.79978503233919,81.79563853999541,50.91326243924371,58.202461147247654,71.00605494436655,76.61437578391387,68.78817782356454,55.75038192712021,6.762202458846261,4.35268080307748,7.06917038198543,7.79496705154008,7.232821816565852,6.26539140485048,6.496870976524215,7.137007774478906,9.9109813460801,8.619588843244692,9.616859205584069,11.538229247742219
93800.0,gromacs_replicate_1,66.42665,5.689246010209025,5.791909395818648,9.332489,5.008800320063324,5.019459177336797,2.0723877,68.30924288994848,63.29373592322224,72.42504176763144,83.90160485369013,89.1064268577811,83.87139331066282,60.621099231521626,70.6772007886591,85.18710016677426,89.19421918585702,78.44601124119524,63.58581012960356,6.846715448810958,4.246084797923695,6.395257213241167,6.939048334385415,7.461529558736065,6.220815770736737,6.6434002266351735,6.715640151245225,9.42400165660719,8.50241702336732,10.244873726879792,11.283508208003806
93900.0,gromacs_replicate_1,71.50142,5.180321603729225,5.334611264553878,14.651115,5.071321315709804,4.991204983099016,2.560669,66.44300493879165,60.03981032391128,68.6374983195071,81.72770188952957,89.94453944195807,83.96849051068519,57.91931755408575,68.95280515682266,82.0957154960045,85.27485684219295,73.65394441284288,60.53896649403025,6.2123071831269705,4.419877099501863,6.8924991686728445,7.444534172356412,7.94090394986737,6.43219418608825,6.787576680866258,6.706664454799882,9.277068056724072,8.644931585466935,9.690125262962324,11.038885892137568
94000.0,gromacs_replicate_1,75.22255,5.609471495456315,5.673920070590739,15.361031,5.32736827256218,5.430745411909369,5.807457,57.93039904669434,54.025814106668555,63.65328762227805,76.00961995925623,82.3746007102338,74.66126176063757,67.41515174110727,77.15308333068867,88.96713694007504,84.7655858524303,84.26023054274363,70.75803168261177,6.762690880068722,4.678468317440133,6.704907772202192,7.329534180441612,7.520865743014887,6.249135128239413,6.34256079977849,6.684544526552326,9.735673457065742,8.507062181999029,9.754302161085535,10.850189489312296
94100.0,gromacs_replicate_1,73.95339,5.604125477810836,5.842780244592368,19.610176,5.00757347476402,4.985621334569223,10.304703,67.98970450504747,67.59128487789476,78.0336298290429,89.19690071880007,86.65374759222757,83.38410371063937,51.93922091987336,64.0078298946515,77.57073270417322,80.17955407796686,67.0533969274974,52.63508193582218,6.729507980044594,4.452453493559079,6.697862255040806,7.505717277719186,7.79562273222753,6.471098229490807,6.808541961918833,6.678689967913305,9.4049393346916,8.745094069282858,9.552057540078325,11.478463107391486
94200.0,gromacs_replicate_1,65.32786,5.73724113913611,5.872889650890154,7.5613937,5.772093937008126,5.627803396211007,4.057144,66.55842906811552,65.24165518246978,75.10158274864717,86.38481370026874,89.2191693008886,81.57014065706821,58.5722646947665,68.38771276151463,80.23745125593926,82.58315620793564,71.51167541929712,60.73461444411636,6.557294372631185,4.274078985985331,6.594043388176482,7.151077455805945,8.58952920563712,6.508033985895795,7.046105622923214,6.802326022267341,9.635382956293101,8.902455513967325,9.515127977676169,10.68302213813449
94300.0,gromacs_replicate_1,72.00982,5.472554234724957,5.46573933636124,17.068047,5.321301598317635,4.99551834686892,5.1921844,58.66161313409406,49.484950994300426,55.30181993382164,67.97030903708402,77.37675616968228,74.34404729121347,46.14833118274569,57.13867361467664,68.43516033026582,69.47694822240598,57.3517856233889,45.698014285230904,6.41011886467938,4.398642109853122,6.850338354415559,7.866191309110583,7.801489599783846,6.650822507184653,7.374780615732984,7.370777235539796,9.39438165940982,8.69560259316718,9.441303870301246,11.074435300620697
94400.0,gromacs_replicate_1,59.023056,5.354211988983687,5.577479123036528,16.359314,5.630493812770232,5.16927101987304,4.758415,70.45880142251373,65.48945157524675,75.78882732175835,89.26060165738049,85.64847428099114,86.36775298526638,49.78425317479012,59.49523391121036,70.08451378792046,71.02209137312283,60.9775716000257,50.79078502656044,6.532665800005806,4.416790394625591,6.695174649896202,7.7625075706217315,7.617694645840972,6.529175349618597,6.9751406305987995,6.997497832159591,9.624263786878341,8.758409728974538,9.453507380503652,11.241806468756307
94500.0,gromacs_replicate_1,78.86033,6.027778010453218,6.162292583461919,13.368149,5.591070909597064,5.49642645866792,10.710968,73.938471381955,67.35700635807827,74.08909836795092,85.79040240953952,86.59709219517667,88.94311765919329,51.09916411905871,61.741603702141205,74.50162783491926,76.44550011506807,65.44097819577482,53.21144545314347,6.636080272382891,4.192197740675081,6.621893698810858,7.38653653624507,7.960003039626404,6.286548094143265,6.569572030519568,6.691179716836123,9.868855080695367,8.598775226357596,10.198837071749796,11.285300531616144
94600.0,gromacs_replicate_1,67.730095,5.498600014530234,5.515554460233351,28.758812,5.176335810667448,5.107934355272746,4.7521286,46.27012078194522,41.29243561001812,50.32883810178492,62.827106464980865,69.3953428019954,62.60603286389568,61.185837618560214,72.6088776856591,85.56336077300752,86.47450744338184,73.55002586304226,61.848331406902744,6.5652721979800255,4.19898504476207,6.506749917613901,7.253563749665911,7.976039120269407,6.220107623082786,6.589662122077999,6.5734184453129805,9.410953379758592,8.70820216728141,9.9676129918928,11.177499719021728
94700.0,gromacs_replicate_1,68.31649,5.470665514513054,5.389641480591492,14.556755,5.14326538992326,4.835989324260809,19.933388,51.14583565260855,46.55116828101084,55.009572911447506,67.59857951475405,75.46722098100227,68.63125048781302,33.781488648189296,46.358954393248744,57.53493709813086,57.32924167843772,44.741240680858375,32.68088516078774,6.897702874897898,4.7150410779651,6.570789217790176,7.768876412298004,8.30806866575154,6.429384680534772,7.279394661894424,7.133384224817787,9.526730170659151,8.202018152621736,9.410369766084228,10.81409356565254
94800.0,gromacs_replicate_1,74.17394,5.319825011198767,5.412010652251504,20.220955,5.251102825032043,5.148979165143158,2.7866516,58.38301183723792,50.82120604108307,58.6708570714145,71.84750772563241,79.75566673749199,75.12564520637117,58.167071160816356,66.79258443965143,80.11090441382724,86.36273739451059,76.48052257943536,62.613370249652505,6.430330230720146,4.4506586007478806,6.537867293755127,7.5756214730461675,7.618365193466915,6.419963641376624,6.96062617511242,7.005693577674426,9.382076231555574,8.804447881432983,9.396932980570297,10.761952659298704
94900.0,gromacs_replicate_1,66.47838,5.80914279095664,5.984066614832765,10.91758,5.317213727229723,4.972880673357244,4.3872604,71.2654832486373,68.83527319628818,78.4229019614793,89.53043746084253,85.39928125779403,86.27684797127353,46.162496360972916,56.68931046567826,68.19026170221092,69.23787166002985,57.66223125451091,46.14643498249633,6.338123587896539,4.268350798083142,6.650541547053767,7.980855831386003,8.036281462900106,6.528799407416051,6.9920205080180455,6.60676626654373,9.388465992182251,8.859438242364101,8.868760252301756,10.813306068044023
95000.0,gromacs_replicate_1,69.34695,5.507849197938592,5.7406903987935785,19.367905,5.0629922141291495,4.969418061050206,2.670395,63.856630958912866,64.0471285443283,75.8712832633861,87.21475269354733,89.52133579333486,79.21994295510494,58.046362103669246,67.17967565375686,81.60815293187098,86.18892869596694,75.10186188854026,61.39123940509883,6.220540291361246,4.0196556576251945,6.570850545291501,7.599746796288559,7.915342370454801,6.405713179072687,6.696805298731797,6.818430491808548,9.464106040279516,8.501384168905796,9.442942135578994,11.095739876355163
95100.0,gromacs_replicate_1,70.42559,5.790723946743425,5.944741939518132,0.2545395,5.486735495682097,5.467750743295775,6.5947037,76.43575190700577,70.92612402377308,79.10936322337444,88.60308542262288,81.10452056305304,88.69174672376853,65.24218848785044,76.14764163243493,87.34150358511509,87.32249696623373,73.77972925557798,63.62719991233003,6.737651164325692,4.417979130508666,6.677807648871766,7.342342012984889,8.077989209139078,6.130808647804579,6.483916463835469,6.43326915566194,9.497004177396379,8.688825338558395,9.732921246887459,11.174720406162129
95200.0,gromacs_replicate_1,74.264694,5.295508090433814,5.494008288435375,16.653473,5.322515747326399,5.093641331673419,8.344048,67.97566490886678,62.21512645571624,71.31639265988125,84.2017725378508,88.2957305209996,85.21804024524603,46.48296750965501,56.604700517449096,69.67432992516117,72.50219490695038,61.308406975996206,48.85058831661021,6.577433430789569,4.460885151502014,6.552207583099208,7.983018247882986,7.704532164803854,6.425379881863923,6.987789148519075,7.081284946669246,9.59140615209892,8.149854703906279,9.397624558985175,11.269824674544786
95300.0,gromacs_replicate_1,70.858795,5.2731335476663075,5.474250289539684,14.21315,5.077269630376303,4.896510087774994,10.108154,71.02122242846292,67.16116257966415,77.12249988575633,89.98792155185188,83.414678922285,87.70276802925743,45.47372898142339,55.817963695476934,69.54557160650832,73.30232797868096,62.792973976643815,49.389760861122504,6.599876668208172,4.276413401686641,6.33921620405033,7.281326293986349,8.073589256632532,6.8124926595268285,6.655597625652747,6.77019282738188,9.600522602190795,8.46731399761718,9.195570004946845,10.999749061831405
95400.0,gromacs_replicate_1,73.00129,5.543095951073945,5.684136824938937,7.873749,5.402593344922647,5.332941045387421,12.372772,77.07795764174134,68.86100612275227,75.44309036277966,88.12527119731462,83.55313354493394,87.15027539023414,65.0451308165183,74.73051716961068,87.9712205756177,88.88648706041418,80.23150528026021,67.98520279538155,6.292409682128979,4.390251672288996,6.493382455453429,7.464641823087527,8.38811832536442,6.555701206248215,6.597642580129946,6.867860595245613,9.606794980854643,8.258765563093455,9.406045319960981,10.868167500252774
95500.0,gromacs_replicate_1,66.73593,5.590739664770516,5.716529911639207,19.637596,5.347064136446636,5.071883716775397,6.5132294,61.29641092381818,54.34947524126249,62.228638687111875,75.17619506841571,82.90384860034791,76.48890126515339,55.076691990765156,60.450272304675565,73.53204707835741,80.62549553497823,73.2370681161714,61.081140592437045,6.283179720599679,4.18208098914741,6.572754128106076,7.47658901470689,7.935569866977122,6.318946378037118,6.805518293595502,7.00061868781507,9.271191629179077,8.878002719770581,9.597680375109563,10.996201579308643
95600.0,gromacs_replicate_1,69.01541,5.661072032765653,5.908895705501517,28.092888,5.368020178335543,5.250564528981819,1.5404053,63.19934258429045,59.988860401875954,69.86508671345075,81.6573635174039,86.34646737818422,78.99296636615945,58.347369117226236,66.33121563032809,80.48330789809019,85.79713245406862,76.40669691528088,63.65363005833947,6.804747444560822,4.359901274788006,6.917940267426947,7.776557256089771,7.465845250468193,6.227606359468727,6.076259485731471,6.589593522572491,9.760982113127392,8.164024124967822,9.600766935086133,11.639550750430914
95700.0,gromacs_replicate_1,70.62982,5.363611803208978,5.562636040441069,18.983139,5.196616211364011,4.997660380389307,2.9861298,67.20683963079483,61.39097346346235,70.91529879163795,83.55057060232588,89.81478475929218,83.98930924727809,52.79308244780113,64.47150389141783,76.0542595589578,75.19839065198154,62.26096842905631,50.75403853293853,6.77529752511304,4.50313149416259,6.938413291891374,7.710282622673369,7.880592131330044,6.15667176786408,6.753454622538863,6.542913507179098,9.447074414860628,8.58590902395332,9.196882426492934,11.018372550300754
95800.0,gromacs_replicate_1,72.28342,5.292190262108841,5.526737417155189,17.224167,5.328375230551847,5.018632906498578,2.6931076,64.99583371492751,63.716980495689384,75.60841339318272,88.10665354950346,88.34886724023954,80.82180609401185,51.43921899786094,59.9682854129292,72.8867566714895,77.25287625717193,67.80508968498467,55.362706980257656,6.638415214838325,4.2371591588871915,6.589356414062745,7.496379239650548,8.168633003683164,6.504752873085321,6.904563874997174,6.875226931141333,9.166787166548644,8.827941466163088,9.252761957943363,10.724685597826069
95900.0,gromacs_replicate_1,73.43025,5.043110478907567,5.224767989890982,24.829292,5.157386457828971,4.837285856714428,3.505066,56.42866632993212,49.13064198177843,58.5473243499517,72.23602871374263,80.04928170123827,74.0830148606238,51.26615368944369,60.80595817946737,73.49161096909783,78.0660749495253,68.03145596199737,54.457843678480366,6.5399821199932395,4.509991840044368,6.668723091471381,7.735032769695738,8.275549028966802,6.624471478321246,7.395274936450443,7.112303520190557,9.042021786529341,8.387789033065117,9.315115369159036,10.872006620490215
96000.0,gromacs_replicate_1,68.997955,5.11129421805637,5.388089747867402,25.351288,5.438089789909565,5.081468786520748,0.11891174,59.48697689632732,56.57291830182828,68.18857708033516,81.57945802818966,86.1721893995545,75.51941033731099,48.51504243669013,58.538070960412696,70.41160888409917,71.78116332256091,60.590256160027245,49.91973667393488,6.556943408619485,4.326379804201133,6.649565693689998,7.297288606425395,7.860926429897214,6.396449405585867,7.074519112829645,7.1315817688793155,9.379875988708966,8.726550653245654,9.784075799239409,10.988115493617352
96100.0,gromacs_replicate_1,76.37034,6.086804998101387,6.299103361599481,28.870132,5.165548762955979,5.116876658653652,8.577484,73.65060186313907,69.83001077650191,78.55066017075106,88.61161958664098,86.03090746746508,87.72159669015615,52.81687951977699,61.45860572193332,76.28571363815142,81.81653671550666,72.86873741174048,58.83839609613631,6.737639491746816,4.266327975657589,6.662341683385573,7.645886880760083,7.667653807012271,6.5441519093476215,6.56229414205774,6.965896060547947,9.521461633574116,8.2043947133046,10.011516896432715,11.457128321704714
96200.0,gromacs_replicate_1,70.03523,5.077696616333776,4.973215950675872,21.341003,5.226171661906841,5.00576581857915,2.7713928,45.97514925583488,38.618369773719586,47.778082598790746,61.3673817826165,69.96157741213146,63.649016663283064,54.7882090848922,64.58548979336908,76.59888754981891,78.01050270760368,66.58226626870346,53.99127269989327,6.517802306741151,4.282045610763041,6.650693526141694,7.462801531857071,7.828709852789189,6.538363645758196,7.073146761366274,6.746392543208216,9.040965041796204,8.627831220854755,9.345845360648873,11.183176102049849
96300.0,gromacs_replicate_1,70.736046,5.797381032040196,6.066009545090464,24.873367,5.421769344378519,5.0712640288805275,5.177307,69.25672457676316,65.40296695287066,75.07023781536172,86.68291897453916,88.46146561065855,84.28882820690265,46.481874930329724,57.70527005211205,68.89805991861114,68.9874440258435,56.89649471125156,45.8762852902059,6.549786808161067,4.434500045409921,6.585540675074246,7.473755682164535,7.9735727705887625,6.498499656917183,6.796091321071092,6.8972471182727535,9.357193731922212,8.509058159423594,9.423428319083905,10.887432165722416
96400.0,gromacs_replicate_1,61.272953,5.739160129431878,5.889349393239477,10.746544,5.228859243895922,5.135135536705312,4.9022293,69.29250371421381,65.02553135037479,73.3581789137377,85.52742495613693,88.13564518441576,84.84647290929365,60.48758694834333,71.46460243003334,84.44999539270987,85.60939766170742,73.22739156746582,61.05762197908103,6.547922756306572,4.1961403390441125,6.493119914351079,7.3168730927147925,8.044735802600094,6.290436029530937,6.7970011442829374,6.609371576617914,9.602475914124291,8.734597097764752,9.767591004677744,11.169667823894622
96500.0,gromacs_replicate_1,80.47125,5.759829650410841,5.793926494898897,5.1315002,5.137584412483441,5.17079514490051,3.5206146,64.85502901143371,61.34359868498382,69.77823943139799,81.35578248970374,87.91441153181916,80.82771281674974,62.768975990046975,72.94441501833512,86.26110891125862,89.38510050066897,78.72306917446048,64.60218258062338,6.686921340858727,4.274202110482333,6.636352964220644,7.413627125808677,7.467055740837569,6.364988797786464,6.68328993946129,6.849921144071198,9.485267692386534,8.36254425872142,9.63277317995352,11.066265250382543
96600.0,gromacs_replicate_1,72.6327,5.746276914523511,5.921989138931052,10.411987,5.2042102373371835,5.1612359337910405,0.41712952,75.75062245498705,73.67641352692704,83.32609406479921,84.80366173829859,80.0970846440169,88.9029465649847,58.39722391597007,69.46377147358128,82.73449788097844,86.28109771169856,74.8500923960761,61.164232954086245,6.636887918047226,4.301910390392407,6.459276958585772,7.300601668368942,7.9454498711338495,6.692840372325959,7.105963518589105,6.871088052848526,9.399186881895902,8.610617925971484,9.856375033126755,11.219182839633207
96700.0,gromacs_replicate_1,62.463974,5.3766002314424926,5.659984901474656,24.191475,5.824185907542416,5.491401977007007,2.4292603,63.670599617552476,62.80216729890794,74.24096638825976,86.13385275657218,89.99628765684183,79.36950188514871,49.050871620546786,58.073728644246565,69.01256545115444,72.62500305558063,63.01383279374684,51.93463207914859,6.656326187643838,4.122642057653377,6.5122592573522855,7.223322112941003,7.649657418251222,6.475940640967765,6.558755958036217,7.076838636252142,9.777785399864893,8.447638369190988,10.266391058814277,11.472890800513674
96800.0,gromacs_replicate_1,68.52235,5.293940174446656,5.485077657795531,17.498863,5.395633154041934,5.138403750448998,7.5925446,67.1320979483715,62.302351414671776,71.47037827545897,84.2941939371053,88.4550968717463,84.090785761695,47.88221168317543,59.518951814712196,71.21805256337174,70.09822185823957,58.121312972788814,46.63964919232198,6.379962364407395,4.168471477282463,6.236988574965126,7.509662742470516,8.044776548932946,6.611028445663677,6.729388614549144,6.894531876564082,9.39415209493163,8.451692529150925,10.249899191697784,11.311696890313726
96900.0,gromacs_replicate_1,67.62889,5.205532761067584,5.433473865051539,28.887848,5.117766030558039,4.885806734732924,7.031166,56.73336757393009,52.563455983981996,62.92275040600894,75.41262713971767,81.09045743476265,73.20346912009408,46.992601857135625,58.09420578439364,71.03258091415913,74.23316294816054,62.93519261411387,49.602775256206264,6.460639411020621,4.429959198162439,6.789048840486942,7.884331627386775,7.704373236284571,6.897104373974361,6.606783708677576,7.393117551187813,9.38706177246286,8.029073975856912,10.540009480523496,11.44503260851799
97000.0,gromacs_replicate_1,80.74336,5.661996586191588,5.802534899604745,9.798798,4.92654348781474,4.976193980929336,15.741646,66.80625773458189,64.87463288295093,74.14972768306208,86.04631758704002,88.12522004800304,82.2411147784407,51.28634420570696,65.35043639276516,77.29021929061233,78.40005321310284,63.453854713383336,49.54580743515338,6.448828783571957,4.347924169264169,6.438743628282009,7.6039137916322055,8.478659125677785,6.599592299215109,6.831680180312833,6.385622993682994,9.527109784280563,8.625480479283782,10.251442511029612,11.256702275226328
97100.0,gromacs_replicate_1,67.77725,5.339961084739803,5.561697503029383,20.869614,5.661525404439026,5.429974477441406,3.781189,58.959123102267924,59.31354409812942,71.57832468194412,83.50481727113075,85.17631734014154,73.6166467037598,57.36675697239129,68.12556689488757,78.86163345554019,78.63135483971772,67.47064566616089,57.085895641700496,5.980999135513832,3.899930433874891,6.30210555908239,7.213500684852577,8.211731578029477,6.421783102955667,6.8698926858603535,7.2100571845609736,9.587767011968676,9.089648656071093,9.66904633279261,11.062793875841518
97200.0,gromacs_replicate_1,76.335625,5.599958510778785,5.7964653333335985,12.224564,5.367804882722744,5.2752232645676,5.267105,68.35723579338041,66.95124649441982,77.0188436645165,89.14289480548203,86.31277496931719,84.15337827659286,54.30269855622567,65.12969198366034,77.90466215631476,79.63607144799074,66.99599078558255,54.3986523913427,6.288881198738705,4.224800366786422,6.515776911134382,7.294301100003327,7.961322241806668,6.39128561296086,7.0344966324997396,6.82171816481772,9.591611252588052,8.700207859391545,9.570672734969536,11.007520807987508
97300.0,gromacs_replicate_1,74.502205,6.0186947959687895,6.225561556020321,17.432152,5.236032886007356,5.142703073708267,0.20404816,70.98653563975421,69.85021058512469,79.52127976184458,89.73032874685485,85.7637994856333,85.00846851469008,56.847546833501404,65.01252220667105,79.13267399702255,84.69160358685384,75.4176232442791,61.3752194294898,6.737835287923568,4.491201407848562,6.8109266167691,7.412056798872488,7.890588299197179,6.221525527550182,6.267487562091835,6.751892959412465,9.60042674009132,8.450831027896937,9.751617141527714,11.062971019625715
97400.0,gromacs_replicate_1,72.7994,5.971309326951608,6.170118627164423,17.848633,5.092533255598102,5.040755181032816,0.06842804,69.81757500290858,66.21796973637603,75.05418809002839,86.89266595099976,87.37175352163895,84.71117072402951,57.749283554123004,68.3385816846092,82.05790757523992,86.20032670934165,74.5999147284736,61.55293745698375,6.6002857753829565,4.119392351634164,6.333944499957783,7.125463608431895,7.694156499976564,6.481498382416154,6.458491325396592,6.59108250403972,9.520725732860228,9.092005544720207,10.054479308438093,10.870042563133355
97500.0,gromacs_replicate_1,66.76636,5.346104116122975,5.571199352383385,18.59127,5.30837979085759,5.151976279547057,14.390305,66.36377922806629,62.665555235903156,72.46562959358684,85.1041294944633,88.87493034421199,82.8730999689631,62.781595843114765,69.7174029696078,83.08340660848029,89.25537571280194,81.94413566507299,68.75638835604906,6.813083370199834,4.505713547289448,6.4324843002359104,7.676771754490818,7.578644377279121,6.286044568602101,6.591880864963971,7.200858145816374,9.506847096050008,9.502840661362256,9.421776473905778,10.766678434687591
97600.0,gromacs_replicate_1,60.611534,5.228972378510293,5.434116223573127,19.219147,5.291683993270405,4.696208886188169,0.21747589,74.27757616759487,71.90968580390232,83.63650091447167,83.61754267110418,80.76147904449977,89.30751561473024,40.38066147745726,50.61971541371282,60.47657242764373,59.46355022203369,48.562024864943126,39.74818926492744,6.414702911888145,4.133407895511156,6.720588854754604,7.822880542290797,7.709913490627394,6.526588613030935,7.123636043961349,7.387235545384897,9.534437289710908,8.44069969687187,9.498001695660177,11.271936157679868
97700.0,gromacs_replicate_1,62.51292,5.571451140958797,5.73793023391423,16.90754,5.74519540345217,5.471481114979735,6.578705,77.32077633574512,74.56265124158463,84.67729232120112,83.44008878073556,79.54145743741896,87.51996382049896,57.17845593198056,65.5574294582551,77.89798572287164,80.85556808506192,71.72573830174548,60.475584627112866,6.593188696987932,4.020569181427536,6.677018813145321,7.5378752109202285,7.1874453989092615,6.652949367386775,6.786105247226296,7.304586562333764,9.631735137901686,8.661482845626253,9.607041816614604,11.293923126839196
97800.0,gromacs_replicate_1,63.586517,5.736064755853006,5.740289295785126,7.0919113,5.369333345131545,5.185589621935305,10.792648,60.037069348678045,58.35162277981173,67.19413213024698,79.00937483213511,84.523962638699,75.10535314684937,46.37410757430792,58.03219148065072,69.57029748914023,71.74348175529309,59.84545006574384,47.02962829068057,6.512787854906358,4.471921191364502,6.4214033806877415,7.508287145953608,7.51787548545275,6.523003171880697,6.7671235004818495,7.398417411304798,9.565751563848128,9.057284391748288,9.831696249319352,11.70994394449208
97900.0,gromacs_replicate_1,68.51555,5.701598238330065,5.881462366658191,9.185402,5.2788026240976995,5.16593605635707,0.7922821,74.86763045563373,73.001979745172,82.56376129327448,85.55131902761943,80.86422911374058,89.60538181658126,57.22109935577075,69.154057185885,81.23486527716038,80.28850802768791,67.60574485418078,56.57264561766482,6.872947191170553,4.471307456250958,6.4534307843373915,7.095935348744712,7.590361898401498,6.125617384118779,6.501680049788032,7.22165785870842,9.771109660001432,8.73865125828933,10.500592693192818,11.979556218109064
98000.0,gromacs_replicate_1,73.16466,5.9919459110306255,6.201402135454593,26.547745,6.052032507125627,5.776315091684997,9.419334,65.41453439266948,59.51192534213203,66.72868252330794,78.38580031632868,84.70771129110533,79.76354762112408,46.92746863728486,57.06572770430499,68.11584833845538,69.53789929766381,59.3460875051377,48.53375791745545,6.717235454559906,4.454841252031761,6.945736326833796,7.487882170295224,7.730996513744867,6.911610029815377,7.138022596371068,7.503524509131317,9.876638324264652,8.211296928401925,9.94059350177714,11.383002519645613
98100.0,gromacs_replicate_1,61.204304,5.290645521386683,5.499283053193009,14.145042,5.261679743736769,4.960866445669967,4.589203,73.14167769589196,68.18582996643516,77.94047584090475,89.00512334472958,82.14332973649273,89.8856726528852,53.28812219964996,63.16265455665278,75.09461927853638,76.69677787425174,65.40587430279301,54.18174500095608,6.425796668461189,4.263850551047591,6.489006000030485,7.609447051966251,7.847992182811196,6.693912426404339,7.081544025069036,7.3410356110900015,9.177875544346922,8.613702507531587,10.039717014103754,11.278056067171509
98200.0,gromacs_replicate_1,68.19721,5.436266789242504,5.5071076354913275,26.248764,5.103911048071156,5.014773829960528,5.9291916,80.52263709258735,82.41570381792049,86.52357023763105,77.1050305534504,76.12203349407227,87.08366876157203,53.427781924115884,62.17455601333516,77.1782346552046,82.06196639300933,72.90499335260512,58.820399794602814,6.627035445780459,4.215642703283728,6.8345850594432935,7.340679388096383,7.617873487959891,6.568688606767284,6.666949225940931,7.162901739590445,9.139974475088932,8.535248580512338,9.933964459772355,11.152082307496574
98300.0,gromacs_replicate_1,69.58065,5.703349260882946,5.84808447763668,8.107384,5.018685896595288,4.922583699641562,4.5803146,72.0946593579959,66.33072360083644,75.04880581600823,87.04206944364289,85.37078223050106,88.36135825188383,58.45070255304376,67.13054263187243,81.03363135511096,86.44128588993604,77.90414862986094,63.01423605667609,6.729735704819866,4.227249785327005,6.670852667799582,7.226050922686286,7.902696598207864,6.443798242861022,6.454834717438955,7.189047963461807,9.431188150680525,8.538955246672202,10.244786432270454,11.5431515485185
98400.0,gromacs_replicate_1,62.61219,5.365459813131002,5.569133175163994,14.675194,5.461467956389087,5.205582288685942,5.6271133,65.94079683299341,63.74035561934064,74.56865523500274,87.10748904025407,87.8216681651331,81.91798879806787,55.76722399456843,63.92373061474255,76.59941010915763,81.01868018894221,71.54218256857726,59.596975485923736,6.43886937727806,4.537868434129956,6.8938101639447265,7.688057526824634,7.5289828109932,6.40424976560859,6.147204752569004,7.360277559235984,9.266875381671998,8.34356224710949,9.76309155040439,11.354705968124362
98500.0,gromacs_replicate_1,67.67777,5.50430921626616,5.66563606520659,15.695709,5.443372543433664,5.076356280970757,10.076988,79.27831849555169,71.90856704081848,79.97048649798452,87.7448655472314,80.21422246173339,85.62771971689268,55.090454666616196,59.98565742278383,71.72829874106642,79.68590565515218,73.29513543922437,61.53654724943019,6.7289404307286995,4.462417221405925,6.779685686729814,7.833703255504651,7.318403922983495,6.602655619197028,7.115301393760303,7.8366610559749414,9.509488515288613,8.170573950074088,9.686089896984909,10.970032498657309
98600.0,gromacs_replicate_1,68.16383,5.751030201099858,5.921594792869837,14.890549,5.120122098499208,4.929941171228551,5.494995,73.02400010981452,68.26657210325807,76.55648480088811,88.07559259652574,85.37725923660457,88.65816663954276,48.66253665555066,58.196861261177375,72.05074296408965,76.79130609730527,67.01359067870234,53.12745152381394,6.529427387436226,4.301943724186488,6.706084943493289,7.234739869740605,7.377211087134406,6.63491388248301,7.154216548657219,7.7487800314588595,9.295714167433657,9.333013591382457,10.271104948605416,11.227737641172693
98700.0,gromacs_replicate_1,65.634,5.827299226448375,6.149370041366568,34.13347,5.366645530607448,5.148751288457112,4.558899,56.677538006547536,53.50723811802223,64.52175509233189,75.64975513111713,79.49926734711036,71.51973344331304,55.9764984693783,63.11783977934547,76.81118249185832,83.28762137615385,75.40005949261345,62.662244379060674,6.337312676987775,4.302687860707764,6.5715349246725,7.848467594037502,7.826105637427589,6.62645606100102,6.540425393667892,7.3311743512544325,9.642157755729391,8.246711648316934,9.527108233515342,11.279885216210953
98800.0,gromacs_replicate_1,60.28582,5.446444251128043,5.739805569344928,26.287369,5.437380984143458,5.121376755939954,5.1951294,65.59716986990375,64.22843669376536,75.5114614400908,86.82719908216964,89.40361465071449,80.31522644521054,53.72390400345787,62.520047004175304,74.72692358695846,78.35434523624612,69.0384925653899,57.09662274609024,6.6869594485372295,4.496606627134095,6.379377472218381,7.745529757309843,7.901936468649205,6.530658904873975,6.627815631183667,7.583035435432168,9.136965888840951,8.517637958945068,9.278242245932244,11.23930124580064
98900.0,gromacs_replicate_1,56.35924,5.357982164504302,5.5877206186834565,16.71444,5.2357332120054885,4.808710713541463,6.125641,68.48985428196768,65.5038272821753,76.61443817987275,89.13710421487775,86.08052680735202,84.2148724319171,48.85498208935396,57.76318734731759,69.36521254483358,71.64288771136292,61.76821166759643,51.29623398809588,6.724669311978283,4.731716842187011,6.619844620567651,7.6600321928083295,7.207934425910804,6.195355655382647,6.8178139263051944,7.574168631678949,9.53199094973688,8.202315574797577,9.572937331249161,11.518165650777538
99000.0,gromacs_replicate_1,68.9406,6.143625788123429,6.25353636101532,3.904358,5.056084612972832,5.041145542628278,2.5625763,84.38234728391579,81.68146347660684,89.73073309789262,78.69458740483779,73.20061650092804,81.2885246248535,59.77218536844124,69.61592696171668,83.70724658655922,88.90869086362169,77.93724253898196,63.85705413057524,6.831595331311741,4.374681300360048,6.657081991389244,7.240416274163363,7.444851960769046,6.291371348308445,6.478519876193655,7.1930330077654405,9.056704363450239,8.55874021632794,9.778095575101098,11.483702371066556
99100.0,gromacs_replicate_1,69.262314,5.234702834203895,5.420435163490018,9.4867935,5.24973844607019,4.961579497321725,4.279297,74.06995431015577,68.99275084592266,78.25724427125263,88.49057989785233,81.75009915787432,89.21806140072124,52.666452475676465,61.59785136857859,74.60619240566011,78.460655815393,68.01416610127768,56.36905786647507,6.660744109264555,4.420497129411441,6.422675108562239,7.76767061170761,7.637716180005553,6.382052928133845,6.489153365169185,7.241996020912278,9.070240820447554,8.49990437689167,9.388823696637672,10.756329740376117
99200.0,gromacs_replicate_1,77.63112,5.574789329080446,5.877303477612873,30.949364,5.119335453219196,4.9871049957713,0.16478729,66.43181892667039,64.74554679431463,74.62895897023704,85.98675019774481,89.97061177432174,82.06555655380376,55.05732215069292,62.299868813514394,76.74161728409703,84.74788056384888,76.21409074847637,62.658343901038045,6.280486797808839,4.147658443344683,6.578223239708724,7.418151994825162,7.555852128922969,6.795004129389527,7.156169134794816,7.294550432931424,8.943183134812676,9.215653148745618,9.886486345778607,10.967533667472923
99300.0,gromacs_replicate_1,72.60717,5.025500272653582,5.299265697143974,22.156006,5.428555545106929,4.999076680534559,3.1965637,65.5175383615024,62.832004277652366,74.57719815603721,87.70569747541067,87.9478410176585,82.03619548076279,43.3889777429139,50.65780709573719,62.496976116636255,68.36283413587402,60.52675990537069,48.213214127877556,6.478898742280296,4.621958381124547,6.265374471804823,7.600165904223902,7.763889421608241,6.465206216268943,7.003308196411175,7.710091312265735,9.423608927014222,8.315060999932104,9.457410051847846,11.190241344075147
99400.0,gromacs_replicate_1,72.46188,5.593414800863678,5.802227129864298,18.535423,5.11319561623832,4.919769207925576,4.0244904,66.82655467069262,63.73474891273983,73.5037878119421,85.54774189563624,88.59543066711122,83.08018069375409,50.709061583441446,61.751192028252035,75.22406013014259,77.50667961673817,65.4115406774463,52.52882559737178,6.514053308758996,4.247424136307413,6.520316309684519,7.36971171571878,7.76209630431398,6.614831375567972,6.701629965922134,7.181099923765302,9.634204003206982,8.563979773474463,9.925914551426743,11.440906994204049
99500.0,gromacs_replicate_1,63.05627,5.216298425452831,5.372311706345462,17.876251,5.742250037881496,5.28583049043155,4.074547,61.91761871683807,55.95326475270851,64.65506521731567,77.86678185426325,86.04381765387271,78.97738636435713,41.39357006944707,50.78997435732998,61.1425263793901,63.02247514154294,55.422941866743116,44.02975209132413,6.591815279760388,4.322766293193503,6.862471577310089,7.526824797097402,7.12757279609882,6.44323736488571,6.933143969359331,7.572576395079795,9.376954651302421,8.35312128317632,9.806404563584307,11.343472784816372
99600.0,gromacs_replicate_1,64.9159,5.721500367658454,5.888052305675273,16.040085,5.613466816717736,5.433081957690157,10.322845,76.7354657235653,76.50036026484884,87.38397353135245,81.16712802138136,79.43323643271519,89.77878378039189,61.80994399223326,68.17456500043284,81.76999399800296,87.72101187302616,80.20853305224288,67.54840899287451,6.454021677791727,4.073311947430632,6.634032618150041,7.937977608634655,7.346193251392068,6.387016381719637,6.5248639062182585,7.52769747205677,9.635980267557775,8.698517413926506,9.71223533367943,11.692816537968445
99700.0,gromacs_replicate_1,62.411457,5.541357513926846,5.744666159633813,14.576424,5.2458020876705085,4.943997723012766,11.036339,71.41479895607301,67.26339769038756,76.75134402600264,89.13229238597278,84.4517951611651,87.63940957262028,41.29769385853496,51.93359603579212,64.34403674257447,66.56176890704153,55.67079634561311,43.471557924899734,6.66781213685167,4.391932893618979,6.711593853202356,8.004636084391768,7.644541846503862,6.540455690846744,6.9801632212479605,7.448677095654717,9.462804016885535,8.34211868945503,9.631219669721304,11.734936752890542
99800.0,gromacs_replicate_1,67.70687,6.02607615717624,6.329973303747737,31.024033,5.261903341805381,5.115232531539201,0.2048645,63.48429982885569,62.501153793617156,71.85744086650675,82.94446241945742,85.56710039356636,77.6397573982676,56.01421855962094,66.97408750740657,80.76566325792454,82.92099194265425,72.0391823498336,59.35176529038135,6.582858364710791,4.117534667838344,6.4539802532830155,7.27274019867969,7.831633533614708,6.497910022182589,6.69990460683031,6.834822821523309,9.895458222912145,8.730250806722857,10.246107258851934,12.104471035204192
99900.0,gromacs_replicate_1,73.45374,5.620518015809114,5.932300915020338,33.841843,4.936138883664615,4.745510542891141,7.3754807,67.89371237959605,64.23331120855974,74.33926943259685,85.3002182727126,89.7829398975339,81.96072367712131,47.097336928436405,54.877115307216386,69.57687797065466,75.63380427754988,67.71134718752133,53.05204334049647,6.659010354008602,4.422501444994893,6.372417843197292,7.279863711774634,7.632247147473595,6.454838663870049,6.507451092117513,7.212352965600912,9.558376167455265,8.17818438199563,10.023494305243599,11.465101222502987
100000.0,gromacs_replicate_1,57.26713,5.617181658919094,5.796281788168226,8.540215,5.216334066215431,4.981011617388615,15.484261,72.51415324789481,69.27769832438626,79.14848263350751,88.54023333305986,83.76526051970706,88.34209502060534,60.740885365099246,68.67355662365536,81.20175770468481,86.33028433150723,76.76524307032528,64.10584594150515,6.695698373114716,4.292370987752245,6.60266434181148,7.749873714625473,7.827007651159928,6.415628875298236,6.953094107701719,7.930709909420577,9.03436667188034,8.910454005909035,9.58179204063249,11.140038152801733
100100.0,gromacs_replicate_1,70.95067,5.362617154766672,5.586366256269052,28.851265,5.1801135237095455,4.9298567739489,4.5539627,57.66572517512477,53.274748304477754,63.51079638355521,75.80254943807255,81.30180701112072,74.07829880432578,54.3536910709411,60.67445231988461,74.4274527717684,81.5282486999962,72.61029822318461,59.636592778472156,6.584617335882016,4.478593323547209,6.464092039742089,7.3106786159375865,7.523235412779171,6.589684915712464,6.929043187188315,7.874507508267501,9.556145214982141,8.30025588419426,9.410676103652166,11.148905397542954
100200.0,gromacs_replicate_1,70.93505,5.226143016194562,5.356187962998547,14.675865,5.294126470321873,5.046036065398654,6.9561615,60.485618003986666,57.18789995237035,67.11696991144983,80.29662120224184,87.43087270884516,78.01056310917986,46.68583838768435,56.76406203054725,69.32548008716351,72.90510068611296,62.69020272213146,49.291549643411635,6.64354117879126,4.343314040678492,6.526845971817599,7.411866666145739,7.395130808343797,6.855158702385854,6.847835693879165,7.496205184023308,9.368502277037829,8.885645699281815,9.495579721992984,11.08842683523859
100300.0,gromacs_replicate_1,70.201324,5.619359170785209,5.802342006865421,23.008171,4.907828191925197,4.694881664035968,7.23423,66.13015400090808,59.413524247910885,67.71776387695921,79.93452067403624,87.0074029668153,82.37460574146108,47.31463277790607,59.734543444675424,73.49760804094142,74.92372465065354,61.95293606775883,49.3207878495133,6.5474874934423,3.9841490816995524,6.522524672014186,7.176755381535846,7.4440569625453055,6.440309502313128,6.559234479921288,7.410117697201691,9.355192894117886,8.410412311517781,10.323968501586624,11.418745796771917
100400.0,gromacs_replicate_1,66.03497,5.384674617934826,5.667431170487862,32.601837,5.280782725121285,4.945978338183002,4.75193,55.23124044226544,53.42863113345553,65.00074274730449,76.12215627604893,80.84435236459976,71.28268471070649,44.35634176574822,53.18086725556077,65.134805604497,69.91655281644178,61.09949736711144,48.178526716925745,6.517050568729327,4.2827782879657805,6.971453579581381,7.7569534666400735,7.9153159103678306,6.478252795184017,7.056737814683239,7.469462732321599,9.109678240964271,8.713914641927923,10.108817792153696,11.786599154982646
100500.0,gromacs_replicate_1,79.47326,5.806170346993311,5.917272097299564,33.37246,4.73570829955201,4.838133981378936,26.377075,55.60150273825985,52.82463910415396,61.320375488679716,71.38978864146867,78.29351794645555,72.03681092007606,42.85520049768651,56.94829542092045,70.67930082961388,72.9261973457306,60.39689735292438,44.33143071498709,6.887005421148957,4.416796529386001,6.546937845437389,7.249345221797513,7.811375277118834,6.261143361846678,6.280541777221383,7.351851305594339,9.122450569211955,8.564540922817688,10.17201783403746,12.030480552071289
100600.0,gromacs_replicate_1,70.3145,6.088609966013243,6.244303239007287,19.798653,5.237812199636757,5.166104349871727,9.320709,62.94052665776238,59.221893340926414,68.3746178368099,79.58540142422756,85.02640425122875,77.36984551073462,52.224351759175114,64.15968725584044,75.57998423041549,76.08122807193355,63.39185393762795,50.92287892150662,6.079192618040185,4.177443608718133,6.773830252744897,7.6452091508196345,7.936779678241377,6.30518062758346,6.858767058692844,7.47700679268071,9.650318521694636,8.743912211038296,10.225600639356486,11.21981400839763
100700.0,gromacs_replicate_1,70.42444,5.723809899168972,5.910456031344543,14.004517,5.070606750546354,5.018298412311098,5.9021835,73.21265024933719,68.05558037060986,76.94489448803436,89.0531166222603,84.54727100850019,88.71191417937838,60.65418167527548,69.16147240014062,84.00600136671457,89.60362576777327,80.09358044545563,66.68897245636722,6.780586052097662,4.362554618020579,6.496592605938506,7.217763910701044,7.745181861583809,6.245997471835559,6.508212028487083,7.32766606658202,9.656514634734934,8.199782013147738,9.6308145470592,11.604814031528262
100800.0,gromacs_replicate_1,67.06821,5.218764392344586,5.427411068376727,17.520653,5.375568499538196,5.206566599182122,5.267128,64.38816384191527,59.4828627947511,69.2732398897183,82.4314675824166,89.5490465363618,81.29626030772137,57.89241489516698,66.12347208315619,79.30174545450127,84.69658501430028,75.28826692730672,62.09563082024647,6.92648351462142,4.69205350349735,6.758922174329238,7.303722734049244,7.719636948742987,6.297334391688082,6.559912417666702,7.375424316995899,9.260048135406596,8.672425899817037,9.659572624513466,11.544244722866615
100900.0,gromacs_replicate_1,77.4222,5.549810034282111,5.914769898711219,38.71646,5.742065533151148,5.568763063466597,4.1333237,61.04057172696754,58.91762656898757,69.85036141445906,80.06206913396129,84.72685176272869,76.35767096945797,52.685658207400614,61.069814950630295,73.63368059547587,78.35096291119973,68.91124255408259,57.40689304073743,6.526379433316855,4.320715935718511,6.8114794301701505,7.641045618445783,7.731028563085453,6.600828107145572,6.608945550049355,7.201766539875048,9.786704029254047,8.109305034660512,9.747571389051746,11.818076187131279
101000.0,gromacs_replicate_1,72.84753,5.479600162493656,5.682075243612615,20.672226,5.1398504547668376,5.048109297214891,2.552559,73.92856292246582,69.89543350272874,78.96938978394394,89.2830917375559,83.12894193229116,89.99820924101347,55.521246606065134,64.87320142476298,78.94588330550445,84.579651829266,74.6876448678787,60.276178287452886,6.301311288769382,4.123296756689022,6.853586863639472,7.368365919965199,8.085025707180181,6.78997995692567,6.944960539842061,7.582559022558897,9.66404407061552,8.672472998605048,9.879893562214365,11.41734081444939
101100.0,gromacs_replicate_1,71.08586,5.484219271746135,5.691318860450446,27.971565,5.343137483329868,5.128858265678136,1.3512573,55.82899741699085,52.727197359453946,62.23766300377214,74.69856958909719,80.43541020757692,72.36268286387386,53.63643806956559,62.70186491429358,74.9140975997682,80.00311520244094,70.55705431420614,57.73321103391145,6.528434560638445,4.36374079857505,6.812943767197726,7.621749991787108,7.790093696219282,6.7709551837303,6.934146439044465,7.378717475103109,9.34171098367857,8.656089564420789,9.185961093246224,11.179605574479902
101200.0,gromacs_replicate_1,70.78537,5.436056139533715,5.621268918198975,23.384125,5.312343913412305,5.116820724440181,4.700012,60.56377425027746,53.97481341230437,62.7465361362437,75.82520746978314,82.63272837039015,76.69076609530092,56.8860763255242,65.25663076950205,78.30231073192266,83.06304929645782,73.96313699388504,60.78641056179525,6.638325842378284,4.907984332941432,6.7622159993261866,7.776615864242648,7.826799195145715,6.373882152517814,6.389189566588848,7.509150720755643,9.277278624856688,8.247381722092632,9.168897510767042,10.96482778059807
101300.0,gromacs_replicate_1,62.856636,4.885765772866291,5.209558463500664,33.37666,5.124283831095592,4.611202411675122,0.5467529,59.0288221778921,52.224397550590346,62.36013840439613,76.42168463288928,83.57243882181137,76.17998256131776,42.13631317568932,51.68372297317064,63.68554657506903,63.77446206217007,54.27980247966082,43.38861334895433,7.083541286356235,4.524982317249719,6.3610739583767595,7.301610530491781,8.031496185444974,6.647482841361963,6.686489239928961,7.204372297750627,8.795250615950517,8.520950735845611,9.00712641848626,10.934964037307175
101400.0,gromacs_replicate_1,66.34013,5.445546132609528,5.648608326054196,18.03405,5.350034200256669,5.108925627206813,13.616447,68.58317488262774,61.67846412901977,70.54612788683016,83.76221866130187,89.93680559341325,83.91599446349731,60.40107520280977,65.66002766517272,78.49295344720882,86.06431860870072,78.32014367878755,66.3807650493754,6.393442275287224,4.34701994724295,6.555520427190225,7.635507060635786,7.698638247878174,6.571628399458298,6.671129668096766,7.95698153704409,9.52426383258628,8.475401185523284,9.244692512826337,11.132303907861775
101500.0,gromacs_replicate_1,64.87244,5.272278246111577,5.53369229725699,29.300278,5.200379701691962,4.774595062301064,8.298622,57.52298747451054,54.5985421878733,66.08530641288814,77.88287832727084,83.15366810914826,73.95861101471701,38.74892201049002,49.190752460406124,61.10528963979585,62.700231746966516,52.70951542960161,41.09476608789305,6.451195728638783,4.1935886407399625,6.290877244266767,7.244095813636603,8.317283650631113,6.555961527488301,7.164584400309076,7.546315885205164,9.366025055408924,8.460864097513078,9.658342685477686,11.775400012730666
101600.0,gromacs_replicate_1,65.149826,5.369061799264544,5.569820959069223,11.524406,5.715610593863612,5.35186242023695,10.438454,67.6467047003569,66.45332832538664,77.14164586590441,89.62410319995561,85.93289907785629,83.28836584138976,42.06849365417307,53.227055796520766,63.23907382073092,61.33791104062569,49.65039569046143,40.61438962668842,6.5378242759075995,4.141644048056742,6.295653833330333,7.093280329699887,7.773196002227129,6.449962798938107,7.090181995129624,7.414258003140138,9.192157255277976,8.675927047708102,9.095548945416501,11.219236633833344
101700.0,gromacs_replicate_1,66.21671,5.9779745738495915,6.169041686914349,17.292625,5.327439182189844,5.20866604405804,3.3634567,72.65318474611894,69.675218146307,79.12148149092899,89.5125596207643,85.10644574319991,87.18566745626879,58.59213327626342,65.83636911844039,79.44726596496609,86.22896896522705,78.57110458014566,64.8648216681297,6.543460401767738,4.2495664373338595,6.572898023531008,7.510277593561174,7.765601689128101,6.34564311063844,6.330946622894074,7.609166317637425,9.44668724494477,8.528766652004082,9.820691472501439,11.639374552152441
101800.0,gromacs_replicate_1,60.42798,5.524553067844025,5.875287875068827,32.530106,5.623676615115228,5.216641252598504,7.3026733,64.83250021744915,60.92898710796383,72.07957348433368,84.10119878119035,87.92022439379623,78.7891459904891,51.64173400929608,56.782699964069394,68.81439220852923,75.41080247348901,68.71495717888727,57.56433043919618,6.609514804057998,4.5046067918526225,6.456972916520773,7.591234304617227,7.561378583006207,6.624140807495046,6.679400259898593,7.125117987880729,9.10624462210714,8.711537822047902,9.470249200892255,11.257336528592543
101900.0,gromacs_replicate_1,72.71174,5.355935944385601,5.517749060759819,24.811348,5.263889744934131,5.012613354696455,12.712814,56.35475959976636,53.1593632391155,63.42124153392155,75.64034320149031,81.49181163927386,73.18949794999038,42.130365304795035,52.285605899356014,65.35571472910726,68.29839621510033,58.38020078388893,44.92509682357916,6.214283998102045,4.153930503019462,6.693653945692355,7.63211876323347,8.064452416439984,6.612241140721773,6.679819269484321,7.580738035916124,9.190141190913012,8.859977120527187,9.568903360314396,11.07608535466498
102000.0,gromacs_replicate_1,71.79695,5.249235721287924,5.476328265865508,22.216461,5.399185128891103,5.279772232452497,9.487663,65.4422222335068,61.32230427949108,72.18103251341647,85.08399884389203,89.59872740064841,82.01649901827861,51.6257852933631,63.87313848145389,75.06201190294159,72.61862038301103,59.67628752410954,49.2852208165,6.038152991157493,4.2797875137873564,6.210443494829377,7.42782300488474,8.084415856817879,6.923658200154448,7.404888816509397,7.715303708214238,9.438173675517916,8.816458769769632,9.45328722669103,11.225607375669384
102100.0,gromacs_replicate_1,65.366646,6.082071202984911,6.30361524799561,23.961838,5.150141461948238,4.950585447894639,11.9320755,65.05674008381612,63.33404283300392,72.17579944475216,82.97591454897449,87.22754930753723,79.5770067395334,44.43172506906968,55.558427364484416,68.5644485806779,71.9631742523616,60.92882328122091,47.10846195632023,6.635568529761654,4.4380081573131624,6.482022787765378,7.362844382553612,7.576237097538673,6.656632545818368,6.5535281821056195,7.515451442653266,9.549189881157503,8.42457026532333,10.153496712242617,11.364724133062472
102200.0,gromacs_replicate_1,63.61771,5.968638704243168,6.151039371860589,11.7328415,5.494607393394277,5.06903873826518,5.3817825,67.11952527119415,66.23404994562105,76.20586978542539,87.91114993398782,88.59591432541535,81.38958632299926,50.425662172911586,59.51693473766545,70.49447550281121,73.09651727931453,63.21255618418065,51.989171408820525,6.137691410937267,4.10057380736859,6.736201239264298,7.16678907062918,7.640926708864854,6.46751327905483,6.778251832229805,7.419507995075167,9.322316896304821,8.910704856125939,9.511154934428747,11.2756401453206
102300.0,gromacs_replicate_1,49.231415,5.6676043788124115,5.663311375593469,13.549751,5.403705390534286,5.387617208551457,27.94635,56.79557167372208,53.610988496603916,63.918365653710715,75.41078726345692,80.26658434681676,70.78379880513627,72.25300177557408,78.8244847002601,88.43966636704289,85.40873795806976,83.6130755742882,73.79314108532397,6.774924043782694,4.638845949282841,6.4567839698267,7.199631878371371,8.150284915638062,6.489408454795766,7.274058736592924,7.65157272088869,9.068949372366507,8.788448991950817,9.124784535431852,11.261931739232658
102400.0,gromacs_replicate_1,69.52952,5.848428477815822,6.111797021194435,28.679901,5.187965148728665,4.933728953281683,8.3098755,70.07545047714153,68.42487969361954,78.08372968161336,88.52328053155954,87.41779224020179,84.45664990853581,44.57509930356665,52.060847189704575,66.76408522757505,72.7170156629018,64.8322862701008,51.54601005230857,6.711520440451271,4.308690704903816,6.8976099774366295,7.505925135075735,7.388722088485718,6.40503979590007,6.5579306881681685,7.227567792692933,9.342302220826781,8.374668167133615,10.248116222258915,12.012362697211264
102500.0,gromacs_replicate_1,64.01099,6.0791499971730465,6.150289989572861,19.236649,5.146910855262443,5.042784920002583,3.077858,56.262900752304446,54.03758654425043,63.50478230476176,74.71015130615287,79.74412417103234,71.27434149039286,55.059079735796445,68.01054235569732,79.62977829466783,78.89726519702414,64.84499021707559,53.36906495628226,6.593170650303683,4.420366168017258,6.754046739742234,7.469496944227201,7.8659826660187315,6.702280610538184,6.998336108640807,7.421393684723452,9.350339058194187,8.925775025598716,9.68145266594403,11.316293549373986
102600.0,gromacs_replicate_1,64.061455,4.805290618393062,5.053880847030443,24.520767,5.382823332817633,5.07542339070776,12.150818,56.20560711169309,55.16534693041824,67.51608907895486,80.54919784578762,85.08437279257073,74.15943847230888,57.328024171497766,64.5241238434822,77.08069357583915,82.66803561948647,74.79927864328673,63.376805478328265,6.773395821232172,4.480167240589113,6.4574769264873195,7.8228764578566645,7.882110013538218,6.686095136973334,6.869374490007129,7.442156021362415,9.177074913350346,8.40972083936453,8.949388985469305,11.318325197876339
102700.0,gromacs_replicate_1,67.32995,5.670497866615236,5.83229598312131,6.3361816,5.547617324980858,5.187554762569718,10.135796,75.51388012782591,69.4494656558023,77.57322443011452,89.54273191279249,82.57573641619128,89.60390813710563,54.93876579468685,63.171265153639,74.50475060047876,77.58902049589045,68.81416954721699,57.804168650030874,6.96241843665536,4.512224193437062,6.605839661198233,7.319474842237899,7.696124955518037,6.3316019325132,6.567582651305479,7.065582727904691,9.817797706796982,8.802832334542849,9.799170415138668,11.535836280817797
102800.0,gromacs_replicate_1,68.311584,5.410781102175575,5.446572477192557,17.364304,5.433465872493849,5.173659074975039,1.7568207,57.231522999918454,50.4786642455278,58.84305896189142,71.05434550655313,79.32046580988641,73.60905559968552,50.50690872466339,59.36937522163094,71.56828311578842,76.62208680386287,67.08165446143747,54.375746190967405,6.329957541405805,4.1921938161225425,6.474589373508661,7.404678830775348,7.747204729595016,6.303535503458419,7.061710771611025,7.635872450809897,9.245205641097865,8.689764285658427,9.541770699556867,11.088727236406918
102900.0,gromacs_replicate_1,73.16803,5.875608168119588,6.050327507175919,11.49897,5.087464567398509,5.0636671170569425,12.77507,72.99162323842327,70.8862816833514,79.95247257897093,88.57967500469682,83.15881809739068,88.5697772981231,50.69425238586421,62.2432856876464,75.05601935313386,77.9721118144492,65.65764448805288,51.31422430603764,6.676291523493889,4.376208568070315,6.384325846738923,7.181628102604755,7.720283463991814,6.72203850439901,6.71978932158356,7.082986348454968,9.299921592287738,8.251456032015549,9.788206806793566,11.717249017387093
103000.0,gromacs_replicate_1,68.25715,5.220397869460986,5.502783199022996,26.641884,5.212582973352114,4.951465225353665,0.90397644,63.97971131703081,62.3406946865818,73.0388397723871,85.61911499493014,89.11207154279758,79.64831659653126,50.45317936513116,60.66354568129212,74.01514399656331,75.86929408003522,64.00187330475536,52.40729963038868,6.611631422798146,4.311206512937166,6.245732518217398,7.346395930775014,7.857012697912351,6.7489755228215715,6.862309666581756,7.4346172217855,9.375215075735447,8.576415988505099,9.518154627214104,11.312437099372762
103100.0,gromacs_replicate_1,65.79104,5.3479925289408765,5.339339595703358,15.70874,5.472011993171022,5.501041652580276,20.241875,54.36280592879882,49.39938733040812,58.132330162184815,71.34128729151746,78.73116511445065,70.6972001906877,70.45960346764852,77.43545870703291,89.27652896343147,84.07447481956393,86.85101090750024,74.03851771559894,6.62751250287892,4.505000598106873,6.599450081307574,7.502766301547242,7.914175764371231,6.598599944733178,6.685199299051318,7.3023199196783946,9.624451276632232,8.913172120479842,9.220187853160933,11.171533899746933
103200.0,gromacs_replicate_1,68.60157,5.578195971269551,5.868869603746237,32.979355,5.018573985921966,4.8674897198541816,4.3127594,62.55637386149364,60.179471980922074,70.54538295507398,81.47861438519628,85.17952136748895,77.77491939622638,51.447117809957646,61.11019830287505,75.50999423747506,79.81500658685913,69.07918321027982,55.321594486975215,6.894474205168319,4.55508091873255,6.830959013414313,7.731535013385188,7.624845241859132,6.211749318010623,6.307434260618894,7.134398909101693,9.12346407863518,8.445513541870712,9.775032899545081,12.030374641178318
103300.0,gromacs_replicate_1,66.334816,5.566511363523562,5.729011383986078,3.3918915,5.509204676025982,5.365789091435213,10.336609,74.4766468119618,69.82510067388765,78.44584431736821,88.7652276297098,81.80233826172683,89.2715902624016,61.57462017204451,70.19163166279064,83.08026282155487,86.73293704714143,77.30354311477046,64.96348699592542,6.81486435686262,4.47894652390835,6.884387430508791,7.510083809818713,8.237010883428892,6.465202514064325,6.384151355136429,7.116420005106136,9.405377633816798,8.853041527942402,9.381260989002612,10.838510199389333
103400.0,gromacs_replicate_1,77.92734,5.71614575276711,5.851716817462397,13.110146,5.123977660641694,5.281322076800473,4.7134094,68.47725400407725,62.936060426787215,70.67219840271868,82.90325485756853,89.76338693189115,84.11300252124714,68.75193550707968,78.5070208892063,87.5643495763988,81.57318516686966,87.6733434962536,73.18241855418596,6.49806750982748,4.122327178258245,6.560030331344395,7.059848600142326,7.9990062884952655,6.539471099692324,5.914106688775463,7.391889195545415,9.566913652794856,8.57724304792867,9.643653685814638,11.278373813371644
103500.0,gromacs_replicate_1,66.56472,5.19704406253342,5.305648850019689,13.908867,6.053220990048144,5.688827197038904,4.736923,61.67134862292829,54.941871574876345,63.46741745918315,77.55638328175428,85.46937693138138,78.70877347120648,53.65409003673113,60.63139798799866,71.30673367536691,75.50109524042222,67.56571174580016,56.40693390147252,6.645782874246767,4.492843942503299,6.749579449194671,7.4656692279887595,7.540761531903189,6.612893656976358,6.897000132535641,7.362533204810927,9.796609837942729,8.623177795332401,9.494453789519369,11.115219074764413
103600.0,gromacs_replicate_1,70.90123,5.3521611456814195,5.509027004715308,32.333054,5.411055454788688,5.0876397222714145,12.253273,47.456371658551504,44.110507818884685,54.531824744315436,67.0797986449245,72.25052965941431,64.87276412425071,41.4878080043823,52.782297783400566,64.25417033432079,66.09021906626867,54.97371041726877,42.058312462933415,6.748945487668285,4.3908070526149725,6.541928364901673,7.279572836700884,7.878103712891922,6.498339663718189,6.9468809801466564,7.431902412599515,9.432113492584092,8.753356526056525,9.459167885486044,11.201701850810046
103700.0,gromacs_replicate_1,70.782326,5.3782951056055275,5.521969259225454,16.484795,5.1414013282114315,4.789422709170583,6.0946503,63.40504807593545,57.725948714182515,66.17273492964244,78.86300295899298,86.52359762137898,79.7561362651965,43.16183057714047,54.31328354641801,66.75045136868503,68.92253490219552,57.49980975199018,45.514607913678425,6.905863718215791,4.695398935397566,6.3961009320160835,7.634950512779288,7.755399232394486,6.668412209876345,6.9363094067204925,7.608543379200022,9.461749600213587,8.267781511340727,9.85336650058688,11.410091780979313
103800.0,gromacs_replicate_1,73.89821,5.908621147115746,6.183586401769217,30.10434,5.094331616706462,4.873049240460492,4.832802,67.71317903307421,65.37093921815534,74.57027116515634,84.69840540112246,89.44232470462352,82.16218806811536,49.6340481613743,61.124004265926885,74.83980791179161,76.59478029219807,64.67652475673987,52.01334969863258,6.669829202204124,4.194637462302878,6.949625191454655,7.572184070253745,7.830027828305827,6.639823874579149,6.714248780424517,7.555667129679666,9.77007131948761,8.33672280133623,9.854994287417025,11.516354670084926
103900.0,gromacs_replicate_1,74.187195,5.772082427301685,6.01768812053711,21.345886,5.719509258266294,5.5166747722348015,2.4897232,68.25936652960624,66.81043895248568,77.60155018176684,88.65573696537935,87.6759336833213,82.88937083494311,53.97514426842155,64.13960272984052,76.08396319353021,78.33467933051753,67.87614856809893,56.47699015560684,6.61569684897408,4.436354812615943,6.736978133527632,7.421109214698533,7.4313546279627065,6.528871064676914,6.898414771470216,7.35131703310881,9.810915897572281,8.672995492352348,9.668204308543528,11.201615171987862
104000.0,gromacs_replicate_1,76.49611,5.980092092917349,6.2257803604904876,31.954964,4.863841484686124,4.853616146398059,11.680878,67.54276877310522,64.25142395954539,73.04256746101444,83.2614675695291,88.5790210448476,81.28869397203702,50.44459133185899,59.19378823431653,74.7596763802608,81.34677435161215,72.191419578544,57.14372735225948,6.7658214192783355,4.328550157618576,6.9553023758460615,7.25776913449408,7.638834271135767,6.679789703318938,6.396230360841018,7.301185728344636,9.5692643939701,8.554559004812042,9.515543799446588,11.361794640957456
104100.0,gromacs_replicate_1,68.98646,5.634429016649613,5.78307087652774,18.806,5.095102520620681,5.346260743956914,21.809464,77.62203190512194,77.28146120217556,87.23731985820922,81.97996704850762,78.41740552521888,87.4026517333592,84.16961299696557,86.0624425788427,70.67545763753127,65.91406101017145,77.70546578665885,88.81018310705107,6.846963156368206,4.30077074036033,6.7125532832039,7.232580292456392,7.534681856143735,6.740123506297711,7.113070687749241,7.668794515701152,9.418799410129655,8.44987818457753,9.638759278400748,11.384929779428722
104200.0,gromacs_replicate_1,74.05187,5.595021419405203,5.805731127326745,19.149559,5.465546621693097,5.374715263003164,2.9046783,73.2679827394124,69.1922815927742,78.95744733793958,89.10061067849207,83.95583704132655,88.15879287960038,60.37328030077455,68.0846222885618,82.37520595933789,87.19774637998933,77.88081020240281,65.22143451104311,6.308323808649806,3.9945333902917874,6.329352398814456,7.161903763015245,7.890421064348466,6.598719120267296,6.69868569300812,7.331859737028424,9.705868658450129,9.078145039806207,9.804302895636908,11.462667779346033
104300.0,gromacs_replicate_1,75.52178,5.948113159171901,6.184788958187341,25.9002,5.188648187071402,5.144544426112238,4.5001526,66.10963865300558,61.57418939630872,70.49251946057487,81.53922069389034,87.23033190835032,80.62357704873739,61.60349596573763,67.39202341661677,82.10070005314051,89.4481149581491,82.68350543622826,68.52749500889001,6.47933257927605,4.202998462274052,7.2354868305196804,7.795332109384555,7.3940809362110524,6.5632641866872135,6.453586945109082,7.659798047664125,9.476406703957212,8.533929795992835,9.70503710602344,11.516433148716947
104400.0,gromacs_replicate_1,65.076035,5.542677504831933,5.711228056628595,13.980171,5.281223271077226,5.061644375991242,12.751297,66.42590019492972,61.93255762621675,70.92180085975455,83.33120406544741,89.28803751858798,82.81136210564387,59.539855834702124,68.56788923351834,80.64345821133843,84.12190829974541,74.86365592023067,62.684524111406006,6.579506274288806,4.126448564918401,6.411349713774361,7.0154943076203455,7.81876664193053,6.561164265628768,6.895366897070107,7.570200291108789,9.522764573325812,8.645431926645312,9.42430236962149,11.341898767725542
104500.0,gromacs_replicate_1,64.04869,5.54000505377745,5.754275390288715,17.972473,5.222066767001049,5.086334191426624,3.6499786,65.13478361679549,64.2527575272316,74.72007016905,86.51486021848986,89.52775421818426,79.99828307314688,54.678492747155026,66.83495440978811,78.65639766564429,76.97916140183573,63.554036665953745,52.41434605300278,6.861268179582704,4.543159381562473,6.9431288339073784,7.342045453744583,7.938427519506868,6.5956100621264335,6.919322003677936,7.422861663754741,9.571047020003059,8.58506770907773,9.62387375003589,11.160279996113502
104600.0,gromacs_replicate_1,75.22622,5.403813023562456,5.572346787913834,23.34127,5.327976659787666,5.18414867720896,0.8978348,61.90344953465608,55.000005237933316,63.62888497284593,76.1855243769369,83.61066650357158,78.52406505850873,55.40521313769336,64.69922719111332,78.31024855329134,81.2894954599886,71.20347190845396,58.04460664040949,6.356787653801568,4.0958551319272996,6.259677842414935,7.097318240831668,7.827491560274918,6.6098010303881365,6.72657116015846,7.221020443234957,9.609218708035588,8.750764617421739,9.862324554258535,11.115483745517842
104700.0,gromacs_replicate_1,79.40813,5.873122258006834,6.055063825736767,24.309319,4.75276970595696,4.723653634990589,11.896248,61.65656859873817,59.468497000806146,68.86791465465093,79.92123656899881,85.38563224764756,77.74739326103462,48.49820051234136,60.54727458191965,75.21825366078262,79.40780843247708,67.91761380883139,52.580345049682386,6.368457368916269,4.195417893726167,6.515607269628515,7.29975312466632,8.233811556862532,6.9406499532301185,6.846184799961207,7.425309397000306,9.499105133383706,8.351916010146027,9.7137874548915,11.501875502548083
104800.0,gromacs_replicate_1,76.79264,5.841917087076517,5.931711328633459,14.26461,4.947370969461846,4.974163379566317,11.968956,63.65307677498107,59.158942432266755,67.32130482387902,79.3854977945141,86.31928797024499,79.4889747906656,51.12271597169325,61.403501809149404,76.18260744554132,81.44028466404217,71.24299692393653,55.49833403990429,7.0043944113321475,4.518161394407872,6.578356899193295,7.02553267173108,7.852273758667185,6.825748231600918,6.363392487778577,7.340714320080906,9.196175790698186,8.462300566598515,9.791965315121061,11.148991853917753
104900.0,gromacs_replicate_1,74.581154,5.439400847660111,5.585513258648239,23.900024,4.993125178610235,4.902135904183194,1.178627,56.36746378958474,51.34043867211602,61.49069357831092,73.82492986256557,80.00270553253752,72.64380177659147,55.41361765859059,64.2436930980357,78.8077206633018,85.14091807255535,74.84128037977364,60.365812825437565,6.901097276333942,4.4939144507769235,6.607452593630348,7.647117810619754,7.687750926325817,6.418964274969246,6.4461530957381,7.298960481835237,9.352214017423261,8.696862641326025,9.473357976305298,11.448177246682587
105000.0,gromacs_replicate_1,62.427822,5.217234134350875,5.420915005840947,15.544945,5.850572197779775,5.510579303970603,9.67234,70.05585230332915,63.67749025865284,72.37328910552587,85.61458245180816,86.40988338675972,86.1432157485301,56.61287751420453,65.59875490923713,76.44842635114576,78.22205839049877,69.04928513222927,58.84882917709198,6.665473316527745,4.406174372586064,6.560171963653266,7.532487817255553,8.005792509549853,6.242987230129155,6.698038562239082,7.259604783867191,9.12992095127989,9.040899940848703,9.521229546988817,11.251396533649679
105100.0,gromacs_replicate_1,64.80585,6.0225865996317145,6.183202763680054,12.539558,5.2897490571008525,5.104288139138373,0.013633728,77.97093549717734,74.67317611518665,83.65234581697746,85.52497620662919,80.18264408104683,88.0875554397849,53.516841658012375,61.79399537003981,75.51242138792448,80.35374611845704,70.72087559137576,57.42889595998094,6.467303410783911,4.394397649650446,6.703795829247137,7.417620229994101,8.120566075032423,6.646167693728939,6.3260676037121275,7.390333657131071,9.302081763629799,8.652405844645667,9.824038573594047,11.498620494975292
105200.0,gromacs_replicate_1,72.34628,5.145587377278266,5.217724360396176,14.9298935,5.568926787830968,5.403612228280164,13.684143,57.32743280123389,54.2084374569493,64.22071028776334,77.16567263239408,83.73578717940026,75.15329171595542,45.1339565993696,56.68101285202221,68.59801215066929,69.60053228023538,58.25140344919168,46.13704026030658,6.547804775855929,4.2803074005514805,6.16887007901965,7.303393977244191,8.007766845169028,6.813602541692632,7.052410795462859,7.650448452978246,9.34983453417927,8.670672071478174,9.503463332929421,11.055336586261054
105300.0,gromacs_replicate_1,64.33482,5.445153490749426,5.587332329929653,8.42054,5.2772285624090625,5.164870657811525,5.8823776,72.5568642661264,65.77140553458497,73.25776510209171,86.138692239423,85.38041363173568,89.17550344624048,59.44679331789869,68.18222056535843,81.4806317428657,86.6260210426971,77.25278231986555,64.04767697094785,6.951864143246983,4.432014979069639,6.620482319617912,7.374128885923469,7.876736003718778,6.711510267179014,6.14131926590595,7.368905204955177,9.19794701818559,8.791766152436532,9.580021900981505,11.178871702385253
105400.0,gromacs_replicate_1,70.949745,5.621729188152488,5.866953661284155,23.422386,5.1547717539959015,5.130956119596496,6.658928,70.7571244663425,69.27896820685712,79.97574967844842,88.79229060847335,85.94987115107847,85.6697820466082,63.28566809919812,72.3940913400869,86.8061183195156,87.47585997223182,82.02723894775608,67.72886541104761,6.469740267279048,4.201758538014256,6.293635724088355,7.078068447795054,7.787049113089568,6.436439839299749,6.544811251977966,7.2441467244233415,9.333858668378955,8.464017638585245,9.359942820755311,11.17154152124804
105500.0,gromacs_replicate_1,63.89923,6.097365274682248,6.284659185423087,21.652534,5.53346351015713,5.478996721960436,14.783508,66.46701244021085,60.18198723098606,67.68277190781089,79.02202606732857,85.76742116995852,80.7326252259615,66.8517924206883,74.22170186151585,86.81329034238614,87.25041471513036,84.30726365016854,71.78321788830662,6.554020882830261,4.220709018759225,6.725041755515709,7.076072265354994,7.906186961262998,6.6174241452230245,6.836522177692777,7.288986286572092,9.664680080285647,8.613154050441482,9.453006602084528,11.372247171322492
105600.0,gromacs_replicate_1,61.866444,5.6925345622252035,5.876873620035658,12.611275,5.336099872550584,5.212098425079841,6.2342606,73.55697854241525,69.36792902821378,78.0671949617554,89.97166108076861,83.78375622792113,89.30767898458797,60.28990381261548,68.94145808543428,82.07318129411887,88.00726547933569,78.62023273314928,65.45784224803256,6.79974367781562,4.572390392835001,6.9063747791041425,7.1946165736356615,7.94986515638236,6.752221135442737,6.070815672298007,7.400149538593873,9.534487858807495,8.246519013140647,9.33690448721783,11.387438983688345
105700.0,gromacs_replicate_1,62.312904,5.4827661671894825,5.721713280344775,25.069687,5.2059798000343225,4.797056210216085,11.625633,62.43415682673311,59.935432263685875,70.42964116756166,82.51898611178349,86.58581473435645,77.89535671803921,36.95779683167661,46.66553287771091,59.247097791429994,61.18535206252912,50.83624725468163,38.7211500848726,6.883964526375004,4.629240077392581,6.394563255901766,7.27482593557078,7.7456455705855936,6.690229213342406,6.510153600413378,7.344702679591569,9.431581519734113,7.975639077710757,9.879617016925817,11.326475302400407
105800.0,gromacs_replicate_1,65.49006,5.43147894959165,5.639436117095866,17.01538,5.2704654903568695,5.017979106452872,6.966423,72.96111581037377,69.99682315006146,80.40081308909772,87.25088230498113,82.56338411414214,88.60026877564451,46.871227482817396,57.96164402693906,70.65015267623897,73.19220103257484,62.71014300211751,49.5624668827039,6.727102589699106,4.200096106233573,6.619242778584753,7.17202897842232,7.938168313093468,6.712732686368118,6.5669358654882535,7.399153223773808,9.378702313926972,8.60432987889497,9.60355614811511,11.243955068837744
105900.0,gromacs_replicate_1,68.44151,5.168451397395176,5.396832387550913,21.775276,5.598067840599296,5.177427634827413,5.7522125,60.32305431842925,57.775246872908006,69.141848291362,81.55805991435926,86.13888004472587,76.14307880544949,42.273016546176464,51.19333277563236,62.49229743529665,65.69668861615162,55.509467165184866,44.688028409526126,6.740110206137804,4.629002087884523,6.62073046820275,7.2958585872096355,7.992686583355355,6.6372495621474945,6.663360189165069,7.2036251684147175,9.431717440577938,8.505376749621746,9.295252609612032,11.311486234761585
106000.0,gromacs_replicate_1,69.4637,5.521134109094406,5.839469208789183,32.13376,5.445178237380138,5.2474936310516025,8.815338,66.49613699174807,65.34504234955064,76.35568364190303,87.19037327214666,89.96064809098195,80.38643918630952,47.95522381920295,56.9923872954083,70.87621119861257,74.6674103470092,65.01688172738089,52.51303239878761,6.799801848930446,4.4670862256359545,6.639045039099868,7.314785560900007,8.051327350457237,6.541184898537044,6.91711002646784,7.660914602045162,9.477129854039248,8.721836943876873,9.410161594503887,11.145574162528332
106100.0,gromacs_replicate_1,59.084568,5.714850047554224,5.890737634979147,15.235542,5.834744457521208,5.588099782897435,15.515259,68.11001020235791,62.37987993594188,70.99882107650392,83.48278317368761,89.96657778242857,82.71187236657177,62.781368827993255,69.27352932903624,81.32222981291176,85.03855740347839,77.83715745233631,66.46529171440696,6.519367695411595,4.27079151990079,6.618876261639541,7.571966426696719,7.737942448471463,6.463184586311093,6.5026636534057,7.480396249018523,10.038455312801268,8.577764620124462,9.301112815807246,11.451657560460843
106200.0,gromacs_replicate_1,62.43209,5.166596699004906,5.411967795064672,19.689186,5.756075707451723,5.3581127167302025,6.7766647,63.88451574617305,60.12563798104176,71.11205270567906,84.99739519089461,89.31045565347382,80.19823350215817,53.3510590714065,61.77399089640486,72.71409761268596,76.00272720996206,67.79557104001341,56.067422126920434,6.5852408238205395,4.429533914073284,6.792896088049379,7.719799924418582,7.254024893266826,6.4445918427755275,6.615552857211558,7.5522973005499665,10.097053550940029,8.375026507598927,9.483409290722337,11.655235968717152
106300.0,gromacs_replicate_1,68.713486,5.585504507549434,5.768565070599296,5.9592743,5.345997841580034,5.379152253116919,18.57235,75.45786744765138,72.54161727283025,81.69783830968018,85.52355873867481,80.0354909967067,88.8255610678291,69.80024183564728,77.96232086450146,89.16625295391148,83.29628710566021,86.36594065942444,73.87387914558927,6.7276541878104155,4.528450467386027,6.506333132546371,7.352166041261531,7.6366836896546255,6.117721888231605,6.44873832535759,7.307629047203936,9.43993695379802,8.912922993581528,9.781119854905064,10.808512504593695
106400.0,gromacs_replicate_1,72.39781,5.802566498416402,5.904696325907264,9.488335,5.51667778819448,5.25313803833752,5.8191986,82.5711795562713,78.55546400125543,87.99461189401448,80.2667401251543,74.16590047231149,82.40486599979091,47.92479713178544,57.80665928833369,70.58966630696958,73.27199439411807,63.161054608707644,51.15360991901289,6.878511281961094,4.446392016354098,7.105238342073864,7.459021385310162,7.657293606322737,6.485980461273936,6.361988481282204,7.380376922423435,10.175797776042035,8.722286392187684,9.725317520332778,11.416758562164848
106500.0,gromacs_replicate_1,76.09943,5.735753520610241,5.77079658524507,11.318169,5.148323009037129,5.06999179500527,26.443783,64.19263067613102,57.788420116092226,64.99050684589477,76.562835462749,84.78934611803864,80.32040157911239,41.39916845261239,55.1054292051462,64.92136551056548,62.36606372129084,48.07900361040707,35.91321498674525,6.7461801489005655,4.470682853151177,6.355722455049872,7.518608228381982,8.13817227656268,6.612988533365775,7.154789522130959,7.536380269438836,9.232098871007521,8.574397352769353,9.630280805485391,11.390455210899642
106600.0,gromacs_replicate_1,73.038666,5.879942945358459,6.043318035731397,17.663948,5.027554733495727,5.208502036593537,12.520302,77.07602739681391,73.53754272514921,82.7947586685472,86.15146887853103,81.38140308980182,88.2200376679679,74.14625836805465,81.1869375325318,83.03101763252688,75.0924276413627,84.46442518883175,81.64884167795823,6.914324931759374,4.569783853529167,6.681293397079437,7.169963836121199,7.401350235563094,6.454577119081995,5.948606815592716,7.242978459726056,9.431277168400673,8.37777425944566,9.98631196686484,11.739653848374925
106700.0,gromacs_replicate_1,71.299805,5.6396059801392004,5.792843761722481,5.7024994,5.22519036742685,5.251669297947959,9.742943,70.43146855335688,67.21602310153119,76.21672146613695,88.34104971425842,85.36689220860232,86.19673758524446,65.79785429325248,75.33038331579485,88.56118904978656,86.26013025231153,82.141164897691,67.9139282309692,6.590412278959236,4.309593253794298,6.668194178460554,7.2832829910329,7.809175408833137,6.614544650979954,6.299115619849303,7.090461724748449,9.133464287547344,8.748628555103819,9.420623713253947,11.056886691318297
106800.0,gromacs_replicate_1,70.134346,5.9697148606943236,6.157145588568019,18.5,5.041732551418619,5.268891977712716,16.18863,65.30633785123877,62.63976702091953,71.4484358862363,83.05801329939135,87.93969154502436,80.4934811076263,77.32312837801524,85.33763544721715,79.11817329551337,71.39523599013259,81.28142942204765,83.8474593134082,6.97288836028489,4.734131270070382,6.798108122114968,7.708999035343456,7.339041771946222,6.434138824856702,6.272910775627872,7.662801981183641,9.513321325053234,8.215859246253883,10.02832096922869,11.639644268379975
106900.0,gromacs_replicate_1,79.53129,5.156970001058295,5.232940260470503,19.584854,5.425723923721361,5.295327887906492,8.932869,54.8465488576215,50.132519706826834,59.16729634844753,72.60275741985016,79.88235191433179,71.87902883225689,49.43313057113129,58.98772065305738,71.70357748114397,76.65352401313024,66.24958486506311,52.30325558996287,6.261479399983387,3.9055426172658714,6.259974767348665,6.870974880314888,8.091361939776593,6.4260718044787355,6.9630216566334155,7.4841199709511255,9.255927276873484,8.73977101413432,9.910588635378947,10.94894109142217
107000.0,gromacs_replicate_1,68.40694,5.476285265885586,5.625634156992323,22.429787,5.309357447924616,5.043603681566221,1.5615234,60.08413035552349,52.575753225030596,60.675280647273134,73.61496440968926,81.39931882042443,75.68127452963715,52.35508354603332,62.38606985428517,74.5233924030194,77.42475614745841,65.35242833959538,54.15365023589391,7.032672409668433,4.743895647073584,6.663580711987463,7.453400547129164,7.620311539898542,6.574424990542879,6.473502184465302,7.232370875391149,9.527259278883117,8.134597829379187,9.274536844191456,10.9539297423038
107100.0,gromacs_replicate_1,65.86637,5.96752177630781,6.187723036046748,29.537453,5.445430824670305,5.035089257627302,6.106392,55.989367247174876,53.494214514821266,63.34923941474456,74.38577978083491,79.05516504993817,70.9948620143385,42.07486695120267,52.665523659168066,63.713143807779126,65.01167672977512,54.13973315558063,43.35147345936442,6.459641466982308,4.318410743752512,6.284256855186145,7.564475892407658,7.608423375577033,6.381886022182785,7.051158096587778,7.573440070571638,9.574826817186619,8.446195638260157,9.76002563248993,11.216875486087577
107200.0,gromacs_replicate_1,79.66933,5.9453316705232275,6.0096728615312704,14.712013,5.155699643654339,5.2432198484234,15.347961,62.55271860651748,58.901010030406525,67.33560898648872,78.89166295780784,85.32383385306082,78.24533208718357,54.3025678578566,67.10856061156271,79.30213541655887,79.64045151912273,65.85842306704191,52.47610158650955,6.63218018511772,4.3573674010879415,6.346207596705266,7.095790825670659,7.860757272572905,6.252754389735478,6.424117852836541,7.322316147040627,9.70694885867912,8.376683377968845,9.719661806270333,10.962267986883006
107300.0,gromacs_replicate_1,74.13752,5.382379192251695,5.566254936015578,20.11676,5.309761881624995,5.219264441113488,2.0811615,64.216211254118,58.00116154847589,66.54172753772133,79.20836643281972,86.79764795906124,81.30393268847001,59.13046488503895,65.99195527084284,80.07452229889084,87.57691914257524,79.443195685692,65.35593951896874,6.424246781844058,4.297190889948292,6.545460312878948,7.6147564821237275,8.158780568680498,6.592719588667166,6.738439142759346,7.321073497879145,9.228041772379722,8.563889832222792,9.442515244864383,10.681236137378905
107400.0,gromacs_replicate_1,62.38836,5.533315761380848,5.6691375697484645,6.5872726,5.38143906962215,5.043994698130343,0.28543854,67.4436237959285,64.55835515403002,73.61601580236568,86.40494555661174,87.99645986582112,82.88857749185712,48.685147834396936,59.07227540744506,70.73817047811708,72.0398112078525,60.342392071545156,48.8493165732243,6.852558270765813,4.307865893463963,6.567406235210565,6.904920125580159,7.884367440195514,6.7784183685971495,7.167464580732644,7.3151854866218535,9.135131395879451,8.550316076194756,9.595310442246065,10.66125766305987
107500.0,gromacs_replicate_1,61.83064,5.44055565535467,5.631061435480636,7.319542,5.8362737725499745,5.382101201835276,3.9803848,74.6251346933413,70.46672689341892,80.18955933534582,86.99793682339087,81.35261408257173,89.45508737528834,49.93160091024285,58.884765552840555,69.73623486015096,71.33977879844302,61.49258821450189,51.46225828076022,6.91580617462046,4.673211272287122,7.093118556881694,8.099644221768655,7.488296114042178,6.349621561396368,6.925459254142338,7.250118588993008,9.657534972530689,8.552833222116407,9.428090335629099,11.179894150251364
107600.0,gromacs_replicate_1,72.48948,5.433939133871163,5.584873439026182,6.0900116,5.363362739754686,5.16575326003959,5.094536,75.95698783018216,68.97224546831961,76.59751451394634,89.63102575741003,82.47230472270186,88.22140728886264,56.85500327828328,65.78830839597259,78.65151973430164,83.05156417918968,73.50575077383003,60.634139197593534,6.521225958202044,4.388508674128196,6.7056094877589825,7.812751520972626,7.379380107155154,6.689988845336054,6.740746652401399,7.676446337445474,9.58496065520253,8.493073092229295,9.28948961461857,11.196832246038088
107700.0,gromacs_replicate_1,73.31026,5.353858629032558,5.549874950705476,12.267937,5.333769312073403,5.2590857936839,12.341759,73.97709890674884,70.3790389146609,80.10856380032864,87.70072006479623,81.67619731395841,89.782295025932,64.88208548060423,71.81877405162294,85.18065712472063,88.4704272031252,82.70679325300858,69.70721214246939,6.563874104230262,4.347264386474885,6.51442401535724,7.538746833354356,7.79675036042856,6.566252808111285,6.353719828310308,7.066990948739296,9.607556788832058,8.219714968285215,9.21034325857313,11.288377145945931
107800.0,gromacs_replicate_1,76.94035,5.514241453821531,5.731596703051724,25.73684,5.4890558193150945,5.357322695691837,8.509827,61.09974872216864,55.81992487559236,65.19896370451897,77.59308224263698,84.03088421968933,76.67931717964682,61.804768603081456,68.16464940557884,81.27787755909435,88.07569372012026,79.37655783786923,67.33763319614394,6.855812076848646,4.571253657483815,6.7277930053737975,7.771630316625255,7.76598502897807,6.5559858375435915,6.8160463880602125,7.642299004152538,9.81838285466539,8.308937849601827,9.083092996432901,10.755461543648963
107900.0,gromacs_replicate_1,70.48966,5.559340325680068,5.730106407369495,13.499664,5.228907074489106,5.1248560176773585,3.3703613,69.64655613967503,63.1445028194536,71.06785999406998,83.69731217258405,88.81419424651575,86.36982340177052,54.95125617022576,66.42775361662625,79.12293634469286,82.0553562415264,70.29605785618799,56.90173298079453,6.6843277320073256,4.235583180048949,6.535597192463979,7.298016649130415,7.335770294769942,6.358262618869291,6.472490470154251,7.141624438821489,9.597236029682547,8.65835151783033,9.958972910237033,11.586406004589051
108000.0,gromacs_replicate_1,71.91669,5.447959959150668,5.642020276171534,20.322647,5.376205324341843,5.338259241987861,10.486465,66.45701462455732,60.3725669662964,69.01911141366124,81.92556726546874,88.65462262573052,82.56805431686139,65.73603860178855,74.10085831424475,87.25279813482688,88.2399388873022,81.3382399767928,69.27678427911822,6.575388117860978,4.685320906895382,6.442159728285627,7.649957672938707,7.706976988530184,6.505490066517606,6.120353556585063,7.15640271016809,9.365584350030609,8.245312270367664,9.291130720759451,11.168885045023769
108100.0,gromacs_replicate_1,68.97215,5.6721201475962655,5.8628691274919325,12.427849,5.373432066186653,5.0630540962134685,5.1849976,72.3017352592766,68.18269518715825,77.26313613509531,89.54823510050294,84.25066843373519,88.67071682696479,46.56853573395444,57.52682236820093,69.21207623321561,70.63421136486974,58.48672510801767,47.289945516909775,6.336499648161485,4.131152127691396,6.410207961250115,7.447350325547042,7.745137901359182,7.1070852031784435,7.238358487215722,8.017636039117116,9.782472757472819,8.456764588517848,9.649150789889239,11.189723383167872
108200.0,gromacs_replicate_1,61.309372,5.325768164123212,5.584330214839736,20.677567,5.167356425542609,4.783337124648584,25.14859,68.26647169657802,67.91438156639799,79.19732386018235,88.49394756688858,84.91716974520524,83.82777522013943,32.54172016936632,44.39701072168369,47.52199654887729,38.69875426608058,25.234435043718182,22.004674588268283,6.946236948115508,4.393290816428082,6.611715477410325,7.338763716092082,7.750368325431535,6.349215138223161,6.807060637888709,7.403355565590836,9.123231025115755,8.113476775285388,9.522244652564853,11.5121474177658
108300.0,gromacs_replicate_1,71.68853,5.074033911345569,5.3027624019390665,20.921783,5.37940577314361,5.143446619094527,7.0334473,65.48803675907811,58.237835597870394,67.80202805523462,81.05952029470814,88.83435382993721,82.83339512709873,57.05631508253202,66.19043471109637,78.62888865220923,82.80929267870094,73.28949468414936,61.05785878851969,7.001467600415914,4.321763494035077,7.0527981021627975,7.454152059125174,7.49261169453596,6.5718803949644,6.689968960455531,7.125104682339345,9.34424593521414,8.668013263067216,9.071717515749572,11.356461097634742
108400.0,gromacs_replicate_1,69.621185,5.5010934521138255,5.769046858766601,29.197823,5.060521573328852,4.805058411784615,7.2124176,61.27356614320944,56.44335260555878,66.68752402982133,78.40569721667185,84.08055225924849,77.10212368881704,46.67220089407868,59.13930802778432,71.2928248529223,71.79772991997551,59.386070193748886,47.16090732377636,6.651510329223419,4.267792129900209,6.748875876621441,7.33893565709229,7.523235280951833,6.558331946331696,6.645180627774936,7.42209581520987,9.681408792414139,8.635951500204017,9.771294304901813,11.315450315537243
108500.0,gromacs_replicate_1,71.57307,5.419743076585742,5.635485319130939,14.84996,6.079683668683133,5.8552990885258165,4.0925446,71.32316998175952,70.03729916558433,80.09686854854387,87.84935546827472,83.49102676949971,87.11374302683788,53.12194730603563,63.50756955706679,74.22030749620512,74.99579115859468,64.19906525308268,54.017125933390574,6.405303332146116,3.946811261504424,6.48545191470542,7.064607458858344,8.150630335317135,6.708570692824871,7.010504118101918,7.1661442772782795,9.94968021948689,8.56372415627329,9.749792456790617,11.115374301907753
108600.0,gromacs_replicate_1,78.310135,5.241182158689113,5.710239368608974,57.001373,5.225309592577019,4.9876607462137175,3.6205597,51.69948195873629,47.54881846952286,57.83198325835481,68.56529680916357,72.65834646777635,66.80980017584025,49.91380726069907,55.58624088300341,71.22917228105604,78.08731327553635,70.32504048225492,57.92918184803114,6.789270313752763,4.694965368253887,6.413052858309509,7.363456893539317,8.034058897906867,6.92784405813331,7.4203872864358,7.348416469021564,9.077729470706952,8.215460178166284,8.98144239116276,10.73112934902625
108700.0,gromacs_replicate_1,64.063965,4.797889800950482,5.045466318508774,33.423683,5.844714605284934,5.390604101151649,7.8271484,56.565695536535685,44.563256191815874,52.681311917742065,67.01157585314803,76.94951128346092,73.36650139843951,39.83198269151828,47.0050631558581,59.11093481104025,62.66907332024444,54.86113224965554,43.82952774211329,6.585120790766521,4.24003466475922,6.5192900845924,7.680107161796881,8.067597782167054,6.863738829337034,7.253530465501868,7.881045676781902,9.794986052448959,8.290485887511835,8.806081200460364,11.316032329578473
108800.0,gromacs_replicate_1,73.46695,5.879902310454087,5.952681395802452,7.50943,5.113195723361258,5.154427216101218,12.21067,84.48894065152547,84.98245682027274,85.17677037276522,74.49827547581138,71.43255808684214,81.43463587434563,67.87835924699482,76.95480358840284,88.1910227575144,83.18896976656423,86.45779405701403,72.90444358949432,6.607792272781727,4.255433853107272,6.510918398169161,7.075308170238747,7.967827534754987,6.43460403008081,6.864660608812277,7.063284072541369,9.984238373543187,8.99345346692175,9.749382988043653,11.458811628469283
108900.0,gromacs_replicate_1,64.77381,5.763009220968651,6.0190526248736775,21.733643,5.707402780826415,5.326775931595333,2.894104,67.10535302953335,64.43651461704414,74.75232113474311,87.0239410823707,89.53783322013524,81.43765338911643,46.89461476379239,54.77487587707295,66.41958814049384,70.43644432291758,61.07383627158897,49.71032580115727,6.602250931494863,4.445401121528541,7.045790799269938,7.01907659364518,7.924883174075966,6.5718030677141615,7.195646923956021,7.4125868996792965,10.109783516147072,8.740459936565461,9.622337326881171,10.486275057248937
109000.0,gromacs_replicate_1,67.07143,5.190009835001834,5.407419926151139,12.880005,5.1767082123317385,4.91411171206204,10.668381,72.90224881945862,70.96901901195324,81.96440141064294,85.21207937442132,80.47156748560847,89.19297058341103,57.18069404236928,63.36498334621237,76.72764788975287,83.7266832645353,75.87588075827591,63.54213120313522,6.742824941325823,4.2875258606413835,6.593028168109309,7.444456703619027,7.755300496368151,6.664016011980625,7.012677157893578,7.375489377855121,9.548248273837709,8.587602409405806,9.509099868130365,10.980671611268892
109100.0,gromacs_replicate_1,68.9713,4.968564613353314,5.345820957068871,41.39995,5.588016034856082,5.057973711886983,1.2220078,65.86406877277439,64.10850336516962,77.1652170950316,88.43035747076176,89.89408318036963,80.46471648843323,41.58374365272111,49.29908072873711,61.148346152821354,64.403400139348,55.75469906907366,45.08650007609794,7.198926709338129,4.915724600586426,7.164650731731515,7.60672516406202,7.56431851679659,6.462937676847052,6.459897716096696,7.260880507857785,9.993923358976204,8.009310382090671,9.217597204440324,11.365394176293574
109200.0,gromacs_replicate_1,74.88025,5.527051041483148,5.584174770424101,12.109352,5.113701671707268,4.964662236811273,2.6710587,62.24583381054442,56.59646485122091,64.48679569593075,76.85793224766674,84.81049329317105,79.0787405661092,52.37596627185174,62.35020283315943,76.05949981823224,80.15806519784971,69.68617998357621,55.76250237446047,6.288570328189752,4.0604683273286275,6.121588337677641,7.159756201445499,7.927620649889628,6.874027560432683,7.25651628791697,7.774370342102271,9.592722001611936,8.516430473827056,9.466158963206624,11.102810491100934
109300.0,gromacs_replicate_1,76.9842,5.6624712812473375,5.853519911265583,20.6055,5.670052793327041,5.43834620692018,9.713707,75.57493161554066,72.68979988615618,82.48143615550583,86.08632735681071,81.59805527188156,89.65305896270107,46.38875853711792,54.35575110562744,67.60227248372331,72.27621185900131,64.05947481793625,51.42889056513694,6.458743828665606,4.115819729060702,6.1274835906052925,7.315841374108598,7.8542239853836575,6.8166489111260375,6.802809757581347,7.328199620485095,9.661807380820543,8.584026674552033,9.384680836002403,11.147162407369766
109400.0,gromacs_replicate_1,72.00286,5.9711361472964235,6.236197717797908,35.499985,5.3052286989123045,5.0748817648842595,3.4968872,62.593643573835955,56.49617742768252,63.85425742104511,74.98854686960713,81.0619645105439,75.87187917358175,50.03395396184271,58.094954923862765,72.41201659771792,77.36880767559065,68.42027694025639,56.10835115476911,6.994713857444153,4.467461624360845,6.536688457453812,7.359163675638121,7.65950447182831,6.533030586298616,6.7143492493068955,7.5171501699155465,9.170258785935761,8.283705131139548,10.014744000729584,11.74640093116351
109500.0,gromacs_replicate_1,75.69289,5.6526381092963165,5.830004181857983,19.061226,5.071899656111156,5.018368722880549,2.620819,67.86717247890148,63.50790862576219,72.15518686874205,84.14817673209853,89.97352743523038,83.12494713567288,56.06350709392064,67.75928345162933,81.76419762408474,83.53349434220478,71.87185956238694,57.75243387637258,6.797889621645329,4.436168512150251,6.524851360703564,6.746826823144487,8.128948329578817,6.872636851280585,7.56952796140672,7.2694872520780836,9.704157449572932,8.892567113941274,9.71957004228889,11.82994556535556
109600.0,gromacs_replicate_1,63.622185,5.360552086750232,5.662817232897594,30.849056,5.60686162037915,5.298519587625097,6.9339066,64.55138505279993,60.847914871099874,70.52993658160975,82.55037635147956,87.98444797421922,80.80966001114311,46.16332015236079,55.425202624494,67.5744168664044,69.9524512758433,60.59909298026915,48.5564873302008,6.513101906096274,4.308005644659939,6.471171725897577,7.145198736724747,8.117210091919391,6.688808038948015,7.012395768183368,7.454591151741513,9.576276418081836,8.536409262790205,10.059425777947096,11.531865331352744
109700.0,gromacs_replicate_1,64.46186,5.1818933171402906,5.5584699731354155,43.83703,5.259896975477965,4.899192062994716,0.58356476,52.198472713399006,47.814433125071616,59.42180828824396,70.82120641762062,75.67147146653744,68.3251026437136,48.634116829057355,57.30314003013626,70.52167811301453,75.01146115206579,65.217285426266,52.65938014897529,6.596758921826492,4.6613351386009345,6.530767810321811,7.4847151484034296,7.619188116615152,6.4353056602753895,6.856709197686298,7.859172348464824,9.1538187738147,8.37501789917442,9.67465615384839,11.478829225871273
109800.0,gromacs_replicate_1,69.929375,5.8543680720938704,6.042454810908031,20.881027,5.41039366530478,5.215462237980224,4.8795776,75.06750104596568,76.75406186888291,87.58001059529838,82.0043595722701,81.0736183539751,88.32406211115925,50.888089379758846,61.091000752434965,73.6916401045412,77.97886767972287,67.84605711957116,54.960061827383576,7.022418517862761,4.7664184933874685,6.573187443413339,7.306471154141853,7.416640394321123,6.524164116418984,6.762658611942725,7.313654978989622,9.584024596694176,8.476682822321004,9.377357138458716,11.233783071251677
109900.0,gromacs_replicate_1,69.41878,5.496176731169156,5.719916384060694,20.935272,5.0918062174038585,4.9478593559255675,4.441345,65.88008223439174,63.25295632925396,73.43925111740809,85.29550675832012,89.55524625135446,82.0262733784049,51.743969575909276,62.98567504025571,76.18313327042993,78.49355555419002,66.96439818655075,53.61730427595972,6.45301753516027,4.363040191727253,6.772908268224777,7.511771604047914,8.015833407423711,6.843035698964342,7.15081379330178,7.703038838260661,9.280091227727311,8.840795836654122,9.680070354140488,11.375522773256582
110000.0,gromacs_replicate_1,62.682556,5.772484513635732,5.971225059870778,17.826706,5.674146641950137,5.327001817627873,2.1957855,74.40508716181726,73.65612285637968,84.6972436753382,84.29385972500359,82.33229680828566,87.96261722093503,52.042394563949,61.27171645301107,73.05599622377405,75.0180330521761,64.85209223811016,53.97169454654208,6.191701848812182,3.991029963063371,6.320253782764333,7.267630948574267,7.936140736895265,6.746320950659254,7.058420153432046,7.16884694548852,10.072570801536763,8.892202921860228,9.642514383737323,11.247639886633584
110100.0,gromacs_replicate_1,68.45477,5.570029201960422,5.846097065794247,31.412727,5.099285277050196,4.930001698813908,11.304611,62.74774573466936,58.401318362039866,67.75137841518779,79.48900198405386,84.74811550743053,78.02824369459168,45.95191520435834,58.33272750194541,71.89878158294961,73.3360730015096,61.47601698158599,48.005234738124564,6.788388883001914,4.178894293229791,6.580132362114194,7.143044441020815,7.9562469202448165,6.919261846593452,6.8623887423645025,7.2707401551810795,9.902753956589642,8.458949542784724,10.147944059612364,11.807890924021033
110200.0,gromacs_replicate_1,72.2626,5.6724221815331175,5.8865923257460615,16.461319,5.299205894818705,5.202058979658196,6.391533,69.70323021377536,66.43062564932616,75.9740384951997,87.60780340734742,86.6964241227329,84.28636622009623,60.965159775319556,68.41033708334241,82.34110603045704,88.46209029409142,79.65944354577788,65.56681044199235,6.241541218656384,3.898026999728337,6.445486529674764,6.77226617304842,8.169146489959248,6.669823695120129,7.325332470871619,7.1817562781263184,9.562350616232727,8.894071332291645,9.914602540976617,11.373376687545438
110300.0,gromacs_replicate_1,69.84808,5.682833839466764,5.917091364648158,18.047798,5.3958372890506885,5.2420525803708236,3.2363968,68.84332380074012,66.89715929120129,77.1529229687156,89.14957001451162,86.89043742849982,84.17287233738948,57.60909964627356,67.29247466871661,80.4482537111492,84.36077434298758,73.67241036266958,61.462432802391206,6.759335490442101,4.523172145449617,6.942993958391875,7.567799180841509,7.591318627773029,6.452832425228982,6.459631774771142,7.164698178317634,9.537940893536055,8.565111175233385,9.939345331662587,11.624966891650574
110400.0,gromacs_replicate_1,73.04117,5.5851720732179935,5.918051883516317,34.396645,5.300059604593759,4.80656575729865,5.568512,67.87212325817853,63.811247110694225,74.09941436928581,85.54881549703109,89.9405289104841,82.85968661893489,39.411122653678255,49.138406048088704,60.49980802785707,60.89776478456825,51.002501634515475,39.80527391344313,6.94848844086886,4.660117656480339,6.759407205035139,7.980672516152975,7.718669300378009,6.603787261470749,6.7752601843893565,7.172225671869378,9.701652240733045,8.175366294086256,9.840289003635547,11.537498105785602
110500.0,gromacs_replicate_1,61.15042,5.132762382588479,5.377444335880192,20.314957,5.4110514101715115,5.084027901776263,3.8531876,62.40540352110656,60.56997049604892,72.85953277538404,85.96216772564944,89.4845776966941,78.08161822925274,52.83874183234135,63.834679755036355,73.66176069710151,72.85862161067978,60.31628662802944,51.37231543008172,6.849252920022464,4.539256998918645,6.7006845534959,7.570657414722179,7.819575388081041,6.738946800063611,7.027911231973073,7.6057874068136515,9.66720909558247,8.609156977085888,9.63723986079901,11.491835741780188
110600.0,gromacs_replicate_1,61.100586,5.199810997732863,5.476529380514928,25.793365,5.360988071479392,4.9401471936107875,1.5189285,64.41450317932627,59.765138301283734,70.74784724036903,84.04488944751678,88.99755193480264,80.77409046129985,44.51004169225582,51.98675382358189,63.995108637603515,69.79813918743652,61.95485889492377,50.44950811602298,7.321691328988952,4.687454883715896,7.145246079212628,7.579833098272057,7.515227389933164,6.816526805749294,7.087319885754835,7.530333600329359,9.053850325634208,8.28493880264301,9.662680334924701,11.694685893879079
110700.0,gromacs_replicate_1,68.87236,5.630157218629221,5.641633555531588,21.41523,5.135222065403989,5.147546870934341,7.6402054,53.352225956530624,47.48097518335557,56.00946217825408,68.08053091594091,75.39420080971239,69.6812947779872,64.4068345308584,71.87108710008721,86.0970993940663,86.53343561926289,84.87933033890768,70.70268987660208,6.976231658442918,4.510165392316924,6.786104569460013,7.199980944105445,7.792846037955458,6.6185944769042,6.954888938330622,7.672767920259729,9.591189665325754,8.635266599357536,9.654285641550699,11.179140396173894
110800.0,gromacs_replicate_1,76.02411,5.830322229279283,6.145981381650859,35.809563,5.519702232323782,5.256414393622094,3.0684357,68.69701309756381,64.69405198345231,73.76213741253007,84.9287021630395,88.91770106083301,82.29635595295593,50.43194945265626,61.02932789596395,73.18462114361333,74.80427743378057,64.24575919982192,52.703962970672514,7.357460488791105,4.847793599107615,6.9587837704394335,7.911546175549729,7.266858096145693,6.549978443922041,6.403601373751756,7.325174276122916,9.963500690432022,7.73073012230472,10.106124649954486,11.417766736970712
110900.0,gromacs_replicate_1,69.92179,5.419661494548315,5.620874113571276,28.444603,4.9873434818604325,4.781896020756114,13.571648,59.51663949398457,53.11051164503437,61.38423303833789,73.81810277298482,81.5540268224821,75.77470009562678,40.658780300419416,48.59054250546258,62.95090748481825,69.73536029828925,62.29980260500687,47.056983247023254,7.2039500593023655,4.475098839121555,6.961881446759543,7.385987034118726,7.639612902963252,6.75486544099607,6.432345884387156,7.370038305342798,9.256077851972458,8.505639656955855,9.840920976178905,11.232792990908013
111000.0,gromacs_replicate_1,78.08645,5.781197718238033,5.964670488534271,11.167297,5.2961925623573425,5.4089152612557605,11.750343,67.58603879343731,65.7174318163779,75.48739501313372,87.30153023621166,88.07138834322903,83.0987675397873,70.11008979302207,80.45966636461971,86.04252373370623,81.76583356026063,86.82944012891845,72.77742448580526,6.399155476482155,4.345242755371812,6.7954269792216255,7.837971924098284,8.363878800236469,6.838919858472338,7.3755367716955345,7.688619189037897,9.435157383342322,9.083169888053323,9.536802048290873,11.2893155026391
111100.0,gromacs_replicate_1,70.775986,5.3601203215415305,5.54209938517132,14.304657,5.125537999212298,4.878648453782511,16.45549,65.70982236128964,63.36184945433419,74.20908167973926,86.35670574463649,88.65327384846087,82.24794234277027,40.351112817874245,53.34891297174315,64.80978288613734,64.33530664985818,51.706022741444755,39.475639498608984,6.8014398926857815,4.374330881335987,6.468326471742144,7.2017319991691915,7.798641358943295,6.655398415400823,6.752787786240598,7.163392114210855,9.077137862746698,8.62093172239351,9.626397427682623,11.53080946517439
111200.0,gromacs_replicate_1,67.125,5.462698029623755,5.704363408853306,18.374817,5.131901269161378,5.006466035970921,9.635719,66.35463432403405,66.60912461041931,77.92659570043313,89.48974931517395,87.34495623931082,80.88614710270042,60.93929492208421,70.41582159768181,83.37715780403119,86.92352769132177,75.31381104799868,63.036337671042524,6.856270707507869,4.475001038418241,6.682968138263661,7.336800263917447,7.97746006607896,6.486138900438347,6.95212039838819,7.127279493879531,8.851824987327605,8.844168186470323,9.921734246104341,11.208951093880122
111300.0,gromacs_replicate_1,66.944084,5.021000770256237,5.330788554514919,27.39177,5.384725376142731,4.981894905441973,1.326683,61.21938824111045,59.03514714957598,71.71982374391668,84.52510921632653,88.23278017572422,77.40495011535188,47.1508975713164,54.35371496120633,66.97850130217243,71.94221477138532,63.14436914774945,51.78476342386939,7.111841374653989,4.5976330869130155,6.763835222965062,7.819711254560967,7.736559620335907,6.677865777896854,6.738388883187042,7.027408827482071,9.09205600483141,8.512803400425042,9.645660500248535,11.30712839981696
111400.0,gromacs_replicate_1,66.00569,5.751300854956086,5.9130943824968485,7.437004,5.297424411057122,5.159855143007938,12.015541,69.96162640834723,67.88645808484114,77.94837266194689,89.89567685571517,85.91948124785412,84.271718421564,62.21429803447599,71.26165547575341,83.69177497636218,87.4683062086155,76.08358516730901,64.89680000151905,7.071320598701981,4.596234365966395,6.836532143989793,7.437779542193995,7.514210924466437,6.142096585742262,6.586167449594688,7.212417745504514,9.274810259907715,8.77011616649548,9.306599419042714,11.428660090686607
111500.0,gromacs_replicate_1,71.97576,4.838230187890246,5.23078680089558,38.805862,5.411124114743763,5.061511292484389,1.8981476,55.37352941505007,53.56188618247992,66.10871509626871,78.18313952330033,82.48812469963369,72.85759147659695,49.843971768369535,57.09977537263854,70.55260164067691,76.00256361335353,67.53814315294792,55.66357030305643,6.956249955172449,4.431978953331322,6.461608063358043,7.415547187905433,7.331188680419829,6.627991362118882,6.68321805747971,7.683629921109771,9.519706695573229,8.309205313929853,9.916037969115076,11.807345067395321
111600.0,gromacs_replicate_1,72.51796,5.5135931776554505,5.667091284726858,15.705795,5.322619457324856,5.243183465423569,2.5056992,65.59943856245815,60.38979021537847,68.70315780964312,81.12782801775741,88.2851078141728,82.63308563339797,55.43966720184847,64.64078411181,77.81645604459409,84.11946153392935,74.88243563589765,60.22647783890927,6.601995305848005,4.1868590610666665,6.356262653549551,7.2901609800715015,7.798791495029354,6.7702560454184155,7.235249428208292,7.645609884962831,9.39608146747163,8.295068192294323,9.092039705680032,11.086248037087076
111700.0,gromacs_replicate_1,66.98715,5.33807333402387,5.310915427618353,30.070732,5.487360731687381,5.0943111924440645,6.012993,44.99638556749644,34.64508366731543,40.46885754196323,53.9864499879109,63.47894595860209,60.50474718199931,43.55528731947784,53.32963385121272,64.77150298906237,65.37265113178952,54.48637824990694,43.787345929864806,6.8156827091660155,4.529903648445429,6.477915623787332,7.336831923235941,8.319043849288196,6.587465509177996,7.297494870580051,7.238571636693399,9.384320391531544,8.82904014118464,9.507193788975563,11.506341786956648
111800.0,gromacs_replicate_1,63.1531,5.952962910889295,6.106265077215432,3.7288055,5.4519358277180485,5.404792977705054,18.833778,74.04091911967508,70.73452878691985,79.13895185510839,88.4639363873576,83.92621946627393,88.02245622773171,67.62406942031704,75.871305005661,88.09717628262413,87.70080906968714,81.95944257987888,70.40123355421967,6.525146732847841,4.330247602481269,6.543988049956477,7.050963007859209,8.02239328666794,6.486393480690255,6.756805628366578,6.924067818426563,9.390752228254843,8.999606778601992,9.562623196956942,11.001909716823882
111900.0,gromacs_replicate_1,55.417416,5.596141871874573,5.758887520891228,7.620041,5.531213100773032,5.0405152498316355,2.924057,70.27453443797589,67.09308266138073,76.79216493921054,89.39462626223337,85.39644396692172,86.12681741554445,45.54027863003459,53.96852254024621,64.67376198136141,67.40936502820101,58.24456444431449,48.276010443794526,6.6457983132189264,4.540350230852133,6.821659820966228,7.664187340908347,8.321190165533409,6.381367243802177,7.1839660627188655,7.450571835470763,9.019540918038555,8.68868147539234,9.356272259758908,10.867088252800551
112000.0,gromacs_replicate_1,69.19168,5.320029770094391,5.485615308729121,38.317257,5.021088618272947,4.774267895532003,8.159119,45.90134154719499,41.29951407874558,51.56194680947682,63.63600015753713,70.1560941933526,62.74514984136796,44.337436588881246,53.60409974579488,68.32057647500245,72.18816177878296,62.40745309831501,48.40414596204439,6.722525414679875,4.5809968627996875,6.680325347990432,7.518902525321158,7.748109394302788,6.738866956805667,7.401110864872828,7.807864734913899,9.155939710849822,8.421865579498286,9.82990312590015,11.441331995897709
112100.0,gromacs_replicate_1,62.78873,5.140957540774887,5.433950983835981,26.127483,4.9453811154105844,4.581097482328547,7.499031,65.67365188747361,63.0354128859068,74.18660565853278,86.50500365451596,88.1180800135594,82.53721400632831,41.56714147589952,52.728340990087304,65.80586541290491,66.28175745341014,53.842481648178506,42.083917087454246,6.934956747031768,4.5300742739709365,6.856682936969522,7.277783722485165,7.75370123008501,6.456999576974286,6.157245377245113,7.192125131404777,8.874076067803966,8.755475217219225,9.587317425272927,11.120177834517603
112200.0,gromacs_replicate_1,66.6108,5.582347812489309,5.793449565875566,17.62207,5.4331470892998865,5.0449197530861465,3.4366302,72.41058945013572,68.6213217952792,78.83730910172916,89.15459229907681,84.15087420645214,87.48833918330477,45.03176388681525,54.593213079752076,67.22666795661544,69.26983633588571,59.91054171876542,48.116819416968966,6.8697505740296725,4.5978132592466086,6.785823464343816,7.267378028137183,7.387336487288261,6.427038862495919,6.897803498126517,7.735304369009799,9.28491195623675,8.394719755888561,9.635096324134773,11.171577970864051
112300.0,gromacs_replicate_1,69.50347,5.437067447428885,5.648119184788679,14.422958,5.480245550431648,5.238465769645058,1.4779587,72.34732210860763,68.72512096780902,79.08544189134948,88.38335750578729,82.8965457734404,88.1768813461066,54.55346779135908,64.52640720817452,76.57676084482647,78.44552716574334,66.60839790327071,55.4871120440973,6.82591695198412,4.420128951002827,6.706395834026841,7.649318071161095,7.870714880182319,6.438345007507741,6.8721005791769825,7.1375905316588035,9.439308731636528,8.789692572663586,9.21754898711454,10.991456989752884
112400.0,gromacs_replicate_1,68.60721,5.378654555441794,5.645146451293746,27.01883,5.543821715779797,5.202286199833365,9.14846,62.968866385316524,58.42722876358076,68.7141025046746,80.72995205926938,86.3505648522953,78.99352483510124,42.84197721722629,52.531070425733446,64.1863385010675,66.90320494121602,57.44892580578378,45.34783260702872,6.628341790045937,4.3509910622792765,6.456083470741707,7.271831042968839,7.651012121165047,6.632909637223988,6.813906141986207,7.641697272901401,9.485407161937264,8.509544918403035,9.483395359360472,11.196965020771703
112500.0,gromacs_replicate_1,66.57222,5.349232852210873,5.533248613896203,6.460289,5.124520073160378,5.072908339783037,11.728767,77.45166401208898,76.67319055477643,87.22545971161561,79.8625509605829,75.38663751485237,86.15260266108643,50.854348133276126,64.25595073690475,75.83943249791318,75.29773375231154,60.79472002026228,49.18787911157728,6.764220252421221,4.252104888591737,6.496147820828754,7.393707462674344,7.7587467266950965,6.303829860124394,6.915519091619419,7.337356112316914,9.354603798069052,9.12127470635073,9.523496530434468,11.384045958722382
112600.0,gromacs_replicate_1,71.653656,6.037007180585587,6.218249324808942,20.482635,5.748169281252785,5.545910164596468,16.332909,67.66331194903697,61.34338264989269,68.48191581377765,80.43709764528865,87.44983108857205,81.84560347484361,42.428752100537444,53.11930653861285,64.709390810915,65.76902193182833,55.33539327693611,43.65279363964779,6.512386692995975,4.3168831031432315,6.667604233878961,7.325676044223019,7.87612153797603,7.066652315307468,7.783439546741508,7.62103286731093,10.021169316598217,8.72140293562425,9.680708096509266,11.37503257447191
112700.0,gromacs_replicate_1,61.751892,5.3576425076792855,5.575396528960524,26.249844,5.207101085693874,4.961104824265855,1.6353378,54.24299121325807,54.314727444078436,65.85380867288815,77.81955693301477,81.43910560367867,70.09890592094148,50.25645750189692,60.9865527051052,73.20476497971177,74.90806780980836,63.792494070066745,51.49151021495692,6.810803050013237,4.422279814060095,6.619695303958154,7.185011707899909,7.7758357102178355,6.18243032463628,6.280266614407843,7.105350918209997,9.618011979287521,8.19023753534024,9.81996428514747,11.422399840359361
112800.0,gromacs_replicate_1,63.215065,5.390306651136337,5.58511676822755,19.799423,5.524124381339084,5.220495552209587,5.3354416,61.39758580816388,58.7768784547629,68.36185896390566,80.9269390296784,86.74571757045388,78.00546491643466,46.7927008148054,56.98060173574133,69.40041052936081,71.82190722181367,61.667947892308895,49.27537480684019,6.532579666070326,4.242631705049112,6.501647305251729,7.616023278293959,7.654946482973824,6.876150713038871,6.846523583460141,7.8256320195621205,9.705875299913423,8.672666884079877,9.621898778606136,11.217811021801854
112900.0,gromacs_replicate_1,77.043045,5.403640260416613,5.500605030917746,19.462006,5.542388448386062,5.373499453611006,15.955101,79.87294060263278,81.40725314121008,87.11233568712682,76.62046604931918,75.67441728010044,87.10205117753739,44.010918717569616,54.82635884287699,66.54371332090247,68.58005154136876,58.208772360180205,45.588585481497184,7.161067495709804,4.428590519849148,6.514476185584925,6.781491855132417,7.950820735897642,6.557623977566516,7.102018216412782,7.429614180954303,9.933121965477595,8.90669789571538,9.812867249207374,11.495168937190739
113000.0,gromacs_replicate_1,72.86494,5.286388873928462,5.481089518978364,27.519684,5.281120430125184,5.171228669220152,3.0632553,56.7770987634199,52.76858094843416,62.17586504249159,74.4151885377453,81.27924782419124,74.32324950073934,55.697079862130366,66.72734041480153,79.01927878557521,80.63601828996498,68.65663001429984,55.87970342869708,7.008722000100476,4.572637647273087,6.560606099858779,7.187143720173538,7.4640481043792635,6.578049949480077,6.755073484845709,7.384110744873062,9.222486870950965,8.32910484421956,9.826411526604673,11.27840943068837
113100.0,gromacs_replicate_1,67.863144,5.830512374386416,6.032409979050119,22.095253,5.081519596508344,4.952748516287221,4.017044,66.72631786043694,61.31055300583199,69.49247074114606,81.61504683931783,87.83281638299697,81.56322272063369,52.44541041823594,62.9419285484966,76.17418046135079,80.28677725400487,69.96640899984016,55.88379846382464,7.306736612911235,4.796660254200415,7.128456618030456,7.770983282131592,7.408263138107204,6.728517297077972,6.538627326538534,7.610152493525655,9.207093992931673,8.061061359863373,9.605651747762307,11.592744934049128
113200.0,gromacs_replicate_1,63.022007,5.03055920812934,5.297664381168128,20.331863,5.665472595429032,5.20175247740792,0.6264725,63.21541819045516,63.47984693764119,76.15397382396452,89.12022457766427,88.93514725525291,78.89778642535876,44.67718366451581,53.67982611402003,64.4955944530087,67.15700834194547,57.854378255491206,47.807884557647654,6.883648083360551,4.573652164191179,6.566802177229318,7.514384292538116,7.711939153307343,6.994297252832348,6.805017222526522,7.319098674392108,9.376000935979524,8.399986163234392,9.105901848386816,10.777275463345408
113300.0,gromacs_replicate_1,58.01448,5.133755323979531,5.4690828137226175,29.465363,5.359581948187576,4.808489691269579,1.9689941,64.8032927196113,62.46977330034604,74.67163858476142,87.6017945028513,89.30470116658968,80.58462976321367,38.708574686542605,44.79240389190238,56.72284507562832,62.22252787786158,55.51471549913109,44.007482979616945,6.7638225716052744,4.575109754559746,6.768755046721305,7.269914589580237,8.05173921300378,6.836778468567341,7.06067429743503,7.530997325758266,9.289705182689096,8.110506991506352,9.210503731491587,10.939382194860933
113400.0,gromacs_replicate_1,66.280334,5.4013915551934195,5.635443721491352,24.61789,5.272664822112507,4.997381502880525,6.346428,64.27710420800027,61.04147479694275,71.2249614472637,83.26705389142634,88.72075462257833,80.62870267142354,45.57247234526849,53.49333629031754,67.06129570019112,72.93186913306536,65.09612363862684,51.7954735991748,7.036366368346678,4.613251876813821,6.730084827878943,7.689224259500759,7.510786022265706,6.960993805453908,7.519943212944691,8.020200785507349,9.292280507834226,8.324584975100615,9.418985706050176,11.696946766346297
113500.0,gromacs_replicate_1,66.35532,5.464298794152425,5.775337200463516,32.677856,5.611829639085575,5.442011087413586,5.117737,65.50640607250291,62.82236122519731,72.37075556072853,84.09168365048123,88.57759625888468,81.82257706614608,52.41618901527552,59.72409246426167,73.20151772529654,79.10573955765516,71.5348040959976,58.27276205803284,6.800747307691235,4.59691035158113,6.673915141421617,7.333819749310913,7.6612141273271686,6.9473659977090625,6.926195960784549,8.03493998345504,9.67457858152554,8.269688732972726,9.951481013194217,11.7526328877351
113600.0,gromacs_replicate_1,69.8679,5.015215234405961,5.300622675935207,26.781967,5.232160073934626,4.9923173951434965,6.05204,67.24833463110376,59.73350913439151,69.92467899990142,83.44137975059984,89.7051844508259,84.29190037307194,56.26414722897553,64.46768705827704,77.91073295029476,82.62544960167696,73.21409023658973,60.25638043237615,6.751495666166748,4.4544261516784145,6.768774606341244,7.357837857488709,7.779861898587813,6.727376092343633,7.049727868931854,7.632842519782165,9.50687546900849,8.23718573262217,9.66222298661191,11.39374517581533
113700.0,gromacs_replicate_1,77.32361,5.447129253387545,5.700989703854374,28.225159,4.92903274630477,4.816421166771065,4.8859863,66.28198774942149,62.72427855440574,72.46981126773011,83.920230762142,89.95413089587099,82.84096916397898,52.13634777073989,60.81863747004198,76.45769389754398,82.10444619240114,71.45597804416205,57.18411124052885,7.048521008859632,4.8702821516054,6.892655003012124,7.340245469249547,7.553238902268088,6.558812263679671,6.829638363900812,7.479095237008915,8.840345720289536,8.412988678969256,9.518419884155007,11.277673157725658
113800.0,gromacs_replicate_1,69.12552,5.384610687576781,5.519940607156519,21.386406,5.1285097082180755,5.001738517592251,1.6509018,77.84260973154629,76.49424000679318,87.18063980625136,80.98591115771526,78.07350337305678,86.78026046220425,54.66619582364114,62.11272982952523,76.78517610976482,83.36525558775747,74.93780435875172,60.960261481597186,6.844696697051926,4.394388209434478,6.716814487263685,7.24834098171953,7.9790409936677875,7.130995544032365,6.898725701176474,7.601664328624243,9.481021034040527,8.488103629358454,9.560120349692875,11.481505481417512
113900.0,gromacs_replicate_1,73.225266,5.4520751564367576,5.650044968284837,19.605179,5.238657597294953,5.167907983589996,1.0303574,74.25623557392511,74.27554912998438,85.48111009065519,83.50458223986652,80.72339444750607,89.47139378353393,58.039048097768514,68.61391362418591,82.49540844780081,85.15406804623423,74.36983804869944,61.250612180435965,6.787594966497612,4.3666328200703015,6.723749192828492,7.471782234582755,8.268132324257197,6.933325057484063,7.068457209980299,7.464782177709469,9.51550119940779,8.716911750969464,9.669457895848252,11.024272879657683
114000.0,gromacs_replicate_1,73.91391,5.073358692505773,5.398324584590625,34.649765,4.935534221049662,4.777444682698504,9.622574,55.820457981718775,54.027606296013204,65.8914561158995,77.99051229888109,82.49226349070359,73.53575633950086,45.685102598148234,54.108502457247155,68.82709970044704,75.93338678245244,66.9809574809056,51.95814891135641,6.776688823349675,4.690807139949399,6.6219476332841385,7.409651335127089,7.819764191240422,6.7428653660793625,6.714879905599892,7.702522155167638,9.504905770533698,7.991004867031927,10.08688450814556,11.432589902926054
114100.0,gromacs_replicate_1,61.20457,5.511873895922433,5.669460754447603,8.876892,5.517924668875302,5.284191181529841,5.051895,78.58538264152011,74.44295347783168,83.71068709823005,83.60455490369795,77.07062823287787,85.5739661822248,48.9430351351959,57.018089938333524,69.88507982207065,74.40855196019987,66.21867033811066,52.510910145582685,7.224552985507228,4.463820256910148,6.5573208474918445,7.135898915739185,7.4179151460764885,6.473851370624134,6.87119078414915,7.661816723977694,9.743914191366937,8.506098027973874,10.068363766105522,11.881526437853905
114200.0,gromacs_replicate_1,58.58248,5.2749033965211405,5.538860657060506,22.66446,5.277061657994216,5.036350735019535,6.892708,68.05025022114377,64.44397546752575,75.60056584573033,87.88318878604882,87.00544319074673,84.2127987459774,56.71101812965909,66.63187320296493,78.93719272438473,81.90511291102976,70.99853029754603,59.02650093546521,6.6262075376982965,4.225335953640292,6.351828262734135,7.41046379138972,7.711911797833957,6.651487586631491,6.7025292692017935,7.169327754845485,9.571169226486502,8.000494660427076,9.481017550214672,11.071820568056788
114300.0,gromacs_replicate_1,77.20912,5.783266648289733,5.9413181533404495,11.572685,5.398619588362062,5.389392617031214,24.400848,77.71500481723774,73.5858557711033,82.67600332108579,85.84480787584687,79.77354133293062,86.35496615354354,41.85677919218963,53.68503197860632,65.87359708849459,68.11505629127517,57.032808106611704,43.66439004171572,7.015870791982516,4.274894789820435,6.515376004230152,6.716985217473727,7.654079128217034,6.430957794647173,6.841117189658202,6.948862985096553,10.173084590884425,8.847814536486226,9.993842035634225,11.306987705331085
114400.0,gromacs_replicate_1,69.30335,5.835694033882691,6.048809781040828,16.002365,5.67024664110616,5.534789814616825,19.415138,67.53959100409571,67.45549466189549,77.45452561785616,88.52690163916529,87.48440201858645,82.77868060573219,44.74335730272437,57.83873945998112,66.39709179282652,63.72707080492666,50.21545145692381,40.42230384775456,7.2015327095641055,4.634501162156933,6.721025234138718,7.025529890303586,7.819691026693346,6.327261464475565,6.952507162112004,6.960872758823546,9.935448908869118,8.739229601605242,9.764492404868104,11.412786331555047
114500.0,gromacs_replicate_1,65.31568,5.215051308791582,5.562982074154598,32.356895,5.1491379527551855,4.931323081845363,1.5143661,61.001283796630865,60.29546404596561,72.34977969896126,84.30077435349426,86.55590996653137,76.24714587773906,54.45638293618272,64.22866152733664,78.21355281011157,81.09375119100194,68.9465530672855,56.45154936535139,6.683460921996423,4.498910587951091,6.370839974742237,7.058243923273999,7.583357708665045,6.656512334612432,6.794280276701823,7.410464817838247,10.29412657776301,8.044925616321057,9.56925960073877,11.658171409707444
114600.0,gromacs_replicate_1,69.60994,5.542053389521052,5.741246916471994,11.530769,5.324609688472116,5.1346520623632665,0.79019165,68.17203870412477,67.35836718248046,78.20652846332173,89.99433017759469,86.66400212594361,82.95401318434935,53.72063777817532,65.24264586651681,77.45813123812414,78.52628282597115,65.61698592888833,54.368387906005346,7.094234036762925,4.6126422939216525,6.902460943689166,7.432589228951982,7.991023477806704,6.500948054174504,6.885078569693383,7.276766180511349,9.820834999164159,8.535935091252764,9.276507613604066,11.425263208486932
114700.0,gromacs_replicate_1,77.30626,5.257174699694288,5.528868183009657,27.078941,5.183261761828149,4.995750920463069,9.56945,66.4394615991161,64.24099664812776,75.37124436816899,87.6213473309728,88.27935951222902,82.79961978006644,46.99056478951539,55.0765596607502,69.24006048954112,74.72907168039492,65.56319572218655,51.75733866729204,6.617767781293908,4.461278264239603,6.419238229315346,6.973651666394396,7.68792100511561,6.89426587521344,6.989859708704447,7.3838918559699485,9.615474831140501,8.259725012793206,9.545037518942921,11.221538914498893
114800.0,gromacs_replicate_1,67.904945,5.819531932960207,6.141428781681159,34.102493,5.64841408779037,5.420697232970745,3.2449722,68.65827311541972,66.48183648384011,76.70297766238383,87.43634689044217,89.26465754817225,82.43979376852266,55.86775185747958,63.08400703948222,76.69012497776986,81.73746351230264,73.490037167388,61.76506567444373,6.581321717686115,4.199674471405584,6.9385077752535205,7.423821160513381,7.647531724162349,6.643125337373117,7.291997153093421,7.5357932073058,10.06245083790858,8.197659135965784,10.020323548621596,11.554407959693815
114900.0,gromacs_replicate_1,66.033134,5.576953927482883,5.76153102406188,10.651672,5.6123835760091,5.334553588794916,3.2747269,70.31976562606857,66.8553055252107,76.66735493215553,89.09903797217082,86.01611228389235,85.63574270153195,54.168838974947754,63.640149925209556,75.4340096733531,79.71360328396531,70.58008436800505,58.34160518972895,6.6689524041658,4.413296560476754,6.591886814834445,7.359545007440484,7.839296175200726,6.342536992956142,6.8096301542072375,7.111152451236922,9.75180645106919,8.67685560256142,9.434670296222508,11.224955674015453
115000.0,gromacs_replicate_1,59.52859,5.050828563909406,5.265363730468443,11.906059,5.455576133340059,5.039608024644054,2.5082245,69.99865199513633,65.545843308578,76.515048897319,89.97797547821531,83.70635877306765,86.82510359967036,45.214133691570176,55.255149620576255,65.57172534708491,64.80011998745296,53.12101353827514,43.3341399003052,6.53222347436892,4.440895043576223,6.540643821176681,7.4532545530997565,7.970388037118409,6.488319526955938,7.146650681774165,7.4184189388927475,9.672036824639175,8.606956316662254,9.424713901966934,11.781343522982736
115100.0,gromacs_replicate_1,73.62305,5.648813219736267,5.846814906882338,16.55812,5.4759152739518475,5.31596590694717,4.435295,73.31897775857057,69.90736422644423,78.69820378079267,89.4910167996679,83.70958579318808,88.94556873994895,53.75714924875866,65.04666624624743,77.14755601670814,77.7007875906678,65.55207664800893,53.71256511710908,6.850447323334174,4.270525211984113,6.4022133658716,6.756516219069556,7.774353978572718,6.6329899124284015,6.7395475708335,7.325297560745118,9.520539290881738,8.072916834219464,9.603153306946707,11.213453300209613
115200.0,gromacs_replicate_1,66.16712,5.4154477570281,5.619155360886964,10.948936,5.731947401634715,5.517755277373474,9.411423,74.08162471920116,72.5331389383785,83.36392624296262,84.0437685895269,80.43702504382532,88.63803458308008,60.42068105703951,69.65717571738237,81.24221361234673,83.5884310580943,72.96478146109635,62.19723455953239,6.803527850656814,4.465841209652084,6.935347047806675,7.307351866578307,7.815597450713293,6.227400430463958,6.821315993082046,7.080951598662629,9.914020499981053,8.987680829867132,9.447195691388453,12.065096981413994
115300.0,gromacs_replicate_1,69.35761,4.895685908117148,5.100239430149983,25.432243,5.557675683904506,5.102366460533064,2.8089447,73.9737762783952,73.13247336306624,85.87987734959677,82.05050519685213,79.94836339380133,88.78858698752829,43.41884182511104,50.44919989523924,63.25805156319056,68.05792293916468,59.29037889975544,48.16293668494381,6.978807259950373,4.714371228535344,7.140980722904675,7.622072840169627,7.578788122730483,7.004450441036325,7.5905763880442,7.588018707149317,9.173186748928025,8.085644955314322,9.209580745872536,11.413793548169577
115400.0,gromacs_replicate_1,62.528656,5.414224246438243,5.558146872499711,19.63472,5.278235002894544,5.1494918335535695,17.28109,77.8902264994286,75.76800776616096,87.00470554478676,81.30131568996812,77.83661714313448,87.30796040448416,65.51785102862887,72.56591282892826,86.52893351375306,87.5943722923699,83.56693257955625,71.39256612070737,6.795217280179371,4.5838047443153265,6.43973514831942,7.4053201853475965,7.916309986685375,6.609596008662392,6.592363786886345,6.984429221343277,9.505407567975043,8.477921927672819,9.386815582542312,10.983034715300114
115500.0,gromacs_replicate_1,68.590706,5.47298314923341,5.807382678317717,35.263145,5.543272518180863,4.969504298033953,12.002655,61.12248272852592,56.98414145627494,66.36042091928731,78.22440237103868,83.63449949093622,77.11338731183349,30.62463375164429,38.896969131825685,49.879717039667455,53.239623487336004,45.826941140349284,34.232098802553324,6.69017955276489,4.636042149180589,7.008871260981508,7.716163650835227,7.723801768982839,6.835700174182612,7.618736376284531,8.00099592946574,9.357028008432783,8.143798683164839,9.428091113108284,11.454925843333363
115600.0,gromacs_replicate_1,65.92707,5.313272477384579,5.494454932037814,15.846519,5.255723912787543,4.821802945388743,1.681221,75.7540018852597,72.91364764627701,83.88136576859965,83.78414341540027,79.81553545922185,88.49567084765258,47.258959508215796,57.684516391499955,68.08664331491521,69.65149872658185,59.80911547035444,47.60485963641374,6.718111647366049,4.520436158998774,6.80691088899503,7.540149248374407,8.134064265875157,6.890078103509811,7.243280868779056,7.3027440647964825,9.513305828986844,8.450624959530462,9.322518768780043,11.32675715670326
115700.0,gromacs_replicate_1,66.87322,5.572865072275694,5.7637653522623955,25.274231,5.918401878749066,5.517449588424015,10.592834,74.49243812003596,73.18276610795476,84.2710181774082,84.55011957501199,82.10078116551651,88.85566243146471,55.26803467273372,61.15261712190727,72.09854171754534,79.46543018749377,71.61152161138311,60.87228987496259,6.643575756511589,4.521498369429875,6.5301412840893525,7.1034436478065714,7.719502975450729,6.503856813088341,6.93244916706224,7.624703831665243,10.152775085775332,8.043327223668793,9.186831590986483,11.325192778282865
115800.0,gromacs_replicate_1,64.14887,5.114465605616972,5.406238982010451,26.826141,5.544999030187675,5.119369389436426,7.0054398,67.22482185644904,63.333749821518374,73.96361257837157,86.70335360122075,88.28402224874057,83.7401569420125,42.00258417065933,51.96926292804778,63.89318863410069,65.28335358943585,55.80197929768665,44.24716993398202,7.024473985132337,4.584388615073793,6.765700413191038,7.367249885354173,7.960149545876018,6.8850126041377075,6.993494697817184,7.232036273120162,10.094821630971978,8.32080873965135,9.60661304263481,11.572447499236874
115900.0,gromacs_replicate_1,67.72605,5.658312493571291,5.861707191985085,11.741722,5.38301608768324,5.039636127008489,11.152367,73.29001117893846,70.9608008277228,81.2832511674958,87.0157115564364,82.06911261807838,88.23484756300137,40.6276920265154,51.19218827455364,63.117232205872774,64.07905811142287,51.78306885526638,40.94879540181439,6.924376927720497,4.368386772453035,6.695395741221317,7.1692660666725,7.90675906795219,6.759706578529075,7.153950351633263,7.576106950486287,9.766823510743931,8.197357166069036,9.552596039057056,11.665204375524056
116000.0,gromacs_replicate_1,67.868675,5.837080704597859,6.162029321126639,33.977352,5.356941683787571,5.042112702842747,6.988121,64.75363488186248,64.66786852236754,74.94770909456187,84.75486721445287,87.70247041822758,78.49915426704864,44.417624428011386,52.24047034500032,65.60729506732602,70.7356090297533,62.62703284876984,49.70312758495761,6.720519851180469,4.349611681674923,6.503686016838949,7.089631050874715,7.882476674820012,6.632024303641578,6.962881577715918,7.176668833187595,9.355415007965686,8.670769715676013,10.117299086865437,11.060079036172203
116100.0,gromacs_replicate_1,67.17385,5.216327039273211,5.248323835160187,21.806412,5.240845358978243,5.083444912512955,5.178032,51.89895054086352,46.502926481543625,56.7764217562994,69.78135451901613,76.44674865399244,68.97594515971781,57.265488195178136,65.92965018831754,79.46248726834538,84.35995207155936,74.19512618739118,61.33158425836215,6.883407960950874,4.475887001929605,6.606686623523843,7.6053064864135145,7.785065852959334,6.8270823481686,7.142949575992166,7.530858299866663,9.30839907676943,8.652080689237332,9.192106630824657,11.12379520371671
116200.0,gromacs_replicate_1,65.16094,5.538848545711946,5.869563172180519,29.341797,5.617341047221763,5.446228205437307,11.251404,64.70586952844518,63.81590553298987,75.20730692498019,86.48926140713928,89.93374465930881,79.34472230823444,62.7562309330924,70.41722377735648,83.76176538946666,86.70577613171159,77.38750051507759,65.79681741104177,6.853591723353775,4.381100907788789,6.79277878112754,7.383516326527424,7.48304192457372,6.8969531675396825,6.946664328468682,7.0430320418617205,10.049584157452914,8.494991417582707,9.424395075567606,11.208517561965808
116300.0,gromacs_replicate_1,73.129074,5.304048390904402,5.509734100589365,17.832062,5.300639520079337,5.1859790354856985,4.09198,63.134073860986675,62.22498498953477,73.61222263939209,86.1004881892549,89.45682539229753,79.15521458278997,59.29002508675534,68.85997617097011,81.85305382122664,84.99006225310532,73.7237365049446,60.65984882549088,7.447083413540797,5.1163440008053716,6.559096530524192,7.29868273432801,7.574514530479408,6.28057794697372,6.286415040303156,7.206481961648816,9.652452218316306,8.520557094068925,9.688576233955802,11.273876320232858
116400.0,gromacs_replicate_1,61.9485,5.782992053719182,6.085787946134022,27.4272,5.310140362385482,4.969167259723308,5.618576,63.95751036529704,64.75051571539197,76.31403853109539,86.43553463331067,87.14396189019199,77.18964184580467,53.516728273271504,63.763709113723394,75.33919679926639,76.8407335909454,65.7858472594952,54.38679220262208,6.567266685289073,4.301715933334499,6.516247569610145,7.398328826158556,8.006242911359779,6.446009108503627,7.176780209382912,7.1881067104627405,9.65984492048601,8.630842299686865,9.705939411109313,11.094924249296255
116500.0,gromacs_replicate_1,83.53195,5.4589200644654605,5.59228815286813,22.01104,5.8520786305610635,5.72247416192818,16.115112,61.78420060788315,53.72619229463511,61.99609340469368,74.74388893015865,82.98898585097193,78.4109591262458,45.35972518268462,54.393715171268276,66.54758626476868,70.21297196148221,60.92188078259829,49.211562046071656,6.318771414139102,4.38097391134482,6.948202933311682,7.510469351682286,7.744142828771226,6.688824837976845,7.280399478036593,7.602622215681336,10.118303297400459,8.504392487725243,9.420820911142865,11.15771855573157
116600.0,gromacs_replicate_1,68.26719,4.981593304015441,5.255522343805365,28.774445,5.560818719971003,5.140484189552248,1.4531097,55.353720357397826,51.009876483369446,63.04329300170977,76.8343875879276,81.54195919966963,71.72887017842716,47.627468574605125,56.52210313428859,68.07893386534852,70.47473794567398,61.490150223479795,50.810428139043495,7.083690288477912,4.57802539739714,7.018235413683407,7.64184896669394,7.6894232476924795,6.967310444231318,7.22442225075501,7.763018069612364,9.878074745535237,8.319127993831557,9.080070080741425,11.336873099833458
116700.0,gromacs_replicate_1,73.28542,5.42237187096419,5.705001052342485,29.503613,5.356247051225398,5.1118249008921595,5.441231,61.63940294948031,57.51927459975494,67.79813093138007,79.92936218225547,85.56465601041054,77.33823410054565,48.64679251319341,57.002572525856614,69.97208981325213,74.16587839156514,64.53308433850597,51.45303842479819,6.961769293481423,4.350903954422794,6.556659731030291,7.010161639233364,8.14855510164228,6.739817563560275,7.465722337304305,7.451649607546109,9.490731585534444,8.285149718500133,9.38681396397021,11.499145984798496
116800.0,gromacs_replicate_1,68.129105,5.528044294168228,5.862656596964334,34.90085,5.160255020784716,4.756546998164444,5.1747513,65.61298530956128,61.15594084309718,71.2227271988589,82.42096417252951,87.29090223971863,80.93978522411918,42.58005782607964,52.43072410856731,65.92890117486365,67.84638168607553,58.838504669467135,45.77766539244044,7.075491727173999,4.502611878209617,6.812908793010221,7.325748550134116,7.597578309126215,6.649859444349601,7.065530959585563,7.115695205015053,9.940524118905902,8.124218005624934,9.350397332353353,11.533283874398949
116900.0,gromacs_replicate_1,73.918655,5.163403512081344,5.435831396605424,26.289871,5.455292371702872,5.340344560391921,1.0513306,62.793837433369625,60.34401984157796,71.33240597424248,83.79137290007027,88.5531893453021,78.93280262433555,57.04665439501716,65.39063942471076,79.01325693712987,83.82028712970657,74.4954652879135,61.492682365111776,7.405819950236113,4.871741726957683,6.910144634968258,7.584498207536259,7.450136658714892,6.469290659113139,6.7314709267390365,7.566120953859856,9.957578730729685,8.460249265451676,9.324253010330073,11.41186276922009
117000.0,gromacs_replicate_1,69.273766,5.367797864358444,5.715353978600646,34.47458,5.007130672392723,4.980731516039462,9.445549,61.10671361954525,58.76635551029808,70.55791096551229,81.89263737384763,84.56438466879717,76.23406723090227,64.48621220639508,71.60104959931844,87.39330800588944,85.84878048353471,85.51115506105616,71.3605820649439,7.20889572571977,4.5729040052457615,6.706715414422914,7.6114945683879505,7.8337243365522315,6.530400795633049,7.017938154971699,7.130977885972678,9.54920918931569,8.477014409148573,9.472212826786727,11.726590348563258
117100.0,gromacs_replicate_1,77.31094,5.62942997216959,5.809520894099148,23.248398,4.879045143244078,4.85547439393705,22.256355,62.09682034287792,59.8804756745665,68.71236191613322,80.30637604409534,86.06289054716999,78.28510863423813,41.75530971907604,55.459826813928125,68.831989592423,69.01857689488324,55.28652417487236,41.08243170836809,6.911724071289137,4.471265632983238,6.5458362767856375,7.215974888109905,7.792311295384427,6.69669960054958,7.201520940482874,7.6848849136523265,9.776410452969426,8.552374484655752,9.45926689484355,11.1427225635947
117200.0,gromacs_replicate_1,65.282616,5.479206386833112,5.695758580658303,13.701981,5.193772406030389,5.066377067698746,2.1211853,72.63914178559888,71.72751257122702,83.49175462006959,84.6512531199511,82.01867777490526,87.24302658384751,58.35513296966157,70.41243122240311,82.13943729503283,80.70056506732362,66.69428275404996,56.25229479898589,6.870319224776425,4.586958678091743,6.701378475091591,7.405247054748436,7.531933699351132,6.125822210561584,6.430787332974673,7.360350140560587,9.67978895075646,8.474237423128299,9.106497962817667,11.349513429882428
117300.0,gromacs_replicate_1,75.26662,5.066680544855097,5.402967208190803,35.13272,5.393923823126945,5.067327458377507,6.7887573,62.445348842669155,58.252292922077096,67.9476843876039,80.46924955758908,86.03174237821261,80.10461530485156,44.85996331806145,54.34617167801107,67.38739229262289,69.59999787649545,58.64587064634661,46.33212347081972,6.9334633596294655,4.616962884384924,7.214164087037192,7.854306744123228,7.382581903516231,6.914757870617349,7.033721499170318,7.8256489556377495,9.947523746841332,7.987313408527048,9.355620255669278,11.488680686109324
117400.0,gromacs_replicate_1,71.605156,5.6068395825684325,5.957482315754579,39.975876,5.461205961335285,5.10067743023364,8.674927,65.82792502321306,61.17728505643976,70.82627688132321,81.17238612886553,85.401143223304,79.52674224276889,42.678114695160126,52.284259884474125,65.31057355825358,68.95725427554902,59.11752076789314,46.42422553627656,6.994853675709933,4.625139859803645,6.796526771859225,7.435533240916005,7.530623421431477,6.605900270479867,6.687768073783863,7.571233630783541,10.15287727103756,8.223937041460994,9.393449756529826,11.270462482739854
117500.0,gromacs_replicate_1,66.57796,5.280328314824711,5.626370078412194,39.077362,5.444803424855287,5.0986284469169,2.6365128,59.29034969773083,52.30505483011719,61.53970668619715,73.56813876028453,80.2158966875126,74.4858071209622,50.80744590293839,58.96576470223406,72.09837627321207,76.41050654224523,67.67202190198242,55.937893636140615,7.005369982559867,4.60088483879097,6.981285395632189,7.297098454446092,7.764380073626064,6.4532054285561715,6.969902078174957,7.62388007057173,9.952061136229773,7.794376183052489,9.409647909648783,11.641067513123978
117600.0,gromacs_replicate_1,65.17742,5.23735838864407,5.407622093837441,16.079994,5.476989525698961,5.1951921682294016,6.3278427,60.038354411845226,61.19249543419779,73.48382734288272,85.012499045462,87.59238682151839,74.1498716158123,48.01496403998074,59.192618371166105,69.09921069320582,66.5782546556143,53.27899405301434,44.21763932222013,7.426699708721831,4.875103998591024,6.576450281924871,7.023941460386589,7.858144782229854,6.725220149425543,6.898538909195398,7.245451005566983,9.49196998716871,8.53974834963719,9.071556523944494,10.390323728747365
117700.0,gromacs_replicate_1,66.461235,5.263198085165453,5.478497714242613,23.305382,5.554395214033656,5.258326949337122,0.026138306,58.2644196664321,56.31394422798748,67.73745288750158,80.08933621130467,84.4337554805796,74.4292471891877,51.65698789734612,62.187803118611754,73.37432183763904,74.18735013421416,62.58243098149306,51.96830348568529,7.256192384918641,4.796064704109482,6.618236236916591,7.309578188476868,7.316345130811707,6.241662988488107,6.800956565266633,7.393647040386901,9.496435624886464,8.438801751720485,9.7011792835746,11.564108298310101
117800.0,gromacs_replicate_1,76.24704,5.943523049825146,6.128108967922401,18.781342,5.561974023982611,5.4619665754861595,9.42807,66.11458604756818,61.9482667744169,70.88202839835925,82.272814658917,88.1244596039087,81.31916946989627,51.64421125481128,62.044701786494265,74.18167327689832,76.75235176677992,65.59741431863809,52.46197949448301,6.651414871400615,4.219511807501108,6.289401793974914,6.830506464194565,7.933834242611444,6.843781485143685,7.324727086360833,7.350598669929449,9.957137605474834,8.525655046424554,9.332455759065294,11.177910937155968
117900.0,gromacs_replicate_1,71.85679,6.045692183940439,6.103304800343455,16.925316,4.763817996833871,4.589150015765235,6.273407,82.67488046122351,81.51860325807932,88.86175249088141,78.21428246891314,74.69479885422847,82.85788001002057,48.24006787240214,59.66558707260234,74.42244047906661,77.24516612253082,64.06093336131372,50.47978080518054,7.147288160216696,4.437598434083309,6.460362307185426,6.825472055395471,7.813390190767938,6.406296127380585,6.483630173659245,7.359527138599565,9.189909080235985,8.286090127638783,9.941032419990616,11.291101547889017
118000.0,gromacs_replicate_1,75.28438,5.3491540314791095,5.754643109046959,42.47099,5.821829878731763,5.654184875549038,9.86837,60.29417481192572,57.26234306821143,68.40921073082123,79.08045045073483,83.32676617456984,75.46625322741774,49.70407779402535,53.944719813071565,67.8876329300111,75.41732738520913,68.87089127642977,57.05846009050787,6.841489807085507,4.48963139659939,6.740601920633354,7.494042326162856,7.851289480950843,6.955317694999283,7.506700696798801,7.599117357359982,9.686398646358159,8.309202558940738,9.225049303143656,11.333321339817187
118100.0,gromacs_replicate_1,68.11739,5.453756101975284,5.664238588991523,16.732704,5.505751429373943,5.236646379812362,4.8767242,65.3318226027936,63.55837998417655,74.55405281365977,86.31813870971077,88.86820408474703,81.3237997262507,48.31239692735089,58.07499216533664,69.72176823728515,73.22088884934605,62.06305935035369,49.58335803509562,6.7880161619227115,4.5569977019303165,6.593385317197243,7.134689054575698,8.194448509023612,6.90832932205884,7.02022394631977,7.48367333844559,9.05712011117709,8.410674964914588,9.426210789790858,11.335929965433984
118200.0,gromacs_replicate_1,67.281235,5.292479523266495,5.725236345090894,44.904434,5.7180617374438105,5.308319634059723,1.346138,56.530597259986955,53.62092456298266,64.52245412607745,76.0315599431869,79.5582924024056,71.16098179821905,47.821236045576306,54.35778044171585,66.36001156793384,71.76045363278853,64.18987875490016,53.78798513145511,7.105972900485642,4.816408145574556,7.0391920362239135,7.659335903273702,7.660968622946326,6.604412958634033,6.899938647507887,7.303496030526541,9.807644189970969,8.523855649426775,9.342954755070743,11.744102152334886
118300.0,gromacs_replicate_1,55.130783,5.0548085009383845,5.285007420081551,18.755363,5.21349802403877,4.708335475552082,14.205688,62.97116383648406,58.58512457858946,69.94949278692447,83.76457528684098,89.0848951574943,80.01075520046471,32.487549545434184,44.02021126068849,53.58898292373963,53.6028873909065,41.76602036923764,30.578131003446966,7.523926061335256,4.988748876897124,6.91187381715539,7.696985663902451,7.634909216945354,6.612508320395093,7.031494906364485,7.65419081962481,9.402138707472014,8.115089965901397,9.534563984341416,11.817633470134078
118400.0,gromacs_replicate_1,62.949528,5.350457342714594,5.742734469659225,36.94925,6.05710096772557,5.421011123646576,11.276596,59.35325756838188,55.01208286510591,66.83018917605999,79.52631035837425,82.46679343449043,73.6141943983797,47.96963807668178,53.942951910843455,63.575991877676955,67.8288843483277,60.860304552539866,52.016061897452644,7.121557470937139,4.727670705246412,7.041120537994354,7.510385074847009,8.134839351429804,6.823497631188469,7.281676544200297,7.552152490729214,9.748373954227334,8.600026923373536,9.057377919002016,11.465546405357157
118500.0,gromacs_replicate_1,70.80846,5.463027325422612,5.786542829294746,30.916435,5.269923173708717,5.052074051933946,10.563866,62.034258646924506,57.86572919994083,68.18148603114854,79.9571819164205,85.74621918183054,76.85238195818316,59.157245392263135,66.90864425466715,80.10860662783813,85.79179111079503,75.77142396646218,64.02100075654168,7.078876124631295,5.002637032010038,7.2695982982291625,8.02995492942313,7.450632779207676,6.2982994531816106,7.1007133739293735,7.225664028992152,9.741149958086696,8.464678868345734,9.72478572694207,11.713034170569728
118600.0,gromacs_replicate_1,68.79366,5.424335562766815,5.756592896431491,33.019302,5.6382446202116725,5.2355841382565105,6.8413467,64.07524894228544,57.769557955385054,66.65442521708006,78.89850982096634,85.5933652230901,79.76587592202372,41.989711756046226,49.45313883244385,61.368636540551286,66.96699457624179,59.52939272766624,47.7594631592712,6.8407044685546055,4.63259450879118,7.085264161004562,8.014285219462028,7.339548610032748,6.675299649007001,7.179125468694725,7.825210834301284,10.086318112296551,8.464352333550382,9.6931963574181,11.489148037063801
118700.0,gromacs_replicate_1,67.19135,5.22177551110727,5.435587015032878,15.829567,5.5094280568734035,5.1571844634582735,1.7900696,61.601661855925535,61.878677843631856,74.78878203961082,87.08374609416492,89.57638117308878,76.33803531861028,50.80831126368728,61.146678307988374,72.0465087349555,71.4903569392317,60.1463446682827,50.096070722778435,6.615137640071555,4.674101790229764,6.898965040595743,7.790028586850308,8.19712491726685,6.620382512309154,7.153900301232696,7.213588467596854,9.470393112788006,8.720399558368582,9.462910366782936,11.45694464361811
118800.0,gromacs_replicate_1,74.914825,5.442043864197528,5.723004761767149,29.571228,5.144448589540183,4.979549446116517,4.856888,62.82969726310466,57.775495847422604,67.91016733739556,79.86499248731332,86.26308581107739,78.7227121069753,50.62606273098101,60.49933383634175,75.13544495460013,79.13766417246303,68.24822200104595,55.27483078867717,7.152214750623886,4.631598977890777,6.816197000593083,7.458887768857974,8.049148748434323,6.61308700208216,6.875225390904227,7.294822800576077,9.57085005457898,8.483697794347616,10.03251836751763,11.76738245613711
118900.0,gromacs_replicate_1,62.386673,5.244842735750408,5.499741977059055,23.1764,5.942584677724939,5.549131037628119,5.854637,62.573903979078864,58.438045740446945,69.55858249673425,82.35406775764896,87.74404540695208,79.17288626271942,53.233448452154164,61.54855508135258,72.81690458332992,73.74894386318033,64.25914355844606,54.48581387181478,6.63430584232707,4.466653597043873,6.537583665046429,7.56308610411899,8.02468557388652,6.399336775423367,6.711534566187737,7.528079651347373,9.91615802172018,8.628778880312582,9.1975815580813,11.321266958976585
119000.0,gromacs_replicate_1,59.253185,5.465833547069368,5.663218700666572,17.303497,5.589850007628443,5.078318313666737,6.3646774,60.78689741426001,60.19368105897579,72.14677926519101,84.42030008547314,86.83610615248541,74.94557316888137,48.91652129413347,58.47423952855878,67.47014490831131,67.03714966801525,55.5703237835775,47.42432502301447,6.853509358669265,4.68174359942227,6.743480797462612,7.426156027956227,7.6482088083092785,6.661754715312435,6.9254678226676205,7.3376936837504765,9.776460308068085,8.616788335112183,9.501749259965447,11.364547778156707
119100.0,gromacs_replicate_1,76.92133,5.986975690110491,5.958572705179577,20.748001,4.911144975746043,4.8753745540709605,28.584045,52.20004489950298,48.05064716425856,55.892960823994535,67.34560184242554,74.01335619378035,67.75452512728174,39.46808744229788,53.60347721944865,64.53105924784805,62.63470250903143,48.14325436424256,34.76587357692057,6.752000459253912,4.462654870257095,6.500241398157485,7.100705917782952,7.788003720126284,6.876740500417694,6.782274460343705,7.623344614540761,9.672133356313553,8.638768126730092,9.763079192409679,11.13905766822135
119200.0,gromacs_replicate_1,73.69332,5.766989498482096,6.014912569469615,20.479324,5.590778444068852,5.326038004528901,3.2685318,71.87402304496288,75.4256386662017,86.88271503757551,83.53825492931296,84.34813912213306,83.19744044976837,50.81827162587109,61.723208814404416,73.6667317758964,73.64771072268019,61.9757406466306,51.03629013922304,7.06367464965685,4.99852488072659,6.693774401215981,7.185149312624717,7.964007082093124,6.571157323563904,7.313087701393095,7.249757917393082,9.769977201239792,9.119882453600772,9.638784165366989,11.266077522102199
119300.0,gromacs_replicate_1,65.47761,5.1189200817337195,5.328580843180737,14.186844,5.505077876564495,5.3507561656426335,18.403694,72.26036877901247,75.58669917517334,89.4117133382837,79.49084651323444,80.89560610754769,85.52841807546992,66.01711867298724,73.20358913271266,85.8330817993261,89.99810861964146,80.50278169202967,69.20914629792071,6.972862942498457,4.842505934232135,6.944584605100487,7.777343063965955,8.135979748641194,6.6018132778735925,6.948295485481763,7.297154860655513,9.821427990410527,9.004059645609923,8.757234840323594,11.304077948460938
119400.0,gromacs_replicate_1,72.8809,6.145078612570851,6.307862979846278,24.286148,5.520752207472098,5.455158356830062,10.08168,62.57425112594543,57.65607359493689,65.30521138636637,76.44356639348617,82.34483301750245,77.31822883283583,52.57829286550223,62.45466725426311,75.19435634950588,79.5289704042607,68.80547569090852,55.55963885562624,6.4403099213406545,4.154469093392932,6.564805949504327,7.236612176811106,7.416869933204655,6.542243831835955,6.767941324170523,7.624145159279594,10.187932064739549,8.679459605514545,10.037586238320317,11.736951560821996
119500.0,gromacs_replicate_1,72.75331,5.3353622549021225,5.579113026087044,24.611412,5.361176336081027,5.25266005550649,1.6602402,67.82174173101681,63.192844673403535,72.62114513676187,84.73971184432949,89.02594040575,84.71560506996016,56.24270603512181,65.1463981285416,79.43276767691324,84.1128719968987,75.17818187727399,62.082941621597705,6.559732798560706,4.35690980566011,6.809430765533175,7.586493478518723,7.368758884386453,6.493685169073518,6.52342731963891,7.217149104396335,9.54592066480058,8.197479089903597,10.36809563281601,11.495889381831725
119600.0,gromacs_replicate_1,75.37385,5.7054120103499395,5.983529573066028,24.20272,5.665943511406793,5.553439461079194,5.9760056,68.45682200359792,66.50062458891675,77.31552754627103,88.98942788166002,88.23042341521251,82.14839057726309,62.108262049777984,68.96449483677112,82.78820325668092,89.06261807972238,79.77555929750785,67.39693293424483,6.497475318255036,4.091545335354175,6.425870880844236,7.266061821700417,8.392166069523741,6.608476588038987,7.170675369185081,7.23419764377112,9.729016888964228,8.685976447197813,10.065883577381973,10.96231196059516
119700.0,gromacs_replicate_1,71.92621,5.49507703810396,5.748558624203309,25.565865,5.608844030680253,5.2805534607539855,2.1562576,59.27515635516086,58.05794759070933,69.05117904657655,80.64134677634067,83.94292237055984,74.15187810911624,51.96605701765266,59.74165927879775,72.07772965982987,77.12084366133233,68.01564223872175,56.34950498524021,6.3637488576494965,4.025178871249227,6.320676243531258,7.159008237001614,8.457659958149986,7.159492152616437,7.703756395525897,7.502631362236959,9.682859696051457,8.670076040202975,9.315120790810557,11.084220355291473
119800.0,gromacs_replicate_1,67.380165,5.337039595519214,5.579319304054619,20.34658,5.718527417111576,5.425609845202213,11.072067,67.48452621195338,64.1838295204609,74.96886490113131,87.6014268102956,86.59001346693303,84.1479810457973,43.16588600241076,53.448127013542845,64.22533700272648,65.78718662441764,55.583847449250655,44.5326419395558,6.8034404285003465,4.531806138864034,6.662459481889197,7.238796898489968,7.889073140513103,6.593882769305663,7.263081209465957,7.461846488368885,9.728369620283184,8.526329563529773,9.863498449386057,11.202890857004556
119900.0,gromacs_replicate_1,67.01545,5.190977557793536,5.361795053169528,15.944466,5.256497348809753,4.941844507464061,9.324417,64.14197831346158,59.540538584647,69.89053732606195,83.01282738939041,89.62802061636194,80.74364418471423,41.76453518820603,50.24695628632057,62.61793153418477,67.75006665312608,58.960125073804996,45.781778128441886,7.308720329256517,5.237692810641593,7.054359578172109,7.682277686306713,7.656358773434371,6.475575094886443,7.002228366955035,7.931323595591589,9.535402036768836,8.121641612991587,9.976368992130645,11.633329742369169
120000.0,gromacs_replicate_1,69.01863,5.585379702223106,5.811831631184805,21.409462,5.440450180353027,5.1576183888683245,4.6633377,61.26790226724059,60.77140452298377,72.00226932326814,82.95995496615026,87.46897427611137,76.48825671009315,48.038632827631496,58.32042833954752,70.26018497531985,71.76916151168139,60.3950002767754,48.61392688892177,6.703564599380043,4.32897032419734,6.620638097465779,6.895635277877789,8.199632986896514,6.770368191901735,7.253252623748693,7.405439401858696,9.605164868971471,8.69927604191563,9.45788541601562,10.95836430592147
