Compound,Replica,Offset,Phe389_Score_Sum_Mean,Phe390_Score_Sum_Mean,strength_389,strength_390,strength_combined,quality_score_389,quality_score_390,major_contributor_389,major_contributor_390,avg_angle_389,avg_angle_390,std_angle_389,std_angle_390
20251130_D2_BRE_boltz,charmm-gui-6451161009_gromacs_replicate_2,-29,2.6466350785895543,3.142362053310519,4.9462828437923576e-05,5.957445420400118e-05,5.451864132096238e-05,8.076686346723985e-05,9.504016210976532e-05,2,6,0.6832149146023734,0.675130849937006,0.21370382652751624,0.16476873336129932
