Compound,Replica,Offset,Phe389_Score_Sum_Mean,Phe390_Score_Sum_Mean,strength_389,strength_390,strength_combined,quality_score_389,quality_score_390,major_contributor_389,major_contributor_390,avg_angle_389,avg_angle_390,std_angle_389,std_angle_390
20251216_D2_Lisu_Boltz,charmm-gui-6586474763_gromacs_replicate_2,-29,3.2207573338077493,1.8311702207441642,6.510729954527243e-05,4.021335331359497e-05,5.2660326429433696e-05,0.00010691299330469713,8.27902025806923e-05,4,4,0.7930781500262483,0.5315008887278245,0.11149014787127538,0.20479655110925826
