Compound,Replica,Offset,Phe389_Score_Sum_Mean,Phe390_Score_Sum_Mean,strength_389,strength_390,strength_combined,quality_score_389,quality_score_390,major_contributor_389,major_contributor_390,avg_angle_389,avg_angle_390,std_angle_389,std_angle_390
20251203_D2_R10_cryoEM_rebuild,charmm-gui-6472582697_gromacs_replicate_1,-29,2.849267997013811,3.7612700247953743,5.280896559390519e-05,7.270297526303318e-05,6.275597042846918e-05,7.582837437580563e-05,0.00010576219925268619,9,2,0.7360930393642865,0.8163496312224088,0.07216197443476124,0.07124950037159844
