Compound,Replica,Offset,Phe389_Score_Sum_Mean,Phe390_Score_Sum_Mean,strength_389,strength_390,strength_combined,quality_score_389,quality_score_390,major_contributor_389,major_contributor_390,avg_angle_389,avg_angle_390,std_angle_389,std_angle_390
20251216_D2_LSD_cryoEM_rebuild,charmm-gui-6586065345_gromacs_replicate_2,-29.0,3.1556422373172386,3.31930035701262,6.340598069938168e-05,6.819060000465852e-05,6.579829035202009e-05,0.00011581825589363137,0.00012740923285427984,4.0,4.0,0.7939532147639508,0.7580783929194598,0.1455404125105981,0.17254411203407016
20251216_D2_LSD_cryoEM_rebuild,charmm-gui-6586065345_gromacs_replicate_1,-29.0,3.0948701356917847,3.000606259508573,6.225102217888815e-05,6.230391344272744e-05,6.227746781080779e-05,0.00012000613243741165,0.00011993379306401303,4.0,4.0,0.7800242354245824,0.7148325217066798,0.15793099442141037,0.18158209804151362
20251216_D2_LSD_cryoEM_rebuild,AVERAGE,-29.0,3.1252561865045116,3.1599533082605964,6.282850143913491e-05,6.524725672369297e-05,6.403787908141394e-05,0.00011791219416552152,0.00012367151295914643,4.0,4.0,0.7869887250942667,0.7364554573130697,0.15173570346600423,0.17706310503779188
