Compound,Replica,Offset,Phe389_Score_Sum_Mean,Phe390_Score_Sum_Mean,strength_389,strength_390,strength_combined,quality_score_389,quality_score_390,major_contributor_389,major_contributor_390,avg_angle_389,avg_angle_390,std_angle_389,std_angle_390
20251216_D2_LSD_cryoEM_rebuild,charmm-gui-6586065345_gromacs_replicate_2,-29.0,3.160828253144588,3.259621941527873,6.340413917845766e-05,6.699812895231879e-05,6.520113406538823e-05,0.0001116891435525498,0.00012490649415028936,4.0,4.0,0.796033856446421,0.7502418968652914,0.13321805521458283,0.17396820575025904
20251216_D2_LSD_cryoEM_rebuild,charmm-gui-6586065345_gromacs_replicate_1,-29.0,3.0948701356917847,3.000606259508573,6.225102217888815e-05,6.230391344272744e-05,6.227746781080779e-05,0.00012000613243741165,0.00011993379306401303,4.0,4.0,0.7800242354245824,0.7148325217066798,0.15793099442141037,0.18158209804151362
20251216_D2_LSD_cryoEM_rebuild,charmm-gui-6586065345_gromacs_replicate_3,-29.0,2.988016637040992,2.936765042669899,6.0669366082164865e-05,6.135445059174657e-05,6.1011908336955717e-05,0.00012507313486101413,0.0001252365999143939,4.0,4.0,0.7521956205955153,0.7055713328798626,0.18897375120877136,0.20032872126578455
20251216_D2_LSD_cryoEM_rebuild,AVERAGE,-29.0,3.0812383419591214,3.0656644145687815,6.210817581317022e-05,6.355216432893093e-05,6.283017007105057e-05,0.00011892280361699185,0.0001233589623762321,4.0,4.0,0.776084570822173,0.723548583817278,0.16004093361492153,0.18529300835251905
