Compound,Replica,Offset,Phe389_Score_Sum_Mean,Phe390_Score_Sum_Mean,strength_389,strength_390,strength_combined,quality_score_389,quality_score_390,major_contributor_389,major_contributor_390,avg_angle_389,avg_angle_390,std_angle_389,std_angle_390
20251130_D2_ROT_cryoEM_rebuild,charmm-gui-6464480808_gromacs_replicate_2,-29,1.747912916341172,2.5322154179132585,5.424366945595818e-05,7.717174841298161e-05,6.57077089344699e-05,9.397937010213147e-05,0.00012792406771310839,3,3,0.6697364479780247,0.7563351691704415,0.1713112491695581,0.1624161358782113
