Compound,Replica,Offset,Phe389_Score_Sum_Mean,Phe390_Score_Sum_Mean,strength_389,strength_390,strength_combined,quality_score_389,quality_score_390,major_contributor_389,major_contributor_390,avg_angle_389,avg_angle_390,std_angle_389,std_angle_390
20251115_D2_ARI_cryoEM_rebuild,charmm-gui-6633139040_gromacs_replicate_1,-33,2.3130728587355125,1.6462894752584565,6.083698181214743e-05,4.6286393378266705e-05,5.356168759520707e-05,7.939773518439868e-05,8.425279518779596e-05,2,5,0.7224691597025474,0.5586376993770212,0.06678746624058887,0.16808254790912355
