Compound,Replica,Offset,Phe389_Score_Sum_Mean,Phe390_Score_Sum_Mean,strength_389,strength_390,strength_combined,quality_score_389,quality_score_390,major_contributor_389,major_contributor_390,avg_angle_389,avg_angle_390,std_angle_389,std_angle_390
20251115_D2_ARI_cryoEM_rebuild,charmm-gui-6318273309_gromacs_replicate_2,-33,2.7122441734159923,2.1428263958979126,7.18936898238215e-05,5.9825366368164306e-05,6.58595280959929e-05,9.037296728997385e-05,0.00011106644506286645,2,5,0.8330640989540606,0.6730543949429612,0.06898601105073694,0.17955122225979364
