Compound,Replica,Offset,Phe389_Score_Sum_Mean,Phe390_Score_Sum_Mean,strength_389,strength_390,strength_combined,quality_score_389,quality_score_390,major_contributor_389,major_contributor_390,avg_angle_389,avg_angle_390,std_angle_389,std_angle_390
20251203_D2_R10_cryoEM_rebuild,charmm-gui-6472582697_gromacs_replicate_2,-29,3.0530865733695887,3.823865685715323,5.677246202562115e-05,7.365855028825879e-05,6.521550615693996e-05,8.505441539811882e-05,0.00011210286061685251,9,2,0.7866880682998577,0.8261172274197005,0.07230742561692878,0.06317285994164225
