                      :-) GROMACS - gmx mdrun, 2025.2 (-:

Copyright 1991-2025 The GROMACS Authors.
GROMACS is free software; you can redistribute it and/or modify it
under the terms of the GNU Lesser General Public License
as published by the Free Software Foundation; either version 2.1
of the License, or (at your option) any later version.

                         Current GROMACS contributors:
       Mark Abraham           Andrey Alekseenko           Brian Andrews       
      Vladimir Basov              Paul Bauer                Hugh Bird         
      Eliane Briand               Ania Brown              Mahesh Doijade      
      Giacomo Fiorin          Stefan Fleischmann          Sergey Gorelov      
   Gilles Gouaillardet            Alan Gray              M. Eric Irrgang      
   Farzaneh Jalalypour         Petter Johansson          Carsten Kutzner      
    Grzegorz Łazarski         Justin A. Lemkul          Magnus Lundborg      
       Pascal Merz             Vedran Miletić            Dmitry Morozov      
     Lukas Müllender            Julien Nabet             Szilárd Páll      
 Andrea Pasquadibisceglie     Michele Pellegrino         Nicola Piasentin     
     Daniele Rapetti         Muhammad Umair Sadiq         Hubert Santuz       
      Roland Schulz             Michael Shirts           Tatiana Shugaeva     
     Alexey Shvetsov            Philip Turner            Alessandra Villa     
 Sebastian Wingbermühle  

                         Previous GROMACS contributors:
        Emile Apol             Rossen Apostolov           James Barnett       
  Herman J.C. Berendsen         Cathrine Bergh             Par Bjelkmar       
      Christian Blau          Viacheslav Bolnykh            Kevin Boyd        
    Aldert van Buuren          Carlo Camilloni           Rudi van Drunen      
      Anton Feenstra           Oliver Fleetwood            Vytas Gapsys       
       Gaurav Garg             Gerrit Groenhof            Bert de Groot       
      Anca Hamuraru           Vincent Hindriksen          Victor Holanda      
     Aleksei Iupinov              Joe Jordan            Christoph Junghans    
    Prashanth Kanduri        Dimitrios Karkoulis           Peter Kasson       
      Sebastian Kehl           Sebastian Keller             Jiri Kraus        
       Per Larsson              Viveca Lindahl            Erik Marklund       
    Pieter Meulenhoff           Teemu Murtola              Sander Pronk       
      Alfons Sijbers            Balint Soproni         David van der Spoel    
      Peter Tieleman            Carsten Uphoff             Jon Vincent        
     Teemu Virolainen         Christian Wennberg           Maarten Wolf       
      Artem Zhmurov       

                  Coordinated by the GROMACS project leaders:
                           Berk Hess and Erik Lindahl

GROMACS:      gmx mdrun, version 2025.2
Executable:   /home/hongyu/soft/gromacs/2025.2-mpi-cuda/bin/gmx_mpi
Data prefix:  /home/hongyu/soft/gromacs/2025.2-mpi-cuda
Working dir:  /home/hongyu/MD/1_D2_Potency_Project/egnn/predict/Com4
Process ID:   31354
Command line:
  gmx mdrun -v -deffnm /home/hongyu/MD/1_D2_Potency_Project/egnn/predict/Com4/charmm-gui-7053423404/gromacs_replicate_1/step6.6_equilibration

GROMACS version:     2025.2
Precision:           mixed
Memory model:        64 bit
MPI library:         MPI
MPI library version: Open MPI v4.1.6, package: Debian OpenMPI, ident: 4.1.6, repo rev: v4.1.6, Sep 30, 2023
OpenMP support:      enabled (GMX_OPENMP_MAX_THREADS = 128)
GPU support:         CUDA
NBNxM GPU setup:     super-cluster 2x2x2 / cluster 8 (cluster-pair splitting on)
SIMD instructions:   AVX2_256
CPU FFT library:     fftw-3.3.10-sse2-avx-avx2-avx2_128
GPU FFT library:     cuFFT
Multi-GPU FFT:       none
RDTSCP usage:        enabled
TNG support:         enabled
Hwloc support:       disabled
Tracing support:     disabled
C compiler:          /usr/bin/cc GNU 11.4.0
C compiler flags:    -fexcess-precision=fast -funroll-all-loops -mavx2 -mfma -Wno-missing-field-initializers -O3 -DNDEBUG
C++ compiler:        /usr/bin/c++ GNU 11.4.0
C++ compiler flags:  -fexcess-precision=fast -funroll-all-loops -mavx2 -mfma -Wno-missing-field-initializers -Wno-old-style-cast -Wno-cast-qual -Wno-suggest-override -Wno-suggest-destructor-override -Wno-zero-as-null-pointer-constant -Wno-cast-function-type-strict SHELL:-fopenmp -O3 -DNDEBUG
BLAS library:        External - detected on the system
LAPACK library:      External - detected on the system
CUDA compiler:       /usr/local/cuda/bin/nvcc nvcc: NVIDIA (R) Cuda compiler driver;Copyright (c) 2005-2025 NVIDIA Corporation;Built on Wed_Jan_15_19:20:09_PST_2025;Cuda compilation tools, release 12.8, V12.8.61;Build cuda_12.8.r12.8/compiler.35404655_0
CUDA compiler flags: -O3 -DNDEBUG
CUDA driver:         13.10
CUDA runtime:        12.80


Running on 1 node with total 10 cores, 20 processing units, 1 compatible GPU
Hardware detected on host WHY (the node of MPI rank 0):
  CPU info:
    Vendor: Intel
    Brand:  Intel(R) Core(TM) i7-14700KF
    Family: 6   Model: 183   Stepping: 1
    Features: aes apic avx avx2 clfsh cmov cx8 cx16 f16c fma htt intel lahf mmx msr nonstop_tsc pcid pclmuldq pdpe1gb popcnt pse rdrnd rdtscp sha sse2 sse3 sse4.1 sse4.2 ssse3 tdt x2apic
  Hardware topology: Basic
    Packages, cores, and logical processors:
    [indices refer to OS logical processors]
      Package  0: [   0   1] [   2   3] [   4   5] [   6   7] [   8   9] [  10  11] [  12  13] [  14  15] [  16  17] [  18  19]
    CPU limit set by OS: -1   Recommended max number of threads: 20
  GPU info:
    Number of GPUs detected: 1
    #0: NVIDIA NVIDIA GeForce RTX 5070 Ti, compute cap.: 12.0, ECC:  no, stat: compatible


++++ PLEASE READ AND CITE THE FOLLOWING REFERENCE ++++
M. J. Abraham, T. Murtola, R. Schulz, S. Páll, J. C. Smith, B. Hess, E.
Lindahl
GROMACS: High performance molecular simulations through multi-level
parallelism from laptops to supercomputers
SoftwareX (2015)
DOI: 10.1016/j.softx.2015.06.001
-------- -------- --- Thank You --- -------- --------


++++ PLEASE READ AND CITE THE FOLLOWING REFERENCE ++++
S. Páll, M. J. Abraham, C. Kutzner, B. Hess, E. Lindahl
Tackling Exascale Software Challenges in Molecular Dynamics Simulations with
GROMACS
In S. Markidis & E. Laure (Eds.), Solving Software Challenges for Exascale (2015)
DOI: 10.1007/978-3-319-15976-8_1
-------- -------- --- Thank You --- -------- --------


++++ PLEASE READ AND CITE THE FOLLOWING REFERENCE ++++
S. Pronk, S. Páll, R. Schulz, P. Larsson, P. Bjelkmar, R. Apostolov, M. R.
Shirts, J. C. Smith, P. M. Kasson, D. van der Spoel, B. Hess, E. Lindahl
GROMACS 4.5: a high-throughput and highly parallel open source molecular
simulation toolkit
Bioinformatics (2013)
DOI: 10.1093/bioinformatics/btt055
-------- -------- --- Thank You --- -------- --------


++++ PLEASE READ AND CITE THE FOLLOWING REFERENCE ++++
B. Hess, C. Kutzner, D. van der Spoel, E. Lindahl
GROMACS 4: Algorithms for highly efficient, load-balanced, and scalable
molecular simulation
J. Chem. Theory Comput. (2008)
DOI: 10.1021/ct700301q
-------- -------- --- Thank You --- -------- --------


++++ PLEASE READ AND CITE THE FOLLOWING REFERENCE ++++
D. van der Spoel, E. Lindahl, B. Hess, G. Groenhof, A. E. Mark, H. J. C.
Berendsen
GROMACS: Fast, Flexible and Free
J. Comp. Chem. (2005)
DOI: 10.1002/jcc.20291
-------- -------- --- Thank You --- -------- --------


++++ PLEASE READ AND CITE THE FOLLOWING REFERENCE ++++
E. Lindahl, B. Hess, D. van der Spoel
GROMACS 3.0: A package for molecular simulation and trajectory analysis
J. Mol. Mod. (2001)
DOI: 10.1007/s008940100045
-------- -------- --- Thank You --- -------- --------


++++ PLEASE READ AND CITE THE FOLLOWING REFERENCE ++++
H. J. C. Berendsen, D. van der Spoel and R. van Drunen
GROMACS: A message-passing parallel molecular dynamics implementation
Comp. Phys. Comm. (1995)
DOI: 10.1016/0010-4655(95)00042-E
-------- -------- --- Thank You --- -------- --------


++++ PLEASE CITE THE DOI FOR THIS VERSION OF GROMACS ++++
https://doi.org/10.5281/zenodo.15387018
-------- -------- --- Thank You --- -------- --------

Input Parameters:
   integrator                     = md
   tinit                          = 0
   dt                             = 0.002
   nsteps                         = 250000
   init-step                      = 0
   simulation-part                = 1
   mts                            = false
   mass-repartition-factor        = 1
   comm-mode                      = Linear
   nstcomm                        = 100
   bd-fric                        = 0
   ld-seed                        = -2018100278
   emtol                          = 10
   emstep                         = 0.01
   niter                          = 20
   fcstep                         = 0
   nstcgsteep                     = 1000
   nbfgscorr                      = 10
   rtpi                           = 0.05
   nstxout                        = 0
   nstvout                        = 0
   nstfout                        = 0
   nstlog                         = 1000
   nstcalcenergy                  = 100
   nstenergy                      = 1000
   nstxout-compressed             = 5000
   compressed-x-precision         = 1000
   cutoff-scheme                  = Verlet
   nstlist                        = 20
   pbc                            = xyz
   periodic-molecules             = false
   verlet-buffer-tolerance        = 0.005
   verlet-buffer-pressure-tolerance = 0.5
   rlist                          = 1.21
   coulombtype                    = PME
   coulomb-modifier               = Potential-shift
   rcoulomb-switch                = 0
   rcoulomb                       = 1.2
   epsilon-r                      = 1
   epsilon-rf                     = inf
   vdw-type                       = Cut-off
   vdw-modifier                   = Force-switch
   rvdw-switch                    = 1
   rvdw                           = 1.2
   DispCorr                       = No
   table-extension                = 1
   fourierspacing                 = 0.12
   fourier-nx                     = 96
   fourier-ny                     = 96
   fourier-nz                     = 120
   pme-order                      = 4
   ewald-rtol                     = 1e-05
   ewald-rtol-lj                  = 0.001
   lj-pme-comb-rule               = Geometric
   ewald-geometry                 = 3d
   epsilon-surface                = 0
   ensemble-temperature-setting   = constant
   ensemble-temperature           = 310.15
   tcoupl                         = V-rescale
   nsttcouple                     = 100
   nh-chain-length                = 0
   print-nose-hoover-chain-variables = false
   pcoupl                         = C-rescale
   pcoupltype                     = Semiisotropic
   nstpcouple                     = 100
   tau-p                          = 5
   compressibility (3x3):
      compressibility[    0]={ 4.50000e-05,  0.00000e+00,  0.00000e+00}
      compressibility[    1]={ 0.00000e+00,  4.50000e-05,  0.00000e+00}
      compressibility[    2]={ 0.00000e+00,  0.00000e+00,  4.50000e-05}
   ref-p (3x3):
      ref-p[    0]={ 1.00000e+00,  0.00000e+00,  0.00000e+00}
      ref-p[    1]={ 0.00000e+00,  1.00000e+00,  0.00000e+00}
      ref-p[    2]={ 0.00000e+00,  0.00000e+00,  1.00000e+00}
   refcoord-scaling               = COM
   posres-com (2x3):
      posres-com[    0]={ 4.92108e-01,  5.12984e-01,  5.62721e-01}
      posres-com[    1]={ 0.00000e+00,  0.00000e+00,  0.00000e+00}
   posres-comB (2x3):
      posres-comB[    0]={ 4.92108e-01,  5.12984e-01,  5.62721e-01}
      posres-comB[    1]={ 0.00000e+00,  0.00000e+00,  0.00000e+00}
   QMMM                           = false
qm-opts:
   ngQM                           = 0
   constraint-algorithm           = Lincs
   continuation                   = true
   Shake-SOR                      = false
   shake-tol                      = 0.0001
   lincs-order                    = 4
   lincs-iter                     = 1
   lincs-warnangle                = 30
   nwall                          = 0
   wall-type                      = 9-3
   wall-r-linpot                  = -1
   wall-atomtype[0]               = -1
   wall-atomtype[1]               = -1
   wall-density[0]                = 0
   wall-density[1]                = 0
   wall-ewald-zfac                = 3
   pull                           = false
   awh                            = false
   rotation                       = false
   interactiveMD                  = false
   disre                          = No
   disre-weighting                = Conservative
   disre-mixed                    = false
   dr-fc                          = 1000
   dr-tau                         = 0
   nstdisreout                    = 100
   orire-fc                       = 0
   orire-tau                      = 0
   nstorireout                    = 100
   free-energy                    = no
   cos-acceleration               = 0
   deform (3x3):
      deform[    0]={ 0.00000e+00,  0.00000e+00,  0.00000e+00}
      deform[    1]={ 0.00000e+00,  0.00000e+00,  0.00000e+00}
      deform[    2]={ 0.00000e+00,  0.00000e+00,  0.00000e+00}
   simulated-tempering            = false
   swapcoords                     = no
   userint1                       = 0
   userint2                       = 0
   userint3                       = 0
   userint4                       = 0
   userreal1                      = 0
   userreal2                      = 0
   userreal3                      = 0
   userreal4                      = 0
   applied-forces:
     electric-field:
       x:
         E0                       = 0
         omega                    = 0
         t0                       = 0
         sigma                    = 0
       y:
         E0                       = 0
         omega                    = 0
         t0                       = 0
         sigma                    = 0
       z:
         E0                       = 0
         omega                    = 0
         t0                       = 0
         sigma                    = 0
     density-guided-simulation:
       active                     = false
       group                      = protein
       similarity-measure         = inner-product
       atom-spreading-weight      = unity
       force-constant             = 1e+09
       gaussian-transform-spreading-width = 0.2
       gaussian-transform-spreading-range-in-multiples-of-width = 4
       reference-density-filename = reference.mrc
       nst                        = 1
       normalize-densities        = true
       adaptive-force-scaling     = false
       adaptive-force-scaling-time-constant = 4
       shift-vector               = 
       transformation-matrix      = 
     qmmm-cp2k:
       active                     = false
       qmgroup                    = System
       qmmethod                   = PBE
       qmfilenames                = 
       qmcharge                   = 0
       qmmultiplicity             = 1
     colvars:
       active                     = false
       configfile                 = 
       seed                       = -1
     nnpot:
       active                     = false
       modelfile                  = model.pt
       input-group                = System
       model-input1               = 
       model-input2               = 
       model-input3               = 
       model-input4               = 
grpopts:
   nrdf:     25212.4      102340      212814
   ref-t:      310.15      310.15      310.15
   tau-t:           1           1           1
annealing:          No          No          No
annealing-npoints:           0           0           0
   acc:	           0           0           0
   nfreeze:           N           N           N
   energygrp-flags[  0]: 0

Changing nstlist from 20 to 100, rlist from 1.21 to 1.412

Update groups can not be used for this system because atoms that are (in)directly constrained together are interdispersed with other atoms

GPU-aware MPI was not detected, will not use direct GPU communication. Check the GROMACS install guide for recommendations for GPU-aware support. If you are certain about GPU-aware support in your MPI library, you can force its use by setting the GMX_FORCE_GPU_AWARE_MPI environment variable.

Local state does not use filler particles

1 GPU selected for this run.
Mapping of GPU IDs to the 2 GPU tasks in the 1 rank on this node:
  PP:0,PME:0
PP tasks will do (non-perturbed) short-ranged interactions on the GPU
PP task will update and constrain coordinates on the GPU
PME tasks will do all aspects on the GPU
Using 1 MPI process
Using 20 OpenMP threads 

System total charge: 0.000
Will do PME sum in reciprocal space for electrostatic interactions.

++++ PLEASE READ AND CITE THE FOLLOWING REFERENCE ++++
U. Essmann, L. Perera, M. L. Berkowitz, T. Darden, H. Lee, L. G. Pedersen 
A smooth particle mesh Ewald method
J. Chem. Phys. (1995)
DOI: 10.1063/1.470117
-------- -------- --- Thank You --- -------- --------

Using a Gaussian width (1/beta) of 0.384195 nm for Ewald
Potential shift: LJ r^-12: -2.648e-01 r^-6: -5.349e-01, Ewald -8.333e-06
Initialized non-bonded Coulomb Ewald tables, spacing: 1.02e-03 size: 1176

Generated table with 1206 data points for 1-4 COUL.
Tabscale = 500 points/nm
Generated table with 1206 data points for 1-4 LJ6.
Tabscale = 500 points/nm
Generated table with 1206 data points for 1-4 LJ12.
Tabscale = 500 points/nm


Using GPU 8x4 nonbonded short-range kernels

NBNxM GPU setup: super-cluster 2x2x2

Using a dual 8x4 pair-list setup updated with dynamic, rolling pruning:
  outer list: updated every 100 steps, buffer 0.212 nm, rlist 1.412 nm
  inner list: updated every  16 steps, buffer 0.004 nm, rlist 1.204 nm
At tolerance 0.005 kJ/mol/ps per atom, equivalent classical 1x1 list would be:
  outer list: updated every 100 steps, buffer 0.300 nm, rlist 1.500 nm
  inner list: updated every  16 steps, buffer 0.127 nm, rlist 1.327 nm

The average pressure is off by at most 0.31 bar due to missing LJ interactions

Pinning threads with an auto-selected logical cpu stride of 1

Initializing LINear Constraint Solver

++++ PLEASE READ AND CITE THE FOLLOWING REFERENCE ++++
B. Hess, H. Bekker, H. J. C. Berendsen, J. G. E. M. Fraaije
LINCS: A Linear Constraint Solver for molecular simulations
J. Comp. Chem. (1997)
DOI: 10.1002/(sici)1096-987x(199709)18:12<1463::aid-jcc4>3.0.co;2-h
-------- -------- --- Thank You --- -------- --------

The number of constraints is 31301

++++ PLEASE READ AND CITE THE FOLLOWING REFERENCE ++++
S. Miyamoto, P. A. Kollman
SETTLE: An Analytical Version of the SHAKE and RATTLE Algorithms for Rigid
Water Models
J. Comp. Chem. (1992)
DOI: 10.1002/jcc.540130805
-------- -------- --- Thank You --- -------- --------


++++ PLEASE READ AND CITE THE FOLLOWING REFERENCE ++++
G. Bussi, D. Donadio, M. Parrinello
Canonical sampling through velocity rescaling
J. Chem. Phys. (2007)
DOI: 10.1063/1.2408420
-------- -------- --- Thank You --- -------- --------


++++ PLEASE READ AND CITE THE FOLLOWING REFERENCE ++++
M. Bernetti, G. Bussi
Pressure control using stochastic cell rescaling
J. Chem. Phys. (2020)
DOI: 10.1063/5.0020514
-------- -------- --- Thank You --- -------- --------

There are: 159253 Atoms

Updating coordinates and applying constraints on the GPU.
Center of mass motion removal mode is Linear
We have the following groups for center of mass motion removal:
  0:  SOLU_MEMB
  1:  SOLV

Started mdrun on rank 0 Sun Feb  8 20:33:58 2026

           Step           Time
              0        0.00000

   Energies (kJ/mol)
           Bond            U-B    Proper Dih.  Improper Dih.      CMAP Dih.
    2.87943e+04    1.33456e+05    9.54776e+04    2.07171e+03   -3.42842e+02
          LJ-14     Coulomb-14        LJ (SR)   Coulomb (SR)   Coul. recip.
    2.10845e+04    1.38296e+05    6.68645e+04   -2.05662e+06    7.89670e+03
 Position Rest.     Dih. Rest.      Potential    Kinetic En.   Total Energy
    7.61498e+02    0.00000e+00   -1.56226e+06    4.39483e+05   -1.12278e+06
  Conserved En.    Temperature Pressure (bar)   Constr. rmsd
   -1.12283e+06    3.10593e+02   -1.91560e+02    0.00000e+00

           Step           Time
           1000        2.00000

   Energies (kJ/mol)
           Bond            U-B    Proper Dih.  Improper Dih.      CMAP Dih.
    2.85166e+04    1.33599e+05    9.53661e+04    2.01411e+03   -3.11590e+02
          LJ-14     Coulomb-14        LJ (SR)   Coulomb (SR)   Coul. recip.
    2.09325e+04    1.38115e+05    6.81865e+04   -2.05759e+06    7.98604e+03
 Position Rest.     Dih. Rest.      Potential    Kinetic En.   Total Energy
    3.03641e+02    0.00000e+00   -1.56288e+06    4.39769e+05   -1.12311e+06
  Conserved En.    Temperature Pressure (bar)   Constr. rmsd
   -1.12404e+06    3.10795e+02   -5.05243e+01    0.00000e+00

step 1400: timed with pme grid 96 96 120, coulomb cutoff 1.200: 1283.5 M-cycles
step 1600: timed with pme grid 84 84 108, coulomb cutoff 1.274: 1219.7 M-cycles
step 1800: timed with pme grid 72 72 96, coulomb cutoff 1.487: 1237.0 M-cycles
step 2000: timed with pme grid 64 64 84, coulomb cutoff 1.673: 1753.9 M-cycles
           Step           Time
           2000        4.00000

   Energies (kJ/mol)
           Bond            U-B    Proper Dih.  Improper Dih.      CMAP Dih.
    2.84832e+04    1.33299e+05    9.55349e+04    2.09056e+03   -3.19649e+02
          LJ-14     Coulomb-14        LJ (SR)   Coulomb (SR)   Coul. recip.
    2.10361e+04    1.38879e+05    6.80803e+04   -2.05412e+06    3.03030e+03
 Position Rest.     Dih. Rest.      Potential    Kinetic En.   Total Energy
    3.41575e+02    0.00000e+00   -1.56367e+06    4.38954e+05   -1.12472e+06
  Conserved En.    Temperature Pressure (bar)   Constr. rmsd
   -1.12391e+06    3.10219e+02   -3.93540e+01    0.00000e+00

step 2200: timed with pme grid 72 72 84, coulomb cutoff 1.615: 1747.8 M-cycles
step 2400: timed with pme grid 72 72 96, coulomb cutoff 1.487: 1915.0 M-cycles
step 2600: timed with pme grid 80 80 96, coulomb cutoff 1.413: 1745.6 M-cycles
step 2800: timed with pme grid 80 80 100, coulomb cutoff 1.356: 1496.2 M-cycles
step 3000: timed with pme grid 80 80 104, coulomb cutoff 1.338: 1613.1 M-cycles
           Step           Time
           3000        6.00000

   Energies (kJ/mol)
           Bond            U-B    Proper Dih.  Improper Dih.      CMAP Dih.
    2.90205e+04    1.33343e+05    9.58339e+04    2.08181e+03   -2.13187e+02
          LJ-14     Coulomb-14        LJ (SR)   Coulomb (SR)   Coul. recip.
    2.09636e+04    1.38356e+05    6.62995e+04   -2.05349e+06    5.88879e+03
 Position Rest.     Dih. Rest.      Potential    Kinetic En.   Total Energy
    3.30670e+02    0.00000e+00   -1.56159e+06    4.40470e+05   -1.12112e+06
  Conserved En.    Temperature Pressure (bar)   Constr. rmsd
   -1.12370e+06    3.11290e+02   -6.95067e+01    0.00000e+00

step 3200: timed with pme grid 84 84 104, coulomb cutoff 1.304: 1385.4 M-cycles
step 3400: timed with pme grid 84 84 108, coulomb cutoff 1.274: 1515.0 M-cycles
step 3600: timed with pme grid 96 96 108, coulomb cutoff 1.256: 962.1 M-cycles
step 3800: timed with pme grid 96 96 112, coulomb cutoff 1.211: 1403.9 M-cycles
              optimal pme grid 96 96 108, coulomb cutoff 1.256
           Step           Time
           4000        8.00000

   Energies (kJ/mol)
           Bond            U-B    Proper Dih.  Improper Dih.      CMAP Dih.
    2.85430e+04    1.33812e+05    9.56594e+04    2.08281e+03   -3.70831e+02
          LJ-14     Coulomb-14        LJ (SR)   Coulomb (SR)   Coul. recip.
    2.13441e+04    1.39277e+05    6.74112e+04   -2.05694e+06    6.87986e+03
 Position Rest.     Dih. Rest.      Potential    Kinetic En.   Total Energy
    3.13729e+02    0.00000e+00   -1.56199e+06    4.38522e+05   -1.12346e+06
  Conserved En.    Temperature Pressure (bar)   Constr. rmsd
   -1.12385e+06    3.09914e+02    1.87993e+01    0.00000e+00

           Step           Time
           5000       10.00000

   Energies (kJ/mol)
           Bond            U-B    Proper Dih.  Improper Dih.      CMAP Dih.
    2.85674e+04    1.31924e+05    9.53029e+04    2.03448e+03   -2.83078e+02
          LJ-14     Coulomb-14        LJ (SR)   Coulomb (SR)   Coul. recip.
    2.10525e+04    1.38520e+05    6.68599e+04   -2.05530e+06    6.83925e+03
 Position Rest.     Dih. Rest.      Potential    Kinetic En.   Total Energy
    3.26288e+02    0.00000e+00   -1.56415e+06    4.36070e+05   -1.12808e+06
  Conserved En.    Temperature Pressure (bar)   Constr. rmsd
   -1.12362e+06    3.08181e+02    2.91125e+01    0.00000e+00

           Step           Time
           6000       12.00000

   Energies (kJ/mol)
           Bond            U-B    Proper Dih.  Improper Dih.      CMAP Dih.
    2.84245e+04    1.33293e+05    9.50154e+04    2.14188e+03   -1.82152e+02
          LJ-14     Coulomb-14        LJ (SR)   Coulomb (SR)   Coul. recip.
    2.11588e+04    1.38543e+05    6.79683e+04   -2.05684e+06    6.88971e+03
 Position Rest.     Dih. Rest.      Potential    Kinetic En.   Total Energy
    3.34104e+02    0.00000e+00   -1.56325e+06    4.39252e+05   -1.12400e+06
  Conserved En.    Temperature Pressure (bar)   Constr. rmsd
   -1.12355e+06    3.10430e+02    1.06771e+02    0.00000e+00

           Step           Time
           7000       14.00000

   Energies (kJ/mol)
           Bond            U-B    Proper Dih.  Improper Dih.      CMAP Dih.
    2.81359e+04    1.33576e+05    9.52473e+04    2.14196e+03   -3.33591e+02
          LJ-14     Coulomb-14        LJ (SR)   Coulomb (SR)   Coul. recip.
    2.11869e+04    1.38520e+05    6.87613e+04   -2.05483e+06    6.70026e+03
 Position Rest.     Dih. Rest.      Potential    Kinetic En.   Total Energy
    3.41153e+02    0.00000e+00   -1.56056e+06    4.38572e+05   -1.12198e+06
  Conserved En.    Temperature Pressure (bar)   Constr. rmsd
   -1.12347e+06    3.09949e+02    9.23601e+01    0.00000e+00

           Step           Time
           8000       16.00000

   Energies (kJ/mol)
           Bond            U-B    Proper Dih.  Improper Dih.      CMAP Dih.
    2.83722e+04    1.33311e+05    9.56240e+04    2.04273e+03   -2.33886e+02
          LJ-14     Coulomb-14        LJ (SR)   Coulomb (SR)   Coul. recip.
    2.07454e+04    1.39116e+05    6.75350e+04   -2.05627e+06    6.81882e+03
 Position Rest.     Dih. Rest.      Potential    Kinetic En.   Total Energy
    3.46037e+02    0.00000e+00   -1.56259e+06    4.38248e+05   -1.12434e+06
  Conserved En.    Temperature Pressure (bar)   Constr. rmsd
   -1.12351e+06    3.09720e+02   -1.62801e+02    0.00000e+00

           Step           Time
           9000       18.00000

   Energies (kJ/mol)
           Bond            U-B    Proper Dih.  Improper Dih.      CMAP Dih.
    2.86929e+04    1.32513e+05    9.56057e+04    2.10856e+03   -4.24428e+02
          LJ-14     Coulomb-14        LJ (SR)   Coulomb (SR)   Coul. recip.
    2.11434e+04    1.39172e+05    6.83073e+04   -2.05707e+06    6.83181e+03
 Position Rest.     Dih. Rest.      Potential    Kinetic En.   Total Energy
    3.91868e+02    0.00000e+00   -1.56273e+06    4.40444e+05   -1.12228e+06
  Conserved En.    Temperature Pressure (bar)   Constr. rmsd
   -1.12362e+06    3.11272e+02   -1.27244e+02    0.00000e+00

           Step           Time
          10000       20.00000

   Energies (kJ/mol)
           Bond            U-B    Proper Dih.  Improper Dih.      CMAP Dih.
    2.82171e+04    1.32470e+05    9.55656e+04    2.18276e+03   -3.19329e+02
          LJ-14     Coulomb-14        LJ (SR)   Coulomb (SR)   Coul. recip.
    2.10559e+04    1.39207e+05    6.62803e+04   -2.05472e+06    6.86121e+03
 Position Rest.     Dih. Rest.      Potential    Kinetic En.   Total Energy
    3.60771e+02    0.00000e+00   -1.56284e+06    4.38632e+05   -1.12420e+06
  Conserved En.    Temperature Pressure (bar)   Constr. rmsd
   -1.12314e+06    3.09992e+02   -1.38291e+02    0.00000e+00

           Step           Time
          11000       22.00000

   Energies (kJ/mol)
           Bond            U-B    Proper Dih.  Improper Dih.      CMAP Dih.
    2.86939e+04    1.32770e+05    9.55030e+04    2.05883e+03   -3.63425e+02
          LJ-14     Coulomb-14        LJ (SR)   Coulomb (SR)   Coul. recip.
    2.12508e+04    1.38597e+05    6.82045e+04   -2.05662e+06    6.79201e+03
 Position Rest.     Dih. Rest.      Potential    Kinetic En.   Total Energy
    3.61335e+02    0.00000e+00   -1.56275e+06    4.38382e+05   -1.12437e+06
  Conserved En.    Temperature Pressure (bar)   Constr. rmsd
   -1.12329e+06    3.09815e+02    6.35390e+01    0.00000e+00

           Step           Time
          12000       24.00000

   Energies (kJ/mol)
           Bond            U-B    Proper Dih.  Improper Dih.      CMAP Dih.
    2.89512e+04    1.33320e+05    9.54720e+04    2.07987e+03   -2.01075e+02
          LJ-14     Coulomb-14        LJ (SR)   Coulomb (SR)   Coul. recip.
    2.10335e+04    1.38526e+05    6.60147e+04   -2.05356e+06    6.78923e+03
 Position Rest.     Dih. Rest.      Potential    Kinetic En.   Total Energy
    3.72817e+02    0.00000e+00   -1.56120e+06    4.39744e+05   -1.12146e+06
  Conserved En.    Temperature Pressure (bar)   Constr. rmsd
   -1.12226e+06    3.10778e+02   -1.93444e+02    0.00000e+00

           Step           Time
          13000       26.00000

   Energies (kJ/mol)
           Bond            U-B    Proper Dih.  Improper Dih.      CMAP Dih.
    2.87296e+04    1.33350e+05    9.56684e+04    2.14717e+03   -3.29205e+02
          LJ-14     Coulomb-14        LJ (SR)   Coulomb (SR)   Coul. recip.
    2.11942e+04    1.38973e+05    6.82974e+04   -2.05599e+06    6.88105e+03
 Position Rest.     Dih. Rest.      Potential    Kinetic En.   Total Energy
    3.68971e+02    0.00000e+00   -1.56071e+06    4.39638e+05   -1.12107e+06
  Conserved En.    Temperature Pressure (bar)   Constr. rmsd
   -1.12235e+06    3.10703e+02    2.07785e+01    0.00000e+00

           Step           Time
          14000       28.00000

   Energies (kJ/mol)
           Bond            U-B    Proper Dih.  Improper Dih.      CMAP Dih.
    2.86263e+04    1.32877e+05    9.53743e+04    2.04216e+03   -1.63367e+02
          LJ-14     Coulomb-14        LJ (SR)   Coulomb (SR)   Coul. recip.
    2.09664e+04    1.38124e+05    6.76096e+04   -2.05643e+06    6.78472e+03
 Position Rest.     Dih. Rest.      Potential    Kinetic En.   Total Energy
    3.57118e+02    0.00000e+00   -1.56384e+06    4.37570e+05   -1.12627e+06
  Conserved En.    Temperature Pressure (bar)   Constr. rmsd
   -1.12240e+06    3.09241e+02   -1.06759e+02    0.00000e+00

           Step           Time
          15000       30.00000

   Energies (kJ/mol)
           Bond            U-B    Proper Dih.  Improper Dih.      CMAP Dih.
    2.83751e+04    1.33194e+05    9.54050e+04    2.10445e+03   -2.58328e+02
          LJ-14     Coulomb-14        LJ (SR)   Coulomb (SR)   Coul. recip.
    2.10896e+04    1.38366e+05    6.76678e+04   -2.05719e+06    6.75075e+03
 Position Rest.     Dih. Rest.      Potential    Kinetic En.   Total Energy
    3.56253e+02    0.00000e+00   -1.56414e+06    4.38545e+05   -1.12559e+06
  Conserved En.    Temperature Pressure (bar)   Constr. rmsd
   -1.12193e+06    3.09930e+02   -9.43858e+01    0.00000e+00

           Step           Time
          16000       32.00000

   Energies (kJ/mol)
           Bond            U-B    Proper Dih.  Improper Dih.      CMAP Dih.
    2.77825e+04    1.33011e+05    9.54862e+04    1.99899e+03   -2.84564e+02
          LJ-14     Coulomb-14        LJ (SR)   Coulomb (SR)   Coul. recip.
    2.14095e+04    1.39113e+05    6.78033e+04   -2.05795e+06    6.80200e+03
 Position Rest.     Dih. Rest.      Potential    Kinetic En.   Total Energy
    3.51635e+02    0.00000e+00   -1.56448e+06    4.40718e+05   -1.12376e+06
  Conserved En.    Temperature Pressure (bar)   Constr. rmsd
   -1.12120e+06    3.11466e+02    2.82195e+02    0.00000e+00

           Step           Time
          17000       34.00000

   Energies (kJ/mol)
           Bond            U-B    Proper Dih.  Improper Dih.      CMAP Dih.
    2.85174e+04    1.32672e+05    9.56757e+04    2.20391e+03   -2.95106e+02
          LJ-14     Coulomb-14        LJ (SR)   Coulomb (SR)   Coul. recip.
    2.14168e+04    1.38817e+05    6.96202e+04   -2.05941e+06    6.86652e+03
 Position Rest.     Dih. Rest.      Potential    Kinetic En.   Total Energy
    3.44291e+02    0.00000e+00   -1.56357e+06    4.36380e+05   -1.12719e+06
  Conserved En.    Temperature Pressure (bar)   Constr. rmsd
   -1.12177e+06    3.08400e+02    4.82734e+01    0.00000e+00

           Step           Time
          18000       36.00000

   Energies (kJ/mol)
           Bond            U-B    Proper Dih.  Improper Dih.      CMAP Dih.
    2.84609e+04    1.32785e+05    9.55757e+04    2.10286e+03   -3.75631e+02
          LJ-14     Coulomb-14        LJ (SR)   Coulomb (SR)   Coul. recip.
    2.10443e+04    1.38337e+05    6.82355e+04   -2.05635e+06    6.85993e+03
 Position Rest.     Dih. Rest.      Potential    Kinetic En.   Total Energy
    3.75034e+02    0.00000e+00   -1.56295e+06    4.39659e+05   -1.12329e+06
  Conserved En.    Temperature Pressure (bar)   Constr. rmsd
   -1.12191e+06    3.10717e+02   -4.92740e+00    0.00000e+00

           Step           Time
          19000       38.00000

   Energies (kJ/mol)
           Bond            U-B    Proper Dih.  Improper Dih.      CMAP Dih.
    2.86677e+04    1.32519e+05    9.58922e+04    2.01530e+03   -4.24800e+02
          LJ-14     Coulomb-14        LJ (SR)   Coulomb (SR)   Coul. recip.
    2.11293e+04    1.39057e+05    6.93553e+04   -2.05659e+06    6.88703e+03
 Position Rest.     Dih. Rest.      Potential    Kinetic En.   Total Energy
    3.49646e+02    0.00000e+00   -1.56114e+06    4.40017e+05   -1.12112e+06
  Conserved En.    Temperature Pressure (bar)   Constr. rmsd
   -1.12142e+06    3.10971e+02    6.50444e+01    0.00000e+00

           Step           Time
          20000       40.00000

   Energies (kJ/mol)
           Bond            U-B    Proper Dih.  Improper Dih.      CMAP Dih.
    2.81622e+04    1.33051e+05    9.52688e+04    2.04149e+03   -3.16216e+02
          LJ-14     Coulomb-14        LJ (SR)   Coulomb (SR)   Coul. recip.
    2.09944e+04    1.38501e+05    6.64449e+04   -2.05557e+06    6.88427e+03
 Position Rest.     Dih. Rest.      Potential    Kinetic En.   Total Energy
    3.66557e+02    0.00000e+00   -1.56417e+06    4.37012e+05   -1.12716e+06
  Conserved En.    Temperature Pressure (bar)   Constr. rmsd
   -1.12114e+06    3.08847e+02   -7.71103e+01    0.00000e+00

           Step           Time
          21000       42.00000

   Energies (kJ/mol)
           Bond            U-B    Proper Dih.  Improper Dih.      CMAP Dih.
    2.80914e+04    1.33911e+05    9.59106e+04    2.08272e+03   -3.19472e+02
          LJ-14     Coulomb-14        LJ (SR)   Coulomb (SR)   Coul. recip.
    2.14234e+04    1.38201e+05    6.87663e+04   -2.05763e+06    6.76597e+03
 Position Rest.     Dih. Rest.      Potential    Kinetic En.   Total Energy
    3.54852e+02    0.00000e+00   -1.56244e+06    4.39673e+05   -1.12277e+06
  Conserved En.    Temperature Pressure (bar)   Constr. rmsd
   -1.12051e+06    3.10727e+02    1.89094e+02    0.00000e+00

           Step           Time
          22000       44.00000

   Energies (kJ/mol)
           Bond            U-B    Proper Dih.  Improper Dih.      CMAP Dih.
    2.83225e+04    1.32722e+05    9.58561e+04    2.24155e+03   -1.95138e+02
          LJ-14     Coulomb-14        LJ (SR)   Coulomb (SR)   Coul. recip.
    2.13327e+04    1.38014e+05    6.92766e+04   -2.05801e+06    6.62308e+03
 Position Rest.     Dih. Rest.      Potential    Kinetic En.   Total Energy
    3.35647e+02    0.00000e+00   -1.56348e+06    4.40808e+05   -1.12268e+06
  Conserved En.    Temperature Pressure (bar)   Constr. rmsd
   -1.12020e+06    3.11530e+02    1.44307e+02    0.00000e+00

           Step           Time
          23000       46.00000

   Energies (kJ/mol)
           Bond            U-B    Proper Dih.  Improper Dih.      CMAP Dih.
    2.80493e+04    1.32187e+05    9.56763e+04    2.16520e+03   -3.72304e+02
          LJ-14     Coulomb-14        LJ (SR)   Coulomb (SR)   Coul. recip.
    2.09165e+04    1.38890e+05    6.79534e+04   -2.05817e+06    6.61263e+03
 Position Rest.     Dih. Rest.      Potential    Kinetic En.   Total Energy
    4.08943e+02    0.00000e+00   -1.56569e+06    4.35826e+05   -1.12986e+06
  Conserved En.    Temperature Pressure (bar)   Constr. rmsd
   -1.12037e+06    3.08009e+02   -1.49007e+02    0.00000e+00

           Step           Time
          24000       48.00000

   Energies (kJ/mol)
           Bond            U-B    Proper Dih.  Improper Dih.      CMAP Dih.
    2.84221e+04    1.32875e+05    9.59823e+04    2.15178e+03   -3.02487e+02
          LJ-14     Coulomb-14        LJ (SR)   Coulomb (SR)   Coul. recip.
    2.14358e+04    1.39024e+05    6.84095e+04   -2.05808e+06    6.85124e+03
 Position Rest.     Dih. Rest.      Potential    Kinetic En.   Total Energy
    3.75214e+02    0.00000e+00   -1.56285e+06    4.41647e+05   -1.12121e+06
  Conserved En.    Temperature Pressure (bar)   Constr. rmsd
   -1.12067e+06    3.12122e+02    1.73324e+02    0.00000e+00

           Step           Time
          25000       50.00000

   Energies (kJ/mol)
           Bond            U-B    Proper Dih.  Improper Dih.      CMAP Dih.
    2.85531e+04    1.33641e+05    9.60837e+04    2.24813e+03   -3.39510e+02
          LJ-14     Coulomb-14        LJ (SR)   Coulomb (SR)   Coul. recip.
    2.09664e+04    1.38080e+05    6.74370e+04   -2.05439e+06    6.77385e+03
 Position Rest.     Dih. Rest.      Potential    Kinetic En.   Total Energy
    3.59153e+02    0.00000e+00   -1.56059e+06    4.40272e+05   -1.12032e+06
  Conserved En.    Temperature Pressure (bar)   Constr. rmsd
   -1.12040e+06    3.11151e+02   -4.30391e+01    0.00000e+00

           Step           Time
          26000       52.00000

   Energies (kJ/mol)
           Bond            U-B    Proper Dih.  Improper Dih.      CMAP Dih.
    2.89526e+04    1.33874e+05    9.60384e+04    2.03946e+03   -3.14290e+02
          LJ-14     Coulomb-14        LJ (SR)   Coulomb (SR)   Coul. recip.
    2.11477e+04    1.38648e+05    6.64969e+04   -2.05326e+06    6.74810e+03
 Position Rest.     Dih. Rest.      Potential    Kinetic En.   Total Energy
    3.92442e+02    0.00000e+00   -1.55924e+06    4.39959e+05   -1.11928e+06
  Conserved En.    Temperature Pressure (bar)   Constr. rmsd
   -1.12057e+06    3.10929e+02   -1.14560e+02    0.00000e+00

           Step           Time
          27000       54.00000

   Energies (kJ/mol)
           Bond            U-B    Proper Dih.  Improper Dih.      CMAP Dih.
    2.82101e+04    1.33116e+05    9.57823e+04    2.05048e+03   -2.17129e+02
          LJ-14     Coulomb-14        LJ (SR)   Coulomb (SR)   Coul. recip.
    2.09762e+04    1.39230e+05    6.95879e+04   -2.05740e+06    6.74025e+03
 Position Rest.     Dih. Rest.      Potential    Kinetic En.   Total Energy
    3.73585e+02    0.00000e+00   -1.56155e+06    4.42309e+05   -1.11924e+06
  Conserved En.    Temperature Pressure (bar)   Constr. rmsd
   -1.12015e+06    3.12590e+02    1.61514e+02    0.00000e+00

           Step           Time
          28000       56.00000

   Energies (kJ/mol)
           Bond            U-B    Proper Dih.  Improper Dih.      CMAP Dih.
    2.81599e+04    1.33029e+05    9.50133e+04    2.10799e+03   -4.30232e+02
          LJ-14     Coulomb-14        LJ (SR)   Coulomb (SR)   Coul. recip.
    2.08917e+04    1.38996e+05    6.67349e+04   -2.05767e+06    6.72623e+03
 Position Rest.     Dih. Rest.      Potential    Kinetic En.   Total Energy
    3.35962e+02    0.00000e+00   -1.56610e+06    4.38013e+05   -1.12809e+06
  Conserved En.    Temperature Pressure (bar)   Constr. rmsd
   -1.11949e+06    3.09554e+02   -6.81968e+01    0.00000e+00

           Step           Time
          29000       58.00000

   Energies (kJ/mol)
           Bond            U-B    Proper Dih.  Improper Dih.      CMAP Dih.
    2.88798e+04    1.33178e+05    9.54296e+04    2.06730e+03   -3.08537e+02
          LJ-14     Coulomb-14        LJ (SR)   Coulomb (SR)   Coul. recip.
    2.11865e+04    1.38990e+05    6.87731e+04   -2.05923e+06    6.64814e+03
 Position Rest.     Dih. Rest.      Potential    Kinetic En.   Total Energy
    3.76072e+02    0.00000e+00   -1.56401e+06    4.39388e+05   -1.12462e+06
  Conserved En.    Temperature Pressure (bar)   Constr. rmsd
   -1.11951e+06    3.10526e+02    4.61723e+01    0.00000e+00

           Step           Time
          30000       60.00000

   Energies (kJ/mol)
           Bond            U-B    Proper Dih.  Improper Dih.      CMAP Dih.
    2.86887e+04    1.33093e+05    9.57517e+04    1.94180e+03   -3.19904e+02
          LJ-14     Coulomb-14        LJ (SR)   Coulomb (SR)   Coul. recip.
    2.14411e+04    1.38970e+05    6.79662e+04   -2.05660e+06    6.85536e+03
 Position Rest.     Dih. Rest.      Potential    Kinetic En.   Total Energy
    3.77318e+02    0.00000e+00   -1.56184e+06    4.38425e+05   -1.12341e+06
  Conserved En.    Temperature Pressure (bar)   Constr. rmsd
   -1.11927e+06    3.09846e+02    6.43705e+01    0.00000e+00

           Step           Time
          31000       62.00000

   Energies (kJ/mol)
           Bond            U-B    Proper Dih.  Improper Dih.      CMAP Dih.
    2.86895e+04    1.33179e+05    9.52655e+04    2.10060e+03   -2.72793e+02
          LJ-14     Coulomb-14        LJ (SR)   Coulomb (SR)   Coul. recip.
    2.11819e+04    1.38868e+05    6.90752e+04   -2.05748e+06    6.75000e+03
 Position Rest.     Dih. Rest.      Potential    Kinetic En.   Total Energy
    3.54224e+02    0.00000e+00   -1.56229e+06    4.39635e+05   -1.12266e+06
  Conserved En.    Temperature Pressure (bar)   Constr. rmsd
   -1.11915e+06    3.10700e+02   -5.17281e+01    0.00000e+00

           Step           Time
          32000       64.00000

   Energies (kJ/mol)
           Bond            U-B    Proper Dih.  Improper Dih.      CMAP Dih.
    2.87855e+04    1.32966e+05    9.56652e+04    2.07067e+03   -2.48930e+02
          LJ-14     Coulomb-14        LJ (SR)   Coulomb (SR)   Coul. recip.
    2.12496e+04    1.38744e+05    6.88963e+04   -2.05673e+06    6.84793e+03
 Position Rest.     Dih. Rest.      Potential    Kinetic En.   Total Energy
    3.61490e+02    0.00000e+00   -1.56139e+06    4.38982e+05   -1.12241e+06
  Conserved En.    Temperature Pressure (bar)   Constr. rmsd
   -1.11939e+06    3.10239e+02    1.24800e+02    0.00000e+00

           Step           Time
          33000       66.00000

   Energies (kJ/mol)
           Bond            U-B    Proper Dih.  Improper Dih.      CMAP Dih.
    2.81457e+04    1.33251e+05    9.51429e+04    2.04797e+03   -2.94837e+02
          LJ-14     Coulomb-14        LJ (SR)   Coulomb (SR)   Coul. recip.
    2.11758e+04    1.38795e+05    6.97642e+04   -2.05684e+06    6.90283e+03
 Position Rest.     Dih. Rest.      Potential    Kinetic En.   Total Energy
    3.86043e+02    0.00000e+00   -1.56152e+06    4.41043e+05   -1.12048e+06
  Conserved En.    Temperature Pressure (bar)   Constr. rmsd
   -1.11925e+06    3.11696e+02    8.17875e+01    0.00000e+00

           Step           Time
          34000       68.00000

   Energies (kJ/mol)
           Bond            U-B    Proper Dih.  Improper Dih.      CMAP Dih.
    2.84724e+04    1.33131e+05    9.52720e+04    2.12171e+03   -3.98977e+02
          LJ-14     Coulomb-14        LJ (SR)   Coulomb (SR)   Coul. recip.
    2.11724e+04    1.38766e+05    6.78341e+04   -2.05482e+06    6.69387e+03
 Position Rest.     Dih. Rest.      Potential    Kinetic En.   Total Energy
    4.00636e+02    0.00000e+00   -1.56135e+06    4.38331e+05   -1.12302e+06
  Conserved En.    Temperature Pressure (bar)   Constr. rmsd
   -1.11893e+06    3.09779e+02    1.01505e+02    0.00000e+00

           Step           Time
          35000       70.00000

   Energies (kJ/mol)
           Bond            U-B    Proper Dih.  Improper Dih.      CMAP Dih.
    2.81331e+04    1.33713e+05    9.57014e+04    1.97243e+03   -3.71191e+02
          LJ-14     Coulomb-14        LJ (SR)   Coulomb (SR)   Coul. recip.
    2.11408e+04    1.39216e+05    7.04785e+04   -2.05799e+06    6.80787e+03
 Position Rest.     Dih. Rest.      Potential    Kinetic En.   Total Energy
    4.02218e+02    0.00000e+00   -1.56079e+06    4.39084e+05   -1.12171e+06
  Conserved En.    Temperature Pressure (bar)   Constr. rmsd
   -1.11883e+06    3.10311e+02    2.19171e+02    0.00000e+00

           Step           Time
          36000       72.00000

   Energies (kJ/mol)
           Bond            U-B    Proper Dih.  Improper Dih.      CMAP Dih.
    2.89516e+04    1.33381e+05    9.55074e+04    2.08611e+03   -3.40094e+02
          LJ-14     Coulomb-14        LJ (SR)   Coulomb (SR)   Coul. recip.
    2.08700e+04    1.38340e+05    6.85199e+04   -2.05668e+06    6.73752e+03
 Position Rest.     Dih. Rest.      Potential    Kinetic En.   Total Energy
    3.83960e+02    0.00000e+00   -1.56224e+06    4.38530e+05   -1.12371e+06
  Conserved En.    Temperature Pressure (bar)   Constr. rmsd
   -1.11916e+06    3.09920e+02   -1.84719e+01    0.00000e+00

           Step           Time
          37000       74.00000

   Energies (kJ/mol)
           Bond            U-B    Proper Dih.  Improper Dih.      CMAP Dih.
    2.85446e+04    1.32898e+05    9.55450e+04    2.10037e+03   -2.73534e+02
          LJ-14     Coulomb-14        LJ (SR)   Coulomb (SR)   Coul. recip.
    2.11641e+04    1.39263e+05    6.76443e+04   -2.05473e+06    6.76717e+03
 Position Rest.     Dih. Rest.      Potential    Kinetic En.   Total Energy
    3.74236e+02    0.00000e+00   -1.56070e+06    4.36315e+05   -1.12439e+06
  Conserved En.    Temperature Pressure (bar)   Constr. rmsd
   -1.11887e+06    3.08354e+02   -7.42235e+01    0.00000e+00

           Step           Time
          38000       76.00000

   Energies (kJ/mol)
           Bond            U-B    Proper Dih.  Improper Dih.      CMAP Dih.
    2.82245e+04    1.33777e+05    9.56975e+04    2.05883e+03   -2.66151e+02
          LJ-14     Coulomb-14        LJ (SR)   Coulomb (SR)   Coul. recip.
    2.09302e+04    1.38915e+05    6.91570e+04   -2.05723e+06    6.61249e+03
 Position Rest.     Dih. Rest.      Potential    Kinetic En.   Total Energy
    3.77427e+02    0.00000e+00   -1.56175e+06    4.39749e+05   -1.12200e+06
  Conserved En.    Temperature Pressure (bar)   Constr. rmsd
   -1.11786e+06    3.10781e+02    3.55299e+01    0.00000e+00

           Step           Time
          39000       78.00000

   Energies (kJ/mol)
           Bond            U-B    Proper Dih.  Improper Dih.      CMAP Dih.
    2.85539e+04    1.32648e+05    9.57903e+04    2.16552e+03   -4.48372e+02
          LJ-14     Coulomb-14        LJ (SR)   Coulomb (SR)   Coul. recip.
    2.11835e+04    1.39131e+05    6.74437e+04   -2.05868e+06    6.83480e+03
 Position Rest.     Dih. Rest.      Potential    Kinetic En.   Total Energy
    3.66366e+02    0.00000e+00   -1.56502e+06    4.39931e+05   -1.12508e+06
  Conserved En.    Temperature Pressure (bar)   Constr. rmsd
   -1.11775e+06    3.10910e+02   -9.12574e+01    0.00000e+00

           Step           Time
          40000       80.00000

   Energies (kJ/mol)
           Bond            U-B    Proper Dih.  Improper Dih.      CMAP Dih.
    2.81916e+04    1.32086e+05    9.51792e+04    1.99877e+03   -3.34576e+02
          LJ-14     Coulomb-14        LJ (SR)   Coulomb (SR)   Coul. recip.
    2.10580e+04    1.39230e+05    6.82838e+04   -2.05822e+06    6.75612e+03
 Position Rest.     Dih. Rest.      Potential    Kinetic En.   Total Energy
    3.68156e+02    0.00000e+00   -1.56541e+06    4.40574e+05   -1.12483e+06
  Conserved En.    Temperature Pressure (bar)   Constr. rmsd
   -1.11777e+06    3.11364e+02   -1.09208e+01    0.00000e+00

           Step           Time
          41000       82.00000

   Energies (kJ/mol)
           Bond            U-B    Proper Dih.  Improper Dih.      CMAP Dih.
    2.84525e+04    1.32828e+05    9.55547e+04    2.13179e+03   -3.92262e+02
          LJ-14     Coulomb-14        LJ (SR)   Coulomb (SR)   Coul. recip.
    2.10041e+04    1.39210e+05    6.92476e+04   -2.05902e+06    6.88250e+03
 Position Rest.     Dih. Rest.      Potential    Kinetic En.   Total Energy
    3.81680e+02    0.00000e+00   -1.56372e+06    4.36330e+05   -1.12739e+06
  Conserved En.    Temperature Pressure (bar)   Constr. rmsd
   -1.11735e+06    3.08365e+02    2.13039e+01    0.00000e+00

           Step           Time
          42000       84.00000

   Energies (kJ/mol)
           Bond            U-B    Proper Dih.  Improper Dih.      CMAP Dih.
    2.87999e+04    1.32924e+05    9.53322e+04    2.05179e+03   -3.29897e+02
          LJ-14     Coulomb-14        LJ (SR)   Coulomb (SR)   Coul. recip.
    2.10859e+04    1.39764e+05    7.03899e+04   -2.05941e+06    6.81426e+03
 Position Rest.     Dih. Rest.      Potential    Kinetic En.   Total Energy
    3.77674e+02    0.00000e+00   -1.56220e+06    4.38563e+05   -1.12363e+06
  Conserved En.    Temperature Pressure (bar)   Constr. rmsd
   -1.11775e+06    3.09943e+02    7.58711e+01    0.00000e+00

           Step           Time
          43000       86.00000

   Energies (kJ/mol)
           Bond            U-B    Proper Dih.  Improper Dih.      CMAP Dih.
    2.81671e+04    1.32842e+05    9.52268e+04    2.06270e+03   -3.32059e+02
          LJ-14     Coulomb-14        LJ (SR)   Coulomb (SR)   Coul. recip.
    2.10943e+04    1.38909e+05    6.91208e+04   -2.05957e+06    6.79558e+03
 Position Rest.     Dih. Rest.      Potential    Kinetic En.   Total Energy
    3.80075e+02    0.00000e+00   -1.56530e+06    4.38297e+05   -1.12700e+06
  Conserved En.    Temperature Pressure (bar)   Constr. rmsd
   -1.11752e+06    3.09755e+02    6.35151e+01    0.00000e+00

           Step           Time
          44000       88.00000

   Energies (kJ/mol)
           Bond            U-B    Proper Dih.  Improper Dih.      CMAP Dih.
    2.84697e+04    1.33104e+05    9.57602e+04    2.16492e+03   -3.20991e+02
          LJ-14     Coulomb-14        LJ (SR)   Coulomb (SR)   Coul. recip.
    2.10766e+04    1.39362e+05    6.81342e+04   -2.05646e+06    6.65382e+03
 Position Rest.     Dih. Rest.      Potential    Kinetic En.   Total Energy
    3.64879e+02    0.00000e+00   -1.56169e+06    4.40242e+05   -1.12145e+06
  Conserved En.    Temperature Pressure (bar)   Constr. rmsd
   -1.11781e+06    3.11130e+02   -7.96014e+00    0.00000e+00

           Step           Time
          45000       90.00000

   Energies (kJ/mol)
           Bond            U-B    Proper Dih.  Improper Dih.      CMAP Dih.
    2.82979e+04    1.32876e+05    9.52306e+04    2.09182e+03   -3.73156e+02
          LJ-14     Coulomb-14        LJ (SR)   Coulomb (SR)   Coul. recip.
    2.10929e+04    1.39285e+05    6.77978e+04   -2.05598e+06    6.81705e+03
 Position Rest.     Dih. Rest.      Potential    Kinetic En.   Total Energy
    3.77095e+02    0.00000e+00   -1.56249e+06    4.36190e+05   -1.12630e+06
  Conserved En.    Temperature Pressure (bar)   Constr. rmsd
   -1.11751e+06    3.08266e+02    8.60531e+01    0.00000e+00

           Step           Time
          46000       92.00000

   Energies (kJ/mol)
           Bond            U-B    Proper Dih.  Improper Dih.      CMAP Dih.
    2.86083e+04    1.33738e+05    9.56765e+04    2.10683e+03   -4.54358e+02
          LJ-14     Coulomb-14        LJ (SR)   Coulomb (SR)   Coul. recip.
    2.08109e+04    1.38930e+05    6.68945e+04   -2.05445e+06    6.67099e+03
 Position Rest.     Dih. Rest.      Potential    Kinetic En.   Total Energy
    4.16698e+02    0.00000e+00   -1.56105e+06    4.39698e+05   -1.12135e+06
  Conserved En.    Temperature Pressure (bar)   Constr. rmsd
   -1.11744e+06    3.10745e+02   -1.51246e+02    0.00000e+00

           Step           Time
          47000       94.00000

   Energies (kJ/mol)
           Bond            U-B    Proper Dih.  Improper Dih.      CMAP Dih.
    2.86802e+04    1.33129e+05    9.57137e+04    2.02115e+03   -3.38693e+02
          LJ-14     Coulomb-14        LJ (SR)   Coulomb (SR)   Coul. recip.
    2.08160e+04    1.38869e+05    6.55939e+04   -2.05338e+06    6.75508e+03
 Position Rest.     Dih. Rest.      Potential    Kinetic En.   Total Energy
    3.90186e+02    0.00000e+00   -1.56175e+06    4.39355e+05   -1.12240e+06
  Conserved En.    Temperature Pressure (bar)   Constr. rmsd
   -1.11669e+06    3.10503e+02   -1.14335e+02    0.00000e+00

           Step           Time
          48000       96.00000

   Energies (kJ/mol)
           Bond            U-B    Proper Dih.  Improper Dih.      CMAP Dih.
    2.81772e+04    1.32581e+05    9.54205e+04    1.97904e+03   -2.58858e+02
          LJ-14     Coulomb-14        LJ (SR)   Coulomb (SR)   Coul. recip.
    2.10176e+04    1.39051e+05    6.81619e+04   -2.05726e+06    6.78052e+03
 Position Rest.     Dih. Rest.      Potential    Kinetic En.   Total Energy
    3.61810e+02    0.00000e+00   -1.56399e+06    4.38654e+05   -1.12534e+06
  Conserved En.    Temperature Pressure (bar)   Constr. rmsd
   -1.11679e+06    3.10007e+02   -5.07707e+01    0.00000e+00

           Step           Time
          49000       98.00000

   Energies (kJ/mol)
           Bond            U-B    Proper Dih.  Improper Dih.      CMAP Dih.
    2.83862e+04    1.32255e+05    9.56129e+04    2.06332e+03   -2.79484e+02
          LJ-14     Coulomb-14        LJ (SR)   Coulomb (SR)   Coul. recip.
    2.07916e+04    1.38628e+05    6.64006e+04   -2.05698e+06    6.76896e+03
 Position Rest.     Dih. Rest.      Potential    Kinetic En.   Total Energy
    4.06992e+02    0.00000e+00   -1.56595e+06    4.40294e+05   -1.12566e+06
  Conserved En.    Temperature Pressure (bar)   Constr. rmsd
   -1.11645e+06    3.11166e+02   -1.24908e+02    0.00000e+00

           Step           Time
          50000      100.00000

   Energies (kJ/mol)
           Bond            U-B    Proper Dih.  Improper Dih.      CMAP Dih.
    2.82687e+04    1.32869e+05    9.55368e+04    2.14543e+03   -3.46905e+02
          LJ-14     Coulomb-14        LJ (SR)   Coulomb (SR)   Coul. recip.
    2.09923e+04    1.38343e+05    6.98807e+04   -2.06095e+06    6.72379e+03
 Position Rest.     Dih. Rest.      Potential    Kinetic En.   Total Energy
    4.05357e+02    0.00000e+00   -1.56613e+06    4.38828e+05   -1.12731e+06
  Conserved En.    Temperature Pressure (bar)   Constr. rmsd
   -1.11601e+06    3.10130e+02    2.10552e+02    0.00000e+00

           Step           Time
          51000      102.00000

   Energies (kJ/mol)
           Bond            U-B    Proper Dih.  Improper Dih.      CMAP Dih.
    2.82798e+04    1.33879e+05    9.57730e+04    2.02610e+03   -3.16243e+02
          LJ-14     Coulomb-14        LJ (SR)   Coulomb (SR)   Coul. recip.
    2.08763e+04    1.37961e+05    6.67947e+04   -2.05656e+06    6.65816e+03
 Position Rest.     Dih. Rest.      Potential    Kinetic En.   Total Energy
    3.77321e+02    0.00000e+00   -1.56425e+06    4.36696e+05   -1.12755e+06
  Conserved En.    Temperature Pressure (bar)   Constr. rmsd
   -1.11611e+06    3.08623e+02   -1.17460e+02    0.00000e+00

           Step           Time
          52000      104.00000

   Energies (kJ/mol)
           Bond            U-B    Proper Dih.  Improper Dih.      CMAP Dih.
    2.82142e+04    1.33921e+05    9.54342e+04    2.03291e+03   -2.93750e+02
          LJ-14     Coulomb-14        LJ (SR)   Coulomb (SR)   Coul. recip.
    2.09537e+04    1.38612e+05    6.76034e+04   -2.05727e+06    6.82516e+03
 Position Rest.     Dih. Rest.      Potential    Kinetic En.   Total Energy
    3.90066e+02    0.00000e+00   -1.56358e+06    4.37191e+05   -1.12639e+06
  Conserved En.    Temperature Pressure (bar)   Constr. rmsd
   -1.11550e+06    3.08973e+02   -7.69562e+01    0.00000e+00

           Step           Time
          53000      106.00000

   Energies (kJ/mol)
           Bond            U-B    Proper Dih.  Improper Dih.      CMAP Dih.
    2.86089e+04    1.33209e+05    9.57772e+04    2.03161e+03   -3.33396e+02
          LJ-14     Coulomb-14        LJ (SR)   Coulomb (SR)   Coul. recip.
    2.12585e+04    1.38381e+05    6.76553e+04   -2.05812e+06    6.86508e+03
 Position Rest.     Dih. Rest.      Potential    Kinetic En.   Total Energy
    3.90138e+02    0.00000e+00   -1.56428e+06    4.39678e+05   -1.12460e+06
  Conserved En.    Temperature Pressure (bar)   Constr. rmsd
   -1.11554e+06    3.10731e+02    9.55539e+00    0.00000e+00

           Step           Time
          54000      108.00000

   Energies (kJ/mol)
           Bond            U-B    Proper Dih.  Improper Dih.      CMAP Dih.
    2.85767e+04    1.33094e+05    9.57648e+04    2.00454e+03   -3.31662e+02
          LJ-14     Coulomb-14        LJ (SR)   Coulomb (SR)   Coul. recip.
    2.08603e+04    1.38386e+05    6.89538e+04   -2.05841e+06    6.80278e+03
 Position Rest.     Dih. Rest.      Potential    Kinetic En.   Total Energy
    3.81779e+02    0.00000e+00   -1.56392e+06    4.37058e+05   -1.12686e+06
  Conserved En.    Temperature Pressure (bar)   Constr. rmsd
   -1.11570e+06    3.08879e+02   -2.32625e+01    0.00000e+00

           Step           Time
          55000      110.00000

   Energies (kJ/mol)
           Bond            U-B    Proper Dih.  Improper Dih.      CMAP Dih.
    2.84745e+04    1.33407e+05    9.50846e+04    1.96215e+03   -3.71587e+02
          LJ-14     Coulomb-14        LJ (SR)   Coulomb (SR)   Coul. recip.
    2.11837e+04    1.38722e+05    6.77241e+04   -2.05625e+06    6.87123e+03
 Position Rest.     Dih. Rest.      Potential    Kinetic En.   Total Energy
    3.77184e+02    0.00000e+00   -1.56282e+06    4.38328e+05   -1.12449e+06
  Conserved En.    Temperature Pressure (bar)   Constr. rmsd
   -1.11580e+06    3.09777e+02    3.73071e+01    0.00000e+00

           Step           Time
          56000      112.00000

   Energies (kJ/mol)
           Bond            U-B    Proper Dih.  Improper Dih.      CMAP Dih.
    2.84460e+04    1.33852e+05    9.55770e+04    2.12260e+03   -3.01326e+02
          LJ-14     Coulomb-14        LJ (SR)   Coulomb (SR)   Coul. recip.
    2.09874e+04    1.39091e+05    6.61268e+04   -2.05550e+06    6.82331e+03
 Position Rest.     Dih. Rest.      Potential    Kinetic En.   Total Energy
    3.85753e+02    0.00000e+00   -1.56239e+06    4.39082e+05   -1.12331e+06
  Conserved En.    Temperature Pressure (bar)   Constr. rmsd
   -1.11565e+06    3.10310e+02   -1.88824e+02    0.00000e+00

           Step           Time
          57000      114.00000

   Energies (kJ/mol)
           Bond            U-B    Proper Dih.  Improper Dih.      CMAP Dih.
    2.87070e+04    1.32453e+05    9.55037e+04    2.01714e+03   -2.84624e+02
          LJ-14     Coulomb-14        LJ (SR)   Coulomb (SR)   Coul. recip.
    2.09784e+04    1.39139e+05    6.77350e+04   -2.05837e+06    6.69672e+03
 Position Rest.     Dih. Rest.      Potential    Kinetic En.   Total Energy
    4.14073e+02    0.00000e+00   -1.56501e+06    4.36218e+05   -1.12879e+06
  Conserved En.    Temperature Pressure (bar)   Constr. rmsd
   -1.11527e+06    3.08286e+02   -8.97565e+01    0.00000e+00

           Step           Time
          58000      116.00000

   Energies (kJ/mol)
           Bond            U-B    Proper Dih.  Improper Dih.      CMAP Dih.
    2.85605e+04    1.34448e+05    9.56171e+04    2.15740e+03   -2.09456e+02
          LJ-14     Coulomb-14        LJ (SR)   Coulomb (SR)   Coul. recip.
    2.10163e+04    1.38202e+05    6.54026e+04   -2.05304e+06    6.71935e+03
 Position Rest.     Dih. Rest.      Potential    Kinetic En.   Total Energy
    3.82718e+02    0.00000e+00   -1.56074e+06    4.38949e+05   -1.12180e+06
  Conserved En.    Temperature Pressure (bar)   Constr. rmsd
   -1.11495e+06    3.10216e+02   -4.32619e+01    0.00000e+00

           Step           Time
          59000      118.00000

   Energies (kJ/mol)
           Bond            U-B    Proper Dih.  Improper Dih.      CMAP Dih.
    2.87150e+04    1.33179e+05    9.57652e+04    2.07456e+03   -3.99883e+02
          LJ-14     Coulomb-14        LJ (SR)   Coulomb (SR)   Coul. recip.
    2.09839e+04    1.38515e+05    6.71622e+04   -2.05665e+06    6.74563e+03
 Position Rest.     Dih. Rest.      Potential    Kinetic En.   Total Energy
    4.36374e+02    0.00000e+00   -1.56347e+06    4.38542e+05   -1.12493e+06
  Conserved En.    Temperature Pressure (bar)   Constr. rmsd
   -1.11502e+06    3.09928e+02   -1.87338e+02    0.00000e+00

           Step           Time
          60000      120.00000

   Energies (kJ/mol)
           Bond            U-B    Proper Dih.  Improper Dih.      CMAP Dih.
    2.87570e+04    1.33226e+05    9.54686e+04    2.00342e+03   -2.37958e+02
          LJ-14     Coulomb-14        LJ (SR)   Coulomb (SR)   Coul. recip.
    2.12521e+04    1.38497e+05    6.84853e+04   -2.05849e+06    6.65585e+03
 Position Rest.     Dih. Rest.      Potential    Kinetic En.   Total Energy
    4.09386e+02    0.00000e+00   -1.56397e+06    4.39024e+05   -1.12495e+06
  Conserved En.    Temperature Pressure (bar)   Constr. rmsd
   -1.11500e+06    3.10269e+02    1.74015e+01    0.00000e+00

           Step           Time
          61000      122.00000

   Energies (kJ/mol)
           Bond            U-B    Proper Dih.  Improper Dih.      CMAP Dih.
    2.84437e+04    1.32519e+05    9.53843e+04    2.02269e+03   -3.37224e+02
          LJ-14     Coulomb-14        LJ (SR)   Coulomb (SR)   Coul. recip.
    2.10188e+04    1.38908e+05    6.77464e+04   -2.05665e+06    6.79620e+03
 Position Rest.     Dih. Rest.      Potential    Kinetic En.   Total Energy
    4.03905e+02    0.00000e+00   -1.56374e+06    4.38058e+05   -1.12568e+06
  Conserved En.    Temperature Pressure (bar)   Constr. rmsd
   -1.11476e+06    3.09586e+02   -4.40478e+01    0.00000e+00

           Step           Time
          62000      124.00000

   Energies (kJ/mol)
           Bond            U-B    Proper Dih.  Improper Dih.      CMAP Dih.
    2.85041e+04    1.33165e+05    9.59318e+04    2.02610e+03   -2.95566e+02
          LJ-14     Coulomb-14        LJ (SR)   Coulomb (SR)   Coul. recip.
    2.10429e+04    1.38378e+05    6.77439e+04   -2.05747e+06    6.74844e+03
 Position Rest.     Dih. Rest.      Potential    Kinetic En.   Total Energy
    4.01570e+02    0.00000e+00   -1.56382e+06    4.38051e+05   -1.12577e+06
  Conserved En.    Temperature Pressure (bar)   Constr. rmsd
   -1.11451e+06    3.09581e+02    4.77985e+00    0.00000e+00

           Step           Time
          63000      126.00000

   Energies (kJ/mol)
           Bond            U-B    Proper Dih.  Improper Dih.      CMAP Dih.
    2.84676e+04    1.32461e+05    9.55957e+04    1.99939e+03   -3.50629e+02
          LJ-14     Coulomb-14        LJ (SR)   Coulomb (SR)   Coul. recip.
    2.12922e+04    1.38775e+05    6.89263e+04   -2.05973e+06    6.82690e+03
 Position Rest.     Dih. Rest.      Potential    Kinetic En.   Total Energy
    4.27736e+02    0.00000e+00   -1.56531e+06    4.38050e+05   -1.12726e+06
  Conserved En.    Temperature Pressure (bar)   Constr. rmsd
   -1.11420e+06    3.09580e+02    1.34610e+02    0.00000e+00

           Step           Time
          64000      128.00000

   Energies (kJ/mol)
           Bond            U-B    Proper Dih.  Improper Dih.      CMAP Dih.
    2.85002e+04    1.32556e+05    9.54931e+04    2.07598e+03   -2.79991e+02
          LJ-14     Coulomb-14        LJ (SR)   Coulomb (SR)   Coul. recip.
    2.11526e+04    1.37958e+05    6.91873e+04   -2.05980e+06    6.81962e+03
 Position Rest.     Dih. Rest.      Potential    Kinetic En.   Total Energy
    3.92636e+02    0.00000e+00   -1.56594e+06    4.38560e+05   -1.12738e+06
  Conserved En.    Temperature Pressure (bar)   Constr. rmsd
   -1.11392e+06    3.09941e+02   -5.49162e+01    0.00000e+00

           Step           Time
          65000      130.00000

   Energies (kJ/mol)
           Bond            U-B    Proper Dih.  Improper Dih.      CMAP Dih.
    2.83312e+04    1.31593e+05    9.59075e+04    2.05874e+03   -3.21415e+02
          LJ-14     Coulomb-14        LJ (SR)   Coulomb (SR)   Coul. recip.
    2.12511e+04    1.38842e+05    6.70004e+04   -2.05693e+06    6.84262e+03
 Position Rest.     Dih. Rest.      Potential    Kinetic En.   Total Energy
    3.98449e+02    0.00000e+00   -1.56503e+06    4.33787e+05   -1.13124e+06
  Conserved En.    Temperature Pressure (bar)   Constr. rmsd
   -1.11394e+06    3.06567e+02    4.65247e+01    0.00000e+00

           Step           Time
          66000      132.00000

   Energies (kJ/mol)
           Bond            U-B    Proper Dih.  Improper Dih.      CMAP Dih.
    2.85351e+04    1.32760e+05    9.52741e+04    1.88807e+03   -3.06439e+02
          LJ-14     Coulomb-14        LJ (SR)   Coulomb (SR)   Coul. recip.
    2.09154e+04    1.38690e+05    6.87619e+04   -2.06019e+06    6.64690e+03
 Position Rest.     Dih. Rest.      Potential    Kinetic En.   Total Energy
    4.26993e+02    0.00000e+00   -1.56660e+06    4.36592e+05   -1.13001e+06
  Conserved En.    Temperature Pressure (bar)   Constr. rmsd
   -1.11356e+06    3.08550e+02   -9.00729e+01    0.00000e+00

           Step           Time
          67000      134.00000

   Energies (kJ/mol)
           Bond            U-B    Proper Dih.  Improper Dih.      CMAP Dih.
    2.84177e+04    1.32549e+05    9.54683e+04    2.12154e+03   -3.59693e+02
          LJ-14     Coulomb-14        LJ (SR)   Coulomb (SR)   Coul. recip.
    2.12527e+04    1.38473e+05    6.48813e+04   -2.05484e+06    6.64118e+03
 Position Rest.     Dih. Rest.      Potential    Kinetic En.   Total Energy
    3.92016e+02    0.00000e+00   -1.56500e+06    4.38797e+05   -1.12620e+06
  Conserved En.    Temperature Pressure (bar)   Constr. rmsd
   -1.11312e+06    3.10109e+02   -2.30270e+01    0.00000e+00

           Step           Time
          68000      136.00000

   Energies (kJ/mol)
           Bond            U-B    Proper Dih.  Improper Dih.      CMAP Dih.
    2.82386e+04    1.33077e+05    9.58536e+04    2.10305e+03   -3.48032e+02
          LJ-14     Coulomb-14        LJ (SR)   Coulomb (SR)   Coul. recip.
    2.13460e+04    1.38503e+05    6.87674e+04   -2.05935e+06    6.58105e+03
 Position Rest.     Dih. Rest.      Potential    Kinetic En.   Total Energy
    4.13997e+02    0.00000e+00   -1.56482e+06    4.38683e+05   -1.12613e+06
  Conserved En.    Temperature Pressure (bar)   Constr. rmsd
   -1.11268e+06    3.10028e+02    1.69408e+02    0.00000e+00

           Step           Time
          69000      138.00000

   Energies (kJ/mol)
           Bond            U-B    Proper Dih.  Improper Dih.      CMAP Dih.
    2.85051e+04    1.33502e+05    9.59215e+04    2.10808e+03   -4.04321e+02
          LJ-14     Coulomb-14        LJ (SR)   Coulomb (SR)   Coul. recip.
    2.10212e+04    1.38651e+05    6.56511e+04   -2.05369e+06    6.84493e+03
 Position Rest.     Dih. Rest.      Potential    Kinetic En.   Total Energy
    3.90823e+02    0.00000e+00   -1.56150e+06    4.38874e+05   -1.12262e+06
  Conserved En.    Temperature Pressure (bar)   Constr. rmsd
   -1.11269e+06    3.10163e+02    4.81701e+01    0.00000e+00

           Step           Time
          70000      140.00000

   Energies (kJ/mol)
           Bond            U-B    Proper Dih.  Improper Dih.      CMAP Dih.
    2.80274e+04    1.33415e+05    9.54154e+04    2.19530e+03   -3.49636e+02
          LJ-14     Coulomb-14        LJ (SR)   Coulomb (SR)   Coul. recip.
    2.11021e+04    1.38895e+05    6.88905e+04   -2.05923e+06    6.74655e+03
 Position Rest.     Dih. Rest.      Potential    Kinetic En.   Total Energy
    4.19652e+02    0.00000e+00   -1.56447e+06    4.37928e+05   -1.12654e+06
  Conserved En.    Temperature Pressure (bar)   Constr. rmsd
   -1.11263e+06    3.09494e+02    1.70808e+01    0.00000e+00

           Step           Time
          71000      142.00000

   Energies (kJ/mol)
           Bond            U-B    Proper Dih.  Improper Dih.      CMAP Dih.
    2.85984e+04    1.33018e+05    9.56065e+04    2.09850e+03   -2.56398e+02
          LJ-14     Coulomb-14        LJ (SR)   Coulomb (SR)   Coul. recip.
    2.12309e+04    1.38094e+05    6.82804e+04   -2.05769e+06    6.79704e+03
 Position Rest.     Dih. Rest.      Potential    Kinetic En.   Total Energy
    4.05327e+02    0.00000e+00   -1.56381e+06    4.40068e+05   -1.12375e+06
  Conserved En.    Temperature Pressure (bar)   Constr. rmsd
   -1.11266e+06    3.11007e+02    2.43090e+01    0.00000e+00

           Step           Time
          72000      144.00000

   Energies (kJ/mol)
           Bond            U-B    Proper Dih.  Improper Dih.      CMAP Dih.
    2.84578e+04    1.32295e+05    9.56143e+04    2.07480e+03   -2.44100e+02
          LJ-14     Coulomb-14        LJ (SR)   Coulomb (SR)   Coul. recip.
    2.09923e+04    1.38431e+05    6.89871e+04   -2.05751e+06    6.89943e+03
 Position Rest.     Dih. Rest.      Potential    Kinetic En.   Total Energy
    4.18334e+02    0.00000e+00   -1.56358e+06    4.37746e+05   -1.12584e+06
  Conserved En.    Temperature Pressure (bar)   Constr. rmsd
   -1.11289e+06    3.09366e+02    1.56479e+02    0.00000e+00

           Step           Time
          73000      146.00000

   Energies (kJ/mol)
           Bond            U-B    Proper Dih.  Improper Dih.      CMAP Dih.
    2.90694e+04    1.32679e+05    9.57474e+04    2.06435e+03   -3.43498e+02
          LJ-14     Coulomb-14        LJ (SR)   Coulomb (SR)   Coul. recip.
    2.08061e+04    1.38355e+05    6.98268e+04   -2.05894e+06    6.81949e+03
 Position Rest.     Dih. Rest.      Potential    Kinetic En.   Total Energy
    4.05388e+02    0.00000e+00   -1.56351e+06    4.40135e+05   -1.12337e+06
  Conserved En.    Temperature Pressure (bar)   Constr. rmsd
   -1.11333e+06    3.11054e+02   -9.11707e+01    0.00000e+00

           Step           Time
          74000      148.00000

   Energies (kJ/mol)
           Bond            U-B    Proper Dih.  Improper Dih.      CMAP Dih.
    2.87888e+04    1.33191e+05    9.55537e+04    1.99188e+03   -3.54176e+02
          LJ-14     Coulomb-14        LJ (SR)   Coulomb (SR)   Coul. recip.
    2.12522e+04    1.38488e+05    6.64848e+04   -2.05547e+06    6.77711e+03
 Position Rest.     Dih. Rest.      Potential    Kinetic En.   Total Energy
    3.70589e+02    0.00000e+00   -1.56292e+06    4.37640e+05   -1.12528e+06
  Conserved En.    Temperature Pressure (bar)   Constr. rmsd
   -1.11283e+06    3.09290e+02    1.87310e+01    0.00000e+00

           Step           Time
          75000      150.00000

   Energies (kJ/mol)
           Bond            U-B    Proper Dih.  Improper Dih.      CMAP Dih.
    2.87004e+04    1.33320e+05    9.54136e+04    2.08617e+03   -3.06561e+02
          LJ-14     Coulomb-14        LJ (SR)   Coulomb (SR)   Coul. recip.
    2.09324e+04    1.38602e+05    6.83210e+04   -2.05822e+06    6.81766e+03
 Position Rest.     Dih. Rest.      Potential    Kinetic En.   Total Energy
    3.91769e+02    0.00000e+00   -1.56394e+06    4.40114e+05   -1.12382e+06
  Conserved En.    Temperature Pressure (bar)   Constr. rmsd
   -1.11287e+06    3.11039e+02   -9.15205e+01    0.00000e+00

           Step           Time
          76000      152.00000

   Energies (kJ/mol)
           Bond            U-B    Proper Dih.  Improper Dih.      CMAP Dih.
    2.87281e+04    1.31593e+05    9.50609e+04    2.12936e+03   -3.04165e+02
          LJ-14     Coulomb-14        LJ (SR)   Coulomb (SR)   Coul. recip.
    2.10328e+04    1.37923e+05    6.85650e+04   -2.05675e+06    6.81408e+03
 Position Rest.     Dih. Rest.      Potential    Kinetic En.   Total Energy
    3.92574e+02    0.00000e+00   -1.56481e+06    4.36919e+05   -1.12789e+06
  Conserved En.    Temperature Pressure (bar)   Constr. rmsd
   -1.11240e+06    3.08781e+02   -4.42660e+00    0.00000e+00

           Step           Time
          77000      154.00000

   Energies (kJ/mol)
           Bond            U-B    Proper Dih.  Improper Dih.      CMAP Dih.
    2.86043e+04    1.33178e+05    9.50745e+04    2.08777e+03   -2.24163e+02
          LJ-14     Coulomb-14        LJ (SR)   Coulomb (SR)   Coul. recip.
    2.08305e+04    1.38089e+05    6.80812e+04   -2.05593e+06    6.69157e+03
 Position Rest.     Dih. Rest.      Potential    Kinetic En.   Total Energy
    4.25387e+02    0.00000e+00   -1.56309e+06    4.39350e+05   -1.12374e+06
  Conserved En.    Temperature Pressure (bar)   Constr. rmsd
   -1.11229e+06    3.10499e+02   -1.58095e+02    0.00000e+00

           Step           Time
          78000      156.00000

   Energies (kJ/mol)
           Bond            U-B    Proper Dih.  Improper Dih.      CMAP Dih.
    2.82670e+04    1.34294e+05    9.48708e+04    2.14789e+03   -3.00957e+02
          LJ-14     Coulomb-14        LJ (SR)   Coulomb (SR)   Coul. recip.
    2.11833e+04    1.38111e+05    6.97252e+04   -2.05766e+06    6.48763e+03
 Position Rest.     Dih. Rest.      Potential    Kinetic En.   Total Energy
    4.30806e+02    0.00000e+00   -1.56244e+06    4.40239e+05   -1.12220e+06
  Conserved En.    Temperature Pressure (bar)   Constr. rmsd
   -1.11238e+06    3.11128e+02    1.26135e+02    0.00000e+00

           Step           Time
          79000      158.00000

   Energies (kJ/mol)
           Bond            U-B    Proper Dih.  Improper Dih.      CMAP Dih.
    2.89745e+04    1.33243e+05    9.50855e+04    2.08522e+03   -2.24288e+02
          LJ-14     Coulomb-14        LJ (SR)   Coulomb (SR)   Coul. recip.
    2.09534e+04    1.38951e+05    6.72040e+04   -2.05472e+06    6.71268e+03
 Position Rest.     Dih. Rest.      Potential    Kinetic En.   Total Energy
    4.28134e+02    0.00000e+00   -1.56131e+06    4.39816e+05   -1.12149e+06
  Conserved En.    Temperature Pressure (bar)   Constr. rmsd
   -1.11210e+06    3.10829e+02   -7.78892e+01    0.00000e+00

           Step           Time
          80000      160.00000

   Energies (kJ/mol)
           Bond            U-B    Proper Dih.  Improper Dih.      CMAP Dih.
    2.85438e+04    1.33654e+05    9.52821e+04    2.20314e+03   -1.66380e+02
          LJ-14     Coulomb-14        LJ (SR)   Coulomb (SR)   Coul. recip.
    2.10666e+04    1.38695e+05    6.97401e+04   -2.05709e+06    6.99860e+03
 Position Rest.     Dih. Rest.      Potential    Kinetic En.   Total Energy
    4.15949e+02    0.00000e+00   -1.56066e+06    4.39733e+05   -1.12093e+06
  Conserved En.    Temperature Pressure (bar)   Constr. rmsd
   -1.11186e+06    3.10769e+02    1.04373e+02    0.00000e+00

           Step           Time
          81000      162.00000

   Energies (kJ/mol)
           Bond            U-B    Proper Dih.  Improper Dih.      CMAP Dih.
    2.85832e+04    1.32855e+05    9.52331e+04    2.14080e+03   -2.71456e+02
          LJ-14     Coulomb-14        LJ (SR)   Coulomb (SR)   Coul. recip.
    2.09908e+04    1.38154e+05    6.66355e+04   -2.05404e+06    6.67963e+03
 Position Rest.     Dih. Rest.      Potential    Kinetic En.   Total Energy
    4.26631e+02    0.00000e+00   -1.56261e+06    4.37733e+05   -1.12488e+06
  Conserved En.    Temperature Pressure (bar)   Constr. rmsd
   -1.11218e+06    3.09356e+02   -3.18425e+01    0.00000e+00

           Step           Time
          82000      164.00000

   Energies (kJ/mol)
           Bond            U-B    Proper Dih.  Improper Dih.      CMAP Dih.
    2.85351e+04    1.32657e+05    9.53202e+04    2.01101e+03   -2.67152e+02
          LJ-14     Coulomb-14        LJ (SR)   Coulomb (SR)   Coul. recip.
    2.11683e+04    1.38392e+05    6.69440e+04   -2.05375e+06    6.71364e+03
 Position Rest.     Dih. Rest.      Potential    Kinetic En.   Total Energy
    4.70242e+02    0.00000e+00   -1.56181e+06    4.39113e+05   -1.12269e+06
  Conserved En.    Temperature Pressure (bar)   Constr. rmsd
   -1.11150e+06    3.10331e+02   -9.48940e+01    0.00000e+00

           Step           Time
          83000      166.00000

   Energies (kJ/mol)
           Bond            U-B    Proper Dih.  Improper Dih.      CMAP Dih.
    2.84023e+04    1.33188e+05    9.57891e+04    2.11242e+03   -3.29841e+02
          LJ-14     Coulomb-14        LJ (SR)   Coulomb (SR)   Coul. recip.
    2.11506e+04    1.38383e+05    6.91202e+04   -2.05729e+06    6.75690e+03
 Position Rest.     Dih. Rest.      Potential    Kinetic En.   Total Energy
    3.99557e+02    0.00000e+00   -1.56232e+06    4.37373e+05   -1.12495e+06
  Conserved En.    Temperature Pressure (bar)   Constr. rmsd
   -1.11104e+06    3.09102e+02    1.14266e+02    0.00000e+00

           Step           Time
          84000      168.00000

   Energies (kJ/mol)
           Bond            U-B    Proper Dih.  Improper Dih.      CMAP Dih.
    2.84521e+04    1.32998e+05    9.55894e+04    2.06874e+03   -3.46686e+02
          LJ-14     Coulomb-14        LJ (SR)   Coulomb (SR)   Coul. recip.
    2.09241e+04    1.38055e+05    6.60670e+04   -2.05293e+06    6.84600e+03
 Position Rest.     Dih. Rest.      Potential    Kinetic En.   Total Energy
    4.14303e+02    0.00000e+00   -1.56186e+06    4.38226e+05   -1.12364e+06
  Conserved En.    Temperature Pressure (bar)   Constr. rmsd
   -1.11135e+06    3.09705e+02   -1.16224e+02    0.00000e+00

           Step           Time
          85000      170.00000

   Energies (kJ/mol)
           Bond            U-B    Proper Dih.  Improper Dih.      CMAP Dih.
    2.80277e+04    1.33150e+05    9.51738e+04    2.12550e+03   -3.04626e+02
          LJ-14     Coulomb-14        LJ (SR)   Coulomb (SR)   Coul. recip.
    2.12964e+04    1.38647e+05    6.84571e+04   -2.05710e+06    6.74135e+03
 Position Rest.     Dih. Rest.      Potential    Kinetic En.   Total Energy
    4.28589e+02    0.00000e+00   -1.56336e+06    4.38089e+05   -1.12527e+06
  Conserved En.    Temperature Pressure (bar)   Constr. rmsd
   -1.11105e+06    3.09608e+02    1.66448e+02    0.00000e+00

           Step           Time
          86000      172.00000

   Energies (kJ/mol)
           Bond            U-B    Proper Dih.  Improper Dih.      CMAP Dih.
    2.83509e+04    1.33078e+05    9.55375e+04    2.08578e+03   -3.11332e+02
          LJ-14     Coulomb-14        LJ (SR)   Coulomb (SR)   Coul. recip.
    2.09834e+04    1.38463e+05    6.86352e+04   -2.05686e+06    6.74085e+03
 Position Rest.     Dih. Rest.      Potential    Kinetic En.   Total Energy
    4.04060e+02    0.00000e+00   -1.56289e+06    4.40793e+05   -1.12210e+06
  Conserved En.    Temperature Pressure (bar)   Constr. rmsd
   -1.11063e+06    3.11519e+02    2.13536e+01    0.00000e+00

           Step           Time
          87000      174.00000

   Energies (kJ/mol)
           Bond            U-B    Proper Dih.  Improper Dih.      CMAP Dih.
    2.86835e+04    1.32992e+05    9.53828e+04    2.19388e+03   -2.15487e+02
          LJ-14     Coulomb-14        LJ (SR)   Coulomb (SR)   Coul. recip.
    2.10073e+04    1.38278e+05    6.75047e+04   -2.05549e+06    6.87525e+03
 Position Rest.     Dih. Rest.      Potential    Kinetic En.   Total Energy
    4.55507e+02    0.00000e+00   -1.56233e+06    4.40257e+05   -1.12208e+06
  Conserved En.    Temperature Pressure (bar)   Constr. rmsd
   -1.10992e+06    3.11140e+02   -5.24091e+01    0.00000e+00

           Step           Time
          88000      176.00000

   Energies (kJ/mol)
           Bond            U-B    Proper Dih.  Improper Dih.      CMAP Dih.
    2.84992e+04    1.32947e+05    9.55713e+04    2.07421e+03   -3.01267e+02
          LJ-14     Coulomb-14        LJ (SR)   Coulomb (SR)   Coul. recip.
    2.11612e+04    1.38126e+05    6.92177e+04   -2.05756e+06    6.70462e+03
 Position Rest.     Dih. Rest.      Potential    Kinetic En.   Total Energy
    3.58569e+02    0.00000e+00   -1.56320e+06    4.38116e+05   -1.12509e+06
  Conserved En.    Temperature Pressure (bar)   Constr. rmsd
   -1.11022e+06    3.09627e+02    8.10592e+01    0.00000e+00

           Step           Time
          89000      178.00000

   Energies (kJ/mol)
           Bond            U-B    Proper Dih.  Improper Dih.      CMAP Dih.
    2.89861e+04    1.33475e+05    9.55410e+04    2.04270e+03   -2.75516e+02
          LJ-14     Coulomb-14        LJ (SR)   Coulomb (SR)   Coul. recip.
    2.09149e+04    1.38010e+05    6.77504e+04   -2.05399e+06    6.76587e+03
 Position Rest.     Dih. Rest.      Potential    Kinetic En.   Total Energy
    3.75260e+02    0.00000e+00   -1.56040e+06    4.40329e+05   -1.12008e+06
  Conserved En.    Temperature Pressure (bar)   Constr. rmsd
   -1.11028e+06    3.11191e+02   -7.90954e+01    0.00000e+00

           Step           Time
          90000      180.00000

   Energies (kJ/mol)
           Bond            U-B    Proper Dih.  Improper Dih.      CMAP Dih.
    2.86865e+04    1.33257e+05    9.53763e+04    2.13791e+03   -3.02772e+02
          LJ-14     Coulomb-14        LJ (SR)   Coulomb (SR)   Coul. recip.
    2.09697e+04    1.38313e+05    6.85641e+04   -2.05689e+06    6.75403e+03
 Position Rest.     Dih. Rest.      Potential    Kinetic En.   Total Energy
    4.14669e+02    0.00000e+00   -1.56272e+06    4.39528e+05   -1.12320e+06
  Conserved En.    Temperature Pressure (bar)   Constr. rmsd
   -1.10999e+06    3.10625e+02    9.38511e+01    0.00000e+00

           Step           Time
          91000      182.00000

   Energies (kJ/mol)
           Bond            U-B    Proper Dih.  Improper Dih.      CMAP Dih.
    2.82104e+04    1.33825e+05    9.48056e+04    2.10066e+03   -2.07171e+02
          LJ-14     Coulomb-14        LJ (SR)   Coulomb (SR)   Coul. recip.
    2.09645e+04    1.38605e+05    7.16142e+04   -2.05956e+06    6.91400e+03
 Position Rest.     Dih. Rest.      Potential    Kinetic En.   Total Energy
    3.98888e+02    0.00000e+00   -1.56233e+06    4.40743e+05   -1.12159e+06
  Conserved En.    Temperature Pressure (bar)   Constr. rmsd
   -1.11001e+06    3.11484e+02    2.41176e+02    0.00000e+00

           Step           Time
          92000      184.00000

   Energies (kJ/mol)
           Bond            U-B    Proper Dih.  Improper Dih.      CMAP Dih.
    2.83836e+04    1.32882e+05    9.49190e+04    2.11169e+03   -3.02132e+02
          LJ-14     Coulomb-14        LJ (SR)   Coulomb (SR)   Coul. recip.
    2.11516e+04    1.38810e+05    6.77747e+04   -2.05656e+06    6.72358e+03
 Position Rest.     Dih. Rest.      Potential    Kinetic En.   Total Energy
    4.35827e+02    0.00000e+00   -1.56367e+06    4.38181e+05   -1.12548e+06
  Conserved En.    Temperature Pressure (bar)   Constr. rmsd
   -1.10997e+06    3.09673e+02    3.12971e+01    0.00000e+00

           Step           Time
          93000      186.00000

   Energies (kJ/mol)
           Bond            U-B    Proper Dih.  Improper Dih.      CMAP Dih.
    2.87993e+04    1.32036e+05    9.51599e+04    2.08174e+03   -1.45553e+02
          LJ-14     Coulomb-14        LJ (SR)   Coulomb (SR)   Coul. recip.
    2.11059e+04    1.39202e+05    6.63191e+04   -2.05672e+06    6.78734e+03
 Position Rest.     Dih. Rest.      Potential    Kinetic En.   Total Energy
    4.00344e+02    0.00000e+00   -1.56497e+06    4.36668e+05   -1.12830e+06
  Conserved En.    Temperature Pressure (bar)   Constr. rmsd
   -1.10915e+06    3.08603e+02   -1.58021e+01    0.00000e+00

           Step           Time
          94000      188.00000

   Energies (kJ/mol)
           Bond            U-B    Proper Dih.  Improper Dih.      CMAP Dih.
    2.83500e+04    1.31770e+05    9.59239e+04    1.96645e+03   -2.57861e+02
          LJ-14     Coulomb-14        LJ (SR)   Coulomb (SR)   Coul. recip.
    2.08376e+04    1.38384e+05    6.72332e+04   -2.05699e+06    6.61398e+03
 Position Rest.     Dih. Rest.      Potential    Kinetic En.   Total Energy
    4.00949e+02    0.00000e+00   -1.56577e+06    4.36372e+05   -1.12939e+06
  Conserved En.    Temperature Pressure (bar)   Constr. rmsd
   -1.10945e+06    3.08395e+02   -1.25079e+02    0.00000e+00

           Step           Time
          95000      190.00000

   Energies (kJ/mol)
           Bond            U-B    Proper Dih.  Improper Dih.      CMAP Dih.
    2.84249e+04    1.33067e+05    9.52030e+04    2.01193e+03   -2.42033e+02
          LJ-14     Coulomb-14        LJ (SR)   Coulomb (SR)   Coul. recip.
    2.12086e+04    1.39297e+05    6.75920e+04   -2.05515e+06    6.88183e+03
 Position Rest.     Dih. Rest.      Potential    Kinetic En.   Total Energy
    3.85496e+02    0.00000e+00   -1.56132e+06    4.39689e+05   -1.12163e+06
  Conserved En.    Temperature Pressure (bar)   Constr. rmsd
   -1.10921e+06    3.10738e+02   -1.37665e+01    0.00000e+00

           Step           Time
          96000      192.00000

   Energies (kJ/mol)
           Bond            U-B    Proper Dih.  Improper Dih.      CMAP Dih.
    2.81087e+04    1.33408e+05    9.56593e+04    2.08166e+03   -3.33524e+02
          LJ-14     Coulomb-14        LJ (SR)   Coulomb (SR)   Coul. recip.
    2.12227e+04    1.39006e+05    6.87144e+04   -2.05774e+06    6.76600e+03
 Position Rest.     Dih. Rest.      Potential    Kinetic En.   Total Energy
    4.02143e+02    0.00000e+00   -1.56271e+06    4.40077e+05   -1.12263e+06
  Conserved En.    Temperature Pressure (bar)   Constr. rmsd
   -1.10937e+06    3.11013e+02    3.52867e+01    0.00000e+00

           Step           Time
          97000      194.00000

   Energies (kJ/mol)
           Bond            U-B    Proper Dih.  Improper Dih.      CMAP Dih.
    2.78939e+04    1.32121e+05    9.59751e+04    2.02418e+03   -3.21828e+02
          LJ-14     Coulomb-14        LJ (SR)   Coulomb (SR)   Coul. recip.
    2.12314e+04    1.38975e+05    6.78993e+04   -2.05712e+06    6.72181e+03
 Position Rest.     Dih. Rest.      Potential    Kinetic En.   Total Energy
    4.32375e+02    0.00000e+00   -1.56417e+06    4.36075e+05   -1.12809e+06
  Conserved En.    Temperature Pressure (bar)   Constr. rmsd
   -1.10936e+06    3.08184e+02    6.59435e+01    0.00000e+00

           Step           Time
          98000      196.00000

   Energies (kJ/mol)
           Bond            U-B    Proper Dih.  Improper Dih.      CMAP Dih.
    2.86985e+04    1.32812e+05    9.58017e+04    2.14712e+03   -2.52320e+02
          LJ-14     Coulomb-14        LJ (SR)   Coulomb (SR)   Coul. recip.
    2.10034e+04    1.38546e+05    6.62126e+04   -2.05589e+06    6.67478e+03
 Position Rest.     Dih. Rest.      Potential    Kinetic En.   Total Energy
    4.39763e+02    0.00000e+00   -1.56380e+06    4.39085e+05   -1.12472e+06
  Conserved En.    Temperature Pressure (bar)   Constr. rmsd
   -1.10876e+06    3.10312e+02   -1.09866e+02    0.00000e+00

           Step           Time
          99000      198.00000

   Energies (kJ/mol)
           Bond            U-B    Proper Dih.  Improper Dih.      CMAP Dih.
    2.80054e+04    1.32889e+05    9.53344e+04    2.12116e+03   -3.00166e+02
          LJ-14     Coulomb-14        LJ (SR)   Coulomb (SR)   Coul. recip.
    2.12091e+04    1.39191e+05    6.93117e+04   -2.06110e+06    6.69392e+03
 Position Rest.     Dih. Rest.      Potential    Kinetic En.   Total Energy
    4.12653e+02    0.00000e+00   -1.56623e+06    4.39066e+05   -1.12717e+06
  Conserved En.    Temperature Pressure (bar)   Constr. rmsd
   -1.10826e+06    3.10298e+02    1.07653e+02    0.00000e+00

           Step           Time
         100000      200.00000

   Energies (kJ/mol)
           Bond            U-B    Proper Dih.  Improper Dih.      CMAP Dih.
    2.87512e+04    1.32915e+05    9.53837e+04    2.25186e+03   -2.66181e+02
          LJ-14     Coulomb-14        LJ (SR)   Coulomb (SR)   Coul. recip.
    2.09914e+04    1.38528e+05    6.54338e+04   -2.05512e+06    6.78100e+03
 Position Rest.     Dih. Rest.      Potential    Kinetic En.   Total Energy
    3.94477e+02    0.00000e+00   -1.56395e+06    4.38940e+05   -1.12501e+06
  Conserved En.    Temperature Pressure (bar)   Constr. rmsd
   -1.10852e+06    3.10210e+02   -2.40680e+02    0.00000e+00

           Step           Time
         101000      202.00000

   Energies (kJ/mol)
           Bond            U-B    Proper Dih.  Improper Dih.      CMAP Dih.
    2.85129e+04    1.32443e+05    9.52166e+04    2.22709e+03   -2.30238e+02
          LJ-14     Coulomb-14        LJ (SR)   Coulomb (SR)   Coul. recip.
    2.13075e+04    1.38987e+05    6.83229e+04   -2.05892e+06    6.70918e+03
 Position Rest.     Dih. Rest.      Potential    Kinetic En.   Total Energy
    3.87370e+02    0.00000e+00   -1.56504e+06    4.38790e+05   -1.12625e+06
  Conserved En.    Temperature Pressure (bar)   Constr. rmsd
   -1.10841e+06    3.10104e+02   -5.99043e+01    0.00000e+00

           Step           Time
         102000      204.00000

   Energies (kJ/mol)
           Bond            U-B    Proper Dih.  Improper Dih.      CMAP Dih.
    2.84147e+04    1.33403e+05    9.56226e+04    2.20011e+03   -3.65721e+02
          LJ-14     Coulomb-14        LJ (SR)   Coulomb (SR)   Coul. recip.
    2.11604e+04    1.39834e+05    6.79583e+04   -2.05689e+06    6.81477e+03
 Position Rest.     Dih. Rest.      Potential    Kinetic En.   Total Energy
    4.10934e+02    0.00000e+00   -1.56143e+06    4.39679e+05   -1.12175e+06
  Conserved En.    Temperature Pressure (bar)   Constr. rmsd
   -1.10831e+06    3.10732e+02    3.12395e+01    0.00000e+00

           Step           Time
         103000      206.00000

   Energies (kJ/mol)
           Bond            U-B    Proper Dih.  Improper Dih.      CMAP Dih.
    2.84793e+04    1.34025e+05    9.54925e+04    2.01514e+03   -3.80921e+02
          LJ-14     Coulomb-14        LJ (SR)   Coulomb (SR)   Coul. recip.
    2.08774e+04    1.39243e+05    6.80507e+04   -2.05794e+06    6.79292e+03
 Position Rest.     Dih. Rest.      Potential    Kinetic En.   Total Energy
    3.93621e+02    0.00000e+00   -1.56295e+06    4.39125e+05   -1.12382e+06
  Conserved En.    Temperature Pressure (bar)   Constr. rmsd
   -1.10791e+06    3.10340e+02   -3.64593e+01    0.00000e+00

           Step           Time
         104000      208.00000

   Energies (kJ/mol)
           Bond            U-B    Proper Dih.  Improper Dih.      CMAP Dih.
    2.82812e+04    1.33574e+05    9.55379e+04    2.08311e+03   -3.04012e+02
          LJ-14     Coulomb-14        LJ (SR)   Coulomb (SR)   Coul. recip.
    2.11869e+04    1.38793e+05    6.75760e+04   -2.05626e+06    6.72687e+03
 Position Rest.     Dih. Rest.      Potential    Kinetic En.   Total Energy
    4.01998e+02    0.00000e+00   -1.56240e+06    4.37023e+05   -1.12538e+06
  Conserved En.    Temperature Pressure (bar)   Constr. rmsd
   -1.10790e+06    3.08855e+02    8.61046e+01    0.00000e+00

           Step           Time
         105000      210.00000

   Energies (kJ/mol)
           Bond            U-B    Proper Dih.  Improper Dih.      CMAP Dih.
    2.89668e+04    1.33406e+05    9.50704e+04    2.09573e+03   -4.69538e+02
          LJ-14     Coulomb-14        LJ (SR)   Coulomb (SR)   Coul. recip.
    2.09116e+04    1.38427e+05    6.80333e+04   -2.05825e+06    6.70861e+03
 Position Rest.     Dih. Rest.      Potential    Kinetic En.   Total Energy
    3.93915e+02    0.00000e+00   -1.56471e+06    4.38808e+05   -1.12590e+06
  Conserved En.    Temperature Pressure (bar)   Constr. rmsd
   -1.10811e+06    3.10116e+02   -4.55146e+01    0.00000e+00

           Step           Time
         106000      212.00000

   Energies (kJ/mol)
           Bond            U-B    Proper Dih.  Improper Dih.      CMAP Dih.
    2.82214e+04    1.33038e+05    9.52826e+04    2.04702e+03   -2.99991e+02
          LJ-14     Coulomb-14        LJ (SR)   Coulomb (SR)   Coul. recip.
    2.10102e+04    1.39258e+05    6.96974e+04   -2.05976e+06    6.84008e+03
 Position Rest.     Dih. Rest.      Potential    Kinetic En.   Total Energy
    4.11277e+02    0.00000e+00   -1.56425e+06    4.37828e+05   -1.12642e+06
  Conserved En.    Temperature Pressure (bar)   Constr. rmsd
   -1.10762e+06    3.09423e+02    9.50462e+01    0.00000e+00

           Step           Time
         107000      214.00000

   Energies (kJ/mol)
           Bond            U-B    Proper Dih.  Improper Dih.      CMAP Dih.
    2.86939e+04    1.32910e+05    9.52545e+04    2.07721e+03   -2.98340e+02
          LJ-14     Coulomb-14        LJ (SR)   Coulomb (SR)   Coul. recip.
    2.08509e+04    1.38171e+05    6.91210e+04   -2.05939e+06    6.62845e+03
 Position Rest.     Dih. Rest.      Potential    Kinetic En.   Total Energy
    4.14449e+02    0.00000e+00   -1.56556e+06    4.38185e+05   -1.12738e+06
  Conserved En.    Temperature Pressure (bar)   Constr. rmsd
   -1.10683e+06    3.09676e+02   -2.28785e+00    0.00000e+00

           Step           Time
         108000      216.00000

   Energies (kJ/mol)
           Bond            U-B    Proper Dih.  Improper Dih.      CMAP Dih.
    2.90087e+04    1.33257e+05    9.53943e+04    2.15421e+03   -2.46489e+02
          LJ-14     Coulomb-14        LJ (SR)   Coulomb (SR)   Coul. recip.
    2.09828e+04    1.38942e+05    6.82243e+04   -2.05760e+06    6.70496e+03
 Position Rest.     Dih. Rest.      Potential    Kinetic En.   Total Energy
    4.29089e+02    0.00000e+00   -1.56275e+06    4.39284e+05   -1.12346e+06
  Conserved En.    Temperature Pressure (bar)   Constr. rmsd
   -1.10729e+06    3.10453e+02   -9.06410e+01    0.00000e+00

           Step           Time
         109000      218.00000

   Energies (kJ/mol)
           Bond            U-B    Proper Dih.  Improper Dih.      CMAP Dih.
    2.88485e+04    1.34045e+05    9.54877e+04    2.17249e+03   -3.12557e+02
          LJ-14     Coulomb-14        LJ (SR)   Coulomb (SR)   Coul. recip.
    2.09260e+04    1.38539e+05    6.81342e+04   -2.05740e+06    6.78212e+03
 Position Rest.     Dih. Rest.      Potential    Kinetic En.   Total Energy
    4.29639e+02    0.00000e+00   -1.56235e+06    4.39600e+05   -1.12275e+06
  Conserved En.    Temperature Pressure (bar)   Constr. rmsd
   -1.10712e+06    3.10676e+02   -1.30177e+01    0.00000e+00

           Step           Time
         110000      220.00000

   Energies (kJ/mol)
           Bond            U-B    Proper Dih.  Improper Dih.      CMAP Dih.
    2.82525e+04    1.33815e+05    9.54513e+04    2.16686e+03   -3.05546e+02
          LJ-14     Coulomb-14        LJ (SR)   Coulomb (SR)   Coul. recip.
    2.08978e+04    1.39151e+05    7.03052e+04   -2.05873e+06    6.61222e+03
 Position Rest.     Dih. Rest.      Potential    Kinetic En.   Total Energy
    4.47288e+02    0.00000e+00   -1.56193e+06    4.38380e+05   -1.12355e+06
  Conserved En.    Temperature Pressure (bar)   Constr. rmsd
   -1.10676e+06    3.09813e+02    8.52662e+00    0.00000e+00

           Step           Time
         111000      222.00000

   Energies (kJ/mol)
           Bond            U-B    Proper Dih.  Improper Dih.      CMAP Dih.
    2.84505e+04    1.33058e+05    9.50980e+04    2.08514e+03   -4.00504e+02
          LJ-14     Coulomb-14        LJ (SR)   Coulomb (SR)   Coul. recip.
    2.11859e+04    1.38466e+05    6.58929e+04   -2.05522e+06    6.80246e+03
 Position Rest.     Dih. Rest.      Potential    Kinetic En.   Total Energy
    4.31296e+02    0.00000e+00   -1.56415e+06    4.36489e+05   -1.12766e+06
  Conserved En.    Temperature Pressure (bar)   Constr. rmsd
   -1.10706e+06    3.08477e+02    2.07841e+01    0.00000e+00

           Step           Time
         112000      224.00000

   Energies (kJ/mol)
           Bond            U-B    Proper Dih.  Improper Dih.      CMAP Dih.
    2.80410e+04    1.32510e+05    9.58507e+04    2.04181e+03   -3.62199e+02
          LJ-14     Coulomb-14        LJ (SR)   Coulomb (SR)   Coul. recip.
    2.09386e+04    1.38580e+05    6.79481e+04   -2.05730e+06    6.68296e+03
 Position Rest.     Dih. Rest.      Potential    Kinetic En.   Total Energy
    4.38385e+02    0.00000e+00   -1.56463e+06    4.38057e+05   -1.12658e+06
  Conserved En.    Temperature Pressure (bar)   Constr. rmsd
   -1.10701e+06    3.09585e+02   -1.19036e+01    0.00000e+00

           Step           Time
         113000      226.00000

   Energies (kJ/mol)
           Bond            U-B    Proper Dih.  Improper Dih.      CMAP Dih.
    2.83040e+04    1.33169e+05    9.54300e+04    2.14680e+03   -3.69327e+02
          LJ-14     Coulomb-14        LJ (SR)   Coulomb (SR)   Coul. recip.
    2.10134e+04    1.38324e+05    6.68460e+04   -2.05659e+06    6.76770e+03
 Position Rest.     Dih. Rest.      Potential    Kinetic En.   Total Energy
    3.83909e+02    0.00000e+00   -1.56458e+06    4.36045e+05   -1.12853e+06
  Conserved En.    Temperature Pressure (bar)   Constr. rmsd
   -1.10705e+06    3.08163e+02   -1.29154e+02    0.00000e+00

           Step           Time
         114000      228.00000

   Energies (kJ/mol)
           Bond            U-B    Proper Dih.  Improper Dih.      CMAP Dih.
    2.84664e+04    1.32895e+05    9.59489e+04    2.11144e+03   -3.51891e+02
          LJ-14     Coulomb-14        LJ (SR)   Coulomb (SR)   Coul. recip.
    2.11650e+04    1.38948e+05    6.81921e+04   -2.05719e+06    6.76078e+03
 Position Rest.     Dih. Rest.      Potential    Kinetic En.   Total Energy
    4.15453e+02    0.00000e+00   -1.56264e+06    4.38823e+05   -1.12382e+06
  Conserved En.    Temperature Pressure (bar)   Constr. rmsd
   -1.10688e+06    3.10126e+02   -4.16803e+01    0.00000e+00

           Step           Time
         115000      230.00000

   Energies (kJ/mol)
           Bond            U-B    Proper Dih.  Improper Dih.      CMAP Dih.
    2.87926e+04    1.32377e+05    9.52938e+04    2.09891e+03   -3.24817e+02
          LJ-14     Coulomb-14        LJ (SR)   Coulomb (SR)   Coul. recip.
    2.08989e+04    1.38279e+05    6.77964e+04   -2.05652e+06    6.82950e+03
 Position Rest.     Dih. Rest.      Potential    Kinetic En.   Total Energy
    3.77204e+02    0.00000e+00   -1.56410e+06    4.39556e+05   -1.12454e+06
  Conserved En.    Temperature Pressure (bar)   Constr. rmsd
   -1.10680e+06    3.10645e+02    7.83501e+00    0.00000e+00

           Step           Time
         116000      232.00000

   Energies (kJ/mol)
           Bond            U-B    Proper Dih.  Improper Dih.      CMAP Dih.
    2.88820e+04    1.32661e+05    9.56432e+04    2.05196e+03   -3.69516e+02
          LJ-14     Coulomb-14        LJ (SR)   Coulomb (SR)   Coul. recip.
    2.10727e+04    1.38965e+05    6.81119e+04   -2.05859e+06    6.79569e+03
 Position Rest.     Dih. Rest.      Potential    Kinetic En.   Total Energy
    4.27453e+02    0.00000e+00   -1.56435e+06    4.39328e+05   -1.12502e+06
  Conserved En.    Temperature Pressure (bar)   Constr. rmsd
   -1.10609e+06    3.10483e+02    2.35875e+01    0.00000e+00

           Step           Time
         117000      234.00000

   Energies (kJ/mol)
           Bond            U-B    Proper Dih.  Improper Dih.      CMAP Dih.
    2.87092e+04    1.32785e+05    9.56191e+04    2.10116e+03   -2.49957e+02
          LJ-14     Coulomb-14        LJ (SR)   Coulomb (SR)   Coul. recip.
    2.11479e+04    1.38412e+05    6.87070e+04   -2.05646e+06    6.73639e+03
 Position Rest.     Dih. Rest.      Potential    Kinetic En.   Total Energy
    3.96064e+02    0.00000e+00   -1.56209e+06    4.38506e+05   -1.12359e+06
  Conserved En.    Temperature Pressure (bar)   Constr. rmsd
   -1.10593e+06    3.09903e+02    7.95759e+01    0.00000e+00

           Step           Time
         118000      236.00000

   Energies (kJ/mol)
           Bond            U-B    Proper Dih.  Improper Dih.      CMAP Dih.
    2.81544e+04    1.33123e+05    9.58667e+04    2.11799e+03   -4.65138e+02
          LJ-14     Coulomb-14        LJ (SR)   Coulomb (SR)   Coul. recip.
    2.13702e+04    1.37866e+05    6.93595e+04   -2.05810e+06    6.78306e+03
 Position Rest.     Dih. Rest.      Potential    Kinetic En.   Total Energy
    3.96693e+02    0.00000e+00   -1.56353e+06    4.37116e+05   -1.12641e+06
  Conserved En.    Temperature Pressure (bar)   Constr. rmsd
   -1.10560e+06    3.08920e+02    1.27901e+02    0.00000e+00

           Step           Time
         119000      238.00000

   Energies (kJ/mol)
           Bond            U-B    Proper Dih.  Improper Dih.      CMAP Dih.
    2.80628e+04    1.33089e+05    9.53399e+04    2.06422e+03   -2.59639e+02
          LJ-14     Coulomb-14        LJ (SR)   Coulomb (SR)   Coul. recip.
    2.13014e+04    1.38629e+05    6.94207e+04   -2.06081e+06    6.61754e+03
 Position Rest.     Dih. Rest.      Potential    Kinetic En.   Total Energy
    4.04907e+02    0.00000e+00   -1.56614e+06    4.39070e+05   -1.12707e+06
  Conserved En.    Temperature Pressure (bar)   Constr. rmsd
   -1.10516e+06    3.10301e+02    1.16883e+02    0.00000e+00

           Step           Time
         120000      240.00000

   Energies (kJ/mol)
           Bond            U-B    Proper Dih.  Improper Dih.      CMAP Dih.
    2.82297e+04    1.34065e+05    9.57062e+04    2.11739e+03   -2.35503e+02
          LJ-14     Coulomb-14        LJ (SR)   Coulomb (SR)   Coul. recip.
    2.12068e+04    1.38605e+05    6.78533e+04   -2.05786e+06    6.79848e+03
 Position Rest.     Dih. Rest.      Potential    Kinetic En.   Total Energy
    3.80839e+02    0.00000e+00   -1.56314e+06    4.41145e+05   -1.12199e+06
  Conserved En.    Temperature Pressure (bar)   Constr. rmsd
   -1.10511e+06    3.11768e+02    6.36602e+01    0.00000e+00

           Step           Time
         121000      242.00000

   Energies (kJ/mol)
           Bond            U-B    Proper Dih.  Improper Dih.      CMAP Dih.
    2.83907e+04    1.32923e+05    9.55142e+04    2.05364e+03   -2.61672e+02
          LJ-14     Coulomb-14        LJ (SR)   Coulomb (SR)   Coul. recip.
    2.10570e+04    1.38342e+05    6.81669e+04   -2.05698e+06    6.80508e+03
 Position Rest.     Dih. Rest.      Potential    Kinetic En.   Total Energy
    4.15983e+02    0.00000e+00   -1.56357e+06    4.39369e+05   -1.12420e+06
  Conserved En.    Temperature Pressure (bar)   Constr. rmsd
   -1.10510e+06    3.10512e+02    7.71180e+01    0.00000e+00

           Step           Time
         122000      244.00000

   Energies (kJ/mol)
           Bond            U-B    Proper Dih.  Improper Dih.      CMAP Dih.
    2.88734e+04    1.33335e+05    9.52120e+04    2.13646e+03   -2.22211e+02
          LJ-14     Coulomb-14        LJ (SR)   Coulomb (SR)   Coul. recip.
    2.10178e+04    1.37714e+05    6.86251e+04   -2.05804e+06    6.76749e+03
 Position Rest.     Dih. Rest.      Potential    Kinetic En.   Total Energy
    4.04924e+02    0.00000e+00   -1.56418e+06    4.37807e+05   -1.12637e+06
  Conserved En.    Temperature Pressure (bar)   Constr. rmsd
   -1.10485e+06    3.09408e+02   -1.31572e+02    0.00000e+00

           Step           Time
         123000      246.00000

   Energies (kJ/mol)
           Bond            U-B    Proper Dih.  Improper Dih.      CMAP Dih.
    2.82991e+04    1.33288e+05    9.58679e+04    2.22935e+03   -2.95229e+02
          LJ-14     Coulomb-14        LJ (SR)   Coulomb (SR)   Coul. recip.
    2.12610e+04    1.37614e+05    6.86704e+04   -2.05767e+06    6.83690e+03
 Position Rest.     Dih. Rest.      Potential    Kinetic En.   Total Energy
    3.93445e+02    0.00000e+00   -1.56350e+06    4.38424e+05   -1.12508e+06
  Conserved En.    Temperature Pressure (bar)   Constr. rmsd
   -1.10474e+06    3.09845e+02    2.47287e+01    0.00000e+00

           Step           Time
         124000      248.00000

   Energies (kJ/mol)
           Bond            U-B    Proper Dih.  Improper Dih.      CMAP Dih.
    2.85483e+04    1.33832e+05    9.57861e+04    2.15254e+03   -1.99751e+02
          LJ-14     Coulomb-14        LJ (SR)   Coulomb (SR)   Coul. recip.
    2.11669e+04    1.38391e+05    6.72155e+04   -2.05478e+06    6.73980e+03
 Position Rest.     Dih. Rest.      Potential    Kinetic En.   Total Energy
    3.98931e+02    0.00000e+00   -1.56075e+06    4.39268e+05   -1.12148e+06
  Conserved En.    Temperature Pressure (bar)   Constr. rmsd
   -1.10455e+06    3.10441e+02    3.89762e+01    0.00000e+00

           Step           Time
         125000      250.00000

   Energies (kJ/mol)
           Bond            U-B    Proper Dih.  Improper Dih.      CMAP Dih.
    2.83116e+04    1.33534e+05    9.59034e+04    2.07935e+03   -1.99243e+02
          LJ-14     Coulomb-14        LJ (SR)   Coulomb (SR)   Coul. recip.
    2.13400e+04    1.38131e+05    6.67640e+04   -2.05506e+06    6.69728e+03
 Position Rest.     Dih. Rest.      Potential    Kinetic En.   Total Energy
    4.12352e+02    0.00000e+00   -1.56209e+06    4.36764e+05   -1.12532e+06
  Conserved En.    Temperature Pressure (bar)   Constr. rmsd
   -1.10444e+06    3.08672e+02   -4.90592e+01    0.00000e+00

           Step           Time
         126000      252.00000

   Energies (kJ/mol)
           Bond            U-B    Proper Dih.  Improper Dih.      CMAP Dih.
    2.85301e+04    1.34109e+05    9.54685e+04    2.14799e+03   -2.74698e+02
          LJ-14     Coulomb-14        LJ (SR)   Coulomb (SR)   Coul. recip.
    2.10326e+04    1.37072e+05    6.74369e+04   -2.05462e+06    6.80039e+03
 Position Rest.     Dih. Rest.      Potential    Kinetic En.   Total Energy
    4.18833e+02    0.00000e+00   -1.56188e+06    4.41026e+05   -1.12085e+06
  Conserved En.    Temperature Pressure (bar)   Constr. rmsd
   -1.10416e+06    3.11683e+02    9.27750e+01    0.00000e+00

           Step           Time
         127000      254.00000

   Energies (kJ/mol)
           Bond            U-B    Proper Dih.  Improper Dih.      CMAP Dih.
    2.80202e+04    1.33808e+05    9.55340e+04    2.17619e+03   -3.20580e+02
          LJ-14     Coulomb-14        LJ (SR)   Coulomb (SR)   Coul. recip.
    2.09434e+04    1.37086e+05    6.76926e+04   -2.05498e+06    6.92932e+03
 Position Rest.     Dih. Rest.      Potential    Kinetic En.   Total Energy
    4.24413e+02    0.00000e+00   -1.56268e+06    4.38848e+05   -1.12384e+06
  Conserved En.    Temperature Pressure (bar)   Constr. rmsd
   -1.10439e+06    3.10144e+02   -2.91093e+01    0.00000e+00

           Step           Time
         128000      256.00000

   Energies (kJ/mol)
           Bond            U-B    Proper Dih.  Improper Dih.      CMAP Dih.
    2.91081e+04    1.32570e+05    9.51538e+04    2.09009e+03   -3.09122e+02
          LJ-14     Coulomb-14        LJ (SR)   Coulomb (SR)   Coul. recip.
    2.09131e+04    1.37752e+05    6.71960e+04   -2.05711e+06    6.79660e+03
 Position Rest.     Dih. Rest.      Potential    Kinetic En.   Total Energy
    3.85423e+02    0.00000e+00   -1.56545e+06    4.37018e+05   -1.12843e+06
  Conserved En.    Temperature Pressure (bar)   Constr. rmsd
   -1.10455e+06    3.08851e+02   -1.34639e+02    0.00000e+00

           Step           Time
         129000      258.00000

   Energies (kJ/mol)
           Bond            U-B    Proper Dih.  Improper Dih.      CMAP Dih.
    2.87209e+04    1.33064e+05    9.51414e+04    2.08928e+03   -1.98432e+02
          LJ-14     Coulomb-14        LJ (SR)   Coulomb (SR)   Coul. recip.
    2.12680e+04    1.38567e+05    6.81489e+04   -2.05717e+06    6.70022e+03
 Position Rest.     Dih. Rest.      Potential    Kinetic En.   Total Energy
    4.01952e+02    0.00000e+00   -1.56326e+06    4.38479e+05   -1.12478e+06
  Conserved En.    Temperature Pressure (bar)   Constr. rmsd
   -1.10474e+06    3.09883e+02    9.14228e+00    0.00000e+00

           Step           Time
         130000      260.00000

   Energies (kJ/mol)
           Bond            U-B    Proper Dih.  Improper Dih.      CMAP Dih.
    2.87483e+04    1.32287e+05    9.54820e+04    2.06589e+03   -3.82284e+02
          LJ-14     Coulomb-14        LJ (SR)   Coulomb (SR)   Coul. recip.
    2.12014e+04    1.38660e+05    7.03157e+04   -2.06064e+06    6.62145e+03
 Position Rest.     Dih. Rest.      Potential    Kinetic En.   Total Energy
    4.03747e+02    0.00000e+00   -1.56523e+06    4.39534e+05   -1.12570e+06
  Conserved En.    Temperature Pressure (bar)   Constr. rmsd
   -1.10417e+06    3.10629e+02   -3.05508e+01    0.00000e+00

           Step           Time
         131000      262.00000

   Energies (kJ/mol)
           Bond            U-B    Proper Dih.  Improper Dih.      CMAP Dih.
    2.82268e+04    1.33146e+05    9.60587e+04    2.15501e+03   -2.40647e+02
          LJ-14     Coulomb-14        LJ (SR)   Coulomb (SR)   Coul. recip.
    2.10797e+04    1.37721e+05    6.88005e+04   -2.05930e+06    6.79443e+03
 Position Rest.     Dih. Rest.      Potential    Kinetic En.   Total Energy
    4.27123e+02    0.00000e+00   -1.56513e+06    4.39036e+05   -1.12610e+06
  Conserved En.    Temperature Pressure (bar)   Constr. rmsd
   -1.10369e+06    3.10277e+02   -5.79478e+00    0.00000e+00

           Step           Time
         132000      264.00000

   Energies (kJ/mol)
           Bond            U-B    Proper Dih.  Improper Dih.      CMAP Dih.
    2.85050e+04    1.32549e+05    9.59853e+04    2.17602e+03   -3.08724e+02
          LJ-14     Coulomb-14        LJ (SR)   Coulomb (SR)   Coul. recip.
    2.10080e+04    1.37714e+05    6.89452e+04   -2.05766e+06    6.76852e+03
 Position Rest.     Dih. Rest.      Potential    Kinetic En.   Total Energy
    4.19020e+02    0.00000e+00   -1.56390e+06    4.37258e+05   -1.12664e+06
  Conserved En.    Temperature Pressure (bar)   Constr. rmsd
   -1.10348e+06    3.09021e+02   -6.43068e+01    0.00000e+00

           Step           Time
         133000      266.00000

   Energies (kJ/mol)
           Bond            U-B    Proper Dih.  Improper Dih.      CMAP Dih.
    2.83449e+04    1.32381e+05    9.55626e+04    2.00702e+03   -4.06570e+02
          LJ-14     Coulomb-14        LJ (SR)   Coulomb (SR)   Coul. recip.
    2.10654e+04    1.38623e+05    6.80041e+04   -2.05864e+06    6.71419e+03
 Position Rest.     Dih. Rest.      Potential    Kinetic En.   Total Energy
    4.09573e+02    0.00000e+00   -1.56593e+06    4.39871e+05   -1.12606e+06
  Conserved En.    Temperature Pressure (bar)   Constr. rmsd
   -1.10313e+06    3.10868e+02   -9.79102e+01    0.00000e+00

           Step           Time
         134000      268.00000

   Energies (kJ/mol)
           Bond            U-B    Proper Dih.  Improper Dih.      CMAP Dih.
    2.81914e+04    1.32495e+05    9.53360e+04    2.02478e+03   -2.80910e+02
          LJ-14     Coulomb-14        LJ (SR)   Coulomb (SR)   Coul. recip.
    2.13927e+04    1.38482e+05    6.67025e+04   -2.05666e+06    6.75633e+03
 Position Rest.     Dih. Rest.      Potential    Kinetic En.   Total Energy
    4.06324e+02    0.00000e+00   -1.56515e+06    4.36263e+05   -1.12889e+06
  Conserved En.    Temperature Pressure (bar)   Constr. rmsd
   -1.10300e+06    3.08318e+02    2.26630e+01    0.00000e+00

           Step           Time
         135000      270.00000

   Energies (kJ/mol)
           Bond            U-B    Proper Dih.  Improper Dih.      CMAP Dih.
    2.84282e+04    1.32449e+05    9.56636e+04    2.05116e+03   -2.99387e+02
          LJ-14     Coulomb-14        LJ (SR)   Coulomb (SR)   Coul. recip.
    2.12474e+04    1.37983e+05    6.92165e+04   -2.05991e+06    6.71815e+03
 Position Rest.     Dih. Rest.      Potential    Kinetic En.   Total Energy
    4.26533e+02    0.00000e+00   -1.56603e+06    4.38622e+05   -1.12741e+06
  Conserved En.    Temperature Pressure (bar)   Constr. rmsd
   -1.10261e+06    3.09984e+02    2.16354e+02    0.00000e+00

           Step           Time
         136000      272.00000

   Energies (kJ/mol)
           Bond            U-B    Proper Dih.  Improper Dih.      CMAP Dih.
    2.77527e+04    1.32693e+05    9.53976e+04    2.12863e+03   -4.16978e+02
          LJ-14     Coulomb-14        LJ (SR)   Coulomb (SR)   Coul. recip.
    2.14059e+04    1.38173e+05    6.68994e+04   -2.05732e+06    6.70400e+03
 Position Rest.     Dih. Rest.      Potential    Kinetic En.   Total Energy
    4.45419e+02    0.00000e+00   -1.56614e+06    4.39459e+05   -1.12668e+06
  Conserved En.    Temperature Pressure (bar)   Constr. rmsd
   -1.10221e+06    3.10576e+02   -1.72154e+01    0.00000e+00

           Step           Time
         137000      274.00000

   Energies (kJ/mol)
           Bond            U-B    Proper Dih.  Improper Dih.      CMAP Dih.
    2.80696e+04    1.33783e+05    9.55877e+04    2.19321e+03   -3.16214e+02
          LJ-14     Coulomb-14        LJ (SR)   Coulomb (SR)   Coul. recip.
    2.11150e+04    1.37153e+05    6.73366e+04   -2.05586e+06    6.70185e+03
 Position Rest.     Dih. Rest.      Potential    Kinetic En.   Total Energy
    4.23581e+02    0.00000e+00   -1.56381e+06    4.39344e+05   -1.12447e+06
  Conserved En.    Temperature Pressure (bar)   Constr. rmsd
   -1.10225e+06    3.10495e+02    7.49294e+01    0.00000e+00

           Step           Time
         138000      276.00000

   Energies (kJ/mol)
           Bond            U-B    Proper Dih.  Improper Dih.      CMAP Dih.
    2.86112e+04    1.31792e+05    9.56131e+04    2.11475e+03   -3.74346e+02
          LJ-14     Coulomb-14        LJ (SR)   Coulomb (SR)   Coul. recip.
    2.08608e+04    1.38124e+05    6.81682e+04   -2.05876e+06    6.85489e+03
 Position Rest.     Dih. Rest.      Potential    Kinetic En.   Total Energy
    3.60848e+02    0.00000e+00   -1.56663e+06    4.37974e+05   -1.12866e+06
  Conserved En.    Temperature Pressure (bar)   Constr. rmsd
   -1.10203e+06    3.09526e+02   -9.69062e-01    0.00000e+00

           Step           Time
         139000      278.00000

   Energies (kJ/mol)
           Bond            U-B    Proper Dih.  Improper Dih.      CMAP Dih.
    2.83195e+04    1.33312e+05    9.57005e+04    1.96595e+03   -3.20634e+02
          LJ-14     Coulomb-14        LJ (SR)   Coulomb (SR)   Coul. recip.
    2.11011e+04    1.38180e+05    6.60684e+04   -2.05584e+06    6.70748e+03
 Position Rest.     Dih. Rest.      Potential    Kinetic En.   Total Energy
    3.97017e+02    0.00000e+00   -1.56441e+06    4.36559e+05   -1.12785e+06
  Conserved En.    Temperature Pressure (bar)   Constr. rmsd
   -1.10221e+06    3.08527e+02   -6.67606e+01    0.00000e+00

           Step           Time
         140000      280.00000

   Energies (kJ/mol)
           Bond            U-B    Proper Dih.  Improper Dih.      CMAP Dih.
    2.84878e+04    1.31974e+05    9.59143e+04    1.97975e+03   -3.43229e+02
          LJ-14     Coulomb-14        LJ (SR)   Coulomb (SR)   Coul. recip.
    2.13077e+04    1.38343e+05    6.91234e+04   -2.05901e+06    6.76895e+03
 Position Rest.     Dih. Rest.      Potential    Kinetic En.   Total Energy
    4.15693e+02    0.00000e+00   -1.56504e+06    4.39071e+05   -1.12597e+06
  Conserved En.    Temperature Pressure (bar)   Constr. rmsd
   -1.10160e+06    3.10302e+02    5.59911e+01    0.00000e+00

           Step           Time
         141000      282.00000

   Energies (kJ/mol)
           Bond            U-B    Proper Dih.  Improper Dih.      CMAP Dih.
    2.83959e+04    1.32781e+05    9.60302e+04    2.06578e+03   -2.45916e+02
          LJ-14     Coulomb-14        LJ (SR)   Coulomb (SR)   Coul. recip.
    2.11583e+04    1.38321e+05    6.71147e+04   -2.05646e+06    6.58615e+03
 Position Rest.     Dih. Rest.      Potential    Kinetic En.   Total Energy
    4.07324e+02    0.00000e+00   -1.56384e+06    4.39850e+05   -1.12399e+06
  Conserved En.    Temperature Pressure (bar)   Constr. rmsd
   -1.10166e+06    3.10852e+02    1.43739e+01    0.00000e+00

           Step           Time
         142000      284.00000

   Energies (kJ/mol)
           Bond            U-B    Proper Dih.  Improper Dih.      CMAP Dih.
    2.84233e+04    1.32403e+05    9.53611e+04    2.05865e+03   -3.60255e+02
          LJ-14     Coulomb-14        LJ (SR)   Coulomb (SR)   Coul. recip.
    2.13108e+04    1.38460e+05    6.78738e+04   -2.05692e+06    6.77081e+03
 Position Rest.     Dih. Rest.      Potential    Kinetic En.   Total Energy
    4.26066e+02    0.00000e+00   -1.56420e+06    4.38636e+05   -1.12556e+06
  Conserved En.    Temperature Pressure (bar)   Constr. rmsd
   -1.10139e+06    3.09994e+02    1.19601e+02    0.00000e+00

           Step           Time
         143000      286.00000

   Energies (kJ/mol)
           Bond            U-B    Proper Dih.  Improper Dih.      CMAP Dih.
    2.83364e+04    1.32633e+05    9.54648e+04    2.09049e+03   -3.70948e+02
          LJ-14     Coulomb-14        LJ (SR)   Coulomb (SR)   Coul. recip.
    2.10487e+04    1.37811e+05    6.80080e+04   -2.05589e+06    6.73742e+03
 Position Rest.     Dih. Rest.      Potential    Kinetic En.   Total Energy
    3.72521e+02    0.00000e+00   -1.56376e+06    4.37839e+05   -1.12592e+06
  Conserved En.    Temperature Pressure (bar)   Constr. rmsd
   -1.10172e+06    3.09431e+02    6.03970e+01    0.00000e+00

           Step           Time
         144000      288.00000

   Energies (kJ/mol)
           Bond            U-B    Proper Dih.  Improper Dih.      CMAP Dih.
    2.86520e+04    1.33807e+05    9.57832e+04    2.01203e+03   -3.06614e+02
          LJ-14     Coulomb-14        LJ (SR)   Coulomb (SR)   Coul. recip.
    2.11348e+04    1.38175e+05    6.61689e+04   -2.05417e+06    6.69361e+03
 Position Rest.     Dih. Rest.      Potential    Kinetic En.   Total Energy
    3.83233e+02    0.00000e+00   -1.56167e+06    4.35657e+05   -1.12601e+06
  Conserved En.    Temperature Pressure (bar)   Constr. rmsd
   -1.10183e+06    3.07889e+02   -1.18912e+02    0.00000e+00

           Step           Time
         145000      290.00000

   Energies (kJ/mol)
           Bond            U-B    Proper Dih.  Improper Dih.      CMAP Dih.
    2.83146e+04    1.33081e+05    9.56069e+04    1.96438e+03   -2.90495e+02
          LJ-14     Coulomb-14        LJ (SR)   Coulomb (SR)   Coul. recip.
    2.10655e+04    1.37894e+05    6.81827e+04   -2.05651e+06    6.66269e+03
 Position Rest.     Dih. Rest.      Potential    Kinetic En.   Total Energy
    4.19799e+02    0.00000e+00   -1.56361e+06    4.37638e+05   -1.12597e+06
  Conserved En.    Temperature Pressure (bar)   Constr. rmsd
   -1.10165e+06    3.09289e+02   -2.73009e+01    0.00000e+00

           Step           Time
         146000      292.00000

   Energies (kJ/mol)
           Bond            U-B    Proper Dih.  Improper Dih.      CMAP Dih.
    2.82278e+04    1.34170e+05    9.53701e+04    2.06456e+03   -2.93745e+02
          LJ-14     Coulomb-14        LJ (SR)   Coulomb (SR)   Coul. recip.
    2.10343e+04    1.37999e+05    6.83296e+04   -2.05726e+06    6.70195e+03
 Position Rest.     Dih. Rest.      Potential    Kinetic En.   Total Energy
    4.42071e+02    0.00000e+00   -1.56321e+06    4.39084e+05   -1.12413e+06
  Conserved En.    Temperature Pressure (bar)   Constr. rmsd
   -1.10138e+06    3.10311e+02    3.19179e+01    0.00000e+00

           Step           Time
         147000      294.00000

   Energies (kJ/mol)
           Bond            U-B    Proper Dih.  Improper Dih.      CMAP Dih.
    2.89055e+04    1.33065e+05    9.55299e+04    2.05443e+03   -3.08917e+02
          LJ-14     Coulomb-14        LJ (SR)   Coulomb (SR)   Coul. recip.
    2.09663e+04    1.37783e+05    6.82435e+04   -2.05447e+06    6.78130e+03
 Position Rest.     Dih. Rest.      Potential    Kinetic En.   Total Energy
    4.32331e+02    0.00000e+00   -1.56101e+06    4.39073e+05   -1.12194e+06
  Conserved En.    Temperature Pressure (bar)   Constr. rmsd
   -1.10175e+06    3.10304e+02   -8.47219e+00    0.00000e+00

           Step           Time
         148000      296.00000

   Energies (kJ/mol)
           Bond            U-B    Proper Dih.  Improper Dih.      CMAP Dih.
    2.85698e+04    1.33692e+05    9.52202e+04    2.11102e+03   -3.51477e+02
          LJ-14     Coulomb-14        LJ (SR)   Coulomb (SR)   Coul. recip.
    2.09450e+04    1.38147e+05    6.82850e+04   -2.05541e+06    6.77131e+03
 Position Rest.     Dih. Rest.      Potential    Kinetic En.   Total Energy
    4.28320e+02    0.00000e+00   -1.56160e+06    4.38339e+05   -1.12326e+06
  Conserved En.    Temperature Pressure (bar)   Constr. rmsd
   -1.10207e+06    3.09785e+02   -1.35835e+02    0.00000e+00

           Step           Time
         149000      298.00000

   Energies (kJ/mol)
           Bond            U-B    Proper Dih.  Improper Dih.      CMAP Dih.
    2.83892e+04    1.33351e+05    9.56115e+04    2.13991e+03   -4.22097e+02
          LJ-14     Coulomb-14        LJ (SR)   Coulomb (SR)   Coul. recip.
    2.11652e+04    1.37903e+05    6.79409e+04   -2.05563e+06    6.68092e+03
 Position Rest.     Dih. Rest.      Potential    Kinetic En.   Total Energy
    4.06067e+02    0.00000e+00   -1.56246e+06    4.38646e+05   -1.12381e+06
  Conserved En.    Temperature Pressure (bar)   Constr. rmsd
   -1.10151e+06    3.10002e+02   -2.98769e+01    0.00000e+00

           Step           Time
         150000      300.00000

   Energies (kJ/mol)
           Bond            U-B    Proper Dih.  Improper Dih.      CMAP Dih.
    2.88432e+04    1.34127e+05    9.54865e+04    2.13362e+03   -3.55861e+02
          LJ-14     Coulomb-14        LJ (SR)   Coulomb (SR)   Coul. recip.
    2.12648e+04    1.36876e+05    6.97740e+04   -2.05560e+06    6.84718e+03
 Position Rest.     Dih. Rest.      Potential    Kinetic En.   Total Energy
    4.02201e+02    0.00000e+00   -1.56021e+06    4.42497e+05   -1.11771e+06
  Conserved En.    Temperature Pressure (bar)   Constr. rmsd
   -1.10151e+06    3.12723e+02    2.05769e+02    0.00000e+00

           Step           Time
         151000      302.00000

   Energies (kJ/mol)
           Bond            U-B    Proper Dih.  Improper Dih.      CMAP Dih.
    2.85938e+04    1.33696e+05    9.53264e+04    2.10549e+03   -4.13408e+02
          LJ-14     Coulomb-14        LJ (SR)   Coulomb (SR)   Coul. recip.
    2.08960e+04    1.37932e+05    6.95576e+04   -2.05667e+06    6.77682e+03
 Position Rest.     Dih. Rest.      Potential    Kinetic En.   Total Energy
    4.20960e+02    0.00000e+00   -1.56178e+06    4.38563e+05   -1.12321e+06
  Conserved En.    Temperature Pressure (bar)   Constr. rmsd
   -1.10122e+06    3.09943e+02   -6.13128e+01    0.00000e+00

           Step           Time
         152000      304.00000

   Energies (kJ/mol)
           Bond            U-B    Proper Dih.  Improper Dih.      CMAP Dih.
    2.90183e+04    1.33129e+05    9.54580e+04    2.08910e+03   -3.77025e+02
          LJ-14     Coulomb-14        LJ (SR)   Coulomb (SR)   Coul. recip.
    2.10243e+04    1.38608e+05    6.89715e+04   -2.05716e+06    6.85251e+03
 Position Rest.     Dih. Rest.      Potential    Kinetic En.   Total Energy
    3.89603e+02    0.00000e+00   -1.56200e+06    4.38488e+05   -1.12351e+06
  Conserved En.    Temperature Pressure (bar)   Constr. rmsd
   -1.10075e+06    3.09890e+02   -1.06792e+02    0.00000e+00

           Step           Time
         153000      306.00000

   Energies (kJ/mol)
           Bond            U-B    Proper Dih.  Improper Dih.      CMAP Dih.
    2.90860e+04    1.33940e+05    9.56143e+04    2.07640e+03   -3.65630e+02
          LJ-14     Coulomb-14        LJ (SR)   Coulomb (SR)   Coul. recip.
    2.10789e+04    1.37745e+05    6.68971e+04   -2.05314e+06    6.64139e+03
 Position Rest.     Dih. Rest.      Potential    Kinetic En.   Total Energy
    4.14353e+02    0.00000e+00   -1.56001e+06    4.41066e+05   -1.11895e+06
  Conserved En.    Temperature Pressure (bar)   Constr. rmsd
   -1.10082e+06    3.11712e+02   -5.43065e+01    0.00000e+00

           Step           Time
         154000      308.00000

   Energies (kJ/mol)
           Bond            U-B    Proper Dih.  Improper Dih.      CMAP Dih.
    2.85557e+04    1.31973e+05    9.54596e+04    2.09014e+03   -3.51946e+02
          LJ-14     Coulomb-14        LJ (SR)   Coulomb (SR)   Coul. recip.
    2.10516e+04    1.38572e+05    6.76360e+04   -2.05546e+06    6.80981e+03
 Position Rest.     Dih. Rest.      Potential    Kinetic En.   Total Energy
    3.72771e+02    0.00000e+00   -1.56329e+06    4.39612e+05   -1.12368e+06
  Conserved En.    Temperature Pressure (bar)   Constr. rmsd
   -1.10086e+06    3.10684e+02   -7.10330e+01    0.00000e+00

           Step           Time
         155000      310.00000

   Energies (kJ/mol)
           Bond            U-B    Proper Dih.  Improper Dih.      CMAP Dih.
    2.81930e+04    1.32803e+05    9.56110e+04    2.09941e+03   -3.49362e+02
          LJ-14     Coulomb-14        LJ (SR)   Coulomb (SR)   Coul. recip.
    2.11077e+04    1.38139e+05    6.66670e+04   -2.05414e+06    6.64376e+03
 Position Rest.     Dih. Rest.      Potential    Kinetic En.   Total Energy
    4.04888e+02    0.00000e+00   -1.56282e+06    4.39041e+05   -1.12378e+06
  Conserved En.    Temperature Pressure (bar)   Constr. rmsd
   -1.10004e+06    3.10281e+02   -1.72268e+01    0.00000e+00

           Step           Time
         156000      312.00000

   Energies (kJ/mol)
           Bond            U-B    Proper Dih.  Improper Dih.      CMAP Dih.
    2.86323e+04    1.33210e+05    9.53078e+04    2.20359e+03   -3.15518e+02
          LJ-14     Coulomb-14        LJ (SR)   Coulomb (SR)   Coul. recip.
    2.11509e+04    1.37969e+05    6.73443e+04   -2.05503e+06    6.71944e+03
 Position Rest.     Dih. Rest.      Potential    Kinetic En.   Total Energy
    4.14114e+02    0.00000e+00   -1.56239e+06    4.38460e+05   -1.12393e+06
  Conserved En.    Temperature Pressure (bar)   Constr. rmsd
   -1.09996e+06    3.09870e+02    3.84109e+01    0.00000e+00

           Step           Time
         157000      314.00000

   Energies (kJ/mol)
           Bond            U-B    Proper Dih.  Improper Dih.      CMAP Dih.
    2.86559e+04    1.33724e+05    9.49297e+04    2.15047e+03   -3.42862e+02
          LJ-14     Coulomb-14        LJ (SR)   Coulomb (SR)   Coul. recip.
    2.08649e+04    1.37761e+05    6.68060e+04   -2.05412e+06    6.77984e+03
 Position Rest.     Dih. Rest.      Potential    Kinetic En.   Total Energy
    3.97220e+02    0.00000e+00   -1.56239e+06    4.38044e+05   -1.12435e+06
  Conserved En.    Temperature Pressure (bar)   Constr. rmsd
   -1.09974e+06    3.09576e+02   -8.72837e+01    0.00000e+00

           Step           Time
         158000      316.00000

   Energies (kJ/mol)
           Bond            U-B    Proper Dih.  Improper Dih.      CMAP Dih.
    2.89342e+04    1.32876e+05    9.55439e+04    2.01551e+03   -3.62160e+02
          LJ-14     Coulomb-14        LJ (SR)   Coulomb (SR)   Coul. recip.
    2.09470e+04    1.38183e+05    6.64203e+04   -2.05341e+06    6.77305e+03
 Position Rest.     Dih. Rest.      Potential    Kinetic En.   Total Energy
    4.08471e+02    0.00000e+00   -1.56167e+06    4.40678e+05   -1.12099e+06
  Conserved En.    Temperature Pressure (bar)   Constr. rmsd
   -1.09978e+06    3.11438e+02   -7.59674e+01    0.00000e+00

           Step           Time
         159000      318.00000

   Energies (kJ/mol)
           Bond            U-B    Proper Dih.  Improper Dih.      CMAP Dih.
    2.92123e+04    1.33608e+05    9.50387e+04    2.10908e+03   -3.71242e+02
          LJ-14     Coulomb-14        LJ (SR)   Coulomb (SR)   Coul. recip.
    2.08825e+04    1.37736e+05    6.75228e+04   -2.05531e+06    6.76806e+03
 Position Rest.     Dih. Rest.      Potential    Kinetic En.   Total Energy
    3.68565e+02    0.00000e+00   -1.56244e+06    4.39163e+05   -1.12327e+06
  Conserved En.    Temperature Pressure (bar)   Constr. rmsd
   -1.09966e+06    3.10367e+02   -8.52605e+01    0.00000e+00

           Step           Time
         160000      320.00000

   Energies (kJ/mol)
           Bond            U-B    Proper Dih.  Improper Dih.      CMAP Dih.
    2.84139e+04    1.32200e+05    9.56195e+04    2.05884e+03   -3.62381e+02
          LJ-14     Coulomb-14        LJ (SR)   Coulomb (SR)   Coul. recip.
    2.10958e+04    1.38026e+05    6.59906e+04   -2.05489e+06    6.82292e+03
 Position Rest.     Dih. Rest.      Potential    Kinetic En.   Total Energy
    4.09330e+02    0.00000e+00   -1.56462e+06    4.40858e+05   -1.12376e+06
  Conserved En.    Temperature Pressure (bar)   Constr. rmsd
   -1.09959e+06    3.11565e+02   -1.07503e+02    0.00000e+00

           Step           Time
         161000      322.00000

   Energies (kJ/mol)
           Bond            U-B    Proper Dih.  Improper Dih.      CMAP Dih.
    2.85379e+04    1.33009e+05    9.56097e+04    1.97977e+03   -2.94654e+02
          LJ-14     Coulomb-14        LJ (SR)   Coulomb (SR)   Coul. recip.
    2.13625e+04    1.38178e+05    6.83148e+04   -2.05505e+06    6.84427e+03
 Position Rest.     Dih. Rest.      Potential    Kinetic En.   Total Energy
    4.07495e+02    0.00000e+00   -1.56110e+06    4.39322e+05   -1.12177e+06
  Conserved En.    Temperature Pressure (bar)   Constr. rmsd
   -1.09916e+06    3.10479e+02    1.03440e+02    0.00000e+00

           Step           Time
         162000      324.00000

   Energies (kJ/mol)
           Bond            U-B    Proper Dih.  Improper Dih.      CMAP Dih.
    2.82900e+04    1.33162e+05    9.55641e+04    2.01850e+03   -3.27300e+02
          LJ-14     Coulomb-14        LJ (SR)   Coulomb (SR)   Coul. recip.
    2.13314e+04    1.38743e+05    6.66495e+04   -2.05521e+06    6.50493e+03
 Position Rest.     Dih. Rest.      Potential    Kinetic En.   Total Energy
    3.74216e+02    0.00000e+00   -1.56290e+06    4.41134e+05   -1.12176e+06
  Conserved En.    Temperature Pressure (bar)   Constr. rmsd
   -1.09871e+06    3.11760e+02   -2.81337e+01    0.00000e+00

           Step           Time
         163000      326.00000

   Energies (kJ/mol)
           Bond            U-B    Proper Dih.  Improper Dih.      CMAP Dih.
    2.84678e+04    1.32136e+05    9.54674e+04    2.15098e+03   -2.95781e+02
          LJ-14     Coulomb-14        LJ (SR)   Coulomb (SR)   Coul. recip.
    2.12799e+04    1.38773e+05    6.68824e+04   -2.05629e+06    6.61485e+03
 Position Rest.     Dih. Rest.      Potential    Kinetic En.   Total Energy
    4.20765e+02    0.00000e+00   -1.56439e+06    4.39028e+05   -1.12536e+06
  Conserved En.    Temperature Pressure (bar)   Constr. rmsd
   -1.09877e+06    3.10271e+02   -5.20994e+01    0.00000e+00

           Step           Time
         164000      328.00000

   Energies (kJ/mol)
           Bond            U-B    Proper Dih.  Improper Dih.      CMAP Dih.
    2.80455e+04    1.34509e+05    9.58335e+04    2.06697e+03   -2.86100e+02
          LJ-14     Coulomb-14        LJ (SR)   Coulomb (SR)   Coul. recip.
    2.08479e+04    1.38515e+05    6.52812e+04   -2.05228e+06    6.78644e+03
 Position Rest.     Dih. Rest.      Potential    Kinetic En.   Total Energy
    3.94260e+02    0.00000e+00   -1.56029e+06    4.40918e+05   -1.11937e+06
  Conserved En.    Temperature Pressure (bar)   Constr. rmsd
   -1.09873e+06    3.11607e+02   -5.60150e+01    0.00000e+00

           Step           Time
         165000      330.00000

   Energies (kJ/mol)
           Bond            U-B    Proper Dih.  Improper Dih.      CMAP Dih.
    2.87104e+04    1.32801e+05    9.56764e+04    2.17342e+03   -2.92644e+02
          LJ-14     Coulomb-14        LJ (SR)   Coulomb (SR)   Coul. recip.
    2.14130e+04    1.38484e+05    6.88772e+04   -2.05550e+06    6.77067e+03
 Position Rest.     Dih. Rest.      Potential    Kinetic En.   Total Energy
    3.92362e+02    0.00000e+00   -1.56050e+06    4.40323e+05   -1.12017e+06
  Conserved En.    Temperature Pressure (bar)   Constr. rmsd
   -1.09857e+06    3.11187e+02    8.53578e+01    0.00000e+00

           Step           Time
         166000      332.00000

   Energies (kJ/mol)
           Bond            U-B    Proper Dih.  Improper Dih.      CMAP Dih.
    2.83532e+04    1.32407e+05    9.57134e+04    2.17667e+03   -3.73030e+02
          LJ-14     Coulomb-14        LJ (SR)   Coulomb (SR)   Coul. recip.
    2.12860e+04    1.39035e+05    6.90953e+04   -2.05783e+06    6.72829e+03
 Position Rest.     Dih. Rest.      Potential    Kinetic En.   Total Energy
    4.12044e+02    0.00000e+00   -1.56300e+06    4.39886e+05   -1.12311e+06
  Conserved En.    Temperature Pressure (bar)   Constr. rmsd
   -1.09852e+06    3.10878e+02    1.18021e+02    0.00000e+00

           Step           Time
         167000      334.00000

   Energies (kJ/mol)
           Bond            U-B    Proper Dih.  Improper Dih.      CMAP Dih.
    2.85942e+04    1.33203e+05    9.58117e+04    2.09462e+03   -2.74097e+02
          LJ-14     Coulomb-14        LJ (SR)   Coulomb (SR)   Coul. recip.
    2.09123e+04    1.37782e+05    6.65022e+04   -2.05200e+06    6.83441e+03
 Position Rest.     Dih. Rest.      Potential    Kinetic En.   Total Energy
    4.37497e+02    0.00000e+00   -1.56010e+06    4.38842e+05   -1.12126e+06
  Conserved En.    Temperature Pressure (bar)   Constr. rmsd
   -1.09829e+06    3.10140e+02   -3.29178e+01    0.00000e+00

           Step           Time
         168000      336.00000

   Energies (kJ/mol)
           Bond            U-B    Proper Dih.  Improper Dih.      CMAP Dih.
    2.83553e+04    1.33042e+05    9.58258e+04    1.92685e+03   -3.20650e+02
          LJ-14     Coulomb-14        LJ (SR)   Coulomb (SR)   Coul. recip.
    2.11337e+04    1.37760e+05    6.96420e+04   -2.05759e+06    6.66629e+03
 Position Rest.     Dih. Rest.      Potential    Kinetic En.   Total Energy
    4.11246e+02    0.00000e+00   -1.56315e+06    4.39189e+05   -1.12396e+06
  Conserved En.    Temperature Pressure (bar)   Constr. rmsd
   -1.09771e+06    3.10385e+02    1.65877e+02    0.00000e+00

           Step           Time
         169000      338.00000

   Energies (kJ/mol)
           Bond            U-B    Proper Dih.  Improper Dih.      CMAP Dih.
    2.85858e+04    1.32788e+05    9.58820e+04    1.96738e+03   -2.85994e+02
          LJ-14     Coulomb-14        LJ (SR)   Coulomb (SR)   Coul. recip.
    2.11266e+04    1.39357e+05    6.59717e+04   -2.05494e+06    6.76391e+03
 Position Rest.     Dih. Rest.      Potential    Kinetic En.   Total Energy
    3.69739e+02    0.00000e+00   -1.56241e+06    4.39097e+05   -1.12332e+06
  Conserved En.    Temperature Pressure (bar)   Constr. rmsd
   -1.09691e+06    3.10320e+02   -3.15975e+01    0.00000e+00

           Step           Time
         170000      340.00000

   Energies (kJ/mol)
           Bond            U-B    Proper Dih.  Improper Dih.      CMAP Dih.
    2.82752e+04    1.33046e+05    9.60514e+04    2.04031e+03   -3.12586e+02
          LJ-14     Coulomb-14        LJ (SR)   Coulomb (SR)   Coul. recip.
    2.08120e+04    1.38256e+05    6.59708e+04   -2.05505e+06    6.72844e+03
 Position Rest.     Dih. Rest.      Potential    Kinetic En.   Total Energy
    4.21299e+02    0.00000e+00   -1.56376e+06    4.39733e+05   -1.12403e+06
  Conserved En.    Temperature Pressure (bar)   Constr. rmsd
   -1.09622e+06    3.10770e+02    1.01011e+02    0.00000e+00

           Step           Time
         171000      342.00000

   Energies (kJ/mol)
           Bond            U-B    Proper Dih.  Improper Dih.      CMAP Dih.
    2.82159e+04    1.32208e+05    9.53174e+04    1.94225e+03   -3.36919e+02
          LJ-14     Coulomb-14        LJ (SR)   Coulomb (SR)   Coul. recip.
    2.12826e+04    1.38647e+05    6.90952e+04   -2.06196e+06    6.68144e+03
 Position Rest.     Dih. Rest.      Potential    Kinetic En.   Total Energy
    3.95209e+02    0.00000e+00   -1.56852e+06    4.37423e+05   -1.13109e+06
  Conserved En.    Temperature Pressure (bar)   Constr. rmsd
   -1.09624e+06    3.09137e+02    1.35500e+02    0.00000e+00

           Step           Time
         172000      344.00000

   Energies (kJ/mol)
           Bond            U-B    Proper Dih.  Improper Dih.      CMAP Dih.
    2.81362e+04    1.33182e+05    9.53416e+04    2.07809e+03   -2.03243e+02
          LJ-14     Coulomb-14        LJ (SR)   Coulomb (SR)   Coul. recip.
    2.09975e+04    1.38889e+05    6.70283e+04   -2.05860e+06    6.68398e+03
 Position Rest.     Dih. Rest.      Potential    Kinetic En.   Total Energy
    3.94971e+02    0.00000e+00   -1.56607e+06    4.38259e+05   -1.12781e+06
  Conserved En.    Temperature Pressure (bar)   Constr. rmsd
   -1.09633e+06    3.09728e+02    1.50033e+02    0.00000e+00

           Step           Time
         173000      346.00000

   Energies (kJ/mol)
           Bond            U-B    Proper Dih.  Improper Dih.      CMAP Dih.
    2.81976e+04    1.32540e+05    9.52428e+04    2.10163e+03   -3.11846e+02
          LJ-14     Coulomb-14        LJ (SR)   Coulomb (SR)   Coul. recip.
    2.11682e+04    1.39094e+05    6.73345e+04   -2.05831e+06    6.69894e+03
 Position Rest.     Dih. Rest.      Potential    Kinetic En.   Total Energy
    3.93938e+02    0.00000e+00   -1.56585e+06    4.38258e+05   -1.12759e+06
  Conserved En.    Temperature Pressure (bar)   Constr. rmsd
   -1.09601e+06    3.09727e+02    5.74340e+01    0.00000e+00

           Step           Time
         174000      348.00000

   Energies (kJ/mol)
           Bond            U-B    Proper Dih.  Improper Dih.      CMAP Dih.
    2.90847e+04    1.33477e+05    9.53300e+04    2.08203e+03   -3.34140e+02
          LJ-14     Coulomb-14        LJ (SR)   Coulomb (SR)   Coul. recip.
    2.09839e+04    1.38152e+05    6.64467e+04   -2.05571e+06    6.67151e+03
 Position Rest.     Dih. Rest.      Potential    Kinetic En.   Total Energy
    3.85504e+02    0.00000e+00   -1.56343e+06    4.39239e+05   -1.12419e+06
  Conserved En.    Temperature Pressure (bar)   Constr. rmsd
   -1.09644e+06    3.10421e+02   -4.77682e+01    0.00000e+00

           Step           Time
         175000      350.00000

   Energies (kJ/mol)
           Bond            U-B    Proper Dih.  Improper Dih.      CMAP Dih.
    2.84737e+04    1.34357e+05    9.54163e+04    2.07537e+03   -2.74368e+02
          LJ-14     Coulomb-14        LJ (SR)   Coulomb (SR)   Coul. recip.
    2.12937e+04    1.38921e+05    6.60608e+04   -2.05489e+06    6.75269e+03
 Position Rest.     Dih. Rest.      Potential    Kinetic En.   Total Energy
    3.77080e+02    0.00000e+00   -1.56144e+06    4.37852e+05   -1.12359e+06
  Conserved En.    Temperature Pressure (bar)   Constr. rmsd
   -1.09624e+06    3.09440e+02    5.38360e+00    0.00000e+00

           Step           Time
         176000      352.00000

   Energies (kJ/mol)
           Bond            U-B    Proper Dih.  Improper Dih.      CMAP Dih.
    2.85068e+04    1.33305e+05    9.52975e+04    2.11402e+03   -2.90083e+02
          LJ-14     Coulomb-14        LJ (SR)   Coulomb (SR)   Coul. recip.
    2.10840e+04    1.38562e+05    6.88037e+04   -2.05888e+06    6.71305e+03
 Position Rest.     Dih. Rest.      Potential    Kinetic En.   Total Energy
    3.63586e+02    0.00000e+00   -1.56442e+06    4.39211e+05   -1.12521e+06
  Conserved En.    Temperature Pressure (bar)   Constr. rmsd
   -1.09606e+06    3.10401e+02    3.26007e+01    0.00000e+00

           Step           Time
         177000      354.00000

   Energies (kJ/mol)
           Bond            U-B    Proper Dih.  Improper Dih.      CMAP Dih.
    2.86861e+04    1.32955e+05    9.53764e+04    2.03025e+03   -3.42939e+02
          LJ-14     Coulomb-14        LJ (SR)   Coulomb (SR)   Coul. recip.
    2.10205e+04    1.38469e+05    6.86018e+04   -2.05928e+06    6.63490e+03
 Position Rest.     Dih. Rest.      Potential    Kinetic En.   Total Energy
    4.25214e+02    0.00000e+00   -1.56542e+06    4.37568e+05   -1.12786e+06
  Conserved En.    Temperature Pressure (bar)   Constr. rmsd
   -1.09650e+06    3.09240e+02    5.47980e+01    0.00000e+00

           Step           Time
         178000      356.00000

   Energies (kJ/mol)
           Bond            U-B    Proper Dih.  Improper Dih.      CMAP Dih.
    2.87833e+04    1.32423e+05    9.53790e+04    2.05416e+03   -4.39937e+02
          LJ-14     Coulomb-14        LJ (SR)   Coulomb (SR)   Coul. recip.
    2.11353e+04    1.38291e+05    6.77604e+04   -2.05607e+06    6.79078e+03
 Position Rest.     Dih. Rest.      Potential    Kinetic En.   Total Energy
    4.00421e+02    0.00000e+00   -1.56350e+06    4.38868e+05   -1.12463e+06
  Conserved En.    Temperature Pressure (bar)   Constr. rmsd
   -1.09674e+06    3.10158e+02    2.06814e+01    0.00000e+00

           Step           Time
         179000      358.00000

   Energies (kJ/mol)
           Bond            U-B    Proper Dih.  Improper Dih.      CMAP Dih.
    2.81975e+04    1.33354e+05    9.54746e+04    2.09332e+03   -3.16108e+02
          LJ-14     Coulomb-14        LJ (SR)   Coulomb (SR)   Coul. recip.
    2.12981e+04    1.37661e+05    6.78418e+04   -2.05636e+06    6.68686e+03
 Position Rest.     Dih. Rest.      Potential    Kinetic En.   Total Energy
    4.05392e+02    0.00000e+00   -1.56366e+06    4.39891e+05   -1.12377e+06
  Conserved En.    Temperature Pressure (bar)   Constr. rmsd
   -1.09597e+06    3.10881e+02    3.07814e+01    0.00000e+00

           Step           Time
         180000      360.00000

   Energies (kJ/mol)
           Bond            U-B    Proper Dih.  Improper Dih.      CMAP Dih.
    2.84151e+04    1.32101e+05    9.51686e+04    2.08450e+03   -2.76767e+02
          LJ-14     Coulomb-14        LJ (SR)   Coulomb (SR)   Coul. recip.
    2.11329e+04    1.38374e+05    6.93806e+04   -2.05942e+06    6.71595e+03
 Position Rest.     Dih. Rest.      Potential    Kinetic En.   Total Energy
    3.93645e+02    0.00000e+00   -1.56593e+06    4.38339e+05   -1.12759e+06
  Conserved En.    Temperature Pressure (bar)   Constr. rmsd
   -1.09570e+06    3.09784e+02    1.94521e+02    0.00000e+00

           Step           Time
         181000      362.00000

   Energies (kJ/mol)
           Bond            U-B    Proper Dih.  Improper Dih.      CMAP Dih.
    2.86085e+04    1.33113e+05    9.53090e+04    2.19019e+03   -3.88878e+02
          LJ-14     Coulomb-14        LJ (SR)   Coulomb (SR)   Coul. recip.
    2.10114e+04    1.38268e+05    6.66610e+04   -2.05615e+06    6.74249e+03
 Position Rest.     Dih. Rest.      Potential    Kinetic En.   Total Energy
    3.86325e+02    0.00000e+00   -1.56425e+06    4.41131e+05   -1.12312e+06
  Conserved En.    Temperature Pressure (bar)   Constr. rmsd
   -1.09546e+06    3.11758e+02   -1.44223e+02    0.00000e+00

           Step           Time
         182000      364.00000

   Energies (kJ/mol)
           Bond            U-B    Proper Dih.  Improper Dih.      CMAP Dih.
    2.87322e+04    1.32590e+05    9.56024e+04    2.07442e+03   -2.97456e+02
          LJ-14     Coulomb-14        LJ (SR)   Coulomb (SR)   Coul. recip.
    2.08415e+04    1.38067e+05    6.89098e+04   -2.05716e+06    6.63100e+03
 Position Rest.     Dih. Rest.      Potential    Kinetic En.   Total Energy
    3.88996e+02    0.00000e+00   -1.56362e+06    4.37979e+05   -1.12564e+06
  Conserved En.    Temperature Pressure (bar)   Constr. rmsd
   -1.09510e+06    3.09530e+02    1.49525e+01    0.00000e+00

           Step           Time
         183000      366.00000

   Energies (kJ/mol)
           Bond            U-B    Proper Dih.  Improper Dih.      CMAP Dih.
    2.88536e+04    1.32878e+05    9.54307e+04    2.13490e+03   -2.92139e+02
          LJ-14     Coulomb-14        LJ (SR)   Coulomb (SR)   Coul. recip.
    2.12206e+04    1.38073e+05    6.66996e+04   -2.05608e+06    6.63909e+03
 Position Rest.     Dih. Rest.      Potential    Kinetic En.   Total Energy
    3.65703e+02    0.00000e+00   -1.56408e+06    4.40681e+05   -1.12340e+06
  Conserved En.    Temperature Pressure (bar)   Constr. rmsd
   -1.09480e+06    3.11440e+02    6.65657e+00    0.00000e+00

           Step           Time
         184000      368.00000

   Energies (kJ/mol)
           Bond            U-B    Proper Dih.  Improper Dih.      CMAP Dih.
    2.87311e+04    1.33300e+05    9.53590e+04    2.11122e+03   -4.04252e+02
          LJ-14     Coulomb-14        LJ (SR)   Coulomb (SR)   Coul. recip.
    2.10515e+04    1.38320e+05    6.67696e+04   -2.05603e+06    6.83923e+03
 Position Rest.     Dih. Rest.      Potential    Kinetic En.   Total Energy
    3.79843e+02    0.00000e+00   -1.56357e+06    4.39093e+05   -1.12448e+06
  Conserved En.    Temperature Pressure (bar)   Constr. rmsd
   -1.09456e+06    3.10318e+02    4.81221e+01    0.00000e+00

           Step           Time
         185000      370.00000

   Energies (kJ/mol)
           Bond            U-B    Proper Dih.  Improper Dih.      CMAP Dih.
    2.83822e+04    1.33090e+05    9.54889e+04    2.17121e+03   -3.33735e+02
          LJ-14     Coulomb-14        LJ (SR)   Coulomb (SR)   Coul. recip.
    2.12305e+04    1.38983e+05    6.61601e+04   -2.05760e+06    6.68917e+03
 Position Rest.     Dih. Rest.      Potential    Kinetic En.   Total Energy
    4.06725e+02    0.00000e+00   -1.56533e+06    4.39915e+05   -1.12541e+06
  Conserved En.    Temperature Pressure (bar)   Constr. rmsd
   -1.09418e+06    3.10899e+02    2.84859e+00    0.00000e+00

           Step           Time
         186000      372.00000

   Energies (kJ/mol)
           Bond            U-B    Proper Dih.  Improper Dih.      CMAP Dih.
    2.86865e+04    1.33042e+05    9.55693e+04    2.09814e+03   -3.05010e+02
          LJ-14     Coulomb-14        LJ (SR)   Coulomb (SR)   Coul. recip.
    2.09147e+04    1.37568e+05    6.87195e+04   -2.05959e+06    6.82496e+03
 Position Rest.     Dih. Rest.      Potential    Kinetic En.   Total Energy
    4.51160e+02    0.00000e+00   -1.56602e+06    4.38263e+05   -1.12776e+06
  Conserved En.    Temperature Pressure (bar)   Constr. rmsd
   -1.09422e+06    3.09731e+02   -9.50917e+01    0.00000e+00

           Step           Time
         187000      374.00000

   Energies (kJ/mol)
           Bond            U-B    Proper Dih.  Improper Dih.      CMAP Dih.
    2.86095e+04    1.32457e+05    9.54546e+04    2.19190e+03   -3.73806e+02
          LJ-14     Coulomb-14        LJ (SR)   Coulomb (SR)   Coul. recip.
    2.10366e+04    1.38122e+05    6.90718e+04   -2.05909e+06    6.70306e+03
 Position Rest.     Dih. Rest.      Potential    Kinetic En.   Total Energy
    3.86847e+02    0.00000e+00   -1.56544e+06    4.38200e+05   -1.12724e+06
  Conserved En.    Temperature Pressure (bar)   Constr. rmsd
   -1.09379e+06    3.09686e+02    1.55834e+02    0.00000e+00

           Step           Time
         188000      376.00000

   Energies (kJ/mol)
           Bond            U-B    Proper Dih.  Improper Dih.      CMAP Dih.
    2.83981e+04    1.32830e+05    9.56931e+04    2.05383e+03   -3.07926e+02
          LJ-14     Coulomb-14        LJ (SR)   Coulomb (SR)   Coul. recip.
    2.09848e+04    1.37668e+05    6.81636e+04   -2.05688e+06    6.79226e+03
 Position Rest.     Dih. Rest.      Potential    Kinetic En.   Total Energy
    3.74805e+02    0.00000e+00   -1.56423e+06    4.39822e+05   -1.12440e+06
  Conserved En.    Temperature Pressure (bar)   Constr. rmsd
   -1.09376e+06    3.10833e+02    7.88647e+01    0.00000e+00

           Step           Time
         189000      378.00000

   Energies (kJ/mol)
           Bond            U-B    Proper Dih.  Improper Dih.      CMAP Dih.
    2.82245e+04    1.32716e+05    9.54070e+04    2.14575e+03   -3.20522e+02
          LJ-14     Coulomb-14        LJ (SR)   Coulomb (SR)   Coul. recip.
    2.09739e+04    1.37518e+05    6.56052e+04   -2.05608e+06    6.75760e+03
 Position Rest.     Dih. Rest.      Potential    Kinetic En.   Total Energy
    4.06527e+02    0.00000e+00   -1.56665e+06    4.37477e+05   -1.12917e+06
  Conserved En.    Temperature Pressure (bar)   Constr. rmsd
   -1.09328e+06    3.09175e+02   -5.59840e+01    0.00000e+00

           Step           Time
         190000      380.00000

   Energies (kJ/mol)
           Bond            U-B    Proper Dih.  Improper Dih.      CMAP Dih.
    2.83009e+04    1.32342e+05    9.53702e+04    2.14556e+03   -3.08975e+02
          LJ-14     Coulomb-14        LJ (SR)   Coulomb (SR)   Coul. recip.
    2.06910e+04    1.38210e+05    6.78325e+04   -2.05902e+06    6.73652e+03
 Position Rest.     Dih. Rest.      Potential    Kinetic En.   Total Energy
    4.16532e+02    0.00000e+00   -1.56728e+06    4.38356e+05   -1.12892e+06
  Conserved En.    Temperature Pressure (bar)   Constr. rmsd
   -1.09332e+06    3.09797e+02   -1.05839e+01    0.00000e+00

           Step           Time
         191000      382.00000

   Energies (kJ/mol)
           Bond            U-B    Proper Dih.  Improper Dih.      CMAP Dih.
    2.84958e+04    1.33231e+05    9.55398e+04    2.03850e+03   -2.91787e+02
          LJ-14     Coulomb-14        LJ (SR)   Coulomb (SR)   Coul. recip.
    2.12766e+04    1.37994e+05    6.80220e+04   -2.05967e+06    6.84346e+03
 Position Rest.     Dih. Rest.      Potential    Kinetic En.   Total Energy
    3.94210e+02    0.00000e+00   -1.56613e+06    4.36212e+05   -1.12992e+06
  Conserved En.    Temperature Pressure (bar)   Constr. rmsd
   -1.09273e+06    3.08281e+02    1.12752e+02    0.00000e+00

           Step           Time
         192000      384.00000

   Energies (kJ/mol)
           Bond            U-B    Proper Dih.  Improper Dih.      CMAP Dih.
    2.82672e+04    1.33173e+05    9.54648e+04    2.16960e+03   -3.55524e+02
          LJ-14     Coulomb-14        LJ (SR)   Coulomb (SR)   Coul. recip.
    2.11230e+04    1.38788e+05    7.05845e+04   -2.06220e+06    6.76966e+03
 Position Rest.     Dih. Rest.      Potential    Kinetic En.   Total Energy
    4.06845e+02    0.00000e+00   -1.56581e+06    4.38178e+05   -1.12764e+06
  Conserved En.    Temperature Pressure (bar)   Constr. rmsd
   -1.09296e+06    3.09670e+02    1.48121e+02    0.00000e+00

           Step           Time
         193000      386.00000

   Energies (kJ/mol)
           Bond            U-B    Proper Dih.  Improper Dih.      CMAP Dih.
    2.83836e+04    1.33645e+05    9.50243e+04    2.10645e+03   -3.60725e+02
          LJ-14     Coulomb-14        LJ (SR)   Coulomb (SR)   Coul. recip.
    2.10085e+04    1.39278e+05    6.80262e+04   -2.06068e+06    6.72966e+03
 Position Rest.     Dih. Rest.      Potential    Kinetic En.   Total Energy
    4.16398e+02    0.00000e+00   -1.56642e+06    4.38957e+05   -1.12746e+06
  Conserved En.    Temperature Pressure (bar)   Constr. rmsd
   -1.09275e+06    3.10221e+02    8.32895e+01    0.00000e+00

           Step           Time
         194000      388.00000

   Energies (kJ/mol)
           Bond            U-B    Proper Dih.  Improper Dih.      CMAP Dih.
    2.86275e+04    1.32282e+05    9.51761e+04    2.14992e+03   -4.05182e+02
          LJ-14     Coulomb-14        LJ (SR)   Coulomb (SR)   Coul. recip.
    2.07424e+04    1.38325e+05    6.81179e+04   -2.06047e+06    6.77755e+03
 Position Rest.     Dih. Rest.      Potential    Kinetic En.   Total Energy
    4.11306e+02    0.00000e+00   -1.56826e+06    4.36830e+05   -1.13143e+06
  Conserved En.    Temperature Pressure (bar)   Constr. rmsd
   -1.09274e+06    3.08718e+02   -1.28624e+02    0.00000e+00

           Step           Time
         195000      390.00000

   Energies (kJ/mol)
           Bond            U-B    Proper Dih.  Improper Dih.      CMAP Dih.
    2.81820e+04    1.32349e+05    9.54706e+04    2.02393e+03   -2.89234e+02
          LJ-14     Coulomb-14        LJ (SR)   Coulomb (SR)   Coul. recip.
    2.10230e+04    1.38031e+05    6.75571e+04   -2.06039e+06    6.63092e+03
 Position Rest.     Dih. Rest.      Potential    Kinetic En.   Total Energy
    3.79025e+02    0.00000e+00   -1.56903e+06    4.38088e+05   -1.13094e+06
  Conserved En.    Temperature Pressure (bar)   Constr. rmsd
   -1.09292e+06    3.09607e+02    7.71193e+01    0.00000e+00

           Step           Time
         196000      392.00000

   Energies (kJ/mol)
           Bond            U-B    Proper Dih.  Improper Dih.      CMAP Dih.
    2.78596e+04    1.31940e+05    9.51872e+04    2.00450e+03   -3.60646e+02
          LJ-14     Coulomb-14        LJ (SR)   Coulomb (SR)   Coul. recip.
    2.11379e+04    1.39156e+05    6.95178e+04   -2.06242e+06    6.70802e+03
 Position Rest.     Dih. Rest.      Potential    Kinetic En.   Total Energy
    3.94276e+02    0.00000e+00   -1.56888e+06    4.37824e+05   -1.13105e+06
  Conserved En.    Temperature Pressure (bar)   Constr. rmsd
   -1.09311e+06    3.09421e+02    1.75096e+02    0.00000e+00

           Step           Time
         197000      394.00000

   Energies (kJ/mol)
           Bond            U-B    Proper Dih.  Improper Dih.      CMAP Dih.
    2.86674e+04    1.32415e+05    9.54603e+04    2.06708e+03   -1.80842e+02
          LJ-14     Coulomb-14        LJ (SR)   Coulomb (SR)   Coul. recip.
    2.08233e+04    1.38334e+05    6.91802e+04   -2.06040e+06    6.76636e+03
 Position Rest.     Dih. Rest.      Potential    Kinetic En.   Total Energy
    3.64416e+02    0.00000e+00   -1.56650e+06    4.37941e+05   -1.12856e+06
  Conserved En.    Temperature Pressure (bar)   Constr. rmsd
   -1.09265e+06    3.09503e+02   -3.58630e+01    0.00000e+00

           Step           Time
         198000      396.00000

   Energies (kJ/mol)
           Bond            U-B    Proper Dih.  Improper Dih.      CMAP Dih.
    2.82672e+04    1.32941e+05    9.54548e+04    2.08783e+03   -2.71233e+02
          LJ-14     Coulomb-14        LJ (SR)   Coulomb (SR)   Coul. recip.
    2.09281e+04    1.37428e+05    6.87098e+04   -2.05823e+06    6.82778e+03
 Position Rest.     Dih. Rest.      Potential    Kinetic En.   Total Energy
    4.18075e+02    0.00000e+00   -1.56544e+06    4.38148e+05   -1.12729e+06
  Conserved En.    Temperature Pressure (bar)   Constr. rmsd
   -1.09218e+06    3.09649e+02    7.67202e+01    0.00000e+00

           Step           Time
         199000      398.00000

   Energies (kJ/mol)
           Bond            U-B    Proper Dih.  Improper Dih.      CMAP Dih.
    2.83687e+04    1.33108e+05    9.57209e+04    2.09605e+03   -3.00704e+02
          LJ-14     Coulomb-14        LJ (SR)   Coulomb (SR)   Coul. recip.
    2.13530e+04    1.38192e+05    6.69427e+04   -2.05691e+06    6.67328e+03
 Position Rest.     Dih. Rest.      Potential    Kinetic En.   Total Energy
    3.80700e+02    0.00000e+00   -1.56437e+06    4.40477e+05   -1.12390e+06
  Conserved En.    Temperature Pressure (bar)   Constr. rmsd
   -1.09251e+06    3.11295e+02   -2.04400e+01    0.00000e+00

           Step           Time
         200000      400.00000

   Energies (kJ/mol)
           Bond            U-B    Proper Dih.  Improper Dih.      CMAP Dih.
    2.88656e+04    1.32216e+05    9.53314e+04    2.13839e+03   -2.71408e+02
          LJ-14     Coulomb-14        LJ (SR)   Coulomb (SR)   Coul. recip.
    2.09296e+04    1.36741e+05    6.76294e+04   -2.05519e+06    6.76823e+03
 Position Rest.     Dih. Rest.      Potential    Kinetic En.   Total Energy
    4.41749e+02    0.00000e+00   -1.56439e+06    4.36542e+05   -1.12785e+06
  Conserved En.    Temperature Pressure (bar)   Constr. rmsd
   -1.09262e+06    3.08515e+02   -2.38029e+01    0.00000e+00

           Step           Time
         201000      402.00000

   Energies (kJ/mol)
           Bond            U-B    Proper Dih.  Improper Dih.      CMAP Dih.
    2.85249e+04    1.32855e+05    9.53719e+04    2.24924e+03   -3.32801e+02
          LJ-14     Coulomb-14        LJ (SR)   Coulomb (SR)   Coul. recip.
    2.11857e+04    1.38108e+05    6.80337e+04   -2.05687e+06    6.67566e+03
 Position Rest.     Dih. Rest.      Potential    Kinetic En.   Total Energy
    4.05194e+02    0.00000e+00   -1.56380e+06    4.37793e+05   -1.12600e+06
  Conserved En.    Temperature Pressure (bar)   Constr. rmsd
   -1.09250e+06    3.09399e+02    7.08262e+01    0.00000e+00

           Step           Time
         202000      404.00000

   Energies (kJ/mol)
           Bond            U-B    Proper Dih.  Improper Dih.      CMAP Dih.
    2.84659e+04    1.33000e+05    9.58327e+04    2.05557e+03   -3.69695e+02
          LJ-14     Coulomb-14        LJ (SR)   Coulomb (SR)   Coul. recip.
    2.11953e+04    1.37619e+05    6.66982e+04   -2.05568e+06    6.79220e+03
 Position Rest.     Dih. Rest.      Potential    Kinetic En.   Total Energy
    4.22756e+02    0.00000e+00   -1.56397e+06    4.40225e+05   -1.12374e+06
  Conserved En.    Temperature Pressure (bar)   Constr. rmsd
   -1.09152e+06    3.11118e+02   -6.18102e+00    0.00000e+00

           Step           Time
         203000      406.00000

   Energies (kJ/mol)
           Bond            U-B    Proper Dih.  Improper Dih.      CMAP Dih.
    2.89213e+04    1.31491e+05    9.56980e+04    2.20834e+03   -3.75634e+02
          LJ-14     Coulomb-14        LJ (SR)   Coulomb (SR)   Coul. recip.
    2.11177e+04    1.38315e+05    6.72585e+04   -2.05681e+06    6.87866e+03
 Position Rest.     Dih. Rest.      Potential    Kinetic En.   Total Energy
    4.08570e+02    0.00000e+00   -1.56489e+06    4.39797e+05   -1.12509e+06
  Conserved En.    Temperature Pressure (bar)   Constr. rmsd
   -1.09185e+06    3.10815e+02   -3.27687e+01    0.00000e+00

           Step           Time
         204000      408.00000

   Energies (kJ/mol)
           Bond            U-B    Proper Dih.  Improper Dih.      CMAP Dih.
    2.87717e+04    1.32577e+05    9.55883e+04    2.12124e+03   -2.78845e+02
          LJ-14     Coulomb-14        LJ (SR)   Coulomb (SR)   Coul. recip.
    2.11331e+04    1.38929e+05    6.73119e+04   -2.05723e+06    6.62415e+03
 Position Rest.     Dih. Rest.      Potential    Kinetic En.   Total Energy
    4.25489e+02    0.00000e+00   -1.56402e+06    4.41484e+05   -1.12254e+06
  Conserved En.    Temperature Pressure (bar)   Constr. rmsd
   -1.09182e+06    3.12007e+02   -1.38545e+01    0.00000e+00

           Step           Time
         205000      410.00000

   Energies (kJ/mol)
           Bond            U-B    Proper Dih.  Improper Dih.      CMAP Dih.
    2.89029e+04    1.33921e+05    9.51777e+04    2.09760e+03   -2.88748e+02
          LJ-14     Coulomb-14        LJ (SR)   Coulomb (SR)   Coul. recip.
    2.10676e+04    1.37636e+05    6.96992e+04   -2.05701e+06    6.78542e+03
 Position Rest.     Dih. Rest.      Potential    Kinetic En.   Total Energy
    4.06382e+02    0.00000e+00   -1.56160e+06    4.40466e+05   -1.12113e+06
  Conserved En.    Temperature Pressure (bar)   Constr. rmsd
   -1.09151e+06    3.11288e+02    1.80925e+02    0.00000e+00

           Step           Time
         206000      412.00000

   Energies (kJ/mol)
           Bond            U-B    Proper Dih.  Improper Dih.      CMAP Dih.
    2.85237e+04    1.33133e+05    9.55445e+04    1.98823e+03   -3.09082e+02
          LJ-14     Coulomb-14        LJ (SR)   Coulomb (SR)   Coul. recip.
    2.09187e+04    1.37772e+05    6.81964e+04   -2.05832e+06    6.71841e+03
 Position Rest.     Dih. Rest.      Potential    Kinetic En.   Total Energy
    4.35215e+02    0.00000e+00   -1.56540e+06    4.38297e+05   -1.12710e+06
  Conserved En.    Temperature Pressure (bar)   Constr. rmsd
   -1.09164e+06    3.09755e+02   -9.37243e+01    0.00000e+00

           Step           Time
         207000      414.00000

   Energies (kJ/mol)
           Bond            U-B    Proper Dih.  Improper Dih.      CMAP Dih.
    2.82561e+04    1.33207e+05    9.55663e+04    2.07306e+03   -2.77358e+02
          LJ-14     Coulomb-14        LJ (SR)   Coulomb (SR)   Coul. recip.
    2.10160e+04    1.37679e+05    6.83235e+04   -2.05753e+06    6.78831e+03
 Position Rest.     Dih. Rest.      Potential    Kinetic En.   Total Energy
    3.80939e+02    0.00000e+00   -1.56452e+06    4.38271e+05   -1.12625e+06
  Conserved En.    Temperature Pressure (bar)   Constr. rmsd
   -1.09170e+06    3.09737e+02    1.04393e+02    0.00000e+00

           Step           Time
         208000      416.00000

   Energies (kJ/mol)
           Bond            U-B    Proper Dih.  Improper Dih.      CMAP Dih.
    2.85598e+04    1.32747e+05    9.56006e+04    2.18281e+03   -2.79909e+02
          LJ-14     Coulomb-14        LJ (SR)   Coulomb (SR)   Coul. recip.
    2.10918e+04    1.37505e+05    6.69804e+04   -2.05539e+06    6.72444e+03
 Position Rest.     Dih. Rest.      Potential    Kinetic En.   Total Energy
    3.95766e+02    0.00000e+00   -1.56388e+06    4.38031e+05   -1.12585e+06
  Conserved En.    Temperature Pressure (bar)   Constr. rmsd
   -1.09125e+06    3.09567e+02   -4.75028e+01    0.00000e+00

           Step           Time
         209000      418.00000

   Energies (kJ/mol)
           Bond            U-B    Proper Dih.  Improper Dih.      CMAP Dih.
    2.83443e+04    1.32931e+05    9.53325e+04    2.06635e+03   -2.24682e+02
          LJ-14     Coulomb-14        LJ (SR)   Coulomb (SR)   Coul. recip.
    2.11312e+04    1.38533e+05    6.66676e+04   -2.05563e+06    6.68742e+03
 Position Rest.     Dih. Rest.      Potential    Kinetic En.   Total Energy
    4.17427e+02    0.00000e+00   -1.56374e+06    4.37178e+05   -1.12656e+06
  Conserved En.    Temperature Pressure (bar)   Constr. rmsd
   -1.09107e+06    3.08964e+02   -1.51325e+02    0.00000e+00

           Step           Time
         210000      420.00000

   Energies (kJ/mol)
           Bond            U-B    Proper Dih.  Improper Dih.      CMAP Dih.
    2.81100e+04    1.32384e+05    9.57602e+04    2.02542e+03   -3.80342e+02
          LJ-14     Coulomb-14        LJ (SR)   Coulomb (SR)   Coul. recip.
    2.11859e+04    1.38914e+05    6.75343e+04   -2.05724e+06    6.73753e+03
 Position Rest.     Dih. Rest.      Potential    Kinetic En.   Total Energy
    4.36469e+02    0.00000e+00   -1.56453e+06    4.38451e+05   -1.12608e+06
  Conserved En.    Temperature Pressure (bar)   Constr. rmsd
   -1.09097e+06    3.09864e+02   -3.07495e+01    0.00000e+00

           Step           Time
         211000      422.00000

   Energies (kJ/mol)
           Bond            U-B    Proper Dih.  Improper Dih.      CMAP Dih.
    2.89288e+04    1.32959e+05    9.51014e+04    2.16834e+03   -2.67297e+02
          LJ-14     Coulomb-14        LJ (SR)   Coulomb (SR)   Coul. recip.
    2.10302e+04    1.38405e+05    6.83698e+04   -2.05834e+06    6.79676e+03
 Position Rest.     Dih. Rest.      Potential    Kinetic En.   Total Energy
    3.87719e+02    0.00000e+00   -1.56446e+06    4.38325e+05   -1.12614e+06
  Conserved En.    Temperature Pressure (bar)   Constr. rmsd
   -1.09016e+06    3.09775e+02   -5.89653e+01    0.00000e+00

           Step           Time
         212000      424.00000

   Energies (kJ/mol)
           Bond            U-B    Proper Dih.  Improper Dih.      CMAP Dih.
    2.80444e+04    1.32414e+05    9.50567e+04    2.11747e+03   -3.30058e+02
          LJ-14     Coulomb-14        LJ (SR)   Coulomb (SR)   Coul. recip.
    2.11010e+04    1.38898e+05    6.91516e+04   -2.06048e+06    6.68176e+03
 Position Rest.     Dih. Rest.      Potential    Kinetic En.   Total Energy
    4.06439e+02    0.00000e+00   -1.56694e+06    4.38143e+05   -1.12880e+06
  Conserved En.    Temperature Pressure (bar)   Constr. rmsd
   -1.09032e+06    3.09646e+02    1.52470e+02    0.00000e+00

           Step           Time
         213000      426.00000

   Energies (kJ/mol)
           Bond            U-B    Proper Dih.  Improper Dih.      CMAP Dih.
    2.83591e+04    1.33318e+05    9.53858e+04    1.98827e+03   -3.17825e+02
          LJ-14     Coulomb-14        LJ (SR)   Coulomb (SR)   Coul. recip.
    2.09823e+04    1.38116e+05    6.69838e+04   -2.05738e+06    6.76304e+03
 Position Rest.     Dih. Rest.      Potential    Kinetic En.   Total Energy
    3.95915e+02    0.00000e+00   -1.56541e+06    4.36254e+05   -1.12916e+06
  Conserved En.    Temperature Pressure (bar)   Constr. rmsd
   -1.09024e+06    3.08311e+02   -8.44182e+01    0.00000e+00

           Step           Time
         214000      428.00000

   Energies (kJ/mol)
           Bond            U-B    Proper Dih.  Improper Dih.      CMAP Dih.
    2.83518e+04    1.32012e+05    9.49507e+04    2.12059e+03   -4.56220e+02
          LJ-14     Coulomb-14        LJ (SR)   Coulomb (SR)   Coul. recip.
    2.12227e+04    1.38265e+05    6.86522e+04   -2.06056e+06    6.77352e+03
 Position Rest.     Dih. Rest.      Potential    Kinetic En.   Total Energy
    3.72597e+02    0.00000e+00   -1.56830e+06    4.37059e+05   -1.13124e+06
  Conserved En.    Temperature Pressure (bar)   Constr. rmsd
   -1.09008e+06    3.08880e+02    6.48367e+01    0.00000e+00

           Step           Time
         215000      430.00000

   Energies (kJ/mol)
           Bond            U-B    Proper Dih.  Improper Dih.      CMAP Dih.
    2.85523e+04    1.32930e+05    9.52206e+04    2.08616e+03   -2.36308e+02
          LJ-14     Coulomb-14        LJ (SR)   Coulomb (SR)   Coul. recip.
    2.08467e+04    1.38138e+05    6.69823e+04   -2.05646e+06    6.65374e+03
 Position Rest.     Dih. Rest.      Potential    Kinetic En.   Total Energy
    4.17750e+02    0.00000e+00   -1.56486e+06    4.39685e+05   -1.12518e+06
  Conserved En.    Temperature Pressure (bar)   Constr. rmsd
   -1.09008e+06    3.10736e+02    1.07326e-01    0.00000e+00

           Step           Time
         216000      432.00000

   Energies (kJ/mol)
           Bond            U-B    Proper Dih.  Improper Dih.      CMAP Dih.
    2.83947e+04    1.33261e+05    9.50997e+04    2.19037e+03   -3.66725e+02
          LJ-14     Coulomb-14        LJ (SR)   Coulomb (SR)   Coul. recip.
    2.13385e+04    1.37854e+05    6.64032e+04   -2.05262e+06    6.74034e+03
 Position Rest.     Dih. Rest.      Potential    Kinetic En.   Total Energy
    4.45350e+02    0.00000e+00   -1.56126e+06    4.38340e+05   -1.12292e+06
  Conserved En.    Temperature Pressure (bar)   Constr. rmsd
   -1.09039e+06    3.09785e+02   -4.19927e+01    0.00000e+00

           Step           Time
         217000      434.00000

   Energies (kJ/mol)
           Bond            U-B    Proper Dih.  Improper Dih.      CMAP Dih.
    2.82494e+04    1.33027e+05    9.49237e+04    2.09711e+03   -2.72995e+02
          LJ-14     Coulomb-14        LJ (SR)   Coulomb (SR)   Coul. recip.
    2.10828e+04    1.37915e+05    6.70026e+04   -2.05524e+06    6.83949e+03
 Position Rest.     Dih. Rest.      Potential    Kinetic En.   Total Energy
    4.16986e+02    0.00000e+00   -1.56396e+06    4.38719e+05   -1.12524e+06
  Conserved En.    Temperature Pressure (bar)   Constr. rmsd
   -1.09031e+06    3.10053e+02   -3.17100e+01    0.00000e+00

           Step           Time
         218000      436.00000

   Energies (kJ/mol)
           Bond            U-B    Proper Dih.  Improper Dih.      CMAP Dih.
    2.82130e+04    1.33496e+05    9.51266e+04    1.98990e+03   -3.67591e+02
          LJ-14     Coulomb-14        LJ (SR)   Coulomb (SR)   Coul. recip.
    2.14548e+04    1.38027e+05    6.67530e+04   -2.05566e+06    6.57942e+03
 Position Rest.     Dih. Rest.      Potential    Kinetic En.   Total Energy
    4.00602e+02    0.00000e+00   -1.56399e+06    4.40014e+05   -1.12397e+06
  Conserved En.    Temperature Pressure (bar)   Constr. rmsd
   -1.09023e+06    3.10968e+02    7.97869e+01    0.00000e+00

           Step           Time
         219000      438.00000

   Energies (kJ/mol)
           Bond            U-B    Proper Dih.  Improper Dih.      CMAP Dih.
    2.87304e+04    1.33949e+05    9.51655e+04    2.05042e+03   -3.51566e+02
          LJ-14     Coulomb-14        LJ (SR)   Coulomb (SR)   Coul. recip.
    2.10337e+04    1.38122e+05    6.85333e+04   -2.05596e+06    6.67792e+03
 Position Rest.     Dih. Rest.      Potential    Kinetic En.   Total Energy
    4.34178e+02    0.00000e+00   -1.56161e+06    4.38982e+05   -1.12263e+06
  Conserved En.    Temperature Pressure (bar)   Constr. rmsd
   -1.08984e+06    3.10239e+02   -4.28416e+01    0.00000e+00

           Step           Time
         220000      440.00000

   Energies (kJ/mol)
           Bond            U-B    Proper Dih.  Improper Dih.      CMAP Dih.
    2.82507e+04    1.32138e+05    9.52659e+04    2.04699e+03   -2.07166e+02
          LJ-14     Coulomb-14        LJ (SR)   Coulomb (SR)   Coul. recip.
    2.10775e+04    1.38626e+05    6.90289e+04   -2.05828e+06    6.72288e+03
 Position Rest.     Dih. Rest.      Potential    Kinetic En.   Total Energy
    4.16858e+02    0.00000e+00   -1.56491e+06    4.40708e+05   -1.12420e+06
  Conserved En.    Temperature Pressure (bar)   Constr. rmsd
   -1.08958e+06    3.11459e+02    9.68109e+01    0.00000e+00

           Step           Time
         221000      442.00000

   Energies (kJ/mol)
           Bond            U-B    Proper Dih.  Improper Dih.      CMAP Dih.
    2.86416e+04    1.32036e+05    9.51093e+04    2.14378e+03   -2.33735e+02
          LJ-14     Coulomb-14        LJ (SR)   Coulomb (SR)   Coul. recip.
    2.10986e+04    1.38218e+05    6.69289e+04   -2.05675e+06    6.89745e+03
 Position Rest.     Dih. Rest.      Potential    Kinetic En.   Total Energy
    4.70239e+02    0.00000e+00   -1.56544e+06    4.38442e+05   -1.12699e+06
  Conserved En.    Temperature Pressure (bar)   Constr. rmsd
   -1.08932e+06    3.09858e+02    2.60458e+01    0.00000e+00

           Step           Time
         222000      444.00000

   Energies (kJ/mol)
           Bond            U-B    Proper Dih.  Improper Dih.      CMAP Dih.
    2.81868e+04    1.32675e+05    9.53612e+04    2.13302e+03   -1.96747e+02
          LJ-14     Coulomb-14        LJ (SR)   Coulomb (SR)   Coul. recip.
    2.10772e+04    1.38560e+05    6.89522e+04   -2.05689e+06    6.68516e+03
 Position Rest.     Dih. Rest.      Potential    Kinetic En.   Total Energy
    4.42792e+02    0.00000e+00   -1.56301e+06    4.36975e+05   -1.12604e+06
  Conserved En.    Temperature Pressure (bar)   Constr. rmsd
   -1.08971e+06    3.08820e+02    7.19510e+01    0.00000e+00

           Step           Time
         223000      446.00000

   Energies (kJ/mol)
           Bond            U-B    Proper Dih.  Improper Dih.      CMAP Dih.
    2.81520e+04    1.32656e+05    9.52523e+04    2.10506e+03   -2.10510e+02
          LJ-14     Coulomb-14        LJ (SR)   Coulomb (SR)   Coul. recip.
    2.12585e+04    1.38385e+05    6.79671e+04   -2.05521e+06    6.77513e+03
 Position Rest.     Dih. Rest.      Potential    Kinetic En.   Total Energy
    4.19727e+02    0.00000e+00   -1.56245e+06    4.39718e+05   -1.12273e+06
  Conserved En.    Temperature Pressure (bar)   Constr. rmsd
   -1.08996e+06    3.10759e+02    6.11240e+00    0.00000e+00

           Step           Time
         224000      448.00000

   Energies (kJ/mol)
           Bond            U-B    Proper Dih.  Improper Dih.      CMAP Dih.
    2.85142e+04    1.34117e+05    9.48281e+04    2.20789e+03   -3.53264e+02
          LJ-14     Coulomb-14        LJ (SR)   Coulomb (SR)   Coul. recip.
    2.09680e+04    1.37533e+05    6.71956e+04   -2.05220e+06    6.82595e+03
 Position Rest.     Dih. Rest.      Potential    Kinetic En.   Total Energy
    4.14090e+02    0.00000e+00   -1.55995e+06    4.39201e+05   -1.12075e+06
  Conserved En.    Temperature Pressure (bar)   Constr. rmsd
   -1.08975e+06    3.10394e+02   -3.05133e+01    0.00000e+00

           Step           Time
         225000      450.00000

   Energies (kJ/mol)
           Bond            U-B    Proper Dih.  Improper Dih.      CMAP Dih.
    2.87094e+04    1.33548e+05    9.51098e+04    1.99111e+03   -3.39734e+02
          LJ-14     Coulomb-14        LJ (SR)   Coulomb (SR)   Coul. recip.
    2.10686e+04    1.37998e+05    6.63293e+04   -2.05278e+06    6.79883e+03
 Position Rest.     Dih. Rest.      Potential    Kinetic En.   Total Energy
    4.07795e+02    0.00000e+00   -1.56116e+06    4.39728e+05   -1.12144e+06
  Conserved En.    Temperature Pressure (bar)   Constr. rmsd
   -1.08966e+06    3.10766e+02   -1.45031e+02    0.00000e+00

           Step           Time
         226000      452.00000

   Energies (kJ/mol)
           Bond            U-B    Proper Dih.  Improper Dih.      CMAP Dih.
    2.83826e+04    1.33846e+05    9.51633e+04    2.06261e+03   -2.58715e+02
          LJ-14     Coulomb-14        LJ (SR)   Coulomb (SR)   Coul. recip.
    2.07864e+04    1.38131e+05    6.85892e+04   -2.05663e+06    6.82275e+03
 Position Rest.     Dih. Rest.      Potential    Kinetic En.   Total Energy
    4.31413e+02    0.00000e+00   -1.56267e+06    4.40336e+05   -1.12233e+06
  Conserved En.    Temperature Pressure (bar)   Constr. rmsd
   -1.08881e+06    3.11196e+02   -7.77645e+01    0.00000e+00

           Step           Time
         227000      454.00000

   Energies (kJ/mol)
           Bond            U-B    Proper Dih.  Improper Dih.      CMAP Dih.
    2.85654e+04    1.32804e+05    9.52985e+04    2.03407e+03   -3.11029e+02
          LJ-14     Coulomb-14        LJ (SR)   Coulomb (SR)   Coul. recip.
    2.11165e+04    1.38609e+05    6.81081e+04   -2.05643e+06    6.78567e+03
 Position Rest.     Dih. Rest.      Potential    Kinetic En.   Total Energy
    4.26558e+02    0.00000e+00   -1.56299e+06    4.38662e+05   -1.12433e+06
  Conserved En.    Temperature Pressure (bar)   Constr. rmsd
   -1.08850e+06    3.10013e+02   -5.53392e+01    0.00000e+00

           Step           Time
         228000      456.00000

   Energies (kJ/mol)
           Bond            U-B    Proper Dih.  Improper Dih.      CMAP Dih.
    2.76838e+04    1.33202e+05    9.53071e+04    2.15382e+03   -3.12555e+02
          LJ-14     Coulomb-14        LJ (SR)   Coulomb (SR)   Coul. recip.
    2.10189e+04    1.38566e+05    6.60149e+04   -2.05442e+06    6.81209e+03
 Position Rest.     Dih. Rest.      Potential    Kinetic En.   Total Energy
    4.50601e+02    0.00000e+00   -1.56352e+06    4.39860e+05   -1.12366e+06
  Conserved En.    Temperature Pressure (bar)   Constr. rmsd
   -1.08833e+06    3.10860e+02   -1.68846e+01    0.00000e+00

           Step           Time
         229000      458.00000

   Energies (kJ/mol)
           Bond            U-B    Proper Dih.  Improper Dih.      CMAP Dih.
    2.82722e+04    1.32815e+05    9.52646e+04    2.08620e+03   -2.95902e+02
          LJ-14     Coulomb-14        LJ (SR)   Coulomb (SR)   Coul. recip.
    2.10750e+04    1.38937e+05    6.89707e+04   -2.05719e+06    6.59829e+03
 Position Rest.     Dih. Rest.      Potential    Kinetic En.   Total Energy
    4.30396e+02    0.00000e+00   -1.56304e+06    4.39460e+05   -1.12358e+06
  Conserved En.    Temperature Pressure (bar)   Constr. rmsd
   -1.08814e+06    3.10577e+02    1.08935e+02    0.00000e+00

           Step           Time
         230000      460.00000

   Energies (kJ/mol)
           Bond            U-B    Proper Dih.  Improper Dih.      CMAP Dih.
    2.83929e+04    1.33259e+05    9.51338e+04    2.22070e+03   -3.07614e+02
          LJ-14     Coulomb-14        LJ (SR)   Coulomb (SR)   Coul. recip.
    2.09076e+04    1.38889e+05    6.68116e+04   -2.05523e+06    6.76659e+03
 Position Rest.     Dih. Rest.      Potential    Kinetic En.   Total Energy
    4.23427e+02    0.00000e+00   -1.56273e+06    4.39939e+05   -1.12279e+06
  Conserved En.    Temperature Pressure (bar)   Constr. rmsd
   -1.08790e+06    3.10916e+02    8.27455e+01    0.00000e+00

           Step           Time
         231000      462.00000

   Energies (kJ/mol)
           Bond            U-B    Proper Dih.  Improper Dih.      CMAP Dih.
    2.84374e+04    1.33148e+05    9.50466e+04    2.03972e+03   -3.13485e+02
          LJ-14     Coulomb-14        LJ (SR)   Coulomb (SR)   Coul. recip.
    2.13723e+04    1.38068e+05    6.67913e+04   -2.05445e+06    6.70278e+03
 Position Rest.     Dih. Rest.      Potential    Kinetic En.   Total Energy
    4.51155e+02    0.00000e+00   -1.56270e+06    4.39428e+05   -1.12327e+06
  Conserved En.    Temperature Pressure (bar)   Constr. rmsd
   -1.08799e+06    3.10554e+02    2.83756e+01    0.00000e+00

Writing checkpoint, step 231400 at Sun Feb  8 20:48:58 2026


           Step           Time
         232000      464.00000

   Energies (kJ/mol)
           Bond            U-B    Proper Dih.  Improper Dih.      CMAP Dih.
    2.86420e+04    1.33291e+05    9.53995e+04    2.14823e+03   -3.25979e+02
          LJ-14     Coulomb-14        LJ (SR)   Coulomb (SR)   Coul. recip.
    2.09268e+04    1.38626e+05    6.73705e+04   -2.05530e+06    6.73483e+03
 Position Rest.     Dih. Rest.      Potential    Kinetic En.   Total Energy
    4.27362e+02    0.00000e+00   -1.56206e+06    4.41246e+05   -1.12082e+06
  Conserved En.    Temperature Pressure (bar)   Constr. rmsd
   -1.08783e+06    3.11839e+02   -9.00912e+01    0.00000e+00

           Step           Time
         233000      466.00000

   Energies (kJ/mol)
           Bond            U-B    Proper Dih.  Improper Dih.      CMAP Dih.
    2.86270e+04    1.34209e+05    9.54025e+04    2.09810e+03   -3.28930e+02
          LJ-14     Coulomb-14        LJ (SR)   Coulomb (SR)   Coul. recip.
    2.10642e+04    1.38812e+05    6.78397e+04   -2.05881e+06    6.75945e+03
 Position Rest.     Dih. Rest.      Potential    Kinetic En.   Total Energy
    4.02640e+02    0.00000e+00   -1.56392e+06    4.38883e+05   -1.12504e+06
  Conserved En.    Temperature Pressure (bar)   Constr. rmsd
   -1.08724e+06    3.10169e+02   -1.46645e+02    0.00000e+00

           Step           Time
         234000      468.00000

   Energies (kJ/mol)
           Bond            U-B    Proper Dih.  Improper Dih.      CMAP Dih.
    2.83963e+04    1.32343e+05    9.47642e+04    2.16408e+03   -3.38480e+02
          LJ-14     Coulomb-14        LJ (SR)   Coulomb (SR)   Coul. recip.
    2.12474e+04    1.39324e+05    6.75868e+04   -2.05855e+06    6.82954e+03
 Position Rest.     Dih. Rest.      Potential    Kinetic En.   Total Energy
    4.04133e+02    0.00000e+00   -1.56583e+06    4.39368e+05   -1.12647e+06
  Conserved En.    Temperature Pressure (bar)   Constr. rmsd
   -1.08752e+06    3.10512e+02    8.01422e+01    0.00000e+00

           Step           Time
         235000      470.00000

   Energies (kJ/mol)
           Bond            U-B    Proper Dih.  Improper Dih.      CMAP Dih.
    2.85724e+04    1.32910e+05    9.52115e+04    2.07369e+03   -2.40359e+02
          LJ-14     Coulomb-14        LJ (SR)   Coulomb (SR)   Coul. recip.
    2.12788e+04    1.38530e+05    6.88261e+04   -2.05737e+06    6.62626e+03
 Position Rest.     Dih. Rest.      Potential    Kinetic En.   Total Energy
    4.42434e+02    0.00000e+00   -1.56314e+06    4.39430e+05   -1.12371e+06
  Conserved En.    Temperature Pressure (bar)   Constr. rmsd
   -1.08720e+06    3.10556e+02    1.77955e+02    0.00000e+00

           Step           Time
         236000      472.00000

   Energies (kJ/mol)
           Bond            U-B    Proper Dih.  Improper Dih.      CMAP Dih.
    2.85573e+04    1.33824e+05    9.53236e+04    2.09771e+03   -2.12031e+02
          LJ-14     Coulomb-14        LJ (SR)   Coulomb (SR)   Coul. recip.
    2.09102e+04    1.37881e+05    6.64902e+04   -2.05467e+06    6.77213e+03
 Position Rest.     Dih. Rest.      Potential    Kinetic En.   Total Energy
    4.31948e+02    0.00000e+00   -1.56259e+06    4.39595e+05   -1.12300e+06
  Conserved En.    Temperature Pressure (bar)   Constr. rmsd
   -1.08708e+06    3.10672e+02   -6.94446e+01    0.00000e+00

           Step           Time
         237000      474.00000

   Energies (kJ/mol)
           Bond            U-B    Proper Dih.  Improper Dih.      CMAP Dih.
    2.86071e+04    1.32704e+05    9.56350e+04    2.14132e+03   -2.83490e+02
          LJ-14     Coulomb-14        LJ (SR)   Coulomb (SR)   Coul. recip.
    2.13168e+04    1.38449e+05    6.78282e+04   -2.05608e+06    6.83221e+03
 Position Rest.     Dih. Rest.      Potential    Kinetic En.   Total Energy
    4.13294e+02    0.00000e+00   -1.56244e+06    4.41834e+05   -1.12061e+06
  Conserved En.    Temperature Pressure (bar)   Constr. rmsd
   -1.08740e+06    3.12254e+02   -3.40119e+01    0.00000e+00

           Step           Time
         238000      476.00000

   Energies (kJ/mol)
           Bond            U-B    Proper Dih.  Improper Dih.      CMAP Dih.
    2.85981e+04    1.33802e+05    9.54390e+04    2.07580e+03   -3.02208e+02
          LJ-14     Coulomb-14        LJ (SR)   Coulomb (SR)   Coul. recip.
    2.08615e+04    1.38447e+05    6.57732e+04   -2.05392e+06    6.75137e+03
 Position Rest.     Dih. Rest.      Potential    Kinetic En.   Total Energy
    4.16983e+02    0.00000e+00   -1.56206e+06    4.41786e+05   -1.12027e+06
  Conserved En.    Temperature Pressure (bar)   Constr. rmsd
   -1.08714e+06    3.12221e+02    1.64755e+01    0.00000e+00

           Step           Time
         239000      478.00000

   Energies (kJ/mol)
           Bond            U-B    Proper Dih.  Improper Dih.      CMAP Dih.
    2.87595e+04    1.32647e+05    9.54080e+04    2.02983e+03   -2.64044e+02
          LJ-14     Coulomb-14        LJ (SR)   Coulomb (SR)   Coul. recip.
    2.13109e+04    1.38395e+05    6.79445e+04   -2.05618e+06    6.65879e+03
 Position Rest.     Dih. Rest.      Potential    Kinetic En.   Total Energy
    4.03314e+02    0.00000e+00   -1.56289e+06    4.38221e+05   -1.12467e+06
  Conserved En.    Temperature Pressure (bar)   Constr. rmsd
   -1.08655e+06    3.09701e+02   -8.79188e+01    0.00000e+00

           Step           Time
         240000      480.00000

   Energies (kJ/mol)
           Bond            U-B    Proper Dih.  Improper Dih.      CMAP Dih.
    2.85963e+04    1.32675e+05    9.50362e+04    2.01023e+03   -3.70604e+02
          LJ-14     Coulomb-14        LJ (SR)   Coulomb (SR)   Coul. recip.
    2.11970e+04    1.38172e+05    6.59430e+04   -2.05332e+06    6.75248e+03
 Position Rest.     Dih. Rest.      Potential    Kinetic En.   Total Energy
    4.27166e+02    0.00000e+00   -1.56288e+06    4.39014e+05   -1.12387e+06
  Conserved En.    Temperature Pressure (bar)   Constr. rmsd
   -1.08671e+06    3.10262e+02   -4.29390e+01    0.00000e+00

           Step           Time
         241000      482.00000

   Energies (kJ/mol)
           Bond            U-B    Proper Dih.  Improper Dih.      CMAP Dih.
    2.88127e+04    1.33334e+05    9.55648e+04    2.03484e+03   -3.14236e+02
          LJ-14     Coulomb-14        LJ (SR)   Coulomb (SR)   Coul. recip.
    2.11987e+04    1.39158e+05    6.84980e+04   -2.05718e+06    6.76851e+03
 Position Rest.     Dih. Rest.      Potential    Kinetic En.   Total Energy
    4.28011e+02    0.00000e+00   -1.56169e+06    4.38833e+05   -1.12286e+06
  Conserved En.    Temperature Pressure (bar)   Constr. rmsd
   -1.08703e+06    3.10133e+02   -1.98172e+01    0.00000e+00

           Step           Time
         242000      484.00000

   Energies (kJ/mol)
           Bond            U-B    Proper Dih.  Improper Dih.      CMAP Dih.
    2.84236e+04    1.33168e+05    9.53599e+04    2.09335e+03   -2.96322e+02
          LJ-14     Coulomb-14        LJ (SR)   Coulomb (SR)   Coul. recip.
    2.09678e+04    1.38501e+05    6.71650e+04   -2.05642e+06    6.85461e+03
 Position Rest.     Dih. Rest.      Potential    Kinetic En.   Total Energy
    4.02884e+02    0.00000e+00   -1.56378e+06    4.40439e+05   -1.12334e+06
  Conserved En.    Temperature Pressure (bar)   Constr. rmsd
   -1.08630e+06    3.11268e+02   -6.63408e+01    0.00000e+00

           Step           Time
         243000      486.00000

   Energies (kJ/mol)
           Bond            U-B    Proper Dih.  Improper Dih.      CMAP Dih.
    2.84652e+04    1.32756e+05    9.53879e+04    2.12213e+03   -2.64543e+02
          LJ-14     Coulomb-14        LJ (SR)   Coulomb (SR)   Coul. recip.
    2.11944e+04    1.38721e+05    6.86996e+04   -2.05824e+06    6.67495e+03
 Position Rest.     Dih. Rest.      Potential    Kinetic En.   Total Energy
    4.36838e+02    0.00000e+00   -1.56405e+06    4.39582e+05   -1.12446e+06
  Conserved En.    Temperature Pressure (bar)   Constr. rmsd
   -1.08596e+06    3.10663e+02    6.04841e+01    0.00000e+00

           Step           Time
         244000      488.00000

   Energies (kJ/mol)
           Bond            U-B    Proper Dih.  Improper Dih.      CMAP Dih.
    2.81057e+04    1.33346e+05    9.53745e+04    2.07611e+03   -3.36002e+02
          LJ-14     Coulomb-14        LJ (SR)   Coulomb (SR)   Coul. recip.
    2.11778e+04    1.38876e+05    6.96413e+04   -2.05950e+06    6.75866e+03
 Position Rest.     Dih. Rest.      Potential    Kinetic En.   Total Energy
    3.78706e+02    0.00000e+00   -1.56411e+06    4.37377e+05   -1.12673e+06
  Conserved En.    Temperature Pressure (bar)   Constr. rmsd
   -1.08614e+06    3.09105e+02    8.65008e+01    0.00000e+00

           Step           Time
         245000      490.00000

   Energies (kJ/mol)
           Bond            U-B    Proper Dih.  Improper Dih.      CMAP Dih.
    2.84091e+04    1.33299e+05    9.52428e+04    2.14983e+03   -3.53543e+02
          LJ-14     Coulomb-14        LJ (SR)   Coulomb (SR)   Coul. recip.
    2.13125e+04    1.39364e+05    6.57031e+04   -2.05537e+06    6.75340e+03
 Position Rest.     Dih. Rest.      Potential    Kinetic En.   Total Energy
    3.84300e+02    0.00000e+00   -1.56311e+06    4.38465e+05   -1.12464e+06
  Conserved En.    Temperature Pressure (bar)   Constr. rmsd
   -1.08580e+06    3.09874e+02   -2.19009e+01    0.00000e+00

           Step           Time
         246000      492.00000

   Energies (kJ/mol)
           Bond            U-B    Proper Dih.  Improper Dih.      CMAP Dih.
    2.92295e+04    1.32650e+05    9.53465e+04    2.12394e+03   -3.28488e+02
          LJ-14     Coulomb-14        LJ (SR)   Coulomb (SR)   Coul. recip.
    2.09344e+04    1.39324e+05    6.60449e+04   -2.05483e+06    6.71302e+03
 Position Rest.     Dih. Rest.      Potential    Kinetic En.   Total Energy
    4.26830e+02    0.00000e+00   -1.56237e+06    4.41164e+05   -1.12120e+06
  Conserved En.    Temperature Pressure (bar)   Constr. rmsd
   -1.08494e+06    3.11781e+02   -1.59484e+02    0.00000e+00

           Step           Time
         247000      494.00000

   Energies (kJ/mol)
           Bond            U-B    Proper Dih.  Improper Dih.      CMAP Dih.
    2.86835e+04    1.33809e+05    9.50918e+04    1.87947e+03   -2.73377e+02
          LJ-14     Coulomb-14        LJ (SR)   Coulomb (SR)   Coul. recip.
    2.09149e+04    1.38224e+05    6.63582e+04   -2.05429e+06    6.78432e+03
 Position Rest.     Dih. Rest.      Potential    Kinetic En.   Total Energy
    4.18994e+02    0.00000e+00   -1.56240e+06    4.39259e+05   -1.12314e+06
  Conserved En.    Temperature Pressure (bar)   Constr. rmsd
   -1.08447e+06    3.10435e+02   -6.08592e+01    0.00000e+00

           Step           Time
         248000      496.00000

   Energies (kJ/mol)
           Bond            U-B    Proper Dih.  Improper Dih.      CMAP Dih.
    2.82108e+04    1.34150e+05    9.59509e+04    2.11462e+03   -3.77007e+02
          LJ-14     Coulomb-14        LJ (SR)   Coulomb (SR)   Coul. recip.
    2.09189e+04    1.38271e+05    6.68417e+04   -2.05549e+06    6.80211e+03
 Position Rest.     Dih. Rest.      Potential    Kinetic En.   Total Energy
    4.04515e+02    0.00000e+00   -1.56221e+06    4.40308e+05   -1.12190e+06
  Conserved En.    Temperature Pressure (bar)   Constr. rmsd
   -1.08495e+06    3.11176e+02    2.75994e+01    0.00000e+00

           Step           Time
         249000      498.00000

   Energies (kJ/mol)
           Bond            U-B    Proper Dih.  Improper Dih.      CMAP Dih.
    2.83828e+04    1.33677e+05    9.52839e+04    2.09549e+03   -3.61636e+02
          LJ-14     Coulomb-14        LJ (SR)   Coulomb (SR)   Coul. recip.
    2.07978e+04    1.38573e+05    6.66750e+04   -2.05548e+06    6.80041e+03
 Position Rest.     Dih. Rest.      Potential    Kinetic En.   Total Energy
    4.06736e+02    0.00000e+00   -1.56315e+06    4.39786e+05   -1.12337e+06
  Conserved En.    Temperature Pressure (bar)   Constr. rmsd
   -1.08494e+06    3.10807e+02    5.99754e+00    0.00000e+00

           Step           Time
         250000      500.00000

Writing checkpoint, step 250000 at Sun Feb  8 20:50:10 2026


   Energies (kJ/mol)
           Bond            U-B    Proper Dih.  Improper Dih.      CMAP Dih.
    2.87118e+04    1.33498e+05    9.53617e+04    2.15270e+03   -2.41524e+02
          LJ-14     Coulomb-14        LJ (SR)   Coulomb (SR)   Coul. recip.
    2.11010e+04    1.38877e+05    6.72656e+04   -2.05420e+06    6.83856e+03
 Position Rest.     Dih. Rest.      Potential    Kinetic En.   Total Energy
    4.10179e+02    0.00000e+00   -1.56022e+06    4.40376e+05   -1.11984e+06
  Conserved En.    Temperature Pressure (bar)   Constr. rmsd
   -1.08475e+06    3.11224e+02   -2.72823e-01    0.00000e+00


Energy conservation over simulation part #1 of length 500 ps, time 0 to 500 ps
  Conserved energy drift: 4.78e-04 kJ/mol/ps per atom


	<======  ###############  ==>
	<====  A V E R A G E S  ====>
	<==  ###############  ======>

	Statistics over 250001 steps using 2501 frames

   Energies (kJ/mol)
           Bond            U-B    Proper Dih.  Improper Dih.      CMAP Dih.
    2.84883e+04    1.33091e+05    9.54563e+04    2.08934e+03   -3.07474e+02
          LJ-14     Coulomb-14        LJ (SR)   Coulomb (SR)   Coul. recip.
    2.10737e+04    1.38434e+05    6.78608e+04   -2.05687e+06    6.74821e+03
 Position Rest.     Dih. Rest.      Potential    Kinetic En.   Total Energy
    3.99665e+02    0.00000e+00   -1.56353e+06    4.38847e+05   -1.12469e+06
  Conserved En.    Temperature Pressure (bar)   Constr. rmsd
   -1.10451e+06    3.10143e+02    1.49033e+00    0.00000e+00

          Box-X          Box-Y          Box-Z
    1.06686e+01    1.06686e+01    1.36487e+01

   Total Virial (kJ/mol)
    1.44639e+05    1.24960e+02    5.76820e+02
    1.24961e+02    1.44977e+05   -2.15091e+02
    5.76832e+02   -2.15077e+02    1.49029e+05

   Pressure (bar)
    1.63682e+00   -2.06611e+00   -8.29871e+00
   -2.06613e+00   -2.82137e+00    9.98084e+00
   -8.29897e+00    9.98056e+00    5.65554e+00

         T-SOLU         T-MEMB         T-SOLV
    3.10477e+02    3.10450e+02    3.09956e+02


       P P   -   P M E   L O A D   B A L A N C I N G

 PP/PME load balancing changed the cut-off and PME settings:
           particle-particle                    PME
            rcoulomb  rlist            grid      spacing   1/beta
   initial  1.200 nm  1.204 nm      96  96 120   0.113 nm  0.384 nm
   final    1.256 nm  1.260 nm      96  96 108   0.126 nm  0.402 nm
 cost-ratio           1.15             0.90
 (note that these numbers concern only part of the total PP and PME load)


	M E G A - F L O P S   A C C O U N T I N G

 NB=Group-cutoff nonbonded kernels    NxN=N-by-N cluster Verlet kernels
 RF=Reaction-Field  VdW=Van der Waals  QSTab=quadratic-spline table
 W3=SPC/TIP3p  W4=TIP4p (single or pairs)
 V&F=Potential and force  V=Potential only  F=Force only

 Computing:                               M-Number         M-Flops  % Flops
-----------------------------------------------------------------------------
 Pair Search distance check           52650.194912      473851.754     0.0
 NxN Ewald Elec. + LJ [F]          63913987.583424  4985291031.507    98.0
 NxN Ewald Elec. + LJ [V&F]          645853.753792    83315134.239     1.6
 1,4 nonbonded interactions           35839.393357     3225545.402     0.1
 Shift-X                                398.291753        2389.751     0.0
 Bonds                                 5420.521682      319810.779     0.0
 Propers                              41933.167732     9602695.411     0.2
 Impropers                              548.502194      114088.456     0.0
 Dihedral Restr.                         73.000292       14600.058     0.0
 Pos. Restr.                            632.002528       31600.126     0.0
 Virial                                 398.404298        7171.277     0.0
 Stop-CM                                398.291753        3982.918     0.0
 P-Coupling                             398.291753        2389.751     0.0
 Calc-Ekin                              796.583506       21507.755     0.0
 CMAP                                   155.000620      263501.054     0.0
 Urey-Bradley                         25330.851323     4635545.792     0.1
-----------------------------------------------------------------------------
 Total                                              5087324846.030   100.0
-----------------------------------------------------------------------------


      R E A L   C Y C L E   A N D   T I M E   A C C O U N T I N G

On 1 MPI rank, each using 20 OpenMP threads

 Activity:              Num   Num      Call    Wall time         Giga-Cycles
                        Ranks Threads  Count      (s)         total sum    %
--------------------------------------------------------------------------------
 Neighbor search           1   20       2501      32.470       2219.521   3.3
 Launch PP GPU ops.        1   20     497501      25.021       1710.316   2.6
 Force                     1   20     250001     794.113      54282.545  81.6
 PME GPU mesh              1   20     250001      18.702       1278.411   1.9
 Wait GPU NB local         1   20     250001       0.973         66.492   0.1
 Wait GPU state copy       1   20     512503      72.448       4952.277   7.4
 NB X/F buffer ops.        1   20       2501       2.411        164.796   0.2
 Write traj.               1   20         52       0.428         29.247   0.0
 GPU constr. setup         1   20          1       0.014          0.972   0.0
 Kinetic energy            1   20       5001       4.400        300.754   0.5
 Rest                                             21.877       1495.421   2.2
--------------------------------------------------------------------------------
 Total                                           972.856      66500.752 100.0
--------------------------------------------------------------------------------
 Breakdown of PME mesh activities
--------------------------------------------------------------------------------
 Wait PME GPU gather       1   20     250001       0.044          3.007   0.0
 Reduce GPU PME F          1   20     250001       2.320        158.607   0.2
 Launch PME GPU ops.       1   20    2250009      15.913       1087.787   1.6
--------------------------------------------------------------------------------

               Core t (s)   Wall t (s)        (%)
       Time:    19456.927      972.856     2000.0
                 (ns/day)    (hour/ns)
Performance:       44.406        0.540
Finished mdrun on rank 0 Sun Feb  8 20:50:11 2026

