Strength_389,Strength_390,Strength_Combined,Quality_Score_389,Quality_Score_390,Avg_Angle_389,Avg_Angle_390,Weighted_Distance_389,Weighted_Distance_390,Compound_ID,Efficacy,Compound_Name,Pred_Linear Regression,Pred_Random Forest,Pred_Gradient Boosting,Pred_SVR
0.3211777814999137,0.2041541131076279,0.2626659473037708,0.5844189322255922,0.4150324775753253,75.18425539477452,69.45864637519044,5.932732113476972,5.262925648904826,20251115_D2_Dopa_cryoEM_rebuild,100.0,Dopa,,,,
0.1732200537462026,0.0781453320317733,0.125682692888988,0.4496961037209477,0.2215407930349755,63.50936044578796,58.95050815169255,5.868394094689523,5.826618019745445,20251130_D2_ROT_cryoEM_rebuild,98.92433867,ROT,,,,
0.2922567613139443,0.1755460957869779,0.2339014285504611,0.6112820946758397,0.3774804559662827,71.94717835930881,65.19030576828361,5.942036739040167,5.361879342689515,20251123_D2_UNC_Boltz,87.8380594,UNC,,,,
0.317931311829385,0.3778861749870265,0.3479087434082057,0.501493537995764,0.7134818734826868,75.76630833543015,75.8081639661384,6.946505921262332,5.263160616578465,20251122_D2_S10_cryoEM_rebuild,75.42082128,S10,,,,
0.3593348442924938,0.3799004348911185,0.3696176395918062,0.4865205697632488,0.6518427551230351,73.50667560802042,73.55016545201268,6.451046082686948,5.2375710465638,20251202_D2_S84_boltz,44.83229257,S84,,,,
0.3519577977655594,0.3507056728880243,0.3513317353267919,0.5657362317305882,0.7195015288463882,75.31031716166495,72.84981455927965,6.581671094218017,5.261502712931325,20251115_D2_ARI_cryoEM_rebuild,33.81247952,ARI,60.46500024064638,66.74316457750007,85.992486933273,63.49079758829495
0.4490751965757445,0.3635008134632425,0.4062880050194935,0.5828418568283976,0.6106582298313565,79.4721034604736,73.66386235960418,6.417565702796376,5.288310844013691,20251130_D2_BRE_boltz,25.17287268,BRE,314.2111089635432,71.55490239730007,85.12867393778191,60.31710904666161
