Compound,Replica,Offset,Phe389_Score_Sum_Mean,Phe390_Score_Sum_Mean,strength_389,strength_390,strength_combined,quality_score_389,quality_score_390,major_contributor_389,major_contributor_390,avg_angle_389,avg_angle_390,std_angle_389,std_angle_390
20251122_D2_S10_cryoEM_rebuild,charmm-gui-6378570975_gromacs_replicate_1,-29,2.774050448209323,3.7196042151656195,5.167489004607082e-05,7.123742953809477e-05,6.14561597920828e-05,8.967106373848251e-05,0.0001020785206439602,9,9,0.7505726360597299,0.8113141799525048,0.0938588065048683,0.07014836176856942
