Compound,Replica,Offset,Phe389_Score_Sum_Mean,Phe390_Score_Sum_Mean,strength_389,strength_390,strength_combined,quality_score_389,quality_score_390,major_contributor_389,major_contributor_390,avg_angle_389,avg_angle_390,std_angle_389,std_angle_390
20251130_D2_ROT_cryoEM_rebuild,charmm-gui-6464480808_gromacs_replicate_1,-29,1.8739545557865898,2.6277388079866926,5.76179140911219e-05,8.026413234586048e-05,6.894102321849119e-05,9.575696515933269e-05,0.00012690373824972924,2,3,0.6916843340788904,0.7645868287224477,0.1719206233056699,0.15643779281328354
