Compound,Replica,Offset,Phe389_Score_Sum_Mean,Phe390_Score_Sum_Mean,strength_389,strength_390,strength_combined,quality_score_389,quality_score_390,major_contributor_389,major_contributor_390,avg_angle_389,avg_angle_390,std_angle_389,std_angle_390
20251216_D2_LSD_cryoEM_rebuild,charmm-gui-6586065345_gromacs_replicate_3,-29,2.988016637040992,2.936765042669899,6.0669366082164865e-05,6.135445059174657e-05,6.1011908336955717e-05,0.00012507313486101413,0.0001252365999143939,4,4,0.7521956205955153,0.7055713328798626,0.18897375120877136,0.20032872126578455
