Compound,Replica,Offset,Phe389_Score_Sum_Mean,Phe390_Score_Sum_Mean,strength_389,strength_390,strength_combined,quality_score_389,quality_score_390,major_contributor_389,major_contributor_390,avg_angle_389,avg_angle_390,std_angle_389,std_angle_390
20251123_D2_UNC_Boltz,charmm-gui-6390900267_gromacs_replicate_2,-29,3.1854763612216006,2.383144023576567,6.527309846693464e-05,5.179944294913718e-05,5.8536270708035906e-05,0.00010335822001936518,9.58173975372684e-05,6,5,0.7665904933625798,0.6076238670391787,0.10521525203852138,0.18980810802498682
