Compound,Replica,Offset,Phe389_Score_Sum_Mean,Phe390_Score_Sum_Mean,strength_389,strength_390,strength_combined,quality_score_389,quality_score_390,major_contributor_389,major_contributor_390,avg_angle_389,avg_angle_390,std_angle_389,std_angle_390
20251122_D2_S10_cryoEM_rebuild,charmm-gui-6378570975_gromacs_replicate_2,-29,2.397448382084152,2.9963282847000037,4.362079367644198e-05,5.789719592444671e-05,5.075899480044434e-05,7.34502710712292e-05,0.0001165387031911715,9,9,0.6646839663754289,0.7012046787429901,0.07549102439452679,0.14779887505848274
