Compound,Replica,Offset,Phe389_Score_Sum_Mean,Phe390_Score_Sum_Mean,strength_389,strength_390,strength_combined,quality_score_389,quality_score_390,major_contributor_389,major_contributor_390,avg_angle_389,avg_angle_390,std_angle_389,std_angle_390
20251123_D2_UNC_Boltz,charmm-gui-6390900267_gromacs_replicate_3,-29,2.8504450910565433,1.593861520998154,5.911652281692764e-05,3.724918624285321e-05,4.818285452989042e-05,0.00010211498837235743,8.610490534022353e-05,3,5,0.6700428903533056,0.5078877686188101,0.20673696389691767,0.2032947944842226
