Compound,Replica,Offset,Phe389_Score_Sum_Mean,Phe390_Score_Sum_Mean,strength_389,strength_390,strength_combined,quality_score_389,quality_score_390,major_contributor_389,major_contributor_390,avg_angle_389,avg_angle_390,std_angle_389,std_angle_390
20251115_D2_Dopa_cryoEM_rebuild,charmm-gui-6633077180_gromacs_replicate_3,-35,2.5227705360738413,1.3998587293702232,6.822848446268486e-05,4.0984793142152005e-05,5.460663880241843e-05,0.00012646597005865342,7.076329556038612e-05,2,4,0.8198059265349071,0.6463121660685973,0.1059652193159186,0.20417359503429802
