Compound,Replica,Offset,Phe389_Score_Sum_Mean,Phe390_Score_Sum_Mean,strength_389,strength_390,strength_combined,quality_score_389,quality_score_390,major_contributor_389,major_contributor_390,avg_angle_389,avg_angle_390,std_angle_389,std_angle_390
20251202_D2_S84_boltz,charmm-gui-6467960487_gromacs_replicate_3,-29,2.9224673070126506,4.090229362361047,3.980259297029953e-05,6.047563088946943e-05,5.0139111929884485e-05,6.104310455342289e-05,0.00010103226755865926,2,8,0.5207390582547279,0.6684028802096531,0.07680998682525023,0.16740887398747806
